order_id,customer_id,product_id,order_date,quantity,revenue,channel
O000001,C0488,P0001,2025-09-01,3,120.9,Email
O000002,C0384,P0005,2025-09-01,1,66.32,Organic
O000003,C0233,P0014,2025-09-01,3,163.5,Paid
O000004,C0252,P0018,2025-09-01,1,87.21,Paid
O000005,C0540,P0020,2025-09-01,3,436.02,Organic
O000006,C0129,P0026,2025-09-01,1,21.87,Email
O000007,C0240,P0026,2025-09-01,3,65.61,Paid
O000008,C0367,P0027,2025-09-01,3,40.17,Organic
O000009,C0335,P0034,2025-09-01,2,107.82,Organic
O000010,C0305,P0037,2025-09-01,3,192.54,Paid
O000011,C0654,P0039,2025-09-01,1,110.51,Organic
O000012,C0207,P0008,2025-09-01,2,378.78,Paid
O000013,C0686,P0006,2025-09-01,3,262.62,Organic
O000014,C0468,P0008,2025-09-01,1,189.39,Organic
O000015,C0194,P0016,2025-09-01,3,90.9,Organic
O000016,C0171,P0012,2025-09-01,2,90.12,Organic
O000017,C0278,P0022,2025-09-01,1,41.19,Referral
O000018,C0553,P0020,2025-09-01,1,145.34,Paid
O000019,C0334,P0028,2025-09-01,2,44.4,Paid
O000020,C0026,P0031,2025-09-01,2,118.8,Organic
O000021,C0239,P0026,2025-09-01,2,43.74,Paid
O000022,C0264,P0037,2025-09-01,3,192.54,Organic
O000023,C0482,P0010,2025-09-01,3,58.2,Email
O000024,C0267,P0009,2025-09-01,3,228.84,Paid
O000025,C0525,P0019,2025-09-01,3,197.31,Referral
O000026,C0179,P0020,2025-09-01,2,290.68,Paid
O000027,C0786,P0026,2025-09-01,1,21.87,Organic
O000028,C0227,P0032,2025-09-01,3,118.86,Referral
O000029,C0073,P0029,2025-09-01,3,73.35,Organic
O000030,C0267,P0035,2025-09-01,2,120.8,Referral
O000031,C0020,P0006,2025-09-01,3,262.62,Paid
O000032,C0147,P0014,2025-09-01,3,163.5,Email
O000033,C0614,P0018,2025-09-01,2,174.42,Organic
O000034,C0276,P0021,2025-09-01,3,335.28,Email
O000035,C0042,P0022,2025-09-01,2,82.38,Organic
O000036,C0720,P0024,2025-09-01,3,285.51,Referral
O000037,C0198,P0018,2025-09-01,3,261.63,Organic
O000038,C0713,P0024,2025-09-01,1,95.17,Referral
O000039,C0338,P0028,2025-09-01,3,66.6,Organic
O000040,C0682,P0030,2025-09-01,1,27.21,Organic
O000041,C0255,P0028,2025-09-01,3,66.6,Organic
O000042,C0561,P0036,2025-09-01,2,47.46,Paid
O000043,C0667,P0040,2025-09-01,3,181.47,Organic
O000044,C0198,P0039,2025-09-01,2,221.02,Organic
O000045,C0351,P0039,2025-09-01,3,331.53,Paid
O000046,C0610,P0038,2025-09-01,2,136.74,Email
O000047,C0066,P0038,2025-09-01,1,68.37,Organic
O000048,C0659,P0003,2025-09-02,2,671.94,Email
O000049,C0790,P0005,2025-09-02,1,66.32,Paid
O000050,C0141,P0002,2025-09-02,2,534.12,Paid
O000051,C0100,P0023,2025-09-02,1,145.99,Paid
O000052,C0756,P0023,2025-09-02,1,145.99,Organic
O000053,C0129,P0019,2025-09-02,3,197.31,Email
O000054,C0371,P0024,2025-09-02,2,190.34,Organic
O000055,C0715,P0029,2025-09-02,3,73.35,Organic
O000056,C0606,P0026,2025-09-02,3,65.61,Email
O000057,C0439,P0038,2025-09-02,1,68.37,Paid
O000058,C0715,P0036,2025-09-02,1,23.73,Referral
O000059,C0453,P0035,2025-09-02,2,120.8,Organic
O000060,C0504,P0036,2025-09-02,2,47.46,Paid
O000061,C0715,P0035,2025-09-02,3,181.2,Paid
O000062,C0018,P0005,2025-09-02,3,198.96,Organic
O000063,C0416,P0007,2025-09-02,2,135.86,Paid
O000064,C0762,P0004,2025-09-02,3,545.58,Paid
O000065,C0041,P0003,2025-09-02,2,671.94,Paid
O000066,C0740,P0004,2025-09-02,3,545.58,Referral
O000067,C0645,P0009,2025-09-02,2,152.56,Referral
O000068,C0577,P0009,2025-09-02,2,152.56,Referral
O000069,C0694,P0011,2025-09-02,2,90.86,Organic
O000070,C0334,P0012,2025-09-02,3,135.18,Referral
O000071,C0760,P0023,2025-09-02,1,145.99,Email
O000072,C0702,P0018,2025-09-02,3,261.63,Organic
O000073,C0117,P0023,2025-09-02,2,291.98,Organic
O000074,C0526,P0017,2025-09-02,1,123.28,Referral
O000075,C0188,P0040,2025-09-02,3,181.47,Referral
O000076,C0719,P0036,2025-09-02,2,47.46,Paid
O000077,C0663,P0001,2025-09-02,1,40.3,Organic
O000078,C0012,P0007,2025-09-02,2,135.86,Referral
O000079,C0575,P0005,2025-09-02,2,132.64,Organic
O000080,C0525,P0005,2025-09-02,2,132.64,Paid
O000081,C0546,P0009,2025-09-02,3,228.84,Organic
O000082,C0639,P0016,2025-09-02,1,30.3,Organic
O000083,C0594,P0013,2025-09-02,2,89.72,Paid
O000084,C0209,P0016,2025-09-02,2,60.6,Organic
O000085,C0429,P0016,2025-09-02,3,90.9,Organic
O000086,C0373,P0022,2025-09-02,3,123.57,Paid
O000087,C0535,P0026,2025-09-02,2,43.74,Organic
O000088,C0002,P0038,2025-09-02,2,136.74,Referral
O000089,C0513,P0033,2025-09-02,3,105.54,Organic
O000090,C0273,P0036,2025-09-02,3,71.19,Referral
O000091,C0781,P0008,2025-09-02,3,568.17,Organic
O000092,C0713,P0007,2025-09-02,1,67.93,Organic
O000093,C0244,P0004,2025-09-02,3,545.58,Paid
O000094,C0584,P0012,2025-09-02,3,135.18,Paid
O000095,C0118,P0010,2025-09-02,1,19.4,Organic
O000096,C0750,P0015,2025-09-02,1,55.14,Paid
O000097,C0631,P0017,2025-09-02,1,123.28,Referral
O000098,C0567,P0018,2025-09-02,3,261.63,Paid
O000099,C0052,P0029,2025-09-02,2,48.9,Referral
O000100,C0650,P0032,2025-09-02,2,79.24,Organic
O000101,C0366,P0028,2025-09-02,2,44.4,Email
O000102,C0023,P0039,2025-09-02,2,221.02,Email
O000103,C0359,P0034,2025-09-02,3,161.73,Organic
O000104,C0499,P0034,2025-09-02,3,161.73,Paid
O000105,C0398,P0005,2025-09-03,3,198.96,Email
O000106,C0305,P0008,2025-09-03,1,189.39,Organic
O000107,C0129,P0009,2025-09-03,3,228.84,Organic
O000108,C0707,P0017,2025-09-03,1,123.28,Email
O000109,C0562,P0032,2025-09-03,2,79.24,Organic
O000110,C0159,P0038,2025-09-03,2,136.74,Email
O000111,C0687,P0035,2025-09-03,3,181.2,Paid
O000112,C0716,P0036,2025-09-03,3,71.19,Organic
O000113,C0025,P0034,2025-09-03,3,161.73,Email
O000114,C0218,P0008,2025-09-03,3,568.17,Paid
O000115,C0738,P0015,2025-09-03,3,165.42,Email
O000116,C0080,P0018,2025-09-03,1,87.21,Paid
O000117,C0039,P0025,2025-09-03,3,81.03,Organic
O000118,C0420,P0025,2025-09-03,2,54.02,Email
O000119,C0139,P0029,2025-09-03,1,24.45,Referral
O000120,C0239,P0035,2025-09-03,3,181.2,Organic
O000121,C0408,P0035,2025-09-03,2,120.8,Organic
O000122,C0106,P0035,2025-09-03,1,60.4,Organic
O000123,C0069,P0001,2025-09-03,3,120.9,Organic
O000124,C0609,P0008,2025-09-03,2,378.78,Organic
O000125,C0355,P0015,2025-09-03,1,55.14,Paid
O000126,C0586,P0015,2025-09-03,3,165.42,Email
O000127,C0238,P0012,2025-09-03,1,45.06,Referral
O000128,C0545,P0018,2025-09-03,2,174.42,Email
O000129,C0643,P0003,2025-09-03,3,1007.91,Organic
O000130,C0584,P0006,2025-09-03,1,87.54,Organic
O000131,C0500,P0014,2025-09-03,3,163.5,Organic
O000132,C0328,P0012,2025-09-03,3,135.18,Paid
O000133,C0675,P0023,2025-09-03,1,145.99,Organic
O000134,C0750,P0020,2025-09-03,1,145.34,Organic
O000135,C0366,P0026,2025-09-03,1,21.87,Email
O000136,C0791,P0033,2025-09-03,1,35.18,Organic
O000137,C0279,P0005,2025-09-04,3,198.96,Organic
O000138,C0141,P0001,2025-09-04,1,40.3,Paid
O000139,C0190,P0011,2025-09-04,3,136.29,Organic
O000140,C0737,P0011,2025-09-04,2,90.86,Email
O000141,C0189,P0017,2025-09-04,3,369.84,Organic
O000142,C0700,P0022,2025-09-04,2,82.38,Email
O000143,C0562,P0020,2025-09-04,1,145.34,Paid
O000144,C0425,P0022,2025-09-04,1,41.19,Organic
O000145,C0771,P0029,2025-09-04,3,73.35,Organic
O000146,C0737,P0025,2025-09-04,3,81.03,Organic
O000147,C0349,P0031,2025-09-04,1,59.4,Organic
O000148,C0415,P0035,2025-09-04,1,60.4,Organic
O000149,C0792,P0034,2025-09-04,1,53.91,Email
O000150,C0735,P0006,2025-09-04,2,175.08,Organic
O000151,C0727,P0005,2025-09-04,3,198.96,Organic
O000152,C0778,P0008,2025-09-04,3,568.17,Paid
O000153,C0724,P0007,2025-09-04,3,203.79,Paid
O000154,C0265,P0014,2025-09-04,1,54.5,Organic
O000155,C0770,P0010,2025-09-04,3,58.2,Organic
O000156,C0489,P0025,2025-09-04,1,27.01,Paid
O000157,C0082,P0027,2025-09-04,3,40.17,Organic
O000158,C0585,P0031,2025-09-04,1,59.4,Organic
O000159,C0430,P0027,2025-09-04,3,40.17,Organic
O000160,C0144,P0027,2025-09-04,3,40.17,Referral
O000161,C0712,P0025,2025-09-04,2,54.02,Paid
O000162,C0759,P0028,2025-09-04,1,22.2,Email
O000163,C0038,P0025,2025-09-04,3,81.03,Organic
O000164,C0387,P0028,2025-09-04,2,44.4,Organic
O000165,C0022,P0040,2025-09-04,1,60.49,Organic
O000166,C0680,P0033,2025-09-04,3,105.54,Email
O000167,C0728,P0040,2025-09-04,1,60.49,Referral
O000168,C0568,P0001,2025-09-04,3,120.9,Paid
O000169,C0002,P0008,2025-09-04,1,189.39,Organic
O000170,C0058,P0007,2025-09-04,1,67.93,Organic
O000171,C0578,P0011,2025-09-04,2,90.86,Email
O000172,C0435,P0012,2025-09-04,3,135.18,Paid
O000173,C0421,P0011,2025-09-04,1,45.43,Organic
O000174,C0579,P0028,2025-09-04,2,44.4,Organic
O000175,C0575,P0029,2025-09-04,2,48.9,Organic
O000176,C0629,P0032,2025-09-04,1,39.62,Organic
O000177,C0765,P0029,2025-09-04,3,73.35,Organic
O000178,C0513,P0029,2025-09-04,1,24.45,Paid
O000179,C0269,P0040,2025-09-04,3,181.47,Organic
O000180,C0284,P0033,2025-09-04,1,35.18,Paid
O000181,C0675,P0004,2025-09-04,3,545.58,Referral
O000182,C0053,P0013,2025-09-04,2,89.72,Email
O000183,C0266,P0022,2025-09-04,2,82.38,Organic
O000184,C0053,P0019,2025-09-04,3,197.31,Email
O000185,C0478,P0028,2025-09-04,3,66.6,Organic
O000186,C0643,P0025,2025-09-04,3,81.03,Paid
O000187,C0198,P0031,2025-09-04,1,59.4,Paid
O000188,C0089,P0038,2025-09-04,2,136.74,Paid
O000189,C0042,P0037,2025-09-04,3,192.54,Paid
O000190,C0324,P0040,2025-09-04,3,181.47,Organic
O000191,C0053,P0034,2025-09-04,1,53.91,Organic
O000192,C0066,P0037,2025-09-04,2,128.36,Organic
O000193,C0540,P0002,2025-09-05,1,267.06,Organic
O000194,C0330,P0003,2025-09-05,3,1007.91,Paid
O000195,C0716,P0004,2025-09-05,1,181.86,Organic
O000196,C0576,P0011,2025-09-05,2,90.86,Organic
O000197,C0377,P0015,2025-09-05,2,110.28,Organic
O000198,C0703,P0010,2025-09-05,3,58.2,Referral
O000199,C0184,P0010,2025-09-05,2,38.8,Organic
O000200,C0718,P0020,2025-09-05,2,290.68,Organic
O000201,C0549,P0021,2025-09-05,2,223.52,Paid
O000202,C0771,P0025,2025-09-05,2,54.02,Organic
O000203,C0321,P0032,2025-09-05,3,118.86,Organic
O000204,C0323,P0026,2025-09-05,1,21.87,Email
O000205,C0249,P0031,2025-09-05,3,178.2,Email
O000206,C0067,P0027,2025-09-05,1,13.39,Paid
O000207,C0700,P0039,2025-09-05,1,110.51,Email
O000208,C0271,P0040,2025-09-05,2,120.98,Organic
O000209,C0387,P0006,2025-09-05,3,262.62,Paid
O000210,C0475,P0007,2025-09-05,1,67.93,Organic
O000211,C0039,P0003,2025-09-05,2,671.94,Referral
O000212,C0688,P0003,2025-09-05,1,335.97,Paid
O000213,C0171,P0013,2025-09-05,3,134.58,Referral
O000214,C0150,P0013,2025-09-05,2,89.72,Paid
O000215,C0460,P0017,2025-09-05,3,369.84,Organic
O000216,C0326,P0017,2025-09-05,1,123.28,Organic
O000217,C0740,P0019,2025-09-05,3,197.31,Email
O000218,C0039,P0018,2025-09-05,1,87.21,Organic
O000219,C0144,P0030,2025-09-05,3,81.63,Paid
O000220,C0081,P0025,2025-09-05,1,27.01,Organic
O000221,C0441,P0026,2025-09-05,3,65.61,Paid
O000222,C0475,P0038,2025-09-05,3,205.11,Referral
O000223,C0090,P0033,2025-09-05,3,105.54,Organic
O000224,C0426,P0035,2025-09-05,2,120.8,Paid
O000225,C0018,P0036,2025-09-05,3,71.19,Email
O000226,C0373,P0005,2025-09-05,3,198.96,Paid
O000227,C0306,P0015,2025-09-05,3,165.42,Paid
O000228,C0238,P0010,2025-09-05,2,38.8,Organic
O000229,C0437,P0015,2025-09-05,1,55.14,Organic
O000230,C0262,P0017,2025-09-05,2,246.56,Organic
O000231,C0480,P0020,2025-09-05,1,145.34,Paid
O000232,C0745,P0017,2025-09-05,1,123.28,Email
O000233,C0459,P0032,2025-09-05,2,79.24,Paid
O000234,C0611,P0031,2025-09-05,2,118.8,Referral
O000235,C0531,P0036,2025-09-05,3,71.19,Organic
O000236,C0513,P0033,2025-09-05,2,70.36,Email
O000237,C0486,P0040,2025-09-05,1,60.49,Organic
O000238,C0541,P0008,2025-09-05,1,189.39,Organic
O000239,C0455,P0020,2025-09-05,2,290.68,Email
O000240,C0476,P0023,2025-09-05,2,291.98,Organic
O000241,C0440,P0029,2025-09-05,2,48.9,Organic
O000242,C0650,P0026,2025-09-05,3,65.61,Referral
O000243,C0620,P0026,2025-09-05,3,65.61,Paid
O000244,C0052,P0025,2025-09-05,2,54.02,Paid
O000245,C0045,P0001,2025-09-06,1,40.3,Organic
O000246,C0348,P0008,2025-09-06,2,378.78,Email
O000247,C0449,P0007,2025-09-06,1,67.93,Referral
O000248,C0303,P0010,2025-09-06,1,19.4,Email
O000249,C0367,P0015,2025-09-06,3,165.42,Organic
O000250,C0302,P0012,2025-09-06,2,90.12,Email
O000251,C0365,P0009,2025-09-06,2,152.56,Organic
O000252,C0425,P0018,2025-09-06,3,261.63,Organic
O000253,C0263,P0020,2025-09-06,3,436.02,Email
O000254,C0240,P0026,2025-09-06,3,65.61,Organic
O000255,C0453,P0032,2025-09-06,3,118.86,Paid
O000256,C0562,P0038,2025-09-06,2,136.74,Email
O000257,C0144,P0011,2025-09-06,2,90.86,Organic
O000258,C0202,P0012,2025-09-06,3,135.18,Organic
O000259,C0447,P0011,2025-09-06,1,45.43,Paid
O000260,C0762,P0020,2025-09-06,1,145.34,Paid
O000261,C0018,P0022,2025-09-06,2,82.38,Paid
O000262,C0139,P0025,2025-09-06,3,81.03,Paid
O000263,C0039,P0031,2025-09-06,2,118.8,Email
O000264,C0166,P0028,2025-09-06,1,22.2,Referral
O000265,C0693,P0008,2025-09-06,1,189.39,Organic
O000266,C0437,P0016,2025-09-06,3,90.9,Email
O000267,C0535,P0018,2025-09-06,1,87.21,Paid
O000268,C0299,P0023,2025-09-06,3,437.97,Organic
O000269,C0611,P0025,2025-09-06,1,27.01,Organic
O000270,C0429,P0025,2025-09-06,1,27.01,Paid
O000271,C0388,P0027,2025-09-06,3,40.17,Paid
O000272,C0411,P0037,2025-09-06,1,64.18,Organic
O000273,C0247,P0040,2025-09-06,3,181.47,Paid
O000274,C0480,P0040,2025-09-06,2,120.98,Paid
O000275,C0373,P0039,2025-09-06,1,110.51,Email
O000276,C0693,P0039,2025-09-06,1,110.51,Paid
O000277,C0440,P0007,2025-09-06,3,203.79,Organic
O000278,C0479,P0005,2025-09-06,2,132.64,Referral
O000279,C0131,P0007,2025-09-06,1,67.93,Paid
O000280,C0210,P0008,2025-09-06,2,378.78,Email
O000281,C0564,P0003,2025-09-06,2,671.94,Organic
O000282,C0042,P0014,2025-09-06,1,54.5,Email
O000283,C0075,P0016,2025-09-06,2,60.6,Organic
O000284,C0541,P0018,2025-09-06,3,261.63,Organic
O000285,C0473,P0024,2025-09-06,1,95.17,Paid
O000286,C0664,P0029,2025-09-06,2,48.9,Organic
O000287,C0620,P0031,2025-09-06,3,178.2,Organic
O000288,C0496,P0040,2025-09-06,3,181.47,Paid
O000289,C0042,P0035,2025-09-06,2,120.8,Paid
O000290,C0232,P0040,2025-09-06,1,60.49,Referral
O000291,C0571,P0035,2025-09-06,3,181.2,Email
O000292,C0538,P0004,2025-09-07,3,545.58,Paid
O000293,C0143,P0006,2025-09-07,1,87.54,Organic
O000294,C0776,P0006,2025-09-07,2,175.08,Paid
O000295,C0108,P0011,2025-09-07,2,90.86,Paid
O000296,C0576,P0020,2025-09-07,1,145.34,Paid
O000297,C0737,P0017,2025-09-07,1,123.28,Organic
O000298,C0129,P0019,2025-09-07,2,131.54,Organic
O000299,C0233,P0027,2025-09-07,2,26.78,Organic
O000300,C0004,P0034,2025-09-07,1,53.91,Organic
O000301,C0439,P0036,2025-09-07,1,23.73,Organic
O000302,C0640,P0001,2025-09-07,1,40.3,Paid
O000303,C0724,P0002,2025-09-07,3,801.18,Organic
O000304,C0286,P0004,2025-09-07,1,181.86,Organic
O000305,C0405,P0015,2025-09-07,3,165.42,Organic
O000306,C0566,P0014,2025-09-07,1,54.5,Organic
O000307,C0585,P0009,2025-09-07,1,76.28,Organic
O000308,C0688,P0014,2025-09-07,1,54.5,Paid
O000309,C0416,P0011,2025-09-07,2,90.86,Organic
O000310,C0029,P0018,2025-09-07,1,87.21,Paid
O000311,C0314,P0024,2025-09-07,3,285.51,Organic
O000312,C0563,P0024,2025-09-07,1,95.17,Paid
O000313,C0117,P0020,2025-09-07,1,145.34,Email
O000314,C0779,P0024,2025-09-07,1,95.17,Email
O000315,C0410,P0023,2025-09-07,2,291.98,Organic
O000316,C0177,P0023,2025-09-07,2,291.98,Paid
O000317,C0428,P0018,2025-09-07,3,261.63,Organic
O000318,C0162,P0026,2025-09-07,3,65.61,Paid
O000319,C0314,P0026,2025-09-07,2,43.74,Organic
O000320,C0158,P0027,2025-09-07,1,13.39,Organic
O000321,C0286,P0027,2025-09-07,2,26.78,Email
O000322,C0624,P0035,2025-09-07,3,181.2,Organic
O000323,C0414,P0034,2025-09-07,2,107.82,Email
O000324,C0026,P0038,2025-09-07,3,205.11,Paid
O000325,C0591,P0008,2025-09-07,2,378.78,Email
O000326,C0525,P0010,2025-09-07,1,19.4,Email
O000327,C0267,P0012,2025-09-07,3,135.18,Organic
O000328,C0083,P0015,2025-09-07,2,110.28,Email
O000329,C0238,P0020,2025-09-07,2,290.68,Organic
O000330,C0512,P0017,2025-09-07,1,123.28,Email
O000331,C0391,P0020,2025-09-07,2,290.68,Organic
O000332,C0788,P0018,2025-09-07,2,174.42,Paid
O000333,C0368,P0026,2025-09-07,2,43.74,Paid
O000334,C0058,P0028,2025-09-07,3,66.6,Referral
O000335,C0800,P0039,2025-09-07,2,221.02,Organic
O000336,C0663,P0039,2025-09-07,1,110.51,Organic
O000337,C0523,P0037,2025-09-07,3,192.54,Paid
O000338,C0714,P0006,2025-09-07,3,262.62,Organic
O000339,C0567,P0005,2025-09-07,3,198.96,Organic
O000340,C0473,P0008,2025-09-07,1,189.39,Organic
O000341,C0053,P0004,2025-09-07,3,545.58,Organic
O000342,C0479,P0004,2025-09-07,1,181.86,Paid
O000343,C0479,P0015,2025-09-07,1,55.14,Paid
O000344,C0561,P0024,2025-09-07,3,285.51,Email
O000345,C0195,P0021,2025-09-07,2,223.52,Organic
O000346,C0036,P0020,2025-09-07,2,290.68,Organic
O000347,C0075,P0020,2025-09-07,3,436.02,Organic
O000348,C0500,P0018,2025-09-07,3,261.63,Organic
O000349,C0713,P0031,2025-09-07,3,178.2,Paid
O000350,C0222,P0025,2025-09-07,1,27.01,Paid
O000351,C0614,P0026,2025-09-07,3,65.61,Paid
O000352,C0559,P0028,2025-09-07,1,22.2,Paid
O000353,C0042,P0036,2025-09-07,1,23.73,Paid
O000354,C0131,P0035,2025-09-07,3,181.2,Paid
O000355,C0148,P0039,2025-09-07,2,221.02,Paid
O000356,C0233,P0002,2025-09-08,1,267.06,Paid
O000357,C0557,P0002,2025-09-08,1,267.06,Paid
O000358,C0003,P0019,2025-09-08,3,197.31,Referral
O000359,C0233,P0017,2025-09-08,3,369.84,Organic
O000360,C0241,P0029,2025-09-08,3,73.35,Organic
O000361,C0235,P0025,2025-09-08,3,81.03,Organic
O000362,C0718,P0029,2025-09-08,3,73.35,Paid
O000363,C0537,P0028,2025-09-08,1,22.2,Organic
O000364,C0189,P0025,2025-09-08,1,27.01,Email
O000365,C0441,P0004,2025-09-08,1,181.86,Referral
O000366,C0340,P0014,2025-09-08,3,163.5,Referral
O000367,C0105,P0032,2025-09-08,3,118.86,Referral
O000368,C0420,P0031,2025-09-08,3,178.2,Email
O000369,C0103,P0028,2025-09-08,2,44.4,Organic
O000370,C0187,P0028,2025-09-08,2,44.4,Paid
O000371,C0264,P0036,2025-09-08,3,71.19,Organic
O000372,C0702,P0037,2025-09-08,3,192.54,Paid
O000373,C0677,P0006,2025-09-08,2,175.08,Organic
O000374,C0383,P0007,2025-09-08,1,67.93,Organic
O000375,C0078,P0014,2025-09-08,3,163.5,Paid
O000376,C0238,P0018,2025-09-08,1,87.21,Organic
O000377,C0009,P0018,2025-09-08,1,87.21,Organic
O000378,C0261,P0031,2025-09-08,2,118.8,Organic
O000379,C0480,P0026,2025-09-08,3,65.61,Email
O000380,C0327,P0025,2025-09-08,1,27.01,Paid
O000381,C0480,P0039,2025-09-08,3,331.53,Email
O000382,C0366,P0006,2025-09-08,1,87.54,Paid
O000383,C0532,P0005,2025-09-08,2,132.64,Referral
O000384,C0499,P0008,2025-09-08,2,378.78,Email
O000385,C0658,P0004,2025-09-08,3,545.58,Referral
O000386,C0610,P0011,2025-09-08,2,90.86,Organic
O000387,C0720,P0022,2025-09-08,2,82.38,Organic
O000388,C0604,P0037,2025-09-08,1,64.18,Paid
O000389,C0359,P0038,2025-09-08,3,205.11,Paid
O000390,C0596,P0002,2025-09-09,3,801.18,Email
O000391,C0241,P0005,2025-09-09,1,66.32,Organic
O000392,C0241,P0008,2025-09-09,3,568.17,Organic
O000393,C0311,P0005,2025-09-09,3,198.96,Paid
O000394,C0384,P0016,2025-09-09,1,30.3,Paid
O000395,C0067,P0010,2025-09-09,2,38.8,Email
O000396,C0398,P0009,2025-09-09,2,152.56,Organic
O000397,C0790,P0016,2025-09-09,2,60.6,Email
O000398,C0704,P0011,2025-09-09,3,136.29,Paid
O000399,C0799,P0023,2025-09-09,3,437.97,Organic
O000400,C0562,P0031,2025-09-09,2,118.8,Email
O000401,C0382,P0034,2025-09-09,2,107.82,Organic
O000402,C0711,P0035,2025-09-09,2,120.8,Organic
O000403,C0468,P0004,2025-09-09,1,181.86,Organic
O000404,C0038,P0003,2025-09-09,3,1007.91,Referral
O000405,C0219,P0014,2025-09-09,1,54.5,Organic
O000406,C0762,P0017,2025-09-09,2,246.56,Organic
O000407,C0218,P0024,2025-09-09,1,95.17,Organic
O000408,C0778,P0026,2025-09-09,2,43.74,Organic
O000409,C0356,P0029,2025-09-09,2,48.9,Organic
O000410,C0702,P0037,2025-09-09,3,192.54,Organic
O000411,C0278,P0033,2025-09-09,3,105.54,Organic
O000412,C0582,P0005,2025-09-09,2,132.64,Organic
O000413,C0267,P0003,2025-09-09,3,1007.91,Organic
O000414,C0579,P0007,2025-09-09,3,203.79,Paid
O000415,C0512,P0006,2025-09-09,3,262.62,Organic
O000416,C0137,P0002,2025-09-09,1,267.06,Organic
O000417,C0083,P0012,2025-09-09,2,90.12,Organic
O000418,C0373,P0014,2025-09-09,1,54.5,Organic
O000419,C0209,P0009,2025-09-09,2,152.56,Organic
O000420,C0009,P0018,2025-09-09,2,174.42,Paid
O000421,C0270,P0023,2025-09-09,3,437.97,Organic
O000422,C0693,P0028,2025-09-09,3,66.6,Organic
O000423,C0594,P0028,2025-09-09,3,66.6,Organic
O000424,C0677,P0039,2025-09-09,3,331.53,Referral
O000425,C0363,P0036,2025-09-09,2,47.46,Referral
O000426,C0047,P0035,2025-09-09,3,181.2,Email
O000427,C0285,P0005,2025-09-09,2,132.64,Organic
O000428,C0197,P0004,2025-09-09,3,545.58,Organic
O000429,C0232,P0012,2025-09-09,2,90.12,Email
O000430,C0496,P0014,2025-09-09,2,109.0,Organic
O000431,C0675,P0023,2025-09-09,1,145.99,Organic
O000432,C0675,P0017,2025-09-09,1,123.28,Organic
O000433,C0127,P0033,2025-09-09,3,105.54,Organic
O000434,C0638,P0004,2025-09-10,2,363.72,Organic
O000435,C0386,P0006,2025-09-10,1,87.54,Paid
O000436,C0562,P0002,2025-09-10,1,267.06,Paid
O000437,C0465,P0024,2025-09-10,1,95.17,Referral
O000438,C0548,P0022,2025-09-10,3,123.57,Organic
O000439,C0025,P0027,2025-09-10,1,13.39,Email
O000440,C0638,P0032,2025-09-10,1,39.62,Referral
O000441,C0596,P0026,2025-09-10,2,43.74,Email
O000442,C0321,P0037,2025-09-10,1,64.18,Organic
O000443,C0583,P0038,2025-09-10,3,205.11,Organic
O000444,C0087,P0039,2025-09-10,3,331.53,Organic
O000445,C0562,P0037,2025-09-10,2,128.36,Paid
O000446,C0553,P0004,2025-09-10,3,545.58,Organic
O000447,C0059,P0007,2025-09-10,1,67.93,Paid
O000448,C0739,P0002,2025-09-10,2,534.12,Paid
O000449,C0640,P0015,2025-09-10,2,110.28,Email
O000450,C0430,P0016,2025-09-10,3,90.9,Organic
O000451,C0242,P0016,2025-09-10,2,60.6,Paid
O000452,C0762,P0014,2025-09-10,1,54.5,Email
O000453,C0739,P0022,2025-09-10,2,82.38,Organic
O000454,C0064,P0021,2025-09-10,1,111.76,Organic
O000455,C0678,P0021,2025-09-10,1,111.76,Organic
O000456,C0218,P0027,2025-09-10,2,26.78,Email
O000457,C0171,P0034,2025-09-10,1,53.91,Paid
O000458,C0080,P0040,2025-09-10,1,60.49,Organic
O000459,C0742,P0008,2025-09-10,2,378.78,Organic
O000460,C0086,P0003,2025-09-10,2,671.94,Organic
O000461,C0570,P0007,2025-09-10,1,67.93,Email
O000462,C0163,P0002,2025-09-10,3,801.18,Paid
O000463,C0267,P0002,2025-09-10,2,534.12,Organic
O000464,C0635,P0005,2025-09-10,2,132.64,Paid
O000465,C0227,P0010,2025-09-10,3,58.2,Paid
O000466,C0411,P0014,2025-09-10,3,163.5,Paid
O000467,C0086,P0009,2025-09-10,3,228.84,Paid
O000468,C0421,P0014,2025-09-10,2,109.0,Organic
O000469,C0800,P0021,2025-09-10,2,223.52,Organic
O000470,C0135,P0017,2025-09-10,2,246.56,Organic
O000471,C0629,P0019,2025-09-10,1,65.77,Organic
O000472,C0486,P0027,2025-09-10,2,26.78,Organic
O000473,C0611,P0035,2025-09-10,2,120.8,Organic
O000474,C0451,P0036,2025-09-10,3,71.19,Organic
O000475,C0227,P0039,2025-09-10,3,331.53,Paid
O000476,C0440,P0003,2025-09-10,1,335.97,Organic
O000477,C0499,P0008,2025-09-10,1,189.39,Organic
O000478,C0266,P0016,2025-09-10,3,90.9,Paid
O000479,C0720,P0012,2025-09-10,2,90.12,Organic
O000480,C0720,P0010,2025-09-10,2,38.8,Email
O000481,C0722,P0013,2025-09-10,2,89.72,Organic
O000482,C0725,P0014,2025-09-10,1,54.5,Organic
O000483,C0584,P0016,2025-09-10,3,90.9,Organic
O000484,C0148,P0018,2025-09-10,1,87.21,Paid
O000485,C0682,P0021,2025-09-10,3,335.28,Paid
O000486,C0652,P0023,2025-09-10,1,145.99,Organic
O000487,C0458,P0028,2025-09-10,1,22.2,Organic
O000488,C0675,P0031,2025-09-10,1,59.4,Referral
O000489,C0193,P0030,2025-09-10,1,27.21,Paid
O000490,C0095,P0034,2025-09-10,2,107.82,Email
O000491,C0758,P0035,2025-09-10,1,60.4,Paid
O000492,C0178,P0039,2025-09-10,3,331.53,Email
O000493,C0701,P0040,2025-09-10,3,181.47,Organic
O000494,C0626,P0040,2025-09-10,2,120.98,Paid
O000495,C0776,P0003,2025-09-11,1,335.97,Paid
O000496,C0141,P0014,2025-09-11,2,109.0,Organic
O000497,C0715,P0010,2025-09-11,2,38.8,Organic
O000498,C0557,P0017,2025-09-11,2,246.56,Organic
O000499,C0143,P0025,2025-09-11,3,81.03,Paid
O000500,C0189,P0030,2025-09-11,2,54.42,Organic
O000501,C0268,P0030,2025-09-11,2,54.42,Paid
O000502,C0263,P0037,2025-09-11,2,128.36,Email
O000503,C0666,P0040,2025-09-11,2,120.98,Paid
O000504,C0335,P0038,2025-09-11,1,68.37,Email
O000505,C0293,P0035,2025-09-11,1,60.4,Organic
O000506,C0212,P0040,2025-09-11,3,181.47,Organic
O000507,C0245,P0036,2025-09-11,2,47.46,Organic
O000508,C0735,P0002,2025-09-11,2,534.12,Organic
O000509,C0759,P0004,2025-09-11,2,363.72,Paid
O000510,C0032,P0002,2025-09-11,2,534.12,Organic
O000511,C0322,P0002,2025-09-11,3,801.18,Email
O000512,C0242,P0007,2025-09-11,1,67.93,Paid
O000513,C0428,P0016,2025-09-11,1,30.3,Paid
O000514,C0164,P0021,2025-09-11,3,335.28,Organic
O000515,C0242,P0019,2025-09-11,3,197.31,Referral
O000516,C0229,P0020,2025-09-11,1,145.34,Organic
O000517,C0105,P0019,2025-09-11,2,131.54,Organic
O000518,C0202,P0024,2025-09-11,3,285.51,Referral
O000519,C0099,P0018,2025-09-11,1,87.21,Organic
O000520,C0511,P0030,2025-09-11,3,81.63,Referral
O000521,C0448,P0028,2025-09-11,2,44.4,Paid
O000522,C0759,P0027,2025-09-11,1,13.39,Organic
O000523,C0356,P0027,2025-09-11,1,13.39,Organic
O000524,C0082,P0031,2025-09-11,3,178.2,Organic
O000525,C0115,P0040,2025-09-11,1,60.49,Paid
O000526,C0039,P0035,2025-09-11,3,181.2,Organic
O000527,C0309,P0034,2025-09-11,1,53.91,Paid
O000528,C0485,P0037,2025-09-11,3,192.54,Email
O000529,C0762,P0034,2025-09-11,2,107.82,Email
O000530,C0615,P0034,2025-09-11,2,107.82,Paid
O000531,C0273,P0005,2025-09-11,2,132.64,Paid
O000532,C0069,P0005,2025-09-11,2,132.64,Email
O000533,C0086,P0016,2025-09-11,2,60.6,Paid
O000534,C0007,P0024,2025-09-11,2,190.34,Email
O000535,C0002,P0017,2025-09-11,3,369.84,Organic
O000536,C0216,P0027,2025-09-11,2,26.78,Paid
O000537,C0373,P0029,2025-09-11,3,73.35,Organic
O000538,C0456,P0034,2025-09-11,3,161.73,Organic
O000539,C0412,P0040,2025-09-11,3,181.47,Paid
O000540,C0216,P0034,2025-09-11,2,107.82,Paid
O000541,C0283,P0002,2025-09-11,2,534.12,Paid
O000542,C0266,P0003,2025-09-11,3,1007.91,Organic
O000543,C0710,P0004,2025-09-11,3,545.58,Organic
O000544,C0147,P0006,2025-09-11,1,87.54,Organic
O000545,C0023,P0008,2025-09-11,3,568.17,Email
O000546,C0682,P0013,2025-09-11,1,44.86,Paid
O000547,C0359,P0014,2025-09-11,3,163.5,Referral
O000548,C0325,P0017,2025-09-11,1,123.28,Paid
O000549,C0731,P0028,2025-09-11,3,66.6,Organic
O000550,C0066,P0032,2025-09-11,1,39.62,Paid
O000551,C0690,P0027,2025-09-11,3,40.17,Referral
O000552,C0127,P0039,2025-09-11,1,110.51,Organic
O000553,C0079,P0008,2025-09-12,2,378.78,Paid
O000554,C0703,P0004,2025-09-12,2,363.72,Organic
O000555,C0365,P0004,2025-09-12,1,181.86,Paid
O000556,C0108,P0004,2025-09-12,1,181.86,Paid
O000557,C0129,P0003,2025-09-12,2,671.94,Organic
O000558,C0302,P0013,2025-09-12,3,134.58,Organic
O000559,C0504,P0020,2025-09-12,1,145.34,Referral
O000560,C0136,P0023,2025-09-12,2,291.98,Organic
O000561,C0538,P0018,2025-09-12,2,174.42,Paid
O000562,C0662,P0028,2025-09-12,3,66.6,Email
O000563,C0362,P0030,2025-09-12,3,81.63,Organic
O000564,C0241,P0034,2025-09-12,1,53.91,Referral
O000565,C0715,P0039,2025-09-12,3,331.53,Organic
O000566,C0051,P0033,2025-09-12,3,105.54,Organic
O000567,C0463,P0037,2025-09-12,3,192.54,Organic
O000568,C0241,P0034,2025-09-12,3,161.73,Paid
O000569,C0548,P0040,2025-09-12,2,120.98,Paid
O000570,C0087,P0036,2025-09-12,1,23.73,Email
O000571,C0377,P0033,2025-09-12,1,35.18,Paid
O000572,C0727,P0008,2025-09-12,1,189.39,Referral
O000573,C0671,P0006,2025-09-12,2,175.08,Organic
O000574,C0286,P0002,2025-09-12,2,534.12,Organic
O000575,C0485,P0006,2025-09-12,1,87.54,Organic
O000576,C0484,P0005,2025-09-12,1,66.32,Organic
O000577,C0423,P0001,2025-09-12,2,80.6,Email
O000578,C0577,P0001,2025-09-12,3,120.9,Organic
O000579,C0329,P0011,2025-09-12,2,90.86,Organic
O000580,C0126,P0024,2025-09-12,1,95.17,Paid
O000581,C0029,P0020,2025-09-12,1,145.34,Paid
O000582,C0264,P0028,2025-09-12,2,44.4,Paid
O000583,C0724,P0025,2025-09-12,2,54.02,Organic
O000584,C0194,P0025,2025-09-12,1,27.01,Paid
O000585,C0164,P0034,2025-09-12,1,53.91,Organic
O000586,C0683,P0038,2025-09-12,2,136.74,Organic
O000587,C0309,P0039,2025-09-12,2,221.02,Organic
O000588,C0416,P0033,2025-09-12,1,35.18,Organic
O000589,C0273,P0008,2025-09-12,3,568.17,Organic
O000590,C0273,P0008,2025-09-12,3,568.17,Paid
O000591,C0508,P0003,2025-09-12,2,671.94,Email
O000592,C0012,P0014,2025-09-12,2,109.0,Organic
O000593,C0579,P0025,2025-09-12,3,81.03,Organic
O000594,C0012,P0027,2025-09-12,2,26.78,Organic
O000595,C0693,P0036,2025-09-12,3,71.19,Paid
O000596,C0411,P0038,2025-09-12,3,205.11,Organic
O000597,C0209,P0037,2025-09-12,2,128.36,Email
O000598,C0244,P0010,2025-09-12,2,38.8,Paid
O000599,C0722,P0009,2025-09-12,1,76.28,Paid
O000600,C0173,P0015,2025-09-12,3,165.42,Paid
O000601,C0255,P0017,2025-09-12,3,369.84,Paid
O000602,C0325,P0029,2025-09-12,1,24.45,Paid
O000603,C0791,P0027,2025-09-12,2,26.78,Paid
O000604,C0610,P0037,2025-09-12,3,192.54,Organic
O000605,C0725,P0038,2025-09-12,3,205.11,Paid
O000606,C0375,P0004,2025-09-13,2,363.72,Paid
O000607,C0184,P0006,2025-09-13,3,262.62,Paid
O000608,C0662,P0006,2025-09-13,1,87.54,Email
O000609,C0638,P0015,2025-09-13,1,55.14,Paid
O000610,C0279,P0015,2025-09-13,3,165.42,Email
O000611,C0641,P0020,2025-09-13,2,290.68,Email
O000612,C0599,P0023,2025-09-13,2,291.98,Paid
O000613,C0537,P0019,2025-09-13,3,197.31,Organic
O000614,C0136,P0017,2025-09-13,2,246.56,Paid
O000615,C0161,P0028,2025-09-13,2,44.4,Paid
O000616,C0799,P0025,2025-09-13,3,81.03,Organic
O000617,C0071,P0029,2025-09-13,2,48.9,Organic
O000618,C0302,P0038,2025-09-13,3,205.11,Organic
O000619,C0004,P0038,2025-09-13,1,68.37,Email
O000620,C0061,P0039,2025-09-13,1,110.51,Paid
O000621,C0071,P0038,2025-09-13,3,205.11,Paid
O000622,C0305,P0036,2025-09-13,3,71.19,Email
O000623,C0702,P0002,2025-09-13,3,801.18,Organic
O000624,C0468,P0004,2025-09-13,1,181.86,Email
O000625,C0065,P0005,2025-09-13,2,132.64,Paid
O000626,C0460,P0006,2025-09-13,3,262.62,Paid
O000627,C0464,P0019,2025-09-13,1,65.77,Organic
O000628,C0218,P0019,2025-09-13,1,65.77,Paid
O000629,C0300,P0023,2025-09-13,1,145.99,Organic
O000630,C0738,P0021,2025-09-13,3,335.28,Organic
O000631,C0229,P0031,2025-09-13,2,118.8,Email
O000632,C0702,P0029,2025-09-13,3,73.35,Organic
O000633,C0286,P0026,2025-09-13,1,21.87,Organic
O000634,C0117,P0030,2025-09-13,2,54.42,Paid
O000635,C0308,P0037,2025-09-13,1,64.18,Paid
O000636,C0733,P0039,2025-09-13,1,110.51,Paid
O000637,C0735,P0033,2025-09-13,1,35.18,Organic
O000638,C0105,P0038,2025-09-13,2,136.74,Paid
O000639,C0460,P0033,2025-09-13,2,70.36,Email
O000640,C0784,P0034,2025-09-13,1,53.91,Organic
O000641,C0472,P0033,2025-09-13,2,70.36,Organic
O000642,C0686,P0039,2025-09-13,1,110.51,Organic
O000643,C0002,P0007,2025-09-13,3,203.79,Email
O000644,C0262,P0022,2025-09-13,1,41.19,Email
O000645,C0135,P0023,2025-09-13,2,291.98,Organic
O000646,C0523,P0026,2025-09-13,2,43.74,Paid
O000647,C0618,P0031,2025-09-13,3,178.2,Organic
O000648,C0078,P0032,2025-09-13,2,79.24,Paid
O000649,C0451,P0039,2025-09-13,3,331.53,Paid
O000650,C0800,P0035,2025-09-13,1,60.4,Organic
O000651,C0690,P0006,2025-09-13,1,87.54,Referral
O000652,C0095,P0016,2025-09-13,3,90.9,Email
O000653,C0564,P0012,2025-09-13,1,45.06,Paid
O000654,C0722,P0009,2025-09-13,1,76.28,Organic
O000655,C0710,P0012,2025-09-13,1,45.06,Email
O000656,C0343,P0010,2025-09-13,2,38.8,Paid
O000657,C0336,P0014,2025-09-13,1,54.5,Referral
O000658,C0193,P0022,2025-09-13,3,123.57,Organic
O000659,C0731,P0024,2025-09-13,1,95.17,Paid
O000660,C0720,P0020,2025-09-13,3,436.02,Organic
O000661,C0319,P0026,2025-09-13,1,21.87,Referral
O000662,C0473,P0034,2025-09-13,2,107.82,Paid
O000663,C0127,P0037,2025-09-13,2,128.36,Paid
O000664,C0731,P0037,2025-09-13,1,64.18,Paid
O000665,C0147,P0035,2025-09-13,3,181.2,Organic
O000666,C0415,P0004,2025-09-14,2,363.72,Organic
O000667,C0711,P0002,2025-09-14,1,267.06,Referral
O000668,C0050,P0005,2025-09-14,1,66.32,Paid
O000669,C0067,P0009,2025-09-14,2,152.56,Referral
O000670,C0737,P0016,2025-09-14,2,60.6,Organic
O000671,C0700,P0016,2025-09-14,1,30.3,Organic
O000672,C0700,P0014,2025-09-14,1,54.5,Organic
O000673,C0469,P0009,2025-09-14,2,152.56,Paid
O000674,C0362,P0021,2025-09-14,3,335.28,Referral
O000675,C0184,P0017,2025-09-14,2,246.56,Paid
O000676,C0175,P0028,2025-09-14,2,44.4,Paid
O000677,C0108,P0034,2025-09-14,2,107.82,Organic
O000678,C0189,P0034,2025-09-14,3,161.73,Organic
O000679,C0081,P0004,2025-09-14,2,363.72,Referral
O000680,C0103,P0006,2025-09-14,2,175.08,Organic
O000681,C0080,P0005,2025-09-14,1,66.32,Email
O000682,C0779,P0007,2025-09-14,1,67.93,Email
O000683,C0441,P0012,2025-09-14,3,135.18,Paid
O000684,C0139,P0011,2025-09-14,2,90.86,Organic
O000685,C0234,P0009,2025-09-14,1,76.28,Organic
O000686,C0065,P0009,2025-09-14,1,76.28,Email
O000687,C0485,P0011,2025-09-14,1,45.43,Referral
O000688,C0158,P0009,2025-09-14,3,228.84,Email
O000689,C0229,P0012,2025-09-14,2,90.12,Referral
O000690,C0529,P0017,2025-09-14,3,369.84,Paid
O000691,C0509,P0024,2025-09-14,1,95.17,Organic
O000692,C0420,P0019,2025-09-14,3,197.31,Paid
O000693,C0573,P0020,2025-09-14,3,436.02,Referral
O000694,C0206,P0023,2025-09-14,3,437.97,Paid
O000695,C0350,P0019,2025-09-14,1,65.77,Organic
O000696,C0416,P0023,2025-09-14,1,145.99,Paid
O000697,C0308,P0024,2025-09-14,2,190.34,Organic
O000698,C0585,P0019,2025-09-14,1,65.77,Paid
O000699,C0154,P0028,2025-09-14,2,44.4,Paid
O000700,C0183,P0026,2025-09-14,3,65.61,Paid
O000701,C0694,P0025,2025-09-14,2,54.02,Paid
O000702,C0727,P0028,2025-09-14,2,44.4,Organic
O000703,C0529,P0033,2025-09-14,2,70.36,Email
O000704,C0326,P0035,2025-09-14,2,120.8,Paid
O000705,C0447,P0034,2025-09-14,2,107.82,Paid
O000706,C0457,P0037,2025-09-14,2,128.36,Paid
O000707,C0420,P0038,2025-09-14,1,68.37,Organic
O000708,C0508,P0007,2025-09-14,3,203.79,Email
O000709,C0497,P0016,2025-09-14,3,90.9,Paid
O000710,C0327,P0016,2025-09-14,1,30.3,Organic
O000711,C0409,P0009,2025-09-14,1,76.28,Organic
O000712,C0772,P0016,2025-09-14,2,60.6,Paid
O000713,C0047,P0011,2025-09-14,3,136.29,Referral
O000714,C0262,P0014,2025-09-14,1,54.5,Paid
O000715,C0525,P0012,2025-09-14,3,135.18,Paid
O000716,C0786,P0009,2025-09-14,2,152.56,Organic
O000717,C0749,P0022,2025-09-14,1,41.19,Organic
O000718,C0525,P0017,2025-09-14,1,123.28,Organic
O000719,C0742,P0017,2025-09-14,1,123.28,Organic
O000720,C0785,P0023,2025-09-14,1,145.99,Organic
O000721,C0078,P0024,2025-09-14,3,285.51,Organic
O000722,C0545,P0018,2025-09-14,3,261.63,Organic
O000723,C0775,P0022,2025-09-14,2,82.38,Organic
O000724,C0291,P0032,2025-09-14,1,39.62,Email
O000725,C0310,P0026,2025-09-14,2,43.74,Referral
O000726,C0677,P0028,2025-09-14,1,22.2,Paid
O000727,C0354,P0035,2025-09-14,1,60.4,Paid
O000728,C0216,P0040,2025-09-14,1,60.49,Organic
O000729,C0352,P0036,2025-09-14,1,23.73,Organic
O000730,C0523,P0039,2025-09-14,2,221.02,Referral
O000731,C0097,P0040,2025-09-14,2,120.98,Organic
O000732,C0363,P0037,2025-09-14,2,128.36,Organic
O000733,C0714,P0001,2025-09-14,1,40.3,Paid
O000734,C0722,P0003,2025-09-14,3,1007.91,Email
O000735,C0324,P0014,2025-09-14,3,163.5,Referral
O000736,C0359,P0013,2025-09-14,3,134.58,Paid
O000737,C0116,P0020,2025-09-14,3,436.02,Organic
O000738,C0116,P0021,2025-09-14,3,335.28,Paid
O000739,C0351,P0028,2025-09-14,3,66.6,Paid
O000740,C0750,P0032,2025-09-14,1,39.62,Organic
O000741,C0473,P0038,2025-09-14,2,136.74,Referral
O000742,C0367,P0007,2025-09-15,3,203.79,Organic
O000743,C0235,P0004,2025-09-15,1,181.86,Organic
O000744,C0687,P0002,2025-09-15,1,267.06,Organic
O000745,C0190,P0003,2025-09-15,2,671.94,Organic
O000746,C0108,P0012,2025-09-15,3,135.18,Organic
O000747,C0280,P0011,2025-09-15,1,45.43,Paid
O000748,C0537,P0013,2025-09-15,2,89.72,Paid
O000749,C0241,P0010,2025-09-15,3,58.2,Email
O000750,C0361,P0018,2025-09-15,3,261.63,Paid
O000751,C0540,P0023,2025-09-15,2,291.98,Organic
O000752,C0275,P0019,2025-09-15,3,197.31,Organic
O000753,C0659,P0028,2025-09-15,2,44.4,Email
O000754,C0465,P0026,2025-09-15,1,21.87,Organic
O000755,C0085,P0034,2025-09-15,2,107.82,Organic
O000756,C0449,P0036,2025-09-15,3,71.19,Email
O000757,C0208,P0038,2025-09-15,1,68.37,Paid
O000758,C0124,P0033,2025-09-15,3,105.54,Organic
O000759,C0018,P0007,2025-09-15,3,203.79,Email
O000760,C0077,P0001,2025-09-15,3,120.9,Email
O000761,C0077,P0005,2025-09-15,3,198.96,Organic
O000762,C0202,P0013,2025-09-15,2,89.72,Paid
O000763,C0678,P0010,2025-09-15,1,19.4,Email
O000764,C0115,P0014,2025-09-15,1,54.5,Paid
O000765,C0347,P0023,2025-09-15,1,145.99,Email
O000766,C0484,P0018,2025-09-15,3,261.63,Email
O000767,C0234,P0023,2025-09-15,2,291.98,Organic
O000768,C0410,P0027,2025-09-15,1,13.39,Paid
O000769,C0364,P0036,2025-09-15,2,47.46,Referral
O000770,C0039,P0034,2025-09-15,1,53.91,Organic
O000771,C0702,P0034,2025-09-15,1,53.91,Organic
O000772,C0765,P0005,2025-09-15,2,132.64,Organic
O000773,C0306,P0003,2025-09-15,3,1007.91,Organic
O000774,C0483,P0016,2025-09-15,2,60.6,Organic
O000775,C0644,P0011,2025-09-15,1,45.43,Organic
O000776,C0002,P0016,2025-09-15,3,90.9,Email
O000777,C0269,P0021,2025-09-15,2,223.52,Referral
O000778,C0409,P0022,2025-09-15,2,82.38,Organic
O000779,C0296,P0027,2025-09-15,1,13.39,Paid
O000780,C0454,P0031,2025-09-15,2,118.8,Email
O000781,C0181,P0033,2025-09-15,2,70.36,Organic
O000782,C0352,P0034,2025-09-15,1,53.91,Organic
O000783,C0788,P0037,2025-09-15,3,192.54,Organic
O000784,C0480,P0039,2025-09-15,3,331.53,Organic
O000785,C0236,P0001,2025-09-15,1,40.3,Paid
O000786,C0682,P0009,2025-09-15,2,152.56,Organic
O000787,C0620,P0012,2025-09-15,3,135.18,Organic
O000788,C0541,P0012,2025-09-15,1,45.06,Paid
O000789,C0236,P0009,2025-09-15,2,152.56,Paid
O000790,C0559,P0011,2025-09-15,3,136.29,Referral
O000791,C0336,P0014,2025-09-15,2,109.0,Paid
O000792,C0567,P0023,2025-09-15,2,291.98,Paid
O000793,C0095,P0024,2025-09-15,2,190.34,Referral
O000794,C0328,P0034,2025-09-15,3,161.73,Referral
O000795,C0455,P0034,2025-09-15,1,53.91,Organic
O000796,C0596,P0001,2025-09-16,3,120.9,Organic
O000797,C0390,P0012,2025-09-16,1,45.06,Organic
O000798,C0390,P0009,2025-09-16,2,152.56,Organic
O000799,C0268,P0009,2025-09-16,1,76.28,Organic
O000800,C0245,P0018,2025-09-16,2,174.42,Organic
O000801,C0649,P0022,2025-09-16,2,82.38,Email
O000802,C0796,P0024,2025-09-16,2,190.34,Referral
O000803,C0045,P0020,2025-09-16,1,145.34,Paid
O000804,C0726,P0018,2025-09-16,3,261.63,Organic
O000805,C0371,P0021,2025-09-16,1,111.76,Organic
O000806,C0307,P0030,2025-09-16,3,81.63,Paid
O000807,C0715,P0039,2025-09-16,1,110.51,Paid
O000808,C0498,P0038,2025-09-16,2,136.74,Organic
O000809,C0129,P0034,2025-09-16,3,161.73,Organic
O000810,C0739,P0002,2025-09-16,2,534.12,Organic
O000811,C0229,P0003,2025-09-16,2,671.94,Paid
O000812,C0356,P0008,2025-09-16,1,189.39,Organic
O000813,C0278,P0011,2025-09-16,1,45.43,Organic
O000814,C0234,P0019,2025-09-16,2,131.54,Referral
O000815,C0099,P0017,2025-09-16,2,246.56,Organic
O000816,C0265,P0032,2025-09-16,1,39.62,Organic
O000817,C0672,P0029,2025-09-16,3,73.35,Organic
O000818,C0423,P0026,2025-09-16,3,65.61,Paid
O000819,C0698,P0027,2025-09-16,3,40.17,Organic
O000820,C0218,P0032,2025-09-16,1,39.62,Organic
O000821,C0018,P0033,2025-09-16,3,105.54,Paid
O000822,C0033,P0001,2025-09-16,3,120.9,Organic
O000823,C0749,P0008,2025-09-16,2,378.78,Email
O000824,C0450,P0002,2025-09-16,2,534.12,Paid
O000825,C0296,P0020,2025-09-16,2,290.68,Organic
O000826,C0774,P0026,2025-09-16,1,21.87,Organic
O000827,C0383,P0038,2025-09-16,3,205.11,Organic
O000828,C0675,P0003,2025-09-16,2,671.94,Email
O000829,C0473,P0003,2025-09-16,3,1007.91,Paid
O000830,C0571,P0001,2025-09-16,2,80.6,Email
O000831,C0720,P0008,2025-09-16,1,189.39,Organic
O000832,C0781,P0013,2025-09-16,3,134.58,Organic
O000833,C0246,P0024,2025-09-16,2,190.34,Email
O000834,C0285,P0030,2025-09-16,1,27.21,Paid
O000835,C0507,P0038,2025-09-16,1,68.37,Referral
O000836,C0197,P0040,2025-09-16,1,60.49,Paid
O000837,C0415,P0008,2025-09-17,3,568.17,Email
O000838,C0704,P0005,2025-09-17,2,132.64,Organic
O000839,C0771,P0014,2025-09-17,2,109.0,Organic
O000840,C0394,P0016,2025-09-17,3,90.9,Referral
O000841,C0453,P0009,2025-09-17,2,152.56,Paid
O000842,C0384,P0024,2025-09-17,3,285.51,Organic
O000843,C0017,P0018,2025-09-17,1,87.21,Organic
O000844,C0251,P0024,2025-09-17,3,285.51,Organic
O000845,C0449,P0022,2025-09-17,1,41.19,Paid
O000846,C0151,P0030,2025-09-17,1,27.21,Email
O000847,C0469,P0031,2025-09-17,1,59.4,Organic
O000848,C0317,P0030,2025-09-17,1,27.21,Email
O000849,C0251,P0032,2025-09-17,2,79.24,Organic
O000850,C0303,P0031,2025-09-17,3,178.2,Organic
O000851,C0337,P0002,2025-09-17,3,801.18,Paid
O000852,C0234,P0001,2025-09-17,3,120.9,Paid
O000853,C0084,P0004,2025-09-17,1,181.86,Organic
O000854,C0278,P0016,2025-09-17,2,60.6,Referral
O000855,C0218,P0019,2025-09-17,1,65.77,Paid
O000856,C0762,P0024,2025-09-17,3,285.51,Paid
O000857,C0472,P0017,2025-09-17,2,246.56,Organic
O000858,C0063,P0018,2025-09-17,1,87.21,Paid
O000859,C0286,P0017,2025-09-17,2,246.56,Organic
O000860,C0063,P0017,2025-09-17,1,123.28,Paid
O000861,C0723,P0026,2025-09-17,3,65.61,Organic
O000862,C0158,P0026,2025-09-17,1,21.87,Organic
O000863,C0526,P0036,2025-09-17,3,71.19,Email
O000864,C0589,P0007,2025-09-17,3,203.79,Organic
O000865,C0352,P0005,2025-09-17,2,132.64,Organic
O000866,C0270,P0001,2025-09-17,1,40.3,Email
O000867,C0411,P0014,2025-09-17,1,54.5,Paid
O000868,C0281,P0015,2025-09-17,1,55.14,Organic
O000869,C0073,P0009,2025-09-17,2,152.56,Organic
O000870,C0788,P0018,2025-09-17,3,261.63,Organic
O000871,C0435,P0019,2025-09-17,2,131.54,Paid
O000872,C0060,P0017,2025-09-17,1,123.28,Referral
O000873,C0774,P0019,2025-09-17,2,131.54,Email
O000874,C0503,P0032,2025-09-17,1,39.62,Organic
O000875,C0618,P0033,2025-09-17,3,105.54,Organic
O000876,C0454,P0037,2025-09-17,2,128.36,Organic
O000877,C0578,P0040,2025-09-17,2,120.98,Email
O000878,C0391,P0037,2025-09-17,1,64.18,Organic
O000879,C0135,P0036,2025-09-17,2,47.46,Organic
O000880,C0306,P0037,2025-09-17,1,64.18,Email
O000881,C0147,P0001,2025-09-17,3,120.9,Organic
O000882,C0494,P0006,2025-09-17,3,262.62,Paid
O000883,C0053,P0012,2025-09-17,3,135.18,Referral
O000884,C0023,P0015,2025-09-17,1,55.14,Paid
O000885,C0052,P0011,2025-09-17,3,136.29,Paid
O000886,C0232,P0025,2025-09-17,2,54.02,Email
O000887,C0658,P0030,2025-09-17,3,81.63,Organic
O000888,C0664,P0031,2025-09-17,1,59.4,Paid
O000889,C0584,P0031,2025-09-17,1,59.4,Organic
O000890,C0499,P0027,2025-09-17,1,13.39,Organic
O000891,C0195,P0033,2025-09-17,1,35.18,Paid
O000892,C0148,P0038,2025-09-17,1,68.37,Email
O000893,C0330,P0006,2025-09-18,1,87.54,Paid
O000894,C0596,P0009,2025-09-18,1,76.28,Organic
O000895,C0161,P0020,2025-09-18,2,290.68,Email
O000896,C0330,P0020,2025-09-18,3,436.02,Paid
O000897,C0180,P0021,2025-09-18,3,335.28,Email
O000898,C0576,P0026,2025-09-18,1,21.87,Email
O000899,C0793,P0028,2025-09-18,3,66.6,Organic
O000900,C0718,P0029,2025-09-18,2,48.9,Organic
O000901,C0358,P0035,2025-09-18,1,60.4,Organic
O000902,C0335,P0040,2025-09-18,3,181.47,Organic
O000903,C0003,P0038,2025-09-18,3,205.11,Paid
O000904,C0558,P0005,2025-09-18,3,198.96,Email
O000905,C0092,P0007,2025-09-18,3,203.79,Referral
O000906,C0322,P0008,2025-09-18,2,378.78,Referral
O000907,C0407,P0009,2025-09-18,1,76.28,Paid
O000908,C0077,P0024,2025-09-18,1,95.17,Paid
O000909,C0573,P0018,2025-09-18,3,261.63,Paid
O000910,C0484,P0018,2025-09-18,1,87.21,Paid
O000911,C0082,P0035,2025-09-18,1,60.4,Paid
O000912,C0553,P0035,2025-09-18,1,60.4,Organic
O000913,C0578,P0005,2025-09-18,2,132.64,Paid
O000914,C0354,P0007,2025-09-18,2,135.86,Organic
O000915,C0012,P0015,2025-09-18,3,165.42,Email
O000916,C0411,P0014,2025-09-18,2,109.0,Email
O000917,C0579,P0012,2025-09-18,2,90.12,Paid
O000918,C0629,P0009,2025-09-18,1,76.28,Organic
O000919,C0327,P0013,2025-09-18,3,134.58,Organic
O000920,C0656,P0017,2025-09-18,2,246.56,Email
O000921,C0644,P0020,2025-09-18,3,436.02,Email
O000922,C0786,P0030,2025-09-18,2,54.42,Organic
O000923,C0593,P0027,2025-09-18,1,13.39,Organic
O000924,C0775,P0026,2025-09-18,3,65.61,Organic
O000925,C0523,P0033,2025-09-18,2,70.36,Organic
O000926,C0353,P0001,2025-09-18,2,80.6,Paid
O000927,C0721,P0015,2025-09-18,1,55.14,Organic
O000928,C0172,P0012,2025-09-18,2,90.12,Organic
O000929,C0758,P0009,2025-09-18,3,228.84,Paid
O000930,C0499,P0031,2025-09-18,1,59.4,Organic
O000931,C0266,P0025,2025-09-18,3,81.03,Email
O000932,C0351,P0029,2025-09-18,2,48.9,Organic
O000933,C0458,P0033,2025-09-18,3,105.54,Email
O000934,C0249,P0002,2025-09-19,2,534.12,Organic
O000935,C0756,P0004,2025-09-19,3,545.58,Paid
O000936,C0606,P0006,2025-09-19,3,262.62,Organic
O000937,C0641,P0010,2025-09-19,2,38.8,Organic
O000938,C0212,P0020,2025-09-19,1,145.34,Paid
O000939,C0251,P0018,2025-09-19,2,174.42,Paid
O000940,C0321,P0020,2025-09-19,2,290.68,Email
O000941,C0365,P0036,2025-09-19,3,71.19,Referral
O000942,C0150,P0008,2025-09-19,1,189.39,Paid
O000943,C0738,P0007,2025-09-19,2,135.86,Organic
O000944,C0698,P0010,2025-09-19,1,19.4,Paid
O000945,C0022,P0011,2025-09-19,1,45.43,Organic
O000946,C0447,P0010,2025-09-19,3,58.2,Paid
O000947,C0218,P0015,2025-09-19,1,55.14,Organic
O000948,C0477,P0031,2025-09-19,2,118.8,Referral
O000949,C0724,P0025,2025-09-19,3,81.03,Paid
O000950,C0723,P0034,2025-09-19,2,107.82,Paid
O000951,C0511,P0035,2025-09-19,2,120.8,Organic
O000952,C0069,P0005,2025-09-19,1,66.32,Email
O000953,C0181,P0002,2025-09-19,2,534.12,Organic
O000954,C0388,P0007,2025-09-19,2,135.86,Paid
O000955,C0270,P0017,2025-09-19,1,123.28,Organic
O000956,C0480,P0023,2025-09-19,3,437.97,Paid
O000957,C0262,P0019,2025-09-19,2,131.54,Paid
O000958,C0456,P0034,2025-09-19,3,161.73,Paid
O000959,C0110,P0008,2025-09-19,1,189.39,Organic
O000960,C0127,P0008,2025-09-19,2,378.78,Paid
O000961,C0118,P0009,2025-09-19,2,152.56,Paid
O000962,C0685,P0012,2025-09-19,1,45.06,Email
O000963,C0791,P0022,2025-09-19,2,82.38,Email
O000964,C0195,P0022,2025-09-19,2,82.38,Organic
O000965,C0758,P0025,2025-09-19,1,27.01,Organic
O000966,C0721,P0027,2025-09-19,1,13.39,Organic
O000967,C0514,P0030,2025-09-19,1,27.21,Paid
O000968,C0713,P0032,2025-09-19,2,79.24,Organic
O000969,C0620,P0035,2025-09-19,2,120.8,Organic
O000970,C0066,P0038,2025-09-19,2,136.74,Paid
O000971,C0351,P0037,2025-09-19,3,192.54,Organic
O000972,C0280,P0008,2025-09-20,2,378.78,Organic
O000973,C0537,P0006,2025-09-20,2,175.08,Organic
O000974,C0711,P0011,2025-09-20,2,90.86,Organic
O000975,C0557,P0009,2025-09-20,2,152.56,Organic
O000976,C0792,P0023,2025-09-20,2,291.98,Referral
O000977,C0159,P0035,2025-09-20,1,60.4,Email
O000978,C0303,P0037,2025-09-20,3,192.54,Organic
O000979,C0792,P0036,2025-09-20,1,23.73,Organic
O000980,C0136,P0038,2025-09-20,1,68.37,Organic
O000981,C0334,P0008,2025-09-20,3,568.17,Email
O000982,C0243,P0001,2025-09-20,1,40.3,Organic
O000983,C0770,P0002,2025-09-20,3,801.18,Email
O000984,C0702,P0002,2025-09-20,3,801.18,Organic
O000985,C0150,P0015,2025-09-20,2,110.28,Paid
O000986,C0022,P0012,2025-09-20,2,90.12,Referral
O000987,C0026,P0019,2025-09-20,3,197.31,Email
O000988,C0099,P0018,2025-09-20,1,87.21,Paid
O000989,C0573,P0023,2025-09-20,3,437.97,Referral
O000990,C0457,P0018,2025-09-20,1,87.21,Organic
O000991,C0162,P0020,2025-09-20,2,290.68,Email
O000992,C0081,P0025,2025-09-20,3,81.03,Referral
O000993,C0117,P0030,2025-09-20,3,81.63,Organic
O000994,C0117,P0030,2025-09-20,2,54.42,Organic
O000995,C0762,P0027,2025-09-20,2,26.78,Paid
O000996,C0784,P0040,2025-09-20,3,181.47,Organic
O000997,C0356,P0036,2025-09-20,2,47.46,Organic
O000998,C0728,P0039,2025-09-20,3,331.53,Referral
O000999,C0154,P0036,2025-09-20,1,23.73,Organic
O001000,C0719,P0040,2025-09-20,3,181.47,Organic
O001001,C0002,P0008,2025-09-20,1,189.39,Referral
O001002,C0396,P0002,2025-09-20,2,534.12,Referral
O001003,C0757,P0010,2025-09-20,2,38.8,Referral
O001004,C0486,P0009,2025-09-20,1,76.28,Organic
O001005,C0270,P0012,2025-09-20,3,135.18,Organic
O001006,C0267,P0013,2025-09-20,3,134.58,Email
O001007,C0677,P0016,2025-09-20,2,60.6,Email
O001008,C0644,P0012,2025-09-20,3,135.18,Email
O001009,C0413,P0024,2025-09-20,2,190.34,Organic
O001010,C0663,P0024,2025-09-20,1,95.17,Organic
O001011,C0663,P0026,2025-09-20,3,65.61,Paid
O001012,C0291,P0026,2025-09-20,1,21.87,Paid
O001013,C0677,P0035,2025-09-20,3,181.2,Paid
O001014,C0270,P0039,2025-09-20,1,110.51,Organic
O001015,C0593,P0033,2025-09-20,1,35.18,Paid
O001016,C0078,P0033,2025-09-20,3,105.54,Email
O001017,C0800,P0037,2025-09-20,3,192.54,Organic
O001018,C0725,P0006,2025-09-20,1,87.54,Organic
O001019,C0210,P0007,2025-09-20,2,135.86,Paid
O001020,C0301,P0010,2025-09-20,2,38.8,Referral
O001021,C0532,P0023,2025-09-20,2,291.98,Referral
O001022,C0110,P0025,2025-09-20,1,27.01,Paid
O001023,C0567,P0028,2025-09-20,3,66.6,Organic
O001024,C0626,P0025,2025-09-20,1,27.01,Email
O001025,C0714,P0035,2025-09-20,1,60.4,Paid
O001026,C0316,P0033,2025-09-20,1,35.18,Email
O001027,C0626,P0037,2025-09-20,1,64.18,Organic
O001028,C0758,P0040,2025-09-20,2,120.98,Email
O001029,C0113,P0006,2025-09-21,1,87.54,Referral
O001030,C0021,P0002,2025-09-21,2,534.12,Organic
O001031,C0275,P0005,2025-09-21,3,198.96,Paid
O001032,C0113,P0001,2025-09-21,3,120.9,Paid
O001033,C0636,P0006,2025-09-21,3,262.62,Paid
O001034,C0565,P0002,2025-09-21,1,267.06,Email
O001035,C0252,P0013,2025-09-21,1,44.86,Paid
O001036,C0583,P0010,2025-09-21,3,58.2,Organic
O001037,C0067,P0009,2025-09-21,3,228.84,Organic
O001038,C0576,P0013,2025-09-21,3,134.58,Organic
O001039,C0540,P0022,2025-09-21,1,41.19,Organic
O001040,C0245,P0022,2025-09-21,3,123.57,Referral
O001041,C0085,P0029,2025-09-21,2,48.9,Organic
O001042,C0151,P0025,2025-09-21,1,27.01,Paid
O001043,C0792,P0040,2025-09-21,2,120.98,Paid
O001044,C0022,P0005,2025-09-21,1,66.32,Organic
O001045,C0712,P0015,2025-09-21,2,110.28,Email
O001046,C0229,P0030,2025-09-21,2,54.42,Paid
O001047,C0640,P0027,2025-09-21,2,26.78,Paid
O001048,C0192,P0034,2025-09-21,3,161.73,Paid
O001049,C0242,P0038,2025-09-21,1,68.37,Paid
O001050,C0723,P0033,2025-09-21,2,70.36,Organic
O001051,C0512,P0004,2025-09-21,1,181.86,Paid
O001052,C0261,P0009,2025-09-21,2,152.56,Organic
O001053,C0033,P0021,2025-09-21,2,223.52,Organic
O001054,C0732,P0020,2025-09-21,3,436.02,Organic
O001055,C0355,P0030,2025-09-21,1,27.21,Organic
O001056,C0745,P0031,2025-09-21,2,118.8,Organic
O001057,C0546,P0025,2025-09-21,3,81.03,Organic
O001058,C0299,P0025,2025-09-21,2,54.02,Organic
O001059,C0503,P0026,2025-09-21,2,43.74,Organic
O001060,C0663,P0029,2025-09-21,3,73.35,Paid
O001061,C0388,P0037,2025-09-21,3,192.54,Paid
O001062,C0002,P0036,2025-09-21,2,47.46,Organic
O001063,C0742,P0033,2025-09-21,1,35.18,Email
O001064,C0503,P0038,2025-09-21,2,136.74,Email
O001065,C0299,P0034,2025-09-21,2,107.82,Organic
O001066,C0328,P0008,2025-09-21,2,378.78,Email
O001067,C0089,P0008,2025-09-21,2,378.78,Email
O001068,C0564,P0007,2025-09-21,3,203.79,Paid
O001069,C0131,P0015,2025-09-21,1,55.14,Organic
O001070,C0750,P0009,2025-09-21,3,228.84,Organic
O001071,C0567,P0013,2025-09-21,1,44.86,Email
O001072,C0701,P0015,2025-09-21,1,55.14,Referral
O001073,C0068,P0015,2025-09-21,1,55.14,Organic
O001074,C0750,P0024,2025-09-21,3,285.51,Organic
O001075,C0601,P0020,2025-09-21,1,145.34,Paid
O001076,C0658,P0020,2025-09-21,3,436.02,Paid
O001077,C0479,P0017,2025-09-21,3,369.84,Paid
O001078,C0366,P0027,2025-09-21,1,13.39,Paid
O001079,C0722,P0035,2025-09-21,2,120.8,Paid
O001080,C0731,P0039,2025-09-21,2,221.02,Organic
O001081,C0792,P0006,2025-09-22,2,175.08,Organic
O001082,C0548,P0003,2025-09-22,2,671.94,Organic
O001083,C0248,P0005,2025-09-22,1,66.32,Organic
O001084,C0252,P0004,2025-09-22,1,181.86,Referral
O001085,C0367,P0001,2025-09-22,1,40.3,Organic
O001086,C0156,P0014,2025-09-22,1,54.5,Organic
O001087,C0051,P0011,2025-09-22,3,136.29,Paid
O001088,C0726,P0015,2025-09-22,3,165.42,Organic
O001089,C0263,P0019,2025-09-22,1,65.77,Organic
O001090,C0394,P0018,2025-09-22,3,261.63,Paid
O001091,C0004,P0019,2025-09-22,2,131.54,Referral
O001092,C0017,P0024,2025-09-22,2,190.34,Organic
O001093,C0743,P0025,2025-09-22,1,27.01,Paid
O001094,C0156,P0026,2025-09-22,3,65.61,Organic
O001095,C0792,P0040,2025-09-22,3,181.47,Paid
O001096,C0090,P0007,2025-09-22,1,67.93,Organic
O001097,C0154,P0009,2025-09-22,1,76.28,Email
O001098,C0038,P0009,2025-09-22,1,76.28,Paid
O001099,C0326,P0010,2025-09-22,3,58.2,Organic
O001100,C0770,P0018,2025-09-22,3,261.63,Email
O001101,C0489,P0022,2025-09-22,2,82.38,Organic
O001102,C0207,P0038,2025-09-22,2,136.74,Organic
O001103,C0350,P0033,2025-09-22,3,105.54,Organic
O001104,C0310,P0005,2025-09-22,2,132.64,Email
O001105,C0639,P0007,2025-09-22,3,203.79,Paid
O001106,C0503,P0015,2025-09-22,3,165.42,Paid
O001107,C0002,P0024,2025-09-22,2,190.34,Paid
O001108,C0486,P0023,2025-09-22,2,291.98,Paid
O001109,C0609,P0021,2025-09-22,1,111.76,Referral
O001110,C0525,P0019,2025-09-22,2,131.54,Organic
O001111,C0547,P0031,2025-09-22,3,178.2,Email
O001112,C0135,P0030,2025-09-22,1,27.21,Paid
O001113,C0267,P0026,2025-09-22,2,43.74,Paid
O001114,C0493,P0035,2025-09-22,3,181.2,Referral
O001115,C0301,P0003,2025-09-22,2,671.94,Organic
O001116,C0236,P0006,2025-09-22,2,175.08,Paid
O001117,C0178,P0014,2025-09-22,3,163.5,Organic
O001118,C0614,P0018,2025-09-22,2,174.42,Email
O001119,C0185,P0022,2025-09-22,2,82.38,Email
O001120,C0131,P0027,2025-09-22,1,13.39,Email
O001121,C0236,P0035,2025-09-22,2,120.8,Organic
O001122,C0246,P0037,2025-09-22,1,64.18,Organic
O001123,C0716,P0005,2025-09-23,2,132.64,Email
O001124,C0715,P0007,2025-09-23,3,203.79,Email
O001125,C0021,P0016,2025-09-23,2,60.6,Email
O001126,C0280,P0012,2025-09-23,1,45.06,Email
O001127,C0403,P0013,2025-09-23,3,134.58,Organic
O001128,C0792,P0013,2025-09-23,2,89.72,Organic
O001129,C0463,P0011,2025-09-23,3,136.29,Organic
O001130,C0037,P0017,2025-09-23,3,369.84,Paid
O001131,C0021,P0023,2025-09-23,3,437.97,Paid
O001132,C0003,P0023,2025-09-23,1,145.99,Organic
O001133,C0596,P0023,2025-09-23,3,437.97,Organic
O001134,C0161,P0018,2025-09-23,3,261.63,Paid
O001135,C0600,P0019,2025-09-23,2,131.54,Organic
O001136,C0498,P0040,2025-09-23,3,181.47,Organic
O001137,C0117,P0008,2025-09-23,3,568.17,Email
O001138,C0475,P0005,2025-09-23,1,66.32,Organic
O001139,C0026,P0003,2025-09-23,3,1007.91,Organic
O001140,C0423,P0003,2025-09-23,3,1007.91,Paid
O001141,C0041,P0013,2025-09-23,1,44.86,Paid
O001142,C0416,P0015,2025-09-23,2,110.28,Paid
O001143,C0563,P0024,2025-09-23,1,95.17,Organic
O001144,C0166,P0019,2025-09-23,2,131.54,Email
O001145,C0696,P0021,2025-09-23,2,223.52,Paid
O001146,C0081,P0030,2025-09-23,2,54.42,Organic
O001147,C0162,P0028,2025-09-23,1,22.2,Email
O001148,C0018,P0029,2025-09-23,2,48.9,Email
O001149,C0430,P0025,2025-09-23,2,54.02,Organic
O001150,C0526,P0038,2025-09-23,2,136.74,Paid
O001151,C0513,P0007,2025-09-23,3,203.79,Referral
O001152,C0261,P0003,2025-09-23,3,1007.91,Paid
O001153,C0663,P0002,2025-09-23,1,267.06,Organic
O001154,C0451,P0002,2025-09-23,3,801.18,Organic
O001155,C0435,P0006,2025-09-23,3,262.62,Organic
O001156,C0594,P0003,2025-09-23,3,1007.91,Organic
O001157,C0097,P0007,2025-09-23,2,135.86,Organic
O001158,C0578,P0002,2025-09-23,1,267.06,Paid
O001159,C0800,P0009,2025-09-23,3,228.84,Paid
O001160,C0594,P0015,2025-09-23,1,55.14,Paid
O001161,C0459,P0017,2025-09-23,1,123.28,Organic
O001162,C0575,P0019,2025-09-23,2,131.54,Organic
O001163,C0258,P0022,2025-09-23,3,123.57,Organic
O001164,C0165,P0020,2025-09-23,2,290.68,Referral
O001165,C0209,P0018,2025-09-23,3,261.63,Organic
O001166,C0135,P0030,2025-09-23,1,27.21,Email
O001167,C0327,P0026,2025-09-23,2,43.74,Organic
O001168,C0523,P0036,2025-09-23,3,71.19,Paid
O001169,C0772,P0040,2025-09-23,1,60.49,Paid
O001170,C0722,P0004,2025-09-23,3,545.58,Paid
O001171,C0564,P0014,2025-09-23,1,54.5,Paid
O001172,C0148,P0021,2025-09-23,1,111.76,Organic
O001173,C0478,P0031,2025-09-23,3,178.2,Organic
O001174,C0020,P0028,2025-09-23,2,44.4,Email
O001175,C0223,P0032,2025-09-23,2,79.24,Organic
O001176,C0151,P0002,2025-09-24,3,801.18,Organic
O001177,C0465,P0004,2025-09-24,2,363.72,Referral
O001178,C0792,P0011,2025-09-24,2,90.86,Organic
O001179,C0184,P0010,2025-09-24,1,19.4,Organic
O001180,C0113,P0012,2025-09-24,3,135.18,Referral
O001181,C0799,P0015,2025-09-24,2,110.28,Organic
O001182,C0208,P0012,2025-09-24,3,135.18,Paid
O001183,C0108,P0020,2025-09-24,2,290.68,Organic
O001184,C0330,P0021,2025-09-24,1,111.76,Organic
O001185,C0403,P0020,2025-09-24,2,290.68,Paid
O001186,C0051,P0029,2025-09-24,1,24.45,Organic
O001187,C0606,P0027,2025-09-24,3,40.17,Email
O001188,C0021,P0029,2025-09-24,3,73.35,Email
O001189,C0087,P0033,2025-09-24,3,105.54,Organic
O001190,C0405,P0006,2025-09-24,1,87.54,Organic
O001191,C0288,P0002,2025-09-24,3,801.18,Organic
O001192,C0234,P0014,2025-09-24,2,109.0,Paid
O001193,C0202,P0011,2025-09-24,1,45.43,Organic
O001194,C0485,P0017,2025-09-24,1,123.28,Email
O001195,C0144,P0017,2025-09-24,1,123.28,Organic
O001196,C0312,P0022,2025-09-24,1,41.19,Paid
O001197,C0460,P0020,2025-09-24,1,145.34,Organic
O001198,C0202,P0022,2025-09-24,3,123.57,Organic
O001199,C0735,P0017,2025-09-24,3,369.84,Paid
O001200,C0712,P0035,2025-09-24,1,60.4,Paid
O001201,C0022,P0040,2025-09-24,2,120.98,Paid
O001202,C0032,P0036,2025-09-24,2,47.46,Paid
O001203,C0609,P0003,2025-09-24,3,1007.91,Organic
O001204,C0083,P0004,2025-09-24,1,181.86,Referral
O001205,C0135,P0002,2025-09-24,1,267.06,Organic
O001206,C0593,P0009,2025-09-24,2,152.56,Organic
O001207,C0327,P0016,2025-09-24,1,30.3,Organic
O001208,C0342,P0024,2025-09-24,3,285.51,Paid
O001209,C0486,P0028,2025-09-24,1,22.2,Paid
O001210,C0047,P0032,2025-09-24,1,39.62,Organic
O001211,C0352,P0026,2025-09-24,3,65.61,Organic
O001212,C0588,P0035,2025-09-24,3,181.2,Email
O001213,C0083,P0040,2025-09-24,2,120.98,Organic
O001214,C0116,P0002,2025-09-24,1,267.06,Organic
O001215,C0614,P0011,2025-09-24,1,45.43,Referral
O001216,C0131,P0016,2025-09-24,2,60.6,Paid
O001217,C0541,P0019,2025-09-24,1,65.77,Organic
O001218,C0244,P0026,2025-09-24,2,43.74,Organic
O001219,C0494,P0025,2025-09-24,2,54.02,Organic
O001220,C0075,P0031,2025-09-24,2,118.8,Organic
O001221,C0053,P0038,2025-09-24,1,68.37,Organic
O001222,C0758,P0039,2025-09-24,2,221.02,Paid
O001223,C0652,P0036,2025-09-24,2,47.46,Email
O001224,C0606,P0008,2025-09-25,3,568.17,Organic
O001225,C0100,P0005,2025-09-25,3,198.96,Referral
O001226,C0606,P0005,2025-09-25,3,198.96,Organic
O001227,C0275,P0004,2025-09-25,3,545.58,Organic
O001228,C0641,P0014,2025-09-25,3,163.5,Email
O001229,C0045,P0011,2025-09-25,3,136.29,Organic
O001230,C0003,P0024,2025-09-25,1,95.17,Organic
O001231,C0271,P0017,2025-09-25,1,123.28,Paid
O001232,C0184,P0028,2025-09-25,1,22.2,Organic
O001233,C0233,P0025,2025-09-25,3,81.03,Organic
O001234,C0365,P0029,2025-09-25,1,24.45,Paid
O001235,C0715,P0036,2025-09-25,1,23.73,Email
O001236,C0249,P0038,2025-09-25,1,68.37,Email
O001237,C0711,P0037,2025-09-25,3,192.54,Organic
O001238,C0362,P0035,2025-09-25,3,181.2,Organic
O001239,C0792,P0038,2025-09-25,2,136.74,Referral
O001240,C0054,P0004,2025-09-25,2,363.72,Paid
O001241,C0059,P0003,2025-09-25,1,335.97,Referral
O001242,C0723,P0012,2025-09-25,3,135.18,Email
O001243,C0329,P0014,2025-09-25,2,109.0,Referral
O001244,C0460,P0016,2025-09-25,1,30.3,Organic
O001245,C0426,P0012,2025-09-25,2,90.12,Organic
O001246,C0489,P0014,2025-09-25,2,109.0,Organic
O001247,C0312,P0024,2025-09-25,3,285.51,Organic
O001248,C0779,P0029,2025-09-25,1,24.45,Referral
O001249,C0696,P0038,2025-09-25,2,136.74,Paid
O001250,C0563,P0037,2025-09-25,1,64.18,Organic
O001251,C0312,P0037,2025-09-25,2,128.36,Organic
O001252,C0347,P0040,2025-09-25,1,60.49,Paid
O001253,C0525,P0008,2025-09-25,3,568.17,Organic
O001254,C0608,P0001,2025-09-25,3,120.9,Paid
O001255,C0354,P0001,2025-09-25,2,80.6,Organic
O001256,C0531,P0011,2025-09-25,1,45.43,Paid
O001257,C0247,P0021,2025-09-25,2,223.52,Paid
O001258,C0774,P0032,2025-09-25,3,118.86,Organic
O001259,C0328,P0006,2025-09-25,1,87.54,Paid
O001260,C0667,P0002,2025-09-25,1,267.06,Organic
O001261,C0580,P0005,2025-09-25,1,66.32,Organic
O001262,C0042,P0004,2025-09-25,1,181.86,Email
O001263,C0285,P0014,2025-09-25,1,54.5,Email
O001264,C0604,P0011,2025-09-25,1,45.43,Organic
O001265,C0620,P0023,2025-09-25,3,437.97,Organic
O001266,C0537,P0004,2025-09-26,3,545.58,Paid
O001267,C0707,P0012,2025-09-26,1,45.06,Email
O001268,C0297,P0014,2025-09-26,3,163.5,Organic
O001269,C0235,P0012,2025-09-26,3,135.18,Email
O001270,C0307,P0010,2025-09-26,1,19.4,Organic
O001271,C0377,P0020,2025-09-26,1,145.34,Email
O001272,C0159,P0018,2025-09-26,2,174.42,Organic
O001273,C0136,P0017,2025-09-26,2,246.56,Email
O001274,C0293,P0030,2025-09-26,1,27.21,Paid
O001275,C0386,P0027,2025-09-26,3,40.17,Paid
O001276,C0469,P0030,2025-09-26,2,54.42,Organic
O001277,C0248,P0036,2025-09-26,1,23.73,Paid
O001278,C0679,P0037,2025-09-26,2,128.36,Organic
O001279,C0599,P0040,2025-09-26,3,181.47,Referral
O001280,C0329,P0008,2025-09-26,3,568.17,Paid
O001281,C0728,P0007,2025-09-26,2,135.86,Paid
O001282,C0407,P0016,2025-09-26,3,90.9,Organic
O001283,C0206,P0009,2025-09-26,2,152.56,Organic
O001284,C0428,P0022,2025-09-26,3,123.57,Organic
O001285,C0779,P0031,2025-09-26,2,118.8,Email
O001286,C0337,P0032,2025-09-26,1,39.62,Organic
O001287,C0484,P0031,2025-09-26,3,178.2,Organic
O001288,C0218,P0030,2025-09-26,1,27.21,Email
O001289,C0674,P0037,2025-09-26,3,192.54,Paid
O001290,C0337,P0035,2025-09-26,1,60.4,Organic
O001291,C0578,P0005,2025-09-26,2,132.64,Organic
O001292,C0007,P0004,2025-09-26,2,363.72,Organic
O001293,C0579,P0001,2025-09-26,2,80.6,Organic
O001294,C0273,P0011,2025-09-26,1,45.43,Referral
O001295,C0179,P0024,2025-09-26,1,95.17,Organic
O001296,C0493,P0018,2025-09-26,2,174.42,Organic
O001297,C0388,P0023,2025-09-26,3,437.97,Organic
O001298,C0611,P0024,2025-09-26,1,95.17,Email
O001299,C0296,P0027,2025-09-26,2,26.78,Paid
O001300,C0306,P0027,2025-09-26,1,13.39,Paid
O001301,C0536,P0039,2025-09-26,3,331.53,Organic
O001302,C0261,P0035,2025-09-26,2,120.8,Organic
O001303,C0318,P0039,2025-09-26,3,331.53,Organic
O001304,C0652,P0002,2025-09-26,3,801.18,Email
O001305,C0266,P0005,2025-09-26,2,132.64,Organic
O001306,C0095,P0010,2025-09-26,1,19.4,Organic
O001307,C0487,P0017,2025-09-26,1,123.28,Organic
O001308,C0095,P0037,2025-09-26,1,64.18,Organic
O001309,C0184,P0014,2025-09-27,3,163.5,Organic
O001310,C0453,P0022,2025-09-27,3,123.57,Organic
O001311,C0079,P0021,2025-09-27,2,223.52,Email
O001312,C0465,P0023,2025-09-27,1,145.99,Paid
O001313,C0659,P0027,2025-09-27,3,40.17,Organic
O001314,C0136,P0029,2025-09-27,1,24.45,Paid
O001315,C0655,P0028,2025-09-27,3,66.6,Paid
O001316,C0384,P0039,2025-09-27,1,110.51,Organic
O001317,C0453,P0033,2025-09-27,3,105.54,Email
O001318,C0037,P0034,2025-09-27,3,161.73,Paid
O001319,C0166,P0007,2025-09-27,2,135.86,Email
O001320,C0563,P0001,2025-09-27,2,80.6,Paid
O001321,C0645,P0003,2025-09-27,2,671.94,Organic
O001322,C0558,P0005,2025-09-27,1,66.32,Organic
O001323,C0183,P0016,2025-09-27,2,60.6,Email
O001324,C0672,P0010,2025-09-27,2,38.8,Referral
O001325,C0144,P0018,2025-09-27,2,174.42,Paid
O001326,C0696,P0021,2025-09-27,3,335.28,Email
O001327,C0683,P0030,2025-09-27,2,54.42,Email
O001328,C0680,P0031,2025-09-27,1,59.4,Paid
O001329,C0568,P0005,2025-09-27,1,66.32,Paid
O001330,C0535,P0005,2025-09-27,1,66.32,Paid
O001331,C0578,P0006,2025-09-27,2,175.08,Organic
O001332,C0413,P0007,2025-09-27,2,135.86,Organic
O001333,C0482,P0016,2025-09-27,3,90.9,Email
O001334,C0097,P0009,2025-09-27,3,228.84,Organic
O001335,C0481,P0011,2025-09-27,2,90.86,Referral
O001336,C0273,P0009,2025-09-27,2,152.56,Email
O001337,C0355,P0013,2025-09-27,2,89.72,Organic
O001338,C0508,P0020,2025-09-27,1,145.34,Paid
O001339,C0745,P0021,2025-09-27,2,223.52,Organic
O001340,C0383,P0017,2025-09-27,1,123.28,Referral
O001341,C0512,P0020,2025-09-27,1,145.34,Paid
O001342,C0523,P0022,2025-09-27,1,41.19,Organic
O001343,C0435,P0024,2025-09-27,1,95.17,Referral
O001344,C0512,P0024,2025-09-27,3,285.51,Organic
O001345,C0512,P0026,2025-09-27,3,65.61,Email
O001346,C0429,P0032,2025-09-27,2,79.24,Email
O001347,C0098,P0029,2025-09-27,3,73.35,Organic
O001348,C0137,P0030,2025-09-27,3,81.63,Organic
O001349,C0209,P0035,2025-09-27,1,60.4,Organic
O001350,C0261,P0038,2025-09-27,2,136.74,Email
O001351,C0497,P0038,2025-09-27,1,68.37,Organic
O001352,C0620,P0004,2025-09-27,1,181.86,Organic
O001353,C0664,P0009,2025-09-27,1,76.28,Paid
O001354,C0328,P0012,2025-09-27,2,90.12,Paid
O001355,C0089,P0020,2025-09-27,1,145.34,Organic
O001356,C0458,P0023,2025-09-27,3,437.97,Organic
O001357,C0055,P0026,2025-09-27,2,43.74,Paid
O001358,C0089,P0031,2025-09-27,1,59.4,Email
O001359,C0564,P0030,2025-09-27,1,27.21,Paid
O001360,C0131,P0027,2025-09-27,2,26.78,Paid
O001361,C0720,P0032,2025-09-27,1,39.62,Email
O001362,C0473,P0025,2025-09-27,3,81.03,Email
O001363,C0499,P0033,2025-09-27,1,35.18,Organic
O001364,C0701,P0033,2025-09-27,3,105.54,Referral
O001365,C0325,P0036,2025-09-27,3,71.19,Organic
O001366,C0297,P0002,2025-09-28,3,801.18,Organic
O001367,C0718,P0008,2025-09-28,3,568.17,Referral
O001368,C0108,P0006,2025-09-28,2,175.08,Organic
O001369,C0398,P0006,2025-09-28,2,175.08,Paid
O001370,C0463,P0017,2025-09-28,2,246.56,Referral
O001371,C0143,P0022,2025-09-28,1,41.19,Organic
O001372,C0665,P0029,2025-09-28,3,73.35,Email
O001373,C0079,P0032,2025-09-28,3,118.86,Organic
O001374,C0136,P0025,2025-09-28,1,27.01,Organic
O001375,C0365,P0034,2025-09-28,3,161.73,Organic
O001376,C0117,P0002,2025-09-28,2,534.12,Paid
O001377,C0090,P0001,2025-09-28,1,40.3,Organic
O001378,C0364,P0009,2025-09-28,1,76.28,Paid
O001379,C0038,P0011,2025-09-28,2,90.86,Organic
O001380,C0080,P0016,2025-09-28,3,90.9,Organic
O001381,C0312,P0010,2025-09-28,3,58.2,Email
O001382,C0218,P0013,2025-09-28,3,134.58,Organic
O001383,C0158,P0009,2025-09-28,3,228.84,Referral
O001384,C0678,P0022,2025-09-28,3,123.57,Organic
O001385,C0779,P0020,2025-09-28,3,436.02,Paid
O001386,C0645,P0023,2025-09-28,2,291.98,Paid
O001387,C0727,P0023,2025-09-28,3,437.97,Paid
O001388,C0182,P0036,2025-09-28,1,23.73,Referral
O001389,C0568,P0002,2025-09-28,3,801.18,Referral
O001390,C0355,P0001,2025-09-28,3,120.9,Email
O001391,C0459,P0008,2025-09-28,3,568.17,Organic
O001392,C0486,P0023,2025-09-28,1,145.99,Organic
O001393,C0588,P0027,2025-09-28,2,26.78,Organic
O001394,C0535,P0027,2025-09-28,2,26.78,Organic
O001395,C0629,P0031,2025-09-28,1,59.4,Paid
O001396,C0179,P0030,2025-09-28,1,27.21,Paid
O001397,C0429,P0029,2025-09-28,2,48.9,Paid
O001398,C0262,P0026,2025-09-28,1,21.87,Paid
O001399,C0388,P0030,2025-09-28,2,54.42,Organic
O001400,C0594,P0027,2025-09-28,1,13.39,Organic
O001401,C0429,P0035,2025-09-28,1,60.4,Paid
O001402,C0450,P0037,2025-09-28,2,128.36,Organic
O001403,C0525,P0037,2025-09-28,2,128.36,Organic
O001404,C0193,P0007,2025-09-28,1,67.93,Organic
O001405,C0324,P0012,2025-09-28,1,45.06,Referral
O001406,C0721,P0021,2025-09-28,2,223.52,Email
O001407,C0131,P0024,2025-09-28,3,285.51,Organic
O001408,C0458,P0027,2025-09-28,3,40.17,Paid
O001409,C0530,P0032,2025-09-28,2,79.24,Organic
O001410,C0604,P0031,2025-09-28,1,59.4,Paid
O001411,C0110,P0026,2025-09-28,2,43.74,Email
O001412,C0499,P0035,2025-09-28,1,60.4,Paid
O001413,C0458,P0038,2025-09-28,3,205.11,Paid
O001414,C0246,P0036,2025-09-28,1,23.73,Email
O001415,C0736,P0036,2025-09-28,3,71.19,Email
O001416,C0551,P0040,2025-09-28,2,120.98,Paid
O001417,C0614,P0034,2025-09-28,1,53.91,Organic
O001418,C0263,P0003,2025-09-29,2,671.94,Paid
O001419,C0311,P0006,2025-09-29,3,262.62,Organic
O001420,C0375,P0016,2025-09-29,1,30.3,Paid
O001421,C0156,P0011,2025-09-29,2,90.86,Email
O001422,C0649,P0020,2025-09-29,1,145.34,Organic
O001423,C0716,P0022,2025-09-29,2,82.38,Organic
O001424,C0799,P0020,2025-09-29,1,145.34,Organic
O001425,C0718,P0019,2025-09-29,1,65.77,Organic
O001426,C0151,P0025,2025-09-29,3,81.03,Organic
O001427,C0190,P0031,2025-09-29,2,118.8,Paid
O001428,C0715,P0037,2025-09-29,3,192.54,Paid
O001429,C0504,P0035,2025-09-29,3,181.2,Organic
O001430,C0245,P0037,2025-09-29,1,64.18,Paid
O001431,C0425,P0035,2025-09-29,1,60.4,Email
O001432,C0698,P0003,2025-09-29,3,1007.91,Organic
O001433,C0719,P0004,2025-09-29,3,545.58,Organic
O001434,C0738,P0007,2025-09-29,3,203.79,Organic
O001435,C0712,P0009,2025-09-29,2,152.56,Referral
O001436,C0553,P0014,2025-09-29,3,163.5,Organic
O001437,C0410,P0023,2025-09-29,3,437.97,Paid
O001438,C0158,P0028,2025-09-29,1,22.2,Email
O001439,C0585,P0026,2025-09-29,2,43.74,Organic
O001440,C0563,P0029,2025-09-29,3,73.35,Referral
O001441,C0326,P0031,2025-09-29,2,118.8,Organic
O001442,C0090,P0033,2025-09-29,2,70.36,Paid
O001443,C0273,P0008,2025-09-29,1,189.39,Organic
O001444,C0227,P0005,2025-09-29,2,132.64,Paid
O001445,C0773,P0009,2025-09-29,3,228.84,Organic
O001446,C0209,P0011,2025-09-29,3,136.29,Organic
O001447,C0450,P0015,2025-09-29,1,55.14,Referral
O001448,C0656,P0013,2025-09-29,1,44.86,Email
O001449,C0734,P0023,2025-09-29,2,291.98,Paid
O001450,C0318,P0020,2025-09-29,1,145.34,Organic
O001451,C0482,P0023,2025-09-29,2,291.98,Organic
O001452,C0073,P0029,2025-09-29,1,24.45,Paid
O001453,C0588,P0032,2025-09-29,2,79.24,Organic
O001454,C0772,P0037,2025-09-29,3,192.54,Organic
O001455,C0118,P0003,2025-09-29,1,335.97,Organic
O001456,C0479,P0011,2025-09-29,1,45.43,Organic
O001457,C0131,P0009,2025-09-29,2,152.56,Referral
O001458,C0440,P0018,2025-09-29,2,174.42,Paid
O001459,C0028,P0019,2025-09-29,1,65.77,Paid
O001460,C0571,P0017,2025-09-29,3,369.84,Email
O001461,C0658,P0029,2025-09-29,2,48.9,Paid
O001462,C0127,P0025,2025-09-29,1,27.01,Organic
O001463,C0581,P0039,2025-09-29,3,331.53,Organic
O001464,C0232,P0036,2025-09-29,1,23.73,Organic
O001465,C0551,P0040,2025-09-29,2,120.98,Referral
O001466,C0246,P0039,2025-09-29,1,110.51,Paid
O001467,C0790,P0008,2025-09-30,1,189.39,Organic
O001468,C0799,P0010,2025-09-30,3,58.2,Email
O001469,C0596,P0014,2025-09-30,3,163.5,Organic
O001470,C0540,P0009,2025-09-30,1,76.28,Organic
O001471,C0275,P0010,2025-09-30,3,58.2,Paid
O001472,C0394,P0020,2025-09-30,2,290.68,Organic
O001473,C0251,P0024,2025-09-30,1,95.17,Organic
O001474,C0576,P0021,2025-09-30,1,111.76,Email
O001475,C0565,P0030,2025-09-30,1,27.21,Referral
O001476,C0362,P0035,2025-09-30,1,60.4,Organic
O001477,C0129,P0033,2025-09-30,1,35.18,Referral
O001478,C0504,P0037,2025-09-30,3,192.54,Paid
O001479,C0063,P0007,2025-09-30,3,203.79,Email
O001480,C0447,P0004,2025-09-30,1,181.86,Organic
O001481,C0171,P0007,2025-09-30,1,67.93,Paid
O001482,C0558,P0011,2025-09-30,2,90.86,Referral
O001483,C0187,P0010,2025-09-30,1,19.4,Email
O001484,C0423,P0009,2025-09-30,1,76.28,Organic
O001485,C0739,P0009,2025-09-30,1,76.28,Organic
O001486,C0288,P0018,2025-09-30,3,261.63,Organic
O001487,C0441,P0019,2025-09-30,3,197.31,Paid
O001488,C0672,P0024,2025-09-30,3,285.51,Paid
O001489,C0329,P0017,2025-09-30,3,369.84,Organic
O001490,C0115,P0029,2025-09-30,2,48.9,Paid
O001491,C0416,P0031,2025-09-30,3,178.2,Organic
O001492,C0162,P0025,2025-09-30,3,81.03,Organic
O001493,C0206,P0032,2025-09-30,2,79.24,Email
O001494,C0640,P0032,2025-09-30,3,118.86,Organic
O001495,C0779,P0036,2025-09-30,1,23.73,Organic
O001496,C0468,P0037,2025-09-30,2,128.36,Paid
O001497,C0457,P0034,2025-09-30,1,53.91,Organic
O001498,C0586,P0006,2025-09-30,2,175.08,Organic
O001499,C0181,P0014,2025-09-30,1,54.5,Organic
O001500,C0545,P0018,2025-09-30,1,87.21,Referral
O001501,C0480,P0021,2025-09-30,2,223.52,Organic
O001502,C0643,P0013,2025-09-30,3,134.58,Organic
O001503,C0666,P0008,2025-10-01,2,378.78,Organic
O001504,C0297,P0005,2025-10-01,1,66.32,Email
O001505,C0403,P0015,2025-10-01,2,110.28,Email
O001506,C0562,P0023,2025-10-01,3,437.97,Organic
O001507,C0703,P0022,2025-10-01,3,123.57,Paid
O001508,C0323,P0020,2025-10-01,3,436.02,Paid
O001509,C0279,P0026,2025-10-01,1,21.87,Referral
O001510,C0654,P0032,2025-10-01,2,79.24,Paid
O001511,C0051,P0027,2025-10-01,3,40.17,Paid
O001512,C0636,P0039,2025-10-01,3,331.53,Organic
O001513,C0081,P0002,2025-10-01,2,534.12,Paid
O001514,C0278,P0005,2025-10-01,1,66.32,Organic
O001515,C0516,P0002,2025-10-01,2,534.12,Referral
O001516,C0364,P0009,2025-10-01,1,76.28,Email
O001517,C0154,P0010,2025-10-01,1,19.4,Email
O001518,C0723,P0018,2025-10-01,3,261.63,Organic
O001519,C0106,P0020,2025-10-01,1,145.34,Organic
O001520,C0407,P0020,2025-10-01,1,145.34,Organic
O001521,C0309,P0030,2025-10-01,1,27.21,Organic
O001522,C0077,P0029,2025-10-01,1,24.45,Email
O001523,C0696,P0025,2025-10-01,2,54.02,Paid
O001524,C0264,P0028,2025-10-01,1,22.2,Paid
O001525,C0719,P0031,2025-10-01,3,178.2,Organic
O001526,C0696,P0036,2025-10-01,3,71.19,Paid
O001527,C0739,P0034,2025-10-01,2,107.82,Organic
O001528,C0278,P0034,2025-10-01,2,107.82,Organic
O001529,C0059,P0040,2025-10-01,2,120.98,Paid
O001530,C0547,P0016,2025-10-01,2,60.6,Organic
O001531,C0342,P0021,2025-10-01,2,223.52,Organic
O001532,C0318,P0019,2025-10-01,2,131.54,Organic
O001533,C0437,P0021,2025-10-01,3,335.28,Paid
O001534,C0181,P0024,2025-10-01,1,95.17,Organic
O001535,C0629,P0028,2025-10-01,2,44.4,Organic
O001536,C0618,P0040,2025-10-01,3,181.47,Organic
O001537,C0093,P0014,2025-10-01,1,54.5,Organic
O001538,C0675,P0012,2025-10-01,1,45.06,Organic
O001539,C0133,P0015,2025-10-01,1,55.14,Paid
O001540,C0246,P0011,2025-10-01,2,90.86,Paid
O001541,C0198,P0021,2025-10-01,2,223.52,Paid
O001542,C0178,P0023,2025-10-01,2,291.98,Paid
O001543,C0351,P0025,2025-10-01,2,54.02,Paid
O001544,C0736,P0025,2025-10-01,2,54.02,Email
O001545,C0133,P0032,2025-10-01,1,39.62,Organic
O001546,C0494,P0026,2025-10-01,3,65.61,Organic
O001547,C0650,P0029,2025-10-01,2,48.9,Organic
O001548,C0089,P0040,2025-10-01,3,181.47,Email
O001549,C0053,P0040,2025-10-01,2,120.98,Organic
O001550,C0415,P0017,2025-10-02,1,123.28,Organic
O001551,C0394,P0024,2025-10-02,1,95.17,Email
O001552,C0756,P0023,2025-10-02,1,145.99,Organic
O001553,C0382,P0031,2025-10-02,2,118.8,Organic
O001554,C0311,P0028,2025-10-02,2,44.4,Organic
O001555,C0045,P0026,2025-10-02,1,21.87,Paid
O001556,C0718,P0038,2025-10-02,1,68.37,Referral
O001557,C0577,P0001,2025-10-02,3,120.9,Paid
O001558,C0464,P0001,2025-10-02,3,120.9,Email
O001559,C0018,P0013,2025-10-02,3,134.58,Organic
O001560,C0516,P0012,2025-10-02,1,45.06,Organic
O001561,C0735,P0015,2025-10-02,3,165.42,Organic
O001562,C0164,P0016,2025-10-02,3,90.9,Paid
O001563,C0688,P0011,2025-10-02,3,136.29,Organic
O001564,C0438,P0021,2025-10-02,3,335.28,Paid
O001565,C0194,P0027,2025-10-02,3,40.17,Referral
O001566,C0329,P0034,2025-10-02,1,53.91,Organic
O001567,C0265,P0037,2025-10-02,3,192.54,Organic
O001568,C0457,P0039,2025-10-02,3,331.53,Email
O001569,C0456,P0007,2025-10-02,1,67.93,Organic
O001570,C0318,P0004,2025-10-02,2,363.72,Referral
O001571,C0800,P0001,2025-10-02,2,80.6,Email
O001572,C0785,P0006,2025-10-02,3,262.62,Paid
O001573,C0677,P0011,2025-10-02,1,45.43,Email
O001574,C0742,P0015,2025-10-02,3,165.42,Referral
O001575,C0270,P0017,2025-10-02,3,369.84,Paid
O001576,C0216,P0025,2025-10-02,2,54.02,Organic
O001577,C0545,P0027,2025-10-02,3,40.17,Paid
O001578,C0656,P0032,2025-10-02,1,39.62,Paid
O001579,C0635,P0027,2025-10-02,1,13.39,Referral
O001580,C0135,P0038,2025-10-02,3,205.11,Organic
O001581,C0591,P0034,2025-10-02,3,161.73,Email
O001582,C0147,P0003,2025-10-02,2,671.94,Organic
O001583,C0236,P0016,2025-10-02,1,30.3,Referral
O001584,C0366,P0018,2025-10-02,3,261.63,Organic
O001585,C0713,P0018,2025-10-02,2,174.42,Organic
O001586,C0652,P0027,2025-10-02,2,26.78,Paid
O001587,C0713,P0034,2025-10-02,3,161.73,Referral
O001588,C0561,P0040,2025-10-02,2,120.98,Organic
O001589,C0664,P0035,2025-10-02,3,181.2,Organic
O001590,C0604,P0034,2025-10-02,3,161.73,Organic
O001591,C0255,P0038,2025-10-02,3,205.11,Paid
O001592,C0796,P0021,2025-10-03,2,223.52,Referral
O001593,C0665,P0017,2025-10-03,3,369.84,Organic
O001594,C0275,P0027,2025-10-03,1,13.39,Organic
O001595,C0793,P0032,2025-10-03,3,118.86,Email
O001596,C0469,P0026,2025-10-03,3,65.61,Paid
O001597,C0636,P0039,2025-10-03,3,331.53,Organic
O001598,C0457,P0002,2025-10-03,2,534.12,Paid
O001599,C0783,P0004,2025-10-03,3,545.58,Organic
O001600,C0264,P0012,2025-10-03,3,135.18,Organic
O001601,C0779,P0016,2025-10-03,3,90.9,Paid
O001602,C0738,P0011,2025-10-03,2,90.86,Email
O001603,C0674,P0024,2025-10-03,2,190.34,Paid
O001604,C0171,P0023,2025-10-03,3,437.97,Email
O001605,C0054,P0023,2025-10-03,2,291.98,Paid
O001606,C0414,P0024,2025-10-03,1,95.17,Organic
O001607,C0671,P0025,2025-10-03,1,27.01,Paid
O001608,C0779,P0036,2025-10-03,3,71.19,Email
O001609,C0579,P0012,2025-10-03,2,90.12,Referral
O001610,C0352,P0012,2025-10-03,1,45.06,Organic
O001611,C0788,P0021,2025-10-03,2,223.52,Paid
O001612,C0060,P0023,2025-10-03,2,291.98,Referral
O001613,C0570,P0037,2025-10-03,1,64.18,Organic
O001614,C0127,P0003,2025-10-03,3,1007.91,Paid
O001615,C0710,P0008,2025-10-03,2,378.78,Paid
O001616,C0455,P0021,2025-10-03,3,335.28,Paid
O001617,C0351,P0017,2025-10-03,1,123.28,Paid
O001618,C0251,P0001,2025-10-04,2,80.6,Email
O001619,C0233,P0004,2025-10-04,1,181.86,Paid
O001620,C0488,P0001,2025-10-04,2,80.6,Email
O001621,C0665,P0007,2025-10-04,1,67.93,Paid
O001622,C0248,P0010,2025-10-04,3,58.2,Paid
O001623,C0275,P0015,2025-10-04,2,110.28,Organic
O001624,C0245,P0020,2025-10-04,1,145.34,Referral
O001625,C0793,P0023,2025-10-04,2,291.98,Referral
O001626,C0638,P0019,2025-10-04,1,65.77,Referral
O001627,C0371,P0021,2025-10-04,3,335.28,Paid
O001628,C0279,P0025,2025-10-04,2,54.02,Paid
O001629,C0079,P0026,2025-10-04,3,65.61,Paid
O001630,C0190,P0030,2025-10-04,1,27.21,Paid
O001631,C0538,P0026,2025-10-04,1,21.87,Email
O001632,C0268,P0029,2025-10-04,1,24.45,Paid
O001633,C0375,P0028,2025-10-04,3,66.6,Organic
O001634,C0113,P0034,2025-10-04,3,161.73,Paid
O001635,C0793,P0033,2025-10-04,2,70.36,Email
O001636,C0665,P0038,2025-10-04,2,136.74,Organic
O001637,C0718,P0035,2025-10-04,2,120.8,Organic
O001638,C0182,P0007,2025-10-04,3,203.79,Organic
O001639,C0192,P0005,2025-10-04,2,132.64,Organic
O001640,C0090,P0005,2025-10-04,3,198.96,Organic
O001641,C0566,P0012,2025-10-04,1,45.06,Email
O001642,C0472,P0015,2025-10-04,2,110.28,Paid
O001643,C0430,P0016,2025-10-04,3,90.9,Organic
O001644,C0265,P0021,2025-10-04,3,335.28,Email
O001645,C0573,P0022,2025-10-04,3,123.57,Organic
O001646,C0423,P0021,2025-10-04,3,335.28,Organic
O001647,C0092,P0021,2025-10-04,2,223.52,Paid
O001648,C0585,P0026,2025-10-04,1,21.87,Organic
O001649,C0550,P0038,2025-10-04,2,136.74,Organic
O001650,C0054,P0034,2025-10-04,3,161.73,Referral
O001651,C0694,P0040,2025-10-04,3,181.47,Organic
O001652,C0284,P0001,2025-10-04,1,40.3,Organic
O001653,C0238,P0008,2025-10-04,2,378.78,Referral
O001654,C0209,P0004,2025-10-04,1,181.86,Organic
O001655,C0772,P0014,2025-10-04,1,54.5,Paid
O001656,C0618,P0009,2025-10-04,1,76.28,Email
O001657,C0391,P0017,2025-10-04,2,246.56,Organic
O001658,C0137,P0021,2025-10-04,3,335.28,Organic
O001659,C0459,P0038,2025-10-04,2,136.74,Organic
O001660,C0165,P0038,2025-10-04,2,136.74,Organic
O001661,C0116,P0004,2025-10-04,2,363.72,Organic
O001662,C0478,P0014,2025-10-04,2,109.0,Organic
O001663,C0567,P0023,2025-10-04,1,145.99,Paid
O001664,C0487,P0018,2025-10-04,1,87.21,Organic
O001665,C0664,P0024,2025-10-04,3,285.51,Paid
O001666,C0066,P0017,2025-10-04,1,123.28,Paid
O001667,C0494,P0030,2025-10-04,3,81.63,Organic
O001668,C0351,P0026,2025-10-04,2,43.74,Referral
O001669,C0507,P0031,2025-10-04,1,59.4,Paid
O001670,C0133,P0027,2025-10-04,2,26.78,Email
O001671,C0110,P0039,2025-10-04,2,221.02,Organic
O001672,C0725,P0040,2025-10-04,3,181.47,Paid
O001673,C0366,P0037,2025-10-04,1,64.18,Organic
O001674,C0478,P0036,2025-10-04,2,47.46,Organic
O001675,C0654,P0007,2025-10-05,3,203.79,Paid
O001676,C0358,P0005,2025-10-05,3,198.96,Email
O001677,C0344,P0016,2025-10-05,2,60.6,Email
O001678,C0330,P0012,2025-10-05,3,135.18,Paid
O001679,C0771,P0012,2025-10-05,2,90.12,Paid
O001680,C0087,P0012,2025-10-05,3,135.18,Organic
O001681,C0305,P0019,2025-10-05,3,197.31,Email
O001682,C0349,P0018,2025-10-05,3,261.63,Organic
O001683,C0275,P0019,2025-10-05,3,197.31,Paid
O001684,C0344,P0029,2025-10-05,1,24.45,Paid
O001685,C0377,P0027,2025-10-05,2,26.78,Organic
O001686,C0021,P0026,2025-10-05,1,21.87,Organic
O001687,C0654,P0031,2025-10-05,2,118.8,Paid
O001688,C0021,P0040,2025-10-05,1,60.49,Organic
O001689,C0317,P0038,2025-10-05,2,136.74,Referral
O001690,C0596,P0033,2025-10-05,3,105.54,Organic
O001691,C0659,P0034,2025-10-05,1,53.91,Organic
O001692,C0680,P0003,2025-10-05,3,1007.91,Paid
O001693,C0680,P0007,2025-10-05,3,203.79,Paid
O001694,C0448,P0010,2025-10-05,3,58.2,Paid
O001695,C0696,P0009,2025-10-05,1,76.28,Organic
O001696,C0039,P0016,2025-10-05,3,90.9,Organic
O001697,C0115,P0013,2025-10-05,1,44.86,Organic
O001698,C0739,P0012,2025-10-05,3,135.18,Email
O001699,C0461,P0017,2025-10-05,3,369.84,Organic
O001700,C0162,P0019,2025-10-05,2,131.54,Organic
O001701,C0680,P0024,2025-10-05,1,95.17,Organic
O001702,C0423,P0023,2025-10-05,3,437.97,Organic
O001703,C0132,P0038,2025-10-05,2,136.74,Organic
O001704,C0058,P0005,2025-10-05,2,132.64,Paid
O001705,C0413,P0002,2025-10-05,3,801.18,Organic
O001706,C0437,P0009,2025-10-05,3,228.84,Organic
O001707,C0306,P0012,2025-10-05,1,45.06,Paid
O001708,C0097,P0011,2025-10-05,3,136.29,Paid
O001709,C0094,P0016,2025-10-05,3,90.9,Email
O001710,C0216,P0010,2025-10-05,2,38.8,Organic
O001711,C0785,P0015,2025-10-05,3,165.42,Paid
O001712,C0525,P0022,2025-10-05,2,82.38,Referral
O001713,C0635,P0028,2025-10-05,3,66.6,Referral
O001714,C0216,P0031,2025-10-05,1,59.4,Organic
O001715,C0578,P0030,2025-10-05,2,54.42,Email
O001716,C0459,P0029,2025-10-05,2,48.9,Email
O001717,C0786,P0027,2025-10-05,3,40.17,Paid
O001718,C0618,P0034,2025-10-05,1,53.91,Organic
O001719,C0483,P0039,2025-10-05,2,221.02,Organic
O001720,C0409,P0033,2025-10-05,1,35.18,Paid
O001721,C0757,P0035,2025-10-05,1,60.4,Paid
O001722,C0412,P0040,2025-10-05,2,120.98,Organic
O001723,C0266,P0007,2025-10-05,3,203.79,Organic
O001724,C0571,P0006,2025-10-05,1,87.54,Paid
O001725,C0581,P0006,2025-10-05,3,262.62,Organic
O001726,C0020,P0003,2025-10-05,1,335.97,Organic
O001727,C0116,P0004,2025-10-05,3,545.58,Email
O001728,C0507,P0003,2025-10-05,3,1007.91,Organic
O001729,C0324,P0003,2025-10-05,3,1007.91,Referral
O001730,C0496,P0004,2025-10-05,3,545.58,Paid
O001731,C0473,P0012,2025-10-05,2,90.12,Organic
O001732,C0499,P0024,2025-10-05,3,285.51,Organic
O001733,C0319,P0029,2025-10-05,2,48.9,Organic
O001734,C0652,P0031,2025-10-05,3,178.2,Email
O001735,C0690,P0028,2025-10-05,3,66.6,Organic
O001736,C0541,P0038,2025-10-05,3,205.11,Referral
O001737,C0799,P0002,2025-10-06,2,534.12,Organic
O001738,C0796,P0007,2025-10-06,1,67.93,Organic
O001739,C0397,P0003,2025-10-06,3,1007.91,Organic
O001740,C0654,P0012,2025-10-06,2,90.12,Referral
O001741,C0498,P0010,2025-10-06,3,58.2,Referral
O001742,C0067,P0011,2025-10-06,1,45.43,Organic
O001743,C0263,P0023,2025-10-06,1,145.99,Referral
O001744,C0361,P0024,2025-10-06,3,285.51,Email
O001745,C0004,P0019,2025-10-06,2,131.54,Organic
O001746,C0161,P0023,2025-10-06,1,145.99,Paid
O001747,C0305,P0025,2025-10-06,1,27.01,Email
O001748,C0666,P0026,2025-10-06,2,43.74,Email
O001749,C0335,P0038,2025-10-06,1,68.37,Paid
O001750,C0288,P0006,2025-10-06,3,262.62,Organic
O001751,C0735,P0007,2025-10-06,2,135.86,Organic
O001752,C0369,P0016,2025-10-06,3,90.9,Paid
O001753,C0585,P0013,2025-10-06,1,44.86,Organic
O001754,C0158,P0019,2025-10-06,1,65.77,Paid
O001755,C0326,P0024,2025-10-06,2,190.34,Organic
O001756,C0054,P0020,2025-10-06,3,436.02,Email
O001757,C0063,P0023,2025-10-06,3,437.97,Organic
O001758,C0326,P0028,2025-10-06,2,44.4,Organic
O001759,C0105,P0035,2025-10-06,3,181.2,Paid
O001760,C0712,P0037,2025-10-06,1,64.18,Organic
O001761,C0702,P0033,2025-10-06,2,70.36,Paid
O001762,C0097,P0007,2025-10-06,1,67.93,Paid
O001763,C0374,P0008,2025-10-06,1,189.39,Paid
O001764,C0609,P0004,2025-10-06,2,363.72,Organic
O001765,C0459,P0013,2025-10-06,2,89.72,Paid
O001766,C0785,P0020,2025-10-06,3,436.02,Organic
O001767,C0503,P0035,2025-10-06,3,181.2,Paid
O001768,C0269,P0037,2025-10-06,1,64.18,Organic
O001769,C0496,P0004,2025-10-06,2,363.72,Organic
O001770,C0223,P0015,2025-10-06,2,110.28,Organic
O001771,C0559,P0011,2025-10-06,3,136.29,Email
O001772,C0567,P0022,2025-10-06,2,82.38,Paid
O001773,C0721,P0022,2025-10-06,1,41.19,Organic
O001774,C0750,P0023,2025-10-06,3,437.97,Paid
O001775,C0036,P0017,2025-10-06,2,246.56,Referral
O001776,C0325,P0027,2025-10-06,2,26.78,Paid
O001777,C0301,P0032,2025-10-06,1,39.62,Organic
O001778,C0690,P0037,2025-10-06,2,128.36,Paid
O001779,C0561,P0033,2025-10-06,1,35.18,Organic
O001780,C0365,P0009,2025-10-07,3,228.84,Organic
O001781,C0654,P0021,2025-10-07,2,223.52,Organic
O001782,C0079,P0024,2025-10-07,3,285.51,Email
O001783,C0113,P0024,2025-10-07,3,285.51,Organic
O001784,C0504,P0026,2025-10-07,1,21.87,Paid
O001785,C0793,P0028,2025-10-07,2,44.4,Paid
O001786,C0362,P0029,2025-10-07,2,48.9,Organic
O001787,C0398,P0035,2025-10-07,1,60.4,Paid
O001788,C0600,P0039,2025-10-07,1,110.51,Organic
O001789,C0084,P0012,2025-10-07,1,45.06,Paid
O001790,C0484,P0015,2025-10-07,1,55.14,Paid
O001791,C0278,P0010,2025-10-07,2,38.8,Organic
O001792,C0475,P0010,2025-10-07,1,19.4,Organic
O001793,C0719,P0013,2025-10-07,2,89.72,Email
O001794,C0242,P0020,2025-10-07,1,145.34,Paid
O001795,C0550,P0028,2025-10-07,2,44.4,Email
O001796,C0194,P0028,2025-10-07,1,22.2,Paid
O001797,C0308,P0028,2025-10-07,1,22.2,Paid
O001798,C0414,P0040,2025-10-07,3,181.47,Organic
O001799,C0586,P0009,2025-10-07,2,152.56,Organic
O001800,C0732,P0016,2025-10-07,1,30.3,Paid
O001801,C0586,P0024,2025-10-07,2,190.34,Organic
O001802,C0354,P0029,2025-10-07,3,73.35,Organic
O001803,C0413,P0034,2025-10-07,1,53.91,Organic
O001804,C0458,P0007,2025-10-07,1,67.93,Organic
O001805,C0458,P0016,2025-10-07,3,90.9,Organic
O001806,C0338,P0018,2025-10-07,3,261.63,Email
O001807,C0147,P0033,2025-10-07,1,35.18,Organic
O001808,C0771,P0004,2025-10-08,3,545.58,Organic
O001809,C0045,P0005,2025-10-08,1,66.32,Email
O001810,C0061,P0015,2025-10-08,2,110.28,Organic
O001811,C0233,P0015,2025-10-08,3,165.42,Email
O001812,C0293,P0027,2025-10-08,1,13.39,Organic
O001813,C0071,P0027,2025-10-08,1,13.39,Paid
O001814,C0465,P0025,2025-10-08,1,27.01,Paid
O001815,C0129,P0035,2025-10-08,2,120.8,Organic
O001816,C0703,P0036,2025-10-08,3,71.19,Organic
O001817,C0245,P0040,2025-10-08,2,120.98,Email
O001818,C0038,P0003,2025-10-08,1,335.97,Organic
O001819,C0162,P0010,2025-10-08,1,19.4,Paid
O001820,C0760,P0009,2025-10-08,1,76.28,Organic
O001821,C0041,P0014,2025-10-08,3,163.5,Email
O001822,C0081,P0024,2025-10-08,2,190.34,Organic
O001823,C0733,P0024,2025-10-08,2,190.34,Paid
O001824,C0430,P0038,2025-10-08,2,136.74,Organic
O001825,C0702,P0039,2025-10-08,1,110.51,Organic
O001826,C0033,P0002,2025-10-08,2,534.12,Paid
O001827,C0454,P0010,2025-10-08,3,58.2,Organic
O001828,C0578,P0017,2025-10-08,2,246.56,Paid
O001829,C0608,P0020,2025-10-08,1,145.34,Organic
O001830,C0757,P0018,2025-10-08,2,174.42,Email
O001831,C0007,P0029,2025-10-08,3,73.35,Organic
O001832,C0586,P0040,2025-10-08,2,120.98,Referral
O001833,C0247,P0035,2025-10-08,3,181.2,Organic
O001834,C0753,P0013,2025-10-08,3,134.58,Organic
O001835,C0758,P0010,2025-10-08,3,58.2,Referral
O001836,C0036,P0011,2025-10-08,2,90.86,Email
O001837,C0682,P0017,2025-10-08,3,369.84,Paid
O001838,C0353,P0017,2025-10-08,3,369.84,Organic
O001839,C0710,P0030,2025-10-08,3,81.63,Paid
O001840,C0750,P0031,2025-10-08,1,59.4,Email
O001841,C0753,P0035,2025-10-08,1,60.4,Paid
O001842,C0530,P0039,2025-10-08,3,331.53,Paid
O001843,C0541,P0039,2025-10-08,2,221.02,Organic
O001844,C0737,P0002,2025-10-09,3,801.18,Organic
O001845,C0159,P0009,2025-10-09,3,228.84,Organic
O001846,C0796,P0015,2025-10-09,2,110.28,Organic
O001847,C0268,P0012,2025-10-09,3,135.18,Email
O001848,C0565,P0025,2025-10-09,3,81.03,Referral
O001849,C0687,P0029,2025-10-09,1,24.45,Referral
O001850,C0305,P0031,2025-10-09,3,178.2,Organic
O001851,C0302,P0036,2025-10-09,3,71.19,Paid
O001852,C0189,P0040,2025-10-09,2,120.98,Organic
O001853,C0079,P0033,2025-10-09,2,70.36,Paid
O001854,C0719,P0001,2025-10-09,2,80.6,Paid
O001855,C0475,P0004,2025-10-09,3,545.58,Paid
O001856,C0485,P0004,2025-10-09,2,363.72,Organic
O001857,C0080,P0015,2025-10-09,3,165.42,Paid
O001858,C0029,P0020,2025-10-09,2,290.68,Email
O001859,C0337,P0017,2025-10-09,3,369.84,Paid
O001860,C0080,P0028,2025-10-09,2,44.4,Paid
O001861,C0154,P0025,2025-10-09,3,81.03,Organic
O001862,C0054,P0035,2025-10-09,1,60.4,Email
O001863,C0322,P0040,2025-10-09,2,120.98,Email
O001864,C0334,P0039,2025-10-09,1,110.51,Organic
O001865,C0250,P0004,2025-10-09,2,363.72,Organic
O001866,C0261,P0002,2025-10-09,2,534.12,Organic
O001867,C0069,P0006,2025-10-09,2,175.08,Email
O001868,C0575,P0006,2025-10-09,1,87.54,Paid
O001869,C0451,P0019,2025-10-09,3,197.31,Organic
O001870,C0429,P0023,2025-10-09,2,291.98,Organic
O001871,C0002,P0025,2025-10-09,3,81.03,Referral
O001872,C0512,P0039,2025-10-09,1,110.51,Email
O001873,C0512,P0036,2025-10-09,3,71.19,Email
O001874,C0781,P0003,2025-10-09,3,1007.91,Paid
O001875,C0148,P0004,2025-10-09,3,545.58,Paid
O001876,C0601,P0006,2025-10-09,3,262.62,Paid
O001877,C0210,P0008,2025-10-09,3,568.17,Email
O001878,C0721,P0009,2025-10-09,3,228.84,Paid
O001879,C0338,P0019,2025-10-09,3,197.31,Email
O001880,C0736,P0022,2025-10-09,3,123.57,Paid
O001881,C0685,P0017,2025-10-09,1,123.28,Paid
O001882,C0236,P0032,2025-10-09,2,79.24,Email
O001883,C0191,P0028,2025-10-09,1,22.2,Organic
O001884,C0222,P0038,2025-10-09,2,136.74,Organic
O001885,C0649,P0006,2025-10-10,1,87.54,Paid
O001886,C0488,P0003,2025-10-10,3,1007.91,Organic
O001887,C0796,P0025,2025-10-10,1,27.01,Organic
O001888,C0235,P0031,2025-10-10,1,59.4,Organic
O001889,C0362,P0026,2025-10-10,1,21.87,Organic
O001890,C0268,P0033,2025-10-10,3,105.54,Email
O001891,C0059,P0006,2025-10-10,2,175.08,Paid
O001892,C0674,P0002,2025-10-10,3,801.18,Organic
O001893,C0334,P0008,2025-10-10,1,189.39,Organic
O001894,C0441,P0006,2025-10-10,2,175.08,Referral
O001895,C0077,P0001,2025-10-10,3,120.9,Organic
O001896,C0526,P0009,2025-10-10,2,152.56,Organic
O001897,C0084,P0013,2025-10-10,2,89.72,Organic
O001898,C0218,P0011,2025-10-10,3,136.29,Paid
O001899,C0724,P0021,2025-10-10,1,111.76,Organic
O001900,C0615,P0020,2025-10-10,2,290.68,Organic
O001901,C0164,P0027,2025-10-10,2,26.78,Organic
O001902,C0182,P0039,2025-10-10,2,221.02,Paid
O001903,C0751,P0004,2025-10-10,3,545.58,Organic
O001904,C0097,P0004,2025-10-10,2,363.72,Email
O001905,C0531,P0016,2025-10-10,3,90.9,Paid
O001906,C0226,P0012,2025-10-10,3,135.18,Organic
O001907,C0033,P0012,2025-10-10,3,135.18,Email
O001908,C0456,P0029,2025-10-10,2,48.9,Organic
O001909,C0785,P0039,2025-10-10,3,331.53,Email
O001910,C0512,P0036,2025-10-10,1,23.73,Paid
O001911,C0714,P0016,2025-10-10,3,90.9,Email
O001912,C0584,P0019,2025-10-10,2,131.54,Organic
O001913,C0053,P0030,2025-10-10,1,27.21,Organic
O001914,C0302,P0006,2025-10-11,2,175.08,Paid
O001915,C0003,P0004,2025-10-11,2,363.72,Email
O001916,C0297,P0004,2025-10-11,2,363.72,Paid
O001917,C0017,P0011,2025-10-11,1,45.43,Referral
O001918,C0051,P0015,2025-10-11,3,165.42,Organic
O001919,C0362,P0024,2025-10-11,1,95.17,Paid
O001920,C0025,P0017,2025-10-11,2,246.56,Organic
O001921,C0565,P0017,2025-10-11,2,246.56,Organic
O001922,C0463,P0017,2025-10-11,3,369.84,Email
O001923,C0365,P0027,2025-10-11,1,13.39,Organic
O001924,C0709,P0038,2025-10-11,3,205.11,Organic
O001925,C0600,P0038,2025-10-11,2,136.74,Organic
O001926,C0538,P0039,2025-10-11,3,331.53,Organic
O001927,C0469,P0036,2025-10-11,1,23.73,Referral
O001928,C0715,P0039,2025-10-11,2,221.02,Organic
O001929,C0606,P0037,2025-10-11,2,128.36,Paid
O001930,C0398,P0033,2025-10-11,2,70.36,Organic
O001931,C0309,P0005,2025-10-11,3,198.96,Organic
O001932,C0092,P0007,2025-10-11,1,67.93,Organic
O001933,C0696,P0010,2025-10-11,2,38.8,Organic
O001934,C0192,P0010,2025-10-11,3,58.2,Email
O001935,C0464,P0010,2025-10-11,3,58.2,Paid
O001936,C0144,P0014,2025-10-11,3,163.5,Paid
O001937,C0081,P0012,2025-10-11,2,90.12,Referral
O001938,C0081,P0012,2025-10-11,1,45.06,Referral
O001939,C0218,P0019,2025-10-11,3,197.31,Organic
O001940,C0038,P0022,2025-10-11,2,82.38,Paid
O001941,C0430,P0023,2025-10-11,2,291.98,Organic
O001942,C0337,P0032,2025-10-11,2,79.24,Organic
O001943,C0762,P0027,2025-10-11,2,26.78,Organic
O001944,C0428,P0040,2025-10-11,2,120.98,Email
O001945,C0229,P0035,2025-10-11,2,120.8,Organic
O001946,C0719,P0038,2025-10-11,3,205.11,Organic
O001947,C0150,P0034,2025-10-11,2,107.82,Paid
O001948,C0364,P0037,2025-10-11,1,64.18,Paid
O001949,C0216,P0006,2025-10-11,1,87.54,Referral
O001950,C0374,P0003,2025-10-11,2,671.94,Paid
O001951,C0267,P0007,2025-10-11,1,67.93,Referral
O001952,C0097,P0006,2025-10-11,2,175.08,Email
O001953,C0568,P0004,2025-10-11,1,181.86,Paid
O001954,C0421,P0010,2025-10-11,3,58.2,Email
O001955,C0138,P0016,2025-10-11,1,30.3,Paid
O001956,C0451,P0030,2025-10-11,2,54.42,Email
O001957,C0261,P0029,2025-10-11,2,48.9,Paid
O001958,C0609,P0029,2025-10-11,1,24.45,Paid
O001959,C0181,P0033,2025-10-11,1,35.18,Organic
O001960,C0720,P0006,2025-10-11,1,87.54,Paid
O001961,C0473,P0013,2025-10-11,1,44.86,Organic
O001962,C0667,P0011,2025-10-11,2,90.86,Organic
O001963,C0581,P0011,2025-10-11,3,136.29,Paid
O001964,C0614,P0021,2025-10-11,1,111.76,Organic
O001965,C0222,P0020,2025-10-11,1,145.34,Organic
O001966,C0473,P0030,2025-10-11,3,81.63,Paid
O001967,C0455,P0030,2025-10-11,3,81.63,Organic
O001968,C0725,P0031,2025-10-11,1,59.4,Organic
O001969,C0466,P0036,2025-10-11,2,47.46,Organic
O001970,C0654,P0004,2025-10-12,2,363.72,Organic
O001971,C0371,P0012,2025-10-12,3,135.18,Organic
O001972,C0136,P0016,2025-10-12,1,30.3,Organic
O001973,C0679,P0022,2025-10-12,1,41.19,Referral
O001974,C0129,P0022,2025-10-12,3,123.57,Organic
O001975,C0087,P0030,2025-10-12,1,27.21,Organic
O001976,C0249,P0036,2025-10-12,2,47.46,Email
O001977,C0716,P0038,2025-10-12,3,205.11,Email
O001978,C0762,P0005,2025-10-12,1,66.32,Organic
O001979,C0760,P0001,2025-10-12,3,120.9,Referral
O001980,C0674,P0008,2025-10-12,3,568.17,Paid
O001981,C0326,P0008,2025-10-12,2,378.78,Organic
O001982,C0356,P0008,2025-10-12,3,568.17,Email
O001983,C0539,P0003,2025-10-12,1,335.97,Organic
O001984,C0448,P0004,2025-10-12,3,545.58,Organic
O001985,C0485,P0002,2025-10-12,2,534.12,Organic
O001986,C0369,P0013,2025-10-12,2,89.72,Organic
O001987,C0026,P0009,2025-10-12,1,76.28,Referral
O001988,C0018,P0016,2025-10-12,3,90.9,Email
O001989,C0106,P0017,2025-10-12,3,369.84,Organic
O001990,C0340,P0024,2025-10-12,3,285.51,Referral
O001991,C0577,P0020,2025-10-12,3,436.02,Organic
O001992,C0054,P0024,2025-10-12,2,190.34,Organic
O001993,C0464,P0032,2025-10-12,3,118.86,Organic
O001994,C0038,P0030,2025-10-12,3,81.63,Organic
O001995,C0426,P0032,2025-10-12,1,39.62,Email
O001996,C0182,P0029,2025-10-12,3,73.35,Organic
O001997,C0103,P0035,2025-10-12,3,181.2,Paid
O001998,C0340,P0034,2025-10-12,1,53.91,Email
O001999,C0138,P0004,2025-10-12,1,181.86,Paid
O002000,C0318,P0013,2025-10-12,1,44.86,Organic
O002001,C0493,P0013,2025-10-12,2,89.72,Organic
O002002,C0396,P0015,2025-10-12,2,110.28,Paid
O002003,C0094,P0020,2025-10-12,3,436.02,Referral
O002004,C0363,P0018,2025-10-12,3,261.63,Organic
O002005,C0608,P0024,2025-10-12,3,285.51,Email
O002006,C0411,P0025,2025-10-12,2,54.02,Organic
O002007,C0589,P0033,2025-10-12,3,105.54,Organic
O002008,C0710,P0004,2025-10-12,3,545.58,Email
O002009,C0172,P0004,2025-10-12,1,181.86,Paid
O002010,C0093,P0010,2025-10-12,2,38.8,Organic
O002011,C0561,P0013,2025-10-12,3,134.58,Email
O002012,C0173,P0011,2025-10-12,1,45.43,Organic
O002013,C0343,P0019,2025-10-12,3,197.31,Paid
O002014,C0584,P0023,2025-10-12,1,145.99,Paid
O002015,C0750,P0032,2025-10-12,3,118.86,Paid
O002016,C0561,P0030,2025-10-12,2,54.42,Referral
O002017,C0359,P0033,2025-10-12,3,105.54,Paid
O002018,C0095,P0039,2025-10-12,1,110.51,Paid
O002019,C0469,P0010,2025-10-13,3,58.2,Organic
O002020,C0557,P0010,2025-10-13,2,38.8,Organic
O002021,C0061,P0014,2025-10-13,1,54.5,Paid
O002022,C0279,P0009,2025-10-13,3,228.84,Organic
O002023,C0323,P0017,2025-10-13,1,123.28,Organic
O002024,C0021,P0032,2025-10-13,3,118.86,Organic
O002025,C0665,P0036,2025-10-13,1,23.73,Referral
O002026,C0397,P0040,2025-10-13,2,120.98,Organic
O002027,C0796,P0035,2025-10-13,2,120.8,Email
O002028,C0241,P0035,2025-10-13,3,181.2,Referral
O002029,C0778,P0001,2025-10-13,1,40.3,Paid
O002030,C0243,P0006,2025-10-13,2,175.08,Paid
O002031,C0194,P0002,2025-10-13,2,534.12,Organic
O002032,C0759,P0016,2025-10-13,1,30.3,Paid
O002033,C0022,P0009,2025-10-13,1,76.28,Organic
O002034,C0566,P0010,2025-10-13,3,58.2,Organic
O002035,C0340,P0009,2025-10-13,3,228.84,Organic
O002036,C0516,P0014,2025-10-13,2,109.0,Referral
O002037,C0671,P0024,2025-10-13,3,285.51,Organic
O002038,C0484,P0023,2025-10-13,2,291.98,Organic
O002039,C0740,P0024,2025-10-13,1,95.17,Organic
O002040,C0558,P0018,2025-10-13,3,261.63,Paid
O002041,C0188,P0029,2025-10-13,3,73.35,Organic
O002042,C0674,P0029,2025-10-13,1,24.45,Referral
O002043,C0081,P0030,2025-10-13,1,27.21,Referral
O002044,C0526,P0032,2025-10-13,3,118.86,Paid
O002045,C0740,P0026,2025-10-13,2,43.74,Organic
O002046,C0286,P0039,2025-10-13,3,331.53,Organic
O002047,C0069,P0007,2025-10-13,2,135.86,Paid
O002048,C0209,P0004,2025-10-13,1,181.86,Organic
O002049,C0060,P0001,2025-10-13,1,40.3,Organic
O002050,C0181,P0005,2025-10-13,1,66.32,Email
O002051,C0757,P0015,2025-10-13,2,110.28,Referral
O002052,C0137,P0015,2025-10-13,1,55.14,Email
O002053,C0291,P0015,2025-10-13,2,110.28,Paid
O002054,C0772,P0015,2025-10-13,2,110.28,Email
O002055,C0291,P0017,2025-10-13,1,123.28,Organic
O002056,C0209,P0023,2025-10-13,2,291.98,Referral
O002057,C0635,P0026,2025-10-13,2,43.74,Paid
O002058,C0165,P0029,2025-10-13,3,73.35,Paid
O002059,C0227,P0025,2025-10-13,1,27.01,Organic
O002060,C0216,P0031,2025-10-13,1,59.4,Organic
O002061,C0097,P0031,2025-10-13,1,59.4,Organic
O002062,C0058,P0036,2025-10-13,1,23.73,Organic
O002063,C0742,P0040,2025-10-13,1,60.49,Email
O002064,C0318,P0038,2025-10-13,3,205.11,Paid
O002065,C0629,P0035,2025-10-13,3,181.2,Email
O002066,C0454,P0039,2025-10-13,3,331.53,Email
O002067,C0324,P0005,2025-10-13,1,66.32,Email
O002068,C0561,P0003,2025-10-13,2,671.94,Paid
O002069,C0580,P0006,2025-10-13,1,87.54,Organic
O002070,C0499,P0006,2025-10-13,2,175.08,Email
O002071,C0285,P0001,2025-10-13,2,80.6,Email
O002072,C0791,P0014,2025-10-13,2,109.0,Organic
O002073,C0324,P0021,2025-10-13,3,335.28,Organic
O002074,C0720,P0026,2025-10-13,1,21.87,Organic
O002075,C0499,P0038,2025-10-13,2,136.74,Organic
O002076,C0178,P0035,2025-10-13,1,60.4,Organic
O002077,C0537,P0002,2025-10-14,1,267.06,Organic
O002078,C0293,P0006,2025-10-14,3,262.62,Referral
O002079,C0330,P0002,2025-10-14,2,534.12,Paid
O002080,C0737,P0010,2025-10-14,2,38.8,Referral
O002081,C0362,P0012,2025-10-14,3,135.18,Organic
O002082,C0704,P0024,2025-10-14,2,190.34,Organic
O002083,C0240,P0030,2025-10-14,2,54.42,Paid
O002084,C0715,P0033,2025-10-14,3,105.54,Organic
O002085,C0504,P0036,2025-10-14,1,23.73,Referral
O002086,C0022,P0007,2025-10-14,2,135.86,Email
O002087,C0645,P0004,2025-10-14,3,545.58,Paid
O002088,C0117,P0002,2025-10-14,3,801.18,Paid
O002089,C0188,P0006,2025-10-14,2,175.08,Email
O002090,C0038,P0011,2025-10-14,2,90.86,Paid
O002091,C0022,P0011,2025-10-14,2,90.86,Organic
O002092,C0457,P0017,2025-10-14,2,246.56,Referral
O002093,C0423,P0019,2025-10-14,1,65.77,Organic
O002094,C0727,P0032,2025-10-14,3,118.86,Paid
O002095,C0447,P0027,2025-10-14,3,40.17,Organic
O002096,C0539,P0038,2025-10-14,2,136.74,Organic
O002097,C0566,P0039,2025-10-14,2,221.02,Organic
O002098,C0484,P0036,2025-10-14,2,47.46,Organic
O002099,C0165,P0008,2025-10-14,3,568.17,Organic
O002100,C0483,P0008,2025-10-14,3,568.17,Organic
O002101,C0327,P0013,2025-10-14,1,44.86,Email
O002102,C0656,P0021,2025-10-14,2,223.52,Paid
O002103,C0578,P0020,2025-10-14,3,436.02,Paid
O002104,C0098,P0029,2025-10-14,3,73.35,Organic
O002105,C0570,P0030,2025-10-14,2,54.42,Referral
O002106,C0165,P0026,2025-10-14,3,65.61,Paid
O002107,C0299,P0027,2025-10-14,1,13.39,Organic
O002108,C0512,P0034,2025-10-14,1,53.91,Referral
O002109,C0483,P0037,2025-10-14,1,64.18,Organic
O002110,C0456,P0037,2025-10-14,2,128.36,Email
O002111,C0721,P0005,2025-10-14,2,132.64,Organic
O002112,C0338,P0009,2025-10-14,1,76.28,Organic
O002113,C0581,P0023,2025-10-14,2,291.98,Organic
O002114,C0791,P0032,2025-10-14,1,39.62,Organic
O002115,C0185,P0031,2025-10-14,2,118.8,Organic
O002116,C0758,P0029,2025-10-14,3,73.35,Organic
O002117,C0479,P0035,2025-10-14,3,181.2,Organic
O002118,C0087,P0003,2025-10-15,1,335.97,Email
O002119,C0031,P0003,2025-10-15,2,671.94,Organic
O002120,C0659,P0003,2025-10-15,3,1007.91,Referral
O002121,C0321,P0005,2025-10-15,3,198.96,Organic
O002122,C0666,P0010,2025-10-15,2,38.8,Paid
O002123,C0311,P0016,2025-10-15,2,60.6,Organic
O002124,C0031,P0012,2025-10-15,3,135.18,Organic
O002125,C0520,P0027,2025-10-15,2,26.78,Organic
O002126,C0297,P0032,2025-10-15,1,39.62,Organic
O002127,C0565,P0032,2025-10-15,3,118.86,Referral
O002128,C0390,P0034,2025-10-15,3,161.73,Email
O002129,C0704,P0034,2025-10-15,2,107.82,Paid
O002130,C0638,P0038,2025-10-15,1,68.37,Organic
O002131,C0175,P0036,2025-10-15,2,47.46,Organic
O002132,C0249,P0036,2025-10-15,3,71.19,Email
O002133,C0106,P0001,2025-10-15,2,80.6,Organic
O002134,C0526,P0005,2025-10-15,2,132.64,Organic
O002135,C0738,P0010,2025-10-15,2,38.8,Organic
O002136,C0585,P0016,2025-10-15,3,90.9,Paid
O002137,C0308,P0016,2025-10-15,2,60.6,Paid
O002138,C0688,P0016,2025-10-15,1,30.3,Email
O002139,C0393,P0017,2025-10-15,3,369.84,Paid
O002140,C0288,P0024,2025-10-15,3,285.51,Organic
O002141,C0322,P0029,2025-10-15,1,24.45,Paid
O002142,C0264,P0030,2025-10-15,1,27.21,Paid
O002143,C0688,P0034,2025-10-15,3,161.73,Organic
O002144,C0645,P0038,2025-10-15,1,68.37,Email
O002145,C0475,P0040,2025-10-15,3,181.47,Organic
O002146,C0512,P0006,2025-10-15,1,87.54,Paid
O002147,C0002,P0002,2025-10-15,3,801.18,Organic
O002148,C0327,P0001,2025-10-15,3,120.9,Paid
O002149,C0137,P0013,2025-10-15,1,44.86,Email
O002150,C0773,P0010,2025-10-15,1,19.4,Email
O002151,C0083,P0011,2025-10-15,2,90.86,Paid
O002152,C0216,P0030,2025-10-15,2,54.42,Organic
O002153,C0355,P0028,2025-10-15,3,66.6,Organic
O002154,C0531,P0040,2025-10-15,1,60.49,Organic
O002155,C0568,P0035,2025-10-15,2,120.8,Organic
O002156,C0012,P0037,2025-10-15,3,192.54,Email
O002157,C0535,P0033,2025-10-15,3,105.54,Paid
O002158,C0497,P0033,2025-10-15,3,105.54,Organic
O002159,C0116,P0002,2025-10-15,2,534.12,Organic
O002160,C0193,P0001,2025-10-15,3,120.9,Organic
O002161,C0514,P0001,2025-10-15,1,40.3,Referral
O002162,C0325,P0009,2025-10-15,1,76.28,Paid
O002163,C0682,P0031,2025-10-15,2,118.8,Organic
O002164,C0055,P0032,2025-10-15,3,118.86,Referral
O002165,C0601,P0031,2025-10-15,3,178.2,Paid
O002166,C0720,P0028,2025-10-15,2,44.4,Paid
O002167,C0118,P0034,2025-10-15,1,53.91,Organic
O002168,C0685,P0036,2025-10-15,3,71.19,Email
O002169,C0321,P0002,2025-10-16,1,267.06,Organic
O002170,C0649,P0005,2025-10-16,2,132.64,Organic
O002171,C0377,P0014,2025-10-16,1,54.5,Paid
O002172,C0377,P0012,2025-10-16,3,135.18,Email
O002173,C0679,P0015,2025-10-16,3,165.42,Organic
O002174,C0384,P0028,2025-10-16,1,22.2,Referral
O002175,C0469,P0027,2025-10-16,3,40.17,Referral
O002176,C0790,P0026,2025-10-16,3,65.61,Email
O002177,C0085,P0027,2025-10-16,2,26.78,Paid
O002178,C0733,P0002,2025-10-16,3,801.18,Referral
O002179,C0139,P0012,2025-10-16,2,90.12,Organic
O002180,C0468,P0013,2025-10-16,3,134.58,Paid
O002181,C0171,P0022,2025-10-16,2,82.38,Organic
O002182,C0188,P0022,2025-10-16,3,123.57,Organic
O002183,C0054,P0017,2025-10-16,3,369.84,Organic
O002184,C0081,P0031,2025-10-16,1,59.4,Paid
O002185,C0105,P0037,2025-10-16,1,64.18,Referral
O002186,C0194,P0036,2025-10-16,2,47.46,Paid
O002187,C0162,P0040,2025-10-16,1,60.49,Organic
O002188,C0374,P0008,2025-10-16,1,189.39,Organic
O002189,C0503,P0008,2025-10-16,3,568.17,Organic
O002190,C0284,P0003,2025-10-16,3,1007.91,Organic
O002191,C0409,P0003,2025-10-16,3,1007.91,Organic
O002192,C0593,P0007,2025-10-16,2,135.86,Organic
O002193,C0785,P0016,2025-10-16,3,90.9,Organic
O002194,C0226,P0024,2025-10-16,2,190.34,Paid
O002195,C0800,P0024,2025-10-16,2,190.34,Email
O002196,C0579,P0026,2025-10-16,1,21.87,Referral
O002197,C0137,P0025,2025-10-16,2,54.02,Paid
O002198,C0639,P0035,2025-10-16,2,120.8,Paid
O002199,C0435,P0040,2025-10-16,3,181.47,Referral
O002200,C0512,P0040,2025-10-16,2,120.98,Organic
O002201,C0567,P0016,2025-10-16,1,30.3,Paid
O002202,C0118,P0017,2025-10-16,1,123.28,Organic
O002203,C0507,P0025,2025-10-16,1,27.01,Paid
O002204,C0178,P0026,2025-10-16,3,65.61,Paid
O002205,C0710,P0039,2025-10-16,3,331.53,Paid
O002206,C0540,P0003,2025-10-17,1,335.97,Organic
O002207,C0792,P0009,2025-10-17,2,152.56,Referral
O002208,C0488,P0016,2025-10-17,3,90.9,Paid
O002209,C0737,P0010,2025-10-17,3,58.2,Organic
O002210,C0583,P0019,2025-10-17,2,131.54,Paid
O002211,C0275,P0019,2025-10-17,3,197.31,Paid
O002212,C0302,P0030,2025-10-17,3,81.63,Organic
O002213,C0540,P0026,2025-10-17,1,21.87,Email
O002214,C0606,P0031,2025-10-17,1,59.4,Organic
O002215,C0031,P0035,2025-10-17,3,181.2,Paid
O002216,C0735,P0001,2025-10-17,1,40.3,Referral
O002217,C0150,P0002,2025-10-17,3,801.18,Organic
O002218,C0539,P0006,2025-10-17,1,87.54,Organic
O002219,C0485,P0002,2025-10-17,1,267.06,Email
O002220,C0242,P0011,2025-10-17,2,90.86,Referral
O002221,C0489,P0016,2025-10-17,2,60.6,Paid
O002222,C0400,P0015,2025-10-17,1,55.14,Referral
O002223,C0778,P0019,2025-10-17,3,197.31,Paid
O002224,C0018,P0021,2025-10-17,3,335.28,Paid
O002225,C0410,P0017,2025-10-17,2,246.56,Organic
O002226,C0393,P0031,2025-10-17,3,178.2,Organic
O002227,C0038,P0031,2025-10-17,2,118.8,Paid
O002228,C0026,P0031,2025-10-17,1,59.4,Paid
O002229,C0234,P0028,2025-10-17,1,22.2,Organic
O002230,C0688,P0026,2025-10-17,3,65.61,Organic
O002231,C0288,P0031,2025-10-17,2,118.8,Organic
O002232,C0762,P0040,2025-10-17,1,60.49,Email
O002233,C0300,P0040,2025-10-17,2,120.98,Organic
O002234,C0063,P0034,2025-10-17,3,161.73,Organic
O002235,C0696,P0033,2025-10-17,1,35.18,Email
O002236,C0511,P0034,2025-10-17,2,107.82,Email
O002237,C0060,P0004,2025-10-17,1,181.86,Email
O002238,C0512,P0006,2025-10-17,3,262.62,Paid
O002239,C0396,P0010,2025-10-17,2,38.8,Email
O002240,C0411,P0016,2025-10-17,1,30.3,Paid
O002241,C0663,P0031,2025-10-17,2,118.8,Organic
O002242,C0568,P0032,2025-10-17,1,39.62,Organic
O002243,C0009,P0029,2025-10-17,3,73.35,Email
O002244,C0677,P0031,2025-10-17,3,178.2,Organic
O002245,C0486,P0036,2025-10-17,1,23.73,Paid
O002246,C0650,P0014,2025-10-17,1,54.5,Paid
O002247,C0561,P0017,2025-10-17,3,369.84,Email
O002248,C0320,P0026,2025-10-17,1,21.87,Organic
O002249,C0068,P0036,2025-10-17,3,71.19,Referral
O002250,C0532,P0039,2025-10-17,3,331.53,Referral
O002251,C0133,P0038,2025-10-17,2,136.74,Paid
O002252,C0650,P0033,2025-10-17,3,105.54,Organic
O002253,C0386,P0005,2025-10-18,3,198.96,Organic
O002254,C0124,P0003,2025-10-18,2,671.94,Paid
O002255,C0365,P0015,2025-10-18,2,110.28,Email
O002256,C0377,P0013,2025-10-18,1,44.86,Paid
O002257,C0302,P0015,2025-10-18,1,55.14,Organic
O002258,C0275,P0016,2025-10-18,3,90.9,Paid
O002259,C0600,P0024,2025-10-18,2,190.34,Organic
O002260,C0718,P0018,2025-10-18,3,261.63,Organic
O002261,C0124,P0019,2025-10-18,1,65.77,Paid
O002262,C0549,P0024,2025-10-18,2,190.34,Organic
O002263,C0297,P0024,2025-10-18,1,95.17,Paid
O002264,C0050,P0020,2025-10-18,2,290.68,Organic
O002265,C0251,P0030,2025-10-18,1,27.21,Paid
O002266,C0045,P0027,2025-10-18,3,40.17,Organic
O002267,C0245,P0033,2025-10-18,2,70.36,Organic
O002268,C0021,P0038,2025-10-18,2,136.74,Organic
O002269,C0655,P0040,2025-10-18,1,60.49,Email
O002270,C0032,P0002,2025-10-18,1,267.06,Organic
O002271,C0733,P0003,2025-10-18,2,671.94,Organic
O002272,C0158,P0006,2025-10-18,1,87.54,Referral
O002273,C0770,P0003,2025-10-18,1,335.97,Email
O002274,C0234,P0002,2025-10-18,3,801.18,Organic
O002275,C0103,P0009,2025-10-18,1,76.28,Email
O002276,C0760,P0016,2025-10-18,2,60.6,Organic
O002277,C0333,P0011,2025-10-18,1,45.43,Organic
O002278,C0686,P0012,2025-10-18,1,45.06,Paid
O002279,C0696,P0023,2025-10-18,3,437.97,Referral
O002280,C0264,P0020,2025-10-18,3,436.02,Organic
O002281,C0521,P0020,2025-10-18,2,290.68,Paid
O002282,C0166,P0026,2025-10-18,3,65.61,Paid
O002283,C0526,P0031,2025-10-18,3,178.2,Organic
O002284,C0759,P0026,2025-10-18,3,65.61,Organic
O002285,C0640,P0025,2025-10-18,3,81.03,Organic
O002286,C0683,P0026,2025-10-18,2,43.74,Paid
O002287,C0624,P0028,2025-10-18,1,22.2,Organic
O002288,C0065,P0028,2025-10-18,3,66.6,Organic
O002289,C0393,P0033,2025-10-18,3,105.54,Email
O002290,C0624,P0039,2025-10-18,3,331.53,Referral
O002291,C0396,P0007,2025-10-18,2,135.86,Organic
O002292,C0216,P0007,2025-10-18,1,67.93,Paid
O002293,C0374,P0005,2025-10-18,3,198.96,Paid
O002294,C0591,P0001,2025-10-18,2,80.6,Paid
O002295,C0123,P0006,2025-10-18,3,262.62,Organic
O002296,C0570,P0001,2025-10-18,1,40.3,Organic
O002297,C0083,P0003,2025-10-18,2,671.94,Organic
O002298,C0267,P0005,2025-10-18,2,132.64,Paid
O002299,C0554,P0004,2025-10-18,1,181.86,Organic
O002300,C0342,P0007,2025-10-18,1,67.93,Organic
O002301,C0355,P0015,2025-10-18,1,55.14,Organic
O002302,C0060,P0012,2025-10-18,1,45.06,Paid
O002303,C0421,P0010,2025-10-18,2,38.8,Organic
O002304,C0355,P0015,2025-10-18,3,165.42,Email
O002305,C0749,P0023,2025-10-18,3,437.97,Organic
O002306,C0644,P0017,2025-10-18,1,123.28,Organic
O002307,C0094,P0030,2025-10-18,2,54.42,Email
O002308,C0409,P0036,2025-10-18,3,71.19,Email
O002309,C0629,P0037,2025-10-18,1,64.18,Email
O002310,C0261,P0036,2025-10-18,3,71.19,Email
O002311,C0593,P0039,2025-10-18,3,331.53,Organic
O002312,C0584,P0003,2025-10-18,1,335.97,Organic
O002313,C0283,P0011,2025-10-18,2,90.86,Organic
O002314,C0338,P0018,2025-10-18,2,174.42,Email
O002315,C0232,P0022,2025-10-18,1,41.19,Referral
O002316,C0476,P0018,2025-10-18,1,87.21,Paid
O002317,C0246,P0026,2025-10-18,3,65.61,Organic
O002318,C0028,P0028,2025-10-18,3,66.6,Referral
O002319,C0440,P0035,2025-10-18,1,60.4,Email
O002320,C0276,P0036,2025-10-18,3,71.19,Referral
O002321,C0463,P0002,2025-10-19,2,534.12,Organic
O002322,C0649,P0005,2025-10-19,3,198.96,Paid
O002323,C0665,P0003,2025-10-19,1,335.97,Organic
O002324,C0279,P0006,2025-10-19,2,175.08,Paid
O002325,C0638,P0010,2025-10-19,3,58.2,Email
O002326,C0294,P0010,2025-10-19,3,58.2,Organic
O002327,C0248,P0011,2025-10-19,1,45.43,Paid
O002328,C0344,P0024,2025-10-19,1,95.17,Paid
O002329,C0190,P0024,2025-10-19,3,285.51,Paid
O002330,C0504,P0019,2025-10-19,2,131.54,Paid
O002331,C0463,P0036,2025-10-19,2,47.46,Organic
O002332,C0659,P0036,2025-10-19,3,71.19,Paid
O002333,C0416,P0002,2025-10-19,3,801.18,Referral
O002334,C0333,P0004,2025-10-19,3,545.58,Organic
O002335,C0207,P0008,2025-10-19,3,568.17,Organic
O002336,C0322,P0003,2025-10-19,2,671.94,Paid
O002337,C0405,P0006,2025-10-19,3,262.62,Organic
O002338,C0672,P0011,2025-10-19,3,136.29,Paid
O002339,C0461,P0013,2025-10-19,3,134.58,Paid
O002340,C0485,P0013,2025-10-19,3,134.58,Organic
O002341,C0577,P0023,2025-10-19,3,437.97,Organic
O002342,C0441,P0017,2025-10-19,1,123.28,Referral
O002343,C0312,P0024,2025-10-19,3,285.51,Paid
O002344,C0063,P0022,2025-10-19,1,41.19,Organic
O002345,C0712,P0031,2025-10-19,3,178.2,Paid
O002346,C0621,P0026,2025-10-19,2,43.74,Organic
O002347,C0029,P0031,2025-10-19,3,178.2,Paid
O002348,C0393,P0038,2025-10-19,3,205.11,Organic
O002349,C0277,P0034,2025-10-19,1,53.91,Paid
O002350,C0579,P0008,2025-10-19,1,189.39,Organic
O002351,C0413,P0008,2025-10-19,1,189.39,Organic
O002352,C0570,P0008,2025-10-19,1,189.39,Organic
O002353,C0083,P0001,2025-10-19,2,80.6,Paid
O002354,C0775,P0005,2025-10-19,1,66.32,Paid
O002355,C0481,P0014,2025-10-19,1,54.5,Organic
O002356,C0568,P0010,2025-10-19,3,58.2,Organic
O002357,C0570,P0011,2025-10-19,3,136.29,Organic
O002358,C0047,P0017,2025-10-19,3,369.84,Paid
O002359,C0412,P0026,2025-10-19,1,21.87,Paid
O002360,C0355,P0025,2025-10-19,1,27.01,Paid
O002361,C0800,P0032,2025-10-19,1,39.62,Paid
O002362,C0749,P0031,2025-10-19,1,59.4,Paid
O002363,C0579,P0031,2025-10-19,2,118.8,Paid
O002364,C0531,P0035,2025-10-19,1,60.4,Organic
O002365,C0123,P0039,2025-10-19,3,331.53,Organic
O002366,C0561,P0005,2025-10-19,2,132.64,Organic
O002367,C0133,P0001,2025-10-19,3,120.9,Paid
O002368,C0246,P0015,2025-10-19,2,110.28,Paid
O002369,C0731,P0011,2025-10-19,3,136.29,Email
O002370,C0478,P0017,2025-10-19,1,123.28,Paid
O002371,C0559,P0019,2025-10-19,1,65.77,Organic
O002372,C0580,P0040,2025-10-19,2,120.98,Email
O002373,C0720,P0033,2025-10-19,1,35.18,Paid
O002374,C0675,P0038,2025-10-19,1,68.37,Paid
O002375,C0458,P0033,2025-10-19,2,70.36,Email
O002376,C0620,P0037,2025-10-19,3,192.54,Organic
O002377,C0753,P0036,2025-10-19,3,71.19,Paid
O002378,C0175,P0006,2025-10-20,2,175.08,Email
O002379,C0709,P0013,2025-10-20,2,89.72,Organic
O002380,C0061,P0012,2025-10-20,1,45.06,Paid
O002381,C0175,P0013,2025-10-20,3,134.58,Organic
O002382,C0235,P0022,2025-10-20,3,123.57,Organic
O002383,C0537,P0021,2025-10-20,1,111.76,Email
O002384,C0124,P0030,2025-10-20,3,81.63,Organic
O002385,C0439,P0032,2025-10-20,1,39.62,Organic
O002386,C0793,P0037,2025-10-20,1,64.18,Organic
O002387,C0349,P0038,2025-10-20,3,205.11,Organic
O002388,C0307,P0033,2025-10-20,1,35.18,Email
O002389,C0154,P0003,2025-10-20,2,671.94,Email
O002390,C0566,P0006,2025-10-20,1,87.54,Organic
O002391,C0624,P0009,2025-10-20,1,76.28,Referral
O002392,C0219,P0011,2025-10-20,1,45.43,Organic
O002393,C0059,P0011,2025-10-20,1,45.43,Paid
O002394,C0441,P0017,2025-10-20,1,123.28,Organic
O002395,C0428,P0017,2025-10-20,2,246.56,Email
O002396,C0521,P0020,2025-10-20,1,145.34,Paid
O002397,C0077,P0033,2025-10-20,3,105.54,Organic
O002398,C0038,P0033,2025-10-20,1,35.18,Paid
O002399,C0234,P0040,2025-10-20,2,120.98,Email
O002400,C0539,P0038,2025-10-20,2,136.74,Email
O002401,C0265,P0039,2025-10-20,1,110.51,Paid
O002402,C0585,P0039,2025-10-20,2,221.02,Organic
O002403,C0503,P0008,2025-10-20,2,378.78,Referral
O002404,C0745,P0006,2025-10-20,1,87.54,Email
O002405,C0749,P0022,2025-10-20,1,41.19,Organic
O002406,C0749,P0029,2025-10-20,1,24.45,Organic
O002407,C0608,P0034,2025-10-20,1,53.91,Organic
O002408,C0500,P0015,2025-10-20,1,55.14,Email
O002409,C0584,P0018,2025-10-20,1,87.21,Organic
O002410,C0564,P0020,2025-10-20,3,436.02,Referral
O002411,C0714,P0033,2025-10-20,2,70.36,Email
O002412,C0294,P0001,2025-10-21,3,120.9,Organic
O002413,C0565,P0005,2025-10-21,2,132.64,Organic
O002414,C0549,P0004,2025-10-21,2,363.72,Referral
O002415,C0638,P0006,2025-10-21,2,175.08,Organic
O002416,C0549,P0005,2025-10-21,1,66.32,Organic
O002417,C0180,P0013,2025-10-21,2,89.72,Organic
O002418,C0330,P0010,2025-10-21,3,58.2,Email
O002419,C0031,P0014,2025-10-21,1,54.5,Email
O002420,C0679,P0024,2025-10-21,1,95.17,Paid
O002421,C0371,P0019,2025-10-21,3,197.31,Organic
O002422,C0349,P0029,2025-10-21,1,24.45,Organic
O002423,C0371,P0032,2025-10-21,2,79.24,Organic
O002424,C0037,P0027,2025-10-21,2,26.78,Paid
O002425,C0235,P0031,2025-10-21,1,59.4,Paid
O002426,C0129,P0039,2025-10-21,2,221.02,Email
O002427,C0799,P0037,2025-10-21,1,64.18,Organic
O002428,C0707,P0035,2025-10-21,3,181.2,Organic
O002429,C0317,P0035,2025-10-21,3,181.2,Organic
O002430,C0063,P0005,2025-10-21,3,198.96,Paid
O002431,C0139,P0003,2025-10-21,3,1007.91,Referral
O002432,C0712,P0008,2025-10-21,2,378.78,Email
O002433,C0448,P0012,2025-10-21,3,135.18,Paid
O002434,C0577,P0018,2025-10-21,3,261.63,Organic
O002435,C0438,P0018,2025-10-21,1,87.21,Organic
O002436,C0065,P0027,2025-10-21,2,26.78,Email
O002437,C0400,P0028,2025-10-21,3,66.6,Paid
O002438,C0286,P0030,2025-10-21,2,54.42,Paid
O002439,C0621,P0035,2025-10-21,2,120.8,Organic
O002440,C0262,P0002,2025-10-21,2,534.12,Organic
O002441,C0352,P0008,2025-10-21,3,568.17,Referral
O002442,C0456,P0016,2025-10-21,2,60.6,Paid
O002443,C0609,P0021,2025-10-21,1,111.76,Organic
O002444,C0073,P0023,2025-10-21,3,437.97,Organic
O002445,C0765,P0032,2025-10-21,1,39.62,Referral
O002446,C0593,P0025,2025-10-21,1,27.01,Organic
O002447,C0582,P0025,2025-10-21,1,27.01,Email
O002448,C0083,P0030,2025-10-21,1,27.21,Email
O002449,C0310,P0033,2025-10-21,3,105.54,Organic
O002450,C0677,P0035,2025-10-21,3,181.2,Email
O002451,C0722,P0003,2025-10-21,2,671.94,Email
O002452,C0552,P0006,2025-10-21,1,87.54,Organic
O002453,C0210,P0002,2025-10-21,1,267.06,Organic
O002454,C0610,P0007,2025-10-21,3,203.79,Organic
O002455,C0328,P0012,2025-10-21,3,135.18,Paid
O002456,C0178,P0011,2025-10-21,1,45.43,Organic
O002457,C0494,P0016,2025-10-21,3,90.9,Email
O002458,C0178,P0011,2025-10-21,3,136.29,Email
O002459,C0690,P0019,2025-10-21,2,131.54,Organic
O002460,C0173,P0017,2025-10-21,2,246.56,Email
O002461,C0604,P0025,2025-10-21,1,27.01,Paid
O002462,C0731,P0029,2025-10-21,1,24.45,Organic
O002463,C0610,P0040,2025-10-21,3,181.47,Paid
O002464,C0643,P0040,2025-10-21,1,60.49,Organic
O002465,C0279,P0004,2025-10-22,3,545.58,Referral
O002466,C0655,P0009,2025-10-22,2,152.56,Email
O002467,C0067,P0019,2025-10-22,2,131.54,Referral
O002468,C0540,P0020,2025-10-22,1,145.34,Organic
O002469,C0317,P0032,2025-10-22,2,79.24,Paid
O002470,C0087,P0028,2025-10-22,2,44.4,Organic
O002471,C0076,P0029,2025-10-22,2,48.9,Referral
O002472,C0335,P0031,2025-10-22,1,59.4,Paid
O002473,C0538,P0040,2025-10-22,3,181.47,Organic
O002474,C0596,P0033,2025-10-22,1,35.18,Paid
O002475,C0180,P0039,2025-10-22,3,331.53,Organic
O002476,C0050,P0033,2025-10-22,2,70.36,Email
O002477,C0182,P0004,2025-10-22,1,181.86,Organic
O002478,C0783,P0016,2025-10-22,1,30.3,Paid
O002479,C0340,P0016,2025-10-22,2,60.6,Organic
O002480,C0573,P0024,2025-10-22,1,95.17,Organic
O002481,C0183,P0019,2025-10-22,2,131.54,Referral
O002482,C0621,P0019,2025-10-22,2,131.54,Organic
O002483,C0103,P0023,2025-10-22,1,145.99,Organic
O002484,C0420,P0031,2025-10-22,1,59.4,Organic
O002485,C0018,P0032,2025-10-22,3,118.86,Referral
O002486,C0277,P0039,2025-10-22,1,110.51,Organic
O002487,C0018,P0033,2025-10-22,1,35.18,Organic
O002488,C0092,P0039,2025-10-22,3,331.53,Email
O002489,C0261,P0003,2025-10-22,1,335.97,Organic
O002490,C0086,P0012,2025-10-22,3,135.18,Paid
O002491,C0373,P0015,2025-10-22,3,165.42,Paid
O002492,C0261,P0016,2025-10-22,3,90.9,Email
O002493,C0261,P0014,2025-10-22,3,163.5,Email
O002494,C0554,P0030,2025-10-22,1,27.21,Email
O002495,C0523,P0037,2025-10-22,2,128.36,Organic
O002496,C0327,P0037,2025-10-22,1,64.18,Organic
O002497,C0546,P0040,2025-10-22,3,181.47,Organic
O002498,C0507,P0005,2025-10-22,1,66.32,Organic
O002499,C0720,P0007,2025-10-22,3,203.79,Organic
O002500,C0701,P0018,2025-10-22,3,261.63,Paid
O002501,C0584,P0020,2025-10-22,1,145.34,Paid
O002502,C0626,P0022,2025-10-22,3,123.57,Organic
O002503,C0319,P0028,2025-10-22,2,44.4,Organic
O002504,C0320,P0025,2025-10-22,2,54.02,Paid
O002505,C0066,P0031,2025-10-22,3,178.2,Paid
O002506,C0366,P0040,2025-10-22,1,60.49,Organic
O002507,C0631,P0034,2025-10-22,1,53.91,Organic
O002508,C0004,P0016,2025-10-23,3,90.9,Organic
O002509,C0453,P0009,2025-10-23,2,152.56,Paid
O002510,C0293,P0016,2025-10-23,2,60.6,Organic
O002511,C0030,P0017,2025-10-23,1,123.28,Paid
O002512,C0679,P0021,2025-10-23,2,223.52,Paid
O002513,C0156,P0025,2025-10-23,2,54.02,Paid
O002514,C0655,P0030,2025-10-23,3,81.63,Organic
O002515,C0687,P0028,2025-10-23,3,66.6,Organic
O002516,C0371,P0027,2025-10-23,3,40.17,Organic
O002517,C0263,P0031,2025-10-23,3,178.2,Referral
O002518,C0641,P0040,2025-10-23,3,181.47,Referral
O002519,C0278,P0006,2025-10-23,3,262.62,Organic
O002520,C0526,P0008,2025-10-23,2,378.78,Organic
O002521,C0640,P0004,2025-10-23,1,181.86,Organic
O002522,C0265,P0006,2025-10-23,2,175.08,Paid
O002523,C0187,P0009,2025-10-23,3,228.84,Paid
O002524,C0264,P0012,2025-10-23,2,90.12,Organic
O002525,C0082,P0017,2025-10-23,2,246.56,Email
O002526,C0683,P0032,2025-10-23,1,39.62,Organic
O002527,C0723,P0032,2025-10-23,3,118.86,Paid
O002528,C0615,P0038,2025-10-23,2,136.74,Referral
O002529,C0206,P0035,2025-10-23,3,181.2,Organic
O002530,C0523,P0004,2025-10-23,1,181.86,Organic
O002531,C0513,P0014,2025-10-23,1,54.5,Organic
O002532,C0482,P0037,2025-10-23,2,128.36,Paid
O002533,C0012,P0035,2025-10-23,2,120.8,Paid
O002534,C0535,P0035,2025-10-23,1,60.4,Organic
O002535,C0751,P0038,2025-10-23,1,68.37,Paid
O002536,C0163,P0040,2025-10-23,2,120.98,Paid
O002537,C0751,P0037,2025-10-23,3,192.54,Organic
O002538,C0336,P0007,2025-10-23,2,135.86,Organic
O002539,C0729,P0005,2025-10-23,3,198.96,Referral
O002540,C0093,P0004,2025-10-23,2,363.72,Organic
O002541,C0246,P0012,2025-10-23,2,90.12,Email
O002542,C0133,P0018,2025-10-23,3,261.63,Paid
O002543,C0255,P0023,2025-10-23,1,145.99,Paid
O002544,C0066,P0021,2025-10-23,3,335.28,Organic
O002545,C0325,P0029,2025-10-23,3,73.35,Paid
O002546,C0055,P0034,2025-10-23,1,53.91,Organic
O002547,C0652,P0035,2025-10-23,1,60.4,Referral
O002548,C0576,P0006,2025-10-24,3,262.62,Email
O002549,C0638,P0006,2025-10-24,3,262.62,Paid
O002550,C0061,P0002,2025-10-24,2,534.12,Paid
O002551,C0382,P0002,2025-10-24,3,801.18,Referral
O002552,C0189,P0014,2025-10-24,2,109.0,Organic
O002553,C0021,P0009,2025-10-24,2,152.56,Email
O002554,C0248,P0009,2025-10-24,1,76.28,Organic
O002555,C0756,P0016,2025-10-24,2,60.6,Paid
O002556,C0113,P0011,2025-10-24,2,90.86,Paid
O002557,C0071,P0009,2025-10-24,1,76.28,Organic
O002558,C0771,P0022,2025-10-24,1,41.19,Paid
O002559,C0449,P0023,2025-10-24,2,291.98,Organic
O002560,C0576,P0026,2025-10-24,2,43.74,Referral
O002561,C0245,P0034,2025-10-24,2,107.82,Paid
O002562,C0347,P0004,2025-10-24,1,181.86,Paid
O002563,C0770,P0008,2025-10-24,1,189.39,Email
O002564,C0041,P0002,2025-10-24,3,801.18,Paid
O002565,C0278,P0017,2025-10-24,2,246.56,Organic
O002566,C0132,P0021,2025-10-24,2,223.52,Organic
O002567,C0656,P0003,2025-10-24,3,1007.91,Paid
O002568,C0383,P0008,2025-10-24,1,189.39,Organic
O002569,C0677,P0003,2025-10-24,3,1007.91,Organic
O002570,C0421,P0007,2025-10-24,2,135.86,Paid
O002571,C0073,P0013,2025-10-24,3,134.58,Organic
O002572,C0582,P0012,2025-10-24,3,135.18,Paid
O002573,C0073,P0020,2025-10-24,3,436.02,Organic
O002574,C0618,P0029,2025-10-24,1,24.45,Paid
O002575,C0775,P0033,2025-10-24,2,70.36,Referral
O002576,C0571,P0005,2025-10-24,2,132.64,Paid
O002577,C0604,P0007,2025-10-24,3,203.79,Paid
O002578,C0584,P0006,2025-10-24,2,175.08,Referral
O002579,C0285,P0006,2025-10-24,3,262.62,Referral
O002580,C0110,P0012,2025-10-24,3,135.18,Organic
O002581,C0246,P0009,2025-10-24,2,152.56,Paid
O002582,C0336,P0015,2025-10-24,3,165.42,Paid
O002583,C0514,P0009,2025-10-24,3,228.84,Email
O002584,C0185,P0018,2025-10-24,1,87.21,Referral
O002585,C0658,P0017,2025-10-24,3,369.84,Paid
O002586,C0143,P0005,2025-10-25,3,198.96,Organic
O002587,C0641,P0007,2025-10-25,1,67.93,Organic
O002588,C0777,P0004,2025-10-25,3,545.58,Organic
O002589,C0156,P0011,2025-10-25,2,90.86,Organic
O002590,C0636,P0010,2025-10-25,3,58.2,Paid
O002591,C0697,P0015,2025-10-25,3,165.42,Email
O002592,C0251,P0020,2025-10-25,1,145.34,Organic
O002593,C0275,P0017,2025-10-25,2,246.56,Paid
O002594,C0241,P0021,2025-10-25,1,111.76,Paid
O002595,C0136,P0027,2025-10-25,3,40.17,Referral
O002596,C0362,P0030,2025-10-25,2,54.42,Paid
O002597,C0398,P0033,2025-10-25,3,105.54,Organic
O002598,C0666,P0038,2025-10-25,2,136.74,Organic
O002599,C0184,P0039,2025-10-25,3,331.53,Paid
O002600,C0271,P0033,2025-10-25,2,70.36,Paid
O002601,C0362,P0039,2025-10-25,2,221.02,Organic
O002602,C0234,P0001,2025-10-25,3,120.9,Email
O002603,C0426,P0005,2025-10-25,2,132.64,Organic
O002604,C0723,P0009,2025-10-25,2,152.56,Paid
O002605,C0563,P0030,2025-10-25,2,54.42,Paid
O002606,C0063,P0032,2025-10-25,1,39.62,Email
O002607,C0680,P0031,2025-10-25,1,59.4,Email
O002608,C0192,P0027,2025-10-25,1,13.39,Email
O002609,C0202,P0035,2025-10-25,3,181.2,Paid
O002610,C0420,P0039,2025-10-25,1,110.51,Organic
O002611,C0738,P0033,2025-10-25,1,35.18,Organic
O002612,C0286,P0034,2025-10-25,1,53.91,Paid
O002613,C0157,P0007,2025-10-25,2,135.86,Paid
O002614,C0582,P0001,2025-10-25,1,40.3,Paid
O002615,C0396,P0007,2025-10-25,3,203.79,Paid
O002616,C0009,P0004,2025-10-25,2,363.72,Organic
O002617,C0693,P0003,2025-10-25,3,1007.91,Email
O002618,C0568,P0014,2025-10-25,1,54.5,Paid
O002619,C0635,P0010,2025-10-25,3,58.2,Paid
O002620,C0267,P0023,2025-10-25,2,291.98,Organic
O002621,C0745,P0021,2025-10-25,1,111.76,Organic
O002622,C0396,P0019,2025-10-25,1,65.77,Paid
O002623,C0421,P0024,2025-10-25,1,95.17,Organic
O002624,C0374,P0022,2025-10-25,1,41.19,Email
O002625,C0531,P0018,2025-10-25,3,261.63,Organic
O002626,C0663,P0027,2025-10-25,3,40.17,Organic
O002627,C0157,P0032,2025-10-25,1,39.62,Organic
O002628,C0749,P0034,2025-10-25,2,107.82,Organic
O002629,C0110,P0005,2025-10-25,2,132.64,Paid
O002630,C0023,P0006,2025-10-25,1,87.54,Paid
O002631,C0730,P0005,2025-10-25,1,66.32,Referral
O002632,C0532,P0006,2025-10-25,2,175.08,Paid
O002633,C0551,P0013,2025-10-25,1,44.86,Email
O002634,C0351,P0020,2025-10-25,2,290.68,Referral
O002635,C0095,P0021,2025-10-25,2,223.52,Organic
O002636,C0571,P0020,2025-10-25,3,436.02,Paid
O002637,C0148,P0027,2025-10-25,3,40.17,Organic
O002638,C0232,P0025,2025-10-25,3,81.03,Organic
O002639,C0148,P0030,2025-10-25,1,27.21,Organic
O002640,C0720,P0037,2025-10-25,2,128.36,Email
O002641,C0552,P0040,2025-10-25,1,60.49,Email
O002642,C0279,P0007,2025-10-26,2,135.86,Organic
O002643,C0323,P0006,2025-10-26,2,175.08,Organic
O002644,C0249,P0005,2025-10-26,3,198.96,Paid
O002645,C0330,P0011,2025-10-26,3,136.29,Organic
O002646,C0367,P0022,2025-10-26,2,82.38,Paid
O002647,C0600,P0018,2025-10-26,3,261.63,Email
O002648,C0323,P0024,2025-10-26,2,190.34,Organic
O002649,C0790,P0018,2025-10-26,1,87.21,Referral
O002650,C0297,P0017,2025-10-26,1,123.28,Paid
O002651,C0367,P0025,2025-10-26,2,54.02,Paid
O002652,C0240,P0027,2025-10-26,2,26.78,Organic
O002653,C0330,P0036,2025-10-26,1,23.73,Organic
O002654,C0358,P0038,2025-10-26,1,68.37,Referral
O002655,C0779,P0003,2025-10-26,2,671.94,Paid
O002656,C0671,P0003,2025-10-26,2,671.94,Paid
O002657,C0018,P0006,2025-10-26,3,262.62,Organic
O002658,C0645,P0004,2025-10-26,1,181.86,Organic
O002659,C0719,P0002,2025-10-26,2,534.12,Organic
O002660,C0166,P0007,2025-10-26,1,67.93,Referral
O002661,C0166,P0012,2025-10-26,2,90.12,Paid
O002662,C0686,P0012,2025-10-26,3,135.18,Email
O002663,C0188,P0032,2025-10-26,2,79.24,Referral
O002664,C0573,P0030,2025-10-26,3,81.63,Paid
O002665,C0183,P0038,2025-10-26,2,136.74,Paid
O002666,C0740,P0037,2025-10-26,2,128.36,Email
O002667,C0383,P0003,2025-10-26,1,335.97,Organic
O002668,C0179,P0005,2025-10-26,3,198.96,Email
O002669,C0663,P0004,2025-10-26,1,181.86,Organic
O002670,C0536,P0007,2025-10-26,3,203.79,Organic
O002671,C0181,P0004,2025-10-26,2,363.72,Organic
O002672,C0048,P0001,2025-10-26,3,120.9,Organic
O002673,C0482,P0020,2025-10-26,2,290.68,Email
O002674,C0751,P0018,2025-10-26,3,261.63,Organic
O002675,C0483,P0017,2025-10-26,2,246.56,Email
O002676,C0391,P0026,2025-10-26,3,65.61,Organic
O002677,C0536,P0027,2025-10-26,1,13.39,Referral
O002678,C0749,P0035,2025-10-26,2,120.8,Organic
O002679,C0412,P0037,2025-10-26,2,128.36,Paid
O002680,C0579,P0034,2025-10-26,3,161.73,Organic
O002681,C0388,P0039,2025-10-26,1,110.51,Organic
O002682,C0541,P0001,2025-10-26,2,80.6,Referral
O002683,C0089,P0009,2025-10-26,3,228.84,Organic
O002684,C0791,P0021,2025-10-26,1,111.76,Email
O002685,C0729,P0023,2025-10-26,2,291.98,Organic
O002686,C0223,P0038,2025-10-26,1,68.37,Paid
O002687,C0631,P0038,2025-10-26,1,68.37,Paid
O002688,C0600,P0008,2025-10-27,3,568.17,Organic
O002689,C0711,P0001,2025-10-27,2,80.6,Paid
O002690,C0394,P0002,2025-10-27,2,534.12,Email
O002691,C0311,P0009,2025-10-27,1,76.28,Paid
O002692,C0665,P0013,2025-10-27,2,89.72,Organic
O002693,C0330,P0024,2025-10-27,1,95.17,Paid
O002694,C0100,P0019,2025-10-27,1,65.77,Email
O002695,C0190,P0019,2025-10-27,3,197.31,Email
O002696,C0085,P0019,2025-10-27,3,197.31,Referral
O002697,C0129,P0032,2025-10-27,2,79.24,Email
O002698,C0687,P0030,2025-10-27,2,54.42,Organic
O002699,C0439,P0028,2025-10-27,2,44.4,Referral
O002700,C0076,P0034,2025-10-27,3,161.73,Paid
O002701,C0243,P0007,2025-10-27,2,135.86,Email
O002702,C0063,P0005,2025-10-27,2,132.64,Organic
O002703,C0441,P0005,2025-10-27,2,132.64,Organic
O002704,C0018,P0006,2025-10-27,2,175.08,Paid
O002705,C0350,P0012,2025-10-27,2,90.12,Organic
O002706,C0521,P0013,2025-10-27,3,134.58,Paid
O002707,C0309,P0011,2025-10-27,2,90.86,Paid
O002708,C0183,P0014,2025-10-27,2,109.0,Email
O002709,C0595,P0014,2025-10-27,2,109.0,Organic
O002710,C0441,P0017,2025-10-27,1,123.28,Referral
O002711,C0158,P0023,2025-10-27,3,437.97,Organic
O002712,C0288,P0021,2025-10-27,2,223.52,Organic
O002713,C0081,P0032,2025-10-27,3,118.86,Organic
O002714,C0194,P0035,2025-10-27,2,120.8,Paid
O002715,C0216,P0006,2025-10-27,2,175.08,Paid
O002716,C0531,P0008,2025-10-27,2,378.78,Organic
O002717,C0002,P0010,2025-10-27,1,19.4,Organic
O002718,C0429,P0017,2025-10-27,2,246.56,Paid
O002719,C0608,P0018,2025-10-27,1,87.21,Email
O002720,C0204,P0020,2025-10-27,1,145.34,Organic
O002721,C0179,P0031,2025-10-27,1,59.4,Paid
O002722,C0226,P0029,2025-10-27,3,73.35,Organic
O002723,C0774,P0032,2025-10-27,2,79.24,Organic
O002724,C0165,P0040,2025-10-27,3,181.47,Email
O002725,C0535,P0033,2025-10-27,2,70.36,Organic
O002726,C0788,P0034,2025-10-27,2,107.82,Organic
O002727,C0532,P0008,2025-10-27,1,189.39,Organic
O002728,C0116,P0008,2025-10-27,2,378.78,Paid
O002729,C0571,P0007,2025-10-27,3,203.79,Paid
O002730,C0791,P0008,2025-10-27,3,568.17,Organic
O002731,C0328,P0009,2025-10-27,1,76.28,Organic
O002732,C0053,P0016,2025-10-27,2,60.6,Referral
O002733,C0532,P0016,2025-10-27,2,60.6,Paid
O002734,C0714,P0009,2025-10-27,1,76.28,Paid
O002735,C0193,P0014,2025-10-27,1,54.5,Paid
O002736,C0110,P0010,2025-10-27,3,58.2,Email
O002737,C0255,P0016,2025-10-27,2,60.6,Referral
O002738,C0325,P0019,2025-10-27,1,65.77,Organic
O002739,C0351,P0019,2025-10-27,3,197.31,Organic
O002740,C0440,P0024,2025-10-27,2,190.34,Referral
O002741,C0193,P0032,2025-10-27,3,118.86,Referral
O002742,C0667,P0029,2025-10-27,3,73.35,Paid
O002743,C0731,P0035,2025-10-27,3,181.2,Organic
O002744,C0023,P0034,2025-10-27,1,53.91,Paid
O002745,C0780,P0036,2025-10-27,1,23.73,Organic
O002746,C0249,P0006,2025-10-28,2,175.08,Paid
O002747,C0743,P0004,2025-10-28,3,545.58,Email
O002748,C0017,P0011,2025-10-28,2,90.86,Referral
O002749,C0030,P0011,2025-10-28,3,136.29,Organic
O002750,C0641,P0014,2025-10-28,2,109.0,Paid
O002751,C0649,P0015,2025-10-28,1,55.14,Organic
O002752,C0233,P0024,2025-10-28,3,285.51,Referral
O002753,C0344,P0022,2025-10-28,2,82.38,Referral
O002754,C0398,P0020,2025-10-28,1,145.34,Referral
O002755,C0252,P0029,2025-10-28,1,24.45,Paid
O002756,C0180,P0031,2025-10-28,3,178.2,Referral
O002757,C0726,P0034,2025-10-28,2,107.82,Referral
O002758,C0407,P0002,2025-10-28,2,534.12,Paid
O002759,C0464,P0010,2025-10-28,2,38.8,Organic
O002760,C0032,P0010,2025-10-28,2,38.8,Organic
O002761,C0022,P0011,2025-10-28,2,90.86,Referral
O002762,C0309,P0018,2025-10-28,3,261.63,Email
O002763,C0126,P0027,2025-10-28,1,13.39,Referral
O002764,C0164,P0026,2025-10-28,2,43.74,Email
O002765,C0408,P0032,2025-10-28,1,39.62,Paid
O002766,C0182,P0034,2025-10-28,2,107.82,Organic
O002767,C0683,P0033,2025-10-28,2,70.36,Organic
O002768,C0416,P0037,2025-10-28,3,192.54,Email
O002769,C0553,P0034,2025-10-28,3,161.73,Paid
O002770,C0383,P0004,2025-10-28,2,363.72,Referral
O002771,C0745,P0007,2025-10-28,2,135.86,Referral
O002772,C0069,P0002,2025-10-28,2,534.12,Email
O002773,C0179,P0021,2025-10-28,3,335.28,Organic
O002774,C0284,P0026,2025-10-28,2,43.74,Organic
O002775,C0481,P0038,2025-10-28,2,136.74,Organic
O002776,C0412,P0033,2025-10-28,1,35.18,Organic
O002777,C0730,P0008,2025-10-28,3,568.17,Organic
O002778,C0601,P0006,2025-10-28,2,175.08,Referral
O002779,C0440,P0007,2025-10-28,2,135.86,Organic
O002780,C0246,P0014,2025-10-28,3,163.5,Referral
O002781,C0222,P0020,2025-10-28,2,290.68,Organic
O002782,C0325,P0017,2025-10-28,1,123.28,Organic
O002783,C0244,P0024,2025-10-28,1,95.17,Paid
O002784,C0487,P0017,2025-10-28,2,246.56,Paid
O002785,C0500,P0021,2025-10-28,2,223.52,Organic
O002786,C0133,P0018,2025-10-28,1,87.21,Organic
O002787,C0191,P0027,2025-10-28,2,26.78,Paid
O002788,C0366,P0039,2025-10-28,3,331.53,Email
O002789,C0500,P0034,2025-10-28,3,161.73,Organic
O002790,C0700,P0008,2025-10-29,3,568.17,Referral
O002791,C0161,P0004,2025-10-29,2,363.72,Organic
O002792,C0025,P0016,2025-10-29,3,90.9,Referral
O002793,C0030,P0020,2025-10-29,2,290.68,Organic
O002794,C0703,P0024,2025-10-29,1,95.17,Paid
O002795,C0771,P0018,2025-10-29,3,261.63,Paid
O002796,C0599,P0018,2025-10-29,1,87.21,Email
O002797,C0636,P0026,2025-10-29,3,65.61,Paid
O002798,C0469,P0031,2025-10-29,1,59.4,Paid
O002799,C0386,P0033,2025-10-29,3,105.54,Organic
O002800,C0321,P0033,2025-10-29,3,105.54,Organic
O002801,C0463,P0039,2025-10-29,1,110.51,Paid
O002802,C0674,P0005,2025-10-29,2,132.64,Organic
O002803,C0243,P0008,2025-10-29,3,568.17,Paid
O002804,C0341,P0011,2025-10-29,2,90.86,Organic
O002805,C0150,P0009,2025-10-29,2,152.56,Referral
O002806,C0484,P0012,2025-10-29,3,135.18,Organic
O002807,C0516,P0023,2025-10-29,2,291.98,Organic
O002808,C0277,P0021,2025-10-29,2,223.52,Email
O002809,C0712,P0032,2025-10-29,2,79.24,Organic
O002810,C0265,P0026,2025-10-29,2,43.74,Organic
O002811,C0712,P0031,2025-10-29,1,59.4,Email
O002812,C0489,P0035,2025-10-29,2,120.8,Organic
O002813,C0762,P0036,2025-10-29,2,47.46,Paid
O002814,C0477,P0036,2025-10-29,3,71.19,Paid
O002815,C0489,P0039,2025-10-29,2,221.02,Organic
O002816,C0511,P0036,2025-10-29,1,23.73,Paid
O002817,C0216,P0003,2025-10-29,3,1007.91,Email
O002818,C0432,P0004,2025-10-29,1,181.86,Email
O002819,C0094,P0007,2025-10-29,1,67.93,Paid
O002820,C0536,P0009,2025-10-29,1,76.28,Paid
O002821,C0765,P0017,2025-10-29,1,123.28,Paid
O002822,C0785,P0026,2025-10-29,1,21.87,Organic
O002823,C0352,P0033,2025-10-29,2,70.36,Organic
O002824,C0608,P0037,2025-10-29,3,192.54,Organic
O002825,C0663,P0038,2025-10-29,3,205.11,Paid
O002826,C0736,P0001,2025-10-29,2,80.6,Referral
O002827,C0338,P0004,2025-10-29,3,545.58,Paid
O002828,C0713,P0023,2025-10-29,2,291.98,Organic
O002829,C0440,P0026,2025-10-29,2,43.74,Organic
O002830,C0255,P0032,2025-10-29,1,39.62,Email
O002831,C0714,P0030,2025-10-29,2,54.42,Paid
O002832,C0665,P0010,2025-10-30,3,58.2,Referral
O002833,C0704,P0012,2025-10-30,3,135.18,Email
O002834,C0471,P0023,2025-10-30,1,145.99,Organic
O002835,C0796,P0030,2025-10-30,1,27.21,Referral
O002836,C0367,P0032,2025-10-30,1,39.62,Organic
O002837,C0241,P0031,2025-10-30,3,178.2,Organic
O002838,C0796,P0029,2025-10-30,2,48.9,Organic
O002839,C0100,P0026,2025-10-30,1,21.87,Paid
O002840,C0330,P0034,2025-10-30,1,53.91,Email
O002841,C0275,P0037,2025-10-30,2,128.36,Paid
O002842,C0031,P0040,2025-10-30,1,60.49,Referral
O002843,C0347,P0003,2025-10-30,1,335.97,Organic
O002844,C0426,P0010,2025-10-30,2,38.8,Organic
O002845,C0416,P0013,2025-10-30,3,134.58,Referral
O002846,C0077,P0012,2025-10-30,2,90.12,Paid
O002847,C0337,P0013,2025-10-30,3,134.58,Organic
O002848,C0334,P0014,2025-10-30,2,109.0,Organic
O002849,C0671,P0015,2025-10-30,3,165.42,Paid
O002850,C0206,P0018,2025-10-30,3,261.63,Paid
O002851,C0142,P0020,2025-10-30,3,436.02,Email
O002852,C0150,P0029,2025-10-30,3,73.35,Organic
O002853,C0678,P0027,2025-10-30,3,40.17,Organic
O002854,C0364,P0038,2025-10-30,1,68.37,Organic
O002855,C0410,P0039,2025-10-30,2,221.02,Paid
O002856,C0472,P0035,2025-10-30,2,120.8,Email
O002857,C0032,P0039,2025-10-30,2,221.02,Referral
O002858,C0438,P0034,2025-10-30,2,107.82,Organic
O002859,C0288,P0035,2025-10-30,2,120.8,Paid
O002860,C0354,P0007,2025-10-30,3,203.79,Organic
O002861,C0368,P0005,2025-10-30,3,198.96,Organic
O002862,C0048,P0001,2025-10-30,1,40.3,Paid
O002863,C0363,P0002,2025-10-30,2,534.12,Paid
O002864,C0137,P0004,2025-10-30,3,545.58,Organic
O002865,C0388,P0002,2025-10-30,1,267.06,Organic
O002866,C0785,P0013,2025-10-30,3,134.58,Paid
O002867,C0745,P0016,2025-10-30,2,60.6,Organic
O002868,C0368,P0014,2025-10-30,3,163.5,Organic
O002869,C0589,P0011,2025-10-30,3,136.29,Referral
O002870,C0459,P0024,2025-10-30,2,190.34,Email
O002871,C0007,P0019,2025-10-30,3,197.31,Referral
O002872,C0318,P0017,2025-10-30,2,246.56,Organic
O002873,C0284,P0022,2025-10-30,1,41.19,Paid
O002874,C0291,P0028,2025-10-30,2,44.4,Paid
O002875,C0536,P0025,2025-10-30,2,54.02,Paid
O002876,C0226,P0028,2025-10-30,1,22.2,Organic
O002877,C0734,P0034,2025-10-30,1,53.91,Referral
O002878,C0473,P0006,2025-10-30,3,262.62,Email
O002879,C0580,P0032,2025-10-30,2,79.24,Organic
O002880,C0189,P0002,2025-10-31,3,801.18,Referral
O002881,C0665,P0006,2025-10-31,1,87.54,Organic
O002882,C0665,P0006,2025-10-31,3,262.62,Email
O002883,C0709,P0009,2025-10-31,3,228.84,Organic
O002884,C0317,P0022,2025-10-31,3,123.57,Paid
O002885,C0425,P0021,2025-10-31,1,111.76,Paid
O002886,C0703,P0022,2025-10-31,2,82.38,Organic
O002887,C0367,P0037,2025-10-31,2,128.36,Email
O002888,C0139,P0012,2025-10-31,3,135.18,Paid
O002889,C0084,P0009,2025-10-31,2,152.56,Paid
O002890,C0460,P0015,2025-10-31,2,110.28,Organic
O002891,C0489,P0020,2025-10-31,1,145.34,Organic
O002892,C0364,P0023,2025-10-31,1,145.99,Paid
O002893,C0194,P0018,2025-10-31,2,174.42,Organic
O002894,C0218,P0020,2025-10-31,2,290.68,Referral
O002895,C0117,P0028,2025-10-31,2,44.4,Organic
O002896,C0018,P0030,2025-10-31,3,81.63,Paid
O002897,C0680,P0026,2025-10-31,2,43.74,Organic
O002898,C0719,P0025,2025-10-31,3,81.03,Referral
O002899,C0202,P0029,2025-10-31,1,24.45,Organic
O002900,C0727,P0031,2025-10-31,2,118.8,Organic
O002901,C0405,P0033,2025-10-31,3,105.54,Organic
O002902,C0106,P0033,2025-10-31,1,35.18,Organic
O002903,C0432,P0007,2025-10-31,2,135.86,Paid
O002904,C0745,P0007,2025-10-31,3,203.79,Organic
O002905,C0774,P0010,2025-10-31,1,19.4,Organic
O002906,C0009,P0016,2025-10-31,2,60.6,Paid
O002907,C0497,P0018,2025-10-31,3,261.63,Referral
O002908,C0411,P0025,2025-10-31,1,27.01,Organic
O002909,C0773,P0028,2025-10-31,2,44.4,Organic
O002910,C0209,P0036,2025-10-31,2,47.46,Paid
O002911,C0058,P0040,2025-10-31,1,60.49,Paid
O002912,C0412,P0034,2025-10-31,3,161.73,Paid
O002913,C0620,P0006,2025-10-31,3,262.62,Organic
O002914,C0236,P0015,2025-10-31,3,165.42,Paid
O002915,C0359,P0016,2025-10-31,3,90.9,Organic
O002916,C0781,P0021,2025-10-31,1,111.76,Organic
O002917,C0758,P0019,2025-10-31,3,197.31,Email
O002918,C0197,P0024,2025-10-31,3,285.51,Organic
O002919,C0020,P0019,2025-10-31,1,65.77,Email
O002920,C0722,P0021,2025-10-31,2,223.52,Paid
O002921,C0111,P0029,2025-10-31,3,73.35,Email
O002922,C0626,P0026,2025-10-31,1,21.87,Paid
O002923,C0185,P0033,2025-10-31,2,70.36,Paid
O002924,C0500,P0039,2025-10-31,2,221.02,Organic
O002925,C0036,P0037,2025-10-31,1,64.18,Organic
O002926,C0303,P0006,2025-11-01,1,87.54,Organic
O002927,C0030,P0006,2025-11-01,1,87.54,Email
O002928,C0398,P0013,2025-11-01,3,134.58,Paid
O002929,C0367,P0015,2025-11-01,3,165.42,Organic
O002930,C0718,P0010,2025-11-01,2,38.8,Email
O002931,C0453,P0017,2025-11-01,2,246.56,Organic
O002932,C0776,P0030,2025-11-01,1,27.21,Organic
O002933,C0726,P0039,2025-11-01,3,331.53,Organic
O002934,C0599,P0040,2025-11-01,2,120.98,Referral
O002935,C0687,P0039,2025-11-01,2,221.02,Email
O002936,C0624,P0016,2025-11-01,1,30.3,Organic
O002937,C0489,P0013,2025-11-01,2,89.72,Organic
O002938,C0719,P0017,2025-11-01,2,246.56,Paid
O002939,C0032,P0019,2025-11-01,3,197.31,Organic
O002940,C0337,P0021,2025-11-01,2,223.52,Paid
O002941,C0680,P0027,2025-11-01,3,40.17,Organic
O002942,C0414,P0030,2025-11-01,2,54.42,Referral
O002943,C0182,P0028,2025-11-01,2,44.4,Email
O002944,C0414,P0037,2025-11-01,2,128.36,Email
O002945,C0770,P0033,2025-11-01,1,35.18,Paid
O002946,C0356,P0036,2025-11-01,3,71.19,Organic
O002947,C0329,P0034,2025-11-01,1,53.91,Organic
O002948,C0593,P0004,2025-11-01,2,363.72,Referral
O002949,C0388,P0001,2025-11-01,1,40.3,Paid
O002950,C0225,P0005,2025-11-01,1,66.32,Organic
O002951,C0734,P0002,2025-11-01,3,801.18,Paid
O002952,C0663,P0007,2025-11-01,2,135.86,Organic
O002953,C0216,P0003,2025-11-01,3,1007.91,Organic
O002954,C0775,P0012,2025-11-01,2,90.12,Organic
O002955,C0368,P0023,2025-11-01,2,291.98,Paid
O002956,C0209,P0021,2025-11-01,3,335.28,Organic
O002957,C0786,P0026,2025-11-01,3,65.61,Organic
O002958,C0421,P0030,2025-11-01,2,54.42,Paid
O002959,C0086,P0030,2025-11-01,2,54.42,Paid
O002960,C0007,P0026,2025-11-01,2,43.74,Organic
O002961,C0247,P0035,2025-11-01,2,120.8,Email
O002962,C0227,P0034,2025-11-01,2,107.82,Paid
O002963,C0118,P0007,2025-11-01,2,135.86,Paid
O002964,C0559,P0002,2025-11-01,2,534.12,Referral
O002965,C0066,P0015,2025-11-01,2,110.28,Paid
O002966,C0714,P0018,2025-11-01,2,174.42,Referral
O002967,C0750,P0024,2025-11-01,3,285.51,Paid
O002968,C0116,P0017,2025-11-01,2,246.56,Paid
O002969,C0507,P0027,2025-11-01,1,13.39,Organic
O002970,C0093,P0028,2025-11-01,1,22.2,Organic
O002971,C0552,P0029,2025-11-01,1,24.45,Email
O002972,C0020,P0034,2025-11-01,2,107.82,Organic
O002973,C0222,P0038,2025-11-01,1,68.37,Paid
O002974,C0055,P0034,2025-11-01,2,107.82,Organic
O002975,C0561,P0039,2025-11-01,2,221.02,Organic
O002976,C0311,P0010,2025-11-02,3,58.2,Organic
O002977,C0704,P0012,2025-11-02,3,135.18,Organic
O002978,C0251,P0009,2025-11-02,3,228.84,Paid
O002979,C0297,P0020,2025-11-02,1,145.34,Paid
O002980,C0792,P0022,2025-11-02,1,41.19,Paid
O002981,C0659,P0028,2025-11-02,1,22.2,Organic
O002982,C0025,P0028,2025-11-02,2,44.4,Paid
O002983,C0175,P0031,2025-11-02,2,118.8,Organic
O002984,C0249,P0031,2025-11-02,2,118.8,Email
O002985,C0572,P0029,2025-11-02,1,24.45,Organic
O002986,C0303,P0032,2025-11-02,3,118.86,Organic
O002987,C0249,P0037,2025-11-02,3,192.54,Paid
O002988,C0335,P0033,2025-11-02,1,35.18,Email
O002989,C0194,P0008,2025-11-02,1,189.39,Organic
O002990,C0171,P0002,2025-11-02,3,801.18,Organic
O002991,C0694,P0005,2025-11-02,2,132.64,Organic
O002992,C0038,P0003,2025-11-02,3,1007.91,Organic
O002993,C0783,P0014,2025-11-02,2,109.0,Organic
O002994,C0529,P0016,2025-11-02,1,30.3,Referral
O002995,C0573,P0010,2025-11-02,1,19.4,Organic
O002996,C0511,P0016,2025-11-02,2,60.6,Email
O002997,C0573,P0013,2025-11-02,3,134.58,Organic
O002998,C0064,P0018,2025-11-02,2,174.42,Organic
O002999,C0340,P0021,2025-11-02,2,223.52,Organic
O003000,C0018,P0019,2025-11-02,2,131.54,Organic
O003001,C0783,P0023,2025-11-02,2,291.98,Paid
O003002,C0475,P0021,2025-11-02,1,111.76,Paid
O003003,C0762,P0023,2025-11-02,2,291.98,Organic
O003004,C0278,P0028,2025-11-02,2,44.4,Email
O003005,C0029,P0030,2025-11-02,1,27.21,Organic
O003006,C0171,P0031,2025-11-02,3,178.2,Paid
O003007,C0533,P0040,2025-11-02,1,60.49,Paid
O003008,C0678,P0037,2025-11-02,2,128.36,Organic
O003009,C0278,P0038,2025-11-02,3,205.11,Paid
O003010,C0508,P0004,2025-11-02,2,363.72,Referral
O003011,C0163,P0005,2025-11-02,1,66.32,Email
O003012,C0135,P0004,2025-11-02,1,181.86,Organic
O003013,C0327,P0003,2025-11-02,2,671.94,Paid
O003014,C0179,P0016,2025-11-02,1,30.3,Organic
O003015,C0261,P0012,2025-11-02,1,45.06,Paid
O003016,C0163,P0013,2025-11-02,1,44.86,Organic
O003017,C0216,P0013,2025-11-02,2,89.72,Organic
O003018,C0310,P0012,2025-11-02,1,45.06,Paid
O003019,C0225,P0023,2025-11-02,2,291.98,Organic
O003020,C0238,P0020,2025-11-02,2,290.68,Organic
O003021,C0629,P0022,2025-11-02,1,41.19,Email
O003022,C0512,P0026,2025-11-02,3,65.61,Email
O003023,C0773,P0027,2025-11-02,2,26.78,Referral
O003024,C0227,P0038,2025-11-02,2,136.74,Paid
O003025,C0281,P0038,2025-11-02,2,136.74,Organic
O003026,C0178,P0007,2025-11-02,1,67.93,Organic
O003027,C0559,P0001,2025-11-02,3,120.9,Organic
O003028,C0499,P0012,2025-11-02,1,45.06,Organic
O003029,C0682,P0020,2025-11-02,3,436.02,Email
O003030,C0246,P0023,2025-11-02,2,291.98,Organic
O003031,C0766,P0029,2025-11-02,1,24.45,Referral
O003032,C0722,P0032,2025-11-02,1,39.62,Referral
O003033,C0601,P0025,2025-11-02,2,54.02,Paid
O003034,C0559,P0034,2025-11-02,1,53.91,Organic
O003035,C0302,P0014,2025-11-03,1,54.5,Paid
O003036,C0108,P0012,2025-11-03,2,90.12,Email
O003037,C0793,P0011,2025-11-03,2,90.86,Paid
O003038,C0718,P0016,2025-11-03,3,90.9,Referral
O003039,C0087,P0020,2025-11-03,1,145.34,Email
O003040,C0549,P0020,2025-11-03,1,145.34,Referral
O003041,C0017,P0017,2025-11-03,3,369.84,Paid
O003042,C0100,P0027,2025-11-03,2,26.78,Organic
O003043,C0382,P0029,2025-11-03,2,48.9,Organic
O003044,C0444,P0026,2025-11-03,1,21.87,Organic
O003045,C0415,P0037,2025-11-03,2,128.36,Paid
O003046,C0180,P0037,2025-11-03,1,64.18,Referral
O003047,C0349,P0036,2025-11-03,1,23.73,Paid
O003048,C0031,P0035,2025-11-03,3,181.2,Email
O003049,C0410,P0006,2025-11-03,3,262.62,Email
O003050,C0408,P0009,2025-11-03,1,76.28,Paid
O003051,C0144,P0009,2025-11-03,3,228.84,Paid
O003052,C0698,P0018,2025-11-03,1,87.21,Organic
O003053,C0188,P0019,2025-11-03,1,65.77,Paid
O003054,C0738,P0020,2025-11-03,2,290.68,Paid
O003055,C0526,P0031,2025-11-03,1,59.4,Organic
O003056,C0309,P0027,2025-11-03,3,40.17,Paid
O003057,C0553,P0034,2025-11-03,1,53.91,Paid
O003058,C0588,P0004,2025-11-03,1,181.86,Paid
O003059,C0554,P0002,2025-11-03,1,267.06,Email
O003060,C0525,P0001,2025-11-03,2,80.6,Paid
O003061,C0097,P0013,2025-11-03,1,44.86,Organic
O003062,C0310,P0014,2025-11-03,2,109.0,Organic
O003063,C0451,P0009,2025-11-03,3,228.84,Email
O003064,C0058,P0012,2025-11-03,3,135.18,Organic
O003065,C0204,P0019,2025-11-03,3,197.31,Organic
O003066,C0137,P0027,2025-11-03,1,13.39,Organic
O003067,C0267,P0029,2025-11-03,2,48.9,Organic
O003068,C0138,P0033,2025-11-03,3,105.54,Paid
O003069,C0250,P0034,2025-11-03,2,107.82,Paid
O003070,C0568,P0040,2025-11-03,1,60.49,Paid
O003071,C0368,P0040,2025-11-03,2,120.98,Organic
O003072,C0261,P0035,2025-11-03,2,120.8,Email
O003073,C0191,P0002,2025-11-03,1,267.06,Paid
O003074,C0131,P0008,2025-11-03,1,189.39,Referral
O003075,C0567,P0012,2025-11-03,3,135.18,Paid
O003076,C0197,P0023,2025-11-03,1,145.99,Organic
O003077,C0131,P0023,2025-11-03,3,437.97,Paid
O003078,C0095,P0018,2025-11-03,3,261.63,Paid
O003079,C0580,P0032,2025-11-03,1,39.62,Organic
O003080,C0559,P0035,2025-11-03,2,120.8,Paid
O003081,C0675,P0040,2025-11-03,2,120.98,Referral
O003082,C0714,P0037,2025-11-03,3,192.54,Email
O003083,C0507,P0036,2025-11-03,3,71.19,Organic
O003084,C0255,P0035,2025-11-03,2,120.8,Organic
O003085,C0302,P0003,2025-11-04,1,335.97,Organic
O003086,C0465,P0008,2025-11-04,2,378.78,Email
O003087,C0600,P0005,2025-11-04,3,198.96,Paid
O003088,C0520,P0009,2025-11-04,1,76.28,Organic
O003089,C0305,P0016,2025-11-04,1,30.3,Paid
O003090,C0498,P0010,2025-11-04,1,19.4,Organic
O003091,C0415,P0014,2025-11-04,3,163.5,Organic
O003092,C0659,P0023,2025-11-04,2,291.98,Referral
O003093,C0249,P0018,2025-11-04,2,174.42,Organic
O003094,C0100,P0023,2025-11-04,1,145.99,Organic
O003095,C0777,P0031,2025-11-04,3,178.2,Paid
O003096,C0488,P0031,2025-11-04,1,59.4,Referral
O003097,C0799,P0026,2025-11-04,1,21.87,Organic
O003098,C0453,P0027,2025-11-04,1,13.39,Email
O003099,C0771,P0032,2025-11-04,2,79.24,Organic
O003100,C0548,P0034,2025-11-04,2,107.82,Organic
O003101,C0350,P0008,2025-11-04,3,568.17,Paid
O003102,C0760,P0007,2025-11-04,2,135.86,Organic
O003103,C0286,P0008,2025-11-04,3,568.17,Organic
O003104,C0441,P0002,2025-11-04,2,534.12,Referral
O003105,C0334,P0014,2025-11-04,1,54.5,Email
O003106,C0265,P0016,2025-11-04,2,60.6,Organic
O003107,C0739,P0013,2025-11-04,2,89.72,Referral
O003108,C0529,P0016,2025-11-04,1,30.3,Organic
O003109,C0414,P0023,2025-11-04,2,291.98,Organic
O003110,C0183,P0020,2025-11-04,3,436.02,Organic
O003111,C0420,P0021,2025-11-04,2,223.52,Organic
O003112,C0509,P0024,2025-11-04,1,95.17,Organic
O003113,C0533,P0035,2025-11-04,1,60.4,Referral
O003114,C0608,P0005,2025-11-04,2,132.64,Organic
O003115,C0306,P0014,2025-11-04,3,163.5,Organic
O003116,C0437,P0017,2025-11-04,2,246.56,Paid
O003117,C0594,P0018,2025-11-04,2,174.42,Organic
O003118,C0450,P0019,2025-11-04,2,131.54,Referral
O003119,C0773,P0032,2025-11-04,3,118.86,Paid
O003120,C0459,P0032,2025-11-04,1,39.62,Paid
O003121,C0523,P0028,2025-11-04,2,44.4,Paid
O003122,C0745,P0034,2025-11-04,3,161.73,Organic
O003123,C0191,P0001,2025-11-04,2,80.6,Paid
O003124,C0571,P0007,2025-11-04,2,135.86,Paid
O003125,C0729,P0005,2025-11-04,2,132.64,Organic
O003126,C0580,P0010,2025-11-04,2,38.8,Email
O003127,C0075,P0014,2025-11-04,3,163.5,Referral
O003128,C0185,P0009,2025-11-04,3,228.84,Referral
O003129,C0491,P0020,2025-11-04,3,436.02,Email
O003130,C0110,P0027,2025-11-04,3,40.17,Referral
O003131,C0584,P0031,2025-11-04,2,118.8,Organic
O003132,C0210,P0040,2025-11-04,1,60.49,Organic
O003133,C0366,P0036,2025-11-04,3,71.19,Email
O003134,C0338,P0033,2025-11-04,2,70.36,Paid
O003135,C0014,P0003,2025-11-05,1,335.97,Email
O003136,C0704,P0015,2025-11-05,3,165.42,Organic
O003137,C0190,P0014,2025-11-05,1,54.5,Organic
O003138,C0252,P0010,2025-11-05,2,38.8,Email
O003139,C0703,P0016,2025-11-05,2,60.6,Organic
O003140,C0335,P0010,2025-11-05,3,58.2,Paid
O003141,C0666,P0017,2025-11-05,2,246.56,Paid
O003142,C0014,P0038,2025-11-05,2,136.74,Email
O003143,C0087,P0034,2025-11-05,1,53.91,Organic
O003144,C0414,P0001,2025-11-05,1,40.3,Paid
O003145,C0264,P0004,2025-11-05,3,545.58,Email
O003146,C0595,P0016,2025-11-05,2,60.6,Email
O003147,C0712,P0013,2025-11-05,1,44.86,Organic
O003148,C0265,P0020,2025-11-05,1,145.34,Paid
O003149,C0022,P0028,2025-11-05,2,44.4,Organic
O003150,C0182,P0037,2025-11-05,1,64.18,Paid
O003151,C0308,P0033,2025-11-05,3,105.54,Referral
O003152,C0334,P0033,2025-11-05,3,105.54,Organic
O003153,C0162,P0037,2025-11-05,3,192.54,Organic
O003154,C0441,P0039,2025-11-05,3,331.53,Referral
O003155,C0098,P0007,2025-11-05,1,67.93,Organic
O003156,C0421,P0003,2025-11-05,1,335.97,Paid
O003157,C0069,P0002,2025-11-05,2,534.12,Referral
O003158,C0318,P0005,2025-11-05,1,66.32,Organic
O003159,C0391,P0004,2025-11-05,3,545.58,Organic
O003160,C0318,P0009,2025-11-05,1,76.28,Organic
O003161,C0413,P0024,2025-11-05,3,285.51,Email
O003162,C0629,P0026,2025-11-05,2,43.74,Email
O003163,C0435,P0035,2025-11-05,3,181.2,Organic
O003164,C0195,P0003,2025-11-05,2,671.94,Paid
O003165,C0714,P0001,2025-11-05,1,40.3,Organic
O003166,C0507,P0001,2025-11-05,3,120.9,Email
O003167,C0028,P0008,2025-11-05,1,189.39,Organic
O003168,C0721,P0016,2025-11-05,3,90.9,Email
O003169,C0093,P0015,2025-11-05,1,55.14,Organic
O003170,C0377,P0012,2025-11-06,3,135.18,Email
O003171,C0687,P0010,2025-11-06,1,19.4,Paid
O003172,C0576,P0011,2025-11-06,2,90.86,Organic
O003173,C0776,P0014,2025-11-06,2,109.0,Referral
O003174,C0344,P0018,2025-11-06,2,174.42,Paid
O003175,C0031,P0031,2025-11-06,2,118.8,Organic
O003176,C0085,P0031,2025-11-06,2,118.8,Organic
O003177,C0050,P0027,2025-11-06,1,13.39,Paid
O003178,C0425,P0038,2025-11-06,3,205.11,Organic
O003179,C0003,P0033,2025-11-06,2,70.36,Organic
O003180,C0444,P0037,2025-11-06,1,64.18,Paid
O003181,C0600,P0039,2025-11-06,1,110.51,Email
O003182,C0080,P0005,2025-11-06,3,198.96,Paid
O003183,C0219,P0014,2025-11-06,2,109.0,Paid
O003184,C0696,P0014,2025-11-06,2,109.0,Organic
O003185,C0103,P0024,2025-11-06,1,95.17,Organic
O003186,C0154,P0037,2025-11-06,2,128.36,Email
O003187,C0306,P0002,2025-11-06,3,801.18,Organic
O003188,C0135,P0013,2025-11-06,2,89.72,Paid
O003189,C0157,P0012,2025-11-06,3,135.18,Organic
O003190,C0163,P0019,2025-11-06,2,131.54,Organic
O003191,C0355,P0020,2025-11-06,1,145.34,Organic
O003192,C0525,P0037,2025-11-06,3,192.54,Organic
O003193,C0482,P0039,2025-11-06,2,221.02,Organic
O003194,C0496,P0024,2025-11-06,2,190.34,Email
O003195,C0020,P0020,2025-11-06,3,436.02,Organic
O003196,C0020,P0024,2025-11-06,3,285.51,Referral
O003197,C0343,P0024,2025-11-06,3,285.51,Email
O003198,C0336,P0029,2025-11-06,1,24.45,Referral
O003199,C0626,P0026,2025-11-06,1,21.87,Organic
O003200,C0505,P0038,2025-11-06,2,136.74,Organic
O003201,C0028,P0034,2025-11-06,1,53.91,Referral
O003202,C0148,P0037,2025-11-06,3,192.54,Email
O003203,C0520,P0001,2025-11-07,1,40.3,Email
O003204,C0252,P0012,2025-11-07,3,135.18,Paid
O003205,C0001,P0013,2025-11-07,2,89.72,Organic
O003206,C0443,P0032,2025-11-07,2,79.24,Organic
O003207,C0576,P0030,2025-11-07,3,81.63,Paid
O003208,C0709,P0033,2025-11-07,2,70.36,Paid
O003209,C0539,P0008,2025-11-07,3,568.17,Paid
O003210,C0177,P0006,2025-11-07,2,175.08,Email
O003211,C0457,P0006,2025-11-07,3,262.62,Organic
O003212,C0509,P0006,2025-11-07,2,175.08,Referral
O003213,C0511,P0006,2025-11-07,2,175.08,Email
O003214,C0779,P0001,2025-11-07,1,40.3,Organic
O003215,C0077,P0011,2025-11-07,1,45.43,Organic
O003216,C0177,P0010,2025-11-07,3,58.2,Paid
O003217,C0187,P0010,2025-11-07,3,58.2,Organic
O003218,C0464,P0026,2025-11-07,1,21.87,Email
O003219,C0350,P0025,2025-11-07,3,81.03,Paid
O003220,C0077,P0027,2025-11-07,1,13.39,Organic
O003221,C0219,P0029,2025-11-07,3,73.35,Organic
O003222,C0529,P0040,2025-11-07,3,181.47,Organic
O003223,C0694,P0040,2025-11-07,1,60.49,Paid
O003224,C0032,P0040,2025-11-07,1,60.49,Paid
O003225,C0182,P0034,2025-11-07,2,107.82,Organic
O003226,C0757,P0020,2025-11-07,2,290.68,Paid
O003227,C0579,P0021,2025-11-07,2,223.52,Paid
O003228,C0342,P0028,2025-11-07,2,44.4,Paid
O003229,C0575,P0027,2025-11-07,1,13.39,Email
O003230,C0749,P0028,2025-11-07,3,66.6,Organic
O003231,C0482,P0040,2025-11-07,1,60.49,Email
O003232,C0512,P0038,2025-11-07,1,68.37,Referral
O003233,C0536,P0039,2025-11-07,1,110.51,Paid
O003234,C0494,P0004,2025-11-07,1,181.86,Organic
O003235,C0319,P0001,2025-11-07,3,120.9,Organic
O003236,C0185,P0003,2025-11-07,2,671.94,Paid
O003237,C0730,P0018,2025-11-07,1,87.21,Referral
O003238,C0089,P0018,2025-11-07,1,87.21,Organic
O003239,C0236,P0038,2025-11-07,1,68.37,Organic
O003240,C0095,P0034,2025-11-07,2,107.82,Organic
O003241,C0382,P0006,2025-11-08,3,262.62,Organic
O003242,C0321,P0004,2025-11-08,1,181.86,Referral
O003243,C0572,P0015,2025-11-08,1,55.14,Paid
O003244,C0279,P0022,2025-11-08,1,41.19,Organic
O003245,C0189,P0019,2025-11-08,2,131.54,Paid
O003246,C0129,P0023,2025-11-08,2,291.98,Paid
O003247,C0415,P0030,2025-11-08,2,54.42,Organic
O003248,C0050,P0030,2025-11-08,2,54.42,Organic
O003249,C0659,P0031,2025-11-08,1,59.4,Paid
O003250,C0711,P0032,2025-11-08,1,39.62,Organic
O003251,C0665,P0032,2025-11-08,1,39.62,Organic
O003252,C0235,P0037,2025-11-08,1,64.18,Email
O003253,C0161,P0039,2025-11-08,3,331.53,Organic
O003254,C0759,P0005,2025-11-08,3,198.96,Paid
O003255,C0243,P0006,2025-11-08,3,262.62,Referral
O003256,C0337,P0007,2025-11-08,3,203.79,Organic
O003257,C0563,P0003,2025-11-08,3,1007.91,Email
O003258,C0485,P0014,2025-11-08,3,163.5,Paid
O003259,C0326,P0011,2025-11-08,2,90.86,Paid
O003260,C0329,P0012,2025-11-08,2,90.12,Referral
O003261,C0615,P0009,2025-11-08,2,152.56,Referral
O003262,C0521,P0020,2025-11-08,3,436.02,Paid
O003263,C0640,P0019,2025-11-08,1,65.77,Organic
O003264,C0671,P0024,2025-11-08,3,285.51,Organic
O003265,C0563,P0017,2025-11-08,3,369.84,Paid
O003266,C0239,P0026,2025-11-08,2,43.74,Paid
O003267,C0400,P0028,2025-11-08,2,44.4,Email
O003268,C0177,P0036,2025-11-08,3,71.19,Paid
O003269,C0740,P0033,2025-11-08,1,35.18,Paid
O003270,C0728,P0037,2025-11-08,3,192.54,Organic
O003271,C0485,P0037,2025-11-08,1,64.18,Organic
O003272,C0745,P0008,2025-11-08,2,378.78,Organic
O003273,C0570,P0008,2025-11-08,1,189.39,Paid
O003274,C0299,P0005,2025-11-08,3,198.96,Paid
O003275,C0512,P0008,2025-11-08,1,189.39,Email
O003276,C0786,P0004,2025-11-08,1,181.86,Paid
O003277,C0751,P0008,2025-11-08,3,568.17,Paid
O003278,C0586,P0009,2025-11-08,3,228.84,Organic
O003279,C0785,P0010,2025-11-08,2,38.8,Organic
O003280,C0097,P0029,2025-11-08,2,48.9,Organic
O003281,C0048,P0027,2025-11-08,3,40.17,Referral
O003282,C0482,P0027,2025-11-08,1,13.39,Paid
O003283,C0412,P0029,2025-11-08,3,73.35,Referral
O003284,C0060,P0033,2025-11-08,1,35.18,Organic
O003285,C0751,P0035,2025-11-08,1,60.4,Email
O003286,C0800,P0040,2025-11-08,1,60.49,Organic
O003287,C0291,P0037,2025-11-08,1,64.18,Paid
O003288,C0204,P0033,2025-11-08,2,70.36,Organic
O003289,C0086,P0039,2025-11-08,3,331.53,Organic
O003290,C0223,P0004,2025-11-08,2,363.72,Organic
O003291,C0559,P0011,2025-11-08,2,90.86,Organic
O003292,C0028,P0014,2025-11-08,3,163.5,Organic
O003293,C0500,P0020,2025-11-08,2,290.68,Organic
O003294,C0172,P0022,2025-11-08,1,41.19,Email
O003295,C0614,P0018,2025-11-08,1,87.21,Paid
O003296,C0479,P0018,2025-11-08,3,261.63,Paid
O003297,C0496,P0033,2025-11-08,2,70.36,Email
O003298,C0223,P0036,2025-11-08,1,23.73,Paid
O003299,C0184,P0008,2025-11-09,2,378.78,Organic
O003300,C0358,P0001,2025-11-09,1,40.3,Email
O003301,C0252,P0003,2025-11-09,2,671.94,Organic
O003302,C0305,P0015,2025-11-09,1,55.14,Organic
O003303,C0382,P0014,2025-11-09,1,54.5,Organic
O003304,C0323,P0009,2025-11-09,3,228.84,Organic
O003305,C0208,P0013,2025-11-09,3,134.58,Organic
O003306,C0021,P0010,2025-11-09,3,58.2,Email
O003307,C0108,P0014,2025-11-09,2,109.0,Paid
O003308,C0249,P0015,2025-11-09,1,55.14,Organic
O003309,C0184,P0017,2025-11-09,1,123.28,Email
O003310,C0465,P0021,2025-11-09,1,111.76,Organic
O003311,C0004,P0019,2025-11-09,1,65.77,Organic
O003312,C0449,P0019,2025-11-09,3,197.31,Organic
O003313,C0398,P0029,2025-11-09,3,73.35,Email
O003314,C0025,P0036,2025-11-09,3,71.19,Paid
O003315,C0704,P0040,2025-11-09,1,60.49,Paid
O003316,C0777,P0033,2025-11-09,1,35.18,Paid
O003317,C0365,P0037,2025-11-09,2,128.36,Organic
O003318,C0202,P0005,2025-11-09,3,198.96,Paid
O003319,C0420,P0016,2025-11-09,1,30.3,Email
O003320,C0516,P0021,2025-11-09,3,335.28,Organic
O003321,C0783,P0022,2025-11-09,3,123.57,Email
O003322,C0712,P0036,2025-11-09,1,23.73,Organic
O003323,C0243,P0038,2025-11-09,2,136.74,Email
O003324,C0032,P0040,2025-11-09,3,181.47,Organic
O003325,C0032,P0033,2025-11-09,1,35.18,Paid
O003326,C0219,P0040,2025-11-09,1,60.49,Email
O003327,C0144,P0033,2025-11-09,3,105.54,Paid
O003328,C0165,P0006,2025-11-09,2,175.08,Organic
O003329,C0391,P0010,2025-11-09,1,19.4,Paid
O003330,C0163,P0014,2025-11-09,3,163.5,Referral
O003331,C0800,P0040,2025-11-09,2,120.98,Organic
O003332,C0785,P0040,2025-11-09,2,120.98,Organic
O003333,C0060,P0036,2025-11-09,3,71.19,Organic
O003334,C0325,P0001,2025-11-09,1,40.3,Paid
O003335,C0351,P0003,2025-11-09,3,1007.91,Referral
O003336,C0530,P0009,2025-11-09,3,228.84,Organic
O003337,C0675,P0015,2025-11-09,2,110.28,Paid
O003338,C0736,P0010,2025-11-09,1,19.4,Email
O003339,C0580,P0018,2025-11-09,2,174.42,Referral
O003340,C0036,P0020,2025-11-09,1,145.34,Organic
O003341,C0353,P0028,2025-11-09,1,22.2,Organic
O003342,C0133,P0025,2025-11-09,1,27.01,Referral
O003343,C0066,P0035,2025-11-09,3,181.2,Organic
O003344,C0266,P0038,2025-11-09,2,136.74,Email
O003345,C0549,P0008,2025-11-10,3,568.17,Organic
O003346,C0067,P0007,2025-11-10,3,203.79,Paid
O003347,C0576,P0011,2025-11-10,1,45.43,Email
O003348,C0004,P0015,2025-11-10,2,110.28,Paid
O003349,C0303,P0018,2025-11-10,2,174.42,Paid
O003350,C0151,P0038,2025-11-10,2,136.74,Organic
O003351,C0640,P0002,2025-11-10,3,801.18,Organic
O003352,C0783,P0002,2025-11-10,1,267.06,Organic
O003353,C0489,P0003,2025-11-10,3,1007.91,Organic
O003354,C0405,P0008,2025-11-10,2,378.78,Organic
O003355,C0778,P0004,2025-11-10,1,181.86,Organic
O003356,C0182,P0013,2025-11-10,1,44.86,Email
O003357,C0558,P0011,2025-11-10,1,45.43,Organic
O003358,C0171,P0014,2025-11-10,2,109.0,Organic
O003359,C0099,P0020,2025-11-10,3,436.02,Organic
O003360,C0115,P0032,2025-11-10,1,39.62,Organic
O003361,C0642,P0007,2025-11-10,3,203.79,Referral
O003362,C0009,P0005,2025-11-10,3,198.96,Organic
O003363,C0591,P0012,2025-11-10,1,45.06,Paid
O003364,C0454,P0022,2025-11-10,1,41.19,Paid
O003365,C0432,P0021,2025-11-10,1,111.76,Paid
O003366,C0545,P0028,2025-11-10,1,22.2,Referral
O003367,C0591,P0036,2025-11-10,3,71.19,Organic
O003368,C0693,P0038,2025-11-10,2,136.74,Organic
O003369,C0261,P0037,2025-11-10,1,64.18,Organic
O003370,C0316,P0008,2025-11-10,3,568.17,Organic
O003371,C0682,P0010,2025-11-10,2,38.8,Paid
O003372,C0559,P0014,2025-11-10,1,54.5,Referral
O003373,C0567,P0014,2025-11-10,1,54.5,Organic
O003374,C0028,P0019,2025-11-10,2,131.54,Organic
O003375,C0458,P0022,2025-11-10,1,41.19,Organic
O003376,C0505,P0024,2025-11-10,1,95.17,Referral
O003377,C0721,P0038,2025-11-10,2,136.74,Organic
O003378,C0476,P0040,2025-11-10,3,181.47,Paid
O003379,C0351,P0035,2025-11-10,1,60.4,Organic
O003380,C0631,P0040,2025-11-10,1,60.49,Organic
O003381,C0721,P0035,2025-11-10,1,60.4,Paid
O003382,C0051,P0001,2025-11-11,3,120.9,Paid
O003383,C0390,P0002,2025-11-11,3,801.18,Paid
O003384,C0050,P0011,2025-11-11,3,136.29,Paid
O003385,C0386,P0019,2025-11-11,1,65.77,Organic
O003386,C0687,P0037,2025-11-11,2,128.36,Paid
O003387,C0243,P0013,2025-11-11,3,134.58,Email
O003388,C0674,P0022,2025-11-11,1,41.19,Organic
O003389,C0723,P0019,2025-11-11,1,65.77,Organic
O003390,C0369,P0028,2025-11-11,3,66.6,Organic
O003391,C0243,P0028,2025-11-11,1,22.2,Paid
O003392,C0341,P0026,2025-11-11,2,43.74,Organic
O003393,C0457,P0038,2025-11-11,1,68.37,Paid
O003394,C0416,P0034,2025-11-11,2,107.82,Organic
O003395,C0238,P0004,2025-11-11,3,545.58,Paid
O003396,C0327,P0012,2025-11-11,3,135.18,Organic
O003397,C0545,P0010,2025-11-11,1,19.4,Organic
O003398,C0373,P0011,2025-11-11,3,136.29,Email
O003399,C0611,P0024,2025-11-11,2,190.34,Paid
O003400,C0048,P0019,2025-11-11,2,131.54,Paid
O003401,C0586,P0032,2025-11-11,1,39.62,Organic
O003402,C0757,P0035,2025-11-11,1,60.4,Referral
O003403,C0002,P0037,2025-11-11,3,192.54,Email
O003404,C0685,P0003,2025-11-11,1,335.97,Email
O003405,C0134,P0005,2025-11-11,2,132.64,Paid
O003406,C0320,P0008,2025-11-11,2,378.78,Paid
O003407,C0075,P0011,2025-11-11,3,136.29,Paid
O003408,C0095,P0011,2025-11-11,2,90.86,Paid
O003409,C0530,P0017,2025-11-11,2,246.56,Organic
O003410,C0664,P0017,2025-11-11,3,369.84,Organic
O003411,C0714,P0027,2025-11-11,3,40.17,Email
O003412,C0076,P0006,2025-11-12,1,87.54,Organic
O003413,C0799,P0001,2025-11-12,1,40.3,Organic
O003414,C0372,P0008,2025-11-12,3,568.17,Organic
O003415,C0540,P0004,2025-11-12,2,363.72,Paid
O003416,C0037,P0009,2025-11-12,2,152.56,Paid
O003417,C0538,P0013,2025-11-12,2,89.72,Email
O003418,C0659,P0021,2025-11-12,2,223.52,Paid
O003419,C0799,P0025,2025-11-12,1,27.01,Organic
O003420,C0071,P0037,2025-11-12,2,128.36,Organic
O003421,C0572,P0038,2025-11-12,2,136.74,Organic
O003422,C0403,P0040,2025-11-12,2,120.98,Referral
O003423,C0143,P0033,2025-11-12,3,105.54,Paid
O003424,C0297,P0036,2025-11-12,3,71.19,Organic
O003425,C0553,P0001,2025-11-12,1,40.3,Email
O003426,C0688,P0012,2025-11-12,2,90.12,Referral
O003427,C0103,P0014,2025-11-12,3,163.5,Organic
O003428,C0784,P0020,2025-11-12,3,436.02,Paid
O003429,C0509,P0020,2025-11-12,1,145.34,Organic
O003430,C0308,P0023,2025-11-12,1,145.99,Organic
O003431,C0464,P0019,2025-11-12,3,197.31,Paid
O003432,C0698,P0023,2025-11-12,2,291.98,Organic
O003433,C0739,P0028,2025-11-12,2,44.4,Email
O003434,C0615,P0033,2025-11-12,3,105.54,Organic
O003435,C0508,P0005,2025-11-12,3,198.96,Organic
O003436,C0157,P0007,2025-11-12,1,67.93,Paid
O003437,C0281,P0002,2025-11-12,2,534.12,Referral
O003438,C0594,P0005,2025-11-12,1,66.32,Paid
O003439,C0586,P0008,2025-11-12,1,189.39,Email
O003440,C0732,P0002,2025-11-12,2,534.12,Paid
O003441,C0009,P0016,2025-11-12,1,30.3,Paid
O003442,C0273,P0021,2025-11-12,2,223.52,Email
O003443,C0216,P0023,2025-11-12,3,437.97,Email
O003444,C0742,P0039,2025-11-12,2,221.02,Referral
O003445,C0588,P0039,2025-11-12,3,331.53,Organic
O003446,C0734,P0033,2025-11-12,3,105.54,Organic
O003447,C0800,P0036,2025-11-12,3,71.19,Email
O003448,C0232,P0003,2025-11-12,3,1007.91,Organic
O003449,C0601,P0002,2025-11-12,1,267.06,Referral
O003450,C0336,P0011,2025-11-12,1,45.43,Organic
O003451,C0731,P0022,2025-11-12,1,41.19,Organic
O003452,C0068,P0024,2025-11-12,3,285.51,Organic
O003453,C0604,P0022,2025-11-12,3,123.57,Organic
O003454,C0610,P0022,2025-11-12,1,41.19,Organic
O003455,C0725,P0022,2025-11-12,2,82.38,Organic
O003456,C0195,P0026,2025-11-12,1,21.87,Organic
O003457,C0458,P0025,2025-11-12,3,81.03,Email
O003458,C0118,P0033,2025-11-12,1,35.18,Organic
O003459,C0197,P0037,2025-11-12,1,64.18,Organic
O003460,C0195,P0040,2025-11-12,3,181.47,Paid
O003461,C0285,P0033,2025-11-12,2,70.36,Referral
O003462,C0384,P0016,2025-11-13,2,60.6,Organic
O003463,C0469,P0024,2025-11-13,1,95.17,Paid
O003464,C0403,P0022,2025-11-13,1,41.19,Email
O003465,C0679,P0017,2025-11-13,2,246.56,Paid
O003466,C0143,P0032,2025-11-13,3,118.86,Organic
O003467,C0576,P0030,2025-11-13,2,54.42,Email
O003468,C0743,P0036,2025-11-13,2,47.46,Paid
O003469,C0498,P0035,2025-11-13,2,120.8,Organic
O003470,C0444,P0036,2025-11-13,2,47.46,Organic
O003471,C0333,P0010,2025-11-13,2,38.8,Paid
O003472,C0770,P0019,2025-11-13,2,131.54,Paid
O003473,C0414,P0024,2025-11-13,2,190.34,Paid
O003474,C0624,P0025,2025-11-13,3,81.03,Email
O003475,C0483,P0013,2025-11-13,2,89.72,Paid
O003476,C0570,P0010,2025-11-13,3,58.2,Referral
O003477,C0497,P0011,2025-11-13,2,90.86,Paid
O003478,C0642,P0019,2025-11-13,3,197.31,Referral
O003479,C0582,P0030,2025-11-13,1,27.21,Organic
O003480,C0269,P0037,2025-11-13,1,64.18,Organic
O003481,C0642,P0036,2025-11-13,1,23.73,Paid
O003482,C0476,P0009,2025-11-13,2,152.56,Paid
O003483,C0561,P0025,2025-11-13,2,54.02,Email
O003484,C0532,P0032,2025-11-13,1,39.62,Email
O003485,C0690,P0037,2025-11-13,2,128.36,Organic
O003486,C0731,P0038,2025-11-13,1,68.37,Paid
O003487,C0583,P0003,2025-11-14,2,671.94,Email
O003488,C0390,P0001,2025-11-14,1,40.3,Email
O003489,C0716,P0012,2025-11-14,2,90.12,Paid
O003490,C0638,P0019,2025-11-14,2,131.54,Organic
O003491,C0538,P0028,2025-11-14,1,22.2,Paid
O003492,C0275,P0038,2025-11-14,3,205.11,Referral
O003493,C0085,P0037,2025-11-14,2,128.36,Referral
O003494,C0143,P0034,2025-11-14,2,107.82,Email
O003495,C0464,P0004,2025-11-14,3,545.58,Organic
O003496,C0678,P0011,2025-11-14,1,45.43,Organic
O003497,C0084,P0015,2025-11-14,2,110.28,Paid
O003498,C0573,P0010,2025-11-14,1,19.4,Organic
O003499,C0393,P0022,2025-11-14,1,41.19,Organic
O003500,C0719,P0017,2025-11-14,1,123.28,Paid
O003501,C0428,P0018,2025-11-14,1,87.21,Organic
O003502,C0702,P0023,2025-11-14,2,291.98,Organic
O003503,C0585,P0032,2025-11-14,3,118.86,Organic
O003504,C0784,P0025,2025-11-14,1,27.01,Email
O003505,C0760,P0028,2025-11-14,1,22.2,Organic
O003506,C0334,P0031,2025-11-14,2,118.8,Organic
O003507,C0229,P0037,2025-11-14,3,192.54,Paid
O003508,C0363,P0002,2025-11-14,3,801.18,Email
O003509,C0677,P0011,2025-11-14,3,136.29,Organic
O003510,C0165,P0009,2025-11-14,1,76.28,Organic
O003511,C0497,P0011,2025-11-14,1,45.43,Paid
O003512,C0586,P0019,2025-11-14,3,197.31,Paid
O003513,C0327,P0019,2025-11-14,2,131.54,Referral
O003514,C0536,P0026,2025-11-14,3,65.61,Organic
O003515,C0589,P0025,2025-11-14,1,27.01,Organic
O003516,C0774,P0038,2025-11-14,3,205.11,Organic
O003517,C0127,P0002,2025-11-14,2,534.12,Email
O003518,C0336,P0004,2025-11-14,3,545.58,Email
O003519,C0614,P0008,2025-11-14,2,378.78,Email
O003520,C0172,P0020,2025-11-14,2,290.68,Email
O003521,C0328,P0018,2025-11-14,2,174.42,Email
O003522,C0285,P0026,2025-11-14,1,21.87,Organic
O003523,C0147,P0028,2025-11-14,1,22.2,Paid
O003524,C0323,P0002,2025-11-15,1,267.06,Organic
O003525,C0687,P0004,2025-11-15,2,363.72,Paid
O003526,C0790,P0011,2025-11-15,2,90.86,Email
O003527,C0425,P0009,2025-11-15,2,152.56,Organic
O003528,C0293,P0015,2025-11-15,2,110.28,Organic
O003529,C0124,P0012,2025-11-15,3,135.18,Paid
O003530,C0067,P0015,2025-11-15,1,55.14,Organic
O003531,C0151,P0012,2025-11-15,2,90.12,Organic
O003532,C0488,P0010,2025-11-15,2,38.8,Email
O003533,C0335,P0023,2025-11-15,1,145.99,Paid
O003534,C0549,P0018,2025-11-15,3,261.63,Organic
O003535,C0252,P0031,2025-11-15,2,118.8,Organic
O003536,C0378,P0035,2025-11-15,1,60.4,Referral
O003537,C0415,P0036,2025-11-15,3,71.19,Email
O003538,C0743,P0040,2025-11-15,1,60.49,Organic
O003539,C0659,P0038,2025-11-15,3,205.11,Email
O003540,C0084,P0003,2025-11-15,2,671.94,Paid
O003541,C0103,P0004,2025-11-15,3,545.58,Paid
O003542,C0472,P0007,2025-11-15,2,135.86,Organic
O003543,C0272,P0002,2025-11-15,1,267.06,Organic
O003544,C0065,P0007,2025-11-15,1,67.93,Email
O003545,C0423,P0008,2025-11-15,2,378.78,Email
O003546,C0770,P0011,2025-11-15,2,90.86,Organic
O003547,C0059,P0015,2025-11-15,1,55.14,Paid
O003548,C0688,P0014,2025-11-15,2,109.0,Paid
O003549,C0038,P0022,2025-11-15,1,41.19,Referral
O003550,C0739,P0024,2025-11-15,1,95.17,Email
O003551,C0054,P0024,2025-11-15,1,95.17,Referral
O003552,C0521,P0026,2025-11-15,1,21.87,Paid
O003553,C0182,P0027,2025-11-15,2,26.78,Paid
O003554,C0295,P0030,2025-11-15,3,81.63,Organic
O003555,C0457,P0033,2025-11-15,3,105.54,Organic
O003556,C0265,P0040,2025-11-15,2,120.98,Paid
O003557,C0702,P0036,2025-11-15,2,47.46,Organic
O003558,C0219,P0039,2025-11-15,1,110.51,Paid
O003559,C0719,P0035,2025-11-15,1,60.4,Paid
O003560,C0041,P0034,2025-11-15,3,161.73,Organic
O003561,C0588,P0007,2025-11-15,1,67.93,Organic
O003562,C0374,P0016,2025-11-15,2,60.6,Organic
O003563,C0618,P0019,2025-11-15,1,65.77,Paid
O003564,C0012,P0018,2025-11-15,1,87.21,Organic
O003565,C0765,P0031,2025-11-15,3,178.2,Paid
O003566,C0226,P0030,2025-11-15,1,27.21,Organic
O003567,C0281,P0037,2025-11-15,2,128.36,Paid
O003568,C0163,P0035,2025-11-15,1,60.4,Email
O003569,C0578,P0038,2025-11-15,1,68.37,Organic
O003570,C0198,P0008,2025-11-15,1,189.39,Email
O003571,C0319,P0006,2025-11-15,3,262.62,Paid
O003572,C0325,P0009,2025-11-15,1,76.28,Paid
O003573,C0721,P0015,2025-11-15,2,110.28,Organic
O003574,C0042,P0023,2025-11-15,2,291.98,Organic
O003575,C0075,P0031,2025-11-15,3,178.2,Paid
O003576,C0319,P0025,2025-11-15,1,27.01,Paid
O003577,C0729,P0038,2025-11-15,3,205.11,Organic
O003578,C0500,P0033,2025-11-15,3,105.54,Organic
O003579,C0085,P0003,2025-11-16,2,671.94,Organic
O003580,C0799,P0014,2025-11-16,1,54.5,Referral
O003581,C0636,P0013,2025-11-16,3,134.58,Organic
O003582,C0349,P0010,2025-11-16,2,38.8,Organic
O003583,C0348,P0021,2025-11-16,2,223.52,Organic
O003584,C0666,P0021,2025-11-16,3,335.28,Organic
O003585,C0649,P0020,2025-11-16,2,290.68,Organic
O003586,C0212,P0026,2025-11-16,1,21.87,Email
O003587,C0004,P0037,2025-11-16,1,64.18,Paid
O003588,C0014,P0037,2025-11-16,3,192.54,Paid
O003589,C0659,P0034,2025-11-16,3,161.73,Paid
O003590,C0770,P0007,2025-11-16,1,67.93,Organic
O003591,C0029,P0003,2025-11-16,2,671.94,Email
O003592,C0585,P0004,2025-11-16,1,181.86,Paid
O003593,C0739,P0002,2025-11-16,3,801.18,Organic
O003594,C0423,P0014,2025-11-16,2,109.0,Organic
O003595,C0154,P0011,2025-11-16,1,45.43,Organic
O003596,C0202,P0009,2025-11-16,2,152.56,Email
O003597,C0333,P0020,2025-11-16,2,290.68,Paid
O003598,C0526,P0018,2025-11-16,2,174.42,Organic
O003599,C0082,P0029,2025-11-16,3,73.35,Paid
O003600,C0106,P0025,2025-11-16,3,81.03,Paid
O003601,C0779,P0028,2025-11-16,3,66.6,Organic
O003602,C0597,P0028,2025-11-16,1,22.2,Email
O003603,C0585,P0038,2025-11-16,2,136.74,Organic
O003604,C0423,P0036,2025-11-16,2,47.46,Email
O003605,C0179,P0004,2025-11-16,3,545.58,Organic
O003606,C0749,P0003,2025-11-16,3,1007.91,Organic
O003607,C0757,P0002,2025-11-16,2,534.12,Referral
O003608,C0396,P0015,2025-11-16,2,110.28,Organic
O003609,C0677,P0014,2025-11-16,2,109.0,Organic
O003610,C0310,P0013,2025-11-16,2,89.72,Referral
O003611,C0732,P0014,2025-11-16,1,54.5,Referral
O003612,C0368,P0018,2025-11-16,1,87.21,Organic
O003613,C0327,P0024,2025-11-16,1,95.17,Organic
O003614,C0586,P0023,2025-11-16,3,437.97,Referral
O003615,C0396,P0028,2025-11-16,3,66.6,Email
O003616,C0135,P0036,2025-11-16,3,71.19,Email
O003617,C0396,P0037,2025-11-16,1,64.18,Referral
O003618,C0296,P0038,2025-11-16,1,68.37,Organic
O003619,C0255,P0001,2025-11-16,1,40.3,Organic
O003620,C0134,P0006,2025-11-16,1,87.54,Paid
O003621,C0455,P0001,2025-11-16,1,40.3,Paid
O003622,C0328,P0008,2025-11-16,2,378.78,Paid
O003623,C0036,P0014,2025-11-16,3,163.5,Paid
O003624,C0232,P0016,2025-11-16,1,30.3,Organic
O003625,C0236,P0016,2025-11-16,2,60.6,Organic
O003626,C0178,P0013,2025-11-16,3,134.58,Referral
O003627,C0283,P0019,2025-11-16,3,197.31,Paid
O003628,C0552,P0018,2025-11-16,3,261.63,Organic
O003629,C0283,P0017,2025-11-16,1,123.28,Organic
O003630,C0541,P0028,2025-11-16,3,66.6,Organic
O003631,C0491,P0031,2025-11-16,2,118.8,Referral
O003632,C0652,P0036,2025-11-16,3,71.19,Email
O003633,C0222,P0040,2025-11-16,1,60.49,Paid
O003634,C0116,P0039,2025-11-16,3,331.53,Email
O003635,C0156,P0001,2025-11-17,1,40.3,Organic
O003636,C0449,P0003,2025-11-17,1,335.97,Organic
O003637,C0394,P0013,2025-11-17,2,89.72,Organic
O003638,C0245,P0017,2025-11-17,1,123.28,Referral
O003639,C0129,P0023,2025-11-17,3,437.97,Organic
O003640,C0196,P0017,2025-11-17,3,369.84,Referral
O003641,C0771,P0020,2025-11-17,1,145.34,Referral
O003642,C0085,P0027,2025-11-17,3,40.17,Paid
O003643,C0471,P0040,2025-11-17,1,60.49,Paid
O003644,C0521,P0004,2025-11-17,2,363.72,Email
O003645,C0347,P0001,2025-11-17,1,40.3,Organic
O003646,C0407,P0004,2025-11-17,1,181.86,Organic
O003647,C0272,P0008,2025-11-17,1,189.39,Email
O003648,C0207,P0007,2025-11-17,2,135.86,Paid
O003649,C0672,P0004,2025-11-17,1,181.86,Organic
O003650,C0539,P0010,2025-11-17,3,58.2,Email
O003651,C0347,P0012,2025-11-17,3,135.18,Organic
O003652,C0410,P0018,2025-11-17,2,174.42,Email
O003653,C0760,P0031,2025-11-17,1,59.4,Organic
O003654,C0735,P0025,2025-11-17,3,81.03,Organic
O003655,C0585,P0026,2025-11-17,1,21.87,Email
O003656,C0082,P0026,2025-11-17,2,43.74,Paid
O003657,C0762,P0025,2025-11-17,1,27.01,Referral
O003658,C0337,P0025,2025-11-17,1,27.01,Paid
O003659,C0526,P0039,2025-11-17,1,110.51,Organic
O003660,C0400,P0035,2025-11-17,1,60.4,Email
O003661,C0041,P0034,2025-11-17,2,107.82,Organic
O003662,C0352,P0010,2025-11-17,2,38.8,Organic
O003663,C0409,P0011,2025-11-17,1,45.43,Organic
O003664,C0786,P0013,2025-11-17,1,44.86,Paid
O003665,C0373,P0020,2025-11-17,3,436.02,Organic
O003666,C0531,P0017,2025-11-17,2,246.56,Email
O003667,C0267,P0018,2025-11-17,2,174.42,Organic
O003668,C0575,P0024,2025-11-17,3,285.51,Paid
O003669,C0411,P0031,2025-11-17,2,118.8,Paid
O003670,C0593,P0033,2025-11-17,3,105.54,Organic
O003671,C0586,P0033,2025-11-17,1,35.18,Email
O003672,C0644,P0037,2025-11-17,2,128.36,Paid
O003673,C0667,P0006,2025-11-17,1,87.54,Paid
O003674,C0116,P0004,2025-11-17,2,363.72,Referral
O003675,C0714,P0011,2025-11-17,3,136.29,Paid
O003676,C0652,P0030,2025-11-17,1,27.21,Email
O003677,C0111,P0031,2025-11-17,1,59.4,Organic
O003678,C0631,P0039,2025-11-17,2,221.02,Referral
O003679,C0173,P0037,2025-11-17,2,128.36,Organic
O003680,C0180,P0001,2025-11-18,3,120.9,Organic
O003681,C0793,P0008,2025-11-18,2,378.78,Email
O003682,C0323,P0016,2025-11-18,2,60.6,Email
O003683,C0498,P0013,2025-11-18,1,44.86,Organic
O003684,C0649,P0011,2025-11-18,2,90.86,Paid
O003685,C0067,P0010,2025-11-18,3,58.2,Paid
O003686,C0240,P0023,2025-11-18,2,291.98,Email
O003687,C0649,P0022,2025-11-18,3,123.57,Organic
O003688,C0756,P0018,2025-11-18,1,87.21,Email
O003689,C0565,P0021,2025-11-18,1,111.76,Organic
O003690,C0297,P0022,2025-11-18,1,41.19,Organic
O003691,C0317,P0029,2025-11-18,3,73.35,Paid
O003692,C0469,P0029,2025-11-18,3,73.35,Organic
O003693,C0776,P0026,2025-11-18,2,43.74,Organic
O003694,C0793,P0028,2025-11-18,1,22.2,Organic
O003695,C0538,P0039,2025-11-18,3,331.53,Organic
O003696,C0377,P0034,2025-11-18,1,53.91,Paid
O003697,C0683,P0003,2025-11-18,3,1007.91,Paid
O003698,C0171,P0022,2025-11-18,2,82.38,Referral
O003699,C0326,P0031,2025-11-18,3,178.2,Organic
O003700,C0309,P0029,2025-11-18,3,73.35,Email
O003701,C0187,P0030,2025-11-18,2,54.42,Organic
O003702,C0082,P0028,2025-11-18,2,44.4,Organic
O003703,C0735,P0030,2025-11-18,2,54.42,Organic
O003704,C0314,P0026,2025-11-18,3,65.61,Organic
O003705,C0177,P0039,2025-11-18,1,110.51,Organic
O003706,C0472,P0040,2025-11-18,1,60.49,Paid
O003707,C0288,P0033,2025-11-18,3,105.54,Organic
O003708,C0719,P0038,2025-11-18,3,205.11,Paid
O003709,C0698,P0034,2025-11-18,2,107.82,Paid
O003710,C0529,P0038,2025-11-18,1,68.37,Referral
O003711,C0142,P0036,2025-11-18,3,71.19,Organic
O003712,C0800,P0006,2025-11-18,2,175.08,Organic
O003713,C0508,P0013,2025-11-18,1,44.86,Organic
O003714,C0181,P0021,2025-11-18,2,223.52,Organic
O003715,C0270,P0021,2025-11-18,3,335.28,Organic
O003716,C0773,P0022,2025-11-18,1,41.19,Organic
O003717,C0546,P0017,2025-11-18,3,369.84,Paid
O003718,C0531,P0036,2025-11-18,2,47.46,Organic
O003719,C0418,P0039,2025-11-18,2,221.02,Organic
O003720,C0503,P0040,2025-11-18,1,60.49,Organic
O003721,C0396,P0039,2025-11-18,3,331.53,Paid
O003722,C0204,P0040,2025-11-18,2,120.98,Organic
O003723,C0306,P0036,2025-11-18,1,23.73,Organic
O003724,C0650,P0012,2025-11-18,3,135.18,Email
O003725,C0552,P0012,2025-11-18,3,135.18,Paid
O003726,C0020,P0018,2025-11-18,2,174.42,Organic
O003727,C0713,P0023,2025-11-18,2,291.98,Organic
O003728,C0116,P0032,2025-11-18,1,39.62,Paid
O003729,C0750,P0027,2025-11-18,3,40.17,Organic
O003730,C0685,P0040,2025-11-18,2,120.98,Paid
O003731,C0541,P0036,2025-11-18,1,23.73,Organic
O003732,C0664,P0033,2025-11-18,1,35.18,Organic
O003733,C0498,P0001,2025-11-19,2,80.6,Organic
O003734,C0143,P0001,2025-11-19,2,80.6,Organic
O003735,C0377,P0007,2025-11-19,2,135.86,Organic
O003736,C0386,P0015,2025-11-19,1,55.14,Referral
O003737,C0268,P0022,2025-11-19,3,123.57,Paid
O003738,C0488,P0021,2025-11-19,2,223.52,Organic
O003739,C0776,P0021,2025-11-19,1,111.76,Organic
O003740,C0382,P0032,2025-11-19,1,39.62,Referral
O003741,C0175,P0032,2025-11-19,2,79.24,Organic
O003742,C0050,P0034,2025-11-19,1,53.91,Organic
O003743,C0067,P0034,2025-11-19,1,53.91,Organic
O003744,C0375,P0035,2025-11-19,1,60.4,Referral
O003745,C0384,P0034,2025-11-19,1,53.91,Organic
O003746,C0576,P0033,2025-11-19,3,105.54,Email
O003747,C0702,P0006,2025-11-19,3,262.62,Paid
O003748,C0126,P0003,2025-11-19,3,1007.91,Organic
O003749,C0115,P0005,2025-11-19,3,198.96,Paid
O003750,C0333,P0013,2025-11-19,1,44.86,Email
O003751,C0059,P0011,2025-11-19,2,90.86,Paid
O003752,C0672,P0012,2025-11-19,3,135.18,Organic
O003753,C0410,P0015,2025-11-19,1,55.14,Email
O003754,C0218,P0024,2025-11-19,2,190.34,Email
O003755,C0477,P0020,2025-11-19,1,145.34,Paid
O003756,C0264,P0021,2025-11-19,1,111.76,Organic
O003757,C0712,P0025,2025-11-19,2,54.02,Organic
O003758,C0762,P0030,2025-11-19,2,54.42,Organic
O003759,C0393,P0032,2025-11-19,3,118.86,Paid
O003760,C0680,P0039,2025-11-19,2,221.02,Referral
O003761,C0738,P0035,2025-11-19,3,181.2,Paid
O003762,C0738,P0037,2025-11-19,3,192.54,Paid
O003763,C0724,P0034,2025-11-19,2,107.82,Referral
O003764,C0063,P0037,2025-11-19,1,64.18,Referral
O003765,C0267,P0005,2025-11-19,1,66.32,Organic
O003766,C0270,P0007,2025-11-19,2,135.86,Organic
O003767,C0209,P0008,2025-11-19,1,189.39,Paid
O003768,C0618,P0002,2025-11-19,2,534.12,Paid
O003769,C0273,P0016,2025-11-19,3,90.9,Organic
O003770,C0012,P0011,2025-11-19,3,136.29,Organic
O003771,C0578,P0018,2025-11-19,1,87.21,Paid
O003772,C0677,P0017,2025-11-19,3,369.84,Organic
O003773,C0094,P0026,2025-11-19,3,65.61,Paid
O003774,C0352,P0026,2025-11-19,1,21.87,Paid
O003775,C0508,P0031,2025-11-19,3,178.2,Referral
O003776,C0508,P0038,2025-11-19,3,205.11,Organic
O003777,C0173,P0004,2025-11-19,2,363.72,Organic
O003778,C0110,P0015,2025-11-19,2,110.28,Email
O003779,C0193,P0014,2025-11-19,3,163.5,Paid
O003780,C0781,P0014,2025-11-19,1,54.5,Paid
O003781,C0714,P0027,2025-11-19,2,26.78,Paid
O003782,C0682,P0032,2025-11-19,2,79.24,Paid
O003783,C0324,P0036,2025-11-19,2,47.46,Organic
O003784,C0185,P0036,2025-11-19,1,23.73,Referral
O003785,C0076,P0011,2025-11-20,1,45.43,Email
O003786,C0397,P0019,2025-11-20,1,65.77,Paid
O003787,C0303,P0019,2025-11-20,2,131.54,Paid
O003788,C0377,P0019,2025-11-20,3,197.31,Paid
O003789,C0151,P0019,2025-11-20,2,131.54,Organic
O003790,C0449,P0022,2025-11-20,1,41.19,Paid
O003791,C0666,P0026,2025-11-20,3,65.61,Organic
O003792,C0272,P0008,2025-11-20,2,378.78,Paid
O003793,C0733,P0001,2025-11-20,3,120.9,Organic
O003794,C0326,P0004,2025-11-20,2,363.72,Organic
O003795,C0783,P0017,2025-11-20,1,123.28,Organic
O003796,C0132,P0023,2025-11-20,3,437.97,Referral
O003797,C0026,P0018,2025-11-20,2,174.42,Organic
O003798,C0621,P0029,2025-11-20,1,24.45,Email
O003799,C0207,P0029,2025-11-20,2,48.9,Organic
O003800,C0671,P0025,2025-11-20,3,81.03,Email
O003801,C0509,P0032,2025-11-20,2,79.24,Organic
O003802,C0099,P0029,2025-11-20,1,24.45,Organic
O003803,C0039,P0040,2025-11-20,2,120.98,Paid
O003804,C0481,P0002,2025-11-20,3,801.18,Organic
O003805,C0429,P0001,2025-11-20,3,120.9,Organic
O003806,C0097,P0009,2025-11-20,2,152.56,Paid
O003807,C0788,P0013,2025-11-20,1,44.86,Organic
O003808,C0060,P0010,2025-11-20,3,58.2,Email
O003809,C0663,P0013,2025-11-20,2,89.72,Email
O003810,C0238,P0012,2025-11-20,2,90.12,Organic
O003811,C0429,P0021,2025-11-20,2,223.52,Organic
O003812,C0204,P0024,2025-11-20,1,95.17,Referral
O003813,C0135,P0021,2025-11-20,3,335.28,Organic
O003814,C0772,P0021,2025-11-20,3,335.28,Organic
O003815,C0165,P0027,2025-11-20,3,40.17,Referral
O003816,C0094,P0032,2025-11-20,1,39.62,Paid
O003817,C0391,P0038,2025-11-20,3,205.11,Organic
O003818,C0033,P0038,2025-11-20,1,68.37,Organic
O003819,C0677,P0033,2025-11-20,3,105.54,Organic
O003820,C0456,P0040,2025-11-20,2,120.98,Organic
O003821,C0053,P0003,2025-11-20,1,335.97,Email
O003822,C0725,P0012,2025-11-20,3,135.18,Organic
O003823,C0336,P0012,2025-11-20,3,135.18,Organic
O003824,C0285,P0017,2025-11-20,2,246.56,Email
O003825,C0068,P0022,2025-11-20,1,41.19,Organic
O003826,C0559,P0018,2025-11-20,2,174.42,Organic
O003827,C0198,P0022,2025-11-20,3,123.57,Paid
O003828,C0343,P0039,2025-11-20,1,110.51,Organic
O003829,C0246,P0034,2025-11-20,1,53.91,Paid
O003830,C0505,P0034,2025-11-20,2,107.82,Organic
O003831,C0714,P0035,2025-11-20,2,120.8,Email
O003832,C0403,P0008,2025-11-21,3,568.17,Paid
O003833,C0737,P0001,2025-11-21,1,40.3,Organic
O003834,C0375,P0002,2025-11-21,1,267.06,Paid
O003835,C0557,P0005,2025-11-21,2,132.64,Organic
O003836,C0540,P0016,2025-11-21,1,30.3,Paid
O003837,C0362,P0009,2025-11-21,2,152.56,Email
O003838,C0375,P0014,2025-11-21,3,163.5,Organic
O003839,C0067,P0018,2025-11-21,3,261.63,Organic
O003840,C0311,P0027,2025-11-21,2,26.78,Organic
O003841,C0071,P0028,2025-11-21,3,66.6,Organic
O003842,C0697,P0025,2025-11-21,1,27.01,Organic
O003843,C0014,P0030,2025-11-21,3,81.63,Email
O003844,C0293,P0035,2025-11-21,1,60.4,Email
O003845,C0793,P0034,2025-11-21,1,53.91,Paid
O003846,C0641,P0040,2025-11-21,2,120.98,Referral
O003847,C0233,P0039,2025-11-21,1,110.51,Email
O003848,C0509,P0006,2025-11-21,3,262.62,Paid
O003849,C0472,P0002,2025-11-21,1,267.06,Organic
O003850,C0350,P0003,2025-11-21,2,671.94,Organic
O003851,C0760,P0002,2025-11-21,1,267.06,Referral
O003852,C0218,P0017,2025-11-21,3,369.84,Organic
O003853,C0219,P0019,2025-11-21,3,197.31,Organic
O003854,C0022,P0017,2025-11-21,2,246.56,Organic
O003855,C0105,P0032,2025-11-21,3,118.86,Paid
O003856,C0728,P0029,2025-11-21,2,48.9,Referral
O003857,C0577,P0039,2025-11-21,3,331.53,Organic
O003858,C0139,P0036,2025-11-21,2,47.46,Organic
O003859,C0078,P0008,2025-11-21,1,189.39,Email
O003860,C0411,P0008,2025-11-21,1,189.39,Organic
O003861,C0083,P0004,2025-11-21,1,181.86,Referral
O003862,C0138,P0005,2025-11-21,1,66.32,Referral
O003863,C0546,P0008,2025-11-21,3,568.17,Organic
O003864,C0588,P0014,2025-11-21,1,54.5,Organic
O003865,C0732,P0014,2025-11-21,3,163.5,Referral
O003866,C0545,P0019,2025-11-21,3,197.31,Referral
O003867,C0765,P0022,2025-11-21,3,123.57,Organic
O003868,C0742,P0018,2025-11-21,1,87.21,Organic
O003869,C0368,P0029,2025-11-21,2,48.9,Paid
O003870,C0635,P0026,2025-11-21,2,43.74,Organic
O003871,C0582,P0030,2025-11-21,1,27.21,Paid
O003872,C0204,P0033,2025-11-21,2,70.36,Organic
O003873,C0383,P0036,2025-11-21,1,23.73,Referral
O003874,C0069,P0035,2025-11-21,2,120.8,Organic
O003875,C0127,P0002,2025-11-21,1,267.06,Organic
O003876,C0210,P0005,2025-11-21,2,132.64,Email
O003877,C0053,P0007,2025-11-21,1,67.93,Organic
O003878,C0236,P0001,2025-11-21,3,120.9,Organic
O003879,C0173,P0015,2025-11-21,2,110.28,Organic
O003880,C0466,P0017,2025-11-21,3,369.84,Paid
O003881,C0791,P0025,2025-11-21,3,81.03,Paid
O003882,C0720,P0029,2025-11-21,3,73.35,Email
O003883,C0283,P0029,2025-11-21,2,48.9,Referral
O003884,C0351,P0025,2025-11-21,1,27.01,Paid
O003885,C0068,P0039,2025-11-21,1,110.51,Organic
O003886,C0675,P0037,2025-11-21,2,128.36,Paid
O003887,C0353,P0033,2025-11-21,2,70.36,Organic
O003888,C0704,P0008,2025-11-22,3,568.17,Organic
O003889,C0596,P0007,2025-11-22,1,67.93,Organic
O003890,C0317,P0002,2025-11-22,1,267.06,Paid
O003891,C0662,P0008,2025-11-22,2,378.78,Organic
O003892,C0365,P0006,2025-11-22,2,175.08,Paid
O003893,C0003,P0012,2025-11-22,1,45.06,Organic
O003894,C0636,P0011,2025-11-22,1,45.43,Organic
O003895,C0311,P0009,2025-11-22,2,152.56,Organic
O003896,C0208,P0024,2025-11-22,1,95.17,Paid
O003897,C0017,P0022,2025-11-22,2,82.38,Organic
O003898,C0520,P0017,2025-11-22,2,246.56,Organic
O003899,C0271,P0030,2025-11-22,1,27.21,Organic
O003900,C0311,P0038,2025-11-22,3,205.11,Organic
O003901,C0397,P0033,2025-11-22,3,105.54,Email
O003902,C0235,P0039,2025-11-22,2,221.02,Email
O003903,C0090,P0007,2025-11-22,1,67.93,Organic
O003904,C0511,P0014,2025-11-22,2,109.0,Paid
O003905,C0529,P0016,2025-11-22,3,90.9,Paid
O003906,C0239,P0010,2025-11-22,3,58.2,Organic
O003907,C0339,P0021,2025-11-22,3,335.28,Organic
O003908,C0081,P0017,2025-11-22,1,123.28,Organic
O003909,C0408,P0028,2025-11-22,2,44.4,Organic
O003910,C0400,P0028,2025-11-22,1,22.2,Organic
O003911,C0105,P0030,2025-11-22,3,81.63,Organic
O003912,C0339,P0032,2025-11-22,3,118.86,Paid
O003913,C0187,P0027,2025-11-22,2,26.78,Organic
O003914,C0529,P0035,2025-11-22,1,60.4,Email
O003915,C0039,P0035,2025-11-22,1,60.4,Organic
O003916,C0099,P0033,2025-11-22,2,70.36,Organic
O003917,C0693,P0001,2025-11-22,2,80.6,Organic
O003918,C0493,P0003,2025-11-22,2,671.94,Organic
O003919,C0503,P0001,2025-11-22,1,40.3,Organic
O003920,C0481,P0002,2025-11-22,3,801.18,Paid
O003921,C0413,P0017,2025-11-22,1,123.28,Organic
O003922,C0048,P0020,2025-11-22,3,436.02,Email
O003923,C0073,P0024,2025-11-22,2,190.34,Organic
O003924,C0775,P0019,2025-11-22,3,197.31,Organic
O003925,C0073,P0024,2025-11-22,1,95.17,Email
O003926,C0611,P0024,2025-11-22,2,190.34,Paid
O003927,C0693,P0031,2025-11-22,1,59.4,Organic
O003928,C0250,P0032,2025-11-22,2,79.24,Paid
O003929,C0269,P0028,2025-11-22,3,66.6,Organic
O003930,C0069,P0038,2025-11-22,3,205.11,Organic
O003931,C0411,P0040,2025-11-22,3,181.47,Organic
O003932,C0086,P0038,2025-11-22,2,136.74,Referral
O003933,C0179,P0037,2025-11-22,2,128.36,Organic
O003934,C0766,P0008,2025-11-22,1,189.39,Organic
O003935,C0610,P0007,2025-11-22,3,203.79,Referral
O003936,C0316,P0016,2025-11-22,1,30.3,Organic
O003937,C0601,P0010,2025-11-22,1,19.4,Paid
O003938,C0095,P0009,2025-11-22,1,76.28,Organic
O003939,C0701,P0012,2025-11-22,2,90.12,Organic
O003940,C0567,P0009,2025-11-22,2,152.56,Email
O003941,C0722,P0010,2025-11-22,1,19.4,Email
O003942,C0720,P0020,2025-11-22,2,290.68,Referral
O003943,C0730,P0017,2025-11-22,3,369.84,Paid
O003944,C0023,P0027,2025-11-22,2,26.78,Organic
O003945,C0075,P0038,2025-11-22,3,205.11,Email
O003946,C0725,P0036,2025-11-22,2,47.46,Organic
O003947,C0771,P0005,2025-11-23,1,66.32,Organic
O003948,C0687,P0007,2025-11-23,1,67.93,Paid
O003949,C0180,P0016,2025-11-23,1,30.3,Paid
O003950,C0371,P0013,2025-11-23,1,44.86,Organic
O003951,C0050,P0010,2025-11-23,2,38.8,Referral
O003952,C0655,P0014,2025-11-23,1,54.5,Paid
O003953,C0384,P0016,2025-11-23,1,30.3,Email
O003954,C0716,P0018,2025-11-23,1,87.21,Paid
O003955,C0382,P0020,2025-11-23,3,436.02,Organic
O003956,C0061,P0018,2025-11-23,2,174.42,Email
O003957,C0323,P0018,2025-11-23,2,174.42,Organic
O003958,C0463,P0031,2025-11-23,3,178.2,Organic
O003959,C0067,P0031,2025-11-23,3,178.2,Email
O003960,C0793,P0032,2025-11-23,1,39.62,Organic
O003961,C0071,P0028,2025-11-23,2,44.4,Paid
O003962,C0572,P0038,2025-11-23,2,136.74,Paid
O003963,C0655,P0039,2025-11-23,3,331.53,Organic
O003964,C0715,P0033,2025-11-23,1,35.18,Organic
O003965,C0183,P0006,2025-11-23,1,87.54,Organic
O003966,C0340,P0005,2025-11-23,2,132.64,Organic
O003967,C0158,P0003,2025-11-23,2,671.94,Paid
O003968,C0207,P0009,2025-11-23,1,76.28,Paid
O003969,C0081,P0010,2025-11-23,2,38.8,Email
O003970,C0577,P0010,2025-11-23,2,38.8,Organic
O003971,C0092,P0009,2025-11-23,1,76.28,Organic
O003972,C0448,P0011,2025-11-23,1,45.43,Referral
O003973,C0234,P0022,2025-11-23,1,41.19,Referral
O003974,C0645,P0019,2025-11-23,2,131.54,Organic
O003975,C0286,P0021,2025-11-23,3,335.28,Email
O003976,C0475,P0019,2025-11-23,3,197.31,Organic
O003977,C0166,P0019,2025-11-23,3,197.31,Organic
O003978,C0064,P0028,2025-11-23,2,44.4,Referral
O003979,C0550,P0031,2025-11-23,3,178.2,Organic
O003980,C0347,P0035,2025-11-23,2,120.8,Organic
O003981,C0640,P0035,2025-11-23,1,60.4,Paid
O003982,C0082,P0039,2025-11-23,1,110.51,Organic
O003983,C0132,P0039,2025-11-23,3,331.53,Paid
O003984,C0568,P0005,2025-11-23,1,66.32,Email
O003985,C0388,P0001,2025-11-23,2,80.6,Referral
O003986,C0454,P0014,2025-11-23,2,109.0,Organic
O003987,C0058,P0013,2025-11-23,2,89.72,Email
O003988,C0135,P0024,2025-11-23,3,285.51,Paid
O003989,C0734,P0021,2025-11-23,3,335.28,Organic
O003990,C0211,P0025,2025-11-23,2,54.02,Organic
O003991,C0296,P0030,2025-11-23,3,81.63,Organic
O003992,C0262,P0030,2025-11-23,1,27.21,Referral
O003993,C0513,P0031,2025-11-23,2,118.8,Referral
O003994,C0432,P0038,2025-11-23,2,136.74,Paid
O003995,C0352,P0033,2025-11-23,2,70.36,Paid
O003996,C0058,P0034,2025-11-23,2,107.82,Paid
O003997,C0800,P0035,2025-11-23,2,120.8,Organic
O003998,C0749,P0035,2025-11-23,1,60.4,Email
O003999,C0383,P0040,2025-11-23,2,120.98,Organic
O004000,C0319,P0006,2025-11-23,1,87.54,Organic
O004001,C0559,P0003,2025-11-23,3,1007.91,Organic
O004002,C0433,P0008,2025-11-23,2,378.78,Email
O004003,C0255,P0005,2025-11-23,1,66.32,Organic
O004004,C0710,P0003,2025-11-23,2,671.94,Organic
O004005,C0561,P0001,2025-11-23,3,120.9,Organic
O004006,C0478,P0016,2025-11-23,1,30.3,Paid
O004007,C0731,P0015,2025-11-23,2,110.28,Organic
O004008,C0552,P0011,2025-11-23,1,45.43,Email
O004009,C0713,P0017,2025-11-23,3,369.84,Paid
O004010,C0066,P0017,2025-11-23,1,123.28,Referral
O004011,C0075,P0022,2025-11-23,3,123.57,Paid
O004012,C0499,P0023,2025-11-23,3,437.97,Organic
O004013,C0479,P0026,2025-11-23,3,65.61,Paid
O004014,C0505,P0032,2025-11-23,3,118.86,Email
O004015,C0720,P0028,2025-11-23,3,66.6,Paid
O004016,C0758,P0036,2025-11-23,2,47.46,Organic
O004017,C0730,P0040,2025-11-23,1,60.49,Paid
O004018,C0537,P0007,2025-11-24,1,67.93,Organic
O004019,C0792,P0008,2025-11-24,3,568.17,Paid
O004020,C0141,P0001,2025-11-24,2,80.6,Organic
O004021,C0687,P0011,2025-11-24,3,136.29,Organic
O004022,C0344,P0011,2025-11-24,3,136.29,Referral
O004023,C0303,P0013,2025-11-24,1,44.86,Referral
O004024,C0520,P0020,2025-11-24,1,145.34,Referral
O004025,C0361,P0027,2025-11-24,2,26.78,Paid
O004026,C0280,P0026,2025-11-24,1,21.87,Organic
O004027,C0100,P0034,2025-11-24,3,161.73,Paid
O004028,C0158,P0001,2025-11-24,1,40.3,Paid
O004029,C0063,P0003,2025-11-24,2,671.94,Paid
O004030,C0277,P0013,2025-11-24,2,89.72,Paid
O004031,C0277,P0011,2025-11-24,3,136.29,Paid
O004032,C0577,P0014,2025-11-24,2,109.0,Email
O004033,C0597,P0016,2025-11-24,3,90.9,Paid
O004034,C0770,P0010,2025-11-24,3,58.2,Organic
O004035,C0577,P0010,2025-11-24,2,38.8,Email
O004036,C0760,P0010,2025-11-24,3,58.2,Organic
O004037,C0312,P0021,2025-11-24,3,335.28,Organic
O004038,C0099,P0022,2025-11-24,2,82.38,Referral
O004039,C0272,P0020,2025-11-24,3,436.02,Paid
O004040,C0724,P0018,2025-11-24,2,174.42,Organic
O004041,C0099,P0027,2025-11-24,2,26.78,Paid
O004042,C0154,P0029,2025-11-24,2,48.9,Paid
O004043,C0739,P0032,2025-11-24,2,79.24,Organic
O004044,C0712,P0030,2025-11-24,2,54.42,Paid
O004045,C0698,P0025,2025-11-24,3,81.03,Organic
O004046,C0405,P0037,2025-11-24,2,128.36,Organic
O004047,C0518,P0035,2025-11-24,2,120.8,Organic
O004048,C0482,P0003,2025-11-24,3,1007.91,Organic
O004049,C0204,P0003,2025-11-24,3,1007.91,Email
O004050,C0383,P0016,2025-11-24,2,60.6,Paid
O004051,C0179,P0011,2025-11-24,1,45.43,Paid
O004052,C0575,P0011,2025-11-24,2,90.86,Paid
O004053,C0137,P0018,2025-11-24,1,87.21,Organic
O004054,C0503,P0023,2025-11-24,1,145.99,Paid
O004055,C0383,P0029,2025-11-24,1,24.45,Paid
O004056,C0454,P0040,2025-11-24,3,181.47,Organic
O004057,C0412,P0037,2025-11-24,3,192.54,Organic
O004058,C0020,P0008,2025-11-24,2,378.78,Email
O004059,C0494,P0020,2025-11-24,3,436.02,Organic
O004060,C0118,P0021,2025-11-24,3,335.28,Organic
O004061,C0095,P0027,2025-11-24,2,26.78,Email
O004062,C0507,P0025,2025-11-24,2,54.02,Paid
O004063,C0458,P0027,2025-11-24,2,26.78,Paid
O004064,C0244,P0029,2025-11-24,1,24.45,Paid
O004065,C0095,P0035,2025-11-24,3,181.2,Organic
O004066,C0311,P0007,2025-11-25,2,135.86,Paid
O004067,C0100,P0008,2025-11-25,1,189.39,Paid
O004068,C0444,P0013,2025-11-25,1,44.86,Organic
O004069,C0572,P0014,2025-11-25,3,163.5,Organic
O004070,C0085,P0011,2025-11-25,2,90.86,Email
O004071,C0465,P0021,2025-11-25,2,223.52,Paid
O004072,C0143,P0023,2025-11-25,2,291.98,Organic
O004073,C0017,P0022,2025-11-25,2,82.38,Email
O004074,C0297,P0020,2025-11-25,3,436.02,Organic
O004075,C0045,P0017,2025-11-25,2,246.56,Organic
O004076,C0017,P0028,2025-11-25,3,66.6,Email
O004077,C0271,P0031,2025-11-25,2,118.8,Paid
O004078,C0557,P0027,2025-11-25,3,40.17,Organic
O004079,C0709,P0039,2025-11-25,3,331.53,Organic
O004080,C0143,P0034,2025-11-25,1,53.91,Organic
O004081,C0103,P0002,2025-11-25,2,534.12,Paid
O004082,C0171,P0001,2025-11-25,1,40.3,Paid
O004083,C0082,P0014,2025-11-25,2,109.0,Email
O004084,C0509,P0015,2025-11-25,2,110.28,Organic
O004085,C0566,P0010,2025-11-25,3,58.2,Organic
O004086,C0485,P0015,2025-11-25,3,165.42,Paid
O004087,C0154,P0012,2025-11-25,2,90.12,Paid
O004088,C0724,P0023,2025-11-25,2,291.98,Organic
O004089,C0405,P0031,2025-11-25,1,59.4,Email
O004090,C0387,P0027,2025-11-25,1,13.39,Paid
O004091,C0117,P0026,2025-11-25,3,65.61,Paid
O004092,C0166,P0027,2025-11-25,1,13.39,Organic
O004093,C0678,P0036,2025-11-25,2,47.46,Organic
O004094,C0566,P0034,2025-11-25,3,161.73,Organic
O004095,C0350,P0039,2025-11-25,3,331.53,Organic
O004096,C0135,P0005,2025-11-25,3,198.96,Email
O004097,C0435,P0007,2025-11-25,2,135.86,Paid
O004098,C0773,P0012,2025-11-25,2,90.12,Organic
O004099,C0007,P0010,2025-11-25,2,38.8,Paid
O004100,C0237,P0011,2025-11-25,3,136.29,Organic
O004101,C0635,P0024,2025-11-25,2,190.34,Email
O004102,C0355,P0025,2025-11-25,1,27.01,Organic
O004103,C0483,P0030,2025-11-25,1,27.21,Email
O004104,C0292,P0030,2025-11-25,2,54.42,Email
O004105,C0594,P0039,2025-11-25,3,331.53,Organic
O004106,C0753,P0001,2025-11-25,1,40.3,Organic
O004107,C0193,P0001,2025-11-25,2,80.6,Organic
O004108,C0710,P0007,2025-11-25,3,203.79,Paid
O004109,C0500,P0008,2025-11-25,2,378.78,Referral
O004110,C0116,P0013,2025-11-25,2,89.72,Paid
O004111,C0353,P0019,2025-11-25,2,131.54,Paid
O004112,C0664,P0017,2025-11-25,2,246.56,Organic
O004113,C0197,P0022,2025-11-25,2,82.38,Organic
O004114,C0191,P0028,2025-11-25,3,66.6,Email
O004115,C0690,P0028,2025-11-25,1,22.2,Referral
O004116,C0276,P0031,2025-11-25,2,118.8,Paid
O004117,C0499,P0034,2025-11-25,2,107.82,Organic
O004118,C0085,P0004,2025-11-26,1,181.86,Email
O004119,C0302,P0004,2025-11-26,2,363.72,Organic
O004120,C0537,P0015,2025-11-26,3,165.42,Organic
O004121,C0504,P0023,2025-11-26,1,145.99,Organic
O004122,C0549,P0030,2025-11-26,2,54.42,Organic
O004123,C0453,P0026,2025-11-26,3,65.61,Paid
O004124,C0718,P0025,2025-11-26,3,81.03,Organic
O004125,C0124,P0028,2025-11-26,3,66.6,Organic
O004126,C0540,P0034,2025-11-26,2,107.82,Organic
O004127,C0014,P0036,2025-11-26,3,71.19,Organic
O004128,C0511,P0001,2025-11-26,3,120.9,Organic
O004129,C0337,P0003,2025-11-26,2,671.94,Paid
O004130,C0624,P0006,2025-11-26,2,175.08,Paid
O004131,C0688,P0004,2025-11-26,1,181.86,Email
O004132,C0188,P0014,2025-11-26,3,163.5,Organic
O004133,C0166,P0016,2025-11-26,2,60.6,Paid
O004134,C0511,P0015,2025-11-26,2,110.28,Paid
O004135,C0106,P0009,2025-11-26,2,152.56,Referral
O004136,C0278,P0019,2025-11-26,3,197.31,Organic
O004137,C0187,P0027,2025-11-26,2,26.78,Paid
O004138,C0162,P0031,2025-11-26,3,178.2,Organic
O004139,C0162,P0039,2025-11-26,3,331.53,Organic
O004140,C0187,P0039,2025-11-26,3,331.53,Organic
O004141,C0206,P0038,2025-11-26,3,205.11,Organic
O004142,C0181,P0005,2025-11-26,3,198.96,Organic
O004143,C0609,P0001,2025-11-26,3,120.9,Paid
O004144,C0396,P0013,2025-11-26,2,89.72,Organic
O004145,C0181,P0016,2025-11-26,2,60.6,Paid
O004146,C0097,P0011,2025-11-26,3,136.29,Paid
O004147,C0480,P0019,2025-11-26,1,65.77,Paid
O004148,C0226,P0023,2025-11-26,3,437.97,Organic
O004149,C0069,P0021,2025-11-26,1,111.76,Organic
O004150,C0368,P0023,2025-11-26,3,437.97,Organic
O004151,C0299,P0027,2025-11-26,1,13.39,Email
O004152,C0250,P0027,2025-11-26,3,40.17,Paid
O004153,C0359,P0001,2025-11-26,3,120.9,Email
O004154,C0246,P0015,2025-11-26,3,165.42,Email
O004155,C0336,P0014,2025-11-26,2,109.0,Organic
O004156,C0581,P0016,2025-11-26,1,30.3,Email
O004157,C0551,P0022,2025-11-26,3,123.57,Paid
O004158,C0710,P0019,2025-11-26,1,65.77,Organic
O004159,C0089,P0026,2025-11-26,1,21.87,Paid
O004160,C0184,P0013,2025-11-27,1,44.86,Paid
O004161,C0189,P0014,2025-11-27,2,109.0,Paid
O004162,C0143,P0012,2025-11-27,2,90.12,Paid
O004163,C0520,P0030,2025-11-27,1,27.21,Email
O004164,C0537,P0025,2025-11-27,2,54.02,Organic
O004165,C0666,P0030,2025-11-27,3,81.63,Paid
O004166,C0280,P0032,2025-11-27,1,39.62,Organic
O004167,C0129,P0027,2025-11-27,2,26.78,Referral
O004168,C0032,P0004,2025-11-27,3,545.58,Organic
O004169,C0092,P0013,2025-11-27,3,134.58,Organic
O004170,C0039,P0011,2025-11-27,2,90.86,Email
O004171,C0688,P0029,2025-11-27,2,48.9,Email
O004172,C0347,P0032,2025-11-27,3,118.86,Organic
O004173,C0264,P0025,2025-11-27,2,54.02,Organic
O004174,C0264,P0034,2025-11-27,1,53.91,Organic
O004175,C0609,P0007,2025-11-27,2,135.86,Organic
O004176,C0007,P0001,2025-11-27,3,120.9,Organic
O004177,C0531,P0016,2025-11-27,1,30.3,Organic
O004178,C0693,P0023,2025-11-27,1,145.99,Email
O004179,C0373,P0022,2025-11-27,3,123.57,Organic
O004180,C0480,P0019,2025-11-27,2,131.54,Paid
O004181,C0588,P0024,2025-11-27,3,285.51,Referral
O004182,C0757,P0026,2025-11-27,1,21.87,Email
O004183,C0656,P0031,2025-11-27,1,59.4,Paid
O004184,C0352,P0028,2025-11-27,2,44.4,Email
O004185,C0757,P0035,2025-11-27,3,181.2,Paid
O004186,C0693,P0039,2025-11-27,2,221.02,Organic
O004187,C0053,P0001,2025-11-27,1,40.3,Paid
O004188,C0584,P0003,2025-11-27,2,671.94,Organic
O004189,C0328,P0004,2025-11-27,1,181.86,Referral
O004190,C0359,P0015,2025-11-27,1,55.14,Email
O004191,C0075,P0017,2025-11-27,3,369.84,Paid
O004192,C0714,P0031,2025-11-27,1,59.4,Paid
O004193,C0143,P0006,2025-11-28,1,87.54,Paid
O004194,C0294,P0004,2025-11-28,2,363.72,Organic
O004195,C0649,P0011,2025-11-28,2,90.86,Organic
O004196,C0031,P0009,2025-11-28,1,76.28,Organic
O004197,C0776,P0013,2025-11-28,2,89.72,Organic
O004198,C0576,P0028,2025-11-28,1,22.2,Paid
O004199,C0793,P0035,2025-11-28,2,120.8,Organic
O004200,C0358,P0039,2025-11-28,3,331.53,Email
O004201,C0377,P0038,2025-11-28,2,136.74,Organic
O004202,C0709,P0040,2025-11-28,3,181.47,Paid
O004203,C0776,P0039,2025-11-28,3,331.53,Paid
O004204,C0026,P0004,2025-11-28,3,545.58,Paid
O004205,C0117,P0018,2025-11-28,2,174.42,Email
O004206,C0219,P0017,2025-11-28,1,123.28,Referral
O004207,C0461,P0018,2025-11-28,3,261.63,Paid
O004208,C0286,P0017,2025-11-28,1,123.28,Organic
O004209,C0719,P0017,2025-11-28,3,369.84,Referral
O004210,C0265,P0030,2025-11-28,2,54.42,Organic
O004211,C0026,P0026,2025-11-28,3,65.61,Paid
O004212,C0102,P0007,2025-11-28,2,135.86,Organic
O004213,C0582,P0002,2025-11-28,3,801.18,Email
O004214,C0788,P0016,2025-11-28,1,30.3,Paid
O004215,C0644,P0012,2025-11-28,2,90.12,Organic
O004216,C0481,P0022,2025-11-28,2,82.38,Organic
O004217,C0765,P0029,2025-11-28,1,24.45,Paid
O004218,C0642,P0026,2025-11-28,2,43.74,Paid
O004219,C0033,P0031,2025-11-28,3,178.2,Organic
O004220,C0165,P0036,2025-11-28,1,23.73,Referral
O004221,C0546,P0038,2025-11-28,3,205.11,Organic
O004222,C0610,P0008,2025-11-28,2,378.78,Referral
O004223,C0780,P0001,2025-11-28,3,120.9,Paid
O004224,C0131,P0002,2025-11-28,2,534.12,Paid
O004225,C0567,P0013,2025-11-28,1,44.86,Organic
O004226,C0571,P0019,2025-11-28,2,131.54,Referral
O004227,C0359,P0022,2025-11-28,3,123.57,Paid
O004228,C0505,P0021,2025-11-28,2,223.52,Organic
O004229,C0172,P0026,2025-11-28,1,21.87,Paid
O004230,C0567,P0029,2025-11-28,2,48.9,Paid
O004231,C0478,P0027,2025-11-28,3,40.17,Referral
O004232,C0343,P0034,2025-11-28,2,107.82,Referral
O004233,C0173,P0037,2025-11-28,2,128.36,Paid
O004234,C0023,P0038,2025-11-28,3,205.11,Organic
O004235,C0494,P0040,2025-11-28,3,181.47,Organic
O004236,C0319,P0040,2025-11-28,1,60.49,Paid
O004237,C0303,P0005,2025-11-29,3,198.96,Organic
O004238,C0488,P0004,2025-11-29,2,363.72,Email
O004239,C0384,P0004,2025-11-29,3,545.58,Referral
O004240,C0180,P0001,2025-11-29,2,80.6,Paid
O004241,C0537,P0014,2025-11-29,1,54.5,Organic
O004242,C0303,P0015,2025-11-29,1,55.14,Organic
O004243,C0087,P0011,2025-11-29,2,90.86,Organic
O004244,C0362,P0017,2025-11-29,2,246.56,Organic
O004245,C0443,P0020,2025-11-29,2,290.68,Email
O004246,C0311,P0025,2025-11-29,3,81.03,Email
O004247,C0600,P0026,2025-11-29,1,21.87,Organic
O004248,C0465,P0036,2025-11-29,2,47.46,Paid
O004249,C0175,P0036,2025-11-29,2,47.46,Organic
O004250,C0184,P0033,2025-11-29,2,70.36,Paid
O004251,C0771,P0039,2025-11-29,2,221.02,Organic
O004252,C0539,P0006,2025-11-29,3,262.62,Organic
O004253,C0038,P0009,2025-11-29,3,228.84,Email
O004254,C0054,P0010,2025-11-29,2,38.8,Organic
O004255,C0529,P0012,2025-11-29,1,45.06,Organic
O004256,C0082,P0015,2025-11-29,2,110.28,Organic
O004257,C0420,P0016,2025-11-29,3,90.9,Referral
O004258,C0727,P0014,2025-11-29,1,54.5,Organic
O004259,C0577,P0012,2025-11-29,1,45.06,Organic
O004260,C0126,P0013,2025-11-29,2,89.72,Organic
O004261,C0059,P0021,2025-11-29,3,335.28,Email
O004262,C0472,P0023,2025-11-29,2,291.98,Paid
O004263,C0187,P0026,2025-11-29,2,43.74,Paid
O004264,C0188,P0028,2025-11-29,3,66.6,Email
O004265,C0029,P0029,2025-11-29,1,24.45,Paid
O004266,C0426,P0037,2025-11-29,3,192.54,Paid
O004267,C0672,P0038,2025-11-29,2,136.74,Email
O004268,C0090,P0036,2025-11-29,2,47.46,Paid
O004269,C0374,P0005,2025-11-29,3,198.96,Organic
O004270,C0773,P0001,2025-11-29,2,80.6,Organic
O004271,C0618,P0002,2025-11-29,2,534.12,Paid
O004272,C0594,P0001,2025-11-29,1,40.3,Email
O004273,C0216,P0003,2025-11-29,2,671.94,Organic
O004274,C0503,P0012,2025-11-29,1,45.06,Organic
O004275,C0523,P0024,2025-11-29,1,95.17,Organic
O004276,C0097,P0021,2025-11-29,2,223.52,Organic
O004277,C0609,P0021,2025-11-29,2,223.52,Paid
O004278,C0078,P0030,2025-11-29,2,54.42,Email
O004279,C0578,P0032,2025-11-29,1,39.62,Organic
O004280,C0094,P0028,2025-11-29,2,44.4,Organic
O004281,C0773,P0032,2025-11-29,3,118.86,Organic
O004282,C0352,P0031,2025-11-29,1,59.4,Referral
O004283,C0225,P0040,2025-11-29,2,120.98,Organic
O004284,C0545,P0033,2025-11-29,2,70.36,Paid
O004285,C0512,P0035,2025-11-29,1,60.4,Organic
O004286,C0266,P0008,2025-11-29,1,189.39,Paid
O004287,C0610,P0005,2025-11-29,1,66.32,Referral
O004288,C0172,P0015,2025-11-29,3,165.42,Paid
O004289,C0283,P0013,2025-11-29,2,89.72,Referral
O004290,C0111,P0016,2025-11-29,2,60.6,Organic
O004291,C0794,P0023,2025-11-29,2,291.98,Organic
O004292,C0351,P0031,2025-11-29,2,118.8,Email
O004293,C0068,P0027,2025-11-29,2,26.78,Email
O004294,C0053,P0031,2025-11-29,3,178.2,Organic
O004295,C0110,P0030,2025-11-29,3,81.63,Organic
O004296,C0255,P0040,2025-11-29,1,60.49,Email
O004297,C0028,P0036,2025-11-29,2,47.46,Organic
O004298,C0458,P0033,2025-11-29,3,105.54,Paid
O004299,C0440,P0040,2025-11-29,2,120.98,Organic
O004300,C0066,P0040,2025-11-29,3,181.47,Organic
O004301,C0280,P0005,2025-11-30,1,66.32,Paid
O004302,C0718,P0006,2025-11-30,3,262.62,Organic
O004303,C0030,P0014,2025-11-30,2,109.0,Organic
O004304,C0711,P0016,2025-11-30,1,30.3,Paid
O004305,C0268,P0021,2025-11-30,2,223.52,Referral
O004306,C0004,P0023,2025-11-30,3,437.97,Email
O004307,C0100,P0022,2025-11-30,2,82.38,Referral
O004308,C0498,P0032,2025-11-30,1,39.62,Organic
O004309,C0189,P0025,2025-11-30,2,54.02,Paid
O004310,C0121,P0025,2025-11-30,1,27.01,Organic
O004311,C0113,P0032,2025-11-30,3,118.86,Paid
O004312,C0136,P0033,2025-11-30,1,35.18,Referral
O004313,C0161,P0038,2025-11-30,2,136.74,Organic
O004314,C0333,P0013,2025-11-30,1,44.86,Organic
O004315,C0511,P0016,2025-11-30,2,60.6,Referral
O004316,C0059,P0019,2025-11-30,3,197.31,Email
O004317,C0084,P0017,2025-11-30,1,123.28,Paid
O004318,C0158,P0017,2025-11-30,1,123.28,Email
O004319,C0154,P0023,2025-11-30,1,145.99,Organic
O004320,C0674,P0017,2025-11-30,3,369.84,Referral
O004321,C0369,P0024,2025-11-30,3,285.51,Organic
O004322,C0526,P0018,2025-11-30,1,87.21,Paid
O004323,C0678,P0025,2025-11-30,2,54.02,Organic
O004324,C0082,P0025,2025-11-30,3,81.03,Paid
O004325,C0783,P0038,2025-11-30,1,68.37,Paid
O004326,C0219,P0039,2025-11-30,2,221.02,Referral
O004327,C0518,P0040,2025-11-30,3,181.47,Referral
O004328,C0327,P0004,2025-11-30,3,545.58,Organic
O004329,C0201,P0011,2025-11-30,1,45.43,Organic
O004330,C0201,P0020,2025-11-30,1,145.34,Organic
O004331,C0327,P0021,2025-11-30,3,335.28,Organic
O004332,C0086,P0021,2025-11-30,1,111.76,Email
O004333,C0677,P0020,2025-11-30,3,436.02,Referral
O004334,C0306,P0019,2025-11-30,3,197.31,Organic
O004335,C0388,P0032,2025-11-30,1,39.62,Paid
O004336,C0483,P0027,2025-11-30,3,40.17,Organic
O004337,C0536,P0035,2025-11-30,3,181.2,Referral
O004338,C0536,P0036,2025-11-30,3,71.19,Email
O004339,C0690,P0007,2025-11-30,3,203.79,Referral
O004340,C0625,P0008,2025-11-30,1,189.39,Organic
O004341,C0053,P0002,2025-11-30,1,267.06,Paid
O004342,C0652,P0012,2025-11-30,3,135.18,Referral
O004343,C0580,P0020,2025-11-30,2,290.68,Email
O004344,C0316,P0027,2025-11-30,3,40.17,Organic
O004345,C0055,P0026,2025-11-30,2,43.74,Organic
O004346,C0053,P0028,2025-11-30,3,66.6,Email
O004347,C0791,P0027,2025-11-30,1,13.39,Organic
O004348,C0625,P0036,2025-11-30,2,47.46,Organic
O004349,C0087,P0002,2025-12-01,2,534.12,Organic
O004350,C0241,P0003,2025-12-01,3,1007.91,Organic
O004351,C0606,P0014,2025-12-01,1,54.5,Organic
O004352,C0307,P0010,2025-12-01,3,58.2,Organic
O004353,C0703,P0011,2025-12-01,1,45.43,Organic
O004354,C0606,P0010,2025-12-01,3,58.2,Organic
O004355,C0679,P0010,2025-12-01,3,58.2,Organic
O004356,C0136,P0012,2025-12-01,3,135.18,Paid
O004357,C0143,P0037,2025-12-01,3,192.54,Organic
O004358,C0728,P0002,2025-12-01,2,534.12,Referral
O004359,C0416,P0006,2025-12-01,3,262.62,Paid
O004360,C0484,P0015,2025-12-01,2,110.28,Paid
O004361,C0573,P0011,2025-12-01,2,90.86,Organic
O004362,C0350,P0011,2025-12-01,3,136.29,Paid
O004363,C0194,P0018,2025-12-01,3,261.63,Paid
O004364,C0558,P0024,2025-12-01,2,190.34,Organic
O004365,C0686,P0030,2025-12-01,3,81.63,Paid
O004366,C0597,P0032,2025-12-01,3,118.86,Organic
O004367,C0309,P0026,2025-12-01,2,43.74,Organic
O004368,C0585,P0035,2025-12-01,2,120.8,Organic
O004369,C0597,P0035,2025-12-01,2,120.8,Paid
O004370,C0482,P0008,2025-12-01,3,568.17,Paid
O004371,C0083,P0001,2025-12-01,2,80.6,Organic
O004372,C0363,P0012,2025-12-01,1,45.06,Organic
O004373,C0775,P0011,2025-12-01,2,90.86,Email
O004374,C0568,P0011,2025-12-01,3,136.29,Organic
O004375,C0296,P0012,2025-12-01,2,90.12,Paid
O004376,C0396,P0009,2025-12-01,1,76.28,Paid
O004377,C0157,P0023,2025-12-01,2,291.98,Referral
O004378,C0238,P0018,2025-12-01,2,174.42,Organic
O004379,C0284,P0018,2025-12-01,1,87.21,Organic
O004380,C0454,P0023,2025-12-01,1,145.99,Organic
O004381,C0691,P0021,2025-12-01,1,111.76,Paid
O004382,C0513,P0017,2025-12-01,2,246.56,Organic
O004383,C0073,P0036,2025-12-01,1,23.73,Referral
O004384,C0523,P0033,2025-12-01,3,105.54,Organic
O004385,C0791,P0006,2025-12-01,3,262.62,Organic
O004386,C0552,P0012,2025-12-01,3,135.18,Email
O004387,C0720,P0009,2025-12-01,3,228.84,Paid
O004388,C0320,P0015,2025-12-01,1,55.14,Paid
O004389,C0336,P0024,2025-12-01,1,95.17,Organic
O004390,C0729,P0021,2025-12-01,1,111.76,Organic
O004391,C0023,P0026,2025-12-01,3,65.61,Paid
O004392,C0232,P0025,2025-12-01,2,54.02,Paid
O004393,C0604,P0029,2025-12-01,1,24.45,Organic
O004394,C0551,P0026,2025-12-01,1,21.87,Referral
O004395,C0559,P0037,2025-12-01,1,64.18,Paid
O004396,C0440,P0040,2025-12-01,3,181.47,Referral
O004397,C0576,P0011,2025-12-02,2,90.86,Organic
O004398,C0649,P0024,2025-12-02,2,190.34,Organic
O004399,C0279,P0017,2025-12-02,1,123.28,Paid
O004400,C0793,P0024,2025-12-02,2,190.34,Email
O004401,C0208,P0022,2025-12-02,1,41.19,Email
O004402,C0799,P0032,2025-12-02,3,118.86,Organic
O004403,C0549,P0031,2025-12-02,1,59.4,Organic
O004404,C0537,P0026,2025-12-02,2,43.74,Organic
O004405,C0378,P0031,2025-12-02,2,118.8,Paid
O004406,C0371,P0027,2025-12-02,1,13.39,Paid
O004407,C0548,P0036,2025-12-02,1,23.73,Referral
O004408,C0520,P0038,2025-12-02,2,136.74,Organic
O004409,C0090,P0001,2025-12-02,2,80.6,Paid
O004410,C0678,P0002,2025-12-02,1,267.06,Paid
O004411,C0762,P0001,2025-12-02,2,80.6,Organic
O004412,C0308,P0017,2025-12-02,1,123.28,Organic
O004413,C0680,P0031,2025-12-02,3,178.2,Organic
O004414,C0526,P0028,2025-12-02,2,44.4,Paid
O004415,C0575,P0005,2025-12-02,2,132.64,Referral
O004416,C0007,P0003,2025-12-02,2,671.94,Paid
O004417,C0639,P0004,2025-12-02,3,545.58,Paid
O004418,C0247,P0004,2025-12-02,3,545.58,Paid
O004419,C0083,P0010,2025-12-02,2,38.8,Referral
O004420,C0318,P0010,2025-12-02,1,19.4,Paid
O004421,C0570,P0024,2025-12-02,3,285.51,Paid
O004422,C0247,P0021,2025-12-02,3,335.28,Paid
O004423,C0388,P0021,2025-12-02,2,223.52,Organic
O004424,C0677,P0024,2025-12-02,3,285.51,Paid
O004425,C0642,P0030,2025-12-02,3,81.63,Organic
O004426,C0179,P0028,2025-12-02,1,22.2,Paid
O004427,C0086,P0030,2025-12-02,2,54.42,Organic
O004428,C0772,P0025,2025-12-02,3,81.03,Organic
O004429,C0181,P0026,2025-12-02,3,65.61,Paid
O004430,C0055,P0004,2025-12-02,1,181.86,Organic
O004431,C0042,P0010,2025-12-02,2,38.8,Organic
O004432,C0650,P0017,2025-12-02,2,246.56,Paid
O004433,C0499,P0028,2025-12-02,3,66.6,Organic
O004434,C0244,P0031,2025-12-02,1,59.4,Referral
O004435,C0285,P0029,2025-12-02,2,48.9,Paid
O004436,C0336,P0034,2025-12-02,2,107.82,Organic
O004437,C0148,P0039,2025-12-02,1,110.51,Paid
O004438,C0415,P0008,2025-12-03,3,568.17,Organic
O004439,C0240,P0005,2025-12-03,3,198.96,Organic
O004440,C0372,P0013,2025-12-03,3,134.58,Organic
O004441,C0365,P0011,2025-12-03,2,90.86,Organic
O004442,C0378,P0011,2025-12-03,1,45.43,Email
O004443,C0700,P0024,2025-12-03,2,190.34,Referral
O004444,C0444,P0020,2025-12-03,3,436.02,Paid
O004445,C0303,P0024,2025-12-03,3,285.51,Organic
O004446,C0349,P0021,2025-12-03,2,223.52,Email
O004447,C0293,P0023,2025-12-03,2,291.98,Email
O004448,C0606,P0030,2025-12-03,2,54.42,Paid
O004449,C0776,P0036,2025-12-03,3,71.19,Paid
O004450,C0349,P0038,2025-12-03,2,136.74,Referral
O004451,C0369,P0006,2025-12-03,2,175.08,Paid
O004452,C0674,P0003,2025-12-03,3,1007.91,Referral
O004453,C0295,P0008,2025-12-03,1,189.39,Email
O004454,C0686,P0010,2025-12-03,3,58.2,Organic
O004455,C0770,P0011,2025-12-03,3,136.29,Organic
O004456,C0356,P0031,2025-12-03,1,59.4,Organic
O004457,C0295,P0026,2025-12-03,2,43.74,Email
O004458,C0645,P0035,2025-12-03,3,181.2,Organic
O004459,C0135,P0005,2025-12-03,1,66.32,Organic
O004460,C0094,P0007,2025-12-03,1,67.93,Paid
O004461,C0497,P0002,2025-12-03,2,534.12,Email
O004462,C0094,P0001,2025-12-03,2,80.6,Paid
O004463,C0493,P0013,2025-12-03,3,134.58,Organic
O004464,C0078,P0024,2025-12-03,2,190.34,Referral
O004465,C0435,P0024,2025-12-03,3,285.51,Paid
O004466,C0094,P0027,2025-12-03,3,40.17,Email
O004467,C0663,P0031,2025-12-03,3,178.2,Paid
O004468,C0732,P0034,2025-12-03,1,53.91,Paid
O004469,C0610,P0003,2025-12-03,2,671.94,Organic
O004470,C0581,P0016,2025-12-03,1,30.3,Email
O004471,C0285,P0017,2025-12-03,1,123.28,Paid
O004472,C0232,P0024,2025-12-03,2,190.34,Paid
O004473,C0552,P0027,2025-12-03,3,40.17,Email
O004474,C0014,P0008,2025-12-04,2,378.78,Paid
O004475,C0367,P0007,2025-12-04,2,135.86,Organic
O004476,C0190,P0010,2025-12-04,3,58.2,Organic
O004477,C0279,P0020,2025-12-04,1,145.34,Organic
O004478,C0297,P0024,2025-12-04,1,95.17,Organic
O004479,C0565,P0020,2025-12-04,1,145.34,Paid
O004480,C0031,P0029,2025-12-04,3,73.35,Referral
O004481,C0037,P0032,2025-12-04,2,79.24,Referral
O004482,C0233,P0035,2025-12-04,1,60.4,Paid
O004483,C0190,P0033,2025-12-04,1,35.18,Organic
O004484,C0305,P0035,2025-12-04,1,60.4,Paid
O004485,C0468,P0011,2025-12-04,3,136.29,Paid
O004486,C0182,P0011,2025-12-04,3,136.29,Email
O004487,C0364,P0011,2025-12-04,2,90.86,Paid
O004488,C0347,P0011,2025-12-04,2,90.86,Organic
O004489,C0558,P0021,2025-12-04,3,335.28,Organic
O004490,C0202,P0030,2025-12-04,2,54.42,Organic
O004491,C0243,P0025,2025-12-04,1,27.01,Organic
O004492,C0724,P0025,2025-12-04,3,81.03,Organic
O004493,C0387,P0036,2025-12-04,2,47.46,Organic
O004494,C0286,P0040,2025-12-04,2,120.98,Organic
O004495,C0188,P0034,2025-12-04,3,161.73,Paid
O004496,C0333,P0038,2025-12-04,2,136.74,Paid
O004497,C0084,P0037,2025-12-04,1,64.18,Paid
O004498,C0757,P0007,2025-12-04,1,67.93,Referral
O004499,C0247,P0006,2025-12-04,2,175.08,Paid
O004500,C0368,P0016,2025-12-04,3,90.9,Organic
O004501,C0570,P0014,2025-12-04,3,163.5,Email
O004502,C0291,P0012,2025-12-04,3,135.18,Organic
O004503,C0262,P0014,2025-12-04,2,109.0,Email
O004504,C0751,P0014,2025-12-04,3,163.5,Email
O004505,C0775,P0031,2025-12-04,2,118.8,Organic
O004506,C0742,P0026,2025-12-04,2,43.74,Organic
O004507,C0225,P0032,2025-12-04,1,39.62,Organic
O004508,C0450,P0037,2025-12-04,1,64.18,Paid
O004509,C0568,P0036,2025-12-04,1,23.73,Organic
O004510,C0118,P0006,2025-12-04,3,262.62,Email
O004511,C0494,P0006,2025-12-04,3,262.62,Referral
O004512,C0093,P0008,2025-12-04,2,378.78,Email
O004513,C0285,P0014,2025-12-04,1,54.5,Organic
O004514,C0581,P0015,2025-12-04,1,55.14,Paid
O004515,C0496,P0023,2025-12-04,2,291.98,Paid
O004516,C0127,P0018,2025-12-04,1,87.21,Organic
O004517,C0134,P0032,2025-12-04,2,79.24,Paid
O004518,C0093,P0031,2025-12-04,1,59.4,Paid
O004519,C0036,P0035,2025-12-04,3,181.2,Organic
O004520,C0721,P0039,2025-12-04,3,331.53,Organic
O004521,C0532,P0040,2025-12-04,3,181.47,Referral
O004522,C0687,P0003,2025-12-05,3,1007.91,Organic
O004523,C0444,P0002,2025-12-05,2,534.12,Paid
O004524,C0572,P0002,2025-12-05,2,534.12,Organic
O004525,C0703,P0005,2025-12-05,1,66.32,Organic
O004526,C0397,P0011,2025-12-05,2,90.86,Organic
O004527,C0025,P0021,2025-12-05,1,111.76,Organic
O004528,C0638,P0024,2025-12-05,3,285.51,Organic
O004529,C0704,P0028,2025-12-05,2,44.4,Paid
O004530,C0271,P0027,2025-12-05,2,26.78,Organic
O004531,C0271,P0025,2025-12-05,3,81.03,Referral
O004532,C0348,P0033,2025-12-05,2,70.36,Paid
O004533,C0737,P0033,2025-12-05,2,70.36,Organic
O004534,C0521,P0007,2025-12-05,1,67.93,Organic
O004535,C0509,P0002,2025-12-05,1,267.06,Paid
O004536,C0468,P0002,2025-12-05,1,267.06,Organic
O004537,C0219,P0008,2025-12-05,3,568.17,Email
O004538,C0728,P0001,2025-12-05,3,120.9,Referral
O004539,C0309,P0008,2025-12-05,3,568.17,Paid
O004540,C0144,P0014,2025-12-05,2,109.0,Referral
O004541,C0779,P0009,2025-12-05,1,76.28,Email
O004542,C0550,P0012,2025-12-05,2,90.12,Email
O004543,C0423,P0017,2025-12-05,3,369.84,Organic
O004544,C0414,P0018,2025-12-05,1,87.21,Paid
O004545,C0645,P0031,2025-12-05,3,178.2,Organic
O004546,C0041,P0026,2025-12-05,2,43.74,Paid
O004547,C0688,P0029,2025-12-05,1,24.45,Referral
O004548,C0738,P0030,2025-12-05,1,27.21,Email
O004549,C0018,P0031,2025-12-05,2,118.8,Paid
O004550,C0739,P0029,2025-12-05,2,48.9,Organic
O004551,C0438,P0034,2025-12-05,1,53.91,Paid
O004552,C0059,P0038,2025-12-05,1,68.37,Organic
O004553,C0329,P0033,2025-12-05,1,35.18,Organic
O004554,C0082,P0036,2025-12-05,1,23.73,Organic
O004555,C0333,P0040,2025-12-05,1,60.49,Paid
O004556,C0342,P0007,2025-12-05,1,67.93,Organic
O004557,C0575,P0007,2025-12-05,1,67.93,Organic
O004558,C0486,P0015,2025-12-05,2,110.28,Organic
O004559,C0258,P0016,2025-12-05,3,90.9,Email
O004560,C0579,P0009,2025-12-05,3,228.84,Paid
O004561,C0629,P0023,2025-12-05,1,145.99,Organic
O004562,C0047,P0021,2025-12-05,3,335.28,Paid
O004563,C0306,P0023,2025-12-05,3,437.97,Organic
O004564,C0157,P0023,2025-12-05,2,291.98,Email
O004565,C0247,P0027,2025-12-05,2,26.78,Organic
O004566,C0273,P0026,2025-12-05,3,65.61,Email
O004567,C0273,P0028,2025-12-05,2,44.4,Referral
O004568,C0238,P0040,2025-12-05,2,120.98,Paid
O004569,C0388,P0035,2025-12-05,2,120.8,Organic
O004570,C0133,P0001,2025-12-05,2,80.6,Email
O004571,C0564,P0005,2025-12-05,2,132.64,Paid
O004572,C0604,P0002,2025-12-05,1,267.06,Organic
O004573,C0750,P0006,2025-12-05,2,175.08,Organic
O004574,C0730,P0011,2025-12-05,3,136.29,Paid
O004575,C0685,P0016,2025-12-05,3,90.9,Organic
O004576,C0351,P0016,2025-12-05,2,60.6,Email
O004577,C0127,P0014,2025-12-05,2,109.0,Email
O004578,C0532,P0013,2025-12-05,2,89.72,Paid
O004579,C0690,P0016,2025-12-05,3,90.9,Organic
O004580,C0455,P0009,2025-12-05,1,76.28,Organic
O004581,C0626,P0022,2025-12-05,1,41.19,Organic
O004582,C0567,P0021,2025-12-05,1,111.76,Organic
O004583,C0379,P0022,2025-12-05,2,82.38,Paid
O004584,C0351,P0023,2025-12-05,2,291.98,Organic
O004585,C0178,P0031,2025-12-05,1,59.4,Paid
O004586,C0232,P0035,2025-12-05,2,120.8,Organic
O004587,C0335,P0003,2025-12-06,3,1007.91,Paid
O004588,C0557,P0015,2025-12-06,1,55.14,Paid
O004589,C0709,P0032,2025-12-06,3,118.86,Paid
O004590,C0548,P0025,2025-12-06,1,27.01,Paid
O004591,C0252,P0031,2025-12-06,3,178.2,Email
O004592,C0796,P0027,2025-12-06,1,13.39,Referral
O004593,C0453,P0025,2025-12-06,2,54.02,Paid
O004594,C0378,P0030,2025-12-06,3,81.63,Organic
O004595,C0087,P0039,2025-12-06,1,110.51,Organic
O004596,C0051,P0036,2025-12-06,1,23.73,Organic
O004597,C0702,P0010,2025-12-06,3,58.2,Organic
O004598,C0526,P0010,2025-12-06,1,19.4,Organic
O004599,C0728,P0012,2025-12-06,3,135.18,Organic
O004600,C0243,P0011,2025-12-06,1,45.43,Email
O004601,C0018,P0013,2025-12-06,3,134.58,Referral
O004602,C0645,P0021,2025-12-06,1,111.76,Organic
O004603,C0264,P0022,2025-12-06,2,82.38,Paid
O004604,C0672,P0023,2025-12-06,3,437.97,Paid
O004605,C0106,P0020,2025-12-06,1,145.34,Email
O004606,C0648,P0023,2025-12-06,1,145.99,Organic
O004607,C0312,P0025,2025-12-06,3,81.03,Organic
O004608,C0183,P0027,2025-12-06,2,26.78,Email
O004609,C0084,P0028,2025-12-06,1,22.2,Email
O004610,C0550,P0033,2025-12-06,3,105.54,Organic
O004611,C0585,P0037,2025-12-06,1,64.18,Organic
O004612,C0026,P0039,2025-12-06,2,221.02,Organic
O004613,C0645,P0039,2025-12-06,3,331.53,Organic
O004614,C0441,P0033,2025-12-06,2,70.36,Paid
O004615,C0680,P0038,2025-12-06,1,68.37,Paid
O004616,C0267,P0001,2025-12-06,2,80.6,Organic
O004617,C0642,P0002,2025-12-06,2,534.12,Paid
O004618,C0785,P0004,2025-12-06,1,181.86,Email
O004619,C0421,P0019,2025-12-06,3,197.31,Organic
O004620,C0765,P0019,2025-12-06,3,197.31,Paid
O004621,C0086,P0023,2025-12-06,2,291.98,Paid
O004622,C0486,P0022,2025-12-06,2,82.38,Organic
O004623,C0568,P0022,2025-12-06,1,41.19,Email
O004624,C0292,P0026,2025-12-06,3,65.61,Paid
O004625,C0069,P0032,2025-12-06,2,79.24,Email
O004626,C0582,P0029,2025-12-06,1,24.45,Paid
O004627,C0211,P0026,2025-12-06,3,65.61,Organic
O004628,C0734,P0028,2025-12-06,1,22.2,Organic
O004629,C0608,P0028,2025-12-06,2,44.4,Email
O004630,C0383,P0029,2025-12-06,3,73.35,Organic
O004631,C0273,P0038,2025-12-06,3,205.11,Organic
O004632,C0454,P0037,2025-12-06,2,128.36,Referral
O004633,C0306,P0038,2025-12-06,2,136.74,Organic
O004634,C0052,P0004,2025-12-06,1,181.86,Organic
O004635,C0500,P0008,2025-12-06,2,378.78,Email
O004636,C0667,P0015,2025-12-06,3,165.42,Organic
O004637,C0505,P0023,2025-12-06,2,291.98,Organic
O004638,C0455,P0021,2025-12-06,2,223.52,Paid
O004639,C0148,P0025,2025-12-06,2,54.02,Organic
O004640,C0725,P0032,2025-12-06,2,79.24,Paid
O004641,C0717,P0037,2025-12-06,2,128.36,Organic
O004642,C0271,P0003,2025-12-07,3,1007.91,Paid
O004643,C0362,P0003,2025-12-07,3,1007.91,Organic
O004644,C0190,P0016,2025-12-07,1,30.3,Paid
O004645,C0293,P0020,2025-12-07,2,290.68,Email
O004646,C0453,P0022,2025-12-07,2,82.38,Paid
O004647,C0061,P0028,2025-12-07,3,66.6,Paid
O004648,C0471,P0031,2025-12-07,2,118.8,Email
O004649,C0520,P0032,2025-12-07,1,39.62,Organic
O004650,C0537,P0030,2025-12-07,2,54.42,Paid
O004651,C0384,P0030,2025-12-07,1,27.21,Paid
O004652,C0305,P0036,2025-12-07,2,47.46,Organic
O004653,C0241,P0038,2025-12-07,3,205.11,Organic
O004654,C0796,P0034,2025-12-07,2,107.82,Organic
O004655,C0050,P0035,2025-12-07,2,120.8,Paid
O004656,C0194,P0007,2025-12-07,1,67.93,Paid
O004657,C0622,P0008,2025-12-07,1,189.39,Referral
O004658,C0688,P0011,2025-12-07,1,45.43,Paid
O004659,C0333,P0014,2025-12-07,3,163.5,Email
O004660,C0234,P0018,2025-12-07,3,261.63,Email
O004661,C0414,P0023,2025-12-07,2,291.98,Referral
O004662,C0243,P0018,2025-12-07,1,87.21,Paid
O004663,C0484,P0019,2025-12-07,2,131.54,Paid
O004664,C0762,P0024,2025-12-07,2,190.34,Organic
O004665,C0229,P0032,2025-12-07,1,39.62,Organic
O004666,C0340,P0028,2025-12-07,3,66.6,Organic
O004667,C0206,P0032,2025-12-07,2,79.24,Organic
O004668,C0597,P0030,2025-12-07,2,54.42,Organic
O004669,C0723,P0032,2025-12-07,2,79.24,Email
O004670,C0314,P0030,2025-12-07,2,54.42,Referral
O004671,C0082,P0030,2025-12-07,1,27.21,Paid
O004672,C0234,P0027,2025-12-07,2,26.78,Referral
O004673,C0640,P0034,2025-12-07,1,53.91,Paid
O004674,C0432,P0007,2025-12-07,2,135.86,Paid
O004675,C0009,P0012,2025-12-07,2,90.12,Organic
O004676,C0058,P0012,2025-12-07,3,135.18,Organic
O004677,C0578,P0012,2025-12-07,1,45.06,Email
O004678,C0480,P0009,2025-12-07,1,76.28,Paid
O004679,C0383,P0018,2025-12-07,2,174.42,Organic
O004680,C0765,P0018,2025-12-07,1,87.21,Organic
O004681,C0048,P0022,2025-12-07,2,82.38,Organic
O004682,C0138,P0018,2025-12-07,1,87.21,Paid
O004683,C0480,P0024,2025-12-07,1,95.17,Organic
O004684,C0388,P0030,2025-12-07,1,27.21,Organic
O004685,C0226,P0027,2025-12-07,1,13.39,Organic
O004686,C0270,P0040,2025-12-07,1,60.49,Email
O004687,C0033,P0036,2025-12-07,2,47.46,Paid
O004688,C0073,P0035,2025-12-07,2,120.8,Organic
O004689,C0343,P0004,2025-12-07,3,545.58,Organic
O004690,C0610,P0001,2025-12-07,2,80.6,Paid
O004691,C0492,P0006,2025-12-07,3,262.62,Email
O004692,C0185,P0014,2025-12-07,2,109.0,Organic
O004693,C0720,P0021,2025-12-07,1,111.76,Paid
O004694,C0075,P0021,2025-12-07,1,111.76,Paid
O004695,C0625,P0029,2025-12-07,3,73.35,Organic
O004696,C0791,P0026,2025-12-07,3,65.61,Organic
O004697,C0236,P0030,2025-12-07,2,54.42,Organic
O004698,C0766,P0030,2025-12-07,1,27.21,Organic
O004699,C0730,P0032,2025-12-07,1,39.62,Email
O004700,C0147,P0040,2025-12-07,1,60.49,Paid
O004701,C0780,P0036,2025-12-07,3,71.19,Email
O004702,C0729,P0040,2025-12-07,2,120.98,Organic
O004703,C0557,P0004,2025-12-08,3,545.58,Referral
O004704,C0367,P0007,2025-12-08,2,135.86,Organic
O004705,C0004,P0014,2025-12-08,2,109.0,Referral
O004706,C0659,P0010,2025-12-08,2,38.8,Paid
O004707,C0557,P0017,2025-12-08,1,123.28,Paid
O004708,C0245,P0027,2025-12-08,1,13.39,Paid
O004709,C0384,P0035,2025-12-08,2,120.8,Organic
O004710,C0398,P0039,2025-12-08,3,331.53,Organic
O004711,C0595,P0005,2025-12-08,1,66.32,Organic
O004712,C0041,P0003,2025-12-08,2,671.94,Email
O004713,C0671,P0003,2025-12-08,1,335.97,Organic
O004714,C0356,P0022,2025-12-08,3,123.57,Paid
O004715,C0448,P0022,2025-12-08,3,123.57,Organic
O004716,C0090,P0027,2025-12-08,1,13.39,Email
O004717,C0702,P0031,2025-12-08,2,118.8,Referral
O004718,C0329,P0040,2025-12-08,3,181.47,Organic
O004719,C0676,P0037,2025-12-08,2,128.36,Organic
O004720,C0460,P0038,2025-12-08,1,68.37,Referral
O004721,C0686,P0038,2025-12-08,3,205.11,Organic
O004722,C0292,P0006,2025-12-08,1,87.54,Referral
O004723,C0429,P0010,2025-12-08,2,38.8,Organic
O004724,C0355,P0010,2025-12-08,1,19.4,Paid
O004725,C0629,P0010,2025-12-08,1,19.4,Email
O004726,C0237,P0028,2025-12-08,3,66.6,Organic
O004727,C0165,P0029,2025-12-08,2,48.9,Organic
O004728,C0047,P0033,2025-12-08,1,35.18,Paid
O004729,C0608,P0034,2025-12-08,1,53.91,Paid
O004730,C0396,P0034,2025-12-08,3,161.73,Paid
O004731,C0567,P0016,2025-12-08,2,60.6,Organic
O004732,C0496,P0015,2025-12-08,3,165.42,Paid
O004733,C0070,P0014,2025-12-08,1,54.5,Paid
O004734,C0055,P0009,2025-12-08,1,76.28,Paid
O004735,C0717,P0018,2025-12-08,2,174.42,Paid
O004736,C0487,P0020,2025-12-08,1,145.34,Organic
O004737,C0722,P0020,2025-12-08,1,145.34,Paid
O004738,C0131,P0025,2025-12-08,2,54.02,Organic
O004739,C0210,P0030,2025-12-08,1,27.21,Email
O004740,C0053,P0031,2025-12-08,3,178.2,Email
O004741,C0236,P0028,2025-12-08,1,22.2,Organic
O004742,C0652,P0028,2025-12-08,2,44.4,Organic
O004743,C0730,P0036,2025-12-08,2,47.46,Paid
O004744,C0111,P0034,2025-12-08,1,53.91,Paid
O004745,C0320,P0038,2025-12-08,3,205.11,Paid
O004746,C0014,P0008,2025-12-09,2,378.78,Paid
O004747,C0471,P0012,2025-12-09,3,135.18,Organic
O004748,C0121,P0009,2025-12-09,1,76.28,Organic
O004749,C0079,P0023,2025-12-09,3,437.97,Organic
O004750,C0045,P0018,2025-12-09,2,174.42,Email
O004751,C0294,P0023,2025-12-09,3,437.97,Paid
O004752,C0323,P0027,2025-12-09,2,26.78,Organic
O004753,C0641,P0031,2025-12-09,3,178.2,Organic
O004754,C0240,P0033,2025-12-09,3,105.54,Organic
O004755,C0251,P0040,2025-12-09,1,60.49,Paid
O004756,C0079,P0034,2025-12-09,1,53.91,Paid
O004757,C0615,P0001,2025-12-09,2,80.6,Organic
O004758,C0158,P0008,2025-12-09,2,378.78,Email
O004759,C0264,P0001,2025-12-09,1,40.3,Organic
O004760,C0177,P0003,2025-12-09,2,671.94,Referral
O004761,C0760,P0013,2025-12-09,1,44.86,Organic
O004762,C0414,P0014,2025-12-09,1,54.5,Paid
O004763,C0340,P0013,2025-12-09,3,134.58,Organic
O004764,C0573,P0015,2025-12-09,2,110.28,Paid
O004765,C0188,P0023,2025-12-09,3,437.97,Organic
O004766,C0509,P0032,2025-12-09,3,118.86,Paid
O004767,C0018,P0025,2025-12-09,3,81.03,Organic
O004768,C0188,P0032,2025-12-09,3,118.86,Referral
O004769,C0416,P0027,2025-12-09,1,13.39,Paid
O004770,C0024,P0039,2025-12-09,2,221.02,Email
O004771,C0533,P0037,2025-12-09,1,64.18,Referral
O004772,C0553,P0040,2025-12-09,2,120.98,Organic
O004773,C0575,P0004,2025-12-09,3,545.58,Email
O004774,C0618,P0001,2025-12-09,3,120.9,Paid
O004775,C0355,P0002,2025-12-09,2,534.12,Paid
O004776,C0547,P0007,2025-12-09,1,67.93,Paid
O004777,C0775,P0012,2025-12-09,3,135.18,Organic
O004778,C0429,P0016,2025-12-09,2,60.6,Referral
O004779,C0097,P0021,2025-12-09,3,335.28,Organic
O004780,C0012,P0018,2025-12-09,1,87.21,Organic
O004781,C0742,P0030,2025-12-09,3,81.63,Email
O004782,C0589,P0029,2025-12-09,3,73.35,Email
O004783,C0033,P0028,2025-12-09,3,66.6,Organic
O004784,C0765,P0027,2025-12-09,2,26.78,Organic
O004785,C0411,P0032,2025-12-09,2,79.24,Organic
O004786,C0495,P0036,2025-12-09,1,23.73,Organic
O004787,C0291,P0034,2025-12-09,3,161.73,Email
O004788,C0525,P0037,2025-12-09,2,128.36,Organic
O004789,C0571,P0002,2025-12-09,1,267.06,Email
O004790,C0758,P0008,2025-12-09,2,378.78,Email
O004791,C0610,P0005,2025-12-09,1,66.32,Referral
O004792,C0005,P0005,2025-12-09,3,198.96,Organic
O004793,C0197,P0005,2025-12-09,1,66.32,Organic
O004794,C0507,P0011,2025-12-09,1,45.43,Organic
O004795,C0610,P0014,2025-12-09,1,54.5,Organic
O004796,C0198,P0013,2025-12-09,2,89.72,Referral
O004797,C0571,P0015,2025-12-09,3,165.42,Paid
O004798,C0028,P0022,2025-12-09,2,82.38,Organic
O004799,C0325,P0022,2025-12-09,1,41.19,Referral
O004800,C0343,P0029,2025-12-09,2,48.9,Organic
O004801,C0504,P0005,2025-12-10,3,198.96,Organic
O004802,C0572,P0011,2025-12-10,1,45.43,Paid
O004803,C0439,P0010,2025-12-10,3,58.2,Organic
O004804,C0403,P0016,2025-12-10,1,30.3,Organic
O004805,C0697,P0011,2025-12-10,3,136.29,Email
O004806,C0372,P0023,2025-12-10,3,437.97,Organic
O004807,C0344,P0019,2025-12-10,1,65.77,Paid
O004808,C0129,P0028,2025-12-10,3,66.6,Email
O004809,C0449,P0026,2025-12-10,2,43.74,Email
O004810,C0557,P0032,2025-12-10,1,39.62,Paid
O004811,C0565,P0026,2025-12-10,3,65.61,Organic
O004812,C0649,P0030,2025-12-10,1,27.21,Organic
O004813,C0796,P0040,2025-12-10,1,60.49,Organic
O004814,C0443,P0035,2025-12-10,2,120.8,Email
O004815,C0277,P0004,2025-12-10,2,363.72,Organic
O004816,C0329,P0005,2025-12-10,1,66.32,Organic
O004817,C0521,P0011,2025-12-10,1,45.43,Referral
O004818,C0264,P0013,2025-12-10,1,44.86,Paid
O004819,C0674,P0020,2025-12-10,3,436.02,Paid
O004820,C0426,P0024,2025-12-10,2,190.34,Organic
O004821,C0511,P0024,2025-12-10,2,190.34,Organic
O004822,C0308,P0020,2025-12-10,1,145.34,Referral
O004823,C0288,P0019,2025-12-10,1,65.77,Email
O004824,C0356,P0020,2025-12-10,2,290.68,Organic
O004825,C0622,P0034,2025-12-10,1,53.91,Paid
O004826,C0414,P0037,2025-12-10,3,192.54,Organic
O004827,C0635,P0006,2025-12-10,2,175.08,Organic
O004828,C0163,P0008,2025-12-10,3,568.17,Referral
O004829,C0373,P0002,2025-12-10,3,801.18,Organic
O004830,C0432,P0008,2025-12-10,2,378.78,Paid
O004831,C0774,P0003,2025-12-10,3,1007.91,Organic
O004832,C0227,P0013,2025-12-10,2,89.72,Paid
O004833,C0788,P0009,2025-12-10,3,228.84,Paid
O004834,C0083,P0014,2025-12-10,2,109.0,Organic
O004835,C0554,P0013,2025-12-10,3,134.58,Paid
O004836,C0299,P0012,2025-12-10,2,90.12,Paid
O004837,C0352,P0016,2025-12-10,2,60.6,Organic
O004838,C0535,P0009,2025-12-10,3,228.84,Organic
O004839,C0069,P0016,2025-12-10,2,60.6,Paid
O004840,C0355,P0019,2025-12-10,1,65.77,Paid
O004841,C0306,P0030,2025-12-10,1,27.21,Organic
O004842,C0642,P0025,2025-12-10,1,27.01,Organic
O004843,C0306,P0039,2025-12-10,3,331.53,Paid
O004844,C0749,P0035,2025-12-10,2,120.8,Organic
O004845,C0800,P0036,2025-12-10,1,23.73,Organic
O004846,C0306,P0038,2025-12-10,2,136.74,Referral
O004847,C0211,P0033,2025-12-10,1,35.18,Paid
O004848,C0451,P0034,2025-12-10,3,161.73,Email
O004849,C0508,P0038,2025-12-10,3,205.11,Email
O004850,C0070,P0003,2025-12-10,1,335.97,Organic
O004851,C0198,P0009,2025-12-10,2,152.56,Organic
O004852,C0324,P0009,2025-12-10,3,228.84,Organic
O004853,C0625,P0014,2025-12-10,1,54.5,Organic
O004854,C0652,P0029,2025-12-10,1,24.45,Organic
O004855,C0325,P0039,2025-12-10,1,110.51,Paid
O004856,C0178,P0037,2025-12-10,1,64.18,Paid
O004857,C0131,P0035,2025-12-10,1,60.4,Organic
O004858,C0720,P0038,2025-12-10,2,136.74,Email
O004859,C0359,P0040,2025-12-10,2,120.98,Organic
O004860,C0079,P0009,2025-12-11,1,76.28,Paid
O004861,C0384,P0019,2025-12-11,1,65.77,Organic
O004862,C0361,P0021,2025-12-11,1,111.76,Referral
O004863,C0700,P0018,2025-12-11,3,261.63,Organic
O004864,C0703,P0021,2025-12-11,3,335.28,Paid
O004865,C0638,P0019,2025-12-11,1,65.77,Organic
O004866,C0311,P0025,2025-12-11,2,54.02,Organic
O004867,C0679,P0030,2025-12-11,3,81.63,Organic
O004868,C0025,P0030,2025-12-11,1,27.21,Paid
O004869,C0534,P0026,2025-12-11,1,21.87,Organic
O004870,C0307,P0034,2025-12-11,3,161.73,Organic
O004871,C0076,P0035,2025-12-11,3,181.2,Paid
O004872,C0759,P0002,2025-12-11,2,534.12,Organic
O004873,C0144,P0002,2025-12-11,3,801.18,Paid
O004874,C0080,P0007,2025-12-11,3,203.79,Organic
O004875,C0585,P0008,2025-12-11,3,568.17,Organic
O004876,C0698,P0010,2025-12-11,1,19.4,Organic
O004877,C0585,P0016,2025-12-11,3,90.9,Organic
O004878,C0038,P0009,2025-12-11,1,76.28,Organic
O004879,C0105,P0016,2025-12-11,1,30.3,Paid
O004880,C0314,P0010,2025-12-11,2,38.8,Organic
O004881,C0740,P0018,2025-12-11,1,87.21,Organic
O004882,C0511,P0018,2025-12-11,1,87.21,Organic
O004883,C0117,P0020,2025-12-11,3,436.02,Email
O004884,C0126,P0020,2025-12-11,3,436.02,Organic
O004885,C0688,P0032,2025-12-11,3,118.86,Email
O004886,C0194,P0030,2025-12-11,1,27.21,Paid
O004887,C0472,P0035,2025-12-11,1,60.4,Organic
O004888,C0194,P0039,2025-12-11,1,110.51,Email
O004889,C0181,P0002,2025-12-11,3,801.18,Referral
O004890,C0775,P0004,2025-12-11,2,363.72,Organic
O004891,C0007,P0003,2025-12-11,3,1007.91,Referral
O004892,C0437,P0003,2025-12-11,1,335.97,Email
O004893,C0609,P0015,2025-12-11,3,165.42,Paid
O004894,C0342,P0010,2025-12-11,1,19.4,Organic
O004895,C0098,P0022,2025-12-11,1,41.19,Organic
O004896,C0047,P0017,2025-12-11,3,369.84,Organic
O004897,C0788,P0029,2025-12-11,3,73.35,Paid
O004898,C0749,P0030,2025-12-11,3,81.63,Paid
O004899,C0413,P0039,2025-12-11,3,331.53,Referral
O004900,C0677,P0034,2025-12-11,2,107.82,Paid
O004901,C0262,P0037,2025-12-11,1,64.18,Referral
O004902,C0451,P0036,2025-12-11,2,47.46,Referral
O004903,C0102,P0036,2025-12-11,1,23.73,Paid
O004904,C0750,P0007,2025-12-11,1,67.93,Referral
O004905,C0713,P0010,2025-12-11,2,38.8,Email
O004906,C0232,P0019,2025-12-11,1,65.77,Paid
O004907,C0148,P0022,2025-12-11,3,123.57,Organic
O004908,C0328,P0032,2025-12-11,1,39.62,Organic
O004909,C0197,P0033,2025-12-11,3,105.54,Paid
O004910,C0758,P0040,2025-12-11,3,181.47,Email
O004911,C0294,P0004,2025-12-12,3,545.58,Organic
O004912,C0311,P0008,2025-12-12,3,568.17,Paid
O004913,C0294,P0012,2025-12-12,1,45.06,Paid
O004914,C0687,P0012,2025-12-12,2,90.12,Paid
O004915,C0548,P0024,2025-12-12,3,285.51,Organic
O004916,C0031,P0019,2025-12-12,3,197.31,Email
O004917,C0599,P0017,2025-12-12,2,246.56,Email
O004918,C0444,P0024,2025-12-12,2,190.34,Paid
O004919,C0293,P0029,2025-12-12,1,24.45,Organic
O004920,C0004,P0027,2025-12-12,1,13.39,Organic
O004921,C0087,P0028,2025-12-12,3,66.6,Organic
O004922,C0004,P0039,2025-12-12,3,331.53,Organic
O004923,C0796,P0033,2025-12-12,2,70.36,Organic
O004924,C0739,P0003,2025-12-12,1,335.97,Organic
O004925,C0022,P0008,2025-12-12,1,189.39,Referral
O004926,C0518,P0001,2025-12-12,1,40.3,Email
O004927,C0516,P0009,2025-12-12,1,76.28,Email
O004928,C0405,P0010,2025-12-12,1,19.4,Organic
O004929,C0029,P0017,2025-12-12,3,369.84,Email
O004930,C0018,P0024,2025-12-12,1,95.17,Organic
O004931,C0314,P0034,2025-12-12,3,161.73,Organic
O004932,C0770,P0040,2025-12-12,2,120.98,Paid
O004933,C0383,P0007,2025-12-12,1,67.93,Organic
O004934,C0411,P0001,2025-12-12,2,80.6,Paid
O004935,C0732,P0012,2025-12-12,1,45.06,Organic
O004936,C0138,P0010,2025-12-12,2,38.8,Paid
O004937,C0611,P0023,2025-12-12,1,145.99,Paid
O004938,C0774,P0020,2025-12-12,2,290.68,Email
O004939,C0250,P0027,2025-12-12,1,13.39,Organic
O004940,C0138,P0034,2025-12-12,3,161.73,Organic
O004941,C0547,P0033,2025-12-12,3,105.54,Organic
O004942,C0722,P0008,2025-12-12,3,568.17,Paid
O004943,C0053,P0001,2025-12-12,1,40.3,Paid
O004944,C0455,P0022,2025-12-12,2,82.38,Organic
O004945,C0487,P0020,2025-12-12,3,436.02,Organic
O004946,C0111,P0020,2025-12-12,2,290.68,Organic
O004947,C0736,P0023,2025-12-12,2,291.98,Organic
O004948,C0455,P0017,2025-12-12,2,246.56,Paid
O004949,C0551,P0017,2025-12-12,2,246.56,Paid
O004950,C0750,P0036,2025-12-12,3,71.19,Organic
O004951,C0534,P0006,2025-12-13,1,87.54,Paid
O004952,C0235,P0002,2025-12-13,3,801.18,Email
O004953,C0641,P0002,2025-12-13,2,534.12,Paid
O004954,C0100,P0003,2025-12-13,1,335.97,Organic
O004955,C0071,P0007,2025-12-13,1,67.93,Email
O004956,C0362,P0015,2025-12-13,3,165.42,Paid
O004957,C0538,P0016,2025-12-13,2,60.6,Referral
O004958,C0302,P0010,2025-12-13,1,19.4,Organic
O004959,C0703,P0012,2025-12-13,3,135.18,Organic
O004960,C0375,P0024,2025-12-13,1,95.17,Email
O004961,C0124,P0024,2025-12-13,1,95.17,Organic
O004962,C0715,P0021,2025-12-13,1,111.76,Paid
O004963,C0703,P0023,2025-12-13,3,437.97,Organic
O004964,C0638,P0026,2025-12-13,2,43.74,Paid
O004965,C0378,P0028,2025-12-13,3,66.6,Email
O004966,C0252,P0026,2025-12-13,3,65.61,Organic
O004967,C0235,P0027,2025-12-13,2,26.78,Organic
O004968,C0233,P0027,2025-12-13,3,40.17,Paid
O004969,C0196,P0040,2025-12-13,3,181.47,Paid
O004970,C0398,P0036,2025-12-13,1,23.73,Paid
O004971,C0733,P0007,2025-12-13,2,135.86,Organic
O004972,C0239,P0004,2025-12-13,3,545.58,Organic
O004973,C0680,P0006,2025-12-13,1,87.54,Organic
O004974,C0041,P0023,2025-12-13,3,437.97,Organic
O004975,C0674,P0023,2025-12-13,1,145.99,Organic
O004976,C0428,P0020,2025-12-13,3,436.02,Organic
O004977,C0105,P0023,2025-12-13,3,437.97,Organic
O004978,C0696,P0024,2025-12-13,1,95.17,Organic
O004979,C0405,P0017,2025-12-13,2,246.56,Email
O004980,C0728,P0026,2025-12-13,2,43.74,Paid
O004981,C0686,P0031,2025-12-13,1,59.4,Organic
O004982,C0485,P0032,2025-12-13,3,118.86,Organic
O004983,C0142,P0033,2025-12-13,3,105.54,Email
O004984,C0065,P0039,2025-12-13,1,110.51,Organic
O004985,C0063,P0036,2025-12-13,2,47.46,Organic
O004986,C0169,P0002,2025-12-13,3,801.18,Organic
O004987,C0536,P0002,2025-12-13,3,801.18,Paid
O004988,C0513,P0002,2025-12-13,3,801.18,Organic
O004989,C0412,P0005,2025-12-13,1,66.32,Organic
O004990,C0409,P0011,2025-12-13,2,90.86,Email
O004991,C0412,P0009,2025-12-13,3,228.84,Organic
O004992,C0102,P0021,2025-12-13,1,111.76,Organic
O004993,C0642,P0026,2025-12-13,1,21.87,Organic
O004994,C0642,P0027,2025-12-13,2,26.78,Paid
O004995,C0591,P0027,2025-12-13,2,26.78,Organic
O004996,C0262,P0037,2025-12-13,1,64.18,Organic
O004997,C0412,P0037,2025-12-13,3,192.54,Referral
O004998,C0656,P0038,2025-12-13,2,136.74,Organic
O004999,C0055,P0003,2025-12-13,2,671.94,Paid
O005000,C0530,P0004,2025-12-13,3,545.58,Organic
O005001,C0116,P0009,2025-12-13,1,76.28,Organic
O005002,C0664,P0013,2025-12-13,1,44.86,Paid
O005003,C0690,P0014,2025-12-13,2,109.0,Organic
O005004,C0505,P0015,2025-12-13,2,110.28,Organic
O005005,C0118,P0021,2025-12-13,1,111.76,Paid
O005006,C0366,P0029,2025-12-13,2,48.9,Referral
O005007,C0131,P0030,2025-12-13,3,81.63,Paid
O005008,C0191,P0029,2025-12-13,3,73.35,Email
O005009,C0255,P0031,2025-12-13,1,59.4,Organic
O005010,C0614,P0035,2025-12-13,1,60.4,Organic
O005011,C0703,P0002,2025-12-14,2,534.12,Organic
O005012,C0124,P0010,2025-12-14,3,58.2,Referral
O005013,C0606,P0016,2025-12-14,2,60.6,Organic
O005014,C0161,P0013,2025-12-14,3,134.58,Paid
O005015,C0375,P0021,2025-12-14,2,223.52,Organic
O005016,C0583,P0032,2025-12-14,3,118.86,Referral
O005017,C0562,P0030,2025-12-14,3,81.63,Organic
O005018,C0776,P0036,2025-12-14,1,23.73,Paid
O005019,C0124,P0036,2025-12-14,2,47.46,Referral
O005020,C0648,P0006,2025-12-14,1,87.54,Referral
O005021,C0516,P0003,2025-12-14,1,335.97,Paid
O005022,C0393,P0004,2025-12-14,1,181.86,Organic
O005023,C0739,P0013,2025-12-14,3,134.58,Email
O005024,C0393,P0009,2025-12-14,2,152.56,Organic
O005025,C0759,P0024,2025-12-14,1,95.17,Referral
O005026,C0485,P0022,2025-12-14,3,123.57,Referral
O005027,C0416,P0024,2025-12-14,3,285.51,Organic
O005028,C0064,P0026,2025-12-14,1,21.87,Organic
O005029,C0509,P0040,2025-12-14,2,120.98,Email
O005030,C0082,P0035,2025-12-14,2,120.8,Paid
O005031,C0012,P0004,2025-12-14,2,363.72,Email
O005032,C0456,P0004,2025-12-14,3,545.58,Email
O005033,C0299,P0005,2025-12-14,3,198.96,Paid
O005034,C0800,P0011,2025-12-14,3,136.29,Organic
O005035,C0368,P0013,2025-12-14,3,134.58,Paid
O005036,C0481,P0014,2025-12-14,3,163.5,Referral
O005037,C0247,P0014,2025-12-14,2,109.0,Email
O005038,C0644,P0021,2025-12-14,2,223.52,Paid
O005039,C0299,P0022,2025-12-14,3,123.57,Referral
O005040,C0751,P0023,2025-12-14,2,291.98,Referral
O005041,C0086,P0018,2025-12-14,1,87.21,Organic
O005042,C0579,P0026,2025-12-14,2,43.74,Paid
O005043,C0493,P0029,2025-12-14,2,48.9,Organic
O005044,C0429,P0032,2025-12-14,2,79.24,Organic
O005045,C0635,P0036,2025-12-14,1,23.73,Organic
O005046,C0299,P0038,2025-12-14,2,136.74,Organic
O005047,C0284,P0038,2025-12-14,2,136.74,Email
O005048,C0493,P0034,2025-12-14,3,161.73,Email
O005049,C0135,P0037,2025-12-14,3,192.54,Referral
O005050,C0211,P0037,2025-12-14,2,128.36,Organic
O005051,C0437,P0039,2025-12-14,2,221.02,Email
O005052,C0273,P0035,2025-12-14,1,60.4,Paid
O005053,C0500,P0004,2025-12-14,1,181.86,Referral
O005054,C0178,P0008,2025-12-14,1,189.39,Paid
O005055,C0440,P0013,2025-12-14,3,134.58,Paid
O005056,C0479,P0012,2025-12-14,2,90.12,Paid
O005057,C0366,P0015,2025-12-14,2,110.28,Organic
O005058,C0722,P0010,2025-12-14,3,58.2,Paid
O005059,C0476,P0015,2025-12-14,3,165.42,Organic
O005060,C0195,P0013,2025-12-14,3,134.58,Paid
O005061,C0191,P0024,2025-12-14,1,95.17,Organic
O005062,C0730,P0032,2025-12-14,2,79.24,Paid
O005063,C0178,P0026,2025-12-14,2,43.74,Email
O005064,C0193,P0030,2025-12-14,2,54.42,Paid
O005065,C0584,P0028,2025-12-14,1,22.2,Organic
O005066,C0193,P0027,2025-12-14,1,13.39,Paid
O005067,C0601,P0029,2025-12-14,1,24.45,Organic
O005068,C0722,P0035,2025-12-14,1,60.4,Organic
O005069,C0707,P0005,2025-12-15,2,132.64,Email
O005070,C0249,P0008,2025-12-15,2,378.78,Organic
O005071,C0330,P0011,2025-12-15,3,136.29,Organic
O005072,C0565,P0013,2025-12-15,1,44.86,Organic
O005073,C0121,P0010,2025-12-15,3,58.2,Organic
O005074,C0636,P0015,2025-12-15,2,110.28,Paid
O005075,C0085,P0009,2025-12-15,2,152.56,Organic
O005076,C0583,P0024,2025-12-15,3,285.51,Organic
O005077,C0715,P0017,2025-12-15,2,246.56,Organic
O005078,C0537,P0017,2025-12-15,3,369.84,Paid
O005079,C0021,P0029,2025-12-15,1,24.45,Paid
O005080,C0249,P0028,2025-12-15,2,44.4,Paid
O005081,C0017,P0027,2025-12-15,3,40.17,Organic
O005082,C0520,P0035,2025-12-15,1,60.4,Organic
O005083,C0085,P0040,2025-12-15,1,60.49,Organic
O005084,C0150,P0002,2025-12-15,1,267.06,Email
O005085,C0407,P0004,2025-12-15,2,363.72,Paid
O005086,C0784,P0010,2025-12-15,2,38.8,Referral
O005087,C0322,P0012,2025-12-15,2,90.12,Organic
O005088,C0326,P0011,2025-12-15,2,90.86,Paid
O005089,C0441,P0013,2025-12-15,2,89.72,Email
O005090,C0518,P0010,2025-12-15,2,38.8,Organic
O005091,C0484,P0024,2025-12-15,1,95.17,Organic
O005092,C0762,P0023,2025-12-15,1,145.99,Paid
O005093,C0441,P0020,2025-12-15,2,290.68,Organic
O005094,C0516,P0025,2025-12-15,3,81.03,Referral
O005095,C0472,P0029,2025-12-15,1,24.45,Referral
O005096,C0660,P0027,2025-12-15,1,13.39,Organic
O005097,C0219,P0031,2025-12-15,2,118.8,Organic
O005098,C0678,P0036,2025-12-15,1,23.73,Organic
O005099,C0533,P0035,2025-12-15,1,60.4,Referral
O005100,C0080,P0040,2025-12-15,3,181.47,Organic
O005101,C0182,P0039,2025-12-15,2,221.02,Referral
O005102,C0429,P0001,2025-12-15,2,80.6,Organic
O005103,C0413,P0002,2025-12-15,3,801.18,Paid
O005104,C0579,P0010,2025-12-15,1,19.4,Paid
O005105,C0608,P0013,2025-12-15,2,89.72,Paid
O005106,C0270,P0018,2025-12-15,3,261.63,Organic
O005107,C0296,P0021,2025-12-15,3,335.28,Paid
O005108,C0677,P0031,2025-12-15,3,178.2,Paid
O005109,C0201,P0037,2025-12-15,2,128.36,Organic
O005110,C0012,P0038,2025-12-15,3,205.11,Organic
O005111,C0086,P0033,2025-12-15,3,105.54,Email
O005112,C0588,P0039,2025-12-15,1,110.51,Paid
O005113,C0110,P0012,2025-12-15,3,135.18,Organic
O005114,C0066,P0011,2025-12-15,2,90.86,Organic
O005115,C0500,P0019,2025-12-15,3,197.31,Organic
O005116,C0581,P0017,2025-12-15,3,369.84,Paid
O005117,C0053,P0018,2025-12-15,1,87.21,Referral
O005118,C0023,P0028,2025-12-15,2,44.4,Paid
O005119,C0685,P0030,2025-12-15,1,27.21,Organic
O005120,C0440,P0040,2025-12-15,1,60.49,Organic
O005121,C0042,P0039,2025-12-15,2,221.02,Paid
O005122,C0398,P0002,2025-12-16,1,267.06,Organic
O005123,C0037,P0001,2025-12-16,1,40.3,Referral
O005124,C0233,P0022,2025-12-16,1,41.19,Organic
O005125,C0279,P0025,2025-12-16,3,81.03,Paid
O005126,C0600,P0031,2025-12-16,2,118.8,Organic
O005127,C0599,P0029,2025-12-16,2,48.9,Paid
O005128,C0071,P0035,2025-12-16,1,60.4,Paid
O005129,C0212,P0038,2025-12-16,3,205.11,Referral
O005130,C0358,P0038,2025-12-16,2,136.74,Organic
O005131,C0707,P0036,2025-12-16,1,23.73,Paid
O005132,C0558,P0001,2025-12-16,1,40.3,Referral
O005133,C0509,P0007,2025-12-16,2,135.86,Paid
O005134,C0393,P0006,2025-12-16,1,87.54,Organic
O005135,C0778,P0010,2025-12-16,3,58.2,Email
O005136,C0054,P0009,2025-12-16,1,76.28,Paid
O005137,C0018,P0029,2025-12-16,2,48.9,Paid
O005138,C0300,P0039,2025-12-16,2,221.02,Paid
O005139,C0546,P0003,2025-12-16,2,671.94,Paid
O005140,C0363,P0015,2025-12-16,1,55.14,Organic
O005141,C0575,P0021,2025-12-16,3,335.28,Organic
O005142,C0437,P0019,2025-12-16,3,197.31,Email
O005143,C0102,P0024,2025-12-16,3,285.51,Organic
O005144,C0429,P0017,2025-12-16,2,246.56,Organic
O005145,C0493,P0017,2025-12-16,1,123.28,Organic
O005146,C0513,P0019,2025-12-16,2,131.54,Organic
O005147,C0169,P0030,2025-12-16,1,27.21,Referral
O005148,C0523,P0032,2025-12-16,1,39.62,Paid
O005149,C0693,P0029,2025-12-16,3,73.35,Paid
O005150,C0262,P0030,2025-12-16,1,27.21,Organic
O005151,C0179,P0032,2025-12-16,1,39.62,Paid
O005152,C0363,P0030,2025-12-16,2,54.42,Referral
O005153,C0591,P0035,2025-12-16,1,60.4,Paid
O005154,C0775,P0034,2025-12-16,3,161.73,Email
O005155,C0269,P0039,2025-12-16,2,221.02,Organic
O005156,C0643,P0015,2025-12-16,1,55.14,Paid
O005157,C0794,P0020,2025-12-16,1,145.34,Referral
O005158,C0320,P0024,2025-12-16,3,285.51,Referral
O005159,C0118,P0019,2025-12-16,1,65.77,Paid
O005160,C0492,P0036,2025-12-16,2,47.46,Organic
O005161,C0552,P0034,2025-12-16,3,161.73,Organic
O005162,C0252,P0006,2025-12-17,1,87.54,Paid
O005163,C0031,P0003,2025-12-17,1,335.97,Organic
O005164,C0700,P0003,2025-12-17,1,335.97,Paid
O005165,C0311,P0002,2025-12-17,2,534.12,Paid
O005166,C0021,P0009,2025-12-17,2,152.56,Organic
O005167,C0087,P0012,2025-12-17,1,45.06,Referral
O005168,C0565,P0021,2025-12-17,3,335.28,Paid
O005169,C0666,P0026,2025-12-17,2,43.74,Paid
O005170,C0654,P0026,2025-12-17,2,43.74,Organic
O005171,C0756,P0032,2025-12-17,1,39.62,Organic
O005172,C0702,P0001,2025-12-17,1,40.3,Paid
O005173,C0059,P0002,2025-12-17,1,267.06,Paid
O005174,C0183,P0008,2025-12-17,3,568.17,Paid
O005175,C0329,P0001,2025-12-17,3,120.9,Paid
O005176,C0099,P0013,2025-12-17,2,89.72,Email
O005177,C0526,P0011,2025-12-17,2,90.86,Organic
O005178,C0408,P0014,2025-12-17,3,163.5,Paid
O005179,C0430,P0012,2025-12-17,2,90.12,Organic
O005180,C0475,P0016,2025-12-17,1,30.3,Organic
O005181,C0369,P0016,2025-12-17,1,30.3,Organic
O005182,C0621,P0015,2025-12-17,3,165.42,Organic
O005183,C0192,P0010,2025-12-17,2,38.8,Organic
O005184,C0182,P0023,2025-12-17,2,291.98,Organic
O005185,C0339,P0018,2025-12-17,1,87.21,Organic
O005186,C0090,P0021,2025-12-17,3,335.28,Organic
O005187,C0464,P0018,2025-12-17,2,174.42,Referral
O005188,C0672,P0032,2025-12-17,3,118.86,Email
O005189,C0063,P0030,2025-12-17,2,54.42,Paid
O005190,C0431,P0030,2025-12-17,3,81.63,Organic
O005191,C0105,P0025,2025-12-17,2,54.02,Paid
O005192,C0038,P0039,2025-12-17,3,331.53,Email
O005193,C0680,P0035,2025-12-17,2,120.8,Paid
O005194,C0597,P0039,2025-12-17,3,331.53,Organic
O005195,C0412,P0008,2025-12-17,2,378.78,Organic
O005196,C0775,P0007,2025-12-17,3,203.79,Organic
O005197,C0800,P0004,2025-12-17,2,363.72,Paid
O005198,C0181,P0005,2025-12-17,2,132.64,Organic
O005199,C0525,P0012,2025-12-17,1,45.06,Organic
O005200,C0663,P0024,2025-12-17,1,95.17,Paid
O005201,C0513,P0023,2025-12-17,1,145.99,Paid
O005202,C0033,P0017,2025-12-17,2,246.56,Organic
O005203,C0273,P0022,2025-12-17,3,123.57,Paid
O005204,C0368,P0024,2025-12-17,3,285.51,Organic
O005205,C0413,P0029,2025-12-17,3,73.35,Email
O005206,C0570,P0031,2025-12-17,3,178.2,Organic
O005207,C0523,P0029,2025-12-17,1,24.45,Paid
O005208,C0216,P0034,2025-12-17,1,53.91,Email
O005209,C0179,P0033,2025-12-17,3,105.54,Organic
O005210,C0178,P0006,2025-12-17,1,87.54,Organic
O005211,C0028,P0004,2025-12-17,1,181.86,Organic
O005212,C0729,P0006,2025-12-17,3,262.62,Email
O005213,C0496,P0014,2025-12-17,1,54.5,Paid
O005214,C0379,P0011,2025-12-17,3,136.29,Email
O005215,C0116,P0011,2025-12-17,1,45.43,Paid
O005216,C0147,P0032,2025-12-17,3,118.86,Email
O005217,C0721,P0031,2025-12-17,3,178.2,Email
O005218,C0730,P0029,2025-12-17,3,73.35,Organic
O005219,C0174,P0031,2025-12-17,2,118.8,Paid
O005220,C0780,P0034,2025-12-17,1,53.91,Paid
O005221,C0478,P0040,2025-12-17,2,120.98,Organic
O005222,C0175,P0002,2025-12-18,1,267.06,Paid
O005223,C0659,P0003,2025-12-18,2,671.94,Referral
O005224,C0377,P0009,2025-12-18,1,76.28,Email
O005225,C0317,P0010,2025-12-18,1,19.4,Paid
O005226,C0189,P0013,2025-12-18,1,44.86,Organic
O005227,C0180,P0010,2025-12-18,3,58.2,Paid
O005228,C0709,P0012,2025-12-18,3,135.18,Organic
O005229,C0293,P0019,2025-12-18,3,197.31,Organic
O005230,C0793,P0026,2025-12-18,1,21.87,Organic
O005231,C0557,P0033,2025-12-18,3,105.54,Paid
O005232,C0051,P0033,2025-12-18,2,70.36,Organic
O005233,C0453,P0034,2025-12-18,1,53.91,Organic
O005234,C0233,P0036,2025-12-18,1,23.73,Referral
O005235,C0099,P0006,2025-12-18,2,175.08,Organic
O005236,C0573,P0004,2025-12-18,2,363.72,Organic
O005237,C0728,P0009,2025-12-18,3,228.84,Organic
O005238,C0566,P0022,2025-12-18,2,82.38,Paid
O005239,C0477,P0020,2025-12-18,2,290.68,Paid
O005240,C0779,P0020,2025-12-18,2,290.68,Email
O005241,C0678,P0032,2025-12-18,2,79.24,Paid
O005242,C0170,P0040,2025-12-18,2,120.98,Email
O005243,C0064,P0034,2025-12-18,2,107.82,Email
O005244,C0740,P0034,2025-12-18,1,53.91,Organic
O005245,C0738,P0037,2025-12-18,2,128.36,Paid
O005246,C0163,P0001,2025-12-18,2,80.6,Organic
O005247,C0429,P0013,2025-12-18,3,134.58,Email
O005248,C0267,P0013,2025-12-18,1,44.86,Organic
O005249,C0582,P0012,2025-12-18,1,45.06,Paid
O005250,C0216,P0014,2025-12-18,1,54.5,Referral
O005251,C0765,P0028,2025-12-18,3,66.6,Paid
O005252,C0098,P0025,2025-12-18,1,27.01,Organic
O005253,C0682,P0005,2025-12-18,1,66.32,Referral
O005254,C0095,P0005,2025-12-18,1,66.32,Referral
O005255,C0581,P0002,2025-12-18,2,534.12,Organic
O005256,C0232,P0014,2025-12-18,2,109.0,Paid
O005257,C0725,P0010,2025-12-18,2,38.8,Paid
O005258,C0561,P0022,2025-12-18,2,82.38,Paid
O005259,C0690,P0025,2025-12-18,3,81.03,Referral
O005260,C0794,P0029,2025-12-18,1,24.45,Organic
O005261,C0351,P0037,2025-12-18,1,64.18,Paid
O005262,C0664,P0036,2025-12-18,2,47.46,Referral
O005263,C0089,P0034,2025-12-18,3,161.73,Paid
O005264,C0675,P0039,2025-12-18,1,110.51,Organic
O005265,C0110,P0040,2025-12-18,1,60.49,Paid
O005266,C0017,P0003,2025-12-19,3,1007.91,Organic
O005267,C0190,P0013,2025-12-19,1,44.86,Email
O005268,C0017,P0011,2025-12-19,2,90.86,Email
O005269,C0321,P0021,2025-12-19,2,223.52,Paid
O005270,C0121,P0032,2025-12-19,1,39.62,Paid
O005271,C0394,P0027,2025-12-19,3,40.17,Referral
O005272,C0726,P0032,2025-12-19,2,79.24,Organic
O005273,C0776,P0029,2025-12-19,2,48.9,Paid
O005274,C0121,P0033,2025-12-19,3,105.54,Email
O005275,C0453,P0034,2025-12-19,2,107.82,Paid
O005276,C0465,P0036,2025-12-19,2,47.46,Organic
O005277,C0151,P0038,2025-12-19,2,136.74,Email
O005278,C0577,P0006,2025-12-19,1,87.54,Paid
O005279,C0277,P0006,2025-12-19,3,262.62,Paid
O005280,C0081,P0012,2025-12-19,3,135.18,Organic
O005281,C0441,P0016,2025-12-19,3,90.9,Paid
O005282,C0177,P0010,2025-12-19,1,19.4,Referral
O005283,C0723,P0014,2025-12-19,1,54.5,Organic
O005284,C0461,P0021,2025-12-19,1,111.76,Referral
O005285,C0447,P0032,2025-12-19,2,79.24,Organic
O005286,C0188,P0031,2025-12-19,3,178.2,Organic
O005287,C0029,P0029,2025-12-19,3,73.35,Organic
O005288,C0414,P0033,2025-12-19,1,35.18,Organic
O005289,C0676,P0033,2025-12-19,2,70.36,Paid
O005290,C0065,P0037,2025-12-19,2,128.36,Referral
O005291,C0022,P0036,2025-12-19,1,23.73,Organic
O005292,C0216,P0001,2025-12-19,1,40.3,Organic
O005293,C0493,P0014,2025-12-19,3,163.5,Organic
O005294,C0201,P0016,2025-12-19,2,60.6,Paid
O005295,C0495,P0010,2025-12-19,1,19.4,Organic
O005296,C0291,P0021,2025-12-19,1,111.76,Email
O005297,C0437,P0019,2025-12-19,2,131.54,Referral
O005298,C0047,P0018,2025-12-19,2,174.42,Paid
O005299,C0629,P0021,2025-12-19,1,111.76,Organic
O005300,C0751,P0029,2025-12-19,1,24.45,Organic
O005301,C0493,P0030,2025-12-19,2,54.42,Organic
O005302,C0033,P0028,2025-12-19,3,66.6,Organic
O005303,C0273,P0032,2025-12-19,1,39.62,Referral
O005304,C0413,P0032,2025-12-19,1,39.62,Paid
O005305,C0137,P0027,2025-12-19,3,40.17,Email
O005306,C0262,P0037,2025-12-19,1,64.18,Referral
O005307,C0593,P0038,2025-12-19,1,68.37,Organic
O005308,C0002,P0033,2025-12-19,3,105.54,Paid
O005309,C0055,P0006,2025-12-19,2,175.08,Paid
O005310,C0710,P0016,2025-12-19,1,30.3,Organic
O005311,C0601,P0012,2025-12-19,1,45.06,Organic
O005312,C0191,P0016,2025-12-19,3,90.9,Organic
O005313,C0581,P0022,2025-12-19,2,82.38,Email
O005314,C0068,P0017,2025-12-19,2,246.56,Paid
O005315,C0197,P0025,2025-12-19,1,27.01,Organic
O005316,C0455,P0031,2025-12-19,2,118.8,Paid
O005317,C0561,P0039,2025-12-19,3,331.53,Paid
O005318,C0614,P0033,2025-12-19,2,70.36,Paid
O005319,C0025,P0003,2025-12-20,2,671.94,Referral
O005320,C0251,P0006,2025-12-20,3,262.62,Organic
O005321,C0793,P0004,2025-12-20,1,181.86,Organic
O005322,C0425,P0004,2025-12-20,2,363.72,Email
O005323,C0375,P0008,2025-12-20,1,189.39,Email
O005324,C0037,P0007,2025-12-20,1,67.93,Organic
O005325,C0703,P0002,2025-12-20,3,801.18,Email
O005326,C0371,P0013,2025-12-20,2,89.72,Paid
O005327,C0576,P0012,2025-12-20,1,45.06,Email
O005328,C0248,P0014,2025-12-20,3,163.5,Organic
O005329,C0071,P0013,2025-12-20,1,44.86,Referral
O005330,C0534,P0014,2025-12-20,1,54.5,Paid
O005331,C0606,P0024,2025-12-20,1,95.17,Organic
O005332,C0756,P0023,2025-12-20,3,437.97,Email
O005333,C0151,P0022,2025-12-20,1,41.19,Organic
O005334,C0050,P0017,2025-12-20,1,123.28,Organic
O005335,C0537,P0023,2025-12-20,1,145.99,Organic
O005336,C0793,P0024,2025-12-20,3,285.51,Email
O005337,C0504,P0035,2025-12-20,2,120.8,Paid
O005338,C0595,P0007,2025-12-20,1,67.93,Organic
O005339,C0387,P0006,2025-12-20,1,87.54,Paid
O005340,C0099,P0013,2025-12-20,1,44.86,Paid
O005341,C0405,P0015,2025-12-20,3,165.42,Organic
O005342,C0242,P0015,2025-12-20,2,110.28,Paid
O005343,C0622,P0011,2025-12-20,1,45.43,Organic
O005344,C0018,P0011,2025-12-20,3,136.29,Organic
O005345,C0468,P0031,2025-12-20,1,59.4,Paid
O005346,C0678,P0029,2025-12-20,3,73.35,Paid
O005347,C0339,P0026,2025-12-20,1,21.87,Organic
O005348,C0694,P0025,2025-12-20,3,81.03,Paid
O005349,C0369,P0026,2025-12-20,3,65.61,Paid
O005350,C0295,P0026,2025-12-20,2,43.74,Email
O005351,C0516,P0025,2025-12-20,3,81.03,Organic
O005352,C0719,P0037,2025-12-20,3,192.54,Organic
O005353,C0461,P0036,2025-12-20,1,23.73,Email
O005354,C0135,P0003,2025-12-20,2,671.94,Referral
O005355,C0482,P0004,2025-12-20,1,181.86,Email
O005356,C0138,P0001,2025-12-20,2,80.6,Organic
O005357,C0009,P0006,2025-12-20,3,262.62,Organic
O005358,C0238,P0015,2025-12-20,2,110.28,Paid
O005359,C0608,P0009,2025-12-20,3,228.84,Organic
O005360,C0247,P0026,2025-12-20,3,65.61,Organic
O005361,C0412,P0026,2025-12-20,1,21.87,Referral
O005362,C0774,P0033,2025-12-20,1,35.18,Organic
O005363,C0267,P0035,2025-12-20,1,60.4,Organic
O005364,C0531,P0033,2025-12-20,3,105.54,Email
O005365,C0482,P0034,2025-12-20,3,161.73,Organic
O005366,C0507,P0006,2025-12-20,1,87.54,Email
O005367,C0675,P0006,2025-12-20,3,262.62,Paid
O005368,C0301,P0001,2025-12-20,1,40.3,Organic
O005369,C0601,P0004,2025-12-20,2,363.72,Organic
O005370,C0505,P0014,2025-12-20,2,109.0,Paid
O005371,C0191,P0009,2025-12-20,1,76.28,Paid
O005372,C0193,P0013,2025-12-20,3,134.58,Organic
O005373,C0266,P0023,2025-12-20,1,145.99,Organic
O005374,C0328,P0021,2025-12-20,1,111.76,Organic
O005375,C0713,P0018,2025-12-20,1,87.21,Organic
O005376,C0440,P0026,2025-12-20,1,21.87,Organic
O005377,C0643,P0028,2025-12-20,1,22.2,Organic
O005378,C0658,P0037,2025-12-20,2,128.36,Organic
O005379,C0020,P0033,2025-12-20,3,105.54,Paid
O005380,C0127,P0034,2025-12-20,3,161.73,Organic
O005381,C0095,P0038,2025-12-20,3,205.11,Email
O005382,C0726,P0005,2025-12-21,2,132.64,Organic
O005383,C0362,P0022,2025-12-21,3,123.57,Paid
O005384,C0565,P0025,2025-12-21,2,54.02,Paid
O005385,C0196,P0032,2025-12-21,2,79.24,Email
O005386,C0641,P0032,2025-12-21,1,39.62,Paid
O005387,C0076,P0031,2025-12-21,1,59.4,Organic
O005388,C0756,P0033,2025-12-21,3,105.54,Paid
O005389,C0263,P0037,2025-12-21,3,192.54,Organic
O005390,C0416,P0003,2025-12-21,1,335.97,Paid
O005391,C0265,P0020,2025-12-21,2,290.68,Paid
O005392,C0472,P0023,2025-12-21,1,145.99,Organic
O005393,C0533,P0026,2025-12-21,2,43.74,Paid
O005394,C0032,P0026,2025-12-21,3,65.61,Referral
O005395,C0295,P0026,2025-12-21,2,43.74,Email
O005396,C0420,P0036,2025-12-21,1,23.73,Organic
O005397,C0688,P0034,2025-12-21,3,161.73,Referral
O005398,C0518,P0038,2025-12-21,1,68.37,Organic
O005399,C0166,P0036,2025-12-21,3,71.19,Organic
O005400,C0388,P0003,2025-12-21,1,335.97,Email
O005401,C0002,P0005,2025-12-21,3,198.96,Referral
O005402,C0354,P0008,2025-12-21,2,378.78,Organic
O005403,C0002,P0009,2025-12-21,2,152.56,Referral
O005404,C0225,P0010,2025-12-21,1,19.4,Organic
O005405,C0238,P0024,2025-12-21,3,285.51,Paid
O005406,C0332,P0018,2025-12-21,3,261.63,Email
O005407,C0611,P0018,2025-12-21,1,87.21,Organic
O005408,C0486,P0021,2025-12-21,3,335.28,Organic
O005409,C0788,P0029,2025-12-21,1,24.45,Paid
O005410,C0482,P0026,2025-12-21,2,43.74,Paid
O005411,C0481,P0029,2025-12-21,3,73.35,Organic
O005412,C0250,P0030,2025-12-21,3,81.63,Organic
O005413,C0258,P0034,2025-12-21,1,53.91,Email
O005414,C0135,P0038,2025-12-21,1,68.37,Paid
O005415,C0483,P0040,2025-12-21,2,120.98,Organic
O005416,C0536,P0038,2025-12-21,3,205.11,Referral
O005417,C0508,P0038,2025-12-21,2,136.74,Paid
O005418,C0586,P0036,2025-12-21,1,23.73,Email
O005419,C0028,P0011,2025-12-21,1,45.43,Paid
O005420,C0714,P0014,2025-12-21,3,163.5,Paid
O005421,C0455,P0018,2025-12-21,2,174.42,Email
O005422,C0499,P0024,2025-12-21,3,285.51,Paid
O005423,C0650,P0025,2025-12-21,2,54.02,Paid
O005424,C0095,P0035,2025-12-21,1,60.4,Organic
O005425,C0366,P0037,2025-12-21,3,192.54,Paid
O005426,C0610,P0039,2025-12-21,2,221.02,Paid
O005427,C0710,P0035,2025-12-21,2,120.8,Email
O005428,C0066,P0037,2025-12-21,2,128.36,Organic
O005429,C0600,P0001,2025-12-22,2,80.6,Organic
O005430,C0659,P0004,2025-12-22,1,181.86,Organic
O005431,C0025,P0004,2025-12-22,1,181.86,Email
O005432,C0303,P0015,2025-12-22,3,165.42,Paid
O005433,C0443,P0018,2025-12-22,2,174.42,Organic
O005434,C0439,P0020,2025-12-22,2,290.68,Organic
O005435,C0294,P0032,2025-12-22,2,79.24,Organic
O005436,C0071,P0035,2025-12-22,1,60.4,Organic
O005437,C0297,P0034,2025-12-22,2,107.82,Email
O005438,C0662,P0035,2025-12-22,1,60.4,Paid
O005439,C0150,P0006,2025-12-22,1,87.54,Paid
O005440,C0676,P0002,2025-12-22,3,801.18,Paid
O005441,C0563,P0008,2025-12-22,2,378.78,Referral
O005442,C0032,P0004,2025-12-22,3,545.58,Email
O005443,C0322,P0023,2025-12-22,3,437.97,Organic
O005444,C0573,P0020,2025-12-22,1,145.34,Organic
O005445,C0414,P0028,2025-12-22,3,66.6,Organic
O005446,C0054,P0027,2025-12-22,1,13.39,Organic
O005447,C0615,P0027,2025-12-22,1,13.39,Organic
O005448,C0457,P0031,2025-12-22,2,118.8,Paid
O005449,C0461,P0036,2025-12-22,2,47.46,Organic
O005450,C0157,P0005,2025-12-22,3,198.96,Organic
O005451,C0267,P0002,2025-12-22,1,267.06,Email
O005452,C0406,P0001,2025-12-22,3,120.9,Email
O005453,C0007,P0001,2025-12-22,1,40.3,Organic
O005454,C0373,P0002,2025-12-22,3,801.18,Email
O005455,C0579,P0011,2025-12-22,2,90.86,Referral
O005456,C0060,P0011,2025-12-22,1,45.43,Organic
O005457,C0094,P0030,2025-12-22,1,27.21,Organic
O005458,C0503,P0025,2025-12-22,1,27.01,Organic
O005459,C0363,P0029,2025-12-22,2,48.9,Email
O005460,C0135,P0039,2025-12-22,2,221.02,Organic
O005461,C0656,P0040,2025-12-22,2,120.98,Email
O005462,C0675,P0001,2025-12-22,2,80.6,Paid
O005463,C0466,P0009,2025-12-22,3,228.84,Organic
O005464,C0066,P0010,2025-12-22,1,19.4,Organic
O005465,C0336,P0022,2025-12-22,2,82.38,Referral
O005466,C0366,P0017,2025-12-22,2,246.56,Organic
O005467,C0118,P0024,2025-12-22,3,285.51,Paid
O005468,C0255,P0029,2025-12-22,2,48.9,Organic
O005469,C0055,P0026,2025-12-22,1,21.87,Email
O005470,C0758,P0038,2025-12-22,1,68.37,Referral
O005471,C0492,P0035,2025-12-22,1,60.4,Organic
O005472,C0232,P0040,2025-12-22,3,181.47,Organic
O005473,C0463,P0002,2025-12-23,3,801.18,Paid
O005474,C0280,P0011,2025-12-23,2,90.86,Organic
O005475,C0025,P0011,2025-12-23,2,90.86,Paid
O005476,C0241,P0011,2025-12-23,2,90.86,Organic
O005477,C0415,P0023,2025-12-23,2,291.98,Email
O005478,C0294,P0030,2025-12-23,1,27.21,Organic
O005479,C0453,P0037,2025-12-23,2,128.36,Organic
O005480,C0307,P0037,2025-12-23,3,192.54,Paid
O005481,C0362,P0035,2025-12-23,3,181.2,Organic
O005482,C0263,P0037,2025-12-23,1,64.18,Organic
O005483,C0004,P0040,2025-12-23,3,181.47,Paid
O005484,C0077,P0004,2025-12-23,1,181.86,Organic
O005485,C0660,P0006,2025-12-23,3,262.62,Organic
O005486,C0712,P0016,2025-12-23,3,90.9,Organic
O005487,C0322,P0015,2025-12-23,1,55.14,Organic
O005488,C0024,P0022,2025-12-23,3,123.57,Organic
O005489,C0738,P0019,2025-12-23,2,131.54,Paid
O005490,C0312,P0022,2025-12-23,2,82.38,Organic
O005491,C0264,P0026,2025-12-23,3,65.61,Organic
O005492,C0162,P0036,2025-12-23,1,23.73,Paid
O005493,C0065,P0040,2025-12-23,2,120.98,Paid
O005494,C0048,P0004,2025-12-23,2,363.72,Organic
O005495,C0432,P0006,2025-12-23,1,87.54,Referral
O005496,C0102,P0008,2025-12-23,2,378.78,Referral
O005497,C0611,P0016,2025-12-23,3,90.9,Email
O005498,C0007,P0015,2025-12-23,1,55.14,Organic
O005499,C0611,P0021,2025-12-23,1,111.76,Organic
O005500,C0495,P0024,2025-12-23,2,190.34,Email
O005501,C0383,P0025,2025-12-23,3,81.03,Paid
O005502,C0258,P0040,2025-12-23,1,60.49,Paid
O005503,C0531,P0035,2025-12-23,3,181.2,Organic
O005504,C0481,P0037,2025-12-23,1,64.18,Paid
O005505,C0181,P0034,2025-12-23,3,161.73,Paid
O005506,C0682,P0007,2025-12-23,2,135.86,Referral
O005507,C0197,P0008,2025-12-23,3,568.17,Organic
O005508,C0223,P0016,2025-12-23,3,90.9,Referral
O005509,C0178,P0009,2025-12-23,2,152.56,Paid
O005510,C0285,P0013,2025-12-23,1,44.86,Paid
O005511,C0722,P0023,2025-12-23,1,145.99,Paid
O005512,C0232,P0018,2025-12-23,1,87.21,Email
O005513,C0127,P0023,2025-12-23,2,291.98,Organic
O005514,C0601,P0036,2025-12-23,2,47.46,Paid
O005515,C0178,P0038,2025-12-23,3,205.11,Paid
O005516,C0071,P0002,2025-12-24,3,801.18,Organic
O005517,C0003,P0001,2025-12-24,3,120.9,Organic
O005518,C0771,P0007,2025-12-24,1,67.93,Paid
O005519,C0045,P0014,2025-12-24,1,54.5,Paid
O005520,C0377,P0015,2025-12-24,2,110.28,Organic
O005521,C0161,P0011,2025-12-24,2,90.86,Email
O005522,C0311,P0012,2025-12-24,1,45.06,Email
O005523,C0184,P0009,2025-12-24,1,76.28,Organic
O005524,C0777,P0015,2025-12-24,1,55.14,Referral
O005525,C0180,P0017,2025-12-24,3,369.84,Paid
O005526,C0606,P0023,2025-12-24,2,291.98,Paid
O005527,C0263,P0032,2025-12-24,3,118.86,Paid
O005528,C0307,P0030,2025-12-24,3,81.63,Referral
O005529,C0151,P0034,2025-12-24,2,107.82,Email
O005530,C0375,P0033,2025-12-24,3,105.54,Organic
O005531,C0321,P0039,2025-12-24,1,110.51,Organic
O005532,C0100,P0036,2025-12-24,1,23.73,Referral
O005533,C0278,P0004,2025-12-24,2,363.72,Organic
O005534,C0622,P0014,2025-12-24,1,54.5,Paid
O005535,C0170,P0015,2025-12-24,1,55.14,Email
O005536,C0192,P0010,2025-12-24,2,38.8,Organic
O005537,C0477,P0017,2025-12-24,3,369.84,Paid
O005538,C0364,P0021,2025-12-24,3,335.28,Paid
O005539,C0243,P0028,2025-12-24,2,44.4,Paid
O005540,C0526,P0028,2025-12-24,1,22.2,Paid
O005541,C0166,P0032,2025-12-24,2,79.24,Organic
O005542,C0237,P0012,2025-12-24,2,90.12,Paid
O005543,C0267,P0020,2025-12-24,2,290.68,Paid
O005544,C0094,P0022,2025-12-24,2,82.38,Paid
O005545,C0310,P0018,2025-12-24,3,261.63,Organic
O005546,C0047,P0030,2025-12-24,1,27.21,Email
O005547,C0135,P0025,2025-12-24,3,81.03,Organic
O005548,C0437,P0032,2025-12-24,2,79.24,Paid
O005549,C0713,P0008,2025-12-24,3,568.17,Organic
O005550,C0532,P0006,2025-12-24,1,87.54,Organic
O005551,C0720,P0009,2025-12-24,2,152.56,Paid
O005552,C0710,P0015,2025-12-24,2,110.28,Referral
O005553,C0178,P0021,2025-12-24,3,335.28,Organic
O005554,C0713,P0019,2025-12-24,3,197.31,Organic
O005555,C0552,P0032,2025-12-24,3,118.86,Organic
O005556,C0736,P0026,2025-12-24,1,21.87,Paid
O005557,C0023,P0028,2025-12-24,3,66.6,Paid
O005558,C0492,P0040,2025-12-24,3,181.47,Paid
O005559,C0581,P0035,2025-12-24,3,181.2,Organic
O005560,C0397,P0004,2025-12-25,1,181.86,Email
O005561,C0707,P0002,2025-12-25,3,801.18,Organic
O005562,C0659,P0005,2025-12-25,2,132.64,Referral
O005563,C0372,P0001,2025-12-25,3,120.9,Organic
O005564,C0375,P0010,2025-12-25,2,38.8,Paid
O005565,C0384,P0009,2025-12-25,3,228.84,Referral
O005566,C0703,P0012,2025-12-25,1,45.06,Organic
O005567,C0136,P0014,2025-12-25,2,109.0,Email
O005568,C0776,P0017,2025-12-25,2,246.56,Organic
O005569,C0799,P0021,2025-12-25,1,111.76,Email
O005570,C0108,P0022,2025-12-25,2,82.38,Paid
O005571,C0394,P0021,2025-12-25,1,111.76,Organic
O005572,C0189,P0021,2025-12-25,2,223.52,Email
O005573,C0275,P0026,2025-12-25,1,21.87,Organic
O005574,C0307,P0025,2025-12-25,2,54.02,Email
O005575,C0136,P0027,2025-12-25,2,26.78,Referral
O005576,C0665,P0035,2025-12-25,2,120.8,Email
O005577,C0161,P0040,2025-12-25,2,120.98,Paid
O005578,C0061,P0038,2025-12-25,2,136.74,Organic
O005579,C0105,P0005,2025-12-25,2,132.64,Organic
O005580,C0229,P0004,2025-12-25,1,181.86,Paid
O005581,C0430,P0019,2025-12-25,1,65.77,Paid
O005582,C0277,P0022,2025-12-25,1,41.19,Organic
O005583,C0529,P0020,2025-12-25,1,145.34,Email
O005584,C0739,P0025,2025-12-25,3,81.03,Email
O005585,C0676,P0027,2025-12-25,2,26.78,Paid
O005586,C0460,P0039,2025-12-25,1,110.51,Organic
O005587,C0139,P0034,2025-12-25,2,107.82,Organic
O005588,C0407,P0033,2025-12-25,3,105.54,Organic
O005589,C0407,P0033,2025-12-25,1,35.18,Organic
O005590,C0272,P0037,2025-12-25,3,192.54,Referral
O005591,C0296,P0002,2025-12-25,2,534.12,Email
O005592,C0734,P0007,2025-12-25,2,135.86,Paid
O005593,C0383,P0002,2025-12-25,3,801.18,Paid
O005594,C0618,P0007,2025-12-25,3,203.79,Paid
O005595,C0137,P0012,2025-12-25,2,90.12,Paid
O005596,C0138,P0017,2025-12-25,3,369.84,Organic
O005597,C0609,P0024,2025-12-25,2,190.34,Organic
O005598,C0332,P0019,2025-12-25,2,131.54,Paid
O005599,C0012,P0019,2025-12-25,3,197.31,Paid
O005600,C0354,P0022,2025-12-25,1,41.19,Organic
O005601,C0459,P0024,2025-12-25,2,190.34,Organic
O005602,C0299,P0024,2025-12-25,1,95.17,Paid
O005603,C0513,P0027,2025-12-25,2,26.78,Paid
O005604,C0435,P0028,2025-12-25,3,66.6,Organic
O005605,C0179,P0027,2025-12-25,2,26.78,Organic
O005606,C0374,P0027,2025-12-25,2,26.78,Organic
O005607,C0693,P0025,2025-12-25,3,81.03,Email
O005608,C0454,P0037,2025-12-25,1,64.18,Organic
O005609,C0582,P0038,2025-12-25,2,136.74,Organic
O005610,C0625,P0002,2025-12-25,3,801.18,Organic
O005611,C0133,P0003,2025-12-25,1,335.97,Referral
O005612,C0255,P0002,2025-12-25,2,534.12,Organic
O005613,C0198,P0002,2025-12-25,2,534.12,Email
O005614,C0731,P0012,2025-12-25,2,90.12,Email
O005615,C0730,P0013,2025-12-25,2,89.72,Paid
O005616,C0053,P0015,2025-12-25,2,110.28,Paid
O005617,C0736,P0019,2025-12-25,2,131.54,Organic
O005618,C0185,P0021,2025-12-25,1,111.76,Email
O005619,C0532,P0022,2025-12-25,2,82.38,Paid
O005620,C0717,P0025,2025-12-25,1,27.01,Organic
O005621,C0492,P0030,2025-12-25,1,27.21,Paid
O005622,C0494,P0028,2025-12-25,1,22.2,Paid
O005623,C0193,P0031,2025-12-25,1,59.4,Paid
O005624,C0766,P0037,2025-12-25,3,192.54,Paid
O005625,C0466,P0035,2025-12-25,3,181.2,Organic
O005626,C0402,P0002,2025-12-26,3,801.18,Email
O005627,C0349,P0006,2025-12-26,2,175.08,Email
O005628,C0184,P0004,2025-12-26,1,181.86,Organic
O005629,C0050,P0013,2025-12-26,3,134.58,Organic
O005630,C0335,P0018,2025-12-26,1,87.21,Organic
O005631,C0704,P0018,2025-12-26,1,87.21,Organic
O005632,C0700,P0027,2025-12-26,1,13.39,Email
O005633,C0184,P0038,2025-12-26,1,68.37,Organic
O005634,C0311,P0034,2025-12-26,3,161.73,Email
O005635,C0159,P0040,2025-12-26,1,60.49,Paid
O005636,C0756,P0036,2025-12-26,2,47.46,Organic
O005637,C0707,P0038,2025-12-26,2,136.74,Paid
O005638,C0240,P0039,2025-12-26,3,331.53,Organic
O005639,C0272,P0008,2025-12-26,2,378.78,Paid
O005640,C0724,P0009,2025-12-26,3,228.84,Referral
O005641,C0739,P0014,2025-12-26,1,54.5,Email
O005642,C0719,P0009,2025-12-26,3,228.84,Organic
O005643,C0484,P0018,2025-12-26,1,87.21,Paid
O005644,C0660,P0020,2025-12-26,1,145.34,Organic
O005645,C0142,P0024,2025-12-26,1,95.17,Referral
O005646,C0264,P0029,2025-12-26,1,24.45,Paid
O005647,C0516,P0031,2025-12-26,1,59.4,Email
O005648,C0770,P0034,2025-12-26,2,107.82,Organic
O005649,C0513,P0008,2025-12-26,1,189.39,Organic
O005650,C0497,P0001,2025-12-26,2,80.6,Referral
O005651,C0635,P0014,2025-12-26,1,54.5,Paid
O005652,C0775,P0009,2025-12-26,2,152.56,Organic
O005653,C0169,P0014,2025-12-26,3,163.5,Paid
O005654,C0437,P0022,2025-12-26,2,82.38,Organic
O005655,C0413,P0019,2025-12-26,2,131.54,Organic
O005656,C0482,P0028,2025-12-26,2,44.4,Organic
O005657,C0267,P0025,2025-12-26,1,27.01,Organic
O005658,C0383,P0039,2025-12-26,1,110.51,Referral
O005659,C0500,P0003,2025-12-26,1,335.97,Paid
O005660,C0178,P0002,2025-12-26,1,267.06,Organic
O005661,C0720,P0003,2025-12-26,1,335.97,Paid
O005662,C0492,P0016,2025-12-26,2,60.6,Email
O005663,C0173,P0027,2025-12-26,1,13.39,Paid
O005664,C0507,P0025,2025-12-26,3,81.03,Organic
O005665,C0052,P0038,2025-12-26,3,205.11,Organic
O005666,C0174,P0039,2025-12-26,3,331.53,Organic
O005667,C0093,P0040,2025-12-26,1,60.49,Organic
O005668,C0037,P0002,2025-12-27,2,534.12,Organic
O005669,C0228,P0002,2025-12-27,2,534.12,Email
O005670,C0776,P0001,2025-12-27,2,80.6,Organic
O005671,C0175,P0001,2025-12-27,2,80.6,Organic
O005672,C0504,P0006,2025-12-27,2,175.08,Paid
O005673,C0121,P0002,2025-12-27,3,801.18,Email
O005674,C0061,P0001,2025-12-27,3,120.9,Organic
O005675,C0280,P0012,2025-12-27,1,45.06,Referral
O005676,C0037,P0010,2025-12-27,2,38.8,Referral
O005677,C0662,P0013,2025-12-27,3,134.58,Email
O005678,C0108,P0023,2025-12-27,2,291.98,Organic
O005679,C0159,P0021,2025-12-27,2,223.52,Organic
O005680,C0687,P0031,2025-12-27,3,178.2,Email
O005681,C0071,P0025,2025-12-27,1,27.01,Referral
O005682,C0348,P0025,2025-12-27,3,81.03,Paid
O005683,C0249,P0030,2025-12-27,2,54.42,Referral
O005684,C0790,P0038,2025-12-27,2,136.74,Organic
O005685,C0297,P0037,2025-12-27,2,128.36,Email
O005686,C0361,P0040,2025-12-27,2,120.98,Organic
O005687,C0241,P0035,2025-12-27,3,181.2,Paid
O005688,C0184,P0035,2025-12-27,3,181.2,Email
O005689,C0029,P0006,2025-12-27,3,262.62,Organic
O005690,C0341,P0008,2025-12-27,2,378.78,Referral
O005691,C0105,P0013,2025-12-27,1,44.86,Paid
O005692,C0416,P0013,2025-12-27,1,44.86,Organic
O005693,C0350,P0020,2025-12-27,3,436.02,Organic
O005694,C0239,P0017,2025-12-27,3,369.84,Organic
O005695,C0416,P0021,2025-12-27,3,335.28,Organic
O005696,C0295,P0024,2025-12-27,1,95.17,Email
O005697,C0414,P0028,2025-12-27,2,44.4,Referral
O005698,C0622,P0036,2025-12-27,2,47.46,Organic
O005699,C0081,P0039,2025-12-27,2,221.02,Paid
O005700,C0138,P0005,2025-12-27,2,132.64,Organic
O005701,C0429,P0005,2025-12-27,3,198.96,Organic
O005702,C0102,P0014,2025-12-27,2,109.0,Email
O005703,C0586,P0019,2025-12-27,1,65.77,Email
O005704,C0483,P0024,2025-12-27,2,190.34,Organic
O005705,C0757,P0025,2025-12-27,2,54.02,Referral
O005706,C0421,P0032,2025-12-27,3,118.86,Paid
O005707,C0454,P0038,2025-12-27,1,68.37,Paid
O005708,C0396,P0035,2025-12-27,3,181.2,Paid
O005709,C0172,P0004,2025-12-27,3,545.58,Email
O005710,C0710,P0006,2025-12-27,2,175.08,Organic
O005711,C0036,P0005,2025-12-27,3,198.96,Paid
O005712,C0729,P0016,2025-12-27,2,60.6,Organic
O005713,C0500,P0016,2025-12-27,2,60.6,Paid
O005714,C0276,P0009,2025-12-27,1,76.28,Paid
O005715,C0455,P0028,2025-12-27,1,22.2,Referral
O005716,C0224,P0030,2025-12-27,1,27.21,Organic
O005717,C0338,P0031,2025-12-27,3,178.2,Organic
O005718,C0093,P0039,2025-12-27,2,221.02,Email
O005719,C0379,P0034,2025-12-27,2,107.82,Paid
O005720,C0549,P0008,2025-12-28,1,189.39,Paid
O005721,C0415,P0010,2025-12-28,3,58.2,Paid
O005722,C0067,P0010,2025-12-28,1,19.4,Paid
O005723,C0061,P0010,2025-12-28,3,58.2,Organic
O005724,C0777,P0009,2025-12-28,1,76.28,Email
O005725,C0715,P0019,2025-12-28,3,197.31,Paid
O005726,C0330,P0018,2025-12-28,1,87.21,Email
O005727,C0520,P0025,2025-12-28,2,54.02,Organic
O005728,C0249,P0029,2025-12-28,2,48.9,Referral
O005729,C0303,P0031,2025-12-28,1,59.4,Email
O005730,C0208,P0025,2025-12-28,1,27.01,Email
O005731,C0190,P0032,2025-12-28,1,39.62,Organic
O005732,C0025,P0030,2025-12-28,2,54.42,Referral
O005733,C0453,P0035,2025-12-28,1,60.4,Organic
O005734,C0475,P0006,2025-12-28,3,262.62,Paid
O005735,C0187,P0005,2025-12-28,3,198.96,Organic
O005736,C0759,P0005,2025-12-28,2,132.64,Paid
O005737,C0393,P0015,2025-12-28,2,110.28,Email
O005738,C0698,P0011,2025-12-28,2,90.86,Organic
O005739,C0577,P0017,2025-12-28,3,369.84,Organic
O005740,C0162,P0024,2025-12-28,3,285.51,Paid
O005741,C0416,P0019,2025-12-28,1,65.77,Organic
O005742,C0182,P0017,2025-12-28,1,123.28,Organic
O005743,C0460,P0025,2025-12-28,1,27.01,Referral
O005744,C0059,P0030,2025-12-28,2,54.42,Organic
O005745,C0686,P0036,2025-12-28,3,71.19,Email
O005746,C0007,P0002,2025-12-28,2,534.12,Paid
O005747,C0536,P0014,2025-12-28,2,109.0,Paid
O005748,C0503,P0009,2025-12-28,3,228.84,Organic
O005749,C0525,P0011,2025-12-28,1,45.43,Paid
O005750,C0497,P0030,2025-12-28,3,81.63,Organic
O005751,C0609,P0039,2025-12-28,3,331.53,Email
O005752,C0677,P0037,2025-12-28,2,128.36,Paid
O005753,C0487,P0005,2025-12-28,2,132.64,Organic
O005754,C0336,P0009,2025-12-28,1,76.28,Paid
O005755,C0491,P0010,2025-12-28,1,19.4,Email
O005756,C0643,P0018,2025-12-28,1,87.21,Organic
O005757,C0133,P0021,2025-12-28,2,223.52,Paid
O005758,C0246,P0019,2025-12-28,2,131.54,Paid
O005759,C0561,P0032,2025-12-28,1,39.62,Organic
O005760,C0068,P0032,2025-12-28,2,79.24,Organic
O005761,C0567,P0033,2025-12-28,1,35.18,Organic
O005762,C0571,P0039,2025-12-28,2,221.02,Paid
O005763,C0343,P0034,2025-12-28,2,107.82,Organic
O005764,C0118,P0033,2025-12-28,1,35.18,Email
O005765,C0707,P0001,2025-12-29,1,40.3,Organic
O005766,C0067,P0008,2025-12-29,2,378.78,Organic
O005767,C0113,P0007,2025-12-29,1,67.93,Organic
O005768,C0606,P0003,2025-12-29,2,671.94,Email
O005769,C0241,P0009,2025-12-29,1,76.28,Paid
O005770,C0776,P0018,2025-12-29,2,174.42,Organic
O005771,C0293,P0020,2025-12-29,3,436.02,Organic
O005772,C0129,P0024,2025-12-29,3,285.51,Paid
O005773,C0235,P0028,2025-12-29,1,22.2,Organic
O005774,C0382,P0029,2025-12-29,1,24.45,Organic
O005775,C0792,P0030,2025-12-29,3,81.63,Organic
O005776,C0654,P0039,2025-12-29,1,110.51,Organic
O005777,C0166,P0005,2025-12-29,2,132.64,Organic
O005778,C0511,P0005,2025-12-29,3,198.96,Organic
O005779,C0393,P0001,2025-12-29,3,120.9,Referral
O005780,C0154,P0016,2025-12-29,1,30.3,Email
O005781,C0529,P0014,2025-12-29,2,109.0,Paid
O005782,C0126,P0009,2025-12-29,2,152.56,Paid
O005783,C0472,P0013,2025-12-29,3,134.58,Paid
O005784,C0170,P0014,2025-12-29,3,163.5,Referral
O005785,C0340,P0009,2025-12-29,1,76.28,Paid
O005786,C0762,P0022,2025-12-29,3,123.57,Email
O005787,C0595,P0022,2025-12-29,3,123.57,Email
O005788,C0314,P0020,2025-12-29,3,436.02,Paid
O005789,C0688,P0032,2025-12-29,3,118.86,Referral
O005790,C0683,P0038,2025-12-29,2,136.74,Organic
O005791,C0779,P0034,2025-12-29,2,107.82,Paid
O005792,C0261,P0002,2025-12-29,2,534.12,Organic
O005793,C0083,P0001,2025-12-29,2,80.6,Organic
O005794,C0247,P0002,2025-12-29,2,534.12,Paid
O005795,C0734,P0014,2025-12-29,2,109.0,Email
O005796,C0775,P0023,2025-12-29,3,437.97,Email
O005797,C0635,P0027,2025-12-29,3,40.17,Paid
O005798,C0642,P0030,2025-12-29,1,27.21,Organic
O005799,C0588,P0029,2025-12-29,3,73.35,Paid
O005800,C0306,P0040,2025-12-29,2,120.98,Paid
O005801,C0012,P0035,2025-12-29,3,181.2,Organic
O005802,C0765,P0033,2025-12-29,1,35.18,Organic
O005803,C0491,P0003,2025-12-29,2,671.94,Organic
O005804,C0053,P0008,2025-12-29,1,189.39,Paid
O005805,C0148,P0012,2025-12-29,1,45.06,Paid
O005806,C0514,P0021,2025-12-29,1,111.76,Email
O005807,C0224,P0023,2025-12-29,3,437.97,Paid
O005808,C0685,P0028,2025-12-29,3,66.6,Paid
O005809,C0690,P0040,2025-12-29,2,120.98,Organic
O005810,C0351,P0039,2025-12-29,1,110.51,Paid
O005811,C0344,P0007,2025-12-30,3,203.79,Referral
O005812,C0665,P0005,2025-12-30,2,132.64,Paid
O005813,C0630,P0008,2025-12-30,2,378.78,Organic
O005814,C0108,P0015,2025-12-30,1,55.14,Referral
O005815,C0014,P0017,2025-12-30,1,123.28,Organic
O005816,C0362,P0018,2025-12-30,2,174.42,Paid
O005817,C0100,P0031,2025-12-30,2,118.8,Paid
O005818,C0792,P0029,2025-12-30,1,24.45,Referral
O005819,C0159,P0027,2025-12-30,3,40.17,Organic
O005820,C0709,P0026,2025-12-30,3,65.61,Paid
O005821,C0703,P0032,2025-12-30,3,118.86,Organic
O005822,C0051,P0038,2025-12-30,1,68.37,Paid
O005823,C0268,P0040,2025-12-30,1,60.49,Organic
O005824,C0268,P0038,2025-12-30,1,68.37,Organic
O005825,C0341,P0006,2025-12-30,3,262.62,Organic
O005826,C0740,P0004,2025-12-30,1,181.86,Paid
O005827,C0286,P0016,2025-12-30,1,30.3,Paid
O005828,C0431,P0017,2025-12-30,1,123.28,Organic
O005829,C0529,P0017,2025-12-30,1,123.28,Organic
O005830,C0018,P0021,2025-12-30,2,223.52,Referral
O005831,C0430,P0032,2025-12-30,2,79.24,Paid
O005832,C0585,P0025,2025-12-30,2,54.02,Paid
O005833,C0063,P0035,2025-12-30,2,120.8,Paid
O005834,C0039,P0038,2025-12-30,3,205.11,Organic
O005835,C0688,P0034,2025-12-30,2,107.82,Organic
O005836,C0719,P0040,2025-12-30,3,181.47,Organic
O005837,C0497,P0006,2025-12-30,3,262.62,Email
O005838,C0451,P0005,2025-12-30,3,198.96,Organic
O005839,C0123,P0005,2025-12-30,3,198.96,Organic
O005840,C0354,P0023,2025-12-30,3,437.97,Organic
O005841,C0273,P0029,2025-12-30,1,24.45,Paid
O005842,C0211,P0030,2025-12-30,1,27.21,Organic
O005843,C0589,P0028,2025-12-30,2,44.4,Organic
O005844,C0578,P0039,2025-12-30,3,331.53,Referral
O005845,C0224,P0003,2025-12-30,3,1007.91,Paid
O005846,C0496,P0016,2025-12-30,2,60.6,Organic
O005847,C0675,P0013,2025-12-30,3,134.58,Organic
O005848,C0455,P0020,2025-12-30,1,145.34,Paid
O005849,C0650,P0018,2025-12-30,1,87.21,Referral
O005850,C0725,P0024,2025-12-30,1,95.17,Organic
O005851,C0198,P0032,2025-12-30,2,79.24,Organic
O005852,C0487,P0036,2025-12-30,1,23.73,Organic
O005853,C0711,P0002,2025-12-31,2,534.12,Referral
O005854,C0711,P0004,2025-12-31,2,363.72,Organic
O005855,C0549,P0015,2025-12-31,3,165.42,Organic
O005856,C0330,P0011,2025-12-31,2,90.86,Organic
O005857,C0386,P0012,2025-12-31,3,135.18,Paid
O005858,C0025,P0018,2025-12-31,1,87.21,Organic
O005859,C0228,P0020,2025-12-31,1,145.34,Organic
O005860,C0297,P0019,2025-12-31,3,197.31,Organic
O005861,C0303,P0020,2025-12-31,3,436.02,Paid
O005862,C0540,P0027,2025-12-31,1,13.39,Organic
O005863,C0001,P0032,2025-12-31,1,39.62,Paid
O005864,C0321,P0026,2025-12-31,2,43.74,Paid
O005865,C0297,P0029,2025-12-31,2,48.9,Referral
O005866,C0520,P0026,2025-12-31,1,21.87,Organic
O005867,C0415,P0033,2025-12-31,1,35.18,Paid
O005868,C0361,P0038,2025-12-31,2,136.74,Referral
O005869,C0121,P0040,2025-12-31,3,181.47,Organic
O005870,C0170,P0003,2025-12-31,3,1007.91,Organic
O005871,C0511,P0003,2025-12-31,2,671.94,Organic
O005872,C0219,P0002,2025-12-31,3,801.18,Paid
O005873,C0724,P0004,2025-12-31,1,181.86,Organic
O005874,C0516,P0006,2025-12-31,1,87.54,Referral
O005875,C0038,P0008,2025-12-31,1,189.39,Paid
O005876,C0585,P0014,2025-12-31,3,163.5,Organic
O005877,C0441,P0016,2025-12-31,1,30.3,Organic
O005878,C0477,P0014,2025-12-31,2,109.0,Organic
O005879,C0026,P0019,2025-12-31,3,197.31,Organic
O005880,C0387,P0022,2025-12-31,3,123.57,Paid
O005881,C0369,P0031,2025-12-31,1,59.4,Paid
O005882,C0671,P0028,2025-12-31,1,22.2,Organic
O005883,C0622,P0039,2025-12-31,1,110.51,Organic
O005884,C0016,P0040,2025-12-31,2,120.98,Paid
O005885,C0680,P0038,2025-12-31,3,205.11,Paid
O005886,C0158,P0036,2025-12-31,2,47.46,Paid
O005887,C0435,P0001,2025-12-31,2,80.6,Paid
O005888,C0250,P0009,2025-12-31,1,76.28,Paid
O005889,C0437,P0011,2025-12-31,3,136.29,Organic
O005890,C0635,P0011,2025-12-31,2,90.86,Organic
O005891,C0588,P0011,2025-12-31,2,90.86,Email
O005892,C0332,P0020,2025-12-31,2,290.68,Organic
O005893,C0772,P0030,2025-12-31,2,54.42,Paid
O005894,C0586,P0028,2025-12-31,1,22.2,Organic
O005895,C0732,P0037,2025-12-31,2,128.36,Paid
O005896,C0327,P0033,2025-12-31,2,70.36,Referral
O005897,C0123,P0038,2025-12-31,2,136.74,Paid
O005898,C0073,P0038,2025-12-31,1,68.37,Paid
O005899,C0391,P0033,2025-12-31,2,70.36,Organic
O005900,C0406,P0036,2025-12-31,2,47.46,Paid
O005901,C0033,P0034,2025-12-31,2,107.82,Paid
O005902,C0691,P0038,2025-12-31,2,136.74,Email
O005903,C0552,P0007,2025-12-31,1,67.93,Referral
O005904,C0116,P0006,2025-12-31,1,87.54,Paid
O005905,C0479,P0011,2025-12-31,3,136.29,Organic
O005906,C0604,P0014,2025-12-31,1,54.5,Organic
O005907,C0626,P0010,2025-12-31,2,38.8,Organic
O005908,C0731,P0024,2025-12-31,2,190.34,Organic
O005909,C0626,P0023,2025-12-31,2,291.98,Paid
O005910,C0185,P0028,2025-12-31,3,66.6,Email
O005911,C0507,P0039,2025-12-31,1,110.51,Paid
O005912,C0134,P0037,2025-12-31,2,128.36,Email
O005913,C0224,P0039,2025-12-31,3,331.53,Email
O005914,C0507,P0038,2025-12-31,3,205.11,Paid
O005915,C0133,P0035,2025-12-31,2,120.8,Referral
O005916,C0020,P0040,2025-12-31,3,181.47,Paid
O005917,C0453,P0001,2026-01-01,1,40.3,Organic
O005918,C0076,P0006,2026-01-01,2,175.08,Organic
O005919,C0469,P0007,2026-01-01,1,67.93,Organic
O005920,C0323,P0016,2026-01-01,1,30.3,Organic
O005921,C0378,P0010,2026-01-01,3,58.2,Paid
O005922,C0087,P0012,2026-01-01,3,135.18,Referral
O005923,C0498,P0013,2026-01-01,1,44.86,Paid
O005924,C0067,P0017,2026-01-01,3,369.84,Paid
O005925,C0726,P0017,2026-01-01,2,246.56,Email
O005926,C0449,P0026,2026-01-01,3,65.61,Referral
O005927,C0520,P0027,2026-01-01,2,26.78,Paid
O005928,C0557,P0028,2026-01-01,2,44.4,Organic
O005929,C0288,P0003,2026-01-01,3,1007.91,Organic
O005930,C0414,P0011,2026-01-01,2,90.86,Organic
O005931,C0132,P0015,2026-01-01,3,165.42,Email
O005932,C0277,P0017,2026-01-01,3,369.84,Paid
O005933,C0430,P0022,2026-01-01,2,82.38,Paid
O005934,C0702,P0028,2026-01-01,3,66.6,Paid
O005935,C0430,P0026,2026-01-01,1,21.87,Paid
O005936,C0779,P0032,2026-01-01,1,39.62,Organic
O005937,C0286,P0037,2026-01-01,3,192.54,Organic
O005938,C0405,P0039,2026-01-01,3,331.53,Paid
O005939,C0739,P0035,2026-01-01,1,60.4,Paid
O005940,C0194,P0038,2026-01-01,2,136.74,Paid
O005941,C0284,P0003,2026-01-01,1,335.97,Organic
O005942,C0216,P0004,2026-01-01,1,181.86,Email
O005943,C0073,P0002,2026-01-01,2,534.12,Organic
O005944,C0788,P0004,2026-01-01,1,181.86,Organic
O005945,C0168,P0006,2026-01-01,3,262.62,Organic
O005946,C0033,P0015,2026-01-01,2,110.28,Email
O005947,C0618,P0015,2026-01-01,3,165.42,Organic
O005948,C0751,P0022,2026-01-01,3,123.57,Paid
O005949,C0073,P0017,2026-01-01,2,246.56,Organic
O005950,C0751,P0030,2026-01-01,3,81.63,Organic
O005951,C0497,P0027,2026-01-01,3,40.17,Paid
O005952,C0123,P0040,2026-01-01,2,120.98,Organic
O005953,C0629,P0039,2026-01-01,1,110.51,Organic
O005954,C0146,P0039,2026-01-01,3,331.53,Paid
O005955,C0247,P0040,2026-01-01,1,60.49,Paid
O005956,C0355,P0034,2026-01-01,3,161.73,Organic
O005957,C0571,P0004,2026-01-01,2,363.72,Paid
O005958,C0351,P0012,2026-01-01,1,45.06,Paid
O005959,C0075,P0019,2026-01-01,3,197.31,Paid
O005960,C0610,P0030,2026-01-01,3,81.63,Organic
O005961,C0713,P0032,2026-01-01,1,39.62,Paid
O005962,C0571,P0036,2026-01-01,1,23.73,Paid
O005963,C0614,P0037,2026-01-01,2,128.36,Paid
O005964,C0053,P0037,2026-01-01,1,64.18,Organic
O005965,C0271,P0005,2026-01-02,1,66.32,Paid
O005966,C0636,P0002,2026-01-02,2,534.12,Organic
O005967,C0189,P0002,2026-01-02,3,801.18,Organic
O005968,C0636,P0009,2026-01-02,2,152.56,Organic
O005969,C0014,P0009,2026-01-02,3,228.84,Organic
O005970,C0050,P0016,2026-01-02,1,30.3,Organic
O005971,C0793,P0010,2026-01-02,2,38.8,Referral
O005972,C0180,P0021,2026-01-02,1,111.76,Email
O005973,C0557,P0021,2026-01-02,2,223.52,Paid
O005974,C0697,P0026,2026-01-02,3,65.61,Email
O005975,C0756,P0028,2026-01-02,2,44.4,Paid
O005976,C0371,P0031,2026-01-02,3,178.2,Paid
O005977,C0113,P0031,2026-01-02,2,118.8,Organic
O005978,C0534,P0026,2026-01-02,1,21.87,Paid
O005979,C0196,P0039,2026-01-02,1,110.51,Paid
O005980,C0100,P0037,2026-01-02,1,64.18,Organic
O005981,C0477,P0015,2026-01-02,1,55.14,Referral
O005982,C0783,P0024,2026-01-02,1,95.17,Paid
O005983,C0218,P0021,2026-01-02,1,111.76,Organic
O005984,C0621,P0026,2026-01-02,1,21.87,Organic
O005985,C0533,P0028,2026-01-02,1,22.2,Paid
O005986,C0511,P0030,2026-01-02,1,27.21,Paid
O005987,C0337,P0034,2026-01-02,1,53.91,Email
O005988,C0475,P0034,2026-01-02,3,161.73,Email
O005989,C0740,P0039,2026-01-02,2,221.02,Organic
O005990,C0299,P0005,2026-01-02,1,66.32,Paid
O005991,C0656,P0002,2026-01-02,3,801.18,Paid
O005992,C0734,P0010,2026-01-02,2,38.8,Organic
O005993,C0609,P0016,2026-01-02,2,60.6,Email
O005994,C0374,P0022,2026-01-02,1,41.19,Paid
O005995,C0450,P0031,2026-01-02,1,59.4,Paid
O005996,C0169,P0040,2026-01-02,3,181.47,Organic
O005997,C0494,P0006,2026-01-02,1,87.54,Organic
O005998,C0028,P0005,2026-01-02,3,198.96,Organic
O005999,C0111,P0003,2026-01-02,2,671.94,Paid
O006000,C0301,P0001,2026-01-02,1,40.3,Organic
O006001,C0631,P0007,2026-01-02,2,135.86,Email
O006002,C0023,P0016,2026-01-02,2,60.6,Paid
O006003,C0620,P0017,2026-01-02,1,123.28,Email
O006004,C0053,P0020,2026-01-02,1,145.34,Organic
O006005,C0266,P0038,2026-01-02,2,136.74,Email
O006006,C0717,P0035,2026-01-02,2,120.8,Paid
O006007,C0127,P0034,2026-01-02,3,161.73,Organic
O006008,C0652,P0035,2026-01-02,3,181.2,Referral
O006009,C0630,P0003,2026-01-03,1,335.97,Organic
O006010,C0384,P0007,2026-01-03,3,203.79,Organic
O006011,C0557,P0005,2026-01-03,1,66.32,Organic
O006012,C0793,P0002,2026-01-03,2,534.12,Paid
O006013,C0051,P0010,2026-01-03,2,38.8,Organic
O006014,C0349,P0016,2026-01-03,3,90.9,Organic
O006015,C0666,P0009,2026-01-03,3,228.84,Organic
O006016,C0079,P0010,2026-01-03,3,58.2,Organic
O006017,C0367,P0022,2026-01-03,3,123.57,Organic
O006018,C0235,P0030,2026-01-03,3,81.63,Paid
O006019,C0004,P0032,2026-01-03,3,118.86,Organic
O006020,C0050,P0031,2026-01-03,3,178.2,Organic
O006021,C0317,P0029,2026-01-03,2,48.9,Email
O006022,C0030,P0039,2026-01-03,3,331.53,Email
O006023,C0196,P0038,2026-01-03,1,68.37,Paid
O006024,C0321,P0036,2026-01-03,3,71.19,Organic
O006025,C0740,P0003,2026-01-03,1,335.97,Organic
O006026,C0577,P0001,2026-01-03,1,40.3,Organic
O006027,C0059,P0010,2026-01-03,2,38.8,Paid
O006028,C0312,P0016,2026-01-03,2,60.6,Organic
O006029,C0672,P0012,2026-01-03,2,90.12,Organic
O006030,C0059,P0022,2026-01-03,2,82.38,Organic
O006031,C0676,P0018,2026-01-03,3,261.63,Organic
O006032,C0117,P0017,2026-01-03,3,369.84,Paid
O006033,C0461,P0024,2026-01-03,2,190.34,Paid
O006034,C0242,P0025,2026-01-03,3,81.03,Paid
O006035,C0509,P0034,2026-01-03,1,53.91,Organic
O006036,C0765,P0007,2026-01-03,1,67.93,Paid
O006037,C0078,P0002,2026-01-03,3,801.18,Paid
O006038,C0450,P0004,2026-01-03,1,181.86,Organic
O006039,C0635,P0004,2026-01-03,1,181.86,Email
O006040,C0589,P0006,2026-01-03,2,175.08,Email
O006041,C0486,P0016,2026-01-03,3,90.9,Email
O006042,C0531,P0015,2026-01-03,2,110.28,Organic
O006043,C0094,P0014,2026-01-03,3,163.5,Paid
O006044,C0411,P0021,2026-01-03,2,223.52,Organic
O006045,C0225,P0020,2026-01-03,3,436.02,Email
O006046,C0775,P0017,2026-01-03,3,369.84,Organic
O006047,C0332,P0019,2026-01-03,3,197.31,Paid
O006048,C0547,P0028,2026-01-03,3,66.6,Referral
O006049,C0546,P0029,2026-01-03,1,24.45,Organic
O006050,C0742,P0037,2026-01-03,1,64.18,Referral
O006051,C0354,P0039,2026-01-03,3,331.53,Organic
O006052,C0083,P0036,2026-01-03,1,23.73,Organic
O006053,C0766,P0001,2026-01-03,2,80.6,Organic
O006054,C0552,P0008,2026-01-03,2,378.78,Organic
O006055,C0722,P0004,2026-01-03,3,545.58,Email
O006056,C0610,P0005,2026-01-03,3,198.96,Referral
O006057,C0720,P0009,2026-01-03,2,152.56,Referral
O006058,C0351,P0011,2026-01-03,1,45.43,Organic
O006059,C0730,P0013,2026-01-03,1,44.86,Referral
O006060,C0178,P0015,2026-01-03,2,110.28,Organic
O006061,C0244,P0012,2026-01-03,3,135.18,Organic
O006062,C0725,P0020,2026-01-03,2,290.68,Organic
O006063,C0601,P0027,2026-01-03,1,13.39,Paid
O006064,C0725,P0034,2026-01-03,3,161.73,Organic
O006065,C0195,P0037,2026-01-03,3,192.54,Organic
O006066,C0285,P0034,2026-01-03,1,53.91,Paid
O006067,C0650,P0034,2026-01-03,1,53.91,Email
O006068,C0502,P0001,2026-01-04,3,120.9,Organic
O006069,C0367,P0004,2026-01-04,2,363.72,Paid
O006070,C0017,P0001,2026-01-04,3,120.9,Email
O006071,C0245,P0004,2026-01-04,1,181.86,Organic
O006072,C0463,P0012,2026-01-04,3,135.18,Paid
O006073,C0394,P0011,2026-01-04,1,45.43,Referral
O006074,C0361,P0017,2026-01-04,2,246.56,Paid
O006075,C0777,P0023,2026-01-04,1,145.99,Organic
O006076,C0599,P0022,2026-01-04,2,82.38,Paid
O006077,C0161,P0023,2026-01-04,2,291.98,Paid
O006078,C0599,P0029,2026-01-04,2,48.9,Organic
O006079,C0014,P0027,2026-01-04,1,13.39,Organic
O006080,C0143,P0035,2026-01-04,2,120.8,Paid
O006081,C0001,P0040,2026-01-04,2,120.98,Paid
O006082,C0777,P0036,2026-01-04,2,47.46,Organic
O006083,C0526,P0006,2026-01-04,1,87.54,Organic
O006084,C0170,P0003,2026-01-04,3,1007.91,Paid
O006085,C0081,P0010,2026-01-04,3,58.2,Organic
O006086,C0084,P0015,2026-01-04,1,55.14,Organic
O006087,C0680,P0016,2026-01-04,1,30.3,Organic
O006088,C0759,P0021,2026-01-04,1,111.76,Paid
O006089,C0400,P0020,2026-01-04,3,436.02,Organic
O006090,C0735,P0031,2026-01-04,2,118.8,Email
O006091,C0272,P0030,2026-01-04,3,81.63,Email
O006092,C0676,P0030,2026-01-04,1,27.21,Paid
O006093,C0688,P0037,2026-01-04,3,192.54,Paid
O006094,C0242,P0035,2026-01-04,3,181.2,Email
O006095,C0166,P0033,2026-01-04,1,35.18,Organic
O006096,C0296,P0008,2026-01-04,3,568.17,Organic
O006097,C0629,P0023,2026-01-04,3,437.97,Organic
O006098,C0785,P0018,2026-01-04,3,261.63,Paid
O006099,C0454,P0018,2026-01-04,1,87.21,Referral
O006100,C0146,P0026,2026-01-04,1,21.87,Paid
O006101,C0450,P0038,2026-01-04,3,205.11,Paid
O006102,C0591,P0036,2026-01-04,1,23.73,Organic
O006103,C0210,P0004,2026-01-04,3,545.58,Paid
O006104,C0717,P0001,2026-01-04,1,40.3,Organic
O006105,C0604,P0004,2026-01-04,2,363.72,Paid
O006106,C0442,P0008,2026-01-04,2,378.78,Email
O006107,C0631,P0006,2026-01-04,3,262.62,Organic
O006108,C0191,P0014,2026-01-04,1,54.5,Referral
O006109,C0682,P0013,2026-01-04,2,89.72,Paid
O006110,C0631,P0023,2026-01-04,2,291.98,Organic
O006111,C0133,P0017,2026-01-04,2,246.56,Paid
O006112,C0068,P0024,2026-01-04,2,190.34,Paid
O006113,C0020,P0030,2026-01-04,1,27.21,Organic
O006114,C0631,P0033,2026-01-04,2,70.36,Paid
O006115,C0066,P0035,2026-01-04,1,60.4,Organic
O006116,C0371,P0008,2026-01-05,2,378.78,Email
O006117,C0030,P0005,2026-01-05,2,132.64,Paid
O006118,C0358,P0002,2026-01-05,3,801.18,Paid
O006119,C0469,P0001,2026-01-05,3,120.9,Referral
O006120,C0275,P0016,2026-01-05,3,90.9,Paid
O006121,C0638,P0009,2026-01-05,2,152.56,Paid
O006122,C0737,P0019,2026-01-05,2,131.54,Paid
O006123,C0638,P0022,2026-01-05,2,82.38,Paid
O006124,C0348,P0022,2026-01-05,1,41.19,Paid
O006125,C0311,P0019,2026-01-05,2,131.54,Paid
O006126,C0240,P0030,2026-01-05,2,54.42,Organic
O006127,C0384,P0034,2026-01-05,3,161.73,Organic
O006128,C0037,P0036,2026-01-05,1,23.73,Email
O006129,C0004,P0039,2026-01-05,2,221.02,Paid
O006130,C0314,P0001,2026-01-05,1,40.3,Paid
O006131,C0405,P0002,2026-01-05,2,534.12,Organic
O006132,C0239,P0005,2026-01-05,2,132.64,Organic
O006133,C0671,P0010,2026-01-05,3,58.2,Paid
O006134,C0566,P0016,2026-01-05,3,90.9,Organic
O006135,C0431,P0016,2026-01-05,3,90.9,Paid
O006136,C0676,P0013,2026-01-05,1,44.86,Referral
O006137,C0171,P0009,2026-01-05,2,152.56,Organic
O006138,C0333,P0009,2026-01-05,3,228.84,Organic
O006139,C0117,P0010,2026-01-05,1,19.4,Referral
O006140,C0735,P0024,2026-01-05,3,285.51,Paid
O006141,C0065,P0025,2026-01-05,3,81.03,Paid
O006142,C0595,P0028,2026-01-05,1,22.2,Organic
O006143,C0475,P0035,2026-01-05,1,60.4,Paid
O006144,C0547,P0001,2026-01-05,2,80.6,Referral
O006145,C0267,P0006,2026-01-05,1,87.54,Paid
O006146,C0618,P0003,2026-01-05,2,671.94,Paid
O006147,C0270,P0015,2026-01-05,3,165.42,Paid
O006148,C0296,P0023,2026-01-05,3,437.97,Organic
O006149,C0629,P0023,2026-01-05,1,145.99,Email
O006150,C0482,P0017,2026-01-05,1,123.28,Paid
O006151,C0332,P0025,2026-01-05,2,54.02,Organic
O006152,C0058,P0039,2026-01-05,3,331.53,Paid
O006153,C0267,P0034,2026-01-05,3,161.73,Organic
O006154,C0729,P0008,2026-01-05,2,378.78,Organic
O006155,C0127,P0013,2026-01-05,1,44.86,Paid
O006156,C0713,P0010,2026-01-05,3,58.2,Referral
O006157,C0496,P0024,2026-01-05,2,190.34,Paid
O006158,C0584,P0019,2026-01-05,1,65.77,Paid
O006159,C0722,P0024,2026-01-05,3,285.51,Email
O006160,C0559,P0031,2026-01-05,2,118.8,Paid
O006161,C0652,P0040,2026-01-05,3,181.47,Organic
O006162,C0197,P0038,2026-01-05,2,136.74,Organic
O006163,C0571,P0035,2026-01-05,2,120.8,Paid
O006164,C0718,P0004,2026-01-06,2,363.72,Organic
O006165,C0665,P0013,2026-01-06,1,44.86,Organic
O006166,C0294,P0009,2026-01-06,3,228.84,Email
O006167,C0520,P0013,2026-01-06,2,89.72,Organic
O006168,C0293,P0036,2026-01-06,2,47.46,Referral
O006169,C0711,P0040,2026-01-06,1,60.49,Organic
O006170,C0402,P0037,2026-01-06,2,128.36,Organic
O006171,C0762,P0006,2026-01-06,1,87.54,Organic
O006172,C0477,P0008,2026-01-06,3,568.17,Paid
O006173,C0177,P0001,2026-01-06,2,80.6,Paid
O006174,C0347,P0007,2026-01-06,1,67.93,Organic
O006175,C0264,P0006,2026-01-06,1,87.54,Paid
O006176,C0329,P0006,2026-01-06,1,87.54,Email
O006177,C0660,P0014,2026-01-06,1,54.5,Paid
O006178,C0529,P0016,2026-01-06,3,90.9,Referral
O006179,C0475,P0010,2026-01-06,3,58.2,Email
O006180,C0041,P0020,2026-01-06,1,145.34,Organic
O006181,C0511,P0018,2026-01-06,2,174.42,Organic
O006182,C0566,P0022,2026-01-06,1,41.19,Email
O006183,C0448,P0020,2026-01-06,1,145.34,Paid
O006184,C0489,P0026,2026-01-06,1,21.87,Organic
O006185,C0038,P0030,2026-01-06,2,54.42,Organic
O006186,C0518,P0032,2026-01-06,3,118.86,Email
O006187,C0194,P0030,2026-01-06,3,81.63,Organic
O006188,C0337,P0025,2026-01-06,2,54.02,Paid
O006189,C0484,P0039,2026-01-06,3,331.53,Organic
O006190,C0054,P0034,2026-01-06,1,53.91,Referral
O006191,C0314,P0037,2026-01-06,3,192.54,Email
O006192,C0624,P0034,2026-01-06,1,53.91,Paid
O006193,C0132,P0040,2026-01-06,2,120.98,Paid
O006194,C0312,P0033,2026-01-06,2,70.36,Organic
O006195,C0355,P0003,2026-01-06,2,671.94,Email
O006196,C0374,P0005,2026-01-06,2,132.64,Paid
O006197,C0513,P0003,2026-01-06,1,335.97,Paid
O006198,C0421,P0007,2026-01-06,2,135.86,Email
O006199,C0608,P0015,2026-01-06,3,165.42,Organic
O006200,C0531,P0018,2026-01-06,1,87.21,Organic
O006201,C0656,P0030,2026-01-06,1,27.21,Email
O006202,C0216,P0037,2026-01-06,2,128.36,Organic
O006203,C0281,P0033,2026-01-06,1,35.18,Organic
O006204,C0745,P0035,2026-01-06,2,120.8,Organic
O006205,C0131,P0007,2026-01-06,2,135.86,Organic
O006206,C0036,P0015,2026-01-06,3,165.42,Email
O006207,C0133,P0021,2026-01-06,1,111.76,Paid
O006208,C0336,P0032,2026-01-06,1,39.62,Email
O006209,C0191,P0028,2026-01-06,2,44.4,Organic
O006210,C0552,P0037,2026-01-06,1,64.18,Organic
O006211,C0636,P0002,2026-01-07,3,801.18,Organic
O006212,C0449,P0011,2026-01-07,2,90.86,Organic
O006213,C0196,P0017,2026-01-07,3,369.84,Email
O006214,C0726,P0028,2026-01-07,2,44.4,Paid
O006215,C0548,P0036,2026-01-07,1,23.73,Paid
O006216,C0003,P0038,2026-01-07,1,68.37,Organic
O006217,C0280,P0040,2026-01-07,2,120.98,Organic
O006218,C0064,P0005,2026-01-07,1,66.32,Paid
O006219,C0475,P0001,2026-01-07,3,120.9,Organic
O006220,C0105,P0008,2026-01-07,1,189.39,Email
O006221,C0218,P0005,2026-01-07,2,132.64,Organic
O006222,C0733,P0012,2026-01-07,2,90.12,Paid
O006223,C0778,P0012,2026-01-07,2,90.12,Email
O006224,C0300,P0011,2026-01-07,3,136.29,Paid
O006225,C0064,P0026,2026-01-07,2,43.74,Paid
O006226,C0428,P0031,2026-01-07,1,59.4,Paid
O006227,C0090,P0036,2026-01-07,1,23.73,Organic
O006228,C0187,P0038,2026-01-07,2,136.74,Organic
O006229,C0033,P0002,2026-01-07,3,801.18,Paid
O006230,C0374,P0008,2026-01-07,2,378.78,Organic
O006231,C0237,P0001,2026-01-07,3,120.9,Paid
O006232,C0033,P0006,2026-01-07,3,262.62,Email
O006233,C0310,P0013,2026-01-07,1,44.86,Email
O006234,C0594,P0011,2026-01-07,3,136.29,Paid
O006235,C0204,P0024,2026-01-07,3,285.51,Organic
O006236,C0450,P0024,2026-01-07,2,190.34,Paid
O006237,C0094,P0020,2026-01-07,1,145.34,Paid
O006238,C0155,P0026,2026-01-07,1,21.87,Organic
O006239,C0523,P0025,2026-01-07,1,27.01,Paid
O006240,C0757,P0036,2026-01-07,1,23.73,Referral
O006241,C0351,P0003,2026-01-07,2,671.94,Email
O006242,C0721,P0006,2026-01-07,2,175.08,Paid
O006243,C0604,P0002,2026-01-07,3,801.18,Paid
O006244,C0023,P0023,2026-01-07,3,437.97,Organic
O006245,C0236,P0017,2026-01-07,3,369.84,Organic
O006246,C0614,P0023,2026-01-07,3,437.97,Organic
O006247,C0379,P0024,2026-01-07,1,95.17,Paid
O006248,C0147,P0031,2026-01-07,3,178.2,Organic
O006249,C0532,P0039,2026-01-07,1,110.51,Paid
O006250,C0731,P0037,2026-01-07,3,192.54,Paid
O006251,C0664,P0033,2026-01-07,2,70.36,Email
O006252,C0066,P0035,2026-01-07,1,60.4,Organic
O006253,C0045,P0004,2026-01-08,2,363.72,Referral
O006254,C0565,P0003,2026-01-08,3,1007.91,Referral
O006255,C0756,P0004,2026-01-08,2,363.72,Organic
O006256,C0121,P0004,2026-01-08,1,181.86,Paid
O006257,C0390,P0006,2026-01-08,1,87.54,Email
O006258,C0439,P0021,2026-01-08,1,111.76,Organic
O006259,C0386,P0018,2026-01-08,1,87.21,Email
O006260,C0087,P0029,2026-01-08,1,24.45,Paid
O006261,C0637,P0036,2026-01-08,3,71.19,Referral
O006262,C0444,P0040,2026-01-08,1,60.49,Referral
O006263,C0003,P0034,2026-01-08,3,161.73,Paid
O006264,C0099,P0005,2026-01-08,3,198.96,Referral
O006265,C0153,P0001,2026-01-08,3,120.9,Organic
O006266,C0472,P0003,2026-01-08,3,1007.91,Organic
O006267,C0170,P0008,2026-01-08,2,378.78,Organic
O006268,C0308,P0001,2026-01-08,3,120.9,Paid
O006269,C0103,P0008,2026-01-08,2,378.78,Email
O006270,C0516,P0007,2026-01-08,3,203.79,Paid
O006271,C0727,P0013,2026-01-08,3,134.58,Paid
O006272,C0660,P0013,2026-01-08,3,134.58,Organic
O006273,C0239,P0013,2026-01-08,3,134.58,Organic
O006274,C0526,P0011,2026-01-08,2,90.86,Email
O006275,C0622,P0023,2026-01-08,2,291.98,Organic
O006276,C0084,P0025,2026-01-08,2,54.02,Organic
O006277,C0484,P0028,2026-01-08,1,22.2,Organic
O006278,C0621,P0032,2026-01-08,1,39.62,Paid
O006279,C0712,P0036,2026-01-08,3,71.19,Organic
O006280,C0509,P0036,2026-01-08,2,47.46,Paid
O006281,C0558,P0033,2026-01-08,1,35.18,Organic
O006282,C0418,P0002,2026-01-08,3,801.18,Paid
O006283,C0582,P0004,2026-01-08,1,181.86,Organic
O006284,C0424,P0008,2026-01-08,2,378.78,Email
O006285,C0098,P0005,2026-01-08,3,198.96,Paid
O006286,C0525,P0013,2026-01-08,1,44.86,Organic
O006287,C0591,P0018,2026-01-08,1,87.21,Email
O006288,C0137,P0017,2026-01-08,2,246.56,Organic
O006289,C0482,P0021,2026-01-08,2,223.52,Organic
O006290,C0306,P0024,2026-01-08,3,285.51,Paid
O006291,C0273,P0030,2026-01-08,3,81.63,Paid
O006292,C0137,P0036,2026-01-08,3,71.19,Email
O006293,C0507,P0006,2026-01-08,1,87.54,Organic
O006294,C0068,P0005,2026-01-08,1,66.32,Organic
O006295,C0781,P0004,2026-01-08,2,363.72,Organic
O006296,C0476,P0012,2026-01-08,3,135.18,Paid
O006297,C0736,P0024,2026-01-08,2,190.34,Referral
O006298,C0584,P0019,2026-01-08,1,65.77,Organic
O006299,C0505,P0038,2026-01-08,3,205.11,Organic
O006300,C0620,P0034,2026-01-08,3,161.73,Paid
O006301,C0359,P0040,2026-01-08,1,60.49,Organic
O006302,C0466,P0037,2026-01-08,2,128.36,Paid
O006303,C0398,P0004,2026-01-09,1,181.86,Paid
O006304,C0397,P0003,2026-01-09,1,335.97,Organic
O006305,C0233,P0007,2026-01-09,2,135.86,Paid
O006306,C0572,P0012,2026-01-09,1,45.06,Organic
O006307,C0307,P0016,2026-01-09,1,30.3,Organic
O006308,C0371,P0019,2026-01-09,3,197.31,Email
O006309,C0703,P0022,2026-01-09,3,123.57,Referral
O006310,C0386,P0029,2026-01-09,2,48.9,Organic
O006311,C0303,P0040,2026-01-09,1,60.49,Paid
O006312,C0071,P0039,2026-01-09,2,221.02,Organic
O006313,C0242,P0004,2026-01-09,2,363.72,Organic
O006314,C0314,P0010,2026-01-09,2,38.8,Paid
O006315,C0509,P0020,2026-01-09,3,436.02,Email
O006316,C0739,P0019,2026-01-09,3,197.31,Organic
O006317,C0688,P0024,2026-01-09,1,95.17,Referral
O006318,C0322,P0020,2026-01-09,3,436.02,Organic
O006319,C0680,P0029,2026-01-09,2,48.9,Paid
O006320,C0166,P0032,2026-01-09,1,39.62,Email
O006321,C0153,P0031,2026-01-09,3,178.2,Organic
O006322,C0688,P0033,2026-01-09,2,70.36,Referral
O006323,C0618,P0001,2026-01-09,2,80.6,Paid
O006324,C0749,P0008,2026-01-09,3,568.17,Email
O006325,C0421,P0004,2026-01-09,3,545.58,Organic
O006326,C0608,P0012,2026-01-09,1,45.06,Paid
O006327,C0418,P0015,2026-01-09,1,55.14,Organic
O006328,C0493,P0023,2026-01-09,3,437.97,Email
O006329,C0007,P0018,2026-01-09,3,261.63,Organic
O006330,C0396,P0019,2026-01-09,1,65.77,Organic
O006331,C0531,P0026,2026-01-09,1,21.87,Paid
O006332,C0531,P0026,2026-01-09,2,43.74,Email
O006333,C0629,P0039,2026-01-09,3,331.53,Organic
O006334,C0209,P0034,2026-01-09,3,161.73,Paid
O006335,C0098,P0040,2026-01-09,2,120.98,Organic
O006336,C0383,P0035,2026-01-09,3,181.2,Paid
O006337,C0508,P0040,2026-01-09,3,181.47,Organic
O006338,C0053,P0002,2026-01-09,2,534.12,Organic
O006339,C0500,P0014,2026-01-09,1,54.5,Paid
O006340,C0301,P0010,2026-01-09,1,19.4,Organic
O006341,C0658,P0038,2026-01-09,3,205.11,Paid
O006342,C0089,P0039,2026-01-09,1,110.51,Paid
O006343,C0551,P0036,2026-01-09,2,47.46,Organic
O006344,C0020,P0036,2026-01-09,1,23.73,Email
O006345,C0240,P0004,2026-01-10,2,363.72,Paid
O006346,C0051,P0003,2026-01-10,2,671.94,Email
O006347,C0638,P0013,2026-01-10,3,134.58,Organic
O006348,C0136,P0019,2026-01-10,1,65.77,Organic
O006349,C0307,P0020,2026-01-10,2,290.68,Organic
O006350,C0636,P0032,2026-01-10,3,118.86,Referral
O006351,C0085,P0028,2026-01-10,2,44.4,Organic
O006352,C0665,P0025,2026-01-10,3,81.03,Organic
O006353,C0548,P0035,2026-01-10,2,120.8,Organic
O006354,C0184,P0034,2026-01-10,3,161.73,Paid
O006355,C0516,P0002,2026-01-10,3,801.18,Referral
O006356,C0416,P0005,2026-01-10,3,198.96,Referral
O006357,C0457,P0017,2026-01-10,3,369.84,Organic
O006358,C0740,P0019,2026-01-10,1,65.77,Organic
O006359,C0105,P0024,2026-01-10,3,285.51,Email
O006360,C0489,P0026,2026-01-10,1,21.87,Email
O006361,C0166,P0034,2026-01-10,2,107.82,Referral
O006362,C0026,P0038,2026-01-10,3,205.11,Paid
O006363,C0242,P0037,2026-01-10,1,64.18,Organic
O006364,C0374,P0008,2026-01-10,2,378.78,Organic
O006365,C0582,P0003,2026-01-10,3,1007.91,Email
O006366,C0535,P0008,2026-01-10,2,378.78,Organic
O006367,C0009,P0011,2026-01-10,1,45.43,Email
O006368,C0482,P0017,2026-01-10,2,246.56,Organic
O006369,C0098,P0027,2026-01-10,3,40.17,Organic
O006370,C0165,P0028,2026-01-10,1,22.2,Organic
O006371,C0546,P0032,2026-01-10,2,79.24,Email
O006372,C0753,P0009,2026-01-10,2,152.56,Paid
O006373,C0604,P0024,2026-01-10,3,285.51,Organic
O006374,C0116,P0019,2026-01-10,3,197.31,Organic
O006375,C0266,P0030,2026-01-10,1,27.21,Email
O006376,C0604,P0026,2026-01-10,1,21.87,Paid
O006377,C0780,P0029,2026-01-10,1,24.45,Paid
O006378,C0066,P0033,2026-01-10,2,70.36,Organic
O006379,C0325,P0033,2026-01-10,2,70.36,Referral
O006380,C0196,P0013,2026-01-11,2,89.72,Organic
O006381,C0121,P0014,2026-01-11,3,163.5,Paid
O006382,C0248,P0022,2026-01-11,3,123.57,Email
O006383,C0488,P0022,2026-01-11,3,123.57,Email
O006384,C0358,P0023,2026-01-11,3,437.97,Paid
O006385,C0271,P0030,2026-01-11,1,27.21,Paid
O006386,C0743,P0028,2026-01-11,1,22.2,Organic
O006387,C0017,P0027,2026-01-11,2,26.78,Organic
O006388,C0776,P0037,2026-01-11,3,192.54,Email
O006389,C0190,P0039,2026-01-11,3,331.53,Organic
O006390,C0377,P0035,2026-01-11,2,120.8,Organic
O006391,C0444,P0038,2026-01-11,1,68.37,Organic
O006392,C0297,P0034,2026-01-11,1,53.91,Paid
O006393,C0645,P0008,2026-01-11,2,378.78,Email
O006394,C0696,P0001,2026-01-11,3,120.9,Organic
O006395,C0779,P0007,2026-01-11,2,135.86,Organic
O006396,C0511,P0003,2026-01-11,3,1007.91,Email
O006397,C0239,P0003,2026-01-11,1,335.97,Organic
O006398,C0341,P0001,2026-01-11,2,80.6,Organic
O006399,C0153,P0009,2026-01-11,1,76.28,Paid
O006400,C0779,P0011,2026-01-11,1,45.43,Paid
O006401,C0206,P0013,2026-01-11,2,89.72,Organic
O006402,C0059,P0023,2026-01-11,3,437.97,Organic
O006403,C0680,P0027,2026-01-11,1,13.39,Paid
O006404,C0468,P0032,2026-01-11,2,79.24,Referral
O006405,C0339,P0030,2026-01-11,2,54.42,Organic
O006406,C0166,P0032,2026-01-11,3,118.86,Referral
O006407,C0334,P0026,2026-01-11,3,65.61,Paid
O006408,C0264,P0030,2026-01-11,3,81.63,Paid
O006409,C0059,P0032,2026-01-11,1,39.62,Organic
O006410,C0728,P0037,2026-01-11,1,64.18,Organic
O006411,C0450,P0001,2026-01-11,2,80.6,Paid
O006412,C0318,P0005,2026-01-11,1,66.32,Organic
O006413,C0409,P0016,2026-01-11,1,30.3,Organic
O006414,C0618,P0016,2026-01-11,2,60.6,Paid
O006415,C0225,P0014,2026-01-11,2,109.0,Organic
O006416,C0642,P0024,2026-01-11,3,285.51,Organic
O006417,C0642,P0026,2026-01-11,1,21.87,Paid
O006418,C0800,P0026,2026-01-11,1,21.87,Organic
O006419,C0663,P0028,2026-01-11,2,44.4,Paid
O006420,C0432,P0034,2026-01-11,2,107.82,Organic
O006421,C0454,P0033,2026-01-11,1,35.18,Organic
O006422,C0591,P0035,2026-01-11,3,181.2,Organic
O006423,C0492,P0007,2026-01-11,2,135.86,Organic
O006424,C0620,P0006,2026-01-11,3,262.62,Email
O006425,C0036,P0001,2026-01-11,3,120.9,Email
O006426,C0116,P0005,2026-01-11,3,198.96,Paid
O006427,C0507,P0011,2026-01-11,1,45.43,Paid
O006428,C0664,P0018,2026-01-11,1,87.21,Email
O006429,C0246,P0017,2026-01-11,2,246.56,Organic
O006430,C0172,P0030,2026-01-11,1,27.21,Organic
O006431,C0643,P0027,2026-01-11,2,26.78,Email
O006432,C0195,P0026,2026-01-11,1,21.87,Paid
O006433,C0338,P0030,2026-01-11,1,27.21,Organic
O006434,C0601,P0035,2026-01-11,2,120.8,Paid
O006435,C0713,P0034,2026-01-11,1,53.91,Paid
O006436,C0559,P0035,2026-01-11,3,181.2,Organic
O006437,C0791,P0037,2026-01-11,1,64.18,Organic
O006438,C0079,P0004,2026-01-12,1,181.86,Email
O006439,C0377,P0012,2026-01-12,1,45.06,Paid
O006440,C0249,P0015,2026-01-12,1,55.14,Email
O006441,C0349,P0026,2026-01-12,2,43.74,Organic
O006442,C0540,P0037,2026-01-12,3,192.54,Organic
O006443,C0655,P0033,2026-01-12,3,105.54,Organic
O006444,C0415,P0038,2026-01-12,1,68.37,Paid
O006445,C0477,P0006,2026-01-12,1,87.54,Referral
O006446,C0521,P0004,2026-01-12,2,363.72,Paid
O006447,C0099,P0006,2026-01-12,1,87.54,Referral
O006448,C0759,P0012,2026-01-12,1,45.06,Organic
O006449,C0509,P0016,2026-01-12,2,60.6,Paid
O006450,C0064,P0010,2026-01-12,1,19.4,Paid
O006451,C0364,P0009,2026-01-12,1,76.28,Organic
O006452,C0329,P0023,2026-01-12,1,145.99,Organic
O006453,C0166,P0018,2026-01-12,1,87.21,Referral
O006454,C0032,P0024,2026-01-12,3,285.51,Organic
O006455,C0387,P0020,2026-01-12,1,145.34,Paid
O006456,C0447,P0018,2026-01-12,2,174.42,Referral
O006457,C0694,P0018,2026-01-12,2,174.42,Email
O006458,C0423,P0020,2026-01-12,2,290.68,Organic
O006459,C0516,P0017,2026-01-12,2,246.56,Organic
O006460,C0723,P0028,2026-01-12,3,66.6,Organic
O006461,C0063,P0036,2026-01-12,3,71.19,Referral
O006462,C0585,P0039,2026-01-12,2,221.02,Organic
O006463,C0170,P0040,2026-01-12,3,181.47,Referral
O006464,C0588,P0006,2026-01-12,3,262.62,Email
O006465,C0261,P0014,2026-01-12,2,109.0,Paid
O006466,C0481,P0015,2026-01-12,2,110.28,Paid
O006467,C0146,P0014,2026-01-12,1,54.5,Paid
O006468,C0773,P0015,2026-01-12,2,110.28,Referral
O006469,C0611,P0011,2026-01-12,1,45.43,Paid
O006470,C0586,P0019,2026-01-12,2,131.54,Organic
O006471,C0073,P0027,2026-01-12,1,13.39,Paid
O006472,C0523,P0032,2026-01-12,3,118.86,Paid
O006473,C0536,P0026,2026-01-12,2,43.74,Paid
O006474,C0352,P0035,2026-01-12,2,120.8,Referral
O006475,C0466,P0005,2026-01-12,1,66.32,Organic
O006476,C0173,P0011,2026-01-12,1,45.43,Organic
O006477,C0231,P0011,2026-01-12,2,90.86,Email
O006478,C0664,P0020,2026-01-12,3,436.02,Referral
O006479,C0336,P0019,2026-01-12,3,197.31,Organic
O006480,C0729,P0017,2026-01-12,1,123.28,Referral
O006481,C0780,P0027,2026-01-12,2,26.78,Paid
O006482,C0223,P0027,2026-01-12,3,40.17,Organic
O006483,C0620,P0034,2026-01-12,1,53.91,Organic
O006484,C0276,P0039,2026-01-12,2,221.02,Email
O006485,C0753,P0036,2026-01-12,2,47.46,Organic
O006486,C0093,P0039,2026-01-12,2,221.02,Organic
O006487,C0720,P0035,2026-01-12,2,120.8,Paid
O006488,C0530,P0038,2026-01-12,2,136.74,Organic
O006489,C0021,P0005,2026-01-13,3,198.96,Organic
O006490,C0540,P0016,2026-01-13,3,90.9,Email
O006491,C0061,P0014,2026-01-13,3,163.5,Paid
O006492,C0386,P0009,2026-01-13,3,228.84,Organic
O006493,C0637,P0019,2026-01-13,3,197.31,Organic
O006494,C0790,P0020,2026-01-13,1,145.34,Organic
O006495,C0076,P0030,2026-01-13,2,54.42,Organic
O006496,C0743,P0028,2026-01-13,3,66.6,Organic
O006497,C0235,P0032,2026-01-13,3,118.86,Organic
O006498,C0549,P0031,2026-01-13,3,178.2,Paid
O006499,C0030,P0038,2026-01-13,3,205.11,Email
O006500,C0718,P0040,2026-01-13,1,60.49,Organic
O006501,C0700,P0033,2026-01-13,2,70.36,Email
O006502,C0218,P0005,2026-01-13,2,132.64,Paid
O006503,C0417,P0011,2026-01-13,2,90.86,Paid
O006504,C0461,P0014,2026-01-13,3,163.5,Organic
O006505,C0018,P0010,2026-01-13,2,38.8,Paid
O006506,C0309,P0012,2026-01-13,3,135.18,Email
O006507,C0671,P0021,2026-01-13,3,335.28,Referral
O006508,C0092,P0018,2026-01-13,3,261.63,Email
O006509,C0518,P0020,2026-01-13,3,436.02,Paid
O006510,C0696,P0028,2026-01-13,3,66.6,Referral
O006511,C0309,P0031,2026-01-13,2,118.8,Paid
O006512,C0674,P0031,2026-01-13,3,178.2,Organic
O006513,C0182,P0032,2026-01-13,3,118.86,Paid
O006514,C0784,P0028,2026-01-13,1,22.2,Email
O006515,C0183,P0040,2026-01-13,3,181.47,Organic
O006516,C0428,P0034,2026-01-13,1,53.91,Organic
O006517,C0288,P0033,2026-01-13,1,35.18,Organic
O006518,C0332,P0004,2026-01-13,2,363.72,Organic
O006519,C0591,P0002,2026-01-13,2,534.12,Organic
O006520,C0525,P0003,2026-01-13,2,671.94,Paid
O006521,C0261,P0011,2026-01-13,3,136.29,Organic
O006522,C0639,P0018,2026-01-13,3,261.63,Organic
O006523,C0412,P0022,2026-01-13,2,82.38,Organic
O006524,C0392,P0020,2026-01-13,3,436.02,Paid
O006525,C0513,P0032,2026-01-13,1,39.62,Organic
O006526,C0033,P0030,2026-01-13,1,27.21,Paid
O006527,C0033,P0032,2026-01-13,3,118.86,Organic
O006528,C0593,P0036,2026-01-13,2,47.46,Referral
O006529,C0721,P0006,2026-01-13,2,175.08,Paid
O006530,C0127,P0002,2026-01-13,3,801.18,Paid
O006531,C0193,P0022,2026-01-13,1,41.19,Paid
O006532,C0623,P0029,2026-01-13,1,24.45,Paid
O006533,C0473,P0026,2026-01-13,1,21.87,Organic
O006534,C0212,P0005,2026-01-14,2,132.64,Organic
O006535,C0279,P0016,2026-01-14,2,60.6,Organic
O006536,C0159,P0014,2026-01-14,3,163.5,Organic
O006537,C0293,P0010,2026-01-14,1,19.4,Organic
O006538,C0463,P0010,2026-01-14,1,19.4,Email
O006539,C0228,P0027,2026-01-14,3,40.17,Organic
O006540,C0703,P0030,2026-01-14,3,81.63,Email
O006541,C0142,P0001,2026-01-14,3,120.9,Email
O006542,C0447,P0003,2026-01-14,2,671.94,Organic
O006543,C0080,P0005,2026-01-14,2,132.64,Organic
O006544,C0509,P0011,2026-01-14,2,90.86,Paid
O006545,C0566,P0009,2026-01-14,1,76.28,Email
O006546,C0468,P0015,2026-01-14,3,165.42,Email
O006547,C0341,P0022,2026-01-14,1,41.19,Referral
O006548,C0566,P0032,2026-01-14,1,39.62,Paid
O006549,C0640,P0031,2026-01-14,3,178.2,Organic
O006550,C0784,P0032,2026-01-14,3,118.86,Organic
O006551,C0408,P0030,2026-01-14,2,54.42,Organic
O006552,C0194,P0029,2026-01-14,1,24.45,Organic
O006553,C0295,P0037,2026-01-14,3,192.54,Organic
O006554,C0264,P0034,2026-01-14,2,107.82,Organic
O006555,C0429,P0004,2026-01-14,2,363.72,Organic
O006556,C0296,P0005,2026-01-14,1,66.32,Email
O006557,C0138,P0003,2026-01-14,3,1007.91,Email
O006558,C0575,P0024,2026-01-14,1,95.17,Organic
O006559,C0531,P0032,2026-01-14,2,79.24,Organic
O006560,C0454,P0030,2026-01-14,3,81.63,Organic
O006561,C0225,P0028,2026-01-14,2,44.4,Email
O006562,C0211,P0025,2026-01-14,2,54.02,Organic
O006563,C0717,P0007,2026-01-14,2,135.86,Email
O006564,C0442,P0003,2026-01-14,3,1007.91,Email
O006565,C0620,P0007,2026-01-14,1,67.93,Organic
O006566,C0496,P0006,2026-01-14,2,175.08,Paid
O006567,C0714,P0007,2026-01-14,3,203.79,Organic
O006568,C0791,P0017,2026-01-14,3,369.84,Organic
O006569,C0095,P0032,2026-01-14,3,118.86,Organic
O006570,C0492,P0029,2026-01-14,2,48.9,Organic
O006571,C0053,P0038,2026-01-14,1,68.37,Paid
O006572,C0502,P0003,2026-01-15,1,335.97,Organic
O006573,C0599,P0005,2026-01-15,1,66.32,Organic
O006574,C0004,P0016,2026-01-15,1,30.3,Organic
O006575,C0087,P0020,2026-01-15,3,436.02,Paid
O006576,C0565,P0023,2026-01-15,2,291.98,Referral
O006577,C0025,P0019,2026-01-15,2,131.54,Paid
O006578,C0129,P0024,2026-01-15,2,190.34,Paid
O006579,C0576,P0028,2026-01-15,1,22.2,Paid
O006580,C0241,P0027,2026-01-15,3,40.17,Paid
O006581,C0371,P0040,2026-01-15,3,181.47,Organic
O006582,C0403,P0039,2026-01-15,2,221.02,Paid
O006583,C0372,P0038,2026-01-15,1,68.37,Organic
O006584,C0061,P0034,2026-01-15,2,107.82,Organic
O006585,C0041,P0004,2026-01-15,3,545.58,Organic
O006586,C0308,P0016,2026-01-15,3,90.9,Organic
O006587,C0322,P0010,2026-01-15,2,38.8,Organic
O006588,C0272,P0024,2026-01-15,1,95.17,Organic
O006589,C0022,P0023,2026-01-15,3,437.97,Paid
O006590,C0334,P0019,2026-01-15,3,197.31,Paid
O006591,C0218,P0020,2026-01-15,1,145.34,Paid
O006592,C0239,P0018,2026-01-15,2,174.42,Organic
O006593,C0170,P0030,2026-01-15,2,54.42,Organic
O006594,C0115,P0031,2026-01-15,3,178.2,Paid
O006595,C0407,P0035,2026-01-15,1,60.4,Email
O006596,C0103,P0040,2026-01-15,2,120.98,Paid
O006597,C0341,P0035,2026-01-15,1,60.4,Organic
O006598,C0318,P0014,2026-01-15,2,109.0,Referral
O006599,C0421,P0009,2026-01-15,2,152.56,Email
O006600,C0450,P0015,2026-01-15,2,110.28,Organic
O006601,C0459,P0017,2026-01-15,1,123.28,Organic
O006602,C0639,P0019,2026-01-15,2,131.54,Organic
O006603,C0069,P0028,2026-01-15,3,66.6,Email
O006604,C0396,P0028,2026-01-15,3,66.6,Email
O006605,C0165,P0029,2026-01-15,1,24.45,Referral
O006606,C0459,P0032,2026-01-15,1,39.62,Paid
O006607,C0775,P0033,2026-01-15,1,35.18,Organic
O006608,C0745,P0035,2026-01-15,2,120.8,Paid
O006609,C0788,P0033,2026-01-15,1,35.18,Paid
O006610,C0483,P0035,2026-01-15,2,120.8,Referral
O006611,C0283,P0006,2026-01-15,1,87.54,Email
O006612,C0133,P0004,2026-01-15,3,545.58,Paid
O006613,C0353,P0012,2026-01-15,3,135.18,Organic
O006614,C0643,P0022,2026-01-15,3,123.57,Organic
O006615,C0500,P0025,2026-01-15,1,27.01,Organic
O006616,C0500,P0027,2026-01-15,3,40.17,Referral
O006617,C0473,P0037,2026-01-15,2,128.36,Paid
O006618,C0210,P0035,2026-01-15,2,120.8,Email
O006619,C0303,P0005,2026-01-16,1,66.32,Paid
O006620,C0241,P0001,2026-01-16,1,40.3,Paid
O006621,C0583,P0005,2026-01-16,2,132.64,Paid
O006622,C0317,P0011,2026-01-16,1,45.43,Email
O006623,C0377,P0013,2026-01-16,3,134.58,Organic
O006624,C0113,P0013,2026-01-16,3,134.58,Paid
O006625,C0649,P0037,2026-01-16,3,192.54,Organic
O006626,C0161,P0036,2026-01-16,3,71.19,Organic
O006627,C0192,P0002,2026-01-16,1,267.06,Organic
O006628,C0207,P0007,2026-01-16,1,67.93,Paid
O006629,C0192,P0006,2026-01-16,2,175.08,Paid
O006630,C0740,P0008,2026-01-16,2,378.78,Paid
O006631,C0202,P0013,2026-01-16,2,89.72,Email
O006632,C0229,P0009,2026-01-16,3,228.84,Paid
O006633,C0277,P0011,2026-01-16,1,45.43,Organic
O006634,C0539,P0011,2026-01-16,2,90.86,Email
O006635,C0090,P0021,2026-01-16,3,335.28,Organic
O006636,C0696,P0018,2026-01-16,1,87.21,Organic
O006637,C0447,P0022,2026-01-16,3,123.57,Referral
O006638,C0558,P0023,2026-01-16,2,291.98,Organic
O006639,C0457,P0025,2026-01-16,1,27.01,Paid
O006640,C0016,P0028,2026-01-16,3,66.6,Paid
O006641,C0099,P0031,2026-01-16,2,118.8,Organic
O006642,C0242,P0025,2026-01-16,1,27.01,Paid
O006643,C0153,P0034,2026-01-16,2,107.82,Organic
O006644,C0566,P0038,2026-01-16,3,205.11,Paid
O006645,C0016,P0033,2026-01-16,3,105.54,Email
O006646,C0497,P0001,2026-01-16,1,40.3,Paid
O006647,C0677,P0004,2026-01-16,3,545.58,Email
O006648,C0250,P0008,2026-01-16,1,189.39,Organic
O006649,C0800,P0003,2026-01-16,1,335.97,Email
O006650,C0424,P0004,2026-01-16,3,545.58,Organic
O006651,C0635,P0016,2026-01-16,2,60.6,Organic
O006652,C0772,P0015,2026-01-16,1,55.14,Organic
O006653,C0247,P0015,2026-01-16,1,55.14,Organic
O006654,C0391,P0013,2026-01-16,2,89.72,Organic
O006655,C0083,P0026,2026-01-16,2,43.74,Email
O006656,C0523,P0029,2026-01-16,1,24.45,Paid
O006657,C0579,P0029,2026-01-16,1,24.45,Referral
O006658,C0299,P0034,2026-01-16,3,161.73,Organic
O006659,C0618,P0035,2026-01-16,1,60.4,Organic
O006660,C0486,P0035,2026-01-16,1,60.4,Paid
O006661,C0499,P0005,2026-01-16,2,132.64,Paid
O006662,C0433,P0002,2026-01-16,2,534.12,Organic
O006663,C0721,P0001,2026-01-16,2,80.6,Email
O006664,C0193,P0036,2026-01-16,1,23.73,Organic
O006665,C0316,P0040,2026-01-16,1,60.49,Organic
O006666,C0285,P0035,2026-01-16,1,60.4,Organic
O006667,C0174,P0034,2026-01-16,2,107.82,Paid
O006668,C0358,P0003,2026-01-17,2,671.94,Organic
O006669,C0175,P0002,2026-01-17,3,801.18,Email
O006670,C0796,P0009,2026-01-17,3,228.84,Paid
O006671,C0488,P0015,2026-01-17,1,55.14,Paid
O006672,C0471,P0011,2026-01-17,1,45.43,Organic
O006673,C0121,P0014,2026-01-17,1,54.5,Paid
O006674,C0190,P0024,2026-01-17,1,95.17,Paid
O006675,C0382,P0018,2026-01-17,3,261.63,Email
O006676,C0071,P0025,2026-01-17,2,54.02,Organic
O006677,C0394,P0026,2026-01-17,1,21.87,Paid
O006678,C0307,P0025,2026-01-17,2,54.02,Organic
O006679,C0565,P0028,2026-01-17,3,66.6,Organic
O006680,C0726,P0031,2026-01-17,3,178.2,Organic
O006681,C0263,P0037,2026-01-17,3,192.54,Paid
O006682,C0515,P0038,2026-01-17,2,136.74,Paid
O006683,C0307,P0039,2026-01-17,1,110.51,Organic
O006684,C0061,P0035,2026-01-17,3,181.2,Email
O006685,C0039,P0005,2026-01-17,1,66.32,Organic
O006686,C0484,P0002,2026-01-17,2,534.12,Paid
O006687,C0558,P0007,2026-01-17,3,203.79,Paid
O006688,C0092,P0006,2026-01-17,2,175.08,Paid
O006689,C0762,P0005,2026-01-17,3,198.96,Email
O006690,C0678,P0005,2026-01-17,3,198.96,Organic
O006691,C0539,P0005,2026-01-17,3,198.96,Paid
O006692,C0144,P0014,2026-01-17,3,163.5,Organic
O006693,C0420,P0018,2026-01-17,2,174.42,Email
O006694,C0484,P0022,2026-01-17,2,82.38,Organic
O006695,C0064,P0024,2026-01-17,1,95.17,Email
O006696,C0347,P0017,2026-01-17,2,246.56,Paid
O006697,C0738,P0024,2026-01-17,3,285.51,Organic
O006698,C0166,P0027,2026-01-17,1,13.39,Organic
O006699,C0516,P0029,2026-01-17,1,24.45,Paid
O006700,C0762,P0028,2026-01-17,1,22.2,Email
O006701,C0447,P0031,2026-01-17,3,178.2,Organic
O006702,C0420,P0040,2026-01-17,1,60.49,Organic
O006703,C0032,P0035,2026-01-17,1,60.4,Organic
O006704,C0333,P0037,2026-01-17,1,64.18,Paid
O006705,C0677,P0001,2026-01-17,2,80.6,Paid
O006706,C0609,P0003,2026-01-17,3,1007.91,Paid
O006707,C0525,P0005,2026-01-17,2,132.64,Referral
O006708,C0786,P0002,2026-01-17,3,801.18,Organic
O006709,C0495,P0001,2026-01-17,3,120.9,Email
O006710,C0123,P0004,2026-01-17,1,181.86,Paid
O006711,C0226,P0012,2026-01-17,2,90.12,Email
O006712,C0536,P0015,2026-01-17,1,55.14,Paid
O006713,C0677,P0013,2026-01-17,1,44.86,Paid
O006714,C0007,P0013,2026-01-17,3,134.58,Email
O006715,C0424,P0014,2026-01-17,2,109.0,Paid
O006716,C0554,P0016,2026-01-17,2,60.6,Paid
O006717,C0618,P0015,2026-01-17,3,165.42,Organic
O006718,C0146,P0019,2026-01-17,1,65.77,Organic
O006719,C0270,P0023,2026-01-17,2,291.98,Organic
O006720,C0204,P0023,2026-01-17,2,291.98,Organic
O006721,C0742,P0032,2026-01-17,2,79.24,Paid
O006722,C0536,P0035,2026-01-17,2,120.8,Email
O006723,C0554,P0036,2026-01-17,3,71.19,Organic
O006724,C0291,P0033,2026-01-17,3,105.54,Organic
O006725,C0732,P0038,2026-01-17,3,205.11,Paid
O006726,C0191,P0004,2026-01-17,2,363.72,Organic
O006727,C0766,P0006,2026-01-17,2,175.08,Paid
O006728,C0664,P0002,2026-01-17,1,267.06,Paid
O006729,C0643,P0015,2026-01-17,2,110.28,Paid
O006730,C0561,P0014,2026-01-17,2,109.0,Paid
O006731,C0005,P0014,2026-01-17,1,54.5,Organic
O006732,C0541,P0012,2026-01-17,1,45.06,Organic
O006733,C0283,P0010,2026-01-17,1,19.4,Organic
O006734,C0324,P0022,2026-01-17,2,82.38,Organic
O006735,C0720,P0021,2026-01-17,3,335.28,Paid
O006736,C0236,P0022,2026-01-17,3,123.57,Organic
O006737,C0466,P0024,2026-01-17,3,285.51,Organic
O006738,C0491,P0026,2026-01-17,2,43.74,Organic
O006739,C0028,P0026,2026-01-17,1,21.87,Paid
O006740,C0717,P0035,2026-01-17,3,181.2,Organic
O006741,C0384,P0004,2026-01-18,3,545.58,Organic
O006742,C0709,P0001,2026-01-18,3,120.9,Organic
O006743,C0349,P0008,2026-01-18,2,378.78,Organic
O006744,C0687,P0014,2026-01-18,2,109.0,Organic
O006745,C0599,P0014,2026-01-18,2,109.0,Referral
O006746,C0756,P0013,2026-01-18,2,89.72,Organic
O006747,C0471,P0019,2026-01-18,2,131.54,Paid
O006748,C0037,P0018,2026-01-18,3,261.63,Email
O006749,C0293,P0024,2026-01-18,2,190.34,Organic
O006750,C0372,P0023,2026-01-18,2,291.98,Organic
O006751,C0151,P0024,2026-01-18,2,190.34,Email
O006752,C0280,P0024,2026-01-18,3,285.51,Organic
O006753,C0453,P0030,2026-01-18,3,81.63,Organic
O006754,C0358,P0039,2026-01-18,3,331.53,Organic
O006755,C0415,P0033,2026-01-18,1,35.18,Organic
O006756,C0790,P0037,2026-01-18,2,128.36,Referral
O006757,C0349,P0037,2026-01-18,3,192.54,Paid
O006758,C0143,P0034,2026-01-18,1,53.91,Organic
O006759,C0330,P0034,2026-01-18,1,53.91,Organic
O006760,C0243,P0001,2026-01-18,2,80.6,Paid
O006761,C0207,P0007,2026-01-18,3,203.79,Email
O006762,C0142,P0004,2026-01-18,1,181.86,Paid
O006763,C0084,P0001,2026-01-18,2,80.6,Referral
O006764,C0322,P0006,2026-01-18,3,262.62,Organic
O006765,C0759,P0012,2026-01-18,1,45.06,Organic
O006766,C0573,P0014,2026-01-18,2,109.0,Email
O006767,C0387,P0015,2026-01-18,2,110.28,Email
O006768,C0171,P0024,2026-01-18,3,285.51,Email
O006769,C0577,P0031,2026-01-18,3,178.2,Organic
O006770,C0597,P0032,2026-01-18,2,79.24,Email
O006771,C0103,P0034,2026-01-18,1,53.91,Email
O006772,C0187,P0035,2026-01-18,3,181.2,Email
O006773,C0345,P0036,2026-01-18,2,47.46,Organic
O006774,C0437,P0008,2026-01-18,2,378.78,Email
O006775,C0373,P0008,2026-01-18,3,568.17,Organic
O006776,C0629,P0001,2026-01-18,1,40.3,Paid
O006777,C0586,P0003,2026-01-18,3,1007.91,Organic
O006778,C0800,P0005,2026-01-18,2,132.64,Paid
O006779,C0374,P0001,2026-01-18,2,80.6,Email
O006780,C0163,P0002,2026-01-18,3,801.18,Organic
O006781,C0413,P0005,2026-01-18,1,66.32,Paid
O006782,C0608,P0009,2026-01-18,3,228.84,Referral
O006783,C0342,P0009,2026-01-18,2,152.56,Paid
O006784,C0352,P0014,2026-01-18,2,109.0,Paid
O006785,C0486,P0016,2026-01-18,1,30.3,Paid
O006786,C0033,P0014,2026-01-18,2,109.0,Paid
O006787,C0374,P0018,2026-01-18,2,174.42,Email
O006788,C0102,P0020,2026-01-18,3,436.02,Organic
O006789,C0226,P0020,2026-01-18,2,290.68,Organic
O006790,C0588,P0020,2026-01-18,1,145.34,Organic
O006791,C0693,P0028,2026-01-18,3,66.6,Organic
O006792,C0181,P0026,2026-01-18,2,43.74,Referral
O006793,C0593,P0039,2026-01-18,1,110.51,Organic
O006794,C0582,P0036,2026-01-18,1,23.73,Paid
O006795,C0102,P0035,2026-01-18,2,120.8,Organic
O006796,C0495,P0034,2026-01-18,1,53.91,Email
O006797,C0366,P0001,2026-01-18,2,80.6,Organic
O006798,C0246,P0003,2026-01-18,1,335.97,Organic
O006799,C0244,P0003,2026-01-18,2,671.94,Organic
O006800,C0191,P0011,2026-01-18,2,90.86,Organic
O006801,C0195,P0013,2026-01-18,3,134.58,Email
O006802,C0710,P0024,2026-01-18,2,190.34,Paid
O006803,C0675,P0018,2026-01-18,1,87.21,Organic
O006804,C0584,P0024,2026-01-18,3,285.51,Organic
O006805,C0750,P0018,2026-01-18,3,261.63,Organic
O006806,C0559,P0022,2026-01-18,2,82.38,Organic
O006807,C0222,P0018,2026-01-18,2,174.42,Email
O006808,C0095,P0032,2026-01-18,2,79.24,Organic
O006809,C0068,P0036,2026-01-18,1,23.73,Organic
O006810,C0351,P0036,2026-01-18,3,71.19,Email
O006811,C0061,P0002,2026-01-19,3,801.18,Paid
O006812,C0790,P0002,2026-01-19,2,534.12,Organic
O006813,C0143,P0007,2026-01-19,2,135.86,Referral
O006814,C0271,P0011,2026-01-19,2,90.86,Paid
O006815,C0311,P0021,2026-01-19,2,223.52,Paid
O006816,C0796,P0018,2026-01-19,1,87.21,Organic
O006817,C0703,P0020,2026-01-19,2,290.68,Organic
O006818,C0021,P0021,2026-01-19,1,111.76,Email
O006819,C0443,P0027,2026-01-19,3,40.17,Paid
O006820,C0303,P0040,2026-01-19,1,60.49,Organic
O006821,C0606,P0038,2026-01-19,1,68.37,Organic
O006822,C0654,P0038,2026-01-19,2,136.74,Organic
O006823,C0784,P0005,2026-01-19,1,66.32,Paid
O006824,C0426,P0002,2026-01-19,2,534.12,Organic
O006825,C0489,P0015,2026-01-19,2,110.28,Organic
O006826,C0207,P0009,2026-01-19,2,152.56,Paid
O006827,C0521,P0012,2026-01-19,2,90.12,Organic
O006828,C0059,P0010,2026-01-19,1,19.4,Paid
O006829,C0489,P0020,2026-01-19,2,290.68,Organic
O006830,C0447,P0019,2026-01-19,1,65.77,Organic
O006831,C0585,P0017,2026-01-19,3,369.84,Organic
O006832,C0447,P0030,2026-01-19,2,54.42,Referral
O006833,C0597,P0029,2026-01-19,3,73.35,Organic
O006834,C0090,P0040,2026-01-19,3,181.47,Organic
O006835,C0428,P0037,2026-01-19,1,64.18,Organic
O006836,C0593,P0007,2026-01-19,2,135.86,Paid
O006837,C0483,P0003,2026-01-19,1,335.97,Email
O006838,C0258,P0006,2026-01-19,2,175.08,Email
O006839,C0204,P0009,2026-01-19,2,152.56,Paid
O006840,C0098,P0021,2026-01-19,1,111.76,Organic
O006841,C0579,P0022,2026-01-19,3,123.57,Organic
O006842,C0512,P0026,2026-01-19,2,43.74,Email
O006843,C0503,P0025,2026-01-19,3,81.03,Email
O006844,C0663,P0035,2026-01-19,3,181.2,Email
O006845,C0352,P0035,2026-01-19,3,181.2,Paid
O006846,C0586,P0040,2026-01-19,3,181.47,Organic
O006847,C0266,P0007,2026-01-19,2,135.86,Paid
O006848,C0491,P0011,2026-01-19,1,45.43,Organic
O006849,C0197,P0018,2026-01-19,3,261.63,Organic
O006850,C0714,P0023,2026-01-19,3,437.97,Organic
O006851,C0571,P0019,2026-01-19,3,197.31,Organic
O006852,C0191,P0028,2026-01-19,1,22.2,Email
O006853,C0185,P0030,2026-01-19,1,27.21,Organic
O006854,C0631,P0027,2026-01-19,2,26.78,Paid
O006855,C0222,P0031,2026-01-19,3,178.2,Organic
O006856,C0630,P0007,2026-01-20,3,203.79,Organic
O006857,C0087,P0006,2026-01-20,2,175.08,Organic
O006858,C0641,P0006,2026-01-20,1,87.54,Email
O006859,C0666,P0008,2026-01-20,3,568.17,Email
O006860,C0361,P0013,2026-01-20,1,44.86,Paid
O006861,C0776,P0014,2026-01-20,1,54.5,Referral
O006862,C0100,P0009,2026-01-20,3,228.84,Organic
O006863,C0576,P0018,2026-01-20,3,261.63,Organic
O006864,C0697,P0030,2026-01-20,3,81.63,Organic
O006865,C0208,P0027,2026-01-20,2,26.78,Paid
O006866,C0444,P0039,2026-01-20,3,331.53,Paid
O006867,C0488,P0033,2026-01-20,1,35.18,Organic
O006868,C0239,P0004,2026-01-20,2,363.72,Organic
O006869,C0177,P0001,2026-01-20,3,120.9,Paid
O006870,C0727,P0002,2026-01-20,3,801.18,Organic
O006871,C0688,P0014,2026-01-20,3,163.5,Email
O006872,C0158,P0014,2026-01-20,2,109.0,Paid
O006873,C0400,P0009,2026-01-20,2,152.56,Referral
O006874,C0202,P0010,2026-01-20,3,58.2,Organic
O006875,C0090,P0013,2026-01-20,3,134.58,Paid
O006876,C0153,P0013,2026-01-20,3,134.58,Organic
O006877,C0595,P0024,2026-01-20,1,95.17,Organic
O006878,C0472,P0023,2026-01-20,2,291.98,Organic
O006879,C0207,P0020,2026-01-20,1,145.34,Paid
O006880,C0340,P0030,2026-01-20,3,81.63,Email
O006881,C0024,P0025,2026-01-20,1,27.01,Referral
O006882,C0597,P0034,2026-01-20,3,161.73,Paid
O006883,C0624,P0040,2026-01-20,1,60.49,Referral
O006884,C0262,P0008,2026-01-20,1,189.39,Organic
O006885,C0291,P0003,2026-01-20,1,335.97,Paid
O006886,C0732,P0016,2026-01-20,3,90.9,Paid
O006887,C0355,P0009,2026-01-20,3,228.84,Referral
O006888,C0388,P0016,2026-01-20,3,90.9,Organic
O006889,C0355,P0012,2026-01-20,1,45.06,Email
O006890,C0047,P0016,2026-01-20,2,60.6,Paid
O006891,C0413,P0018,2026-01-20,1,87.21,Paid
O006892,C0225,P0024,2026-01-20,1,95.17,Paid
O006893,C0281,P0024,2026-01-20,3,285.51,Paid
O006894,C0281,P0021,2026-01-20,2,223.52,Organic
O006895,C0429,P0019,2026-01-20,3,197.31,Organic
O006896,C0412,P0025,2026-01-20,2,54.02,Paid
O006897,C0508,P0036,2026-01-20,2,47.46,Organic
O006898,C0327,P0037,2026-01-20,2,128.36,Paid
O006899,C0620,P0005,2026-01-20,1,66.32,Organic
O006900,C0075,P0001,2026-01-20,3,120.9,Paid
O006901,C0682,P0014,2026-01-20,1,54.5,Organic
O006902,C0466,P0020,2026-01-20,3,436.02,Referral
O006903,C0476,P0020,2026-01-20,1,145.34,Organic
O006904,C0717,P0031,2026-01-20,3,178.2,Paid
O006905,C0066,P0032,2026-01-20,3,118.86,Email
O006906,C0661,P0040,2026-01-20,3,181.47,Referral
O006907,C0275,P0013,2026-01-21,3,134.58,Paid
O006908,C0268,P0010,2026-01-21,3,58.2,Organic
O006909,C0151,P0024,2026-01-21,2,190.34,Organic
O006910,C0382,P0023,2026-01-21,2,291.98,Paid
O006911,C0776,P0032,2026-01-21,2,79.24,Referral
O006912,C0662,P0035,2026-01-21,1,60.4,Organic
O006913,C0666,P0036,2026-01-21,1,23.73,Organic
O006914,C0063,P0011,2026-01-21,1,45.43,Email
O006915,C0286,P0024,2026-01-21,1,95.17,Paid
O006916,C0082,P0028,2026-01-21,3,66.6,Email
O006917,C0688,P0038,2026-01-21,1,68.37,Paid
O006918,C0188,P0038,2026-01-21,2,136.74,Paid
O006919,C0164,P0034,2026-01-21,3,161.73,Paid
O006920,C0461,P0035,2026-01-21,2,120.8,Organic
O006921,C0211,P0004,2026-01-21,2,363.72,Paid
O006922,C0211,P0011,2026-01-21,3,136.29,Paid
O006923,C0261,P0016,2026-01-21,2,60.6,Referral
O006924,C0450,P0010,2026-01-21,3,58.2,Paid
O006925,C0456,P0017,2026-01-21,3,369.84,Organic
O006926,C0591,P0032,2026-01-21,1,39.62,Paid
O006927,C0296,P0032,2026-01-21,2,79.24,Referral
O006928,C0547,P0026,2026-01-21,1,21.87,Organic
O006929,C0169,P0028,2026-01-21,3,66.6,Referral
O006930,C0451,P0035,2026-01-21,1,60.4,Paid
O006931,C0409,P0040,2026-01-21,1,60.49,Organic
O006932,C0734,P0036,2026-01-21,2,47.46,Organic
O006933,C0731,P0006,2026-01-21,2,175.08,Organic
O006934,C0730,P0002,2026-01-21,1,267.06,Email
O006935,C0580,P0012,2026-01-21,2,90.12,Paid
O006936,C0721,P0017,2026-01-21,3,369.84,Referral
O006937,C0319,P0022,2026-01-21,1,41.19,Paid
O006938,C0133,P0029,2026-01-21,1,24.45,Paid
O006939,C0134,P0029,2026-01-21,2,48.9,Organic
O006940,C0766,P0027,2026-01-21,2,26.78,Organic
O006941,C0336,P0029,2026-01-21,3,73.35,Organic
O006942,C0567,P0037,2026-01-21,3,192.54,Paid
O006943,C0141,P0007,2026-01-22,1,67.93,Organic
O006944,C0793,P0006,2026-01-22,1,87.54,Organic
O006945,C0348,P0013,2026-01-22,2,89.72,Organic
O006946,C0384,P0016,2026-01-22,1,30.3,Organic
O006947,C0067,P0015,2026-01-22,2,110.28,Organic
O006948,C0465,P0018,2026-01-22,3,261.63,Organic
O006949,C0014,P0019,2026-01-22,1,65.77,Referral
O006950,C0498,P0024,2026-01-22,2,190.34,Paid
O006951,C0707,P0034,2026-01-22,3,161.73,Email
O006952,C0233,P0033,2026-01-22,2,70.36,Organic
O006953,C0240,P0039,2026-01-22,3,331.53,Paid
O006954,C0640,P0005,2026-01-22,1,66.32,Organic
O006955,C0242,P0002,2026-01-22,3,801.18,Organic
O006956,C0733,P0015,2026-01-22,2,110.28,Organic
O006957,C0770,P0017,2026-01-22,2,246.56,Paid
O006958,C0016,P0018,2026-01-22,1,87.21,Organic
O006959,C0468,P0027,2026-01-22,1,13.39,Email
O006960,C0585,P0028,2026-01-22,2,44.4,Email
O006961,C0334,P0029,2026-01-22,1,24.45,Organic
O006962,C0219,P0027,2026-01-22,2,26.78,Organic
O006963,C0431,P0036,2026-01-22,2,47.46,Organic
O006964,C0194,P0033,2026-01-22,3,105.54,Organic
O006965,C0648,P0033,2026-01-22,3,105.54,Organic
O006966,C0410,P0040,2026-01-22,3,181.47,Organic
O006967,C0779,P0039,2026-01-22,1,110.51,Paid
O006968,C0525,P0003,2026-01-22,3,1007.91,Email
O006969,C0570,P0003,2026-01-22,2,671.94,Organic
O006970,C0459,P0004,2026-01-22,2,363.72,Paid
O006971,C0588,P0007,2026-01-22,2,135.86,Paid
O006972,C0012,P0015,2026-01-22,3,165.42,Organic
O006973,C0258,P0013,2026-01-22,3,134.58,Referral
O006974,C0642,P0015,2026-01-22,2,110.28,Paid
O006975,C0227,P0011,2026-01-22,2,90.86,Organic
O006976,C0269,P0023,2026-01-22,1,145.99,Organic
O006977,C0391,P0032,2026-01-22,3,118.86,Paid
O006978,C0732,P0030,2026-01-22,1,27.21,Referral
O006979,C0774,P0036,2026-01-22,1,23.73,Paid
O006980,C0656,P0033,2026-01-22,1,35.18,Organic
O006981,C0766,P0003,2026-01-22,1,335.97,Organic
O006982,C0336,P0003,2026-01-22,3,1007.91,Paid
O006983,C0631,P0014,2026-01-22,2,109.0,Email
O006984,C0285,P0015,2026-01-22,1,55.14,Paid
O006985,C0353,P0010,2026-01-22,2,38.8,Paid
O006986,C0285,P0019,2026-01-22,2,131.54,Organic
O006987,C0197,P0022,2026-01-22,3,123.57,Organic
O006988,C0005,P0017,2026-01-22,2,246.56,Organic
O006989,C0111,P0018,2026-01-22,2,174.42,Organic
O006990,C0601,P0023,2026-01-22,3,437.97,Organic
O006991,C0667,P0025,2026-01-22,2,54.02,Organic
O006992,C0134,P0036,2026-01-22,2,47.46,Paid
O006993,C0514,P0039,2026-01-22,1,110.51,Paid
O006994,C0667,P0035,2026-01-22,2,120.8,Email
O006995,C0324,P0039,2026-01-22,1,110.51,Paid
O006996,C0328,P0040,2026-01-22,3,181.47,Organic
O006997,C0303,P0008,2026-01-23,1,189.39,Paid
O006998,C0636,P0001,2026-01-23,2,80.6,Paid
O006999,C0124,P0019,2026-01-23,2,131.54,Paid
O007000,C0151,P0029,2026-01-23,1,24.45,Email
O007001,C0709,P0026,2026-01-23,1,21.87,Paid
O007002,C0700,P0034,2026-01-23,3,161.73,Email
O007003,C0537,P0037,2026-01-23,1,64.18,Referral
O007004,C0314,P0016,2026-01-23,3,90.9,Organic
O007005,C0154,P0016,2026-01-23,1,30.3,Paid
O007006,C0472,P0023,2026-01-23,2,291.98,Organic
O007007,C0660,P0027,2026-01-23,1,13.39,Referral
O007008,C0563,P0032,2026-01-23,3,118.86,Paid
O007009,C0426,P0040,2026-01-23,2,120.98,Paid
O007010,C0472,P0040,2026-01-23,1,60.49,Paid
O007011,C0270,P0014,2026-01-23,2,109.0,Organic
O007012,C0495,P0016,2026-01-23,2,60.6,Paid
O007013,C0002,P0010,2026-01-23,2,38.8,Email
O007014,C0785,P0023,2026-01-23,2,291.98,Referral
O007015,C0354,P0020,2026-01-23,1,145.34,Organic
O007016,C0383,P0032,2026-01-23,3,118.86,Email
O007017,C0269,P0031,2026-01-23,2,118.8,Referral
O007018,C0774,P0025,2026-01-23,3,81.03,Organic
O007019,C0258,P0027,2026-01-23,2,26.78,Email
O007020,C0033,P0040,2026-01-23,2,120.98,Email
O007021,C0296,P0040,2026-01-23,3,181.47,Organic
O007022,C0531,P0033,2026-01-23,3,105.54,Organic
O007023,C0258,P0034,2026-01-23,2,107.82,Organic
O007024,C0604,P0002,2026-01-23,2,534.12,Organic
O007025,C0781,P0003,2026-01-23,3,1007.91,Paid
O007026,C0343,P0012,2026-01-23,1,45.06,Paid
O007027,C0476,P0009,2026-01-23,1,76.28,Organic
O007028,C0720,P0024,2026-01-23,1,95.17,Paid
O007029,C0379,P0018,2026-01-23,2,174.42,Referral
O007030,C0625,P0017,2026-01-23,1,123.28,Organic
O007031,C0433,P0021,2026-01-23,2,223.52,Referral
O007032,C0236,P0032,2026-01-23,1,39.62,Organic
O007033,C0758,P0027,2026-01-23,2,26.78,Referral
O007034,C0440,P0030,2026-01-23,2,54.42,Organic
O007035,C0118,P0027,2026-01-23,1,13.39,Organic
O007036,C0494,P0029,2026-01-23,2,48.9,Email
O007037,C0455,P0035,2026-01-23,3,181.2,Organic
O007038,C0223,P0034,2026-01-23,1,53.91,Paid
O007039,C0195,P0039,2026-01-23,3,331.53,Organic
O007040,C0362,P0001,2026-01-24,1,40.3,Organic
O007041,C0540,P0007,2026-01-24,2,135.86,Referral
O007042,C0792,P0009,2026-01-24,1,76.28,Organic
O007043,C0025,P0012,2026-01-24,2,90.12,Referral
O007044,C0655,P0012,2026-01-24,1,45.06,Email
O007045,C0344,P0009,2026-01-24,1,76.28,Organic
O007046,C0303,P0019,2026-01-24,3,197.31,Paid
O007047,C0245,P0022,2026-01-24,2,82.38,Organic
O007048,C0502,P0024,2026-01-24,1,95.17,Organic
O007049,C0330,P0023,2026-01-24,3,437.97,Referral
O007050,C0666,P0018,2026-01-24,3,261.63,Organic
O007051,C0488,P0029,2026-01-24,3,73.35,Organic
O007052,C0402,P0029,2026-01-24,2,48.9,Paid
O007053,C0702,P0003,2026-01-24,2,671.94,Organic
O007054,C0733,P0004,2026-01-24,2,363.72,Organic
O007055,C0441,P0003,2026-01-24,2,671.94,Organic
O007056,C0441,P0013,2026-01-24,2,89.72,Paid
O007057,C0154,P0014,2026-01-24,1,54.5,Referral
O007058,C0064,P0010,2026-01-24,3,58.2,Email
O007059,C0696,P0015,2026-01-24,1,55.14,Email
O007060,C0309,P0009,2026-01-24,1,76.28,Email
O007061,C0468,P0024,2026-01-24,1,95.17,Email
O007062,C0696,P0024,2026-01-24,2,190.34,Organic
O007063,C0092,P0020,2026-01-24,1,145.34,Email
O007064,C0739,P0031,2026-01-24,2,118.8,Referral
O007065,C0369,P0037,2026-01-24,1,64.18,Organic
O007066,C0202,P0040,2026-01-24,3,181.47,Organic
O007067,C0157,P0003,2026-01-24,2,671.94,Email
O007068,C0211,P0009,2026-01-24,3,228.84,Email
O007069,C0535,P0016,2026-01-24,3,90.9,Referral
O007070,C0745,P0010,2026-01-24,2,38.8,Referral
O007071,C0033,P0014,2026-01-24,3,163.5,Organic
O007072,C0635,P0010,2026-01-24,2,38.8,Paid
O007073,C0545,P0022,2026-01-24,2,82.38,Email
O007074,C0354,P0026,2026-01-24,3,65.61,Organic
O007075,C0135,P0037,2026-01-24,3,192.54,Organic
O007076,C0267,P0037,2026-01-24,1,64.18,Paid
O007077,C0736,P0003,2026-01-24,1,335.97,Organic
O007078,C0496,P0002,2026-01-24,1,267.06,Organic
O007079,C0134,P0006,2026-01-24,2,175.08,Email
O007080,C0173,P0024,2026-01-24,1,95.17,Paid
O007081,C0631,P0021,2026-01-24,2,223.52,Organic
O007082,C0625,P0022,2026-01-24,1,41.19,Paid
O007083,C0507,P0029,2026-01-24,3,73.35,Organic
O007084,C0095,P0034,2026-01-24,2,107.82,Email
O007085,C0191,P0035,2026-01-24,3,181.2,Email
O007086,C0180,P0006,2026-01-25,1,87.54,Paid
O007087,C0071,P0012,2026-01-25,3,135.18,Organic
O007088,C0777,P0014,2026-01-25,1,54.5,Paid
O007089,C0161,P0010,2026-01-25,3,58.2,Paid
O007090,C0311,P0016,2026-01-25,2,60.6,Organic
O007091,C0737,P0020,2026-01-25,2,290.68,Paid
O007092,C0630,P0017,2026-01-25,3,369.84,Organic
O007093,C0548,P0019,2026-01-25,1,65.77,Referral
O007094,C0375,P0019,2026-01-25,1,65.77,Organic
O007095,C0641,P0023,2026-01-25,1,145.99,Paid
O007096,C0321,P0030,2026-01-25,3,81.63,Paid
O007097,C0175,P0032,2026-01-25,2,79.24,Organic
O007098,C0108,P0031,2026-01-25,3,178.2,Organic
O007099,C0037,P0039,2026-01-25,3,331.53,Organic
O007100,C0779,P0004,2026-01-25,1,181.86,Paid
O007101,C0322,P0001,2026-01-25,2,80.6,Paid
O007102,C0158,P0013,2026-01-25,1,44.86,Organic
O007103,C0447,P0011,2026-01-25,2,90.86,Referral
O007104,C0139,P0024,2026-01-25,1,95.17,Organic
O007105,C0264,P0023,2026-01-25,3,437.97,Paid
O007106,C0239,P0017,2026-01-25,3,369.84,Referral
O007107,C0063,P0023,2026-01-25,3,437.97,Organic
O007108,C0739,P0030,2026-01-25,2,54.42,Referral
O007109,C0314,P0029,2026-01-25,3,73.35,Organic
O007110,C0092,P0027,2026-01-25,3,40.17,Organic
O007111,C0024,P0028,2026-01-25,1,22.2,Organic
O007112,C0153,P0027,2026-01-25,3,40.17,Organic
O007113,C0735,P0036,2026-01-25,3,71.19,Organic
O007114,C0660,P0036,2026-01-25,3,71.19,Organic
O007115,C0740,P0039,2026-01-25,3,331.53,Organic
O007116,C0225,P0005,2026-01-25,1,66.32,Organic
O007117,C0588,P0007,2026-01-25,2,135.86,Organic
O007118,C0608,P0002,2026-01-25,3,801.18,Email
O007119,C0269,P0005,2026-01-25,1,66.32,Organic
O007120,C0582,P0004,2026-01-25,2,363.72,Paid
O007121,C0201,P0012,2026-01-25,1,45.06,Organic
O007122,C0786,P0017,2026-01-25,3,369.84,Email
O007123,C0310,P0017,2026-01-25,3,369.84,Paid
O007124,C0262,P0026,2026-01-25,3,65.61,Organic
O007125,C0327,P0028,2026-01-25,1,22.2,Organic
O007126,C0451,P0026,2026-01-25,3,65.61,Referral
O007127,C0609,P0040,2026-01-25,2,120.98,Email
O007128,C0788,P0034,2026-01-25,2,107.82,Paid
O007129,C0147,P0008,2026-01-25,2,378.78,Organic
O007130,C0223,P0012,2026-01-25,3,135.18,Paid
O007131,C0791,P0010,2026-01-25,1,19.4,Organic
O007132,C0442,P0024,2026-01-25,2,190.34,Organic
O007133,C0710,P0017,2026-01-25,2,246.56,Email
O007134,C0131,P0032,2026-01-25,1,39.62,Organic
O007135,C0244,P0029,2026-01-25,1,24.45,Email
O007136,C0458,P0030,2026-01-25,1,27.21,Referral
O007137,C0458,P0036,2026-01-25,3,71.19,Organic
O007138,C0552,P0034,2026-01-25,2,107.82,Paid
O007139,C0134,P0037,2026-01-25,3,192.54,Paid
O007140,C0330,P0002,2026-01-26,2,534.12,Organic
O007141,C0488,P0008,2026-01-26,3,568.17,Organic
O007142,C0636,P0003,2026-01-26,3,1007.91,Organic
O007143,C0303,P0004,2026-01-26,3,545.58,Paid
O007144,C0045,P0012,2026-01-26,2,90.12,Organic
O007145,C0687,P0012,2026-01-26,3,135.18,Paid
O007146,C0583,P0017,2026-01-26,3,369.84,Organic
O007147,C0439,P0019,2026-01-26,1,65.77,Organic
O007148,C0377,P0020,2026-01-26,2,290.68,Paid
O007149,C0087,P0034,2026-01-26,1,53.91,Email
O007150,C0340,P0008,2026-01-26,2,378.78,Organic
O007151,C0041,P0003,2026-01-26,2,671.94,Referral
O007152,C0410,P0011,2026-01-26,2,90.86,Organic
O007153,C0431,P0015,2026-01-26,1,55.14,Organic
O007154,C0597,P0012,2026-01-26,1,45.06,Organic
O007155,C0407,P0024,2026-01-26,1,95.17,Organic
O007156,C0577,P0023,2026-01-26,1,145.99,Email
O007157,C0521,P0029,2026-01-26,3,73.35,Organic
O007158,C0784,P0029,2026-01-26,2,48.9,Email
O007159,C0308,P0036,2026-01-26,1,23.73,Organic
O007160,C0639,P0004,2026-01-26,1,181.86,Organic
O007161,C0284,P0009,2026-01-26,2,152.56,Email
O007162,C0163,P0015,2026-01-26,2,110.28,Organic
O007163,C0742,P0012,2026-01-26,1,45.06,Organic
O007164,C0482,P0009,2026-01-26,1,76.28,Paid
O007165,C0181,P0024,2026-01-26,2,190.34,Paid
O007166,C0481,P0022,2026-01-26,2,82.38,Paid
O007167,C0570,P0023,2026-01-26,3,437.97,Referral
O007168,C0578,P0030,2026-01-26,3,81.63,Organic
O007169,C0284,P0029,2026-01-26,1,24.45,Paid
O007170,C0677,P0031,2026-01-26,2,118.8,Organic
O007171,C0406,P0036,2026-01-26,1,23.73,Organic
O007172,C0629,P0034,2026-01-26,1,53.91,Organic
O007173,C0473,P0003,2026-01-26,2,671.94,Organic
O007174,C0338,P0001,2026-01-26,3,120.9,Paid
O007175,C0325,P0012,2026-01-26,1,45.06,Paid
O007176,C0131,P0009,2026-01-26,1,76.28,Organic
O007177,C0210,P0019,2026-01-26,1,65.77,Organic
O007178,C0255,P0025,2026-01-26,3,81.03,Email
O007179,C0722,P0028,2026-01-26,2,44.4,Paid
O007180,C0496,P0036,2026-01-26,1,23.73,Email
O007181,C0720,P0037,2026-01-26,3,192.54,Paid
O007182,C0397,P0005,2026-01-27,2,132.64,Organic
O007183,C0443,P0002,2026-01-27,2,534.12,Organic
O007184,C0311,P0009,2026-01-27,3,228.84,Organic
O007185,C0398,P0012,2026-01-27,3,135.18,Email
O007186,C0362,P0011,2026-01-27,3,136.29,Organic
O007187,C0796,P0016,2026-01-27,3,90.9,Organic
O007188,C0061,P0011,2026-01-27,2,90.86,Paid
O007189,C0037,P0018,2026-01-27,3,261.63,Organic
O007190,C0666,P0030,2026-01-27,1,27.21,Email
O007191,C0302,P0026,2026-01-27,3,65.61,Paid
O007192,C0463,P0026,2026-01-27,1,21.87,Organic
O007193,C0425,P0040,2026-01-27,2,120.98,Organic
O007194,C0792,P0036,2026-01-27,2,47.46,Email
O007195,C0515,P0034,2026-01-27,1,53.91,Organic
O007196,C0394,P0037,2026-01-27,2,128.36,Organic
O007197,C0533,P0006,2026-01-27,3,262.62,Paid
O007198,C0573,P0002,2026-01-27,1,267.06,Email
O007199,C0674,P0016,2026-01-27,2,60.6,Email
O007200,C0171,P0015,2026-01-27,1,55.14,Referral
O007201,C0170,P0011,2026-01-27,1,45.43,Organic
O007202,C0103,P0032,2026-01-27,3,118.86,Paid
O007203,C0364,P0026,2026-01-27,2,43.74,Organic
O007204,C0676,P0030,2026-01-27,2,54.42,Organic
O007205,C0622,P0036,2026-01-27,2,47.46,Organic
O007206,C0350,P0039,2026-01-27,2,221.02,Organic
O007207,C0022,P0037,2026-01-27,3,192.54,Paid
O007208,C0648,P0033,2026-01-27,2,70.36,Organic
O007209,C0155,P0003,2026-01-27,3,1007.91,Organic
O007210,C0310,P0004,2026-01-27,3,545.58,Email
O007211,C0691,P0008,2026-01-27,1,189.39,Organic
O007212,C0767,P0023,2026-01-27,3,437.97,Organic
O007213,C0374,P0031,2026-01-27,3,178.2,Organic
O007214,C0296,P0028,2026-01-27,1,22.2,Paid
O007215,C0675,P0004,2026-01-27,3,545.58,Paid
O007216,C0559,P0003,2026-01-27,2,671.94,Organic
O007217,C0626,P0010,2026-01-27,3,58.2,Organic
O007218,C0053,P0014,2026-01-27,2,109.0,Paid
O007219,C0766,P0009,2026-01-27,2,152.56,Organic
O007220,C0650,P0024,2026-01-27,3,285.51,Referral
O007221,C0794,P0023,2026-01-27,2,291.98,Email
O007222,C0174,P0024,2026-01-27,2,190.34,Email
O007223,C0557,P0011,2026-01-28,3,136.29,Organic
O007224,C0793,P0009,2026-01-28,2,152.56,Organic
O007225,C0415,P0017,2026-01-28,2,246.56,Referral
O007226,C0790,P0023,2026-01-28,1,145.99,Organic
O007227,C0252,P0029,2026-01-28,2,48.9,Paid
O007228,C0662,P0030,2026-01-28,3,81.63,Paid
O007229,C0113,P0038,2026-01-28,2,136.74,Organic
O007230,C0024,P0002,2026-01-28,3,801.18,Referral
O007231,C0553,P0005,2026-01-28,2,132.64,Organic
O007232,C0337,P0002,2026-01-28,3,801.18,Paid
O007233,C0770,P0003,2026-01-28,2,671.94,Organic
O007234,C0518,P0008,2026-01-28,2,378.78,Referral
O007235,C0206,P0026,2026-01-28,2,43.74,Paid
O007236,C0278,P0026,2026-01-28,2,43.74,Organic
O007237,C0347,P0031,2026-01-28,3,178.2,Organic
O007238,C0733,P0027,2026-01-28,1,13.39,Organic
O007239,C0265,P0033,2026-01-28,1,35.18,Email
O007240,C0345,P0036,2026-01-28,2,47.46,Paid
O007241,C0024,P0036,2026-01-28,3,71.19,Email
O007242,C0727,P0038,2026-01-28,1,68.37,Paid
O007243,C0261,P0008,2026-01-28,1,189.39,Paid
O007244,C0396,P0008,2026-01-28,1,189.39,Email
O007245,C0270,P0002,2026-01-28,3,801.18,Organic
O007246,C0392,P0024,2026-01-28,3,285.51,Organic
O007247,C0315,P0018,2026-01-28,2,174.42,Organic
O007248,C0315,P0026,2026-01-28,3,65.61,Organic
O007249,C0508,P0035,2026-01-28,3,181.2,Paid
O007250,C0155,P0036,2026-01-28,3,71.19,Email
O007251,C0610,P0021,2026-01-28,1,111.76,Email
O007252,C0089,P0039,2026-01-28,3,331.53,Paid
O007253,C0231,P0040,2026-01-28,3,181.47,Organic
O007254,C0353,P0033,2026-01-28,2,70.36,Email
O007255,C0244,P0039,2026-01-28,3,331.53,Paid
O007256,C0161,P0004,2026-01-29,3,545.58,Paid
O007257,C0348,P0004,2026-01-29,2,363.72,Organic
O007258,C0654,P0004,2026-01-29,2,363.72,Paid
O007259,C0017,P0004,2026-01-29,1,181.86,Referral
O007260,C0453,P0006,2026-01-29,3,262.62,Paid
O007261,C0307,P0017,2026-01-29,3,369.84,Referral
O007262,C0384,P0032,2026-01-29,2,79.24,Organic
O007263,C0488,P0033,2026-01-29,3,105.54,Organic
O007264,C0637,P0040,2026-01-29,3,181.47,Paid
O007265,C0025,P0038,2026-01-29,1,68.37,Organic
O007266,C0141,P0037,2026-01-29,2,128.36,Paid
O007267,C0001,P0038,2026-01-29,2,136.74,Paid
O007268,C0659,P0035,2026-01-29,1,60.4,Organic
O007269,C0206,P0014,2026-01-29,3,163.5,Email
O007270,C0747,P0015,2026-01-29,1,55.14,Paid
O007271,C0308,P0013,2026-01-29,3,134.58,Organic
O007272,C0090,P0021,2026-01-29,1,111.76,Organic
O007273,C0616,P0017,2026-01-29,1,123.28,Organic
O007274,C0029,P0018,2026-01-29,1,87.21,Organic
O007275,C0080,P0017,2026-01-29,1,123.28,Organic
O007276,C0080,P0017,2026-01-29,2,246.56,Email
O007277,C0648,P0017,2026-01-29,1,123.28,Paid
O007278,C0082,P0027,2026-01-29,2,26.78,Organic
O007279,C0400,P0037,2026-01-29,3,192.54,Email
O007280,C0408,P0036,2026-01-29,3,71.19,Paid
O007281,C0608,P0008,2026-01-29,3,568.17,Email
O007282,C0135,P0001,2026-01-29,2,80.6,Email
O007283,C0355,P0001,2026-01-29,1,40.3,Organic
O007284,C0270,P0009,2026-01-29,3,228.84,Paid
O007285,C0451,P0016,2026-01-29,2,60.6,Organic
O007286,C0157,P0012,2026-01-29,2,90.12,Organic
O007287,C0227,P0019,2026-01-29,3,197.31,Paid
O007288,C0060,P0038,2026-01-29,2,136.74,Organic
O007289,C0639,P0040,2026-01-29,2,120.98,Paid
O007290,C0258,P0037,2026-01-29,1,64.18,Referral
O007291,C0210,P0001,2026-01-29,1,40.3,Organic
O007292,C0730,P0006,2026-01-29,1,87.54,Paid
O007293,C0530,P0008,2026-01-29,1,189.39,Paid
O007294,C0466,P0009,2026-01-29,2,152.56,Paid
O007295,C0455,P0014,2026-01-29,1,54.5,Email
O007296,C0500,P0016,2026-01-29,1,30.3,Paid
O007297,C0455,P0010,2026-01-29,3,58.2,Organic
O007298,C0353,P0014,2026-01-29,2,109.0,Organic
O007299,C0713,P0020,2026-01-29,3,436.02,Organic
O007300,C0626,P0026,2026-01-29,2,43.74,Email
O007301,C0631,P0034,2026-01-29,3,161.73,Paid
O007302,C0623,P0040,2026-01-29,3,181.47,Referral
O007303,C0055,P0033,2026-01-29,1,35.18,Paid
O007304,C0351,P0038,2026-01-29,3,205.11,Organic
O007305,C0014,P0003,2026-01-30,3,1007.91,Organic
O007306,C0390,P0005,2026-01-30,3,198.96,Paid
O007307,C0051,P0010,2026-01-30,3,58.2,Email
O007308,C0245,P0009,2026-01-30,1,76.28,Organic
O007309,C0293,P0023,2026-01-30,3,437.97,Email
O007310,C0184,P0017,2026-01-30,3,369.84,Paid
O007311,C0113,P0017,2026-01-30,2,246.56,Organic
O007312,C0630,P0020,2026-01-30,1,145.34,Paid
O007313,C0141,P0017,2026-01-30,2,246.56,Organic
O007314,C0275,P0032,2026-01-30,1,39.62,Paid
O007315,C0251,P0030,2026-01-30,3,81.63,Paid
O007316,C0665,P0039,2026-01-30,2,221.02,Organic
O007317,C0288,P0005,2026-01-30,2,132.64,Organic
O007318,C0550,P0008,2026-01-30,1,189.39,Paid
O007319,C0194,P0012,2026-01-30,2,90.12,Paid
O007320,C0477,P0014,2026-01-30,1,54.5,Paid
O007321,C0177,P0021,2026-01-30,3,335.28,Referral
O007322,C0081,P0021,2026-01-30,2,223.52,Email
O007323,C0585,P0039,2026-01-30,3,331.53,Email
O007324,C0760,P0037,2026-01-30,1,64.18,Paid
O007325,C0047,P0004,2026-01-30,2,363.72,Email
O007326,C0086,P0015,2026-01-30,2,110.28,Organic
O007327,C0788,P0011,2026-01-30,3,136.29,Paid
O007328,C0258,P0010,2026-01-30,2,38.8,Organic
O007329,C0525,P0015,2026-01-30,1,55.14,Paid
O007330,C0383,P0021,2026-01-30,2,223.52,Paid
O007331,C0459,P0017,2026-01-30,3,369.84,Paid
O007332,C0078,P0021,2026-01-30,1,111.76,Organic
O007333,C0155,P0021,2026-01-30,1,111.76,Organic
O007334,C0296,P0028,2026-01-30,1,22.2,Referral
O007335,C0618,P0029,2026-01-30,2,48.9,Organic
O007336,C0591,P0031,2026-01-30,2,118.8,Organic
O007337,C0273,P0036,2026-01-30,2,47.46,Organic
O007338,C0691,P0040,2026-01-30,3,181.47,Organic
O007339,C0012,P0037,2026-01-30,2,128.36,Paid
O007340,C0083,P0034,2026-01-30,3,161.73,Paid
O007341,C0623,P0002,2026-01-30,3,801.18,Paid
O007342,C0514,P0008,2026-01-30,3,568.17,Paid
O007343,C0610,P0001,2026-01-30,1,40.3,Referral
O007344,C0197,P0005,2026-01-30,3,198.96,Paid
O007345,C0794,P0033,2026-01-30,1,35.18,Email
O007346,C0623,P0033,2026-01-30,1,35.18,Organic
O007347,C0131,P0040,2026-01-30,3,181.47,Referral
O007348,C0320,P0035,2026-01-30,2,120.8,Organic
O007349,C0756,P0001,2026-01-31,2,80.6,Organic
O007350,C0079,P0009,2026-01-31,2,152.56,Email
O007351,C0233,P0010,2026-01-31,1,19.4,Paid
O007352,C0463,P0012,2026-01-31,3,135.18,Email
O007353,C0121,P0023,2026-01-31,3,437.97,Organic
O007354,C0021,P0026,2026-01-31,1,21.87,Organic
O007355,C0679,P0040,2026-01-31,3,181.47,Organic
O007356,C0672,P0008,2026-01-31,1,189.39,Paid
O007357,C0489,P0007,2026-01-31,2,135.86,Organic
O007358,C0345,P0006,2026-01-31,1,87.54,Email
O007359,C0171,P0008,2026-01-31,3,568.17,Paid
O007360,C0312,P0008,2026-01-31,3,568.17,Organic
O007361,C0364,P0012,2026-01-31,3,135.18,Organic
O007362,C0265,P0012,2026-01-31,2,90.12,Organic
O007363,C0395,P0010,2026-01-31,3,58.2,Paid
O007364,C0218,P0021,2026-01-31,1,111.76,Paid
O007365,C0405,P0032,2026-01-31,1,39.62,Organic
O007366,C0081,P0035,2026-01-31,3,181.2,Organic
O007367,C0238,P0005,2026-01-31,3,198.96,Organic
O007368,C0732,P0004,2026-01-31,1,181.86,Paid
O007369,C0163,P0005,2026-01-31,1,66.32,Paid
O007370,C0211,P0005,2026-01-31,2,132.64,Email
O007371,C0157,P0015,2026-01-31,2,110.28,Organic
O007372,C0578,P0012,2026-01-31,1,45.06,Paid
O007373,C0772,P0013,2026-01-31,3,134.58,Organic
O007374,C0418,P0017,2026-01-31,3,369.84,Referral
O007375,C0138,P0018,2026-01-31,3,261.63,Paid
O007376,C0482,P0018,2026-01-31,2,174.42,Organic
O007377,C0785,P0020,2026-01-31,2,290.68,Paid
O007378,C0146,P0024,2026-01-31,2,190.34,Organic
O007379,C0437,P0030,2026-01-31,2,54.42,Referral
O007380,C0757,P0037,2026-01-31,1,64.18,Email
O007381,C0179,P0036,2026-01-31,2,47.46,Organic
O007382,C0499,P0003,2026-01-31,2,671.94,Paid
O007383,C0494,P0001,2026-01-31,1,40.3,Organic
O007384,C0466,P0004,2026-01-31,1,181.86,Organic
O007385,C0643,P0013,2026-01-31,1,44.86,Referral
O007386,C0320,P0014,2026-01-31,2,109.0,Organic
O007387,C0580,P0013,2026-01-31,1,44.86,Paid
O007388,C0185,P0013,2026-01-31,1,44.86,Referral
O007389,C0643,P0018,2026-01-31,2,174.42,Organic
O007390,C0455,P0021,2026-01-31,1,111.76,Paid
O007391,C0089,P0020,2026-01-31,3,436.02,Paid
O007392,C0625,P0020,2026-01-31,3,436.02,Paid
O007393,C0042,P0026,2026-01-31,3,65.61,Paid
O007394,C0794,P0032,2026-01-31,1,39.62,Referral
O007395,C0023,P0032,2026-01-31,3,118.86,Email
O007396,C0244,P0029,2026-01-31,2,48.9,Organic
O007397,C0794,P0040,2026-01-31,3,181.47,Organic
O007398,C0245,P0007,2026-02-01,3,203.79,Organic
O007399,C0001,P0003,2026-02-01,2,671.94,Email
O007400,C0576,P0004,2026-02-01,1,181.86,Organic
O007401,C0776,P0016,2026-02-01,3,90.9,Organic
O007402,C0275,P0015,2026-02-01,3,165.42,Organic
O007403,C0792,P0013,2026-02-01,3,134.58,Organic
O007404,C0638,P0021,2026-02-01,2,223.52,Organic
O007405,C0425,P0023,2026-02-01,3,437.97,Organic
O007406,C0630,P0027,2026-02-01,1,13.39,Referral
O007407,C0268,P0028,2026-02-01,2,44.4,Paid
O007408,C0175,P0031,2026-02-01,1,59.4,Referral
O007409,C0444,P0027,2026-02-01,1,13.39,Paid
O007410,C0303,P0036,2026-02-01,2,47.46,Paid
O007411,C0175,P0037,2026-02-01,2,128.36,Referral
O007412,C0129,P0039,2026-02-01,1,110.51,Referral
O007413,C0595,P0008,2026-02-01,1,189.39,Referral
O007414,C0356,P0003,2026-02-01,3,1007.91,Referral
O007415,C0719,P0006,2026-02-01,3,262.62,Organic
O007416,C0573,P0015,2026-02-01,3,165.42,Paid
O007417,C0678,P0024,2026-02-01,3,285.51,Organic
O007418,C0333,P0020,2026-02-01,3,436.02,Email
O007419,C0202,P0021,2026-02-01,2,223.52,Paid
O007420,C0080,P0018,2026-02-01,1,87.21,Email
O007421,C0521,P0020,2026-02-01,1,145.34,Organic
O007422,C0558,P0030,2026-02-01,1,27.21,Paid
O007423,C0337,P0031,2026-02-01,1,59.4,Organic
O007424,C0278,P0032,2026-02-01,1,39.62,Paid
O007425,C0041,P0034,2026-02-01,3,161.73,Organic
O007426,C0586,P0005,2026-02-01,3,198.96,Organic
O007427,C0609,P0002,2026-02-01,1,267.06,Organic
O007428,C0757,P0001,2026-02-01,3,120.9,Paid
O007429,C0412,P0001,2026-02-01,3,120.9,Organic
O007430,C0216,P0012,2026-02-01,2,90.12,Email
O007431,C0546,P0016,2026-02-01,3,90.9,Email
O007432,C0048,P0024,2026-02-01,3,285.51,Email
O007433,C0388,P0018,2026-02-01,2,174.42,Organic
O007434,C0135,P0020,2026-02-01,1,145.34,Organic
O007435,C0327,P0022,2026-02-01,3,123.57,Paid
O007436,C0291,P0026,2026-02-01,2,43.74,Organic
O007437,C0546,P0033,2026-02-01,3,105.54,Organic
O007438,C0069,P0036,2026-02-01,3,71.19,Paid
O007439,C0581,P0001,2026-02-01,1,40.3,Referral
O007440,C0725,P0010,2026-02-01,3,58.2,Paid
O007441,C0066,P0011,2026-02-01,1,45.43,Paid
O007442,C0178,P0012,2026-02-01,1,45.06,Paid
O007443,C0255,P0009,2026-02-01,1,76.28,Referral
O007444,C0232,P0014,2026-02-01,2,109.0,Organic
O007445,C0652,P0009,2026-02-01,3,228.84,Organic
O007446,C0028,P0012,2026-02-01,3,135.18,Paid
O007447,C0089,P0021,2026-02-01,1,111.76,Organic
O007448,C0580,P0029,2026-02-01,1,24.45,Referral
O007449,C0433,P0032,2026-02-01,1,39.62,Organic
O007450,C0658,P0026,2026-02-01,2,43.74,Organic
O007451,C0664,P0036,2026-02-01,3,71.19,Email
O007452,C0657,P0036,2026-02-01,1,23.73,Email
O007453,C0630,P0007,2026-02-02,1,67.93,Email
O007454,C0463,P0007,2026-02-02,3,203.79,Paid
O007455,C0323,P0011,2026-02-02,3,136.29,Organic
O007456,C0703,P0020,2026-02-02,2,290.68,Organic
O007457,C0189,P0024,2026-02-02,1,95.17,Organic
O007458,C0121,P0023,2026-02-02,2,291.98,Organic
O007459,C0599,P0018,2026-02-02,3,261.63,Organic
O007460,C0076,P0023,2026-02-02,3,437.97,Paid
O007461,C0665,P0035,2026-02-02,2,120.8,Email
O007462,C0402,P0039,2026-02-02,1,110.51,Paid
O007463,C0121,P0033,2026-02-02,2,70.36,Organic
O007464,C0709,P0033,2026-02-02,2,70.36,Organic
O007465,C0057,P0034,2026-02-02,2,107.82,Paid
O007466,C0457,P0003,2026-02-02,2,671.94,Organic
O007467,C0464,P0002,2026-02-02,3,801.18,Organic
O007468,C0595,P0004,2026-02-02,3,545.58,Paid
O007469,C0206,P0001,2026-02-02,2,80.6,Referral
O007470,C0065,P0001,2026-02-02,2,80.6,Paid
O007471,C0032,P0014,2026-02-02,2,109.0,Email
O007472,C0207,P0011,2026-02-02,1,45.43,Organic
O007473,C0400,P0013,2026-02-02,1,44.86,Organic
O007474,C0194,P0019,2026-02-02,1,65.77,Paid
O007475,C0672,P0020,2026-02-02,2,290.68,Organic
O007476,C0206,P0023,2026-02-02,3,437.97,Organic
O007477,C0153,P0029,2026-02-02,3,73.35,Paid
O007478,C0039,P0037,2026-02-02,3,192.54,Paid
O007479,C0696,P0036,2026-02-02,2,47.46,Organic
O007480,C0511,P0040,2026-02-02,1,60.49,Organic
O007481,C0099,P0039,2026-02-02,3,331.53,Paid
O007482,C0258,P0007,2026-02-02,2,135.86,Paid
O007483,C0586,P0005,2026-02-02,3,198.96,Organic
O007484,C0247,P0009,2026-02-02,2,152.56,Paid
O007485,C0225,P0009,2026-02-02,1,76.28,Paid
O007486,C0094,P0017,2026-02-02,1,123.28,Paid
O007487,C0656,P0017,2026-02-02,3,369.84,Referral
O007488,C0396,P0021,2026-02-02,2,223.52,Organic
O007489,C0570,P0020,2026-02-02,1,145.34,Organic
O007490,C0497,P0021,2026-02-02,2,223.52,Paid
O007491,C0083,P0032,2026-02-02,3,118.86,Email
O007492,C0582,P0025,2026-02-02,3,81.03,Organic
O007493,C0768,P0030,2026-02-02,1,27.21,Paid
O007494,C0588,P0025,2026-02-02,3,81.03,Organic
O007495,C0435,P0028,2026-02-02,1,22.2,Paid
O007496,C0693,P0037,2026-02-02,2,128.36,Organic
O007497,C0396,P0033,2026-02-02,1,35.18,Organic
O007498,C0246,P0021,2026-02-02,3,335.28,Organic
O007499,C0581,P0018,2026-02-02,3,261.63,Referral
O007500,C0623,P0018,2026-02-02,2,174.42,Organic
O007501,C0610,P0024,2026-02-02,2,190.34,Paid
O007502,C0729,P0029,2026-02-02,1,24.45,Organic
O007503,C0244,P0030,2026-02-02,1,27.21,Email
O007504,C0682,P0040,2026-02-02,2,120.98,Organic
O007505,C0249,P0004,2026-02-03,2,363.72,Organic
O007506,C0382,P0009,2026-02-03,2,152.56,Referral
O007507,C0769,P0024,2026-02-03,1,95.17,Paid
O007508,C0666,P0019,2026-02-03,1,65.77,Organic
O007509,C0017,P0023,2026-02-03,3,437.97,Paid
O007510,C0638,P0018,2026-02-03,2,174.42,Paid
O007511,C0502,P0030,2026-02-03,3,81.63,Organic
O007512,C0378,P0028,2026-02-03,3,66.6,Organic
O007513,C0662,P0028,2026-02-03,3,66.6,Organic
O007514,C0718,P0025,2026-02-03,1,27.01,Paid
O007515,C0268,P0037,2026-02-03,1,64.18,Organic
O007516,C0796,P0037,2026-02-03,1,64.18,Organic
O007517,C0637,P0038,2026-02-03,2,136.74,Paid
O007518,C0141,P0038,2026-02-03,2,136.74,Organic
O007519,C0067,P0034,2026-02-03,3,161.73,Paid
O007520,C0498,P0039,2026-02-03,3,331.53,Organic
O007521,C0565,P0038,2026-02-03,1,68.37,Referral
O007522,C0678,P0008,2026-02-03,1,189.39,Organic
O007523,C0080,P0023,2026-02-03,3,437.97,Organic
O007524,C0153,P0027,2026-02-03,3,40.17,Organic
O007525,C0428,P0028,2026-02-03,1,22.2,Paid
O007526,C0219,P0029,2026-02-03,3,73.35,Organic
O007527,C0762,P0031,2026-02-03,3,178.2,Paid
O007528,C0219,P0039,2026-02-03,3,331.53,Organic
O007529,C0154,P0039,2026-02-03,3,331.53,Paid
O007530,C0168,P0004,2026-02-03,1,181.86,Paid
O007531,C0435,P0007,2026-02-03,3,203.79,Paid
O007532,C0482,P0014,2026-02-03,1,54.5,Paid
O007533,C0788,P0015,2026-02-03,2,110.28,Organic
O007534,C0411,P0015,2026-02-03,3,165.42,Paid
O007535,C0412,P0019,2026-02-03,3,197.31,Email
O007536,C0579,P0018,2026-02-03,3,261.63,Organic
O007537,C0238,P0023,2026-02-03,1,145.99,Referral
O007538,C0155,P0027,2026-02-03,1,13.39,Organic
O007539,C0482,P0031,2026-02-03,1,59.4,Referral
O007540,C0237,P0025,2026-02-03,2,54.02,Organic
O007541,C0742,P0025,2026-02-03,1,27.01,Email
O007542,C0749,P0033,2026-02-03,2,70.36,Organic
O007543,C0786,P0034,2026-02-03,3,161.73,Email
O007544,C0421,P0040,2026-02-03,2,120.98,Paid
O007545,C0701,P0002,2026-02-03,3,801.18,Paid
O007546,C0276,P0014,2026-02-03,3,163.5,Paid
O007547,C0068,P0009,2026-02-03,3,228.84,Paid
O007548,C0730,P0022,2026-02-03,1,41.19,Organic
O007549,C0283,P0022,2026-02-03,2,82.38,Email
O007550,C0620,P0022,2026-02-03,1,41.19,Organic
O007551,C0075,P0022,2026-02-03,2,82.38,Paid
O007552,C0134,P0032,2026-02-03,2,79.24,Organic
O007553,C0720,P0030,2026-02-03,2,54.42,Paid
O007554,C0458,P0039,2026-02-03,3,331.53,Organic
O007555,C0538,P0001,2026-02-04,1,40.3,Paid
O007556,C0557,P0004,2026-02-04,3,545.58,Organic
O007557,C0297,P0005,2026-02-04,1,66.32,Paid
O007558,C0515,P0008,2026-02-04,1,189.39,Paid
O007559,C0212,P0016,2026-02-04,1,30.3,Organic
O007560,C0453,P0015,2026-02-04,1,55.14,Referral
O007561,C0240,P0024,2026-02-04,1,95.17,Organic
O007562,C0453,P0020,2026-02-04,1,145.34,Organic
O007563,C0057,P0018,2026-02-04,2,174.42,Paid
O007564,C0263,P0031,2026-02-04,1,59.4,Referral
O007565,C0272,P0003,2026-02-04,3,1007.91,Organic
O007566,C0192,P0007,2026-02-04,3,203.79,Organic
O007567,C0264,P0005,2026-02-04,2,132.64,Paid
O007568,C0688,P0012,2026-02-04,2,90.12,Organic
O007569,C0103,P0026,2026-02-04,2,43.74,Paid
O007570,C0529,P0032,2026-02-04,3,118.86,Email
O007571,C0477,P0035,2026-02-04,3,181.2,Organic
O007572,C0696,P0034,2026-02-04,1,53.91,Referral
O007573,C0322,P0033,2026-02-04,1,35.18,Referral
O007574,C0513,P0005,2026-02-04,2,132.64,Organic
O007575,C0589,P0001,2026-02-04,1,40.3,Organic
O007576,C0097,P0011,2026-02-04,1,45.43,Paid
O007577,C0508,P0009,2026-02-04,2,152.56,Organic
O007578,C0435,P0020,2026-02-04,1,145.34,Organic
O007579,C0575,P0031,2026-02-04,1,59.4,Email
O007580,C0663,P0027,2026-02-04,3,40.17,Organic
O007581,C0267,P0025,2026-02-04,3,81.03,Organic
O007582,C0644,P0039,2026-02-04,3,331.53,Paid
O007583,C0610,P0002,2026-02-04,2,534.12,Email
O007584,C0223,P0001,2026-02-04,2,80.6,Organic
O007585,C0116,P0008,2026-02-04,3,568.17,Organic
O007586,C0246,P0013,2026-02-04,2,89.72,Email
O007587,C0794,P0009,2026-02-04,1,76.28,Organic
O007588,C0285,P0022,2026-02-04,3,123.57,Organic
O007589,C0325,P0032,2026-02-04,3,118.86,Paid
O007590,C0701,P0031,2026-02-04,2,118.8,Organic
O007591,C0571,P0032,2026-02-04,2,79.24,Referral
O007592,C0710,P0027,2026-02-04,3,40.17,Organic
O007593,C0479,P0037,2026-02-04,2,128.36,Paid
O007594,C0679,P0008,2026-02-05,1,189.39,Email
O007595,C0263,P0005,2026-02-05,1,66.32,Organic
O007596,C0294,P0014,2026-02-05,1,54.5,Organic
O007597,C0375,P0019,2026-02-05,1,65.77,Organic
O007598,C0403,P0024,2026-02-05,3,285.51,Organic
O007599,C0655,P0028,2026-02-05,2,44.4,Organic
O007600,C0143,P0031,2026-02-05,2,118.8,Paid
O007601,C0777,P0027,2026-02-05,1,13.39,Email
O007602,C0498,P0026,2026-02-05,2,43.74,Referral
O007603,C0697,P0028,2026-02-05,1,22.2,Email
O007604,C0461,P0008,2026-02-05,3,568.17,Paid
O007605,C0081,P0019,2026-02-05,3,197.31,Organic
O007606,C0026,P0029,2026-02-05,2,48.9,Paid
O007607,C0132,P0033,2026-02-05,1,35.18,Referral
O007608,C0514,P0001,2026-02-05,2,80.6,Organic
O007609,C0324,P0002,2026-02-05,1,267.06,Referral
O007610,C0366,P0007,2026-02-05,3,203.79,Organic
O007611,C0710,P0016,2026-02-05,2,60.6,Paid
O007612,C0604,P0014,2026-02-05,2,109.0,Referral
O007613,C0750,P0010,2026-02-05,1,19.4,Organic
O007614,C0564,P0020,2026-02-05,3,436.02,Organic
O007615,C0351,P0020,2026-02-05,3,436.02,Email
O007616,C0276,P0036,2026-02-05,2,47.46,Organic
O007617,C0679,P0003,2026-02-06,2,671.94,Referral
O007618,C0003,P0005,2026-02-06,1,66.32,Organic
O007619,C0275,P0002,2026-02-06,1,267.06,Paid
O007620,C0248,P0006,2026-02-06,2,175.08,Organic
O007621,C0365,P0006,2026-02-06,3,262.62,Paid
O007622,C0004,P0013,2026-02-06,3,134.58,Paid
O007623,C0572,P0018,2026-02-06,2,174.42,Organic
O007624,C0792,P0024,2026-02-06,1,95.17,Organic
O007625,C0562,P0022,2026-02-06,2,82.38,Paid
O007626,C0776,P0025,2026-02-06,2,54.02,Paid
O007627,C0537,P0026,2026-02-06,1,21.87,Referral
O007628,C0240,P0031,2026-02-06,3,178.2,Paid
O007629,C0776,P0029,2026-02-06,3,73.35,Organic
O007630,C0549,P0035,2026-02-06,1,60.4,Organic
O007631,C0241,P0040,2026-02-06,1,60.49,Organic
O007632,C0330,P0033,2026-02-06,3,105.54,Organic
O007633,C0502,P0040,2026-02-06,1,60.49,Email
O007634,C0136,P0037,2026-02-06,1,64.18,Organic
O007635,C0358,P0034,2026-02-06,2,107.82,Organic
O007636,C0408,P0008,2026-02-06,1,189.39,Organic
O007637,C0733,P0013,2026-02-06,1,44.86,Paid
O007638,C0350,P0009,2026-02-06,3,228.84,Organic
O007639,C0286,P0017,2026-02-06,3,369.84,Paid
O007640,C0065,P0018,2026-02-06,1,87.21,Organic
O007641,C0080,P0021,2026-02-06,2,223.52,Email
O007642,C0448,P0017,2026-02-06,2,246.56,Email
O007643,C0024,P0018,2026-02-06,3,261.63,Paid
O007644,C0518,P0030,2026-02-06,3,81.63,Referral
O007645,C0329,P0025,2026-02-06,1,27.01,Paid
O007646,C0441,P0033,2026-02-06,2,70.36,Organic
O007647,C0150,P0033,2026-02-06,2,70.36,Email
O007648,C0768,P0008,2026-02-06,1,189.39,Paid
O007649,C0073,P0002,2026-02-06,3,801.18,Email
O007650,C0078,P0019,2026-02-06,3,197.31,Organic
O007651,C0435,P0025,2026-02-06,2,54.02,Paid
O007652,C0284,P0036,2026-02-06,3,71.19,Organic
O007653,C0047,P0033,2026-02-06,1,35.18,Organic
O007654,C0028,P0008,2026-02-06,3,568.17,Email
O007655,C0710,P0008,2026-02-06,1,189.39,Organic
O007656,C0172,P0002,2026-02-06,3,801.18,Email
O007657,C0276,P0007,2026-02-06,2,135.86,Organic
O007658,C0713,P0002,2026-02-06,3,801.18,Paid
O007659,C0338,P0012,2026-02-06,2,90.12,Organic
O007660,C0714,P0012,2026-02-06,1,45.06,Email
O007661,C0336,P0022,2026-02-06,3,123.57,Organic
O007662,C0652,P0021,2026-02-06,2,223.52,Organic
O007663,C0379,P0031,2026-02-06,1,59.4,Organic
O007664,C0316,P0033,2026-02-06,3,105.54,Organic
O007665,C0534,P0003,2026-02-07,2,671.94,Email
O007666,C0021,P0008,2026-02-07,3,568.17,Organic
O007667,C0161,P0006,2026-02-07,3,262.62,Organic
O007668,C0051,P0007,2026-02-07,1,67.93,Organic
O007669,C0151,P0006,2026-02-07,1,87.54,Organic
O007670,C0141,P0001,2026-02-07,2,80.6,Paid
O007671,C0087,P0009,2026-02-07,1,76.28,Paid
O007672,C0184,P0010,2026-02-07,3,58.2,Paid
O007673,C0471,P0024,2026-02-07,1,95.17,Paid
O007674,C0715,P0020,2026-02-07,1,145.34,Organic
O007675,C0045,P0028,2026-02-07,1,22.2,Organic
O007676,C0443,P0026,2026-02-07,1,21.87,Organic
O007677,C0520,P0030,2026-02-07,1,27.21,Organic
O007678,C0184,P0030,2026-02-07,2,54.42,Referral
O007679,C0488,P0029,2026-02-07,3,73.35,Organic
O007680,C0248,P0028,2026-02-07,2,44.4,Organic
O007681,C0679,P0038,2026-02-07,3,205.11,Paid
O007682,C0621,P0004,2026-02-07,1,181.86,Organic
O007683,C0686,P0007,2026-02-07,1,67.93,Paid
O007684,C0417,P0001,2026-02-07,1,40.3,Paid
O007685,C0702,P0012,2026-02-07,3,135.18,Organic
O007686,C0272,P0015,2026-02-07,2,110.28,Email
O007687,C0339,P0014,2026-02-07,1,54.5,Organic
O007688,C0026,P0016,2026-02-07,3,90.9,Organic
O007689,C0760,P0018,2026-02-07,1,87.21,Paid
O007690,C0683,P0020,2026-02-07,1,145.34,Organic
O007691,C0219,P0022,2026-02-07,1,41.19,Organic
O007692,C0739,P0019,2026-02-07,3,197.31,Referral
O007693,C0206,P0032,2026-02-07,3,118.86,Paid
O007694,C0171,P0031,2026-02-07,3,178.2,Paid
O007695,C0038,P0028,2026-02-07,3,66.6,Referral
O007696,C0041,P0026,2026-02-07,3,65.61,Paid
O007697,C0105,P0026,2026-02-07,2,43.74,Referral
O007698,C0183,P0030,2026-02-07,3,81.63,Paid
O007699,C0341,P0027,2026-02-07,1,13.39,Organic
O007700,C0341,P0032,2026-02-07,3,118.86,Paid
O007701,C0202,P0034,2026-02-07,2,107.82,Email
O007702,C0414,P0039,2026-02-07,3,331.53,Organic
O007703,C0090,P0038,2026-02-07,3,205.11,Paid
O007704,C0242,P0040,2026-02-07,1,60.49,Organic
O007705,C0183,P0034,2026-02-07,1,53.91,Organic
O007706,C0272,P0034,2026-02-07,1,53.91,Paid
O007707,C0340,P0037,2026-02-07,3,192.54,Email
O007708,C0078,P0002,2026-02-07,2,534.12,Paid
O007709,C0421,P0003,2026-02-07,3,1007.91,Paid
O007710,C0800,P0004,2026-02-07,2,363.72,Organic
O007711,C0342,P0002,2026-02-07,3,801.18,Referral
O007712,C0629,P0007,2026-02-07,3,203.79,Referral
O007713,C0588,P0005,2026-02-07,3,198.96,Paid
O007714,C0012,P0009,2026-02-07,3,228.84,Organic
O007715,C0421,P0012,2026-02-07,3,135.18,Email
O007716,C0373,P0010,2026-02-07,2,38.8,Email
O007717,C0786,P0019,2026-02-07,3,197.31,Paid
O007718,C0227,P0023,2026-02-07,3,437.97,Organic
O007719,C0146,P0019,2026-02-07,1,65.77,Organic
O007720,C0123,P0024,2026-02-07,2,190.34,Referral
O007721,C0513,P0031,2026-02-07,2,118.8,Email
O007722,C0785,P0030,2026-02-07,2,54.42,Organic
O007723,C0774,P0031,2026-02-07,1,59.4,Paid
O007724,C0009,P0032,2026-02-07,3,118.86,Organic
O007725,C0238,P0032,2026-02-07,2,79.24,Paid
O007726,C0432,P0026,2026-02-07,1,21.87,Paid
O007727,C0635,P0026,2026-02-07,1,21.87,Email
O007728,C0742,P0035,2026-02-07,1,60.4,Paid
O007729,C0247,P0035,2026-02-07,3,181.2,Paid
O007730,C0482,P0036,2026-02-07,3,71.19,Organic
O007731,C0623,P0003,2026-02-07,2,671.94,Organic
O007732,C0551,P0013,2026-02-07,3,134.58,Referral
O007733,C0664,P0021,2026-02-07,2,223.52,Paid
O007734,C0514,P0021,2026-02-07,3,335.28,Paid
O007735,C0758,P0021,2026-02-07,2,223.52,Organic
O007736,C0625,P0029,2026-02-07,2,48.9,Paid
O007737,C0359,P0033,2026-02-07,2,70.36,Organic
O007738,C0210,P0034,2026-02-07,2,107.82,Referral
O007739,C0178,P0035,2026-02-07,1,60.4,Paid
O007740,C0504,P0007,2026-02-08,2,135.86,Organic
O007741,C0687,P0011,2026-02-08,2,90.86,Organic
O007742,C0502,P0024,2026-02-08,1,95.17,Organic
O007743,C0638,P0025,2026-02-08,3,81.03,Paid
O007744,C0245,P0029,2026-02-08,2,48.9,Paid
O007745,C0335,P0028,2026-02-08,3,66.6,Organic
O007746,C0271,P0036,2026-02-08,2,47.46,Organic
O007747,C0562,P0039,2026-02-08,1,110.51,Paid
O007748,C0599,P0034,2026-02-08,2,107.82,Referral
O007749,C0340,P0006,2026-02-08,1,87.54,Referral
O007750,C0640,P0004,2026-02-08,1,181.86,Organic
O007751,C0158,P0011,2026-02-08,3,136.29,Paid
O007752,C0105,P0009,2026-02-08,3,228.84,Organic
O007753,C0345,P0014,2026-02-08,1,54.5,Referral
O007754,C0339,P0015,2026-02-08,3,165.42,Organic
O007755,C0171,P0016,2026-02-08,3,90.9,Paid
O007756,C0585,P0020,2026-02-08,2,290.68,Email
O007757,C0407,P0028,2026-02-08,2,44.4,Organic
O007758,C0126,P0030,2026-02-08,3,81.63,Paid
O007759,C0082,P0031,2026-02-08,2,118.8,Email
O007760,C0339,P0035,2026-02-08,3,181.2,Paid
O007761,C0309,P0039,2026-02-08,1,110.51,Paid
O007762,C0188,P0039,2026-02-08,2,221.02,Paid
O007763,C0369,P0034,2026-02-08,2,107.82,Email
O007764,C0218,P0038,2026-02-08,3,205.11,Organic
O007765,C0250,P0012,2026-02-08,2,90.12,Organic
O007766,C0281,P0009,2026-02-08,3,228.84,Paid
O007767,C0292,P0022,2026-02-08,1,41.19,Paid
O007768,C0767,P0021,2026-02-08,2,223.52,Organic
O007769,C0261,P0019,2026-02-08,3,197.31,Email
O007770,C0785,P0018,2026-02-08,1,87.21,Email
O007771,C0611,P0025,2026-02-08,3,81.03,Organic
O007772,C0412,P0026,2026-02-08,3,65.61,Organic
O007773,C0083,P0031,2026-02-08,2,118.8,Paid
O007774,C0270,P0039,2026-02-08,2,221.02,Organic
O007775,C0389,P0036,2026-02-08,3,71.19,Organic
O007776,C0310,P0034,2026-02-08,2,107.82,Referral
O007777,C0483,P0034,2026-02-08,3,161.73,Paid
O007778,C0073,P0040,2026-02-08,3,181.47,Organic
O007779,C0379,P0008,2026-02-08,3,568.17,Organic
O007780,C0147,P0008,2026-02-08,1,189.39,Organic
O007781,C0717,P0012,2026-02-08,3,135.18,Paid
O007782,C0541,P0014,2026-02-08,1,54.5,Paid
O007783,C0675,P0022,2026-02-08,2,82.38,Paid
O007784,C0499,P0022,2026-02-08,2,82.38,Paid
O007785,C0730,P0020,2026-02-08,3,436.02,Organic
O007786,C0791,P0022,2026-02-08,1,41.19,Paid
O007787,C0657,P0025,2026-02-08,2,54.02,Organic
O007788,C0701,P0032,2026-02-08,1,39.62,Organic
O007789,C0351,P0025,2026-02-08,2,54.02,Organic
O007790,C0191,P0034,2026-02-08,2,107.82,Email
O007791,C0088,P0037,2026-02-08,1,64.18,Organic
O007792,C0650,P0040,2026-02-08,3,181.47,Email
O007793,C0701,P0040,2026-02-08,3,181.47,Paid
O007794,C0528,P0034,2026-02-08,1,53.91,Organic
O007795,C0796,P0006,2026-02-09,2,175.08,Organic
O007796,C0679,P0012,2026-02-09,2,90.12,Referral
O007797,C0711,P0023,2026-02-09,2,291.98,Organic
O007798,C0362,P0029,2026-02-09,1,24.45,Organic
O007799,C0444,P0031,2026-02-09,2,118.8,Email
O007800,C0003,P0026,2026-02-09,1,21.87,Paid
O007801,C0141,P0036,2026-02-09,1,23.73,Paid
O007802,C0697,P0035,2026-02-09,2,120.8,Paid
O007803,C0469,P0034,2026-02-09,1,53.91,Organic
O007804,C0192,P0004,2026-02-09,2,363.72,Paid
O007805,C0739,P0005,2026-02-09,2,132.64,Organic
O007806,C0103,P0002,2026-02-09,1,267.06,Referral
O007807,C0438,P0004,2026-02-09,3,545.58,Organic
O007808,C0457,P0013,2026-02-09,2,89.72,Paid
O007809,C0461,P0016,2026-02-09,2,60.6,Email
O007810,C0694,P0009,2026-02-09,1,76.28,Paid
O007811,C0126,P0019,2026-02-09,1,65.77,Paid
O007812,C0550,P0018,2026-02-09,2,174.42,Organic
O007813,C0739,P0022,2026-02-09,2,82.38,Referral
O007814,C0132,P0023,2026-02-09,3,437.97,Referral
O007815,C0356,P0017,2026-02-09,2,246.56,Organic
O007816,C0457,P0028,2026-02-09,1,22.2,Email
O007817,C0364,P0026,2026-02-09,3,65.61,Email
O007818,C0694,P0038,2026-02-09,3,205.11,Organic
O007819,C0570,P0006,2026-02-09,3,262.62,Paid
O007820,C0454,P0009,2026-02-09,2,152.56,Organic
O007821,C0531,P0021,2026-02-09,3,335.28,Paid
O007822,C0209,P0021,2026-02-09,3,335.28,Organic
O007823,C0432,P0021,2026-02-09,1,111.76,Organic
O007824,C0097,P0019,2026-02-09,3,197.31,Organic
O007825,C0094,P0030,2026-02-09,3,81.63,Organic
O007826,C0094,P0026,2026-02-09,2,43.74,Email
O007827,C0204,P0032,2026-02-09,2,79.24,Referral
O007828,C0306,P0029,2026-02-09,3,73.35,Organic
O007829,C0211,P0038,2026-02-09,3,205.11,Referral
O007830,C0165,P0036,2026-02-09,3,71.19,Email
O007831,C0237,P0040,2026-02-09,3,181.47,Organic
O007832,C0421,P0035,2026-02-09,1,60.4,Referral
O007833,C0224,P0006,2026-02-09,2,175.08,Organic
O007834,C0713,P0004,2026-02-09,2,363.72,Organic
O007835,C0657,P0008,2026-02-09,1,189.39,Email
O007836,C0131,P0011,2026-02-09,3,136.29,Paid
O007837,C0701,P0024,2026-02-09,1,95.17,Organic
O007838,C0731,P0030,2026-02-09,2,54.42,Email
O007839,C0564,P0032,2026-02-09,1,39.62,Organic
O007840,C0561,P0027,2026-02-09,2,26.78,Organic
O007841,C0731,P0026,2026-02-09,3,65.61,Organic
O007842,C0530,P0038,2026-02-09,3,205.11,Organic
O007843,C0504,P0013,2026-02-10,1,44.86,Organic
O007844,C0565,P0014,2026-02-10,3,163.5,Organic
O007845,C0565,P0022,2026-02-10,1,41.19,Paid
O007846,C0793,P0031,2026-02-10,1,59.4,Paid
O007847,C0189,P0025,2026-02-10,3,81.03,Organic
O007848,C0703,P0032,2026-02-10,1,39.62,Paid
O007849,C0245,P0028,2026-02-10,1,22.2,Organic
O007850,C0208,P0026,2026-02-10,3,65.61,Organic
O007851,C0449,P0037,2026-02-10,1,64.18,Referral
O007852,C0001,P0035,2026-02-10,1,60.4,Organic
O007853,C0728,P0007,2026-02-10,2,135.86,Organic
O007854,C0064,P0009,2026-02-10,3,228.84,Organic
O007855,C0550,P0009,2026-02-10,3,228.84,Referral
O007856,C0747,P0014,2026-02-10,1,54.5,Referral
O007857,C0077,P0019,2026-02-10,1,65.77,Organic
O007858,C0719,P0018,2026-02-10,1,87.21,Organic
O007859,C0616,P0017,2026-02-10,3,369.84,Referral
O007860,C0648,P0024,2026-02-10,2,190.34,Organic
O007861,C0533,P0023,2026-02-10,2,291.98,Email
O007862,C0784,P0022,2026-02-10,1,41.19,Referral
O007863,C0144,P0026,2026-02-10,1,21.87,Organic
O007864,C0234,P0030,2026-02-10,2,54.42,Organic
O007865,C0265,P0035,2026-02-10,2,120.8,Referral
O007866,C0016,P0033,2026-02-10,2,70.36,Organic
O007867,C0468,P0040,2026-02-10,2,120.98,Organic
O007868,C0635,P0003,2026-02-10,2,671.94,Paid
O007869,C0483,P0011,2026-02-10,2,90.86,Organic
O007870,C0332,P0032,2026-02-10,3,118.86,Organic
O007871,C0644,P0028,2026-02-10,2,44.4,Email
O007872,C0508,P0027,2026-02-10,2,26.78,Paid
O007873,C0748,P0029,2026-02-10,3,73.35,Paid
O007874,C0629,P0036,2026-02-10,2,47.46,Referral
O007875,C0586,P0034,2026-02-10,2,107.82,Organic
O007876,C0261,P0036,2026-02-10,2,47.46,Paid
O007877,C0456,P0038,2026-02-10,3,205.11,Organic
O007878,C0193,P0001,2026-02-10,3,120.9,Organic
O007879,C0070,P0004,2026-02-10,1,181.86,Organic
O007880,C0631,P0002,2026-02-10,1,267.06,Paid
O007881,C0075,P0008,2026-02-10,2,378.78,Paid
O007882,C0338,P0002,2026-02-10,1,267.06,Referral
O007883,C0505,P0010,2026-02-10,1,19.4,Paid
O007884,C0664,P0022,2026-02-10,1,41.19,Organic
O007885,C0620,P0021,2026-02-10,2,223.52,Referral
O007886,C0791,P0020,2026-02-10,1,145.34,Paid
O007887,C0499,P0023,2026-02-10,1,145.99,Referral
O007888,C0661,P0021,2026-02-10,3,335.28,Paid
O007889,C0232,P0031,2026-02-10,1,59.4,Email
O007890,C0650,P0034,2026-02-10,2,107.82,Paid
O007891,C0496,P0033,2026-02-10,2,70.36,Organic
O007892,C0610,P0040,2026-02-10,2,120.98,Paid
O007893,C0443,P0001,2026-02-11,1,40.3,Organic
O007894,C0415,P0005,2026-02-11,3,198.96,Organic
O007895,C0716,P0015,2026-02-11,2,110.28,Paid
O007896,C0061,P0010,2026-02-11,2,38.8,Organic
O007897,C0515,P0016,2026-02-11,2,60.6,Paid
O007898,C0362,P0022,2026-02-11,1,41.19,Organic
O007899,C0003,P0017,2026-02-11,2,246.56,Paid
O007900,C0756,P0021,2026-02-11,1,111.76,Organic
O007901,C0303,P0022,2026-02-11,1,41.19,Organic
O007902,C0471,P0025,2026-02-11,2,54.02,Organic
O007903,C0293,P0036,2026-02-11,1,23.73,Email
O007904,C0443,P0039,2026-02-11,1,110.51,Referral
O007905,C0769,P0037,2026-02-11,3,192.54,Organic
O007906,C0321,P0036,2026-02-11,1,23.73,Paid
O007907,C0390,P0034,2026-02-11,3,161.73,Email
O007908,C0649,P0036,2026-02-11,3,71.19,Paid
O007909,C0403,P0039,2026-02-11,3,331.53,Organic
O007910,C0735,P0008,2026-02-11,1,189.39,Paid
O007911,C0477,P0015,2026-02-11,2,110.28,Email
O007912,C0688,P0018,2026-02-11,2,174.42,Referral
O007913,C0728,P0027,2026-02-11,1,13.39,Organic
O007914,C0728,P0032,2026-02-11,3,118.86,Referral
O007915,C0509,P0030,2026-02-11,3,81.63,Organic
O007916,C0206,P0032,2026-02-11,2,79.24,Email
O007917,C0158,P0026,2026-02-11,1,21.87,Organic
O007918,C0430,P0040,2026-02-11,2,120.98,Organic
O007919,C0218,P0035,2026-02-11,2,120.8,Organic
O007920,C0179,P0004,2026-02-11,3,545.58,Paid
O007921,C0481,P0001,2026-02-11,2,80.6,Referral
O007922,C0642,P0013,2026-02-11,3,134.58,Organic
O007923,C0225,P0015,2026-02-11,2,110.28,Referral
O007924,C0493,P0022,2026-02-11,1,41.19,Organic
O007925,C0591,P0022,2026-02-11,3,123.57,Organic
O007926,C0546,P0036,2026-02-11,1,23.73,Organic
O007927,C0352,P0033,2026-02-11,3,105.54,Paid
O007928,C0588,P0040,2026-02-11,2,120.98,Paid
O007929,C0571,P0001,2026-02-11,1,40.3,Paid
O007930,C0174,P0003,2026-02-11,1,335.97,Paid
O007931,C0028,P0010,2026-02-11,3,58.2,Organic
O007932,C0650,P0012,2026-02-11,2,90.12,Paid
O007933,C0580,P0022,2026-02-11,3,123.57,Organic
O007934,C0780,P0017,2026-02-11,2,246.56,Paid
O007935,C0713,P0030,2026-02-11,2,54.42,Email
O007936,C0433,P0034,2026-02-11,2,107.82,Organic
O007937,C0791,P0033,2026-02-11,1,35.18,Paid
O007938,C0583,P0007,2026-02-12,1,67.93,Organic
O007939,C0307,P0004,2026-02-12,1,181.86,Email
O007940,C0425,P0008,2026-02-12,2,378.78,Organic
O007941,C0321,P0014,2026-02-12,2,109.0,Referral
O007942,C0371,P0011,2026-02-12,3,136.29,Paid
O007943,C0679,P0023,2026-02-12,1,145.99,Paid
O007944,C0365,P0018,2026-02-12,3,261.63,Organic
O007945,C0403,P0026,2026-02-12,1,21.87,Email
O007946,C0330,P0026,2026-02-12,3,65.61,Paid
O007947,C0549,P0033,2026-02-12,3,105.54,Organic
O007948,C0743,P0039,2026-02-12,2,221.02,Organic
O007949,C0735,P0007,2026-02-12,2,135.86,Email
O007950,C0760,P0005,2026-02-12,1,66.32,Referral
O007951,C0170,P0006,2026-02-12,2,175.08,Paid
O007952,C0423,P0010,2026-02-12,2,38.8,Organic
O007953,C0166,P0012,2026-02-12,3,135.18,Organic
O007954,C0333,P0022,2026-02-12,1,41.19,Organic
O007955,C0747,P0020,2026-02-12,2,290.68,Referral
O007956,C0369,P0020,2026-02-12,1,145.34,Organic
O007957,C0084,P0031,2026-02-12,3,178.2,Email
O007958,C0461,P0025,2026-02-12,3,81.03,Organic
O007959,C0405,P0025,2026-02-12,3,81.03,Organic
O007960,C0188,P0031,2026-02-12,3,178.2,Paid
O007961,C0329,P0036,2026-02-12,3,71.19,Paid
O007962,C0475,P0040,2026-02-12,2,120.98,Email
O007963,C0192,P0040,2026-02-12,3,181.47,Organic
O007964,C0216,P0003,2026-02-12,1,335.97,Email
O007965,C0292,P0008,2026-02-12,3,568.17,Paid
O007966,C0450,P0011,2026-02-12,3,136.29,Organic
O007967,C0772,P0012,2026-02-12,1,45.06,Email
O007968,C0318,P0022,2026-02-12,1,41.19,Organic
O007969,C0168,P0018,2026-02-12,1,87.21,Paid
O007970,C0354,P0022,2026-02-12,1,41.19,Email
O007971,C0456,P0023,2026-02-12,2,291.98,Email
O007972,C0163,P0037,2026-02-12,3,192.54,Organic
O007973,C0388,P0036,2026-02-12,2,47.46,Paid
O007974,C0758,P0014,2026-02-12,1,54.5,Paid
O007975,C0614,P0016,2026-02-12,2,60.6,Organic
O007976,C0089,P0014,2026-02-12,3,163.5,Email
O007977,C0473,P0020,2026-02-12,3,436.02,Organic
O007978,C0458,P0021,2026-02-12,1,111.76,Organic
O007979,C0191,P0034,2026-02-12,3,161.73,Paid
O007980,C0596,P0006,2026-02-13,1,87.54,Organic
O007981,C0630,P0002,2026-02-13,1,267.06,Organic
O007982,C0565,P0006,2026-02-13,1,87.54,Paid
O007983,C0715,P0007,2026-02-13,3,203.79,Paid
O007984,C0549,P0016,2026-02-13,1,30.3,Organic
O007985,C0348,P0015,2026-02-13,1,55.14,Organic
O007986,C0375,P0020,2026-02-13,1,145.34,Referral
O007987,C0235,P0019,2026-02-13,1,65.77,Organic
O007988,C0330,P0019,2026-02-13,3,197.31,Paid
O007989,C0249,P0022,2026-02-13,2,82.38,Organic
O007990,C0557,P0018,2026-02-13,3,261.63,Email
O007991,C0268,P0028,2026-02-13,3,66.6,Paid
O007992,C0700,P0025,2026-02-13,3,81.03,Email
O007993,C0386,P0032,2026-02-13,3,118.86,Referral
O007994,C0716,P0032,2026-02-13,3,118.86,Paid
O007995,C0700,P0025,2026-02-13,2,54.02,Organic
O007996,C0189,P0026,2026-02-13,1,21.87,Email
O007997,C0245,P0037,2026-02-13,2,128.36,Organic
O007998,C0126,P0010,2026-02-13,1,19.4,Organic
O007999,C0558,P0015,2026-02-13,2,110.28,Organic
O008000,C0735,P0009,2026-02-13,3,228.84,Paid
O008001,C0400,P0020,2026-02-13,2,290.68,Paid
O008002,C0064,P0023,2026-02-13,2,291.98,Referral
O008003,C0288,P0018,2026-02-13,3,261.63,Referral
O008004,C0106,P0025,2026-02-13,1,27.01,Email
O008005,C0740,P0035,2026-02-13,2,120.8,Paid
O008006,C0663,P0004,2026-02-13,3,545.58,Email
O008007,C0579,P0016,2026-02-13,2,60.6,Organic
O008008,C0456,P0013,2026-02-13,2,89.72,Email
O008009,C0588,P0016,2026-02-13,1,30.3,Organic
O008010,C0586,P0016,2026-02-13,2,60.6,Referral
O008011,C0292,P0013,2026-02-13,3,134.58,Paid
O008012,C0406,P0022,2026-02-13,1,41.19,Paid
O008013,C0765,P0023,2026-02-13,2,291.98,Organic
O008014,C0165,P0031,2026-02-13,1,59.4,Organic
O008015,C0155,P0027,2026-02-13,3,40.17,Organic
O008016,C0209,P0028,2026-02-13,1,22.2,Organic
O008017,C0155,P0030,2026-02-13,1,27.21,Organic
O008018,C0261,P0031,2026-02-13,2,118.8,Paid
O008019,C0060,P0032,2026-02-13,3,118.86,Paid
O008020,C0270,P0033,2026-02-13,2,70.36,Organic
O008021,C0324,P0005,2026-02-13,2,132.64,Paid
O008022,C0028,P0003,2026-02-13,2,671.94,Organic
O008023,C0571,P0001,2026-02-13,1,40.3,Organic
O008024,C0070,P0011,2026-02-13,1,45.43,Paid
O008025,C0023,P0010,2026-02-13,1,19.4,Organic
O008026,C0336,P0022,2026-02-13,1,41.19,Paid
O008027,C0195,P0027,2026-02-13,3,40.17,Organic
O008028,C0178,P0030,2026-02-13,3,81.63,Paid
O008029,C0505,P0027,2026-02-13,1,13.39,Email
O008030,C0494,P0030,2026-02-13,3,81.63,Organic
O008031,C0433,P0035,2026-02-13,3,181.2,Paid
O008032,C0323,P0009,2026-02-14,3,228.84,Organic
O008033,C0403,P0014,2026-02-14,1,54.5,Paid
O008034,C0415,P0013,2026-02-14,3,134.58,Paid
O008035,C0737,P0018,2026-02-14,2,174.42,Organic
O008036,C0540,P0031,2026-02-14,3,178.2,Referral
O008037,C0737,P0030,2026-02-14,1,27.21,Organic
O008038,C0248,P0030,2026-02-14,1,27.21,Paid
O008039,C0252,P0026,2026-02-14,2,43.74,Organic
O008040,C0700,P0030,2026-02-14,2,54.42,Paid
O008041,C0471,P0035,2026-02-14,2,120.8,Organic
O008042,C0323,P0037,2026-02-14,2,128.36,Organic
O008043,C0540,P0037,2026-02-14,2,128.36,Paid
O008044,C0465,P0040,2026-02-14,1,60.49,Paid
O008045,C0703,P0033,2026-02-14,1,35.18,Referral
O008046,C0345,P0005,2026-02-14,1,66.32,Paid
O008047,C0150,P0002,2026-02-14,3,801.18,Organic
O008048,C0529,P0008,2026-02-14,1,189.39,Paid
O008049,C0242,P0012,2026-02-14,3,135.18,Paid
O008050,C0340,P0011,2026-02-14,1,45.43,Organic
O008051,C0759,P0015,2026-02-14,2,110.28,Referral
O008052,C0457,P0013,2026-02-14,2,89.72,Organic
O008053,C0206,P0016,2026-02-14,1,30.3,Organic
O008054,C0457,P0017,2026-02-14,2,246.56,Referral
O008055,C0132,P0018,2026-02-14,3,261.63,Organic
O008056,C0521,P0020,2026-02-14,1,145.34,Referral
O008057,C0759,P0023,2026-02-14,3,437.97,Organic
O008058,C0423,P0030,2026-02-14,2,54.42,Email
O008059,C0322,P0028,2026-02-14,2,44.4,Paid
O008060,C0485,P0030,2026-02-14,2,54.42,Paid
O008061,C0182,P0032,2026-02-14,1,39.62,Email
O008062,C0272,P0035,2026-02-14,1,60.4,Organic
O008063,C0408,P0038,2026-02-14,1,68.37,Paid
O008064,C0757,P0001,2026-02-14,3,120.9,Referral
O008065,C0495,P0004,2026-02-14,1,181.86,Referral
O008066,C0411,P0002,2026-02-14,1,267.06,Paid
O008067,C0570,P0003,2026-02-14,2,671.94,Email
O008068,C0262,P0010,2026-02-14,2,38.8,Email
O008069,C0775,P0010,2026-02-14,3,58.2,Organic
O008070,C0388,P0017,2026-02-14,3,369.84,Organic
O008071,C0768,P0021,2026-02-14,3,335.28,Paid
O008072,C0213,P0021,2026-02-14,2,223.52,Referral
O008073,C0413,P0027,2026-02-14,2,26.78,Organic
O008074,C0354,P0032,2026-02-14,1,39.62,Paid
O008075,C0327,P0029,2026-02-14,1,24.45,Email
O008076,C0086,P0030,2026-02-14,3,81.63,Organic
O008077,C0209,P0039,2026-02-14,2,221.02,Paid
O008078,C0261,P0033,2026-02-14,3,105.54,Paid
O008079,C0160,P0039,2026-02-14,3,331.53,Organic
O008080,C0138,P0035,2026-02-14,1,60.4,Organic
O008081,C0379,P0002,2026-02-14,3,801.18,Paid
O008082,C0193,P0004,2026-02-14,2,363.72,Paid
O008083,C0625,P0002,2026-02-14,2,534.12,Email
O008084,C0720,P0003,2026-02-14,3,1007.91,Organic
O008085,C0359,P0002,2026-02-14,2,534.12,Organic
O008086,C0172,P0012,2026-02-14,1,45.06,Email
O008087,C0131,P0016,2026-02-14,3,90.9,Paid
O008088,C0246,P0010,2026-02-14,3,58.2,Email
O008089,C0232,P0012,2026-02-14,2,90.12,Referral
O008090,C0682,P0023,2026-02-14,1,145.99,Organic
O008091,C0093,P0018,2026-02-14,3,261.63,Organic
O008092,C0667,P0023,2026-02-14,2,291.98,Paid
O008093,C0473,P0030,2026-02-14,2,54.42,Paid
O008094,C0725,P0026,2026-02-14,2,43.74,Organic
O008095,C0379,P0030,2026-02-14,1,27.21,Organic
O008096,C0658,P0037,2026-02-14,3,192.54,Organic
O008097,C0567,P0034,2026-02-14,2,107.82,Organic
O008098,C0636,P0005,2026-02-15,3,198.96,Paid
O008099,C0790,P0005,2026-02-15,1,66.32,Paid
O008100,C0403,P0012,2026-02-15,2,90.12,Referral
O008101,C0124,P0016,2026-02-15,2,60.6,Paid
O008102,C0463,P0011,2026-02-15,1,45.43,Organic
O008103,C0050,P0009,2026-02-15,2,152.56,Referral
O008104,C0189,P0013,2026-02-15,3,134.58,Organic
O008105,C0540,P0017,2026-02-15,1,123.28,Paid
O008106,C0743,P0024,2026-02-15,3,285.51,Paid
O008107,C0715,P0028,2026-02-15,1,22.2,Organic
O008108,C0124,P0030,2026-02-15,2,54.42,Referral
O008109,C0425,P0033,2026-02-15,1,35.18,Referral
O008110,C0534,P0040,2026-02-15,1,60.49,Organic
O008111,C0465,P0040,2026-02-15,1,60.49,Paid
O008112,C0279,P0038,2026-02-15,2,136.74,Organic
O008113,C0308,P0001,2026-02-15,2,80.6,Paid
O008114,C0154,P0003,2026-02-15,1,335.97,Paid
O008115,C0084,P0008,2026-02-15,1,189.39,Organic
O008116,C0728,P0014,2026-02-15,2,109.0,Organic
O008117,C0783,P0015,2026-02-15,1,55.14,Email
O008118,C0308,P0015,2026-02-15,2,110.28,Referral
O008119,C0410,P0023,2026-02-15,1,145.99,Paid
O008120,C0038,P0017,2026-02-15,3,369.84,Paid
O008121,C0770,P0026,2026-02-15,1,21.87,Paid
O008122,C0739,P0030,2026-02-15,2,54.42,Referral
O008123,C0393,P0033,2026-02-15,1,35.18,Paid
O008124,C0081,P0039,2026-02-15,2,221.02,Paid
O008125,C0162,P0036,2026-02-15,3,71.19,Paid
O008126,C0227,P0008,2026-02-15,1,189.39,Organic
O008127,C0691,P0006,2026-02-15,3,262.62,Paid
O008128,C0012,P0009,2026-02-15,3,228.84,Organic
O008129,C0432,P0013,2026-02-15,2,89.72,Paid
O008130,C0163,P0016,2026-02-15,3,90.9,Organic
O008131,C0483,P0013,2026-02-15,1,44.86,Organic
O008132,C0273,P0009,2026-02-15,2,152.56,Paid
O008133,C0058,P0016,2026-02-15,1,30.3,Referral
O008134,C0523,P0022,2026-02-15,3,123.57,Organic
O008135,C0788,P0028,2026-02-15,2,44.4,Paid
O008136,C0450,P0028,2026-02-15,1,22.2,Email
O008137,C0328,P0006,2026-02-15,3,262.62,Organic
O008138,C0650,P0005,2026-02-15,2,132.64,Paid
O008139,C0476,P0001,2026-02-15,1,40.3,Organic
O008140,C0720,P0005,2026-02-15,2,132.64,Referral
O008141,C0089,P0007,2026-02-15,3,203.79,Email
O008142,C0070,P0018,2026-02-15,2,174.42,Referral
O008143,C0781,P0023,2026-02-15,2,291.98,Organic
O008144,C0285,P0030,2026-02-15,1,27.21,Organic
O008145,C0736,P0029,2026-02-15,2,48.9,Paid
O008146,C0476,P0029,2026-02-15,1,24.45,Referral
O008147,C0127,P0040,2026-02-15,1,60.49,Paid
O008148,C0343,P0039,2026-02-15,2,221.02,Email
O008149,C0713,P0039,2026-02-15,1,110.51,Paid
O008150,C0737,P0002,2026-02-16,3,801.18,Email
O008151,C0143,P0005,2026-02-16,3,198.96,Organic
O008152,C0384,P0021,2026-02-16,1,111.76,Paid
O008153,C0655,P0018,2026-02-16,1,87.21,Organic
O008154,C0050,P0027,2026-02-16,3,40.17,Organic
O008155,C0248,P0028,2026-02-16,1,22.2,Email
O008156,C0076,P0033,2026-02-16,1,35.18,Paid
O008157,C0017,P0040,2026-02-16,2,120.98,Paid
O008158,C0113,P0035,2026-02-16,3,181.2,Referral
O008159,C0295,P0015,2026-02-16,1,55.14,Paid
O008160,C0054,P0018,2026-02-16,3,261.63,Email
O008161,C0405,P0018,2026-02-16,2,174.42,Paid
O008162,C0550,P0024,2026-02-16,3,285.51,Referral
O008163,C0624,P0032,2026-02-16,1,39.62,Paid
O008164,C0243,P0027,2026-02-16,1,13.39,Email
O008165,C0164,P0039,2026-02-16,2,221.02,Organic
O008166,C0162,P0034,2026-02-16,2,107.82,Organic
O008167,C0431,P0037,2026-02-16,2,128.36,Organic
O008168,C0457,P0039,2026-02-16,3,331.53,Paid
O008169,C0334,P0034,2026-02-16,3,161.73,Organic
O008170,C0640,P0034,2026-02-16,1,53.91,Organic
O008171,C0408,P0037,2026-02-16,3,192.54,Paid
O008172,C0291,P0011,2026-02-16,2,90.86,Paid
O008173,C0292,P0013,2026-02-16,1,44.86,Email
O008174,C0211,P0018,2026-02-16,2,174.42,Referral
O008175,C0546,P0025,2026-02-16,2,54.02,Organic
O008176,C0137,P0037,2026-02-16,1,64.18,Paid
O008177,C0690,P0006,2026-02-16,1,87.54,Organic
O008178,C0191,P0004,2026-02-16,1,181.86,Paid
O008179,C0042,P0006,2026-02-16,3,262.62,Organic
O008180,C0174,P0009,2026-02-16,1,76.28,Organic
O008181,C0095,P0011,2026-02-16,2,90.86,Paid
O008182,C0487,P0022,2026-02-16,2,82.38,Organic
O008183,C0198,P0017,2026-02-16,3,369.84,Email
O008184,C0487,P0031,2026-02-16,1,59.4,Organic
O008185,C0020,P0028,2026-02-16,1,22.2,Email
O008186,C0730,P0027,2026-02-16,3,40.17,Organic
O008187,C0336,P0031,2026-02-16,2,118.8,Email
O008188,C0231,P0027,2026-02-16,1,13.39,Paid
O008189,C0620,P0037,2026-02-16,3,192.54,Email
O008190,C0730,P0040,2026-02-16,2,120.98,Paid
O008191,C0325,P0039,2026-02-16,2,221.02,Organic
O008192,C0359,P0035,2026-02-16,3,181.2,Referral
O008193,C0361,P0007,2026-02-17,3,203.79,Organic
O008194,C0372,P0007,2026-02-17,3,203.79,Organic
O008195,C0557,P0004,2026-02-17,2,363.72,Paid
O008196,C0469,P0002,2026-02-17,3,801.18,Organic
O008197,C0307,P0003,2026-02-17,2,671.94,Paid
O008198,C0557,P0005,2026-02-17,2,132.64,Email
O008199,C0108,P0007,2026-02-17,3,203.79,Referral
O008200,C0100,P0010,2026-02-17,2,38.8,Paid
O008201,C0358,P0012,2026-02-17,2,90.12,Organic
O008202,C0311,P0009,2026-02-17,2,152.56,Paid
O008203,C0087,P0014,2026-02-17,1,54.5,Paid
O008204,C0443,P0014,2026-02-17,2,109.0,Paid
O008205,C0583,P0016,2026-02-17,2,60.6,Organic
O008206,C0184,P0031,2026-02-17,1,59.4,Organic
O008207,C0515,P0040,2026-02-17,3,181.47,Organic
O008208,C0183,P0004,2026-02-17,1,181.86,Organic
O008209,C0431,P0007,2026-02-17,1,67.93,Organic
O008210,C0207,P0011,2026-02-17,1,45.43,Email
O008211,C0550,P0009,2026-02-17,2,152.56,Organic
O008212,C0460,P0015,2026-02-17,3,165.42,Email
O008213,C0082,P0013,2026-02-17,3,134.58,Organic
O008214,C0676,P0023,2026-02-17,1,145.99,Paid
O008215,C0154,P0022,2026-02-17,1,41.19,Email
O008216,C0288,P0024,2026-02-17,1,95.17,Paid
O008217,C0678,P0018,2026-02-17,1,87.21,Organic
O008218,C0640,P0032,2026-02-17,3,118.86,Paid
O008219,C0364,P0036,2026-02-17,3,71.19,Organic
O008220,C0595,P0038,2026-02-17,3,205.11,Email
O008221,C0139,P0036,2026-02-17,2,47.46,Email
O008222,C0341,P0036,2026-02-17,2,47.46,Organic
O008223,C0518,P0040,2026-02-17,1,60.49,Email
O008224,C0097,P0003,2026-02-17,1,335.97,Organic
O008225,C0227,P0012,2026-02-17,3,135.18,Paid
O008226,C0097,P0009,2026-02-17,3,228.84,Organic
O008227,C0155,P0010,2026-02-17,2,38.8,Organic
O008228,C0693,P0009,2026-02-17,1,76.28,Paid
O008229,C0237,P0024,2026-02-17,3,285.51,Organic
O008230,C0618,P0028,2026-02-17,2,44.4,Organic
O008231,C0086,P0025,2026-02-17,2,54.02,Email
O008232,C0318,P0035,2026-02-17,1,60.4,Email
O008233,C0547,P0039,2026-02-17,3,331.53,Organic
O008234,C0551,P0008,2026-02-17,3,568.17,Paid
O008235,C0172,P0001,2026-02-17,1,40.3,Organic
O008236,C0127,P0009,2026-02-17,3,228.84,Paid
O008237,C0173,P0011,2026-02-17,1,45.43,Referral
O008238,C0095,P0009,2026-02-17,2,152.56,Email
O008239,C0028,P0018,2026-02-17,2,174.42,Organic
O008240,C0197,P0023,2026-02-17,2,291.98,Referral
O008241,C0626,P0032,2026-02-17,3,118.86,Organic
O008242,C0276,P0040,2026-02-17,1,60.49,Organic
O008243,C0070,P0039,2026-02-17,1,110.51,Organic
O008244,C0571,P0038,2026-02-17,2,136.74,Organic
O008245,C0095,P0035,2026-02-17,2,120.8,Organic
O008246,C0014,P0002,2026-02-18,3,801.18,Organic
O008247,C0715,P0004,2026-02-18,2,363.72,Referral
O008248,C0697,P0001,2026-02-18,1,40.3,Email
O008249,C0502,P0007,2026-02-18,3,203.79,Paid
O008250,C0557,P0015,2026-02-18,1,55.14,Organic
O008251,C0711,P0011,2026-02-18,1,45.43,Organic
O008252,C0367,P0012,2026-02-18,2,90.12,Organic
O008253,C0085,P0024,2026-02-18,1,95.17,Email
O008254,C0453,P0018,2026-02-18,2,174.42,Email
O008255,C0599,P0030,2026-02-18,1,27.21,Paid
O008256,C0378,P0036,2026-02-18,3,71.19,Email
O008257,C0711,P0039,2026-02-18,1,110.51,Organic
O008258,C0716,P0034,2026-02-18,2,107.82,Paid
O008259,C0159,P0034,2026-02-18,1,53.91,Organic
O008260,C0453,P0034,2026-02-18,1,53.91,Paid
O008261,C0640,P0004,2026-02-18,1,181.86,Email
O008262,C0300,P0008,2026-02-18,1,189.39,Paid
O008263,C0423,P0002,2026-02-18,3,801.18,Email
O008264,C0340,P0011,2026-02-18,3,136.29,Paid
O008265,C0334,P0014,2026-02-18,3,163.5,Paid
O008266,C0029,P0024,2026-02-18,2,190.34,Paid
O008267,C0242,P0024,2026-02-18,3,285.51,Organic
O008268,C0783,P0019,2026-02-18,1,65.77,Organic
O008269,C0586,P0003,2026-02-18,3,1007.91,Organic
O008270,C0237,P0008,2026-02-18,2,378.78,Paid
O008271,C0086,P0008,2026-02-18,2,378.78,Paid
O008272,C0155,P0007,2026-02-18,1,67.93,Referral
O008273,C0591,P0009,2026-02-18,2,152.56,Organic
O008274,C0281,P0019,2026-02-18,3,197.31,Paid
O008275,C0213,P0023,2026-02-18,2,291.98,Organic
O008276,C0508,P0030,2026-02-18,3,81.63,Paid
O008277,C0586,P0032,2026-02-18,2,79.24,Referral
O008278,C0216,P0029,2026-02-18,2,48.9,Organic
O008279,C0601,P0005,2026-02-18,3,198.96,Organic
O008280,C0320,P0006,2026-02-18,2,175.08,Paid
O008281,C0147,P0014,2026-02-18,3,163.5,Organic
O008282,C0147,P0010,2026-02-18,1,19.4,Organic
O008283,C0664,P0021,2026-02-18,1,111.76,Email
O008284,C0301,P0017,2026-02-18,3,369.84,Organic
O008285,C0070,P0031,2026-02-18,2,118.8,Organic
O008286,C0173,P0036,2026-02-18,2,47.46,Email
O008287,C0652,P0033,2026-02-18,3,105.54,Organic
O008288,C0195,P0039,2026-02-18,2,221.02,Paid
O008289,C0249,P0005,2026-02-19,2,132.64,Paid
O008290,C0769,P0014,2026-02-19,3,163.5,Organic
O008291,C0245,P0019,2026-02-19,3,197.31,Organic
O008292,C0279,P0028,2026-02-19,1,22.2,Referral
O008293,C0162,P0008,2026-02-19,3,568.17,Organic
O008294,C0702,P0014,2026-02-19,1,54.5,Email
O008295,C0187,P0026,2026-02-19,1,21.87,Organic
O008296,C0099,P0031,2026-02-19,1,59.4,Organic
O008297,C0090,P0025,2026-02-19,1,27.01,Paid
O008298,C0041,P0040,2026-02-19,1,60.49,Organic
O008299,C0420,P0035,2026-02-19,1,60.4,Email
O008300,C0727,P0033,2026-02-19,3,105.54,Paid
O008301,C0039,P0040,2026-02-19,2,120.98,Organic
O008302,C0724,P0038,2026-02-19,2,136.74,Paid
O008303,C0369,P0034,2026-02-19,1,53.91,Referral
O008304,C0772,P0001,2026-02-19,1,40.3,Email
O008305,C0575,P0007,2026-02-19,2,135.86,Organic
O008306,C0007,P0003,2026-02-19,1,335.97,Referral
O008307,C0012,P0011,2026-02-19,2,90.86,Paid
O008308,C0413,P0010,2026-02-19,1,19.4,Email
O008309,C0250,P0015,2026-02-19,3,165.42,Organic
O008310,C0083,P0011,2026-02-19,1,45.43,Organic
O008311,C0639,P0025,2026-02-19,2,54.02,Organic
O008312,C0237,P0031,2026-02-19,1,59.4,Paid
O008313,C0586,P0035,2026-02-19,1,60.4,Paid
O008314,C0261,P0038,2026-02-19,2,136.74,Organic
O008315,C0120,P0036,2026-02-19,2,47.46,Referral
O008316,C0736,P0007,2026-02-19,3,203.79,Paid
O008317,C0174,P0001,2026-02-19,3,120.9,Organic
O008318,C0338,P0017,2026-02-19,2,246.56,Referral
O008319,C0479,P0032,2026-02-19,2,79.24,Organic
O008320,C0567,P0038,2026-02-19,1,68.37,Paid
O008321,C0540,P0004,2026-02-20,1,181.86,Paid
O008322,C0280,P0007,2026-02-20,2,135.86,Organic
O008323,C0520,P0001,2026-02-20,2,80.6,Organic
O008324,C0071,P0013,2026-02-20,2,89.72,Referral
O008325,C0031,P0013,2026-02-20,1,44.86,Referral
O008326,C0398,P0015,2026-02-20,2,110.28,Paid
O008327,C0600,P0022,2026-02-20,3,123.57,Paid
O008328,C0240,P0030,2026-02-20,2,54.42,Organic
O008329,C0488,P0027,2026-02-20,3,40.17,Email
O008330,C0707,P0027,2026-02-20,1,13.39,Organic
O008331,C0703,P0039,2026-02-20,1,110.51,Email
O008332,C0414,P0005,2026-02-20,2,132.64,Paid
O008333,C0760,P0010,2026-02-20,3,58.2,Paid
O008334,C0747,P0015,2026-02-20,1,55.14,Organic
O008335,C0187,P0016,2026-02-20,2,60.6,Organic
O008336,C0688,P0016,2026-02-20,3,90.9,Referral
O008337,C0105,P0020,2026-02-20,3,436.02,Paid
O008338,C0171,P0023,2026-02-20,2,291.98,Paid
O008339,C0485,P0018,2026-02-20,2,174.42,Organic
O008340,C0475,P0018,2026-02-20,3,261.63,Organic
O008341,C0517,P0026,2026-02-20,2,43.74,Organic
O008342,C0521,P0035,2026-02-20,1,60.4,Paid
O008343,C0521,P0037,2026-02-20,3,192.54,Paid
O008344,C0315,P0001,2026-02-20,1,40.3,Organic
O008345,C0094,P0007,2026-02-20,1,67.93,Paid
O008346,C0482,P0008,2026-02-20,1,189.39,Email
O008347,C0497,P0014,2026-02-20,1,54.5,Paid
O008348,C0060,P0032,2026-02-20,3,118.86,Organic
O008349,C0368,P0029,2026-02-20,3,73.35,Paid
O008350,C0588,P0030,2026-02-20,2,54.42,Organic
O008351,C0580,P0002,2026-02-20,3,801.18,Email
O008352,C0301,P0002,2026-02-20,2,534.12,Paid
O008353,C0601,P0005,2026-02-20,3,198.96,Organic
O008354,C0528,P0001,2026-02-20,3,120.9,Paid
O008355,C0042,P0013,2026-02-20,2,89.72,Organic
O008356,C0551,P0012,2026-02-20,2,90.12,Paid
O008357,C0731,P0010,2026-02-20,3,58.2,Organic
O008358,C0736,P0021,2026-02-20,2,223.52,Organic
O008359,C0584,P0037,2026-02-20,1,64.18,Paid
O008360,C0662,P0001,2026-02-21,2,80.6,Organic
O008361,C0583,P0002,2026-02-21,1,267.06,Referral
O008362,C0637,P0007,2026-02-21,1,67.93,Organic
O008363,C0004,P0008,2026-02-21,3,568.17,Organic
O008364,C0017,P0009,2026-02-21,2,152.56,Referral
O008365,C0076,P0012,2026-02-21,2,90.12,Organic
O008366,C0371,P0023,2026-02-21,3,437.97,Organic
O008367,C0076,P0023,2026-02-21,1,145.99,Paid
O008368,C0175,P0030,2026-02-21,1,27.21,Organic
O008369,C0372,P0030,2026-02-21,1,27.21,Organic
O008370,C0502,P0030,2026-02-21,1,27.21,Paid
O008371,C0085,P0040,2026-02-21,2,120.98,Organic
O008372,C0637,P0036,2026-02-21,1,23.73,Organic
O008373,C0518,P0008,2026-02-21,1,189.39,Email
O008374,C0472,P0007,2026-02-21,2,135.86,Paid
O008375,C0187,P0007,2026-02-21,3,203.79,Organic
O008376,C0447,P0005,2026-02-21,3,198.96,Referral
O008377,C0521,P0007,2026-02-21,2,135.86,Referral
O008378,C0431,P0011,2026-02-21,1,45.43,Email
O008379,C0016,P0015,2026-02-21,2,110.28,Organic
O008380,C0724,P0014,2026-02-21,2,109.0,Paid
O008381,C0457,P0020,2026-02-21,3,436.02,Organic
O008382,C0615,P0024,2026-02-21,1,95.17,Paid
O008383,C0018,P0020,2026-02-21,1,145.34,Referral
O008384,C0533,P0024,2026-02-21,2,190.34,Paid
O008385,C0192,P0027,2026-02-21,3,40.17,Organic
O008386,C0688,P0025,2026-02-21,3,81.03,Organic
O008387,C0194,P0028,2026-02-21,3,66.6,Referral
O008388,C0277,P0033,2026-02-21,3,105.54,Organic
O008389,C0016,P0036,2026-02-21,1,23.73,Organic
O008390,C0529,P0039,2026-02-21,1,110.51,Paid
O008391,C0373,P0004,2026-02-21,3,545.58,Email
O008392,C0270,P0004,2026-02-21,1,181.86,Organic
O008393,C0775,P0008,2026-02-21,1,189.39,Email
O008394,C0211,P0005,2026-02-21,3,198.96,Email
O008395,C0227,P0008,2026-02-21,3,568.17,Referral
O008396,C0374,P0010,2026-02-21,3,58.2,Referral
O008397,C0396,P0014,2026-02-21,2,109.0,Email
O008398,C0691,P0014,2026-02-21,3,163.5,Referral
O008399,C0213,P0009,2026-02-21,2,152.56,Referral
O008400,C0392,P0023,2026-02-21,3,437.97,Paid
O008401,C0168,P0020,2026-02-21,3,436.02,Organic
O008402,C0568,P0020,2026-02-21,1,145.34,Organic
O008403,C0656,P0030,2026-02-21,3,81.63,Organic
O008404,C0772,P0030,2026-02-21,2,54.42,Organic
O008405,C0525,P0033,2026-02-21,3,105.54,Organic
O008406,C0635,P0038,2026-02-21,3,205.11,Paid
O008407,C0267,P0036,2026-02-21,1,23.73,Organic
O008408,C0677,P0039,2026-02-21,2,221.02,Organic
O008409,C0012,P0040,2026-02-21,1,60.49,Paid
O008410,C0442,P0003,2026-02-21,3,1007.91,Organic
O008411,C0610,P0005,2026-02-21,2,132.64,Organic
O008412,C0736,P0012,2026-02-21,1,45.06,Paid
O008413,C0729,P0020,2026-02-21,2,290.68,Organic
O008414,C0028,P0021,2026-02-21,3,335.28,Referral
O008415,C0134,P0022,2026-02-21,1,41.19,Organic
O008416,C0720,P0021,2026-02-21,2,223.52,Paid
O008417,C0118,P0023,2026-02-21,3,437.97,Organic
O008418,C0620,P0031,2026-02-21,1,59.4,Paid
O008419,C0664,P0025,2026-02-21,1,27.01,Paid
O008420,C0730,P0034,2026-02-21,3,161.73,Paid
O008421,C0565,P0002,2026-02-22,3,801.18,Organic
O008422,C0704,P0005,2026-02-22,3,198.96,Organic
O008423,C0679,P0007,2026-02-22,2,135.86,Paid
O008424,C0076,P0008,2026-02-22,3,568.17,Organic
O008425,C0241,P0009,2026-02-22,2,152.56,Paid
O008426,C0085,P0014,2026-02-22,2,109.0,Organic
O008427,C0398,P0013,2026-02-22,3,134.58,Organic
O008428,C0709,P0014,2026-02-22,3,163.5,Organic
O008429,C0439,P0011,2026-02-22,1,45.43,Email
O008430,C0302,P0009,2026-02-22,2,152.56,Referral
O008431,C0025,P0013,2026-02-22,2,89.72,Organic
O008432,C0079,P0012,2026-02-22,3,135.18,Organic
O008433,C0700,P0022,2026-02-22,2,82.38,Paid
O008434,C0279,P0022,2026-02-22,3,123.57,Email
O008435,C0548,P0032,2026-02-22,2,79.24,Paid
O008436,C0161,P0038,2026-02-22,3,205.11,Referral
O008437,C0382,P0037,2026-02-22,1,64.18,Email
O008438,C0426,P0004,2026-02-22,3,545.58,Referral
O008439,C0407,P0001,2026-02-22,3,120.9,Organic
O008440,C0099,P0006,2026-02-22,2,175.08,Paid
O008441,C0760,P0007,2026-02-22,1,67.93,Organic
O008442,C0760,P0003,2026-02-22,1,335.97,Organic
O008443,C0563,P0023,2026-02-22,3,437.97,Paid
O008444,C0090,P0024,2026-02-22,1,95.17,Organic
O008445,C0018,P0028,2026-02-22,1,22.2,Paid
O008446,C0676,P0032,2026-02-22,2,79.24,Organic
O008447,C0308,P0029,2026-02-22,1,24.45,Paid
O008448,C0759,P0035,2026-02-22,2,120.8,Email
O008449,C0341,P0035,2026-02-22,2,120.8,Organic
O008450,C0166,P0039,2026-02-22,1,110.51,Organic
O008451,C0306,P0015,2026-02-22,3,165.42,Email
O008452,C0169,P0010,2026-02-22,1,19.4,Email
O008453,C0437,P0010,2026-02-22,3,58.2,Organic
O008454,C0225,P0020,2026-02-22,1,145.34,Email
O008455,C0547,P0022,2026-02-22,1,41.19,Paid
O008456,C0742,P0030,2026-02-22,1,27.21,Email
O008457,C0102,P0026,2026-02-22,1,21.87,Organic
O008458,C0749,P0031,2026-02-22,3,178.2,Referral
O008459,C0483,P0025,2026-02-22,3,81.03,Organic
O008460,C0155,P0039,2026-02-22,1,110.51,Paid
O008461,C0368,P0038,2026-02-22,2,136.74,Organic
O008462,C0505,P0011,2026-02-22,1,45.43,Organic
O008463,C0675,P0016,2026-02-22,1,30.3,Paid
O008464,C0379,P0020,2026-02-22,3,436.02,Paid
O008465,C0528,P0025,2026-02-22,3,81.03,Paid
O008466,C0753,P0031,2026-02-22,2,118.8,Organic
O008467,C0285,P0032,2026-02-22,2,79.24,Email
O008468,C0133,P0039,2026-02-22,3,331.53,Organic
O008469,C0143,P0004,2026-02-23,1,181.86,Organic
O008470,C0769,P0015,2026-02-23,3,165.42,Referral
O008471,C0031,P0009,2026-02-23,1,76.28,Email
O008472,C0746,P0010,2026-02-23,1,19.4,Paid
O008473,C0488,P0015,2026-02-23,2,110.28,Organic
O008474,C0377,P0021,2026-02-23,1,111.76,Paid
O008475,C0233,P0027,2026-02-23,3,40.17,Email
O008476,C0679,P0038,2026-02-23,2,136.74,Organic
O008477,C0305,P0039,2026-02-23,1,110.51,Paid
O008478,C0414,P0004,2026-02-23,2,363.72,Organic
O008479,C0683,P0002,2026-02-23,2,534.12,Organic
O008480,C0206,P0003,2026-02-23,2,671.94,Paid
O008481,C0039,P0006,2026-02-23,3,262.62,Paid
O008482,C0447,P0016,2026-02-23,1,30.3,Paid
O008483,C0164,P0010,2026-02-23,1,19.4,Paid
O008484,C0202,P0014,2026-02-23,3,163.5,Organic
O008485,C0337,P0010,2026-02-23,1,19.4,Organic
O008486,C0430,P0010,2026-02-23,1,19.4,Paid
O008487,C0177,P0015,2026-02-23,3,165.42,Referral
O008488,C0024,P0011,2026-02-23,1,45.43,Paid
O008489,C0029,P0019,2026-02-23,1,65.77,Referral
O008490,C0428,P0022,2026-02-23,3,123.57,Paid
O008491,C0039,P0023,2026-02-23,1,145.99,Email
O008492,C0461,P0030,2026-02-23,1,27.21,Organic
O008493,C0728,P0027,2026-02-23,1,13.39,Paid
O008494,C0489,P0034,2026-02-23,1,53.91,Organic
O008495,C0616,P0040,2026-02-23,2,120.98,Paid
O008496,C0337,P0034,2026-02-23,3,161.73,Organic
O008497,C0230,P0039,2026-02-23,3,331.53,Organic
O008498,C0774,P0007,2026-02-23,1,67.93,Email
O008499,C0578,P0005,2026-02-23,2,132.64,Email
O008500,C0155,P0015,2026-02-23,3,165.42,Paid
O008501,C0292,P0013,2026-02-23,2,89.72,Referral
O008502,C0418,P0013,2026-02-23,2,89.72,Paid
O008503,C0546,P0011,2026-02-23,1,45.43,Organic
O008504,C0800,P0012,2026-02-23,3,135.18,Organic
O008505,C0250,P0023,2026-02-23,3,437.97,Organic
O008506,C0247,P0019,2026-02-23,2,131.54,Organic
O008507,C0237,P0018,2026-02-23,3,261.63,Organic
O008508,C0800,P0021,2026-02-23,3,335.28,Organic
O008509,C0570,P0023,2026-02-23,2,291.98,Email
O008510,C0374,P0031,2026-02-23,1,59.4,Referral
O008511,C0432,P0025,2026-02-23,3,81.03,Email
O008512,C0512,P0038,2026-02-23,3,205.11,Paid
O008513,C0060,P0040,2026-02-23,1,60.49,Paid
O008514,C0551,P0002,2026-02-23,3,801.18,Organic
O008515,C0324,P0003,2026-02-23,3,1007.91,Organic
O008516,C0532,P0002,2026-02-23,1,267.06,Referral
O008517,C0197,P0010,2026-02-23,1,19.4,Organic
O008518,C0195,P0017,2026-02-23,2,246.56,Referral
O008519,C0253,P0023,2026-02-23,1,145.99,Referral
O008520,C0253,P0032,2026-02-23,1,39.62,Email
O008521,C0791,P0035,2026-02-23,3,181.2,Organic
O008522,C0487,P0038,2026-02-23,2,136.74,Organic
O008523,C0328,P0040,2026-02-23,2,120.98,Organic
O008524,C0210,P0038,2026-02-23,1,68.37,Referral
O008525,C0005,P0037,2026-02-23,2,128.36,Referral
O008526,C0718,P0003,2026-02-24,1,335.97,Organic
O008527,C0386,P0008,2026-02-24,2,378.78,Paid
O008528,C0344,P0011,2026-02-24,3,136.29,Email
O008529,C0599,P0020,2026-02-24,1,145.34,Organic
O008530,C0297,P0023,2026-02-24,1,145.99,Referral
O008531,C0303,P0024,2026-02-24,3,285.51,Email
O008532,C0108,P0019,2026-02-24,1,65.77,Paid
O008533,C0382,P0020,2026-02-24,2,290.68,Paid
O008534,C0562,P0027,2026-02-24,3,40.17,Email
O008535,C0241,P0025,2026-02-24,3,81.03,Paid
O008536,C0235,P0028,2026-02-24,3,66.6,Organic
O008537,C0425,P0037,2026-02-24,2,128.36,Paid
O008538,C0031,P0035,2026-02-24,1,60.4,Organic
O008539,C0212,P0039,2026-02-24,1,110.51,Paid
O008540,C0737,P0033,2026-02-24,3,105.54,Email
O008541,C0460,P0001,2026-02-24,1,40.3,Paid
O008542,C0676,P0006,2026-02-24,1,87.54,Email
O008543,C0229,P0004,2026-02-24,1,181.86,Paid
O008544,C0350,P0005,2026-02-24,1,66.32,Paid
O008545,C0277,P0013,2026-02-24,3,134.58,Referral
O008546,C0099,P0016,2026-02-24,2,60.6,Referral
O008547,C0724,P0011,2026-02-24,2,90.86,Paid
O008548,C0539,P0024,2026-02-24,3,285.51,Paid
O008549,C0345,P0017,2026-02-24,3,369.84,Organic
O008550,C0229,P0024,2026-02-24,1,95.17,Organic
O008551,C0314,P0024,2026-02-24,1,95.17,Organic
O008552,C0350,P0029,2026-02-24,1,24.45,Paid
O008553,C0340,P0032,2026-02-24,1,39.62,Organic
O008554,C0219,P0026,2026-02-24,3,65.61,Paid
O008555,C0126,P0027,2026-02-24,1,13.39,Paid
O008556,C0420,P0035,2026-02-24,3,181.2,Email
O008557,C0225,P0004,2026-02-24,1,181.86,Referral
O008558,C0483,P0002,2026-02-24,1,267.06,Referral
O008559,C0578,P0003,2026-02-24,1,335.97,Email
O008560,C0418,P0006,2026-02-24,3,262.62,Organic
O008561,C0642,P0016,2026-02-24,3,90.9,Paid
O008562,C0102,P0017,2026-02-24,2,246.56,Email
O008563,C0120,P0032,2026-02-24,2,79.24,Paid
O008564,C0406,P0034,2026-02-24,2,107.82,Organic
O008565,C0172,P0005,2026-02-24,2,132.64,Paid
O008566,C0514,P0013,2026-02-24,3,134.58,Paid
O008567,C0690,P0012,2026-02-24,2,90.12,Referral
O008568,C0133,P0021,2026-02-24,3,335.28,Organic
O008569,C0717,P0024,2026-02-24,2,190.34,Referral
O008570,C0134,P0030,2026-02-24,1,27.21,Organic
O008571,C0440,P0031,2026-02-24,3,178.2,Paid
O008572,C0095,P0028,2026-02-24,1,22.2,Organic
O008573,C0089,P0028,2026-02-24,1,22.2,Organic
O008574,C0580,P0033,2026-02-24,1,35.18,Organic
O008575,C0276,P0033,2026-02-24,1,35.18,Email
O008576,C0089,P0033,2026-02-24,2,70.36,Email
O008577,C0720,P0035,2026-02-24,2,120.8,Organic
O008578,C0607,P0006,2026-02-25,3,262.62,Organic
O008579,C0311,P0003,2026-02-25,3,1007.91,Organic
O008580,C0386,P0004,2026-02-25,3,545.58,Organic
O008581,C0017,P0024,2026-02-25,2,190.34,Paid
O008582,C0279,P0023,2026-02-25,3,437.97,Organic
O008583,C0180,P0023,2026-02-25,3,437.97,Paid
O008584,C0515,P0030,2026-02-25,1,27.21,Paid
O008585,C0425,P0031,2026-02-25,1,59.4,Organic
O008586,C0031,P0040,2026-02-25,2,120.98,Email
O008587,C0548,P0039,2026-02-25,3,331.53,Organic
O008588,C0792,P0040,2026-02-25,1,60.49,Organic
O008589,C0783,P0003,2026-02-25,3,1007.91,Paid
O008590,C0182,P0008,2026-02-25,3,568.17,Organic
O008591,C0339,P0016,2026-02-25,1,30.3,Organic
O008592,C0099,P0021,2026-02-25,2,223.52,Organic
O008593,C0468,P0028,2026-02-25,1,22.2,Email
O008594,C0153,P0026,2026-02-25,3,65.61,Organic
O008595,C0326,P0035,2026-02-25,1,60.4,Referral
O008596,C0063,P0036,2026-02-25,3,71.19,Email
O008597,C0080,P0036,2026-02-25,2,47.46,Organic
O008598,C0086,P0004,2026-02-25,1,181.86,Organic
O008599,C0421,P0001,2026-02-25,3,120.9,Organic
O008600,C0094,P0011,2026-02-25,2,90.86,Paid
O008601,C0273,P0013,2026-02-25,1,44.86,Organic
O008602,C0012,P0023,2026-02-25,2,291.98,Email
O008603,C0135,P0022,2026-02-25,1,41.19,Paid
O008604,C0588,P0023,2026-02-25,3,437.97,Organic
O008605,C0594,P0027,2026-02-25,3,40.17,Organic
O008606,C0749,P0027,2026-02-25,3,40.17,Paid
O008607,C0086,P0029,2026-02-25,2,48.9,Paid
O008608,C0456,P0034,2026-02-25,2,107.82,Email
O008609,C0411,P0037,2026-02-25,2,128.36,Organic
O008610,C0363,P0034,2026-02-25,2,107.82,Organic
O008611,C0497,P0036,2026-02-25,1,23.73,Paid
O008612,C0316,P0002,2026-02-25,2,534.12,Organic
O008613,C0433,P0001,2026-02-25,3,120.9,Paid
O008614,C0222,P0009,2026-02-25,3,228.84,Organic
O008615,C0717,P0016,2026-02-25,2,60.6,Organic
O008616,C0089,P0010,2026-02-25,2,38.8,Referral
O008617,C0440,P0017,2026-02-25,2,246.56,Organic
O008618,C0042,P0035,2026-02-25,2,120.8,Organic
O008619,C0253,P0037,2026-02-25,2,128.36,Organic
O008620,C0551,P0040,2026-02-25,3,181.47,Organic
O008621,C0534,P0012,2026-02-26,3,135.18,Organic
O008622,C0017,P0011,2026-02-26,1,45.43,Paid
O008623,C0184,P0024,2026-02-26,1,95.17,Email
O008624,C0252,P0018,2026-02-26,1,87.21,Referral
O008625,C0769,P0025,2026-02-26,3,81.03,Paid
O008626,C0471,P0025,2026-02-26,3,81.03,Paid
O008627,C0159,P0026,2026-02-26,1,21.87,Referral
O008628,C0799,P0026,2026-02-26,1,21.87,Paid
O008629,C0394,P0040,2026-02-26,2,120.98,Organic
O008630,C0548,P0033,2026-02-26,3,105.54,Referral
O008631,C0666,P0038,2026-02-26,1,68.37,Email
O008632,C0286,P0004,2026-02-26,3,545.58,Paid
O008633,C0468,P0001,2026-02-26,1,40.3,Email
O008634,C0783,P0005,2026-02-26,2,132.64,Paid
O008635,C0676,P0015,2026-02-26,3,165.42,Paid
O008636,C0334,P0009,2026-02-26,3,228.84,Organic
O008637,C0573,P0017,2026-02-26,3,369.84,Organic
O008638,C0230,P0019,2026-02-26,2,131.54,Paid
O008639,C0154,P0029,2026-02-26,3,73.35,Paid
O008640,C0516,P0025,2026-02-26,3,81.03,Paid
O008641,C0448,P0037,2026-02-26,2,128.36,Paid
O008642,C0182,P0039,2026-02-26,3,331.53,Email
O008643,C0132,P0035,2026-02-26,1,60.4,Organic
O008644,C0012,P0003,2026-02-26,3,1007.91,Email
O008645,C0618,P0028,2026-02-26,2,44.4,Paid
O008646,C0033,P0028,2026-02-26,3,66.6,Organic
O008647,C0413,P0032,2026-02-26,3,118.86,Organic
O008648,C0786,P0039,2026-02-26,3,331.53,Email
O008649,C0483,P0038,2026-02-26,2,136.74,Email
O008650,C0432,P0033,2026-02-26,3,105.54,Organic
O008651,C0315,P0033,2026-02-26,2,70.36,Organic
O008652,C0482,P0033,2026-02-26,3,105.54,Organic
O008653,C0667,P0008,2026-02-26,1,189.39,Paid
O008654,C0720,P0005,2026-02-26,3,198.96,Organic
O008655,C0148,P0001,2026-02-26,2,80.6,Paid
O008656,C0285,P0004,2026-02-26,1,181.86,Email
O008657,C0528,P0015,2026-02-26,1,55.14,Paid
O008658,C0020,P0014,2026-02-26,1,54.5,Paid
O008659,C0750,P0018,2026-02-26,2,174.42,Organic
O008660,C0528,P0023,2026-02-26,1,145.99,Organic
O008661,C0244,P0024,2026-02-26,3,285.51,Organic
O008662,C0725,P0019,2026-02-26,2,131.54,Paid
O008663,C0320,P0036,2026-02-26,2,47.46,Paid
O008664,C0362,P0006,2026-02-27,3,262.62,Organic
O008665,C0129,P0008,2026-02-27,2,378.78,Paid
O008666,C0241,P0015,2026-02-27,1,55.14,Organic
O008667,C0280,P0017,2026-02-27,1,123.28,Organic
O008668,C0771,P0021,2026-02-27,3,335.28,Paid
O008669,C0249,P0021,2026-02-27,3,335.28,Paid
O008670,C0240,P0017,2026-02-27,2,246.56,Paid
O008671,C0377,P0018,2026-02-27,2,174.42,Paid
O008672,C0085,P0029,2026-02-27,3,73.35,Paid
O008673,C0752,P0040,2026-02-27,2,120.98,Organic
O008674,C0305,P0040,2026-02-27,2,120.98,Organic
O008675,C0529,P0005,2026-02-27,3,198.96,Paid
O008676,C0308,P0012,2026-02-27,3,135.18,Email
O008677,C0314,P0011,2026-02-27,1,45.43,Organic
O008678,C0460,P0014,2026-02-27,3,163.5,Email
O008679,C0082,P0009,2026-02-27,2,152.56,Paid
O008680,C0527,P0010,2026-02-27,2,38.8,Referral
O008681,C0144,P0023,2026-02-27,3,437.97,Organic
O008682,C0350,P0017,2026-02-27,3,369.84,Paid
O008683,C0464,P0028,2026-02-27,1,22.2,Paid
O008684,C0747,P0027,2026-02-27,1,13.39,Referral
O008685,C0447,P0035,2026-02-27,2,120.8,Email
O008686,C0484,P0035,2026-02-27,3,181.2,Organic
O008687,C0747,P0038,2026-02-27,2,136.74,Organic
O008688,C0593,P0008,2026-02-27,3,568.17,Paid
O008689,C0588,P0007,2026-02-27,1,67.93,Email
O008690,C0677,P0010,2026-02-27,3,58.2,Paid
O008691,C0181,P0015,2026-02-27,3,165.42,Organic
O008692,C0611,P0014,2026-02-27,2,109.0,Organic
O008693,C0352,P0024,2026-02-27,1,95.17,Organic
O008694,C0632,P0026,2026-02-27,3,65.61,Paid
O008695,C0262,P0040,2026-02-27,1,60.49,Organic
O008696,C0677,P0037,2026-02-27,1,64.18,Email
O008697,C0601,P0002,2026-02-27,2,534.12,Organic
O008698,C0379,P0005,2026-02-27,2,132.64,Organic
O008699,C0507,P0013,2026-02-27,1,44.86,Paid
O008700,C0552,P0011,2026-02-27,1,45.43,Referral
O008701,C0750,P0014,2026-02-27,2,109.0,Organic
O008702,C0496,P0022,2026-02-27,2,82.38,Referral
O008703,C0491,P0026,2026-02-27,3,65.61,Paid
O008704,C0794,P0026,2026-02-27,2,43.74,Organic
O008705,C0285,P0032,2026-02-27,3,118.86,Organic
O008706,C0713,P0038,2026-02-27,2,136.74,Organic
O008707,C0228,P0004,2026-02-28,1,181.86,Organic
O008708,C0071,P0007,2026-02-28,2,135.86,Paid
O008709,C0057,P0005,2026-02-28,3,198.96,Paid
O008710,C0548,P0006,2026-02-28,3,262.62,Paid
O008711,C0382,P0002,2026-02-28,1,267.06,Paid
O008712,C0143,P0012,2026-02-28,1,45.06,Paid
O008713,C0365,P0018,2026-02-28,3,261.63,Organic
O008714,C0715,P0024,2026-02-28,3,285.51,Organic
O008715,C0031,P0017,2026-02-28,3,369.84,Paid
O008716,C0156,P0024,2026-02-28,2,190.34,Organic
O008717,C0596,P0028,2026-02-28,3,66.6,Organic
O008718,C0654,P0032,2026-02-28,1,39.62,Email
O008719,C0249,P0026,2026-02-28,2,43.74,Organic
O008720,C0378,P0038,2026-02-28,1,68.37,Paid
O008721,C0465,P0035,2026-02-28,3,181.2,Paid
O008722,C0061,P0039,2026-02-28,1,110.51,Organic
O008723,C0534,P0036,2026-02-28,3,71.19,Organic
O008724,C0696,P0002,2026-02-28,2,534.12,Email
O008725,C0735,P0008,2026-02-28,1,189.39,Email
O008726,C0150,P0006,2026-02-28,3,262.62,Paid
O008727,C0438,P0005,2026-02-28,2,132.64,Organic
O008728,C0410,P0002,2026-02-28,1,267.06,Organic
O008729,C0341,P0008,2026-02-28,3,568.17,Organic
O008730,C0529,P0008,2026-02-28,3,568.17,Organic
O008731,C0602,P0001,2026-02-28,2,80.6,Paid
O008732,C0041,P0003,2026-02-28,1,335.97,Organic
O008733,C0090,P0006,2026-02-28,1,87.54,Email
O008734,C0566,P0006,2026-02-28,1,87.54,Paid
O008735,C0563,P0011,2026-02-28,3,136.29,Email
O008736,C0334,P0012,2026-02-28,2,90.12,Paid
O008737,C0164,P0018,2026-02-28,1,87.21,Organic
O008738,C0144,P0023,2026-02-28,3,437.97,Paid
O008739,C0322,P0023,2026-02-28,1,145.99,Email
O008740,C0408,P0017,2026-02-28,1,123.28,Paid
O008741,C0680,P0023,2026-02-28,1,145.99,Organic
O008742,C0733,P0030,2026-02-28,1,27.21,Email
O008743,C0277,P0025,2026-02-28,1,27.01,Paid
O008744,C0676,P0028,2026-02-28,3,66.6,Paid
O008745,C0207,P0032,2026-02-28,3,118.86,Organic
O008746,C0038,P0033,2026-02-28,1,35.18,Paid
O008747,C0392,P0008,2026-02-28,1,189.39,Paid
O008748,C0774,P0001,2026-02-28,2,80.6,Organic
O008749,C0751,P0007,2026-02-28,1,67.93,Paid
O008750,C0213,P0005,2026-02-28,3,198.96,Email
O008751,C0213,P0019,2026-02-28,1,65.77,Organic
O008752,C0609,P0019,2026-02-28,3,197.31,Paid
O008753,C0531,P0018,2026-02-28,2,174.42,Paid
O008754,C0644,P0021,2026-02-28,3,335.28,Referral
O008755,C0536,P0030,2026-02-28,2,54.42,Organic
O008756,C0732,P0030,2026-02-28,3,81.63,Organic
O008757,C0734,P0025,2026-02-28,2,54.02,Organic
O008758,C0269,P0031,2026-02-28,1,59.4,Paid
O008759,C0745,P0040,2026-02-28,3,181.47,Organic
O008760,C0440,P0001,2026-02-28,1,40.3,Organic
O008761,C0541,P0008,2026-02-28,3,568.17,Paid
O008762,C0721,P0016,2026-02-28,3,90.9,Email
O008763,C0567,P0009,2026-02-28,1,76.28,Paid
O008764,C0336,P0016,2026-02-28,2,60.6,Paid
O008765,C0197,P0010,2026-02-28,1,19.4,Paid
O008766,C0231,P0019,2026-02-28,2,131.54,Paid
O008767,C0667,P0024,2026-02-28,1,95.17,Organic
O008768,C0631,P0020,2026-02-28,1,145.34,Paid
O008769,C0093,P0021,2026-02-28,1,111.76,Organic
O008770,C0675,P0025,2026-02-28,3,81.03,Organic
O008771,C0675,P0040,2026-02-28,1,60.49,Paid
O008772,C0321,P0002,2026-03-01,2,534.12,Organic
O008773,C0228,P0005,2026-03-01,1,66.32,Organic
O008774,C0311,P0015,2026-03-01,1,55.14,Organic
O008775,C0240,P0015,2026-03-01,1,55.14,Organic
O008776,C0067,P0009,2026-03-01,2,152.56,Organic
O008777,C0001,P0012,2026-03-01,3,135.18,Organic
O008778,C0349,P0011,2026-03-01,2,90.86,Paid
O008779,C0245,P0018,2026-03-01,2,174.42,Referral
O008780,C0572,P0019,2026-03-01,2,131.54,Email
O008781,C0305,P0021,2026-03-01,3,335.28,Organic
O008782,C0756,P0020,2026-03-01,1,145.34,Paid
O008783,C0297,P0031,2026-03-01,3,178.2,Organic
O008784,C0606,P0025,2026-03-01,3,81.03,Email
O008785,C0317,P0026,2026-03-01,3,65.61,Organic
O008786,C0303,P0031,2026-03-01,1,59.4,Paid
O008787,C0449,P0039,2026-03-01,2,221.02,Paid
O008788,C0124,P0034,2026-03-01,3,161.73,Organic
O008789,C0502,P0036,2026-03-01,2,47.46,Organic
O008790,C0071,P0034,2026-03-01,2,107.82,Organic
O008791,C0484,P0001,2026-03-01,2,80.6,Organic
O008792,C0092,P0004,2026-03-01,1,181.86,Organic
O008793,C0182,P0007,2026-03-01,2,135.86,Referral
O008794,C0103,P0004,2026-03-01,3,545.58,Organic
O008795,C0024,P0008,2026-03-01,2,378.78,Referral
O008796,C0423,P0007,2026-03-01,1,67.93,Organic
O008797,C0166,P0011,2026-03-01,3,136.29,Email
O008798,C0475,P0016,2026-03-01,1,30.3,Paid
O008799,C0243,P0019,2026-03-01,3,197.31,Email
O008800,C0387,P0022,2026-03-01,1,41.19,Paid
O008801,C0329,P0022,2026-03-01,3,123.57,Paid
O008802,C0206,P0021,2026-03-01,3,335.28,Organic
O008803,C0022,P0021,2026-03-01,2,223.52,Organic
O008804,C0059,P0017,2026-03-01,3,369.84,Organic
O008805,C0553,P0026,2026-03-01,1,21.87,Organic
O008806,C0407,P0030,2026-03-01,3,81.63,Organic
O008807,C0712,P0026,2026-03-01,2,43.74,Referral
O008808,C0438,P0037,2026-03-01,2,128.36,Paid
O008809,C0410,P0034,2026-03-01,1,53.91,Paid
O008810,C0407,P0039,2026-03-01,2,221.02,Organic
O008811,C0426,P0038,2026-03-01,2,136.74,Paid
O008812,C0002,P0002,2026-03-01,1,267.06,Paid
O008813,C0181,P0006,2026-03-01,2,175.08,Organic
O008814,C0535,P0008,2026-03-01,2,378.78,Paid
O008815,C0299,P0022,2026-03-01,1,41.19,Paid
O008816,C0775,P0022,2026-03-01,1,41.19,Email
O008817,C0213,P0024,2026-03-01,2,190.34,Organic
O008818,C0609,P0025,2026-03-01,3,81.03,Organic
O008819,C0388,P0025,2026-03-01,3,81.03,Referral
O008820,C0392,P0028,2026-03-01,3,66.6,Email
O008821,C0656,P0027,2026-03-01,1,13.39,Paid
O008822,C0012,P0039,2026-03-01,2,221.02,Organic
O008823,C0097,P0038,2026-03-01,2,136.74,Paid
O008824,C0213,P0040,2026-03-01,1,60.49,Paid
O008825,C0232,P0007,2026-03-01,1,67.93,Organic
O008826,C0131,P0008,2026-03-01,3,568.17,Organic
O008827,C0601,P0007,2026-03-01,2,135.86,Organic
O008828,C0614,P0005,2026-03-01,2,132.64,Organic
O008829,C0276,P0013,2026-03-01,2,89.72,Organic
O008830,C0552,P0013,2026-03-01,2,89.72,Referral
O008831,C0193,P0019,2026-03-01,1,65.77,Paid
O008832,C0713,P0018,2026-03-01,3,261.63,Organic
O008833,C0736,P0030,2026-03-01,1,27.21,Paid
O008834,C0191,P0032,2026-03-01,1,39.62,Paid
O008835,C0604,P0025,2026-03-01,1,27.01,Organic
O008836,C0023,P0040,2026-03-01,1,60.49,Organic
O008837,C0661,P0037,2026-03-01,2,128.36,Organic
O008838,C0623,P0039,2026-03-01,3,331.53,Referral
O008839,C0323,P0007,2026-03-02,2,135.86,Paid
O008840,C0076,P0004,2026-03-02,3,545.58,Organic
O008841,C0666,P0002,2026-03-02,1,267.06,Paid
O008842,C0756,P0004,2026-03-02,3,545.58,Referral
O008843,C0792,P0016,2026-03-02,3,90.9,Organic
O008844,C0104,P0009,2026-03-02,3,228.84,Organic
O008845,C0004,P0013,2026-03-02,2,89.72,Organic
O008846,C0687,P0018,2026-03-02,2,174.42,Paid
O008847,C0562,P0024,2026-03-02,2,190.34,Organic
O008848,C0136,P0029,2026-03-02,2,48.9,Referral
O008849,C0235,P0031,2026-03-02,3,178.2,Organic
O008850,C0021,P0035,2026-03-02,3,181.2,Email
O008851,C0553,P0007,2026-03-02,2,135.86,Email
O008852,C0242,P0004,2026-03-02,3,545.58,Organic
O008853,C0312,P0013,2026-03-02,1,44.86,Organic
O008854,C0142,P0013,2026-03-02,1,44.86,Referral
O008855,C0645,P0012,2026-03-02,3,135.18,Paid
O008856,C0277,P0019,2026-03-02,3,197.31,Organic
O008857,C0092,P0018,2026-03-02,1,87.21,Organic
O008858,C0733,P0022,2026-03-02,2,82.38,Organic
O008859,C0154,P0018,2026-03-02,2,174.42,Organic
O008860,C0242,P0025,2026-03-02,2,54.02,Organic
O008861,C0347,P0030,2026-03-02,1,27.21,Organic
O008862,C0150,P0027,2026-03-02,2,26.78,Organic
O008863,C0286,P0032,2026-03-02,1,39.62,Organic
O008864,C0144,P0025,2026-03-02,3,81.03,Organic
O008865,C0207,P0029,2026-03-02,3,73.35,Paid
O008866,C0243,P0034,2026-03-02,3,161.73,Organic
O008867,C0207,P0039,2026-03-02,2,221.02,Paid
O008868,C0461,P0035,2026-03-02,1,60.4,Referral
O008869,C0288,P0038,2026-03-02,2,136.74,Paid
O008870,C0459,P0004,2026-03-02,2,363.72,Organic
O008871,C0545,P0009,2026-03-02,3,228.84,Organic
O008872,C0389,P0010,2026-03-02,2,38.8,Paid
O008873,C0742,P0011,2026-03-02,3,136.29,Paid
O008874,C0531,P0024,2026-03-02,1,95.17,Organic
O008875,C0258,P0026,2026-03-02,3,65.61,Paid
O008876,C0216,P0032,2026-03-02,1,39.62,Organic
O008877,C0493,P0025,2026-03-02,3,81.03,Email
O008878,C0435,P0028,2026-03-02,1,22.2,Organic
O008879,C0691,P0040,2026-03-02,2,120.98,Email
O008880,C0296,P0036,2026-03-02,1,23.73,Email
O008881,C0478,P0007,2026-03-02,2,135.86,Organic
O008882,C0185,P0008,2026-03-02,3,568.17,Organic
O008883,C0685,P0008,2026-03-02,2,378.78,Organic
O008884,C0191,P0013,2026-03-02,1,44.86,Organic
O008885,C0532,P0024,2026-03-02,3,285.51,Organic
O008886,C0657,P0018,2026-03-02,2,174.42,Organic
O008887,C0185,P0040,2026-03-02,1,60.49,Email
O008888,C0353,P0037,2026-03-02,3,192.54,Organic
O008889,C0466,P0037,2026-03-02,1,64.18,Paid
O008890,C0377,P0002,2026-03-03,2,534.12,Organic
O008891,C0335,P0012,2026-03-03,1,45.06,Organic
O008892,C0241,P0011,2026-03-03,3,136.29,Organic
O008893,C0607,P0023,2026-03-03,3,437.97,Paid
O008894,C0045,P0017,2026-03-03,3,369.84,Organic
O008895,C0321,P0023,2026-03-03,1,145.99,Organic
O008896,C0037,P0019,2026-03-03,2,131.54,Referral
O008897,C0303,P0021,2026-03-03,2,223.52,Email
O008898,C0358,P0029,2026-03-03,3,73.35,Organic
O008899,C0790,P0032,2026-03-03,1,39.62,Paid
O008900,C0443,P0030,2026-03-03,3,81.63,Organic
O008901,C0384,P0027,2026-03-03,1,13.39,Email
O008902,C0051,P0027,2026-03-03,2,26.78,Paid
O008903,C0271,P0029,2026-03-03,3,73.35,Paid
O008904,C0572,P0028,2026-03-03,3,66.6,Email
O008905,C0784,P0016,2026-03-03,3,90.9,Organic
O008906,C0408,P0011,2026-03-03,1,45.43,Organic
O008907,C0150,P0022,2026-03-03,3,123.57,Organic
O008908,C0272,P0021,2026-03-03,3,335.28,Paid
O008909,C0218,P0022,2026-03-03,3,123.57,Email
O008910,C0431,P0020,2026-03-03,3,436.02,Referral
O008911,C0577,P0022,2026-03-03,1,41.19,Paid
O008912,C0597,P0033,2026-03-03,3,105.54,Paid
O008913,C0751,P0005,2026-03-03,3,198.96,Organic
O008914,C0250,P0014,2026-03-03,1,54.5,Organic
O008915,C0546,P0013,2026-03-03,1,44.86,Paid
O008916,C0179,P0016,2026-03-03,2,60.6,Organic
O008917,C0181,P0011,2026-03-03,1,45.43,Email
O008918,C0773,P0020,2026-03-03,3,436.02,Paid
O008919,C0374,P0017,2026-03-03,1,123.28,Organic
O008920,C0270,P0030,2026-03-03,2,54.42,Email
O008921,C0432,P0029,2026-03-03,1,24.45,Organic
O008922,C0588,P0040,2026-03-03,1,60.49,Organic
O008923,C0002,P0039,2026-03-03,2,221.02,Organic
O008924,C0429,P0037,2026-03-03,3,192.54,Organic
O008925,C0578,P0033,2026-03-03,2,70.36,Email
O008926,C0269,P0039,2026-03-03,2,221.02,Paid
O008927,C0535,P0040,2026-03-03,1,60.49,Organic
O008928,C0392,P0035,2026-03-03,2,120.8,Referral
O008929,C0780,P0005,2026-03-03,1,66.32,Paid
O008930,C0791,P0005,2026-03-03,3,198.96,Paid
O008931,C0507,P0002,2026-03-03,3,801.18,Organic
O008932,C0561,P0004,2026-03-03,2,363.72,Paid
O008933,C0224,P0004,2026-03-03,2,363.72,Paid
O008934,C0253,P0004,2026-03-03,3,545.58,Paid
O008935,C0052,P0014,2026-03-03,2,109.0,Organic
O008936,C0473,P0013,2026-03-03,1,44.86,Organic
O008937,C0319,P0016,2026-03-03,2,60.6,Organic
O008938,C0075,P0015,2026-03-03,2,110.28,Organic
O008939,C0088,P0018,2026-03-03,2,174.42,Organic
O008940,C0066,P0022,2026-03-03,1,41.19,Referral
O008941,C0338,P0023,2026-03-03,1,145.99,Organic
O008942,C0266,P0028,2026-03-03,2,44.4,Organic
O008943,C0195,P0027,2026-03-03,3,40.17,Organic
O008944,C0614,P0032,2026-03-03,3,118.86,Paid
O008945,C0338,P0028,2026-03-03,1,22.2,Paid
O008946,C0532,P0030,2026-03-03,1,27.21,Referral
O008947,C0650,P0039,2026-03-03,3,331.53,Paid
O008948,C0500,P0034,2026-03-03,1,53.91,Email
O008949,C0276,P0035,2026-03-03,3,181.2,Paid
O008950,C0701,P0040,2026-03-03,3,181.47,Email
O008951,C0552,P0036,2026-03-03,1,23.73,Organic
O008952,C0562,P0004,2026-03-04,2,363.72,Referral
O008953,C0159,P0005,2026-03-04,1,66.32,Paid
O008954,C0252,P0001,2026-03-04,2,80.6,Paid
O008955,C0233,P0016,2026-03-04,2,60.6,Organic
O008956,C0014,P0023,2026-03-04,2,291.98,Paid
O008957,C0444,P0024,2026-03-04,1,95.17,Email
O008958,C0659,P0031,2026-03-04,3,178.2,Organic
O008959,C0029,P0005,2026-03-04,1,66.32,Paid
O008960,C0239,P0011,2026-03-04,1,45.43,Paid
O008961,C0585,P0014,2026-03-04,1,54.5,Email
O008962,C0747,P0012,2026-03-04,3,135.18,Organic
O008963,C0202,P0010,2026-03-04,3,58.2,Organic
O008964,C0509,P0018,2026-03-04,2,174.42,Organic
O008965,C0645,P0019,2026-03-04,1,65.77,Paid
O008966,C0461,P0024,2026-03-04,3,285.51,Organic
O008967,C0300,P0021,2026-03-04,1,111.76,Paid
O008968,C0762,P0032,2026-03-04,3,118.86,Paid
O008969,C0192,P0028,2026-03-04,1,22.2,Organic
O008970,C0026,P0033,2026-03-04,2,70.36,Paid
O008971,C0194,P0034,2026-03-04,3,161.73,Paid
O008972,C0342,P0008,2026-03-04,1,189.39,Referral
O008973,C0593,P0010,2026-03-04,1,19.4,Organic
O008974,C0211,P0026,2026-03-04,2,43.74,Referral
O008975,C0589,P0033,2026-03-04,3,105.54,Organic
O008976,C0327,P0039,2026-03-04,2,221.02,Paid
O008977,C0363,P0037,2026-03-04,2,128.36,Organic
O008978,C0575,P0033,2026-03-04,1,35.18,Email
O008979,C0458,P0005,2026-03-04,2,132.64,Organic
O008980,C0440,P0010,2026-03-04,3,58.2,Organic
O008981,C0246,P0020,2026-03-04,3,436.02,Email
O008982,C0070,P0023,2026-03-04,2,291.98,Organic
O008983,C0301,P0030,2026-03-04,2,54.42,Organic
O008984,C0336,P0040,2026-03-04,1,60.49,Email
O008985,C0005,P0037,2026-03-04,3,192.54,Paid
O008986,C0255,P0037,2026-03-04,2,128.36,Organic
O008987,C0255,P0035,2026-03-04,1,60.4,Referral
O008988,C0382,P0004,2026-03-05,2,363.72,Referral
O008989,C0548,P0007,2026-03-05,1,67.93,Email
O008990,C0398,P0001,2026-03-05,3,120.9,Email
O008991,C0100,P0013,2026-03-05,3,134.58,Paid
O008992,C0562,P0012,2026-03-05,2,90.12,Organic
O008993,C0576,P0023,2026-03-05,2,291.98,Organic
O008994,C0001,P0021,2026-03-05,3,335.28,Email
O008995,C0263,P0023,2026-03-05,3,437.97,Paid
O008996,C0790,P0026,2026-03-05,3,65.61,Email
O008997,C0293,P0032,2026-03-05,3,118.86,Email
O008998,C0064,P0003,2026-03-05,3,1007.91,Organic
O008999,C0345,P0005,2026-03-05,2,132.64,Paid
O009000,C0516,P0003,2026-03-05,1,335.97,Paid
O009001,C0553,P0009,2026-03-05,1,76.28,Referral
O009002,C0669,P0011,2026-03-05,2,90.86,Email
O009003,C0426,P0009,2026-03-05,3,228.84,Organic
O009004,C0735,P0020,2026-03-05,1,145.34,Organic
O009005,C0206,P0020,2026-03-05,2,290.68,Paid
O009006,C0597,P0023,2026-03-05,1,145.99,Organic
O009007,C0426,P0040,2026-03-05,1,60.49,Email
O009008,C0509,P0039,2026-03-05,3,331.53,Paid
O009009,C0660,P0033,2026-03-05,2,70.36,Organic
O009010,C0545,P0007,2026-03-05,3,203.79,Organic
O009011,C0554,P0015,2026-03-05,2,110.28,Paid
O009012,C0291,P0011,2026-03-05,3,136.29,Paid
O009013,C0454,P0019,2026-03-05,3,197.31,Paid
O009014,C0618,P0021,2026-03-05,1,111.76,Paid
O009015,C0578,P0029,2026-03-05,3,73.35,Email
O009016,C0086,P0031,2026-03-05,3,178.2,Email
O009017,C0536,P0030,2026-03-05,3,81.63,Organic
O009018,C0250,P0039,2026-03-05,2,221.02,Email
O009019,C0412,P0040,2026-03-05,1,60.49,Organic
O009020,C0432,P0038,2026-03-05,2,136.74,Paid
O009021,C0567,P0006,2026-03-05,3,262.62,Paid
O009022,C0794,P0005,2026-03-05,3,198.96,Email
O009023,C0794,P0002,2026-03-05,3,801.18,Organic
O009024,C0222,P0001,2026-03-05,3,120.9,Organic
O009025,C0185,P0011,2026-03-05,3,136.29,Paid
O009026,C0244,P0021,2026-03-05,2,223.52,Organic
O009027,C0753,P0018,2026-03-05,1,87.21,Paid
O009028,C0675,P0019,2026-03-05,3,197.31,Email
O009029,C0020,P0025,2026-03-05,3,81.03,Organic
O009030,C0701,P0025,2026-03-05,3,81.03,Email
O009031,C0722,P0036,2026-03-05,1,23.73,Organic
O009032,C0161,P0007,2026-03-06,3,203.79,Organic
O009033,C0703,P0003,2026-03-06,3,1007.91,Organic
O009034,C0344,P0009,2026-03-06,1,76.28,Organic
O009035,C0121,P0014,2026-03-06,1,54.5,Referral
O009036,C0636,P0019,2026-03-06,2,131.54,Paid
O009037,C0161,P0018,2026-03-06,3,261.63,Paid
O009038,C0323,P0023,2026-03-06,2,291.98,Paid
O009039,C0520,P0020,2026-03-06,3,436.02,Paid
O009040,C0537,P0032,2026-03-06,1,39.62,Organic
O009041,C0599,P0032,2026-03-06,3,118.86,Organic
O009042,C0397,P0036,2026-03-06,1,23.73,Paid
O009043,C0241,P0036,2026-03-06,3,71.19,Paid
O009044,C0180,P0034,2026-03-06,3,161.73,Organic
O009045,C0240,P0033,2026-03-06,1,35.18,Email
O009046,C0696,P0001,2026-03-06,2,80.6,Paid
O009047,C0671,P0004,2026-03-06,1,181.86,Paid
O009048,C0288,P0008,2026-03-06,3,568.17,Paid
O009049,C0038,P0016,2026-03-06,3,90.9,Paid
O009050,C0115,P0012,2026-03-06,1,45.06,Paid
O009051,C0132,P0017,2026-03-06,2,246.56,Organic
O009052,C0234,P0023,2026-03-06,1,145.99,Referral
O009053,C0648,P0022,2026-03-06,1,41.19,Organic
O009054,C0616,P0028,2026-03-06,2,44.4,Organic
O009055,C0723,P0038,2026-03-06,1,68.37,Referral
O009056,C0420,P0033,2026-03-06,3,105.54,Organic
O009057,C0447,P0040,2026-03-06,3,181.47,Paid
O009058,C0624,P0038,2026-03-06,1,68.37,Paid
O009059,C0188,P0038,2026-03-06,2,136.74,Organic
O009060,C0413,P0004,2026-03-06,2,363.72,Paid
O009061,C0270,P0010,2026-03-06,3,58.2,Paid
O009062,C0097,P0024,2026-03-06,2,190.34,Organic
O009063,C0292,P0017,2026-03-06,3,369.84,Email
O009064,C0383,P0017,2026-03-06,1,123.28,Paid
O009065,C0391,P0026,2026-03-06,2,43.74,Referral
O009066,C0163,P0035,2026-03-06,2,120.8,Paid
O009067,C0593,P0040,2026-03-06,2,120.98,Organic
O009068,C0374,P0035,2026-03-06,3,181.2,Organic
O009069,C0713,P0007,2026-03-06,3,203.79,Paid
O009070,C0604,P0001,2026-03-06,2,80.6,Paid
O009071,C0623,P0014,2026-03-06,2,109.0,Referral
O009072,C0068,P0010,2026-03-06,2,38.8,Email
O009073,C0198,P0015,2026-03-06,1,55.14,Organic
O009074,C0758,P0029,2026-03-06,1,24.45,Organic
O009075,C0455,P0025,2026-03-06,1,27.01,Paid
O009076,C0791,P0037,2026-03-06,2,128.36,Referral
O009077,C0690,P0038,2026-03-06,1,68.37,Organic
O009078,C0371,P0001,2026-03-07,3,120.9,Referral
O009079,C0367,P0008,2026-03-07,1,189.39,Referral
O009080,C0367,P0008,2026-03-07,3,568.17,Organic
O009081,C0771,P0015,2026-03-07,3,165.42,Organic
O009082,C0249,P0023,2026-03-07,2,291.98,Referral
O009083,C0293,P0025,2026-03-07,2,54.02,Organic
O009084,C0321,P0033,2026-03-07,1,35.18,Organic
O009085,C0243,P0001,2026-03-07,2,80.6,Paid
O009086,C0115,P0003,2026-03-07,1,335.97,Paid
O009087,C0648,P0006,2026-03-07,1,87.54,Organic
O009088,C0239,P0016,2026-03-07,1,30.3,Organic
O009089,C0683,P0012,2026-03-07,1,45.06,Email
O009090,C0286,P0015,2026-03-07,1,55.14,Referral
O009091,C0117,P0024,2026-03-07,1,95.17,Organic
O009092,C0142,P0018,2026-03-07,2,174.42,Organic
O009093,C0760,P0030,2026-03-07,2,54.42,Email
O009094,C0329,P0030,2026-03-07,1,27.21,Paid
O009095,C0242,P0026,2026-03-07,2,43.74,Organic
O009096,C0150,P0039,2026-03-07,2,221.02,Organic
O009097,C0097,P0005,2026-03-07,1,66.32,Organic
O009098,C0281,P0008,2026-03-07,1,189.39,Organic
O009099,C0002,P0002,2026-03-07,3,801.18,Organic
O009100,C0787,P0007,2026-03-07,3,203.79,Organic
O009101,C0073,P0001,2026-03-07,3,120.9,Paid
O009102,C0749,P0003,2026-03-07,3,1007.91,Organic
O009103,C0002,P0003,2026-03-07,2,671.94,Email
O009104,C0306,P0016,2026-03-07,3,90.9,Paid
O009105,C0318,P0010,2026-03-07,1,19.4,Referral
O009106,C0284,P0011,2026-03-07,2,90.86,Organic
O009107,C0570,P0014,2026-03-07,2,109.0,Paid
O009108,C0642,P0017,2026-03-07,3,369.84,Email
O009109,C0493,P0028,2026-03-07,3,66.6,Organic
O009110,C0481,P0030,2026-03-07,2,54.42,Paid
O009111,C0047,P0027,2026-03-07,1,13.39,Organic
O009112,C0169,P0029,2026-03-07,3,73.35,Referral
O009113,C0102,P0028,2026-03-07,1,22.2,Paid
O009114,C0292,P0025,2026-03-07,2,54.02,Paid
O009115,C0058,P0040,2026-03-07,3,181.47,Organic
O009116,C0083,P0035,2026-03-07,1,60.4,Paid
O009117,C0644,P0038,2026-03-07,1,68.37,Email
O009118,C0685,P0008,2026-03-07,1,189.39,Organic
O009119,C0222,P0005,2026-03-07,2,132.64,Organic
O009120,C0567,P0007,2026-03-07,1,67.93,Organic
O009121,C0210,P0008,2026-03-07,2,378.78,Paid
O009122,C0730,P0014,2026-03-07,2,109.0,Organic
O009123,C0750,P0009,2026-03-07,2,152.56,Organic
O009124,C0722,P0011,2026-03-07,3,136.29,Email
O009125,C0625,P0030,2026-03-07,1,27.21,Email
O009126,C0541,P0026,2026-03-07,2,43.74,Email
O009127,C0195,P0028,2026-03-07,1,22.2,Referral
O009128,C0561,P0027,2026-03-07,1,13.39,Organic
O009129,C0223,P0029,2026-03-07,1,24.45,Paid
O009130,C0195,P0034,2026-03-07,1,53.91,Organic
O009131,C0248,P0006,2026-03-08,3,262.62,Organic
O009132,C0386,P0001,2026-03-08,1,40.3,Organic
O009133,C0372,P0001,2026-03-08,3,120.9,Organic
O009134,C0302,P0012,2026-03-08,2,90.12,Organic
O009135,C0465,P0010,2026-03-08,3,58.2,Referral
O009136,C0709,P0021,2026-03-08,2,223.52,Paid
O009137,C0397,P0023,2026-03-08,1,145.99,Organic
O009138,C0504,P0024,2026-03-08,1,95.17,Paid
O009139,C0471,P0024,2026-03-08,3,285.51,Email
O009140,C0726,P0020,2026-03-08,3,436.02,Paid
O009141,C0311,P0023,2026-03-08,2,291.98,Referral
O009142,C0515,P0026,2026-03-08,2,43.74,Paid
O009143,C0463,P0030,2026-03-08,1,27.21,Email
O009144,C0228,P0027,2026-03-08,2,26.78,Organic
O009145,C0129,P0036,2026-03-08,2,47.46,Organic
O009146,C0067,P0038,2026-03-08,3,205.11,Email
O009147,C0439,P0035,2026-03-08,3,181.2,Paid
O009148,C0252,P0039,2026-03-08,3,331.53,Email
O009149,C0141,P0035,2026-03-08,2,120.8,Paid
O009150,C0790,P0040,2026-03-08,1,60.49,Email
O009151,C0104,P0039,2026-03-08,1,110.51,Organic
O009152,C0395,P0004,2026-03-08,2,363.72,Paid
O009153,C0393,P0005,2026-03-08,2,132.64,Referral
O009154,C0441,P0008,2026-03-08,1,189.39,Organic
O009155,C0762,P0009,2026-03-08,1,76.28,Email
O009156,C0438,P0010,2026-03-08,1,19.4,Organic
O009157,C0122,P0020,2026-03-08,1,145.34,Paid
O009158,C0164,P0017,2026-03-08,2,246.56,Organic
O009159,C0333,P0032,2026-03-08,1,39.62,Email
O009160,C0698,P0025,2026-03-08,2,54.02,Organic
O009161,C0747,P0029,2026-03-08,1,24.45,Paid
O009162,C0739,P0039,2026-03-08,1,110.51,Paid
O009163,C0457,P0033,2026-03-08,2,70.36,Organic
O009164,C0347,P0040,2026-03-08,2,120.98,Organic
O009165,C0739,P0033,2026-03-08,2,70.36,Organic
O009166,C0281,P0007,2026-03-08,1,67.93,Organic
O009167,C0058,P0003,2026-03-08,2,671.94,Referral
O009168,C0632,P0002,2026-03-08,1,267.06,Organic
O009169,C0590,P0006,2026-03-08,2,175.08,Organic
O009170,C0418,P0014,2026-03-08,2,109.0,Organic
O009171,C0749,P0021,2026-03-08,3,335.28,Organic
O009172,C0663,P0019,2026-03-08,2,131.54,Referral
O009173,C0579,P0021,2026-03-08,3,335.28,Organic
O009174,C0094,P0030,2026-03-08,1,27.21,Email
O009175,C0481,P0025,2026-03-08,3,81.03,Referral
O009176,C0299,P0030,2026-03-08,1,27.21,Paid
O009177,C0513,P0034,2026-03-08,2,107.82,Paid
O009178,C0083,P0035,2026-03-08,1,60.4,Organic
O009179,C0580,P0006,2026-03-08,1,87.54,Organic
O009180,C0224,P0006,2026-03-08,1,87.54,Email
O009181,C0223,P0007,2026-03-08,2,135.86,Paid
O009182,C0197,P0014,2026-03-08,2,109.0,Organic
O009183,C0005,P0024,2026-03-08,2,190.34,Paid
O009184,C0236,P0018,2026-03-08,2,174.42,Referral
O009185,C0028,P0018,2026-03-08,3,261.63,Organic
O009186,C0667,P0028,2026-03-08,3,66.6,Organic
O009187,C0736,P0027,2026-03-08,3,40.17,Organic
O009188,C0729,P0037,2026-03-08,3,192.54,Referral
O009189,C0141,P0008,2026-03-09,1,189.39,Paid
O009190,C0248,P0006,2026-03-09,1,87.54,Paid
O009191,C0045,P0008,2026-03-09,3,568.17,Referral
O009192,C0249,P0012,2026-03-09,1,45.06,Organic
O009193,C0596,P0014,2026-03-09,2,109.0,Organic
O009194,C0715,P0020,2026-03-09,3,436.02,Paid
O009195,C0159,P0027,2026-03-09,1,13.39,Email
O009196,C0311,P0038,2026-03-09,2,136.74,Organic
O009197,C0367,P0039,2026-03-09,2,221.02,Organic
O009198,C0367,P0037,2026-03-09,3,192.54,Organic
O009199,C0154,P0007,2026-03-09,1,67.93,Email
O009200,C0183,P0005,2026-03-09,1,66.32,Organic
O009201,C0539,P0010,2026-03-09,3,58.2,Paid
O009202,C0018,P0012,2026-03-09,3,135.18,Email
O009203,C0153,P0016,2026-03-09,1,30.3,Organic
O009204,C0417,P0020,2026-03-09,1,145.34,Paid
O009205,C0529,P0020,2026-03-09,1,145.34,Referral
O009206,C0573,P0024,2026-03-09,2,190.34,Paid
O009207,C0423,P0018,2026-03-09,2,174.42,Organic
O009208,C0182,P0031,2026-03-09,2,118.8,Paid
O009209,C0166,P0036,2026-03-09,1,23.73,Organic
O009210,C0345,P0036,2026-03-09,2,47.46,Organic
O009211,C0554,P0003,2026-03-09,2,671.94,Paid
O009212,C0531,P0005,2026-03-09,1,66.32,Organic
O009213,C0751,P0007,2026-03-09,1,67.93,Paid
O009214,C0237,P0021,2026-03-09,3,335.28,Paid
O009215,C0768,P0022,2026-03-09,1,41.19,Organic
O009216,C0284,P0023,2026-03-09,1,145.99,Paid
O009217,C0535,P0017,2026-03-09,2,246.56,Organic
O009218,C0155,P0028,2026-03-09,2,44.4,Email
O009219,C0283,P0020,2026-03-09,1,145.34,Organic
O009220,C0353,P0020,2026-03-09,2,290.68,Organic
O009221,C0290,P0022,2026-03-09,2,82.38,Paid
O009222,C0028,P0030,2026-03-09,1,27.21,Organic
O009223,C0174,P0026,2026-03-09,1,21.87,Organic
O009224,C0478,P0034,2026-03-09,3,161.73,Paid
O009225,C0650,P0038,2026-03-09,2,136.74,Organic
O009226,C0528,P0038,2026-03-09,3,205.11,Organic
O009227,C0066,P0038,2026-03-09,3,205.11,Organic
O009228,C0685,P0034,2026-03-09,3,161.73,Organic
O009229,C0377,P0004,2026-03-10,3,545.58,Referral
O009230,C0515,P0009,2026-03-10,1,76.28,Referral
O009231,C0654,P0015,2026-03-10,2,110.28,Email
O009232,C0143,P0024,2026-03-10,1,95.17,Email
O009233,C0189,P0031,2026-03-10,3,178.2,Referral
O009234,C0252,P0025,2026-03-10,2,54.02,Organic
O009235,C0576,P0027,2026-03-10,3,40.17,Organic
O009236,C0151,P0038,2026-03-10,2,136.74,Organic
O009237,C0621,P0010,2026-03-10,2,38.8,Paid
O009238,C0518,P0018,2026-03-10,3,261.63,Organic
O009239,C0779,P0022,2026-03-10,2,82.38,Organic
O009240,C0671,P0022,2026-03-10,3,123.57,Paid
O009241,C0740,P0020,2026-03-10,3,436.02,Paid
O009242,C0566,P0031,2026-03-10,3,178.2,Email
O009243,C0230,P0026,2026-03-10,3,65.61,Organic
O009244,C0414,P0029,2026-03-10,2,48.9,Referral
O009245,C0405,P0027,2026-03-10,3,40.17,Paid
O009246,C0526,P0032,2026-03-10,1,39.62,Paid
O009247,C0460,P0031,2026-03-10,1,59.4,Organic
O009248,C0340,P0031,2026-03-10,2,118.8,Paid
O009249,C0408,P0038,2026-03-10,2,136.74,Email
O009250,C0553,P0039,2026-03-10,1,110.51,Referral
O009251,C0728,P0040,2026-03-10,3,181.47,Referral
O009252,C0526,P0037,2026-03-10,3,192.54,Email
O009253,C0167,P0033,2026-03-10,1,35.18,Referral
O009254,C0719,P0035,2026-03-10,1,60.4,Email
O009255,C0181,P0003,2026-03-10,3,1007.91,Organic
O009256,C0254,P0004,2026-03-10,1,181.86,Paid
O009257,C0575,P0012,2026-03-10,2,90.12,Paid
O009258,C0568,P0010,2026-03-10,2,38.8,Paid
O009259,C0435,P0013,2026-03-10,3,134.58,Paid
O009260,C0260,P0009,2026-03-10,2,152.56,Email
O009261,C0273,P0021,2026-03-10,3,335.28,Email
O009262,C0352,P0020,2026-03-10,1,145.34,Paid
O009263,C0213,P0032,2026-03-10,2,79.24,Organic
O009264,C0765,P0028,2026-03-10,1,22.2,Paid
O009265,C0047,P0030,2026-03-10,3,81.63,Email
O009266,C0513,P0039,2026-03-10,1,110.51,Organic
O009267,C0601,P0005,2026-03-10,1,66.32,Organic
O009268,C0559,P0007,2026-03-10,2,135.86,Organic
O009269,C0023,P0016,2026-03-10,1,30.3,Organic
O009270,C0174,P0010,2026-03-10,1,19.4,Email
O009271,C0661,P0012,2026-03-10,1,45.06,Email
O009272,C0559,P0011,2026-03-10,3,136.29,Referral
O009273,C0561,P0028,2026-03-10,3,66.6,Paid
O009274,C0559,P0029,2026-03-10,2,48.9,Organic
O009275,C0301,P0039,2026-03-10,2,221.02,Paid
O009276,C0378,P0007,2026-03-11,3,203.79,Email
O009277,C0679,P0007,2026-03-11,1,67.93,Organic
O009278,C0001,P0027,2026-03-11,3,40.17,Organic
O009279,C0444,P0027,2026-03-11,1,13.39,Organic
O009280,C0365,P0027,2026-03-11,1,13.39,Paid
O009281,C0108,P0030,2026-03-11,1,27.21,Organic
O009282,C0443,P0032,2026-03-11,2,79.24,Organic
O009283,C0606,P0027,2026-03-11,1,13.39,Email
O009284,C0121,P0034,2026-03-11,1,53.91,Paid
O009285,C0061,P0038,2026-03-11,1,68.37,Organic
O009286,C0293,P0037,2026-03-11,3,192.54,Email
O009287,C0712,P0006,2026-03-11,3,262.62,Referral
O009288,C0660,P0010,2026-03-11,2,38.8,Organic
O009289,C0309,P0016,2026-03-11,2,60.6,Organic
O009290,C0393,P0012,2026-03-11,2,90.12,Organic
O009291,C0646,P0015,2026-03-11,3,165.42,Organic
O009292,C0265,P0022,2026-03-11,1,41.19,Organic
O009293,C0038,P0034,2026-03-11,1,53.91,Email
O009294,C0508,P0004,2026-03-11,1,181.86,Paid
O009295,C0493,P0001,2026-03-11,2,80.6,Organic
O009296,C0432,P0008,2026-03-11,3,568.17,Paid
O009297,C0413,P0004,2026-03-11,2,363.72,Paid
O009298,C0437,P0014,2026-03-11,2,109.0,Paid
O009299,C0523,P0011,2026-03-11,2,90.86,Paid
O009300,C0547,P0012,2026-03-11,1,45.06,Organic
O009301,C0354,P0011,2026-03-11,1,45.43,Paid
O009302,C0260,P0018,2026-03-11,2,174.42,Paid
O009303,C0389,P0021,2026-03-11,1,111.76,Paid
O009304,C0284,P0022,2026-03-11,1,41.19,Organic
O009305,C0745,P0021,2026-03-11,3,335.28,Organic
O009306,C0732,P0026,2026-03-11,2,43.74,Organic
O009307,C0138,P0032,2026-03-11,1,39.62,Email
O009308,C0258,P0039,2026-03-11,1,110.51,Paid
O009309,C0411,P0033,2026-03-11,3,105.54,Paid
O009310,C0480,P0037,2026-03-11,2,128.36,Paid
O009311,C0508,P0037,2026-03-11,3,192.54,Organic
O009312,C0626,P0006,2026-03-11,1,87.54,Organic
O009313,C0020,P0001,2026-03-11,3,120.9,Paid
O009314,C0147,P0010,2026-03-11,2,38.8,Organic
O009315,C0791,P0024,2026-03-11,3,285.51,Referral
O009316,C0134,P0018,2026-03-11,2,174.42,Organic
O009317,C0110,P0027,2026-03-11,3,40.17,Organic
O009318,C0758,P0027,2026-03-11,2,26.78,Organic
O009319,C0191,P0036,2026-03-11,2,47.46,Email
O009320,C0614,P0039,2026-03-11,2,221.02,Organic
O009321,C0185,P0036,2026-03-11,2,47.46,Organic
O009322,C0658,P0035,2026-03-11,1,60.4,Email
O009323,C0641,P0005,2026-03-12,1,66.32,Paid
O009324,C0572,P0003,2026-03-12,1,335.97,Paid
O009325,C0031,P0016,2026-03-12,1,30.3,Organic
O009326,C0025,P0015,2026-03-12,2,110.28,Paid
O009327,C0159,P0010,2026-03-12,1,19.4,Organic
O009328,C0021,P0009,2026-03-12,1,76.28,Email
O009329,C0344,P0014,2026-03-12,1,54.5,Organic
O009330,C0251,P0013,2026-03-12,3,134.58,Organic
O009331,C0596,P0027,2026-03-12,3,40.17,Organic
O009332,C0180,P0035,2026-03-12,3,181.2,Email
O009333,C0143,P0035,2026-03-12,2,120.8,Email
O009334,C0243,P0007,2026-03-12,1,67.93,Paid
O009335,C0333,P0005,2026-03-12,2,132.64,Organic
O009336,C0322,P0007,2026-03-12,1,67.93,Organic
O009337,C0026,P0023,2026-03-12,3,437.97,Paid
O009338,C0461,P0021,2026-03-12,1,111.76,Email
O009339,C0369,P0027,2026-03-12,1,13.39,Organic
O009340,C0314,P0032,2026-03-12,1,39.62,Referral
O009341,C0117,P0028,2026-03-12,2,44.4,Organic
O009342,C0242,P0035,2026-03-12,2,120.8,Referral
O009343,C0105,P0036,2026-03-12,3,71.19,Email
O009344,C0640,P0038,2026-03-12,3,205.11,Organic
O009345,C0284,P0011,2026-03-12,1,45.43,Referral
O009346,C0258,P0010,2026-03-12,3,58.2,Referral
O009347,C0388,P0012,2026-03-12,3,135.18,Referral
O009348,C0767,P0021,2026-03-12,2,223.52,Paid
O009349,C0608,P0027,2026-03-12,3,40.17,Email
O009350,C0270,P0032,2026-03-12,1,39.62,Email
O009351,C0168,P0032,2026-03-12,1,39.62,Organic
O009352,C0163,P0030,2026-03-12,1,27.21,Paid
O009353,C0411,P0038,2026-03-12,2,136.74,Paid
O009354,C0635,P0040,2026-03-12,1,60.49,Referral
O009355,C0435,P0038,2026-03-12,2,136.74,Email
O009356,C0508,P0039,2026-03-12,1,110.51,Email
O009357,C0620,P0007,2026-03-12,1,67.93,Paid
O009358,C0134,P0014,2026-03-12,1,54.5,Paid
O009359,C0466,P0020,2026-03-12,1,145.34,Email
O009360,C0721,P0024,2026-03-12,3,285.51,Paid
O009361,C0325,P0023,2026-03-12,2,291.98,Organic
O009362,C0682,P0017,2026-03-12,3,369.84,Paid
O009363,C0731,P0020,2026-03-12,1,145.34,Organic
O009364,C0133,P0018,2026-03-12,2,174.42,Paid
O009365,C0319,P0036,2026-03-12,1,23.73,Referral
O009366,C0197,P0036,2026-03-12,2,47.46,Paid
O009367,C0402,P0004,2026-03-13,2,363.72,Paid
O009368,C0520,P0006,2026-03-13,3,262.62,Email
O009369,C0361,P0001,2026-03-13,1,40.3,Organic
O009370,C0228,P0012,2026-03-13,3,135.18,Organic
O009371,C0697,P0010,2026-03-13,1,19.4,Paid
O009372,C0031,P0015,2026-03-13,1,55.14,Paid
O009373,C0703,P0018,2026-03-13,1,87.21,Organic
O009374,C0248,P0023,2026-03-13,2,291.98,Paid
O009375,C0583,P0023,2026-03-13,1,145.99,Organic
O009376,C0030,P0023,2026-03-13,1,145.99,Organic
O009377,C0263,P0034,2026-03-13,3,161.73,Paid
O009378,C0348,P0036,2026-03-13,1,23.73,Organic
O009379,C0672,P0007,2026-03-13,1,67.93,Paid
O009380,C0558,P0007,2026-03-13,1,67.93,Organic
O009381,C0183,P0004,2026-03-13,3,545.58,Organic
O009382,C0696,P0001,2026-03-13,1,40.3,Organic
O009383,C0468,P0001,2026-03-13,2,80.6,Organic
O009384,C0333,P0005,2026-03-13,3,198.96,Organic
O009385,C0206,P0002,2026-03-13,1,267.06,Paid
O009386,C0624,P0008,2026-03-13,1,189.39,Organic
O009387,C0597,P0009,2026-03-13,3,228.84,Organic
O009388,C0738,P0016,2026-03-13,1,30.3,Paid
O009389,C0364,P0024,2026-03-13,2,190.34,Paid
O009390,C0602,P0020,2026-03-13,2,290.68,Organic
O009391,C0081,P0026,2026-03-13,3,65.61,Paid
O009392,C0447,P0025,2026-03-13,3,81.03,Organic
O009393,C0092,P0028,2026-03-13,2,44.4,Email
O009394,C0032,P0029,2026-03-13,1,24.45,Organic
O009395,C0779,P0035,2026-03-13,3,181.2,Organic
O009396,C0142,P0038,2026-03-13,2,136.74,Organic
O009397,C0160,P0001,2026-03-13,2,80.6,Organic
O009398,C0589,P0005,2026-03-13,3,198.96,Organic
O009399,C0135,P0002,2026-03-13,3,801.18,Organic
O009400,C0677,P0002,2026-03-13,2,534.12,Organic
O009401,C0508,P0001,2026-03-13,3,120.9,Paid
O009402,C0310,P0010,2026-03-13,1,19.4,Email
O009403,C0773,P0013,2026-03-13,3,134.58,Paid
O009404,C0137,P0020,2026-03-13,3,436.02,Organic
O009405,C0535,P0020,2026-03-13,3,436.02,Organic
O009406,C0772,P0022,2026-03-13,2,82.38,Organic
O009407,C0204,P0030,2026-03-13,3,81.63,Organic
O009408,C0594,P0027,2026-03-13,1,13.39,Organic
O009409,C0787,P0032,2026-03-13,3,118.86,Organic
O009410,C0787,P0040,2026-03-13,1,60.49,Email
O009411,C0413,P0038,2026-03-13,1,68.37,Organic
O009412,C0685,P0004,2026-03-13,3,545.58,Organic
O009413,C0720,P0001,2026-03-13,2,80.6,Organic
O009414,C0479,P0016,2026-03-13,1,30.3,Organic
O009415,C0701,P0015,2026-03-13,1,55.14,Organic
O009416,C0133,P0019,2026-03-13,3,197.31,Paid
O009417,C0496,P0019,2026-03-13,3,197.31,Organic
O009418,C0198,P0018,2026-03-13,3,261.63,Organic
O009419,C0658,P0039,2026-03-13,1,110.51,Referral
O009420,C0718,P0008,2026-03-14,3,568.17,Organic
O009421,C0067,P0008,2026-03-14,3,568.17,Paid
O009422,C0502,P0007,2026-03-14,3,203.79,Organic
O009423,C0649,P0006,2026-03-14,1,87.54,Organic
O009424,C0251,P0003,2026-03-14,2,671.94,Organic
O009425,C0538,P0014,2026-03-14,2,109.0,Email
O009426,C0700,P0014,2026-03-14,2,109.0,Organic
O009427,C0715,P0010,2026-03-14,1,19.4,Organic
O009428,C0279,P0014,2026-03-14,2,109.0,Organic
O009429,C0471,P0009,2026-03-14,1,76.28,Organic
O009430,C0050,P0017,2026-03-14,3,369.84,Paid
O009431,C0557,P0019,2026-03-14,2,131.54,Email
O009432,C0335,P0023,2026-03-14,3,437.97,Referral
O009433,C0655,P0023,2026-03-14,1,145.99,Paid
O009434,C0743,P0021,2026-03-14,3,335.28,Referral
O009435,C0726,P0028,2026-03-14,3,66.6,Organic
O009436,C0382,P0025,2026-03-14,3,81.03,Organic
O009437,C0704,P0026,2026-03-14,1,21.87,Email
O009438,C0469,P0035,2026-03-14,2,120.8,Organic
O009439,C0297,P0036,2026-03-14,3,71.19,Organic
O009440,C0356,P0008,2026-03-14,3,568.17,Paid
O009441,C0207,P0006,2026-03-14,1,87.54,Organic
O009442,C0309,P0007,2026-03-14,3,203.79,Referral
O009443,C0333,P0006,2026-03-14,2,175.08,Organic
O009444,C0485,P0012,2026-03-14,2,90.12,Email
O009445,C0405,P0013,2026-03-14,2,89.72,Organic
O009446,C0560,P0013,2026-03-14,2,89.72,Referral
O009447,C0563,P0024,2026-03-14,3,285.51,Email
O009448,C0616,P0019,2026-03-14,3,197.31,Organic
O009449,C0509,P0022,2026-03-14,3,123.57,Email
O009450,C0164,P0021,2026-03-14,2,223.52,Email
O009451,C0101,P0023,2026-03-14,1,145.99,Paid
O009452,C0735,P0029,2026-03-14,3,73.35,Paid
O009453,C0733,P0033,2026-03-14,3,105.54,Organic
O009454,C0090,P0033,2026-03-14,1,35.18,Paid
O009455,C0188,P0040,2026-03-14,2,120.98,Organic
O009456,C0563,P0039,2026-03-14,1,110.51,Email
O009457,C0106,P0036,2026-03-14,3,71.19,Organic
O009458,C0621,P0033,2026-03-14,2,70.36,Email
O009459,C0192,P0036,2026-03-14,2,47.46,Referral
O009460,C0352,P0003,2026-03-14,3,1007.91,Email
O009461,C0459,P0001,2026-03-14,1,40.3,Referral
O009462,C0757,P0006,2026-03-14,2,175.08,Organic
O009463,C0201,P0024,2026-03-14,1,95.17,Paid
O009464,C0012,P0018,2026-03-14,2,174.42,Organic
O009465,C0435,P0024,2026-03-14,1,95.17,Organic
O009466,C0123,P0020,2026-03-14,3,436.02,Organic
O009467,C0368,P0039,2026-03-14,3,331.53,Paid
O009468,C0690,P0004,2026-03-14,3,545.58,Email
O009469,C0173,P0008,2026-03-14,1,189.39,Email
O009470,C0625,P0004,2026-03-14,1,181.86,Paid
O009471,C0675,P0009,2026-03-14,3,228.84,Organic
O009472,C0780,P0010,2026-03-14,3,58.2,Paid
O009473,C0598,P0011,2026-03-14,2,90.86,Paid
O009474,C0359,P0023,2026-03-14,1,145.99,Paid
O009475,C0571,P0024,2026-03-14,2,190.34,Email
O009476,C0721,P0028,2026-03-14,2,44.4,Email
O009477,C0028,P0031,2026-03-14,2,118.8,Paid
O009478,C0478,P0039,2026-03-14,1,110.51,Organic
O009479,C0191,P0037,2026-03-14,3,192.54,Organic
O009480,C0397,P0007,2026-03-15,1,67.93,Paid
O009481,C0607,P0006,2026-03-15,1,87.54,Paid
O009482,C0471,P0006,2026-03-15,1,87.54,Organic
O009483,C0799,P0009,2026-03-15,3,228.84,Organic
O009484,C0072,P0011,2026-03-15,2,90.86,Organic
O009485,C0793,P0010,2026-03-15,3,58.2,Referral
O009486,C0449,P0030,2026-03-15,1,27.21,Organic
O009487,C0716,P0028,2026-03-15,3,66.6,Email
O009488,C0703,P0027,2026-03-15,1,13.39,Organic
O009489,C0565,P0039,2026-03-15,3,331.53,Paid
O009490,C0527,P0003,2026-03-15,2,671.94,Paid
O009491,C0101,P0008,2026-03-15,1,189.39,Paid
O009492,C0329,P0011,2026-03-15,3,136.29,Organic
O009493,C0712,P0009,2026-03-15,2,152.56,Organic
O009494,C0573,P0013,2026-03-15,3,134.58,Organic
O009495,C0059,P0022,2026-03-15,1,41.19,Email
O009496,C0106,P0019,2026-03-15,3,197.31,Organic
O009497,C0176,P0021,2026-03-15,1,111.76,Email
O009498,C0521,P0026,2026-03-15,1,21.87,Email
O009499,C0784,P0030,2026-03-15,3,81.63,Paid
O009500,C0024,P0039,2026-03-15,2,221.02,Email
O009501,C0609,P0003,2026-03-15,1,335.97,Organic
O009502,C0270,P0004,2026-03-15,2,363.72,Paid
O009503,C0788,P0010,2026-03-15,3,58.2,Paid
O009504,C0259,P0012,2026-03-15,3,135.18,Referral
O009505,C0635,P0013,2026-03-15,2,89.72,Organic
O009506,C0383,P0011,2026-03-15,1,45.43,Email
O009507,C0481,P0012,2026-03-15,2,90.12,Organic
O009508,C0435,P0012,2026-03-15,2,90.12,Organic
O009509,C0254,P0017,2026-03-15,2,246.56,Referral
O009510,C0629,P0023,2026-03-15,3,437.97,Paid
O009511,C0138,P0035,2026-03-15,1,60.4,Organic
O009512,C0232,P0002,2026-03-15,3,801.18,Organic
O009513,C0093,P0006,2026-03-15,1,87.54,Paid
O009514,C0791,P0001,2026-03-15,2,80.6,Organic
O009515,C0185,P0005,2026-03-15,3,198.96,Organic
O009516,C0244,P0013,2026-03-15,1,44.86,Email
O009517,C0780,P0013,2026-03-15,2,89.72,Paid
O009518,C0185,P0019,2026-03-15,2,131.54,Paid
O009519,C0478,P0019,2026-03-15,2,131.54,Paid
O009520,C0564,P0017,2026-03-15,3,369.84,Organic
O009521,C0610,P0032,2026-03-15,2,79.24,Organic
O009522,C0005,P0026,2026-03-15,3,65.61,Organic
O009523,C0093,P0036,2026-03-15,1,23.73,Paid
O009524,C0110,P0036,2026-03-15,2,47.46,Organic
O009525,C0722,P0033,2026-03-15,1,35.18,Email
O009526,C0172,P0037,2026-03-15,3,192.54,Organic
O009527,C0567,P0033,2026-03-15,3,105.54,Referral
O009528,C0004,P0007,2026-03-16,2,135.86,Email
O009529,C0100,P0006,2026-03-16,1,87.54,Organic
O009530,C0654,P0008,2026-03-16,3,568.17,Organic
O009531,C0771,P0011,2026-03-16,2,90.86,Organic
O009532,C0711,P0009,2026-03-16,3,228.84,Email
O009533,C0666,P0011,2026-03-16,3,136.29,Paid
O009534,C0249,P0012,2026-03-16,1,45.06,Email
O009535,C0268,P0024,2026-03-16,3,285.51,Email
O009536,C0606,P0028,2026-03-16,2,44.4,Paid
O009537,C0402,P0029,2026-03-16,3,73.35,Organic
O009538,C0715,P0026,2026-03-16,2,43.74,Paid
O009539,C0596,P0037,2026-03-16,1,64.18,Organic
O009540,C0488,P0036,2026-03-16,3,71.19,Paid
O009541,C0364,P0003,2026-03-16,3,1007.91,Organic
O009542,C0117,P0008,2026-03-16,2,378.78,Organic
O009543,C0645,P0009,2026-03-16,3,228.84,Organic
O009544,C0727,P0014,2026-03-16,1,54.5,Organic
O009545,C0747,P0019,2026-03-16,3,197.31,Organic
O009546,C0426,P0030,2026-03-16,2,54.42,Email
O009547,C0563,P0037,2026-03-16,1,64.18,Paid
O009548,C0097,P0006,2026-03-16,1,87.54,Paid
O009549,C0486,P0024,2026-03-16,1,95.17,Organic
O009550,C0374,P0039,2026-03-16,1,110.51,Organic
O009551,C0495,P0037,2026-03-16,1,64.18,Organic
O009552,C0260,P0038,2026-03-16,3,205.11,Organic
O009553,C0328,P0005,2026-03-16,2,132.64,Paid
O009554,C0722,P0005,2026-03-16,3,198.96,Referral
O009555,C0620,P0015,2026-03-16,2,110.28,Paid
O009556,C0685,P0010,2026-03-16,3,58.2,Paid
O009557,C0023,P0019,2026-03-16,2,131.54,Paid
O009558,C0111,P0024,2026-03-16,3,285.51,Organic
O009559,C0255,P0026,2026-03-16,3,65.61,Email
O009560,C0505,P0030,2026-03-16,1,27.21,Paid
O009561,C0246,P0035,2026-03-16,1,60.4,Paid
O009562,C0541,P0037,2026-03-16,1,64.18,Email
O009563,C0541,P0033,2026-03-16,1,35.18,Organic
O009564,C0113,P0002,2026-03-17,1,267.06,Organic
O009565,C0311,P0015,2026-03-17,3,165.42,Organic
O009566,C0311,P0020,2026-03-17,1,145.34,Organic
O009567,C0649,P0030,2026-03-17,2,54.42,Referral
O009568,C0361,P0031,2026-03-17,1,59.4,Organic
O009569,C0769,P0030,2026-03-17,3,81.63,Paid
O009570,C0067,P0040,2026-03-17,1,60.49,Email
O009571,C0263,P0036,2026-03-17,2,47.46,Paid
O009572,C0080,P0007,2026-03-17,2,135.86,Email
O009573,C0081,P0012,2026-03-17,2,90.12,Organic
O009574,C0447,P0013,2026-03-17,2,89.72,Paid
O009575,C0032,P0018,2026-03-17,2,174.42,Organic
O009576,C0326,P0022,2026-03-17,1,41.19,Email
O009577,C0671,P0022,2026-03-17,3,123.57,Organic
O009578,C0265,P0019,2026-03-17,1,65.77,Email
O009579,C0164,P0019,2026-03-17,3,197.31,Paid
O009580,C0778,P0031,2026-03-17,2,118.8,Organic
O009581,C0527,P0030,2026-03-17,2,54.42,Organic
O009582,C0395,P0025,2026-03-17,2,54.02,Organic
O009583,C0117,P0035,2026-03-17,2,120.8,Email
O009584,C0640,P0037,2026-03-17,2,128.36,Organic
O009585,C0480,P0001,2026-03-17,1,40.3,Email
O009586,C0483,P0006,2026-03-17,1,87.54,Organic
O009587,C0269,P0006,2026-03-17,1,87.54,Paid
O009588,C0748,P0003,2026-03-17,3,1007.91,Organic
O009589,C0642,P0001,2026-03-17,3,120.9,Paid
O009590,C0594,P0003,2026-03-17,1,335.97,Organic
O009591,C0774,P0007,2026-03-17,2,135.86,Paid
O009592,C0609,P0012,2026-03-17,1,45.06,Paid
O009593,C0009,P0009,2026-03-17,3,228.84,Organic
O009594,C0570,P0020,2026-03-17,3,436.02,Organic
O009595,C0270,P0020,2026-03-17,3,436.02,Organic
O009596,C0693,P0023,2026-03-17,2,291.98,Organic
O009597,C0260,P0026,2026-03-17,2,43.74,Paid
O009598,C0547,P0027,2026-03-17,1,13.39,Organic
O009599,C0354,P0038,2026-03-17,3,205.11,Paid
O009600,C0048,P0034,2026-03-17,2,107.82,Paid
O009601,C0292,P0038,2026-03-17,3,205.11,Paid
O009602,C0379,P0001,2026-03-17,1,40.3,Organic
O009603,C0714,P0006,2026-03-17,3,262.62,Paid
O009604,C0055,P0014,2026-03-17,3,163.5,Organic
O009605,C0236,P0018,2026-03-17,2,174.42,Organic
O009606,C0042,P0028,2026-03-17,1,22.2,Organic
O009607,C0528,P0029,2026-03-17,3,73.35,Paid
O009608,C0584,P0030,2026-03-17,3,81.63,Paid
O009609,C0070,P0032,2026-03-17,3,118.86,Organic
O009610,C0476,P0026,2026-03-17,3,65.61,Paid
O009611,C0116,P0034,2026-03-17,1,53.91,Organic
O009612,C0189,P0004,2026-03-18,1,181.86,Paid
O009613,C0145,P0007,2026-03-18,1,67.93,Email
O009614,C0375,P0012,2026-03-18,1,45.06,Organic
O009615,C0136,P0009,2026-03-18,3,228.84,Organic
O009616,C0141,P0015,2026-03-18,3,165.42,Paid
O009617,C0372,P0009,2026-03-18,2,152.56,Organic
O009618,C0793,P0018,2026-03-18,1,87.21,Organic
O009619,C0655,P0018,2026-03-18,2,174.42,Referral
O009620,C0141,P0024,2026-03-18,2,190.34,Email
O009621,C0280,P0017,2026-03-18,1,123.28,Paid
O009622,C0515,P0017,2026-03-18,3,369.84,Email
O009623,C0425,P0029,2026-03-18,3,73.35,Organic
O009624,C0113,P0032,2026-03-18,1,39.62,Organic
O009625,C0425,P0029,2026-03-18,3,73.35,Paid
O009626,C0572,P0025,2026-03-18,1,27.01,Email
O009627,C0384,P0040,2026-03-18,1,60.49,Paid
O009628,C0132,P0006,2026-03-18,1,87.54,Organic
O009629,C0431,P0006,2026-03-18,1,87.54,Organic
O009630,C0733,P0009,2026-03-18,2,152.56,Organic
O009631,C0265,P0015,2026-03-18,3,165.42,Paid
O009632,C0202,P0011,2026-03-18,3,136.29,Paid
O009633,C0597,P0011,2026-03-18,1,45.43,Organic
O009634,C0158,P0019,2026-03-18,3,197.31,Organic
O009635,C0441,P0017,2026-03-18,1,123.28,Organic
O009636,C0099,P0017,2026-03-18,1,123.28,Paid
O009637,C0621,P0028,2026-03-18,2,44.4,Organic
O009638,C0645,P0025,2026-03-18,2,54.02,Organic
O009639,C0029,P0025,2026-03-18,3,81.03,Referral
O009640,C0272,P0035,2026-03-18,1,60.4,Paid
O009641,C0727,P0033,2026-03-18,2,70.36,Email
O009642,C0213,P0002,2026-03-18,3,801.18,Organic
O009643,C0677,P0005,2026-03-18,2,132.64,Organic
O009644,C0267,P0002,2026-03-18,3,801.18,Paid
O009645,C0765,P0001,2026-03-18,2,80.6,Email
O009646,C0062,P0015,2026-03-18,1,55.14,Paid
O009647,C0785,P0024,2026-03-18,1,95.17,Organic
O009648,C0772,P0021,2026-03-18,3,335.28,Email
O009649,C0751,P0021,2026-03-18,2,223.52,Organic
O009650,C0157,P0017,2026-03-18,3,369.84,Email
O009651,C0259,P0021,2026-03-18,2,223.52,Organic
O009652,C0459,P0025,2026-03-18,3,81.03,Organic
O009653,C0292,P0032,2026-03-18,2,79.24,Paid
O009654,C0536,P0032,2026-03-18,3,118.86,Organic
O009655,C0639,P0038,2026-03-18,3,205.11,Paid
O009656,C0225,P0039,2026-03-18,3,331.53,Organic
O009657,C0406,P0039,2026-03-18,3,331.53,Organic
O009658,C0721,P0014,2026-03-18,3,163.5,Organic
O009659,C0052,P0020,2026-03-18,2,290.68,Organic
O009660,C0766,P0025,2026-03-18,2,54.02,Email
O009661,C0074,P0034,2026-03-18,2,107.82,Email
O009662,C0275,P0001,2026-03-19,2,80.6,Paid
O009663,C0641,P0004,2026-03-19,1,181.86,Organic
O009664,C0303,P0003,2026-03-19,2,671.94,Organic
O009665,C0711,P0005,2026-03-19,2,132.64,Email
O009666,C0100,P0012,2026-03-19,1,45.06,Organic
O009667,C0386,P0010,2026-03-19,2,38.8,Email
O009668,C0711,P0017,2026-03-19,1,123.28,Organic
O009669,C0402,P0017,2026-03-19,1,123.28,Paid
O009670,C0565,P0019,2026-03-19,3,197.31,Paid
O009671,C0375,P0032,2026-03-19,1,39.62,Paid
O009672,C0367,P0027,2026-03-19,2,26.78,Paid
O009673,C0071,P0029,2026-03-19,1,24.45,Organic
O009674,C0251,P0031,2026-03-19,1,59.4,Organic
O009675,C0465,P0031,2026-03-19,1,59.4,Paid
O009676,C0488,P0040,2026-03-19,2,120.98,Paid
O009677,C0375,P0036,2026-03-19,2,47.46,Paid
O009678,C0280,P0034,2026-03-19,3,161.73,Referral
O009679,C0402,P0037,2026-03-19,3,192.54,Email
O009680,C0235,P0035,2026-03-19,2,120.8,Referral
O009681,C0792,P0037,2026-03-19,1,64.18,Paid
O009682,C0686,P0007,2026-03-19,3,203.79,Paid
O009683,C0082,P0003,2026-03-19,3,1007.91,Paid
O009684,C0702,P0008,2026-03-19,1,189.39,Paid
O009685,C0326,P0006,2026-03-19,1,87.54,Email
O009686,C0139,P0005,2026-03-19,1,66.32,Organic
O009687,C0139,P0003,2026-03-19,2,671.94,Paid
O009688,C0177,P0002,2026-03-19,3,801.18,Organic
O009689,C0762,P0012,2026-03-19,1,45.06,Email
O009690,C0727,P0011,2026-03-19,3,136.29,Organic
O009691,C0142,P0020,2026-03-19,2,290.68,Email
O009692,C0672,P0018,2026-03-19,1,87.21,Paid
O009693,C0405,P0020,2026-03-19,1,145.34,Referral
O009694,C0065,P0018,2026-03-19,3,261.63,Paid
O009695,C0702,P0021,2026-03-19,2,223.52,Paid
O009696,C0080,P0033,2026-03-19,1,35.18,Organic
O009697,C0579,P0008,2026-03-19,1,189.39,Organic
O009698,C0591,P0003,2026-03-19,3,1007.91,Organic
O009699,C0751,P0015,2026-03-19,3,165.42,Organic
O009700,C0611,P0010,2026-03-19,1,19.4,Paid
O009701,C0788,P0014,2026-03-19,1,54.5,Paid
O009702,C0588,P0021,2026-03-19,2,223.52,Referral
O009703,C0632,P0031,2026-03-19,1,59.4,Organic
O009704,C0773,P0025,2026-03-19,1,27.01,Paid
O009705,C0642,P0025,2026-03-19,3,81.03,Referral
O009706,C0691,P0034,2026-03-19,2,107.82,Organic
O009707,C0412,P0033,2026-03-19,2,70.36,Organic
O009708,C0353,P0005,2026-03-19,1,66.32,Organic
O009709,C0794,P0006,2026-03-19,1,87.54,Organic
O009710,C0316,P0012,2026-03-19,3,135.18,Paid
O009711,C0134,P0010,2026-03-19,1,19.4,Organic
O009712,C0020,P0010,2026-03-19,3,58.2,Referral
O009713,C0455,P0014,2026-03-19,1,54.5,Paid
O009714,C0236,P0010,2026-03-19,2,38.8,Paid
O009715,C0791,P0027,2026-03-19,1,13.39,Organic
O009716,C0601,P0038,2026-03-19,2,136.74,Organic
O009717,C0782,P0033,2026-03-19,2,70.36,Email
O009718,C0307,P0015,2026-03-20,1,55.14,Organic
O009719,C0703,P0011,2026-03-20,2,90.86,Email
O009720,C0156,P0017,2026-03-20,1,123.28,Organic
O009721,C0378,P0023,2026-03-20,1,145.99,Paid
O009722,C0726,P0032,2026-03-20,2,79.24,Email
O009723,C0716,P0030,2026-03-20,3,81.63,Email
O009724,C0180,P0031,2026-03-20,2,118.8,Organic
O009725,C0515,P0032,2026-03-20,3,118.86,Paid
O009726,C0465,P0030,2026-03-20,3,81.63,Organic
O009727,C0415,P0031,2026-03-20,3,178.2,Email
O009728,C0771,P0037,2026-03-20,2,128.36,Paid
O009729,C0489,P0006,2026-03-20,2,175.08,Email
O009730,C0558,P0014,2026-03-20,3,163.5,Email
O009731,C0177,P0018,2026-03-20,2,174.42,Organic
O009732,C0022,P0019,2026-03-20,3,197.31,Organic
O009733,C0408,P0020,2026-03-20,3,436.02,Organic
O009734,C0448,P0023,2026-03-20,1,145.99,Organic
O009735,C0457,P0026,2026-03-20,2,43.74,Referral
O009736,C0529,P0027,2026-03-20,3,40.17,Organic
O009737,C0640,P0037,2026-03-20,2,128.36,Email
O009738,C0333,P0035,2026-03-20,2,120.8,Organic
O009739,C0273,P0003,2026-03-20,1,335.97,Email
O009740,C0396,P0010,2026-03-20,3,58.2,Paid
O009741,C0097,P0021,2026-03-20,2,223.52,Organic
O009742,C0363,P0018,2026-03-20,3,261.63,Paid
O009743,C0211,P0028,2026-03-20,2,44.4,Email
O009744,C0582,P0032,2026-03-20,3,118.86,Paid
O009745,C0392,P0027,2026-03-20,2,26.78,Paid
O009746,C0073,P0030,2026-03-20,1,27.21,Organic
O009747,C0632,P0038,2026-03-20,3,205.11,Organic
O009748,C0611,P0034,2026-03-20,1,53.91,Organic
O009749,C0306,P0037,2026-03-20,1,64.18,Paid
O009750,C0343,P0007,2026-03-20,1,67.93,Paid
O009751,C0580,P0002,2026-03-20,2,534.12,Organic
O009752,C0379,P0003,2026-03-20,2,671.94,Organic
O009753,C0236,P0018,2026-03-20,2,174.42,Organic
O009754,C0319,P0027,2026-03-20,3,40.17,Paid
O009755,C0491,P0032,2026-03-20,2,79.24,Organic
O009756,C0020,P0035,2026-03-20,3,181.2,Email
O009757,C0713,P0035,2026-03-20,1,60.4,Paid
O009758,C0398,P0008,2026-03-21,1,189.39,Organic
O009759,C0600,P0003,2026-03-21,3,1007.91,Organic
O009760,C0790,P0016,2026-03-21,2,60.6,Referral
O009761,C0655,P0022,2026-03-21,3,123.57,Paid
O009762,C0707,P0018,2026-03-21,2,174.42,Organic
O009763,C0252,P0022,2026-03-21,1,41.19,Organic
O009764,C0425,P0022,2026-03-21,2,82.38,Paid
O009765,C0641,P0028,2026-03-21,3,66.6,Email
O009766,C0386,P0031,2026-03-21,1,59.4,Paid
O009767,C0072,P0030,2026-03-21,1,27.21,Paid
O009768,C0067,P0029,2026-03-21,1,24.45,Paid
O009769,C0061,P0036,2026-03-21,2,47.46,Organic
O009770,C0572,P0039,2026-03-21,1,110.51,Paid
O009771,C0340,P0007,2026-03-21,1,67.93,Organic
O009772,C0560,P0005,2026-03-21,1,66.32,Paid
O009773,C0426,P0004,2026-03-21,2,363.72,Organic
O009774,C0712,P0015,2026-03-21,2,110.28,Paid
O009775,C0084,P0010,2026-03-21,2,38.8,Email
O009776,C0645,P0009,2026-03-21,3,228.84,Paid
O009777,C0550,P0011,2026-03-21,1,45.43,Email
O009778,C0369,P0021,2026-03-21,3,335.28,Organic
O009779,C0602,P0022,2026-03-21,3,123.57,Referral
O009780,C0167,P0026,2026-03-21,2,43.74,Organic
O009781,C0640,P0026,2026-03-21,3,65.61,Paid
O009782,C0242,P0029,2026-03-21,3,73.35,Paid
O009783,C0624,P0034,2026-03-21,3,161.73,Organic
O009784,C0295,P0037,2026-03-21,2,128.36,Paid
O009785,C0489,P0035,2026-03-21,2,120.8,Organic
O009786,C0039,P0037,2026-03-21,2,128.36,Organic
O009787,C0254,P0002,2026-03-21,2,534.12,Email
O009788,C0588,P0006,2026-03-21,3,262.62,Organic
O009789,C0773,P0009,2026-03-21,3,228.84,Organic
O009790,C0748,P0014,2026-03-21,3,163.5,Paid
O009791,C0691,P0019,2026-03-21,1,65.77,Organic
O009792,C0632,P0017,2026-03-21,2,246.56,Organic
O009793,C0296,P0023,2026-03-21,3,437.97,Organic
O009794,C0352,P0019,2026-03-21,2,131.54,Referral
O009795,C0481,P0020,2026-03-21,2,290.68,Email
O009796,C0204,P0017,2026-03-21,1,123.28,Paid
O009797,C0094,P0024,2026-03-21,3,285.51,Email
O009798,C0755,P0017,2026-03-21,1,123.28,Organic
O009799,C0639,P0031,2026-03-21,2,118.8,Email
O009800,C0432,P0030,2026-03-21,1,27.21,Organic
O009801,C0734,P0036,2026-03-21,1,23.73,Email
O009802,C0086,P0035,2026-03-21,1,60.4,Organic
O009803,C0254,P0037,2026-03-21,2,128.36,Paid
O009804,C0368,P0036,2026-03-21,3,71.19,Email
O009805,C0181,P0039,2026-03-21,3,331.53,Organic
O009806,C0281,P0035,2026-03-21,3,181.2,Paid
O009807,C0725,P0003,2026-03-21,2,671.94,Email
O009808,C0766,P0007,2026-03-21,1,67.93,Organic
O009809,C0552,P0005,2026-03-21,3,198.96,Referral
O009810,C0455,P0008,2026-03-21,2,378.78,Email
O009811,C0476,P0008,2026-03-21,3,568.17,Referral
O009812,C0721,P0013,2026-03-21,3,134.58,Organic
O009813,C0111,P0023,2026-03-21,1,145.99,Organic
O009814,C0584,P0018,2026-03-21,1,87.21,Organic
O009815,C0625,P0027,2026-03-21,1,13.39,Organic
O009816,C0682,P0026,2026-03-21,3,65.61,Paid
O009817,C0514,P0025,2026-03-21,3,81.03,Referral
O009818,C0442,P0029,2026-03-21,1,24.45,Email
O009819,C0133,P0037,2026-03-21,1,64.18,Paid
O009820,C0232,P0038,2026-03-21,3,205.11,Paid
O009821,C0599,P0007,2026-03-22,1,67.93,Organic
O009822,C0251,P0001,2026-03-22,1,40.3,Referral
O009823,C0021,P0002,2026-03-22,1,267.06,Email
O009824,C0302,P0007,2026-03-22,3,203.79,Organic
O009825,C0349,P0001,2026-03-22,1,40.3,Organic
O009826,C0208,P0013,2026-03-22,2,89.72,Referral
O009827,C0599,P0009,2026-03-22,1,76.28,Organic
O009828,C0156,P0013,2026-03-22,1,44.86,Organic
O009829,C0488,P0012,2026-03-22,1,45.06,Referral
O009830,C0361,P0010,2026-03-22,3,58.2,Organic
O009831,C0121,P0020,2026-03-22,2,290.68,Organic
O009832,C0196,P0027,2026-03-22,1,13.39,Email
O009833,C0425,P0026,2026-03-22,2,43.74,Organic
O009834,C0707,P0028,2026-03-22,2,44.4,Email
O009835,C0240,P0031,2026-03-22,2,118.8,Referral
O009836,C0700,P0035,2026-03-22,1,60.4,Organic
O009837,C0707,P0036,2026-03-22,3,71.19,Paid
O009838,C0377,P0039,2026-03-22,2,221.02,Referral
O009839,C0302,P0035,2026-03-22,2,120.8,Referral
O009840,C0645,P0001,2026-03-22,3,120.9,Paid
O009841,C0719,P0003,2026-03-22,1,335.97,Email
O009842,C0529,P0005,2026-03-22,3,198.96,Paid
O009843,C0712,P0013,2026-03-22,3,134.58,Organic
O009844,C0308,P0012,2026-03-22,2,90.12,Organic
O009845,C0509,P0011,2026-03-22,3,136.29,Organic
O009846,C0063,P0009,2026-03-22,1,76.28,Paid
O009847,C0326,P0013,2026-03-22,2,89.72,Organic
O009848,C0728,P0015,2026-03-22,1,55.14,Referral
O009849,C0400,P0023,2026-03-22,2,291.98,Organic
O009850,C0738,P0021,2026-03-22,2,223.52,Organic
O009851,C0563,P0023,2026-03-22,3,437.97,Paid
O009852,C0207,P0019,2026-03-22,2,131.54,Organic
O009853,C0364,P0026,2026-03-22,3,65.61,Referral
O009854,C0164,P0029,2026-03-22,1,24.45,Organic
O009855,C0762,P0040,2026-03-22,2,120.98,Email
O009856,C0645,P0033,2026-03-22,2,70.36,Referral
O009857,C0238,P0007,2026-03-22,1,67.93,Paid
O009858,C0069,P0005,2026-03-22,1,66.32,Organic
O009859,C0486,P0004,2026-03-22,3,545.58,Paid
O009860,C0163,P0007,2026-03-22,1,67.93,Organic
O009861,C0482,P0009,2026-03-22,1,76.28,Organic
O009862,C0618,P0023,2026-03-22,1,145.99,Paid
O009863,C0535,P0024,2026-03-22,1,95.17,Paid
O009864,C0354,P0018,2026-03-22,1,87.21,Organic
O009865,C0481,P0020,2026-03-22,2,290.68,Organic
O009866,C0097,P0027,2026-03-22,1,13.39,Email
O009867,C0012,P0028,2026-03-22,2,44.4,Organic
O009868,C0611,P0039,2026-03-22,1,110.51,Organic
O009869,C0644,P0038,2026-03-22,2,136.74,Paid
O009870,C0332,P0036,2026-03-22,3,71.19,Organic
O009871,C0078,P0034,2026-03-22,1,53.91,Referral
O009872,C0160,P0038,2026-03-22,2,136.74,Email
O009873,C0535,P0033,2026-03-22,1,35.18,Organic
O009874,C0614,P0005,2026-03-22,2,132.64,Organic
O009875,C0571,P0007,2026-03-22,3,203.79,Paid
O009876,C0359,P0015,2026-03-22,2,110.28,Referral
O009877,C0528,P0009,2026-03-22,3,228.84,Email
O009878,C0068,P0021,2026-03-22,3,335.28,Organic
O009879,C0685,P0017,2026-03-22,3,369.84,Email
O009880,C0717,P0023,2026-03-22,1,145.99,Email
O009881,C0725,P0018,2026-03-22,3,261.63,Organic
O009882,C0223,P0021,2026-03-22,1,111.76,Email
O009883,C0244,P0025,2026-03-22,1,27.01,Paid
O009884,C0661,P0028,2026-03-22,1,22.2,Organic
O009885,C0626,P0028,2026-03-22,3,66.6,Organic
O009886,C0366,P0026,2026-03-22,2,43.74,Referral
O009887,C0758,P0031,2026-03-22,3,178.2,Organic
O009888,C0045,P0008,2026-03-23,2,378.78,Organic
O009889,C0777,P0007,2026-03-23,1,67.93,Referral
O009890,C0403,P0005,2026-03-23,1,66.32,Referral
O009891,C0321,P0010,2026-03-23,1,19.4,Paid
O009892,C0279,P0016,2026-03-23,2,60.6,Referral
O009893,C0504,P0020,2026-03-23,1,145.34,Referral
O009894,C0358,P0019,2026-03-23,3,197.31,Organic
O009895,C0050,P0017,2026-03-23,1,123.28,Organic
O009896,C0377,P0019,2026-03-23,3,197.31,Organic
O009897,C0294,P0023,2026-03-23,1,145.99,Referral
O009898,C0704,P0018,2026-03-23,2,174.42,Paid
O009899,C0358,P0026,2026-03-23,3,65.61,Email
O009900,C0659,P0028,2026-03-23,1,22.2,Organic
O009901,C0737,P0025,2026-03-23,3,81.03,Email
O009902,C0004,P0032,2026-03-23,1,39.62,Organic
O009903,C0557,P0030,2026-03-23,2,54.42,Email
O009904,C0562,P0035,2026-03-23,1,60.4,Organic
O009905,C0305,P0040,2026-03-23,1,60.49,Organic
O009906,C0139,P0005,2026-03-23,1,66.32,Email
O009907,C0566,P0003,2026-03-23,2,671.94,Paid
O009908,C0038,P0004,2026-03-23,1,181.86,Paid
O009909,C0158,P0016,2026-03-23,1,30.3,Paid
O009910,C0441,P0012,2026-03-23,3,135.18,Paid
O009911,C0460,P0018,2026-03-23,3,261.63,Organic
O009912,C0640,P0019,2026-03-23,2,131.54,Paid
O009913,C0202,P0017,2026-03-23,3,369.84,Organic
O009914,C0521,P0032,2026-03-23,1,39.62,Organic
O009915,C0018,P0039,2026-03-23,1,110.51,Organic
O009916,C0132,P0034,2026-03-23,2,107.82,Organic
O009917,C0395,P0037,2026-03-23,1,64.18,Email
O009918,C0438,P0034,2026-03-23,1,53.91,Organic
O009919,C0778,P0040,2026-03-23,1,60.49,Organic
O009920,C0368,P0006,2026-03-23,1,87.54,Paid
O009921,C0635,P0016,2026-03-23,2,60.6,Organic
O009922,C0536,P0015,2026-03-23,2,110.28,Organic
O009923,C0060,P0015,2026-03-23,3,165.42,Paid
O009924,C0523,P0016,2026-03-23,2,60.6,Paid
O009925,C0388,P0017,2026-03-23,3,369.84,Paid
O009926,C0157,P0023,2026-03-23,2,291.98,Paid
O009927,C0258,P0020,2026-03-23,3,436.02,Email
O009928,C0389,P0020,2026-03-23,2,290.68,Paid
O009929,C0611,P0020,2026-03-23,1,145.34,Organic
O009930,C0368,P0027,2026-03-23,2,26.78,Email
O009931,C0396,P0032,2026-03-23,3,118.86,Paid
O009932,C0483,P0037,2026-03-23,2,128.36,Referral
O009933,C0396,P0036,2026-03-23,2,47.46,Referral
O009934,C0580,P0004,2026-03-23,2,363.72,Organic
O009935,C0074,P0002,2026-03-23,1,267.06,Paid
O009936,C0567,P0007,2026-03-23,1,67.93,Referral
O009937,C0458,P0007,2026-03-23,3,203.79,Referral
O009938,C0174,P0009,2026-03-23,2,152.56,Organic
O009939,C0729,P0024,2026-03-23,1,95.17,Paid
O009940,C0320,P0027,2026-03-23,3,40.17,Paid
O009941,C0690,P0026,2026-03-23,3,65.61,Email
O009942,C0717,P0037,2026-03-23,2,128.36,Referral
O009943,C0491,P0040,2026-03-23,1,60.49,Organic
O009944,C0720,P0040,2026-03-23,1,60.49,Email
O009945,C0108,P0008,2026-03-24,1,189.39,Organic
O009946,C0463,P0001,2026-03-24,2,80.6,Paid
O009947,C0711,P0008,2026-03-24,2,378.78,Organic
O009948,C0280,P0003,2026-03-24,2,671.94,Referral
O009949,C0515,P0009,2026-03-24,2,152.56,Paid
O009950,C0279,P0013,2026-03-24,2,89.72,Paid
O009951,C0245,P0022,2026-03-24,2,82.38,Email
O009952,C0085,P0019,2026-03-24,3,197.31,Email
O009953,C0376,P0031,2026-03-24,1,59.4,Paid
O009954,C0687,P0030,2026-03-24,2,54.42,Email
O009955,C0504,P0037,2026-03-24,1,64.18,Organic
O009956,C0655,P0035,2026-03-24,2,120.8,Paid
O009957,C0557,P0036,2026-03-24,1,23.73,Email
O009958,C0760,P0001,2026-03-24,3,120.9,Paid
O009959,C0054,P0002,2026-03-24,2,534.12,Email
O009960,C0696,P0005,2026-03-24,3,198.96,Organic
O009961,C0192,P0006,2026-03-24,3,262.62,Referral
O009962,C0431,P0006,2026-03-24,2,175.08,Paid
O009963,C0464,P0011,2026-03-24,3,136.29,Organic
O009964,C0447,P0011,2026-03-24,1,45.43,Organic
O009965,C0521,P0022,2026-03-24,2,82.38,Email
O009966,C0727,P0023,2026-03-24,1,145.99,Email
O009967,C0553,P0018,2026-03-24,2,174.42,Organic
O009968,C0529,P0028,2026-03-24,2,44.4,Paid
O009969,C0489,P0031,2026-03-24,1,59.4,Paid
O009970,C0680,P0032,2026-03-24,3,118.86,Email
O009971,C0168,P0009,2026-03-24,1,76.28,Email
O009972,C0656,P0011,2026-03-24,3,136.29,Organic
O009973,C0327,P0009,2026-03-24,1,76.28,Organic
O009974,C0618,P0012,2026-03-24,2,90.12,Paid
O009975,C0225,P0020,2026-03-24,3,436.02,Organic
O009976,C0318,P0017,2026-03-24,2,246.56,Paid
O009977,C0259,P0032,2026-03-24,2,79.24,Paid
O009978,C0306,P0029,2026-03-24,3,73.35,Organic
O009979,C0259,P0027,2026-03-24,2,26.78,Referral
O009980,C0269,P0037,2026-03-24,2,128.36,Referral
O009981,C0224,P0002,2026-03-24,3,801.18,Organic
O009982,C0714,P0012,2026-03-24,1,45.06,Paid
O009983,C0290,P0012,2026-03-24,2,90.12,Email
O009984,C0210,P0009,2026-03-24,1,76.28,Organic
O009985,C0134,P0013,2026-03-24,1,44.86,Paid
O009986,C0631,P0028,2026-03-24,3,66.6,Organic
O009987,C0336,P0026,2026-03-24,2,43.74,Referral
O009988,C0070,P0026,2026-03-24,1,21.87,Organic
O009989,C0722,P0040,2026-03-24,2,120.98,Paid
O009990,C0455,P0036,2026-03-24,1,23.73,Organic
O009991,C0246,P0040,2026-03-24,2,120.98,Email
O009992,C0641,P0006,2026-03-25,2,175.08,Organic
O009993,C0365,P0003,2026-03-25,1,335.97,Email
O009994,C0704,P0007,2026-03-25,2,135.86,Paid
O009995,C0233,P0007,2026-03-25,2,135.86,Paid
O009996,C0100,P0008,2026-03-25,1,189.39,Paid
O009997,C0540,P0009,2026-03-25,3,228.84,Organic
O009998,C0330,P0017,2026-03-25,2,246.56,Organic
O009999,C0756,P0036,2026-03-25,2,47.46,Referral
O010000,C0180,P0034,2026-03-25,2,107.82,Email
O010001,C0362,P0034,2026-03-25,1,53.91,Referral
O010002,C0489,P0002,2026-03-25,2,534.12,Organic
O010003,C0243,P0008,2026-03-25,2,378.78,Organic
O010004,C0176,P0007,2026-03-25,2,135.86,Organic
O010005,C0516,P0004,2026-03-25,2,363.72,Paid
O010006,C0616,P0007,2026-03-25,3,203.79,Email
O010007,C0312,P0024,2026-03-25,2,190.34,Organic
O010008,C0345,P0023,2026-03-25,1,145.99,Paid
O010009,C0024,P0024,2026-03-25,1,95.17,Referral
O010010,C0621,P0018,2026-03-25,2,174.42,Organic
O010011,C0683,P0029,2026-03-25,2,48.9,Organic
O010012,C0356,P0027,2026-03-25,3,40.17,Organic
O010013,C0026,P0039,2026-03-25,3,331.53,Organic
O010014,C0426,P0036,2026-03-25,1,23.73,Organic
O010015,C0421,P0007,2026-03-25,3,203.79,Referral
O010016,C0258,P0007,2026-03-25,2,135.86,Organic
O010017,C0579,P0008,2026-03-25,3,568.17,Paid
O010018,C0391,P0009,2026-03-25,2,152.56,Organic
O010019,C0639,P0023,2026-03-25,3,437.97,Paid
O010020,C0226,P0018,2026-03-25,2,174.42,Organic
O010021,C0745,P0021,2026-03-25,1,111.76,Organic
O010022,C0767,P0018,2026-03-25,3,261.63,Organic
O010023,C0281,P0024,2026-03-25,3,285.51,Paid
O010024,C0751,P0026,2026-03-25,1,21.87,Paid
O010025,C0413,P0028,2026-03-25,1,22.2,Paid
O010026,C0254,P0028,2026-03-25,1,22.2,Organic
O010027,C0146,P0034,2026-03-25,1,53.91,Organic
O010028,C0525,P0035,2026-03-25,2,120.8,Organic
O010029,C0343,P0005,2026-03-25,1,66.32,Email
O010030,C0028,P0008,2026-03-25,2,378.78,Paid
O010031,C0028,P0013,2026-03-25,2,89.72,Organic
O010032,C0530,P0012,2026-03-25,1,45.06,Paid
O010033,C0379,P0011,2026-03-25,3,136.29,Organic
O010034,C0338,P0009,2026-03-25,2,152.56,Organic
O010035,C0089,P0011,2026-03-25,2,90.86,Paid
O010036,C0580,P0018,2026-03-25,1,87.21,Paid
O010037,C0338,P0020,2026-03-25,1,145.34,Paid
O010038,C0721,P0031,2026-03-25,2,118.8,Organic
O010039,C0541,P0026,2026-03-25,2,43.74,Organic
O010040,C0713,P0027,2026-03-25,3,40.17,Referral
O010041,C0108,P0008,2026-03-26,1,189.39,Paid
O010042,C0180,P0002,2026-03-26,3,801.18,Paid
O010043,C0335,P0004,2026-03-26,2,363.72,Referral
O010044,C0378,P0008,2026-03-26,3,568.17,Organic
O010045,C0771,P0016,2026-03-26,1,30.3,Organic
O010046,C0104,P0010,2026-03-26,2,38.8,Email
O010047,C0444,P0016,2026-03-26,2,60.6,Organic
O010048,C0076,P0012,2026-03-26,3,135.18,Organic
O010049,C0398,P0013,2026-03-26,3,134.58,Paid
O010050,C0367,P0013,2026-03-26,1,44.86,Paid
O010051,C0746,P0017,2026-03-26,3,369.84,Email
O010052,C0534,P0019,2026-03-26,3,197.31,Organic
O010053,C0647,P0019,2026-03-26,3,197.31,Organic
O010054,C0014,P0017,2026-03-26,1,123.28,Organic
O010055,C0777,P0023,2026-03-26,1,145.99,Organic
O010056,C0143,P0019,2026-03-26,2,131.54,Organic
O010057,C0294,P0032,2026-03-26,3,118.86,Referral
O010058,C0779,P0002,2026-03-26,3,801.18,Referral
O010059,C0022,P0003,2026-03-26,2,671.94,Organic
O010060,C0018,P0023,2026-03-26,3,437.97,Referral
O010061,C0039,P0028,2026-03-26,3,66.6,Paid
O010062,C0414,P0029,2026-03-26,2,48.9,Organic
O010063,C0672,P0030,2026-03-26,1,27.21,Organic
O010064,C0646,P0034,2026-03-26,2,107.82,Organic
O010065,C0308,P0035,2026-03-26,1,60.4,Paid
O010066,C0435,P0003,2026-03-26,2,671.94,Paid
O010067,C0209,P0007,2026-03-26,1,67.93,Paid
O010068,C0260,P0001,2026-03-26,2,80.6,Organic
O010069,C0523,P0010,2026-03-26,3,58.2,Organic
O010070,C0578,P0010,2026-03-26,3,58.2,Paid
O010071,C0250,P0009,2026-03-26,2,152.56,Organic
O010072,C0772,P0021,2026-03-26,3,335.28,Organic
O010073,C0456,P0024,2026-03-26,3,285.51,Organic
O010074,C0772,P0017,2026-03-26,2,246.56,Paid
O010075,C0594,P0021,2026-03-26,3,335.28,Organic
O010076,C0047,P0020,2026-03-26,2,290.68,Organic
O010077,C0765,P0024,2026-03-26,2,190.34,Organic
O010078,C0216,P0028,2026-03-26,2,44.4,Organic
O010079,C0083,P0037,2026-03-26,2,128.36,Email
O010080,C0009,P0038,2026-03-26,2,136.74,Paid
O010081,C0650,P0003,2026-03-26,2,671.94,Paid
O010082,C0075,P0013,2026-03-26,2,89.72,Organic
O010083,C0005,P0015,2026-03-26,1,55.14,Organic
O010084,C0172,P0015,2026-03-26,3,165.42,Organic
O010085,C0020,P0009,2026-03-26,2,152.56,Email
O010086,C0353,P0009,2026-03-26,3,228.84,Email
O010087,C0652,P0024,2026-03-26,3,285.51,Paid
O010088,C0111,P0019,2026-03-26,3,197.31,Paid
O010089,C0020,P0024,2026-03-26,3,285.51,Referral
O010090,C0174,P0024,2026-03-26,2,190.34,Paid
O010091,C0601,P0023,2026-03-26,2,291.98,Paid
O010092,C0116,P0029,2026-03-26,2,48.9,Paid
O010093,C0433,P0035,2026-03-26,1,60.4,Paid
O010094,C0685,P0035,2026-03-26,1,60.4,Organic
O010095,C0037,P0001,2026-03-27,2,80.6,Referral
O010096,C0087,P0006,2026-03-27,2,175.08,Paid
O010097,C0726,P0014,2026-03-27,2,109.0,Email
O010098,C0003,P0020,2026-03-27,2,290.68,Organic
O010099,C0743,P0022,2026-03-27,2,82.38,Referral
O010100,C0067,P0032,2026-03-27,2,79.24,Email
O010101,C0076,P0031,2026-03-27,2,118.8,Email
O010102,C0746,P0029,2026-03-27,1,24.45,Organic
O010103,C0067,P0040,2026-03-27,3,181.47,Email
O010104,C0189,P0034,2026-03-27,2,107.82,Paid
O010105,C0577,P0005,2026-03-27,2,132.64,Referral
O010106,C0527,P0006,2026-03-27,1,87.54,Paid
O010107,C0350,P0008,2026-03-27,1,189.39,Organic
O010108,C0187,P0009,2026-03-27,1,76.28,Organic
O010109,C0142,P0021,2026-03-27,1,111.76,Paid
O010110,C0648,P0032,2026-03-27,1,39.62,Organic
O010111,C0242,P0032,2026-03-27,3,118.86,Organic
O010112,C0516,P0039,2026-03-27,2,221.02,Referral
O010113,C0081,P0040,2026-03-27,1,60.49,Paid
O010114,C0157,P0002,2026-03-27,2,534.12,Paid
O010115,C0429,P0016,2026-03-27,3,90.9,Referral
O010116,C0773,P0018,2026-03-27,2,174.42,Referral
O010117,C0262,P0017,2026-03-27,3,369.84,Referral
O010118,C0292,P0027,2026-03-27,1,13.39,Paid
O010119,C0749,P0029,2026-03-27,2,48.9,Organic
O010120,C0389,P0029,2026-03-27,2,48.9,Paid
O010121,C0757,P0026,2026-03-27,1,21.87,Paid
O010122,C0269,P0040,2026-03-27,1,60.49,Organic
O010123,C0193,P0005,2026-03-27,2,132.64,Organic
O010124,C0753,P0004,2026-03-27,3,545.58,Email
O010125,C0658,P0006,2026-03-27,2,175.08,Referral
O010126,C0053,P0011,2026-03-27,3,136.29,Organic
O010127,C0551,P0010,2026-03-27,2,38.8,Paid
O010128,C0643,P0022,2026-03-27,3,123.57,Organic
O010129,C0244,P0032,2026-03-27,3,118.86,Organic
O010130,C0283,P0035,2026-03-27,1,60.4,Organic
O010131,C0793,P0001,2026-03-28,3,120.9,Referral
O010132,C0275,P0001,2026-03-28,1,40.3,Paid
O010133,C0606,P0013,2026-03-28,1,44.86,Organic
O010134,C0439,P0012,2026-03-28,3,135.18,Paid
O010135,C0004,P0012,2026-03-28,2,90.12,Organic
O010136,C0124,P0009,2026-03-28,2,152.56,Organic
O010137,C0382,P0022,2026-03-28,1,41.19,Organic
O010138,C0540,P0022,2026-03-28,1,41.19,Organic
O010139,C0302,P0021,2026-03-28,3,335.28,Organic
O010140,C0443,P0018,2026-03-28,2,174.42,Paid
O010141,C0687,P0020,2026-03-28,1,145.34,Paid
O010142,C0704,P0017,2026-03-28,2,246.56,Paid
O010143,C0141,P0029,2026-03-28,3,73.35,Email
O010144,C0548,P0029,2026-03-28,2,48.9,Paid
O010145,C0145,P0039,2026-03-28,2,221.02,Organic
O010146,C0050,P0039,2026-03-28,3,331.53,Organic
O010147,C0030,P0033,2026-03-28,1,35.18,Organic
O010148,C0397,P0033,2026-03-28,3,105.54,Organic
O010149,C0085,P0038,2026-03-28,1,68.37,Organic
O010150,C0322,P0003,2026-03-28,3,1007.91,Referral
O010151,C0218,P0003,2026-03-28,3,1007.91,Organic
O010152,C0518,P0013,2026-03-28,2,89.72,Organic
O010153,C0727,P0010,2026-03-28,3,58.2,Paid
O010154,C0489,P0013,2026-03-28,1,44.86,Email
O010155,C0393,P0014,2026-03-28,2,109.0,Paid
O010156,C0783,P0011,2026-03-28,3,136.29,Paid
O010157,C0728,P0020,2026-03-28,1,145.34,Paid
O010158,C0202,P0023,2026-03-28,2,291.98,Organic
O010159,C0702,P0022,2026-03-28,3,123.57,Paid
O010160,C0719,P0026,2026-03-28,3,65.61,Organic
O010161,C0101,P0026,2026-03-28,1,21.87,Email
O010162,C0339,P0028,2026-03-28,1,22.2,Organic
O010163,C0784,P0031,2026-03-28,1,59.4,Organic
O010164,C0308,P0035,2026-03-28,1,60.4,Email
O010165,C0138,P0004,2026-03-28,3,545.58,Paid
O010166,C0693,P0007,2026-03-28,2,135.86,Paid
O010167,C0644,P0011,2026-03-28,3,136.29,Paid
O010168,C0497,P0024,2026-03-28,2,190.34,Organic
O010169,C0483,P0023,2026-03-28,2,291.98,Paid
O010170,C0424,P0021,2026-03-28,3,335.28,Email
O010171,C0459,P0024,2026-03-28,2,190.34,Paid
O010172,C0392,P0028,2026-03-28,2,44.4,Referral
O010173,C0195,P0002,2026-03-28,1,267.06,Organic
O010174,C0232,P0006,2026-03-28,1,87.54,Paid
O010175,C0434,P0012,2026-03-28,1,45.06,Organic
O010176,C0325,P0016,2026-03-28,1,30.3,Email
O010177,C0623,P0024,2026-03-28,3,285.51,Paid
O010178,C0440,P0017,2026-03-28,2,246.56,Organic
O010179,C0631,P0032,2026-03-28,3,118.86,Organic
O010180,C0283,P0030,2026-03-28,2,54.42,Referral
O010181,C0567,P0036,2026-03-28,1,23.73,Email
O010182,C0367,P0005,2026-03-29,2,132.64,Paid
O010183,C0583,P0007,2026-03-29,1,67.93,Paid
O010184,C0562,P0002,2026-03-29,2,534.12,Email
O010185,C0151,P0007,2026-03-29,1,67.93,Email
O010186,C0665,P0008,2026-03-29,3,568.17,Organic
O010187,C0045,P0012,2026-03-29,1,45.06,Organic
O010188,C0637,P0013,2026-03-29,3,134.58,Organic
O010189,C0030,P0024,2026-03-29,3,285.51,Referral
O010190,C0294,P0031,2026-03-29,3,178.2,Paid
O010191,C0649,P0032,2026-03-29,2,79.24,Organic
O010192,C0302,P0028,2026-03-29,3,66.6,Email
O010193,C0538,P0033,2026-03-29,2,70.36,Organic
O010194,C0703,P0036,2026-03-29,2,47.46,Organic
O010195,C0504,P0034,2026-03-29,2,107.82,Organic
O010196,C0606,P0034,2026-03-29,3,161.73,Paid
O010197,C0369,P0006,2026-03-29,1,87.54,Organic
O010198,C0529,P0004,2026-03-29,3,545.58,Organic
O010199,C0485,P0006,2026-03-29,1,87.54,Organic
O010200,C0339,P0003,2026-03-29,3,1007.91,Paid
O010201,C0312,P0007,2026-03-29,2,135.86,Organic
O010202,C0038,P0016,2026-03-29,1,30.3,Organic
O010203,C0770,P0015,2026-03-29,1,55.14,Email
O010204,C0597,P0010,2026-03-29,1,19.4,Referral
O010205,C0712,P0019,2026-03-29,1,65.77,Referral
O010206,C0784,P0020,2026-03-29,1,145.34,Organic
O010207,C0065,P0017,2026-03-29,3,369.84,Organic
O010208,C0585,P0030,2026-03-29,2,54.42,Organic
O010209,C0602,P0025,2026-03-29,1,27.01,Organic
O010210,C0597,P0025,2026-03-29,1,27.01,Organic
O010211,C0589,P0003,2026-03-29,3,1007.91,Referral
O010212,C0411,P0004,2026-03-29,1,181.86,Organic
O010213,C0318,P0002,2026-03-29,1,267.06,Paid
O010214,C0392,P0007,2026-03-29,3,203.79,Organic
O010215,C0097,P0004,2026-03-29,3,545.58,Paid
O010216,C0296,P0010,2026-03-29,3,58.2,Email
O010217,C0363,P0012,2026-03-29,2,90.12,Paid
O010218,C0593,P0017,2026-03-29,1,123.28,Organic
O010219,C0578,P0023,2026-03-29,3,437.97,Referral
O010220,C0181,P0019,2026-03-29,3,197.31,Organic
O010221,C0579,P0020,2026-03-29,3,436.02,Organic
O010222,C0554,P0017,2026-03-29,3,369.84,Paid
O010223,C0531,P0027,2026-03-29,2,26.78,Paid
O010224,C0237,P0026,2026-03-29,2,43.74,Organic
O010225,C0787,P0030,2026-03-29,3,81.63,Paid
O010226,C0418,P0031,2026-03-29,1,59.4,Paid
O010227,C0774,P0040,2026-03-29,2,120.98,Email
O010228,C0513,P0036,2026-03-29,2,47.46,Organic
O010229,C0353,P0002,2026-03-29,3,801.18,Referral
O010230,C0714,P0003,2026-03-29,1,335.97,Organic
O010231,C0118,P0002,2026-03-29,1,267.06,Email
O010232,C0246,P0001,2026-03-29,2,80.6,Organic
O010233,C0440,P0014,2026-03-29,1,54.5,Paid
O010234,C0127,P0038,2026-03-29,3,205.11,Email
O010235,C0066,P0033,2026-03-29,1,35.18,Organic
O010236,C0351,P0035,2026-03-29,3,181.2,Organic
O010237,C0301,P0034,2026-03-29,3,161.73,Organic
O010238,C0394,P0002,2026-03-30,1,267.06,Paid
O010239,C0001,P0010,2026-03-30,3,58.2,Email
O010240,C0280,P0024,2026-03-30,3,285.51,Organic
O010241,C0143,P0018,2026-03-30,2,174.42,Referral
O010242,C0607,P0032,2026-03-30,2,79.24,Paid
O010243,C0008,P0030,2026-03-30,2,54.42,Organic
O010244,C0384,P0031,2026-03-30,2,118.8,Organic
O010245,C0249,P0027,2026-03-30,3,40.17,Referral
O010246,C0212,P0031,2026-03-30,2,118.8,Paid
O010247,C0637,P0029,2026-03-30,1,24.45,Organic
O010248,C0394,P0036,2026-03-30,1,23.73,Email
O010249,C0715,P0040,2026-03-30,3,181.47,Email
O010250,C0337,P0004,2026-03-30,3,545.58,Organic
O010251,C0485,P0001,2026-03-30,2,80.6,Organic
O010252,C0339,P0005,2026-03-30,2,132.64,Organic
O010253,C0322,P0006,2026-03-30,2,175.08,Paid
O010254,C0192,P0013,2026-03-30,1,44.86,Organic
O010255,C0674,P0014,2026-03-30,1,54.5,Organic
O010256,C0393,P0011,2026-03-30,1,45.43,Paid
O010257,C0162,P0017,2026-03-30,2,246.56,Organic
O010258,C0234,P0018,2026-03-30,1,87.21,Organic
O010259,C0759,P0022,2026-03-30,2,82.38,Paid
O010260,C0065,P0031,2026-03-30,2,118.8,Referral
O010261,C0448,P0030,2026-03-30,1,27.21,Email
O010262,C0054,P0026,2026-03-30,3,65.61,Email
O010263,C0182,P0031,2026-03-30,3,178.2,Email
O010264,C0428,P0036,2026-03-30,1,23.73,Email
O010265,C0751,P0004,2026-03-30,1,181.86,Organic
O010266,C0299,P0016,2026-03-30,1,30.3,Referral
O010267,C0211,P0014,2026-03-30,2,109.0,Paid
O010268,C0768,P0017,2026-03-30,2,246.56,Paid
O010269,C0451,P0018,2026-03-30,1,87.21,Organic
O010270,C0745,P0029,2026-03-30,1,24.45,Email
O010271,C0380,P0031,2026-03-30,3,178.2,Referral
O010272,C0238,P0029,2026-03-30,2,48.9,Paid
O010273,C0588,P0038,2026-03-30,1,68.37,Paid
O010274,C0629,P0033,2026-03-30,1,35.18,Paid
O010275,C0179,P0039,2026-03-30,3,331.53,Paid
O010276,C0131,P0008,2026-03-30,1,189.39,Referral
O010277,C0197,P0011,2026-03-30,3,136.29,Paid
O010278,C0198,P0012,2026-03-30,3,135.18,Referral
O010279,C0053,P0011,2026-03-30,3,136.29,Organic
O010280,C0131,P0019,2026-03-30,3,197.31,Organic
O010281,C0625,P0028,2026-03-30,2,44.4,Organic
O010282,C0134,P0038,2026-03-30,1,68.37,Email
O010283,C0532,P0039,2026-03-30,3,331.53,Email
O010284,C0172,P0038,2026-03-30,2,136.74,Organic
O010285,C0189,P0007,2026-03-31,3,203.79,Paid
O010286,C0280,P0008,2026-03-31,1,189.39,Email
O010287,C0700,P0004,2026-03-31,3,545.58,Organic
O010288,C0515,P0009,2026-03-31,3,228.84,Referral
O010289,C0303,P0009,2026-03-31,2,152.56,Organic
O010290,C0362,P0018,2026-03-31,2,174.42,Referral
O010291,C0403,P0020,2026-03-31,2,290.68,Referral
O010292,C0145,P0017,2026-03-31,2,246.56,Organic
O010293,C0488,P0023,2026-03-31,1,145.99,Paid
O010294,C0001,P0022,2026-03-31,2,82.38,Paid
O010295,C0679,P0022,2026-03-31,3,123.57,Organic
O010296,C0233,P0023,2026-03-31,2,291.98,Organic
O010297,C0072,P0019,2026-03-31,1,65.77,Paid
O010298,C0415,P0033,2026-03-31,3,105.54,Organic
O010299,C0143,P0035,2026-03-31,3,181.2,Organic
O010300,C0709,P0038,2026-03-31,1,68.37,Paid
O010301,C0789,P0008,2026-03-31,2,378.78,Paid
O010302,C0329,P0001,2026-03-31,1,40.3,Organic
O010303,C0550,P0016,2026-03-31,2,60.6,Paid
O010304,C0738,P0013,2026-03-31,2,89.72,Email
O010305,C0441,P0009,2026-03-31,3,228.84,Organic
O010306,C0206,P0015,2026-03-31,3,165.42,Organic
O010307,C0447,P0017,2026-03-31,2,246.56,Paid
O010308,C0369,P0021,2026-03-31,1,111.76,Organic
O010309,C0099,P0017,2026-03-31,1,123.28,Paid
O010310,C0719,P0020,2026-03-31,2,290.68,Organic
O010311,C0735,P0025,2026-03-31,1,27.01,Paid
O010312,C0447,P0027,2026-03-31,1,13.39,Paid
O010313,C0475,P0038,2026-03-31,1,68.37,Email
O010314,C0146,P0003,2026-03-31,3,1007.91,Organic
O010315,C0060,P0003,2026-03-31,2,671.94,Organic
O010316,C0060,P0014,2026-03-31,3,163.5,Referral
O010317,C0406,P0012,2026-03-31,3,135.18,Organic
O010318,C0306,P0010,2026-03-31,2,38.8,Paid
O010319,C0237,P0023,2026-03-31,3,437.97,Email
O010320,C0146,P0019,2026-03-31,1,65.77,Organic
O010321,C0406,P0019,2026-03-31,2,131.54,Organic
O010322,C0456,P0031,2026-03-31,2,118.8,Email
O010323,C0437,P0028,2026-03-31,3,66.6,Paid
O010324,C0608,P0031,2026-03-31,1,59.4,Paid
O010325,C0579,P0037,2026-03-31,2,128.36,Organic
O010326,C0060,P0033,2026-03-31,2,70.36,Organic
O010327,C0306,P0036,2026-03-31,2,47.46,Email
O010328,C0750,P0008,2026-03-31,2,378.78,Paid
O010329,C0658,P0003,2026-03-31,3,1007.91,Organic
O010330,C0581,P0004,2026-03-31,3,545.58,Paid
O010331,C0266,P0006,2026-03-31,3,262.62,Organic
O010332,C0070,P0012,2026-03-31,1,45.06,Paid
O010333,C0551,P0016,2026-03-31,3,90.9,Organic
O010334,C0055,P0023,2026-03-31,1,145.99,Referral
O010335,C0433,P0023,2026-03-31,2,291.98,Email
O010336,C0336,P0020,2026-03-31,3,436.02,Referral
O010337,C0658,P0019,2026-03-31,3,197.31,Organic
O010338,C0353,P0020,2026-03-31,2,290.68,Email
O010339,C0601,P0017,2026-03-31,1,123.28,Organic
O010340,C0614,P0026,2026-03-31,1,21.87,Organic
O010341,C0338,P0031,2026-03-31,3,178.2,Paid
O010342,C0256,P0035,2026-03-31,3,181.2,Organic
O010343,C0336,P0034,2026-03-31,3,161.73,Email
O010344,C0532,P0039,2026-03-31,2,221.02,Organic
O010345,C0359,P0040,2026-03-31,1,60.49,Paid
O010346,C0358,P0007,2026-04-01,1,67.93,Paid
O010347,C0017,P0006,2026-04-01,1,87.54,Paid
O010348,C0367,P0007,2026-04-01,3,203.79,Organic
O010349,C0599,P0006,2026-04-01,1,87.54,Organic
O010350,C0398,P0014,2026-04-01,3,163.5,Paid
O010351,C0756,P0020,2026-04-01,3,436.02,Paid
O010352,C0637,P0035,2026-04-01,1,60.4,Paid
O010353,C0636,P0039,2026-04-01,3,331.53,Email
O010354,C0716,P0034,2026-04-01,1,53.91,Paid
O010355,C0329,P0007,2026-04-01,1,67.93,Paid
O010356,C0340,P0007,2026-04-01,2,135.86,Referral
O010357,C0126,P0004,2026-04-01,1,181.86,Paid
O010358,C0059,P0013,2026-04-01,3,134.58,Referral
O010359,C0115,P0012,2026-04-01,3,135.18,Paid
O010360,C0219,P0017,2026-04-01,1,123.28,Organic
O010361,C0674,P0021,2026-04-01,3,335.28,Paid
O010362,C0426,P0020,2026-04-01,1,145.34,Email
O010363,C0295,P0038,2026-04-01,2,136.74,Organic
O010364,C0314,P0034,2026-04-01,3,161.73,Email
O010365,C0171,P0033,2026-04-01,3,105.54,Paid
O010366,C0047,P0003,2026-04-01,2,671.94,Paid
O010367,C0635,P0003,2026-04-01,2,671.94,Email
O010368,C0002,P0005,2026-04-01,3,198.96,Email
O010369,C0546,P0007,2026-04-01,2,135.86,Paid
O010370,C0137,P0006,2026-04-01,2,175.08,Email
O010371,C0354,P0010,2026-04-01,3,58.2,Organic
O010372,C0525,P0015,2026-04-01,3,165.42,Paid
O010373,C0258,P0013,2026-04-01,2,89.72,Paid
O010374,C0483,P0011,2026-04-01,3,136.29,Organic
O010375,C0267,P0009,2026-04-01,1,76.28,Organic
O010376,C0213,P0026,2026-04-01,2,43.74,Referral
O010377,C0450,P0034,2026-04-01,1,53.91,Paid
O010378,C0315,P0035,2026-04-01,2,120.8,Organic
O010379,C0319,P0006,2026-04-01,1,87.54,Organic
O010380,C0714,P0003,2026-04-01,2,671.94,Organic
O010381,C0753,P0003,2026-04-01,1,335.97,Organic
O010382,C0256,P0009,2026-04-01,3,228.84,Referral
O010383,C0366,P0010,2026-04-01,1,19.4,Organic
O010384,C0253,P0013,2026-04-01,1,44.86,Paid
O010385,C0551,P0012,2026-04-01,2,90.12,Paid
O010386,C0353,P0012,2026-04-01,1,45.06,Email
O010387,C0685,P0017,2026-04-01,1,123.28,Organic
O010388,C0442,P0021,2026-04-01,2,223.52,Organic
O010389,C0320,P0019,2026-04-01,2,131.54,Email
O010390,C0195,P0019,2026-04-01,2,131.54,Paid
O010391,C0325,P0028,2026-04-01,1,22.2,Email
O010392,C0222,P0033,2026-04-01,2,70.36,Referral
O010393,C0143,P0006,2026-04-02,2,175.08,Organic
O010394,C0520,P0011,2026-04-02,3,136.29,Organic
O010395,C0576,P0013,2026-04-02,3,134.58,Organic
O010396,C0294,P0021,2026-04-02,2,223.52,Organic
O010397,C0252,P0023,2026-04-02,3,437.97,Email
O010398,C0562,P0019,2026-04-02,1,65.77,Paid
O010399,C0136,P0026,2026-04-02,2,43.74,Organic
O010400,C0655,P0030,2026-04-02,2,54.42,Organic
O010401,C0122,P0001,2026-04-02,2,80.6,Organic
O010402,C0784,P0003,2026-04-02,3,1007.91,Organic
O010403,C0733,P0009,2026-04-02,3,228.84,Organic
O010404,C0340,P0015,2026-04-02,1,55.14,Organic
O010405,C0171,P0010,2026-04-02,1,19.4,Paid
O010406,C0230,P0010,2026-04-02,1,19.4,Organic
O010407,C0739,P0009,2026-04-02,1,76.28,Organic
O010408,C0674,P0020,2026-04-02,3,436.02,Paid
O010409,C0106,P0020,2026-04-02,1,145.34,Organic
O010410,C0747,P0025,2026-04-02,1,27.01,Paid
O010411,C0597,P0028,2026-04-02,2,44.4,Email
O010412,C0314,P0034,2026-04-02,1,53.91,Organic
O010413,C0288,P0038,2026-04-02,3,205.11,Organic
O010414,C0698,P0034,2026-04-02,2,107.82,Referral
O010415,C0411,P0005,2026-04-02,1,66.32,Organic
O010416,C0391,P0012,2026-04-02,3,135.18,Email
O010417,C0332,P0016,2026-04-02,3,90.9,Organic
O010418,C0591,P0015,2026-04-02,3,165.42,Paid
O010419,C0590,P0022,2026-04-02,1,41.19,Referral
O010420,C0231,P0003,2026-04-02,1,335.97,Email
O010421,C0185,P0001,2026-04-02,2,80.6,Organic
O010422,C0434,P0008,2026-04-02,2,378.78,Email
O010423,C0682,P0011,2026-04-02,3,136.29,Email
O010424,C0133,P0015,2026-04-02,3,165.42,Email
O010425,C0223,P0015,2026-04-02,1,55.14,Email
O010426,C0720,P0023,2026-04-02,2,291.98,Email
O010427,C0434,P0022,2026-04-02,1,41.19,Paid
O010428,C0148,P0018,2026-04-02,3,261.63,Organic
O010429,C0567,P0024,2026-04-02,2,190.34,Email
O010430,C0658,P0031,2026-04-02,3,178.2,Organic
O010431,C0320,P0031,2026-04-02,3,178.2,Paid
O010432,C0193,P0028,2026-04-02,3,66.6,Organic
O010433,C0753,P0029,2026-04-02,2,48.9,Paid
O010434,C0320,P0033,2026-04-02,2,70.36,Organic
O010435,C0071,P0008,2026-04-03,1,189.39,Organic
O010436,C0151,P0016,2026-04-03,2,60.6,Organic
O010437,C0003,P0017,2026-04-03,1,123.28,Paid
O010438,C0303,P0038,2026-04-03,2,136.74,Email
O010439,C0534,P0038,2026-04-03,1,68.37,Paid
O010440,C0350,P0005,2026-04-03,2,132.64,Paid
O010441,C0698,P0001,2026-04-03,2,80.6,Paid
O010442,C0672,P0005,2026-04-03,1,66.32,Organic
O010443,C0602,P0013,2026-04-03,1,44.86,Paid
O010444,C0333,P0016,2026-04-03,2,60.6,Email
O010445,C0438,P0012,2026-04-03,2,90.12,Organic
O010446,C0475,P0009,2026-04-03,1,76.28,Organic
O010447,C0558,P0023,2026-04-03,3,437.97,Referral
O010448,C0719,P0027,2026-04-03,1,13.39,Paid
O010449,C0150,P0029,2026-04-03,1,24.45,Organic
O010450,C0059,P0025,2026-04-03,3,81.03,Organic
O010451,C0084,P0026,2026-04-03,3,65.61,Paid
O010452,C0428,P0026,2026-04-03,2,43.74,Organic
O010453,C0318,P0007,2026-04-03,1,67.93,Paid
O010454,C0800,P0013,2026-04-03,3,134.58,Organic
O010455,C0575,P0014,2026-04-03,3,163.5,Paid
O010456,C0480,P0011,2026-04-03,3,136.29,Paid
O010457,C0486,P0017,2026-04-03,1,123.28,Organic
O010458,C0299,P0017,2026-04-03,3,369.84,Referral
O010459,C0261,P0036,2026-04-03,1,23.73,Organic
O010460,C0131,P0007,2026-04-03,2,135.86,Organic
O010461,C0319,P0012,2026-04-03,2,90.12,Paid
O010462,C0282,P0011,2026-04-03,2,90.86,Organic
O010463,C0089,P0024,2026-04-03,3,285.51,Email
O010464,C0255,P0020,2026-04-03,3,436.02,Paid
O010465,C0053,P0024,2026-04-03,3,285.51,Organic
O010466,C0661,P0027,2026-04-03,3,40.17,Paid
O010467,C0794,P0027,2026-04-03,2,26.78,Organic
O010468,C0282,P0033,2026-04-03,3,105.54,Paid
O010469,C0266,P0039,2026-04-03,3,331.53,Organic
O010470,C0736,P0038,2026-04-03,1,68.37,Organic
O010471,C0549,P0002,2026-04-04,2,534.12,Organic
O010472,C0025,P0002,2026-04-04,1,267.06,Organic
O010473,C0716,P0010,2026-04-04,1,19.4,Paid
O010474,C0196,P0012,2026-04-04,2,90.12,Organic
O010475,C0415,P0018,2026-04-04,3,261.63,Organic
O010476,C0746,P0021,2026-04-04,1,111.76,Organic
O010477,C0367,P0031,2026-04-04,3,178.2,Referral
O010478,C0776,P0035,2026-04-04,2,120.8,Email
O010479,C0371,P0033,2026-04-04,2,70.36,Organic
O010480,C0397,P0034,2026-04-04,3,161.73,Paid
O010481,C0041,P0008,2026-04-04,3,568.17,Email
O010482,C0171,P0005,2026-04-04,3,198.96,Referral
O010483,C0322,P0007,2026-04-04,3,203.79,Organic
O010484,C0573,P0012,2026-04-04,2,90.12,Paid
O010485,C0566,P0015,2026-04-04,2,110.28,Organic
O010486,C0084,P0014,2026-04-04,3,163.5,Organic
O010487,C0597,P0014,2026-04-04,3,163.5,Organic
O010488,C0288,P0019,2026-04-04,2,131.54,Paid
O010489,C0686,P0024,2026-04-04,1,95.17,Organic
O010490,C0728,P0017,2026-04-04,1,123.28,Paid
O010491,C0470,P0026,2026-04-04,3,65.61,Email
O010492,C0778,P0028,2026-04-04,2,44.4,Paid
O010493,C0038,P0026,2026-04-04,3,65.61,Email
O010494,C0300,P0030,2026-04-04,2,54.42,Paid
O010495,C0142,P0037,2026-04-04,1,64.18,Referral
O010496,C0724,P0036,2026-04-04,2,47.46,Paid
O010497,C0568,P0004,2026-04-04,1,181.86,Organic
O010498,C0749,P0004,2026-04-04,3,545.58,Organic
O010499,C0413,P0014,2026-04-04,2,109.0,Paid
O010500,C0742,P0021,2026-04-04,3,335.28,Email
O010501,C0568,P0021,2026-04-04,1,111.76,Paid
O010502,C0763,P0030,2026-04-04,2,54.42,Email
O010503,C0767,P0027,2026-04-04,3,40.17,Organic
O010504,C0281,P0032,2026-04-04,3,118.86,Organic
O010505,C0120,P0027,2026-04-04,1,13.39,Organic
O010506,C0536,P0029,2026-04-04,2,48.9,Paid
O010507,C0379,P0014,2026-04-04,3,163.5,Email
O010508,C0500,P0012,2026-04-04,3,135.18,Paid
O010509,C0473,P0014,2026-04-04,1,54.5,Email
O010510,C0710,P0012,2026-04-04,2,90.12,Paid
O010511,C0020,P0023,2026-04-04,2,291.98,Organic
O010512,C0336,P0021,2026-04-04,2,223.52,Paid
O010513,C0514,P0017,2026-04-04,3,369.84,Paid
O010514,C0053,P0032,2026-04-04,2,79.24,Organic
O010515,C0301,P0025,2026-04-04,2,54.02,Email
O010516,C0074,P0034,2026-04-04,3,161.73,Organic
O010517,C0710,P0039,2026-04-04,1,110.51,Organic
O010518,C0325,P0039,2026-04-04,1,110.51,Email
O010519,C0581,P0038,2026-04-04,2,136.74,Paid
O010520,C0530,P0036,2026-04-04,1,23.73,Email
O010521,C0687,P0001,2026-04-05,2,80.6,Organic
O010522,C0001,P0005,2026-04-05,1,66.32,Organic
O010523,C0361,P0002,2026-04-05,1,267.06,Paid
O010524,C0303,P0009,2026-04-05,2,152.56,Organic
O010525,C0515,P0023,2026-04-05,3,437.97,Paid
O010526,C0248,P0021,2026-04-05,2,223.52,Organic
O010527,C0666,P0025,2026-04-05,3,81.03,Paid
O010528,C0087,P0029,2026-04-05,3,73.35,Organic
O010529,C0655,P0031,2026-04-05,2,118.8,Organic
O010530,C0190,P0029,2026-04-05,3,73.35,Organic
O010531,C0050,P0031,2026-04-05,1,59.4,Email
O010532,C0390,P0027,2026-04-05,3,40.17,Organic
O010533,C0630,P0026,2026-04-05,3,65.61,Referral
O010534,C0659,P0033,2026-04-05,1,35.18,Paid
O010535,C0534,P0040,2026-04-05,1,60.49,Organic
O010536,C0515,P0037,2026-04-05,1,64.18,Organic
O010537,C0771,P0034,2026-04-05,3,161.73,Organic
O010538,C0415,P0039,2026-04-05,1,110.51,Organic
O010539,C0477,P0001,2026-04-05,3,120.9,Organic
O010540,C0431,P0007,2026-04-05,3,203.79,Paid
O010541,C0461,P0004,2026-04-05,3,545.58,Referral
O010542,C0081,P0005,2026-04-05,2,132.64,Paid
O010543,C0683,P0012,2026-04-05,1,45.06,Paid
O010544,C0760,P0014,2026-04-05,2,109.0,Organic
O010545,C0277,P0013,2026-04-05,1,44.86,Organic
O010546,C0038,P0014,2026-04-05,3,163.5,Organic
O010547,C0416,P0009,2026-04-05,2,152.56,Paid
O010548,C0789,P0021,2026-04-05,1,111.76,Email
O010549,C0264,P0023,2026-04-05,3,437.97,Email
O010550,C0150,P0024,2026-04-05,2,190.34,Paid
O010551,C0286,P0017,2026-04-05,2,246.56,Email
O010552,C0286,P0021,2026-04-05,1,111.76,Organic
O010553,C0597,P0032,2026-04-05,1,39.62,Organic
O010554,C0162,P0025,2026-04-05,1,27.01,Email
O010555,C0339,P0029,2026-04-05,2,48.9,Organic
O010556,C0122,P0036,2026-04-05,3,71.19,Email
O010557,C0775,P0003,2026-04-05,3,1007.91,Email
O010558,C0482,P0006,2026-04-05,3,262.62,Paid
O010559,C0355,P0003,2026-04-05,2,671.94,Email
O010560,C0009,P0006,2026-04-05,2,175.08,Paid
O010561,C0380,P0001,2026-04-05,3,120.9,Paid
O010562,C0450,P0012,2026-04-05,1,45.06,Organic
O010563,C0267,P0013,2026-04-05,2,89.72,Paid
O010564,C0421,P0024,2026-04-05,2,190.34,Organic
O010565,C0062,P0024,2026-04-05,1,95.17,Organic
O010566,C0768,P0022,2026-04-05,1,41.19,Email
O010567,C0512,P0030,2026-04-05,3,81.63,Organic
O010568,C0751,P0031,2026-04-05,3,178.2,Email
O010569,C0629,P0036,2026-04-05,3,71.19,Organic
O010570,C0179,P0037,2026-04-05,1,64.18,Paid
O010571,C0111,P0001,2026-04-05,3,120.9,Paid
O010572,C0501,P0008,2026-04-05,3,568.17,Organic
O010573,C0667,P0004,2026-04-05,3,545.58,Organic
O010574,C0731,P0008,2026-04-05,3,568.17,Organic
O010575,C0476,P0012,2026-04-05,2,90.12,Paid
O010576,C0253,P0015,2026-04-05,2,110.28,Paid
O010577,C0455,P0015,2026-04-05,3,165.42,Paid
O010578,C0070,P0013,2026-04-05,3,134.58,Organic
O010579,C0052,P0009,2026-04-05,2,152.56,Referral
O010580,C0343,P0015,2026-04-05,3,165.42,Organic
O010581,C0283,P0018,2026-04-05,2,174.42,Paid
O010582,C0479,P0025,2026-04-05,2,54.02,Organic
O010583,C0328,P0028,2026-04-05,1,22.2,Referral
O010584,C0581,P0032,2026-04-05,3,118.86,Organic
O010585,C0580,P0031,2026-04-05,2,118.8,Paid
O010586,C0193,P0025,2026-04-05,1,27.01,Paid
O010587,C0074,P0030,2026-04-05,1,27.21,Organic
O010588,C0782,P0033,2026-04-05,2,70.36,Organic
O010589,C0195,P0033,2026-04-05,3,105.54,Paid
O010590,C0276,P0037,2026-04-05,1,64.18,Paid
O010591,C0127,P0036,2026-04-05,1,23.73,Paid
O010592,C0113,P0008,2026-04-06,2,378.78,Paid
O010593,C0027,P0003,2026-04-06,3,1007.91,Organic
O010594,C0161,P0003,2026-04-06,3,1007.91,Organic
O010595,C0449,P0013,2026-04-06,1,44.86,Organic
O010596,C0771,P0012,2026-04-06,2,90.12,Paid
O010597,C0630,P0009,2026-04-06,2,152.56,Paid
O010598,C0017,P0021,2026-04-06,1,111.76,Organic
O010599,C0679,P0017,2026-04-06,2,246.56,Email
O010600,C0703,P0037,2026-04-06,2,128.36,Organic
O010601,C0704,P0033,2026-04-06,3,105.54,Email
O010602,C0709,P0037,2026-04-06,2,128.36,Organic
O010603,C0718,P0037,2026-04-06,1,64.18,Referral
O010604,C0326,P0003,2026-04-06,3,1007.91,Paid
O010605,C0229,P0003,2026-04-06,2,671.94,Organic
O010606,C0122,P0001,2026-04-06,3,120.9,Paid
O010607,C0646,P0001,2026-04-06,1,40.3,Organic
O010608,C0105,P0007,2026-04-06,3,203.79,Email
O010609,C0747,P0008,2026-04-06,2,378.78,Paid
O010610,C0460,P0007,2026-04-06,3,203.79,Organic
O010611,C0077,P0014,2026-04-06,3,163.5,Organic
O010612,C0187,P0016,2026-04-06,3,90.9,Organic
O010613,C0029,P0015,2026-04-06,3,165.42,Email
O010614,C0356,P0021,2026-04-06,2,223.52,Paid
O010615,C0595,P0029,2026-04-06,1,24.45,Paid
O010616,C0139,P0032,2026-04-06,1,39.62,Email
O010617,C0333,P0027,2026-04-06,3,40.17,Paid
O010618,C0680,P0026,2026-04-06,1,21.87,Organic
O010619,C0678,P0035,2026-04-06,1,60.4,Paid
O010620,C0430,P0036,2026-04-06,1,23.73,Paid
O010621,C0144,P0039,2026-04-06,1,110.51,Organic
O010622,C0374,P0004,2026-04-06,1,181.86,Referral
O010623,C0568,P0002,2026-04-06,3,801.18,Organic
O010624,C0260,P0015,2026-04-06,1,55.14,Organic
O010625,C0456,P0022,2026-04-06,2,82.38,Organic
O010626,C0284,P0021,2026-04-06,3,335.28,Organic
O010627,C0388,P0038,2026-04-06,2,136.74,Organic
O010628,C0590,P0035,2026-04-06,3,181.2,Organic
O010629,C0530,P0008,2026-04-06,2,378.78,Organic
O010630,C0476,P0008,2026-04-06,3,568.17,Email
O010631,C0584,P0015,2026-04-06,2,110.28,Organic
O010632,C0316,P0012,2026-04-06,1,45.06,Paid
O010633,C0111,P0009,2026-04-06,2,152.56,Referral
O010634,C0643,P0028,2026-04-06,2,44.4,Organic
O010635,C0766,P0031,2026-04-06,2,118.8,Paid
O010636,C0581,P0031,2026-04-06,3,178.2,Organic
O010637,C0023,P0039,2026-04-06,2,221.02,Organic
O010638,C0606,P0005,2026-04-07,1,66.32,Referral
O010639,C0397,P0022,2026-04-07,2,82.38,Paid
O010640,C0076,P0019,2026-04-07,2,131.54,Organic
O010641,C0228,P0020,2026-04-07,3,436.02,Paid
O010642,C0606,P0026,2026-04-07,1,21.87,Organic
O010643,C0793,P0026,2026-04-07,3,65.61,Email
O010644,C0463,P0025,2026-04-07,3,81.03,Paid
O010645,C0303,P0026,2026-04-07,2,43.74,Organic
O010646,C0151,P0035,2026-04-07,1,60.4,Organic
O010647,C0599,P0033,2026-04-07,3,105.54,Organic
O010648,C0263,P0035,2026-04-07,2,120.8,Email
O010649,C0724,P0007,2026-04-07,3,203.79,Referral
O010650,C0560,P0001,2026-04-07,1,40.3,Organic
O010651,C0329,P0006,2026-04-07,3,262.62,Paid
O010652,C0176,P0005,2026-04-07,3,198.96,Paid
O010653,C0485,P0012,2026-04-07,2,90.12,Email
O010654,C0322,P0014,2026-04-07,3,163.5,Organic
O010655,C0080,P0026,2026-04-07,1,21.87,Paid
O010656,C0264,P0026,2026-04-07,1,21.87,Organic
O010657,C0511,P0039,2026-04-07,3,331.53,Paid
O010658,C0441,P0035,2026-04-07,2,120.8,Organic
O010659,C0117,P0037,2026-04-07,3,192.54,Organic
O010660,C0608,P0013,2026-04-07,2,89.72,Paid
O010661,C0289,P0014,2026-04-07,3,163.5,Organic
O010662,C0120,P0010,2026-04-07,2,38.8,Organic
O010663,C0409,P0013,2026-04-07,1,44.86,Organic
O010664,C0169,P0023,2026-04-07,1,145.99,Organic
O010665,C0247,P0024,2026-04-07,1,95.17,Organic
O010666,C0642,P0031,2026-04-07,1,59.4,Organic
O010667,C0493,P0033,2026-04-07,1,35.18,Paid
O010668,C0590,P0039,2026-04-07,3,331.53,Organic
O010669,C0800,P0033,2026-04-07,1,35.18,Paid
O010670,C0652,P0006,2026-04-07,2,175.08,Email
O010671,C0781,P0001,2026-04-07,1,40.3,Email
O010672,C0791,P0002,2026-04-07,2,534.12,Organic
O010673,C0325,P0016,2026-04-07,3,90.9,Referral
O010674,C0197,P0009,2026-04-07,3,228.84,Organic
O010675,C0147,P0016,2026-04-07,3,90.9,Email
O010676,C0782,P0014,2026-04-07,2,109.0,Organic
O010677,C0729,P0009,2026-04-07,2,152.56,Organic
O010678,C0005,P0023,2026-04-07,3,437.97,Referral
O010679,C0766,P0024,2026-04-07,3,285.51,Organic
O010680,C0093,P0021,2026-04-07,1,111.76,Organic
O010681,C0052,P0028,2026-04-07,2,44.4,Referral
O010682,C0222,P0031,2026-04-07,3,178.2,Paid
O010683,C0185,P0038,2026-04-07,1,68.37,Email
O010684,C0643,P0034,2026-04-07,2,107.82,Paid
O010685,C0348,P0002,2026-04-08,2,534.12,Organic
O010686,C0017,P0014,2026-04-08,1,54.5,Paid
O010687,C0666,P0015,2026-04-08,2,110.28,Paid
O010688,C0263,P0010,2026-04-08,2,38.8,Organic
O010689,C0175,P0028,2026-04-08,3,66.6,Organic
O010690,C0649,P0039,2026-04-08,2,221.02,Referral
O010691,C0151,P0039,2026-04-08,2,221.02,Email
O010692,C0016,P0029,2026-04-08,3,73.35,Referral
O010693,C0144,P0035,2026-04-08,3,181.2,Organic
O010694,C0460,P0039,2026-04-08,1,110.51,Organic
O010695,C0719,P0038,2026-04-08,3,205.11,Paid
O010696,C0418,P0014,2026-04-08,1,54.5,Email
O010697,C0373,P0015,2026-04-08,2,110.28,Organic
O010698,C0310,P0013,2026-04-08,2,89.72,Organic
O010699,C0748,P0019,2026-04-08,2,131.54,Organic
O010700,C0009,P0022,2026-04-08,1,41.19,Organic
O010701,C0751,P0027,2026-04-08,1,13.39,Organic
O010702,C0007,P0025,2026-04-08,1,27.01,Paid
O010703,C0391,P0030,2026-04-08,3,81.63,Referral
O010704,C0748,P0027,2026-04-08,3,40.17,Organic
O010705,C0296,P0025,2026-04-08,3,81.03,Referral
O010706,C0282,P0002,2026-04-08,3,801.18,Referral
O010707,C0473,P0008,2026-04-08,2,378.78,Organic
O010708,C0729,P0005,2026-04-08,3,198.96,Paid
O010709,C0193,P0005,2026-04-08,3,198.96,Organic
O010710,C0066,P0005,2026-04-08,1,66.32,Referral
O010711,C0005,P0004,2026-04-08,3,545.58,Email
O010712,C0042,P0012,2026-04-08,3,135.18,Organic
O010713,C0174,P0015,2026-04-08,1,55.14,Referral
O010714,C0023,P0021,2026-04-08,3,335.28,Referral
O010715,C0657,P0024,2026-04-08,3,285.51,Organic
O010716,C0682,P0020,2026-04-08,2,290.68,Referral
O010717,C0610,P0018,2026-04-08,2,174.42,Organic
O010718,C0185,P0036,2026-04-08,1,23.73,Organic
O010719,C0256,P0039,2026-04-08,2,221.02,Organic
O010720,C0491,P0034,2026-04-08,3,161.73,Paid
O010721,C0197,P0040,2026-04-08,2,120.98,Organic
O010722,C0325,P0033,2026-04-08,3,105.54,Paid
O010723,C0263,P0013,2026-04-09,3,134.58,Paid
O010724,C0520,P0011,2026-04-09,2,90.86,Paid
O010725,C0756,P0017,2026-04-09,2,246.56,Organic
O010726,C0108,P0017,2026-04-09,1,123.28,Organic
O010727,C0599,P0018,2026-04-09,2,174.42,Organic
O010728,C0453,P0029,2026-04-09,3,73.35,Paid
O010729,C0453,P0030,2026-04-09,2,54.42,Email
O010730,C0471,P0029,2026-04-09,2,48.9,Organic
O010731,C0161,P0027,2026-04-09,3,40.17,Paid
O010732,C0348,P0035,2026-04-09,2,120.8,Paid
O010733,C0176,P0003,2026-04-09,1,335.97,Paid
O010734,C0084,P0008,2026-04-09,3,568.17,Organic
O010735,C0428,P0015,2026-04-09,1,55.14,Organic
O010736,C0177,P0009,2026-04-09,3,228.84,Referral
O010737,C0229,P0011,2026-04-09,1,45.43,Referral
O010738,C0678,P0012,2026-04-09,3,135.18,Email
O010739,C0218,P0024,2026-04-09,1,95.17,Paid
O010740,C0026,P0024,2026-04-09,1,95.17,Organic
O010741,C0778,P0024,2026-04-09,3,285.51,Email
O010742,C0694,P0017,2026-04-09,2,246.56,Paid
O010743,C0090,P0024,2026-04-09,1,95.17,Organic
O010744,C0322,P0031,2026-04-09,3,178.2,Email
O010745,C0470,P0036,2026-04-09,1,23.73,Organic
O010746,C0516,P0036,2026-04-09,3,71.19,Organic
O010747,C0106,P0038,2026-04-09,2,136.74,Paid
O010748,C0041,P0037,2026-04-09,2,128.36,Paid
O010749,C0048,P0006,2026-04-09,1,87.54,Organic
O010750,C0432,P0007,2026-04-09,3,203.79,Referral
O010751,C0459,P0010,2026-04-09,1,19.4,Organic
O010752,C0262,P0019,2026-04-09,1,65.77,Email
O010753,C0209,P0030,2026-04-09,1,27.21,Referral
O010754,C0342,P0032,2026-04-09,2,79.24,Organic
O010755,C0102,P0037,2026-04-09,1,64.18,Paid
O010756,C0535,P0035,2026-04-09,2,120.8,Organic
O010757,C0753,P0003,2026-04-09,1,335.97,Referral
O010758,C0501,P0005,2026-04-09,1,66.32,Email
O010759,C0095,P0009,2026-04-09,2,152.56,Organic
O010760,C0571,P0015,2026-04-09,2,110.28,Email
O010761,C0478,P0030,2026-04-09,1,27.21,Organic
O010762,C0514,P0027,2026-04-09,1,13.39,Referral
O010763,C0658,P0040,2026-04-09,3,181.47,Paid
O010764,C0665,P0004,2026-04-10,1,181.86,Email
O010765,C0323,P0009,2026-04-10,3,228.84,Email
O010766,C0540,P0012,2026-04-10,3,135.18,Paid
O010767,C0361,P0015,2026-04-10,1,55.14,Organic
O010768,C0534,P0009,2026-04-10,1,76.28,Email
O010769,C0647,P0020,2026-04-10,2,290.68,Paid
O010770,C0565,P0023,2026-04-10,1,145.99,Organic
O010771,C0001,P0021,2026-04-10,1,111.76,Paid
O010772,C0108,P0019,2026-04-10,2,131.54,Organic
O010773,C0679,P0017,2026-04-10,1,123.28,Email
O010774,C0520,P0031,2026-04-10,3,178.2,Organic
O010775,C0241,P0027,2026-04-10,2,26.78,Organic
O010776,C0649,P0033,2026-04-10,1,35.18,Paid
O010777,C0430,P0004,2026-04-10,3,545.58,Paid
O010778,C0683,P0003,2026-04-10,1,335.97,Paid
O010779,C0622,P0017,2026-04-10,1,123.28,Email
O010780,C0472,P0020,2026-04-10,1,145.34,Paid
O010781,C0350,P0022,2026-04-10,1,41.19,Referral
O010782,C0616,P0028,2026-04-10,2,44.4,Organic
O010783,C0077,P0030,2026-04-10,1,27.21,Email
O010784,C0295,P0030,2026-04-10,2,54.42,Email
O010785,C0617,P0027,2026-04-10,2,26.78,Organic
O010786,C0171,P0033,2026-04-10,1,35.18,Paid
O010787,C0531,P0010,2026-04-10,2,38.8,Email
O010788,C0525,P0021,2026-04-10,2,223.52,Paid
O010789,C0523,P0025,2026-04-10,3,81.03,Paid
O010790,C0073,P0040,2026-04-10,3,181.47,Organic
O010791,C0589,P0036,2026-04-10,3,71.19,Email
O010792,C0545,P0033,2026-04-10,3,105.54,Organic
O010793,C0785,P0033,2026-04-10,1,35.18,Referral
O010794,C0258,P0035,2026-04-10,2,120.8,Organic
O010795,C0379,P0002,2026-04-10,1,267.06,Paid
O010796,C0036,P0003,2026-04-10,3,1007.91,Paid
O010797,C0491,P0016,2026-04-10,2,60.6,Organic
O010798,C0074,P0023,2026-04-10,3,437.97,Organic
O010799,C0580,P0021,2026-04-10,2,223.52,Email
O010800,C0682,P0020,2026-04-10,3,436.02,Email
O010801,C0551,P0017,2026-04-10,1,123.28,Paid
O010802,C0325,P0031,2026-04-10,3,178.2,Paid
O010803,C0499,P0028,2026-04-10,3,66.6,Referral
O010804,C0685,P0029,2026-04-10,2,48.9,Organic
O010805,C0514,P0028,2026-04-10,3,66.6,Email
O010806,C0246,P0026,2026-04-10,3,65.61,Email
O010807,C0301,P0028,2026-04-10,2,44.4,Paid
O010808,C0541,P0036,2026-04-10,3,71.19,Paid
O010809,C0036,P0039,2026-04-10,2,221.02,Email
O010810,C0713,P0040,2026-04-10,3,181.47,Paid
O010811,C0113,P0003,2026-04-11,3,1007.91,Organic
O010812,C0330,P0005,2026-04-11,3,198.96,Organic
O010813,C0362,P0003,2026-04-11,1,335.97,Organic
O010814,C0449,P0012,2026-04-11,3,135.18,Email
O010815,C0394,P0012,2026-04-11,2,90.12,Organic
O010816,C0275,P0012,2026-04-11,1,45.06,Referral
O010817,C0079,P0016,2026-04-11,2,60.6,Email
O010818,C0449,P0010,2026-04-11,2,38.8,Paid
O010819,C0538,P0023,2026-04-11,1,145.99,Organic
O010820,C0796,P0018,2026-04-11,3,261.63,Email
O010821,C0707,P0031,2026-04-11,3,178.2,Organic
O010822,C0449,P0031,2026-04-11,2,118.8,Paid
O010823,C0465,P0030,2026-04-11,2,54.42,Paid
O010824,C0108,P0031,2026-04-11,2,118.8,Email
O010825,C0638,P0040,2026-04-11,2,120.98,Paid
O010826,C0365,P0034,2026-04-11,3,161.73,Email
O010827,C0595,P0007,2026-04-11,2,135.86,Organic
O010828,C0762,P0003,2026-04-11,3,1007.91,Referral
O010829,C0105,P0007,2026-04-11,2,135.86,Organic
O010830,C0646,P0003,2026-04-11,3,1007.91,Organic
O010831,C0038,P0015,2026-04-11,3,165.42,Paid
O010832,C0464,P0011,2026-04-11,2,90.86,Paid
O010833,C0139,P0009,2026-04-11,1,76.28,Email
O010834,C0566,P0019,2026-04-11,3,197.31,Paid
O010835,C0158,P0019,2026-04-11,2,131.54,Organic
O010836,C0395,P0023,2026-04-11,3,437.97,Paid
O010837,C0018,P0024,2026-04-11,2,190.34,Email
O010838,C0006,P0028,2026-04-11,1,22.2,Paid
O010839,C0577,P0030,2026-04-11,3,81.63,Paid
O010840,C0063,P0031,2026-04-11,2,118.8,Organic
O010841,C0423,P0029,2026-04-11,2,48.9,Organic
O010842,C0779,P0040,2026-04-11,1,60.49,Paid
O010843,C0676,P0033,2026-04-11,2,70.36,Email
O010844,C0269,P0002,2026-04-11,1,267.06,Referral
O010845,C0787,P0001,2026-04-11,3,120.9,Paid
O010846,C0062,P0001,2026-04-11,3,120.9,Organic
O010847,C0363,P0007,2026-04-11,2,135.86,Organic
O010848,C0019,P0005,2026-04-11,2,132.64,Paid
O010849,C0281,P0009,2026-04-11,1,76.28,Referral
O010850,C0315,P0013,2026-04-11,2,89.72,Paid
O010851,C0296,P0018,2026-04-11,1,87.21,Organic
O010852,C0768,P0020,2026-04-11,3,436.02,Organic
O010853,C0269,P0023,2026-04-11,1,145.99,Email
O010854,C0424,P0028,2026-04-11,2,44.4,Organic
O010855,C0078,P0028,2026-04-11,2,44.4,Referral
O010856,C0593,P0032,2026-04-11,1,39.62,Paid
O010857,C0677,P0034,2026-04-11,1,53.91,Organic
O010858,C0574,P0003,2026-04-11,3,1007.91,Email
O010859,C0325,P0002,2026-04-11,2,534.12,Paid
O010860,C0320,P0006,2026-04-11,1,87.54,Paid
O010861,C0766,P0010,2026-04-11,1,19.4,Organic
O010862,C0266,P0013,2026-04-11,1,44.86,Organic
O010863,C0283,P0020,2026-04-11,3,436.02,Paid
O010864,C0174,P0024,2026-04-11,2,190.34,Email
O010865,C0266,P0020,2026-04-11,1,145.34,Paid
O010866,C0301,P0017,2026-04-11,3,369.84,Paid
O010867,C0532,P0020,2026-04-11,3,436.02,Paid
O010868,C0148,P0031,2026-04-11,3,178.2,Organic
O010869,C0453,P0008,2026-04-12,3,568.17,Paid
O010870,C0565,P0008,2026-04-12,1,189.39,Referral
O010871,C0769,P0008,2026-04-12,3,568.17,Email
O010872,C0121,P0016,2026-04-12,2,60.6,Organic
O010873,C0361,P0014,2026-04-12,3,163.5,Paid
O010874,C0311,P0009,2026-04-12,2,152.56,Paid
O010875,C0076,P0020,2026-04-12,1,145.34,Organic
O010876,C0311,P0020,2026-04-12,3,436.02,Paid
O010877,C0504,P0024,2026-04-12,2,190.34,Paid
O010878,C0245,P0020,2026-04-12,2,290.68,Email
O010879,C0562,P0030,2026-04-12,2,54.42,Organic
O010880,C0294,P0030,2026-04-12,3,81.63,Paid
O010881,C0548,P0026,2026-04-12,3,65.61,Organic
O010882,C0460,P0001,2026-04-12,2,80.6,Organic
O010883,C0560,P0007,2026-04-12,3,203.79,Organic
O010884,C0215,P0006,2026-04-12,3,262.62,Paid
O010885,C0597,P0004,2026-04-12,1,181.86,Organic
O010886,C0585,P0009,2026-04-12,2,152.56,Organic
O010887,C0738,P0009,2026-04-12,3,228.84,Email
O010888,C0183,P0012,2026-04-12,3,135.18,Organic
O010889,C0194,P0016,2026-04-12,2,60.6,Referral
O010890,C0640,P0023,2026-04-12,2,291.98,Paid
O010891,C0166,P0020,2026-04-12,2,290.68,Paid
O010892,C0029,P0017,2026-04-12,3,369.84,Organic
O010893,C0103,P0020,2026-04-12,3,436.02,Paid
O010894,C0177,P0017,2026-04-12,2,246.56,Organic
O010895,C0099,P0026,2026-04-12,3,65.61,Referral
O010896,C0539,P0025,2026-04-12,2,54.02,Organic
O010897,C0739,P0039,2026-04-12,3,331.53,Organic
O010898,C0784,P0033,2026-04-12,2,70.36,Email
O010899,C0759,P0035,2026-04-12,3,181.2,Paid
O010900,C0038,P0033,2026-04-12,3,105.54,Organic
O010901,C0745,P0007,2026-04-12,3,203.79,Referral
O010902,C0536,P0009,2026-04-12,2,152.56,Paid
O010903,C0058,P0014,2026-04-12,1,54.5,Paid
O010904,C0163,P0010,2026-04-12,3,58.2,Organic
O010905,C0332,P0011,2026-04-12,2,90.86,Paid
O010906,C0663,P0009,2026-04-12,3,228.84,Organic
O010907,C0318,P0009,2026-04-12,1,76.28,Organic
O010908,C0060,P0017,2026-04-12,3,369.84,Paid
O010909,C0310,P0020,2026-04-12,2,290.68,Email
O010910,C0525,P0019,2026-04-12,3,197.31,Paid
O010911,C0216,P0021,2026-04-12,2,223.52,Organic
O010912,C0409,P0025,2026-04-12,2,54.02,Organic
O010913,C0591,P0029,2026-04-12,2,48.9,Paid
O010914,C0262,P0031,2026-04-12,1,59.4,Organic
O010915,C0456,P0025,2026-04-12,2,54.02,Paid
O010916,C0575,P0027,2026-04-12,1,13.39,Paid
O010917,C0546,P0031,2026-04-12,2,118.8,Email
O010918,C0292,P0027,2026-04-12,3,40.17,Organic
O010919,C0120,P0034,2026-04-12,1,53.91,Paid
O010920,C0588,P0035,2026-04-12,3,181.2,Email
O010921,C0787,P0039,2026-04-12,1,110.51,Organic
O010922,C0492,P0002,2026-04-12,1,267.06,Organic
O010923,C0750,P0003,2026-04-12,1,335.97,Organic
O010924,C0780,P0006,2026-04-12,1,87.54,Organic
O010925,C0118,P0012,2026-04-12,3,135.18,Paid
O010926,C0379,P0017,2026-04-12,2,246.56,Organic
O010927,C0478,P0019,2026-04-12,3,197.31,Organic
O010928,C0256,P0017,2026-04-12,1,123.28,Paid
O010929,C0244,P0026,2026-04-12,1,21.87,Referral
O010930,C0625,P0031,2026-04-12,3,178.2,Organic
O010931,C0643,P0031,2026-04-12,1,59.4,Organic
O010932,C0055,P0030,2026-04-12,2,54.42,Organic
O010933,C0564,P0026,2026-04-12,2,43.74,Referral
O010934,C0440,P0033,2026-04-12,1,35.18,Organic
O010935,C0478,P0035,2026-04-12,1,60.4,Organic
O010936,C0561,P0033,2026-04-12,3,105.54,Email
O010937,C0613,P0040,2026-04-12,2,120.98,Organic
O010938,C0465,P0006,2026-04-13,1,87.54,Email
O010939,C0743,P0003,2026-04-13,2,671.94,Email
O010940,C0790,P0002,2026-04-13,3,801.18,Email
O010941,C0718,P0010,2026-04-13,2,38.8,Referral
O010942,C0463,P0016,2026-04-13,3,90.9,Paid
O010943,C0534,P0015,2026-04-13,1,55.14,Organic
O010944,C0228,P0017,2026-04-13,1,123.28,Email
O010945,C0638,P0018,2026-04-13,2,174.42,Email
O010946,C0365,P0036,2026-04-13,1,23.73,Paid
O010947,C0520,P0035,2026-04-13,2,120.8,Organic
O010948,C0367,P0038,2026-04-13,3,205.11,Organic
O010949,C0420,P0007,2026-04-13,2,135.86,Organic
O010950,C0617,P0006,2026-04-13,1,87.54,Email
O010951,C0122,P0003,2026-04-13,2,671.94,Organic
O010952,C0621,P0001,2026-04-13,3,120.9,Paid
O010953,C0091,P0002,2026-04-13,2,534.12,Organic
O010954,C0183,P0024,2026-04-13,3,285.51,Referral
O010955,C0683,P0023,2026-04-13,2,291.98,Paid
O010956,C0464,P0020,2026-04-13,2,290.68,Paid
O010957,C0416,P0024,2026-04-13,2,190.34,Organic
O010958,C0640,P0024,2026-04-13,3,285.51,Referral
O010959,C0678,P0017,2026-04-13,3,369.84,Email
O010960,C0511,P0026,2026-04-13,1,21.87,Organic
O010961,C0350,P0030,2026-04-13,1,27.21,Organic
O010962,C0590,P0002,2026-04-13,2,534.12,Organic
O010963,C0582,P0012,2026-04-13,1,45.06,Referral
O010964,C0225,P0011,2026-04-13,2,90.86,Paid
O010965,C0225,P0018,2026-04-13,3,261.63,Paid
O010966,C0767,P0018,2026-04-13,3,261.63,Paid
O010967,C0656,P0022,2026-04-13,3,123.57,Paid
O010968,C0642,P0024,2026-04-13,1,95.17,Email
O010969,C0033,P0031,2026-04-13,1,59.4,Organic
O010970,C0765,P0031,2026-04-13,1,59.4,Email
O010971,C0094,P0031,2026-04-13,3,178.2,Email
O010972,C0547,P0035,2026-04-13,1,60.4,Paid
O010973,C0611,P0039,2026-04-13,3,331.53,Organic
O010974,C0497,P0034,2026-04-13,2,107.82,Email
O010975,C0078,P0039,2026-04-13,2,221.02,Paid
O010976,C0568,P0038,2026-04-13,3,205.11,Organic
O010977,C0786,P0036,2026-04-13,3,71.19,Organic
O010978,C0374,P0038,2026-04-13,2,136.74,Paid
O010979,C0643,P0007,2026-04-13,1,67.93,Organic
O010980,C0174,P0007,2026-04-13,2,135.86,Email
O010981,C0574,P0007,2026-04-13,2,135.86,Paid
O010982,C0505,P0008,2026-04-13,3,568.17,Referral
O010983,C0623,P0013,2026-04-13,2,89.72,Paid
O010984,C0185,P0024,2026-04-13,2,190.34,Organic
O010985,C0569,P0021,2026-04-13,1,111.76,Organic
O010986,C0255,P0022,2026-04-13,3,123.57,Paid
O010987,C0455,P0022,2026-04-13,1,41.19,Organic
O010988,C0035,P0020,2026-04-13,2,290.68,Paid
O010989,C0005,P0023,2026-04-13,3,437.97,Organic
O010990,C0499,P0032,2026-04-13,2,79.24,Organic
O010991,C0178,P0038,2026-04-13,2,136.74,Paid
O010992,C0224,P0039,2026-04-13,1,110.51,Paid
O010993,C0565,P0009,2026-04-14,3,228.84,Email
O010994,C0386,P0011,2026-04-14,3,136.29,Paid
O010995,C0027,P0017,2026-04-14,2,246.56,Referral
O010996,C0189,P0017,2026-04-14,3,369.84,Organic
O010997,C0377,P0018,2026-04-14,2,174.42,Email
O010998,C0317,P0024,2026-04-14,2,190.34,Organic
O010999,C0384,P0020,2026-04-14,2,290.68,Paid
O011000,C0143,P0034,2026-04-14,2,107.82,Organic
O011001,C0565,P0039,2026-04-14,2,221.02,Paid
O011002,C0537,P0035,2026-04-14,3,181.2,Paid
O011003,C0082,P0003,2026-04-14,3,1007.91,Organic
O011004,C0041,P0013,2026-04-14,2,89.72,Organic
O011005,C0521,P0012,2026-04-14,3,135.18,Organic
O011006,C0783,P0016,2026-04-14,2,60.6,Organic
O011007,C0364,P0014,2026-04-14,3,163.5,Organic
O011008,C0457,P0024,2026-04-14,3,285.51,Organic
O011009,C0054,P0018,2026-04-14,2,174.42,Organic
O011010,C0333,P0024,2026-04-14,3,285.51,Paid
O011011,C0672,P0022,2026-04-14,2,82.38,Paid
O011012,C0563,P0030,2026-04-14,2,54.42,Referral
O011013,C0370,P0030,2026-04-14,1,27.21,Organic
O011014,C0309,P0039,2026-04-14,3,331.53,Referral
O011015,C0206,P0039,2026-04-14,1,110.51,Organic
O011016,C0288,P0036,2026-04-14,1,23.73,Email
O011017,C0414,P0038,2026-04-14,3,205.11,Paid
O011018,C0414,P0036,2026-04-14,3,71.19,Paid
O011019,C0413,P0001,2026-04-14,2,80.6,Paid
O011020,C0531,P0002,2026-04-14,3,801.18,Paid
O011021,C0590,P0013,2026-04-14,1,44.86,Organic
O011022,C0291,P0019,2026-04-14,3,197.31,Email
O011023,C0611,P0019,2026-04-14,3,197.31,Paid
O011024,C0768,P0020,2026-04-14,2,290.68,Email
O011025,C0748,P0018,2026-04-14,3,261.63,Referral
O011026,C0590,P0029,2026-04-14,1,24.45,Email
O011027,C0546,P0033,2026-04-14,1,35.18,Paid
O011028,C0437,P0037,2026-04-14,2,128.36,Email
O011029,C0185,P0008,2026-04-14,2,378.78,Referral
O011030,C0324,P0015,2026-04-14,2,110.28,Organic
O011031,C0664,P0017,2026-04-14,3,369.84,Paid
O011032,C0559,P0037,2026-04-14,2,128.36,Email
O011033,C0042,P0036,2026-04-14,2,47.46,Paid
O011034,C0279,P0008,2026-04-15,2,378.78,Paid
O011035,C0630,P0007,2026-04-15,1,67.93,Organic
O011036,C0402,P0003,2026-04-15,3,1007.91,Email
O011037,C0025,P0004,2026-04-15,1,181.86,Email
O011038,C0076,P0016,2026-04-15,3,90.9,Organic
O011039,C0004,P0012,2026-04-15,1,45.06,Email
O011040,C0449,P0016,2026-04-15,1,30.3,Email
O011041,C0376,P0009,2026-04-15,1,76.28,Organic
O011042,C0375,P0014,2026-04-15,2,109.0,Email
O011043,C0382,P0019,2026-04-15,3,197.31,Organic
O011044,C0576,P0032,2026-04-15,2,79.24,Organic
O011045,C0572,P0029,2026-04-15,3,73.35,Paid
O011046,C0776,P0030,2026-04-15,1,27.21,Paid
O011047,C0212,P0026,2026-04-15,3,65.61,Organic
O011048,C0076,P0036,2026-04-15,3,71.19,Organic
O011049,C0192,P0005,2026-04-15,1,66.32,Referral
O011050,C0230,P0004,2026-04-15,2,363.72,Paid
O011051,C0416,P0004,2026-04-15,3,545.58,Organic
O011052,C0041,P0007,2026-04-15,2,135.86,Organic
O011053,C0341,P0013,2026-04-15,1,44.86,Organic
O011054,C0242,P0021,2026-04-15,2,223.52,Referral
O011055,C0680,P0021,2026-04-15,2,223.52,Paid
O011056,C0400,P0024,2026-04-15,1,95.17,Paid
O011057,C0166,P0026,2026-04-15,3,65.61,Paid
O011058,C0563,P0032,2026-04-15,2,79.24,Paid
O011059,C0300,P0035,2026-04-15,3,181.2,Paid
O011060,C0094,P0006,2026-04-15,2,175.08,Paid
O011061,C0078,P0002,2026-04-15,2,534.12,Email
O011062,C0772,P0003,2026-04-15,3,1007.91,Organic
O011063,C0146,P0002,2026-04-15,1,267.06,Organic
O011064,C0138,P0005,2026-04-15,2,132.64,Paid
O011065,C0355,P0012,2026-04-15,2,90.12,Organic
O011066,C0459,P0015,2026-04-15,1,55.14,Referral
O011067,C0254,P0018,2026-04-15,1,87.21,Email
O011068,C0591,P0021,2026-04-15,1,111.76,Paid
O011069,C0513,P0031,2026-04-15,3,178.2,Paid
O011070,C0007,P0026,2026-04-15,3,65.61,Paid
O011071,C0629,P0038,2026-04-15,2,136.74,Organic
O011072,C0391,P0035,2026-04-15,3,181.2,Organic
O011073,C0168,P0033,2026-04-15,2,70.36,Organic
O011074,C0012,P0039,2026-04-15,1,110.51,Paid
O011075,C0745,P0036,2026-04-15,3,71.19,Organic
O011076,C0670,P0008,2026-04-15,1,189.39,Paid
O011077,C0440,P0010,2026-04-15,2,38.8,Organic
O011078,C0476,P0009,2026-04-15,2,152.56,Organic
O011079,C0713,P0014,2026-04-15,3,163.5,Paid
O011080,C0604,P0009,2026-04-15,2,152.56,Organic
O011081,C0574,P0018,2026-04-15,1,87.21,Organic
O011082,C0052,P0018,2026-04-15,1,87.21,Paid
O011083,C0133,P0019,2026-04-15,1,65.77,Paid
O011084,C0434,P0022,2026-04-15,3,123.57,Email
O011085,C0713,P0027,2026-04-15,1,13.39,Email
O011086,C0042,P0034,2026-04-15,3,161.73,Organic
O011087,C0487,P0036,2026-04-15,3,71.19,Paid
O011088,C0359,P0033,2026-04-15,1,35.18,Email
O011089,C0248,P0008,2026-04-16,3,568.17,Paid
O011090,C0375,P0007,2026-04-16,1,67.93,Email
O011091,C0249,P0001,2026-04-16,1,40.3,Paid
O011092,C0557,P0017,2026-04-16,3,369.84,Organic
O011093,C0562,P0019,2026-04-16,3,197.31,Paid
O011094,C0599,P0024,2026-04-16,1,95.17,Organic
O011095,C0799,P0018,2026-04-16,2,174.42,Email
O011096,C0415,P0026,2026-04-16,2,43.74,Paid
O011097,C0071,P0027,2026-04-16,2,26.78,Paid
O011098,C0549,P0034,2026-04-16,1,53.91,Organic
O011099,C0703,P0034,2026-04-16,3,161.73,Paid
O011100,C0218,P0004,2026-04-16,3,545.58,Organic
O011101,C0407,P0002,2026-04-16,3,801.18,Organic
O011102,C0660,P0002,2026-04-16,1,267.06,Email
O011103,C0115,P0003,2026-04-16,1,335.97,Organic
O011104,C0517,P0008,2026-04-16,2,378.78,Paid
O011105,C0091,P0004,2026-04-16,3,545.58,Referral
O011106,C0264,P0001,2026-04-16,3,120.9,Paid
O011107,C0218,P0007,2026-04-16,2,135.86,Organic
O011108,C0101,P0010,2026-04-16,1,19.4,Email
O011109,C0183,P0014,2026-04-16,3,163.5,Organic
O011110,C0783,P0020,2026-04-16,3,436.02,Organic
O011111,C0309,P0020,2026-04-16,2,290.68,Organic
O011112,C0243,P0020,2026-04-16,2,290.68,Referral
O011113,C0539,P0017,2026-04-16,2,246.56,Paid
O011114,C0674,P0020,2026-04-16,1,145.34,Paid
O011115,C0438,P0019,2026-04-16,2,131.54,Organic
O011116,C0597,P0027,2026-04-16,3,40.17,Organic
O011117,C0309,P0034,2026-04-16,2,107.82,Paid
O011118,C0420,P0038,2026-04-16,1,68.37,Referral
O011119,C0470,P0033,2026-04-16,3,105.54,Organic
O011120,C0678,P0035,2026-04-16,2,120.8,Organic
O011121,C0739,P0040,2026-04-16,2,120.98,Referral
O011122,C0513,P0005,2026-04-16,2,132.64,Paid
O011123,C0281,P0003,2026-04-16,1,335.97,Email
O011124,C0579,P0004,2026-04-16,1,181.86,Email
O011125,C0019,P0014,2026-04-16,1,54.5,Email
O011126,C0732,P0012,2026-04-16,2,90.12,Organic
O011127,C0775,P0016,2026-04-16,2,60.6,Paid
O011128,C0165,P0014,2026-04-16,2,109.0,Organic
O011129,C0392,P0009,2026-04-16,3,228.84,Paid
O011130,C0123,P0010,2026-04-16,3,58.2,Organic
O011131,C0691,P0019,2026-04-16,3,197.31,Email
O011132,C0768,P0020,2026-04-16,2,290.68,Organic
O011133,C0663,P0029,2026-04-16,3,73.35,Organic
O011134,C0424,P0038,2026-04-16,2,136.74,Referral
O011135,C0160,P0035,2026-04-16,1,60.4,Organic
O011136,C0682,P0015,2026-04-16,2,110.28,Organic
O011137,C0551,P0024,2026-04-16,3,285.51,Paid
O011138,C0070,P0030,2026-04-16,2,54.42,Organic
O011139,C0551,P0031,2026-04-16,2,118.8,Referral
O011140,C0089,P0037,2026-04-16,1,64.18,Paid
O011141,C0650,P0034,2026-04-16,1,53.91,Organic
O011142,C0376,P0007,2026-04-17,2,135.86,Organic
O011143,C0071,P0001,2026-04-17,3,120.9,Paid
O011144,C0665,P0003,2026-04-17,1,335.97,Referral
O011145,C0498,P0003,2026-04-17,2,671.94,Paid
O011146,C0061,P0002,2026-04-17,2,534.12,Email
O011147,C0793,P0010,2026-04-17,3,58.2,Paid
O011148,C0228,P0022,2026-04-17,1,41.19,Paid
O011149,C0240,P0027,2026-04-17,3,40.17,Paid
O011150,C0268,P0026,2026-04-17,3,65.61,Referral
O011151,C0777,P0029,2026-04-17,2,48.9,Paid
O011152,C0279,P0025,2026-04-17,2,54.02,Paid
O011153,C0565,P0025,2026-04-17,2,54.02,Organic
O011154,C0104,P0033,2026-04-17,2,70.36,Paid
O011155,C0115,P0008,2026-04-17,3,568.17,Paid
O011156,C0312,P0004,2026-04-17,3,545.58,Organic
O011157,C0126,P0003,2026-04-17,1,335.97,Paid
O011158,C0539,P0011,2026-04-17,3,136.29,Organic
O011159,C0521,P0015,2026-04-17,1,55.14,Paid
O011160,C0671,P0022,2026-04-17,1,41.19,Organic
O011161,C0438,P0023,2026-04-17,3,437.97,Paid
O011162,C0139,P0021,2026-04-17,2,223.52,Organic
O011163,C0646,P0029,2026-04-17,2,48.9,Organic
O011164,C0347,P0027,2026-04-17,2,26.78,Organic
O011165,C0683,P0028,2026-04-17,2,44.4,Referral
O011166,C0783,P0038,2026-04-17,3,205.11,Organic
O011167,C0405,P0040,2026-04-17,1,60.49,Email
O011168,C0680,P0034,2026-04-17,1,53.91,Paid
O011169,C0405,P0035,2026-04-17,1,60.4,Referral
O011170,C0739,P0037,2026-04-17,2,128.36,Organic
O011171,C0137,P0006,2026-04-17,1,87.54,Email
O011172,C0787,P0001,2026-04-17,3,120.9,Email
O011173,C0327,P0013,2026-04-17,1,44.86,Paid
O011174,C0058,P0024,2026-04-17,3,285.51,Paid
O011175,C0609,P0025,2026-04-17,2,54.02,Organic
O011176,C0259,P0027,2026-04-17,2,26.78,Organic
O011177,C0262,P0028,2026-04-17,2,44.4,Organic
O011178,C0691,P0038,2026-04-17,3,205.11,Paid
O011179,C0292,P0040,2026-04-17,1,60.49,Organic
O011180,C0211,P0034,2026-04-17,1,53.91,Email
O011181,C0493,P0033,2026-04-17,1,35.18,Organic
O011182,C0396,P0033,2026-04-17,3,105.54,Email
O011183,C0554,P0034,2026-04-17,1,53.91,Organic
O011184,C0036,P0001,2026-04-17,2,80.6,Email
O011185,C0351,P0008,2026-04-17,3,568.17,Email
O011186,C0133,P0007,2026-04-17,3,203.79,Organic
O011187,C0290,P0008,2026-04-17,2,378.78,Email
O011188,C0657,P0015,2026-04-17,3,165.42,Paid
O011189,C0625,P0010,2026-04-17,2,38.8,Organic
O011190,C0285,P0010,2026-04-17,3,58.2,Referral
O011191,C0324,P0016,2026-04-17,1,30.3,Paid
O011192,C0366,P0019,2026-04-17,2,131.54,Referral
O011193,C0664,P0018,2026-04-17,1,87.21,Paid
O011194,C0116,P0021,2026-04-17,1,111.76,Organic
O011195,C0541,P0028,2026-04-17,3,66.6,Organic
O011196,C0434,P0035,2026-04-17,2,120.8,Organic
O011197,C0721,P0033,2026-04-17,1,35.18,Paid
O011198,C0606,P0007,2026-04-18,3,203.79,Referral
O011199,C0037,P0013,2026-04-18,2,89.72,Organic
O011200,C0540,P0011,2026-04-18,2,90.86,Organic
O011201,C0403,P0014,2026-04-18,3,163.5,Paid
O011202,C0014,P0017,2026-04-18,2,246.56,Paid
O011203,C0067,P0021,2026-04-18,1,111.76,Organic
O011204,C0151,P0024,2026-04-18,3,285.51,Email
O011205,C0600,P0028,2026-04-18,2,44.4,Paid
O011206,C0607,P0039,2026-04-18,1,110.51,Paid
O011207,C0190,P0033,2026-04-18,3,105.54,Organic
O011208,C0188,P0008,2026-04-18,1,189.39,Email
O011209,C0669,P0005,2026-04-18,1,66.32,Organic
O011210,C0081,P0011,2026-04-18,2,90.86,Organic
O011211,C0621,P0011,2026-04-18,3,136.29,Paid
O011212,C0126,P0024,2026-04-18,1,95.17,Email
O011213,C0640,P0022,2026-04-18,2,82.38,Organic
O011214,C0423,P0032,2026-04-18,3,118.86,Organic
O011215,C0558,P0030,2026-04-18,3,81.63,Organic
O011216,C0698,P0026,2026-04-18,2,43.74,Email
O011217,C0106,P0034,2026-04-18,3,161.73,Organic
O011218,C0798,P0034,2026-04-18,1,53.91,Paid
O011219,C0337,P0034,2026-04-18,3,161.73,Organic
O011220,C0341,P0035,2026-04-18,1,60.4,Organic
O011221,C0765,P0003,2026-04-18,3,1007.91,Paid
O011222,C0260,P0003,2026-04-18,3,1007.91,Paid
O011223,C0745,P0001,2026-04-18,2,80.6,Organic
O011224,C0763,P0004,2026-04-18,3,545.58,Paid
O011225,C0211,P0007,2026-04-18,3,203.79,Email
O011226,C0578,P0006,2026-04-18,2,175.08,Paid
O011227,C0588,P0014,2026-04-18,2,109.0,Paid
O011228,C0483,P0010,2026-04-18,2,38.8,Organic
O011229,C0608,P0018,2026-04-18,2,174.42,Email
O011230,C0493,P0024,2026-04-18,1,95.17,Organic
O011231,C0157,P0028,2026-04-18,3,66.6,Paid
O011232,C0160,P0033,2026-04-18,2,70.36,Paid
O011233,C0513,P0037,2026-04-18,3,192.54,Email
O011234,C0579,P0038,2026-04-18,3,205.11,Organic
O011235,C0232,P0001,2026-04-18,2,80.6,Paid
O011236,C0088,P0002,2026-04-18,2,534.12,Paid
O011237,C0023,P0005,2026-04-18,3,198.96,Email
O011238,C0343,P0005,2026-04-18,2,132.64,Paid
O011239,C0256,P0009,2026-04-18,2,152.56,Organic
O011240,C0455,P0011,2026-04-18,1,45.43,Paid
O011241,C0581,P0011,2026-04-18,1,45.43,Organic
O011242,C0223,P0015,2026-04-18,2,110.28,Organic
O011243,C0613,P0018,2026-04-18,3,261.63,Paid
O011244,C0552,P0020,2026-04-18,1,145.34,Paid
O011245,C0222,P0020,2026-04-18,3,436.02,Organic
O011246,C0053,P0028,2026-04-18,2,44.4,Organic
O011247,C0379,P0031,2026-04-18,3,178.2,Organic
O011248,C0088,P0027,2026-04-18,1,13.39,Paid
O011249,C0231,P0035,2026-04-18,3,181.2,Organic
O011250,C0005,P0040,2026-04-18,2,120.98,Paid
O011251,C0200,P0034,2026-04-18,3,161.73,Organic
O011252,C0023,P0038,2026-04-18,2,136.74,Organic
O011253,C0737,P0004,2026-04-19,3,545.58,Organic
O011254,C0061,P0011,2026-04-19,3,136.29,Organic
O011255,C0449,P0009,2026-04-19,3,228.84,Referral
O011256,C0323,P0015,2026-04-19,2,110.28,Referral
O011257,C0323,P0009,2026-04-19,1,76.28,Paid
O011258,C0737,P0014,2026-04-19,2,109.0,Organic
O011259,C0769,P0015,2026-04-19,2,110.28,Email
O011260,C0565,P0018,2026-04-19,3,261.63,Email
O011261,C0130,P0032,2026-04-19,1,39.62,Organic
O011262,C0716,P0029,2026-04-19,2,48.9,Organic
O011263,C0113,P0029,2026-04-19,1,24.45,Organic
O011264,C0014,P0025,2026-04-19,2,54.02,Organic
O011265,C0159,P0027,2026-04-19,3,40.17,Paid
O011266,C0504,P0039,2026-04-19,2,221.02,Paid
O011267,C0317,P0038,2026-04-19,2,136.74,Email
O011268,C0245,P0034,2026-04-19,1,53.91,Organic
O011269,C0032,P0004,2026-04-19,2,363.72,Paid
O011270,C0370,P0004,2026-04-19,1,181.86,Paid
O011271,C0560,P0009,2026-04-19,1,76.28,Referral
O011272,C0154,P0014,2026-04-19,3,163.5,Paid
O011273,C0314,P0017,2026-04-19,3,369.84,Organic
O011274,C0194,P0021,2026-04-19,3,335.28,Email
O011275,C0617,P0024,2026-04-19,1,95.17,Paid
O011276,C0387,P0030,2026-04-19,2,54.42,Organic
O011277,C0516,P0033,2026-04-19,3,105.54,Email
O011278,C0783,P0037,2026-04-19,3,192.54,Paid
O011279,C0760,P0035,2026-04-19,3,181.2,Referral
O011280,C0688,P0035,2026-04-19,1,60.4,Organic
O011281,C0078,P0005,2026-04-19,2,132.64,Paid
O011282,C0168,P0001,2026-04-19,3,120.9,Paid
O011283,C0254,P0015,2026-04-19,3,165.42,Organic
O011284,C0047,P0015,2026-04-19,1,55.14,Referral
O011285,C0413,P0020,2026-04-19,1,145.34,Organic
O011286,C0102,P0029,2026-04-19,1,24.45,Referral
O011287,C0625,P0003,2026-04-19,3,1007.91,Organic
O011288,C0195,P0003,2026-04-19,2,671.94,Paid
O011289,C0604,P0005,2026-04-19,2,132.64,Paid
O011290,C0359,P0016,2026-04-19,3,90.9,Organic
O011291,C0552,P0012,2026-04-19,2,90.12,Organic
O011292,C0613,P0012,2026-04-19,1,45.06,Paid
O011293,C0338,P0012,2026-04-19,1,45.06,Referral
O011294,C0320,P0012,2026-04-19,2,90.12,Email
O011295,C0571,P0032,2026-04-19,2,79.24,Email
O011296,C0479,P0025,2026-04-19,2,54.02,Organic
O011297,C0005,P0039,2026-04-19,3,331.53,Paid
O011298,C0709,P0005,2026-04-20,2,132.64,Email
O011299,C0294,P0015,2026-04-20,2,110.28,Paid
O011300,C0726,P0016,2026-04-20,3,90.9,Paid
O011301,C0665,P0022,2026-04-20,3,123.57,Organic
O011302,C0471,P0029,2026-04-20,2,48.9,Organic
O011303,C0700,P0031,2026-04-20,3,178.2,Paid
O011304,C0726,P0037,2026-04-20,2,128.36,Paid
O011305,C0142,P0004,2026-04-20,2,363.72,Paid
O011306,C0686,P0002,2026-04-20,1,267.06,Organic
O011307,C0441,P0008,2026-04-20,1,189.39,Organic
O011308,C0428,P0006,2026-04-20,1,87.54,Referral
O011309,C0683,P0006,2026-04-20,3,262.62,Paid
O011310,C0308,P0015,2026-04-20,2,110.28,Organic
O011311,C0602,P0011,2026-04-20,1,45.43,Referral
O011312,C0166,P0019,2026-04-20,3,197.31,Organic
O011313,C0762,P0029,2026-04-20,3,73.35,Email
O011314,C0723,P0025,2026-04-20,1,27.01,Paid
O011315,C0176,P0040,2026-04-20,1,60.49,Paid
O011316,C0215,P0039,2026-04-20,3,331.53,Organic
O011317,C0160,P0003,2026-04-20,3,1007.91,Organic
O011318,C0083,P0011,2026-04-20,2,90.86,Paid
O011319,C0579,P0016,2026-04-20,3,90.9,Paid
O011320,C0412,P0016,2026-04-20,1,30.3,Referral
O011321,C0368,P0020,2026-04-20,1,145.34,Paid
O011322,C0454,P0022,2026-04-20,2,82.38,Paid
O011323,C0768,P0028,2026-04-20,1,22.2,Organic
O011324,C0354,P0036,2026-04-20,2,47.46,Paid
O011325,C0800,P0037,2026-04-20,1,64.18,Organic
O011326,C0116,P0002,2026-04-20,3,801.18,Email
O011327,C0110,P0005,2026-04-20,1,66.32,Organic
O011328,C0631,P0016,2026-04-20,2,60.6,Organic
O011329,C0020,P0017,2026-04-20,1,123.28,Paid
O011330,C0325,P0022,2026-04-20,2,82.38,Email
O011331,C0496,P0020,2026-04-20,2,290.68,Organic
O011332,C0131,P0038,2026-04-20,3,205.11,Email
O011333,C0357,P0033,2026-04-20,1,35.18,Organic
O011334,C0532,P0038,2026-04-20,1,68.37,Paid
O011335,C0507,P0037,2026-04-20,1,64.18,Email
O011336,C0228,P0001,2026-04-21,1,40.3,Email
O011337,C0072,P0008,2026-04-21,2,378.78,Organic
O011338,C0637,P0011,2026-04-21,1,45.43,Organic
O011339,C0275,P0017,2026-04-21,2,246.56,Referral
O011340,C0335,P0029,2026-04-21,3,73.35,Email
O011341,C0378,P0036,2026-04-21,3,71.19,Paid
O011342,C0414,P0001,2026-04-21,2,80.6,Paid
O011343,C0407,P0006,2026-04-21,1,87.54,Organic
O011344,C0694,P0004,2026-04-21,2,363.72,Paid
O011345,C0517,P0002,2026-04-21,3,801.18,Paid
O011346,C0288,P0007,2026-04-21,2,135.86,Email
O011347,C0694,P0016,2026-04-21,1,30.3,Organic
O011348,C0176,P0014,2026-04-21,3,163.5,Paid
O011349,C0059,P0015,2026-04-21,2,110.28,Organic
O011350,C0024,P0018,2026-04-21,1,87.21,Paid
O011351,C0416,P0024,2026-04-21,2,190.34,Referral
O011352,C0144,P0026,2026-04-21,3,65.61,Email
O011353,C0624,P0029,2026-04-21,1,24.45,Paid
O011354,C0370,P0032,2026-04-21,1,39.62,Email
O011355,C0243,P0033,2026-04-21,3,105.54,Referral
O011356,C0099,P0033,2026-04-21,3,105.54,Paid
O011357,C0461,P0038,2026-04-21,2,136.74,Referral
O011358,C0164,P0034,2026-04-21,3,161.73,Paid
O011359,C0385,P0004,2026-04-21,2,363.72,Paid
O011360,C0531,P0014,2026-04-21,2,109.0,Paid
O011361,C0107,P0009,2026-04-21,3,228.84,Organic
O011362,C0209,P0011,2026-04-21,1,45.43,Email
O011363,C0757,P0032,2026-04-21,1,39.62,Organic
O011364,C0588,P0038,2026-04-21,2,136.74,Organic
O011365,C0238,P0034,2026-04-21,2,107.82,Paid
O011366,C0536,P0039,2026-04-21,2,221.02,Organic
O011367,C0618,P0033,2026-04-21,2,70.36,Organic
O011368,C0102,P0039,2026-04-21,2,221.02,Email
O011369,C0561,P0003,2026-04-21,2,671.94,Organic
O011370,C0598,P0002,2026-04-21,3,801.18,Referral
O011371,C0353,P0007,2026-04-21,3,203.79,Paid
O011372,C0088,P0003,2026-04-21,1,335.97,Organic
O011373,C0567,P0009,2026-04-21,1,76.28,Organic
O011374,C0569,P0009,2026-04-21,1,76.28,Email
O011375,C0458,P0015,2026-04-21,3,165.42,Paid
O011376,C0758,P0011,2026-04-21,1,45.43,Email
O011377,C0713,P0032,2026-04-21,1,39.62,Paid
O011378,C0075,P0027,2026-04-21,1,13.39,Paid
O011379,C0197,P0038,2026-04-21,1,68.37,Organic
O011380,C0191,P0039,2026-04-21,2,221.02,Referral
O011381,C0491,P0038,2026-04-21,1,68.37,Organic
O011382,C0256,P0035,2026-04-21,1,60.4,Referral
O011383,C0725,P0039,2026-04-21,3,331.53,Organic
O011384,C0131,P0038,2026-04-21,1,68.37,Paid
O011385,C0248,P0007,2026-04-22,1,67.93,Paid
O011386,C0071,P0006,2026-04-22,2,175.08,Organic
O011387,C0520,P0005,2026-04-22,1,66.32,Referral
O011388,C0275,P0012,2026-04-22,3,135.18,Email
O011389,C0453,P0011,2026-04-22,2,90.86,Paid
O011390,C0124,P0015,2026-04-22,3,165.42,Organic
O011391,C0630,P0026,2026-04-22,1,21.87,Paid
O011392,C0600,P0037,2026-04-22,2,128.36,Organic
O011393,C0136,P0038,2026-04-22,2,136.74,Email
O011394,C0558,P0005,2026-04-22,3,198.96,Email
O011395,C0762,P0009,2026-04-22,1,76.28,Paid
O011396,C0585,P0009,2026-04-22,3,228.84,Organic
O011397,C0115,P0015,2026-04-22,3,165.42,Referral
O011398,C0065,P0009,2026-04-22,3,228.84,Referral
O011399,C0686,P0020,2026-04-22,1,145.34,Paid
O011400,C0162,P0019,2026-04-22,1,65.77,Paid
O011401,C0018,P0018,2026-04-22,3,261.63,Organic
O011402,C0142,P0031,2026-04-22,3,178.2,Organic
O011403,C0509,P0032,2026-04-22,2,79.24,Email
O011404,C0686,P0030,2026-04-22,1,27.21,Organic
O011405,C0243,P0036,2026-04-22,2,47.46,Organic
O011406,C0092,P0036,2026-04-22,1,23.73,Paid
O011407,C0482,P0009,2026-04-22,3,228.84,Organic
O011408,C0531,P0017,2026-04-22,2,246.56,Organic
O011409,C0579,P0017,2026-04-22,3,369.84,Referral
O011410,C0292,P0018,2026-04-22,3,261.63,Email
O011411,C0705,P0031,2026-04-22,1,59.4,Referral
O011412,C0629,P0031,2026-04-22,2,118.8,Referral
O011413,C0775,P0028,2026-04-22,3,66.6,Referral
O011414,C0568,P0028,2026-04-22,1,22.2,Paid
O011415,C0060,P0031,2026-04-22,3,178.2,Organic
O011416,C0254,P0038,2026-04-22,1,68.37,Email
O011417,C0574,P0003,2026-04-22,2,671.94,Paid
O011418,C0623,P0006,2026-04-22,3,262.62,Paid
O011419,C0195,P0015,2026-04-22,2,110.28,Referral
O011420,C0685,P0011,2026-04-22,3,136.29,Email
O011421,C0255,P0021,2026-04-22,2,223.52,Paid
O011422,C0127,P0029,2026-04-22,2,48.9,Organic
O011423,C0478,P0035,2026-04-22,1,60.4,Email
O011424,C0357,P0038,2026-04-22,3,205.11,Paid
O011425,C0390,P0001,2026-04-23,3,120.9,Organic
O011426,C0398,P0029,2026-04-23,1,24.45,Email
O011427,C0063,P0007,2026-04-23,2,135.86,Paid
O011428,C0595,P0006,2026-04-23,3,262.62,Organic
O011429,C0243,P0003,2026-04-23,2,671.94,Referral
O011430,C0779,P0017,2026-04-23,3,369.84,Paid
O011431,C0395,P0032,2026-04-23,1,39.62,Paid
O011432,C0393,P0029,2026-04-23,3,73.35,Paid
O011433,C0510,P0025,2026-04-23,1,27.01,Organic
O011434,C0041,P0032,2026-04-23,2,79.24,Organic
O011435,C0420,P0039,2026-04-23,1,110.51,Organic
O011436,C0784,P0034,2026-04-23,1,53.91,Organic
O011437,C0783,P0039,2026-04-23,2,221.02,Paid
O011438,C0207,P0038,2026-04-23,1,68.37,Paid
O011439,C0373,P0022,2026-04-23,1,41.19,Organic
O011440,C0227,P0030,2026-04-23,1,27.21,Organic
O011441,C0546,P0037,2026-04-23,1,64.18,Organic
O011442,C0508,P0035,2026-04-23,3,181.2,Organic
O011443,C0035,P0003,2026-04-23,3,1007.91,Organic
O011444,C0320,P0002,2026-04-23,3,801.18,Email
O011445,C0301,P0001,2026-04-23,2,80.6,Referral
O011446,C0174,P0016,2026-04-23,2,60.6,Paid
O011447,C0328,P0010,2026-04-23,1,19.4,Paid
O011448,C0316,P0013,2026-04-23,3,134.58,Organic
O011449,C0652,P0016,2026-04-23,1,30.3,Organic
O011450,C0068,P0013,2026-04-23,1,44.86,Organic
O011451,C0478,P0021,2026-04-23,3,335.28,Organic
O011452,C0652,P0024,2026-04-23,1,95.17,Organic
O011453,C0256,P0031,2026-04-23,1,59.4,Organic
O011454,C0494,P0025,2026-04-23,3,81.03,Paid
O011455,C0290,P0036,2026-04-23,1,23.73,Email
O011456,C0548,P0003,2026-04-24,1,335.97,Referral
O011457,C0792,P0004,2026-04-24,3,545.58,Email
O011458,C0241,P0003,2026-04-24,2,671.94,Paid
O011459,C0709,P0014,2026-04-24,3,163.5,Paid
O011460,C0376,P0013,2026-04-24,3,134.58,Email
O011461,C0228,P0021,2026-04-24,3,335.28,Organic
O011462,C0718,P0031,2026-04-24,2,118.8,Organic
O011463,C0330,P0035,2026-04-24,3,181.2,Email
O011464,C0443,P0038,2026-04-24,1,68.37,Organic
O011465,C0372,P0033,2026-04-24,2,70.36,Organic
O011466,C0219,P0001,2026-04-24,2,80.6,Email
O011467,C0264,P0008,2026-04-24,1,189.39,Organic
O011468,C0092,P0004,2026-04-24,3,545.58,Organic
O011469,C0577,P0008,2026-04-24,2,378.78,Organic
O011470,C0350,P0012,2026-04-24,1,45.06,Email
O011471,C0018,P0015,2026-04-24,2,110.28,Organic
O011472,C0438,P0009,2026-04-24,3,228.84,Email
O011473,C0778,P0024,2026-04-24,3,285.51,Organic
O011474,C0286,P0017,2026-04-24,3,369.84,Organic
O011475,C0539,P0026,2026-04-24,1,21.87,Paid
O011476,C0712,P0039,2026-04-24,2,221.02,Organic
O011477,C0092,P0040,2026-04-24,2,120.98,Organic
O011478,C0485,P0033,2026-04-24,2,70.36,Paid
O011479,C0783,P0035,2026-04-24,1,60.4,Organic
O011480,C0261,P0029,2026-04-24,1,24.45,Email
O011481,C0237,P0035,2026-04-24,3,181.2,Paid
O011482,C0677,P0038,2026-04-24,3,205.11,Email
O011483,C0310,P0035,2026-04-24,1,60.4,Email
O011484,C0773,P0036,2026-04-24,3,71.19,Organic
O011485,C0750,P0005,2026-04-24,2,132.64,Organic
O011486,C0134,P0007,2026-04-24,3,203.79,Email
O011487,C0210,P0007,2026-04-24,1,67.93,Email
O011488,C0023,P0001,2026-04-24,3,120.9,Paid
O011489,C0042,P0008,2026-04-24,1,189.39,Paid
O011490,C0626,P0013,2026-04-24,1,44.86,Paid
O011491,C0580,P0016,2026-04-24,3,90.9,Organic
O011492,C0690,P0031,2026-04-24,1,59.4,Paid
O011493,C0020,P0039,2026-04-24,1,110.51,Email
O011494,C0720,P0035,2026-04-24,3,181.2,Paid
O011495,C0548,P0003,2026-04-25,1,335.97,Email
O011496,C0245,P0008,2026-04-25,2,378.78,Organic
O011497,C0248,P0004,2026-04-25,2,363.72,Organic
O011498,C0415,P0016,2026-04-25,3,90.9,Organic
O011499,C0659,P0020,2026-04-25,1,145.34,Organic
O011500,C0704,P0026,2026-04-25,3,65.61,Paid
O011501,C0240,P0028,2026-04-25,3,66.6,Organic
O011502,C0422,P0034,2026-04-25,2,107.82,Organic
O011503,C0520,P0036,2026-04-25,1,23.73,Paid
O011504,C0727,P0003,2026-04-25,1,335.97,Organic
O011505,C0334,P0013,2026-04-25,2,89.72,Organic
O011506,C0669,P0010,2026-04-25,3,58.2,Email
O011507,C0423,P0016,2026-04-25,2,60.6,Paid
O011508,C0539,P0015,2026-04-25,1,55.14,Paid
O011509,C0054,P0023,2026-04-25,1,145.99,Organic
O011510,C0560,P0018,2026-04-25,2,174.42,Paid
O011511,C0219,P0022,2026-04-25,3,123.57,Organic
O011512,C0573,P0026,2026-04-25,1,21.87,Organic
O011513,C0420,P0026,2026-04-25,1,21.87,Organic
O011514,C0484,P0028,2026-04-25,3,66.6,Email
O011515,C0322,P0034,2026-04-25,1,53.91,Email
O011516,C0101,P0040,2026-04-25,2,120.98,Paid
O011517,C0516,P0038,2026-04-25,3,205.11,Organic
O011518,C0381,P0038,2026-04-25,2,136.74,Paid
O011519,C0526,P0040,2026-04-25,1,60.49,Paid
O011520,C0642,P0008,2026-04-25,2,378.78,Organic
O011521,C0748,P0008,2026-04-25,3,568.17,Organic
O011522,C0554,P0009,2026-04-25,2,152.56,Email
O011523,C0225,P0011,2026-04-25,3,136.29,Email
O011524,C0531,P0021,2026-04-25,1,111.76,Paid
O011525,C0201,P0022,2026-04-25,2,82.38,Organic
O011526,C0012,P0028,2026-04-25,1,22.2,Organic
O011527,C0787,P0027,2026-04-25,2,26.78,Email
O011528,C0611,P0034,2026-04-25,2,107.82,Organic
O011529,C0002,P0039,2026-04-25,3,331.53,Organic
O011530,C0794,P0006,2026-04-25,1,87.54,Email
O011531,C0569,P0005,2026-04-25,2,132.64,Organic
O011532,C0731,P0004,2026-04-25,1,181.86,Organic
O011533,C0614,P0013,2026-04-25,3,134.58,Email
O011534,C0068,P0009,2026-04-25,3,228.84,Paid
O011535,C0434,P0018,2026-04-25,2,174.42,Organic
O011536,C0661,P0026,2026-04-25,3,65.61,Organic
O011537,C0625,P0031,2026-04-25,2,118.8,Referral
O011538,C0500,P0027,2026-04-25,3,40.17,Paid
O011539,C0466,P0032,2026-04-25,2,79.24,Organic
O011540,C0336,P0038,2026-04-25,1,68.37,Organic
O011541,C0336,P0033,2026-04-25,2,70.36,Organic
O011542,C0780,P0039,2026-04-25,1,110.51,Organic
O011543,C0649,P0008,2026-04-26,3,568.17,Organic
O011544,C0365,P0007,2026-04-26,3,203.79,Organic
O011545,C0124,P0005,2026-04-26,1,66.32,Paid
O011546,C0790,P0016,2026-04-26,1,30.3,Paid
O011547,C0027,P0011,2026-04-26,1,45.43,Organic
O011548,C0294,P0030,2026-04-26,1,27.21,Referral
O011549,C0703,P0026,2026-04-26,2,43.74,Organic
O011550,C0365,P0026,2026-04-26,1,21.87,Paid
O011551,C0679,P0036,2026-04-26,1,23.73,Paid
O011552,C0100,P0035,2026-04-26,3,181.2,Organic
O011553,C0397,P0036,2026-04-26,1,23.73,Paid
O011554,C0369,P0001,2026-04-26,2,80.6,Organic
O011555,C0723,P0002,2026-04-26,3,801.18,Paid
O011556,C0648,P0003,2026-04-26,1,335.97,Organic
O011557,C0187,P0007,2026-04-26,2,135.86,Organic
O011558,C0678,P0007,2026-04-26,3,203.79,Organic
O011559,C0207,P0008,2026-04-26,1,189.39,Organic
O011560,C0472,P0023,2026-04-26,3,437.97,Email
O011561,C0170,P0024,2026-04-26,3,285.51,Paid
O011562,C0387,P0018,2026-04-26,2,174.42,Referral
O011563,C0420,P0017,2026-04-26,3,369.84,Referral
O011564,C0566,P0023,2026-04-26,1,145.99,Paid
O011565,C0016,P0030,2026-04-26,2,54.42,Paid
O011566,C0727,P0029,2026-04-26,1,24.45,Organic
O011567,C0464,P0035,2026-04-26,3,181.2,Email
O011568,C0438,P0039,2026-04-26,3,331.53,Organic
O011569,C0194,P0038,2026-04-26,2,136.74,Email
O011570,C0759,P0035,2026-04-26,2,120.8,Email
O011571,C0157,P0006,2026-04-26,2,175.08,Email
O011572,C0787,P0004,2026-04-26,2,363.72,Paid
O011573,C0578,P0014,2026-04-26,2,109.0,Organic
O011574,C0332,P0010,2026-04-26,1,19.4,Referral
O011575,C0048,P0013,2026-04-26,2,89.72,Organic
O011576,C0007,P0010,2026-04-26,2,38.8,Paid
O011577,C0216,P0016,2026-04-26,3,90.9,Organic
O011578,C0227,P0014,2026-04-26,2,109.0,Organic
O011579,C0007,P0014,2026-04-26,2,109.0,Organic
O011580,C0656,P0014,2026-04-26,1,54.5,Email
O011581,C0656,P0024,2026-04-26,3,285.51,Paid
O011582,C0629,P0021,2026-04-26,3,335.28,Organic
O011583,C0656,P0023,2026-04-26,3,437.97,Organic
O011584,C0594,P0031,2026-04-26,3,178.2,Referral
O011585,C0396,P0037,2026-04-26,2,128.36,Organic
O011586,C0491,P0001,2026-04-26,1,40.3,Email
O011587,C0782,P0002,2026-04-26,2,534.12,Organic
O011588,C0231,P0009,2026-04-26,3,228.84,Paid
O011589,C0256,P0011,2026-04-26,3,136.29,Email
O011590,C0559,P0016,2026-04-26,1,30.3,Paid
O011591,C0111,P0014,2026-04-26,3,163.5,Paid
O011592,C0794,P0013,2026-04-26,2,89.72,Paid
O011593,C0750,P0013,2026-04-26,2,89.72,Referral
O011594,C0440,P0023,2026-04-26,2,291.98,Paid
O011595,C0127,P0029,2026-04-26,3,73.35,Organic
O011596,C0319,P0030,2026-04-26,1,27.21,Referral
O011597,C0730,P0031,2026-04-26,1,59.4,Email
O011598,C0643,P0034,2026-04-26,3,161.73,Organic
O011599,C0766,P0037,2026-04-26,3,192.54,Paid
O011600,C0236,P0040,2026-04-26,1,60.49,Organic
O011601,C0328,P0036,2026-04-26,1,23.73,Paid
O011602,C0494,P0036,2026-04-26,2,47.46,Organic
O011603,C0614,P0038,2026-04-26,3,205.11,Email
O011604,C0366,P0035,2026-04-26,2,120.8,Organic
O011605,C0752,P0003,2026-04-27,3,1007.91,Email
O011606,C0537,P0015,2026-04-27,3,165.42,Organic
O011607,C0190,P0016,2026-04-27,1,30.3,Organic
O011608,C0606,P0014,2026-04-27,2,109.0,Email
O011609,C0796,P0020,2026-04-27,3,436.02,Organic
O011610,C0752,P0022,2026-04-27,2,82.38,Email
O011611,C0790,P0018,2026-04-27,1,87.21,Organic
O011612,C0504,P0017,2026-04-27,1,123.28,Email
O011613,C0398,P0031,2026-04-27,1,59.4,Paid
O011614,C0061,P0032,2026-04-27,1,39.62,Organic
O011615,C0017,P0030,2026-04-27,3,81.63,Organic
O011616,C0646,P0001,2026-04-27,1,40.3,Paid
O011617,C0595,P0006,2026-04-27,3,262.62,Organic
O011618,C0278,P0011,2026-04-27,1,45.43,Organic
O011619,C0712,P0010,2026-04-27,2,38.8,Paid
O011620,C0387,P0021,2026-04-27,2,223.52,Organic
O011621,C0696,P0026,2026-04-27,3,65.61,Organic
O011622,C0678,P0027,2026-04-27,3,40.17,Organic
O011623,C0347,P0034,2026-04-27,2,107.82,Email
O011624,C0696,P0040,2026-04-27,2,120.98,Organic
O011625,C0102,P0007,2026-04-27,2,135.86,Organic
O011626,C0107,P0003,2026-04-27,2,671.94,Referral
O011627,C0497,P0006,2026-04-27,1,87.54,Referral
O011628,C0788,P0018,2026-04-27,2,174.42,Organic
O011629,C0639,P0032,2026-04-27,1,39.62,Organic
O011630,C0554,P0031,2026-04-27,3,178.2,Organic
O011631,C0454,P0027,2026-04-27,2,26.78,Referral
O011632,C0536,P0029,2026-04-27,1,24.45,Email
O011633,C0160,P0026,2026-04-27,3,65.61,Paid
O011634,C0618,P0033,2026-04-27,3,105.54,Organic
O011635,C0157,P0034,2026-04-27,2,107.82,Paid
O011636,C0773,P0038,2026-04-27,1,68.37,Organic
O011637,C0442,P0007,2026-04-27,2,135.86,Paid
O011638,C0093,P0008,2026-04-27,3,568.17,Organic
O011639,C0070,P0006,2026-04-27,1,87.54,Referral
O011640,C0042,P0012,2026-04-27,3,135.18,Email
O011641,C0753,P0035,2026-04-27,2,120.8,Organic
O011642,C0530,P0034,2026-04-27,3,161.73,Paid
O011643,C0376,P0001,2026-04-28,1,40.3,Organic
O011644,C0534,P0007,2026-04-28,1,67.93,Paid
O011645,C0136,P0007,2026-04-28,3,203.79,Referral
O011646,C0796,P0007,2026-04-28,1,67.93,Email
O011647,C0659,P0009,2026-04-28,2,152.56,Paid
O011648,C0196,P0019,2026-04-28,1,65.77,Paid
O011649,C0085,P0033,2026-04-28,2,70.36,Email
O011650,C0607,P0033,2026-04-28,2,70.36,Paid
O011651,C0386,P0036,2026-04-28,1,23.73,Paid
O011652,C0277,P0007,2026-04-28,1,67.93,Email
O011653,C0032,P0010,2026-04-28,2,38.8,Paid
O011654,C0206,P0014,2026-04-28,2,109.0,Email
O011655,C0624,P0009,2026-04-28,2,152.56,Paid
O011656,C0177,P0023,2026-04-28,2,291.98,Organic
O011657,C0602,P0020,2026-04-28,1,145.34,Paid
O011658,C0144,P0018,2026-04-28,3,261.63,Organic
O011659,C0286,P0021,2026-04-28,1,111.76,Paid
O011660,C0024,P0024,2026-04-28,2,190.34,Organic
O011661,C0171,P0021,2026-04-28,2,223.52,Paid
O011662,C0770,P0032,2026-04-28,3,118.86,Email
O011663,C0676,P0040,2026-04-28,3,181.47,Email
O011664,C0789,P0040,2026-04-28,2,120.98,Email
O011665,C0773,P0004,2026-04-28,1,181.86,Organic
O011666,C0135,P0015,2026-04-28,2,110.28,Paid
O011667,C0412,P0024,2026-04-28,1,95.17,Organic
O011668,C0363,P0026,2026-04-28,3,65.61,Organic
O011669,C0385,P0032,2026-04-28,3,118.86,Organic
O011670,C0201,P0028,2026-04-28,3,66.6,Paid
O011671,C0165,P0026,2026-04-28,3,65.61,Email
O011672,C0582,P0030,2026-04-28,2,54.42,Referral
O011673,C0547,P0027,2026-04-28,1,13.39,Paid
O011674,C0663,P0028,2026-04-28,3,66.6,Email
O011675,C0569,P0003,2026-04-28,2,671.94,Paid
O011676,C0710,P0005,2026-04-28,2,132.64,Organic
O011677,C0670,P0015,2026-04-28,2,110.28,Email
O011678,C0729,P0024,2026-04-28,3,285.51,Organic
O011679,C0174,P0021,2026-04-28,3,335.28,Organic
O011680,C0244,P0017,2026-04-28,3,369.84,Email
O011681,C0052,P0026,2026-04-28,1,21.87,Paid
O011682,C0285,P0026,2026-04-28,2,43.74,Referral
O011683,C0049,P0038,2026-04-28,2,136.74,Referral
O011684,C0088,P0036,2026-04-28,2,47.46,Organic
O011685,C0496,P0033,2026-04-28,1,35.18,Paid
O011686,C0035,P0033,2026-04-28,2,70.36,Organic
O011687,C0715,P0003,2026-04-29,3,1007.91,Paid
O011688,C0520,P0005,2026-04-29,2,132.64,Email
O011689,C0703,P0004,2026-04-29,3,545.58,Organic
O011690,C0443,P0005,2026-04-29,3,198.96,Organic
O011691,C0709,P0010,2026-04-29,2,38.8,Paid
O011692,C0504,P0021,2026-04-29,1,111.76,Organic
O011693,C0136,P0019,2026-04-29,3,197.31,Paid
O011694,C0540,P0017,2026-04-29,1,123.28,Referral
O011695,C0297,P0023,2026-04-29,1,145.99,Referral
O011696,C0488,P0017,2026-04-29,3,369.84,Paid
O011697,C0718,P0025,2026-04-29,3,81.03,Organic
O011698,C0697,P0026,2026-04-29,2,43.74,Referral
O011699,C0647,P0034,2026-04-29,3,161.73,Referral
O011700,C0230,P0005,2026-04-29,2,132.64,Organic
O011701,C0694,P0004,2026-04-29,2,363.72,Organic
O011702,C0139,P0001,2026-04-29,1,40.3,Organic
O011703,C0278,P0004,2026-04-29,1,181.86,Organic
O011704,C0063,P0007,2026-04-29,1,67.93,Email
O011705,C0387,P0006,2026-04-29,2,175.08,Organic
O011706,C0264,P0014,2026-04-29,3,163.5,Organic
O011707,C0646,P0012,2026-04-29,3,135.18,Organic
O011708,C0566,P0016,2026-04-29,3,90.9,Organic
O011709,C0103,P0019,2026-04-29,2,131.54,Referral
O011710,C0438,P0018,2026-04-29,2,174.42,Referral
O011711,C0092,P0026,2026-04-29,3,65.61,Organic
O011712,C0621,P0032,2026-04-29,3,118.86,Organic
O011713,C0459,P0002,2026-04-29,2,534.12,Referral
O011714,C0663,P0007,2026-04-29,2,135.86,Organic
O011715,C0503,P0016,2026-04-29,3,90.9,Organic
O011716,C0157,P0009,2026-04-29,3,228.84,Paid
O011717,C0380,P0017,2026-04-29,3,369.84,Organic
O011718,C0493,P0021,2026-04-29,1,111.76,Organic
O011719,C0494,P0007,2026-04-29,1,67.93,Organic
O011720,C0274,P0014,2026-04-29,1,54.5,Paid
O011721,C0074,P0020,2026-04-29,2,290.68,Paid
O011722,C0440,P0023,2026-04-29,2,291.98,Organic
O011723,C0148,P0022,2026-04-29,2,82.38,Paid
O011724,C0036,P0019,2026-04-29,1,65.77,Organic
O011725,C0574,P0023,2026-04-29,2,291.98,Organic
O011726,C0614,P0029,2026-04-29,2,48.9,Organic
O011727,C0466,P0029,2026-04-29,2,48.9,Referral
O011728,C0089,P0029,2026-04-29,3,73.35,Organic
O011729,C0433,P0035,2026-04-29,1,60.4,Email
O011730,C0637,P0009,2026-04-30,3,228.84,Organic
O011731,C0045,P0011,2026-04-30,3,136.29,Organic
O011732,C0403,P0010,2026-04-30,1,19.4,Email
O011733,C0630,P0022,2026-04-30,1,41.19,Organic
O011734,C0443,P0020,2026-04-30,1,145.34,Organic
O011735,C0263,P0024,2026-04-30,1,95.17,Email
O011736,C0045,P0032,2026-04-30,3,118.86,Paid
O011737,C0769,P0025,2026-04-30,2,54.02,Paid
O011738,C0711,P0038,2026-04-30,3,205.11,Referral
O011739,C0361,P0036,2026-04-30,3,71.19,Organic
O011740,C0739,P0001,2026-04-30,1,40.3,Organic
O011741,C0171,P0001,2026-04-30,2,80.6,Paid
O011742,C0039,P0007,2026-04-30,3,203.79,Organic
O011743,C0272,P0001,2026-04-30,1,40.3,Organic
O011744,C0322,P0016,2026-04-30,1,30.3,Paid
O011745,C0312,P0014,2026-04-30,1,54.5,Paid
O011746,C0381,P0021,2026-04-30,3,335.28,Paid
O011747,C0680,P0017,2026-04-30,1,123.28,Organic
O011748,C0622,P0020,2026-04-30,2,290.68,Organic
O011749,C0719,P0019,2026-04-30,1,65.77,Referral
O011750,C0489,P0033,2026-04-30,2,70.36,Referral
O011751,C0493,P0006,2026-04-30,1,87.54,Paid
O011752,C0019,P0002,2026-04-30,2,534.12,Paid
O011753,C0745,P0015,2026-04-30,1,55.14,Organic
O011754,C0062,P0015,2026-04-30,3,165.42,Paid
O011755,C0254,P0025,2026-04-30,3,81.03,Email
O011756,C0642,P0031,2026-04-30,1,59.4,Organic
O011757,C0299,P0034,2026-04-30,3,161.73,Paid
O011758,C0507,P0003,2026-04-30,3,1007.91,Paid
O011759,C0496,P0005,2026-04-30,3,198.96,Organic
O011760,C0499,P0005,2026-04-30,1,66.32,Referral
O011761,C0118,P0020,2026-04-30,2,290.68,Organic
O011762,C0343,P0017,2026-04-30,2,246.56,Paid
O011763,C0626,P0029,2026-04-30,1,24.45,Organic
O011764,C0682,P0029,2026-04-30,2,48.9,Referral
O011765,C0753,P0026,2026-04-30,1,21.87,Organic
O011766,C0782,P0032,2026-04-30,2,79.24,Referral
O011767,C0487,P0035,2026-04-30,1,60.4,Organic
O011768,C0496,P0040,2026-04-30,2,120.98,Organic
O011769,C0053,P0037,2026-04-30,2,128.36,Paid
O011770,C0271,P0003,2026-05-01,1,335.97,Paid
O011771,C0057,P0001,2026-05-01,2,80.6,Referral
O011772,C0386,P0001,2026-05-01,1,40.3,Email
O011773,C0792,P0009,2026-05-01,3,228.84,Email
O011774,C0769,P0015,2026-05-01,3,165.42,Paid
O011775,C0600,P0023,2026-05-01,3,437.97,Organic
O011776,C0538,P0021,2026-05-01,3,335.28,Organic
O011777,C0251,P0019,2026-05-01,2,131.54,Paid
O011778,C0425,P0028,2026-05-01,2,44.4,Organic
O011779,C0156,P0027,2026-05-01,2,26.78,Organic
O011780,C0395,P0013,2026-05-01,2,89.72,Organic
O011781,C0090,P0021,2026-05-01,1,111.76,Paid
O011782,C0350,P0033,2026-05-01,1,35.18,Organic
O011783,C0533,P0035,2026-05-01,2,120.8,Email
O011784,C0356,P0038,2026-05-01,1,68.37,Referral
O011785,C0009,P0005,2026-05-01,2,132.64,Organic
O011786,C0611,P0003,2026-05-01,1,335.97,Paid
O011787,C0165,P0007,2026-05-01,1,67.93,Organic
O011788,C0635,P0006,2026-05-01,2,175.08,Organic
O011789,C0432,P0001,2026-05-01,2,80.6,Referral
O011790,C0536,P0022,2026-05-01,2,82.38,Referral
O011791,C0296,P0022,2026-05-01,3,123.57,Organic
O011792,C0107,P0032,2026-05-01,1,39.62,Organic
O011793,C0373,P0027,2026-05-01,2,26.78,Referral
O011794,C0292,P0027,2026-05-01,2,26.78,Organic
O011795,C0055,P0007,2026-05-01,3,203.79,Organic
O011796,C0750,P0016,2026-05-01,1,30.3,Organic
O011797,C0379,P0015,2026-05-01,1,55.14,Organic
O011798,C0116,P0016,2026-05-01,2,60.6,Organic
O011799,C0614,P0025,2026-05-01,1,27.01,Email
O011800,C0133,P0032,2026-05-01,3,118.86,Organic
O011801,C0643,P0033,2026-05-01,3,105.54,Organic
O011802,C0403,P0001,2026-05-02,3,120.9,Referral
O011803,C0659,P0005,2026-05-02,2,132.64,Paid
O011804,C0403,P0002,2026-05-02,3,801.18,Organic
O011805,C0045,P0001,2026-05-02,2,80.6,Organic
O011806,C0311,P0016,2026-05-02,2,60.6,Email
O011807,C0711,P0016,2026-05-02,2,60.6,Organic
O011808,C0679,P0016,2026-05-02,1,30.3,Organic
O011809,C0679,P0021,2026-05-02,2,223.52,Organic
O011810,C0796,P0024,2026-05-02,3,285.51,Referral
O011811,C0003,P0022,2026-05-02,2,82.38,Paid
O011812,C0362,P0026,2026-05-02,3,65.61,Referral
O011813,C0349,P0028,2026-05-02,2,44.4,Paid
O011814,C0796,P0032,2026-05-02,3,118.86,Organic
O011815,C0235,P0030,2026-05-02,2,54.42,Paid
O011816,C0636,P0026,2026-05-02,2,43.74,Referral
O011817,C0777,P0040,2026-05-02,2,120.98,Organic
O011818,C0051,P0037,2026-05-02,2,128.36,Organic
O011819,C0008,P0033,2026-05-02,3,105.54,Paid
O011820,C0715,P0036,2026-05-02,3,71.19,Paid
O011821,C0449,P0039,2026-05-02,2,221.02,Paid
O011822,C0323,P0035,2026-05-02,1,60.4,Organic
O011823,C0597,P0003,2026-05-02,3,1007.91,Organic
O011824,C0264,P0006,2026-05-02,1,87.54,Paid
O011825,C0215,P0011,2026-05-02,3,136.29,Email
O011826,C0510,P0016,2026-05-02,3,90.9,Organic
O011827,C0680,P0023,2026-05-02,3,437.97,Organic
O011828,C0400,P0024,2026-05-02,2,190.34,Paid
O011829,C0022,P0020,2026-05-02,2,290.68,Organic
O011830,C0553,P0024,2026-05-02,1,95.17,Paid
O011831,C0640,P0020,2026-05-02,1,145.34,Paid
O011832,C0521,P0029,2026-05-02,3,73.35,Organic
O011833,C0485,P0030,2026-05-02,1,27.21,Email
O011834,C0566,P0026,2026-05-02,1,21.87,Paid
O011835,C0517,P0026,2026-05-02,2,43.74,Referral
O011836,C0106,P0038,2026-05-02,3,205.11,Paid
O011837,C0527,P0038,2026-05-02,3,205.11,Organic
O011838,C0755,P0005,2026-05-02,3,198.96,Referral
O011839,C0060,P0006,2026-05-02,3,262.62,Referral
O011840,C0363,P0006,2026-05-02,3,262.62,Paid
O011841,C0368,P0007,2026-05-02,2,135.86,Organic
O011842,C0181,P0003,2026-05-02,2,671.94,Paid
O011843,C0269,P0013,2026-05-02,1,44.86,Organic
O011844,C0732,P0010,2026-05-02,1,19.4,Organic
O011845,C0495,P0011,2026-05-02,1,45.43,Organic
O011846,C0155,P0011,2026-05-02,3,136.29,Email
O011847,C0451,P0025,2026-05-02,1,27.01,Organic
O011848,C0281,P0027,2026-05-02,1,13.39,Paid
O011849,C0664,P0001,2026-05-02,2,80.6,Organic
O011850,C0222,P0002,2026-05-02,1,267.06,Referral
O011851,C0661,P0012,2026-05-02,2,90.12,Email
O011852,C0148,P0013,2026-05-02,3,134.58,Email
O011853,C0794,P0014,2026-05-02,1,54.5,Organic
O011854,C0319,P0013,2026-05-02,2,89.72,Organic
O011855,C0604,P0024,2026-05-02,2,190.34,Organic
O011856,C0758,P0026,2026-05-02,1,21.87,Organic
O011857,C0221,P0030,2026-05-02,2,54.42,Email
O011858,C0491,P0025,2026-05-02,3,81.03,Organic
O011859,C0496,P0028,2026-05-02,1,22.2,Paid
O011860,C0492,P0025,2026-05-02,3,81.03,Paid
O011861,C0148,P0038,2026-05-02,1,68.37,Organic
O011862,C0604,P0033,2026-05-02,3,105.54,Referral
O011863,C0685,P0035,2026-05-02,1,60.4,Organic
O011864,C0030,P0005,2026-05-03,2,132.64,Organic
O011865,C0305,P0004,2026-05-03,2,363.72,Organic
O011866,C0361,P0012,2026-05-03,2,90.12,Paid
O011867,C0293,P0013,2026-05-03,3,134.58,Organic
O011868,C0037,P0009,2026-05-03,2,152.56,Paid
O011869,C0268,P0011,2026-05-03,3,136.29,Paid
O011870,C0159,P0017,2026-05-03,2,246.56,Organic
O011871,C0252,P0020,2026-05-03,2,290.68,Paid
O011872,C0777,P0018,2026-05-03,2,174.42,Paid
O011873,C0769,P0021,2026-05-03,3,335.28,Organic
O011874,C0175,P0027,2026-05-03,3,40.17,Organic
O011875,C0599,P0031,2026-05-03,2,118.8,Organic
O011876,C0027,P0029,2026-05-03,1,24.45,Paid
O011877,C0707,P0032,2026-05-03,1,39.62,Organic
O011878,C0307,P0027,2026-05-03,2,26.78,Email
O011879,C0184,P0037,2026-05-03,2,128.36,Organic
O011880,C0577,P0004,2026-05-03,1,181.86,Paid
O011881,C0115,P0017,2026-05-03,2,246.56,Paid
O011882,C0778,P0019,2026-05-03,2,131.54,Paid
O011883,C0278,P0020,2026-05-03,2,290.68,Paid
O011884,C0698,P0024,2026-05-03,1,95.17,Referral
O011885,C0640,P0027,2026-05-03,3,40.17,Paid
O011886,C0461,P0030,2026-05-03,3,81.63,Organic
O011887,C0553,P0038,2026-05-03,2,136.74,Referral
O011888,C0404,P0033,2026-05-03,1,35.18,Organic
O011889,C0789,P0033,2026-05-03,3,105.54,Email
O011890,C0669,P0035,2026-05-03,3,181.2,Email
O011891,C0696,P0033,2026-05-03,3,105.54,Email
O011892,C0337,P0037,2026-05-03,3,192.54,Paid
O011893,C0691,P0006,2026-05-03,3,262.62,Paid
O011894,C0495,P0006,2026-05-03,2,175.08,Organic
O011895,C0226,P0006,2026-05-03,3,262.62,Email
O011896,C0639,P0001,2026-05-03,2,80.6,Referral
O011897,C0047,P0006,2026-05-03,2,175.08,Paid
O011898,C0554,P0009,2026-05-03,3,228.84,Paid
O011899,C0748,P0009,2026-05-03,1,76.28,Organic
O011900,C0788,P0028,2026-05-03,2,44.4,Organic
O011901,C0120,P0028,2026-05-03,3,66.6,Paid
O011902,C0094,P0031,2026-05-03,2,118.8,Organic
O011903,C0083,P0030,2026-05-03,3,81.63,Organic
O011904,C0269,P0032,2026-05-03,1,39.62,Paid
O011905,C0262,P0033,2026-05-03,2,70.36,Paid
O011906,C0351,P0004,2026-05-03,3,545.58,Organic
O011907,C0191,P0016,2026-05-03,2,60.6,Email
O011908,C0725,P0014,2026-05-03,3,163.5,Organic
O011909,C0604,P0016,2026-05-03,1,30.3,Organic
O011910,C0222,P0034,2026-05-03,2,107.82,Referral
O011911,C0574,P0040,2026-05-03,3,181.47,Organic
O011912,C0520,P0001,2026-05-04,2,80.6,Paid
O011913,C0666,P0002,2026-05-04,1,267.06,Paid
O011914,C0638,P0017,2026-05-04,3,369.84,Organic
O011915,C0655,P0023,2026-05-04,2,291.98,Referral
O011916,C0245,P0017,2026-05-04,3,369.84,Email
O011917,C0548,P0026,2026-05-04,1,21.87,Organic
O011918,C0358,P0028,2026-05-04,1,22.2,Referral
O011919,C0649,P0040,2026-05-04,1,60.49,Paid
O011920,C0404,P0002,2026-05-04,1,267.06,Referral
O011921,C0340,P0001,2026-05-04,2,80.6,Paid
O011922,C0762,P0002,2026-05-04,3,801.18,Email
O011923,C0150,P0022,2026-05-04,3,123.57,Organic
O011924,C0153,P0017,2026-05-04,3,369.84,Organic
O011925,C0735,P0027,2026-05-04,1,13.39,Paid
O011926,C0144,P0037,2026-05-04,1,64.18,Paid
O011927,C0694,P0036,2026-05-04,1,23.73,Organic
O011928,C0080,P0039,2026-05-04,2,221.02,Organic
O011929,C0167,P0034,2026-05-04,3,161.73,Email
O011930,C0566,P0037,2026-05-04,3,192.54,Organic
O011931,C0405,P0036,2026-05-04,2,47.46,Organic
O011932,C0333,P0040,2026-05-04,2,120.98,Email
O011933,C0273,P0006,2026-05-04,2,175.08,Organic
O011934,C0742,P0005,2026-05-04,3,198.96,Organic
O011935,C0608,P0012,2026-05-04,2,90.12,Email
O011936,C0503,P0009,2026-05-04,1,76.28,Organic
O011937,C0033,P0021,2026-05-04,1,111.76,Referral
O011938,C0058,P0023,2026-05-04,3,437.97,Paid
O011939,C0486,P0018,2026-05-04,3,261.63,Paid
O011940,C0609,P0031,2026-05-04,2,118.8,Organic
O011941,C0284,P0034,2026-05-04,2,107.82,Organic
O011942,C0547,P0036,2026-05-04,2,47.46,Organic
O011943,C0197,P0002,2026-05-04,2,534.12,Email
O011944,C0116,P0003,2026-05-04,1,335.97,Email
O011945,C0494,P0004,2026-05-04,2,363.72,Organic
O011946,C0685,P0002,2026-05-04,3,801.18,Organic
O011947,C0505,P0008,2026-05-04,3,568.17,Email
O011948,C0569,P0014,2026-05-04,2,109.0,Organic
O011949,C0366,P0012,2026-05-04,2,90.12,Paid
O011950,C0701,P0020,2026-05-04,3,436.02,Paid
O011951,C0366,P0021,2026-05-04,1,111.76,Organic
O011952,C0035,P0023,2026-05-04,3,437.97,Paid
O011953,C0667,P0025,2026-05-04,2,54.02,Organic
O011954,C0236,P0030,2026-05-04,3,81.63,Email
O011955,C0015,P0028,2026-05-04,1,22.2,Organic
O011956,C0643,P0040,2026-05-04,3,181.47,Referral
O011957,C0758,P0038,2026-05-04,2,136.74,Referral
O011958,C0349,P0007,2026-05-05,1,67.93,Email
O011959,C0362,P0016,2026-05-05,1,30.3,Organic
O011960,C0184,P0021,2026-05-05,1,111.76,Organic
O011961,C0726,P0018,2026-05-05,1,87.21,Organic
O011962,C0679,P0017,2026-05-05,2,246.56,Paid
O011963,C0443,P0022,2026-05-05,1,41.19,Organic
O011964,C0335,P0026,2026-05-05,3,65.61,Organic
O011965,C0241,P0028,2026-05-05,1,22.2,Paid
O011966,C0540,P0027,2026-05-05,2,26.78,Paid
O011967,C0156,P0040,2026-05-05,3,181.47,Referral
O011968,C0271,P0037,2026-05-05,3,192.54,Email
O011969,C0549,P0034,2026-05-05,1,53.91,Organic
O011970,C0189,P0036,2026-05-05,1,23.73,Organic
O011971,C0322,P0001,2026-05-05,3,120.9,Email
O011972,C0117,P0013,2026-05-05,3,134.58,Referral
O011973,C0616,P0010,2026-05-05,3,58.2,Paid
O011974,C0784,P0024,2026-05-05,3,285.51,Paid
O011975,C0339,P0019,2026-05-05,3,197.31,Organic
O011976,C0347,P0018,2026-05-05,1,87.21,Paid
O011977,C0350,P0019,2026-05-05,1,65.77,Paid
O011978,C0300,P0023,2026-05-05,3,437.97,Paid
O011979,C0082,P0029,2026-05-05,2,48.9,Paid
O011980,C0202,P0028,2026-05-05,2,44.4,Organic
O011981,C0672,P0032,2026-05-05,3,118.86,Paid
O011982,C0457,P0037,2026-05-05,3,192.54,Email
O011983,C0412,P0003,2026-05-05,2,671.94,Paid
O011984,C0456,P0007,2026-05-05,2,135.86,Organic
O011985,C0389,P0008,2026-05-05,1,189.39,Organic
O011986,C0409,P0015,2026-05-05,1,55.14,Paid
O011987,C0536,P0010,2026-05-05,3,58.2,Organic
O011988,C0327,P0023,2026-05-05,2,291.98,Paid
O011989,C0546,P0018,2026-05-05,1,87.21,Organic
O011990,C0800,P0019,2026-05-05,3,197.31,Organic
O011991,C0568,P0021,2026-05-05,2,223.52,Organic
O011992,C0135,P0019,2026-05-05,2,131.54,Organic
O011993,C0227,P0024,2026-05-05,2,190.34,Organic
O011994,C0216,P0020,2026-05-05,3,436.02,Paid
O011995,C0508,P0028,2026-05-05,3,66.6,Paid
O011996,C0094,P0028,2026-05-05,1,22.2,Organic
O011997,C0642,P0038,2026-05-05,3,205.11,Paid
O011998,C0435,P0033,2026-05-05,1,35.18,Paid
O011999,C0320,P0004,2026-05-05,2,363.72,Referral
O012000,C0276,P0008,2026-05-05,1,189.39,Paid
O012001,C0685,P0008,2026-05-05,2,378.78,Paid
O012002,C0458,P0012,2026-05-05,1,45.06,Email
O012003,C0236,P0015,2026-05-05,1,55.14,Paid
O012004,C0282,P0014,2026-05-05,1,54.5,Paid
O012005,C0626,P0017,2026-05-05,2,246.56,Organic
O012006,C0569,P0030,2026-05-05,3,81.63,Paid
O012007,C0244,P0025,2026-05-05,3,81.03,Organic
O012008,C0276,P0025,2026-05-05,2,54.02,Paid
O012009,C0479,P0028,2026-05-05,2,44.4,Organic
O012010,C0682,P0026,2026-05-05,1,21.87,Paid
O012011,C0152,P0008,2026-05-06,3,568.17,Paid
O012012,C0666,P0005,2026-05-06,1,66.32,Paid
O012013,C0463,P0009,2026-05-06,3,228.84,Paid
O012014,C0303,P0015,2026-05-06,3,165.42,Organic
O012015,C0371,P0011,2026-05-06,3,136.29,Organic
O012016,C0317,P0010,2026-05-06,2,38.8,Organic
O012017,C0152,P0024,2026-05-06,1,95.17,Paid
O012018,C0715,P0023,2026-05-06,3,437.97,Paid
O012019,C0136,P0027,2026-05-06,1,13.39,Organic
O012020,C0130,P0027,2026-05-06,3,40.17,Referral
O012021,C0061,P0039,2026-05-06,2,221.02,Organic
O012022,C0218,P0006,2026-05-06,3,262.62,Organic
O012023,C0381,P0002,2026-05-06,2,534.12,Organic
O012024,C0464,P0005,2026-05-06,3,198.96,Organic
O012025,C0438,P0005,2026-05-06,1,66.32,Referral
O012026,C0171,P0007,2026-05-06,2,135.86,Organic
O012027,C0602,P0016,2026-05-06,1,30.3,Paid
O012028,C0617,P0022,2026-05-06,2,82.38,Organic
O012029,C0431,P0022,2026-05-06,3,123.57,Paid
O012030,C0090,P0018,2026-05-06,2,174.42,Paid
O012031,C0101,P0020,2026-05-06,3,436.02,Organic
O012032,C0132,P0023,2026-05-06,3,437.97,Referral
O012033,C0438,P0025,2026-05-06,1,27.01,Organic
O012034,C0139,P0030,2026-05-06,3,81.63,Organic
O012035,C0527,P0032,2026-05-06,1,39.62,Paid
O012036,C0646,P0038,2026-05-06,1,68.37,Paid
O012037,C0503,P0006,2026-05-06,2,175.08,Paid
O012038,C0354,P0007,2026-05-06,3,203.79,Organic
O012039,C0120,P0003,2026-05-06,1,335.97,Organic
O012040,C0146,P0004,2026-05-06,1,181.86,Organic
O012041,C0315,P0008,2026-05-06,1,189.39,Referral
O012042,C0757,P0001,2026-05-06,1,40.3,Referral
O012043,C0009,P0013,2026-05-06,1,44.86,Paid
O012044,C0169,P0019,2026-05-06,2,131.54,Email
O012045,C0575,P0020,2026-05-06,2,290.68,Paid
O012046,C0691,P0020,2026-05-06,3,436.02,Referral
O012047,C0225,P0028,2026-05-06,3,66.6,Email
O012048,C0608,P0028,2026-05-06,2,44.4,Paid
O012049,C0374,P0037,2026-05-06,3,192.54,Organic
O012050,C0536,P0037,2026-05-06,2,128.36,Email
O012051,C0315,P0040,2026-05-06,2,120.98,Paid
O012052,C0383,P0035,2026-05-06,1,60.4,Organic
O012053,C0069,P0040,2026-05-06,1,60.49,Email
O012054,C0353,P0005,2026-05-06,1,66.32,Organic
O012055,C0246,P0003,2026-05-06,2,671.94,Organic
O012056,C0028,P0008,2026-05-06,2,378.78,Organic
O012057,C0191,P0005,2026-05-06,3,198.96,Paid
O012058,C0714,P0007,2026-05-06,2,135.86,Organic
O012059,C0652,P0015,2026-05-06,3,165.42,Referral
O012060,C0532,P0014,2026-05-06,2,109.0,Organic
O012061,C0753,P0009,2026-05-06,3,228.84,Organic
O012062,C0020,P0017,2026-05-06,2,246.56,Organic
O012063,C0255,P0021,2026-05-06,1,111.76,Email
O012064,C0720,P0031,2026-05-06,1,59.4,Referral
O012065,C0049,P0025,2026-05-06,3,81.03,Organic
O012066,C0658,P0026,2026-05-06,2,43.74,Paid
O012067,C0020,P0039,2026-05-06,1,110.51,Organic
O012068,C0599,P0001,2026-05-07,2,80.6,Paid
O012069,C0136,P0002,2026-05-07,1,267.06,Organic
O012070,C0113,P0006,2026-05-07,1,87.54,Paid
O012071,C0297,P0007,2026-05-07,2,135.86,Paid
O012072,C0071,P0006,2026-05-07,3,262.62,Paid
O012073,C0335,P0010,2026-05-07,3,58.2,Paid
O012074,C0537,P0009,2026-05-07,1,76.28,Organic
O012075,C0737,P0016,2026-05-07,1,30.3,Organic
O012076,C0793,P0017,2026-05-07,1,123.28,Paid
O012077,C0453,P0023,2026-05-07,2,291.98,Organic
O012078,C0240,P0031,2026-05-07,1,59.4,Organic
O012079,C0293,P0026,2026-05-07,3,65.61,Organic
O012080,C0208,P0025,2026-05-07,1,27.01,Organic
O012081,C0402,P0029,2026-05-07,2,48.9,Paid
O012082,C0027,P0037,2026-05-07,2,128.36,Email
O012083,C0333,P0003,2026-05-07,1,335.97,Organic
O012084,C0101,P0004,2026-05-07,3,545.58,Referral
O012085,C0278,P0006,2026-05-07,2,175.08,Organic
O012086,C0577,P0008,2026-05-07,1,189.39,Paid
O012087,C0278,P0002,2026-05-07,3,801.18,Organic
O012088,C0340,P0004,2026-05-07,1,181.86,Paid
O012089,C0621,P0016,2026-05-07,3,90.9,Email
O012090,C0090,P0009,2026-05-07,3,228.84,Organic
O012091,C0183,P0009,2026-05-07,2,152.56,Email
O012092,C0207,P0013,2026-05-07,2,89.72,Paid
O012093,C0182,P0024,2026-05-07,3,285.51,Email
O012094,C0577,P0022,2026-05-07,3,123.57,Organic
O012095,C0326,P0019,2026-05-07,3,197.31,Email
O012096,C0206,P0019,2026-05-07,2,131.54,Organic
O012097,C0166,P0029,2026-05-07,1,24.45,Organic
O012098,C0464,P0027,2026-05-07,2,26.78,Organic
O012099,C0719,P0025,2026-05-07,3,81.03,Email
O012100,C0339,P0031,2026-05-07,2,118.8,Referral
O012101,C0696,P0033,2026-05-07,1,35.18,Organic
O012102,C0082,P0040,2026-05-07,1,60.49,Email
O012103,C0553,P0034,2026-05-07,1,53.91,Paid
O012104,C0339,P0036,2026-05-07,3,71.19,Paid
O012105,C0639,P0006,2026-05-07,3,262.62,Paid
O012106,C0435,P0007,2026-05-07,3,203.79,Paid
O012107,C0211,P0008,2026-05-07,3,568.17,Email
O012108,C0310,P0002,2026-05-07,1,267.06,Organic
O012109,C0058,P0001,2026-05-07,1,40.3,Email
O012110,C0763,P0010,2026-05-07,3,58.2,Email
O012111,C0570,P0013,2026-05-07,2,89.72,Organic
O012112,C0019,P0022,2026-05-07,3,123.57,Email
O012113,C0608,P0017,2026-05-07,2,246.56,Organic
O012114,C0734,P0030,2026-05-07,3,81.63,Organic
O012115,C0699,P0031,2026-05-07,1,59.4,Referral
O012116,C0418,P0040,2026-05-07,3,181.47,Email
O012117,C0581,P0002,2026-05-07,1,267.06,Paid
O012118,C0319,P0006,2026-05-07,3,262.62,Paid
O012119,C0198,P0005,2026-05-07,1,66.32,Organic
O012120,C0492,P0008,2026-05-07,3,568.17,Referral
O012121,C0658,P0010,2026-05-07,2,38.8,Organic
O012122,C0221,P0016,2026-05-07,1,30.3,Email
O012123,C0282,P0019,2026-05-07,2,131.54,Paid
O012124,C0256,P0017,2026-05-07,3,369.84,Referral
O012125,C0440,P0022,2026-05-07,3,123.57,Paid
O012126,C0343,P0017,2026-05-07,1,123.28,Organic
O012127,C0494,P0031,2026-05-07,3,178.2,Organic
O012128,C0210,P0034,2026-05-07,3,161.73,Paid
O012129,C0725,P0037,2026-05-07,3,192.54,Email
O012130,C0095,P0038,2026-05-07,2,136.74,Organic
O012131,C0020,P0035,2026-05-07,1,60.4,Paid
O012132,C0792,P0003,2026-05-08,2,671.94,Referral
O012133,C0061,P0003,2026-05-08,2,671.94,Organic
O012134,C0647,P0008,2026-05-08,3,568.17,Paid
O012135,C0444,P0003,2026-05-08,2,671.94,Paid
O012136,C0190,P0007,2026-05-08,3,203.79,Organic
O012137,C0349,P0015,2026-05-08,2,110.28,Paid
O012138,C0647,P0019,2026-05-08,2,131.54,Referral
O012139,C0365,P0030,2026-05-08,2,54.42,Referral
O012140,C0228,P0025,2026-05-08,1,27.01,Email
O012141,C0703,P0040,2026-05-08,2,120.98,Email
O012142,C0280,P0038,2026-05-08,3,205.11,Organic
O012143,C0057,P0034,2026-05-08,2,107.82,Paid
O012144,C0091,P0001,2026-05-08,3,120.9,Paid
O012145,C0207,P0002,2026-05-08,1,267.06,Email
O012146,C0345,P0015,2026-05-08,2,110.28,Organic
O012147,C0234,P0022,2026-05-08,2,82.38,Paid
O012148,C0024,P0026,2026-05-08,1,21.87,Organic
O012149,C0423,P0033,2026-05-08,1,35.18,Paid
O012150,C0692,P0033,2026-05-08,3,105.54,Email
O012151,C0521,P0035,2026-05-08,3,181.2,Paid
O012152,C0318,P0013,2026-05-08,1,44.86,Organic
O012153,C0155,P0014,2026-05-08,1,54.5,Referral
O012154,C0181,P0018,2026-05-08,3,261.63,Referral
O012155,C0102,P0029,2026-05-08,1,24.45,Organic
O012156,C0480,P0031,2026-05-08,2,118.8,Paid
O012157,C0451,P0025,2026-05-08,2,54.02,Organic
O012158,C0135,P0038,2026-05-08,3,205.11,Organic
O012159,C0075,P0004,2026-05-08,1,181.86,Organic
O012160,C0652,P0013,2026-05-08,2,89.72,Organic
O012161,C0290,P0022,2026-05-08,2,82.38,Paid
O012162,C0567,P0017,2026-05-08,3,369.84,Paid
O012163,C0231,P0017,2026-05-08,2,246.56,Email
O012164,C0290,P0019,2026-05-08,1,65.77,Paid
O012165,C0015,P0026,2026-05-08,2,43.74,Organic
O012166,C0353,P0029,2026-05-08,2,48.9,Email
O012167,C0667,P0034,2026-05-08,3,161.73,Organic
O012168,C0015,P0039,2026-05-08,1,110.51,Organic
O012169,C0596,P0006,2026-05-09,2,175.08,Organic
O012170,C0124,P0011,2026-05-09,3,136.29,Paid
O012171,C0498,P0012,2026-05-09,3,135.18,Referral
O012172,C0076,P0022,2026-05-09,2,82.38,Organic
O012173,C0003,P0021,2026-05-09,2,223.52,Organic
O012174,C0348,P0018,2026-05-09,1,87.21,Organic
O012175,C0756,P0030,2026-05-09,1,27.21,Paid
O012176,C0425,P0031,2026-05-09,3,178.2,Paid
O012177,C0384,P0031,2026-05-09,2,118.8,Paid
O012178,C0537,P0025,2026-05-09,2,54.02,Paid
O012179,C0124,P0031,2026-05-09,3,178.2,Organic
O012180,C0402,P0036,2026-05-09,1,23.73,Organic
O012181,C0737,P0037,2026-05-09,3,192.54,Organic
O012182,C0241,P0040,2026-05-09,2,120.98,Email
O012183,C0248,P0036,2026-05-09,3,71.19,Paid
O012184,C0334,P0006,2026-05-09,3,262.62,Organic
O012185,C0393,P0004,2026-05-09,3,545.58,Organic
O012186,C0438,P0007,2026-05-09,3,203.79,Email
O012187,C0517,P0004,2026-05-09,1,181.86,Email
O012188,C0329,P0005,2026-05-09,3,198.96,Organic
O012189,C0091,P0005,2026-05-09,3,198.96,Referral
O012190,C0288,P0011,2026-05-09,2,90.86,Paid
O012191,C0265,P0013,2026-05-09,2,89.72,Email
O012192,C0182,P0010,2026-05-09,2,38.8,Organic
O012193,C0624,P0021,2026-05-09,3,335.28,Organic
O012194,C0277,P0024,2026-05-09,1,95.17,Paid
O012195,C0356,P0023,2026-05-09,2,291.98,Organic
O012196,C0387,P0029,2026-05-09,2,48.9,Organic
O012197,C0206,P0028,2026-05-09,1,22.2,Organic
O012198,C0760,P0033,2026-05-09,3,105.54,Organic
O012199,C0101,P0035,2026-05-09,3,181.2,Referral
O012200,C0760,P0038,2026-05-09,3,205.11,Organic
O012201,C0692,P0039,2026-05-09,3,331.53,Organic
O012202,C0254,P0003,2026-05-09,2,671.94,Organic
O012203,C0586,P0005,2026-05-09,2,132.64,Organic
O012204,C0163,P0018,2026-05-09,1,87.21,Organic
O012205,C0632,P0020,2026-05-09,2,290.68,Paid
O012206,C0554,P0023,2026-05-09,3,437.97,Paid
O012207,C0575,P0026,2026-05-09,2,43.74,Organic
O012208,C0536,P0028,2026-05-09,3,66.6,Organic
O012209,C0262,P0031,2026-05-09,1,59.4,Referral
O012210,C0012,P0039,2026-05-09,1,110.51,Organic
O012211,C0755,P0038,2026-05-09,1,68.37,Organic
O012212,C0389,P0039,2026-05-09,1,110.51,Paid
O012213,C0774,P0033,2026-05-09,2,70.36,Email
O012214,C0536,P0038,2026-05-09,3,205.11,Organic
O012215,C0023,P0008,2026-05-09,3,568.17,Organic
O012216,C0440,P0008,2026-05-09,2,378.78,Email
O012217,C0643,P0015,2026-05-09,1,55.14,Organic
O012218,C0714,P0029,2026-05-09,1,24.45,Paid
O012219,C0236,P0025,2026-05-09,3,81.03,Paid
O012220,C0074,P0030,2026-05-09,1,27.21,Email
O012221,C0200,P0030,2026-05-09,2,54.42,Organic
O012222,C0231,P0032,2026-05-09,2,79.24,Organic
O012223,C0532,P0037,2026-05-09,3,192.54,Organic
O012224,C0028,P0035,2026-05-09,2,120.8,Organic
O012225,C0649,P0006,2026-05-10,2,175.08,Organic
O012226,C0087,P0002,2026-05-10,2,534.12,Organic
O012227,C0263,P0002,2026-05-10,1,267.06,Organic
O012228,C0104,P0013,2026-05-10,1,44.86,Organic
O012229,C0715,P0011,2026-05-10,2,90.86,Organic
O012230,C0143,P0021,2026-05-10,2,223.52,Paid
O012231,C0175,P0024,2026-05-10,1,95.17,Organic
O012232,C0382,P0020,2026-05-10,1,145.34,Paid
O012233,C0248,P0021,2026-05-10,1,111.76,Email
O012234,C0367,P0030,2026-05-10,2,54.42,Paid
O012235,C0045,P0025,2026-05-10,2,54.02,Paid
O012236,C0600,P0037,2026-05-10,2,128.36,Paid
O012237,C0707,P0036,2026-05-10,1,23.73,Organic
O012238,C0572,P0038,2026-05-10,1,68.37,Paid
O012239,C0792,P0040,2026-05-10,3,181.47,Referral
O012240,C0715,P0035,2026-05-10,2,120.8,Organic
O012241,C0408,P0004,2026-05-10,3,545.58,Organic
O012242,C0207,P0002,2026-05-10,2,534.12,Organic
O012243,C0430,P0007,2026-05-10,2,135.86,Organic
O012244,C0733,P0007,2026-05-10,2,135.86,Paid
O012245,C0387,P0001,2026-05-10,1,40.3,Organic
O012246,C0144,P0006,2026-05-10,3,262.62,Organic
O012247,C0408,P0006,2026-05-10,2,175.08,Paid
O012248,C0029,P0006,2026-05-10,2,175.08,Referral
O012249,C0103,P0010,2026-05-10,1,19.4,Email
O012250,C0597,P0015,2026-05-10,1,55.14,Paid
O012251,C0149,P0013,2026-05-10,1,44.86,Paid
O012252,C0122,P0010,2026-05-10,2,38.8,Organic
O012253,C0430,P0013,2026-05-10,1,44.86,Referral
O012254,C0615,P0024,2026-05-10,1,95.17,Organic
O012255,C0457,P0021,2026-05-10,2,223.52,Paid
O012256,C0727,P0018,2026-05-10,1,87.21,Organic
O012257,C0671,P0017,2026-05-10,2,246.56,Organic
O012258,C0468,P0032,2026-05-10,3,118.86,Organic
O012259,C0081,P0029,2026-05-10,3,73.35,Email
O012260,C0286,P0031,2026-05-10,3,178.2,Referral
O012261,C0447,P0040,2026-05-10,3,181.47,Organic
O012262,C0396,P0002,2026-05-10,2,534.12,Paid
O012263,C0258,P0008,2026-05-10,1,189.39,Paid
O012264,C0310,P0005,2026-05-10,2,132.64,Organic
O012265,C0389,P0009,2026-05-10,3,228.84,Paid
O012266,C0163,P0009,2026-05-10,1,76.28,Referral
O012267,C0787,P0015,2026-05-10,1,55.14,Paid
O012268,C0160,P0015,2026-05-10,3,165.42,Organic
O012269,C0179,P0011,2026-05-10,2,90.86,Email
O012270,C0612,P0015,2026-05-10,3,165.42,Referral
O012271,C0568,P0012,2026-05-10,1,45.06,Paid
O012272,C0497,P0030,2026-05-10,3,81.63,Organic
O012273,C0120,P0039,2026-05-10,1,110.51,Organic
O012274,C0284,P0040,2026-05-10,2,120.98,Paid
O012275,C0020,P0004,2026-05-10,1,181.86,Organic
O012276,C0198,P0006,2026-05-10,3,262.62,Organic
O012277,C0613,P0008,2026-05-10,2,378.78,Paid
O012278,C0075,P0013,2026-05-10,1,44.86,Referral
O012279,C0598,P0009,2026-05-10,1,76.28,Organic
O012280,C0675,P0020,2026-05-10,3,436.02,Organic
O012281,C0283,P0020,2026-05-10,2,290.68,Email
O012282,C0713,P0020,2026-05-10,3,436.02,Paid
O012283,C0710,P0038,2026-05-10,2,136.74,Email
O012284,C0210,P0035,2026-05-10,2,120.8,Organic
O012285,C0316,P0039,2026-05-10,2,221.02,Email
O012286,C0282,P0034,2026-05-10,1,53.91,Organic
O012287,C0121,P0001,2026-05-11,2,80.6,Email
O012288,C0079,P0006,2026-05-11,1,87.54,Organic
O012289,C0196,P0006,2026-05-11,2,175.08,Paid
O012290,C0302,P0013,2026-05-11,3,134.58,Organic
O012291,C0371,P0010,2026-05-11,3,58.2,Organic
O012292,C0687,P0020,2026-05-11,1,145.34,Organic
O012293,C0376,P0021,2026-05-11,3,335.28,Organic
O012294,C0777,P0020,2026-05-11,3,436.02,Organic
O012295,C0323,P0024,2026-05-11,3,285.51,Paid
O012296,C0303,P0021,2026-05-11,2,223.52,Organic
O012297,C0307,P0032,2026-05-11,2,79.24,Paid
O012298,C0743,P0029,2026-05-11,1,24.45,Organic
O012299,C0398,P0031,2026-05-11,3,178.2,Paid
O012300,C0384,P0038,2026-05-11,1,68.37,Organic
O012301,C0152,P0040,2026-05-11,1,60.49,Paid
O012302,C0688,P0002,2026-05-11,1,267.06,Organic
O012303,C0477,P0021,2026-05-11,1,111.76,Organic
O012304,C0176,P0019,2026-05-11,3,197.31,Referral
O012305,C0460,P0017,2026-05-11,2,246.56,Referral
O012306,C0309,P0020,2026-05-11,1,145.34,Organic
O012307,C0326,P0026,2026-05-11,2,43.74,Referral
O012308,C0698,P0025,2026-05-11,3,81.03,Paid
O012309,C0408,P0033,2026-05-11,3,105.54,Organic
O012310,C0022,P0033,2026-05-11,3,105.54,Organic
O012311,C0573,P0035,2026-05-11,2,120.8,Organic
O012312,C0437,P0003,2026-05-11,2,671.94,Paid
O012313,C0481,P0001,2026-05-11,3,120.9,Organic
O012314,C0355,P0001,2026-05-11,2,80.6,Referral
O012315,C0007,P0010,2026-05-11,3,58.2,Paid
O012316,C0073,P0024,2026-05-11,1,95.17,Organic
O012317,C0734,P0019,2026-05-11,1,65.77,Paid
O012318,C0250,P0037,2026-05-11,2,128.36,Organic
O012319,C0385,P0033,2026-05-11,1,35.18,Organic
O012320,C0060,P0040,2026-05-11,1,60.49,Email
O012321,C0459,P0037,2026-05-11,3,192.54,Referral
O012322,C0036,P0015,2026-05-11,3,165.42,Paid
O012323,C0178,P0013,2026-05-11,1,44.86,Paid
O012324,C0650,P0015,2026-05-11,1,55.14,Email
O012325,C0221,P0013,2026-05-11,3,134.58,Organic
O012326,C0530,P0017,2026-05-11,3,369.84,Organic
O012327,C0111,P0019,2026-05-11,3,197.31,Paid
O012328,C0433,P0031,2026-05-11,1,59.4,Organic
O012329,C0717,P0030,2026-05-11,2,54.42,Organic
O012330,C0200,P0029,2026-05-11,1,24.45,Paid
O012331,C0178,P0037,2026-05-11,1,64.18,Organic
O012332,C0701,P0035,2026-05-11,3,181.2,Paid
O012333,C0650,P0037,2026-05-11,1,64.18,Paid
O012334,C0285,P0037,2026-05-11,3,192.54,Organic
O012335,C0104,P0008,2026-05-12,3,568.17,Referral
O012336,C0666,P0002,2026-05-12,2,534.12,Paid
O012337,C0469,P0013,2026-05-12,3,134.58,Organic
O012338,C0305,P0015,2026-05-12,1,55.14,Paid
O012339,C0444,P0012,2026-05-12,2,90.12,Referral
O012340,C0540,P0009,2026-05-12,3,228.84,Organic
O012341,C0630,P0024,2026-05-12,3,285.51,Email
O012342,C0540,P0022,2026-05-12,3,123.57,Organic
O012343,C0746,P0026,2026-05-12,1,21.87,Referral
O012344,C0796,P0026,2026-05-12,1,21.87,Organic
O012345,C0469,P0030,2026-05-12,2,54.42,Email
O012346,C0666,P0028,2026-05-12,1,22.2,Paid
O012347,C0711,P0027,2026-05-12,1,13.39,Organic
O012348,C0703,P0033,2026-05-12,2,70.36,Paid
O012349,C0037,P0038,2026-05-12,3,205.11,Organic
O012350,C0295,P0008,2026-05-12,2,378.78,Organic
O012351,C0694,P0013,2026-05-12,1,44.86,Organic
O012352,C0387,P0023,2026-05-12,3,437.97,Organic
O012353,C0219,P0024,2026-05-12,3,285.51,Organic
O012354,C0518,P0019,2026-05-12,3,197.31,Organic
O012355,C0727,P0032,2026-05-12,2,79.24,Email
O012356,C0566,P0026,2026-05-12,1,21.87,Email
O012357,C0457,P0026,2026-05-12,2,43.74,Paid
O012358,C0683,P0033,2026-05-12,2,70.36,Email
O012359,C0333,P0036,2026-05-12,3,71.19,Organic
O012360,C0166,P0034,2026-05-12,2,107.82,Organic
O012361,C0137,P0007,2026-05-12,1,67.93,Paid
O012362,C0786,P0016,2026-05-12,2,60.6,Organic
O012363,C0755,P0021,2026-05-12,3,335.28,Paid
O012364,C0409,P0017,2026-05-12,2,246.56,Organic
O012365,C0062,P0022,2026-05-12,1,41.19,Paid
O012366,C0209,P0018,2026-05-12,3,261.63,Organic
O012367,C0575,P0030,2026-05-12,3,81.63,Organic
O012368,C0355,P0029,2026-05-12,1,24.45,Email
O012369,C0396,P0028,2026-05-12,1,22.2,Email
O012370,C0429,P0039,2026-05-12,2,221.02,Paid
O012371,C0512,P0037,2026-05-12,1,64.18,Organic
O012372,C0270,P0037,2026-05-12,1,64.18,Paid
O012373,C0290,P0004,2026-05-12,1,181.86,Paid
O012374,C0731,P0012,2026-05-12,3,135.18,Organic
O012375,C0223,P0011,2026-05-12,3,136.29,Paid
O012376,C0494,P0016,2026-05-12,3,90.9,Organic
O012377,C0661,P0015,2026-05-12,3,165.42,Organic
O012378,C0492,P0019,2026-05-12,2,131.54,Organic
O012379,C0652,P0023,2026-05-12,1,145.99,Organic
O012380,C0440,P0021,2026-05-12,2,223.52,Organic
O012381,C0172,P0020,2026-05-12,3,436.02,Paid
O012382,C0035,P0023,2026-05-12,3,437.97,Referral
O012383,C0118,P0027,2026-05-12,3,40.17,Paid
O012384,C0623,P0039,2026-05-12,1,110.51,Organic
O012385,C0443,P0005,2026-05-13,3,198.96,Organic
O012386,C0129,P0006,2026-05-13,2,175.08,Email
O012387,C0384,P0004,2026-05-13,2,363.72,Email
O012388,C0737,P0003,2026-05-13,2,671.94,Paid
O012389,C0241,P0009,2026-05-13,3,228.84,Paid
O012390,C0190,P0023,2026-05-13,3,437.97,Organic
O012391,C0184,P0025,2026-05-13,2,54.02,Organic
O012392,C0382,P0029,2026-05-13,2,48.9,Organic
O012393,C0275,P0028,2026-05-13,3,66.6,Organic
O012394,C0303,P0032,2026-05-13,3,118.86,Paid
O012395,C0655,P0037,2026-05-13,2,128.36,Organic
O012396,C0251,P0035,2026-05-13,3,181.2,Organic
O012397,C0176,P0004,2026-05-13,3,545.58,Organic
O012398,C0460,P0008,2026-05-13,1,189.39,Organic
O012399,C0295,P0006,2026-05-13,2,175.08,Organic
O012400,C0431,P0008,2026-05-13,1,189.39,Organic
O012401,C0485,P0001,2026-05-13,2,80.6,Organic
O012402,C0103,P0009,2026-05-13,2,152.56,Referral
O012403,C0516,P0016,2026-05-13,2,60.6,Organic
O012404,C0356,P0018,2026-05-13,2,174.42,Paid
O012405,C0329,P0024,2026-05-13,3,285.51,Organic
O012406,C0485,P0019,2026-05-13,1,65.77,Referral
O012407,C0126,P0019,2026-05-13,3,197.31,Paid
O012408,C0164,P0031,2026-05-13,3,178.2,Email
O012409,C0329,P0030,2026-05-13,3,81.63,Email
O012410,C0560,P0025,2026-05-13,2,54.02,Paid
O012411,C0032,P0040,2026-05-13,1,60.49,Organic
O012412,C0408,P0040,2026-05-13,3,181.47,Email
O012413,C0431,P0033,2026-05-13,2,70.36,Organic
O012414,C0447,P0038,2026-05-13,3,205.11,Paid
O012415,C0149,P0034,2026-05-13,2,107.82,Organic
O012416,C0677,P0008,2026-05-13,2,378.78,Paid
O012417,C0481,P0001,2026-05-13,3,120.9,Paid
O012418,C0160,P0021,2026-05-13,3,335.28,Paid
O012419,C0588,P0020,2026-05-13,1,145.34,Email
O012420,C0163,P0017,2026-05-13,2,246.56,Referral
O012421,C0663,P0032,2026-05-13,3,118.86,Organic
O012422,C0663,P0039,2026-05-13,2,221.02,Organic
O012423,C0656,P0033,2026-05-13,1,35.18,Organic
O012424,C0705,P0037,2026-05-13,1,64.18,Organic
O012425,C0269,P0035,2026-05-13,2,120.8,Organic
O012426,C0451,P0038,2026-05-13,2,136.74,Organic
O012427,C0379,P0003,2026-05-13,3,1007.91,Organic
O012428,C0750,P0011,2026-05-13,1,45.43,Organic
O012429,C0049,P0009,2026-05-13,2,152.56,Email
O012430,C0494,P0013,2026-05-13,3,134.58,Paid
O012431,C0131,P0011,2026-05-13,1,45.43,Organic
O012432,C0476,P0023,2026-05-13,3,437.97,Organic
O012433,C0690,P0023,2026-05-13,1,145.99,Organic
O012434,C0559,P0021,2026-05-13,3,335.28,Organic
O012435,C0581,P0021,2026-05-13,1,111.76,Paid
O012436,C0173,P0030,2026-05-13,2,54.42,Paid
O012437,C0682,P0026,2026-05-13,3,65.61,Paid
O012438,C0343,P0036,2026-05-13,1,23.73,Organic
O012439,C0028,P0037,2026-05-13,2,128.36,Paid
O012440,C0180,P0007,2026-05-14,3,203.79,Referral
O012441,C0746,P0002,2026-05-14,2,534.12,Organic
O012442,C0303,P0003,2026-05-14,1,335.97,Organic
O012443,C0045,P0006,2026-05-14,1,87.54,Organic
O012444,C0659,P0024,2026-05-14,2,190.34,Organic
O012445,C0050,P0023,2026-05-14,1,145.99,Paid
O012446,C0051,P0028,2026-05-14,2,44.4,Paid
O012447,C0515,P0032,2026-05-14,1,39.62,Email
O012448,C0796,P0028,2026-05-14,1,22.2,Organic
O012449,C0252,P0032,2026-05-14,1,39.62,Organic
O012450,C0669,P0002,2026-05-14,1,267.06,Email
O012451,C0022,P0001,2026-05-14,3,120.9,Organic
O012452,C0533,P0011,2026-05-14,3,136.29,Organic
O012453,C0511,P0009,2026-05-14,1,76.28,Paid
O012454,C0229,P0009,2026-05-14,2,152.56,Organic
O012455,C0457,P0017,2026-05-14,2,246.56,Organic
O012456,C0340,P0028,2026-05-14,3,66.6,Organic
O012457,C0527,P0032,2026-05-14,2,79.24,Organic
O012458,C0447,P0033,2026-05-14,3,105.54,Referral
O012459,C0354,P0006,2026-05-14,1,87.54,Paid
O012460,C0483,P0003,2026-05-14,2,671.94,Organic
O012461,C0591,P0008,2026-05-14,3,568.17,Paid
O012462,C0693,P0007,2026-05-14,3,203.79,Referral
O012463,C0765,P0016,2026-05-14,1,30.3,Organic
O012464,C0247,P0013,2026-05-14,3,134.58,Organic
O012465,C0412,P0014,2026-05-14,3,163.5,Organic
O012466,C0261,P0017,2026-05-14,2,246.56,Organic
O012467,C0612,P0024,2026-05-14,3,285.51,Organic
O012468,C0612,P0017,2026-05-14,1,123.28,Email
O012469,C0525,P0032,2026-05-14,1,39.62,Organic
O012470,C0591,P0032,2026-05-14,1,39.62,Paid
O012471,C0083,P0038,2026-05-14,2,136.74,Paid
O012472,C0454,P0033,2026-05-14,1,35.18,Email
O012473,C0440,P0004,2026-05-14,2,363.72,Referral
O012474,C0244,P0001,2026-05-14,2,80.6,Paid
O012475,C0766,P0019,2026-05-14,1,65.77,Organic
O012476,C0089,P0023,2026-05-14,3,437.97,Organic
O012477,C0133,P0023,2026-05-14,1,145.99,Email
O012478,C0623,P0025,2026-05-14,1,27.01,Organic
O012479,C0095,P0029,2026-05-14,3,73.35,Paid
O012480,C0093,P0030,2026-05-14,3,81.63,Paid
O012481,C0210,P0036,2026-05-14,3,71.19,Email
O012482,C0599,P0004,2026-05-15,2,363.72,Referral
O012483,C0515,P0002,2026-05-15,3,801.18,Paid
O012484,C0275,P0016,2026-05-15,3,90.9,Organic
O012485,C0583,P0009,2026-05-15,1,76.28,Paid
O012486,C0365,P0009,2026-05-15,2,152.56,Referral
O012487,C0697,P0023,2026-05-15,1,145.99,Organic
O012488,C0251,P0018,2026-05-15,1,87.21,Paid
O012489,C0377,P0024,2026-05-15,3,285.51,Referral
O012490,C0443,P0024,2026-05-15,3,285.51,Organic
O012491,C0502,P0022,2026-05-15,3,123.57,Referral
O012492,C0520,P0029,2026-05-15,2,48.9,Paid
O012493,C0263,P0028,2026-05-15,2,44.4,Paid
O012494,C0777,P0025,2026-05-15,3,81.03,Paid
O012495,C0377,P0037,2026-05-15,1,64.18,Organic
O012496,C0018,P0008,2026-05-15,1,189.39,Organic
O012497,C0329,P0009,2026-05-15,1,76.28,Email
O012498,C0457,P0014,2026-05-15,1,54.5,Organic
O012499,C0288,P0009,2026-05-15,2,152.56,Organic
O012500,C0671,P0014,2026-05-15,1,54.5,Paid
O012501,C0329,P0017,2026-05-15,1,123.28,Paid
O012502,C0126,P0018,2026-05-15,1,87.21,Email
O012503,C0341,P0032,2026-05-15,2,79.24,Paid
O012504,C0126,P0031,2026-05-15,1,59.4,Paid
O012505,C0407,P0029,2026-05-15,2,48.9,Organic
O012506,C0692,P0030,2026-05-15,3,81.63,Referral
O012507,C0039,P0038,2026-05-15,3,205.11,Paid
O012508,C0733,P0037,2026-05-15,2,128.36,Paid
O012509,C0497,P0003,2026-05-15,3,1007.91,Organic
O012510,C0363,P0016,2026-05-15,1,30.3,Referral
O012511,C0391,P0024,2026-05-15,3,285.51,Email
O012512,C0086,P0027,2026-05-15,1,13.39,Paid
O012513,C0033,P0032,2026-05-15,3,118.86,Organic
O012514,C0663,P0027,2026-05-15,2,26.78,Email
O012515,C0299,P0034,2026-05-15,3,161.73,Email
O012516,C0546,P0033,2026-05-15,1,35.18,Paid
O012517,C0343,P0015,2026-05-15,1,55.14,Email
O012518,C0584,P0014,2026-05-15,1,54.5,Email
O012519,C0791,P0023,2026-05-15,1,145.99,Paid
O012520,C0729,P0022,2026-05-15,2,82.38,Organic
O012521,C0610,P0032,2026-05-15,2,79.24,Referral
O012522,C0224,P0025,2026-05-15,1,27.01,Email
O012523,C0200,P0025,2026-05-15,3,81.03,Organic
O012524,C0131,P0028,2026-05-15,2,44.4,Paid
O012525,C0283,P0033,2026-05-15,3,105.54,Organic
O012526,C0791,P0035,2026-05-15,3,181.2,Email
O012527,C0147,P0035,2026-05-15,3,181.2,Paid
O012528,C0791,P0038,2026-05-15,2,136.74,Organic
O012529,C0358,P0007,2026-05-16,2,135.86,Organic
O012530,C0752,P0010,2026-05-16,2,38.8,Email
O012531,C0697,P0015,2026-05-16,3,165.42,Paid
O012532,C0228,P0013,2026-05-16,3,134.58,Referral
O012533,C0469,P0015,2026-05-16,1,55.14,Paid
O012534,C0233,P0009,2026-05-16,3,228.84,Paid
O012535,C0365,P0013,2026-05-16,1,44.86,Organic
O012536,C0079,P0017,2026-05-16,3,369.84,Organic
O012537,C0397,P0017,2026-05-16,2,246.56,Referral
O012538,C0017,P0028,2026-05-16,3,66.6,Organic
O012539,C0668,P0028,2026-05-16,1,22.2,Paid
O012540,C0463,P0028,2026-05-16,3,66.6,Email
O012541,C0104,P0039,2026-05-16,3,331.53,Paid
O012542,C0268,P0039,2026-05-16,2,221.02,Email
O012543,C0390,P0040,2026-05-16,3,181.47,Organic
O012544,C0115,P0011,2026-05-16,3,136.29,Organic
O012545,C0242,P0010,2026-05-16,3,58.2,Email
O012546,C0312,P0017,2026-05-16,1,123.28,Organic
O012547,C0026,P0025,2026-05-16,2,54.02,Organic
O012548,C0381,P0026,2026-05-16,3,65.61,Organic
O012549,C0529,P0033,2026-05-16,1,35.18,Organic
O012550,C0333,P0037,2026-05-16,3,192.54,Organic
O012551,C0678,P0036,2026-05-16,2,47.46,Organic
O012552,C0615,P0038,2026-05-16,2,136.74,Paid
O012553,C0635,P0008,2026-05-16,3,568.17,Organic
O012554,C0546,P0001,2026-05-16,1,40.3,Paid
O012555,C0800,P0002,2026-05-16,2,534.12,Paid
O012556,C0137,P0003,2026-05-16,3,1007.91,Email
O012557,C0098,P0013,2026-05-16,1,44.86,Organic
O012558,C0160,P0011,2026-05-16,3,136.29,Paid
O012559,C0078,P0021,2026-05-16,3,335.28,Organic
O012560,C0525,P0022,2026-05-16,2,82.38,Organic
O012561,C0508,P0023,2026-05-16,2,291.98,Organic
O012562,C0306,P0028,2026-05-16,2,44.4,Email
O012563,C0609,P0031,2026-05-16,3,178.2,Email
O012564,C0523,P0032,2026-05-16,3,118.86,Referral
O012565,C0751,P0028,2026-05-16,1,22.2,Organic
O012566,C0785,P0028,2026-05-16,1,22.2,Paid
O012567,C0047,P0032,2026-05-16,1,39.62,Email
O012568,C0705,P0036,2026-05-16,2,47.46,Paid
O012569,C0238,P0037,2026-05-16,1,64.18,Referral
O012570,C0259,P0033,2026-05-16,1,35.18,Paid
O012571,C0476,P0008,2026-05-16,3,568.17,Organic
O012572,C0499,P0012,2026-05-16,2,90.12,Organic
O012573,C0148,P0027,2026-05-16,2,26.78,Organic
O012574,C0500,P0030,2026-05-16,2,54.42,Email
O012575,C0753,P0032,2026-05-16,2,79.24,Email
O012576,C0134,P0034,2026-05-16,3,161.73,Organic
O012577,C0657,P0040,2026-05-16,1,60.49,Organic
O012578,C0118,P0036,2026-05-16,3,71.19,Organic
O012579,C0556,P0033,2026-05-16,1,35.18,Email
O012580,C0716,P0005,2026-05-17,3,198.96,Paid
O012581,C0051,P0004,2026-05-17,2,363.72,Paid
O012582,C0061,P0005,2026-05-17,1,66.32,Paid
O012583,C0607,P0003,2026-05-17,1,335.97,Organic
O012584,C0190,P0012,2026-05-17,2,90.12,Paid
O012585,C0017,P0014,2026-05-17,3,163.5,Organic
O012586,C0021,P0016,2026-05-17,2,60.6,Referral
O012587,C0707,P0011,2026-05-17,3,136.29,Organic
O012588,C0196,P0021,2026-05-17,1,111.76,Organic
O012589,C0583,P0018,2026-05-17,2,174.42,Organic
O012590,C0382,P0019,2026-05-17,3,197.31,Paid
O012591,C0251,P0029,2026-05-17,3,73.35,Paid
O012592,C0079,P0036,2026-05-17,1,23.73,Paid
O012593,C0026,P0008,2026-05-17,3,568.17,Paid
O012594,C0265,P0008,2026-05-17,3,568.17,Paid
O012595,C0510,P0011,2026-05-17,2,90.86,Organic
O012596,C0142,P0016,2026-05-17,2,60.6,Organic
O012597,C0696,P0011,2026-05-17,1,45.43,Email
O012598,C0337,P0020,2026-05-17,3,436.02,Organic
O012599,C0527,P0020,2026-05-17,3,436.02,Organic
O012600,C0410,P0024,2026-05-17,2,190.34,Organic
O012601,C0676,P0018,2026-05-17,3,261.63,Paid
O012602,C0457,P0018,2026-05-17,3,261.63,Organic
O012603,C0370,P0019,2026-05-17,3,197.31,Email
O012604,C0430,P0024,2026-05-17,3,285.51,Referral
O012605,C0669,P0025,2026-05-17,3,81.03,Paid
O012606,C0460,P0027,2026-05-17,2,26.78,Organic
O012607,C0149,P0025,2026-05-17,1,27.01,Paid
O012608,C0660,P0033,2026-05-17,1,35.18,Referral
O012609,C0475,P0039,2026-05-17,3,331.53,Organic
O012610,C0103,P0033,2026-05-17,2,70.36,Paid
O012611,C0299,P0006,2026-05-17,2,175.08,Organic
O012612,C0146,P0006,2026-05-17,3,262.62,Email
O012613,C0083,P0010,2026-05-17,2,38.8,Organic
O012614,C0352,P0013,2026-05-17,3,134.58,Paid
O012615,C0611,P0011,2026-05-17,2,90.86,Paid
O012616,C0406,P0013,2026-05-17,3,134.58,Organic
O012617,C0424,P0011,2026-05-17,2,90.86,Organic
O012618,C0391,P0018,2026-05-17,1,87.21,Paid
O012619,C0392,P0027,2026-05-17,1,13.39,Organic
O012620,C0611,P0034,2026-05-17,1,53.91,Email
O012621,C0163,P0035,2026-05-17,3,181.2,Organic
O012622,C0118,P0002,2026-05-17,2,534.12,Organic
O012623,C0552,P0005,2026-05-17,3,198.96,Paid
O012624,C0274,P0005,2026-05-17,2,132.64,Paid
O012625,C0496,P0015,2026-05-17,1,55.14,Organic
O012626,C0675,P0011,2026-05-17,3,136.29,Paid
O012627,C0198,P0020,2026-05-17,1,145.34,Organic
O012628,C0574,P0021,2026-05-17,1,111.76,Organic
O012629,C0658,P0027,2026-05-17,3,40.17,Organic
O012630,C0659,P0009,2026-05-18,2,152.56,Email
O012631,C0248,P0015,2026-05-18,2,110.28,Organic
O012632,C0001,P0009,2026-05-18,3,228.84,Organic
O012633,C0596,P0013,2026-05-18,3,134.58,Paid
O012634,C0796,P0012,2026-05-18,3,135.18,Email
O012635,C0145,P0021,2026-05-18,2,223.52,Organic
O012636,C0008,P0019,2026-05-18,1,65.77,Paid
O012637,C0647,P0024,2026-05-18,2,190.34,Organic
O012638,C0121,P0023,2026-05-18,3,437.97,Organic
O012639,C0537,P0022,2026-05-18,2,82.38,Paid
O012640,C0502,P0025,2026-05-18,2,54.02,Paid
O012641,C0057,P0037,2026-05-18,3,192.54,Email
O012642,C0439,P0036,2026-05-18,1,23.73,Organic
O012643,C0312,P0008,2026-05-18,1,189.39,Email
O012644,C0509,P0005,2026-05-18,2,132.64,Referral
O012645,C0464,P0022,2026-05-18,3,123.57,Referral
O012646,C0350,P0023,2026-05-18,2,291.98,Paid
O012647,C0339,P0021,2026-05-18,1,111.76,Organic
O012648,C0529,P0022,2026-05-18,2,82.38,Organic
O012649,C0723,P0017,2026-05-18,3,369.84,Paid
O012650,C0277,P0027,2026-05-18,2,26.78,Paid
O012651,C0617,P0025,2026-05-18,3,81.03,Paid
O012652,C0103,P0038,2026-05-18,1,68.37,Paid
O012653,C0187,P0038,2026-05-18,2,136.74,Organic
O012654,C0065,P0038,2026-05-18,2,136.74,Referral
O012655,C0339,P0034,2026-05-18,3,161.73,Organic
O012656,C0516,P0039,2026-05-18,2,221.02,Referral
O012657,C0745,P0013,2026-05-18,2,89.72,Referral
O012658,C0693,P0015,2026-05-18,1,55.14,Paid
O012659,C0209,P0012,2026-05-18,2,90.12,Email
O012660,C0373,P0017,2026-05-18,2,246.56,Paid
O012661,C0456,P0029,2026-05-18,3,73.35,Referral
O012662,C0163,P0031,2026-05-18,3,178.2,Organic
O012663,C0763,P0032,2026-05-18,3,118.86,Organic
O012664,C0523,P0030,2026-05-18,2,54.42,Organic
O012665,C0734,P0029,2026-05-18,2,48.9,Paid
O012666,C0107,P0036,2026-05-18,1,23.73,Referral
O012667,C0591,P0034,2026-05-18,1,53.91,Referral
O012668,C0788,P0038,2026-05-18,1,68.37,Email
O012669,C0058,P0036,2026-05-18,2,47.46,Organic
O012670,C0332,P0036,2026-05-18,2,47.46,Paid
O012671,C0355,P0039,2026-05-18,3,331.53,Email
O012672,C0116,P0002,2026-05-18,1,267.06,Email
O012673,C0231,P0012,2026-05-18,2,90.12,Paid
O012674,C0625,P0011,2026-05-18,3,136.29,Email
O012675,C0620,P0016,2026-05-18,3,90.9,Organic
O012676,C0559,P0012,2026-05-18,2,90.12,Organic
O012677,C0301,P0012,2026-05-18,3,135.18,Paid
O012678,C0613,P0025,2026-05-18,2,54.02,Paid
O012679,C0473,P0038,2026-05-18,3,205.11,Paid
O012680,C0682,P0035,2026-05-18,3,181.2,Organic
O012681,C0466,P0039,2026-05-18,3,331.53,Paid
O012682,C0152,P0007,2026-05-19,1,67.93,Referral
O012683,C0014,P0011,2026-05-19,1,45.43,Paid
O012684,C0151,P0021,2026-05-19,2,223.52,Organic
O012685,C0235,P0022,2026-05-19,2,82.38,Organic
O012686,C0208,P0029,2026-05-19,1,24.45,Email
O012687,C0465,P0025,2026-05-19,3,81.03,Organic
O012688,C0666,P0029,2026-05-19,3,73.35,Organic
O012689,C0348,P0039,2026-05-19,1,110.51,Organic
O012690,C0130,P0035,2026-05-19,2,120.8,Organic
O012691,C0001,P0033,2026-05-19,3,105.54,Paid
O012692,C0303,P0039,2026-05-19,1,110.51,Organic
O012693,C0538,P0039,2026-05-19,3,331.53,Paid
O012694,C0286,P0007,2026-05-19,2,135.86,Organic
O012695,C0082,P0005,2026-05-19,1,66.32,Organic
O012696,C0521,P0010,2026-05-19,2,38.8,Organic
O012697,C0735,P0011,2026-05-19,2,90.86,Paid
O012698,C0672,P0014,2026-05-19,2,109.0,Email
O012699,C0337,P0011,2026-05-19,3,136.29,Organic
O012700,C0484,P0019,2026-05-19,1,65.77,Paid
O012701,C0789,P0024,2026-05-19,3,285.51,Email
O012702,C0295,P0023,2026-05-19,2,291.98,Organic
O012703,C0215,P0017,2026-05-19,2,246.56,Organic
O012704,C0158,P0030,2026-05-19,1,27.21,Organic
O012705,C0400,P0026,2026-05-19,2,43.74,Organic
O012706,C0356,P0039,2026-05-19,1,110.51,Paid
O012707,C0787,P0004,2026-05-19,1,181.86,Email
O012708,C0237,P0006,2026-05-19,2,175.08,Organic
O012709,C0618,P0002,2026-05-19,3,801.18,Organic
O012710,C0497,P0002,2026-05-19,2,534.12,Organic
O012711,C0635,P0016,2026-05-19,3,90.9,Referral
O012712,C0570,P0014,2026-05-19,3,163.5,Organic
O012713,C0315,P0017,2026-05-19,2,246.56,Organic
O012714,C0525,P0019,2026-05-19,3,197.31,Paid
O012715,C0772,P0022,2026-05-19,3,123.57,Organic
O012716,C0609,P0029,2026-05-19,1,24.45,Referral
O012717,C0007,P0032,2026-05-19,3,118.86,Email
O012718,C0642,P0031,2026-05-19,1,59.4,Referral
O012719,C0385,P0029,2026-05-19,1,24.45,Referral
O012720,C0291,P0031,2026-05-19,1,59.4,Organic
O012721,C0418,P0031,2026-05-19,1,59.4,Organic
O012722,C0579,P0034,2026-05-19,3,161.73,Paid
O012723,C0763,P0034,2026-05-19,3,161.73,Paid
O012724,C0198,P0006,2026-05-19,2,175.08,Paid
O012725,C0722,P0006,2026-05-19,3,262.62,Organic
O012726,C0458,P0009,2026-05-19,1,76.28,Organic
O012727,C0670,P0030,2026-05-19,3,81.63,Paid
O012728,C0501,P0027,2026-05-19,3,40.17,Email
O012729,C0282,P0031,2026-05-19,1,59.4,Paid
O012730,C0507,P0039,2026-05-19,3,331.53,Organic
O012731,C0500,P0037,2026-05-19,2,128.36,Organic
O012732,C0725,P0037,2026-05-19,2,128.36,Paid
O012733,C0473,P0038,2026-05-19,3,205.11,Organic
O012734,C0711,P0002,2026-05-20,2,534.12,Paid
O012735,C0161,P0002,2026-05-20,2,534.12,Organic
O012736,C0565,P0014,2026-05-20,2,109.0,Email
O012737,C0100,P0013,2026-05-20,2,89.72,Paid
O012738,C0654,P0018,2026-05-20,2,174.42,Paid
O012739,C0268,P0020,2026-05-20,2,290.68,Email
O012740,C0323,P0018,2026-05-20,3,261.63,Paid
O012741,C0403,P0034,2026-05-20,3,161.73,Organic
O012742,C0372,P0037,2026-05-20,3,192.54,Organic
O012743,C0264,P0002,2026-05-20,1,267.06,Referral
O012744,C0162,P0013,2026-05-20,3,134.58,Organic
O012745,C0526,P0010,2026-05-20,2,38.8,Organic
O012746,C0038,P0016,2026-05-20,2,60.6,Organic
O012747,C0364,P0018,2026-05-20,2,174.42,Paid
O012748,C0760,P0021,2026-05-20,2,223.52,Organic
O012749,C0798,P0021,2026-05-20,1,111.76,Organic
O012750,C0577,P0023,2026-05-20,3,437.97,Paid
O012751,C0622,P0029,2026-05-20,3,73.35,Organic
O012752,C0779,P0032,2026-05-20,3,118.86,Paid
O012753,C0624,P0040,2026-05-20,3,181.47,Paid
O012754,C0192,P0039,2026-05-20,3,331.53,Paid
O012755,C0167,P0035,2026-05-20,3,181.2,Email
O012756,C0277,P0038,2026-05-20,3,205.11,Paid
O012757,C0315,P0001,2026-05-20,1,40.3,Organic
O012758,C0605,P0005,2026-05-20,2,132.64,Paid
O012759,C0663,P0001,2026-05-20,1,40.3,Paid
O012760,C0165,P0014,2026-05-20,2,109.0,Email
O012761,C0424,P0013,2026-05-20,1,44.86,Email
O012762,C0454,P0014,2026-05-20,2,109.0,Organic
O012763,C0788,P0012,2026-05-20,3,135.18,Organic
O012764,C0642,P0019,2026-05-20,3,197.31,Paid
O012765,C0226,P0018,2026-05-20,3,261.63,Email
O012766,C0388,P0024,2026-05-20,2,190.34,Organic
O012767,C0421,P0031,2026-05-20,2,118.8,Organic
O012768,C0363,P0031,2026-05-20,1,59.4,Paid
O012769,C0609,P0036,2026-05-20,2,47.46,Email
O012770,C0786,P0039,2026-05-20,3,331.53,Referral
O012771,C0231,P0007,2026-05-20,1,67.93,Email
O012772,C0070,P0001,2026-05-20,3,120.9,Paid
O012773,C0781,P0013,2026-05-20,1,44.86,Organic
O012774,C0721,P0009,2026-05-20,1,76.28,Organic
O012775,C0685,P0022,2026-05-20,1,41.19,Paid
O012776,C0564,P0028,2026-05-20,2,44.4,Organic
O012777,C0111,P0035,2026-05-20,2,120.8,Paid
O012778,C0193,P0039,2026-05-20,3,331.53,Organic
O012779,C0108,P0008,2026-05-21,3,568.17,Organic
O012780,C0630,P0002,2026-05-21,3,801.18,Paid
O012781,C0520,P0008,2026-05-21,3,568.17,Paid
O012782,C0240,P0013,2026-05-21,1,44.86,Paid
O012783,C0294,P0015,2026-05-21,2,110.28,Paid
O012784,C0636,P0022,2026-05-21,2,82.38,Organic
O012785,C0403,P0021,2026-05-21,2,223.52,Email
O012786,C0378,P0019,2026-05-21,2,131.54,Email
O012787,C0119,P0019,2026-05-21,1,65.77,Referral
O012788,C0087,P0026,2026-05-21,3,65.61,Organic
O012789,C0196,P0029,2026-05-21,1,24.45,Organic
O012790,C0124,P0033,2026-05-21,3,105.54,Organic
O012791,C0465,P0033,2026-05-21,2,70.36,Organic
O012792,C0144,P0004,2026-05-21,1,181.86,Email
O012793,C0747,P0014,2026-05-21,3,163.5,Organic
O012794,C0539,P0009,2026-05-21,2,152.56,Paid
O012795,C0264,P0014,2026-05-21,3,163.5,Paid
O012796,C0676,P0009,2026-05-21,2,152.56,Organic
O012797,C0648,P0021,2026-05-21,3,335.28,Organic
O012798,C0431,P0024,2026-05-21,2,190.34,Organic
O012799,C0510,P0019,2026-05-21,2,131.54,Organic
O012800,C0230,P0023,2026-05-21,2,291.98,Organic
O012801,C0277,P0031,2026-05-21,3,178.2,Email
O012802,C0686,P0029,2026-05-21,1,24.45,Organic
O012803,C0314,P0037,2026-05-21,2,128.36,Organic
O012804,C0356,P0037,2026-05-21,1,64.18,Organic
O012805,C0461,P0036,2026-05-21,3,71.19,Email
O012806,C0760,P0035,2026-05-21,3,181.2,Email
O012807,C0683,P0038,2026-05-21,3,205.11,Paid
O012808,C0518,P0033,2026-05-21,3,105.54,Organic
O012809,C0430,P0033,2026-05-21,3,105.54,Paid
O012810,C0642,P0003,2026-05-21,1,335.97,Organic
O012811,C0677,P0008,2026-05-21,3,568.17,Organic
O012812,C0179,P0002,2026-05-21,3,801.18,Email
O012813,C0201,P0008,2026-05-21,1,189.39,Organic
O012814,C0578,P0002,2026-05-21,2,534.12,Organic
O012815,C0396,P0005,2026-05-21,2,132.64,Organic
O012816,C0262,P0020,2026-05-21,3,436.02,Email
O012817,C0512,P0022,2026-05-21,1,41.19,Organic
O012818,C0284,P0026,2026-05-21,1,21.87,Referral
O012819,C0503,P0028,2026-05-21,2,44.4,Organic
O012820,C0363,P0027,2026-05-21,3,40.17,Referral
O012821,C0495,P0040,2026-05-21,2,120.98,Organic
O012822,C0656,P0037,2026-05-21,1,64.18,Paid
O012823,C0691,P0035,2026-05-21,3,181.2,Organic
O012824,C0575,P0037,2026-05-21,2,128.36,Organic
O012825,C0767,P0040,2026-05-21,2,120.98,Referral
O012826,C0598,P0006,2026-05-21,3,262.62,Organic
O012827,C0507,P0004,2026-05-21,2,363.72,Organic
O012828,C0197,P0003,2026-05-21,2,671.94,Paid
O012829,C0023,P0015,2026-05-21,2,110.28,Organic
O012830,C0316,P0017,2026-05-21,2,246.56,Paid
O012831,C0068,P0021,2026-05-21,2,223.52,Organic
O012832,C0514,P0021,2026-05-21,3,335.28,Email
O012833,C0353,P0019,2026-05-21,2,131.54,Email
O012834,C0567,P0020,2026-05-21,1,145.34,Organic
O012835,C0111,P0017,2026-05-21,1,123.28,Organic
O012836,C0442,P0032,2026-05-21,3,118.86,Email
O012837,C0791,P0031,2026-05-21,3,178.2,Paid
O012838,C0500,P0032,2026-05-21,1,39.62,Organic
O012839,C0178,P0029,2026-05-21,3,73.35,Organic
O012840,C0319,P0037,2026-05-21,3,192.54,Paid
O012841,C0319,P0037,2026-05-21,3,192.54,Paid
O012842,C0791,P0038,2026-05-21,2,136.74,Organic
O012843,C0530,P0037,2026-05-21,3,192.54,Organic
O012844,C0005,P0038,2026-05-21,3,205.11,Paid
O012845,C0766,P0037,2026-05-21,3,192.54,Paid
O012846,C0791,P0037,2026-05-21,1,64.18,Organic
O012847,C0471,P0002,2026-05-22,2,534.12,Email
O012848,C0375,P0001,2026-05-22,3,120.9,Organic
O012849,C0599,P0010,2026-05-22,2,38.8,Referral
O012850,C0159,P0015,2026-05-22,3,165.42,Referral
O012851,C0398,P0022,2026-05-22,1,41.19,Referral
O012852,C0449,P0026,2026-05-22,1,21.87,Paid
O012853,C0443,P0038,2026-05-22,3,205.11,Organic
O012854,C0707,P0039,2026-05-22,1,110.51,Paid
O012855,C0576,P0037,2026-05-22,1,64.18,Organic
O012856,C0679,P0033,2026-05-22,3,105.54,Organic
O012857,C0708,P0008,2026-05-22,3,568.17,Email
O012858,C0441,P0008,2026-05-22,2,378.78,Organic
O012859,C0779,P0004,2026-05-22,3,545.58,Organic
O012860,C0698,P0003,2026-05-22,2,671.94,Paid
O012861,C0407,P0011,2026-05-22,1,45.43,Organic
O012862,C0215,P0018,2026-05-22,2,174.42,Organic
O012863,C0202,P0021,2026-05-22,2,223.52,Organic
O012864,C0041,P0017,2026-05-22,2,246.56,Organic
O012865,C0082,P0023,2026-05-22,3,437.97,Paid
O012866,C0460,P0018,2026-05-22,2,174.42,Organic
O012867,C0660,P0032,2026-05-22,1,39.62,Organic
O012868,C0038,P0032,2026-05-22,2,79.24,Paid
O012869,C0410,P0026,2026-05-22,2,43.74,Paid
O012870,C0219,P0026,2026-05-22,1,21.87,Organic
O012871,C0243,P0035,2026-05-22,1,60.4,Organic
O012872,C0300,P0034,2026-05-22,3,161.73,Paid
O012873,C0029,P0038,2026-05-22,3,205.11,Referral
O012874,C0326,P0040,2026-05-22,1,60.49,Email
O012875,C0411,P0002,2026-05-22,1,267.06,Organic
O012876,C0388,P0003,2026-05-22,1,335.97,Organic
O012877,C0058,P0008,2026-05-22,2,378.78,Organic
O012878,C0267,P0002,2026-05-22,3,801.18,Organic
O012879,C0138,P0007,2026-05-22,2,135.86,Referral
O012880,C0060,P0010,2026-05-22,3,58.2,Organic
O012881,C0691,P0019,2026-05-22,1,65.77,Paid
O012882,C0546,P0017,2026-05-22,1,123.28,Organic
O012883,C0389,P0022,2026-05-22,1,41.19,Organic
O012884,C0062,P0030,2026-05-22,1,27.21,Organic
O012885,C0748,P0034,2026-05-22,2,107.82,Email
O012886,C0107,P0033,2026-05-22,3,105.54,Organic
O012887,C0657,P0005,2026-05-22,3,198.96,Organic
O012888,C0758,P0006,2026-05-22,2,175.08,Email
O012889,C0496,P0002,2026-05-22,2,534.12,Organic
O012890,C0256,P0006,2026-05-22,2,175.08,Email
O012891,C0253,P0006,2026-05-22,2,175.08,Organic
O012892,C0614,P0015,2026-05-22,2,110.28,Paid
O012893,C0223,P0015,2026-05-22,2,110.28,Paid
O012894,C0222,P0012,2026-05-22,1,45.06,Paid
O012895,C0020,P0014,2026-05-22,1,54.5,Organic
O012896,C0722,P0009,2026-05-22,2,152.56,Paid
O012897,C0133,P0023,2026-05-22,3,437.97,Paid
O012898,C0541,P0020,2026-05-22,1,145.34,Organic
O012899,C0095,P0019,2026-05-22,3,197.31,Email
O012900,C0147,P0025,2026-05-22,2,54.02,Email
O012901,C0148,P0028,2026-05-22,1,22.2,Organic
O012902,C0717,P0030,2026-05-22,1,27.21,Organic
O012903,C0089,P0036,2026-05-22,3,71.19,Paid
O012904,C0110,P0036,2026-05-22,3,71.19,Organic
O012905,C0143,P0006,2026-05-23,3,262.62,Email
O012906,C0697,P0002,2026-05-23,2,534.12,Organic
O012907,C0665,P0003,2026-05-23,2,671.94,Organic
O012908,C0746,P0007,2026-05-23,3,203.79,Email
O012909,C0666,P0012,2026-05-23,2,90.12,Email
O012910,C0641,P0011,2026-05-23,1,45.43,Organic
O012911,C0540,P0023,2026-05-23,3,437.97,Email
O012912,C0700,P0017,2026-05-23,1,123.28,Organic
O012913,C0654,P0028,2026-05-23,2,44.4,Paid
O012914,C0228,P0027,2026-05-23,1,13.39,Organic
O012915,C0311,P0030,2026-05-23,1,27.21,Paid
O012916,C0302,P0025,2026-05-23,3,81.03,Paid
O012917,C0372,P0030,2026-05-23,3,81.63,Organic
O012918,C0305,P0037,2026-05-23,2,128.36,Paid
O012919,C0279,P0033,2026-05-23,2,70.36,Email
O012920,C0526,P0003,2026-05-23,3,1007.91,Paid
O012921,C0739,P0004,2026-05-23,1,181.86,Email
O012922,C0447,P0007,2026-05-23,1,67.93,Organic
O012923,C0092,P0008,2026-05-23,1,189.39,Paid
O012924,C0646,P0016,2026-05-23,1,30.3,Organic
O012925,C0527,P0010,2026-05-23,2,38.8,Organic
O012926,C0150,P0014,2026-05-23,1,54.5,Organic
O012927,C0381,P0022,2026-05-23,1,41.19,Paid
O012928,C0139,P0021,2026-05-23,1,111.76,Paid
O012929,C0660,P0024,2026-05-23,3,285.51,Email
O012930,C0162,P0023,2026-05-23,3,437.97,Paid
O012931,C0039,P0023,2026-05-23,3,437.97,Organic
O012932,C0117,P0031,2026-05-23,2,118.8,Referral
O012933,C0400,P0031,2026-05-23,1,59.4,Email
O012934,C0762,P0026,2026-05-23,2,43.74,Organic
O012935,C0645,P0032,2026-05-23,3,118.86,Email
O012936,C0696,P0029,2026-05-23,3,73.35,Organic
O012937,C0533,P0026,2026-05-23,2,43.74,Organic
O012938,C0006,P0036,2026-05-23,1,23.73,Paid
O012939,C0264,P0034,2026-05-23,3,161.73,Organic
O012940,C0329,P0039,2026-05-23,1,110.51,Organic
O012941,C0734,P0008,2026-05-23,1,189.39,Organic
O012942,C0749,P0006,2026-05-23,3,262.62,Email
O012943,C0656,P0010,2026-05-23,2,38.8,Email
O012944,C0677,P0009,2026-05-23,3,228.84,Email
O012945,C0575,P0011,2026-05-23,2,90.86,Email
O012946,C0451,P0009,2026-05-23,1,76.28,Organic
O012947,C0267,P0012,2026-05-23,1,45.06,Email
O012948,C0451,P0016,2026-05-23,2,60.6,Organic
O012949,C0663,P0013,2026-05-23,1,44.86,Organic
O012950,C0179,P0024,2026-05-23,1,95.17,Organic
O012951,C0545,P0023,2026-05-23,3,437.97,Organic
O012952,C0306,P0020,2026-05-23,1,145.34,Paid
O012953,C0385,P0019,2026-05-23,3,197.31,Paid
O012954,C0705,P0025,2026-05-23,2,54.02,Email
O012955,C0292,P0032,2026-05-23,2,79.24,Paid
O012956,C0495,P0027,2026-05-23,3,40.17,Organic
O012957,C0582,P0027,2026-05-23,3,40.17,Referral
O012958,C0116,P0011,2026-05-23,1,45.43,Organic
O012959,C0222,P0014,2026-05-23,3,163.5,Organic
O012960,C0147,P0012,2026-05-23,3,135.18,Referral
O012961,C0664,P0009,2026-05-23,2,152.56,Email
O012962,C0174,P0016,2026-05-23,3,90.9,Email
O012963,C0684,P0023,2026-05-23,1,145.99,Organic
O012964,C0650,P0022,2026-05-23,3,123.57,Paid
O012965,C0255,P0019,2026-05-23,1,65.77,Organic
O012966,C0147,P0023,2026-05-23,3,437.97,Referral
O012967,C0736,P0020,2026-05-23,1,145.34,Organic
O012968,C0478,P0021,2026-05-23,1,111.76,Paid
O012969,C0650,P0025,2026-05-23,3,81.03,Paid
O012970,C0623,P0025,2026-05-23,3,81.03,Organic
O012971,C0028,P0032,2026-05-23,1,39.62,Paid
O012972,C0028,P0027,2026-05-23,3,40.17,Organic
O012973,C0442,P0036,2026-05-23,1,23.73,Paid
O012974,C0359,P0036,2026-05-23,2,47.46,Paid
O012975,C0607,P0004,2026-05-24,3,545.58,Paid
O012976,C0548,P0008,2026-05-24,1,189.39,Organic
O012977,C0415,P0002,2026-05-24,1,267.06,Paid
O012978,C0398,P0016,2026-05-24,1,30.3,Referral
O012979,C0143,P0015,2026-05-24,2,110.28,Organic
O012980,C0311,P0022,2026-05-24,1,41.19,Organic
O012981,C0799,P0032,2026-05-24,2,79.24,Paid
O012982,C0233,P0032,2026-05-24,1,39.62,Paid
O012983,C0113,P0035,2026-05-24,1,60.4,Paid
O012984,C0422,P0033,2026-05-24,1,35.18,Organic
O012985,C0477,P0006,2026-05-24,3,262.62,Organic
O012986,C0084,P0004,2026-05-24,2,363.72,Paid
O012987,C0640,P0004,2026-05-24,3,545.58,Paid
O012988,C0460,P0011,2026-05-24,2,90.86,Organic
O012989,C0484,P0014,2026-05-24,2,109.0,Referral
O012990,C0099,P0016,2026-05-24,2,60.6,Paid
O012991,C0597,P0013,2026-05-24,3,134.58,Organic
O012992,C0082,P0017,2026-05-24,3,369.84,Paid
O012993,C0760,P0017,2026-05-24,2,246.56,Email
O012994,C0727,P0019,2026-05-24,3,197.31,Organic
O012995,C0139,P0024,2026-05-24,2,190.34,Paid
O012996,C0477,P0019,2026-05-24,1,65.77,Organic
O012997,C0103,P0029,2026-05-24,1,24.45,Organic
O012998,C0441,P0034,2026-05-24,3,161.73,Referral
O012999,C0597,P0037,2026-05-24,3,192.54,Organic
O013000,C0122,P0033,2026-05-24,2,70.36,Organic
O013001,C0420,P0034,2026-05-24,1,53.91,Email
O013002,C0519,P0038,2026-05-24,1,68.37,Paid
O013003,C0007,P0007,2026-05-24,3,203.79,Email
O013004,C0009,P0008,2026-05-24,1,189.39,Email
O013005,C0429,P0002,2026-05-24,1,267.06,Email
O013006,C0146,P0005,2026-05-24,3,198.96,Organic
O013007,C0570,P0009,2026-05-24,3,228.84,Organic
O013008,C0094,P0016,2026-05-24,2,60.6,Organic
O013009,C0383,P0013,2026-05-24,3,134.58,Organic
O013010,C0247,P0009,2026-05-24,3,228.84,Paid
O013011,C0179,P0009,2026-05-24,3,228.84,Referral
O013012,C0226,P0012,2026-05-24,2,90.12,Referral
O013013,C0774,P0009,2026-05-24,3,228.84,Paid
O013014,C0363,P0020,2026-05-24,1,145.34,Paid
O013015,C0451,P0017,2026-05-24,2,246.56,Email
O013016,C0388,P0017,2026-05-24,3,369.84,Organic
O013017,C0388,P0028,2026-05-24,2,44.4,Organic
O013018,C0137,P0029,2026-05-24,2,48.9,Organic
O013019,C0120,P0038,2026-05-24,2,136.74,Paid
O013020,C0083,P0040,2026-05-24,1,60.49,Paid
O013021,C0373,P0037,2026-05-24,2,128.36,Organic
O013022,C0435,P0039,2026-05-24,1,110.51,Organic
O013023,C0186,P0003,2026-05-24,2,671.94,Paid
O013024,C0658,P0006,2026-05-24,1,87.54,Referral
O013025,C0501,P0002,2026-05-24,2,534.12,Organic
O013026,C0598,P0010,2026-05-24,1,19.4,Paid
O013027,C0750,P0024,2026-05-24,3,285.51,Organic
O013028,C0173,P0018,2026-05-24,1,87.21,Organic
O013029,C0338,P0022,2026-05-24,1,41.19,Paid
O013030,C0528,P0024,2026-05-24,1,95.17,Organic
O013031,C0729,P0024,2026-05-24,3,285.51,Paid
O013032,C0476,P0022,2026-05-24,3,123.57,Organic
O013033,C0604,P0026,2026-05-24,3,65.61,Organic
O013034,C0657,P0026,2026-05-24,1,21.87,Paid
O013035,C0652,P0027,2026-05-24,1,13.39,Paid
O013036,C0338,P0030,2026-05-24,3,81.63,Email
O013037,C0571,P0034,2026-05-24,2,107.82,Paid
O013038,C0463,P0002,2026-05-25,3,801.18,Paid
O013039,C0196,P0013,2026-05-25,1,44.86,Paid
O013040,C0703,P0016,2026-05-25,2,60.6,Organic
O013041,C0365,P0021,2026-05-25,1,111.76,Referral
O013042,C0754,P0024,2026-05-25,1,95.17,Organic
O013043,C0402,P0021,2026-05-25,2,223.52,Email
O013044,C0793,P0022,2026-05-25,3,123.57,Paid
O013045,C0280,P0021,2026-05-25,3,335.28,Organic
O013046,C0709,P0027,2026-05-25,2,26.78,Email
O013047,C0031,P0039,2026-05-25,2,221.02,Organic
O013048,C0709,P0040,2026-05-25,3,181.47,Organic
O013049,C0092,P0008,2026-05-25,2,378.78,Organic
O013050,C0724,P0011,2026-05-25,2,90.86,Paid
O013051,C0566,P0014,2026-05-25,2,109.0,Email
O013052,C0566,P0009,2026-05-25,1,76.28,Organic
O013053,C0674,P0017,2026-05-25,2,246.56,Referral
O013054,C0264,P0021,2026-05-25,3,335.28,Organic
O013055,C0041,P0019,2026-05-25,2,131.54,Referral
O013056,C0041,P0019,2026-05-25,2,131.54,Organic
O013057,C0022,P0021,2026-05-25,1,111.76,Organic
O013058,C0617,P0032,2026-05-25,2,79.24,Organic
O013059,C0759,P0028,2026-05-25,1,22.2,Paid
O013060,C0595,P0029,2026-05-25,3,73.35,Paid
O013061,C0727,P0031,2026-05-25,2,118.8,Organic
O013062,C0326,P0033,2026-05-25,2,70.36,Paid
O013063,C0424,P0005,2026-05-25,1,66.32,Paid
O013064,C0748,P0009,2026-05-25,2,152.56,Paid
O013065,C0310,P0011,2026-05-25,2,90.86,Organic
O013066,C0327,P0020,2026-05-25,1,145.34,Organic
O013067,C0211,P0019,2026-05-25,3,197.31,Organic
O013068,C0060,P0029,2026-05-25,1,24.45,Organic
O013069,C0435,P0032,2026-05-25,2,79.24,Organic
O013070,C0146,P0033,2026-05-25,1,35.18,Paid
O013071,C0114,P0035,2026-05-25,1,60.4,Organic
O013072,C0701,P0006,2026-05-25,1,87.54,Paid
O013073,C0604,P0007,2026-05-25,3,203.79,Email
O013074,C0053,P0015,2026-05-25,2,110.28,Organic
O013075,C0015,P0024,2026-05-25,2,190.34,Organic
O013076,C0652,P0025,2026-05-25,2,54.02,Paid
O013077,C0116,P0026,2026-05-25,3,65.61,Organic
O013078,C0736,P0027,2026-05-25,2,26.78,Organic
O013079,C0147,P0027,2026-05-25,3,40.17,Email
O013080,C0491,P0033,2026-05-25,1,35.18,Organic
O013081,C0156,P0007,2026-05-26,2,135.86,Paid
O013082,C0057,P0003,2026-05-26,2,671.94,Organic
O013083,C0576,P0015,2026-05-26,1,55.14,Paid
O013084,C0252,P0010,2026-05-26,1,19.4,Paid
O013085,C0271,P0010,2026-05-26,1,19.4,Paid
O013086,C0707,P0009,2026-05-26,2,152.56,Organic
O013087,C0067,P0023,2026-05-26,2,291.98,Email
O013088,C0136,P0020,2026-05-26,1,145.34,Organic
O013089,C0189,P0018,2026-05-26,2,174.42,Organic
O013090,C0776,P0022,2026-05-26,2,82.38,Paid
O013091,C0303,P0024,2026-05-26,1,95.17,Organic
O013092,C0504,P0024,2026-05-26,2,190.34,Organic
O013093,C0743,P0028,2026-05-26,3,66.6,Organic
O013094,C0275,P0029,2026-05-26,3,73.35,Referral
O013095,C0401,P0039,2026-05-26,1,110.51,Paid
O013096,C0303,P0040,2026-05-26,3,181.47,Organic
O013097,C0666,P0037,2026-05-26,3,192.54,Email
O013098,C0051,P0039,2026-05-26,2,221.02,Organic
O013099,C0540,P0035,2026-05-26,2,120.8,Email
O013100,C0716,P0040,2026-05-26,1,60.49,Organic
O013101,C0760,P0007,2026-05-26,3,203.79,Paid
O013102,C0239,P0002,2026-05-26,2,534.12,Paid
O013103,C0602,P0003,2026-05-26,3,1007.91,Paid
O013104,C0106,P0007,2026-05-26,1,67.93,Email
O013105,C0206,P0004,2026-05-26,1,181.86,Organic
O013106,C0784,P0001,2026-05-26,3,120.9,Paid
O013107,C0468,P0016,2026-05-26,2,60.6,Paid
O013108,C0674,P0009,2026-05-26,2,152.56,Referral
O013109,C0423,P0010,2026-05-26,3,58.2,Email
O013110,C0789,P0014,2026-05-26,1,54.5,Organic
O013111,C0694,P0010,2026-05-26,1,19.4,Organic
O013112,C0408,P0014,2026-05-26,2,109.0,Organic
O013113,C0054,P0021,2026-05-26,3,335.28,Paid
O013114,C0727,P0023,2026-05-26,1,145.99,Organic
O013115,C0103,P0029,2026-05-26,3,73.35,Email
O013116,C0081,P0025,2026-05-26,3,81.03,Organic
O013117,C0660,P0031,2026-05-26,2,118.8,Organic
O013118,C0006,P0040,2026-05-26,2,120.98,Organic
O013119,C0216,P0001,2026-05-26,2,80.6,Organic
O013120,C0432,P0005,2026-05-26,3,198.96,Organic
O013121,C0456,P0006,2026-05-26,3,262.62,Paid
O013122,C0421,P0015,2026-05-26,1,55.14,Organic
O013123,C0181,P0009,2026-05-26,3,228.84,Organic
O013124,C0483,P0020,2026-05-26,1,145.34,Paid
O013125,C0258,P0017,2026-05-26,1,123.28,Organic
O013126,C0380,P0031,2026-05-26,3,178.2,Organic
O013127,C0261,P0025,2026-05-26,1,27.01,Organic
O013128,C0535,P0025,2026-05-26,3,81.03,Organic
O013129,C0114,P0028,2026-05-26,2,44.4,Organic
O013130,C0284,P0027,2026-05-26,1,13.39,Organic
O013131,C0138,P0027,2026-05-26,1,13.39,Paid
O013132,C0456,P0036,2026-05-26,1,23.73,Organic
O013133,C0392,P0037,2026-05-26,3,192.54,Paid
O013134,C0513,P0037,2026-05-26,2,128.36,Referral
O013135,C0480,P0035,2026-05-26,1,60.4,Organic
O013136,C0725,P0003,2026-05-26,1,335.97,Organic
O013137,C0042,P0004,2026-05-26,1,181.86,Email
O013138,C0701,P0015,2026-05-26,3,165.42,Paid
O013139,C0093,P0016,2026-05-26,3,90.9,Paid
O013140,C0722,P0016,2026-05-26,1,30.3,Email
O013141,C0023,P0019,2026-05-26,1,65.77,Email
O013142,C0714,P0019,2026-05-26,2,131.54,Referral
O013143,C0035,P0022,2026-05-26,3,123.57,Paid
O013144,C0496,P0018,2026-05-26,1,87.21,Email
O013145,C0036,P0028,2026-05-26,2,44.4,Organic
O013146,C0777,P0005,2026-05-27,3,198.96,Organic
O013147,C0488,P0001,2026-05-27,1,40.3,Organic
O013148,C0348,P0002,2026-05-27,3,801.18,Paid
O013149,C0666,P0022,2026-05-27,1,41.19,Paid
O013150,C0562,P0021,2026-05-27,3,335.28,Email
O013151,C0037,P0026,2026-05-27,1,21.87,Email
O013152,C0384,P0027,2026-05-27,3,40.17,Organic
O013153,C0515,P0040,2026-05-27,2,120.98,Paid
O013154,C0001,P0033,2026-05-27,1,35.18,Referral
O013155,C0371,P0035,2026-05-27,3,181.2,Referral
O013156,C0202,P0005,2026-05-27,1,66.32,Organic
O013157,C0312,P0002,2026-05-27,1,267.06,Organic
O013158,C0783,P0011,2026-05-27,3,136.29,Referral
O013159,C0082,P0014,2026-05-27,1,54.5,Paid
O013160,C0234,P0021,2026-05-27,1,111.76,Organic
O013161,C0696,P0023,2026-05-27,1,145.99,Organic
O013162,C0680,P0020,2026-05-27,3,436.02,Organic
O013163,C0026,P0029,2026-05-27,3,73.35,Email
O013164,C0395,P0027,2026-05-27,2,26.78,Paid
O013165,C0597,P0037,2026-05-27,3,192.54,Paid
O013166,C0300,P0037,2026-05-27,3,192.54,Referral
O013167,C0339,P0033,2026-05-27,1,35.18,Organic
O013168,C0745,P0006,2026-05-27,3,262.62,Organic
O013169,C0315,P0001,2026-05-27,1,40.3,Organic
O013170,C0318,P0004,2026-05-27,1,181.86,Organic
O013171,C0508,P0008,2026-05-27,2,378.78,Organic
O013172,C0306,P0006,2026-05-27,1,87.54,Organic
O013173,C0396,P0024,2026-05-27,2,190.34,Email
O013174,C0547,P0025,2026-05-27,3,81.03,Referral
O013175,C0455,P0002,2026-05-27,2,534.12,Email
O013176,C0455,P0004,2026-05-27,1,181.86,Organic
O013177,C0236,P0004,2026-05-27,2,363.72,Referral
O013178,C0028,P0017,2026-05-27,2,246.56,Organic
O013179,C0530,P0021,2026-05-27,1,111.76,Paid
O013180,C0274,P0028,2026-05-27,3,66.6,Organic
O013181,C0652,P0028,2026-05-27,1,22.2,Organic
O013182,C0255,P0027,2026-05-27,1,13.39,Email
O013183,C0366,P0033,2026-05-27,1,35.18,Organic
O013184,C0285,P0038,2026-05-27,2,136.74,Organic
O013185,C0643,P0036,2026-05-27,2,47.46,Email
O013186,C0037,P0007,2026-05-28,3,203.79,Paid
O013187,C0659,P0002,2026-05-28,3,801.18,Paid
O013188,C0159,P0006,2026-05-28,2,175.08,Paid
O013189,C0534,P0008,2026-05-28,2,378.78,Organic
O013190,C0565,P0015,2026-05-28,3,165.42,Paid
O013191,C0716,P0013,2026-05-28,1,44.86,Paid
O013192,C0196,P0011,2026-05-28,2,90.86,Paid
O013193,C0271,P0013,2026-05-28,1,44.86,Organic
O013194,C0654,P0024,2026-05-28,1,95.17,Email
O013195,C0025,P0025,2026-05-28,1,27.01,Organic
O013196,C0245,P0031,2026-05-28,3,178.2,Paid
O013197,C0666,P0034,2026-05-28,3,161.73,Email
O013198,C0344,P0035,2026-05-28,1,60.4,Paid
O013199,C0018,P0001,2026-05-28,1,40.3,Organic
O013200,C0153,P0008,2026-05-28,1,189.39,Organic
O013201,C0063,P0001,2026-05-28,3,120.9,Organic
O013202,C0029,P0024,2026-05-28,1,95.17,Paid
O013203,C0171,P0022,2026-05-28,2,82.38,Referral
O013204,C0038,P0026,2026-05-28,3,65.61,Referral
O013205,C0784,P0037,2026-05-28,3,192.54,Organic
O013206,C0621,P0034,2026-05-28,2,107.82,Paid
O013207,C0065,P0036,2026-05-28,1,23.73,Email
O013208,C0503,P0008,2026-05-28,3,568.17,Paid
O013209,C0755,P0002,2026-05-28,1,267.06,Email
O013210,C0512,P0003,2026-05-28,1,335.97,Email
O013211,C0454,P0014,2026-05-28,1,54.5,Email
O013212,C0332,P0014,2026-05-28,2,109.0,Referral
O013213,C0181,P0010,2026-05-28,2,38.8,Paid
O013214,C0383,P0022,2026-05-28,1,41.19,Email
O013215,C0424,P0032,2026-05-28,2,79.24,Organic
O013216,C0424,P0028,2026-05-28,2,44.4,Organic
O013217,C0632,P0032,2026-05-28,2,79.24,Organic
O013218,C0578,P0028,2026-05-28,1,22.2,Organic
O013219,C0608,P0026,2026-05-28,1,21.87,Email
O013220,C0047,P0027,2026-05-28,3,40.17,Paid
O013221,C0480,P0026,2026-05-28,1,21.87,Organic
O013222,C0575,P0037,2026-05-28,2,128.36,Organic
O013223,C0226,P0039,2026-05-28,2,221.02,Email
O013224,C0434,P0004,2026-05-28,2,363.72,Email
O013225,C0053,P0006,2026-05-28,2,175.08,Organic
O013226,C0643,P0024,2026-05-28,1,95.17,Paid
O013227,C0500,P0023,2026-05-28,3,437.97,Paid
O013228,C0053,P0036,2026-05-28,2,47.46,Paid
O013229,C0274,P0038,2026-05-28,3,205.11,Referral
O013230,C0610,P0036,2026-05-28,2,47.46,Organic
O013231,C0790,P0004,2026-05-29,3,545.58,Organic
O013232,C0057,P0002,2026-05-29,3,801.18,Organic
O013233,C0796,P0002,2026-05-29,3,801.18,Paid
O013234,C0136,P0022,2026-05-29,2,82.38,Paid
O013235,C0087,P0019,2026-05-29,2,131.54,Paid
O013236,C0382,P0029,2026-05-29,2,48.9,Email
O013237,C0184,P0040,2026-05-29,3,181.47,Email
O013238,C0700,P0038,2026-05-29,2,136.74,Referral
O013239,C0585,P0007,2026-05-29,1,67.93,Referral
O013240,C0345,P0009,2026-05-29,1,76.28,Organic
O013241,C0712,P0022,2026-05-29,2,82.38,Organic
O013242,C0277,P0018,2026-05-29,1,87.21,Organic
O013243,C0735,P0024,2026-05-29,3,285.51,Email
O013244,C0762,P0020,2026-05-29,1,145.34,Organic
O013245,C0084,P0022,2026-05-29,1,41.19,Paid
O013246,C0595,P0030,2026-05-29,2,54.42,Referral
O013247,C0566,P0030,2026-05-29,3,81.63,Organic
O013248,C0381,P0036,2026-05-29,1,23.73,Organic
O013249,C0612,P0008,2026-05-29,1,189.39,Organic
O013250,C0437,P0008,2026-05-29,3,568.17,Organic
O013251,C0002,P0018,2026-05-29,1,87.21,Paid
O013252,C0047,P0018,2026-05-29,1,87.21,Organic
O013253,C0292,P0027,2026-05-29,2,26.78,Organic
O013254,C0179,P0038,2026-05-29,2,136.74,Organic
O013255,C0296,P0039,2026-05-29,1,110.51,Organic
O013256,C0195,P0018,2026-05-29,2,174.42,Organic
O013257,C0626,P0017,2026-05-29,3,369.84,Paid
O013258,C0736,P0024,2026-05-29,2,190.34,Email
O013259,C0005,P0030,2026-05-29,1,27.21,Paid
O013260,C0667,P0028,2026-05-29,3,66.6,Organic
O013261,C0088,P0027,2026-05-29,3,40.17,Paid
O013262,C0670,P0031,2026-05-29,3,178.2,Organic
O013263,C0598,P0030,2026-05-29,3,81.63,Referral
O013264,C0070,P0035,2026-05-29,2,120.8,Organic
O013265,C0093,P0034,2026-05-29,3,161.73,Organic
O013266,C0320,P0040,2026-05-29,2,120.98,Organic
O013267,C0320,P0040,2026-05-29,3,181.47,Organic
O013268,C0185,P0038,2026-05-29,2,136.74,Organic
O013269,C0667,P0040,2026-05-29,1,60.49,Paid
O013270,C0280,P0008,2026-05-30,2,378.78,Paid
O013271,C0606,P0001,2026-05-30,1,40.3,Email
O013272,C0072,P0003,2026-05-30,3,1007.91,Organic
O013273,C0330,P0007,2026-05-30,3,203.79,Organic
O013274,C0071,P0010,2026-05-30,2,38.8,Organic
O013275,C0302,P0014,2026-05-30,3,163.5,Organic
O013276,C0241,P0016,2026-05-30,2,60.6,Paid
O013277,C0687,P0009,2026-05-30,3,228.84,Organic
O013278,C0422,P0023,2026-05-30,1,145.99,Organic
O013279,C0240,P0021,2026-05-30,1,111.76,Email
O013280,C0241,P0020,2026-05-30,3,436.02,Organic
O013281,C0371,P0027,2026-05-30,3,40.17,Paid
O013282,C0636,P0032,2026-05-30,2,79.24,Email
O013283,C0502,P0034,2026-05-30,2,107.82,Organic
O013284,C0665,P0040,2026-05-30,3,181.47,Organic
O013285,C0754,P0039,2026-05-30,2,221.02,Organic
O013286,C0021,P0033,2026-05-30,3,105.54,Organic
O013287,C0521,P0005,2026-05-30,1,66.32,Email
O013288,C0176,P0010,2026-05-30,3,58.2,Organic
O013289,C0295,P0012,2026-05-30,1,45.06,Paid
O013290,C0105,P0011,2026-05-30,2,90.86,Email
O013291,C0420,P0012,2026-05-30,3,135.18,Organic
O013292,C0759,P0009,2026-05-30,2,152.56,Paid
O013293,C0602,P0010,2026-05-30,1,19.4,Referral
O013294,C0404,P0017,2026-05-30,1,123.28,Paid
O013295,C0022,P0021,2026-05-30,2,223.52,Organic
O013296,C0132,P0023,2026-05-30,2,291.98,Paid
O013297,C0563,P0019,2026-05-30,3,197.31,Organic
O013298,C0602,P0030,2026-05-30,2,54.42,Email
O013299,C0153,P0028,2026-05-30,1,22.2,Paid
O013300,C0798,P0037,2026-05-30,1,64.18,Referral
O013301,C0470,P0037,2026-05-30,1,64.18,Organic
O013302,C0091,P0034,2026-05-30,2,107.82,Paid
O013303,C0518,P0037,2026-05-30,1,64.18,Email
O013304,C0144,P0033,2026-05-30,3,105.54,Paid
O013305,C0090,P0033,2026-05-30,1,35.18,Email
O013306,C0749,P0005,2026-05-30,3,198.96,Email
O013307,C0497,P0008,2026-05-30,3,568.17,Organic
O013308,C0503,P0011,2026-05-30,1,45.43,Email
O013309,C0033,P0016,2026-05-30,2,60.6,Organic
O013310,C0270,P0015,2026-05-30,3,165.42,Organic
O013311,C0102,P0010,2026-05-30,1,19.4,Paid
O013312,C0424,P0012,2026-05-30,2,90.12,Email
O013313,C0169,P0012,2026-05-30,3,135.18,Organic
O013314,C0593,P0016,2026-05-30,3,90.9,Organic
O013315,C0086,P0013,2026-05-30,3,134.58,Paid
O013316,C0582,P0024,2026-05-30,3,285.51,Paid
O013317,C0374,P0019,2026-05-30,2,131.54,Paid
O013318,C0411,P0025,2026-05-30,3,81.03,Email
O013319,C0554,P0031,2026-05-30,3,178.2,Email
O013320,C0380,P0027,2026-05-30,1,13.39,Paid
O013321,C0291,P0039,2026-05-30,2,221.02,Referral
O013322,C0114,P0034,2026-05-30,2,107.82,Organic
O013323,C0380,P0039,2026-05-30,3,331.53,Paid
O013324,C0532,P0003,2026-05-30,2,671.94,Paid
O013325,C0205,P0002,2026-05-30,2,534.12,Email
O013326,C0127,P0010,2026-05-30,3,58.2,Organic
O013327,C0134,P0026,2026-05-30,3,65.61,Organic
O013328,C0731,P0029,2026-05-30,2,48.9,Referral
O013329,C0195,P0030,2026-05-30,3,81.63,Organic
O013330,C0730,P0035,2026-05-30,1,60.4,Paid
O013331,C0151,P0004,2026-05-31,2,363.72,Paid
O013332,C0711,P0002,2026-05-31,3,801.18,Email
O013333,C0362,P0001,2026-05-31,1,40.3,Paid
O013334,C0777,P0006,2026-05-31,1,87.54,Referral
O013335,C0071,P0001,2026-05-31,1,40.3,Organic
O013336,C0777,P0014,2026-05-31,3,163.5,Organic
O013337,C0790,P0019,2026-05-31,1,65.77,Organic
O013338,C0737,P0024,2026-05-31,2,190.34,Paid
O013339,C0488,P0022,2026-05-31,2,82.38,Organic
O013340,C0502,P0022,2026-05-31,2,82.38,Organic
O013341,C0004,P0029,2026-05-31,2,48.9,Organic
O013342,C0548,P0030,2026-05-31,2,54.42,Email
O013343,C0045,P0030,2026-05-31,3,81.63,Referral
O013344,C0025,P0033,2026-05-31,1,35.18,Email
O013345,C0665,P0035,2026-05-31,3,181.2,Paid
O013346,C0323,P0033,2026-05-31,1,35.18,Organic
O013347,C0330,P0034,2026-05-31,3,161.73,Paid
O013348,C0090,P0004,2026-05-31,1,181.86,Organic
O013349,C0242,P0012,2026-05-31,1,45.06,Paid
O013350,C0784,P0011,2026-05-31,1,45.43,Organic
O013351,C0475,P0010,2026-05-31,2,38.8,Organic
O013352,C0671,P0014,2026-05-31,1,54.5,Organic
O013353,C0622,P0011,2026-05-31,3,136.29,Paid
O013354,C0468,P0024,2026-05-31,3,285.51,Organic
O013355,C0350,P0024,2026-05-31,2,190.34,Email
O013356,C0356,P0019,2026-05-31,2,131.54,Organic
O013357,C0312,P0017,2026-05-31,1,123.28,Paid
O013358,C0474,P0025,2026-05-31,1,27.01,Organic
O013359,C0671,P0028,2026-05-31,2,44.4,Organic
O013360,C0595,P0034,2026-05-31,2,107.82,Email
O013361,C0202,P0038,2026-05-31,2,136.74,Organic
O013362,C0669,P0039,2026-05-31,1,110.51,Organic
O013363,C0577,P0039,2026-05-31,1,110.51,Paid
O013364,C0218,P0037,2026-05-31,1,64.18,Email
O013365,C0144,P0034,2026-05-31,2,107.82,Organic
O013366,C0039,P0040,2026-05-31,3,181.47,Organic
O013367,C0126,P0038,2026-05-31,2,136.74,Email
O013368,C0340,P0033,2026-05-31,3,105.54,Email
O013369,C0517,P0033,2026-05-31,2,70.36,Paid
O013370,C0391,P0002,2026-05-31,3,801.18,Paid
O013371,C0012,P0005,2026-05-31,1,66.32,Referral
O013372,C0588,P0003,2026-05-31,2,671.94,Paid
O013373,C0225,P0003,2026-05-31,1,335.97,Paid
O013374,C0318,P0001,2026-05-31,2,80.6,Email
O013375,C0800,P0015,2026-05-31,1,55.14,Email
O013376,C0742,P0011,2026-05-31,1,45.43,Organic
O013377,C0250,P0016,2026-05-31,3,90.9,Paid
O013378,C0120,P0011,2026-05-31,1,45.43,Organic
O013379,C0639,P0024,2026-05-31,2,190.34,Organic
O013380,C0097,P0023,2026-05-31,3,437.97,Paid
O013381,C0677,P0022,2026-05-31,3,123.57,Organic
O013382,C0456,P0032,2026-05-31,3,118.86,Organic
O013383,C0283,P0007,2026-05-31,1,67.93,Organic
O013384,C0357,P0002,2026-05-31,3,801.18,Referral
O013385,C0336,P0006,2026-05-31,2,175.08,Organic
O013386,C0042,P0006,2026-05-31,3,262.62,Paid
O013387,C0174,P0015,2026-05-31,1,55.14,Organic
O013388,C0325,P0009,2026-05-31,1,76.28,Paid
O013389,C0070,P0013,2026-05-31,1,44.86,Paid
O013390,C0664,P0018,2026-05-31,2,174.42,Email
O013391,C0195,P0020,2026-05-31,2,290.68,Organic
O013392,C0552,P0022,2026-05-31,3,123.57,Organic
O013393,C0070,P0024,2026-05-31,3,285.51,Referral
O013394,C0255,P0030,2026-05-31,1,27.21,Organic
O013395,C0195,P0025,2026-05-31,1,27.01,Organic
O013396,C0042,P0028,2026-05-31,2,44.4,Paid
O013397,C0458,P0032,2026-05-31,2,79.24,Organic
O013398,C0458,P0026,2026-05-31,1,21.87,Paid
O013399,C0095,P0039,2026-05-31,1,110.51,Paid
O013400,C0068,P0033,2026-05-31,3,105.54,Organic
O013401,C0443,P0012,2026-06-01,3,135.18,Paid
O013402,C0348,P0024,2026-06-01,3,285.51,Email
O013403,C0792,P0027,2026-06-01,1,13.39,Organic
O013404,C0321,P0030,2026-06-01,2,54.42,Organic
O013405,C0371,P0036,2026-06-01,1,23.73,Organic
O013406,C0386,P0034,2026-06-01,2,107.82,Email
O013407,C0017,P0033,2026-06-01,3,105.54,Referral
O013408,C0727,P0007,2026-06-01,1,67.93,Organic
O013409,C0239,P0008,2026-06-01,2,378.78,Organic
O013410,C0309,P0013,2026-06-01,3,134.58,Paid
O013411,C0694,P0012,2026-06-01,3,135.18,Organic
O013412,C0550,P0023,2026-06-01,1,145.99,Paid
O013413,C0615,P0017,2026-06-01,3,369.84,Organic
O013414,C0345,P0023,2026-06-01,2,291.98,Paid
O013415,C0288,P0032,2026-06-01,3,118.86,Organic
O013416,C0441,P0030,2026-06-01,1,27.21,Paid
O013417,C0417,P0035,2026-06-01,2,120.8,Paid
O013418,C0314,P0033,2026-06-01,2,70.36,Paid
O013419,C0078,P0001,2026-06-01,3,120.9,Organic
O013420,C0451,P0004,2026-06-01,3,545.58,Organic
O013421,C0757,P0016,2026-06-01,3,90.9,Paid
O013422,C0225,P0017,2026-06-01,1,123.28,Paid
O013423,C0007,P0018,2026-06-01,3,261.63,Email
O013424,C0570,P0018,2026-06-01,1,87.21,Paid
O013425,C0705,P0018,2026-06-01,3,261.63,Organic
O013426,C0007,P0034,2026-06-01,1,53.91,Organic
O013427,C0327,P0034,2026-06-01,1,53.91,Organic
O013428,C0033,P0040,2026-06-01,1,60.49,Paid
O013429,C0568,P0036,2026-06-01,2,47.46,Paid
O013430,C0236,P0001,2026-06-01,3,120.9,Organic
O013431,C0650,P0007,2026-06-01,3,203.79,Organic
O013432,C0552,P0004,2026-06-01,2,363.72,Organic
O013433,C0781,P0015,2026-06-01,3,165.42,Organic
O013434,C0466,P0024,2026-06-01,1,95.17,Organic
O013435,C0505,P0022,2026-06-01,2,82.38,Organic
O013436,C0625,P0019,2026-06-01,3,197.31,Organic
O013437,C0571,P0025,2026-06-01,2,54.02,Paid
O013438,C0561,P0026,2026-06-01,1,21.87,Paid
O013439,C0541,P0033,2026-06-01,2,70.36,Organic
O013440,C0631,P0039,2026-06-01,1,110.51,Organic
O013441,C0319,P0036,2026-06-01,1,23.73,Email
O013442,C0151,P0003,2026-06-02,3,1007.91,Email
O013443,C0576,P0004,2026-06-02,1,181.86,Organic
O013444,C0141,P0005,2026-06-02,3,198.96,Organic
O013445,C0050,P0011,2026-06-02,3,136.29,Paid
O013446,C0161,P0013,2026-06-02,3,134.58,Paid
O013447,C0746,P0009,2026-06-02,1,76.28,Organic
O013448,C0358,P0017,2026-06-02,1,123.28,Referral
O013449,C0196,P0021,2026-06-02,2,223.52,Paid
O013450,C0386,P0022,2026-06-02,1,41.19,Organic
O013451,C0057,P0022,2026-06-02,2,82.38,Paid
O013452,C0687,P0020,2026-06-02,3,436.02,Paid
O013453,C0697,P0027,2026-06-02,1,13.39,Paid
O013454,C0743,P0026,2026-06-02,2,43.74,Organic
O013455,C0709,P0026,2026-06-02,3,65.61,Organic
O013456,C0707,P0032,2026-06-02,3,118.86,Organic
O013457,C0108,P0040,2026-06-02,1,60.49,Organic
O013458,C0405,P0001,2026-06-02,1,40.3,Email
O013459,C0243,P0006,2026-06-02,2,175.08,Paid
O013460,C0566,P0014,2026-06-02,1,54.5,Organic
O013461,C0167,P0023,2026-06-02,2,291.98,Paid
O013462,C0585,P0017,2026-06-02,2,246.56,Organic
O013463,C0778,P0027,2026-06-02,2,26.78,Organic
O013464,C0387,P0037,2026-06-02,3,192.54,Referral
O013465,C0628,P0034,2026-06-02,1,53.91,Paid
O013466,C0267,P0008,2026-06-02,1,189.39,Email
O013467,C0058,P0006,2026-06-02,2,175.08,Organic
O013468,C0389,P0009,2026-06-02,1,76.28,Organic
O013469,C0588,P0014,2026-06-02,2,109.0,Organic
O013470,C0605,P0011,2026-06-02,3,136.29,Organic
O013471,C0536,P0013,2026-06-02,2,89.72,Email
O013472,C0535,P0018,2026-06-02,1,87.21,Organic
O013473,C0525,P0020,2026-06-02,3,436.02,Organic
O013474,C0578,P0017,2026-06-02,3,369.84,Organic
O013475,C0629,P0029,2026-06-02,3,73.35,Paid
O013476,C0097,P0033,2026-06-02,3,105.54,Organic
O013477,C0292,P0033,2026-06-02,1,35.18,Organic
O013478,C0009,P0036,2026-06-02,2,47.46,Organic
O013479,C0201,P0035,2026-06-02,3,181.2,Organic
O013480,C0368,P0037,2026-06-02,3,192.54,Organic
O013481,C0528,P0006,2026-06-02,2,175.08,Organic
O013482,C0487,P0007,2026-06-02,2,135.86,Paid
O013483,C0530,P0016,2026-06-02,2,60.6,Referral
O013484,C0613,P0015,2026-06-02,3,165.42,Organic
O013485,C0205,P0014,2026-06-02,3,163.5,Paid
O013486,C0253,P0023,2026-06-02,1,145.99,Organic
O013487,C0255,P0023,2026-06-02,3,437.97,Paid
O013488,C0433,P0021,2026-06-02,1,111.76,Paid
O013489,C0185,P0017,2026-06-02,1,123.28,Organic
O013490,C0532,P0019,2026-06-02,1,65.77,Email
O013491,C0111,P0032,2026-06-02,2,79.24,Organic
O013492,C0571,P0037,2026-06-02,1,64.18,Paid
O013493,C0185,P0034,2026-06-02,2,107.82,Paid
O013494,C0552,P0038,2026-06-02,3,205.11,Paid
O013495,C0248,P0006,2026-06-03,1,87.54,Paid
O013496,C0659,P0015,2026-06-03,3,165.42,Email
O013497,C0549,P0015,2026-06-03,1,55.14,Paid
O013498,C0323,P0013,2026-06-03,3,134.58,Paid
O013499,C0752,P0012,2026-06-03,3,135.18,Paid
O013500,C0045,P0019,2026-06-03,3,197.31,Organic
O013501,C0293,P0017,2026-06-03,3,369.84,Email
O013502,C0228,P0017,2026-06-03,3,369.84,Organic
O013503,C0549,P0032,2026-06-03,2,79.24,Organic
O013504,C0540,P0035,2026-06-03,3,181.2,Paid
O013505,C0557,P0036,2026-06-03,3,71.19,Organic
O013506,C0152,P0038,2026-06-03,2,136.74,Referral
O013507,C0349,P0035,2026-06-03,1,60.4,Organic
O013508,C0208,P0035,2026-06-03,2,120.8,Organic
O013509,C0129,P0038,2026-06-03,1,68.37,Organic
O013510,C0597,P0001,2026-06-03,1,40.3,Referral
O013511,C0334,P0004,2026-06-03,3,545.58,Organic
O013512,C0708,P0011,2026-06-03,1,45.43,Organic
O013513,C0539,P0009,2026-06-03,3,228.84,Paid
O013514,C0624,P0010,2026-06-03,1,19.4,Paid
O013515,C0122,P0017,2026-06-03,3,369.84,Paid
O013516,C0798,P0024,2026-06-03,3,285.51,Paid
O013517,C0778,P0023,2026-06-03,2,291.98,Organic
O013518,C0740,P0031,2026-06-03,1,59.4,Organic
O013519,C0688,P0029,2026-06-03,3,73.35,Organic
O013520,C0474,P0038,2026-06-03,3,205.11,Organic
O013521,C0485,P0037,2026-06-03,3,192.54,Organic
O013522,C0192,P0040,2026-06-03,3,181.47,Paid
O013523,C0216,P0001,2026-06-03,1,40.3,Paid
O013524,C0389,P0008,2026-06-03,3,568.17,Organic
O013525,C0237,P0005,2026-06-03,1,66.32,Paid
O013526,C0391,P0007,2026-06-03,3,203.79,Organic
O013527,C0114,P0004,2026-06-03,3,545.58,Organic
O013528,C0605,P0013,2026-06-03,3,134.58,Referral
O013529,C0383,P0010,2026-06-03,2,38.8,Paid
O013530,C0578,P0013,2026-06-03,1,44.86,Paid
O013531,C0424,P0016,2026-06-03,2,60.6,Paid
O013532,C0179,P0017,2026-06-03,2,246.56,Organic
O013533,C0605,P0032,2026-06-03,2,79.24,Organic
O013534,C0755,P0032,2026-06-03,1,39.62,Paid
O013535,C0135,P0032,2026-06-03,1,39.62,Paid
O013536,C0745,P0026,2026-06-03,3,65.61,Organic
O013537,C0594,P0034,2026-06-03,2,107.82,Organic
O013538,C0146,P0038,2026-06-03,3,205.11,Email
O013539,C0705,P0033,2026-06-03,3,105.54,Organic
O013540,C0545,P0039,2026-06-03,2,221.02,Organic
O013541,C0788,P0038,2026-06-03,3,205.11,Referral
O013542,C0713,P0014,2026-06-03,2,109.0,Paid
O013543,C0610,P0010,2026-06-03,2,38.8,Organic
O013544,C0353,P0022,2026-06-03,1,41.19,Paid
O013545,C0710,P0022,2026-06-03,1,41.19,Organic
O013546,C0195,P0025,2026-06-03,1,27.01,Organic
O013547,C0244,P0029,2026-06-03,1,24.45,Organic
O013548,C0197,P0040,2026-06-03,3,181.47,Organic
O013549,C0118,P0035,2026-06-03,3,181.2,Referral
O013550,C0670,P0037,2026-06-03,2,128.36,Organic
O013551,C0610,P0040,2026-06-03,1,60.49,Referral
O013552,C0453,P0006,2026-06-04,2,175.08,Organic
O013553,C0031,P0006,2026-06-04,1,87.54,Organic
O013554,C0382,P0003,2026-06-04,2,671.94,Paid
O013555,C0375,P0015,2026-06-04,2,110.28,Paid
O013556,C0600,P0031,2026-06-04,1,59.4,Email
O013557,C0037,P0026,2026-06-04,3,65.61,Paid
O013558,C0189,P0030,2026-06-04,3,81.63,Paid
O013559,C0395,P0003,2026-06-04,2,671.94,Referral
O013560,C0727,P0009,2026-06-04,1,76.28,Paid
O013561,C0519,P0016,2026-06-04,3,90.9,Email
O013562,C0063,P0015,2026-06-04,1,55.14,Organic
O013563,C0602,P0012,2026-06-04,2,90.12,Organic
O013564,C0407,P0012,2026-06-04,2,90.12,Organic
O013565,C0595,P0019,2026-06-04,3,197.31,Organic
O013566,C0192,P0020,2026-06-04,3,436.02,Organic
O013567,C0686,P0018,2026-06-04,1,87.21,Organic
O013568,C0065,P0029,2026-06-04,1,24.45,Organic
O013569,C0518,P0035,2026-06-04,3,181.2,Paid
O013570,C0702,P0037,2026-06-04,1,64.18,Organic
O013571,C0340,P0034,2026-06-04,2,107.82,Organic
O013572,C0199,P0038,2026-06-04,3,205.11,Organic
O013573,C0326,P0036,2026-06-04,2,47.46,Organic
O013574,C0742,P0008,2026-06-04,3,568.17,Organic
O013575,C0102,P0005,2026-06-04,2,132.64,Organic
O013576,C0355,P0007,2026-06-04,2,135.86,Referral
O013577,C0019,P0011,2026-06-04,1,45.43,Paid
O013578,C0373,P0021,2026-06-04,3,335.28,Paid
O013579,C0608,P0024,2026-06-04,1,95.17,Organic
O013580,C0642,P0018,2026-06-04,3,261.63,Organic
O013581,C0292,P0019,2026-06-04,1,65.77,Organic
O013582,C0547,P0024,2026-06-04,3,285.51,Referral
O013583,C0651,P0031,2026-06-04,2,118.8,Paid
O013584,C0482,P0028,2026-06-04,2,44.4,Organic
O013585,C0270,P0025,2026-06-04,3,81.03,Referral
O013586,C0535,P0038,2026-06-04,2,136.74,Paid
O013587,C0342,P0040,2026-06-04,1,60.49,Organic
O013588,C0685,P0002,2026-06-04,2,534.12,Organic
O013589,C0501,P0008,2026-06-04,2,378.78,Paid
O013590,C0567,P0012,2026-06-04,2,90.12,Email
O013591,C0049,P0010,2026-06-04,2,38.8,Organic
O013592,C0178,P0024,2026-06-04,3,285.51,Organic
O013593,C0458,P0025,2026-06-04,1,27.01,Paid
O013594,C0127,P0039,2026-06-04,3,331.53,Organic
O013595,C0028,P0037,2026-06-04,3,192.54,Paid
O013596,C0479,P0037,2026-06-04,1,64.18,Organic
O013597,C0253,P0036,2026-06-04,1,23.73,Paid
O013598,C0017,P0006,2026-06-05,2,175.08,Paid
O013599,C0085,P0008,2026-06-05,1,189.39,Organic
O013600,C0638,P0007,2026-06-05,1,67.93,Paid
O013601,C0085,P0010,2026-06-05,2,38.8,Referral
O013602,C0228,P0012,2026-06-05,3,135.18,Organic
O013603,C0330,P0010,2026-06-05,2,38.8,Organic
O013604,C0152,P0027,2026-06-05,2,26.78,Paid
O013605,C0344,P0035,2026-06-05,1,60.4,Email
O013606,C0562,P0034,2026-06-05,1,53.91,Paid
O013607,C0562,P0038,2026-06-05,3,205.11,Email
O013608,C0692,P0011,2026-06-05,3,136.29,Organic
O013609,C0064,P0015,2026-06-05,3,165.42,Organic
O013610,C0400,P0016,2026-06-05,3,90.9,Organic
O013611,C0243,P0014,2026-06-05,1,54.5,Paid
O013612,C0762,P0016,2026-06-05,2,60.6,Organic
O013613,C0064,P0020,2026-06-05,2,290.68,Referral
O013614,C0423,P0017,2026-06-05,1,123.28,Paid
O013615,C0553,P0028,2026-06-05,1,22.2,Paid
O013616,C0603,P0037,2026-06-05,2,128.36,Paid
O013617,C0374,P0005,2026-06-05,1,66.32,Organic
O013618,C0318,P0005,2026-06-05,1,66.32,Organic
O013619,C0327,P0012,2026-06-05,3,135.18,Paid
O013620,C0296,P0023,2026-06-05,3,437.97,Organic
O013621,C0656,P0023,2026-06-05,2,291.98,Paid
O013622,C0594,P0020,2026-06-05,1,145.34,Referral
O013623,C0047,P0023,2026-06-05,2,291.98,Paid
O013624,C0181,P0028,2026-06-05,3,66.6,Organic
O013625,C0579,P0031,2026-06-05,2,118.8,Email
O013626,C0452,P0031,2026-06-05,3,178.2,Organic
O013627,C0396,P0028,2026-06-05,2,44.4,Organic
O013628,C0435,P0036,2026-06-05,1,23.73,Organic
O013629,C0598,P0002,2026-06-05,3,801.18,Organic
O013630,C0455,P0006,2026-06-05,1,87.54,Paid
O013631,C0721,P0011,2026-06-05,3,136.29,Organic
O013632,C0172,P0015,2026-06-05,2,110.28,Referral
O013633,C0134,P0013,2026-06-05,2,89.72,Paid
O013634,C0552,P0015,2026-06-05,3,165.42,Email
O013635,C0620,P0013,2026-06-05,3,134.58,Organic
O013636,C0507,P0020,2026-06-05,2,290.68,Paid
O013637,C0070,P0028,2026-06-05,1,22.2,Organic
O013638,C0193,P0026,2026-06-05,2,43.74,Paid
O013639,C0015,P0028,2026-06-05,3,66.6,Paid
O013640,C0036,P0027,2026-06-05,1,13.39,Organic
O013641,C0610,P0028,2026-06-05,1,22.2,Paid
O013642,C0625,P0039,2026-06-05,2,221.02,Paid
O013643,C0173,P0040,2026-06-05,1,60.49,Organic
O013644,C0173,P0033,2026-06-05,3,105.54,Paid
O013645,C0143,P0006,2026-06-06,1,87.54,Organic
O013646,C0402,P0013,2026-06-06,2,89.72,Organic
O013647,C0108,P0011,2026-06-06,3,136.29,Email
O013648,C0008,P0024,2026-06-06,2,190.34,Referral
O013649,C0769,P0018,2026-06-06,3,261.63,Organic
O013650,C0072,P0019,2026-06-06,2,131.54,Paid
O013651,C0057,P0024,2026-06-06,2,190.34,Organic
O013652,C0145,P0032,2026-06-06,1,39.62,Organic
O013653,C0662,P0029,2026-06-06,2,48.9,Organic
O013654,C0463,P0025,2026-06-06,1,27.01,Organic
O013655,C0378,P0039,2026-06-06,3,331.53,Paid
O013656,C0145,P0036,2026-06-06,1,23.73,Paid
O013657,C0386,P0036,2026-06-06,1,23.73,Paid
O013658,C0022,P0008,2026-06-06,2,378.78,Email
O013659,C0602,P0001,2026-06-06,3,120.9,Paid
O013660,C0090,P0007,2026-06-06,3,203.79,Organic
O013661,C0566,P0005,2026-06-06,1,66.32,Referral
O013662,C0207,P0001,2026-06-06,3,120.9,Organic
O013663,C0484,P0016,2026-06-06,1,30.3,Email
O013664,C0696,P0011,2026-06-06,1,45.43,Organic
O013665,C0423,P0012,2026-06-06,3,135.18,Email
O013666,C0400,P0014,2026-06-06,2,109.0,Organic
O013667,C0199,P0010,2026-06-06,1,19.4,Organic
O013668,C0696,P0011,2026-06-06,3,136.29,Paid
O013669,C0381,P0009,2026-06-06,3,228.84,Organic
O013670,C0516,P0013,2026-06-06,3,134.58,Paid
O013671,C0381,P0014,2026-06-06,1,54.5,Paid
O013672,C0696,P0024,2026-06-06,1,95.17,Paid
O013673,C0420,P0019,2026-06-06,2,131.54,Organic
O013674,C0345,P0022,2026-06-06,1,41.19,Organic
O013675,C0022,P0023,2026-06-06,2,291.98,Organic
O013676,C0101,P0024,2026-06-06,1,95.17,Paid
O013677,C0472,P0017,2026-06-06,3,369.84,Paid
O013678,C0038,P0029,2026-06-06,2,48.9,Paid
O013679,C0176,P0032,2026-06-06,3,118.86,Organic
O013680,C0426,P0038,2026-06-06,1,68.37,Paid
O013681,C0101,P0036,2026-06-06,1,23.73,Paid
O013682,C0081,P0040,2026-06-06,2,120.98,Organic
O013683,C0696,P0037,2026-06-06,2,128.36,Paid
O013684,C0454,P0007,2026-06-06,1,67.93,Organic
O013685,C0250,P0001,2026-06-06,3,120.9,Organic
O013686,C0273,P0011,2026-06-06,3,136.29,Paid
O013687,C0748,P0013,2026-06-06,1,44.86,Organic
O013688,C0363,P0014,2026-06-06,2,109.0,Email
O013689,C0299,P0011,2026-06-06,1,45.43,Organic
O013690,C0380,P0014,2026-06-06,3,163.5,Paid
O013691,C0380,P0013,2026-06-06,1,44.86,Organic
O013692,C0437,P0017,2026-06-06,3,369.84,Organic
O013693,C0413,P0018,2026-06-06,2,174.42,Paid
O013694,C0632,P0022,2026-06-06,2,82.38,Referral
O013695,C0225,P0018,2026-06-06,3,261.63,Organic
O013696,C0258,P0029,2026-06-06,3,73.35,Referral
O013697,C0033,P0034,2026-06-06,2,107.82,Organic
O013698,C0590,P0039,2026-06-06,2,221.02,Paid
O013699,C0155,P0036,2026-06-06,2,47.46,Paid
O013700,C0429,P0037,2026-06-06,2,128.36,Organic
O013701,C0643,P0002,2026-06-06,3,801.18,Paid
O013702,C0766,P0003,2026-06-06,3,1007.91,Paid
O013703,C0670,P0010,2026-06-06,3,58.2,Organic
O013704,C0186,P0013,2026-06-06,2,89.72,Organic
O013705,C0528,P0013,2026-06-06,2,89.72,Email
O013706,C0564,P0021,2026-06-06,2,223.52,Email
O013707,C0285,P0018,2026-06-06,3,261.63,Referral
O013708,C0505,P0021,2026-06-06,3,335.28,Paid
O013709,C0186,P0022,2026-06-06,3,123.57,Organic
O013710,C0690,P0021,2026-06-06,1,111.76,Paid
O013711,C0501,P0018,2026-06-06,1,87.21,Organic
O013712,C0455,P0017,2026-06-06,1,123.28,Paid
O013713,C0200,P0019,2026-06-06,1,65.77,Organic
O013714,C0198,P0023,2026-06-06,1,145.99,Paid
O013715,C0223,P0032,2026-06-06,1,39.62,Email
O013716,C0379,P0027,2026-06-06,3,40.17,Organic
O013717,C0049,P0032,2026-06-06,1,39.62,Paid
O013718,C0613,P0029,2026-06-06,1,24.45,Paid
O013719,C0717,P0025,2026-06-06,1,27.01,Paid
O013720,C0614,P0040,2026-06-06,2,120.98,Paid
O013721,C0675,P0034,2026-06-06,2,107.82,Paid
O013722,C0075,P0039,2026-06-06,3,331.53,Organic
O013723,C0562,P0005,2026-06-07,1,66.32,Email
O013724,C0037,P0003,2026-06-07,3,1007.91,Organic
O013725,C0540,P0002,2026-06-07,2,534.12,Organic
O013726,C0707,P0012,2026-06-07,1,45.06,Paid
O013727,C0422,P0009,2026-06-07,1,76.28,Email
O013728,C0638,P0012,2026-06-07,2,90.12,Organic
O013729,C0050,P0014,2026-06-07,2,109.0,Organic
O013730,C0415,P0010,2026-06-07,3,58.2,Organic
O013731,C0754,P0020,2026-06-07,1,145.34,Organic
O013732,C0251,P0020,2026-06-07,2,290.68,Paid
O013733,C0549,P0032,2026-06-07,1,39.62,Referral
O013734,C0743,P0031,2026-06-07,3,178.2,Email
O013735,C0151,P0029,2026-06-07,2,48.9,Organic
O013736,C0377,P0031,2026-06-07,1,59.4,Email
O013737,C0443,P0028,2026-06-07,3,66.6,Organic
O013738,C0121,P0031,2026-06-07,1,59.4,Organic
O013739,C0365,P0027,2026-06-07,2,26.78,Organic
O013740,C0257,P0039,2026-06-07,1,110.51,Paid
O013741,C0100,P0033,2026-06-07,2,70.36,Organic
O013742,C0330,P0038,2026-06-07,1,68.37,Email
O013743,C0510,P0001,2026-06-07,3,120.9,Organic
O013744,C0648,P0007,2026-06-07,3,203.79,Organic
O013745,C0150,P0007,2026-06-07,2,135.86,Paid
O013746,C0417,P0008,2026-06-07,1,189.39,Organic
O013747,C0648,P0013,2026-06-07,2,89.72,Organic
O013748,C0164,P0011,2026-06-07,2,90.86,Email
O013749,C0405,P0021,2026-06-07,3,335.28,Referral
O013750,C0783,P0024,2026-06-07,2,190.34,Email
O013751,C0646,P0022,2026-06-07,3,123.57,Organic
O013752,C0217,P0021,2026-06-07,2,223.52,Organic
O013753,C0671,P0018,2026-06-07,3,261.63,Paid
O013754,C0265,P0018,2026-06-07,1,87.21,Organic
O013755,C0150,P0026,2026-06-07,1,21.87,Organic
O013756,C0288,P0037,2026-06-07,2,128.36,Organic
O013757,C0012,P0003,2026-06-07,3,1007.91,Organic
O013758,C0456,P0006,2026-06-07,3,262.62,Organic
O013759,C0570,P0011,2026-06-07,3,136.29,Paid
O013760,C0281,P0014,2026-06-07,1,54.5,Email
O013761,C0160,P0010,2026-06-07,2,38.8,Paid
O013762,C0635,P0016,2026-06-07,1,30.3,Paid
O013763,C0493,P0021,2026-06-07,1,111.76,Paid
O013764,C0137,P0020,2026-06-07,2,290.68,Organic
O013765,C0247,P0029,2026-06-07,3,73.35,Organic
O013766,C0123,P0028,2026-06-07,3,66.6,Organic
O013767,C0169,P0028,2026-06-07,3,66.6,Organic
O013768,C0503,P0026,2026-06-07,2,43.74,Paid
O013769,C0497,P0029,2026-06-07,3,73.35,Organic
O013770,C0588,P0029,2026-06-07,1,24.45,Organic
O013771,C0157,P0040,2026-06-07,2,120.98,Paid
O013772,C0133,P0004,2026-06-07,1,181.86,Organic
O013773,C0623,P0005,2026-06-07,3,198.96,Organic
O013774,C0200,P0004,2026-06-07,1,181.86,Email
O013775,C0266,P0002,2026-06-07,1,267.06,Paid
O013776,C0794,P0011,2026-06-07,2,90.86,Paid
O013777,C0336,P0012,2026-06-07,2,90.12,Paid
O013778,C0253,P0015,2026-06-07,3,165.42,Organic
O013779,C0070,P0016,2026-06-07,3,90.9,Organic
O013780,C0095,P0029,2026-06-07,1,24.45,Paid
O013781,C0574,P0026,2026-06-07,2,43.74,Paid
O013782,C0466,P0031,2026-06-07,2,118.8,Referral
O013783,C0541,P0026,2026-06-07,3,65.61,Referral
O013784,C0613,P0032,2026-06-07,2,79.24,Paid
O013785,C0283,P0039,2026-06-07,1,110.51,Paid
O013786,C0074,P0039,2026-06-07,1,110.51,Organic
O013787,C0093,P0039,2026-06-07,2,221.02,Email
O013788,C0328,P0038,2026-06-07,2,136.74,Organic
O013789,C0709,P0005,2026-06-08,3,198.96,Email
O013790,C0031,P0005,2026-06-08,2,132.64,Organic
O013791,C0666,P0010,2026-06-08,2,38.8,Organic
O013792,C0666,P0024,2026-06-08,1,95.17,Email
O013793,C0057,P0024,2026-06-08,3,285.51,Organic
O013794,C0703,P0029,2026-06-08,2,48.9,Organic
O013795,C0543,P0028,2026-06-08,1,22.2,Referral
O013796,C0104,P0033,2026-06-08,2,70.36,Organic
O013797,C0471,P0033,2026-06-08,1,35.18,Email
O013798,C0543,P0034,2026-06-08,1,53.91,Organic
O013799,C0192,P0006,2026-06-08,3,262.62,Paid
O013800,C0295,P0008,2026-06-08,3,568.17,Paid
O013801,C0144,P0006,2026-06-08,2,175.08,Organic
O013802,C0217,P0010,2026-06-08,2,38.8,Organic
O013803,C0521,P0024,2026-06-08,2,190.34,Email
O013804,C0719,P0024,2026-06-08,3,285.51,Paid
O013805,C0485,P0029,2026-06-08,2,48.9,Organic
O013806,C0516,P0030,2026-06-08,1,27.21,Paid
O013807,C0393,P0040,2026-06-08,2,120.98,Paid
O013808,C0077,P0038,2026-06-08,2,136.74,Organic
O013809,C0242,P0040,2026-06-08,1,60.49,Organic
O013810,C0373,P0003,2026-06-08,2,671.94,Organic
O013811,C0413,P0001,2026-06-08,1,40.3,Organic
O013812,C0069,P0010,2026-06-08,3,58.2,Organic
O013813,C0768,P0018,2026-06-08,2,174.42,Organic
O013814,C0609,P0017,2026-06-08,2,246.56,Paid
O013815,C0800,P0020,2026-06-08,2,290.68,Organic
O013816,C0570,P0029,2026-06-08,3,73.35,Paid
O013817,C0058,P0028,2026-06-08,2,44.4,Paid
O013818,C0605,P0028,2026-06-08,1,22.2,Organic
O013819,C0459,P0036,2026-06-08,1,23.73,Email
O013820,C0731,P0004,2026-06-08,2,363.72,Organic
O013821,C0556,P0007,2026-06-08,3,203.79,Referral
O013822,C0758,P0013,2026-06-08,2,89.72,Email
O013823,C0336,P0023,2026-06-08,3,437.97,Paid
O013824,C0221,P0025,2026-06-08,3,81.03,Referral
O013825,C0023,P0026,2026-06-08,1,21.87,Email
O013826,C0569,P0040,2026-06-08,1,60.49,Paid
O013827,C0068,P0038,2026-06-08,3,205.11,Email
O013828,C0235,P0003,2026-06-09,2,671.94,Paid
O013829,C0422,P0004,2026-06-09,2,363.72,Organic
O013830,C0119,P0002,2026-06-09,1,267.06,Organic
O013831,C0031,P0011,2026-06-09,3,136.29,Organic
O013832,C0017,P0015,2026-06-09,1,55.14,Email
O013833,C0382,P0012,2026-06-09,1,45.06,Organic
O013834,C0057,P0024,2026-06-09,2,190.34,Paid
O013835,C0294,P0020,2026-06-09,1,145.34,Paid
O013836,C0152,P0023,2026-06-09,1,145.99,Organic
O013837,C0061,P0032,2026-06-09,2,79.24,Paid
O013838,C0008,P0029,2026-06-09,3,73.35,Email
O013839,C0718,P0039,2026-06-09,2,221.02,Organic
O013840,C0311,P0036,2026-06-09,1,23.73,Paid
O013841,C0538,P0040,2026-06-09,1,60.49,Organic
O013842,C0121,P0035,2026-06-09,1,60.4,Paid
O013843,C0129,P0037,2026-06-09,3,192.54,Referral
O013844,C0016,P0004,2026-06-09,1,181.86,Organic
O013845,C0477,P0004,2026-06-09,2,363.72,Organic
O013846,C0153,P0008,2026-06-09,1,189.39,Organic
O013847,C0192,P0006,2026-06-09,3,262.62,Organic
O013848,C0018,P0012,2026-06-09,1,45.06,Paid
O013849,C0006,P0016,2026-06-09,3,90.9,Organic
O013850,C0560,P0014,2026-06-09,2,109.0,Email
O013851,C0063,P0015,2026-06-09,3,165.42,Organic
O013852,C0410,P0012,2026-06-09,1,45.06,Organic
O013853,C0417,P0018,2026-06-09,2,174.42,Organic
O013854,C0735,P0023,2026-06-09,3,437.97,Paid
O013855,C0447,P0023,2026-06-09,3,437.97,Paid
O013856,C0126,P0021,2026-06-09,3,335.28,Paid
O013857,C0103,P0029,2026-06-09,3,73.35,Organic
O013858,C0404,P0030,2026-06-09,1,27.21,Organic
O013859,C0219,P0025,2026-06-09,1,27.01,Paid
O013860,C0784,P0025,2026-06-09,2,54.02,Paid
O013861,C0470,P0026,2026-06-09,3,65.61,Organic
O013862,C0267,P0005,2026-06-09,2,132.64,Organic
O013863,C0238,P0009,2026-06-09,3,228.84,Organic
O013864,C0209,P0021,2026-06-09,2,223.52,Paid
O013865,C0486,P0021,2026-06-09,3,335.28,Email
O013866,C0270,P0017,2026-06-09,3,369.84,Paid
O013867,C0772,P0025,2026-06-09,1,27.01,Organic
O013868,C0380,P0029,2026-06-09,1,24.45,Paid
O013869,C0292,P0039,2026-06-09,3,331.53,Organic
O013870,C0418,P0039,2026-06-09,3,331.53,Referral
O013871,C0677,P0035,2026-06-09,2,120.8,Organic
O013872,C0508,P0033,2026-06-09,2,70.36,Organic
O013873,C0742,P0039,2026-06-09,1,110.51,Paid
O013874,C0650,P0011,2026-06-09,3,136.29,Email
O013875,C0110,P0014,2026-06-09,2,109.0,Organic
O013876,C0551,P0017,2026-06-09,3,369.84,Email
O013877,C0088,P0022,2026-06-09,3,123.57,Paid
O013878,C0173,P0032,2026-06-09,2,79.24,Paid
O013879,C0571,P0025,2026-06-09,3,81.03,Referral
O013880,C0574,P0030,2026-06-09,3,81.63,Referral
O013881,C0713,P0033,2026-06-09,2,70.36,Paid
O013882,C0559,P0034,2026-06-09,3,161.73,Paid
O013883,C0532,P0040,2026-06-09,3,181.47,Organic
O013884,C0491,P0034,2026-06-09,2,107.82,Organic
O013885,C0794,P0038,2026-06-09,3,205.11,Organic
O013886,C0758,P0033,2026-06-09,3,105.54,Referral
O013887,C0658,P0038,2026-06-09,3,205.11,Referral
O013888,C0252,P0004,2026-06-10,1,181.86,Email
O013889,C0280,P0005,2026-06-10,3,198.96,Paid
O013890,C0323,P0009,2026-06-10,1,76.28,Organic
O013891,C0711,P0015,2026-06-10,2,110.28,Organic
O013892,C0386,P0019,2026-06-10,3,197.31,Organic
O013893,C0004,P0019,2026-06-10,3,197.31,Organic
O013894,C0121,P0031,2026-06-10,1,59.4,Referral
O013895,C0771,P0031,2026-06-10,2,118.8,Paid
O013896,C0463,P0029,2026-06-10,3,73.35,Organic
O013897,C0415,P0029,2026-06-10,1,24.45,Email
O013898,C0659,P0027,2026-06-10,2,26.78,Paid
O013899,C0241,P0040,2026-06-10,3,181.47,Organic
O013900,C0668,P0033,2026-06-10,1,35.18,Organic
O013901,C0708,P0007,2026-06-10,2,135.86,Paid
O013902,C0783,P0002,2026-06-10,2,534.12,Organic
O013903,C0166,P0002,2026-06-10,3,801.18,Organic
O013904,C0329,P0001,2026-06-10,2,80.6,Organic
O013905,C0288,P0009,2026-06-10,3,228.84,Organic
O013906,C0288,P0015,2026-06-10,3,165.42,Paid
O013907,C0577,P0023,2026-06-10,2,291.98,Email
O013908,C0698,P0018,2026-06-10,3,261.63,Organic
O013909,C0628,P0023,2026-06-10,3,437.97,Referral
O013910,C0733,P0031,2026-06-10,1,59.4,Email
O013911,C0431,P0026,2026-06-10,3,65.61,Organic
O013912,C0080,P0032,2026-06-10,3,118.86,Paid
O013913,C0735,P0029,2026-06-10,3,73.35,Organic
O013914,C0370,P0030,2026-06-10,3,81.63,Paid
O013915,C0602,P0036,2026-06-10,1,23.73,Organic
O013916,C0547,P0003,2026-06-10,1,335.97,Organic
O013917,C0078,P0002,2026-06-10,2,534.12,Referral
O013918,C0165,P0023,2026-06-10,2,291.98,Email
O013919,C0763,P0019,2026-06-10,1,65.77,Referral
O013920,C0786,P0018,2026-06-10,2,174.42,Paid
O013921,C0618,P0026,2026-06-10,1,21.87,Organic
O013922,C0226,P0025,2026-06-10,1,27.01,Paid
O013923,C0452,P0030,2026-06-10,3,81.63,Organic
O013924,C0409,P0038,2026-06-10,2,136.74,Organic
O013925,C0327,P0038,2026-06-10,1,68.37,Referral
O013926,C0582,P0034,2026-06-10,3,161.73,Email
O013927,C0291,P0037,2026-06-10,1,64.18,Organic
O013928,C0368,P0039,2026-06-10,3,331.53,Organic
O013929,C0690,P0001,2026-06-10,3,120.9,Organic
O013930,C0116,P0002,2026-06-10,2,534.12,Referral
O013931,C0782,P0014,2026-06-10,1,54.5,Paid
O013932,C0507,P0021,2026-06-10,3,335.28,Organic
O013933,C0359,P0030,2026-06-10,3,81.63,Referral
O013934,C0720,P0032,2026-06-10,3,118.86,Paid
O013935,C0116,P0040,2026-06-10,3,181.47,Organic
O013936,C0574,P0034,2026-06-10,2,107.82,Organic
O013937,C0377,P0003,2026-06-11,3,1007.91,Organic
O013938,C0401,P0006,2026-06-11,1,87.54,Organic
O013939,C0208,P0005,2026-06-11,1,66.32,Referral
O013940,C0776,P0010,2026-06-11,2,38.8,Paid
O013941,C0498,P0018,2026-06-11,1,87.21,Organic
O013942,C0596,P0026,2026-06-11,3,65.61,Referral
O013943,C0537,P0031,2026-06-11,3,178.2,Referral
O013944,C0104,P0029,2026-06-11,3,73.35,Organic
O013945,C0113,P0037,2026-06-11,2,128.36,Referral
O013946,C0300,P0001,2026-06-11,3,120.9,Organic
O013947,C0006,P0007,2026-06-11,1,67.93,Organic
O013948,C0423,P0005,2026-06-11,3,198.96,Paid
O013949,C0616,P0008,2026-06-11,2,378.78,Paid
O013950,C0126,P0002,2026-06-11,1,267.06,Organic
O013951,C0683,P0012,2026-06-11,1,45.06,Email
O013952,C0563,P0018,2026-06-11,3,261.63,Email
O013953,C0322,P0020,2026-06-11,3,436.02,Paid
O013954,C0747,P0025,2026-06-11,2,54.02,Paid
O013955,C0464,P0030,2026-06-11,2,54.42,Organic
O013956,C0242,P0026,2026-06-11,2,43.74,Paid
O013957,C0312,P0025,2026-06-11,2,54.02,Organic
O013958,C0671,P0038,2026-06-11,2,136.74,Paid
O013959,C0470,P0034,2026-06-11,1,53.91,Paid
O013960,C0202,P0035,2026-06-11,2,120.8,Paid
O013961,C0139,P0033,2026-06-11,1,35.18,Organic
O013962,C0605,P0007,2026-06-11,2,135.86,Paid
O013963,C0406,P0001,2026-06-11,3,120.9,Organic
O013964,C0352,P0005,2026-06-11,1,66.32,Email
O013965,C0120,P0009,2026-06-11,2,152.56,Paid
O013966,C0169,P0015,2026-06-11,1,55.14,Organic
O013967,C0078,P0013,2026-06-11,3,134.58,Email
O013968,C0785,P0018,2026-06-11,3,261.63,Email
O013969,C0211,P0031,2026-06-11,3,178.2,Organic
O013970,C0284,P0025,2026-06-11,3,81.03,Referral
O013971,C0352,P0038,2026-06-11,3,205.11,Referral
O013972,C0123,P0035,2026-06-11,3,181.2,Organic
O013973,C0201,P0033,2026-06-11,2,70.36,Referral
O013974,C0147,P0007,2026-06-11,3,203.79,Organic
O013975,C0569,P0002,2026-06-11,1,267.06,Organic
O013976,C0440,P0003,2026-06-11,1,335.97,Paid
O013977,C0685,P0004,2026-06-11,2,363.72,Organic
O013978,C0316,P0004,2026-06-11,3,545.58,Paid
O013979,C0221,P0009,2026-06-11,3,228.84,Referral
O013980,C0174,P0011,2026-06-11,3,136.29,Organic
O013981,C0682,P0015,2026-06-11,1,55.14,Paid
O013982,C0276,P0018,2026-06-11,1,87.21,Organic
O013983,C0232,P0022,2026-06-11,3,123.57,Organic
O013984,C0581,P0018,2026-06-11,3,261.63,Email
O013985,C0556,P0021,2026-06-11,1,111.76,Organic
O013986,C0134,P0020,2026-06-11,3,436.02,Email
O013987,C0530,P0032,2026-06-11,2,79.24,Organic
O013988,C0325,P0036,2026-06-11,2,47.46,Email
O013989,C0549,P0006,2026-06-12,2,175.08,Referral
O013990,C0647,P0007,2026-06-12,1,67.93,Paid
O013991,C0697,P0014,2026-06-12,1,54.5,Paid
O013992,C0248,P0024,2026-06-12,2,190.34,Paid
O013993,C0293,P0018,2026-06-12,1,87.21,Organic
O013994,C0252,P0023,2026-06-12,3,437.97,Paid
O013995,C0707,P0028,2026-06-12,3,66.6,Organic
O013996,C0365,P0032,2026-06-12,3,118.86,Email
O013997,C0668,P0032,2026-06-12,2,79.24,Organic
O013998,C0149,P0003,2026-06-12,3,1007.91,Email
O013999,C0139,P0002,2026-06-12,2,534.12,Organic
O014000,C0510,P0007,2026-06-12,3,203.79,Referral
O014001,C0595,P0013,2026-06-12,1,44.86,Organic
O014002,C0669,P0009,2026-06-12,3,228.84,Organic
O014003,C0333,P0012,2026-06-12,2,90.12,Paid
O014004,C0149,P0017,2026-06-12,2,246.56,Email
O014005,C0395,P0024,2026-06-12,2,190.34,Paid
O014006,C0105,P0026,2026-06-12,1,21.87,Email
O014007,C0577,P0026,2026-06-12,2,43.74,Organic
O014008,C0206,P0039,2026-06-12,1,110.51,Paid
O014009,C0139,P0035,2026-06-12,3,181.2,Referral
O014010,C0370,P0040,2026-06-12,1,60.49,Paid
O014011,C0098,P0008,2026-06-12,2,378.78,Organic
O014012,C0570,P0006,2026-06-12,2,175.08,Email
O014013,C0480,P0017,2026-06-12,1,123.28,Organic
O014014,C0435,P0017,2026-06-12,3,369.84,Organic
O014015,C0296,P0025,2026-06-12,2,54.02,Paid
O014016,C0009,P0027,2026-06-12,3,40.17,Organic
O014017,C0531,P0038,2026-06-12,1,68.37,Paid
O014018,C0570,P0037,2026-06-12,1,64.18,Paid
O014019,C0012,P0040,2026-06-12,2,120.98,Paid
O014020,C0656,P0040,2026-06-12,1,60.49,Paid
O014021,C0629,P0036,2026-06-12,1,23.73,Organic
O014022,C0316,P0008,2026-06-12,1,189.39,Organic
O014023,C0266,P0007,2026-06-12,3,203.79,Organic
O014024,C0255,P0015,2026-06-12,1,55.14,Referral
O014025,C0266,P0011,2026-06-12,3,136.29,Organic
O014026,C0236,P0015,2026-06-12,1,55.14,Organic
O014027,C0567,P0020,2026-06-12,2,290.68,Organic
O014028,C0276,P0024,2026-06-12,2,190.34,Organic
O014029,C0652,P0022,2026-06-12,3,123.57,Organic
O014030,C0532,P0023,2026-06-12,1,145.99,Organic
O014031,C0569,P0024,2026-06-12,1,95.17,Organic
O014032,C0028,P0024,2026-06-12,3,285.51,Paid
O014033,C0613,P0022,2026-06-12,3,123.57,Paid
O014034,C0466,P0026,2026-06-12,1,21.87,Paid
O014035,C0514,P0029,2026-06-12,1,24.45,Paid
O014036,C0221,P0039,2026-06-12,2,221.02,Organic
O014037,C0626,P0033,2026-06-12,3,105.54,Paid
O014038,C0528,P0034,2026-06-12,3,161.73,Email
O014039,C0398,P0010,2026-06-13,1,19.4,Organic
O014040,C0422,P0011,2026-06-13,1,45.43,Paid
O014041,C0439,P0021,2026-06-13,2,223.52,Organic
O014042,C0025,P0023,2026-06-13,1,145.99,Paid
O014043,C0707,P0022,2026-06-13,3,123.57,Paid
O014044,C0471,P0021,2026-06-13,1,111.76,Paid
O014045,C0348,P0032,2026-06-13,1,39.62,Organic
O014046,C0180,P0025,2026-06-13,1,27.01,Organic
O014047,C0715,P0028,2026-06-13,3,66.6,Organic
O014048,C0752,P0040,2026-06-13,2,120.98,Paid
O014049,C0365,P0037,2026-06-13,1,64.18,Referral
O014050,C0431,P0001,2026-06-13,2,80.6,Organic
O014051,C0264,P0011,2026-06-13,3,136.29,Organic
O014052,C0585,P0010,2026-06-13,2,38.8,Email
O014053,C0092,P0016,2026-06-13,1,30.3,Referral
O014054,C0778,P0014,2026-06-13,1,54.5,Paid
O014055,C0395,P0009,2026-06-13,2,152.56,Paid
O014056,C0602,P0022,2026-06-13,3,123.57,Email
O014057,C0762,P0023,2026-06-13,3,437.97,Organic
O014058,C0164,P0017,2026-06-13,1,123.28,Email
O014059,C0288,P0022,2026-06-13,2,82.38,Organic
O014060,C0164,P0020,2026-06-13,1,145.34,Paid
O014061,C0475,P0026,2026-06-13,3,65.61,Organic
O014062,C0558,P0026,2026-06-13,2,43.74,Referral
O014063,C0573,P0026,2026-06-13,3,65.61,Email
O014064,C0621,P0040,2026-06-13,3,181.47,Organic
O014065,C0738,P0035,2026-06-13,2,120.8,Organic
O014066,C0461,P0037,2026-06-13,2,128.36,Organic
O014067,C0312,P0037,2026-06-13,1,64.18,Organic
O014068,C0512,P0007,2026-06-13,2,135.86,Organic
O014069,C0482,P0001,2026-06-13,1,40.3,Paid
O014070,C0751,P0003,2026-06-13,1,335.97,Organic
O014071,C0732,P0013,2026-06-13,3,134.58,Paid
O014072,C0048,P0024,2026-06-13,1,95.17,Organic
O014073,C0058,P0023,2026-06-13,1,145.99,Paid
O014074,C0392,P0017,2026-06-13,2,246.56,Paid
O014075,C0163,P0022,2026-06-13,1,41.19,Organic
O014076,C0608,P0024,2026-06-13,3,285.51,Organic
O014077,C0749,P0027,2026-06-13,3,40.17,Organic
O014078,C0424,P0028,2026-06-13,2,44.4,Paid
O014079,C0391,P0034,2026-06-13,2,107.82,Paid
O014080,C0258,P0034,2026-06-13,1,53.91,Paid
O014081,C0259,P0038,2026-06-13,3,205.11,Paid
O014082,C0036,P0003,2026-06-13,3,1007.91,Organic
O014083,C0487,P0001,2026-06-13,2,80.6,Email
O014084,C0791,P0009,2026-06-13,1,76.28,Organic
O014085,C0147,P0010,2026-06-13,2,38.8,Organic
O014086,C0684,P0016,2026-06-13,2,60.6,Organic
O014087,C0507,P0017,2026-06-13,1,123.28,Organic
O014088,C0650,P0021,2026-06-13,2,223.52,Paid
O014089,C0134,P0027,2026-06-13,3,40.17,Referral
O014090,C0690,P0026,2026-06-13,1,21.87,Paid
O014091,C0325,P0028,2026-06-13,3,66.6,Paid
O014092,C0282,P0031,2026-06-13,3,178.2,Email
O014093,C0690,P0027,2026-06-13,1,13.39,Paid
O014094,C0601,P0029,2026-06-13,1,24.45,Organic
O014095,C0604,P0027,2026-06-13,1,13.39,Paid
O014096,C0613,P0039,2026-06-13,1,110.51,Email
O014097,C0498,P0008,2026-06-14,1,189.39,Organic
O014098,C0377,P0001,2026-06-14,2,80.6,Organic
O014099,C0361,P0008,2026-06-14,3,568.17,Organic
O014100,C0792,P0016,2026-06-14,3,90.9,Email
O014101,C0008,P0010,2026-06-14,2,38.8,Organic
O014102,C0119,P0009,2026-06-14,2,152.56,Referral
O014103,C0257,P0010,2026-06-14,2,38.8,Referral
O014104,C0796,P0019,2026-06-14,1,65.77,Organic
O014105,C0687,P0023,2026-06-14,1,145.99,Organic
O014106,C0348,P0018,2026-06-14,2,174.42,Organic
O014107,C0444,P0022,2026-06-14,3,123.57,Paid
O014108,C0108,P0032,2026-06-14,1,39.62,Organic
O014109,C0711,P0030,2026-06-14,2,54.42,Organic
O014110,C0515,P0025,2026-06-14,1,27.01,Organic
O014111,C0548,P0026,2026-06-14,1,21.87,Organic
O014112,C0439,P0026,2026-06-14,2,43.74,Organic
O014113,C0014,P0030,2026-06-14,3,81.63,Organic
O014114,C0655,P0034,2026-06-14,3,161.73,Email
O014115,C0141,P0038,2026-06-14,3,205.11,Paid
O014116,C0400,P0005,2026-06-14,3,198.96,Organic
O014117,C0778,P0001,2026-06-14,2,80.6,Organic
O014118,C0277,P0001,2026-06-14,2,80.6,Email
O014119,C0460,P0002,2026-06-14,3,801.18,Referral
O014120,C0778,P0012,2026-06-14,1,45.06,Organic
O014121,C0660,P0018,2026-06-14,2,174.42,Organic
O014122,C0477,P0021,2026-06-14,2,223.52,Organic
O014123,C0686,P0023,2026-06-14,3,437.97,Organic
O014124,C0322,P0018,2026-06-14,1,87.21,Organic
O014125,C0326,P0026,2026-06-14,1,21.87,Organic
O014126,C0472,P0026,2026-06-14,1,21.87,Organic
O014127,C0762,P0028,2026-06-14,1,22.2,Organic
O014128,C0239,P0034,2026-06-14,2,107.82,Organic
O014129,C0234,P0037,2026-06-14,1,64.18,Email
O014130,C0082,P0035,2026-06-14,1,60.4,Paid
O014131,C0163,P0002,2026-06-14,3,801.18,Referral
O014132,C0409,P0004,2026-06-14,3,545.58,Paid
O014133,C0168,P0008,2026-06-14,2,378.78,Organic
O014134,C0635,P0014,2026-06-14,1,54.5,Organic
O014135,C0635,P0011,2026-06-14,2,90.86,Organic
O014136,C0226,P0010,2026-06-14,2,38.8,Organic
O014137,C0570,P0012,2026-06-14,3,135.18,Organic
O014138,C0579,P0011,2026-06-14,1,45.43,Paid
O014139,C0594,P0014,2026-06-14,3,163.5,Email
O014140,C0451,P0020,2026-06-14,3,436.02,Paid
O014141,C0238,P0021,2026-06-14,1,111.76,Paid
O014142,C0373,P0032,2026-06-14,1,39.62,Email
O014143,C0169,P0031,2026-06-14,3,178.2,Paid
O014144,C0392,P0032,2026-06-14,2,79.24,Email
O014145,C0213,P0035,2026-06-14,1,60.4,Organic
O014146,C0216,P0037,2026-06-14,1,64.18,Organic
O014147,C0483,P0035,2026-06-14,2,120.8,Organic
O014148,C0523,P0040,2026-06-14,2,120.98,Email
O014149,C0690,P0004,2026-06-14,1,181.86,Organic
O014150,C0353,P0006,2026-06-14,1,87.54,Referral
O014151,C0028,P0008,2026-06-14,2,378.78,Organic
O014152,C0614,P0003,2026-06-14,2,671.94,Email
O014153,C0731,P0009,2026-06-14,1,76.28,Email
O014154,C0714,P0009,2026-06-14,2,152.56,Organic
O014155,C0232,P0018,2026-06-14,2,174.42,Organic
O014156,C0528,P0025,2026-06-14,3,81.03,Paid
O014157,C0336,P0035,2026-06-14,3,181.2,Organic
O014158,C0020,P0040,2026-06-14,1,60.49,Organic
O014159,C0290,P0033,2026-06-14,2,70.36,Organic
O014160,C0697,P0002,2026-06-15,3,801.18,Paid
O014161,C0515,P0001,2026-06-15,1,40.3,Paid
O014162,C0235,P0007,2026-06-15,1,67.93,Email
O014163,C0025,P0016,2026-06-15,2,60.6,Paid
O014164,C0599,P0012,2026-06-15,2,90.12,Paid
O014165,C0061,P0017,2026-06-15,3,369.84,Paid
O014166,C0067,P0022,2026-06-15,3,123.57,Organic
O014167,C0233,P0029,2026-06-15,2,48.9,Paid
O014168,C0565,P0031,2026-06-15,3,178.2,Paid
O014169,C0159,P0033,2026-06-15,1,35.18,Organic
O014170,C0708,P0006,2026-06-15,2,175.08,Email
O014171,C0517,P0015,2026-06-15,3,165.42,Organic
O014172,C0381,P0010,2026-06-15,1,19.4,Email
O014173,C0617,P0020,2026-06-15,1,145.34,Email
O014174,C0084,P0030,2026-06-15,2,54.42,Organic
O014175,C0171,P0027,2026-06-15,3,40.17,Referral
O014176,C0288,P0030,2026-06-15,3,81.63,Paid
O014177,C0099,P0036,2026-06-15,2,47.46,Organic
O014178,C0239,P0036,2026-06-15,1,23.73,Email
O014179,C0461,P0033,2026-06-15,1,35.18,Paid
O014180,C0033,P0014,2026-06-15,3,163.5,Email
O014181,C0749,P0009,2026-06-15,3,228.84,Organic
O014182,C0392,P0017,2026-06-15,3,369.84,Organic
O014183,C0693,P0031,2026-06-15,3,178.2,Organic
O014184,C0774,P0037,2026-06-15,2,128.36,Organic
O014185,C0191,P0007,2026-06-15,1,67.93,Referral
O014186,C0236,P0005,2026-06-15,2,132.64,Organic
O014187,C0210,P0005,2026-06-15,1,66.32,Paid
O014188,C0541,P0022,2026-06-15,2,82.38,Paid
O014189,C0658,P0018,2026-06-15,1,87.21,Organic
O014190,C0224,P0023,2026-06-15,1,145.99,Organic
O014191,C0282,P0025,2026-06-15,2,54.02,Organic
O014192,C0253,P0029,2026-06-15,3,73.35,Organic
O014193,C0328,P0026,2026-06-15,1,21.87,Organic
O014194,C0675,P0032,2026-06-15,2,79.24,Paid
O014195,C0276,P0029,2026-06-15,1,24.45,Organic
O014196,C0601,P0038,2026-06-15,3,205.11,Organic
O014197,C0066,P0037,2026-06-15,1,64.18,Organic
O014198,C0178,P0038,2026-06-15,1,68.37,Email
O014199,C0037,P0007,2026-06-16,1,67.93,Organic
O014200,C0384,P0007,2026-06-16,3,203.79,Organic
O014201,C0777,P0008,2026-06-16,1,189.39,Email
O014202,C0796,P0003,2026-06-16,1,335.97,Organic
O014203,C0027,P0016,2026-06-16,3,90.9,Paid
O014204,C0317,P0009,2026-06-16,2,152.56,Organic
O014205,C0743,P0023,2026-06-16,2,291.98,Email
O014206,C0596,P0018,2026-06-16,2,174.42,Organic
O014207,C0703,P0026,2026-06-16,3,65.61,Paid
O014208,C0469,P0028,2026-06-16,2,44.4,Organic
O014209,C0003,P0026,2026-06-16,1,21.87,Organic
O014210,C0401,P0027,2026-06-16,3,40.17,Paid
O014211,C0263,P0026,2026-06-16,3,65.61,Email
O014212,C0469,P0038,2026-06-16,1,68.37,Organic
O014213,C0761,P0037,2026-06-16,3,192.54,Organic
O014214,C0746,P0033,2026-06-16,2,70.36,Organic
O014215,C0510,P0007,2026-06-16,1,67.93,Organic
O014216,C0521,P0001,2026-06-16,2,80.6,Email
O014217,C0423,P0008,2026-06-16,1,189.39,Referral
O014218,C0615,P0007,2026-06-16,2,135.86,Organic
O014219,C0738,P0016,2026-06-16,3,90.9,Organic
O014220,C0243,P0009,2026-06-16,1,76.28,Paid
O014221,C0517,P0012,2026-06-16,1,45.06,Paid
O014222,C0595,P0021,2026-06-16,2,223.52,Paid
O014223,C0239,P0024,2026-06-16,1,95.17,Referral
O014224,C0616,P0030,2026-06-16,1,27.21,Paid
O014225,C0064,P0028,2026-06-16,1,22.2,Referral
O014226,C0065,P0025,2026-06-16,1,27.01,Email
O014227,C0475,P0029,2026-06-16,3,73.35,Referral
O014228,C0405,P0038,2026-06-16,1,68.37,Paid
O014229,C0164,P0040,2026-06-16,2,120.98,Paid
O014230,C0188,P0034,2026-06-16,3,161.73,Organic
O014231,C0786,P0004,2026-06-16,1,181.86,Organic
O014232,C0073,P0004,2026-06-16,3,545.58,Paid
O014233,C0238,P0006,2026-06-16,2,175.08,Paid
O014234,C0627,P0014,2026-06-16,3,163.5,Email
O014235,C0785,P0012,2026-06-16,2,90.12,Organic
O014236,C0318,P0013,2026-06-16,2,89.72,Organic
O014237,C0765,P0015,2026-06-16,2,110.28,Organic
O014238,C0327,P0010,2026-06-16,2,38.8,Referral
O014239,C0732,P0019,2026-06-16,3,197.31,Organic
O014240,C0749,P0020,2026-06-16,3,436.02,Organic
O014241,C0254,P0020,2026-06-16,2,290.68,Organic
O014242,C0531,P0022,2026-06-16,1,41.19,Organic
O014243,C0513,P0021,2026-06-16,2,223.52,Paid
O014244,C0437,P0032,2026-06-16,3,118.86,Organic
O014245,C0501,P0007,2026-06-16,1,67.93,Email
O014246,C0338,P0003,2026-06-16,2,671.94,Email
O014247,C0458,P0006,2026-06-16,1,87.54,Organic
O014248,C0567,P0007,2026-06-16,3,203.79,Email
O014249,C0466,P0014,2026-06-16,2,109.0,Paid
O014250,C0049,P0013,2026-06-16,3,134.58,Organic
O014251,C0499,P0017,2026-06-16,1,123.28,Paid
O014252,C0720,P0018,2026-06-16,3,261.63,Organic
O014253,C0178,P0021,2026-06-16,2,223.52,Email
O014254,C0581,P0028,2026-06-16,3,66.6,Email
O014255,C0500,P0029,2026-06-16,2,48.9,Email
O014256,C0610,P0039,2026-06-16,3,331.53,Paid
O014257,C0496,P0039,2026-06-16,3,331.53,Paid
O014258,C0623,P0039,2026-06-16,1,110.51,Organic
O014259,C0537,P0003,2026-06-17,2,671.94,Paid
O014260,C0130,P0013,2026-06-17,1,44.86,Organic
O014261,C0679,P0013,2026-06-17,1,44.86,Organic
O014262,C0403,P0016,2026-06-17,3,90.9,Paid
O014263,C0279,P0018,2026-06-17,2,174.42,Organic
O014264,C0703,P0024,2026-06-17,1,95.17,Organic
O014265,C0344,P0024,2026-06-17,3,285.51,Organic
O014266,C0415,P0019,2026-06-17,3,197.31,Referral
O014267,C0335,P0025,2026-06-17,3,81.03,Paid
O014268,C0697,P0027,2026-06-17,2,26.78,Paid
O014269,C0754,P0032,2026-06-17,2,79.24,Paid
O014270,C0190,P0025,2026-06-17,2,54.02,Email
O014271,C0249,P0040,2026-06-17,3,181.47,Referral
O014272,C0100,P0037,2026-06-17,3,192.54,Email
O014273,C0337,P0007,2026-06-17,3,203.79,Organic
O014274,C0671,P0007,2026-06-17,3,203.79,Email
O014275,C0521,P0008,2026-06-17,2,378.78,Paid
O014276,C0016,P0008,2026-06-17,2,378.78,Organic
O014277,C0162,P0010,2026-06-17,3,58.2,Referral
O014278,C0395,P0011,2026-06-17,3,136.29,Organic
O014279,C0264,P0019,2026-06-17,1,65.77,Organic
O014280,C0199,P0024,2026-06-17,2,190.34,Paid
O014281,C0719,P0028,2026-06-17,3,66.6,Referral
O014282,C0762,P0031,2026-06-17,3,178.2,Organic
O014283,C0350,P0032,2026-06-17,3,118.86,Paid
O014284,C0063,P0034,2026-06-17,1,53.91,Paid
O014285,C0672,P0036,2026-06-17,1,23.73,Paid
O014286,C0767,P0005,2026-06-17,1,66.32,Email
O014287,C0002,P0003,2026-06-17,2,671.94,Paid
O014288,C0605,P0001,2026-06-17,1,40.3,Organic
O014289,C0128,P0005,2026-06-17,3,198.96,Referral
O014290,C0523,P0011,2026-06-17,1,45.43,Referral
O014291,C0033,P0014,2026-06-17,2,109.0,Paid
O014292,C0216,P0014,2026-06-17,1,54.5,Organic
O014293,C0094,P0023,2026-06-17,3,437.97,Organic
O014294,C0418,P0020,2026-06-17,1,145.34,Paid
O014295,C0392,P0024,2026-06-17,2,190.34,Paid
O014296,C0078,P0022,2026-06-17,2,82.38,Organic
O014297,C0411,P0021,2026-06-17,2,223.52,Paid
O014298,C0250,P0022,2026-06-17,3,123.57,Email
O014299,C0019,P0021,2026-06-17,2,223.52,Organic
O014300,C0459,P0027,2026-06-17,1,13.39,Email
O014301,C0062,P0028,2026-06-17,1,22.2,Email
O014302,C0590,P0027,2026-06-17,1,13.39,Organic
O014303,C0745,P0033,2026-06-17,1,35.18,Paid
O014304,C0052,P0005,2026-06-17,1,66.32,Organic
O014305,C0750,P0003,2026-06-17,3,1007.91,Referral
O014306,C0505,P0002,2026-06-17,1,267.06,Organic
O014307,C0357,P0007,2026-06-17,2,135.86,Paid
O014308,C0066,P0012,2026-06-17,1,45.06,Organic
O014309,C0501,P0013,2026-06-17,1,44.86,Paid
O014310,C0580,P0009,2026-06-17,3,228.84,Email
O014311,C0328,P0019,2026-06-17,1,65.77,Organic
O014312,C0684,P0020,2026-06-17,2,290.68,Organic
O014313,C0604,P0029,2026-06-17,3,73.35,Referral
O014314,C0551,P0028,2026-06-17,3,66.6,Paid
O014315,C0620,P0031,2026-06-17,1,59.4,Organic
O014316,C0569,P0027,2026-06-17,3,40.17,Referral
O014317,C0223,P0036,2026-06-17,3,71.19,Paid
O014318,C0574,P0036,2026-06-17,1,23.73,Email
O014319,C0655,P0008,2026-06-18,3,568.17,Paid
O014320,C0376,P0003,2026-06-18,1,335.97,Organic
O014321,C0196,P0005,2026-06-18,1,66.32,Referral
O014322,C0754,P0006,2026-06-18,2,175.08,Organic
O014323,C0792,P0004,2026-06-18,3,545.58,Paid
O014324,C0549,P0010,2026-06-18,2,38.8,Organic
O014325,C0129,P0011,2026-06-18,2,90.86,Paid
O014326,C0376,P0017,2026-06-18,1,123.28,Referral
O014327,C0465,P0025,2026-06-18,1,27.01,Organic
O014328,C0032,P0004,2026-06-18,2,363.72,Organic
O014329,C0527,P0015,2026-06-18,2,110.28,Email
O014330,C0510,P0012,2026-06-18,2,90.12,Paid
O014331,C0278,P0010,2026-06-18,1,19.4,Organic
O014332,C0032,P0014,2026-06-18,3,163.5,Organic
O014333,C0347,P0018,2026-06-18,2,174.42,Organic
O014334,C0243,P0024,2026-06-18,1,95.17,Organic
O014335,C0347,P0031,2026-06-18,3,178.2,Organic
O014336,C0192,P0033,2026-06-18,2,70.36,Paid
O014337,C0517,P0039,2026-06-18,2,221.02,Organic
O014338,C0242,P0035,2026-06-18,3,181.2,Organic
O014339,C0617,P0040,2026-06-18,2,120.98,Organic
O014340,C0216,P0008,2026-06-18,1,189.39,Email
O014341,C0374,P0006,2026-06-18,2,175.08,Paid
O014342,C0238,P0002,2026-06-18,3,801.18,Email
O014343,C0611,P0014,2026-06-18,3,163.5,Organic
O014344,C0786,P0014,2026-06-18,1,54.5,Email
O014345,C0734,P0021,2026-06-18,1,111.76,Organic
O014346,C0135,P0024,2026-06-18,1,95.17,Organic
O014347,C0012,P0022,2026-06-18,3,123.57,Referral
O014348,C0209,P0019,2026-06-18,2,131.54,Organic
O014349,C0204,P0026,2026-06-18,2,43.74,Paid
O014350,C0062,P0027,2026-06-18,3,40.17,Referral
O014351,C0098,P0027,2026-06-18,3,40.17,Email
O014352,C0787,P0026,2026-06-18,1,21.87,Email
O014353,C0291,P0027,2026-06-18,2,26.78,Organic
O014354,C0315,P0031,2026-06-18,1,59.4,Email
O014355,C0406,P0033,2026-06-18,2,70.36,Email
O014356,C0049,P0004,2026-06-18,3,545.58,Paid
O014357,C0514,P0002,2026-06-18,1,267.06,Organic
O014358,C0134,P0002,2026-06-18,3,801.18,Organic
O014359,C0478,P0008,2026-06-18,2,378.78,Organic
O014360,C0116,P0002,2026-06-18,2,534.12,Referral
O014361,C0118,P0008,2026-06-18,2,378.78,Referral
O014362,C0089,P0007,2026-06-18,2,135.86,Organic
O014363,C0095,P0019,2026-06-18,2,131.54,Organic
O014364,C0722,P0023,2026-06-18,2,291.98,Paid
O014365,C0343,P0021,2026-06-18,1,111.76,Organic
O014366,C0701,P0020,2026-06-18,3,436.02,Email
O014367,C0455,P0029,2026-06-18,3,73.35,Organic
O014368,C0320,P0032,2026-06-18,3,118.86,Paid
O014369,C0661,P0035,2026-06-18,3,181.2,Referral
O014370,C0601,P0037,2026-06-18,2,128.36,Email
O014371,C0231,P0036,2026-06-18,1,23.73,Organic
O014372,C0118,P0039,2026-06-18,3,331.53,Paid
O014373,C0088,P0037,2026-06-18,2,128.36,Paid
O014374,C0248,P0005,2026-06-19,3,198.96,Referral
O014375,C0746,P0004,2026-06-19,1,181.86,Paid
O014376,C0021,P0013,2026-06-19,2,89.72,Organic
O014377,C0777,P0016,2026-06-19,2,60.6,Paid
O014378,C0465,P0016,2026-06-19,1,30.3,Paid
O014379,C0534,P0012,2026-06-19,3,135.18,Organic
O014380,C0465,P0023,2026-06-19,3,437.97,Organic
O014381,C0156,P0021,2026-06-19,2,223.52,Organic
O014382,C0754,P0022,2026-06-19,2,82.38,Paid
O014383,C0294,P0037,2026-06-19,3,192.54,Email
O014384,C0104,P0033,2026-06-19,3,105.54,Paid
O014385,C0041,P0003,2026-06-19,1,335.97,Email
O014386,C0101,P0013,2026-06-19,1,44.86,Referral
O014387,C0166,P0009,2026-06-19,1,76.28,Organic
O014388,C0671,P0021,2026-06-19,3,335.28,Organic
O014389,C0686,P0022,2026-06-19,3,123.57,Organic
O014390,C0177,P0020,2026-06-19,2,290.68,Organic
O014391,C0460,P0030,2026-06-19,2,54.42,Email
O014392,C0621,P0038,2026-06-19,2,136.74,Email
O014393,C0671,P0036,2026-06-19,3,71.19,Organic
O014394,C0763,P0002,2026-06-19,3,801.18,Paid
O014395,C0568,P0002,2026-06-19,2,534.12,Organic
O014396,C0421,P0007,2026-06-19,3,203.79,Organic
O014397,C0767,P0005,2026-06-19,1,66.32,Paid
O014398,C0169,P0005,2026-06-19,2,132.64,Referral
O014399,C0281,P0008,2026-06-19,3,568.17,Paid
O014400,C0774,P0013,2026-06-19,1,44.86,Organic
O014401,C0260,P0009,2026-06-19,2,152.56,Organic
O014402,C0258,P0020,2026-06-19,3,436.02,Organic
O014403,C0642,P0021,2026-06-19,3,335.28,Paid
O014404,C0009,P0022,2026-06-19,2,82.38,Organic
O014405,C0380,P0023,2026-06-19,3,437.97,Organic
O014406,C0409,P0017,2026-06-19,1,123.28,Paid
O014407,C0007,P0027,2026-06-19,3,40.17,Paid
O014408,C0786,P0038,2026-06-19,1,68.37,Referral
O014409,C0682,P0009,2026-06-19,2,152.56,Paid
O014410,C0116,P0011,2026-06-19,3,136.29,Email
O014411,C0246,P0010,2026-06-19,2,38.8,Paid
O014412,C0721,P0021,2026-06-19,3,335.28,Referral
O014413,C0174,P0021,2026-06-19,3,335.28,Email
O014414,C0290,P0019,2026-06-19,1,65.77,Paid
O014415,C0650,P0026,2026-06-19,3,65.61,Organic
O014416,C0556,P0026,2026-06-19,2,43.74,Referral
O014417,C0664,P0026,2026-06-19,1,21.87,Organic
O014418,C0095,P0038,2026-06-19,2,136.74,Referral
O014419,C0458,P0038,2026-06-19,3,205.11,Paid
O014420,C0156,P0002,2026-06-20,2,534.12,Referral
O014421,C0636,P0001,2026-06-20,1,40.3,Organic
O014422,C0362,P0001,2026-06-20,2,80.6,Paid
O014423,C0700,P0003,2026-06-20,1,335.97,Organic
O014424,C0453,P0010,2026-06-20,1,19.4,Paid
O014425,C0726,P0013,2026-06-20,2,89.72,Paid
O014426,C0649,P0010,2026-06-20,2,38.8,Referral
O014427,C0700,P0009,2026-06-20,1,76.28,Organic
O014428,C0317,P0013,2026-06-20,1,44.86,Organic
O014429,C0159,P0022,2026-06-20,1,41.19,Organic
O014430,C0021,P0021,2026-06-20,3,335.28,Organic
O014431,C0317,P0019,2026-06-20,3,197.31,Email
O014432,C0715,P0027,2026-06-20,2,26.78,Email
O014433,C0540,P0025,2026-06-20,2,54.02,Organic
O014434,C0769,P0029,2026-06-20,1,24.45,Paid
O014435,C0249,P0030,2026-06-20,1,27.21,Organic
O014436,C0241,P0034,2026-06-20,3,161.73,Organic
O014437,C0672,P0004,2026-06-20,2,363.72,Paid
O014438,C0092,P0003,2026-06-20,1,335.97,Organic
O014439,C0448,P0007,2026-06-20,3,203.79,Organic
O014440,C0158,P0003,2026-06-20,3,1007.91,Organic
O014441,C0747,P0006,2026-06-20,3,262.62,Referral
O014442,C0553,P0002,2026-06-20,2,534.12,Paid
O014443,C0672,P0002,2026-06-20,2,534.12,Paid
O014444,C0381,P0012,2026-06-20,1,45.06,Paid
O014445,C0648,P0011,2026-06-20,3,136.29,Organic
O014446,C0162,P0013,2026-06-20,2,89.72,Paid
O014447,C0521,P0009,2026-06-20,3,228.84,Organic
O014448,C0696,P0016,2026-06-20,1,30.3,Organic
O014449,C0728,P0024,2026-06-20,1,95.17,Email
O014450,C0407,P0023,2026-06-20,1,145.99,Paid
O014451,C0329,P0021,2026-06-20,1,111.76,Paid
O014452,C0778,P0021,2026-06-20,1,111.76,Referral
O014453,C0207,P0029,2026-06-20,2,48.9,Paid
O014454,C0430,P0025,2026-06-20,2,54.02,Paid
O014455,C0640,P0025,2026-06-20,2,54.02,Organic
O014456,C0115,P0038,2026-06-20,2,136.74,Paid
O014457,C0059,P0034,2026-06-20,3,161.73,Organic
O014458,C0597,P0040,2026-06-20,3,181.47,Organic
O014459,C0426,P0034,2026-06-20,2,107.82,Organic
O014460,C0237,P0003,2026-06-20,1,335.97,Paid
O014461,C0374,P0003,2026-06-20,2,671.94,Paid
O014462,C0048,P0004,2026-06-20,1,181.86,Paid
O014463,C0181,P0006,2026-06-20,1,87.54,Organic
O014464,C0332,P0012,2026-06-20,3,135.18,Organic
O014465,C0788,P0014,2026-06-20,1,54.5,Organic
O014466,C0237,P0016,2026-06-20,2,60.6,Organic
O014467,C0482,P0024,2026-06-20,1,95.17,Referral
O014468,C0259,P0022,2026-06-20,3,123.57,Organic
O014469,C0383,P0025,2026-06-20,3,81.03,Organic
O014470,C0094,P0038,2026-06-20,3,205.11,Paid
O014471,C0575,P0039,2026-06-20,1,110.51,Organic
O014472,C0324,P0006,2026-06-20,2,175.08,Organic
O014473,C0028,P0003,2026-06-20,1,335.97,Organic
O014474,C0053,P0008,2026-06-20,2,378.78,Paid
O014475,C0116,P0006,2026-06-20,2,175.08,Organic
O014476,C0643,P0014,2026-06-20,1,54.5,Organic
O014477,C0191,P0020,2026-06-20,2,290.68,Referral
O014478,C0569,P0024,2026-06-20,3,285.51,Organic
O014479,C0191,P0027,2026-06-20,2,26.78,Email
O014480,C0274,P0029,2026-06-20,2,48.9,Referral
O014481,C0710,P0040,2026-06-20,3,181.47,Organic
O014482,C0319,P0037,2026-06-20,3,192.54,Email
O014483,C0134,P0037,2026-06-20,2,128.36,Organic
O014484,C0351,P0037,2026-06-20,1,64.18,Organic
O014485,C0051,P0006,2026-06-21,1,87.54,Organic
O014486,C0280,P0007,2026-06-21,3,203.79,Paid
O014487,C0348,P0012,2026-06-21,2,90.12,Email
O014488,C0302,P0012,2026-06-21,2,90.12,Referral
O014489,C0422,P0016,2026-06-21,3,90.9,Paid
O014490,C0465,P0022,2026-06-21,3,123.57,Paid
O014491,C0323,P0025,2026-06-21,2,54.02,Organic
O014492,C0534,P0031,2026-06-21,1,59.4,Referral
O014493,C0761,P0030,2026-06-21,3,81.63,Organic
O014494,C0348,P0038,2026-06-21,2,136.74,Organic
O014495,C0769,P0039,2026-06-21,3,331.53,Organic
O014496,C0443,P0037,2026-06-21,1,64.18,Email
O014497,C0027,P0034,2026-06-21,3,161.73,Organic
O014498,C0124,P0036,2026-06-21,3,71.19,Paid
O014499,C0084,P0001,2026-06-21,3,120.9,Organic
O014500,C0405,P0003,2026-06-21,2,671.94,Organic
O014501,C0615,P0011,2026-06-21,3,136.29,Organic
O014502,C0539,P0014,2026-06-21,2,109.0,Paid
O014503,C0646,P0009,2026-06-21,2,152.56,Email
O014504,C0510,P0011,2026-06-21,1,45.43,Email
O014505,C0759,P0011,2026-06-21,2,90.86,Paid
O014506,C0414,P0011,2026-06-21,2,90.86,Paid
O014507,C0438,P0023,2026-06-21,3,437.97,Paid
O014508,C0553,P0017,2026-06-21,1,123.28,Paid
O014509,C0084,P0025,2026-06-21,3,81.03,Organic
O014510,C0101,P0032,2026-06-21,3,118.86,Organic
O014511,C0696,P0026,2026-06-21,3,65.61,Organic
O014512,C0149,P0027,2026-06-21,2,26.78,Referral
O014513,C0350,P0032,2026-06-21,2,79.24,Paid
O014514,C0144,P0030,2026-06-21,1,27.21,Organic
O014515,C0242,P0040,2026-06-21,2,120.98,Organic
O014516,C0064,P0033,2026-06-21,1,35.18,Paid
O014517,C0329,P0037,2026-06-21,3,192.54,Organic
O014518,C0243,P0039,2026-06-21,1,110.51,Paid
O014519,C0277,P0040,2026-06-21,1,60.49,Paid
O014520,C0727,P0035,2026-06-21,1,60.4,Organic
O014521,C0363,P0004,2026-06-21,3,545.58,Paid
O014522,C0146,P0004,2026-06-21,1,181.86,Paid
O014523,C0785,P0002,2026-06-21,3,801.18,Referral
O014524,C0412,P0014,2026-06-21,2,109.0,Organic
O014525,C0546,P0009,2026-06-21,3,228.84,Organic
O014526,C0019,P0015,2026-06-21,3,165.42,Organic
O014527,C0138,P0009,2026-06-21,3,228.84,Paid
O014528,C0289,P0013,2026-06-21,2,89.72,Organic
O014529,C0582,P0012,2026-06-21,2,90.12,Organic
O014530,C0299,P0021,2026-06-21,2,223.52,Referral
O014531,C0209,P0020,2026-06-21,3,436.02,Organic
O014532,C0146,P0032,2026-06-21,3,118.86,Referral
O014533,C0632,P0030,2026-06-21,3,81.63,Paid
O014534,C0355,P0034,2026-06-21,2,107.82,Organic
O014535,C0629,P0035,2026-06-21,3,181.2,Email
O014536,C0734,P0038,2026-06-21,1,68.37,Organic
O014537,C0753,P0001,2026-06-21,1,40.3,Organic
O014538,C0200,P0005,2026-06-21,1,66.32,Paid
O014539,C0710,P0001,2026-06-21,3,120.9,Paid
O014540,C0650,P0014,2026-06-21,2,109.0,Email
O014541,C0116,P0017,2026-06-21,1,123.28,Referral
O014542,C0620,P0020,2026-06-21,3,436.02,Organic
O014543,C0532,P0019,2026-06-21,2,131.54,Email
O014544,C0066,P0019,2026-06-21,3,197.31,Organic
O014545,C0055,P0027,2026-06-21,1,13.39,Paid
O014546,C0675,P0032,2026-06-21,1,39.62,Referral
O014547,C0223,P0028,2026-06-21,2,44.4,Paid
O014548,C0316,P0031,2026-06-21,1,59.4,Organic
O014549,C0316,P0029,2026-06-21,1,24.45,Organic
O014550,C0075,P0040,2026-06-21,3,181.47,Paid
O014551,C0604,P0040,2026-06-21,1,60.49,Organic
O014552,C0357,P0040,2026-06-21,1,60.49,Organic
O014553,C0571,P0037,2026-06-21,1,64.18,Organic
O014554,C0442,P0036,2026-06-21,1,23.73,Organic
O014555,C0121,P0001,2026-06-22,1,40.3,Organic
O014556,C0305,P0003,2026-06-22,3,1007.91,Paid
O014557,C0488,P0005,2026-06-22,3,198.96,Paid
O014558,C0245,P0009,2026-06-22,2,152.56,Organic
O014559,C0321,P0010,2026-06-22,2,38.8,Email
O014560,C0294,P0013,2026-06-22,1,44.86,Organic
O014561,C0050,P0014,2026-06-22,1,54.5,Organic
O014562,C0180,P0024,2026-06-22,2,190.34,Organic
O014563,C0746,P0020,2026-06-22,2,290.68,Organic
O014564,C0637,P0021,2026-06-22,1,111.76,Paid
O014565,C0121,P0025,2026-06-22,1,27.01,Email
O014566,C0498,P0030,2026-06-22,3,81.63,Paid
O014567,C0175,P0027,2026-06-22,3,40.17,Referral
O014568,C0196,P0029,2026-06-22,2,48.9,Organic
O014569,C0034,P0032,2026-06-22,2,79.24,Email
O014570,C0465,P0028,2026-06-22,3,66.6,Organic
O014571,C0136,P0032,2026-06-22,2,79.24,Paid
O014572,C0248,P0040,2026-06-22,3,181.47,Organic
O014573,C0469,P0038,2026-06-22,2,136.74,Paid
O014574,C0027,P0036,2026-06-22,1,23.73,Paid
O014575,C0129,P0037,2026-06-22,2,128.36,Paid
O014576,C0672,P0006,2026-06-22,2,175.08,Organic
O014577,C0762,P0016,2026-06-22,3,90.9,Organic
O014578,C0265,P0009,2026-06-22,1,76.28,Paid
O014579,C0364,P0023,2026-06-22,3,437.97,Referral
O014580,C0509,P0026,2026-06-22,2,43.74,Organic
O014581,C0039,P0028,2026-06-22,1,22.2,Paid
O014582,C0489,P0025,2026-06-22,1,27.01,Organic
O014583,C0032,P0028,2026-06-22,2,44.4,Paid
O014584,C0369,P0040,2026-06-22,1,60.49,Email
O014585,C0269,P0004,2026-06-22,1,181.86,Organic
O014586,C0536,P0009,2026-06-22,2,152.56,Referral
O014587,C0748,P0022,2026-06-22,2,82.38,Paid
O014588,C0523,P0021,2026-06-22,3,335.28,Organic
O014589,C0226,P0022,2026-06-22,1,41.19,Paid
O014590,C0002,P0024,2026-06-22,1,95.17,Paid
O014591,C0579,P0028,2026-06-22,1,22.2,Paid
O014592,C0545,P0030,2026-06-22,3,81.63,Paid
O014593,C0590,P0035,2026-06-22,2,120.8,Organic
O014594,C0499,P0003,2026-06-22,3,1007.91,Organic
O014595,C0328,P0005,2026-06-22,2,132.64,Organic
O014596,C0336,P0013,2026-06-22,2,89.72,Organic
O014597,C0623,P0023,2026-06-22,2,291.98,Organic
O014598,C0500,P0021,2026-06-22,1,111.76,Organic
O014599,C0729,P0024,2026-06-22,3,285.51,Organic
O014600,C0173,P0023,2026-06-22,1,145.99,Referral
O014601,C0093,P0026,2026-06-22,3,65.61,Email
O014602,C0020,P0025,2026-06-22,1,27.01,Referral
O014603,C0357,P0026,2026-06-22,1,21.87,Paid
O014604,C0276,P0026,2026-06-22,2,43.74,Referral
O014605,C0684,P0038,2026-06-22,3,205.11,Organic
O014606,C0266,P0037,2026-06-22,1,64.18,Paid
O014607,C0504,P0011,2026-06-23,1,45.43,Referral
O014608,C0743,P0012,2026-06-23,1,45.06,Paid
O014609,C0145,P0010,2026-06-23,2,38.8,Referral
O014610,C0637,P0024,2026-06-23,2,190.34,Organic
O014611,C0175,P0024,2026-06-23,3,285.51,Organic
O014612,C0045,P0030,2026-06-23,2,54.42,Organic
O014613,C0362,P0033,2026-06-23,3,105.54,Organic
O014614,C0746,P0039,2026-06-23,2,221.02,Organic
O014615,C0504,P0034,2026-06-23,1,53.91,Organic
O014616,C0027,P0037,2026-06-23,1,64.18,Organic
O014617,C0649,P0033,2026-06-23,1,35.18,Referral
O014618,C0265,P0007,2026-06-23,3,203.79,Paid
O014619,C0064,P0005,2026-06-23,2,132.64,Email
O014620,C0645,P0004,2026-06-23,1,181.86,Email
O014621,C0054,P0011,2026-06-23,1,45.43,Paid
O014622,C0441,P0015,2026-06-23,1,55.14,Organic
O014623,C0381,P0024,2026-06-23,2,190.34,Referral
O014624,C0101,P0020,2026-06-23,1,145.34,Email
O014625,C0770,P0023,2026-06-23,3,437.97,Paid
O014626,C0533,P0038,2026-06-23,1,68.37,Paid
O014627,C0770,P0037,2026-06-23,2,128.36,Referral
O014628,C0137,P0002,2026-06-23,3,801.18,Organic
O014629,C0226,P0004,2026-06-23,3,545.58,Paid
O014630,C0635,P0016,2026-06-23,1,30.3,Organic
O014631,C0635,P0017,2026-06-23,1,123.28,Email
O014632,C0575,P0018,2026-06-23,3,261.63,Paid
O014633,C0148,P0006,2026-06-23,2,175.08,Referral
O014634,C0496,P0005,2026-06-23,2,132.64,Organic
O014635,C0717,P0008,2026-06-23,2,378.78,Organic
O014636,C0070,P0016,2026-06-23,2,60.6,Paid
O014637,C0231,P0015,2026-06-23,3,165.42,Organic
O014638,C0343,P0016,2026-06-23,2,60.6,Paid
O014639,C0492,P0011,2026-06-23,2,90.86,Email
O014640,C0604,P0024,2026-06-23,1,95.17,Organic
O014641,C0186,P0017,2026-06-23,2,246.56,Referral
O014642,C0185,P0020,2026-06-23,3,436.02,Organic
O014643,C0283,P0017,2026-06-23,1,123.28,Paid
O014644,C0643,P0022,2026-06-23,3,123.57,Paid
O014645,C0290,P0018,2026-06-23,2,174.42,Paid
O014646,C0185,P0027,2026-06-23,1,13.39,Organic
O014647,C0049,P0028,2026-06-23,2,44.4,Organic
O014648,C0710,P0027,2026-06-23,2,26.78,Paid
O014649,C0366,P0029,2026-06-23,2,48.9,Email
O014650,C0658,P0025,2026-06-23,2,54.02,Organic
O014651,C0266,P0030,2026-06-23,3,81.63,Organic
O014652,C0351,P0037,2026-06-23,2,128.36,Email
O014653,C0070,P0038,2026-06-23,3,205.11,Organic
O014654,C0193,P0040,2026-06-23,3,181.47,Paid
O014655,C0564,P0038,2026-06-23,3,205.11,Paid
O014656,C0670,P0038,2026-06-23,3,205.11,Organic
O014657,C0662,P0008,2026-06-24,3,568.17,Paid
O014658,C0293,P0005,2026-06-24,3,198.96,Organic
O014659,C0534,P0016,2026-06-24,1,30.3,Organic
O014660,C0051,P0009,2026-06-24,2,152.56,Paid
O014661,C0302,P0011,2026-06-24,2,90.86,Organic
O014662,C0143,P0027,2026-06-24,1,13.39,Organic
O014663,C0061,P0027,2026-06-24,3,40.17,Email
O014664,C0294,P0027,2026-06-24,3,40.17,Organic
O014665,C0679,P0033,2026-06-24,1,35.18,Paid
O014666,C0719,P0004,2026-06-24,1,181.86,Referral
O014667,C0622,P0015,2026-06-24,2,110.28,Email
O014668,C0101,P0009,2026-06-24,1,76.28,Organic
O014669,C0770,P0019,2026-06-24,1,65.77,Paid
O014670,C0106,P0020,2026-06-24,1,145.34,Paid
O014671,C0723,P0032,2026-06-24,1,39.62,Paid
O014672,C0702,P0032,2026-06-24,3,118.86,Email
O014673,C0461,P0026,2026-06-24,3,65.61,Organic
O014674,C0192,P0032,2026-06-24,3,118.86,Paid
O014675,C0414,P0040,2026-06-24,1,60.49,Paid
O014676,C0206,P0040,2026-06-24,2,120.98,Organic
O014677,C0431,P0035,2026-06-24,2,120.8,Organic
O014678,C0038,P0033,2026-06-24,2,70.36,Paid
O014679,C0589,P0003,2026-06-24,3,1007.91,Organic
O014680,C0355,P0002,2026-06-24,3,801.18,Email
O014681,C0048,P0011,2026-06-24,2,90.86,Referral
O014682,C0618,P0010,2026-06-24,2,38.8,Paid
O014683,C0608,P0023,2026-06-24,2,291.98,Organic
O014684,C0503,P0023,2026-06-24,3,437.97,Paid
O014685,C0525,P0018,2026-06-24,2,174.42,Referral
O014686,C0677,P0024,2026-06-24,2,190.34,Organic
O014687,C0273,P0030,2026-06-24,2,54.42,Paid
O014688,C0594,P0040,2026-06-24,1,60.49,Organic
O014689,C0123,P0038,2026-06-24,3,205.11,Paid
O014690,C0442,P0014,2026-06-24,3,163.5,Organic
O014691,C0200,P0011,2026-06-24,3,136.29,Paid
O014692,C0210,P0022,2026-06-24,2,82.38,Organic
O014693,C0559,P0022,2026-06-24,2,82.38,Paid
O014694,C0492,P0030,2026-06-24,2,54.42,Organic
O014695,C0205,P0040,2026-06-24,1,60.49,Referral
O014696,C0731,P0039,2026-06-24,1,110.51,Organic
O014697,C0303,P0002,2026-06-25,3,801.18,Email
O014698,C0268,P0010,2026-06-25,2,38.8,Organic
O014699,C0228,P0009,2026-06-25,1,76.28,Paid
O014700,C0249,P0022,2026-06-25,2,82.38,Paid
O014701,C0145,P0021,2026-06-25,2,223.52,Organic
O014702,C0372,P0018,2026-06-25,2,174.42,Organic
O014703,C0377,P0028,2026-06-25,2,44.4,Email
O014704,C0401,P0028,2026-06-25,3,66.6,Referral
O014705,C0152,P0027,2026-06-25,3,40.17,Organic
O014706,C0397,P0025,2026-06-25,1,27.01,Organic
O014707,C0208,P0038,2026-06-25,3,205.11,Email
O014708,C0347,P0015,2026-06-25,3,165.42,Organic
O014709,C0295,P0011,2026-06-25,2,90.86,Organic
O014710,C0347,P0024,2026-06-25,3,285.51,Organic
O014711,C0162,P0018,2026-06-25,3,261.63,Email
O014712,C0770,P0019,2026-06-25,3,197.31,Organic
O014713,C0229,P0030,2026-06-25,3,81.63,Paid
O014714,C0229,P0030,2026-06-25,3,81.63,Organic
O014715,C0669,P0030,2026-06-25,3,81.63,Paid
O014716,C0272,P0025,2026-06-25,2,54.02,Referral
O014717,C0740,P0034,2026-06-25,1,53.91,Referral
O014718,C0762,P0040,2026-06-25,3,181.47,Organic
O014719,C0139,P0035,2026-06-25,2,120.8,Organic
O014720,C0326,P0034,2026-06-25,3,161.73,Paid
O014721,C0768,P0004,2026-06-25,3,545.58,Organic
O014722,C0168,P0014,2026-06-25,1,54.5,Paid
O014723,C0273,P0009,2026-06-25,3,228.84,Paid
O014724,C0019,P0013,2026-06-25,2,89.72,Paid
O014725,C0069,P0013,2026-06-25,1,44.86,Organic
O014726,C0757,P0017,2026-06-25,1,123.28,Organic
O014727,C0495,P0018,2026-06-25,2,174.42,Organic
O014728,C0048,P0021,2026-06-25,3,335.28,Organic
O014729,C0497,P0024,2026-06-25,1,95.17,Referral
O014730,C0385,P0017,2026-06-25,3,369.84,Paid
O014731,C0247,P0019,2026-06-25,2,131.54,Organic
O014732,C0512,P0026,2026-06-25,2,43.74,Organic
O014733,C0429,P0028,2026-06-25,3,66.6,Organic
O014734,C0262,P0027,2026-06-25,2,26.78,Organic
O014735,C0748,P0028,2026-06-25,1,22.2,Organic
O014736,C0237,P0038,2026-06-25,1,68.37,Organic
O014737,C0209,P0035,2026-06-25,1,60.4,Email
O014738,C0663,P0038,2026-06-25,3,205.11,Organic
O014739,C0486,P0035,2026-06-25,2,120.8,Referral
O014740,C0782,P0001,2026-06-25,3,120.9,Organic
O014741,C0028,P0008,2026-06-25,1,189.39,Organic
O014742,C0035,P0023,2026-06-25,2,291.98,Organic
O014743,C0532,P0019,2026-06-25,3,197.31,Organic
O014744,C0797,P0017,2026-06-25,3,369.84,Paid
O014745,C0433,P0018,2026-06-25,3,261.63,Organic
O014746,C0507,P0020,2026-06-25,2,290.68,Email
O014747,C0133,P0027,2026-06-25,1,13.39,Email
O014748,C0650,P0031,2026-06-25,2,118.8,Paid
O014749,C0661,P0036,2026-06-25,3,71.19,Organic
O014750,C0667,P0038,2026-06-25,3,205.11,Organic
O014751,C0569,P0038,2026-06-25,1,68.37,Email
O014752,C0599,P0003,2026-06-26,3,1007.91,Paid
O014753,C0659,P0001,2026-06-26,3,120.9,Organic
O014754,C0754,P0006,2026-06-26,3,262.62,Referral
O014755,C0003,P0003,2026-06-26,1,335.97,Paid
O014756,C0537,P0004,2026-06-26,3,545.58,Organic
O014757,C0113,P0015,2026-06-26,2,110.28,Paid
O014758,C0422,P0014,2026-06-26,2,109.0,Organic
O014759,C0067,P0024,2026-06-26,3,285.51,Organic
O014760,C0159,P0017,2026-06-26,1,123.28,Referral
O014761,C0208,P0020,2026-06-26,2,290.68,Paid
O014762,C0130,P0024,2026-06-26,1,95.17,Paid
O014763,C0771,P0021,2026-06-26,1,111.76,Organic
O014764,C0248,P0018,2026-06-26,3,261.63,Organic
O014765,C0376,P0026,2026-06-26,2,43.74,Organic
O014766,C0557,P0026,2026-06-26,3,65.61,Paid
O014767,C0378,P0027,2026-06-26,1,13.39,Paid
O014768,C0401,P0040,2026-06-26,2,120.98,Organic
O014769,C0790,P0038,2026-06-26,2,136.74,Organic
O014770,C0180,P0038,2026-06-26,3,205.11,Paid
O014771,C0215,P0003,2026-06-26,3,1007.91,Organic
O014772,C0059,P0012,2026-06-26,2,90.12,Paid
O014773,C0144,P0017,2026-06-26,1,123.28,Organic
O014774,C0624,P0019,2026-06-26,3,197.31,Email
O014775,C0356,P0029,2026-06-26,2,48.9,Paid
O014776,C0516,P0035,2026-06-26,2,120.8,Paid
O014777,C0099,P0034,2026-06-26,1,53.91,Organic
O014778,C0699,P0004,2026-06-26,2,363.72,Organic
O014779,C0481,P0006,2026-06-26,3,262.62,Paid
O014780,C0612,P0002,2026-06-26,3,801.18,Paid
O014781,C0751,P0009,2026-06-26,1,76.28,Email
O014782,C0734,P0027,2026-06-26,2,26.78,Email
O014783,C0632,P0034,2026-06-26,3,161.73,Referral
O014784,C0495,P0034,2026-06-26,2,107.82,Organic
O014785,C0123,P0034,2026-06-26,2,107.82,Paid
O014786,C0133,P0008,2026-06-26,3,568.17,Paid
O014787,C0223,P0004,2026-06-26,1,181.86,Referral
O014788,C0178,P0008,2026-06-26,1,189.39,Organic
O014789,C0650,P0016,2026-06-26,3,90.9,Paid
O014790,C0147,P0009,2026-06-26,1,76.28,Paid
O014791,C0193,P0021,2026-06-26,2,223.52,Organic
O014792,C0598,P0019,2026-06-26,3,197.31,Email
O014793,C0223,P0017,2026-06-26,2,246.56,Email
O014794,C0730,P0020,2026-06-26,2,290.68,Organic
O014795,C0116,P0028,2026-06-26,2,44.4,Organic
O014796,C0285,P0032,2026-06-26,2,79.24,Email
O014797,C0186,P0038,2026-06-26,1,68.37,Email
O014798,C0442,P0039,2026-06-26,1,110.51,Paid
O014799,C0268,P0007,2026-06-27,1,67.93,Referral
O014800,C0050,P0007,2026-06-27,1,67.93,Organic
O014801,C0100,P0012,2026-06-27,1,45.06,Email
O014802,C0792,P0013,2026-06-27,2,89.72,Paid
O014803,C0317,P0021,2026-06-27,1,111.76,Organic
O014804,C0655,P0025,2026-06-27,2,54.02,Email
O014805,C0465,P0032,2026-06-27,1,39.62,Paid
O014806,C0704,P0031,2026-06-27,2,118.8,Organic
O014807,C0596,P0027,2026-06-27,2,26.78,Paid
O014808,C0108,P0039,2026-06-27,1,110.51,Organic
O014809,C0576,P0035,2026-06-27,1,60.4,Organic
O014810,C0144,P0002,2026-06-27,2,534.12,Referral
O014811,C0183,P0003,2026-06-27,2,671.94,Referral
O014812,C0158,P0005,2026-06-27,1,66.32,Paid
O014813,C0527,P0002,2026-06-27,1,267.06,Paid
O014814,C0264,P0004,2026-06-27,3,545.58,Organic
O014815,C0692,P0002,2026-06-27,1,267.06,Paid
O014816,C0154,P0001,2026-06-27,3,120.9,Organic
O014817,C0018,P0004,2026-06-27,2,363.72,Referral
O014818,C0038,P0006,2026-06-27,2,175.08,Paid
O014819,C0563,P0010,2026-06-27,2,38.8,Paid
O014820,C0457,P0021,2026-06-27,2,223.52,Organic
O014821,C0153,P0024,2026-06-27,1,95.17,Paid
O014822,C0090,P0019,2026-06-27,1,65.77,Referral
O014823,C0526,P0018,2026-06-27,3,261.63,Paid
O014824,C0219,P0023,2026-06-27,1,145.99,Organic
O014825,C0430,P0019,2026-06-27,1,65.77,Organic
O014826,C0038,P0027,2026-06-27,2,26.78,Paid
O014827,C0778,P0031,2026-06-27,2,118.8,Paid
O014828,C0065,P0025,2026-06-27,3,81.03,Organic
O014829,C0234,P0033,2026-06-27,1,35.18,Organic
O014830,C0364,P0036,2026-06-27,3,71.19,Organic
O014831,C0448,P0036,2026-06-27,2,47.46,Paid
O014832,C0627,P0006,2026-06-27,2,175.08,Organic
O014833,C0554,P0004,2026-06-27,3,545.58,Organic
O014834,C0146,P0007,2026-06-27,1,67.93,Email
O014835,C0213,P0007,2026-06-27,1,67.93,Organic
O014836,C0238,P0001,2026-06-27,3,120.9,Organic
O014837,C0078,P0006,2026-06-27,2,175.08,Organic
O014838,C0755,P0015,2026-06-27,2,110.28,Referral
O014839,C0706,P0015,2026-06-27,2,110.28,Organic
O014840,C0629,P0023,2026-06-27,3,437.97,Organic
O014841,C0388,P0023,2026-06-27,1,145.99,Email
O014842,C0677,P0019,2026-06-27,3,197.31,Referral
O014843,C0412,P0024,2026-06-27,1,95.17,Email
O014844,C0734,P0026,2026-06-27,1,21.87,Organic
O014845,C0605,P0037,2026-06-27,2,128.36,Organic
O014846,C0604,P0003,2026-06-27,2,671.94,Referral
O014847,C0015,P0006,2026-06-27,3,262.62,Organic
O014848,C0581,P0004,2026-06-27,1,181.86,Organic
O014849,C0023,P0013,2026-06-27,2,89.72,Paid
O014850,C0357,P0019,2026-06-27,1,65.77,Referral
O014851,C0205,P0030,2026-06-27,3,81.63,Organic
O014852,C0325,P0032,2026-06-27,2,79.24,Email
O014853,C0514,P0032,2026-06-27,3,118.86,Organic
O014854,C0791,P0034,2026-06-27,3,161.73,Organic
O014855,C0713,P0033,2026-06-27,2,70.36,Email
O014856,C0720,P0037,2026-06-27,2,128.36,Email
O014857,C0256,P0039,2026-06-27,1,110.51,Referral
O014858,C0025,P0002,2026-06-28,1,267.06,Paid
O014859,C0453,P0004,2026-06-28,1,181.86,Email
O014860,C0654,P0002,2026-06-28,3,801.18,Email
O014861,C0371,P0006,2026-06-28,3,262.62,Referral
O014862,C0323,P0011,2026-06-28,1,45.43,Organic
O014863,C0303,P0014,2026-06-28,3,163.5,Organic
O014864,C0662,P0014,2026-06-28,1,54.5,Organic
O014865,C0112,P0011,2026-06-28,2,90.86,Email
O014866,C0071,P0022,2026-06-28,1,41.19,Organic
O014867,C0076,P0017,2026-06-28,2,246.56,Referral
O014868,C0271,P0023,2026-06-28,3,437.97,Paid
O014869,C0715,P0032,2026-06-28,1,39.62,Paid
O014870,C0647,P0035,2026-06-28,3,181.2,Organic
O014871,C0271,P0033,2026-06-28,2,70.36,Organic
O014872,C0180,P0034,2026-06-28,2,107.82,Paid
O014873,C0229,P0001,2026-06-28,3,120.9,Organic
O014874,C0510,P0003,2026-06-28,3,1007.91,Paid
O014875,C0192,P0006,2026-06-28,2,175.08,Organic
O014876,C0288,P0005,2026-06-28,3,198.96,Paid
O014877,C0712,P0003,2026-06-28,1,335.97,Paid
O014878,C0381,P0008,2026-06-28,2,378.78,Email
O014879,C0038,P0002,2026-06-28,1,267.06,Organic
O014880,C0381,P0006,2026-06-28,3,262.62,Organic
O014881,C0183,P0003,2026-06-28,3,1007.91,Paid
O014882,C0692,P0014,2026-06-28,3,163.5,Email
O014883,C0762,P0016,2026-06-28,1,30.3,Organic
O014884,C0312,P0014,2026-06-28,2,109.0,Organic
O014885,C0431,P0012,2026-06-28,2,90.12,Email
O014886,C0696,P0009,2026-06-28,1,76.28,Paid
O014887,C0510,P0023,2026-06-28,1,145.99,Referral
O014888,C0747,P0017,2026-06-28,1,123.28,Organic
O014889,C0187,P0023,2026-06-28,2,291.98,Paid
O014890,C0039,P0029,2026-06-28,3,73.35,Paid
O014891,C0727,P0026,2026-06-28,1,21.87,Email
O014892,C0533,P0034,2026-06-28,2,107.82,Paid
O014893,C0199,P0033,2026-06-28,2,70.36,Paid
O014894,C0674,P0036,2026-06-28,3,71.19,Organic
O014895,C0393,P0034,2026-06-28,3,161.73,Paid
O014896,C0292,P0001,2026-06-28,2,80.6,Organic
O014897,C0258,P0002,2026-06-28,3,801.18,Email
O014898,C0002,P0009,2026-06-28,2,152.56,Paid
O014899,C0315,P0016,2026-06-28,2,60.6,Email
O014900,C0482,P0020,2026-06-28,1,145.34,Paid
O014901,C0209,P0023,2026-06-28,1,145.99,Organic
O014902,C0281,P0020,2026-06-28,1,145.34,Organic
O014903,C0216,P0022,2026-06-28,2,82.38,Organic
O014904,C0227,P0023,2026-06-28,3,437.97,Paid
O014905,C0237,P0032,2026-06-28,3,118.86,Paid
O014906,C0451,P0027,2026-06-28,3,40.17,Organic
O014907,C0591,P0029,2026-06-28,3,73.35,Organic
O014908,C0078,P0029,2026-06-28,1,24.45,Paid
O014909,C0424,P0033,2026-06-28,3,105.54,Paid
O014910,C0392,P0034,2026-06-28,2,107.82,Organic
O014911,C0513,P0037,2026-06-28,3,192.54,Email
O014912,C0705,P0039,2026-06-28,2,221.02,Paid
O014913,C0069,P0033,2026-06-28,2,70.36,Email
O014914,C0343,P0001,2026-06-28,1,40.3,Email
O014915,C0722,P0018,2026-06-28,2,174.42,Paid
O014916,C0379,P0031,2026-06-28,3,178.2,Paid
O014917,C0620,P0030,2026-06-28,1,27.21,Paid
O014918,C0028,P0033,2026-06-28,2,70.36,Organic
O014919,C0532,P0035,2026-06-28,1,60.4,Referral
O014920,C0471,P0006,2026-06-29,2,175.08,Organic
O014921,C0565,P0006,2026-06-29,3,262.62,Email
O014922,C0245,P0013,2026-06-29,2,89.72,Email
O014923,C0008,P0014,2026-06-29,1,54.5,Email
O014924,C0548,P0015,2026-06-29,2,110.28,Paid
O014925,C0655,P0015,2026-06-29,2,110.28,Organic
O014926,C0543,P0017,2026-06-29,2,246.56,Organic
O014927,C0572,P0019,2026-06-29,1,65.77,Paid
O014928,C0317,P0029,2026-06-29,2,48.9,Paid
O014929,C0132,P0014,2026-06-29,1,54.5,Paid
O014930,C0477,P0013,2026-06-29,1,44.86,Paid
O014931,C0447,P0024,2026-06-29,1,95.17,Organic
O014932,C0132,P0021,2026-06-29,2,223.52,Paid
O014933,C0309,P0023,2026-06-29,2,291.98,Email
O014934,C0265,P0028,2026-06-29,2,44.4,Paid
O014935,C0065,P0029,2026-06-29,1,24.45,Paid
O014936,C0535,P0003,2026-06-29,3,1007.91,Paid
O014937,C0261,P0001,2026-06-29,1,40.3,Organic
O014938,C0480,P0003,2026-06-29,2,671.94,Organic
O014939,C0388,P0005,2026-06-29,2,132.64,Paid
O014940,C0107,P0007,2026-06-29,3,203.79,Organic
O014941,C0138,P0012,2026-06-29,2,90.12,Paid
O014942,C0216,P0013,2026-06-29,2,89.72,Organic
O014943,C0033,P0017,2026-06-29,2,246.56,Organic
O014944,C0774,P0025,2026-06-29,2,54.02,Referral
O014945,C0392,P0031,2026-06-29,1,59.4,Organic
O014946,C0352,P0030,2026-06-29,2,54.42,Paid
O014947,C0705,P0037,2026-06-29,2,128.36,Paid
O014948,C0730,P0006,2026-06-29,3,262.62,Email
O014949,C0476,P0005,2026-06-29,3,198.96,Referral
O014950,C0197,P0010,2026-06-29,2,38.8,Paid
O014951,C0598,P0013,2026-06-29,2,89.72,Organic
O014952,C0530,P0011,2026-06-29,3,136.29,Organic
O014953,C0095,P0026,2026-06-29,3,65.61,Paid
O014954,C0478,P0033,2026-06-29,3,105.54,Organic
O014955,C0561,P0040,2026-06-29,1,60.49,Organic
O014956,C0382,P0006,2026-06-30,2,175.08,Paid
O014957,C0793,P0008,2026-06-30,2,378.78,Organic
O014958,C0790,P0015,2026-06-30,2,110.28,Organic
O014959,C0793,P0009,2026-06-30,1,76.28,Email
O014960,C0549,P0015,2026-06-30,3,165.42,Organic
O014961,C0679,P0019,2026-06-30,2,131.54,Referral
O014962,C0317,P0018,2026-06-30,2,174.42,Paid
O014963,C0384,P0030,2026-06-30,1,27.21,Paid
O014964,C0386,P0027,2026-06-30,1,13.39,Paid
O014965,C0390,P0040,2026-06-30,3,181.47,Organic
O014966,C0371,P0040,2026-06-30,3,181.47,Email
O014967,C0008,P0038,2026-06-30,2,136.74,Referral
O014968,C0756,P0040,2026-06-30,1,60.49,Email
O014969,C0141,P0038,2026-06-30,1,68.37,Email
O014970,C0031,P0036,2026-06-30,2,47.46,Paid
O014971,C0272,P0012,2026-06-30,3,135.18,Referral
O014972,C0472,P0015,2026-06-30,2,110.28,Organic
O014973,C0669,P0015,2026-06-30,2,110.28,Email
O014974,C0533,P0009,2026-06-30,2,152.56,Referral
O014975,C0018,P0014,2026-06-30,2,109.0,Organic
O014976,C0206,P0021,2026-06-30,2,223.52,Paid
O014977,C0573,P0021,2026-06-30,1,111.76,Paid
O014978,C0519,P0020,2026-06-30,3,436.02,Email
O014979,C0410,P0021,2026-06-30,3,335.28,Paid
O014980,C0457,P0023,2026-06-30,2,291.98,Email
O014981,C0381,P0022,2026-06-30,3,123.57,Referral
O014982,C0105,P0028,2026-06-30,2,44.4,Referral
O014983,C0683,P0032,2026-06-30,3,118.86,Organic
O014984,C0063,P0038,2026-06-30,2,136.74,Organic
O014985,C0295,P0037,2026-06-30,1,64.18,Organic
O014986,C0760,P0033,2026-06-30,3,105.54,Organic
O014987,C0383,P0004,2026-06-30,3,545.58,Organic
O014988,C0391,P0006,2026-06-30,1,87.54,Paid
O014989,C0677,P0009,2026-06-30,2,152.56,Paid
O014990,C0247,P0012,2026-06-30,1,45.06,Email
O014991,C0254,P0022,2026-06-30,1,41.19,Organic
O014992,C0211,P0019,2026-06-30,1,65.77,Email
O014993,C0289,P0018,2026-06-30,1,87.21,Organic
O014994,C0227,P0021,2026-06-30,3,335.28,Organic
O014995,C0483,P0026,2026-06-30,2,43.74,Organic
O014996,C0497,P0029,2026-06-30,2,48.9,Organic
O014997,C0226,P0030,2026-06-30,2,54.42,Paid
O014998,C0327,P0038,2026-06-30,3,205.11,Organic
O014999,C0608,P0039,2026-06-30,3,331.53,Paid
O015000,C0224,P0004,2026-06-30,2,363.72,Organic
O015001,C0657,P0010,2026-06-30,2,38.8,Paid
O015002,C0256,P0011,2026-06-30,3,136.29,Organic
O015003,C0131,P0013,2026-06-30,3,134.58,Organic
O015004,C0717,P0023,2026-06-30,2,291.98,Referral
O015005,C0336,P0022,2026-06-30,1,41.19,Email
O015006,C0479,P0022,2026-06-30,3,123.57,Paid
O015007,C0116,P0024,2026-06-30,3,285.51,Organic
O015008,C0571,P0021,2026-06-30,2,223.52,Organic
O015009,C0134,P0026,2026-06-30,1,21.87,Organic
O015010,C0111,P0028,2026-06-30,3,66.6,Organic
O015011,C0049,P0032,2026-06-30,1,39.62,Paid
O015012,C0028,P0032,2026-06-30,1,39.62,Email
O015013,C0720,P0033,2026-06-30,2,70.36,Organic
O015014,C0283,P0037,2026-06-30,2,128.36,Paid
O015015,C0095,P0033,2026-06-30,1,35.18,Paid
O015016,C0109,P0001,2026-07-01,2,80.6,Paid
O015017,C0113,P0011,2026-07-01,3,136.29,Referral
O015018,C0401,P0021,2026-07-01,3,335.28,Paid
O015019,C0045,P0017,2026-07-01,2,246.56,Email
O015020,C0151,P0025,2026-07-01,2,54.02,Organic
O015021,C0263,P0039,2026-07-01,1,110.51,Organic
O015022,C0245,P0040,2026-07-01,1,60.49,Paid
O015023,C0463,P0033,2026-07-01,3,105.54,Organic
O015024,C0333,P0004,2026-07-01,2,363.72,Paid
O015025,C0286,P0014,2026-07-01,2,109.0,Paid
O015026,C0170,P0011,2026-07-01,2,90.86,Organic
O015027,C0054,P0011,2026-07-01,1,45.43,Paid
O015028,C0300,P0009,2026-07-01,1,76.28,Email
O015029,C0784,P0023,2026-07-01,1,145.99,Paid
O015030,C0472,P0040,2026-07-01,2,120.98,Organic
O015031,C0482,P0004,2026-07-01,2,363.72,Paid
O015032,C0102,P0010,2026-07-01,1,19.4,Organic
O015033,C0429,P0011,2026-07-01,2,90.86,Email
O015034,C0083,P0014,2026-07-01,3,163.5,Paid
O015035,C0432,P0014,2026-07-01,2,109.0,Paid
O015036,C0284,P0018,2026-07-01,2,174.42,Paid
O015037,C0254,P0018,2026-07-01,3,261.63,Paid
O015038,C0531,P0017,2026-07-01,1,123.28,Paid
O015039,C0094,P0018,2026-07-01,3,261.63,Email
O015040,C0019,P0020,2026-07-01,2,290.68,Email
O015041,C0332,P0025,2026-07-01,2,54.02,Organic
O015042,C0289,P0037,2026-07-01,1,64.18,Organic
O015043,C0632,P0033,2026-07-01,2,70.36,Paid
O015044,C0247,P0033,2026-07-01,2,70.36,Paid
O015045,C0473,P0004,2026-07-01,1,181.86,Organic
O015046,C0782,P0001,2026-07-01,3,120.9,Email
O015047,C0200,P0007,2026-07-01,3,203.79,Organic
O015048,C0780,P0013,2026-07-01,1,44.86,Referral
O015049,C0532,P0020,2026-07-01,1,145.34,Paid
O015050,C0750,P0030,2026-07-01,3,81.63,Organic
O015051,C0561,P0034,2026-07-01,3,161.73,Paid
O015052,C0453,P0002,2026-07-02,3,801.18,Organic
O015053,C0636,P0012,2026-07-02,3,135.18,Organic
O015054,C0076,P0014,2026-07-02,1,54.5,Organic
O015055,C0159,P0013,2026-07-02,1,44.86,Email
O015056,C0386,P0024,2026-07-02,1,95.17,Paid
O015057,C0718,P0018,2026-07-02,1,87.21,Organic
O015058,C0607,P0032,2026-07-02,2,79.24,Paid
O015059,C0241,P0036,2026-07-02,2,47.46,Organic
O015060,C0771,P0036,2026-07-02,2,47.46,Organic
O015061,C0323,P0038,2026-07-02,2,136.74,Paid
O015062,C0335,P0038,2026-07-02,1,68.37,Paid
O015063,C0242,P0004,2026-07-02,2,363.72,Referral
O015064,C0678,P0008,2026-07-02,3,568.17,Organic
O015065,C0597,P0008,2026-07-02,3,568.17,Referral
O015066,C0438,P0010,2026-07-02,2,38.8,Email
O015067,C0762,P0022,2026-07-02,1,41.19,Paid
O015068,C0509,P0024,2026-07-02,1,95.17,Paid
O015069,C0485,P0022,2026-07-02,1,41.19,Organic
O015070,C0686,P0026,2026-07-02,3,65.61,Paid
O015071,C0059,P0031,2026-07-02,2,118.8,Referral
O015072,C0171,P0030,2026-07-02,3,81.63,Paid
O015073,C0533,P0028,2026-07-02,1,22.2,Organic
O015074,C0239,P0040,2026-07-02,3,181.47,Paid
O015075,C0077,P0038,2026-07-02,1,68.37,Organic
O015076,C0062,P0002,2026-07-02,1,267.06,Organic
O015077,C0503,P0002,2026-07-02,2,534.12,Referral
O015078,C0058,P0009,2026-07-02,1,76.28,Paid
O015079,C0247,P0015,2026-07-02,2,110.28,Organic
O015080,C0774,P0009,2026-07-02,1,76.28,Organic
O015081,C0432,P0020,2026-07-02,2,290.68,Referral
O015082,C0389,P0018,2026-07-02,1,87.21,Organic
O015083,C0787,P0024,2026-07-02,2,190.34,Paid
O015084,C0284,P0032,2026-07-02,1,39.62,Referral
O015085,C0575,P0030,2026-07-02,1,27.21,Email
O015086,C0591,P0033,2026-07-02,1,35.18,Referral
O015087,C0625,P0004,2026-07-02,1,181.86,Organic
O015088,C0274,P0003,2026-07-02,1,335.97,Paid
O015089,C0282,P0008,2026-07-02,1,189.39,Organic
O015090,C0667,P0009,2026-07-02,3,228.84,Paid
O015091,C0685,P0016,2026-07-02,2,60.6,Referral
O015092,C0561,P0012,2026-07-02,2,90.12,Email
O015093,C0256,P0031,2026-07-02,2,118.8,Email
O015094,C0336,P0026,2026-07-02,1,21.87,Email
O015095,C0613,P0025,2026-07-02,3,81.03,Organic
O015096,C0501,P0032,2026-07-02,1,39.62,Organic
O015097,C0492,P0040,2026-07-02,2,120.98,Referral
O015098,C0343,P0035,2026-07-02,3,181.2,Email
O015099,C0172,P0038,2026-07-02,2,136.74,Organic
O015100,C0110,P0038,2026-07-02,3,205.11,Organic
O015101,C0372,P0005,2026-07-03,3,198.96,Paid
O015102,C0793,P0002,2026-07-03,1,267.06,Organic
O015103,C0145,P0010,2026-07-03,3,58.2,Email
O015104,C0637,P0013,2026-07-03,1,44.86,Organic
O015105,C0726,P0013,2026-07-03,2,89.72,Paid
O015106,C0737,P0010,2026-07-03,1,19.4,Paid
O015107,C0515,P0020,2026-07-03,3,436.02,Referral
O015108,C0756,P0022,2026-07-03,1,41.19,Email
O015109,C0461,P0004,2026-07-03,2,363.72,Referral
O015110,C0099,P0002,2026-07-03,3,801.18,Email
O015111,C0447,P0007,2026-07-03,1,67.93,Paid
O015112,C0521,P0013,2026-07-03,3,134.58,Organic
O015113,C0728,P0009,2026-07-03,2,152.56,Paid
O015114,C0022,P0013,2026-07-03,2,89.72,Paid
O015115,C0106,P0011,2026-07-03,3,136.29,Paid
O015116,C0460,P0016,2026-07-03,1,30.3,Paid
O015117,C0470,P0009,2026-07-03,2,152.56,Organic
O015118,C0431,P0014,2026-07-03,1,54.5,Paid
O015119,C0410,P0032,2026-07-03,3,118.86,Referral
O015120,C0646,P0026,2026-07-03,2,43.74,Paid
O015121,C0167,P0028,2026-07-03,2,44.4,Paid
O015122,C0759,P0038,2026-07-03,1,68.37,Email
O015123,C0260,P0008,2026-07-03,2,378.78,Referral
O015124,C0586,P0001,2026-07-03,1,40.3,Organic
O015125,C0086,P0009,2026-07-03,3,228.84,Referral
O015126,C0765,P0010,2026-07-03,2,38.8,Paid
O015127,C0482,P0019,2026-07-03,3,197.31,Organic
O015128,C0262,P0021,2026-07-03,1,111.76,Organic
O015129,C0800,P0022,2026-07-03,1,41.19,Referral
O015130,C0163,P0024,2026-07-03,3,285.51,Paid
O015131,C0618,P0032,2026-07-03,3,118.86,Email
O015132,C0237,P0026,2026-07-03,1,21.87,Organic
O015133,C0412,P0032,2026-07-03,3,118.86,Organic
O015134,C0493,P0034,2026-07-03,2,107.82,Organic
O015135,C0276,P0006,2026-07-03,2,175.08,Organic
O015136,C0366,P0005,2026-07-03,1,66.32,Paid
O015137,C0729,P0006,2026-07-03,3,262.62,Organic
O015138,C0320,P0001,2026-07-03,2,80.6,Referral
O015139,C0505,P0015,2026-07-03,2,110.28,Referral
O015140,C0274,P0011,2026-07-03,2,90.86,Organic
O015141,C0514,P0010,2026-07-03,3,58.2,Email
O015142,C0440,P0023,2026-07-03,2,291.98,Referral
O015143,C0197,P0027,2026-07-03,3,40.17,Organic
O015144,C0598,P0032,2026-07-03,1,39.62,Referral
O015145,C0178,P0030,2026-07-03,2,54.42,Paid
O015146,C0222,P0032,2026-07-03,3,118.86,Paid
O015147,C0055,P0027,2026-07-03,2,26.78,Organic
O015148,C0020,P0034,2026-07-03,3,161.73,Organic
O015149,C0780,P0038,2026-07-03,1,68.37,Referral
O015150,C0710,P0034,2026-07-03,1,53.91,Organic
O015151,C0401,P0001,2026-07-04,2,80.6,Referral
O015152,C0196,P0008,2026-07-04,3,568.17,Organic
O015153,C0021,P0013,2026-07-04,2,89.72,Paid
O015154,C0034,P0012,2026-07-04,1,45.06,Referral
O015155,C0638,P0013,2026-07-04,2,89.72,Organic
O015156,C0378,P0016,2026-07-04,2,60.6,Paid
O015157,C0017,P0020,2026-07-04,2,290.68,Paid
O015158,C0241,P0029,2026-07-04,1,24.45,Organic
O015159,C0382,P0034,2026-07-04,3,161.73,Email
O015160,C0498,P0040,2026-07-04,1,60.49,Organic
O015161,C0502,P0040,2026-07-04,2,120.98,Paid
O015162,C0348,P0037,2026-07-04,2,128.36,Email
O015163,C0737,P0034,2026-07-04,1,53.91,Organic
O015164,C0305,P0034,2026-07-04,3,161.73,Organic
O015165,C0085,P0034,2026-07-04,1,53.91,Email
O015166,C0680,P0008,2026-07-04,2,378.78,Paid
O015167,C0470,P0007,2026-07-04,2,135.86,Email
O015168,C0597,P0016,2026-07-04,3,90.9,Organic
O015169,C0126,P0014,2026-07-04,3,163.5,Referral
O015170,C0778,P0014,2026-07-04,2,109.0,Email
O015171,C0006,P0024,2026-07-04,1,95.17,Organic
O015172,C0154,P0027,2026-07-04,2,26.78,Organic
O015173,C0322,P0032,2026-07-04,2,79.24,Organic
O015174,C0277,P0029,2026-07-04,1,24.45,Paid
O015175,C0188,P0025,2026-07-04,3,81.03,Organic
O015176,C0733,P0026,2026-07-04,1,21.87,Paid
O015177,C0339,P0039,2026-07-04,2,221.02,Organic
O015178,C0489,P0040,2026-07-04,2,120.98,Organic
O015179,C0783,P0038,2026-07-04,2,136.74,Organic
O015180,C0086,P0011,2026-07-04,3,136.29,Email
O015181,C0363,P0017,2026-07-04,3,369.84,Referral
O015182,C0179,P0021,2026-07-04,2,223.52,Organic
O015183,C0406,P0017,2026-07-04,1,123.28,Organic
O015184,C0086,P0028,2026-07-04,2,44.4,Organic
O015185,C0296,P0028,2026-07-04,1,22.2,Organic
O015186,C0009,P0039,2026-07-04,1,110.51,Referral
O015187,C0424,P0035,2026-07-04,2,120.8,Organic
O015188,C0253,P0007,2026-07-04,2,135.86,Organic
O015189,C0791,P0005,2026-07-04,2,132.64,Email
O015190,C0283,P0003,2026-07-04,2,671.94,Organic
O015191,C0491,P0020,2026-07-04,3,436.02,Paid
O015192,C0794,P0026,2026-07-04,1,21.87,Organic
O015193,C0791,P0030,2026-07-04,2,54.42,Email
O015194,C0205,P0027,2026-07-04,1,13.39,Organic
O015195,C0052,P0026,2026-07-04,2,43.74,Email
O015196,C0476,P0038,2026-07-04,1,68.37,Paid
O015197,C0720,P0038,2026-07-04,3,205.11,Email
O015198,C0598,P0040,2026-07-04,2,120.98,Organic
O015199,C0791,P0037,2026-07-04,3,192.54,Email
O015200,C0195,P0037,2026-07-04,2,128.36,Paid
O015201,C0109,P0007,2026-07-05,1,67.93,Organic
O015202,C0072,P0001,2026-07-05,3,120.9,Paid
O015203,C0754,P0005,2026-07-05,2,132.64,Paid
O015204,C0697,P0001,2026-07-05,3,120.9,Paid
O015205,C0697,P0010,2026-07-05,1,19.4,Organic
O015206,C0121,P0011,2026-07-05,2,90.86,Referral
O015207,C0737,P0014,2026-07-05,2,109.0,Organic
O015208,C0668,P0009,2026-07-05,2,152.56,Referral
O015209,C0311,P0024,2026-07-05,2,190.34,Paid
O015210,C0004,P0020,2026-07-05,3,436.02,Referral
O015211,C0014,P0022,2026-07-05,3,123.57,Email
O015212,C0638,P0025,2026-07-05,3,81.03,Organic
O015213,C0386,P0025,2026-07-05,3,81.03,Organic
O015214,C0037,P0031,2026-07-05,3,178.2,Referral
O015215,C0014,P0040,2026-07-05,1,60.49,Organic
O015216,C0606,P0034,2026-07-05,1,53.91,Organic
O015217,C0687,P0035,2026-07-05,3,181.2,Paid
O015218,C0630,P0037,2026-07-05,1,64.18,Organic
O015219,C0101,P0007,2026-07-05,2,135.86,Paid
O015220,C0166,P0004,2026-07-05,2,363.72,Organic
O015221,C0585,P0005,2026-07-05,3,198.96,Paid
O015222,C0219,P0013,2026-07-05,3,134.58,Referral
O015223,C0032,P0010,2026-07-05,3,58.2,Organic
O015224,C0199,P0014,2026-07-05,3,163.5,Paid
O015225,C0350,P0017,2026-07-05,2,246.56,Paid
O015226,C0676,P0019,2026-07-05,1,65.77,Organic
O015227,C0192,P0022,2026-07-05,2,82.38,Organic
O015228,C0798,P0023,2026-07-05,3,437.97,Organic
O015229,C0166,P0023,2026-07-05,2,291.98,Organic
O015230,C0016,P0031,2026-07-05,2,118.8,Email
O015231,C0016,P0025,2026-07-05,3,81.03,Paid
O015232,C0692,P0031,2026-07-05,3,178.2,Paid
O015233,C0277,P0036,2026-07-05,3,71.19,Organic
O015234,C0719,P0038,2026-07-05,3,205.11,Paid
O015235,C0616,P0033,2026-07-05,2,70.36,Organic
O015236,C0742,P0007,2026-07-05,2,135.86,Paid
O015237,C0589,P0004,2026-07-05,3,545.58,Organic
O015238,C0083,P0015,2026-07-05,3,165.42,Paid
O015239,C0002,P0014,2026-07-05,1,54.5,Email
O015240,C0748,P0010,2026-07-05,2,38.8,Organic
O015241,C0069,P0015,2026-07-05,2,110.28,Email
O015242,C0389,P0018,2026-07-05,3,261.63,Organic
O015243,C0612,P0023,2026-07-05,3,437.97,Paid
O015244,C0327,P0023,2026-07-05,1,145.99,Organic
O015245,C0267,P0031,2026-07-05,1,59.4,Email
O015246,C0594,P0027,2026-07-05,3,40.17,Email
O015247,C0247,P0026,2026-07-05,3,65.61,Organic
O015248,C0749,P0029,2026-07-05,3,73.35,Organic
O015249,C0128,P0029,2026-07-05,1,24.45,Organic
O015250,C0706,P0029,2026-07-05,2,48.9,Organic
O015251,C0225,P0031,2026-07-05,2,118.8,Paid
O015252,C0205,P0010,2026-07-05,2,38.8,Email
O015253,C0587,P0009,2026-07-05,3,228.84,Organic
O015254,C0730,P0009,2026-07-05,3,228.84,Paid
O015255,C0794,P0014,2026-07-05,1,54.5,Organic
O015256,C0729,P0020,2026-07-05,3,436.02,Email
O015257,C0722,P0028,2026-07-05,3,66.6,Organic
O015258,C0224,P0032,2026-07-05,3,118.86,Organic
O015259,C0131,P0039,2026-07-05,3,331.53,Organic
O015260,C0780,P0040,2026-07-05,3,181.47,Email
O015261,C0584,P0039,2026-07-05,1,110.51,Paid
O015262,C0365,P0003,2026-07-06,3,1007.91,Organic
O015263,C0136,P0007,2026-07-06,3,203.79,Organic
O015264,C0275,P0001,2026-07-06,2,80.6,Paid
O015265,C0665,P0015,2026-07-06,1,55.14,Organic
O015266,C0159,P0016,2026-07-06,2,60.6,Email
O015267,C0050,P0012,2026-07-06,3,135.18,Referral
O015268,C0180,P0036,2026-07-06,2,47.46,Organic
O015269,C0430,P0003,2026-07-06,2,671.94,Paid
O015270,C0708,P0002,2026-07-06,1,267.06,Paid
O015271,C0177,P0016,2026-07-06,1,30.3,Organic
O015272,C0103,P0013,2026-07-06,1,44.86,Organic
O015273,C0740,P0016,2026-07-06,1,30.3,Organic
O015274,C0101,P0023,2026-07-06,2,291.98,Email
O015275,C0090,P0017,2026-07-06,2,246.56,Organic
O015276,C0206,P0019,2026-07-06,2,131.54,Paid
O015277,C0149,P0030,2026-07-06,1,27.21,Email
O015278,C0778,P0031,2026-07-06,3,178.2,Referral
O015279,C0468,P0032,2026-07-06,3,118.86,Email
O015280,C0207,P0040,2026-07-06,3,181.47,Organic
O015281,C0123,P0009,2026-07-06,3,228.84,Paid
O015282,C0269,P0013,2026-07-06,3,134.58,Organic
O015283,C0749,P0010,2026-07-06,3,58.2,Paid
O015284,C0160,P0025,2026-07-06,3,81.03,Email
O015285,C0355,P0028,2026-07-06,3,66.6,Organic
O015286,C0019,P0027,2026-07-06,1,13.39,Email
O015287,C0060,P0028,2026-07-06,3,66.6,Organic
O015288,C0342,P0032,2026-07-06,2,79.24,Organic
O015289,C0160,P0029,2026-07-06,2,48.9,Organic
O015290,C0412,P0035,2026-07-06,3,181.2,Email
O015291,C0374,P0037,2026-07-06,3,192.54,Organic
O015292,C0742,P0035,2026-07-06,3,181.2,Paid
O015293,C0604,P0002,2026-07-06,2,534.12,Organic
O015294,C0066,P0017,2026-07-06,2,246.56,Organic
O015295,C0255,P0020,2026-07-06,2,290.68,Organic
O015296,C0479,P0022,2026-07-06,2,82.38,Organic
O015297,C0191,P0030,2026-07-06,3,81.63,Organic
O015298,C0722,P0030,2026-07-06,2,54.42,Organic
O015299,C0571,P0037,2026-07-06,2,128.36,Paid
O015300,C0178,P0035,2026-07-06,2,120.8,Email
O015301,C0598,P0037,2026-07-06,1,64.18,Paid
O015302,C0530,P0038,2026-07-06,3,205.11,Organic
O015303,C0703,P0007,2026-07-07,1,67.93,Organic
O015304,C0572,P0001,2026-07-07,2,80.6,Email
O015305,C0124,P0002,2026-07-07,3,801.18,Email
O015306,C0665,P0011,2026-07-07,3,136.29,Referral
O015307,C0398,P0012,2026-07-07,2,90.12,Organic
O015308,C0152,P0010,2026-07-07,3,58.2,Organic
O015309,C0538,P0017,2026-07-07,3,369.84,Email
O015310,C0287,P0039,2026-07-07,1,110.51,Paid
O015311,C0534,P0034,2026-07-07,1,53.91,Referral
O015312,C0449,P0038,2026-07-07,1,68.37,Organic
O015313,C0407,P0002,2026-07-07,3,801.18,Organic
O015314,C0778,P0002,2026-07-07,1,267.06,Organic
O015315,C0648,P0014,2026-07-07,1,54.5,Organic
O015316,C0219,P0017,2026-07-07,1,123.28,Email
O015317,C0188,P0023,2026-07-07,2,291.98,Organic
O015318,C0081,P0020,2026-07-07,1,145.34,Organic
O015319,C0783,P0023,2026-07-07,1,145.99,Paid
O015320,C0727,P0028,2026-07-07,2,44.4,Organic
O015321,C0264,P0030,2026-07-07,2,54.42,Paid
O015322,C0778,P0040,2026-07-07,3,181.47,Organic
O015323,C0518,P0040,2026-07-07,2,120.98,Organic
O015324,C0457,P0035,2026-07-07,1,60.4,Email
O015325,C0448,P0039,2026-07-07,3,331.53,Organic
O015326,C0745,P0002,2026-07-07,3,801.18,Paid
O015327,C0137,P0006,2026-07-07,2,175.08,Organic
O015328,C0547,P0008,2026-07-07,3,568.17,Organic
O015329,C0773,P0014,2026-07-07,2,109.0,Organic
O015330,C0060,P0011,2026-07-07,3,136.29,Email
O015331,C0745,P0009,2026-07-07,1,76.28,Paid
O015332,C0363,P0020,2026-07-07,3,436.02,Paid
O015333,C0157,P0020,2026-07-07,1,145.34,Paid
O015334,C0775,P0029,2026-07-07,2,48.9,Organic
O015335,C0296,P0026,2026-07-07,3,65.61,Referral
O015336,C0048,P0026,2026-07-07,2,43.74,Organic
O015337,C0053,P0002,2026-07-07,1,267.06,Organic
O015338,C0185,P0005,2026-07-07,3,198.96,Email
O015339,C0088,P0008,2026-07-07,1,189.39,Paid
O015340,C0758,P0016,2026-07-07,1,30.3,Email
O015341,C0282,P0009,2026-07-07,3,228.84,Organic
O015342,C0781,P0016,2026-07-07,1,30.3,Organic
O015343,C0276,P0021,2026-07-07,3,335.28,Organic
O015344,C0256,P0025,2026-07-07,3,81.03,Paid
O015345,C0244,P0029,2026-07-07,1,24.45,Paid
O015346,C0736,P0031,2026-07-07,3,178.2,Email
O015347,C0324,P0036,2026-07-07,1,23.73,Paid
O015348,C0714,P0034,2026-07-07,3,161.73,Paid
O015349,C0614,P0037,2026-07-07,1,64.18,Paid
O015350,C0606,P0004,2026-07-08,1,181.86,Paid
O015351,C0104,P0008,2026-07-08,1,189.39,Organic
O015352,C0248,P0002,2026-07-08,3,801.18,Organic
O015353,C0376,P0007,2026-07-08,2,135.86,Organic
O015354,C0398,P0003,2026-07-08,2,671.94,Organic
O015355,C0638,P0004,2026-07-08,2,363.72,Organic
O015356,C0263,P0005,2026-07-08,2,132.64,Organic
O015357,C0275,P0016,2026-07-08,3,90.9,Organic
O015358,C0275,P0011,2026-07-08,1,45.43,Email
O015359,C0394,P0011,2026-07-08,3,136.29,Paid
O015360,C0600,P0017,2026-07-08,2,246.56,Email
O015361,C0671,P0004,2026-07-08,3,545.58,Organic
O015362,C0470,P0004,2026-07-08,2,363.72,Organic
O015363,C0566,P0012,2026-07-08,3,135.18,Organic
O015364,C0144,P0021,2026-07-08,3,335.28,Paid
O015365,C0080,P0019,2026-07-08,3,197.31,Organic
O015366,C0624,P0020,2026-07-08,1,145.34,Paid
O015367,C0724,P0029,2026-07-08,1,24.45,Organic
O015368,C0694,P0035,2026-07-08,3,181.2,Email
O015369,C0783,P0033,2026-07-08,1,35.18,Organic
O015370,C0663,P0005,2026-07-08,1,66.32,Email
O015371,C0593,P0014,2026-07-08,2,109.0,Paid
O015372,C0705,P0021,2026-07-08,1,111.76,Email
O015373,C0385,P0022,2026-07-08,2,82.38,Email
O015374,C0374,P0019,2026-07-08,3,197.31,Organic
O015375,C0012,P0023,2026-07-08,3,437.97,Paid
O015376,C0629,P0017,2026-07-08,3,369.84,Organic
O015377,C0146,P0025,2026-07-08,2,54.02,Organic
O015378,C0627,P0037,2026-07-08,1,64.18,Paid
O015379,C0658,P0006,2026-07-08,2,175.08,Organic
O015380,C0657,P0010,2026-07-08,1,19.4,Paid
O015381,C0232,P0016,2026-07-08,2,60.6,Paid
O015382,C0631,P0014,2026-07-08,1,54.5,Organic
O015383,C0552,P0015,2026-07-08,1,55.14,Organic
O015384,C0246,P0020,2026-07-08,2,290.68,Organic
O015385,C0496,P0023,2026-07-08,3,437.97,Paid
O015386,C0127,P0024,2026-07-08,3,285.51,Referral
O015387,C0667,P0029,2026-07-08,2,48.9,Organic
O015388,C0559,P0031,2026-07-08,1,59.4,Organic
O015389,C0055,P0038,2026-07-08,2,136.74,Email
O015390,C0070,P0033,2026-07-08,2,70.36,Paid
O015391,C0093,P0035,2026-07-08,3,181.2,Organic
O015392,C0670,P0040,2026-07-08,2,120.98,Paid
O015393,C0638,P0016,2026-07-09,3,90.9,Referral
O015394,C0538,P0010,2026-07-09,1,19.4,Organic
O015395,C0790,P0020,2026-07-09,1,145.34,Email
O015396,C0711,P0020,2026-07-09,3,436.02,Paid
O015397,C0240,P0017,2026-07-09,2,246.56,Paid
O015398,C0025,P0021,2026-07-09,2,223.52,Paid
O015399,C0718,P0017,2026-07-09,1,123.28,Organic
O015400,C0453,P0021,2026-07-09,3,335.28,Organic
O015401,C0390,P0020,2026-07-09,1,145.34,Referral
O015402,C0121,P0025,2026-07-09,1,27.01,Email
O015403,C0799,P0032,2026-07-09,3,118.86,Paid
O015404,C0711,P0028,2026-07-09,1,22.2,Organic
O015405,C0184,P0040,2026-07-09,1,60.49,Organic
O015406,C0101,P0005,2026-07-09,3,198.96,Organic
O015407,C0029,P0006,2026-07-09,3,262.62,Referral
O015408,C0314,P0008,2026-07-09,1,189.39,Organic
O015409,C0539,P0005,2026-07-09,2,132.64,Organic
O015410,C0517,P0005,2026-07-09,3,198.96,Paid
O015411,C0183,P0016,2026-07-09,2,60.6,Paid
O015412,C0199,P0015,2026-07-09,1,55.14,Organic
O015413,C0115,P0012,2026-07-09,2,90.12,Organic
O015414,C0470,P0024,2026-07-09,2,190.34,Organic
O015415,C0278,P0024,2026-07-09,2,190.34,Organic
O015416,C0162,P0024,2026-07-09,3,285.51,Email
O015417,C0518,P0022,2026-07-09,3,123.57,Email
O015418,C0745,P0008,2026-07-09,3,568.17,Email
O015419,C0570,P0011,2026-07-09,2,90.86,Organic
O015420,C0590,P0017,2026-07-09,3,369.84,Referral
O015421,C0459,P0023,2026-07-09,2,291.98,Referral
O015422,C0763,P0027,2026-07-09,2,26.78,Organic
O015423,C0749,P0032,2026-07-09,1,39.62,Organic
O015424,C0227,P0039,2026-07-09,3,331.53,Organic
O015425,C0342,P0035,2026-07-09,1,60.4,Organic
O015426,C0623,P0001,2026-07-09,1,40.3,Paid
O015427,C0198,P0005,2026-07-09,3,198.96,Paid
O015428,C0274,P0007,2026-07-09,2,135.86,Referral
O015429,C0791,P0010,2026-07-09,3,58.2,Organic
O015430,C0625,P0012,2026-07-09,2,90.12,Email
O015431,C0479,P0012,2026-07-09,3,135.18,Organic
O015432,C0015,P0019,2026-07-09,2,131.54,Organic
O015433,C0224,P0020,2026-07-09,2,290.68,Paid
O015434,C0487,P0024,2026-07-09,2,190.34,Paid
O015435,C0068,P0024,2026-07-09,1,95.17,Organic
O015436,C0282,P0023,2026-07-09,2,291.98,Organic
O015437,C0667,P0032,2026-07-09,1,39.62,Organic
O015438,C0781,P0035,2026-07-09,2,120.8,Email
O015439,C0121,P0003,2026-07-10,2,671.94,Email
O015440,C0061,P0006,2026-07-10,1,87.54,Organic
O015441,C0469,P0004,2026-07-10,1,181.86,Paid
O015442,C0576,P0004,2026-07-10,3,545.58,Paid
O015443,C0443,P0011,2026-07-10,1,45.43,Paid
O015444,C0317,P0016,2026-07-10,2,60.6,Organic
O015445,C0382,P0012,2026-07-10,1,45.06,Organic
O015446,C0565,P0021,2026-07-10,2,223.52,Paid
O015447,C0703,P0032,2026-07-10,1,39.62,Email
O015448,C0390,P0027,2026-07-10,1,13.39,Paid
O015449,C0014,P0026,2026-07-10,2,43.74,Organic
O015450,C0572,P0039,2026-07-10,3,331.53,Paid
O015451,C0001,P0034,2026-07-10,1,53.91,Organic
O015452,C0394,P0040,2026-07-10,3,181.47,Organic
O015453,C0692,P0005,2026-07-10,3,198.96,Email
O015454,C0080,P0004,2026-07-10,2,363.72,Paid
O015455,C0038,P0004,2026-07-10,1,181.86,Referral
O015456,C0724,P0003,2026-07-10,3,1007.91,Organic
O015457,C0381,P0012,2026-07-10,1,45.06,Paid
O015458,C0194,P0012,2026-07-10,1,45.06,Paid
O015459,C0064,P0011,2026-07-10,3,136.29,Organic
O015460,C0150,P0022,2026-07-10,2,82.38,Paid
O015461,C0340,P0017,2026-07-10,1,123.28,Paid
O015462,C0634,P0020,2026-07-10,1,145.34,Organic
O015463,C0142,P0028,2026-07-10,3,66.6,Organic
O015464,C0475,P0032,2026-07-10,3,118.86,Email
O015465,C0472,P0029,2026-07-10,2,48.9,Organic
O015466,C0759,P0034,2026-07-10,3,161.73,Email
O015467,C0286,P0034,2026-07-10,2,107.82,Organic
O015468,C0337,P0035,2026-07-10,3,181.2,Organic
O015469,C0006,P0037,2026-07-10,1,64.18,Referral
O015470,C0775,P0004,2026-07-10,2,363.72,Organic
O015471,C0786,P0008,2026-07-10,2,378.78,Organic
O015472,C0225,P0013,2026-07-10,3,134.58,Paid
O015473,C0632,P0016,2026-07-10,3,90.9,Paid
O015474,C0452,P0015,2026-07-10,2,110.28,Organic
O015475,C0363,P0018,2026-07-10,3,261.63,Email
O015476,C0785,P0019,2026-07-10,3,197.31,Organic
O015477,C0612,P0024,2026-07-10,2,190.34,Organic
O015478,C0374,P0017,2026-07-10,2,246.56,Email
O015479,C0568,P0017,2026-07-10,2,246.56,Organic
O015480,C0757,P0020,2026-07-10,3,436.02,Organic
O015481,C0546,P0021,2026-07-10,1,111.76,Email
O015482,C0102,P0035,2026-07-10,3,181.2,Organic
O015483,C0201,P0035,2026-07-10,3,181.2,Organic
O015484,C0690,P0003,2026-07-10,3,1007.91,Paid
O015485,C0028,P0006,2026-07-10,2,175.08,Paid
O015486,C0205,P0016,2026-07-10,1,30.3,Organic
O015487,C0780,P0014,2026-07-10,2,109.0,Organic
O015488,C0551,P0023,2026-07-10,2,291.98,Organic
O015489,C0561,P0024,2026-07-10,1,95.17,Organic
O015490,C0328,P0024,2026-07-10,2,190.34,Email
O015491,C0433,P0031,2026-07-10,2,118.8,Organic
O015492,C0283,P0027,2026-07-10,3,40.17,Paid
O015493,C0496,P0037,2026-07-10,3,192.54,Paid
O015494,C0769,P0007,2026-07-11,2,135.86,Organic
O015495,C0630,P0011,2026-07-11,2,90.86,Organic
O015496,C0071,P0012,2026-07-11,3,135.18,Organic
O015497,C0348,P0009,2026-07-11,3,228.84,Organic
O015498,C0596,P0012,2026-07-11,3,135.18,Email
O015499,C0184,P0018,2026-07-11,2,174.42,Email
O015500,C0718,P0020,2026-07-11,3,436.02,Email
O015501,C0252,P0017,2026-07-11,1,123.28,Paid
O015502,C0771,P0017,2026-07-11,2,246.56,Paid
O015503,C0051,P0022,2026-07-11,3,123.57,Referral
O015504,C0548,P0027,2026-07-11,3,40.17,Paid
O015505,C0630,P0040,2026-07-11,1,60.49,Organic
O015506,C0021,P0034,2026-07-11,3,161.73,Organic
O015507,C0735,P0004,2026-07-11,3,545.58,Email
O015508,C0312,P0001,2026-07-11,1,40.3,Paid
O015509,C0426,P0013,2026-07-11,1,44.86,Organic
O015510,C0798,P0016,2026-07-11,2,60.6,Organic
O015511,C0789,P0010,2026-07-11,3,58.2,Email
O015512,C0272,P0009,2026-07-11,1,76.28,Organic
O015513,C0708,P0015,2026-07-11,1,55.14,Organic
O015514,C0688,P0016,2026-07-11,2,60.6,Email
O015515,C0277,P0010,2026-07-11,1,19.4,Paid
O015516,C0230,P0015,2026-07-11,3,165.42,Organic
O015517,C0182,P0024,2026-07-11,1,95.17,Organic
O015518,C0018,P0028,2026-07-11,3,66.6,Organic
O015519,C0566,P0030,2026-07-11,2,54.42,Paid
O015520,C0408,P0040,2026-07-11,2,120.98,Organic
O015521,C0207,P0035,2026-07-11,1,60.4,Email
O015522,C0404,P0034,2026-07-11,1,53.91,Paid
O015523,C0254,P0004,2026-07-11,3,545.58,Organic
O015524,C0452,P0005,2026-07-11,1,66.32,Paid
O015525,C0291,P0012,2026-07-11,2,90.12,Organic
O015526,C0019,P0013,2026-07-11,3,134.58,Organic
O015527,C0699,P0009,2026-07-11,1,76.28,Email
O015528,C0296,P0011,2026-07-11,2,90.86,Paid
O015529,C0450,P0009,2026-07-11,3,228.84,Organic
O015530,C0459,P0016,2026-07-11,3,90.9,Email
O015531,C0768,P0024,2026-07-11,1,95.17,Paid
O015532,C0137,P0018,2026-07-11,2,174.42,Organic
O015533,C0495,P0022,2026-07-11,3,123.57,Organic
O015534,C0503,P0040,2026-07-11,2,120.98,Organic
O015535,C0765,P0035,2026-07-11,1,60.4,Email
O015536,C0259,P0038,2026-07-11,3,205.11,Referral
O015537,C0123,P0036,2026-07-11,1,23.73,Paid
O015538,C0254,P0034,2026-07-11,3,161.73,Organic
O015539,C0677,P0033,2026-07-11,3,105.54,Email
O015540,C0642,P0038,2026-07-11,3,205.11,Email
O015541,C0482,P0038,2026-07-11,1,68.37,Paid
O015542,C0068,P0006,2026-07-11,2,175.08,Referral
O015543,C0127,P0009,2026-07-11,1,76.28,Paid
O015544,C0781,P0013,2026-07-11,1,44.86,Referral
O015545,C0433,P0024,2026-07-11,2,190.34,Paid
O015546,C0528,P0027,2026-07-11,2,26.78,Referral
O015547,C0658,P0035,2026-07-11,2,120.8,Organic
O015548,C0620,P0039,2026-07-11,3,331.53,Email
O015549,C0197,P0035,2026-07-11,3,181.2,Organic
O015550,C0552,P0036,2026-07-11,1,23.73,Organic
O015551,C0066,P0036,2026-07-11,1,23.73,Organic
O015552,C0051,P0008,2026-07-12,3,568.17,Organic
O015553,C0638,P0005,2026-07-12,2,132.64,Organic
O015554,C0156,P0015,2026-07-12,3,165.42,Organic
O015555,C0534,P0012,2026-07-12,3,135.18,Organic
O015556,C0562,P0012,2026-07-12,3,135.18,Paid
O015557,C0607,P0024,2026-07-12,3,285.51,Organic
O015558,C0079,P0022,2026-07-12,1,41.19,Organic
O015559,C0600,P0021,2026-07-12,2,223.52,Organic
O015560,C0087,P0032,2026-07-12,3,118.86,Organic
O015561,C0141,P0029,2026-07-12,3,73.35,Organic
O015562,C0034,P0025,2026-07-12,1,27.01,Paid
O015563,C0549,P0029,2026-07-12,2,48.9,Organic
O015564,C0390,P0034,2026-07-12,1,53.91,Email
O015565,C0151,P0035,2026-07-12,2,120.8,Organic
O015566,C0796,P0039,2026-07-12,1,110.51,Organic
O015567,C0143,P0037,2026-07-12,1,64.18,Organic
O015568,C0425,P0039,2026-07-12,2,221.02,Paid
O015569,C0401,P0040,2026-07-12,3,181.47,Organic
O015570,C0728,P0008,2026-07-12,3,568.17,Organic
O015571,C0182,P0010,2026-07-12,2,38.8,Referral
O015572,C0509,P0016,2026-07-12,2,60.6,Organic
O015573,C0217,P0014,2026-07-12,1,54.5,Email
O015574,C0192,P0021,2026-07-12,2,223.52,Organic
O015575,C0686,P0021,2026-07-12,3,335.28,Organic
O015576,C0724,P0024,2026-07-12,3,285.51,Paid
O015577,C0229,P0025,2026-07-12,3,81.03,Organic
O015578,C0230,P0026,2026-07-12,2,43.74,Referral
O015579,C0230,P0039,2026-07-12,1,110.51,Organic
O015580,C0527,P0035,2026-07-12,3,181.2,Referral
O015581,C0288,P0038,2026-07-12,3,205.11,Organic
O015582,C0342,P0008,2026-07-12,2,378.78,Organic
O015583,C0262,P0004,2026-07-12,3,545.58,Paid
O015584,C0383,P0008,2026-07-12,1,189.39,Organic
O015585,C0409,P0001,2026-07-12,1,40.3,Paid
O015586,C0765,P0002,2026-07-12,3,801.18,Organic
O015587,C0269,P0012,2026-07-12,3,135.18,Paid
O015588,C0269,P0011,2026-07-12,2,90.86,Paid
O015589,C0270,P0011,2026-07-12,3,136.29,Paid
O015590,C0267,P0010,2026-07-12,3,58.2,Email
O015591,C0450,P0012,2026-07-12,2,90.12,Organic
O015592,C0429,P0011,2026-07-12,1,45.43,Referral
O015593,C0098,P0009,2026-07-12,1,76.28,Paid
O015594,C0352,P0023,2026-07-12,3,437.97,Organic
O015595,C0204,P0019,2026-07-12,3,197.31,Email
O015596,C0513,P0024,2026-07-12,2,190.34,Organic
O015597,C0579,P0023,2026-07-12,2,291.98,Organic
O015598,C0523,P0020,2026-07-12,1,145.34,Paid
O015599,C0757,P0024,2026-07-12,1,95.17,Paid
O015600,C0635,P0026,2026-07-12,3,65.61,Organic
O015601,C0627,P0025,2026-07-12,2,54.02,Referral
O015602,C0481,P0038,2026-07-12,2,136.74,Organic
O015603,C0593,P0035,2026-07-12,2,120.8,Paid
O015604,C0690,P0009,2026-07-12,1,76.28,Paid
O015605,C0053,P0012,2026-07-12,1,45.06,Organic
O015606,C0643,P0014,2026-07-12,1,54.5,Organic
O015607,C0522,P0017,2026-07-12,1,123.28,Paid
O015608,C0541,P0023,2026-07-12,3,437.97,Paid
O015609,C0753,P0022,2026-07-12,1,41.19,Paid
O015610,C0178,P0022,2026-07-12,2,82.38,Paid
O015611,C0256,P0017,2026-07-12,3,369.84,Paid
O015612,C0730,P0021,2026-07-12,3,335.28,Paid
O015613,C0360,P0024,2026-07-12,2,190.34,Organic
O015614,C0285,P0027,2026-07-12,1,13.39,Email
O015615,C0730,P0032,2026-07-12,1,39.62,Paid
O015616,C0561,P0030,2026-07-12,2,54.42,Paid
O015617,C0658,P0032,2026-07-12,2,79.24,Organic
O015618,C0118,P0037,2026-07-12,1,64.18,Paid
O015619,C0704,P0003,2026-07-13,3,1007.91,Paid
O015620,C0576,P0009,2026-07-13,2,152.56,Email
O015621,C0515,P0011,2026-07-13,1,45.43,Organic
O015622,C0583,P0021,2026-07-13,2,223.52,Organic
O015623,C0268,P0024,2026-07-13,2,190.34,Referral
O015624,C0279,P0026,2026-07-13,1,21.87,Email
O015625,C0576,P0028,2026-07-13,2,44.4,Paid
O015626,C0469,P0035,2026-07-13,1,60.4,Paid
O015627,C0014,P0033,2026-07-13,2,70.36,Organic
O015628,C0064,P0002,2026-07-13,3,801.18,Email
O015629,C0063,P0001,2026-07-13,1,40.3,Paid
O015630,C0199,P0023,2026-07-13,1,145.99,Organic
O015631,C0139,P0018,2026-07-13,3,261.63,Paid
O015632,C0485,P0018,2026-07-13,3,261.63,Organic
O015633,C0529,P0021,2026-07-13,3,335.28,Organic
O015634,C0628,P0027,2026-07-13,3,40.17,Paid
O015635,C0728,P0040,2026-07-13,2,120.98,Paid
O015636,C0674,P0033,2026-07-13,3,105.54,Referral
O015637,C0363,P0008,2026-07-13,2,378.78,Organic
O015638,C0605,P0016,2026-07-13,2,60.6,Paid
O015639,C0262,P0015,2026-07-13,1,55.14,Organic
O015640,C0284,P0021,2026-07-13,1,111.76,Email
O015641,C0503,P0025,2026-07-13,2,54.02,Paid
O015642,C0612,P0034,2026-07-13,3,161.73,Email
O015643,C0353,P0002,2026-07-13,2,534.12,Organic
O015644,C0055,P0009,2026-07-13,1,76.28,Organic
O015645,C0473,P0012,2026-07-13,1,45.06,Paid
O015646,C0055,P0009,2026-07-13,1,76.28,Organic
O015647,C0320,P0024,2026-07-13,1,95.17,Paid
O015648,C0584,P0032,2026-07-13,1,39.62,Paid
O015649,C0559,P0032,2026-07-13,2,79.24,Paid
O015650,C0053,P0026,2026-07-13,2,43.74,Paid
O015651,C0338,P0036,2026-07-13,2,47.46,Paid
O015652,C0569,P0034,2026-07-13,2,107.82,Organic
O015653,C0657,P0034,2026-07-13,2,107.82,Paid
O015654,C0037,P0001,2026-07-14,3,120.9,Organic
O015655,C0030,P0003,2026-07-14,2,671.94,Paid
O015656,C0606,P0016,2026-07-14,2,60.6,Organic
O015657,C0607,P0013,2026-07-14,1,44.86,Organic
O015658,C0769,P0023,2026-07-14,1,145.99,Paid
O015659,C0679,P0019,2026-07-14,2,131.54,Email
O015660,C0280,P0029,2026-07-14,3,73.35,Paid
O015661,C0504,P0029,2026-07-14,1,24.45,Paid
O015662,C0600,P0038,2026-07-14,3,205.11,Paid
O015663,C0152,P0039,2026-07-14,2,221.02,Organic
O015664,C0024,P0005,2026-07-14,1,66.32,Email
O015665,C0065,P0008,2026-07-14,1,189.39,Referral
O015666,C0747,P0002,2026-07-14,1,267.06,Paid
O015667,C0395,P0008,2026-07-14,1,189.39,Paid
O015668,C0428,P0014,2026-07-14,3,163.5,Organic
O015669,C0337,P0014,2026-07-14,1,54.5,Organic
O015670,C0779,P0016,2026-07-14,3,90.9,Paid
O015671,C0229,P0016,2026-07-14,3,90.9,Organic
O015672,C0468,P0013,2026-07-14,1,44.86,Email
O015673,C0199,P0009,2026-07-14,2,152.56,Email
O015674,C0563,P0020,2026-07-14,3,436.02,Paid
O015675,C0577,P0031,2026-07-14,2,118.8,Paid
O015676,C0277,P0028,2026-07-14,2,44.4,Organic
O015677,C0550,P0025,2026-07-14,1,27.01,Paid
O015678,C0660,P0038,2026-07-14,3,205.11,Organic
O015679,C0153,P0035,2026-07-14,1,60.4,Paid
O015680,C0477,P0035,2026-07-14,1,60.4,Organic
O015681,C0431,P0038,2026-07-14,3,205.11,Organic
O015682,C0800,P0006,2026-07-14,1,87.54,Organic
O015683,C0261,P0008,2026-07-14,1,189.39,Organic
O015684,C0226,P0004,2026-07-14,3,545.58,Organic
O015685,C0480,P0006,2026-07-14,3,262.62,Organic
O015686,C0424,P0012,2026-07-14,3,135.18,Paid
O015687,C0418,P0024,2026-07-14,2,190.34,Email
O015688,C0629,P0024,2026-07-14,3,285.51,Email
O015689,C0742,P0023,2026-07-14,1,145.99,Organic
O015690,C0570,P0029,2026-07-14,1,24.45,Organic
O015691,C0216,P0039,2026-07-14,2,221.02,Email
O015692,C0772,P0035,2026-07-14,3,181.2,Paid
O015693,C0198,P0001,2026-07-14,1,40.3,Email
O015694,C0670,P0002,2026-07-14,2,534.12,Email
O015695,C0501,P0003,2026-07-14,1,335.97,Organic
O015696,C0174,P0015,2026-07-14,1,55.14,Organic
O015697,C0797,P0015,2026-07-14,2,110.28,Organic
O015698,C0675,P0017,2026-07-14,1,123.28,Paid
O015699,C0791,P0021,2026-07-14,1,111.76,Referral
O015700,C0551,P0023,2026-07-14,3,437.97,Paid
O015701,C0053,P0025,2026-07-14,3,81.03,Paid
O015702,C0035,P0039,2026-07-14,1,110.51,Email
O015703,C0223,P0037,2026-07-14,1,64.18,Organic
O015704,C0256,P0033,2026-07-14,1,35.18,Organic
O015705,C0499,P0040,2026-07-14,3,181.47,Organic
O015706,C0549,P0001,2026-07-15,3,120.9,Organic
O015707,C0228,P0011,2026-07-15,2,90.86,Email
O015708,C0537,P0014,2026-07-15,1,54.5,Paid
O015709,C0184,P0018,2026-07-15,1,87.21,Paid
O015710,C0700,P0021,2026-07-15,1,111.76,Email
O015711,C0756,P0032,2026-07-15,3,118.86,Paid
O015712,C0647,P0027,2026-07-15,3,40.17,Organic
O015713,C0654,P0028,2026-07-15,1,22.2,Organic
O015714,C0302,P0031,2026-07-15,2,118.8,Referral
O015715,C0769,P0036,2026-07-15,3,71.19,Organic
O015716,C0037,P0038,2026-07-15,3,205.11,Email
O015717,C0665,P0039,2026-07-15,1,110.51,Organic
O015718,C0743,P0040,2026-07-15,1,60.49,Email
O015719,C0565,P0034,2026-07-15,1,53.91,Referral
O015720,C0602,P0003,2026-07-15,1,335.97,Email
O015721,C0149,P0006,2026-07-15,1,87.54,Email
O015722,C0026,P0002,2026-07-15,2,534.12,Organic
O015723,C0615,P0006,2026-07-15,3,262.62,Paid
O015724,C0779,P0011,2026-07-15,1,45.43,Paid
O015725,C0431,P0011,2026-07-15,3,136.29,Organic
O015726,C0082,P0022,2026-07-15,1,41.19,Paid
O015727,C0595,P0029,2026-07-15,1,24.45,Referral
O015728,C0696,P0026,2026-07-15,3,65.61,Organic
O015729,C0077,P0035,2026-07-15,3,181.2,Organic
O015730,C0059,P0038,2026-07-15,1,68.37,Organic
O015731,C0767,P0002,2026-07-15,1,267.06,Referral
O015732,C0632,P0003,2026-07-15,3,1007.91,Organic
O015733,C0354,P0009,2026-07-15,1,76.28,Organic
O015734,C0763,P0015,2026-07-15,3,165.42,Paid
O015735,C0772,P0015,2026-07-15,2,110.28,Paid
O015736,C0289,P0012,2026-07-15,3,135.18,Organic
O015737,C0608,P0011,2026-07-15,1,45.43,Paid
O015738,C0169,P0017,2026-07-15,2,246.56,Organic
O015739,C0213,P0020,2026-07-15,1,145.34,Referral
O015740,C0757,P0031,2026-07-15,1,59.4,Paid
O015741,C0155,P0037,2026-07-15,1,64.18,Paid
O015742,C0627,P0034,2026-07-15,3,161.73,Paid
O015743,C0200,P0004,2026-07-15,3,545.58,Paid
O015744,C0198,P0007,2026-07-15,2,135.86,Organic
O015745,C0571,P0010,2026-07-15,2,38.8,Organic
O015746,C0328,P0028,2026-07-15,2,44.4,Paid
O015747,C0379,P0033,2026-07-15,2,70.36,Organic
O015748,C0473,P0040,2026-07-15,2,120.98,Email
O015749,C0713,P0033,2026-07-15,3,105.54,Organic
O015750,C0303,P0004,2026-07-16,2,363.72,Email
O015751,C0365,P0001,2026-07-16,2,80.6,Organic
O015752,C0212,P0003,2026-07-16,2,671.94,Paid
O015753,C0021,P0005,2026-07-16,2,132.64,Organic
O015754,C0331,P0003,2026-07-16,2,671.94,Organic
O015755,C0037,P0012,2026-07-16,2,90.12,Organic
O015756,C0085,P0013,2026-07-16,3,134.58,Referral
O015757,C0776,P0018,2026-07-16,3,261.63,Paid
O015758,C0136,P0032,2026-07-16,2,79.24,Referral
O015759,C0280,P0030,2026-07-16,2,54.42,Organic
O015760,C0061,P0029,2026-07-16,2,48.9,Organic
O015761,C0504,P0035,2026-07-16,3,181.2,Organic
O015762,C0076,P0035,2026-07-16,1,60.4,Email
O015763,C0471,P0037,2026-07-16,1,64.18,Organic
O015764,C0308,P0008,2026-07-16,2,378.78,Organic
O015765,C0265,P0013,2026-07-16,1,44.86,Paid
O015766,C0511,P0012,2026-07-16,3,135.18,Organic
O015767,C0696,P0021,2026-07-16,3,335.28,Organic
O015768,C0702,P0022,2026-07-16,3,123.57,Referral
O015769,C0475,P0020,2026-07-16,1,145.34,Organic
O015770,C0426,P0024,2026-07-16,1,95.17,Organic
O015771,C0646,P0019,2026-07-16,2,131.54,Paid
O015772,C0132,P0028,2026-07-16,2,44.4,Organic
O015773,C0405,P0039,2026-07-16,2,221.02,Email
O015774,C0139,P0038,2026-07-16,2,136.74,Organic
O015775,C0264,P0033,2026-07-16,1,35.18,Referral
O015776,C0389,P0021,2026-07-16,2,223.52,Organic
O015777,C0096,P0019,2026-07-16,3,197.31,Paid
O015778,C0744,P0029,2026-07-16,1,24.45,Paid
O015779,C0181,P0027,2026-07-16,2,26.78,Email
O015780,C0269,P0040,2026-07-16,3,181.47,Paid
O015781,C0751,P0035,2026-07-16,2,120.8,Email
O015782,C0102,P0038,2026-07-16,2,136.74,Paid
O015783,C0713,P0002,2026-07-16,2,534.12,Email
O015784,C0736,P0004,2026-07-16,2,363.72,Organic
O015785,C0028,P0013,2026-07-16,2,89.72,Paid
O015786,C0730,P0021,2026-07-16,3,335.28,Paid
O015787,C0147,P0023,2026-07-16,2,291.98,Organic
O015788,C0492,P0032,2026-07-16,2,79.24,Email
O015789,C0027,P0006,2026-07-17,1,87.54,Paid
O015790,C0463,P0011,2026-07-17,2,90.86,Organic
O015791,C0638,P0012,2026-07-17,1,45.06,Paid
O015792,C0520,P0023,2026-07-17,3,437.97,Paid
O015793,C0249,P0024,2026-07-17,1,95.17,Organic
O015794,C0072,P0019,2026-07-17,1,65.77,Referral
O015795,C0386,P0040,2026-07-17,1,60.49,Organic
O015796,C0697,P0038,2026-07-17,3,205.11,Paid
O015797,C0199,P0008,2026-07-17,2,378.78,Email
O015798,C0314,P0001,2026-07-17,3,120.9,Organic
O015799,C0171,P0012,2026-07-17,3,135.18,Organic
O015800,C0676,P0016,2026-07-17,1,30.3,Paid
O015801,C0529,P0022,2026-07-17,3,123.57,Paid
O015802,C0277,P0018,2026-07-17,1,87.21,Organic
O015803,C0688,P0034,2026-07-17,1,53.91,Email
O015804,C0041,P0036,2026-07-17,1,23.73,Organic
O015805,C0536,P0006,2026-07-17,1,87.54,Paid
O015806,C0083,P0016,2026-07-17,3,90.9,Organic
O015807,C0137,P0018,2026-07-17,1,87.21,Organic
O015808,C0536,P0026,2026-07-17,3,65.61,Organic
O015809,C0772,P0036,2026-07-17,2,47.46,Organic
O015810,C0547,P0040,2026-07-17,1,60.49,Referral
O015811,C0536,P0036,2026-07-17,2,47.46,Referral
O015812,C0097,P0033,2026-07-17,3,105.54,Organic
O015813,C0123,P0036,2026-07-17,1,23.73,Organic
O015814,C0195,P0013,2026-07-17,2,89.72,Organic
O015815,C0324,P0012,2026-07-17,1,45.06,Email
O015816,C0020,P0016,2026-07-17,1,30.3,Email
O015817,C0620,P0019,2026-07-17,1,65.77,Organic
O015818,C0173,P0032,2026-07-17,3,118.86,Paid
O015819,C0360,P0027,2026-07-17,2,26.78,Organic
O015820,C0753,P0037,2026-07-17,3,192.54,Referral
O015821,C0348,P0004,2026-07-18,2,363.72,Organic
O015822,C0771,P0007,2026-07-18,1,67.93,Organic
O015823,C0079,P0004,2026-07-18,2,363.72,Organic
O015824,C0287,P0010,2026-07-18,1,19.4,Organic
O015825,C0386,P0012,2026-07-18,2,90.12,Organic
O015826,C0180,P0023,2026-07-18,1,145.99,Organic
O015827,C0104,P0017,2026-07-18,2,246.56,Email
O015828,C0100,P0020,2026-07-18,3,436.02,Referral
O015829,C0021,P0021,2026-07-18,3,335.28,Organic
O015830,C0630,P0027,2026-07-18,1,13.39,Organic
O015831,C0439,P0025,2026-07-18,3,81.03,Email
O015832,C0275,P0025,2026-07-18,1,27.01,Paid
O015833,C0031,P0036,2026-07-18,2,47.46,Organic
O015834,C0367,P0039,2026-07-18,1,110.51,Paid
O015835,C0085,P0038,2026-07-18,2,136.74,Organic
O015836,C0647,P0039,2026-07-18,3,331.53,Email
O015837,C0154,P0007,2026-07-18,1,67.93,Organic
O015838,C0176,P0005,2026-07-18,3,198.96,Paid
O015839,C0460,P0009,2026-07-18,1,76.28,Email
O015840,C0194,P0013,2026-07-18,3,134.58,Paid
O015841,C0153,P0012,2026-07-18,3,135.18,Paid
O015842,C0680,P0010,2026-07-18,1,19.4,Organic
O015843,C0381,P0016,2026-07-18,3,90.9,Email
O015844,C0566,P0019,2026-07-18,2,131.54,Paid
O015845,C0519,P0019,2026-07-18,3,197.31,Paid
O015846,C0101,P0017,2026-07-18,1,123.28,Paid
O015847,C0628,P0023,2026-07-18,2,291.98,Email
O015848,C0660,P0023,2026-07-18,3,437.97,Paid
O015849,C0417,P0032,2026-07-18,1,39.62,Email
O015850,C0092,P0027,2026-07-18,1,13.39,Referral
O015851,C0132,P0026,2026-07-18,1,21.87,Referral
O015852,C0215,P0027,2026-07-18,2,26.78,Paid
O015853,C0065,P0025,2026-07-18,1,27.01,Email
O015854,C0683,P0027,2026-07-18,1,13.39,Paid
O015855,C0779,P0033,2026-07-18,1,35.18,Organic
O015856,C0484,P0036,2026-07-18,3,71.19,Paid
O015857,C0768,P0003,2026-07-18,2,671.94,Referral
O015858,C0179,P0001,2026-07-18,3,120.9,Paid
O015859,C0168,P0002,2026-07-18,3,801.18,Organic
O015860,C0019,P0006,2026-07-18,3,262.62,Paid
O015861,C0786,P0019,2026-07-18,2,131.54,Paid
O015862,C0389,P0024,2026-07-18,2,190.34,Paid
O015863,C0611,P0019,2026-07-18,1,65.77,Organic
O015864,C0261,P0024,2026-07-18,3,285.51,Organic
O015865,C0094,P0032,2026-07-18,3,118.86,Paid
O015866,C0605,P0030,2026-07-18,3,81.63,Email
O015867,C0227,P0036,2026-07-18,3,71.19,Paid
O015868,C0342,P0040,2026-07-18,2,120.98,Paid
O015869,C0608,P0038,2026-07-18,3,205.11,Organic
O015870,C0232,P0006,2026-07-18,3,262.62,Paid
O015871,C0491,P0008,2026-07-18,1,189.39,Organic
O015872,C0541,P0011,2026-07-18,3,136.29,Organic
O015873,C0093,P0010,2026-07-18,1,19.4,Organic
O015874,C0236,P0010,2026-07-18,3,58.2,Organic
O015875,C0118,P0009,2026-07-18,1,76.28,Email
O015876,C0473,P0021,2026-07-18,2,223.52,Email
O015877,C0186,P0019,2026-07-18,3,197.31,Organic
O015878,C0221,P0027,2026-07-18,3,40.17,Organic
O015879,C0244,P0031,2026-07-18,3,178.2,Organic
O015880,C0581,P0031,2026-07-18,1,59.4,Organic
O015881,C0360,P0026,2026-07-18,1,21.87,Referral
O015882,C0731,P0036,2026-07-18,1,23.73,Email
O015883,C0794,P0035,2026-07-18,3,181.2,Paid
O015884,C0684,P0037,2026-07-18,3,192.54,Email
O015885,C0668,P0008,2026-07-19,1,189.39,Organic
O015886,C0726,P0009,2026-07-19,2,152.56,Email
O015887,C0248,P0015,2026-07-19,1,55.14,Organic
O015888,C0382,P0017,2026-07-19,2,246.56,Referral
O015889,C0394,P0017,2026-07-19,2,246.56,Organic
O015890,C0726,P0022,2026-07-19,3,123.57,Email
O015891,C0129,P0027,2026-07-19,2,26.78,Email
O015892,C0371,P0039,2026-07-19,1,110.51,Referral
O015893,C0515,P0037,2026-07-19,2,128.36,Email
O015894,C0378,P0038,2026-07-19,2,136.74,Referral
O015895,C0190,P0040,2026-07-19,1,60.49,Paid
O015896,C0156,P0037,2026-07-19,2,128.36,Email
O015897,C0537,P0040,2026-07-19,2,120.98,Referral
O015898,C0576,P0035,2026-07-19,3,181.2,Organic
O015899,C0106,P0006,2026-07-19,2,175.08,Organic
O015900,C0188,P0002,2026-07-19,1,267.06,Organic
O015901,C0783,P0010,2026-07-19,1,19.4,Email
O015902,C0381,P0015,2026-07-19,3,165.42,Organic
O015903,C0188,P0015,2026-07-19,1,55.14,Paid
O015904,C0309,P0011,2026-07-19,3,136.29,Organic
O015905,C0206,P0010,2026-07-19,1,19.4,Paid
O015906,C0043,P0017,2026-07-19,1,123.28,Email
O015907,C0669,P0021,2026-07-19,1,111.76,Email
O015908,C0381,P0021,2026-07-19,1,111.76,Paid
O015909,C0187,P0030,2026-07-19,2,54.42,Paid
O015910,C0122,P0028,2026-07-19,3,66.6,Organic
O015911,C0065,P0032,2026-07-19,1,39.62,Paid
O015912,C0477,P0039,2026-07-19,2,221.02,Referral
O015913,C0428,P0034,2026-07-19,3,161.73,Referral
O015914,C0779,P0033,2026-07-19,1,35.18,Organic
O015915,C0322,P0035,2026-07-19,1,60.4,Organic
O015916,C0624,P0040,2026-07-19,1,60.49,Paid
O015917,C0632,P0002,2026-07-19,3,801.18,Paid
O015918,C0086,P0007,2026-07-19,2,135.86,Paid
O015919,C0409,P0003,2026-07-19,3,1007.91,Organic
O015920,C0531,P0001,2026-07-19,1,40.3,Paid
O015921,C0586,P0009,2026-07-19,3,228.84,Paid
O015922,C0456,P0020,2026-07-19,2,290.68,Organic
O015923,C0201,P0020,2026-07-19,3,436.02,Paid
O015924,C0373,P0027,2026-07-19,3,40.17,Organic
O015925,C0060,P0026,2026-07-19,3,65.61,Paid
O015926,C0269,P0037,2026-07-19,3,192.54,Organic
O015927,C0169,P0034,2026-07-19,3,161.73,Organic
O015928,C0069,P0037,2026-07-19,1,64.18,Organic
O015929,C0310,P0034,2026-07-19,1,53.91,Paid
O015930,C0015,P0003,2026-07-19,3,1007.91,Paid
O015931,C0559,P0016,2026-07-19,2,60.6,Paid
O015932,C0200,P0012,2026-07-19,3,135.18,Paid
O015933,C0055,P0011,2026-07-19,3,136.29,Organic
O015934,C0714,P0013,2026-07-19,1,44.86,Organic
O015935,C0626,P0015,2026-07-19,1,55.14,Organic
O015936,C0717,P0010,2026-07-19,2,38.8,Organic
O015937,C0491,P0023,2026-07-19,3,437.97,Paid
O015938,C0035,P0018,2026-07-19,3,261.63,Paid
O015939,C0601,P0021,2026-07-19,2,223.52,Email
O015940,C0172,P0022,2026-07-19,3,123.57,Paid
O015941,C0741,P0030,2026-07-19,3,81.63,Organic
O015942,C0758,P0028,2026-07-19,2,44.4,Organic
O015943,C0148,P0035,2026-07-19,1,60.4,Paid
O015944,C0718,P0015,2026-07-20,3,165.42,Paid
O015945,C0251,P0015,2026-07-20,1,55.14,Paid
O015946,C0362,P0011,2026-07-20,1,45.43,Organic
O015947,C0251,P0012,2026-07-20,3,135.18,Paid
O015948,C0030,P0018,2026-07-20,3,261.63,Email
O015949,C0302,P0025,2026-07-20,1,27.01,Email
O015950,C0398,P0027,2026-07-20,2,26.78,Email
O015951,C0375,P0038,2026-07-20,3,205.11,Organic
O015952,C0372,P0037,2026-07-20,3,192.54,Paid
O015953,C0662,P0033,2026-07-20,2,70.36,Organic
O015954,C0510,P0003,2026-07-20,1,335.97,Paid
O015955,C0183,P0002,2026-07-20,2,534.12,Paid
O015956,C0334,P0003,2026-07-20,1,335.97,Paid
O015957,C0272,P0006,2026-07-20,1,87.54,Paid
O015958,C0426,P0007,2026-07-20,3,203.79,Referral
O015959,C0329,P0003,2026-07-20,2,671.94,Organic
O015960,C0150,P0015,2026-07-20,3,165.42,Paid
O015961,C0617,P0011,2026-07-20,1,45.43,Paid
O015962,C0064,P0015,2026-07-20,1,55.14,Email
O015963,C0126,P0016,2026-07-20,1,30.3,Email
O015964,C0006,P0019,2026-07-20,3,197.31,Organic
O015965,C0603,P0023,2026-07-20,1,145.99,Referral
O015966,C0597,P0027,2026-07-20,3,40.17,Email
O015967,C0369,P0025,2026-07-20,2,54.02,Paid
O015968,C0314,P0038,2026-07-20,2,136.74,Paid
O015969,C0002,P0003,2026-07-20,3,1007.91,Paid
O015970,C0632,P0007,2026-07-20,2,135.86,Organic
O015971,C0483,P0001,2026-07-20,1,40.3,Paid
O015972,C0763,P0004,2026-07-20,2,363.72,Organic
O015973,C0097,P0006,2026-07-20,3,262.62,Referral
O015974,C0508,P0013,2026-07-20,3,134.58,Organic
O015975,C0639,P0011,2026-07-20,2,90.86,Paid
O015976,C0531,P0020,2026-07-20,1,145.34,Organic
O015977,C0482,P0022,2026-07-20,2,82.38,Paid
O015978,C0586,P0031,2026-07-20,1,59.4,Email
O015979,C0699,P0029,2026-07-20,2,48.9,Organic
O015980,C0611,P0031,2026-07-20,3,178.2,Organic
O015981,C0644,P0030,2026-07-20,1,27.21,Referral
O015982,C0418,P0026,2026-07-20,3,65.61,Organic
O015983,C0289,P0039,2026-07-20,3,331.53,Email
O015984,C0480,P0037,2026-07-20,1,64.18,Organic
O015985,C0734,P0038,2026-07-20,2,136.74,Organic
O015986,C0163,P0038,2026-07-20,2,136.74,Paid
O015987,C0191,P0003,2026-07-20,1,335.97,Organic
O015988,C0023,P0005,2026-07-20,2,132.64,Email
O015989,C0200,P0011,2026-07-20,3,136.29,Email
O015990,C0584,P0011,2026-07-20,3,136.29,Organic
O015991,C0360,P0017,2026-07-20,1,123.28,Email
O015992,C0514,P0029,2026-07-20,2,48.9,Referral
O015993,C0036,P0031,2026-07-20,3,178.2,Organic
O015994,C0604,P0029,2026-07-20,1,24.45,Referral
O015995,C0205,P0038,2026-07-20,2,136.74,Email
O015996,C0561,P0035,2026-07-20,3,181.2,Paid
O015997,C0793,P0001,2026-07-21,2,80.6,Email
O015998,C0037,P0007,2026-07-21,3,203.79,Organic
O015999,C0647,P0011,2026-07-21,1,45.43,Paid
O016000,C0709,P0016,2026-07-21,2,60.6,Email
O016001,C0792,P0010,2026-07-21,1,19.4,Email
O016002,C0534,P0015,2026-07-21,3,165.42,Referral
O016003,C0241,P0017,2026-07-21,3,369.84,Paid
O016004,C0630,P0019,2026-07-21,3,197.31,Paid
O016005,C0769,P0028,2026-07-21,2,44.4,Organic
O016006,C0382,P0026,2026-07-21,3,65.61,Paid
O016007,C0372,P0036,2026-07-21,1,23.73,Organic
O016008,C0394,P0034,2026-07-21,2,107.82,Referral
O016009,C0271,P0036,2026-07-21,3,71.19,Organic
O016010,C0003,P0034,2026-07-21,2,107.82,Organic
O016011,C0426,P0008,2026-07-21,1,189.39,Organic
O016012,C0334,P0002,2026-07-21,3,801.18,Organic
O016013,C0669,P0006,2026-07-21,3,262.62,Organic
O016014,C0041,P0006,2026-07-21,3,262.62,Email
O016015,C0164,P0008,2026-07-21,1,189.39,Organic
O016016,C0762,P0008,2026-07-21,3,568.17,Organic
O016017,C0217,P0004,2026-07-21,1,181.86,Email
O016018,C0182,P0013,2026-07-21,3,134.58,Email
O016019,C0759,P0015,2026-07-21,2,110.28,Organic
O016020,C0646,P0011,2026-07-21,2,90.86,Paid
O016021,C0018,P0014,2026-07-21,1,54.5,Organic
O016022,C0550,P0012,2026-07-21,2,90.12,Paid
O016023,C0723,P0023,2026-07-21,1,145.99,Organic
O016024,C0563,P0028,2026-07-21,3,66.6,Paid
O016025,C0099,P0035,2026-07-21,2,120.8,Paid
O016026,C0486,P0008,2026-07-21,1,189.39,Organic
O016027,C0227,P0014,2026-07-21,2,109.0,Organic
O016028,C0591,P0009,2026-07-21,2,152.56,Paid
O016029,C0368,P0024,2026-07-21,2,190.34,Email
O016030,C0413,P0031,2026-07-21,3,178.2,Organic
O016031,C0772,P0026,2026-07-21,1,21.87,Paid
O016032,C0078,P0032,2026-07-21,3,118.86,Paid
O016033,C0591,P0028,2026-07-21,2,44.4,Organic
O016034,C0138,P0029,2026-07-21,1,24.45,Organic
O016035,C0342,P0038,2026-07-21,2,136.74,Organic
O016036,C0078,P0039,2026-07-21,1,110.51,Email
O016037,C0483,P0034,2026-07-21,3,161.73,Paid
O016038,C0705,P0040,2026-07-21,3,181.47,Organic
O016039,C0261,P0034,2026-07-21,2,107.82,Organic
O016040,C0324,P0005,2026-07-21,2,132.64,Paid
O016041,C0338,P0014,2026-07-21,2,109.0,Paid
O016042,C0581,P0010,2026-07-21,3,58.2,Email
O016043,C0613,P0013,2026-07-21,3,134.58,Organic
O016044,C0042,P0024,2026-07-21,3,285.51,Paid
O016045,C0070,P0018,2026-07-21,3,261.63,Organic
O016046,C0359,P0027,2026-07-21,3,40.17,Paid
O016047,C0614,P0026,2026-07-21,3,65.61,Organic
O016048,C0111,P0025,2026-07-21,2,54.02,Organic
O016049,C0328,P0032,2026-07-21,1,39.62,Email
O016050,C0750,P0025,2026-07-21,1,27.01,Organic
O016051,C0584,P0031,2026-07-21,2,118.8,Paid
O016052,C0210,P0039,2026-07-21,3,331.53,Paid
O016053,C0643,P0038,2026-07-21,3,205.11,Organic
O016054,C0263,P0001,2026-07-22,2,80.6,Email
O016055,C0311,P0007,2026-07-22,3,203.79,Organic
O016056,C0704,P0002,2026-07-22,1,267.06,Organic
O016057,C0703,P0012,2026-07-22,3,135.18,Paid
O016058,C0703,P0009,2026-07-22,1,76.28,Paid
O016059,C0756,P0020,2026-07-22,1,145.34,Organic
O016060,C0302,P0028,2026-07-22,3,66.6,Organic
O016061,C0119,P0028,2026-07-22,1,22.2,Organic
O016062,C0034,P0035,2026-07-22,2,120.8,Email
O016063,C0294,P0038,2026-07-22,2,136.74,Organic
O016064,C0124,P0033,2026-07-22,2,70.36,Organic
O016065,C0001,P0038,2026-07-22,3,205.11,Paid
O016066,C0557,P0036,2026-07-22,2,47.46,Organic
O016067,C0461,P0001,2026-07-22,3,120.9,Email
O016068,C0158,P0002,2026-07-22,3,801.18,Organic
O016069,C0676,P0001,2026-07-22,2,80.6,Paid
O016070,C0698,P0013,2026-07-22,3,134.58,Paid
O016071,C0784,P0014,2026-07-22,3,163.5,Email
O016072,C0364,P0015,2026-07-22,3,165.42,Organic
O016073,C0206,P0018,2026-07-22,1,87.21,Email
O016074,C0723,P0022,2026-07-22,1,41.19,Organic
O016075,C0539,P0020,2026-07-22,1,145.34,Organic
O016076,C0041,P0023,2026-07-22,3,437.97,Referral
O016077,C0724,P0018,2026-07-22,3,261.63,Referral
O016078,C0218,P0030,2026-07-22,2,54.42,Referral
O016079,C0188,P0028,2026-07-22,3,66.6,Email
O016080,C0149,P0033,2026-07-22,3,105.54,Organic
O016081,C0441,P0038,2026-07-22,3,205.11,Organic
O016082,C0448,P0037,2026-07-22,1,64.18,Paid
O016083,C0139,P0040,2026-07-22,3,181.47,Paid
O016084,C0616,P0036,2026-07-22,2,47.46,Email
O016085,C0216,P0008,2026-07-22,1,189.39,Paid
O016086,C0216,P0001,2026-07-22,2,80.6,Referral
O016087,C0262,P0013,2026-07-22,1,44.86,Paid
O016088,C0078,P0016,2026-07-22,1,30.3,Paid
O016089,C0590,P0017,2026-07-22,2,246.56,Organic
O016090,C0486,P0017,2026-07-22,2,246.56,Organic
O016091,C0535,P0029,2026-07-22,2,48.9,Paid
O016092,C0732,P0035,2026-07-22,2,120.8,Organic
O016093,C0559,P0007,2026-07-22,2,135.86,Referral
O016094,C0419,P0014,2026-07-22,2,109.0,Referral
O016095,C0210,P0020,2026-07-22,2,290.68,Organic
O016096,C0736,P0018,2026-07-22,3,261.63,Paid
O016097,C0036,P0025,2026-07-22,2,54.02,Organic
O016098,C0290,P0027,2026-07-22,3,40.17,Email
O016099,C0750,P0037,2026-07-22,3,192.54,Paid
O016100,C0439,P0001,2026-07-23,3,120.9,Organic
O016101,C0402,P0005,2026-07-23,1,66.32,Organic
O016102,C0599,P0001,2026-07-23,2,80.6,Referral
O016103,C0399,P0001,2026-07-23,3,120.9,Paid
O016104,C0502,P0006,2026-07-23,3,262.62,Referral
O016105,C0104,P0016,2026-07-23,3,90.9,Referral
O016106,C0761,P0039,2026-07-23,1,110.51,Referral
O016107,C0634,P0003,2026-07-23,1,335.97,Organic
O016108,C0674,P0001,2026-07-23,1,40.3,Organic
O016109,C0783,P0002,2026-07-23,2,534.12,Email
O016110,C0356,P0008,2026-07-23,1,189.39,Organic
O016111,C0341,P0013,2026-07-23,3,134.58,Organic
O016112,C0674,P0012,2026-07-23,3,135.18,Email
O016113,C0272,P0013,2026-07-23,1,44.86,Email
O016114,C0177,P0031,2026-07-23,3,178.2,Paid
O016115,C0738,P0031,2026-07-23,1,59.4,Organic
O016116,C0517,P0031,2026-07-23,1,59.4,Organic
O016117,C0618,P0007,2026-07-23,1,67.93,Email
O016118,C0259,P0006,2026-07-23,1,87.54,Email
O016119,C0459,P0007,2026-07-23,1,67.93,Paid
O016120,C0451,P0012,2026-07-23,3,135.18,Email
O016121,C0267,P0011,2026-07-23,3,136.29,Organic
O016122,C0354,P0009,2026-07-23,1,76.28,Paid
O016123,C0137,P0014,2026-07-23,3,163.5,Paid
O016124,C0181,P0020,2026-07-23,2,290.68,Organic
O016125,C0261,P0022,2026-07-23,2,82.38,Email
O016126,C0673,P0022,2026-07-23,3,123.57,Organic
O016127,C0284,P0020,2026-07-23,3,436.02,Paid
O016128,C0165,P0025,2026-07-23,3,81.03,Organic
O016129,C0629,P0030,2026-07-23,3,81.63,Paid
O016130,C0421,P0039,2026-07-23,3,331.53,Email
O016131,C0714,P0004,2026-07-23,2,363.72,Organic
O016132,C0010,P0007,2026-07-23,3,203.79,Organic
O016133,C0116,P0006,2026-07-23,3,262.62,Paid
O016134,C0455,P0003,2026-07-23,3,1007.91,Organic
O016135,C0282,P0015,2026-07-23,3,165.42,Paid
O016136,C0574,P0016,2026-07-23,3,90.9,Paid
O016137,C0650,P0024,2026-07-23,2,190.34,Organic
O016138,C0316,P0030,2026-07-23,2,54.42,Paid
O016139,C0359,P0029,2026-07-23,3,73.35,Referral
O016140,C0075,P0028,2026-07-23,2,44.4,Organic
O016141,C0685,P0032,2026-07-23,3,118.86,Paid
O016142,C0791,P0038,2026-07-23,2,136.74,Organic
O016143,C0675,P0038,2026-07-23,1,68.37,Paid
O016144,C0087,P0011,2026-07-24,2,90.86,Paid
O016145,C0151,P0014,2026-07-24,1,54.5,Organic
O016146,C0008,P0023,2026-07-24,3,437.97,Organic
O016147,C0769,P0017,2026-07-24,2,246.56,Referral
O016148,C0108,P0028,2026-07-24,3,66.6,Paid
O016149,C0659,P0029,2026-07-24,2,48.9,Paid
O016150,C0340,P0002,2026-07-24,2,534.12,Organic
O016151,C0387,P0006,2026-07-24,3,262.62,Paid
O016152,C0708,P0010,2026-07-24,2,38.8,Organic
O016153,C0217,P0012,2026-07-24,1,45.06,Paid
O016154,C0735,P0012,2026-07-24,3,135.18,Paid
O016155,C0314,P0012,2026-07-24,2,90.12,Paid
O016156,C0468,P0009,2026-07-24,3,228.84,Organic
O016157,C0065,P0013,2026-07-24,2,89.72,Organic
O016158,C0239,P0024,2026-07-24,2,190.34,Organic
O016159,C0560,P0033,2026-07-24,3,105.54,Organic
O016160,C0091,P0039,2026-07-24,2,221.02,Paid
O016161,C0385,P0003,2026-07-24,2,671.94,Paid
O016162,C0787,P0008,2026-07-24,1,189.39,Organic
O016163,C0078,P0016,2026-07-24,3,90.9,Email
O016164,C0155,P0013,2026-07-24,3,134.58,Email
O016165,C0078,P0009,2026-07-24,3,228.84,Organic
O016166,C0396,P0018,2026-07-24,2,174.42,Paid
O016167,C0160,P0026,2026-07-24,3,65.61,Paid
O016168,C0047,P0025,2026-07-24,1,27.01,Organic
O016169,C0036,P0005,2026-07-24,1,66.32,Paid
O016170,C0614,P0007,2026-07-24,2,135.86,Organic
O016171,C0528,P0008,2026-07-24,1,189.39,Email
O016172,C0197,P0005,2026-07-24,3,198.96,Organic
O016173,C0731,P0015,2026-07-24,3,165.42,Paid
O016174,C0336,P0019,2026-07-24,1,65.77,Email
O016175,C0782,P0029,2026-07-24,3,73.35,Paid
O016176,C0614,P0032,2026-07-24,2,79.24,Organic
O016177,C0499,P0038,2026-07-24,2,136.74,Paid
O016178,C0025,P0001,2026-07-25,1,40.3,Paid
O016179,C0184,P0006,2026-07-25,2,175.08,Organic
O016180,C0372,P0015,2026-07-25,1,55.14,Paid
O016181,C0425,P0009,2026-07-25,3,228.84,Paid
O016182,C0790,P0015,2026-07-25,3,165.42,Referral
O016183,C0471,P0020,2026-07-25,3,436.02,Organic
O016184,C0641,P0023,2026-07-25,3,437.97,Email
O016185,C0004,P0024,2026-07-25,2,190.34,Paid
O016186,C0141,P0029,2026-07-25,1,24.45,Organic
O016187,C0251,P0029,2026-07-25,2,48.9,Paid
O016188,C0321,P0028,2026-07-25,3,66.6,Email
O016189,C0321,P0029,2026-07-25,1,24.45,Paid
O016190,C0662,P0030,2026-07-25,3,81.63,Referral
O016191,C0425,P0028,2026-07-25,1,22.2,Organic
O016192,C0307,P0032,2026-07-25,1,39.62,Email
O016193,C0249,P0027,2026-07-25,3,40.17,Organic
O016194,C0376,P0039,2026-07-25,2,221.02,Organic
O016195,C0050,P0040,2026-07-25,2,120.98,Email
O016196,C0159,P0034,2026-07-25,3,161.73,Paid
O016197,C0738,P0007,2026-07-25,2,135.86,Paid
O016198,C0603,P0001,2026-07-25,1,40.3,Organic
O016199,C0728,P0006,2026-07-25,1,87.54,Organic
O016200,C0778,P0007,2026-07-25,3,203.79,Referral
O016201,C0370,P0009,2026-07-25,1,76.28,Organic
O016202,C0242,P0010,2026-07-25,1,19.4,Organic
O016203,C0430,P0019,2026-07-25,3,197.31,Organic
O016204,C0728,P0023,2026-07-25,2,291.98,Organic
O016205,C0509,P0024,2026-07-25,1,95.17,Organic
O016206,C0077,P0023,2026-07-25,1,145.99,Referral
O016207,C0215,P0018,2026-07-25,3,261.63,Paid
O016208,C0417,P0026,2026-07-25,3,65.61,Paid
O016209,C0438,P0029,2026-07-25,2,48.9,Paid
O016210,C0081,P0029,2026-07-25,3,73.35,Organic
O016211,C0054,P0039,2026-07-25,2,221.02,Organic
O016212,C0527,P0036,2026-07-25,1,23.73,Paid
O016213,C0591,P0004,2026-07-25,3,545.58,Organic
O016214,C0699,P0005,2026-07-25,1,66.32,Paid
O016215,C0421,P0006,2026-07-25,1,87.54,Organic
O016216,C0267,P0001,2026-07-25,1,40.3,Organic
O016217,C0568,P0013,2026-07-25,3,134.58,Organic
O016218,C0742,P0010,2026-07-25,1,19.4,Organic
O016219,C0310,P0024,2026-07-25,1,95.17,Organic
O016220,C0578,P0024,2026-07-25,3,285.51,Organic
O016221,C0409,P0020,2026-07-25,2,290.68,Organic
O016222,C0097,P0020,2026-07-25,2,290.68,Referral
O016223,C0227,P0022,2026-07-25,2,82.38,Paid
O016224,C0383,P0030,2026-07-25,3,81.63,Organic
O016225,C0495,P0028,2026-07-25,2,44.4,Organic
O016226,C0612,P0034,2026-07-25,2,107.82,Organic
O016227,C0570,P0036,2026-07-25,3,71.19,Organic
O016228,C0570,P0035,2026-07-25,1,60.4,Referral
O016229,C0547,P0036,2026-07-25,2,47.46,Organic
O016230,C0580,P0019,2026-07-25,3,197.31,Organic
O016231,C0324,P0018,2026-07-25,3,261.63,Organic
O016232,C0093,P0023,2026-07-25,3,437.97,Referral
O016233,C0491,P0017,2026-07-25,1,123.28,Paid
O016234,C0466,P0026,2026-07-25,2,43.74,Paid
O016235,C0320,P0025,2026-07-25,3,81.03,Paid
O016236,C0794,P0027,2026-07-25,2,26.78,Paid
O016237,C0205,P0038,2026-07-25,1,68.37,Organic
O016238,C0487,P0033,2026-07-25,2,70.36,Paid
O016239,C0574,P0034,2026-07-25,3,161.73,Organic
O016240,C0268,P0006,2026-07-26,2,175.08,Paid
O016241,C0021,P0003,2026-07-26,2,671.94,Paid
O016242,C0709,P0008,2026-07-26,2,378.78,Paid
O016243,C0401,P0002,2026-07-26,1,267.06,Paid
O016244,C0189,P0010,2026-07-26,2,38.8,Paid
O016245,C0330,P0015,2026-07-26,1,55.14,Organic
O016246,C0776,P0014,2026-07-26,2,109.0,Organic
O016247,C0367,P0015,2026-07-26,3,165.42,Paid
O016248,C0390,P0018,2026-07-26,1,87.21,Email
O016249,C0109,P0022,2026-07-26,2,82.38,Organic
O016250,C0449,P0033,2026-07-26,1,35.18,Email
O016251,C0027,P0038,2026-07-26,2,136.74,Email
O016252,C0109,P0037,2026-07-26,1,64.18,Organic
O016253,C0647,P0040,2026-07-26,1,60.49,Organic
O016254,C0113,P0040,2026-07-26,3,181.47,Paid
O016255,C0634,P0003,2026-07-26,2,671.94,Paid
O016256,C0733,P0003,2026-07-26,2,671.94,Organic
O016257,C0529,P0001,2026-07-26,3,120.9,Paid
O016258,C0126,P0016,2026-07-26,1,30.3,Paid
O016259,C0489,P0009,2026-07-26,3,228.84,Organic
O016260,C0798,P0020,2026-07-26,3,436.02,Organic
O016261,C0333,P0021,2026-07-26,1,111.76,Email
O016262,C0460,P0022,2026-07-26,1,41.19,Paid
O016263,C0431,P0034,2026-07-26,2,107.82,Organic
O016264,C0207,P0038,2026-07-26,2,136.74,Paid
O016265,C0289,P0005,2026-07-26,3,198.96,Referral
O016266,C0163,P0010,2026-07-26,3,58.2,Email
O016267,C0609,P0014,2026-07-26,3,163.5,Paid
O016268,C0788,P0011,2026-07-26,1,45.43,Paid
O016269,C0480,P0011,2026-07-26,2,90.86,Paid
O016270,C0673,P0010,2026-07-26,2,38.8,Organic
O016271,C0002,P0015,2026-07-26,1,55.14,Paid
O016272,C0456,P0016,2026-07-26,1,30.3,Paid
O016273,C0258,P0016,2026-07-26,3,90.9,Paid
O016274,C0097,P0014,2026-07-26,2,109.0,Organic
O016275,C0699,P0010,2026-07-26,3,58.2,Referral
O016276,C0785,P0014,2026-07-26,1,54.5,Email
O016277,C0493,P0011,2026-07-26,1,45.43,Email
O016278,C0247,P0020,2026-07-26,3,436.02,Organic
O016279,C0427,P0022,2026-07-26,3,123.57,Organic
O016280,C0216,P0022,2026-07-26,3,123.57,Email
O016281,C0579,P0023,2026-07-26,2,291.98,Referral
O016282,C0582,P0030,2026-07-26,1,27.21,Paid
O016283,C0497,P0027,2026-07-26,2,26.78,Organic
O016284,C0073,P0028,2026-07-26,2,44.4,Organic
O016285,C0135,P0035,2026-07-26,1,60.4,Organic
O016286,C0259,P0036,2026-07-26,3,71.19,Email
O016287,C0581,P0007,2026-07-26,3,203.79,Organic
O016288,C0055,P0010,2026-07-26,2,38.8,Paid
O016289,C0110,P0015,2026-07-26,3,165.42,Organic
O016290,C0675,P0023,2026-07-26,1,145.99,Paid
O016291,C0528,P0022,2026-07-26,1,41.19,Referral
O016292,C0116,P0019,2026-07-26,1,65.77,Paid
O016293,C0584,P0017,2026-07-26,1,123.28,Paid
O016294,C0198,P0031,2026-07-26,1,59.4,Organic
O016295,C0172,P0032,2026-07-26,3,118.86,Organic
O016296,C0797,P0032,2026-07-26,2,79.24,Organic
O016297,C0717,P0025,2026-07-26,3,81.03,Email
O016298,C0231,P0031,2026-07-26,3,178.2,Paid
O016299,C0730,P0033,2026-07-26,1,35.18,Paid
O016300,C0492,P0034,2026-07-26,2,107.82,Email
O016301,C0145,P0004,2026-07-27,2,363.72,Paid
O016302,C0469,P0008,2026-07-27,2,378.78,Email
O016303,C0600,P0016,2026-07-27,1,30.3,Organic
O016304,C0271,P0026,2026-07-27,3,65.61,Organic
O016305,C0268,P0028,2026-07-27,1,22.2,Organic
O016306,C0108,P0040,2026-07-27,2,120.98,Paid
O016307,C0361,P0033,2026-07-27,2,70.36,Referral
O016308,C0130,P0039,2026-07-27,2,221.02,Organic
O016309,C0159,P0033,2026-07-27,2,70.36,Organic
O016310,C0241,P0038,2026-07-27,3,205.11,Organic
O016311,C0300,P0006,2026-07-27,1,87.54,Organic
O016312,C0414,P0007,2026-07-27,2,135.86,Organic
O016313,C0646,P0011,2026-07-27,1,45.43,Email
O016314,C0430,P0013,2026-07-27,3,134.58,Organic
O016315,C0738,P0011,2026-07-27,3,136.29,Paid
O016316,C0573,P0016,2026-07-27,1,30.3,Referral
O016317,C0461,P0012,2026-07-27,2,90.12,Organic
O016318,C0333,P0023,2026-07-27,3,437.97,Paid
O016319,C0602,P0023,2026-07-27,3,437.97,Email
O016320,C0024,P0024,2026-07-27,3,285.51,Paid
O016321,C0634,P0025,2026-07-27,3,81.03,Organic
O016322,C0529,P0026,2026-07-27,2,43.74,Organic
O016323,C0660,P0030,2026-07-27,2,54.42,Organic
O016324,C0234,P0040,2026-07-27,2,120.98,Organic
O016325,C0117,P0040,2026-07-27,2,120.98,Organic
O016326,C0511,P0040,2026-07-27,3,181.47,Organic
O016327,C0091,P0034,2026-07-27,2,107.82,Organic
O016328,C0671,P0039,2026-07-27,3,331.53,Organic
O016329,C0421,P0007,2026-07-27,1,67.93,Organic
O016330,C0225,P0005,2026-07-27,1,66.32,Paid
O016331,C0513,P0010,2026-07-27,3,58.2,Referral
O016332,C0354,P0014,2026-07-27,3,163.5,Organic
O016333,C0098,P0015,2026-07-27,2,110.28,Paid
O016334,C0742,P0016,2026-07-27,1,30.3,Organic
O016335,C0582,P0022,2026-07-27,2,82.38,Organic
O016336,C0380,P0024,2026-07-27,1,95.17,Paid
O016337,C0497,P0021,2026-07-27,3,335.28,Email
O016338,C0107,P0031,2026-07-27,1,59.4,Organic
O016339,C0281,P0027,2026-07-27,1,13.39,Paid
O016340,C0012,P0038,2026-07-27,1,68.37,Organic
O016341,C0284,P0033,2026-07-27,1,35.18,Paid
O016342,C0653,P0002,2026-07-27,2,534.12,Email
O016343,C0541,P0019,2026-07-27,1,65.77,Paid
O016344,C0419,P0017,2026-07-27,3,369.84,Email
O016345,C0353,P0023,2026-07-27,2,291.98,Referral
O016346,C0499,P0020,2026-07-27,3,436.02,Organic
O016347,C0353,P0025,2026-07-27,1,27.01,Organic
O016348,C0316,P0035,2026-07-27,3,181.2,Organic
O016349,C0255,P0037,2026-07-27,2,128.36,Referral
O016350,C0297,P0006,2026-07-28,3,262.62,Organic
O016351,C0317,P0004,2026-07-28,2,363.72,Paid
O016352,C0051,P0007,2026-07-28,2,135.86,Email
O016353,C0008,P0008,2026-07-28,1,189.39,Email
O016354,C0268,P0005,2026-07-28,1,66.32,Organic
O016355,C0305,P0010,2026-07-28,2,38.8,Referral
O016356,C0304,P0015,2026-07-28,2,110.28,Organic
O016357,C0041,P0005,2026-07-28,3,198.96,Paid
O016358,C0101,P0005,2026-07-28,2,132.64,Organic
O016359,C0187,P0008,2026-07-28,3,568.17,Paid
O016360,C0167,P0014,2026-07-28,3,163.5,Referral
O016361,C0602,P0018,2026-07-28,1,87.21,Organic
O016362,C0115,P0021,2026-07-28,3,335.28,Email
O016363,C0688,P0032,2026-07-28,3,118.86,Email
O016364,C0126,P0025,2026-07-28,3,81.03,Organic
O016365,C0723,P0025,2026-07-28,3,81.03,Paid
O016366,C0207,P0025,2026-07-28,2,54.02,Email
O016367,C0162,P0029,2026-07-28,3,73.35,Organic
O016368,C0239,P0027,2026-07-28,1,13.39,Email
O016369,C0381,P0034,2026-07-28,3,161.73,Paid
O016370,C0426,P0033,2026-07-28,2,70.36,Organic
O016371,C0315,P0005,2026-07-28,2,132.64,Organic
O016372,C0523,P0004,2026-07-28,3,545.58,Organic
O016373,C0273,P0013,2026-07-28,1,44.86,Referral
O016374,C0751,P0012,2026-07-28,1,45.06,Organic
O016375,C0062,P0024,2026-07-28,1,95.17,Email
O016376,C0160,P0019,2026-07-28,2,131.54,Paid
O016377,C0097,P0021,2026-07-28,3,335.28,Email
O016378,C0568,P0028,2026-07-28,1,22.2,Paid
O016379,C0073,P0029,2026-07-28,3,73.35,Organic
O016380,C0497,P0034,2026-07-28,1,53.91,Organic
O016381,C0107,P0035,2026-07-28,1,60.4,Email
O016382,C0714,P0016,2026-07-28,3,90.9,Organic
O016383,C0434,P0016,2026-07-28,3,90.9,Paid
O016384,C0501,P0012,2026-07-28,1,45.06,Organic
O016385,C0571,P0018,2026-07-28,3,261.63,Paid
O016386,C0782,P0019,2026-07-28,1,65.77,Organic
O016387,C0357,P0027,2026-07-28,3,40.17,Paid
O016388,C0232,P0032,2026-07-28,2,79.24,Paid
O016389,C0197,P0038,2026-07-28,1,68.37,Organic
O016390,C0434,P0039,2026-07-28,2,221.02,Paid
O016391,C0323,P0002,2026-07-29,1,267.06,Email
O016392,C0294,P0008,2026-07-29,3,568.17,Organic
O016393,C0056,P0009,2026-07-29,1,76.28,Organic
O016394,C0394,P0014,2026-07-29,2,109.0,Paid
O016395,C0348,P0024,2026-07-29,1,95.17,Organic
O016396,C0600,P0030,2026-07-29,2,54.42,Organic
O016397,C0641,P0025,2026-07-29,1,27.01,Organic
O016398,C0152,P0032,2026-07-29,3,118.86,Paid
O016399,C0119,P0027,2026-07-29,1,13.39,Referral
O016400,C0240,P0037,2026-07-29,3,192.54,Paid
O016401,C0727,P0008,2026-07-29,3,568.17,Referral
O016402,C0341,P0010,2026-07-29,2,38.8,Email
O016403,C0298,P0010,2026-07-29,2,38.8,Organic
O016404,C0103,P0025,2026-07-29,1,27.01,Organic
O016405,C0724,P0034,2026-07-29,1,53.91,Paid
O016406,C0117,P0034,2026-07-29,1,53.91,Organic
O016407,C0091,P0035,2026-07-29,1,60.4,Organic
O016408,C0656,P0016,2026-07-29,1,30.3,Paid
O016409,C0429,P0014,2026-07-29,1,54.5,Organic
O016410,C0392,P0023,2026-07-29,3,437.97,Paid
O016411,C0318,P0020,2026-07-29,1,145.34,Paid
O016412,C0699,P0018,2026-07-29,1,87.21,Organic
O016413,C0269,P0022,2026-07-29,3,123.57,Email
O016414,C0181,P0032,2026-07-29,3,118.86,Organic
O016415,C0525,P0037,2026-07-29,3,192.54,Email
O016416,C0412,P0038,2026-07-29,2,136.74,Organic
O016417,C0094,P0039,2026-07-29,1,110.51,Organic
O016418,C0505,P0004,2026-07-29,1,181.86,Paid
O016419,C0561,P0017,2026-07-29,3,369.84,Organic
O016420,C0505,P0028,2026-07-29,3,66.6,Paid
O016421,C0419,P0028,2026-07-29,2,44.4,Organic
O016422,C0276,P0032,2026-07-29,1,39.62,Organic
O016423,C0173,P0033,2026-07-29,1,35.18,Organic
O016424,C0180,P0003,2026-07-30,3,1007.91,Organic
O016425,C0076,P0001,2026-07-30,3,120.9,Organic
O016426,C0061,P0011,2026-07-30,3,136.29,Organic
O016427,C0377,P0011,2026-07-30,1,45.43,Paid
O016428,C0709,P0022,2026-07-30,3,123.57,Paid
O016429,C0294,P0018,2026-07-30,1,87.21,Referral
O016430,C0538,P0022,2026-07-30,3,123.57,Email
O016431,C0576,P0027,2026-07-30,2,26.78,Organic
O016432,C0502,P0039,2026-07-30,1,110.51,Email
O016433,C0711,P0034,2026-07-30,1,53.91,Paid
O016434,C0646,P0006,2026-07-30,3,262.62,Organic
O016435,C0091,P0014,2026-07-30,1,54.5,Paid
O016436,C0239,P0009,2026-07-30,1,76.28,Paid
O016437,C0369,P0013,2026-07-30,3,134.58,Paid
O016438,C0489,P0019,2026-07-30,3,197.31,Paid
O016439,C0723,P0021,2026-07-30,3,335.28,Organic
O016440,C0054,P0022,2026-07-30,2,82.38,Paid
O016441,C0602,P0030,2026-07-30,2,54.42,Organic
O016442,C0404,P0026,2026-07-30,3,65.61,Organic
O016443,C0517,P0030,2026-07-30,3,81.63,Organic
O016444,C0414,P0027,2026-07-30,2,26.78,Organic
O016445,C0482,P0007,2026-07-30,2,135.86,Paid
O016446,C0691,P0005,2026-07-30,2,132.64,Email
O016447,C0096,P0007,2026-07-30,3,203.79,Organic
O016448,C0406,P0008,2026-07-30,1,189.39,Paid
O016449,C0627,P0014,2026-07-30,1,54.5,Email
O016450,C0385,P0012,2026-07-30,3,135.18,Paid
O016451,C0406,P0011,2026-07-30,1,45.43,Organic
O016452,C0155,P0015,2026-07-30,1,55.14,Organic
O016453,C0497,P0011,2026-07-30,2,90.86,Organic
O016454,C0612,P0012,2026-07-30,3,135.18,Email
O016455,C0663,P0024,2026-07-30,2,190.34,Organic
O016456,C0120,P0020,2026-07-30,2,290.68,Paid
O016457,C0155,P0020,2026-07-30,1,145.34,Referral
O016458,C0114,P0030,2026-07-30,2,54.42,Email
O016459,C0299,P0029,2026-07-30,3,73.35,Referral
O016460,C0512,P0032,2026-07-30,2,79.24,Paid
O016461,C0374,P0025,2026-07-30,2,54.02,Organic
O016462,C0594,P0036,2026-07-30,3,71.19,Email
O016463,C0374,P0038,2026-07-30,2,136.74,Organic
O016464,C0608,P0034,2026-07-30,3,161.73,Organic
O016465,C0201,P0033,2026-07-30,1,35.18,Email
O016466,C0111,P0008,2026-07-30,2,378.78,Organic
O016467,C0736,P0001,2026-07-30,2,80.6,Organic
O016468,C0750,P0005,2026-07-30,1,66.32,Organic
O016469,C0685,P0005,2026-07-30,3,198.96,Organic
O016470,C0581,P0004,2026-07-30,3,545.58,Organic
O016471,C0567,P0006,2026-07-30,3,262.62,Paid
O016472,C0035,P0004,2026-07-30,2,363.72,Organic
O016473,C0722,P0001,2026-07-30,2,80.6,Referral
O016474,C0500,P0009,2026-07-30,2,152.56,Organic
O016475,C0782,P0009,2026-07-30,2,152.56,Paid
O016476,C0561,P0014,2026-07-30,2,109.0,Organic
O016477,C0205,P0009,2026-07-30,1,76.28,Paid
O016478,C0670,P0023,2026-07-30,3,437.97,Organic
O016479,C0731,P0025,2026-07-30,3,81.03,Paid
O016480,C0244,P0032,2026-07-30,1,39.62,Referral
O016481,C0574,P0035,2026-07-30,3,181.2,Paid
O016482,C0127,P0034,2026-07-30,2,107.82,Paid
O016483,C0492,P0036,2026-07-30,3,71.19,Paid
O016484,C0675,P0035,2026-07-30,2,120.8,Organic
O016485,C0136,P0008,2026-07-31,3,568.17,Paid
O016486,C0034,P0007,2026-07-31,3,203.79,Organic
O016487,C0196,P0015,2026-07-31,2,110.28,Paid
O016488,C0037,P0016,2026-07-31,2,60.6,Paid
O016489,C0726,P0015,2026-07-31,3,165.42,Paid
O016490,C0792,P0017,2026-07-31,2,246.56,Email
O016491,C0537,P0020,2026-07-31,1,145.34,Referral
O016492,C0361,P0018,2026-07-31,1,87.21,Paid
O016493,C0248,P0029,2026-07-31,2,48.9,Paid
O016494,C0378,P0038,2026-07-31,1,68.37,Paid
O016495,C0376,P0037,2026-07-31,2,128.36,Paid
O016496,C0233,P0038,2026-07-31,1,68.37,Referral
O016497,C0771,P0040,2026-07-31,1,60.49,Referral
O016498,C0312,P0006,2026-07-31,3,262.62,Organic
O016499,C0573,P0004,2026-07-31,2,363.72,Email
O016500,C0006,P0012,2026-07-31,2,90.12,Email
O016501,C0789,P0016,2026-07-31,3,90.9,Referral
O016502,C0016,P0014,2026-07-31,2,109.0,Paid
O016503,C0553,P0023,2026-07-31,3,437.97,Organic
O016504,C0154,P0017,2026-07-31,2,246.56,Paid
O016505,C0784,P0028,2026-07-31,3,66.6,Paid
O016506,C0783,P0035,2026-07-31,3,181.2,Organic
O016507,C0603,P0036,2026-07-31,2,47.46,Paid
O016508,C0688,P0039,2026-07-31,1,110.51,Organic
O016509,C0525,P0004,2026-07-31,2,363.72,Referral
O016510,C0651,P0006,2026-07-31,3,262.62,Email
O016511,C0247,P0014,2026-07-31,2,109.0,Paid
O016512,C0785,P0016,2026-07-31,3,90.9,Organic
O016513,C0536,P0021,2026-07-31,1,111.76,Paid
O016514,C0209,P0030,2026-07-31,1,27.21,Paid
O016515,C0352,P0030,2026-07-31,2,54.42,Organic
O016516,C0767,P0027,2026-07-31,2,26.78,Email
O016517,C0699,P0027,2026-07-31,3,40.17,Paid
O016518,C0058,P0033,2026-07-31,1,35.18,Organic
O016519,C0354,P0039,2026-07-31,2,221.02,Organic
O016520,C0507,P0005,2026-07-31,1,66.32,Email
O016521,C0253,P0006,2026-07-31,2,175.08,Referral
O016522,C0066,P0016,2026-07-31,1,30.3,Organic
O016523,C0343,P0022,2026-07-31,2,82.38,Email
O016524,C0598,P0017,2026-07-31,1,123.28,Paid
O016525,C0185,P0029,2026-07-31,2,48.9,Paid
O016526,C0205,P0029,2026-07-31,2,48.9,Paid
O016527,C0559,P0035,2026-07-31,2,120.8,Referral
O016528,C0378,P0004,2026-08-01,2,363.72,Referral
O016529,C0444,P0003,2026-08-01,3,1007.91,Organic
O016530,C0659,P0003,2026-08-01,3,1007.91,Organic
O016531,C0394,P0001,2026-08-01,1,40.3,Referral
O016532,C0034,P0017,2026-08-01,3,369.84,Email
O016533,C0515,P0024,2026-08-01,1,95.17,Organic
O016534,C0361,P0034,2026-08-01,3,161.73,Paid
O016535,C0268,P0037,2026-08-01,1,64.18,Organic
O016536,C0520,P0034,2026-08-01,2,107.82,Paid
O016537,C0326,P0006,2026-08-01,1,87.54,Email
O016538,C0334,P0002,2026-08-01,3,801.18,Paid
O016539,C0558,P0011,2026-08-01,3,136.29,Organic
O016540,C0770,P0013,2026-08-01,2,89.72,Email
O016541,C0337,P0009,2026-08-01,3,228.84,Paid
O016542,C0295,P0010,2026-08-01,3,58.2,Paid
O016543,C0192,P0010,2026-08-01,3,58.2,Referral
O016544,C0597,P0018,2026-08-01,1,87.21,Organic
O016545,C0621,P0018,2026-08-01,2,174.42,Paid
O016546,C0517,P0031,2026-08-01,1,59.4,Referral
O016547,C0615,P0026,2026-08-01,3,65.61,Organic
O016548,C0272,P0030,2026-08-01,2,54.42,Organic
O016549,C0477,P0029,2026-08-01,2,48.9,Email
O016550,C0288,P0038,2026-08-01,2,136.74,Referral
O016551,C0182,P0040,2026-08-01,2,120.98,Email
O016552,C0420,P0033,2026-08-01,3,105.54,Paid
O016553,C0188,P0036,2026-08-01,1,23.73,Paid
O016554,C0207,P0039,2026-08-01,3,331.53,Organic
O016555,C0680,P0040,2026-08-01,3,181.47,Paid
O016556,C0459,P0007,2026-08-01,3,203.79,Email
O016557,C0097,P0016,2026-08-01,1,30.3,Email
O016558,C0705,P0010,2026-08-01,3,58.2,Organic
O016559,C0227,P0014,2026-08-01,3,163.5,Paid
O016560,C0418,P0021,2026-08-01,2,223.52,Organic
O016561,C0409,P0023,2026-08-01,3,437.97,Referral
O016562,C0355,P0017,2026-08-01,3,369.84,Referral
O016563,C0663,P0029,2026-08-01,2,48.9,Paid
O016564,C0775,P0026,2026-08-01,2,43.74,Email
O016565,C0618,P0030,2026-08-01,3,81.63,Paid
O016566,C0138,P0030,2026-08-01,2,54.42,Organic
O016567,C0227,P0031,2026-08-01,1,59.4,Organic
O016568,C0259,P0027,2026-08-01,1,13.39,Referral
O016569,C0389,P0032,2026-08-01,3,118.86,Organic
O016570,C0774,P0033,2026-08-01,1,35.18,Organic
O016571,C0722,P0008,2026-08-01,2,378.78,Referral
O016572,C0023,P0014,2026-08-01,1,54.5,Email
O016573,C0741,P0016,2026-08-01,1,30.3,Paid
O016574,C0224,P0009,2026-08-01,3,228.84,Paid
O016575,C0111,P0016,2026-08-01,1,30.3,Email
O016576,C0074,P0019,2026-08-01,2,131.54,Organic
O016577,C0222,P0017,2026-08-01,2,246.56,Paid
O016578,C0580,P0030,2026-08-01,1,27.21,Paid
O016579,C0116,P0032,2026-08-01,3,118.86,Referral
O016580,C0571,P0032,2026-08-01,1,39.62,Paid
O016581,C0359,P0040,2026-08-01,3,181.47,Referral
O016582,C0075,P0040,2026-08-01,2,120.98,Email
O016583,C0541,P0037,2026-08-01,3,192.54,Organic
O016584,C0419,P0040,2026-08-01,2,120.98,Paid
O016585,C0245,P0004,2026-08-02,3,545.58,Paid
O016586,C0382,P0008,2026-08-02,2,378.78,Email
O016587,C0655,P0001,2026-08-02,2,80.6,Organic
O016588,C0439,P0011,2026-08-02,2,90.86,Paid
O016589,C0375,P0009,2026-08-02,3,228.84,Organic
O016590,C0305,P0011,2026-08-02,3,136.29,Organic
O016591,C0465,P0013,2026-08-02,3,134.58,Organic
O016592,C0792,P0009,2026-08-02,3,228.84,Paid
O016593,C0655,P0013,2026-08-02,1,44.86,Organic
O016594,C0104,P0010,2026-08-02,1,19.4,Email
O016595,C0638,P0023,2026-08-02,1,145.99,Paid
O016596,C0141,P0022,2026-08-02,2,82.38,Referral
O016597,C0071,P0031,2026-08-02,2,118.8,Paid
O016598,C0076,P0025,2026-08-02,1,27.01,Email
O016599,C0108,P0028,2026-08-02,2,44.4,Paid
O016600,C0666,P0036,2026-08-02,2,47.46,Organic
O016601,C0348,P0036,2026-08-02,3,71.19,Organic
O016602,C0170,P0008,2026-08-02,1,189.39,Email
O016603,C0431,P0004,2026-08-02,1,181.86,Paid
O016604,C0170,P0004,2026-08-02,2,363.72,Organic
O016605,C0728,P0007,2026-08-02,1,67.93,Email
O016606,C0518,P0004,2026-08-02,1,181.86,Paid
O016607,C0674,P0009,2026-08-02,1,76.28,Referral
O016608,C0139,P0010,2026-08-02,1,19.4,Referral
O016609,C0577,P0009,2026-08-02,1,76.28,Organic
O016610,C0164,P0016,2026-08-02,1,30.3,Organic
O016611,C0170,P0021,2026-08-02,3,335.28,Organic
O016612,C0740,P0024,2026-08-02,2,190.34,Paid
O016613,C0678,P0024,2026-08-02,2,190.34,Referral
O016614,C0516,P0017,2026-08-02,1,123.28,Paid
O016615,C0762,P0017,2026-08-02,3,369.84,Organic
O016616,C0597,P0021,2026-08-02,1,111.76,Paid
O016617,C0733,P0032,2026-08-02,3,118.86,Organic
O016618,C0441,P0030,2026-08-02,2,54.42,Referral
O016619,C0539,P0027,2026-08-02,1,13.39,Referral
O016620,C0784,P0036,2026-08-02,3,71.19,Organic
O016621,C0464,P0035,2026-08-02,2,120.8,Organic
O016622,C0176,P0035,2026-08-02,3,181.2,Organic
O016623,C0298,P0035,2026-08-02,3,181.2,Referral
O016624,C0103,P0036,2026-08-02,2,47.46,Referral
O016625,C0586,P0007,2026-08-02,3,203.79,Paid
O016626,C0123,P0008,2026-08-02,2,378.78,Organic
O016627,C0227,P0003,2026-08-02,3,1007.91,Referral
O016628,C0593,P0001,2026-08-02,3,120.9,Paid
O016629,C0204,P0007,2026-08-02,3,203.79,Paid
O016630,C0168,P0012,2026-08-02,1,45.06,Organic
O016631,C0454,P0010,2026-08-02,1,19.4,Paid
O016632,C0291,P0019,2026-08-02,3,197.31,Organic
O016633,C0211,P0018,2026-08-02,1,87.21,Organic
O016634,C0452,P0019,2026-08-02,1,65.77,Paid
O016635,C0094,P0020,2026-08-02,1,145.34,Referral
O016636,C0644,P0027,2026-08-02,2,26.78,Organic
O016637,C0155,P0040,2026-08-02,3,181.47,Organic
O016638,C0388,P0037,2026-08-02,3,192.54,Referral
O016639,C0198,P0007,2026-08-02,2,135.86,Paid
O016640,C0466,P0008,2026-08-02,3,568.17,Organic
O016641,C0131,P0011,2026-08-02,3,136.29,Organic
O016642,C0053,P0019,2026-08-02,1,65.77,Email
O016643,C0620,P0024,2026-08-02,3,285.51,Paid
O016644,C0466,P0023,2026-08-02,3,437.97,Organic
O016645,C0473,P0025,2026-08-02,2,54.02,Referral
O016646,C0221,P0026,2026-08-02,3,65.61,Organic
O016647,C0743,P0007,2026-08-03,3,203.79,Email
O016648,C0415,P0013,2026-08-03,3,134.58,Paid
O016649,C0141,P0011,2026-08-03,3,136.29,Organic
O016650,C0293,P0023,2026-08-03,2,291.98,Email
O016651,C0649,P0021,2026-08-03,2,223.52,Paid
O016652,C0275,P0026,2026-08-03,2,43.74,Organic
O016653,C0141,P0032,2026-08-03,1,39.62,Organic
O016654,C0362,P0038,2026-08-03,1,68.37,Paid
O016655,C0365,P0038,2026-08-03,2,136.74,Organic
O016656,C0394,P0040,2026-08-03,3,181.47,Organic
O016657,C0438,P0008,2026-08-03,1,189.39,Organic
O016658,C0194,P0007,2026-08-03,2,135.86,Email
O016659,C0616,P0012,2026-08-03,2,90.12,Organic
O016660,C0024,P0010,2026-08-03,2,38.8,Email
O016661,C0043,P0013,2026-08-03,1,44.86,Referral
O016662,C0407,P0019,2026-08-03,3,197.31,Paid
O016663,C0038,P0018,2026-08-03,1,87.21,Organic
O016664,C0688,P0021,2026-08-03,3,335.28,Organic
O016665,C0595,P0022,2026-08-03,3,123.57,Paid
O016666,C0154,P0031,2026-08-03,1,59.4,Paid
O016667,C0539,P0030,2026-08-03,3,81.63,Paid
O016668,C0006,P0035,2026-08-03,3,181.2,Referral
O016669,C0182,P0040,2026-08-03,1,60.49,Organic
O016670,C0784,P0034,2026-08-03,2,107.82,Organic
O016671,C0029,P0033,2026-08-03,2,70.36,Paid
O016672,C0114,P0005,2026-08-03,2,132.64,Organic
O016673,C0483,P0015,2026-08-03,3,165.42,Organic
O016674,C0773,P0023,2026-08-03,1,145.99,Paid
O016675,C0260,P0019,2026-08-03,3,197.31,Paid
O016676,C0763,P0032,2026-08-03,1,39.62,Paid
O016677,C0765,P0028,2026-08-03,2,44.4,Paid
O016678,C0373,P0036,2026-08-03,3,71.19,Paid
O016679,C0437,P0039,2026-08-03,1,110.51,Organic
O016680,C0238,P0035,2026-08-03,1,60.4,Organic
O016681,C0494,P0016,2026-08-03,2,60.6,Paid
O016682,C0717,P0032,2026-08-03,1,39.62,Paid
O016683,C0066,P0038,2026-08-03,1,68.37,Email
O016684,C0111,P0034,2026-08-03,1,53.91,Paid
O016685,C0440,P0037,2026-08-03,1,64.18,Paid
O016686,C0357,P0040,2026-08-03,1,60.49,Organic
O016687,C0514,P0036,2026-08-03,3,71.19,Email
O016688,C0283,P0033,2026-08-03,3,105.54,Email
O016689,C0613,P0033,2026-08-03,1,35.18,Referral
O016690,C0549,P0008,2026-08-04,1,189.39,Paid
O016691,C0008,P0012,2026-08-04,1,45.06,Organic
O016692,C0422,P0009,2026-08-04,2,152.56,Organic
O016693,C0377,P0014,2026-08-04,3,163.5,Organic
O016694,C0647,P0023,2026-08-04,1,145.99,Organic
O016695,C0372,P0017,2026-08-04,3,369.84,Paid
O016696,C0140,P0029,2026-08-04,1,24.45,Paid
O016697,C0001,P0027,2026-08-04,2,26.78,Email
O016698,C0543,P0038,2026-08-04,2,136.74,Paid
O016699,C0034,P0037,2026-08-04,1,64.18,Email
O016700,C0156,P0039,2026-08-04,1,110.51,Organic
O016701,C0537,P0033,2026-08-04,2,70.36,Email
O016702,C0286,P0001,2026-08-04,2,80.6,Paid
O016703,C0356,P0016,2026-08-04,1,30.3,Paid
O016704,C0621,P0018,2026-08-04,2,174.42,Organic
O016705,C0615,P0022,2026-08-04,3,123.57,Organic
O016706,C0105,P0021,2026-08-04,2,223.52,Paid
O016707,C0645,P0017,2026-08-04,1,123.28,Paid
O016708,C0091,P0023,2026-08-04,3,437.97,Paid
O016709,C0334,P0032,2026-08-04,3,118.86,Organic
O016710,C0595,P0039,2026-08-04,3,331.53,Referral
O016711,C0334,P0037,2026-08-04,1,64.18,Referral
O016712,C0591,P0005,2026-08-04,1,66.32,Organic
O016713,C0078,P0012,2026-08-04,1,45.06,Organic
O016714,C0605,P0011,2026-08-04,2,90.86,Email
O016715,C0421,P0026,2026-08-04,2,43.74,Paid
O016716,C0332,P0031,2026-08-04,1,59.4,Paid
O016717,C0632,P0038,2026-08-04,3,205.11,Referral
O016718,C0306,P0033,2026-08-04,1,35.18,Paid
O016719,C0036,P0002,2026-08-04,2,534.12,Paid
O016720,C0522,P0003,2026-08-04,2,671.94,Paid
O016721,C0522,P0008,2026-08-04,2,378.78,Paid
O016722,C0198,P0018,2026-08-04,3,261.63,Organic
O016723,C0068,P0034,2026-08-04,3,161.73,Email
O016724,C0442,P0035,2026-08-04,2,120.8,Organic
O016725,C0378,P0005,2026-08-05,2,132.64,Organic
O016726,C0303,P0003,2026-08-05,3,1007.91,Paid
O016727,C0031,P0004,2026-08-05,2,363.72,Referral
O016728,C0465,P0001,2026-08-05,1,40.3,Paid
O016729,C0108,P0007,2026-08-05,1,67.93,Paid
O016730,C0655,P0016,2026-08-05,1,30.3,Paid
O016731,C0606,P0016,2026-08-05,1,30.3,Paid
O016732,C0372,P0022,2026-08-05,2,82.38,Paid
O016733,C0662,P0021,2026-08-05,3,335.28,Organic
O016734,C0241,P0017,2026-08-05,2,246.56,Organic
O016735,C0790,P0025,2026-08-05,3,81.03,Organic
O016736,C0697,P0031,2026-08-05,3,178.2,Organic
O016737,C0072,P0029,2026-08-05,2,48.9,Referral
O016738,C0465,P0029,2026-08-05,1,24.45,Organic
O016739,C0302,P0034,2026-08-05,1,53.91,Paid
O016740,C0189,P0033,2026-08-05,2,70.36,Referral
O016741,C0189,P0033,2026-08-05,1,35.18,Paid
O016742,C0715,P0035,2026-08-05,3,181.2,Paid
O016743,C0390,P0034,2026-08-05,1,53.91,Paid
O016744,C0326,P0004,2026-08-05,1,181.86,Email
O016745,C0519,P0009,2026-08-05,3,228.84,Referral
O016746,C0683,P0017,2026-08-05,3,369.84,Organic
O016747,C0234,P0023,2026-08-05,1,145.99,Organic
O016748,C0286,P0019,2026-08-05,1,65.77,Organic
O016749,C0395,P0029,2026-08-05,1,24.45,Referral
O016750,C0218,P0025,2026-08-05,1,27.01,Organic
O016751,C0080,P0030,2026-08-05,2,54.42,Referral
O016752,C0468,P0025,2026-08-05,3,81.03,Paid
O016753,C0733,P0025,2026-08-05,3,81.03,Paid
O016754,C0234,P0026,2026-08-05,1,21.87,Email
O016755,C0619,P0030,2026-08-05,3,81.63,Paid
O016756,C0533,P0025,2026-08-05,1,27.01,Organic
O016757,C0619,P0040,2026-08-05,2,120.98,Email
O016758,C0404,P0033,2026-08-05,3,105.54,Paid
O016759,C0229,P0035,2026-08-05,3,181.2,Organic
O016760,C0273,P0010,2026-08-05,2,38.8,Organic
O016761,C0452,P0010,2026-08-05,1,19.4,Email
O016762,C0734,P0015,2026-08-05,2,110.28,Organic
O016763,C0691,P0018,2026-08-05,1,87.21,Organic
O016764,C0098,P0020,2026-08-05,2,290.68,Email
O016765,C0705,P0019,2026-08-05,2,131.54,Organic
O016766,C0254,P0026,2026-08-05,3,65.61,Organic
O016767,C0261,P0029,2026-08-05,3,73.35,Organic
O016768,C0411,P0040,2026-08-05,1,60.49,Email
O016769,C0284,P0033,2026-08-05,1,35.18,Organic
O016770,C0479,P0004,2026-08-05,3,545.58,Email
O016771,C0797,P0001,2026-08-05,3,120.9,Referral
O016772,C0290,P0003,2026-08-05,1,335.97,Paid
O016773,C0631,P0022,2026-08-05,1,41.19,Email
O016774,C0466,P0023,2026-08-05,2,291.98,Organic
O016775,C0147,P0028,2026-08-05,3,66.6,Organic
O016776,C0111,P0039,2026-08-05,2,221.02,Email
O016777,C0604,P0037,2026-08-05,3,192.54,Organic
O016778,C0008,P0005,2026-08-06,3,198.96,Organic
O016779,C0562,P0009,2026-08-06,2,152.56,Organic
O016780,C0576,P0009,2026-08-06,2,152.56,Organic
O016781,C0305,P0014,2026-08-06,2,109.0,Organic
O016782,C0268,P0014,2026-08-06,1,54.5,Organic
O016783,C0030,P0021,2026-08-06,2,223.52,Organic
O016784,C0771,P0025,2026-08-06,2,54.02,Email
O016785,C0321,P0026,2026-08-06,3,65.61,Organic
O016786,C0402,P0038,2026-08-06,3,205.11,Paid
O016787,C0754,P0036,2026-08-06,1,23.73,Organic
O016788,C0302,P0033,2026-08-06,1,35.18,Organic
O016789,C0139,P0003,2026-08-06,1,335.97,Paid
O016790,C0518,P0013,2026-08-06,2,89.72,Organic
O016791,C0164,P0009,2026-08-06,1,76.28,Email
O016792,C0170,P0016,2026-08-06,3,90.9,Paid
O016793,C0081,P0024,2026-08-06,1,95.17,Organic
O016794,C0026,P0019,2026-08-06,2,131.54,Paid
O016795,C0166,P0030,2026-08-06,2,54.42,Organic
O016796,C0022,P0027,2026-08-06,2,26.78,Organic
O016797,C0137,P0007,2026-08-06,2,135.86,Paid
O016798,C0201,P0013,2026-08-06,1,44.86,Organic
O016799,C0409,P0020,2026-08-06,3,436.02,Organic
O016800,C0586,P0031,2026-08-06,1,59.4,Organic
O016801,C0657,P0001,2026-08-06,2,80.6,Referral
O016802,C0598,P0011,2026-08-06,3,136.29,Organic
O016803,C0652,P0023,2026-08-06,2,291.98,Paid
O016804,C0793,P0007,2026-08-07,3,203.79,Referral
O016805,C0592,P0016,2026-08-07,2,60.6,Organic
O016806,C0136,P0019,2026-08-07,1,65.77,Email
O016807,C0756,P0031,2026-08-07,2,118.8,Referral
O016808,C0004,P0025,2026-08-07,1,27.01,Referral
O016809,C0403,P0025,2026-08-07,2,54.02,Email
O016810,C0557,P0039,2026-08-07,2,221.02,Organic
O016811,C0375,P0034,2026-08-07,2,107.82,Paid
O016812,C0696,P0003,2026-08-07,1,335.97,Email
O016813,C0712,P0005,2026-08-07,1,66.32,Paid
O016814,C0640,P0009,2026-08-07,3,228.84,Organic
O016815,C0426,P0014,2026-08-07,1,54.5,Organic
O016816,C0509,P0015,2026-08-07,2,110.28,Organic
O016817,C0341,P0022,2026-08-07,2,82.38,Paid
O016818,C0727,P0020,2026-08-07,2,290.68,Organic
O016819,C0029,P0030,2026-08-07,3,81.63,Email
O016820,C0345,P0040,2026-08-07,3,181.47,Organic
O016821,C0448,P0037,2026-08-07,2,128.36,Referral
O016822,C0315,P0010,2026-08-07,3,58.2,Paid
O016823,C0497,P0013,2026-08-07,3,134.58,Organic
O016824,C0238,P0012,2026-08-07,2,90.12,Organic
O016825,C0157,P0009,2026-08-07,3,228.84,Organic
O016826,C0062,P0025,2026-08-07,2,54.02,Organic
O016827,C0627,P0029,2026-08-07,2,48.9,Organic
O016828,C0327,P0035,2026-08-07,2,120.8,Organic
O016829,C0437,P0033,2026-08-07,2,70.36,Organic
O016830,C0452,P0033,2026-08-07,2,70.36,Organic
O016831,C0186,P0009,2026-08-07,1,76.28,Referral
O016832,C0282,P0009,2026-08-07,1,76.28,Paid
O016833,C0794,P0010,2026-08-07,3,58.2,Email
O016834,C0205,P0023,2026-08-07,2,291.98,Organic
O016835,C0567,P0018,2026-08-07,3,261.63,Paid
O016836,C0514,P0017,2026-08-07,1,123.28,Paid
O016837,C0433,P0037,2026-08-07,2,128.36,Paid
O016838,C0729,P0038,2026-08-07,2,136.74,Organic
O016839,C0331,P0004,2026-08-08,3,545.58,Email
O016840,C0562,P0008,2026-08-08,2,378.78,Organic
O016841,C0572,P0014,2026-08-08,3,163.5,Paid
O016842,C0449,P0009,2026-08-08,3,228.84,Organic
O016843,C0034,P0015,2026-08-08,2,110.28,Paid
O016844,C0294,P0014,2026-08-08,3,163.5,Referral
O016845,C0600,P0023,2026-08-08,1,145.99,Referral
O016846,C0001,P0019,2026-08-08,1,65.77,Paid
O016847,C0004,P0026,2026-08-08,3,65.61,Paid
O016848,C0372,P0031,2026-08-08,2,118.8,Organic
O016849,C0443,P0026,2026-08-08,2,43.74,Email
O016850,C0249,P0039,2026-08-08,2,221.02,Paid
O016851,C0372,P0040,2026-08-08,1,60.49,Organic
O016852,C0485,P0003,2026-08-08,3,1007.91,Referral
O016853,C0712,P0006,2026-08-08,3,262.62,Organic
O016854,C0738,P0014,2026-08-08,2,109.0,Email
O016855,C0431,P0011,2026-08-08,3,136.29,Organic
O016856,C0333,P0016,2026-08-08,2,60.6,Organic
O016857,C0676,P0014,2026-08-08,1,54.5,Organic
O016858,C0669,P0016,2026-08-08,2,60.6,Referral
O016859,C0747,P0021,2026-08-08,2,223.52,Referral
O016860,C0308,P0020,2026-08-08,1,145.34,Organic
O016861,C0485,P0029,2026-08-08,3,73.35,Organic
O016862,C0395,P0032,2026-08-08,2,79.24,Referral
O016863,C0798,P0028,2026-08-08,2,44.4,Organic
O016864,C0024,P0031,2026-08-08,2,118.8,Organic
O016865,C0092,P0037,2026-08-08,1,64.18,Paid
O016866,C0789,P0040,2026-08-08,2,120.98,Paid
O016867,C0686,P0037,2026-08-08,1,64.18,Email
O016868,C0267,P0010,2026-08-08,1,19.4,Email
O016869,C0787,P0023,2026-08-08,1,145.99,Organic
O016870,C0102,P0028,2026-08-08,3,66.6,Paid
O016871,C0315,P0025,2026-08-08,2,54.02,Organic
O016872,C0368,P0038,2026-08-08,3,205.11,Referral
O016873,C0002,P0035,2026-08-08,1,60.4,Paid
O016874,C0131,P0013,2026-08-08,1,44.86,Referral
O016875,C0118,P0013,2026-08-08,3,134.58,Email
O016876,C0266,P0020,2026-08-08,3,436.02,Organic
O016877,C0197,P0020,2026-08-08,3,436.02,Organic
O016878,C0455,P0027,2026-08-08,3,40.17,Email
O016879,C0500,P0038,2026-08-08,1,68.37,Organic
O016880,C0505,P0033,2026-08-08,2,70.36,Paid
O016881,C0658,P0039,2026-08-08,2,221.02,Paid
O016882,C0349,P0001,2026-08-09,3,120.9,Organic
O016883,C0348,P0008,2026-08-09,3,568.17,Email
O016884,C0606,P0004,2026-08-09,3,545.58,Organic
O016885,C0251,P0012,2026-08-09,3,135.18,Paid
O016886,C0718,P0010,2026-08-09,1,19.4,Paid
O016887,C0307,P0010,2026-08-09,3,58.2,Email
O016888,C0079,P0014,2026-08-09,2,109.0,Email
O016889,C0372,P0015,2026-08-09,2,110.28,Organic
O016890,C0378,P0020,2026-08-09,1,145.34,Paid
O016891,C0317,P0022,2026-08-09,2,82.38,Organic
O016892,C0303,P0028,2026-08-09,2,44.4,Organic
O016893,C0659,P0031,2026-08-09,1,59.4,Email
O016894,C0443,P0027,2026-08-09,1,13.39,Organic
O016895,C0641,P0039,2026-08-09,2,221.02,Organic
O016896,C0662,P0035,2026-08-09,1,60.4,Email
O016897,C0067,P0035,2026-08-09,2,120.8,Paid
O016898,C0740,P0002,2026-08-09,3,801.18,Organic
O016899,C0106,P0005,2026-08-09,3,198.96,Organic
O016900,C0016,P0007,2026-08-09,1,67.93,Organic
O016901,C0414,P0002,2026-08-09,1,267.06,Paid
O016902,C0132,P0002,2026-08-09,2,534.12,Email
O016903,C0029,P0014,2026-08-09,2,109.0,Organic
O016904,C0694,P0014,2026-08-09,2,109.0,Organic
O016905,C0475,P0014,2026-08-09,2,109.0,Paid
O016906,C0202,P0014,2026-08-09,3,163.5,Organic
O016907,C0708,P0016,2026-08-09,2,60.6,Organic
O016908,C0511,P0018,2026-08-09,1,87.21,Paid
O016909,C0712,P0019,2026-08-09,1,65.77,Paid
O016910,C0457,P0025,2026-08-09,2,54.02,Organic
O016911,C0712,P0032,2026-08-09,3,118.86,Organic
O016912,C0115,P0030,2026-08-09,2,54.42,Organic
O016913,C0474,P0035,2026-08-09,1,60.4,Paid
O016914,C0333,P0039,2026-08-09,1,110.51,Email
O016915,C0220,P0034,2026-08-09,3,161.73,Paid
O016916,C0451,P0008,2026-08-09,2,378.78,Paid
O016917,C0368,P0006,2026-08-09,1,87.54,Organic
O016918,C0757,P0016,2026-08-09,2,60.6,Email
O016919,C0451,P0011,2026-08-09,3,136.29,Organic
O016920,C0096,P0024,2026-08-09,3,285.51,Paid
O016921,C0582,P0031,2026-08-09,2,118.8,Organic
O016922,C0267,P0026,2026-08-09,3,65.61,Organic
O016923,C0352,P0035,2026-08-09,3,181.2,Email
O016924,C0456,P0037,2026-08-09,3,192.54,Paid
O016925,C0486,P0040,2026-08-09,2,120.98,Paid
O016926,C0015,P0003,2026-08-09,3,1007.91,Organic
O016927,C0290,P0007,2026-08-09,2,135.86,Organic
O016928,C0552,P0010,2026-08-09,2,38.8,Organic
O016929,C0379,P0012,2026-08-09,3,135.18,Organic
O016930,C0221,P0025,2026-08-09,2,54.02,Organic
O016931,C0359,P0028,2026-08-09,2,44.4,Organic
O016932,C0556,P0031,2026-08-09,1,59.4,Organic
O016933,C0246,P0025,2026-08-09,2,54.02,Organic
O016934,C0552,P0039,2026-08-09,3,331.53,Organic
O016935,C0471,P0006,2026-08-10,3,262.62,Paid
O016936,C0257,P0021,2026-08-10,2,223.52,Organic
O016937,C0668,P0019,2026-08-10,3,197.31,Paid
O016938,C0386,P0027,2026-08-10,3,40.17,Organic
O016939,C0362,P0027,2026-08-10,2,26.78,Paid
O016940,C0228,P0034,2026-08-10,1,53.91,Paid
O016941,C0331,P0038,2026-08-10,3,205.11,Organic
O016942,C0537,P0033,2026-08-10,1,35.18,Organic
O016943,C0230,P0001,2026-08-10,2,80.6,Email
O016944,C0081,P0006,2026-08-10,3,262.62,Paid
O016945,C0149,P0009,2026-08-10,3,228.84,Paid
O016946,C0762,P0021,2026-08-10,1,111.76,Organic
O016947,C0277,P0021,2026-08-10,3,335.28,Referral
O016948,C0680,P0031,2026-08-10,2,118.8,Referral
O016949,C0126,P0031,2026-08-10,3,178.2,Organic
O016950,C0475,P0039,2026-08-10,3,331.53,Paid
O016951,C0645,P0038,2026-08-10,1,68.37,Paid
O016952,C0427,P0002,2026-08-10,2,534.12,Paid
O016953,C0691,P0002,2026-08-10,1,267.06,Paid
O016954,C0238,P0009,2026-08-10,2,152.56,Email
O016955,C0391,P0013,2026-08-10,1,44.86,Paid
O016956,C0123,P0011,2026-08-10,1,45.43,Paid
O016957,C0627,P0028,2026-08-10,1,22.2,Paid
O016958,C0732,P0038,2026-08-10,2,136.74,Organic
O016959,C0663,P0034,2026-08-10,3,161.73,Organic
O016960,C0355,P0038,2026-08-10,1,68.37,Paid
O016961,C0445,P0025,2026-08-10,1,27.01,Referral
O016962,C0274,P0027,2026-08-10,2,26.78,Email
O016963,C0014,P0016,2026-08-11,3,90.9,Organic
O016964,C0361,P0013,2026-08-11,3,134.58,Referral
O016965,C0543,P0028,2026-08-11,3,66.6,Referral
O016966,C0141,P0039,2026-08-11,2,221.02,Email
O016967,C0662,P0039,2026-08-11,1,110.51,Organic
O016968,C0638,P0039,2026-08-11,3,331.53,Organic
O016969,C0072,P0040,2026-08-11,1,60.49,Organic
O016970,C0339,P0005,2026-08-11,2,132.64,Paid
O016971,C0747,P0003,2026-08-11,2,671.94,Referral
O016972,C0724,P0003,2026-08-11,1,335.97,Organic
O016973,C0489,P0004,2026-08-11,1,181.86,Email
O016974,C0563,P0021,2026-08-11,3,335.28,Paid
O016975,C0103,P0032,2026-08-11,2,79.24,Paid
O016976,C0217,P0033,2026-08-11,2,70.36,Paid
O016977,C0029,P0034,2026-08-11,3,161.73,Paid
O016978,C0635,P0002,2026-08-11,2,534.12,Referral
O016979,C0536,P0002,2026-08-11,1,267.06,Paid
O016980,C0772,P0008,2026-08-11,2,378.78,Organic
O016981,C0097,P0014,2026-08-11,3,163.5,Email
O016982,C0582,P0012,2026-08-11,2,90.12,Organic
O016983,C0096,P0015,2026-08-11,1,55.14,Organic
O016984,C0535,P0021,2026-08-11,2,223.52,Organic
O016985,C0086,P0022,2026-08-11,3,123.57,Email
O016986,C0493,P0021,2026-08-11,2,223.52,Organic
O016987,C0644,P0022,2026-08-11,1,41.19,Organic
O016988,C0409,P0028,2026-08-11,3,66.6,Referral
O016989,C0373,P0025,2026-08-11,2,54.02,Organic
O016990,C0635,P0026,2026-08-11,2,43.74,Referral
O016991,C0513,P0037,2026-08-11,3,192.54,Paid
O016992,C0614,P0005,2026-08-11,2,132.64,Email
O016993,C0690,P0009,2026-08-11,1,76.28,Email
O016994,C0434,P0016,2026-08-11,2,60.6,Email
O016995,C0042,P0017,2026-08-11,3,369.84,Paid
O016996,C0725,P0024,2026-08-11,3,285.51,Organic
O016997,C0200,P0019,2026-08-11,1,65.77,Paid
O016998,C0725,P0036,2026-08-11,1,23.73,Organic
O016999,C0446,P0040,2026-08-11,2,120.98,Paid
O017000,C0180,P0004,2026-08-12,1,181.86,Organic
O017001,C0707,P0005,2026-08-12,2,132.64,Organic
O017002,C0050,P0004,2026-08-12,2,363.72,Paid
O017003,C0726,P0016,2026-08-12,3,90.9,Organic
O017004,C0305,P0015,2026-08-12,3,165.42,Email
O017005,C0046,P0012,2026-08-12,2,90.12,Organic
O017006,C0636,P0012,2026-08-12,2,90.12,Paid
O017007,C0252,P0019,2026-08-12,2,131.54,Organic
O017008,C0263,P0021,2026-08-12,3,335.28,Organic
O017009,C0051,P0031,2026-08-12,2,118.8,Organic
O017010,C0636,P0025,2026-08-12,2,54.02,Organic
O017011,C0557,P0032,2026-08-12,1,39.62,Referral
O017012,C0287,P0034,2026-08-12,1,53.91,Organic
O017013,C0003,P0033,2026-08-12,1,35.18,Organic
O017014,C0387,P0002,2026-08-12,1,267.06,Organic
O017015,C0340,P0001,2026-08-12,3,120.9,Email
O017016,C0041,P0004,2026-08-12,1,181.86,Organic
O017017,C0784,P0005,2026-08-12,2,132.64,Organic
O017018,C0475,P0016,2026-08-12,3,90.9,Organic
O017019,C0441,P0016,2026-08-12,1,30.3,Email
O017020,C0410,P0012,2026-08-12,2,90.12,Referral
O017021,C0167,P0026,2026-08-12,1,21.87,Paid
O017022,C0153,P0031,2026-08-12,3,178.2,Paid
O017023,C0735,P0031,2026-08-12,2,118.8,Paid
O017024,C0692,P0032,2026-08-12,2,79.24,Paid
O017025,C0084,P0030,2026-08-12,2,54.42,Email
O017026,C0772,P0006,2026-08-12,1,87.54,Organic
O017027,C0406,P0002,2026-08-12,1,267.06,Organic
O017028,C0363,P0015,2026-08-12,2,110.28,Organic
O017029,C0768,P0011,2026-08-12,2,90.86,Organic
O017030,C0705,P0009,2026-08-12,3,228.84,Organic
O017031,C0352,P0018,2026-08-12,2,174.42,Organic
O017032,C0547,P0023,2026-08-12,2,291.98,Paid
O017033,C0437,P0019,2026-08-12,2,131.54,Paid
O017034,C0179,P0027,2026-08-12,2,26.78,Paid
O017035,C0269,P0026,2026-08-12,1,21.87,Organic
O017036,C0745,P0033,2026-08-12,3,105.54,Paid
O017037,C0568,P0040,2026-08-12,1,60.49,Email
O017038,C0764,P0017,2026-08-12,3,369.84,Email
O017039,C0601,P0019,2026-08-12,3,197.31,Paid
O017040,C0200,P0020,2026-08-12,2,290.68,Referral
O017041,C0443,P0010,2026-08-13,3,58.2,Paid
O017042,C0104,P0012,2026-08-13,1,45.06,Referral
O017043,C0190,P0017,2026-08-13,2,246.56,Organic
O017044,C0668,P0017,2026-08-13,1,123.28,Organic
O017045,C0737,P0019,2026-08-13,1,65.77,Organic
O017046,C0630,P0035,2026-08-13,2,120.8,Organic
O017047,C0079,P0035,2026-08-13,3,181.2,Paid
O017048,C0597,P0002,2026-08-13,3,801.18,Email
O017049,C0430,P0014,2026-08-13,2,109.0,Email
O017050,C0762,P0019,2026-08-13,3,197.31,Referral
O017051,C0671,P0022,2026-08-13,1,41.19,Organic
O017052,C0207,P0032,2026-08-13,1,39.62,Organic
O017053,C0164,P0034,2026-08-13,1,53.91,Organic
O017054,C0744,P0002,2026-08-13,3,801.18,Paid
O017055,C0454,P0014,2026-08-13,3,163.5,Referral
O017056,C0554,P0017,2026-08-13,2,246.56,Organic
O017057,C0612,P0030,2026-08-13,1,27.21,Organic
O017058,C0373,P0038,2026-08-13,1,68.37,Organic
O017059,C0095,P0001,2026-08-13,3,120.9,Organic
O017060,C0111,P0013,2026-08-13,2,89.72,Organic
O017061,C0198,P0010,2026-08-13,3,58.2,Email
O017062,C0458,P0011,2026-08-13,1,45.43,Organic
O017063,C0319,P0017,2026-08-13,3,369.84,Referral
O017064,C0360,P0019,2026-08-13,2,131.54,Email
O017065,C0419,P0022,2026-08-13,1,41.19,Organic
O017066,C0675,P0031,2026-08-13,1,59.4,Organic
O017067,C0654,P0001,2026-08-14,1,40.3,Email
O017068,C0311,P0017,2026-08-14,1,123.28,Paid
O017069,C0212,P0020,2026-08-14,1,145.34,Organic
O017070,C0398,P0026,2026-08-14,3,65.61,Organic
O017071,C0600,P0040,2026-08-14,1,60.49,Paid
O017072,C0130,P0038,2026-08-14,1,68.37,Paid
O017073,C0248,P0034,2026-08-14,3,161.73,Paid
O017074,C0263,P0037,2026-08-14,2,128.36,Organic
O017075,C0585,P0003,2026-08-14,3,1007.91,Organic
O017076,C0153,P0003,2026-08-14,2,671.94,Email
O017077,C0560,P0001,2026-08-14,3,120.9,Organic
O017078,C0723,P0004,2026-08-14,2,363.72,Paid
O017079,C0039,P0015,2026-08-14,1,55.14,Paid
O017080,C0648,P0014,2026-08-14,3,163.5,Paid
O017081,C0477,P0015,2026-08-14,1,55.14,Organic
O017082,C0490,P0019,2026-08-14,1,65.77,Email
O017083,C0708,P0021,2026-08-14,3,335.28,Organic
O017084,C0640,P0024,2026-08-14,2,190.34,Paid
O017085,C0426,P0018,2026-08-14,3,261.63,Organic
O017086,C0783,P0028,2026-08-14,2,44.4,Organic
O017087,C0313,P0005,2026-08-14,1,66.32,Email
O017088,C0523,P0002,2026-08-14,3,801.18,Referral
O017089,C0578,P0003,2026-08-14,1,335.97,Email
O017090,C0270,P0015,2026-08-14,2,110.28,Paid
O017091,C0137,P0015,2026-08-14,2,110.28,Paid
O017092,C0486,P0012,2026-08-14,2,90.12,Organic
O017093,C0012,P0040,2026-08-14,1,60.49,Email
O017094,C0713,P0003,2026-08-14,3,1007.91,Paid
O017095,C0357,P0005,2026-08-14,3,198.96,Organic
O017096,C0070,P0018,2026-08-14,2,174.42,Organic
O017097,C0730,P0019,2026-08-14,2,131.54,Organic
O017098,C0496,P0032,2026-08-14,1,39.62,Organic
O017099,C0584,P0027,2026-08-14,1,13.39,Organic
O017100,C0729,P0026,2026-08-14,2,43.74,Paid
O017101,C0005,P0030,2026-08-14,3,81.63,Email
O017102,C0159,P0001,2026-08-15,2,80.6,Organic
O017103,C0488,P0014,2026-08-15,2,109.0,Organic
O017104,C0469,P0022,2026-08-15,1,41.19,Paid
O017105,C0143,P0019,2026-08-15,2,131.54,Paid
O017106,C0297,P0020,2026-08-15,1,145.34,Organic
O017107,C0027,P0028,2026-08-15,3,66.6,Paid
O017108,C0335,P0032,2026-08-15,3,118.86,Paid
O017109,C0718,P0031,2026-08-15,1,59.4,Organic
O017110,C0548,P0040,2026-08-15,2,120.98,Email
O017111,C0382,P0038,2026-08-15,1,68.37,Email
O017112,C0796,P0037,2026-08-15,2,128.36,Paid
O017113,C0358,P0039,2026-08-15,1,110.51,Paid
O017114,C0304,P0037,2026-08-15,3,192.54,Referral
O017115,C0417,P0008,2026-08-15,3,568.17,Organic
O017116,C0674,P0007,2026-08-15,1,67.93,Referral
O017117,C0470,P0006,2026-08-15,3,262.62,Organic
O017118,C0727,P0012,2026-08-15,2,90.12,Organic
O017119,C0438,P0014,2026-08-15,2,109.0,Paid
O017120,C0759,P0019,2026-08-15,3,197.31,Paid
O017121,C0182,P0021,2026-08-15,1,111.76,Referral
O017122,C0153,P0018,2026-08-15,3,261.63,Paid
O017123,C0063,P0027,2026-08-15,1,13.39,Paid
O017124,C0698,P0028,2026-08-15,3,66.6,Organic
O017125,C0789,P0040,2026-08-15,1,60.49,Organic
O017126,C0511,P0037,2026-08-15,2,128.36,Email
O017127,C0616,P0033,2026-08-15,3,105.54,Organic
O017128,C0169,P0006,2026-08-15,3,262.62,Organic
O017129,C0237,P0006,2026-08-15,3,262.62,Paid
O017130,C0772,P0003,2026-08-15,2,671.94,Organic
O017131,C0663,P0012,2026-08-15,2,90.12,Paid
O017132,C0435,P0030,2026-08-15,1,27.21,Email
O017133,C0435,P0040,2026-08-15,3,181.47,Referral
O017134,C0301,P0003,2026-08-15,2,671.94,Email
O017135,C0446,P0008,2026-08-15,1,189.39,Organic
O017136,C0178,P0009,2026-08-15,1,76.28,Organic
O017137,C0053,P0014,2026-08-15,2,109.0,Paid
O017138,C0580,P0023,2026-08-15,1,145.99,Referral
O017139,C0052,P0021,2026-08-15,1,111.76,Referral
O017140,C0186,P0028,2026-08-15,3,66.6,Organic
O017141,C0797,P0034,2026-08-15,2,107.82,Paid
O017142,C0476,P0040,2026-08-15,1,60.49,Email
O017143,C0028,P0034,2026-08-15,3,161.73,Email
O017144,C0729,P0035,2026-08-15,2,120.8,Organic
O017145,C0303,P0005,2026-08-16,2,132.64,Organic
O017146,C0143,P0008,2026-08-16,3,568.17,Organic
O017147,C0390,P0005,2026-08-16,1,66.32,Email
O017148,C0109,P0011,2026-08-16,2,90.86,Organic
O017149,C0008,P0021,2026-08-16,2,223.52,Paid
O017150,C0279,P0028,2026-08-16,1,22.2,Email
O017151,C0323,P0025,2026-08-16,1,27.01,Paid
O017152,C0071,P0028,2026-08-16,1,22.2,Email
O017153,C0443,P0039,2026-08-16,2,221.02,Email
O017154,C0538,P0036,2026-08-16,3,71.19,Email
O017155,C0576,P0036,2026-08-16,3,71.19,Paid
O017156,C0326,P0007,2026-08-16,3,203.79,Organic
O017157,C0192,P0003,2026-08-16,2,671.94,Paid
O017158,C0724,P0005,2026-08-16,2,132.64,Organic
O017159,C0054,P0002,2026-08-16,1,267.06,Paid
O017160,C0187,P0007,2026-08-16,3,203.79,Organic
O017161,C0414,P0004,2026-08-16,2,363.72,Organic
O017162,C0333,P0016,2026-08-16,1,30.3,Organic
O017163,C0369,P0015,2026-08-16,1,55.14,Paid
O017164,C0220,P0010,2026-08-16,1,19.4,Email
O017165,C0778,P0020,2026-08-16,3,436.02,Organic
O017166,C0640,P0023,2026-08-16,2,291.98,Paid
O017167,C0410,P0017,2026-08-16,2,246.56,Referral
O017168,C0783,P0032,2026-08-16,3,118.86,Organic
O017169,C0206,P0028,2026-08-16,2,44.4,Organic
O017170,C0098,P0008,2026-08-16,3,568.17,Paid
O017171,C0281,P0003,2026-08-16,2,671.94,Organic
O017172,C0629,P0005,2026-08-16,3,198.96,Paid
O017173,C0495,P0001,2026-08-16,1,40.3,Paid
O017174,C0306,P0017,2026-08-16,3,369.84,Organic
O017175,C0535,P0020,2026-08-16,3,436.02,Organic
O017176,C0605,P0019,2026-08-16,1,65.77,Organic
O017177,C0483,P0026,2026-08-16,3,65.61,Email
O017178,C0179,P0032,2026-08-16,2,79.24,Organic
O017179,C0160,P0039,2026-08-16,3,331.53,Referral
O017180,C0546,P0036,2026-08-16,3,71.19,Organic
O017181,C0653,P0005,2026-08-16,3,198.96,Organic
O017182,C0455,P0005,2026-08-16,3,198.96,Organic
O017183,C0320,P0001,2026-08-16,2,80.6,Paid
O017184,C0620,P0009,2026-08-16,3,228.84,Organic
O017185,C0055,P0013,2026-08-16,2,89.72,Referral
O017186,C0741,P0011,2026-08-16,2,90.86,Organic
O017187,C0222,P0018,2026-08-16,3,261.63,Organic
O017188,C0283,P0022,2026-08-16,3,123.57,Paid
O017189,C0095,P0020,2026-08-16,2,290.68,Paid
O017190,C0266,P0029,2026-08-16,3,73.35,Organic
O017191,C0652,P0029,2026-08-16,2,48.9,Organic
O017192,C0794,P0030,2026-08-16,3,81.63,Organic
O017193,C0574,P0027,2026-08-16,3,40.17,Paid
O017194,C0753,P0039,2026-08-16,1,110.51,Organic
O017195,C0415,P0013,2026-08-17,2,89.72,Paid
O017196,C0252,P0009,2026-08-17,1,76.28,Email
O017197,C0398,P0022,2026-08-17,1,41.19,Organic
O017198,C0443,P0025,2026-08-17,1,27.01,Organic
O017199,C0143,P0033,2026-08-17,2,70.36,Organic
O017200,C0288,P0027,2026-08-17,3,40.17,Referral
O017201,C0286,P0040,2026-08-17,3,181.47,Paid
O017202,C0477,P0037,2026-08-17,3,192.54,Paid
O017203,C0748,P0003,2026-08-17,2,671.94,Referral
O017204,C0213,P0008,2026-08-17,2,378.78,Paid
O017205,C0306,P0001,2026-08-17,3,120.9,Organic
O017206,C0296,P0010,2026-08-17,1,19.4,Email
O017207,C0247,P0009,2026-08-17,2,152.56,Referral
O017208,C0169,P0025,2026-08-17,2,54.02,Organic
O017209,C0508,P0037,2026-08-17,3,192.54,Referral
O017210,C0094,P0037,2026-08-17,1,64.18,Paid
O017211,C0301,P0004,2026-08-17,2,363.72,Organic
O017212,C0005,P0017,2026-08-17,2,246.56,Paid
O017213,C0174,P0019,2026-08-17,1,65.77,Organic
O017214,C0721,P0022,2026-08-17,2,82.38,Organic
O017215,C0714,P0019,2026-08-17,3,197.31,Paid
O017216,C0055,P0025,2026-08-17,3,81.03,Organic
O017217,C0319,P0039,2026-08-17,1,110.51,Paid
O017218,C0366,P0040,2026-08-17,1,60.49,Paid
O017219,C0255,P0038,2026-08-17,2,136.74,Organic
O017220,C0371,P0003,2026-08-18,2,671.94,Email
O017221,C0737,P0013,2026-08-18,2,89.72,Organic
O017222,C0275,P0016,2026-08-18,1,30.3,Organic
O017223,C0252,P0021,2026-08-18,3,335.28,Organic
O017224,C0549,P0023,2026-08-18,3,437.97,Organic
O017225,C0377,P0031,2026-08-18,1,59.4,Email
O017226,C0662,P0035,2026-08-18,1,60.4,Paid
O017227,C0241,P0039,2026-08-18,3,331.53,Paid
O017228,C0312,P0002,2026-08-18,3,801.18,Paid
O017229,C0326,P0013,2026-08-18,1,44.86,Email
O017230,C0082,P0020,2026-08-18,2,290.68,Paid
O017231,C0708,P0021,2026-08-18,3,335.28,Paid
O017232,C0735,P0023,2026-08-18,3,437.97,Paid
O017233,C0490,P0025,2026-08-18,3,81.03,Organic
O017234,C0585,P0040,2026-08-18,3,181.47,Organic
O017235,C0558,P0037,2026-08-18,1,64.18,Organic
O017236,C0381,P0039,2026-08-18,2,221.02,Paid
O017237,C0646,P0039,2026-08-18,3,331.53,Organic
O017238,C0101,P0039,2026-08-18,1,110.51,Paid
O017239,C0281,P0004,2026-08-18,3,545.58,Paid
O017240,C0033,P0015,2026-08-18,3,165.42,Paid
O017241,C0002,P0012,2026-08-18,2,90.12,Email
O017242,C0579,P0014,2026-08-18,1,54.5,Organic
O017243,C0281,P0026,2026-08-18,3,65.61,Paid
O017244,C0392,P0040,2026-08-18,1,60.49,Organic
O017245,C0128,P0035,2026-08-18,2,120.8,Organic
O017246,C0493,P0036,2026-08-18,1,23.73,Paid
O017247,C0713,P0008,2026-08-18,2,378.78,Paid
O017248,C0224,P0005,2026-08-18,2,132.64,Paid
O017249,C0359,P0001,2026-08-18,3,120.9,Email
O017250,C0445,P0019,2026-08-18,3,197.31,Organic
O017251,C0290,P0028,2026-08-18,3,66.6,Organic
O017252,C0148,P0026,2026-08-18,1,21.87,Organic
O017253,C0559,P0037,2026-08-18,2,128.36,Email
O017254,C0668,P0008,2026-08-19,1,189.39,Referral
O017255,C0576,P0005,2026-08-19,3,198.96,Organic
O017256,C0349,P0005,2026-08-19,3,198.96,Organic
O017257,C0425,P0004,2026-08-19,2,363.72,Referral
O017258,C0037,P0022,2026-08-19,2,82.38,Organic
O017259,C0046,P0024,2026-08-19,1,95.17,Organic
O017260,C0538,P0021,2026-08-19,2,223.52,Organic
O017261,C0715,P0023,2026-08-19,3,437.97,Paid
O017262,C0212,P0025,2026-08-19,3,81.03,Organic
O017263,C0072,P0026,2026-08-19,2,43.74,Organic
O017264,C0415,P0034,2026-08-19,2,107.82,Paid
O017265,C0040,P0040,2026-08-19,3,181.47,Paid
O017266,C0376,P0040,2026-08-19,3,181.47,Email
O017267,C0024,P0004,2026-08-19,3,545.58,Organic
O017268,C0510,P0007,2026-08-19,2,135.86,Organic
O017269,C0158,P0004,2026-08-19,2,363.72,Referral
O017270,C0264,P0004,2026-08-19,1,181.86,Referral
O017271,C0461,P0024,2026-08-19,3,285.51,Organic
O017272,C0167,P0031,2026-08-19,1,59.4,Organic
O017273,C0542,P0027,2026-08-19,2,26.78,Paid
O017274,C0441,P0026,2026-08-19,3,65.61,Organic
O017275,C0326,P0036,2026-08-19,2,47.46,Email
O017276,C0740,P0037,2026-08-19,3,192.54,Referral
O017277,C0482,P0007,2026-08-19,3,203.79,Organic
O017278,C0618,P0005,2026-08-19,3,198.96,Organic
O017279,C0579,P0007,2026-08-19,1,67.93,Referral
O017280,C0547,P0020,2026-08-19,2,290.68,Email
O017281,C0078,P0020,2026-08-19,3,436.02,Referral
O017282,C0299,P0032,2026-08-19,3,118.86,Referral
O017283,C0283,P0023,2026-08-19,2,291.98,Email
O017284,C0581,P0025,2026-08-19,2,54.02,Email
O017285,C0357,P0040,2026-08-19,3,181.47,Paid
O017286,C0652,P0035,2026-08-19,3,181.2,Paid
O017287,C0205,P0033,2026-08-19,3,105.54,Paid
O017288,C0500,P0034,2026-08-19,1,53.91,Organic
O017289,C0112,P0004,2026-08-20,3,545.58,Organic
O017290,C0796,P0016,2026-08-20,1,30.3,Organic
O017291,C0140,P0014,2026-08-20,3,163.5,Paid
O017292,C0668,P0019,2026-08-20,1,65.77,Referral
O017293,C0538,P0019,2026-08-20,3,197.31,Paid
O017294,C0662,P0039,2026-08-20,1,110.51,Organic
O017295,C0400,P0008,2026-08-20,1,189.39,Paid
O017296,C0217,P0002,2026-08-20,3,801.18,Paid
O017297,C0724,P0002,2026-08-20,1,267.06,Paid
O017298,C0126,P0002,2026-08-20,1,267.06,Paid
O017299,C0199,P0013,2026-08-20,3,134.58,Organic
O017300,C0016,P0018,2026-08-20,1,87.21,Organic
O017301,C0286,P0031,2026-08-20,3,178.2,Organic
O017302,C0105,P0030,2026-08-20,2,54.42,Paid
O017303,C0518,P0032,2026-08-20,3,118.86,Organic
O017304,C0696,P0030,2026-08-20,3,81.63,Paid
O017305,C0672,P0038,2026-08-20,3,205.11,Organic
O017306,C0041,P0036,2026-08-20,3,71.19,Paid
O017307,C0800,P0008,2026-08-20,1,189.39,Organic
O017308,C0120,P0020,2026-08-20,1,145.34,Organic
O017309,C0749,P0018,2026-08-20,2,174.42,Organic
O017310,C0012,P0031,2026-08-20,2,118.8,Email
O017311,C0075,P0005,2026-08-20,1,66.32,Email
O017312,C0173,P0002,2026-08-20,3,801.18,Paid
O017313,C0023,P0007,2026-08-20,3,203.79,Referral
O017314,C0005,P0017,2026-08-20,2,246.56,Organic
O017315,C0741,P0029,2026-08-20,1,24.45,Email
O017316,C0320,P0031,2026-08-20,2,118.8,Organic
O017317,C0478,P0036,2026-08-20,2,47.46,Paid
O017318,C0419,P0035,2026-08-20,3,181.2,Paid
O017319,C0565,P0007,2026-08-21,3,203.79,Email
O017320,C0666,P0008,2026-08-21,3,568.17,Organic
O017321,C0124,P0014,2026-08-21,1,54.5,Email
O017322,C0240,P0010,2026-08-21,3,58.2,Organic
O017323,C0330,P0022,2026-08-21,1,41.19,Paid
O017324,C0311,P0023,2026-08-21,3,437.97,Email
O017325,C0607,P0026,2026-08-21,2,43.74,Organic
O017326,C0348,P0028,2026-08-21,1,22.2,Organic
O017327,C0348,P0030,2026-08-21,1,27.21,Email
O017328,C0027,P0035,2026-08-21,3,181.2,Paid
O017329,C0124,P0039,2026-08-21,1,110.51,Organic
O017330,C0645,P0004,2026-08-21,1,181.86,Organic
O017331,C0640,P0015,2026-08-21,2,110.28,Referral
O017332,C0783,P0016,2026-08-21,2,60.6,Email
O017333,C0153,P0021,2026-08-21,1,111.76,Organic
O017334,C0681,P0021,2026-08-21,3,335.28,Paid
O017335,C0400,P0026,2026-08-21,2,43.74,Organic
O017336,C0381,P0030,2026-08-21,2,54.42,Email
O017337,C0188,P0029,2026-08-21,2,48.9,Email
O017338,C0234,P0032,2026-08-21,2,79.24,Organic
O017339,C0770,P0030,2026-08-21,3,81.63,Organic
O017340,C0595,P0031,2026-08-21,3,178.2,Email
O017341,C0144,P0032,2026-08-21,2,79.24,Paid
O017342,C0428,P0026,2026-08-21,1,21.87,Paid
O017343,C0318,P0004,2026-08-21,1,181.86,Paid
O017344,C0019,P0006,2026-08-21,1,87.54,Paid
O017345,C0693,P0006,2026-08-21,1,87.54,Organic
O017346,C0765,P0012,2026-08-21,2,90.12,Organic
O017347,C0497,P0012,2026-08-21,1,45.06,Organic
O017348,C0062,P0011,2026-08-21,2,90.86,Organic
O017349,C0383,P0024,2026-08-21,1,95.17,Referral
O017350,C0083,P0026,2026-08-21,1,21.87,Email
O017351,C0313,P0040,2026-08-21,1,60.49,Paid
O017352,C0015,P0001,2026-08-21,2,80.6,Organic
O017353,C0791,P0008,2026-08-21,3,568.17,Paid
O017354,C0721,P0016,2026-08-21,1,30.3,Paid
O017355,C0053,P0014,2026-08-21,1,54.5,Organic
O017356,C0556,P0011,2026-08-21,3,136.29,Paid
O017357,C0658,P0018,2026-08-21,1,87.21,Paid
O017358,C0613,P0019,2026-08-21,2,131.54,Organic
O017359,C0610,P0032,2026-08-21,2,79.24,Organic
O017360,C0222,P0032,2026-08-21,3,118.86,Organic
O017361,C0049,P0033,2026-08-21,2,70.36,Paid
O017362,C0613,P0035,2026-08-21,1,60.4,Organic
O017363,C0415,P0008,2026-08-22,1,189.39,Paid
O017364,C0287,P0005,2026-08-22,2,132.64,Organic
O017365,C0752,P0014,2026-08-22,3,163.5,Organic
O017366,C0679,P0019,2026-08-22,1,65.77,Email
O017367,C0072,P0022,2026-08-22,3,123.57,Organic
O017368,C0189,P0032,2026-08-22,1,39.62,Email
O017369,C0743,P0034,2026-08-22,2,107.82,Email
O017370,C0718,P0034,2026-08-22,2,107.82,Paid
O017371,C0372,P0038,2026-08-22,1,68.37,Organic
O017372,C0414,P0002,2026-08-22,3,801.18,Organic
O017373,C0300,P0006,2026-08-22,2,175.08,Organic
O017374,C0686,P0005,2026-08-22,1,66.32,Organic
O017375,C0519,P0007,2026-08-22,3,203.79,Organic
O017376,C0428,P0016,2026-08-22,2,60.6,Organic
O017377,C0166,P0019,2026-08-22,1,65.77,Referral
O017378,C0464,P0023,2026-08-22,1,145.99,Email
O017379,C0082,P0032,2026-08-22,3,118.86,Paid
O017380,C0264,P0032,2026-08-22,1,39.62,Organic
O017381,C0373,P0007,2026-08-22,2,135.86,Organic
O017382,C0481,P0013,2026-08-22,3,134.58,Referral
O017383,C0639,P0022,2026-08-22,2,82.38,Organic
O017384,C0291,P0031,2026-08-22,2,118.8,Organic
O017385,C0588,P0030,2026-08-22,1,27.21,Paid
O017386,C0209,P0034,2026-08-22,3,161.73,Organic
O017387,C0396,P0033,2026-08-22,3,105.54,Email
O017388,C0011,P0005,2026-08-22,1,66.32,Email
O017389,C0253,P0008,2026-08-22,2,378.78,Organic
O017390,C0729,P0007,2026-08-22,2,135.86,Organic
O017391,C0055,P0015,2026-08-22,2,110.28,Organic
O017392,C0319,P0009,2026-08-22,2,152.56,Paid
O017393,C0643,P0018,2026-08-22,3,261.63,Organic
O017394,C0664,P0030,2026-08-22,1,27.21,Organic
O017395,C0193,P0040,2026-08-22,3,181.47,Paid
O017396,C0791,P0034,2026-08-22,1,53.91,Paid
O017397,C0076,P0008,2026-08-23,2,378.78,Referral
O017398,C0263,P0006,2026-08-23,2,175.08,Organic
O017399,C0293,P0006,2026-08-23,1,87.54,Email
O017400,C0377,P0009,2026-08-23,1,76.28,Referral
O017401,C0307,P0011,2026-08-23,3,136.29,Paid
O017402,C0540,P0015,2026-08-23,1,55.14,Organic
O017403,C0145,P0019,2026-08-23,1,65.77,Organic
O017404,C0534,P0023,2026-08-23,2,291.98,Organic
O017405,C0549,P0025,2026-08-23,2,54.02,Paid
O017406,C0212,P0030,2026-08-23,2,54.42,Paid
O017407,C0017,P0030,2026-08-23,2,54.42,Organic
O017408,C0771,P0031,2026-08-23,1,59.4,Organic
O017409,C0001,P0036,2026-08-23,2,47.46,Organic
O017410,C0003,P0035,2026-08-23,3,181.2,Organic
O017411,C0021,P0037,2026-08-23,2,128.36,Organic
O017412,C0566,P0001,2026-08-23,1,40.3,Organic
O017413,C0674,P0005,2026-08-23,2,132.64,Organic
O017414,C0278,P0004,2026-08-23,2,363.72,Organic
O017415,C0739,P0005,2026-08-23,3,198.96,Paid
O017416,C0615,P0006,2026-08-23,3,262.62,Paid
O017417,C0032,P0015,2026-08-23,2,110.28,Organic
O017418,C0115,P0023,2026-08-23,2,291.98,Organic
O017419,C0784,P0031,2026-08-23,1,59.4,Paid
O017420,C0619,P0029,2026-08-23,2,48.9,Email
O017421,C0447,P0031,2026-08-23,1,59.4,Organic
O017422,C0099,P0027,2026-08-23,2,26.78,Referral
O017423,C0585,P0038,2026-08-23,1,68.37,Organic
O017424,C0117,P0034,2026-08-23,1,53.91,Organic
O017425,C0024,P0038,2026-08-23,1,68.37,Paid
O017426,C0101,P0035,2026-08-23,1,60.4,Email
O017427,C0258,P0012,2026-08-23,2,90.12,Referral
O017428,C0058,P0013,2026-08-23,3,134.58,Organic
O017429,C0608,P0013,2026-08-23,1,44.86,Paid
O017430,C0531,P0019,2026-08-23,3,197.31,Paid
O017431,C0497,P0018,2026-08-23,2,174.42,Organic
O017432,C0261,P0028,2026-08-23,3,66.6,Organic
O017433,C0299,P0035,2026-08-23,2,120.8,Organic
O017434,C0787,P0035,2026-08-23,1,60.4,Paid
O017435,C0198,P0007,2026-08-23,3,203.79,Organic
O017436,C0567,P0008,2026-08-23,2,378.78,Email
O017437,C0282,P0007,2026-08-23,2,135.86,Email
O017438,C0035,P0017,2026-08-23,1,123.28,Paid
O017439,C0507,P0017,2026-08-23,3,369.84,Referral
O017440,C0507,P0030,2026-08-23,3,81.63,Organic
O017441,C0567,P0025,2026-08-23,1,27.01,Organic
O017442,C0741,P0026,2026-08-23,2,43.74,Paid
O017443,C0336,P0039,2026-08-23,2,221.02,Organic
O017444,C0066,P0038,2026-08-23,3,205.11,Organic
O017445,C0562,P0004,2026-08-24,3,545.58,Organic
O017446,C0463,P0007,2026-08-24,1,67.93,Email
O017447,C0439,P0002,2026-08-24,3,801.18,Organic
O017448,C0303,P0003,2026-08-24,3,1007.91,Paid
O017449,C0072,P0012,2026-08-24,2,90.12,Organic
O017450,C0390,P0017,2026-08-24,1,123.28,Organic
O017451,C0263,P0022,2026-08-24,1,41.19,Organic
O017452,C0659,P0024,2026-08-24,1,95.17,Organic
O017453,C0662,P0020,2026-08-24,2,290.68,Organic
O017454,C0600,P0033,2026-08-24,3,105.54,Organic
O017455,C0056,P0039,2026-08-24,1,110.51,Paid
O017456,C0013,P0013,2026-08-24,2,89.72,Organic
O017457,C0423,P0010,2026-08-24,1,19.4,Organic
O017458,C0698,P0013,2026-08-24,1,44.86,Paid
O017459,C0334,P0009,2026-08-24,2,152.56,Email
O017460,C0082,P0019,2026-08-24,3,197.31,Organic
O017461,C0166,P0028,2026-08-24,2,44.4,Email
O017462,C0229,P0028,2026-08-24,3,66.6,Email
O017463,C0573,P0039,2026-08-24,1,110.51,Referral
O017464,C0526,P0040,2026-08-24,2,120.98,Paid
O017465,C0529,P0036,2026-08-24,2,47.46,Email
O017466,C0292,P0001,2026-08-24,1,40.3,Referral
O017467,C0389,P0006,2026-08-24,3,262.62,Email
O017468,C0137,P0001,2026-08-24,1,40.3,Organic
O017469,C0547,P0005,2026-08-24,2,132.64,Organic
O017470,C0363,P0020,2026-08-24,3,436.02,Organic
O017471,C0651,P0023,2026-08-24,1,145.99,Email
O017472,C0247,P0020,2026-08-24,2,290.68,Referral
O017473,C0642,P0028,2026-08-24,3,66.6,Organic
O017474,C0354,P0040,2026-08-24,2,120.98,Organic
O017475,C0413,P0034,2026-08-24,3,161.73,Paid
O017476,C0246,P0007,2026-08-24,1,67.93,Paid
O017477,C0186,P0006,2026-08-24,2,175.08,Organic
O017478,C0224,P0012,2026-08-24,3,135.18,Organic
O017479,C0587,P0011,2026-08-24,2,90.86,Organic
O017480,C0185,P0020,2026-08-24,2,290.68,Organic
O017481,C0473,P0035,2026-08-24,2,120.8,Organic
O017482,C0543,P0008,2026-08-25,1,189.39,Organic
O017483,C0557,P0010,2026-08-25,3,58.2,Referral
O017484,C0384,P0018,2026-08-25,2,174.42,Email
O017485,C0630,P0021,2026-08-25,3,335.28,Paid
O017486,C0793,P0031,2026-08-25,2,118.8,Paid
O017487,C0716,P0036,2026-08-25,3,71.19,Referral
O017488,C0696,P0003,2026-08-25,3,1007.91,Organic
O017489,C0760,P0004,2026-08-25,1,181.86,Email
O017490,C0091,P0006,2026-08-25,1,87.54,Email
O017491,C0619,P0007,2026-08-25,2,135.86,Organic
O017492,C0426,P0009,2026-08-25,1,76.28,Paid
O017493,C0447,P0019,2026-08-25,1,65.77,Organic
O017494,C0339,P0018,2026-08-25,3,261.63,Organic
O017495,C0218,P0028,2026-08-25,2,44.4,Organic
O017496,C0762,P0028,2026-08-25,3,66.6,Paid
O017497,C0154,P0035,2026-08-25,1,60.4,Organic
O017498,C0054,P0040,2026-08-25,1,60.49,Email
O017499,C0215,P0039,2026-08-25,3,331.53,Referral
O017500,C0429,P0004,2026-08-25,1,181.86,Paid
O017501,C0226,P0002,2026-08-25,1,267.06,Organic
O017502,C0768,P0011,2026-08-25,1,45.43,Organic
O017503,C0209,P0010,2026-08-25,2,38.8,Organic
O017504,C0775,P0018,2026-08-25,2,174.42,Organic
O017505,C0612,P0024,2026-08-25,3,285.51,Paid
O017506,C0677,P0019,2026-08-25,3,197.31,Email
O017507,C0284,P0021,2026-08-25,3,335.28,Organic
O017508,C0582,P0024,2026-08-25,2,190.34,Paid
O017509,C0135,P0031,2026-08-25,3,178.2,Organic
O017510,C0744,P0037,2026-08-25,1,64.18,Organic
O017511,C0327,P0039,2026-08-25,3,331.53,Organic
O017512,C0714,P0001,2026-08-25,1,40.3,Email
O017513,C0551,P0001,2026-08-25,1,40.3,Organic
O017514,C0682,P0005,2026-08-25,3,198.96,Organic
O017515,C0343,P0002,2026-08-25,2,534.12,Organic
O017516,C0052,P0001,2026-08-25,1,40.3,Organic
O017517,C0357,P0013,2026-08-25,1,44.86,Paid
O017518,C0088,P0017,2026-08-25,2,246.56,Email
O017519,C0764,P0021,2026-08-25,3,335.28,Organic
O017520,C0781,P0021,2026-08-25,3,335.28,Organic
O017521,C0528,P0030,2026-08-25,2,54.42,Referral
O017522,C0794,P0039,2026-08-25,2,221.02,Referral
O017523,C0351,P0033,2026-08-25,2,70.36,Paid
O017524,C0358,P0005,2026-08-26,2,132.64,Organic
O017525,C0297,P0016,2026-08-26,2,60.6,Paid
O017526,C0436,P0018,2026-08-26,2,174.42,Organic
O017527,C0754,P0029,2026-08-26,3,73.35,Paid
O017528,C0382,P0027,2026-08-26,2,26.78,Organic
O017529,C0401,P0033,2026-08-26,1,35.18,Organic
O017530,C0252,P0035,2026-08-26,2,120.8,Organic
O017531,C0087,P0037,2026-08-26,1,64.18,Paid
O017532,C0016,P0001,2026-08-26,1,40.3,Organic
O017533,C0183,P0006,2026-08-26,2,175.08,Organic
O017534,C0563,P0007,2026-08-26,1,67.93,Organic
O017535,C0560,P0012,2026-08-26,3,135.18,Organic
O017536,C0206,P0010,2026-08-26,1,19.4,Paid
O017537,C0577,P0014,2026-08-26,3,163.5,Paid
O017538,C0669,P0016,2026-08-26,2,60.6,Paid
O017539,C0484,P0018,2026-08-26,2,174.42,Organic
O017540,C0199,P0025,2026-08-26,3,81.03,Organic
O017541,C0683,P0026,2026-08-26,2,43.74,Paid
O017542,C0696,P0028,2026-08-26,2,44.4,Email
O017543,C0239,P0025,2026-08-26,3,81.03,Organic
O017544,C0022,P0030,2026-08-26,3,81.63,Paid
O017545,C0527,P0037,2026-08-26,1,64.18,Organic
O017546,C0524,P0033,2026-08-26,3,105.54,Paid
O017547,C0671,P0033,2026-08-26,2,70.36,Organic
O017548,C0154,P0033,2026-08-26,3,105.54,Email
O017549,C0451,P0002,2026-08-26,3,801.18,Organic
O017550,C0368,P0001,2026-08-26,3,120.9,Paid
O017551,C0389,P0007,2026-08-26,3,203.79,Email
O017552,C0535,P0024,2026-08-26,1,95.17,Referral
O017553,C0146,P0017,2026-08-26,3,369.84,Organic
O017554,C0635,P0017,2026-08-26,2,246.56,Paid
O017555,C0570,P0019,2026-08-26,1,65.77,Email
O017556,C0083,P0017,2026-08-26,1,123.28,Referral
O017557,C0554,P0018,2026-08-26,3,261.63,Paid
O017558,C0749,P0023,2026-08-26,2,291.98,Organic
O017559,C0060,P0021,2026-08-26,1,111.76,Organic
O017560,C0795,P0006,2026-08-26,1,87.54,Email
O017561,C0089,P0003,2026-08-26,1,335.97,Organic
O017562,C0685,P0009,2026-08-26,3,228.84,Organic
O017563,C0613,P0020,2026-08-26,1,145.34,Referral
O017564,C0446,P0025,2026-08-26,3,81.03,Organic
O017565,C0285,P0039,2026-08-26,2,221.02,Paid
O017566,C0244,P0035,2026-08-26,3,181.2,Email
O017567,C0604,P0038,2026-08-26,3,205.11,Organic
O017568,C0189,P0002,2026-08-27,2,534.12,Email
O017569,C0743,P0001,2026-08-27,1,40.3,Email
O017570,C0305,P0017,2026-08-27,3,369.84,Organic
O017571,C0228,P0019,2026-08-27,1,65.77,Organic
O017572,C0027,P0020,2026-08-27,1,145.34,Referral
O017573,C0592,P0026,2026-08-27,3,65.61,Paid
O017574,C0365,P0039,2026-08-27,1,110.51,Email
O017575,C0463,P0034,2026-08-27,2,107.82,Paid
O017576,C0001,P0033,2026-08-27,3,105.54,Email
O017577,C0348,P0037,2026-08-27,3,192.54,Organic
O017578,C0275,P0037,2026-08-27,3,192.54,Paid
O017579,C0333,P0007,2026-08-27,3,203.79,Organic
O017580,C0762,P0014,2026-08-27,1,54.5,Paid
O017581,C0447,P0019,2026-08-27,2,131.54,Organic
O017582,C0309,P0019,2026-08-27,2,131.54,Paid
O017583,C0084,P0019,2026-08-27,2,131.54,Organic
O017584,C0341,P0022,2026-08-27,2,82.38,Organic
O017585,C0490,P0031,2026-08-27,3,178.2,Paid
O017586,C0345,P0037,2026-08-27,2,128.36,Paid
O017587,C0536,P0002,2026-08-27,2,534.12,Organic
O017588,C0209,P0006,2026-08-27,3,262.62,Organic
O017589,C0273,P0011,2026-08-27,2,90.86,Email
O017590,C0238,P0025,2026-08-27,3,81.03,Organic
O017591,C0359,P0005,2026-08-27,2,132.64,Organic
O017592,C0015,P0005,2026-08-27,3,198.96,Paid
O017593,C0667,P0012,2026-08-27,2,90.12,Organic
O017594,C0440,P0019,2026-08-27,2,131.54,Organic
O017595,C0434,P0020,2026-08-27,1,145.34,Organic
O017596,C0564,P0026,2026-08-27,1,21.87,Paid
O017597,C0253,P0031,2026-08-27,1,59.4,Organic
O017598,C0042,P0025,2026-08-27,2,54.02,Organic
O017599,C0695,P0028,2026-08-27,3,66.6,Paid
O017600,C0722,P0037,2026-08-27,2,128.36,Email
O017601,C0193,P0037,2026-08-27,1,64.18,Paid
O017602,C0722,P0035,2026-08-27,2,120.8,Organic
O017603,C0241,P0007,2026-08-28,3,203.79,Paid
O017604,C0769,P0004,2026-08-28,1,181.86,Paid
O017605,C0662,P0005,2026-08-28,2,132.64,Paid
O017606,C0382,P0004,2026-08-28,3,545.58,Organic
O017607,C0130,P0019,2026-08-28,1,65.77,Paid
O017608,C0061,P0019,2026-08-28,3,197.31,Organic
O017609,C0467,P0023,2026-08-28,3,437.97,Organic
O017610,C0771,P0029,2026-08-28,2,48.9,Organic
O017611,C0394,P0027,2026-08-28,3,40.17,Paid
O017612,C0461,P0004,2026-08-28,3,545.58,Referral
O017613,C0517,P0001,2026-08-28,2,80.6,Email
O017614,C0341,P0016,2026-08-28,1,30.3,Organic
O017615,C0779,P0009,2026-08-28,2,152.56,Organic
O017616,C0634,P0019,2026-08-28,1,65.77,Paid
O017617,C0278,P0031,2026-08-28,1,59.4,Organic
O017618,C0506,P0029,2026-08-28,1,24.45,Organic
O017619,C0464,P0030,2026-08-28,1,27.21,Organic
O017620,C0597,P0028,2026-08-28,3,66.6,Paid
O017621,C0573,P0038,2026-08-28,3,205.11,Paid
O017622,C0354,P0001,2026-08-28,3,120.9,Paid
O017623,C0459,P0011,2026-08-28,1,45.43,Organic
O017624,C0693,P0017,2026-08-28,1,123.28,Email
O017625,C0772,P0022,2026-08-28,1,41.19,Organic
O017626,C0579,P0031,2026-08-28,2,118.8,Paid
O017627,C0786,P0028,2026-08-28,3,66.6,Paid
O017628,C0677,P0030,2026-08-28,1,27.21,Paid
O017629,C0155,P0037,2026-08-28,2,128.36,Organic
O017630,C0069,P0038,2026-08-28,1,68.37,Paid
O017631,C0773,P0036,2026-08-28,1,23.73,Organic
O017632,C0274,P0001,2026-08-28,2,80.6,Organic
O017633,C0682,P0001,2026-08-28,2,80.6,Paid
O017634,C0643,P0005,2026-08-28,2,132.64,Organic
O017635,C0301,P0012,2026-08-28,1,45.06,Paid
O017636,C0266,P0009,2026-08-28,2,152.56,Referral
O017637,C0690,P0016,2026-08-28,2,60.6,Referral
O017638,C0528,P0032,2026-08-28,1,39.62,Email
O017639,C0494,P0036,2026-08-28,2,47.46,Organic
O017640,C0266,P0040,2026-08-28,1,60.49,Referral
O017641,C0274,P0040,2026-08-28,2,120.98,Paid
O017642,C0072,P0004,2026-08-29,3,545.58,Referral
O017643,C0637,P0017,2026-08-29,3,369.84,Paid
O017644,C0792,P0030,2026-08-29,3,81.63,Paid
O017645,C0175,P0032,2026-08-29,1,39.62,Referral
O017646,C0152,P0026,2026-08-29,1,21.87,Email
O017647,C0463,P0036,2026-08-29,2,47.46,Organic
O017648,C0636,P0040,2026-08-29,2,120.98,Organic
O017649,C0572,P0035,2026-08-29,2,120.8,Organic
O017650,C0674,P0007,2026-08-29,3,203.79,Organic
O017651,C0474,P0003,2026-08-29,3,1007.91,Organic
O017652,C0404,P0005,2026-08-29,1,66.32,Organic
O017653,C0634,P0014,2026-08-29,3,163.5,Organic
O017654,C0369,P0023,2026-08-29,1,145.99,Email
O017655,C0177,P0023,2026-08-29,2,291.98,Referral
O017656,C0521,P0029,2026-08-29,1,24.45,Email
O017657,C0533,P0025,2026-08-29,1,27.01,Organic
O017658,C0341,P0040,2026-08-29,3,181.47,Organic
O017659,C0166,P0033,2026-08-29,1,35.18,Organic
O017660,C0526,P0034,2026-08-29,2,107.82,Paid
O017661,C0194,P0038,2026-08-29,3,205.11,Paid
O017662,C0380,P0003,2026-08-29,2,671.94,Paid
O017663,C0480,P0012,2026-08-29,1,45.06,Paid
O017664,C0424,P0015,2026-08-29,2,110.28,Paid
O017665,C0451,P0021,2026-08-29,1,111.76,Organic
O017666,C0247,P0023,2026-08-29,3,437.97,Organic
O017667,C0374,P0019,2026-08-29,1,65.77,Email
O017668,C0310,P0028,2026-08-29,2,44.4,Paid
O017669,C0069,P0037,2026-08-29,1,64.18,Email
O017670,C0181,P0036,2026-08-29,2,47.46,Organic
O017671,C0343,P0001,2026-08-29,2,80.6,Paid
O017672,C0720,P0011,2026-08-29,1,45.43,Organic
O017673,C0172,P0011,2026-08-29,3,136.29,Paid
O017674,C0623,P0013,2026-08-29,2,89.72,Organic
O017675,C0794,P0018,2026-08-29,2,174.42,Organic
O017676,C0379,P0029,2026-08-29,2,48.9,Email
O017677,C0492,P0027,2026-08-29,3,40.17,Email
O017678,C0191,P0038,2026-08-29,3,205.11,Organic
O017679,C0003,P0002,2026-08-30,1,267.06,Paid
O017680,C0040,P0008,2026-08-30,2,378.78,Organic
O017681,C0654,P0006,2026-08-30,3,262.62,Organic
O017682,C0649,P0004,2026-08-30,3,545.58,Organic
O017683,C0399,P0014,2026-08-30,3,163.5,Organic
O017684,C0386,P0012,2026-08-30,1,45.06,Email
O017685,C0228,P0009,2026-08-30,2,152.56,Paid
O017686,C0557,P0021,2026-08-30,2,223.52,Referral
O017687,C0488,P0017,2026-08-30,1,123.28,Organic
O017688,C0307,P0029,2026-08-30,2,48.9,Paid
O017689,C0362,P0030,2026-08-30,1,27.21,Paid
O017690,C0141,P0030,2026-08-30,2,54.42,Email
O017691,C0444,P0028,2026-08-30,3,66.6,Paid
O017692,C0034,P0036,2026-08-30,2,47.46,Paid
O017693,C0704,P0033,2026-08-30,2,70.36,Paid
O017694,C0099,P0012,2026-08-30,3,135.18,Organic
O017695,C0577,P0016,2026-08-30,2,60.6,Referral
O017696,C0054,P0009,2026-08-30,1,76.28,Organic
O017697,C0142,P0020,2026-08-30,1,145.34,Email
O017698,C0300,P0026,2026-08-30,1,21.87,Organic
O017699,C0628,P0032,2026-08-30,2,79.24,Paid
O017700,C0683,P0028,2026-08-30,3,66.6,Organic
O017701,C0457,P0040,2026-08-30,2,120.98,Paid
O017702,C0676,P0033,2026-08-30,2,70.36,Paid
O017703,C0778,P0034,2026-08-30,2,107.82,Email
O017704,C0423,P0034,2026-08-30,1,53.91,Organic
O017705,C0738,P0037,2026-08-30,3,192.54,Paid
O017706,C0083,P0004,2026-08-30,1,181.86,Organic
O017707,C0454,P0007,2026-08-30,1,67.93,Organic
O017708,C0788,P0002,2026-08-30,3,801.18,Organic
O017709,C0073,P0001,2026-08-30,3,120.9,Paid
O017710,C0247,P0012,2026-08-30,1,45.06,Organic
O017711,C0409,P0013,2026-08-30,2,89.72,Organic
O017712,C0315,P0015,2026-08-30,1,55.14,Organic
O017713,C0299,P0019,2026-08-30,2,131.54,Organic
O017714,C0459,P0035,2026-08-30,1,60.4,Organic
O017715,C0283,P0004,2026-08-30,3,545.58,Organic
O017716,C0530,P0001,2026-08-30,2,80.6,Referral
O017717,C0148,P0001,2026-08-30,3,120.9,Organic
O017718,C0338,P0014,2026-08-30,2,109.0,Organic
O017719,C0178,P0019,2026-08-30,1,65.77,Organic
O017720,C0717,P0019,2026-08-30,2,131.54,Referral
O017721,C0328,P0031,2026-08-30,3,178.2,Paid
O017722,C0111,P0032,2026-08-30,2,79.24,Paid
O017723,C0653,P0035,2026-08-30,1,60.4,Organic
O017724,C0713,P0035,2026-08-30,1,60.4,Organic
O017725,C0074,P0037,2026-08-30,3,192.54,Email
O017726,C0056,P0008,2026-08-31,3,568.17,Paid
O017727,C0401,P0016,2026-08-31,2,60.6,Organic
O017728,C0715,P0023,2026-08-31,3,437.97,Email
O017729,C0241,P0027,2026-08-31,3,40.17,Email
O017730,C0037,P0027,2026-08-31,3,40.17,Paid
O017731,C0124,P0025,2026-08-31,2,54.02,Paid
O017732,C0488,P0032,2026-08-31,2,79.24,Referral
O017733,C0061,P0038,2026-08-31,1,68.37,Organic
O017734,C0600,P0038,2026-08-31,1,68.37,Organic
O017735,C0024,P0016,2026-08-31,1,30.3,Email
O017736,C0341,P0019,2026-08-31,2,131.54,Paid
O017737,C0039,P0020,2026-08-31,2,290.68,Organic
O017738,C0689,P0017,2026-08-31,3,369.84,Organic
O017739,C0702,P0024,2026-08-31,1,95.17,Paid
O017740,C0728,P0024,2026-08-31,1,95.17,Paid
O017741,C0215,P0028,2026-08-31,3,66.6,Organic
O017742,C0206,P0040,2026-08-31,1,60.49,Organic
O017743,C0099,P0037,2026-08-31,2,128.36,Organic
O017744,C0621,P0033,2026-08-31,1,35.18,Organic
O017745,C0220,P0036,2026-08-31,2,47.46,Paid
O017746,C0033,P0006,2026-08-31,2,175.08,Referral
O017747,C0495,P0011,2026-08-31,2,90.86,Organic
O017748,C0437,P0010,2026-08-31,3,58.2,Email
O017749,C0383,P0012,2026-08-31,2,90.12,Organic
O017750,C0412,P0017,2026-08-31,3,369.84,Email
O017751,C0755,P0018,2026-08-31,3,261.63,Paid
O017752,C0613,P0007,2026-08-31,2,135.86,Email
O017753,C0492,P0001,2026-08-31,3,120.9,Paid
O017754,C0764,P0010,2026-08-31,2,38.8,Organic
O017755,C0088,P0015,2026-08-31,1,55.14,Organic
O017756,C0173,P0018,2026-08-31,1,87.21,Organic
O017757,C0701,P0023,2026-08-31,2,291.98,Email
O017758,C0256,P0023,2026-08-31,2,291.98,Organic
O017759,C0695,P0028,2026-08-31,2,44.4,Organic
O017760,C0173,P0028,2026-08-31,2,44.4,Email
O017761,C0552,P0033,2026-08-31,3,105.54,Paid
O017762,C0492,P0038,2026-08-31,1,68.37,Paid
O017763,C0496,P0040,2026-08-31,1,60.49,Email
