date,channel,region,spend,impressions
2025-09-01,Organic,North,0.0,286
2025-09-01,Paid,North,726.56,7036
2025-09-01,Email,North,146.63,1378
2025-09-01,Referral,North,108.82,1171
2025-09-01,Organic,South,0.0,438
2025-09-01,Paid,South,873.98,7763
2025-09-01,Email,South,170.08,1803
2025-09-01,Referral,South,108.95,1276
2025-09-01,Organic,East,0.0,444
2025-09-01,Paid,East,814.31,8077
2025-09-01,Email,East,152.16,1749
2025-09-01,Referral,East,86.98,830
2025-09-01,Organic,West,0.0,285
2025-09-01,Paid,West,787.16,8193
2025-09-01,Email,West,162.26,1303
2025-09-01,Referral,West,97.95,897
2025-09-02,Organic,North,0.0,420
2025-09-02,Paid,North,745.86,6665
2025-09-02,Email,North,135.28,1354
2025-09-02,Referral,North,86.56,934
2025-09-02,Organic,South,0.0,465
2025-09-02,Paid,South,727.02,7255
2025-09-02,Email,South,167.11,1906
2025-09-02,Referral,South,108.46,948
2025-09-02,Organic,East,0.0,331
2025-09-02,Paid,East,915.98,8214
2025-09-02,Email,East,133.5,1288
2025-09-02,Referral,East,89.53,884
2025-09-02,Organic,West,0.0,385
2025-09-02,Paid,West,774.82,6982
2025-09-02,Email,West,148.22,1654
2025-09-02,Referral,West,109.53,878
2025-09-03,Organic,North,0.0,213
2025-09-03,Paid,North,900.15,8021
2025-09-03,Email,North,145.78,1231
2025-09-03,Referral,North,95.04,1049
2025-09-03,Organic,South,0.0,215
2025-09-03,Paid,South,787.61,8240
2025-09-03,Email,South,140.39,1584
2025-09-03,Referral,South,85.11,826
2025-09-03,Organic,East,0.0,455
2025-09-03,Paid,East,708.0,6207
2025-09-03,Email,East,156.98,1453
2025-09-03,Referral,East,92.41,932
2025-09-03,Organic,West,0.0,389
2025-09-03,Paid,West,851.62,8114
2025-09-03,Email,West,154.01,1797
2025-09-03,Referral,West,113.51,1195
2025-09-04,Organic,North,0.0,361
2025-09-04,Paid,North,858.18,9984
2025-09-04,Email,North,137.63,1306
2025-09-04,Referral,North,85.67,1016
2025-09-04,Organic,South,0.0,445
2025-09-04,Paid,South,698.37,8014
2025-09-04,Email,South,159.33,1824
2025-09-04,Referral,South,110.53,993
2025-09-04,Organic,East,0.0,287
2025-09-04,Paid,East,761.16,8206
2025-09-04,Email,East,157.2,1564
2025-09-04,Referral,East,101.33,993
2025-09-04,Organic,West,0.0,297
2025-09-04,Paid,West,875.38,9003
2025-09-04,Email,West,161.95,1398
2025-09-04,Referral,West,92.4,889
2025-09-05,Organic,North,0.0,267
2025-09-05,Paid,North,826.46,8973
2025-09-05,Email,North,137.72,1108
2025-09-05,Referral,North,103.2,1230
2025-09-05,Organic,South,0.0,298
2025-09-05,Paid,South,832.24,6817
2025-09-05,Email,South,153.1,1567
2025-09-05,Referral,South,102.02,1014
2025-09-05,Organic,East,0.0,335
2025-09-05,Paid,East,887.58,7147
2025-09-05,Email,East,144.36,1395
2025-09-05,Referral,East,109.86,1050
2025-09-05,Organic,West,0.0,226
2025-09-05,Paid,West,709.41,6016
2025-09-05,Email,West,154.67,1565
2025-09-05,Referral,West,92.48,809
2025-09-06,Organic,North,0.0,472
2025-09-06,Paid,North,820.63,9333
2025-09-06,Email,North,139.4,1379
2025-09-06,Referral,North,92.71,800
2025-09-06,Organic,South,0.0,316
2025-09-06,Paid,South,680.75,7869
2025-09-06,Email,South,147.74,1254
2025-09-06,Referral,South,99.01,1136
2025-09-06,Organic,East,0.0,487
2025-09-06,Paid,East,680.42,8096
2025-09-06,Email,East,142.06,1538
2025-09-06,Referral,East,107.58,1250
2025-09-06,Organic,West,0.0,322
2025-09-06,Paid,West,863.91,9279
2025-09-06,Email,West,142.14,1606
2025-09-06,Referral,West,111.75,1147
2025-09-07,Organic,North,0.0,445
2025-09-07,Paid,North,829.96,9259
2025-09-07,Email,North,155.32,1673
2025-09-07,Referral,North,86.13,722
2025-09-07,Organic,South,0.0,324
2025-09-07,Paid,South,869.45,7177
2025-09-07,Email,South,128.11,1136
2025-09-07,Referral,South,110.81,1279
2025-09-07,Organic,East,0.0,288
2025-09-07,Paid,East,843.64,9122
2025-09-07,Email,East,127.54,1211
2025-09-07,Referral,East,89.5,839
2025-09-07,Organic,West,0.0,279
2025-09-07,Paid,West,698.31,8340
2025-09-07,Email,West,150.05,1287
2025-09-07,Referral,West,92.03,749
2025-09-08,Organic,North,0.0,290
2025-09-08,Paid,North,695.46,6252
2025-09-08,Email,North,147.09,1571
2025-09-08,Referral,North,109.98,904
2025-09-08,Organic,South,0.0,273
2025-09-08,Paid,South,712.55,6692
2025-09-08,Email,South,135.43,1210
2025-09-08,Referral,South,112.52,1188
2025-09-08,Organic,East,0.0,459
2025-09-08,Paid,East,810.44,9141
2025-09-08,Email,East,143.24,1285
2025-09-08,Referral,East,101.46,1194
2025-09-08,Organic,West,0.0,450
2025-09-08,Paid,West,738.35,8726
2025-09-08,Email,West,151.12,1463
2025-09-08,Referral,West,93.65,984
2025-09-09,Organic,North,0.0,373
2025-09-09,Paid,North,878.0,10236
2025-09-09,Email,North,161.09,1407
2025-09-09,Referral,North,88.97,902
2025-09-09,Organic,South,0.0,246
2025-09-09,Paid,South,828.11,7160
2025-09-09,Email,South,137.95,1149
2025-09-09,Referral,South,110.11,1140
2025-09-09,Organic,East,0.0,303
2025-09-09,Paid,East,775.2,6619
2025-09-09,Email,East,165.66,1527
2025-09-09,Referral,East,87.14,822
2025-09-09,Organic,West,0.0,272
2025-09-09,Paid,West,777.82,8899
2025-09-09,Email,West,161.02,1445
2025-09-09,Referral,West,94.64,921
2025-09-10,Organic,North,0.0,248
2025-09-10,Paid,North,748.4,6910
2025-09-10,Email,North,136.0,1236
2025-09-10,Referral,North,97.74,1113
2025-09-10,Organic,South,0.0,403
2025-09-10,Paid,South,696.07,6984
2025-09-10,Email,South,138.07,1105
2025-09-10,Referral,South,101.96,896
2025-09-10,Organic,East,0.0,394
2025-09-10,Paid,East,742.57,6659
2025-09-10,Email,East,154.09,1596
2025-09-10,Referral,East,110.46,971
2025-09-10,Organic,West,0.0,496
2025-09-10,Paid,West,768.62,9131
2025-09-10,Email,West,134.49,1588
2025-09-10,Referral,West,113.92,1043
2025-09-11,Organic,North,0.0,260
2025-09-11,Paid,North,824.72,7050
2025-09-11,Email,North,140.78,1679
2025-09-11,Referral,North,107.95,1207
2025-09-11,Organic,South,0.0,462
2025-09-11,Paid,South,845.45,9187
2025-09-11,Email,South,160.46,1534
2025-09-11,Referral,South,88.0,918
2025-09-11,Organic,East,0.0,439
2025-09-11,Paid,East,736.27,6427
2025-09-11,Email,East,170.57,1458
2025-09-11,Referral,East,101.46,1112
2025-09-11,Organic,West,0.0,228
2025-09-11,Paid,West,814.54,8732
2025-09-11,Email,West,129.47,1253
2025-09-11,Referral,West,99.23,1014
2025-09-12,Organic,North,0.0,211
2025-09-12,Paid,North,894.44,10234
2025-09-12,Email,North,165.9,1672
2025-09-12,Referral,North,108.64,1217
2025-09-12,Organic,South,0.0,488
2025-09-12,Paid,South,875.89,7425
2025-09-12,Email,South,133.92,1343
2025-09-12,Referral,South,106.28,1205
2025-09-12,Organic,East,0.0,203
2025-09-12,Paid,East,784.07,7600
2025-09-12,Email,East,158.75,1621
2025-09-12,Referral,East,109.08,1178
2025-09-12,Organic,West,0.0,344
2025-09-12,Paid,West,737.07,7796
2025-09-12,Email,West,137.71,1458
2025-09-12,Referral,West,89.54,792
2025-09-13,Organic,North,0.0,328
2025-09-13,Paid,North,804.51,9505
2025-09-13,Email,North,154.84,1501
2025-09-13,Referral,North,109.84,939
2025-09-13,Organic,South,0.0,204
2025-09-13,Paid,South,741.34,7510
2025-09-13,Email,South,156.14,1749
2025-09-13,Referral,South,103.1,872
2025-09-13,Organic,East,0.0,437
2025-09-13,Paid,East,682.99,7390
2025-09-13,Email,East,150.96,1506
2025-09-13,Referral,East,107.36,877
2025-09-13,Organic,West,0.0,323
2025-09-13,Paid,West,905.96,7297
2025-09-13,Email,West,166.98,1769
2025-09-13,Referral,West,112.24,918
2025-09-14,Organic,North,0.0,442
2025-09-14,Paid,North,807.53,7262
2025-09-14,Email,North,148.7,1738
2025-09-14,Referral,North,98.18,839
2025-09-14,Organic,South,0.0,219
2025-09-14,Paid,South,683.44,6044
2025-09-14,Email,South,152.22,1431
2025-09-14,Referral,South,111.25,1239
2025-09-14,Organic,East,0.0,339
2025-09-14,Paid,East,735.28,7102
2025-09-14,Email,East,156.21,1264
2025-09-14,Referral,East,111.68,1185
2025-09-14,Organic,West,0.0,488
2025-09-14,Paid,West,839.41,7933
2025-09-14,Email,West,147.21,1181
2025-09-14,Referral,West,86.72,729
2025-09-15,Organic,North,0.0,318
2025-09-15,Paid,North,748.86,7191
2025-09-15,Email,North,145.77,1370
2025-09-15,Referral,North,100.41,1179
2025-09-15,Organic,South,0.0,356
2025-09-15,Paid,South,876.85,9748
2025-09-15,Email,South,146.29,1310
2025-09-15,Referral,South,85.95,706
2025-09-15,Organic,East,0.0,265
2025-09-15,Paid,East,890.52,7499
2025-09-15,Email,East,164.64,1618
2025-09-15,Referral,East,104.37,894
2025-09-15,Organic,West,0.0,438
2025-09-15,Paid,West,701.53,7079
2025-09-15,Email,West,132.14,1509
2025-09-15,Referral,West,102.65,1045
2025-09-16,Organic,North,0.0,281
2025-09-16,Paid,North,802.65,6487
2025-09-16,Email,North,149.14,1320
2025-09-16,Referral,North,111.76,1015
2025-09-16,Organic,South,0.0,353
2025-09-16,Paid,South,680.75,7468
2025-09-16,Email,South,134.73,1616
2025-09-16,Referral,South,93.78,999
2025-09-16,Organic,East,0.0,487
2025-09-16,Paid,East,861.51,8097
2025-09-16,Email,East,168.93,1495
2025-09-16,Referral,East,104.03,1142
2025-09-16,Organic,West,0.0,307
2025-09-16,Paid,West,879.5,8698
2025-09-16,Email,West,166.27,1472
2025-09-16,Referral,West,111.87,1133
2025-09-17,Organic,North,0.0,328
2025-09-17,Paid,North,736.49,6195
2025-09-17,Email,North,140.6,1348
2025-09-17,Referral,North,102.97,1121
2025-09-17,Organic,South,0.0,212
2025-09-17,Paid,South,908.35,8170
2025-09-17,Email,South,158.04,1774
2025-09-17,Referral,South,97.52,950
2025-09-17,Organic,East,0.0,214
2025-09-17,Paid,East,777.95,9139
2025-09-17,Email,East,144.12,1670
2025-09-17,Referral,East,106.03,1223
2025-09-17,Organic,West,0.0,258
2025-09-17,Paid,West,840.49,7058
2025-09-17,Email,West,149.43,1628
2025-09-17,Referral,West,89.85,1063
2025-09-18,Organic,North,0.0,340
2025-09-18,Paid,North,787.41,9089
2025-09-18,Email,North,166.21,1939
2025-09-18,Referral,North,105.09,1119
2025-09-18,Organic,South,0.0,268
2025-09-18,Paid,South,858.14,8998
2025-09-18,Email,South,142.94,1696
2025-09-18,Referral,South,99.59,1084
2025-09-18,Organic,East,0.0,399
2025-09-18,Paid,East,682.53,6707
2025-09-18,Email,East,154.81,1857
2025-09-18,Referral,East,89.63,961
2025-09-18,Organic,West,0.0,330
2025-09-18,Paid,West,792.92,6845
2025-09-18,Email,West,151.36,1238
2025-09-18,Referral,West,97.42,937
2025-09-19,Organic,North,0.0,252
2025-09-19,Paid,North,919.44,9975
2025-09-19,Email,North,170.5,1870
2025-09-19,Referral,North,99.82,1043
2025-09-19,Organic,South,0.0,250
2025-09-19,Paid,South,716.7,7127
2025-09-19,Email,South,136.64,1513
2025-09-19,Referral,South,93.91,784
2025-09-19,Organic,East,0.0,375
2025-09-19,Paid,East,813.31,7356
2025-09-19,Email,East,133.29,1401
2025-09-19,Referral,East,107.21,938
2025-09-19,Organic,West,0.0,423
2025-09-19,Paid,West,837.33,9292
2025-09-19,Email,West,130.38,1546
2025-09-19,Referral,West,104.79,946
2025-09-20,Organic,North,0.0,463
2025-09-20,Paid,North,819.38,7081
2025-09-20,Email,North,165.87,1806
2025-09-20,Referral,North,93.41,950
2025-09-20,Organic,South,0.0,319
2025-09-20,Paid,South,681.63,6755
2025-09-20,Email,South,138.1,1190
2025-09-20,Referral,South,87.78,780
2025-09-20,Organic,East,0.0,427
2025-09-20,Paid,East,766.1,6554
2025-09-20,Email,East,135.13,1433
2025-09-20,Referral,East,97.1,1018
2025-09-20,Organic,West,0.0,215
2025-09-20,Paid,West,854.83,10130
2025-09-20,Email,West,162.89,1773
2025-09-20,Referral,West,90.96,875
2025-09-21,Organic,North,0.0,246
2025-09-21,Paid,North,862.9,9464
2025-09-21,Email,North,133.04,1460
2025-09-21,Referral,North,102.13,1217
2025-09-21,Organic,South,0.0,496
2025-09-21,Paid,South,699.38,7936
2025-09-21,Email,South,134.72,1374
2025-09-21,Referral,South,100.15,910
2025-09-21,Organic,East,0.0,416
2025-09-21,Paid,East,808.6,8480
2025-09-21,Email,East,158.6,1525
2025-09-21,Referral,East,86.24,778
2025-09-21,Organic,West,0.0,252
2025-09-21,Paid,West,860.8,7745
2025-09-21,Email,West,143.94,1408
2025-09-21,Referral,West,110.06,1252
2025-09-22,Organic,North,0.0,265
2025-09-22,Paid,North,778.0,6984
2025-09-22,Email,North,171.42,1736
2025-09-22,Referral,North,85.02,711
2025-09-22,Organic,South,0.0,456
2025-09-22,Paid,South,775.53,9012
2025-09-22,Email,South,157.35,1594
2025-09-22,Referral,South,109.45,1195
2025-09-22,Organic,East,0.0,374
2025-09-22,Paid,East,700.39,7851
2025-09-22,Email,East,164.91,1908
2025-09-22,Referral,East,88.05,1046
2025-09-22,Organic,West,0.0,331
2025-09-22,Paid,West,732.28,7940
2025-09-22,Email,West,162.35,1299
2025-09-22,Referral,West,94.75,935
2025-09-23,Organic,North,0.0,454
2025-09-23,Paid,North,684.78,7537
2025-09-23,Email,North,169.41,1993
2025-09-23,Referral,North,91.75,960
2025-09-23,Organic,South,0.0,343
2025-09-23,Paid,South,827.88,8432
2025-09-23,Email,South,168.21,1838
2025-09-23,Referral,South,101.38,1215
2025-09-23,Organic,East,0.0,481
2025-09-23,Paid,East,715.93,7548
2025-09-23,Email,East,169.61,1930
2025-09-23,Referral,East,111.82,1170
2025-09-23,Organic,West,0.0,223
2025-09-23,Paid,West,684.08,6298
2025-09-23,Email,West,155.23,1816
2025-09-23,Referral,West,96.83,1017
2025-09-24,Organic,North,0.0,360
2025-09-24,Paid,North,736.64,6817
2025-09-24,Email,North,144.29,1595
2025-09-24,Referral,North,105.06,1039
2025-09-24,Organic,South,0.0,497
2025-09-24,Paid,South,751.63,8217
2025-09-24,Email,South,132.48,1299
2025-09-24,Referral,South,108.35,1073
2025-09-24,Organic,East,0.0,375
2025-09-24,Paid,East,794.67,7074
2025-09-24,Email,East,166.7,1776
2025-09-24,Referral,East,107.3,1265
2025-09-24,Organic,West,0.0,407
2025-09-24,Paid,West,695.59,7315
2025-09-24,Email,West,150.23,1334
2025-09-24,Referral,West,102.8,1099
2025-09-25,Organic,North,0.0,367
2025-09-25,Paid,North,716.77,7554
2025-09-25,Email,North,128.62,1110
2025-09-25,Referral,North,108.95,1085
2025-09-25,Organic,South,0.0,377
2025-09-25,Paid,South,761.41,7815
2025-09-25,Email,South,129.2,1045
2025-09-25,Referral,South,112.12,1025
2025-09-25,Organic,East,0.0,441
2025-09-25,Paid,East,803.91,6673
2025-09-25,Email,East,130.32,1074
2025-09-25,Referral,East,100.07,934
2025-09-25,Organic,West,0.0,493
2025-09-25,Paid,West,705.8,6766
2025-09-25,Email,West,128.13,1339
2025-09-25,Referral,West,87.83,941
2025-09-26,Organic,North,0.0,415
2025-09-26,Paid,North,916.65,8144
2025-09-26,Email,North,157.04,1448
2025-09-26,Referral,North,94.13,1075
2025-09-26,Organic,South,0.0,467
2025-09-26,Paid,South,744.56,7738
2025-09-26,Email,South,160.81,1504
2025-09-26,Referral,South,89.62,1009
2025-09-26,Organic,East,0.0,356
2025-09-26,Paid,East,746.67,6055
2025-09-26,Email,East,166.1,1624
2025-09-26,Referral,East,101.64,867
2025-09-26,Organic,West,0.0,224
2025-09-26,Paid,West,765.44,6825
2025-09-26,Email,West,129.04,1123
2025-09-26,Referral,West,104.61,941
2025-09-27,Organic,North,0.0,489
2025-09-27,Paid,North,896.21,8409
2025-09-27,Email,North,163.11,1422
2025-09-27,Referral,North,98.96,961
2025-09-27,Organic,South,0.0,461
2025-09-27,Paid,South,777.22,6723
2025-09-27,Email,South,158.94,1678
2025-09-27,Referral,South,94.66,1038
2025-09-27,Organic,East,0.0,392
2025-09-27,Paid,East,717.1,6316
2025-09-27,Email,East,157.3,1636
2025-09-27,Referral,East,86.05,776
2025-09-27,Organic,West,0.0,227
2025-09-27,Paid,West,913.77,9076
2025-09-27,Email,West,150.31,1290
2025-09-27,Referral,West,99.06,1174
2025-09-28,Organic,North,0.0,459
2025-09-28,Paid,North,795.6,9167
2025-09-28,Email,North,146.48,1530
2025-09-28,Referral,North,96.47,1034
2025-09-28,Organic,South,0.0,410
2025-09-28,Paid,South,704.92,8173
2025-09-28,Email,South,138.78,1533
2025-09-28,Referral,South,113.26,1038
2025-09-28,Organic,East,0.0,492
2025-09-28,Paid,East,865.83,9466
2025-09-28,Email,East,132.27,1303
2025-09-28,Referral,East,99.2,1148
2025-09-28,Organic,West,0.0,347
2025-09-28,Paid,West,772.57,7492
2025-09-28,Email,West,170.87,1786
2025-09-28,Referral,West,99.94,1104
2025-09-29,Organic,North,0.0,284
2025-09-29,Paid,North,885.3,9289
2025-09-29,Email,North,139.39,1169
2025-09-29,Referral,North,100.07,1105
2025-09-29,Organic,South,0.0,298
2025-09-29,Paid,South,911.14,9241
2025-09-29,Email,South,165.78,1408
2025-09-29,Referral,South,101.36,1207
2025-09-29,Organic,East,0.0,330
2025-09-29,Paid,East,866.77,9378
2025-09-29,Email,East,142.84,1617
2025-09-29,Referral,East,98.28,937
2025-09-29,Organic,West,0.0,399
2025-09-29,Paid,West,731.31,8504
2025-09-29,Email,West,130.5,1512
2025-09-29,Referral,West,101.24,1080
2025-09-30,Organic,North,0.0,487
2025-09-30,Paid,North,910.62,10390
2025-09-30,Email,North,161.87,1663
2025-09-30,Referral,North,91.77,895
2025-09-30,Organic,South,0.0,373
2025-09-30,Paid,South,738.42,7687
2025-09-30,Email,South,152.83,1661
2025-09-30,Referral,South,103.93,1190
2025-09-30,Organic,East,0.0,325
2025-09-30,Paid,East,818.39,8527
2025-09-30,Email,East,143.15,1524
2025-09-30,Referral,East,94.91,1054
2025-09-30,Organic,West,0.0,472
2025-09-30,Paid,West,740.6,7658
2025-09-30,Email,West,166.25,1718
2025-09-30,Referral,West,97.62,1051
2025-10-01,Organic,North,0.0,320
2025-10-01,Paid,North,794.81,9514
2025-10-01,Email,North,144.58,1681
2025-10-01,Referral,North,107.26,1038
2025-10-01,Organic,South,0.0,470
2025-10-01,Paid,South,716.15,8460
2025-10-01,Email,South,159.29,1622
2025-10-01,Referral,South,98.43,1153
2025-10-01,Organic,East,0.0,442
2025-10-01,Paid,East,811.88,9142
2025-10-01,Email,East,152.64,1665
2025-10-01,Referral,East,104.11,914
2025-10-01,Organic,West,0.0,265
2025-10-01,Paid,West,853.27,7782
2025-10-01,Email,West,167.7,1698
2025-10-01,Referral,West,89.16,986
2025-10-02,Organic,North,0.0,424
2025-10-02,Paid,North,836.19,9729
2025-10-02,Email,North,161.07,1786
2025-10-02,Referral,North,100.13,1107
2025-10-02,Organic,South,0.0,328
2025-10-02,Paid,South,787.82,8195
2025-10-02,Email,South,161.56,1351
2025-10-02,Referral,South,99.53,801
2025-10-02,Organic,East,0.0,350
2025-10-02,Paid,East,783.93,6465
2025-10-02,Email,East,143.45,1309
2025-10-02,Referral,East,111.79,1090
2025-10-02,Organic,West,0.0,226
2025-10-02,Paid,West,776.05,8201
2025-10-02,Email,West,168.74,1938
2025-10-02,Referral,West,98.18,1034
2025-10-03,Organic,North,0.0,490
2025-10-03,Paid,North,715.76,8254
2025-10-03,Email,North,165.59,1930
2025-10-03,Referral,North,114.01,987
2025-10-03,Organic,South,0.0,368
2025-10-03,Paid,South,719.73,6536
2025-10-03,Email,South,163.25,1880
2025-10-03,Referral,South,98.72,1084
2025-10-03,Organic,East,0.0,261
2025-10-03,Paid,East,788.61,6321
2025-10-03,Email,East,162.54,1473
2025-10-03,Referral,East,86.03,809
2025-10-03,Organic,West,0.0,307
2025-10-03,Paid,West,852.69,8071
2025-10-03,Email,West,141.04,1132
2025-10-03,Referral,West,108.45,899
2025-10-04,Organic,North,0.0,302
2025-10-04,Paid,North,739.12,8736
2025-10-04,Email,North,154.78,1256
2025-10-04,Referral,North,105.27,1213
2025-10-04,Organic,South,0.0,400
2025-10-04,Paid,South,805.66,7498
2025-10-04,Email,South,155.36,1268
2025-10-04,Referral,South,91.75,1071
2025-10-04,Organic,East,0.0,413
2025-10-04,Paid,East,702.72,7506
2025-10-04,Email,East,167.98,1794
2025-10-04,Referral,East,102.72,1025
2025-10-04,Organic,West,0.0,377
2025-10-04,Paid,West,889.06,8236
2025-10-04,Email,West,162.25,1714
2025-10-04,Referral,West,88.92,796
2025-10-05,Organic,North,0.0,465
2025-10-05,Paid,North,757.83,7303
2025-10-05,Email,North,142.47,1456
2025-10-05,Referral,North,86.98,849
2025-10-05,Organic,South,0.0,349
2025-10-05,Paid,South,875.41,7748
2025-10-05,Email,South,144.96,1465
2025-10-05,Referral,South,109.29,1181
2025-10-05,Organic,East,0.0,213
2025-10-05,Paid,East,763.82,6774
2025-10-05,Email,East,133.03,1210
2025-10-05,Referral,East,102.14,1150
2025-10-05,Organic,West,0.0,465
2025-10-05,Paid,West,760.53,6785
2025-10-05,Email,West,153.32,1635
2025-10-05,Referral,West,101.58,1149
2025-10-06,Organic,North,0.0,318
2025-10-06,Paid,North,759.61,7798
2025-10-06,Email,North,157.2,1467
2025-10-06,Referral,North,92.61,1098
2025-10-06,Organic,South,0.0,412
2025-10-06,Paid,South,827.14,7559
2025-10-06,Email,South,168.97,1709
2025-10-06,Referral,South,93.1,879
2025-10-06,Organic,East,0.0,311
2025-10-06,Paid,East,688.19,6631
2025-10-06,Email,East,139.23,1365
2025-10-06,Referral,East,101.82,951
2025-10-06,Organic,West,0.0,209
2025-10-06,Paid,West,902.61,7645
2025-10-06,Email,West,143.28,1563
2025-10-06,Referral,West,111.38,1178
2025-10-07,Organic,North,0.0,272
2025-10-07,Paid,North,839.23,8064
2025-10-07,Email,North,161.02,1542
2025-10-07,Referral,North,87.63,885
2025-10-07,Organic,South,0.0,212
2025-10-07,Paid,South,829.61,7689
2025-10-07,Email,South,167.2,1672
2025-10-07,Referral,South,86.02,907
2025-10-07,Organic,East,0.0,449
2025-10-07,Paid,East,690.77,7584
2025-10-07,Email,East,161.77,1734
2025-10-07,Referral,East,99.7,1055
2025-10-07,Organic,West,0.0,346
2025-10-07,Paid,West,770.31,6315
2025-10-07,Email,West,149.83,1667
2025-10-07,Referral,West,86.53,705
2025-10-08,Organic,North,0.0,250
2025-10-08,Paid,North,750.84,7508
2025-10-08,Email,North,164.79,1337
2025-10-08,Referral,North,108.46,1177
2025-10-08,Organic,South,0.0,349
2025-10-08,Paid,South,726.17,6056
2025-10-08,Email,South,134.62,1256
2025-10-08,Referral,South,100.93,948
2025-10-08,Organic,East,0.0,367
2025-10-08,Paid,East,891.54,7595
2025-10-08,Email,East,167.75,1472
2025-10-08,Referral,East,99.78,1091
2025-10-08,Organic,West,0.0,409
2025-10-08,Paid,West,861.96,9356
2025-10-08,Email,West,128.22,1280
2025-10-08,Referral,West,96.37,1128
2025-10-09,Organic,North,0.0,486
2025-10-09,Paid,North,741.5,8043
2025-10-09,Email,North,138.17,1519
2025-10-09,Referral,North,93.97,1026
2025-10-09,Organic,South,0.0,208
2025-10-09,Paid,South,848.66,8217
2025-10-09,Email,South,160.74,1344
2025-10-09,Referral,South,111.04,1183
2025-10-09,Organic,East,0.0,311
2025-10-09,Paid,East,761.97,6996
2025-10-09,Email,East,153.99,1256
2025-10-09,Referral,East,106.36,1185
2025-10-09,Organic,West,0.0,276
2025-10-09,Paid,West,713.59,8481
2025-10-09,Email,West,156.03,1681
2025-10-09,Referral,West,103.97,935
2025-10-10,Organic,North,0.0,440
2025-10-10,Paid,North,795.54,7202
2025-10-10,Email,North,154.21,1778
2025-10-10,Referral,North,108.29,1174
2025-10-10,Organic,South,0.0,280
2025-10-10,Paid,South,746.96,8458
2025-10-10,Email,South,163.49,1871
2025-10-10,Referral,South,113.46,1073
2025-10-10,Organic,East,0.0,379
2025-10-10,Paid,East,815.44,7513
2025-10-10,Email,East,152.07,1815
2025-10-10,Referral,East,113.07,1139
2025-10-10,Organic,West,0.0,273
2025-10-10,Paid,West,880.42,10061
2025-10-10,Email,West,152.83,1508
2025-10-10,Referral,West,90.46,843
2025-10-11,Organic,North,0.0,204
2025-10-11,Paid,North,785.24,6684
2025-10-11,Email,North,150.78,1355
2025-10-11,Referral,North,111.6,947
2025-10-11,Organic,South,0.0,331
2025-10-11,Paid,South,713.32,7332
2025-10-11,Email,South,141.69,1192
2025-10-11,Referral,South,103.01,1045
2025-10-11,Organic,East,0.0,263
2025-10-11,Paid,East,912.03,10172
2025-10-11,Email,East,155.28,1828
2025-10-11,Referral,East,107.41,1066
2025-10-11,Organic,West,0.0,488
2025-10-11,Paid,West,834.08,7127
2025-10-11,Email,West,131.94,1104
2025-10-11,Referral,West,95.66,768
2025-10-12,Organic,North,0.0,367
2025-10-12,Paid,North,784.74,7420
2025-10-12,Email,North,146.83,1423
2025-10-12,Referral,North,114.65,1109
2025-10-12,Organic,South,0.0,476
2025-10-12,Paid,South,884.89,8593
2025-10-12,Email,South,129.4,1474
2025-10-12,Referral,South,91.37,752
2025-10-12,Organic,East,0.0,461
2025-10-12,Paid,East,838.0,7300
2025-10-12,Email,East,140.5,1543
2025-10-12,Referral,East,88.7,966
2025-10-12,Organic,West,0.0,337
2025-10-12,Paid,West,880.92,9313
2025-10-12,Email,West,171.69,1962
2025-10-12,Referral,West,95.31,946
2025-10-13,Organic,North,0.0,481
2025-10-13,Paid,North,716.51,6927
2025-10-13,Email,North,153.43,1443
2025-10-13,Referral,North,87.82,775
2025-10-13,Organic,South,0.0,329
2025-10-13,Paid,South,889.33,9149
2025-10-13,Email,South,140.93,1222
2025-10-13,Referral,South,103.55,903
2025-10-13,Organic,East,0.0,221
2025-10-13,Paid,East,687.93,7423
2025-10-13,Email,East,167.39,1694
2025-10-13,Referral,East,93.37,823
2025-10-13,Organic,West,0.0,282
2025-10-13,Paid,West,753.24,7845
2025-10-13,Email,West,169.06,1504
2025-10-13,Referral,West,95.78,994
2025-10-14,Organic,North,0.0,332
2025-10-14,Paid,North,707.99,6107
2025-10-14,Email,North,153.53,1602
2025-10-14,Referral,North,102.66,1155
2025-10-14,Organic,South,0.0,257
2025-10-14,Paid,South,788.22,7773
2025-10-14,Email,South,137.18,1486
2025-10-14,Referral,South,94.37,988
2025-10-14,Organic,East,0.0,326
2025-10-14,Paid,East,737.61,6511
2025-10-14,Email,East,149.64,1341
2025-10-14,Referral,East,105.22,1101
2025-10-14,Organic,West,0.0,436
2025-10-14,Paid,West,711.97,8208
2025-10-14,Email,West,151.04,1601
2025-10-14,Referral,West,114.37,1152
2025-10-15,Organic,North,0.0,463
2025-10-15,Paid,North,757.96,8580
2025-10-15,Email,North,169.6,1483
2025-10-15,Referral,North,99.95,1157
2025-10-15,Organic,South,0.0,306
2025-10-15,Paid,South,847.05,7120
2025-10-15,Email,South,141.04,1500
2025-10-15,Referral,South,98.26,1044
2025-10-15,Organic,East,0.0,365
2025-10-15,Paid,East,903.05,7658
2025-10-15,Email,East,155.56,1528
2025-10-15,Referral,East,112.8,1288
2025-10-15,Organic,West,0.0,294
2025-10-15,Paid,West,880.14,9066
2025-10-15,Email,West,140.58,1176
2025-10-15,Referral,West,90.0,946
2025-10-16,Organic,North,0.0,349
2025-10-16,Paid,North,712.12,8242
2025-10-16,Email,North,153.52,1821
2025-10-16,Referral,North,93.26,814
2025-10-16,Organic,South,0.0,461
2025-10-16,Paid,South,860.22,7611
2025-10-16,Email,South,143.31,1328
2025-10-16,Referral,South,106.15,940
2025-10-16,Organic,East,0.0,223
2025-10-16,Paid,East,876.37,7051
2025-10-16,Email,East,154.87,1430
2025-10-16,Referral,East,97.7,807
2025-10-16,Organic,West,0.0,249
2025-10-16,Paid,West,800.3,7629
2025-10-16,Email,West,147.77,1185
2025-10-16,Referral,West,112.84,1137
2025-10-17,Organic,North,0.0,330
2025-10-17,Paid,North,888.27,7328
2025-10-17,Email,North,147.6,1521
2025-10-17,Referral,North,93.32,843
2025-10-17,Organic,South,0.0,248
2025-10-17,Paid,South,849.44,9066
2025-10-17,Email,South,145.92,1225
2025-10-17,Referral,South,90.56,870
2025-10-17,Organic,East,0.0,274
2025-10-17,Paid,East,856.78,7126
2025-10-17,Email,East,145.08,1675
2025-10-17,Referral,East,95.14,1050
2025-10-17,Organic,West,0.0,290
2025-10-17,Paid,West,834.98,8543
2025-10-17,Email,West,150.99,1297
2025-10-17,Referral,West,86.54,738
2025-10-18,Organic,North,0.0,426
2025-10-18,Paid,North,919.5,8310
2025-10-18,Email,North,139.41,1329
2025-10-18,Referral,North,95.81,1010
2025-10-18,Organic,South,0.0,334
2025-10-18,Paid,South,830.01,6963
2025-10-18,Email,South,160.88,1783
2025-10-18,Referral,South,113.5,1205
2025-10-18,Organic,East,0.0,372
2025-10-18,Paid,East,819.51,6856
2025-10-18,Email,East,142.33,1645
2025-10-18,Referral,East,111.53,1318
2025-10-18,Organic,West,0.0,401
2025-10-18,Paid,West,733.59,8306
2025-10-18,Email,West,153.55,1287
2025-10-18,Referral,West,86.76,910
2025-10-19,Organic,North,0.0,397
2025-10-19,Paid,North,754.13,8856
2025-10-19,Email,North,135.45,1167
2025-10-19,Referral,North,96.08,960
2025-10-19,Organic,South,0.0,339
2025-10-19,Paid,South,846.01,7441
2025-10-19,Email,South,150.86,1509
2025-10-19,Referral,South,112.15,1258
2025-10-19,Organic,East,0.0,463
2025-10-19,Paid,East,890.08,7478
2025-10-19,Email,East,150.2,1724
2025-10-19,Referral,East,109.76,1279
2025-10-19,Organic,West,0.0,212
2025-10-19,Paid,West,780.8,6608
2025-10-19,Email,West,133.01,1361
2025-10-19,Referral,West,114.57,1263
2025-10-20,Organic,North,0.0,361
2025-10-20,Paid,North,880.67,9269
2025-10-20,Email,North,131.34,1380
2025-10-20,Referral,North,87.32,828
2025-10-20,Organic,South,0.0,310
2025-10-20,Paid,South,916.67,7800
2025-10-20,Email,South,165.64,1526
2025-10-20,Referral,South,99.41,1148
2025-10-20,Organic,East,0.0,326
2025-10-20,Paid,East,842.37,9717
2025-10-20,Email,East,136.45,1271
2025-10-20,Referral,East,103.23,979
2025-10-20,Organic,West,0.0,332
2025-10-20,Paid,West,851.52,9768
2025-10-20,Email,West,144.46,1309
2025-10-20,Referral,West,106.96,1111
2025-10-21,Organic,North,0.0,422
2025-10-21,Paid,North,905.61,8075
2025-10-21,Email,North,161.63,1468
2025-10-21,Referral,North,92.37,1005
2025-10-21,Organic,South,0.0,285
2025-10-21,Paid,South,683.07,6617
2025-10-21,Email,South,143.78,1164
2025-10-21,Referral,South,95.48,901
2025-10-21,Organic,East,0.0,359
2025-10-21,Paid,East,798.15,6908
2025-10-21,Email,East,158.86,1851
2025-10-21,Referral,East,108.84,939
2025-10-21,Organic,West,0.0,365
2025-10-21,Paid,West,725.27,6959
2025-10-21,Email,West,166.96,1413
2025-10-21,Referral,West,113.23,1058
2025-10-22,Organic,North,0.0,385
2025-10-22,Paid,North,798.5,8155
2025-10-22,Email,North,155.72,1301
2025-10-22,Referral,North,91.01,1002
2025-10-22,Organic,South,0.0,425
2025-10-22,Paid,South,813.25,9583
2025-10-22,Email,South,129.48,1503
2025-10-22,Referral,South,98.0,1141
2025-10-22,Organic,East,0.0,339
2025-10-22,Paid,East,864.85,10322
2025-10-22,Email,East,166.84,1394
2025-10-22,Referral,East,108.54,1069
2025-10-22,Organic,West,0.0,286
2025-10-22,Paid,West,850.91,8284
2025-10-22,Email,West,153.96,1713
2025-10-22,Referral,West,109.68,1082
2025-10-23,Organic,North,0.0,332
2025-10-23,Paid,North,779.15,8342
2025-10-23,Email,North,170.14,1543
2025-10-23,Referral,North,93.57,991
2025-10-23,Organic,South,0.0,334
2025-10-23,Paid,South,691.33,5730
2025-10-23,Email,South,154.7,1471
2025-10-23,Referral,South,103.73,1142
2025-10-23,Organic,East,0.0,302
2025-10-23,Paid,East,819.6,7941
2025-10-23,Email,East,169.02,2004
2025-10-23,Referral,East,105.27,1002
2025-10-23,Organic,West,0.0,484
2025-10-23,Paid,West,760.52,7695
2025-10-23,Email,West,169.82,1771
2025-10-23,Referral,West,97.03,788
2025-10-24,Organic,North,0.0,437
2025-10-24,Paid,North,700.78,5858
2025-10-24,Email,North,137.73,1449
2025-10-24,Referral,North,111.8,898
2025-10-24,Organic,South,0.0,403
2025-10-24,Paid,South,805.18,8441
2025-10-24,Email,South,158.55,1686
2025-10-24,Referral,South,109.92,927
2025-10-24,Organic,East,0.0,267
2025-10-24,Paid,East,882.69,7312
2025-10-24,Email,East,171.62,1685
2025-10-24,Referral,East,95.6,934
2025-10-24,Organic,West,0.0,285
2025-10-24,Paid,West,878.18,9189
2025-10-24,Email,West,140.46,1561
2025-10-24,Referral,West,106.26,1099
2025-10-25,Organic,North,0.0,333
2025-10-25,Paid,North,883.44,7800
2025-10-25,Email,North,168.29,1747
2025-10-25,Referral,North,113.35,1330
2025-10-25,Organic,South,0.0,225
2025-10-25,Paid,South,760.28,8074
2025-10-25,Email,South,133.3,1358
2025-10-25,Referral,South,95.24,1142
2025-10-25,Organic,East,0.0,260
2025-10-25,Paid,East,706.55,6939
2025-10-25,Email,East,138.48,1555
2025-10-25,Referral,East,85.52,907
2025-10-25,Organic,West,0.0,322
2025-10-25,Paid,West,903.58,10530
2025-10-25,Email,West,163.53,1589
2025-10-25,Referral,West,97.79,790
2025-10-26,Organic,North,0.0,478
2025-10-26,Paid,North,914.54,8087
2025-10-26,Email,North,148.78,1534
2025-10-26,Referral,North,101.19,1003
2025-10-26,Organic,South,0.0,381
2025-10-26,Paid,South,869.46,8396
2025-10-26,Email,South,130.85,1191
2025-10-26,Referral,South,88.58,922
2025-10-26,Organic,East,0.0,352
2025-10-26,Paid,East,715.95,6700
2025-10-26,Email,East,168.58,1936
2025-10-26,Referral,East,102.6,827
2025-10-26,Organic,West,0.0,436
2025-10-26,Paid,West,692.4,8074
2025-10-26,Email,West,153.71,1386
2025-10-26,Referral,West,87.86,961
2025-10-27,Organic,North,0.0,239
2025-10-27,Paid,North,791.79,6402
2025-10-27,Email,North,168.6,1869
2025-10-27,Referral,North,89.74,947
2025-10-27,Organic,South,0.0,343
2025-10-27,Paid,South,700.82,6912
2025-10-27,Email,South,144.18,1286
2025-10-27,Referral,South,113.08,1007
2025-10-27,Organic,East,0.0,399
2025-10-27,Paid,East,913.61,7383
2025-10-27,Email,East,133.79,1445
2025-10-27,Referral,East,101.47,1142
2025-10-27,Organic,West,0.0,343
2025-10-27,Paid,West,899.79,7961
2025-10-27,Email,West,149.4,1708
2025-10-27,Referral,West,89.07,918
2025-10-28,Organic,North,0.0,322
2025-10-28,Paid,North,821.42,7072
2025-10-28,Email,North,153.55,1588
2025-10-28,Referral,North,102.61,894
2025-10-28,Organic,South,0.0,317
2025-10-28,Paid,South,788.96,8384
2025-10-28,Email,South,170.21,1417
2025-10-28,Referral,South,113.45,1297
2025-10-28,Organic,East,0.0,316
2025-10-28,Paid,East,814.31,7372
2025-10-28,Email,East,149.8,1687
2025-10-28,Referral,East,85.22,985
2025-10-28,Organic,West,0.0,359
2025-10-28,Paid,West,827.28,8193
2025-10-28,Email,West,138.46,1316
2025-10-28,Referral,West,100.07,971
2025-10-29,Organic,North,0.0,375
2025-10-29,Paid,North,687.55,7462
2025-10-29,Email,North,152.13,1772
2025-10-29,Referral,North,99.82,813
2025-10-29,Organic,South,0.0,443
2025-10-29,Paid,South,905.98,9471
2025-10-29,Email,South,144.71,1475
2025-10-29,Referral,South,111.05,925
2025-10-29,Organic,East,0.0,216
2025-10-29,Paid,East,880.06,7632
2025-10-29,Email,East,159.19,1855
2025-10-29,Referral,East,92.23,1083
2025-10-29,Organic,West,0.0,442
2025-10-29,Paid,West,844.31,8555
2025-10-29,Email,West,137.52,1420
2025-10-29,Referral,West,86.38,833
2025-10-30,Organic,North,0.0,392
2025-10-30,Paid,North,893.18,7842
2025-10-30,Email,North,129.38,1036
2025-10-30,Referral,North,109.47,1034
2025-10-30,Organic,South,0.0,234
2025-10-30,Paid,South,873.03,7332
2025-10-30,Email,South,152.59,1615
2025-10-30,Referral,South,112.05,1090
2025-10-30,Organic,East,0.0,403
2025-10-30,Paid,East,683.51,6889
2025-10-30,Email,East,147.46,1354
2025-10-30,Referral,East,112.59,1197
2025-10-30,Organic,West,0.0,369
2025-10-30,Paid,West,711.47,7628
2025-10-30,Email,West,148.08,1599
2025-10-30,Referral,West,107.09,1209
2025-10-31,Organic,North,0.0,333
2025-10-31,Paid,North,890.44,8424
2025-10-31,Email,North,157.35,1484
2025-10-31,Referral,North,111.78,1083
2025-10-31,Organic,South,0.0,262
2025-10-31,Paid,South,916.11,8431
2025-10-31,Email,South,168.4,1912
2025-10-31,Referral,South,101.13,924
2025-10-31,Organic,East,0.0,220
2025-10-31,Paid,East,740.76,8555
2025-10-31,Email,East,140.25,1252
2025-10-31,Referral,East,86.71,873
2025-10-31,Organic,West,0.0,363
2025-10-31,Paid,West,845.08,9691
2025-10-31,Email,West,132.23,1254
2025-10-31,Referral,West,103.46,906
2025-11-01,Organic,North,0.0,281
2025-11-01,Paid,North,870.85,7086
2025-11-01,Email,North,167.7,1867
2025-11-01,Referral,North,94.74,889
2025-11-01,Organic,South,0.0,273
2025-11-01,Paid,South,681.77,7381
2025-11-01,Email,South,163.3,1426
2025-11-01,Referral,South,96.95,951
2025-11-01,Organic,East,0.0,226
2025-11-01,Paid,East,749.59,6864
2025-11-01,Email,East,166.06,1399
2025-11-01,Referral,East,92.1,904
2025-11-01,Organic,West,0.0,241
2025-11-01,Paid,West,728.57,8611
2025-11-01,Email,West,166.58,1417
2025-11-01,Referral,West,93.16,1069
2025-11-02,Organic,North,0.0,305
2025-11-02,Paid,North,786.02,6862
2025-11-02,Email,North,152.11,1305
2025-11-02,Referral,North,100.71,1175
2025-11-02,Organic,South,0.0,343
2025-11-02,Paid,South,877.12,9031
2025-11-02,Email,South,144.03,1694
2025-11-02,Referral,South,114.91,1068
2025-11-02,Organic,East,0.0,496
2025-11-02,Paid,East,916.18,8497
2025-11-02,Email,East,148.01,1208
2025-11-02,Referral,East,85.48,737
2025-11-02,Organic,West,0.0,280
2025-11-02,Paid,West,894.02,8322
2025-11-02,Email,West,159.77,1883
2025-11-02,Referral,West,100.79,1144
2025-11-03,Organic,North,0.0,324
2025-11-03,Paid,North,741.25,8220
2025-11-03,Email,North,156.46,1665
2025-11-03,Referral,North,94.9,947
2025-11-03,Organic,South,0.0,316
2025-11-03,Paid,South,896.84,10516
2025-11-03,Email,South,132.59,1436
2025-11-03,Referral,South,92.88,1008
2025-11-03,Organic,East,0.0,276
2025-11-03,Paid,East,786.81,7584
2025-11-03,Email,East,164.25,1545
2025-11-03,Referral,East,112.4,945
2025-11-03,Organic,West,0.0,270
2025-11-03,Paid,West,736.69,6647
2025-11-03,Email,West,154.42,1475
2025-11-03,Referral,West,98.73,1180
2025-11-04,Organic,North,0.0,447
2025-11-04,Paid,North,783.82,8616
2025-11-04,Email,North,133.32,1238
2025-11-04,Referral,North,112.99,1346
2025-11-04,Organic,South,0.0,458
2025-11-04,Paid,South,834.68,9387
2025-11-04,Email,South,133.9,1286
2025-11-04,Referral,South,102.91,1068
2025-11-04,Organic,East,0.0,281
2025-11-04,Paid,East,831.53,7597
2025-11-04,Email,East,161.37,1600
2025-11-04,Referral,East,101.22,1192
2025-11-04,Organic,West,0.0,492
2025-11-04,Paid,West,873.38,8505
2025-11-04,Email,West,147.79,1487
2025-11-04,Referral,West,108.06,1180
2025-11-05,Organic,North,0.0,283
2025-11-05,Paid,North,789.06,8449
2025-11-05,Email,North,130.87,1103
2025-11-05,Referral,North,109.73,1285
2025-11-05,Organic,South,0.0,253
2025-11-05,Paid,South,900.02,10280
2025-11-05,Email,South,134.1,1151
2025-11-05,Referral,South,99.73,1111
2025-11-05,Organic,East,0.0,347
2025-11-05,Paid,East,877.27,7484
2025-11-05,Email,East,138.63,1513
2025-11-05,Referral,East,100.27,966
2025-11-05,Organic,West,0.0,450
2025-11-05,Paid,West,713.58,6873
2025-11-05,Email,West,168.15,1957
2025-11-05,Referral,West,96.01,931
2025-11-06,Organic,North,0.0,222
2025-11-06,Paid,North,731.37,5902
2025-11-06,Email,North,151.5,1810
2025-11-06,Referral,North,89.39,1054
2025-11-06,Organic,South,0.0,322
2025-11-06,Paid,South,692.07,5980
2025-11-06,Email,South,147.89,1304
2025-11-06,Referral,South,105.06,939
2025-11-06,Organic,East,0.0,432
2025-11-06,Paid,East,730.27,7557
2025-11-06,Email,East,151.01,1693
2025-11-06,Referral,East,103.24,1038
2025-11-06,Organic,West,0.0,471
2025-11-06,Paid,West,891.52,10278
2025-11-06,Email,West,138.16,1502
2025-11-06,Referral,West,104.2,1187
2025-11-07,Organic,North,0.0,389
2025-11-07,Paid,North,726.07,6642
2025-11-07,Email,North,149.31,1525
2025-11-07,Referral,North,97.81,1119
2025-11-07,Organic,South,0.0,455
2025-11-07,Paid,South,859.8,8410
2025-11-07,Email,South,161.8,1850
2025-11-07,Referral,South,103.18,1075
2025-11-07,Organic,East,0.0,270
2025-11-07,Paid,East,765.22,8219
2025-11-07,Email,East,168.09,1806
2025-11-07,Referral,East,95.26,1061
2025-11-07,Organic,West,0.0,344
2025-11-07,Paid,West,766.39,7210
2025-11-07,Email,West,163.49,1867
2025-11-07,Referral,West,94.81,836
2025-11-08,Organic,North,0.0,360
2025-11-08,Paid,North,882.48,7434
2025-11-08,Email,North,149.44,1195
2025-11-08,Referral,North,102.77,928
2025-11-08,Organic,South,0.0,311
2025-11-08,Paid,South,757.07,7545
2025-11-08,Email,South,158.12,1328
2025-11-08,Referral,South,104.63,953
2025-11-08,Organic,East,0.0,425
2025-11-08,Paid,East,705.59,7892
2025-11-08,Email,East,158.59,1330
2025-11-08,Referral,East,111.62,926
2025-11-08,Organic,West,0.0,241
2025-11-08,Paid,West,724.97,6353
2025-11-08,Email,West,168.7,1625
2025-11-08,Referral,West,89.84,915
2025-11-09,Organic,North,0.0,423
2025-11-09,Paid,North,914.83,9507
2025-11-09,Email,North,132.83,1129
2025-11-09,Referral,North,112.78,1247
2025-11-09,Organic,South,0.0,244
2025-11-09,Paid,South,870.05,7299
2025-11-09,Email,South,144.35,1166
2025-11-09,Referral,South,114.25,1069
2025-11-09,Organic,East,0.0,237
2025-11-09,Paid,East,874.74,8458
2025-11-09,Email,East,155.43,1779
2025-11-09,Referral,East,92.82,942
2025-11-09,Organic,West,0.0,249
2025-11-09,Paid,West,884.22,8207
2025-11-09,Email,West,149.42,1628
2025-11-09,Referral,West,112.11,1052
2025-11-10,Organic,North,0.0,225
2025-11-10,Paid,North,805.7,6488
2025-11-10,Email,North,145.17,1398
2025-11-10,Referral,North,98.98,953
2025-11-10,Organic,South,0.0,421
2025-11-10,Paid,South,736.87,7425
2025-11-10,Email,South,142.12,1490
2025-11-10,Referral,South,97.66,861
2025-11-10,Organic,East,0.0,378
2025-11-10,Paid,East,739.46,7088
2025-11-10,Email,East,146.21,1695
2025-11-10,Referral,East,107.18,1127
2025-11-10,Organic,West,0.0,233
2025-11-10,Paid,West,754.19,6183
2025-11-10,Email,West,151.76,1285
2025-11-10,Referral,West,85.87,809
2025-11-11,Organic,North,0.0,423
2025-11-11,Paid,North,782.18,6528
2025-11-11,Email,North,151.8,1487
2025-11-11,Referral,North,113.83,973
2025-11-11,Organic,South,0.0,404
2025-11-11,Paid,South,852.94,9718
2025-11-11,Email,South,165.6,1592
2025-11-11,Referral,South,107.42,1027
2025-11-11,Organic,East,0.0,468
2025-11-11,Paid,East,849.19,6937
2025-11-11,Email,East,135.98,1579
2025-11-11,Referral,East,101.9,1131
2025-11-11,Organic,West,0.0,455
2025-11-11,Paid,West,691.48,5833
2025-11-11,Email,West,169.69,1770
2025-11-11,Referral,West,106.58,1020
2025-11-12,Organic,North,0.0,272
2025-11-12,Paid,North,703.97,6234
2025-11-12,Email,North,132.12,1547
2025-11-12,Referral,North,111.14,1224
2025-11-12,Organic,South,0.0,206
2025-11-12,Paid,South,805.17,7213
2025-11-12,Email,South,130.89,1058
2025-11-12,Referral,South,106.5,1013
2025-11-12,Organic,East,0.0,376
2025-11-12,Paid,East,865.87,8479
2025-11-12,Email,East,133.31,1569
2025-11-12,Referral,East,104.4,918
2025-11-12,Organic,West,0.0,404
2025-11-12,Paid,West,782.8,8743
2025-11-12,Email,West,159.9,1446
2025-11-12,Referral,West,107.22,1093
2025-11-13,Organic,North,0.0,401
2025-11-13,Paid,North,774.86,6519
2025-11-13,Email,North,129.12,1441
2025-11-13,Referral,North,93.43,967
2025-11-13,Organic,South,0.0,452
2025-11-13,Paid,South,908.05,10787
2025-11-13,Email,South,163.75,1651
2025-11-13,Referral,South,92.99,750
2025-11-13,Organic,East,0.0,267
2025-11-13,Paid,East,736.76,7444
2025-11-13,Email,East,155.73,1856
2025-11-13,Referral,East,96.72,1136
2025-11-13,Organic,West,0.0,442
2025-11-13,Paid,West,849.67,7392
2025-11-13,Email,West,155.31,1610
2025-11-13,Referral,West,108.71,1121
2025-11-14,Organic,North,0.0,489
2025-11-14,Paid,North,727.77,6303
2025-11-14,Email,North,160.2,1919
2025-11-14,Referral,North,92.14,756
2025-11-14,Organic,South,0.0,397
2025-11-14,Paid,South,859.35,8629
2025-11-14,Email,South,137.75,1375
2025-11-14,Referral,South,94.23,835
2025-11-14,Organic,East,0.0,350
2025-11-14,Paid,East,691.45,7514
2025-11-14,Email,East,161.95,1933
2025-11-14,Referral,East,111.36,1022
2025-11-14,Organic,West,0.0,291
2025-11-14,Paid,West,786.52,8570
2025-11-14,Email,West,129.34,1532
2025-11-14,Referral,West,106.08,1209
2025-11-15,Organic,North,0.0,407
2025-11-15,Paid,North,901.0,10152
2025-11-15,Email,North,147.12,1594
2025-11-15,Referral,North,113.26,1334
2025-11-15,Organic,South,0.0,470
2025-11-15,Paid,South,860.02,9063
2025-11-15,Email,South,152.24,1333
2025-11-15,Referral,South,98.76,843
2025-11-15,Organic,East,0.0,246
2025-11-15,Paid,East,717.86,7100
2025-11-15,Email,East,131.41,1502
2025-11-15,Referral,East,112.2,1200
2025-11-15,Organic,West,0.0,355
2025-11-15,Paid,West,908.91,8441
2025-11-15,Email,West,154.68,1731
2025-11-15,Referral,West,107.09,1218
2025-11-16,Organic,North,0.0,269
2025-11-16,Paid,North,872.42,7102
2025-11-16,Email,North,152.31,1224
2025-11-16,Referral,North,95.48,985
2025-11-16,Organic,South,0.0,413
2025-11-16,Paid,South,799.54,9428
2025-11-16,Email,South,150.51,1247
2025-11-16,Referral,South,90.45,1029
2025-11-16,Organic,East,0.0,483
2025-11-16,Paid,East,840.57,9226
2025-11-16,Email,East,155.35,1639
2025-11-16,Referral,East,112.44,1095
2025-11-16,Organic,West,0.0,400
2025-11-16,Paid,West,841.68,8067
2025-11-16,Email,West,147.69,1370
2025-11-16,Referral,West,113.61,968
2025-11-17,Organic,North,0.0,276
2025-11-17,Paid,North,865.43,8109
2025-11-17,Email,North,158.68,1730
2025-11-17,Referral,North,101.59,978
2025-11-17,Organic,South,0.0,410
2025-11-17,Paid,South,682.46,7393
2025-11-17,Email,South,153.43,1745
2025-11-17,Referral,South,107.23,1098
2025-11-17,Organic,East,0.0,434
2025-11-17,Paid,East,720.77,6909
2025-11-17,Email,East,151.43,1678
2025-11-17,Referral,East,90.93,984
2025-11-17,Organic,West,0.0,282
2025-11-17,Paid,West,727.66,6982
2025-11-17,Email,West,136.35,1328
2025-11-17,Referral,West,101.27,960
2025-11-18,Organic,North,0.0,482
2025-11-18,Paid,North,841.77,8093
2025-11-18,Email,North,170.1,1576
2025-11-18,Referral,North,104.18,1029
2025-11-18,Organic,South,0.0,461
2025-11-18,Paid,South,785.25,6406
2025-11-18,Email,South,141.35,1309
2025-11-18,Referral,South,96.85,1057
2025-11-18,Organic,East,0.0,412
2025-11-18,Paid,East,706.01,5807
2025-11-18,Email,East,136.03,1332
2025-11-18,Referral,East,102.26,1006
2025-11-18,Organic,West,0.0,443
2025-11-18,Paid,West,801.88,8788
2025-11-18,Email,West,171.99,1827
2025-11-18,Referral,West,103.55,1145
2025-11-19,Organic,North,0.0,351
2025-11-19,Paid,North,900.18,9480
2025-11-19,Email,North,168.04,1671
2025-11-19,Referral,North,91.91,1044
2025-11-19,Organic,South,0.0,254
2025-11-19,Paid,South,911.0,10623
2025-11-19,Email,South,144.65,1656
2025-11-19,Referral,South,112.29,1067
2025-11-19,Organic,East,0.0,466
2025-11-19,Paid,East,840.73,7787
2025-11-19,Email,East,148.37,1732
2025-11-19,Referral,East,104.17,1103
2025-11-19,Organic,West,0.0,417
2025-11-19,Paid,West,859.26,8031
2025-11-19,Email,West,165.74,1715
2025-11-19,Referral,West,114.22,1167
2025-11-20,Organic,North,0.0,258
2025-11-20,Paid,North,696.58,7489
2025-11-20,Email,North,152.84,1753
2025-11-20,Referral,North,110.52,1051
2025-11-20,Organic,South,0.0,497
2025-11-20,Paid,South,883.64,7320
2025-11-20,Email,South,142.7,1512
2025-11-20,Referral,South,86.33,790
2025-11-20,Organic,East,0.0,365
2025-11-20,Paid,East,909.93,10442
2025-11-20,Email,East,129.09,1441
2025-11-20,Referral,East,89.42,1045
2025-11-20,Organic,West,0.0,399
2025-11-20,Paid,West,714.67,8531
2025-11-20,Email,West,132.37,1163
2025-11-20,Referral,West,87.26,828
2025-11-21,Organic,North,0.0,252
2025-11-21,Paid,North,918.06,9308
2025-11-21,Email,North,162.45,1492
2025-11-21,Referral,North,92.88,926
2025-11-21,Organic,South,0.0,433
2025-11-21,Paid,South,831.15,8244
2025-11-21,Email,South,133.93,1337
2025-11-21,Referral,South,104.23,860
2025-11-21,Organic,East,0.0,387
2025-11-21,Paid,East,910.65,8034
2025-11-21,Email,East,137.85,1348
2025-11-21,Referral,East,106.55,1059
2025-11-21,Organic,West,0.0,244
2025-11-21,Paid,West,854.63,8649
2025-11-21,Email,West,162.04,1466
2025-11-21,Referral,West,114.49,989
2025-11-22,Organic,North,0.0,489
2025-11-22,Paid,North,701.17,6347
2025-11-22,Email,North,133.83,1511
2025-11-22,Referral,North,105.88,1062
2025-11-22,Organic,South,0.0,481
2025-11-22,Paid,South,722.74,6830
2025-11-22,Email,South,127.93,1239
2025-11-22,Referral,South,86.53,766
2025-11-22,Organic,East,0.0,258
2025-11-22,Paid,East,815.73,7469
2025-11-22,Email,East,131.19,1401
2025-11-22,Referral,East,90.01,802
2025-11-22,Organic,West,0.0,366
2025-11-22,Paid,West,914.59,10325
2025-11-22,Email,West,164.27,1743
2025-11-22,Referral,West,93.92,972
2025-11-23,Organic,North,0.0,439
2025-11-23,Paid,North,723.03,8548
2025-11-23,Email,North,164.03,1688
2025-11-23,Referral,North,99.66,1095
2025-11-23,Organic,South,0.0,487
2025-11-23,Paid,South,740.49,6193
2025-11-23,Email,South,156.18,1467
2025-11-23,Referral,South,93.61,911
2025-11-23,Organic,East,0.0,385
2025-11-23,Paid,East,725.8,7164
2025-11-23,Email,East,148.52,1321
2025-11-23,Referral,East,85.04,750
2025-11-23,Organic,West,0.0,207
2025-11-23,Paid,West,688.41,7087
2025-11-23,Email,West,172.05,1603
2025-11-23,Referral,West,110.02,1054
2025-11-24,Organic,North,0.0,397
2025-11-24,Paid,North,794.47,9476
2025-11-24,Email,North,156.07,1598
2025-11-24,Referral,North,95.47,1074
2025-11-24,Organic,South,0.0,498
2025-11-24,Paid,South,745.82,6358
2025-11-24,Email,South,171.22,1854
2025-11-24,Referral,South,86.76,764
2025-11-24,Organic,East,0.0,427
2025-11-24,Paid,East,899.41,7427
2025-11-24,Email,East,132.73,1131
2025-11-24,Referral,East,112.92,1323
2025-11-24,Organic,West,0.0,387
2025-11-24,Paid,West,779.04,7976
2025-11-24,Email,West,156.53,1783
2025-11-24,Referral,West,105.11,1127
2025-11-25,Organic,North,0.0,491
2025-11-25,Paid,North,719.78,7927
2025-11-25,Email,North,170.0,1483
2025-11-25,Referral,North,96.24,912
2025-11-25,Organic,South,0.0,457
2025-11-25,Paid,South,822.82,8650
2025-11-25,Email,South,154.55,1507
2025-11-25,Referral,South,90.46,740
2025-11-25,Organic,East,0.0,283
2025-11-25,Paid,East,915.22,10309
2025-11-25,Email,East,136.89,1250
2025-11-25,Referral,East,100.71,1073
2025-11-25,Organic,West,0.0,221
2025-11-25,Paid,West,695.68,7354
2025-11-25,Email,West,154.74,1577
2025-11-25,Referral,West,94.56,941
2025-11-26,Organic,North,0.0,399
2025-11-26,Paid,North,735.54,5977
2025-11-26,Email,North,149.66,1618
2025-11-26,Referral,North,90.91,859
2025-11-26,Organic,South,0.0,296
2025-11-26,Paid,South,878.45,10459
2025-11-26,Email,South,150.2,1440
2025-11-26,Referral,South,103.76,1235
2025-11-26,Organic,East,0.0,424
2025-11-26,Paid,East,696.94,6747
2025-11-26,Email,East,136.34,1175
2025-11-26,Referral,East,105.44,1155
2025-11-26,Organic,West,0.0,345
2025-11-26,Paid,West,788.11,7448
2025-11-26,Email,West,170.18,1552
2025-11-26,Referral,West,91.43,1076
2025-11-27,Organic,North,0.0,368
2025-11-27,Paid,North,711.36,7962
2025-11-27,Email,North,155.3,1741
2025-11-27,Referral,North,103.05,1180
2025-11-27,Organic,South,0.0,420
2025-11-27,Paid,South,843.74,9640
2025-11-27,Email,South,140.06,1164
2025-11-27,Referral,South,86.3,755
2025-11-27,Organic,East,0.0,338
2025-11-27,Paid,East,681.81,7275
2025-11-27,Email,East,170.36,1649
2025-11-27,Referral,East,101.38,1199
2025-11-27,Organic,West,0.0,236
2025-11-27,Paid,West,775.34,9263
2025-11-27,Email,West,133.82,1542
2025-11-27,Referral,West,97.22,978
2025-11-28,Organic,North,0.0,447
2025-11-28,Paid,North,916.4,7428
2025-11-28,Email,North,143.16,1312
2025-11-28,Referral,North,98.81,851
2025-11-28,Organic,South,0.0,295
2025-11-28,Paid,South,828.31,9286
2025-11-28,Email,South,170.75,1543
2025-11-28,Referral,South,114.24,1052
2025-11-28,Organic,East,0.0,478
2025-11-28,Paid,East,859.47,8292
2025-11-28,Email,East,171.32,1390
2025-11-28,Referral,East,108.54,1160
2025-11-28,Organic,West,0.0,227
2025-11-28,Paid,West,748.33,7328
2025-11-28,Email,West,138.4,1624
2025-11-28,Referral,West,89.63,917
2025-11-29,Organic,North,0.0,364
2025-11-29,Paid,North,808.21,6912
2025-11-29,Email,North,149.6,1747
2025-11-29,Referral,North,91.27,757
2025-11-29,Organic,South,0.0,484
2025-11-29,Paid,South,901.38,9220
2025-11-29,Email,South,167.41,1991
2025-11-29,Referral,South,90.2,800
2025-11-29,Organic,East,0.0,360
2025-11-29,Paid,East,848.99,9547
2025-11-29,Email,East,149.66,1211
2025-11-29,Referral,East,87.16,989
2025-11-29,Organic,West,0.0,368
2025-11-29,Paid,West,692.86,7469
2025-11-29,Email,West,155.87,1512
2025-11-29,Referral,West,110.77,1015
2025-11-30,Organic,North,0.0,427
2025-11-30,Paid,North,759.24,7766
2025-11-30,Email,North,172.32,1800
2025-11-30,Referral,North,101.88,1047
2025-11-30,Organic,South,0.0,408
2025-11-30,Paid,South,872.51,9754
2025-11-30,Email,South,161.88,1514
2025-11-30,Referral,South,92.25,886
2025-11-30,Organic,East,0.0,355
2025-11-30,Paid,East,874.93,8833
2025-11-30,Email,East,144.03,1461
2025-11-30,Referral,East,87.21,885
2025-11-30,Organic,West,0.0,355
2025-11-30,Paid,West,821.69,9414
2025-11-30,Email,West,153.09,1569
2025-11-30,Referral,West,105.4,1252
2025-12-01,Organic,North,0.0,417
2025-12-01,Paid,North,726.89,7075
2025-12-01,Email,North,133.57,1086
2025-12-01,Referral,North,109.58,1032
2025-12-01,Organic,South,0.0,279
2025-12-01,Paid,South,796.38,7023
2025-12-01,Email,South,129.63,1383
2025-12-01,Referral,South,91.58,742
2025-12-01,Organic,East,0.0,421
2025-12-01,Paid,East,907.38,7681
2025-12-01,Email,East,148.44,1311
2025-12-01,Referral,East,86.28,825
2025-12-01,Organic,West,0.0,440
2025-12-01,Paid,West,754.29,6322
2025-12-01,Email,West,154.62,1756
2025-12-01,Referral,West,95.36,933
2025-12-02,Organic,North,0.0,250
2025-12-02,Paid,North,917.9,10889
2025-12-02,Email,North,163.56,1355
2025-12-02,Referral,North,94.02,826
2025-12-02,Organic,South,0.0,235
2025-12-02,Paid,South,781.02,7552
2025-12-02,Email,South,170.66,1861
2025-12-02,Referral,South,87.36,716
2025-12-02,Organic,East,0.0,484
2025-12-02,Paid,East,872.85,7120
2025-12-02,Email,East,166.11,1655
2025-12-02,Referral,East,107.33,1109
2025-12-02,Organic,West,0.0,404
2025-12-02,Paid,West,758.29,7642
2025-12-02,Email,West,136.38,1307
2025-12-02,Referral,West,87.81,934
2025-12-03,Organic,North,0.0,217
2025-12-03,Paid,North,751.11,6313
2025-12-03,Email,North,157.45,1554
2025-12-03,Referral,North,95.94,949
2025-12-03,Organic,South,0.0,248
2025-12-03,Paid,South,893.88,8390
2025-12-03,Email,South,157.69,1858
2025-12-03,Referral,South,88.74,950
2025-12-03,Organic,East,0.0,202
2025-12-03,Paid,East,907.65,8490
2025-12-03,Email,East,140.57,1297
2025-12-03,Referral,East,114.7,1053
2025-12-03,Organic,West,0.0,473
2025-12-03,Paid,West,895.7,10229
2025-12-03,Email,West,134.64,1432
2025-12-03,Referral,West,96.4,953
2025-12-04,Organic,North,0.0,246
2025-12-04,Paid,North,914.53,8287
2025-12-04,Email,North,166.13,1369
2025-12-04,Referral,North,108.77,1216
2025-12-04,Organic,South,0.0,278
2025-12-04,Paid,South,816.19,7501
2025-12-04,Email,South,136.98,1434
2025-12-04,Referral,South,106.76,1158
2025-12-04,Organic,East,0.0,451
2025-12-04,Paid,East,851.66,8116
2025-12-04,Email,East,171.56,2028
2025-12-04,Referral,East,98.56,1171
2025-12-04,Organic,West,0.0,494
2025-12-04,Paid,West,858.45,9640
2025-12-04,Email,West,132.64,1204
2025-12-04,Referral,West,88.67,763
2025-12-05,Organic,North,0.0,433
2025-12-05,Paid,North,729.13,6935
2025-12-05,Email,North,147.14,1217
2025-12-05,Referral,North,110.84,1261
2025-12-05,Organic,South,0.0,205
2025-12-05,Paid,South,822.12,8545
2025-12-05,Email,South,155.63,1406
2025-12-05,Referral,South,90.07,751
2025-12-05,Organic,East,0.0,416
2025-12-05,Paid,East,798.16,8341
2025-12-05,Email,East,152.59,1622
2025-12-05,Referral,East,106.16,939
2025-12-05,Organic,West,0.0,406
2025-12-05,Paid,West,746.25,6052
2025-12-05,Email,West,164.35,1808
2025-12-05,Referral,West,107.58,1022
2025-12-06,Organic,North,0.0,432
2025-12-06,Paid,North,749.58,6890
2025-12-06,Email,North,143.97,1568
2025-12-06,Referral,North,92.45,767
2025-12-06,Organic,South,0.0,277
2025-12-06,Paid,South,790.21,7329
2025-12-06,Email,South,159.89,1328
2025-12-06,Referral,South,104.68,968
2025-12-06,Organic,East,0.0,255
2025-12-06,Paid,East,735.98,6472
2025-12-06,Email,East,166.24,1526
2025-12-06,Referral,East,109.38,1002
2025-12-06,Organic,West,0.0,201
2025-12-06,Paid,West,681.64,6455
2025-12-06,Email,West,165.94,1720
2025-12-06,Referral,West,105.39,1017
2025-12-07,Organic,North,0.0,282
2025-12-07,Paid,North,834.3,8608
2025-12-07,Email,North,129.07,1318
2025-12-07,Referral,North,103.92,984
2025-12-07,Organic,South,0.0,302
2025-12-07,Paid,South,868.98,8240
2025-12-07,Email,South,140.39,1563
2025-12-07,Referral,South,114.55,1001
2025-12-07,Organic,East,0.0,313
2025-12-07,Paid,East,680.63,6767
2025-12-07,Email,East,140.23,1584
2025-12-07,Referral,East,112.47,952
2025-12-07,Organic,West,0.0,459
2025-12-07,Paid,West,731.6,6753
2025-12-07,Email,West,167.36,1583
2025-12-07,Referral,West,85.51,701
2025-12-08,Organic,North,0.0,301
2025-12-08,Paid,North,892.26,7454
2025-12-08,Email,North,136.3,1617
2025-12-08,Referral,North,97.34,1118
2025-12-08,Organic,South,0.0,315
2025-12-08,Paid,South,804.39,9481
2025-12-08,Email,South,170.54,1477
2025-12-08,Referral,South,105.3,1021
2025-12-08,Organic,East,0.0,244
2025-12-08,Paid,East,686.19,6883
2025-12-08,Email,East,131.72,1548
2025-12-08,Referral,East,92.5,902
2025-12-08,Organic,West,0.0,417
2025-12-08,Paid,West,801.84,7625
2025-12-08,Email,West,155.83,1369
2025-12-08,Referral,West,99.72,1181
2025-12-09,Organic,North,0.0,435
2025-12-09,Paid,North,760.33,8858
2025-12-09,Email,North,166.87,1516
2025-12-09,Referral,North,113.03,1123
2025-12-09,Organic,South,0.0,479
2025-12-09,Paid,South,811.92,6809
2025-12-09,Email,South,133.76,1336
2025-12-09,Referral,South,85.75,949
2025-12-09,Organic,East,0.0,292
2025-12-09,Paid,East,687.51,7283
2025-12-09,Email,East,154.75,1316
2025-12-09,Referral,East,90.44,992
2025-12-09,Organic,West,0.0,245
2025-12-09,Paid,West,681.55,8177
2025-12-09,Email,West,140.56,1625
2025-12-09,Referral,West,97.42,1154
2025-12-10,Organic,North,0.0,328
2025-12-10,Paid,North,859.83,10199
2025-12-10,Email,North,140.2,1138
2025-12-10,Referral,North,98.46,1087
2025-12-10,Organic,South,0.0,369
2025-12-10,Paid,South,880.46,7982
2025-12-10,Email,South,130.56,1159
2025-12-10,Referral,South,91.86,858
2025-12-10,Organic,East,0.0,293
2025-12-10,Paid,East,736.21,6248
2025-12-10,Email,East,150.98,1637
2025-12-10,Referral,East,112.25,1021
2025-12-10,Organic,West,0.0,398
2025-12-10,Paid,West,806.61,9304
2025-12-10,Email,West,158.78,1386
2025-12-10,Referral,West,92.99,976
2025-12-11,Organic,North,0.0,425
2025-12-11,Paid,North,698.89,7398
2025-12-11,Email,North,135.17,1591
2025-12-11,Referral,North,113.91,1302
2025-12-11,Organic,South,0.0,458
2025-12-11,Paid,South,910.67,8327
2025-12-11,Email,South,151.02,1289
2025-12-11,Referral,South,98.69,830
2025-12-11,Organic,East,0.0,407
2025-12-11,Paid,East,698.16,7985
2025-12-11,Email,East,165.82,1967
2025-12-11,Referral,East,85.82,967
2025-12-11,Organic,West,0.0,287
2025-12-11,Paid,West,727.01,7998
2025-12-11,Email,West,132.9,1528
2025-12-11,Referral,West,111.26,1137
2025-12-12,Organic,North,0.0,326
2025-12-12,Paid,North,893.48,9693
2025-12-12,Email,North,128.95,1244
2025-12-12,Referral,North,97.89,1118
2025-12-12,Organic,South,0.0,464
2025-12-12,Paid,South,810.46,6847
2025-12-12,Email,South,154.91,1524
2025-12-12,Referral,South,97.69,1166
2025-12-12,Organic,East,0.0,498
2025-12-12,Paid,East,778.3,9135
2025-12-12,Email,East,138.51,1215
2025-12-12,Referral,East,104.7,1047
2025-12-12,Organic,West,0.0,423
2025-12-12,Paid,West,706.37,7014
2025-12-12,Email,West,158.18,1582
2025-12-12,Referral,West,93.59,936
2025-12-13,Organic,North,0.0,375
2025-12-13,Paid,North,812.09,8334
2025-12-13,Email,North,147.43,1374
2025-12-13,Referral,North,87.11,713
2025-12-13,Organic,South,0.0,360
2025-12-13,Paid,South,886.11,9873
2025-12-13,Email,South,151.63,1600
2025-12-13,Referral,South,114.29,1356
2025-12-13,Organic,East,0.0,498
2025-12-13,Paid,East,683.96,7212
2025-12-13,Email,East,161.03,1354
2025-12-13,Referral,East,95.9,830
2025-12-13,Organic,West,0.0,315
2025-12-13,Paid,West,785.89,6847
2025-12-13,Email,West,149.82,1311
2025-12-13,Referral,West,112.67,977
2025-12-14,Organic,North,0.0,353
2025-12-14,Paid,North,762.63,7390
2025-12-14,Email,North,145.02,1727
2025-12-14,Referral,North,104.91,859
2025-12-14,Organic,South,0.0,450
2025-12-14,Paid,South,810.9,6865
2025-12-14,Email,South,148.72,1269
2025-12-14,Referral,South,101.73,964
2025-12-14,Organic,East,0.0,220
2025-12-14,Paid,East,836.85,7476
2025-12-14,Email,East,161.99,1881
2025-12-14,Referral,East,92.28,851
2025-12-14,Organic,West,0.0,213
2025-12-14,Paid,West,795.56,9038
2025-12-14,Email,West,132.46,1148
2025-12-14,Referral,West,107.34,1132
2025-12-15,Organic,North,0.0,259
2025-12-15,Paid,North,721.1,5972
2025-12-15,Email,North,128.29,1243
2025-12-15,Referral,North,88.24,808
2025-12-15,Organic,South,0.0,462
2025-12-15,Paid,South,691.84,7739
2025-12-15,Email,South,144.67,1395
2025-12-15,Referral,South,114.18,1173
2025-12-15,Organic,East,0.0,210
2025-12-15,Paid,East,870.52,8895
2025-12-15,Email,East,162.47,1398
2025-12-15,Referral,East,92.88,1081
2025-12-15,Organic,West,0.0,328
2025-12-15,Paid,West,802.57,8485
2025-12-15,Email,West,151.27,1664
2025-12-15,Referral,West,91.7,1071
2025-12-16,Organic,North,0.0,216
2025-12-16,Paid,North,799.88,9591
2025-12-16,Email,North,157.15,1560
2025-12-16,Referral,North,113.58,944
2025-12-16,Organic,South,0.0,326
2025-12-16,Paid,South,896.85,9615
2025-12-16,Email,South,144.08,1716
2025-12-16,Referral,South,107.77,1283
2025-12-16,Organic,East,0.0,375
2025-12-16,Paid,East,681.96,8107
2025-12-16,Email,East,164.58,1678
2025-12-16,Referral,East,89.83,1035
2025-12-16,Organic,West,0.0,391
2025-12-16,Paid,West,680.73,6790
2025-12-16,Email,West,171.7,1776
2025-12-16,Referral,West,106.32,1130
2025-12-17,Organic,North,0.0,355
2025-12-17,Paid,North,846.1,7431
2025-12-17,Email,North,142.71,1649
2025-12-17,Referral,North,93.1,899
2025-12-17,Organic,South,0.0,231
2025-12-17,Paid,South,903.32,8199
2025-12-17,Email,South,153.64,1474
2025-12-17,Referral,South,95.4,827
2025-12-17,Organic,East,0.0,498
2025-12-17,Paid,East,749.41,7183
2025-12-17,Email,East,136.17,1431
2025-12-17,Referral,East,87.59,932
2025-12-17,Organic,West,0.0,350
2025-12-17,Paid,West,835.4,6698
2025-12-17,Email,West,157.81,1291
2025-12-17,Referral,West,112.52,1257
2025-12-18,Organic,North,0.0,237
2025-12-18,Paid,North,813.5,9621
2025-12-18,Email,North,138.42,1147
2025-12-18,Referral,North,97.68,835
2025-12-18,Organic,South,0.0,433
2025-12-18,Paid,South,898.92,8807
2025-12-18,Email,South,172.41,1510
2025-12-18,Referral,South,112.53,1045
2025-12-18,Organic,East,0.0,470
2025-12-18,Paid,East,897.07,8428
2025-12-18,Email,East,128.41,1182
2025-12-18,Referral,East,98.09,1170
2025-12-18,Organic,West,0.0,406
2025-12-18,Paid,West,832.36,8807
2025-12-18,Email,West,145.33,1563
2025-12-18,Referral,West,93.39,1028
2025-12-19,Organic,North,0.0,395
2025-12-19,Paid,North,859.12,7393
2025-12-19,Email,North,152.35,1335
2025-12-19,Referral,North,94.36,1053
2025-12-19,Organic,South,0.0,325
2025-12-19,Paid,South,691.96,8004
2025-12-19,Email,South,132.33,1321
2025-12-19,Referral,South,99.26,952
2025-12-19,Organic,East,0.0,201
2025-12-19,Paid,East,741.0,6389
2025-12-19,Email,East,134.86,1147
2025-12-19,Referral,East,109.72,922
2025-12-19,Organic,West,0.0,299
2025-12-19,Paid,West,819.16,6687
2025-12-19,Email,West,151.13,1489
2025-12-19,Referral,West,110.74,937
2025-12-20,Organic,North,0.0,217
2025-12-20,Paid,North,715.31,7085
2025-12-20,Email,North,132.22,1383
2025-12-20,Referral,North,108.8,1112
2025-12-20,Organic,South,0.0,307
2025-12-20,Paid,South,787.2,7061
2025-12-20,Email,South,165.84,1541
2025-12-20,Referral,South,110.76,1314
2025-12-20,Organic,East,0.0,276
2025-12-20,Paid,East,885.9,10051
2025-12-20,Email,East,155.01,1757
2025-12-20,Referral,East,97.77,1017
2025-12-20,Organic,West,0.0,321
2025-12-20,Paid,West,919.73,9314
2025-12-20,Email,West,138.18,1475
2025-12-20,Referral,West,107.74,1233
2025-12-21,Organic,North,0.0,203
2025-12-21,Paid,North,859.35,8698
2025-12-21,Email,North,160.19,1619
2025-12-21,Referral,North,94.89,772
2025-12-21,Organic,South,0.0,296
2025-12-21,Paid,South,837.44,6732
2025-12-21,Email,South,168.97,1621
2025-12-21,Referral,South,86.89,1001
2025-12-21,Organic,East,0.0,254
2025-12-21,Paid,East,693.99,5769
2025-12-21,Email,East,151.26,1383
2025-12-21,Referral,East,110.25,1122
2025-12-21,Organic,West,0.0,283
2025-12-21,Paid,West,820.22,9659
2025-12-21,Email,West,166.31,1421
2025-12-21,Referral,West,111.16,1052
2025-12-22,Organic,North,0.0,315
2025-12-22,Paid,North,800.98,8869
2025-12-22,Email,North,146.51,1559
2025-12-22,Referral,North,90.1,827
2025-12-22,Organic,South,0.0,484
2025-12-22,Paid,South,780.82,8515
2025-12-22,Email,South,131.08,1064
2025-12-22,Referral,South,86.58,935
2025-12-22,Organic,East,0.0,217
2025-12-22,Paid,East,824.49,7422
2025-12-22,Email,East,133.82,1441
2025-12-22,Referral,East,101.32,1171
2025-12-22,Organic,West,0.0,418
2025-12-22,Paid,West,757.45,6443
2025-12-22,Email,West,156.18,1466
2025-12-22,Referral,West,89.97,925
2025-12-23,Organic,North,0.0,398
2025-12-23,Paid,North,748.53,8149
2025-12-23,Email,North,130.56,1425
2025-12-23,Referral,North,88.17,948
2025-12-23,Organic,South,0.0,330
2025-12-23,Paid,South,716.44,5791
2025-12-23,Email,South,165.54,1906
2025-12-23,Referral,South,96.1,1022
2025-12-23,Organic,East,0.0,460
2025-12-23,Paid,East,701.5,7031
2025-12-23,Email,East,146.62,1299
2025-12-23,Referral,East,92.52,1079
2025-12-23,Organic,West,0.0,408
2025-12-23,Paid,West,829.88,8787
2025-12-23,Email,West,146.09,1629
2025-12-23,Referral,West,107.37,1046
2025-12-24,Organic,North,0.0,244
2025-12-24,Paid,North,703.39,7863
2025-12-24,Email,North,159.13,1559
2025-12-24,Referral,North,89.08,988
2025-12-24,Organic,South,0.0,307
2025-12-24,Paid,South,866.41,9354
2025-12-24,Email,South,169.35,1400
2025-12-24,Referral,South,104.3,1165
2025-12-24,Organic,East,0.0,287
2025-12-24,Paid,East,856.86,7875
2025-12-24,Email,East,156.07,1673
2025-12-24,Referral,East,111.85,1320
2025-12-24,Organic,West,0.0,499
2025-12-24,Paid,West,846.53,8732
2025-12-24,Email,West,158.23,1738
2025-12-24,Referral,West,109.47,1003
2025-12-25,Organic,North,0.0,412
2025-12-25,Paid,North,726.09,6108
2025-12-25,Email,North,163.19,1684
2025-12-25,Referral,North,99.28,952
2025-12-25,Organic,South,0.0,276
2025-12-25,Paid,South,820.69,6845
2025-12-25,Email,South,158.85,1580
2025-12-25,Referral,South,103.92,844
2025-12-25,Organic,East,0.0,312
2025-12-25,Paid,East,775.91,8000
2025-12-25,Email,East,168.08,1826
2025-12-25,Referral,East,109.18,1204
2025-12-25,Organic,West,0.0,258
2025-12-25,Paid,West,803.24,8787
2025-12-25,Email,West,151.61,1788
2025-12-25,Referral,West,100.54,1024
2025-12-26,Organic,North,0.0,235
2025-12-26,Paid,North,698.99,5756
2025-12-26,Email,North,134.23,1434
2025-12-26,Referral,North,90.34,761
2025-12-26,Organic,South,0.0,383
2025-12-26,Paid,South,886.0,7205
2025-12-26,Email,South,150.28,1317
2025-12-26,Referral,South,112.43,1087
2025-12-26,Organic,East,0.0,394
2025-12-26,Paid,East,784.34,8840
2025-12-26,Email,East,149.67,1763
2025-12-26,Referral,East,95.77,1042
2025-12-26,Organic,West,0.0,226
2025-12-26,Paid,West,718.9,7274
2025-12-26,Email,West,139.17,1146
2025-12-26,Referral,West,92.43,839
2025-12-27,Organic,North,0.0,386
2025-12-27,Paid,North,719.88,8432
2025-12-27,Email,North,140.41,1664
2025-12-27,Referral,North,97.71,1067
2025-12-27,Organic,South,0.0,403
2025-12-27,Paid,South,747.45,7305
2025-12-27,Email,South,137.82,1590
2025-12-27,Referral,South,111.59,1053
2025-12-27,Organic,East,0.0,322
2025-12-27,Paid,East,752.66,6921
2025-12-27,Email,East,131.44,1387
2025-12-27,Referral,East,108.04,1011
2025-12-27,Organic,West,0.0,350
2025-12-27,Paid,West,685.28,7209
2025-12-27,Email,West,142.12,1220
2025-12-27,Referral,West,85.33,828
2025-12-28,Organic,North,0.0,400
2025-12-28,Paid,North,737.6,6396
2025-12-28,Email,North,155.08,1608
2025-12-28,Referral,North,94.15,1073
2025-12-28,Organic,South,0.0,379
2025-12-28,Paid,South,875.67,10241
2025-12-28,Email,South,157.88,1447
2025-12-28,Referral,South,105.32,1019
2025-12-28,Organic,East,0.0,254
2025-12-28,Paid,East,721.84,6218
2025-12-28,Email,East,148.43,1540
2025-12-28,Referral,East,114.24,1221
2025-12-28,Organic,West,0.0,269
2025-12-28,Paid,West,880.47,10508
2025-12-28,Email,West,146.08,1682
2025-12-28,Referral,West,107.33,994
2025-12-29,Organic,North,0.0,202
2025-12-29,Paid,North,847.58,10053
2025-12-29,Email,North,133.6,1557
2025-12-29,Referral,North,91.21,927
2025-12-29,Organic,South,0.0,365
2025-12-29,Paid,South,732.99,5934
2025-12-29,Email,South,135.32,1293
2025-12-29,Referral,South,90.68,968
2025-12-29,Organic,East,0.0,346
2025-12-29,Paid,East,764.98,6832
2025-12-29,Email,East,157.3,1819
2025-12-29,Referral,East,104.52,1007
2025-12-29,Organic,West,0.0,208
2025-12-29,Paid,West,869.66,8782
2025-12-29,Email,West,130.44,1423
2025-12-29,Referral,West,91.9,845
2025-12-30,Organic,North,0.0,395
2025-12-30,Paid,North,725.29,6736
2025-12-30,Email,North,158.9,1471
2025-12-30,Referral,North,87.75,737
2025-12-30,Organic,South,0.0,362
2025-12-30,Paid,South,919.62,9281
2025-12-30,Email,South,171.48,1993
2025-12-30,Referral,South,111.32,1089
2025-12-30,Organic,East,0.0,369
2025-12-30,Paid,East,832.4,6687
2025-12-30,Email,East,129.47,1532
2025-12-30,Referral,East,98.19,1113
2025-12-30,Organic,West,0.0,236
2025-12-30,Paid,West,741.85,6090
2025-12-30,Email,West,161.81,1461
2025-12-30,Referral,West,108.73,1208
2025-12-31,Organic,North,0.0,230
2025-12-31,Paid,North,748.59,7592
2025-12-31,Email,North,163.8,1833
2025-12-31,Referral,North,101.17,1090
2025-12-31,Organic,South,0.0,481
2025-12-31,Paid,South,778.58,6637
2025-12-31,Email,South,133.62,1269
2025-12-31,Referral,South,88.49,1019
2025-12-31,Organic,East,0.0,362
2025-12-31,Paid,East,864.58,10352
2025-12-31,Email,East,145.68,1632
2025-12-31,Referral,East,107.03,965
2025-12-31,Organic,West,0.0,234
2025-12-31,Paid,West,682.38,7715
2025-12-31,Email,West,171.59,1638
2025-12-31,Referral,West,101.01,887
2026-01-01,Organic,North,0.0,433
2026-01-01,Paid,North,685.02,5849
2026-01-01,Email,North,169.77,1565
2026-01-01,Referral,North,101.21,989
2026-01-01,Organic,South,0.0,253
2026-01-01,Paid,South,849.53,9866
2026-01-01,Email,South,153.01,1386
2026-01-01,Referral,South,110.48,1014
2026-01-01,Organic,East,0.0,444
2026-01-01,Paid,East,885.77,10100
2026-01-01,Email,East,159.96,1893
2026-01-01,Referral,East,111.84,1312
2026-01-01,Organic,West,0.0,328
2026-01-01,Paid,West,738.2,8850
2026-01-01,Email,West,133.78,1382
2026-01-01,Referral,West,105.74,996
2026-01-02,Organic,North,0.0,283
2026-01-02,Paid,North,715.57,5840
2026-01-02,Email,North,171.47,1672
2026-01-02,Referral,North,93.7,818
2026-01-02,Organic,South,0.0,269
2026-01-02,Paid,South,806.21,7238
2026-01-02,Email,South,139.74,1669
2026-01-02,Referral,South,102.78,864
2026-01-02,Organic,East,0.0,426
2026-01-02,Paid,East,698.89,6481
2026-01-02,Email,East,142.77,1538
2026-01-02,Referral,East,87.26,900
2026-01-02,Organic,West,0.0,358
2026-01-02,Paid,West,760.56,7549
2026-01-02,Email,West,148.47,1766
2026-01-02,Referral,West,105.13,965
2026-01-03,Organic,North,0.0,438
2026-01-03,Paid,North,787.96,6607
2026-01-03,Email,North,133.84,1374
2026-01-03,Referral,North,89.9,1018
2026-01-03,Organic,South,0.0,248
2026-01-03,Paid,South,768.92,7862
2026-01-03,Email,South,172.37,1411
2026-01-03,Referral,South,103.98,1038
2026-01-03,Organic,East,0.0,335
2026-01-03,Paid,East,737.13,5920
2026-01-03,Email,East,163.85,1804
2026-01-03,Referral,East,88.34,899
2026-01-03,Organic,West,0.0,300
2026-01-03,Paid,West,705.9,6944
2026-01-03,Email,West,127.7,1261
2026-01-03,Referral,West,89.26,840
2026-01-04,Organic,North,0.0,312
2026-01-04,Paid,North,697.4,7302
2026-01-04,Email,North,150.51,1601
2026-01-04,Referral,North,109.73,1019
2026-01-04,Organic,South,0.0,351
2026-01-04,Paid,South,866.27,8156
2026-01-04,Email,South,152.49,1562
2026-01-04,Referral,South,92.75,939
2026-01-04,Organic,East,0.0,272
2026-01-04,Paid,East,715.66,8008
2026-01-04,Email,East,166.29,1864
2026-01-04,Referral,East,103.54,859
2026-01-04,Organic,West,0.0,359
2026-01-04,Paid,West,908.41,10559
2026-01-04,Email,West,163.8,1765
2026-01-04,Referral,West,100.16,977
2026-01-05,Organic,North,0.0,377
2026-01-05,Paid,North,793.6,7658
2026-01-05,Email,North,154.42,1801
2026-01-05,Referral,North,91.56,782
2026-01-05,Organic,South,0.0,247
2026-01-05,Paid,South,847.8,9732
2026-01-05,Email,South,162.0,1557
2026-01-05,Referral,South,101.96,834
2026-01-05,Organic,East,0.0,339
2026-01-05,Paid,East,858.94,9592
2026-01-05,Email,East,155.03,1756
2026-01-05,Referral,East,95.36,796
2026-01-05,Organic,West,0.0,354
2026-01-05,Paid,West,918.25,10616
2026-01-05,Email,West,166.93,1739
2026-01-05,Referral,West,113.62,1163
2026-01-06,Organic,North,0.0,330
2026-01-06,Paid,North,838.07,8561
2026-01-06,Email,North,158.91,1511
2026-01-06,Referral,North,114.2,1344
2026-01-06,Organic,South,0.0,440
2026-01-06,Paid,South,688.28,6231
2026-01-06,Email,South,169.59,1907
2026-01-06,Referral,South,92.59,952
2026-01-06,Organic,East,0.0,208
2026-01-06,Paid,East,878.91,8768
2026-01-06,Email,East,149.57,1280
2026-01-06,Referral,East,86.02,1013
2026-01-06,Organic,West,0.0,419
2026-01-06,Paid,West,742.87,6016
2026-01-06,Email,West,156.12,1791
2026-01-06,Referral,West,99.11,1056
2026-01-07,Organic,North,0.0,486
2026-01-07,Paid,North,796.07,8955
2026-01-07,Email,North,143.12,1152
2026-01-07,Referral,North,110.59,1304
2026-01-07,Organic,South,0.0,217
2026-01-07,Paid,South,835.84,9053
2026-01-07,Email,South,166.48,1780
2026-01-07,Referral,South,109.65,1199
2026-01-07,Organic,East,0.0,314
2026-01-07,Paid,East,712.08,8244
2026-01-07,Email,East,170.33,1378
2026-01-07,Referral,East,106.13,890
2026-01-07,Organic,West,0.0,412
2026-01-07,Paid,West,731.36,8710
2026-01-07,Email,West,160.95,1739
2026-01-07,Referral,West,91.56,819
2026-01-08,Organic,North,0.0,366
2026-01-08,Paid,North,718.55,6660
2026-01-08,Email,North,168.7,1656
2026-01-08,Referral,North,95.24,1088
2026-01-08,Organic,South,0.0,400
2026-01-08,Paid,South,788.25,8734
2026-01-08,Email,South,137.05,1154
2026-01-08,Referral,South,93.68,867
2026-01-08,Organic,East,0.0,470
2026-01-08,Paid,East,912.53,7498
2026-01-08,Email,East,167.62,1895
2026-01-08,Referral,East,90.67,897
2026-01-08,Organic,West,0.0,345
2026-01-08,Paid,West,729.52,6950
2026-01-08,Email,West,134.75,1379
2026-01-08,Referral,West,95.18,937
2026-01-09,Organic,North,0.0,348
2026-01-09,Paid,North,806.07,7041
2026-01-09,Email,North,128.08,1318
2026-01-09,Referral,North,94.11,777
2026-01-09,Organic,South,0.0,312
2026-01-09,Paid,South,917.27,9605
2026-01-09,Email,South,160.04,1820
2026-01-09,Referral,South,105.3,1027
2026-01-09,Organic,East,0.0,460
2026-01-09,Paid,East,753.24,6792
2026-01-09,Email,East,139.19,1307
2026-01-09,Referral,East,108.32,913
2026-01-09,Organic,West,0.0,357
2026-01-09,Paid,West,824.09,9659
2026-01-09,Email,West,144.78,1434
2026-01-09,Referral,West,105.65,915
2026-01-10,Organic,North,0.0,322
2026-01-10,Paid,North,687.62,5505
2026-01-10,Email,North,146.6,1651
2026-01-10,Referral,North,96.52,985
2026-01-10,Organic,South,0.0,341
2026-01-10,Paid,South,783.17,8183
2026-01-10,Email,South,170.23,1736
2026-01-10,Referral,South,110.46,1031
2026-01-10,Organic,East,0.0,283
2026-01-10,Paid,East,699.03,7224
2026-01-10,Email,East,160.65,1689
2026-01-10,Referral,East,110.51,977
2026-01-10,Organic,West,0.0,399
2026-01-10,Paid,West,798.99,7401
2026-01-10,Email,West,149.43,1626
2026-01-10,Referral,West,111.72,1162
2026-01-11,Organic,North,0.0,398
2026-01-11,Paid,North,904.21,9911
2026-01-11,Email,North,137.45,1521
2026-01-11,Referral,North,88.85,758
2026-01-11,Organic,South,0.0,485
2026-01-11,Paid,South,706.9,7997
2026-01-11,Email,South,157.91,1740
2026-01-11,Referral,South,101.83,1123
2026-01-11,Organic,East,0.0,486
2026-01-11,Paid,East,858.09,7962
2026-01-11,Email,East,167.74,1663
2026-01-11,Referral,East,89.77,1043
2026-01-11,Organic,West,0.0,324
2026-01-11,Paid,West,739.7,7810
2026-01-11,Email,West,172.3,1959
2026-01-11,Referral,West,92.53,1004
2026-01-12,Organic,North,0.0,276
2026-01-12,Paid,North,802.96,6875
2026-01-12,Email,North,140.49,1680
2026-01-12,Referral,North,98.65,1082
2026-01-12,Organic,South,0.0,331
2026-01-12,Paid,South,680.42,7224
2026-01-12,Email,South,146.36,1323
2026-01-12,Referral,South,90.87,903
2026-01-12,Organic,East,0.0,469
2026-01-12,Paid,East,761.86,7817
2026-01-12,Email,East,129.81,1413
2026-01-12,Referral,East,108.48,1031
2026-01-12,Organic,West,0.0,331
2026-01-12,Paid,West,696.64,8138
2026-01-12,Email,West,152.29,1303
2026-01-12,Referral,West,107.32,1192
2026-01-13,Organic,North,0.0,260
2026-01-13,Paid,North,788.83,7709
2026-01-13,Email,North,144.27,1653
2026-01-13,Referral,North,106.21,1225
2026-01-13,Organic,South,0.0,358
2026-01-13,Paid,South,874.25,7822
2026-01-13,Email,South,140.08,1397
2026-01-13,Referral,South,99.73,815
2026-01-13,Organic,East,0.0,375
2026-01-13,Paid,East,683.74,5997
2026-01-13,Email,East,141.63,1607
2026-01-13,Referral,East,90.88,869
2026-01-13,Organic,West,0.0,393
2026-01-13,Paid,West,715.91,5939
2026-01-13,Email,West,127.82,1514
2026-01-13,Referral,West,86.19,914
2026-01-14,Organic,North,0.0,201
2026-01-14,Paid,North,878.39,9380
2026-01-14,Email,North,171.59,2015
2026-01-14,Referral,North,113.96,946
2026-01-14,Organic,South,0.0,375
2026-01-14,Paid,South,859.18,7298
2026-01-14,Email,South,136.92,1318
2026-01-14,Referral,South,110.48,1244
2026-01-14,Organic,East,0.0,444
2026-01-14,Paid,East,746.02,8252
2026-01-14,Email,East,131.76,1553
2026-01-14,Referral,East,99.89,1085
2026-01-14,Organic,West,0.0,492
2026-01-14,Paid,West,779.57,7183
2026-01-14,Email,West,141.69,1186
2026-01-14,Referral,West,105.3,1261
2026-01-15,Organic,North,0.0,461
2026-01-15,Paid,North,912.05,8065
2026-01-15,Email,North,130.63,1189
2026-01-15,Referral,North,103.28,1128
2026-01-15,Organic,South,0.0,434
2026-01-15,Paid,South,691.19,7207
2026-01-15,Email,South,139.43,1261
2026-01-15,Referral,South,108.51,1256
2026-01-15,Organic,East,0.0,379
2026-01-15,Paid,East,684.52,6373
2026-01-15,Email,East,169.8,1780
2026-01-15,Referral,East,110.03,1090
2026-01-15,Organic,West,0.0,334
2026-01-15,Paid,West,812.95,9246
2026-01-15,Email,West,170.13,1724
2026-01-15,Referral,West,113.72,1266
2026-01-16,Organic,North,0.0,432
2026-01-16,Paid,North,906.72,7762
2026-01-16,Email,North,129.7,1099
2026-01-16,Referral,North,101.99,1166
2026-01-16,Organic,South,0.0,215
2026-01-16,Paid,South,802.19,8427
2026-01-16,Email,South,154.92,1419
2026-01-16,Referral,South,92.25,746
2026-01-16,Organic,East,0.0,247
2026-01-16,Paid,East,683.11,6798
2026-01-16,Email,East,157.33,1643
2026-01-16,Referral,East,106.54,887
2026-01-16,Organic,West,0.0,369
2026-01-16,Paid,West,728.9,7713
2026-01-16,Email,West,163.85,1728
2026-01-16,Referral,West,96.86,924
2026-01-17,Organic,North,0.0,367
2026-01-17,Paid,North,894.15,9501
2026-01-17,Email,North,131.92,1469
2026-01-17,Referral,North,86.59,822
2026-01-17,Organic,South,0.0,313
2026-01-17,Paid,South,829.75,9412
2026-01-17,Email,South,139.93,1474
2026-01-17,Referral,South,102.35,1068
2026-01-17,Organic,East,0.0,205
2026-01-17,Paid,East,802.85,9428
2026-01-17,Email,East,138.59,1544
2026-01-17,Referral,East,106.63,1273
2026-01-17,Organic,West,0.0,295
2026-01-17,Paid,West,884.53,8053
2026-01-17,Email,West,148.12,1470
2026-01-17,Referral,West,106.07,953
2026-01-18,Organic,North,0.0,300
2026-01-18,Paid,North,914.15,9701
2026-01-18,Email,North,152.26,1251
2026-01-18,Referral,North,114.93,1271
2026-01-18,Organic,South,0.0,493
2026-01-18,Paid,South,760.69,6470
2026-01-18,Email,South,161.07,1763
2026-01-18,Referral,South,111.11,892
2026-01-18,Organic,East,0.0,376
2026-01-18,Paid,East,714.19,7081
2026-01-18,Email,East,172.47,1893
2026-01-18,Referral,East,92.93,975
2026-01-18,Organic,West,0.0,344
2026-01-18,Paid,West,788.78,6516
2026-01-18,Email,West,156.52,1635
2026-01-18,Referral,West,87.72,747
2026-01-19,Organic,North,0.0,338
2026-01-19,Paid,North,809.19,7092
2026-01-19,Email,North,164.93,1787
2026-01-19,Referral,North,91.76,1029
2026-01-19,Organic,South,0.0,375
2026-01-19,Paid,South,756.1,8554
2026-01-19,Email,South,150.55,1467
2026-01-19,Referral,South,85.48,964
2026-01-19,Organic,East,0.0,282
2026-01-19,Paid,East,749.7,8503
2026-01-19,Email,East,131.38,1552
2026-01-19,Referral,East,94.94,886
2026-01-19,Organic,West,0.0,409
2026-01-19,Paid,West,766.63,6963
2026-01-19,Email,West,134.67,1256
2026-01-19,Referral,West,114.18,973
2026-01-20,Organic,North,0.0,480
2026-01-20,Paid,North,817.84,8750
2026-01-20,Email,North,163.31,1335
2026-01-20,Referral,North,114.23,1260
2026-01-20,Organic,South,0.0,440
2026-01-20,Paid,South,782.16,8125
2026-01-20,Email,South,152.76,1282
2026-01-20,Referral,South,90.81,1005
2026-01-20,Organic,East,0.0,348
2026-01-20,Paid,East,724.55,8281
2026-01-20,Email,East,135.17,1580
2026-01-20,Referral,East,107.64,1212
2026-01-20,Organic,West,0.0,351
2026-01-20,Paid,West,800.52,6788
2026-01-20,Email,West,169.53,1620
2026-01-20,Referral,West,102.12,846
2026-01-21,Organic,North,0.0,259
2026-01-21,Paid,North,888.78,8661
2026-01-21,Email,North,144.79,1310
2026-01-21,Referral,North,113.79,1217
2026-01-21,Organic,South,0.0,348
2026-01-21,Paid,South,909.18,9365
2026-01-21,Email,South,169.37,1463
2026-01-21,Referral,South,97.32,991
2026-01-21,Organic,East,0.0,253
2026-01-21,Paid,East,832.35,9112
2026-01-21,Email,East,138.26,1323
2026-01-21,Referral,East,112.84,1168
2026-01-21,Organic,West,0.0,408
2026-01-21,Paid,West,870.94,7735
2026-01-21,Email,West,159.84,1845
2026-01-21,Referral,West,113.59,953
2026-01-22,Organic,North,0.0,262
2026-01-22,Paid,North,681.48,6531
2026-01-22,Email,North,141.04,1459
2026-01-22,Referral,North,92.33,997
2026-01-22,Organic,South,0.0,487
2026-01-22,Paid,South,704.28,6238
2026-01-22,Email,South,136.24,1623
2026-01-22,Referral,South,102.43,947
2026-01-22,Organic,East,0.0,314
2026-01-22,Paid,East,875.15,9635
2026-01-22,Email,East,146.34,1337
2026-01-22,Referral,East,113.73,1290
2026-01-22,Organic,West,0.0,201
2026-01-22,Paid,West,802.24,6554
2026-01-22,Email,West,152.15,1791
2026-01-22,Referral,West,85.6,789
2026-01-23,Organic,North,0.0,350
2026-01-23,Paid,North,741.44,6290
2026-01-23,Email,North,139.69,1333
2026-01-23,Referral,North,94.34,1129
2026-01-23,Organic,South,0.0,488
2026-01-23,Paid,South,832.0,6837
2026-01-23,Email,South,131.03,1414
2026-01-23,Referral,South,105.05,915
2026-01-23,Organic,East,0.0,465
2026-01-23,Paid,East,852.73,7511
2026-01-23,Email,East,168.23,1841
2026-01-23,Referral,East,112.24,1297
2026-01-23,Organic,West,0.0,201
2026-01-23,Paid,West,809.19,6801
2026-01-23,Email,West,142.81,1312
2026-01-23,Referral,West,100.38,1142
2026-01-24,Organic,North,0.0,243
2026-01-24,Paid,North,792.03,9041
2026-01-24,Email,North,148.54,1348
2026-01-24,Referral,North,101.83,821
2026-01-24,Organic,South,0.0,336
2026-01-24,Paid,South,806.06,7160
2026-01-24,Email,South,138.81,1167
2026-01-24,Referral,South,111.8,916
2026-01-24,Organic,East,0.0,467
2026-01-24,Paid,East,910.4,9377
2026-01-24,Email,East,167.63,1690
2026-01-24,Referral,East,86.03,773
2026-01-24,Organic,West,0.0,491
2026-01-24,Paid,West,875.22,10443
2026-01-24,Email,West,146.76,1307
2026-01-24,Referral,West,92.98,1051
2026-01-25,Organic,North,0.0,260
2026-01-25,Paid,North,825.89,9578
2026-01-25,Email,North,164.16,1590
2026-01-25,Referral,North,96.69,1003
2026-01-25,Organic,South,0.0,331
2026-01-25,Paid,South,745.92,6304
2026-01-25,Email,South,141.52,1211
2026-01-25,Referral,South,86.88,1006
2026-01-25,Organic,East,0.0,397
2026-01-25,Paid,East,911.47,10014
2026-01-25,Email,East,160.37,1589
2026-01-25,Referral,East,103.58,868
2026-01-25,Organic,West,0.0,399
2026-01-25,Paid,West,834.21,8305
2026-01-25,Email,West,157.04,1763
2026-01-25,Referral,West,97.48,907
2026-01-26,Organic,North,0.0,288
2026-01-26,Paid,North,890.09,10563
2026-01-26,Email,North,163.73,1763
2026-01-26,Referral,North,110.23,1219
2026-01-26,Organic,South,0.0,290
2026-01-26,Paid,South,743.35,8537
2026-01-26,Email,South,166.11,1518
2026-01-26,Referral,South,93.18,1104
2026-01-26,Organic,East,0.0,372
2026-01-26,Paid,East,861.45,7032
2026-01-26,Email,East,150.41,1445
2026-01-26,Referral,East,92.95,862
2026-01-26,Organic,West,0.0,455
2026-01-26,Paid,West,684.66,7388
2026-01-26,Email,West,150.45,1429
2026-01-26,Referral,West,111.83,1234
2026-01-27,Organic,North,0.0,381
2026-01-27,Paid,North,780.24,9095
2026-01-27,Email,North,169.74,1855
2026-01-27,Referral,North,97.73,1166
2026-01-27,Organic,South,0.0,213
2026-01-27,Paid,South,883.87,8120
2026-01-27,Email,South,149.44,1246
2026-01-27,Referral,South,98.99,882
2026-01-27,Organic,East,0.0,294
2026-01-27,Paid,East,815.88,9699
2026-01-27,Email,East,137.64,1289
2026-01-27,Referral,East,92.19,923
2026-01-27,Organic,West,0.0,280
2026-01-27,Paid,West,726.13,7703
2026-01-27,Email,West,135.41,1388
2026-01-27,Referral,West,86.62,941
2026-01-28,Organic,North,0.0,200
2026-01-28,Paid,North,842.97,7232
2026-01-28,Email,North,159.13,1324
2026-01-28,Referral,North,94.57,1025
2026-01-28,Organic,South,0.0,385
2026-01-28,Paid,South,749.54,7367
2026-01-28,Email,South,142.5,1146
2026-01-28,Referral,South,101.85,1218
2026-01-28,Organic,East,0.0,354
2026-01-28,Paid,East,769.34,7677
2026-01-28,Email,East,159.69,1340
2026-01-28,Referral,East,98.41,855
2026-01-28,Organic,West,0.0,394
2026-01-28,Paid,West,908.48,8114
2026-01-28,Email,West,145.08,1317
2026-01-28,Referral,West,96.61,950
2026-01-29,Organic,North,0.0,433
2026-01-29,Paid,North,814.85,8152
2026-01-29,Email,North,128.86,1052
2026-01-29,Referral,North,110.83,1254
2026-01-29,Organic,South,0.0,241
2026-01-29,Paid,South,891.13,10619
2026-01-29,Email,South,159.7,1574
2026-01-29,Referral,South,91.64,1058
2026-01-29,Organic,East,0.0,306
2026-01-29,Paid,East,737.7,7601
2026-01-29,Email,East,168.27,1932
2026-01-29,Referral,East,109.29,1009
2026-01-29,Organic,West,0.0,429
2026-01-29,Paid,West,895.55,10166
2026-01-29,Email,West,155.03,1591
2026-01-29,Referral,West,110.31,1113
2026-01-30,Organic,North,0.0,273
2026-01-30,Paid,North,788.35,8984
2026-01-30,Email,North,128.35,1239
2026-01-30,Referral,North,110.74,1126
2026-01-30,Organic,South,0.0,318
2026-01-30,Paid,South,851.13,8899
2026-01-30,Email,South,152.83,1364
2026-01-30,Referral,South,112.63,939
2026-01-30,Organic,East,0.0,407
2026-01-30,Paid,East,840.65,7162
2026-01-30,Email,East,132.0,1236
2026-01-30,Referral,East,87.43,1032
2026-01-30,Organic,West,0.0,457
2026-01-30,Paid,West,907.58,10860
2026-01-30,Email,West,137.41,1522
2026-01-30,Referral,West,98.69,806
2026-01-31,Organic,North,0.0,354
2026-01-31,Paid,North,699.72,8358
2026-01-31,Email,North,164.96,1864
2026-01-31,Referral,North,87.34,701
2026-01-31,Organic,South,0.0,280
2026-01-31,Paid,South,879.55,9076
2026-01-31,Email,South,156.86,1335
2026-01-31,Referral,South,98.82,974
2026-01-31,Organic,East,0.0,493
2026-01-31,Paid,East,865.81,7390
2026-01-31,Email,East,148.16,1642
2026-01-31,Referral,East,108.54,1065
2026-01-31,Organic,West,0.0,447
2026-01-31,Paid,West,794.1,6459
2026-01-31,Email,West,164.04,1964
2026-01-31,Referral,West,93.34,995
2026-02-01,Organic,North,0.0,321
2026-02-01,Paid,North,777.46,9072
2026-02-01,Email,North,170.7,1439
2026-02-01,Referral,North,106.81,931
2026-02-01,Organic,South,0.0,359
2026-02-01,Paid,South,872.21,7757
2026-02-01,Email,South,142.13,1673
2026-02-01,Referral,South,97.53,810
2026-02-01,Organic,East,0.0,324
2026-02-01,Paid,East,788.37,8762
2026-02-01,Email,East,143.18,1217
2026-02-01,Referral,East,108.34,1029
2026-02-01,Organic,West,0.0,209
2026-02-01,Paid,West,879.76,10439
2026-02-01,Email,West,170.82,1790
2026-02-01,Referral,West,92.91,1065
2026-02-02,Organic,North,0.0,253
2026-02-02,Paid,North,859.83,9878
2026-02-02,Email,North,169.24,1739
2026-02-02,Referral,North,113.71,926
2026-02-02,Organic,South,0.0,211
2026-02-02,Paid,South,862.77,10345
2026-02-02,Email,South,134.15,1274
2026-02-02,Referral,South,114.58,1316
2026-02-02,Organic,East,0.0,323
2026-02-02,Paid,East,893.75,8762
2026-02-02,Email,East,142.77,1477
2026-02-02,Referral,East,93.36,992
2026-02-02,Organic,West,0.0,287
2026-02-02,Paid,West,801.82,8893
2026-02-02,Email,West,166.32,1357
2026-02-02,Referral,West,106.77,1233
2026-02-03,Organic,North,0.0,420
2026-02-03,Paid,North,735.29,8078
2026-02-03,Email,North,163.71,1427
2026-02-03,Referral,North,112.35,1021
2026-02-03,Organic,South,0.0,483
2026-02-03,Paid,South,799.89,6813
2026-02-03,Email,South,159.33,1636
2026-02-03,Referral,South,107.88,992
2026-02-03,Organic,East,0.0,217
2026-02-03,Paid,East,721.35,7148
2026-02-03,Email,East,129.56,1378
2026-02-03,Referral,East,100.14,885
2026-02-03,Organic,West,0.0,439
2026-02-03,Paid,West,836.95,8534
2026-02-03,Email,West,160.03,1659
2026-02-03,Referral,West,85.29,868
2026-02-04,Organic,North,0.0,275
2026-02-04,Paid,North,864.53,9218
2026-02-04,Email,North,154.21,1563
2026-02-04,Referral,North,92.72,984
2026-02-04,Organic,South,0.0,438
2026-02-04,Paid,South,774.22,7280
2026-02-04,Email,South,169.72,1901
2026-02-04,Referral,South,86.9,791
2026-02-04,Organic,East,0.0,455
2026-02-04,Paid,East,861.02,7556
2026-02-04,Email,East,149.51,1308
2026-02-04,Referral,East,102.7,857
2026-02-04,Organic,West,0.0,279
2026-02-04,Paid,West,700.08,8188
2026-02-04,Email,West,135.6,1367
2026-02-04,Referral,West,90.4,769
2026-02-05,Organic,North,0.0,201
2026-02-05,Paid,North,699.7,7079
2026-02-05,Email,North,151.18,1363
2026-02-05,Referral,North,113.0,1102
2026-02-05,Organic,South,0.0,442
2026-02-05,Paid,South,802.31,7200
2026-02-05,Email,South,134.66,1171
2026-02-05,Referral,South,105.25,1157
2026-02-05,Organic,East,0.0,250
2026-02-05,Paid,East,917.14,10691
2026-02-05,Email,East,138.43,1281
2026-02-05,Referral,East,114.15,1368
2026-02-05,Organic,West,0.0,323
2026-02-05,Paid,West,881.08,10293
2026-02-05,Email,West,167.1,1784
2026-02-05,Referral,West,97.55,977
2026-02-06,Organic,North,0.0,414
2026-02-06,Paid,North,742.15,8044
2026-02-06,Email,North,151.16,1561
2026-02-06,Referral,North,110.08,1295
2026-02-06,Organic,South,0.0,291
2026-02-06,Paid,South,863.04,8973
2026-02-06,Email,South,140.58,1488
2026-02-06,Referral,South,104.65,1180
2026-02-06,Organic,East,0.0,321
2026-02-06,Paid,East,874.72,7852
2026-02-06,Email,East,148.26,1553
2026-02-06,Referral,East,102.95,843
2026-02-06,Organic,West,0.0,305
2026-02-06,Paid,West,756.48,8981
2026-02-06,Email,West,171.09,1616
2026-02-06,Referral,West,108.59,1108
2026-02-07,Organic,North,0.0,318
2026-02-07,Paid,North,867.67,10245
2026-02-07,Email,North,143.68,1246
2026-02-07,Referral,North,113.5,1229
2026-02-07,Organic,South,0.0,264
2026-02-07,Paid,South,682.05,7265
2026-02-07,Email,South,155.53,1383
2026-02-07,Referral,South,104.27,898
2026-02-07,Organic,East,0.0,321
2026-02-07,Paid,East,754.73,8646
2026-02-07,Email,East,140.64,1283
2026-02-07,Referral,East,107.63,868
2026-02-07,Organic,West,0.0,415
2026-02-07,Paid,West,691.29,5685
2026-02-07,Email,West,149.58,1769
2026-02-07,Referral,West,89.88,828
2026-02-08,Organic,North,0.0,404
2026-02-08,Paid,North,894.25,8925
2026-02-08,Email,North,149.88,1385
2026-02-08,Referral,North,96.32,824
2026-02-08,Organic,South,0.0,236
2026-02-08,Paid,South,856.45,8511
2026-02-08,Email,South,162.48,1721
2026-02-08,Referral,South,85.1,852
2026-02-08,Organic,East,0.0,364
2026-02-08,Paid,East,712.88,8429
2026-02-08,Email,East,163.42,1895
2026-02-08,Referral,East,102.92,1166
2026-02-08,Organic,West,0.0,254
2026-02-08,Paid,West,885.04,10338
2026-02-08,Email,West,128.36,1355
2026-02-08,Referral,West,87.85,930
2026-02-09,Organic,North,0.0,468
2026-02-09,Paid,North,723.29,7215
2026-02-09,Email,North,131.81,1397
2026-02-09,Referral,North,88.55,1052
2026-02-09,Organic,South,0.0,296
2026-02-09,Paid,South,724.35,8555
2026-02-09,Email,South,156.49,1557
2026-02-09,Referral,South,107.61,1233
2026-02-09,Organic,East,0.0,442
2026-02-09,Paid,East,765.37,7335
2026-02-09,Email,East,151.2,1564
2026-02-09,Referral,East,94.03,803
2026-02-09,Organic,West,0.0,331
2026-02-09,Paid,West,875.65,7973
2026-02-09,Email,West,144.36,1313
2026-02-09,Referral,West,103.29,1219
2026-02-10,Organic,North,0.0,254
2026-02-10,Paid,North,867.08,9241
2026-02-10,Email,North,171.93,1443
2026-02-10,Referral,North,112.26,1260
2026-02-10,Organic,South,0.0,471
2026-02-10,Paid,South,860.22,7849
2026-02-10,Email,South,146.27,1233
2026-02-10,Referral,South,85.06,1002
2026-02-10,Organic,East,0.0,448
2026-02-10,Paid,East,699.54,6868
2026-02-10,Email,East,140.49,1290
2026-02-10,Referral,East,111.84,1338
2026-02-10,Organic,West,0.0,326
2026-02-10,Paid,West,875.48,7584
2026-02-10,Email,West,162.14,1330
2026-02-10,Referral,West,95.26,978
2026-02-11,Organic,North,0.0,218
2026-02-11,Paid,North,708.31,6570
2026-02-11,Email,North,148.87,1318
2026-02-11,Referral,North,94.53,820
2026-02-11,Organic,South,0.0,230
2026-02-11,Paid,South,780.78,6936
2026-02-11,Email,South,156.83,1397
2026-02-11,Referral,South,90.71,859
2026-02-11,Organic,East,0.0,231
2026-02-11,Paid,East,689.93,7630
2026-02-11,Email,East,135.27,1413
2026-02-11,Referral,East,94.14,876
2026-02-11,Organic,West,0.0,247
2026-02-11,Paid,West,735.16,7563
2026-02-11,Email,West,153.95,1408
2026-02-11,Referral,West,91.31,855
2026-02-12,Organic,North,0.0,226
2026-02-12,Paid,North,807.05,9114
2026-02-12,Email,North,155.84,1260
2026-02-12,Referral,North,93.18,921
2026-02-12,Organic,South,0.0,473
2026-02-12,Paid,South,720.89,5980
2026-02-12,Email,South,151.33,1549
2026-02-12,Referral,South,114.46,1163
2026-02-12,Organic,East,0.0,205
2026-02-12,Paid,East,840.62,7416
2026-02-12,Email,East,164.13,1602
2026-02-12,Referral,East,110.89,964
2026-02-12,Organic,West,0.0,378
2026-02-12,Paid,West,848.53,6935
2026-02-12,Email,West,148.85,1595
2026-02-12,Referral,West,103.69,873
2026-02-13,Organic,North,0.0,209
2026-02-13,Paid,North,732.12,6560
2026-02-13,Email,North,154.41,1250
2026-02-13,Referral,North,93.18,832
2026-02-13,Organic,South,0.0,450
2026-02-13,Paid,South,765.19,8327
2026-02-13,Email,South,164.63,1783
2026-02-13,Referral,South,88.37,968
2026-02-13,Organic,East,0.0,454
2026-02-13,Paid,East,770.01,8894
2026-02-13,Email,East,158.53,1718
2026-02-13,Referral,East,101.39,966
2026-02-13,Organic,West,0.0,296
2026-02-13,Paid,West,871.65,9899
2026-02-13,Email,West,142.43,1499
2026-02-13,Referral,West,106.69,945
2026-02-14,Organic,North,0.0,389
2026-02-14,Paid,North,761.44,6923
2026-02-14,Email,North,141.72,1318
2026-02-14,Referral,North,99.85,940
2026-02-14,Organic,South,0.0,415
2026-02-14,Paid,South,895.88,9936
2026-02-14,Email,South,152.28,1633
2026-02-14,Referral,South,111.93,1160
2026-02-14,Organic,East,0.0,216
2026-02-14,Paid,East,751.45,7005
2026-02-14,Email,East,171.77,1881
2026-02-14,Referral,East,97.84,920
2026-02-14,Organic,West,0.0,488
2026-02-14,Paid,West,863.73,7618
2026-02-14,Email,West,148.85,1325
2026-02-14,Referral,West,114.7,1180
2026-02-15,Organic,North,0.0,224
2026-02-15,Paid,North,754.69,7641
2026-02-15,Email,North,150.58,1337
2026-02-15,Referral,North,105.56,942
2026-02-15,Organic,South,0.0,494
2026-02-15,Paid,South,877.89,8593
2026-02-15,Email,South,143.99,1253
2026-02-15,Referral,South,87.53,964
2026-02-15,Organic,East,0.0,466
2026-02-15,Paid,East,799.83,9262
2026-02-15,Email,East,170.22,1763
2026-02-15,Referral,East,92.63,1043
2026-02-15,Organic,West,0.0,265
2026-02-15,Paid,West,903.03,7913
2026-02-15,Email,West,143.47,1217
2026-02-15,Referral,West,93.49,936
2026-02-16,Organic,North,0.0,316
2026-02-16,Paid,North,830.9,7863
2026-02-16,Email,North,153.13,1610
2026-02-16,Referral,North,112.77,1300
2026-02-16,Organic,South,0.0,279
2026-02-16,Paid,South,793.04,6659
2026-02-16,Email,South,137.5,1261
2026-02-16,Referral,South,113.63,1252
2026-02-16,Organic,East,0.0,468
2026-02-16,Paid,East,751.67,8595
2026-02-16,Email,East,162.24,1392
2026-02-16,Referral,East,94.65,1026
2026-02-16,Organic,West,0.0,297
2026-02-16,Paid,West,740.41,8859
2026-02-16,Email,West,149.29,1402
2026-02-16,Referral,West,95.71,1002
2026-02-17,Organic,North,0.0,393
2026-02-17,Paid,North,887.7,9435
2026-02-17,Email,North,169.68,1747
2026-02-17,Referral,North,99.8,1111
2026-02-17,Organic,South,0.0,263
2026-02-17,Paid,South,832.28,7991
2026-02-17,Email,South,133.53,1238
2026-02-17,Referral,South,103.97,1223
2026-02-17,Organic,East,0.0,365
2026-02-17,Paid,East,779.11,9021
2026-02-17,Email,East,136.46,1136
2026-02-17,Referral,East,94.69,790
2026-02-17,Organic,West,0.0,325
2026-02-17,Paid,West,737.87,6456
2026-02-17,Email,West,136.16,1224
2026-02-17,Referral,West,101.2,810
2026-02-18,Organic,North,0.0,385
2026-02-18,Paid,North,848.95,9219
2026-02-18,Email,North,150.35,1481
2026-02-18,Referral,North,103.05,947
2026-02-18,Organic,South,0.0,234
2026-02-18,Paid,South,801.98,9197
2026-02-18,Email,South,149.38,1362
2026-02-18,Referral,South,91.34,754
2026-02-18,Organic,East,0.0,477
2026-02-18,Paid,East,758.65,8794
2026-02-18,Email,East,170.03,1662
2026-02-18,Referral,East,97.66,904
2026-02-18,Organic,West,0.0,391
2026-02-18,Paid,West,731.33,6839
2026-02-18,Email,West,140.75,1336
2026-02-18,Referral,West,87.23,882
2026-02-19,Organic,North,0.0,227
2026-02-19,Paid,North,868.07,8403
2026-02-19,Email,North,160.62,1368
2026-02-19,Referral,North,102.36,897
2026-02-19,Organic,South,0.0,373
2026-02-19,Paid,South,781.43,8272
2026-02-19,Email,South,131.58,1527
2026-02-19,Referral,South,99.47,1063
2026-02-19,Organic,East,0.0,277
2026-02-19,Paid,East,853.56,10037
2026-02-19,Email,East,170.55,1908
2026-02-19,Referral,East,97.01,847
2026-02-19,Organic,West,0.0,279
2026-02-19,Paid,West,860.56,7859
2026-02-19,Email,West,140.15,1274
2026-02-19,Referral,West,94.63,963
2026-02-20,Organic,North,0.0,408
2026-02-20,Paid,North,773.44,7382
2026-02-20,Email,North,164.89,1449
2026-02-20,Referral,North,103.32,1056
2026-02-20,Organic,South,0.0,337
2026-02-20,Paid,South,896.51,7213
2026-02-20,Email,South,163.62,1575
2026-02-20,Referral,South,109.73,1076
2026-02-20,Organic,East,0.0,254
2026-02-20,Paid,East,815.57,9699
2026-02-20,Email,East,132.36,1527
2026-02-20,Referral,East,103.69,1170
2026-02-20,Organic,West,0.0,447
2026-02-20,Paid,West,709.47,6803
2026-02-20,Email,West,153.28,1727
2026-02-20,Referral,West,94.0,1114
2026-02-21,Organic,North,0.0,212
2026-02-21,Paid,North,817.25,8659
2026-02-21,Email,North,153.4,1263
2026-02-21,Referral,North,98.62,864
2026-02-21,Organic,South,0.0,363
2026-02-21,Paid,South,767.81,8679
2026-02-21,Email,South,130.38,1265
2026-02-21,Referral,South,110.76,1176
2026-02-21,Organic,East,0.0,252
2026-02-21,Paid,East,873.92,8164
2026-02-21,Email,East,150.99,1562
2026-02-21,Referral,East,88.54,942
2026-02-21,Organic,West,0.0,405
2026-02-21,Paid,West,832.25,8910
2026-02-21,Email,West,138.31,1233
2026-02-21,Referral,West,92.46,837
2026-02-22,Organic,North,0.0,308
2026-02-22,Paid,North,740.02,8783
2026-02-22,Email,North,131.26,1495
2026-02-22,Referral,North,95.7,998
2026-02-22,Organic,South,0.0,295
2026-02-22,Paid,South,896.49,7409
2026-02-22,Email,South,139.39,1650
2026-02-22,Referral,South,95.74,862
2026-02-22,Organic,East,0.0,289
2026-02-22,Paid,East,707.58,6622
2026-02-22,Email,East,141.83,1292
2026-02-22,Referral,East,87.44,907
2026-02-22,Organic,West,0.0,406
2026-02-22,Paid,West,848.62,7337
2026-02-22,Email,West,156.63,1810
2026-02-22,Referral,West,114.34,1323
2026-02-23,Organic,North,0.0,241
2026-02-23,Paid,North,908.91,8449
2026-02-23,Email,North,128.84,1218
2026-02-23,Referral,North,94.22,1008
2026-02-23,Organic,South,0.0,495
2026-02-23,Paid,South,854.48,9152
2026-02-23,Email,South,135.12,1469
2026-02-23,Referral,South,93.16,849
2026-02-23,Organic,East,0.0,329
2026-02-23,Paid,East,894.38,7931
2026-02-23,Email,East,167.65,1674
2026-02-23,Referral,East,87.07,931
2026-02-23,Organic,West,0.0,401
2026-02-23,Paid,West,911.79,8460
2026-02-23,Email,West,131.94,1289
2026-02-23,Referral,West,93.45,952
2026-02-24,Organic,North,0.0,370
2026-02-24,Paid,North,762.26,9004
2026-02-24,Email,North,135.32,1200
2026-02-24,Referral,North,96.55,980
2026-02-24,Organic,South,0.0,360
2026-02-24,Paid,South,849.38,7089
2026-02-24,Email,South,169.98,1397
2026-02-24,Referral,South,104.11,1051
2026-02-24,Organic,East,0.0,274
2026-02-24,Paid,East,770.63,7677
2026-02-24,Email,East,129.94,1227
2026-02-24,Referral,East,97.49,971
2026-02-24,Organic,West,0.0,344
2026-02-24,Paid,West,913.8,10536
2026-02-24,Email,West,159.06,1893
2026-02-24,Referral,West,94.86,873
2026-02-25,Organic,North,0.0,339
2026-02-25,Paid,North,843.48,9130
2026-02-25,Email,North,156.86,1375
2026-02-25,Referral,North,91.54,846
2026-02-25,Organic,South,0.0,330
2026-02-25,Paid,South,767.32,8185
2026-02-25,Email,South,157.55,1461
2026-02-25,Referral,South,107.36,1016
2026-02-25,Organic,East,0.0,210
2026-02-25,Paid,East,836.79,9333
2026-02-25,Email,East,158.01,1383
2026-02-25,Referral,East,97.92,1096
2026-02-25,Organic,West,0.0,222
2026-02-25,Paid,West,906.55,7397
2026-02-25,Email,West,135.92,1420
2026-02-25,Referral,West,99.2,1031
2026-02-26,Organic,North,0.0,335
2026-02-26,Paid,North,880.0,10437
2026-02-26,Email,North,162.18,1683
2026-02-26,Referral,North,96.38,1014
2026-02-26,Organic,South,0.0,438
2026-02-26,Paid,South,869.02,6980
2026-02-26,Email,South,158.98,1400
2026-02-26,Referral,South,100.99,1109
2026-02-26,Organic,East,0.0,487
2026-02-26,Paid,East,688.65,6411
2026-02-26,Email,East,130.27,1443
2026-02-26,Referral,East,90.17,766
2026-02-26,Organic,West,0.0,228
2026-02-26,Paid,West,850.46,7110
2026-02-26,Email,West,147.67,1276
2026-02-26,Referral,West,103.94,891
2026-02-27,Organic,North,0.0,269
2026-02-27,Paid,North,885.7,7144
2026-02-27,Email,North,129.06,1411
2026-02-27,Referral,North,91.35,815
2026-02-27,Organic,South,0.0,202
2026-02-27,Paid,South,802.59,7692
2026-02-27,Email,South,165.0,1388
2026-02-27,Referral,South,114.95,945
2026-02-27,Organic,East,0.0,266
2026-02-27,Paid,East,713.58,7925
2026-02-27,Email,East,140.27,1135
2026-02-27,Referral,East,100.92,903
2026-02-27,Organic,West,0.0,385
2026-02-27,Paid,West,787.21,6567
2026-02-27,Email,West,168.01,1496
2026-02-27,Referral,West,85.24,880
2026-02-28,Organic,North,0.0,448
2026-02-28,Paid,North,798.26,9098
2026-02-28,Email,North,130.81,1195
2026-02-28,Referral,North,104.25,1156
2026-02-28,Organic,South,0.0,223
2026-02-28,Paid,South,826.86,9160
2026-02-28,Email,South,133.2,1144
2026-02-28,Referral,South,100.23,975
2026-02-28,Organic,East,0.0,327
2026-02-28,Paid,East,888.21,7338
2026-02-28,Email,East,160.61,1810
2026-02-28,Referral,East,96.53,1039
2026-02-28,Organic,West,0.0,376
2026-02-28,Paid,West,743.57,7471
2026-02-28,Email,West,130.1,1462
2026-02-28,Referral,West,86.68,794
2026-03-01,Organic,North,0.0,322
2026-03-01,Paid,North,799.88,8104
2026-03-01,Email,North,154.66,1804
2026-03-01,Referral,North,99.33,1053
2026-03-01,Organic,South,0.0,226
2026-03-01,Paid,South,881.98,8247
2026-03-01,Email,South,154.09,1837
2026-03-01,Referral,South,107.73,1036
2026-03-01,Organic,East,0.0,335
2026-03-01,Paid,East,714.97,7525
2026-03-01,Email,East,152.38,1580
2026-03-01,Referral,East,93.03,1008
2026-03-01,Organic,West,0.0,289
2026-03-01,Paid,West,787.31,6768
2026-03-01,Email,West,159.68,1389
2026-03-01,Referral,West,102.62,1159
2026-03-02,Organic,North,0.0,376
2026-03-02,Paid,North,825.18,9505
2026-03-02,Email,North,172.38,1513
2026-03-02,Referral,North,99.29,938
2026-03-02,Organic,South,0.0,220
2026-03-02,Paid,South,768.05,8293
2026-03-02,Email,South,165.81,1871
2026-03-02,Referral,South,85.61,820
2026-03-02,Organic,East,0.0,484
2026-03-02,Paid,East,812.8,9689
2026-03-02,Email,East,142.99,1372
2026-03-02,Referral,East,98.67,1126
2026-03-02,Organic,West,0.0,287
2026-03-02,Paid,West,784.96,8746
2026-03-02,Email,West,142.38,1371
2026-03-02,Referral,West,111.42,1048
2026-03-03,Organic,North,0.0,364
2026-03-03,Paid,North,696.25,8217
2026-03-03,Email,North,157.29,1864
2026-03-03,Referral,North,109.36,1208
2026-03-03,Organic,South,0.0,240
2026-03-03,Paid,South,796.78,6423
2026-03-03,Email,South,152.77,1806
2026-03-03,Referral,South,96.59,907
2026-03-03,Organic,East,0.0,285
2026-03-03,Paid,East,818.09,9504
2026-03-03,Email,East,153.99,1696
2026-03-03,Referral,East,96.05,910
2026-03-03,Organic,West,0.0,271
2026-03-03,Paid,West,703.23,7976
2026-03-03,Email,West,160.21,1365
2026-03-03,Referral,West,101.14,1061
2026-03-04,Organic,North,0.0,459
2026-03-04,Paid,North,713.82,6033
2026-03-04,Email,North,139.09,1245
2026-03-04,Referral,North,89.42,1029
2026-03-04,Organic,South,0.0,498
2026-03-04,Paid,South,837.21,9233
2026-03-04,Email,South,151.11,1586
2026-03-04,Referral,South,110.52,1275
2026-03-04,Organic,East,0.0,297
2026-03-04,Paid,East,871.39,7027
2026-03-04,Email,East,132.98,1219
2026-03-04,Referral,East,99.8,891
2026-03-04,Organic,West,0.0,461
2026-03-04,Paid,West,810.04,7819
2026-03-04,Email,West,163.23,1766
2026-03-04,Referral,West,107.62,1000
2026-03-05,Organic,North,0.0,294
2026-03-05,Paid,North,752.01,8393
2026-03-05,Email,North,144.68,1228
2026-03-05,Referral,North,100.05,884
2026-03-05,Organic,South,0.0,373
2026-03-05,Paid,South,805.99,7322
2026-03-05,Email,South,169.16,1651
2026-03-05,Referral,South,100.96,1096
2026-03-05,Organic,East,0.0,391
2026-03-05,Paid,East,689.59,6876
2026-03-05,Email,East,168.1,1942
2026-03-05,Referral,East,88.87,816
2026-03-05,Organic,West,0.0,282
2026-03-05,Paid,West,899.82,10683
2026-03-05,Email,West,147.25,1587
2026-03-05,Referral,West,90.01,957
2026-03-06,Organic,North,0.0,214
2026-03-06,Paid,North,698.78,6690
2026-03-06,Email,North,166.06,1337
2026-03-06,Referral,North,94.92,1000
2026-03-06,Organic,South,0.0,291
2026-03-06,Paid,South,681.71,6901
2026-03-06,Email,South,133.04,1232
2026-03-06,Referral,South,111.98,1161
2026-03-06,Organic,East,0.0,419
2026-03-06,Paid,East,718.11,7893
2026-03-06,Email,East,135.11,1554
2026-03-06,Referral,East,105.7,1129
2026-03-06,Organic,West,0.0,266
2026-03-06,Paid,West,783.61,6393
2026-03-06,Email,West,143.07,1157
2026-03-06,Referral,West,85.18,743
2026-03-07,Organic,North,0.0,403
2026-03-07,Paid,North,736.01,8538
2026-03-07,Email,North,152.38,1492
2026-03-07,Referral,North,97.71,957
2026-03-07,Organic,South,0.0,263
2026-03-07,Paid,South,780.41,6286
2026-03-07,Email,South,146.19,1392
2026-03-07,Referral,South,86.28,900
2026-03-07,Organic,East,0.0,435
2026-03-07,Paid,East,725.83,7144
2026-03-07,Email,East,168.6,1955
2026-03-07,Referral,East,92.79,824
2026-03-07,Organic,West,0.0,265
2026-03-07,Paid,West,821.37,9329
2026-03-07,Email,West,138.46,1463
2026-03-07,Referral,West,106.3,907
2026-03-08,Organic,North,0.0,226
2026-03-08,Paid,North,701.26,6873
2026-03-08,Email,North,139.05,1310
2026-03-08,Referral,North,114.26,1062
2026-03-08,Organic,South,0.0,298
2026-03-08,Paid,South,857.65,10090
2026-03-08,Email,South,156.53,1734
2026-03-08,Referral,South,91.84,803
2026-03-08,Organic,East,0.0,499
2026-03-08,Paid,East,911.73,8548
2026-03-08,Email,East,163.69,1494
2026-03-08,Referral,East,86.62,933
2026-03-08,Organic,West,0.0,361
2026-03-08,Paid,West,692.61,6714
2026-03-08,Email,West,153.86,1473
2026-03-08,Referral,West,86.31,1013
2026-03-09,Organic,North,0.0,478
2026-03-09,Paid,North,892.83,9633
2026-03-09,Email,North,168.22,1921
2026-03-09,Referral,North,101.33,1018
2026-03-09,Organic,South,0.0,385
2026-03-09,Paid,South,748.05,6339
2026-03-09,Email,South,169.31,1687
2026-03-09,Referral,South,87.57,1031
2026-03-09,Organic,East,0.0,442
2026-03-09,Paid,East,835.14,9992
2026-03-09,Email,East,164.45,1367
2026-03-09,Referral,East,106.61,903
2026-03-09,Organic,West,0.0,432
2026-03-09,Paid,West,744.76,6997
2026-03-09,Email,West,164.95,1406
2026-03-09,Referral,West,113.31,963
2026-03-10,Organic,North,0.0,207
2026-03-10,Paid,North,686.14,7711
2026-03-10,Email,North,149.09,1495
2026-03-10,Referral,North,110.04,1106
2026-03-10,Organic,South,0.0,487
2026-03-10,Paid,South,680.96,5890
2026-03-10,Email,South,162.96,1900
2026-03-10,Referral,South,106.18,976
2026-03-10,Organic,East,0.0,452
2026-03-10,Paid,East,732.81,7148
2026-03-10,Email,East,162.8,1565
2026-03-10,Referral,East,109.74,1142
2026-03-10,Organic,West,0.0,458
2026-03-10,Paid,West,736.38,7762
2026-03-10,Email,West,157.31,1519
2026-03-10,Referral,West,97.98,1143
2026-03-11,Organic,North,0.0,266
2026-03-11,Paid,North,702.96,7074
2026-03-11,Email,North,167.11,1989
2026-03-11,Referral,North,111.94,1240
2026-03-11,Organic,South,0.0,232
2026-03-11,Paid,South,829.06,8791
2026-03-11,Email,South,149.77,1702
2026-03-11,Referral,South,114.48,1361
2026-03-11,Organic,East,0.0,206
2026-03-11,Paid,East,688.61,5655
2026-03-11,Email,East,141.56,1554
2026-03-11,Referral,East,102.24,1016
2026-03-11,Organic,West,0.0,420
2026-03-11,Paid,West,741.61,8873
2026-03-11,Email,West,138.64,1315
2026-03-11,Referral,West,110.57,1233
2026-03-12,Organic,North,0.0,245
2026-03-12,Paid,North,694.85,7376
2026-03-12,Email,North,158.8,1837
2026-03-12,Referral,North,85.9,985
2026-03-12,Organic,South,0.0,301
2026-03-12,Paid,South,766.86,8112
2026-03-12,Email,South,166.2,1604
2026-03-12,Referral,South,85.2,902
2026-03-12,Organic,East,0.0,366
2026-03-12,Paid,East,913.15,9233
2026-03-12,Email,East,155.87,1791
2026-03-12,Referral,East,93.1,750
2026-03-12,Organic,West,0.0,424
2026-03-12,Paid,West,843.9,9724
2026-03-12,Email,West,137.99,1341
2026-03-12,Referral,West,86.46,938
2026-03-13,Organic,North,0.0,257
2026-03-13,Paid,North,812.96,8144
2026-03-13,Email,North,145.89,1195
2026-03-13,Referral,North,103.18,1036
2026-03-13,Organic,South,0.0,272
2026-03-13,Paid,South,838.9,9972
2026-03-13,Email,South,169.38,1957
2026-03-13,Referral,South,107.55,1204
2026-03-13,Organic,East,0.0,413
2026-03-13,Paid,East,778.3,6812
2026-03-13,Email,East,161.57,1690
2026-03-13,Referral,East,109.23,1290
2026-03-13,Organic,West,0.0,318
2026-03-13,Paid,West,896.93,7422
2026-03-13,Email,West,139.0,1371
2026-03-13,Referral,West,113.18,1345
2026-03-14,Organic,North,0.0,353
2026-03-14,Paid,North,819.9,8033
2026-03-14,Email,North,167.68,1913
2026-03-14,Referral,North,92.6,765
2026-03-14,Organic,South,0.0,221
2026-03-14,Paid,South,896.16,9778
2026-03-14,Email,South,135.24,1461
2026-03-14,Referral,South,97.28,1005
2026-03-14,Organic,East,0.0,379
2026-03-14,Paid,East,843.64,7703
2026-03-14,Email,East,169.13,1947
2026-03-14,Referral,East,85.37,917
2026-03-14,Organic,West,0.0,362
2026-03-14,Paid,West,801.75,6774
2026-03-14,Email,West,151.72,1661
2026-03-14,Referral,West,85.44,828
2026-03-15,Organic,North,0.0,386
2026-03-15,Paid,North,715.65,8554
2026-03-15,Email,North,158.46,1701
2026-03-15,Referral,North,98.55,821
2026-03-15,Organic,South,0.0,470
2026-03-15,Paid,South,693.53,7707
2026-03-15,Email,South,135.1,1469
2026-03-15,Referral,South,99.67,978
2026-03-15,Organic,East,0.0,499
2026-03-15,Paid,East,919.38,7555
2026-03-15,Email,East,167.84,1346
2026-03-15,Referral,East,103.03,1162
2026-03-15,Organic,West,0.0,296
2026-03-15,Paid,West,848.45,8841
2026-03-15,Email,West,148.17,1689
2026-03-15,Referral,West,105.5,1179
2026-03-16,Organic,North,0.0,222
2026-03-16,Paid,North,729.75,7589
2026-03-16,Email,North,164.61,1824
2026-03-16,Referral,North,99.05,1117
2026-03-16,Organic,South,0.0,465
2026-03-16,Paid,South,822.27,7070
2026-03-16,Email,South,154.76,1432
2026-03-16,Referral,South,95.73,1108
2026-03-16,Organic,East,0.0,495
2026-03-16,Paid,East,850.34,7869
2026-03-16,Email,East,140.1,1144
2026-03-16,Referral,East,86.79,720
2026-03-16,Organic,West,0.0,402
2026-03-16,Paid,West,725.71,6043
2026-03-16,Email,West,172.07,1868
2026-03-16,Referral,West,103.07,1050
2026-03-17,Organic,North,0.0,487
2026-03-17,Paid,North,827.67,6741
2026-03-17,Email,North,154.02,1497
2026-03-17,Referral,North,114.97,1142
2026-03-17,Organic,South,0.0,434
2026-03-17,Paid,South,876.41,7193
2026-03-17,Email,South,170.86,1721
2026-03-17,Referral,South,109.89,1160
2026-03-17,Organic,East,0.0,335
2026-03-17,Paid,East,745.73,6526
2026-03-17,Email,East,159.55,1325
2026-03-17,Referral,East,92.3,932
2026-03-17,Organic,West,0.0,265
2026-03-17,Paid,West,811.95,7668
2026-03-17,Email,West,139.62,1516
2026-03-17,Referral,West,92.28,810
2026-03-18,Organic,North,0.0,250
2026-03-18,Paid,North,728.65,5865
2026-03-18,Email,North,159.69,1638
2026-03-18,Referral,North,86.43,858
2026-03-18,Organic,South,0.0,450
2026-03-18,Paid,South,795.04,9540
2026-03-18,Email,South,132.11,1381
2026-03-18,Referral,South,100.79,1042
2026-03-18,Organic,East,0.0,355
2026-03-18,Paid,East,814.97,9485
2026-03-18,Email,East,143.9,1531
2026-03-18,Referral,East,91.66,863
2026-03-18,Organic,West,0.0,361
2026-03-18,Paid,West,850.1,9906
2026-03-18,Email,West,159.17,1712
2026-03-18,Referral,West,97.83,875
2026-03-19,Organic,North,0.0,413
2026-03-19,Paid,North,769.7,8850
2026-03-19,Email,North,166.28,1382
2026-03-19,Referral,North,86.15,847
2026-03-19,Organic,South,0.0,267
2026-03-19,Paid,South,737.47,7111
2026-03-19,Email,South,162.67,1408
2026-03-19,Referral,South,113.56,1183
2026-03-19,Organic,East,0.0,429
2026-03-19,Paid,East,717.95,6174
2026-03-19,Email,East,141.74,1641
2026-03-19,Referral,East,110.11,998
2026-03-19,Organic,West,0.0,324
2026-03-19,Paid,West,799.95,7438
2026-03-19,Email,West,170.26,1824
2026-03-19,Referral,West,97.94,786
2026-03-20,Organic,North,0.0,217
2026-03-20,Paid,North,811.52,8944
2026-03-20,Email,North,155.24,1745
2026-03-20,Referral,North,108.22,1213
2026-03-20,Organic,South,0.0,382
2026-03-20,Paid,South,887.02,8292
2026-03-20,Email,South,134.43,1505
2026-03-20,Referral,South,93.95,838
2026-03-20,Organic,East,0.0,366
2026-03-20,Paid,East,814.79,6763
2026-03-20,Email,East,155.6,1386
2026-03-20,Referral,East,89.0,1055
2026-03-20,Organic,West,0.0,287
2026-03-20,Paid,West,778.77,6676
2026-03-20,Email,West,170.1,1371
2026-03-20,Referral,West,85.28,820
2026-03-21,Organic,North,0.0,236
2026-03-21,Paid,North,726.71,6649
2026-03-21,Email,North,148.61,1717
2026-03-21,Referral,North,97.67,1089
2026-03-21,Organic,South,0.0,488
2026-03-21,Paid,South,882.56,10072
2026-03-21,Email,South,163.46,1382
2026-03-21,Referral,South,90.13,819
2026-03-21,Organic,East,0.0,402
2026-03-21,Paid,East,780.56,7813
2026-03-21,Email,East,164.07,1334
2026-03-21,Referral,East,110.97,1138
2026-03-21,Organic,West,0.0,377
2026-03-21,Paid,West,747.31,6471
2026-03-21,Email,West,153.24,1742
2026-03-21,Referral,West,107.67,1205
2026-03-22,Organic,North,0.0,301
2026-03-22,Paid,North,830.91,8526
2026-03-22,Email,North,131.5,1335
2026-03-22,Referral,North,85.05,930
2026-03-22,Organic,South,0.0,466
2026-03-22,Paid,South,893.05,8301
2026-03-22,Email,South,154.98,1702
2026-03-22,Referral,South,104.21,839
2026-03-22,Organic,East,0.0,357
2026-03-22,Paid,East,803.58,9030
2026-03-22,Email,East,163.68,1740
2026-03-22,Referral,East,89.65,917
2026-03-22,Organic,West,0.0,465
2026-03-22,Paid,West,719.1,8219
2026-03-22,Email,West,131.23,1555
2026-03-22,Referral,West,113.95,1360
2026-03-23,Organic,North,0.0,302
2026-03-23,Paid,North,884.85,8294
2026-03-23,Email,North,132.04,1284
2026-03-23,Referral,North,109.06,883
2026-03-23,Organic,South,0.0,332
2026-03-23,Paid,South,824.69,9287
2026-03-23,Email,South,138.72,1170
2026-03-23,Referral,South,91.08,951
2026-03-23,Organic,East,0.0,385
2026-03-23,Paid,East,766.39,7717
2026-03-23,Email,East,144.29,1206
2026-03-23,Referral,East,87.7,879
2026-03-23,Organic,West,0.0,478
2026-03-23,Paid,West,785.01,7918
2026-03-23,Email,West,163.89,1668
2026-03-23,Referral,West,86.63,823
2026-03-24,Organic,North,0.0,206
2026-03-24,Paid,North,900.71,10735
2026-03-24,Email,North,137.56,1400
2026-03-24,Referral,North,87.28,775
2026-03-24,Organic,South,0.0,226
2026-03-24,Paid,South,680.95,7226
2026-03-24,Email,South,147.13,1586
2026-03-24,Referral,South,114.09,1321
2026-03-24,Organic,East,0.0,210
2026-03-24,Paid,East,778.14,9136
2026-03-24,Email,East,170.81,1860
2026-03-24,Referral,East,92.59,900
2026-03-24,Organic,West,0.0,284
2026-03-24,Paid,West,740.93,6694
2026-03-24,Email,West,158.51,1714
2026-03-24,Referral,West,102.09,1200
2026-03-25,Organic,North,0.0,428
2026-03-25,Paid,North,780.9,8818
2026-03-25,Email,North,138.4,1337
2026-03-25,Referral,North,86.58,1009
2026-03-25,Organic,South,0.0,282
2026-03-25,Paid,South,704.68,7815
2026-03-25,Email,South,170.02,1930
2026-03-25,Referral,South,94.7,1135
2026-03-25,Organic,East,0.0,282
2026-03-25,Paid,East,735.28,6472
2026-03-25,Email,East,128.17,1323
2026-03-25,Referral,East,107.06,1117
2026-03-25,Organic,West,0.0,359
2026-03-25,Paid,West,833.95,9577
2026-03-25,Email,West,141.39,1400
2026-03-25,Referral,West,112.08,1018
2026-03-26,Organic,North,0.0,214
2026-03-26,Paid,North,759.9,8097
2026-03-26,Email,North,130.34,1145
2026-03-26,Referral,North,97.93,930
2026-03-26,Organic,South,0.0,476
2026-03-26,Paid,South,807.13,9325
2026-03-26,Email,South,145.51,1503
2026-03-26,Referral,South,101.94,881
2026-03-26,Organic,East,0.0,204
2026-03-26,Paid,East,744.52,6109
2026-03-26,Email,East,161.06,1833
2026-03-26,Referral,East,95.22,828
2026-03-26,Organic,West,0.0,244
2026-03-26,Paid,West,802.24,7838
2026-03-26,Email,West,169.97,1976
2026-03-26,Referral,West,113.47,1204
2026-03-27,Organic,North,0.0,454
2026-03-27,Paid,North,873.73,8031
2026-03-27,Email,North,155.21,1555
2026-03-27,Referral,North,102.08,996
2026-03-27,Organic,South,0.0,274
2026-03-27,Paid,South,870.92,7504
2026-03-27,Email,South,139.65,1572
2026-03-27,Referral,South,111.93,1314
2026-03-27,Organic,East,0.0,486
2026-03-27,Paid,East,714.76,7260
2026-03-27,Email,East,135.56,1348
2026-03-27,Referral,East,107.15,1275
2026-03-27,Organic,West,0.0,490
2026-03-27,Paid,West,818.64,7833
2026-03-27,Email,West,143.67,1463
2026-03-27,Referral,West,88.52,841
2026-03-28,Organic,North,0.0,240
2026-03-28,Paid,North,694.82,8228
2026-03-28,Email,North,141.79,1402
2026-03-28,Referral,North,105.88,1062
2026-03-28,Organic,South,0.0,469
2026-03-28,Paid,South,898.3,8184
2026-03-28,Email,South,146.78,1291
2026-03-28,Referral,South,112.93,930
2026-03-28,Organic,East,0.0,441
2026-03-28,Paid,East,879.45,10126
2026-03-28,Email,East,156.75,1577
2026-03-28,Referral,East,103.11,903
2026-03-28,Organic,West,0.0,252
2026-03-28,Paid,West,870.17,8858
2026-03-28,Email,West,169.45,1536
2026-03-28,Referral,West,93.48,938
2026-03-29,Organic,North,0.0,223
2026-03-29,Paid,North,858.21,7438
2026-03-29,Email,North,152.8,1282
2026-03-29,Referral,North,97.27,995
2026-03-29,Organic,South,0.0,359
2026-03-29,Paid,South,914.05,9763
2026-03-29,Email,South,151.49,1607
2026-03-29,Referral,South,107.19,1266
2026-03-29,Organic,East,0.0,244
2026-03-29,Paid,East,851.39,6854
2026-03-29,Email,East,127.79,1387
2026-03-29,Referral,East,101.63,1138
2026-03-29,Organic,West,0.0,313
2026-03-29,Paid,West,716.64,7577
2026-03-29,Email,West,150.93,1387
2026-03-29,Referral,West,98.97,1008
2026-03-30,Organic,North,0.0,261
2026-03-30,Paid,North,856.11,8928
2026-03-30,Email,North,130.47,1304
2026-03-30,Referral,North,93.09,1075
2026-03-30,Organic,South,0.0,335
2026-03-30,Paid,South,714.47,7618
2026-03-30,Email,South,139.39,1650
2026-03-30,Referral,South,86.06,733
2026-03-30,Organic,East,0.0,497
2026-03-30,Paid,East,907.56,7482
2026-03-30,Email,East,144.55,1700
2026-03-30,Referral,East,93.12,1065
2026-03-30,Organic,West,0.0,356
2026-03-30,Paid,West,873.84,9310
2026-03-30,Email,West,163.7,1535
2026-03-30,Referral,West,114.54,1097
2026-03-31,Organic,North,0.0,211
2026-03-31,Paid,North,864.32,7667
2026-03-31,Email,North,131.67,1414
2026-03-31,Referral,North,108.39,1141
2026-03-31,Organic,South,0.0,273
2026-03-31,Paid,South,730.34,6757
2026-03-31,Email,South,158.46,1305
2026-03-31,Referral,South,110.83,1313
2026-03-31,Organic,East,0.0,465
2026-03-31,Paid,East,781.63,7901
2026-03-31,Email,East,150.63,1564
2026-03-31,Referral,East,110.64,1268
2026-03-31,Organic,West,0.0,293
2026-03-31,Paid,West,706.63,7224
2026-03-31,Email,West,129.24,1384
2026-03-31,Referral,West,106.39,1136
2026-04-01,Organic,North,0.0,277
2026-04-01,Paid,North,858.2,7870
2026-04-01,Email,North,146.6,1582
2026-04-01,Referral,North,94.31,1089
2026-04-01,Organic,South,0.0,297
2026-04-01,Paid,South,886.41,10424
2026-04-01,Email,South,144.35,1184
2026-04-01,Referral,South,92.62,1026
2026-04-01,Organic,East,0.0,228
2026-04-01,Paid,East,890.11,9252
2026-04-01,Email,East,163.37,1802
2026-04-01,Referral,East,107.59,871
2026-04-01,Organic,West,0.0,421
2026-04-01,Paid,West,842.65,8769
2026-04-01,Email,West,166.06,1679
2026-04-01,Referral,West,102.11,1028
2026-04-02,Organic,North,0.0,423
2026-04-02,Paid,North,903.34,9391
2026-04-02,Email,North,143.41,1440
2026-04-02,Referral,North,113.37,990
2026-04-02,Organic,South,0.0,471
2026-04-02,Paid,South,879.6,8333
2026-04-02,Email,South,166.99,1836
2026-04-02,Referral,South,113.45,1138
2026-04-02,Organic,East,0.0,415
2026-04-02,Paid,East,764.78,7289
2026-04-02,Email,East,135.61,1397
2026-04-02,Referral,East,85.11,993
2026-04-02,Organic,West,0.0,299
2026-04-02,Paid,West,829.37,9866
2026-04-02,Email,West,146.33,1212
2026-04-02,Referral,West,96.26,1147
2026-04-03,Organic,North,0.0,487
2026-04-03,Paid,North,843.75,9044
2026-04-03,Email,North,149.24,1495
2026-04-03,Referral,North,101.59,973
2026-04-03,Organic,South,0.0,445
2026-04-03,Paid,South,898.01,10282
2026-04-03,Email,South,140.22,1234
2026-04-03,Referral,South,114.27,985
2026-04-03,Organic,East,0.0,311
2026-04-03,Paid,East,692.07,6117
2026-04-03,Email,East,146.73,1209
2026-04-03,Referral,East,102.22,993
2026-04-03,Organic,West,0.0,329
2026-04-03,Paid,West,863.04,8269
2026-04-03,Email,West,130.58,1401
2026-04-03,Referral,West,105.92,1065
2026-04-04,Organic,North,0.0,201
2026-04-04,Paid,North,907.71,8365
2026-04-04,Email,North,141.27,1234
2026-04-04,Referral,North,104.1,1080
2026-04-04,Organic,South,0.0,466
2026-04-04,Paid,South,830.09,7542
2026-04-04,Email,South,162.82,1491
2026-04-04,Referral,South,111.88,942
2026-04-04,Organic,East,0.0,327
2026-04-04,Paid,East,915.17,10087
2026-04-04,Email,East,143.0,1570
2026-04-04,Referral,East,85.45,689
2026-04-04,Organic,West,0.0,321
2026-04-04,Paid,West,910.01,9343
2026-04-04,Email,West,132.04,1361
2026-04-04,Referral,West,112.07,1153
2026-04-05,Organic,North,0.0,284
2026-04-05,Paid,North,913.56,10747
2026-04-05,Email,North,148.71,1687
2026-04-05,Referral,North,94.21,836
2026-04-05,Organic,South,0.0,335
2026-04-05,Paid,South,893.57,9884
2026-04-05,Email,South,172.31,1921
2026-04-05,Referral,South,108.58,1236
2026-04-05,Organic,East,0.0,213
2026-04-05,Paid,East,851.26,7076
2026-04-05,Email,East,149.95,1486
2026-04-05,Referral,East,107.61,1265
2026-04-05,Organic,West,0.0,251
2026-04-05,Paid,West,903.79,9796
2026-04-05,Email,West,155.05,1698
2026-04-05,Referral,West,91.57,755
2026-04-06,Organic,North,0.0,264
2026-04-06,Paid,North,764.76,7430
2026-04-06,Email,North,132.93,1465
2026-04-06,Referral,North,101.56,1080
2026-04-06,Organic,South,0.0,225
2026-04-06,Paid,South,800.09,9200
2026-04-06,Email,South,166.22,1795
2026-04-06,Referral,South,103.18,1206
2026-04-06,Organic,East,0.0,232
2026-04-06,Paid,East,689.74,7523
2026-04-06,Email,East,143.42,1223
2026-04-06,Referral,East,113.1,913
2026-04-06,Organic,West,0.0,436
2026-04-06,Paid,West,776.69,7395
2026-04-06,Email,West,146.07,1372
2026-04-06,Referral,West,88.25,956
2026-04-07,Organic,North,0.0,355
2026-04-07,Paid,North,775.3,7856
2026-04-07,Email,North,149.07,1339
2026-04-07,Referral,North,89.66,1004
2026-04-07,Organic,South,0.0,414
2026-04-07,Paid,South,726.17,6163
2026-04-07,Email,South,152.24,1615
2026-04-07,Referral,South,102.56,933
2026-04-07,Organic,East,0.0,419
2026-04-07,Paid,East,730.83,7344
2026-04-07,Email,East,136.06,1279
2026-04-07,Referral,East,99.97,1028
2026-04-07,Organic,West,0.0,232
2026-04-07,Paid,West,765.62,7771
2026-04-07,Email,West,163.39,1476
2026-04-07,Referral,West,108.71,1289
2026-04-08,Organic,North,0.0,394
2026-04-08,Paid,North,857.22,9607
2026-04-08,Email,North,166.48,1396
2026-04-08,Referral,North,94.47,947
2026-04-08,Organic,South,0.0,300
2026-04-08,Paid,South,732.99,8545
2026-04-08,Email,South,162.14,1441
2026-04-08,Referral,South,92.23,971
2026-04-08,Organic,East,0.0,339
2026-04-08,Paid,East,753.86,8548
2026-04-08,Email,East,169.52,1601
2026-04-08,Referral,East,104.37,975
2026-04-08,Organic,West,0.0,486
2026-04-08,Paid,West,777.15,6862
2026-04-08,Email,West,145.44,1348
2026-04-08,Referral,West,100.28,839
2026-04-09,Organic,North,0.0,385
2026-04-09,Paid,North,865.73,7836
2026-04-09,Email,North,138.78,1295
2026-04-09,Referral,North,100.4,844
2026-04-09,Organic,South,0.0,365
2026-04-09,Paid,South,838.53,9992
2026-04-09,Email,South,170.93,1584
2026-04-09,Referral,South,105.0,1147
2026-04-09,Organic,East,0.0,449
2026-04-09,Paid,East,700.58,5967
2026-04-09,Email,East,140.93,1278
2026-04-09,Referral,East,108.47,1221
2026-04-09,Organic,West,0.0,340
2026-04-09,Paid,West,794.15,8000
2026-04-09,Email,West,128.94,1236
2026-04-09,Referral,West,87.75,748
2026-04-10,Organic,North,0.0,405
2026-04-10,Paid,North,810.64,7896
2026-04-10,Email,North,161.65,1668
2026-04-10,Referral,North,92.88,989
2026-04-10,Organic,South,0.0,286
2026-04-10,Paid,South,706.63,8353
2026-04-10,Email,South,165.01,1681
2026-04-10,Referral,South,87.87,852
2026-04-10,Organic,East,0.0,372
2026-04-10,Paid,East,759.78,6664
2026-04-10,Email,East,150.33,1735
2026-04-10,Referral,East,94.53,1085
2026-04-10,Organic,West,0.0,313
2026-04-10,Paid,West,747.49,8564
2026-04-10,Email,West,131.72,1456
2026-04-10,Referral,West,99.27,825
2026-04-11,Organic,North,0.0,402
2026-04-11,Paid,North,768.83,8478
2026-04-11,Email,North,150.65,1690
2026-04-11,Referral,North,85.71,852
2026-04-11,Organic,South,0.0,350
2026-04-11,Paid,South,885.25,10121
2026-04-11,Email,South,149.09,1357
2026-04-11,Referral,South,98.21,1070
2026-04-11,Organic,East,0.0,223
2026-04-11,Paid,East,914.57,9649
2026-04-11,Email,East,146.7,1522
2026-04-11,Referral,East,111.8,1074
2026-04-11,Organic,West,0.0,267
2026-04-11,Paid,West,840.32,6907
2026-04-11,Email,West,144.41,1275
2026-04-11,Referral,West,107.56,1230
2026-04-12,Organic,North,0.0,441
2026-04-12,Paid,North,704.58,6037
2026-04-12,Email,North,169.35,1775
2026-04-12,Referral,North,93.22,968
2026-04-12,Organic,South,0.0,418
2026-04-12,Paid,South,841.58,7968
2026-04-12,Email,South,155.33,1297
2026-04-12,Referral,South,112.43,1259
2026-04-12,Organic,East,0.0,464
2026-04-12,Paid,East,742.51,6645
2026-04-12,Email,East,152.75,1451
2026-04-12,Referral,East,90.94,1017
2026-04-12,Organic,West,0.0,225
2026-04-12,Paid,West,686.35,7766
2026-04-12,Email,West,137.31,1579
2026-04-12,Referral,West,101.73,1059
2026-04-13,Organic,North,0.0,206
2026-04-13,Paid,North,785.97,9161
2026-04-13,Email,North,161.03,1454
2026-04-13,Referral,North,86.22,738
2026-04-13,Organic,South,0.0,438
2026-04-13,Paid,South,798.57,7943
2026-04-13,Email,South,166.13,1631
2026-04-13,Referral,South,98.38,812
2026-04-13,Organic,East,0.0,436
2026-04-13,Paid,East,786.78,9255
2026-04-13,Email,East,137.64,1205
2026-04-13,Referral,East,85.1,915
2026-04-13,Organic,West,0.0,361
2026-04-13,Paid,West,747.95,6973
2026-04-13,Email,West,141.14,1345
2026-04-13,Referral,West,94.2,917
2026-04-14,Organic,North,0.0,453
2026-04-14,Paid,North,807.41,8967
2026-04-14,Email,North,153.26,1395
2026-04-14,Referral,North,114.08,996
2026-04-14,Organic,South,0.0,484
2026-04-14,Paid,South,904.67,7904
2026-04-14,Email,South,134.79,1236
2026-04-14,Referral,South,103.22,1003
2026-04-14,Organic,East,0.0,455
2026-04-14,Paid,East,915.33,8945
2026-04-14,Email,East,128.15,1525
2026-04-14,Referral,East,97.63,977
2026-04-14,Organic,West,0.0,388
2026-04-14,Paid,West,863.13,8565
2026-04-14,Email,West,129.24,1355
2026-04-14,Referral,West,98.48,1001
2026-04-15,Organic,North,0.0,282
2026-04-15,Paid,North,681.1,5806
2026-04-15,Email,North,153.65,1626
2026-04-15,Referral,North,88.73,864
2026-04-15,Organic,South,0.0,388
2026-04-15,Paid,South,782.27,8444
2026-04-15,Email,South,169.54,1577
2026-04-15,Referral,South,108.79,973
2026-04-15,Organic,East,0.0,373
2026-04-15,Paid,East,889.87,10243
2026-04-15,Email,East,146.26,1653
2026-04-15,Referral,East,99.15,1049
2026-04-15,Organic,West,0.0,359
2026-04-15,Paid,West,814.47,6736
2026-04-15,Email,West,165.67,1529
2026-04-15,Referral,West,88.23,833
2026-04-16,Organic,North,0.0,224
2026-04-16,Paid,North,686.49,6519
2026-04-16,Email,North,149.89,1739
2026-04-16,Referral,North,96.63,1085
2026-04-16,Organic,South,0.0,387
2026-04-16,Paid,South,791.51,6482
2026-04-16,Email,South,165.85,1736
2026-04-16,Referral,South,91.51,833
2026-04-16,Organic,East,0.0,423
2026-04-16,Paid,East,876.21,9555
2026-04-16,Email,East,136.86,1135
2026-04-16,Referral,East,98.12,996
2026-04-16,Organic,West,0.0,362
2026-04-16,Paid,West,812.27,8803
2026-04-16,Email,West,153.05,1369
2026-04-16,Referral,West,86.19,854
2026-04-17,Organic,North,0.0,256
2026-04-17,Paid,North,778.17,6937
2026-04-17,Email,North,149.24,1333
2026-04-17,Referral,North,94.03,823
2026-04-17,Organic,South,0.0,378
2026-04-17,Paid,South,844.18,8572
2026-04-17,Email,South,172.39,1672
2026-04-17,Referral,South,90.52,1022
2026-04-17,Organic,East,0.0,336
2026-04-17,Paid,East,771.2,7830
2026-04-17,Email,East,133.59,1556
2026-04-17,Referral,East,109.67,1284
2026-04-17,Organic,West,0.0,342
2026-04-17,Paid,West,759.58,6502
2026-04-17,Email,West,157.42,1407
2026-04-17,Referral,West,94.11,758
2026-04-18,Organic,North,0.0,488
2026-04-18,Paid,North,882.39,9585
2026-04-18,Email,North,161.56,1829
2026-04-18,Referral,North,91.63,904
2026-04-18,Organic,South,0.0,331
2026-04-18,Paid,South,690.41,7217
2026-04-18,Email,South,133.35,1371
2026-04-18,Referral,South,107.46,903
2026-04-18,Organic,East,0.0,252
2026-04-18,Paid,East,888.99,9694
2026-04-18,Email,East,162.74,1402
2026-04-18,Referral,East,105.56,902
2026-04-18,Organic,West,0.0,325
2026-04-18,Paid,West,689.93,6422
2026-04-18,Email,West,171.05,1844
2026-04-18,Referral,West,86.12,953
2026-04-19,Organic,North,0.0,316
2026-04-19,Paid,North,749.87,6574
2026-04-19,Email,North,146.45,1323
2026-04-19,Referral,North,112.58,1216
2026-04-19,Organic,South,0.0,473
2026-04-19,Paid,South,688.41,5624
2026-04-19,Email,South,155.75,1629
2026-04-19,Referral,South,106.55,1093
2026-04-19,Organic,East,0.0,210
2026-04-19,Paid,East,845.18,9565
2026-04-19,Email,East,159.08,1794
2026-04-19,Referral,East,98.3,827
2026-04-19,Organic,West,0.0,469
2026-04-19,Paid,West,863.47,8763
2026-04-19,Email,West,133.87,1162
2026-04-19,Referral,West,90.8,782
2026-04-20,Organic,North,0.0,446
2026-04-20,Paid,North,787.04,7212
2026-04-20,Email,North,142.61,1293
2026-04-20,Referral,North,100.91,987
2026-04-20,Organic,South,0.0,469
2026-04-20,Paid,South,721.7,8246
2026-04-20,Email,South,141.58,1685
2026-04-20,Referral,South,105.72,1237
2026-04-20,Organic,East,0.0,470
2026-04-20,Paid,East,797.08,7743
2026-04-20,Email,East,135.35,1270
2026-04-20,Referral,East,94.08,883
2026-04-20,Organic,West,0.0,253
2026-04-20,Paid,West,730.67,8210
2026-04-20,Email,West,163.22,1868
2026-04-20,Referral,West,90.39,1067
2026-04-21,Organic,North,0.0,275
2026-04-21,Paid,North,726.59,6197
2026-04-21,Email,North,133.64,1214
2026-04-21,Referral,North,114.42,1245
2026-04-21,Organic,South,0.0,360
2026-04-21,Paid,South,763.37,7909
2026-04-21,Email,South,148.65,1720
2026-04-21,Referral,South,93.09,815
2026-04-21,Organic,East,0.0,282
2026-04-21,Paid,East,859.64,8784
2026-04-21,Email,East,160.03,1595
2026-04-21,Referral,East,97.2,876
2026-04-21,Organic,West,0.0,441
2026-04-21,Paid,West,764.98,6245
2026-04-21,Email,West,140.93,1215
2026-04-21,Referral,West,101.75,1017
2026-04-22,Organic,North,0.0,343
2026-04-22,Paid,North,740.31,6224
2026-04-22,Email,North,132.92,1252
2026-04-22,Referral,North,103.82,837
2026-04-22,Organic,South,0.0,202
2026-04-22,Paid,South,711.39,7134
2026-04-22,Email,South,142.48,1392
2026-04-22,Referral,South,94.19,1012
2026-04-22,Organic,East,0.0,291
2026-04-22,Paid,East,729.37,8062
2026-04-22,Email,East,170.93,1751
2026-04-22,Referral,East,86.73,971
2026-04-22,Organic,West,0.0,328
2026-04-22,Paid,West,846.25,8744
2026-04-22,Email,West,150.03,1421
2026-04-22,Referral,West,91.23,870
2026-04-23,Organic,North,0.0,248
2026-04-23,Paid,North,841.28,7026
2026-04-23,Email,North,159.69,1787
2026-04-23,Referral,North,103.43,1168
2026-04-23,Organic,South,0.0,303
2026-04-23,Paid,South,799.95,8008
2026-04-23,Email,South,156.17,1543
2026-04-23,Referral,South,86.79,873
2026-04-23,Organic,East,0.0,208
2026-04-23,Paid,East,784.74,6379
2026-04-23,Email,East,149.17,1415
2026-04-23,Referral,East,100.29,1015
2026-04-23,Organic,West,0.0,438
2026-04-23,Paid,West,906.17,8145
2026-04-23,Email,West,168.55,1601
2026-04-23,Referral,West,89.92,935
2026-04-24,Organic,North,0.0,317
2026-04-24,Paid,North,756.91,7943
2026-04-24,Email,North,158.81,1554
2026-04-24,Referral,North,93.33,1040
2026-04-24,Organic,South,0.0,394
2026-04-24,Paid,South,831.17,9705
2026-04-24,Email,South,172.35,1410
2026-04-24,Referral,South,92.64,1041
2026-04-24,Organic,East,0.0,230
2026-04-24,Paid,East,686.78,6400
2026-04-24,Email,East,162.95,1571
2026-04-24,Referral,East,91.42,793
2026-04-24,Organic,West,0.0,365
2026-04-24,Paid,West,764.39,8039
2026-04-24,Email,West,163.17,1307
2026-04-24,Referral,West,94.73,964
2026-04-25,Organic,North,0.0,402
2026-04-25,Paid,North,752.98,7450
2026-04-25,Email,North,132.24,1109
2026-04-25,Referral,North,110.83,1125
2026-04-25,Organic,South,0.0,338
2026-04-25,Paid,South,784.97,9272
2026-04-25,Email,South,146.51,1324
2026-04-25,Referral,South,87.87,985
2026-04-25,Organic,East,0.0,483
2026-04-25,Paid,East,903.02,7836
2026-04-25,Email,East,156.48,1584
2026-04-25,Referral,East,97.24,1094
2026-04-25,Organic,West,0.0,469
2026-04-25,Paid,West,712.63,5715
2026-04-25,Email,West,136.29,1531
2026-04-25,Referral,West,112.49,1206
2026-04-26,Organic,North,0.0,205
2026-04-26,Paid,North,818.82,7926
2026-04-26,Email,North,162.66,1790
2026-04-26,Referral,North,90.96,842
2026-04-26,Organic,South,0.0,264
2026-04-26,Paid,South,806.79,6718
2026-04-26,Email,South,154.23,1529
2026-04-26,Referral,South,101.82,1156
2026-04-26,Organic,East,0.0,346
2026-04-26,Paid,East,868.89,10202
2026-04-26,Email,East,131.6,1093
2026-04-26,Referral,East,90.53,987
2026-04-26,Organic,West,0.0,390
2026-04-26,Paid,West,824.67,8818
2026-04-26,Email,West,148.12,1357
2026-04-26,Referral,West,90.56,1064
2026-04-27,Organic,North,0.0,274
2026-04-27,Paid,North,761.87,8293
2026-04-27,Email,North,161.29,1630
2026-04-27,Referral,North,100.53,1193
2026-04-27,Organic,South,0.0,338
2026-04-27,Paid,South,895.71,10700
2026-04-27,Email,South,130.35,1384
2026-04-27,Referral,South,113.9,1113
2026-04-27,Organic,East,0.0,313
2026-04-27,Paid,East,769.87,8504
2026-04-27,Email,East,157.64,1538
2026-04-27,Referral,East,102.55,1066
2026-04-27,Organic,West,0.0,287
2026-04-27,Paid,West,681.49,5462
2026-04-27,Email,West,147.71,1587
2026-04-27,Referral,West,112.66,1279
2026-04-28,Organic,North,0.0,303
2026-04-28,Paid,North,809.46,7929
2026-04-28,Email,North,136.81,1208
2026-04-28,Referral,North,110.27,937
2026-04-28,Organic,South,0.0,221
2026-04-28,Paid,South,746.27,7430
2026-04-28,Email,South,129.62,1213
2026-04-28,Referral,South,109.89,1041
2026-04-28,Organic,East,0.0,378
2026-04-28,Paid,East,910.79,9849
2026-04-28,Email,East,158.12,1879
2026-04-28,Referral,East,87.8,1031
2026-04-28,Organic,West,0.0,245
2026-04-28,Paid,West,688.51,6789
2026-04-28,Email,West,167.31,1548
2026-04-28,Referral,West,87.72,708
2026-04-29,Organic,North,0.0,317
2026-04-29,Paid,North,916.32,9816
2026-04-29,Email,North,150.38,1326
2026-04-29,Referral,North,113.51,927
2026-04-29,Organic,South,0.0,210
2026-04-29,Paid,South,751.63,7380
2026-04-29,Email,South,167.53,1817
2026-04-29,Referral,South,96.87,1026
2026-04-29,Organic,East,0.0,417
2026-04-29,Paid,East,724.9,6780
2026-04-29,Email,East,138.36,1566
2026-04-29,Referral,East,111.63,1292
2026-04-29,Organic,West,0.0,377
2026-04-29,Paid,West,765.27,7677
2026-04-29,Email,West,167.06,1791
2026-04-29,Referral,West,109.99,918
2026-04-30,Organic,North,0.0,359
2026-04-30,Paid,North,875.31,8861
2026-04-30,Email,North,141.24,1328
2026-04-30,Referral,North,86.98,1002
2026-04-30,Organic,South,0.0,408
2026-04-30,Paid,South,896.53,7755
2026-04-30,Email,South,138.02,1404
2026-04-30,Referral,South,87.78,920
2026-04-30,Organic,East,0.0,297
2026-04-30,Paid,East,720.4,6744
2026-04-30,Email,East,169.92,1774
2026-04-30,Referral,East,103.65,1144
2026-04-30,Organic,West,0.0,449
2026-04-30,Paid,West,819.47,8045
2026-04-30,Email,West,131.89,1463
2026-04-30,Referral,West,92.28,797
2026-05-01,Organic,North,0.0,480
2026-05-01,Paid,North,839.6,8705
2026-05-01,Email,North,158.59,1493
2026-05-01,Referral,North,111.54,1114
2026-05-01,Organic,South,0.0,363
2026-05-01,Paid,South,761.07,9068
2026-05-01,Email,South,149.63,1218
2026-05-01,Referral,South,111.93,1081
2026-05-01,Organic,East,0.0,376
2026-05-01,Paid,East,743.78,6046
2026-05-01,Email,East,131.73,1204
2026-05-01,Referral,East,109.99,1316
2026-05-01,Organic,West,0.0,233
2026-05-01,Paid,West,834.67,9803
2026-05-01,Email,West,141.45,1656
2026-05-01,Referral,West,98.99,929
2026-05-02,Organic,North,0.0,444
2026-05-02,Paid,North,704.41,7010
2026-05-02,Email,North,136.68,1345
2026-05-02,Referral,North,100.81,1058
2026-05-02,Organic,South,0.0,242
2026-05-02,Paid,South,873.08,10192
2026-05-02,Email,South,167.33,1722
2026-05-02,Referral,South,105.23,1223
2026-05-02,Organic,East,0.0,232
2026-05-02,Paid,East,849.64,8729
2026-05-02,Email,East,159.81,1403
2026-05-02,Referral,East,93.92,1095
2026-05-02,Organic,West,0.0,227
2026-05-02,Paid,West,902.13,9817
2026-05-02,Email,West,139.07,1498
2026-05-02,Referral,West,111.99,986
2026-05-03,Organic,North,0.0,407
2026-05-03,Paid,North,910.65,8204
2026-05-03,Email,North,168.7,1436
2026-05-03,Referral,North,106.82,875
2026-05-03,Organic,South,0.0,358
2026-05-03,Paid,South,693.12,8253
2026-05-03,Email,South,165.26,1891
2026-05-03,Referral,South,112.76,1226
2026-05-03,Organic,East,0.0,287
2026-05-03,Paid,East,919.98,8647
2026-05-03,Email,East,166.67,1833
2026-05-03,Referral,East,104.06,1112
2026-05-03,Organic,West,0.0,200
2026-05-03,Paid,West,817.6,6850
2026-05-03,Email,West,172.46,1525
2026-05-03,Referral,West,110.47,1233
2026-05-04,Organic,North,0.0,401
2026-05-04,Paid,North,818.25,7946
2026-05-04,Email,North,161.82,1546
2026-05-04,Referral,North,107.65,939
2026-05-04,Organic,South,0.0,445
2026-05-04,Paid,South,864.81,9554
2026-05-04,Email,South,145.89,1576
2026-05-04,Referral,South,100.29,910
2026-05-04,Organic,East,0.0,340
2026-05-04,Paid,East,776.06,6710
2026-05-04,Email,East,128.18,1360
2026-05-04,Referral,East,107.23,990
2026-05-04,Organic,West,0.0,499
2026-05-04,Paid,West,732.71,7646
2026-05-04,Email,West,164.22,1786
2026-05-04,Referral,West,96.89,1107
2026-05-05,Organic,North,0.0,423
2026-05-05,Paid,North,741.4,8119
2026-05-05,Email,North,142.37,1288
2026-05-05,Referral,North,96.38,925
2026-05-05,Organic,South,0.0,204
2026-05-05,Paid,South,743.14,7977
2026-05-05,Email,South,144.3,1519
2026-05-05,Referral,South,104.65,1246
2026-05-05,Organic,East,0.0,328
2026-05-05,Paid,East,822.06,8936
2026-05-05,Email,East,157.93,1598
2026-05-05,Referral,East,108.83,1155
2026-05-05,Organic,West,0.0,400
2026-05-05,Paid,West,748.62,8364
2026-05-05,Email,West,152.87,1739
2026-05-05,Referral,West,89.71,857
2026-05-06,Organic,North,0.0,410
2026-05-06,Paid,North,897.85,10293
2026-05-06,Email,North,154.99,1697
2026-05-06,Referral,North,97.32,845
2026-05-06,Organic,South,0.0,346
2026-05-06,Paid,South,909.14,8633
2026-05-06,Email,South,151.29,1780
2026-05-06,Referral,South,88.04,722
2026-05-06,Organic,East,0.0,386
2026-05-06,Paid,East,763.57,8137
2026-05-06,Email,East,145.28,1458
2026-05-06,Referral,East,113.97,1124
2026-05-06,Organic,West,0.0,403
2026-05-06,Paid,West,919.21,8817
2026-05-06,Email,West,127.91,1383
2026-05-06,Referral,West,104.26,981
2026-05-07,Organic,North,0.0,419
2026-05-07,Paid,North,863.52,7703
2026-05-07,Email,North,136.21,1460
2026-05-07,Referral,North,97.79,831
2026-05-07,Organic,South,0.0,233
2026-05-07,Paid,South,681.6,5671
2026-05-07,Email,South,157.78,1853
2026-05-07,Referral,South,108.87,1080
2026-05-07,Organic,East,0.0,408
2026-05-07,Paid,East,821.7,7335
2026-05-07,Email,East,145.47,1442
2026-05-07,Referral,East,93.15,1095
2026-05-07,Organic,West,0.0,283
2026-05-07,Paid,West,846.69,7885
2026-05-07,Email,West,149.03,1613
2026-05-07,Referral,West,107.85,963
2026-05-08,Organic,North,0.0,364
2026-05-08,Paid,North,833.2,6782
2026-05-08,Email,North,161.6,1696
2026-05-08,Referral,North,104.2,918
2026-05-08,Organic,South,0.0,347
2026-05-08,Paid,South,816.51,7663
2026-05-08,Email,South,158.29,1291
2026-05-08,Referral,South,100.2,825
2026-05-08,Organic,East,0.0,331
2026-05-08,Paid,East,894.03,8759
2026-05-08,Email,East,171.67,1891
2026-05-08,Referral,East,113.4,1304
2026-05-08,Organic,West,0.0,457
2026-05-08,Paid,West,759.21,8572
2026-05-08,Email,West,142.65,1624
2026-05-08,Referral,West,99.07,795
2026-05-09,Organic,North,0.0,474
2026-05-09,Paid,North,847.22,9104
2026-05-09,Email,North,166.94,1977
2026-05-09,Referral,North,107.99,1110
2026-05-09,Organic,South,0.0,253
2026-05-09,Paid,South,852.17,8527
2026-05-09,Email,South,151.16,1604
2026-05-09,Referral,South,107.76,974
2026-05-09,Organic,East,0.0,295
2026-05-09,Paid,East,737.82,8130
2026-05-09,Email,East,148.38,1540
2026-05-09,Referral,East,100.96,1150
2026-05-09,Organic,West,0.0,374
2026-05-09,Paid,West,915.21,9506
2026-05-09,Email,West,150.11,1238
2026-05-09,Referral,West,97.71,912
2026-05-10,Organic,North,0.0,374
2026-05-10,Paid,North,763.8,7055
2026-05-10,Email,North,172.45,1600
2026-05-10,Referral,North,110.54,1242
2026-05-10,Organic,South,0.0,297
2026-05-10,Paid,South,771.27,8457
2026-05-10,Email,South,144.86,1182
2026-05-10,Referral,South,100.1,1013
2026-05-10,Organic,East,0.0,299
2026-05-10,Paid,East,692.82,6756
2026-05-10,Email,East,170.79,2001
2026-05-10,Referral,East,110.03,1043
2026-05-10,Organic,West,0.0,255
2026-05-10,Paid,West,914.05,10453
2026-05-10,Email,West,136.29,1322
2026-05-10,Referral,West,103.06,1075
2026-05-11,Organic,North,0.0,393
2026-05-11,Paid,North,908.09,7826
2026-05-11,Email,North,167.76,1527
2026-05-11,Referral,North,101.55,1037
2026-05-11,Organic,South,0.0,409
2026-05-11,Paid,South,764.22,6465
2026-05-11,Email,South,165.54,1443
2026-05-11,Referral,South,92.19,766
2026-05-11,Organic,East,0.0,352
2026-05-11,Paid,East,825.39,8324
2026-05-11,Email,East,131.31,1490
2026-05-11,Referral,East,86.86,1036
2026-05-11,Organic,West,0.0,312
2026-05-11,Paid,West,816.84,8786
2026-05-11,Email,West,151.2,1718
2026-05-11,Referral,West,108.46,1119
2026-05-12,Organic,North,0.0,204
2026-05-12,Paid,North,833.33,9297
2026-05-12,Email,North,164.15,1670
2026-05-12,Referral,North,95.27,898
2026-05-12,Organic,South,0.0,310
2026-05-12,Paid,South,846.46,9142
2026-05-12,Email,South,154.23,1706
2026-05-12,Referral,South,99.39,1007
2026-05-12,Organic,East,0.0,460
2026-05-12,Paid,East,800.11,7359
2026-05-12,Email,East,146.33,1319
2026-05-12,Referral,East,91.74,957
2026-05-12,Organic,West,0.0,204
2026-05-12,Paid,West,754.57,7971
2026-05-12,Email,West,137.09,1643
2026-05-12,Referral,West,103.83,1091
2026-05-13,Organic,North,0.0,360
2026-05-13,Paid,North,863.93,9314
2026-05-13,Email,North,165.19,1490
2026-05-13,Referral,North,97.82,992
2026-05-13,Organic,South,0.0,306
2026-05-13,Paid,South,742.92,5994
2026-05-13,Email,South,144.23,1417
2026-05-13,Referral,South,109.06,1171
2026-05-13,Organic,East,0.0,301
2026-05-13,Paid,East,856.85,7385
2026-05-13,Email,East,140.94,1314
2026-05-13,Referral,East,85.82,985
2026-05-13,Organic,West,0.0,328
2026-05-13,Paid,West,753.31,8265
2026-05-13,Email,West,151.47,1747
2026-05-13,Referral,West,105.42,1220
2026-05-14,Organic,North,0.0,416
2026-05-14,Paid,North,867.37,8430
2026-05-14,Email,North,132.22,1313
2026-05-14,Referral,North,101.25,911
2026-05-14,Organic,South,0.0,268
2026-05-14,Paid,South,768.67,7440
2026-05-14,Email,South,155.45,1425
2026-05-14,Referral,South,87.07,812
2026-05-14,Organic,East,0.0,266
2026-05-14,Paid,East,828.41,7876
2026-05-14,Email,East,153.76,1451
2026-05-14,Referral,East,102.22,819
2026-05-14,Organic,West,0.0,378
2026-05-14,Paid,West,692.04,7655
2026-05-14,Email,West,168.43,1705
2026-05-14,Referral,West,85.73,791
2026-05-15,Organic,North,0.0,231
2026-05-15,Paid,North,697.06,7360
2026-05-15,Email,North,157.51,1652
2026-05-15,Referral,North,89.55,780
2026-05-15,Organic,South,0.0,290
2026-05-15,Paid,South,778.12,6939
2026-05-15,Email,South,167.56,1358
2026-05-15,Referral,South,99.5,1173
2026-05-15,Organic,East,0.0,496
2026-05-15,Paid,East,757.93,7975
2026-05-15,Email,East,163.71,1458
2026-05-15,Referral,East,101.64,1207
2026-05-15,Organic,West,0.0,468
2026-05-15,Paid,West,892.48,9311
2026-05-15,Email,West,155.54,1388
2026-05-15,Referral,West,109.29,1210
2026-05-16,Organic,North,0.0,329
2026-05-16,Paid,North,885.69,7953
2026-05-16,Email,North,165.64,1739
2026-05-16,Referral,North,86.36,813
2026-05-16,Organic,South,0.0,406
2026-05-16,Paid,South,853.76,8088
2026-05-16,Email,South,137.79,1198
2026-05-16,Referral,South,114.33,1094
2026-05-16,Organic,East,0.0,321
2026-05-16,Paid,East,720.39,6845
2026-05-16,Email,East,171.55,1715
2026-05-16,Referral,East,106.21,1249
2026-05-16,Organic,West,0.0,477
2026-05-16,Paid,West,891.33,10368
2026-05-16,Email,West,155.0,1777
2026-05-16,Referral,West,108.8,1301
2026-05-17,Organic,North,0.0,464
2026-05-17,Paid,North,809.11,6480
2026-05-17,Email,North,172.21,1745
2026-05-17,Referral,North,113.3,1097
2026-05-17,Organic,South,0.0,394
2026-05-17,Paid,South,890.97,7682
2026-05-17,Email,South,143.93,1655
2026-05-17,Referral,South,99.89,1062
2026-05-17,Organic,East,0.0,363
2026-05-17,Paid,East,792.38,7476
2026-05-17,Email,East,170.81,1861
2026-05-17,Referral,East,113.57,1300
2026-05-17,Organic,West,0.0,213
2026-05-17,Paid,West,887.87,7418
2026-05-17,Email,West,169.84,1711
2026-05-17,Referral,West,94.02,1002
2026-05-18,Organic,North,0.0,471
2026-05-18,Paid,North,917.86,8162
2026-05-18,Email,North,160.87,1424
2026-05-18,Referral,North,86.21,746
2026-05-18,Organic,South,0.0,430
2026-05-18,Paid,South,709.37,7743
2026-05-18,Email,South,170.42,1863
2026-05-18,Referral,South,93.06,1071
2026-05-18,Organic,East,0.0,438
2026-05-18,Paid,East,824.82,9806
2026-05-18,Email,East,135.51,1088
2026-05-18,Referral,East,92.86,851
2026-05-18,Organic,West,0.0,251
2026-05-18,Paid,West,812.13,6843
2026-05-18,Email,West,155.46,1320
2026-05-18,Referral,West,96.86,954
2026-05-19,Organic,North,0.0,248
2026-05-19,Paid,North,911.74,7647
2026-05-19,Email,North,136.46,1301
2026-05-19,Referral,North,109.52,1114
2026-05-19,Organic,South,0.0,307
2026-05-19,Paid,South,793.82,9059
2026-05-19,Email,South,147.31,1316
2026-05-19,Referral,South,91.24,1037
2026-05-19,Organic,East,0.0,274
2026-05-19,Paid,East,808.19,8720
2026-05-19,Email,East,134.41,1085
2026-05-19,Referral,East,114.68,1290
2026-05-19,Organic,West,0.0,483
2026-05-19,Paid,West,815.95,7259
2026-05-19,Email,West,150.99,1668
2026-05-19,Referral,West,102.94,1018
2026-05-20,Organic,North,0.0,367
2026-05-20,Paid,North,733.57,7007
2026-05-20,Email,North,147.91,1633
2026-05-20,Referral,North,101.0,989
2026-05-20,Organic,South,0.0,485
2026-05-20,Paid,South,730.4,8208
2026-05-20,Email,South,127.69,1221
2026-05-20,Referral,South,90.8,900
2026-05-20,Organic,East,0.0,347
2026-05-20,Paid,East,773.71,6358
2026-05-20,Email,East,137.9,1247
2026-05-20,Referral,East,98.93,959
2026-05-20,Organic,West,0.0,260
2026-05-20,Paid,West,825.98,8159
2026-05-20,Email,West,137.45,1142
2026-05-20,Referral,West,88.68,734
2026-05-21,Organic,North,0.0,212
2026-05-21,Paid,North,703.2,6581
2026-05-21,Email,North,151.43,1497
2026-05-21,Referral,North,112.04,1301
2026-05-21,Organic,South,0.0,255
2026-05-21,Paid,South,888.09,9107
2026-05-21,Email,South,160.71,1794
2026-05-21,Referral,South,97.07,941
2026-05-21,Organic,East,0.0,426
2026-05-21,Paid,East,877.53,8561
2026-05-21,Email,East,138.61,1480
2026-05-21,Referral,East,108.38,1198
2026-05-21,Organic,West,0.0,317
2026-05-21,Paid,West,723.76,7238
2026-05-21,Email,West,140.23,1298
2026-05-21,Referral,West,105.55,980
2026-05-22,Organic,North,0.0,440
2026-05-22,Paid,North,774.32,6721
2026-05-22,Email,North,147.85,1389
2026-05-22,Referral,North,94.61,832
2026-05-22,Organic,South,0.0,271
2026-05-22,Paid,South,860.98,9520
2026-05-22,Email,South,146.53,1341
2026-05-22,Referral,South,103.72,1103
2026-05-22,Organic,East,0.0,365
2026-05-22,Paid,East,861.0,8337
2026-05-22,Email,East,156.72,1575
2026-05-22,Referral,East,94.57,806
2026-05-22,Organic,West,0.0,256
2026-05-22,Paid,West,797.81,7020
2026-05-22,Email,West,170.82,1613
2026-05-22,Referral,West,89.65,1051
2026-05-23,Organic,North,0.0,451
2026-05-23,Paid,North,740.3,7900
2026-05-23,Email,North,159.99,1596
2026-05-23,Referral,North,102.65,1167
2026-05-23,Organic,South,0.0,347
2026-05-23,Paid,South,789.62,8656
2026-05-23,Email,South,169.97,1987
2026-05-23,Referral,South,103.49,1053
2026-05-23,Organic,East,0.0,387
2026-05-23,Paid,East,693.72,8019
2026-05-23,Email,East,129.15,1070
2026-05-23,Referral,East,86.18,940
2026-05-23,Organic,West,0.0,284
2026-05-23,Paid,West,778.12,6997
2026-05-23,Email,West,169.0,2024
2026-05-23,Referral,West,98.2,1106
2026-05-24,Organic,North,0.0,275
2026-05-24,Paid,North,835.69,7129
2026-05-24,Email,North,166.38,1617
2026-05-24,Referral,North,106.74,1127
2026-05-24,Organic,South,0.0,434
2026-05-24,Paid,South,770.71,8023
2026-05-24,Email,South,155.01,1363
2026-05-24,Referral,South,90.61,982
2026-05-24,Organic,East,0.0,269
2026-05-24,Paid,East,830.4,9834
2026-05-24,Email,East,139.69,1607
2026-05-24,Referral,East,100.75,1042
2026-05-24,Organic,West,0.0,280
2026-05-24,Paid,West,902.16,9783
2026-05-24,Email,West,159.43,1821
2026-05-24,Referral,West,88.32,742
2026-05-25,Organic,North,0.0,224
2026-05-25,Paid,North,891.64,10350
2026-05-25,Email,North,146.78,1565
2026-05-25,Referral,North,110.46,1042
2026-05-25,Organic,South,0.0,278
2026-05-25,Paid,South,912.21,7999
2026-05-25,Email,South,150.06,1553
2026-05-25,Referral,South,96.28,959
2026-05-25,Organic,East,0.0,442
2026-05-25,Paid,East,852.72,9534
2026-05-25,Email,East,140.22,1270
2026-05-25,Referral,East,92.51,938
2026-05-25,Organic,West,0.0,248
2026-05-25,Paid,West,911.67,10285
2026-05-25,Email,West,171.77,1542
2026-05-25,Referral,West,104.42,1214
2026-05-26,Organic,North,0.0,332
2026-05-26,Paid,North,796.29,6499
2026-05-26,Email,North,170.57,1870
2026-05-26,Referral,North,114.0,1013
2026-05-26,Organic,South,0.0,431
2026-05-26,Paid,South,730.04,6283
2026-05-26,Email,South,168.75,1436
2026-05-26,Referral,South,105.16,1016
2026-05-26,Organic,East,0.0,479
2026-05-26,Paid,East,803.87,8490
2026-05-26,Email,East,161.78,1521
2026-05-26,Referral,East,113.2,939
2026-05-26,Organic,West,0.0,238
2026-05-26,Paid,West,840.05,8181
2026-05-26,Email,West,142.89,1575
2026-05-26,Referral,West,108.02,1239
2026-05-27,Organic,North,0.0,252
2026-05-27,Paid,North,874.67,9356
2026-05-27,Email,North,165.88,1722
2026-05-27,Referral,North,111.47,1237
2026-05-27,Organic,South,0.0,479
2026-05-27,Paid,South,835.54,8062
2026-05-27,Email,South,145.37,1399
2026-05-27,Referral,South,105.36,984
2026-05-27,Organic,East,0.0,203
2026-05-27,Paid,East,703.7,7869
2026-05-27,Email,East,169.04,1400
2026-05-27,Referral,East,94.76,957
2026-05-27,Organic,West,0.0,430
2026-05-27,Paid,West,847.4,10132
2026-05-27,Email,West,153.82,1489
2026-05-27,Referral,West,112.28,1031
2026-05-28,Organic,North,0.0,263
2026-05-28,Paid,North,745.07,6884
2026-05-28,Email,North,149.07,1365
2026-05-28,Referral,North,110.56,1322
2026-05-28,Organic,South,0.0,489
2026-05-28,Paid,South,843.75,9114
2026-05-28,Email,South,129.82,1291
2026-05-28,Referral,South,103.06,1201
2026-05-28,Organic,East,0.0,225
2026-05-28,Paid,East,802.8,7810
2026-05-28,Email,East,134.29,1589
2026-05-28,Referral,East,112.58,965
2026-05-28,Organic,West,0.0,273
2026-05-28,Paid,West,817.18,7373
2026-05-28,Email,West,158.05,1770
2026-05-28,Referral,West,97.56,1154
2026-05-29,Organic,North,0.0,245
2026-05-29,Paid,North,728.92,7939
2026-05-29,Email,North,151.66,1591
2026-05-29,Referral,North,101.17,1160
2026-05-29,Organic,South,0.0,314
2026-05-29,Paid,South,694.55,7458
2026-05-29,Email,South,150.5,1572
2026-05-29,Referral,South,92.05,1027
2026-05-29,Organic,East,0.0,218
2026-05-29,Paid,East,727.39,5842
2026-05-29,Email,East,158.54,1754
2026-05-29,Referral,East,101.22,882
2026-05-29,Organic,West,0.0,214
2026-05-29,Paid,West,750.26,7160
2026-05-29,Email,West,148.83,1644
2026-05-29,Referral,West,113.29,1270
2026-05-30,Organic,North,0.0,305
2026-05-30,Paid,North,684.67,8146
2026-05-30,Email,North,158.1,1468
2026-05-30,Referral,North,112.93,944
2026-05-30,Organic,South,0.0,303
2026-05-30,Paid,South,799.72,7294
2026-05-30,Email,South,132.67,1127
2026-05-30,Referral,South,104.89,1244
2026-05-30,Organic,East,0.0,495
2026-05-30,Paid,East,793.79,8779
2026-05-30,Email,East,136.95,1475
2026-05-30,Referral,East,98.68,1044
2026-05-30,Organic,West,0.0,209
2026-05-30,Paid,West,863.11,8835
2026-05-30,Email,West,152.2,1353
2026-05-30,Referral,West,95.75,785
2026-05-31,Organic,North,0.0,304
2026-05-31,Paid,North,745.53,8295
2026-05-31,Email,North,133.57,1156
2026-05-31,Referral,North,109.02,1127
2026-05-31,Organic,South,0.0,394
2026-05-31,Paid,South,710.99,7540
2026-05-31,Email,South,156.54,1546
2026-05-31,Referral,South,113.77,1033
2026-05-31,Organic,East,0.0,372
2026-05-31,Paid,East,711.09,6788
2026-05-31,Email,East,139.43,1503
2026-05-31,Referral,East,107.88,1233
2026-05-31,Organic,West,0.0,274
2026-05-31,Paid,West,835.66,8378
2026-05-31,Email,West,151.59,1349
2026-05-31,Referral,West,106.25,1114
2026-06-01,Organic,North,0.0,471
2026-06-01,Paid,North,824.11,8881
2026-06-01,Email,North,143.01,1251
2026-06-01,Referral,North,113.41,1180
2026-06-01,Organic,South,0.0,343
2026-06-01,Paid,South,919.65,8331
2026-06-01,Email,South,159.27,1417
2026-06-01,Referral,South,98.2,934
2026-06-01,Organic,East,0.0,426
2026-06-01,Paid,East,792.19,7435
2026-06-01,Email,East,140.64,1596
2026-06-01,Referral,East,91.25,897
2026-06-01,Organic,West,0.0,327
2026-06-01,Paid,West,793.11,8461
2026-06-01,Email,West,167.4,1444
2026-06-01,Referral,West,106.5,912
2026-06-02,Organic,North,0.0,201
2026-06-02,Paid,North,681.9,7899
2026-06-02,Email,North,165.58,1540
2026-06-02,Referral,North,104.47,898
2026-06-02,Organic,South,0.0,426
2026-06-02,Paid,South,919.61,10831
2026-06-02,Email,South,156.03,1527
2026-06-02,Referral,South,95.99,874
2026-06-02,Organic,East,0.0,225
2026-06-02,Paid,East,730.29,7474
2026-06-02,Email,East,139.73,1523
2026-06-02,Referral,East,108.03,1070
2026-06-02,Organic,West,0.0,471
2026-06-02,Paid,West,875.67,7277
2026-06-02,Email,West,163.61,1851
2026-06-02,Referral,West,95.4,951
2026-06-03,Organic,North,0.0,221
2026-06-03,Paid,North,743.82,8781
2026-06-03,Email,North,169.49,1818
2026-06-03,Referral,North,85.55,692
2026-06-03,Organic,South,0.0,378
2026-06-03,Paid,South,735.26,7798
2026-06-03,Email,South,131.81,1575
2026-06-03,Referral,South,88.44,826
2026-06-03,Organic,East,0.0,229
2026-06-03,Paid,East,772.17,7216
2026-06-03,Email,East,156.56,1790
2026-06-03,Referral,East,109.31,1194
2026-06-03,Organic,West,0.0,499
2026-06-03,Paid,West,690.46,7704
2026-06-03,Email,West,133.36,1391
2026-06-03,Referral,West,109.33,1163
2026-06-04,Organic,North,0.0,234
2026-06-04,Paid,North,724.13,8362
2026-06-04,Email,North,168.48,1850
2026-06-04,Referral,North,93.81,844
2026-06-04,Organic,South,0.0,221
2026-06-04,Paid,South,792.29,7588
2026-06-04,Email,South,138.53,1468
2026-06-04,Referral,South,91.21,762
2026-06-04,Organic,East,0.0,329
2026-06-04,Paid,East,854.49,7464
2026-06-04,Email,East,153.95,1285
2026-06-04,Referral,East,93.06,1055
2026-06-04,Organic,West,0.0,244
2026-06-04,Paid,West,839.88,6767
2026-06-04,Email,West,152.2,1365
2026-06-04,Referral,West,91.67,918
2026-06-05,Organic,North,0.0,496
2026-06-05,Paid,North,736.24,7514
2026-06-05,Email,North,144.56,1558
2026-06-05,Referral,North,112.89,1093
2026-06-05,Organic,South,0.0,472
2026-06-05,Paid,South,900.05,10337
2026-06-05,Email,South,138.66,1498
2026-06-05,Referral,South,95.15,833
2026-06-05,Organic,East,0.0,338
2026-06-05,Paid,East,795.52,8420
2026-06-05,Email,East,141.95,1181
2026-06-05,Referral,East,93.69,1056
2026-06-05,Organic,West,0.0,459
2026-06-05,Paid,West,696.71,6139
2026-06-05,Email,West,130.2,1301
2026-06-05,Referral,West,90.19,1002
2026-06-06,Organic,North,0.0,446
2026-06-06,Paid,North,799.41,7883
2026-06-06,Email,North,151.64,1358
2026-06-06,Referral,North,105.78,1132
2026-06-06,Organic,South,0.0,242
2026-06-06,Paid,South,753.7,7468
2026-06-06,Email,South,168.52,1457
2026-06-06,Referral,South,87.18,743
2026-06-06,Organic,East,0.0,270
2026-06-06,Paid,East,826.48,6713
2026-06-06,Email,East,129.02,1491
2026-06-06,Referral,East,88.58,824
2026-06-06,Organic,West,0.0,308
2026-06-06,Paid,West,870.73,10142
2026-06-06,Email,West,162.22,1623
2026-06-06,Referral,West,101.24,987
2026-06-07,Organic,North,0.0,494
2026-06-07,Paid,North,910.65,10056
2026-06-07,Email,North,167.14,1708
2026-06-07,Referral,North,101.89,1118
2026-06-07,Organic,South,0.0,305
2026-06-07,Paid,South,838.76,8128
2026-06-07,Email,South,168.98,1592
2026-06-07,Referral,South,104.09,840
2026-06-07,Organic,East,0.0,374
2026-06-07,Paid,East,866.14,9815
2026-06-07,Email,East,166.99,1673
2026-06-07,Referral,East,102.6,951
2026-06-07,Organic,West,0.0,486
2026-06-07,Paid,West,831.75,7506
2026-06-07,Email,West,167.63,1768
2026-06-07,Referral,West,105.54,897
2026-06-08,Organic,North,0.0,206
2026-06-08,Paid,North,821.0,7120
2026-06-08,Email,North,158.48,1650
2026-06-08,Referral,North,94.79,923
2026-06-08,Organic,South,0.0,448
2026-06-08,Paid,South,843.18,7791
2026-06-08,Email,South,150.07,1473
2026-06-08,Referral,South,86.45,815
2026-06-08,Organic,East,0.0,236
2026-06-08,Paid,East,720.92,6739
2026-06-08,Email,East,172.3,1788
2026-06-08,Referral,East,94.29,816
2026-06-08,Organic,West,0.0,314
2026-06-08,Paid,West,746.05,8574
2026-06-08,Email,West,151.19,1774
2026-06-08,Referral,West,94.76,806
2026-06-09,Organic,North,0.0,455
2026-06-09,Paid,North,833.43,8972
2026-06-09,Email,North,134.46,1244
2026-06-09,Referral,North,86.74,788
2026-06-09,Organic,South,0.0,401
2026-06-09,Paid,South,873.84,10261
2026-06-09,Email,South,143.07,1293
2026-06-09,Referral,South,110.52,1043
2026-06-09,Organic,East,0.0,323
2026-06-09,Paid,East,732.21,6012
2026-06-09,Email,East,136.16,1189
2026-06-09,Referral,East,107.26,1132
2026-06-09,Organic,West,0.0,219
2026-06-09,Paid,West,684.02,6766
2026-06-09,Email,West,153.03,1635
2026-06-09,Referral,West,94.08,964
2026-06-10,Organic,North,0.0,381
2026-06-10,Paid,North,687.37,8223
2026-06-10,Email,North,170.03,1616
2026-06-10,Referral,North,102.81,978
2026-06-10,Organic,South,0.0,451
2026-06-10,Paid,South,701.71,6103
2026-06-10,Email,South,160.2,1438
2026-06-10,Referral,South,114.6,1299
2026-06-10,Organic,East,0.0,448
2026-06-10,Paid,East,720.26,6337
2026-06-10,Email,East,164.02,1589
2026-06-10,Referral,East,107.35,1127
2026-06-10,Organic,West,0.0,461
2026-06-10,Paid,West,871.36,9304
2026-06-10,Email,West,156.08,1746
2026-06-10,Referral,West,99.87,1007
2026-06-11,Organic,North,0.0,482
2026-06-11,Paid,North,870.52,10033
2026-06-11,Email,North,157.82,1499
2026-06-11,Referral,North,112.75,1015
2026-06-11,Organic,South,0.0,295
2026-06-11,Paid,South,734.38,7973
2026-06-11,Email,South,153.9,1584
2026-06-11,Referral,South,106.04,1199
2026-06-11,Organic,East,0.0,278
2026-06-11,Paid,East,863.07,8704
2026-06-11,Email,East,167.6,1367
2026-06-11,Referral,East,92.03,802
2026-06-11,Organic,West,0.0,216
2026-06-11,Paid,West,840.43,9380
2026-06-11,Email,West,151.17,1713
2026-06-11,Referral,West,104.15,1102
2026-06-12,Organic,North,0.0,269
2026-06-12,Paid,North,911.73,9095
2026-06-12,Email,North,170.83,1642
2026-06-12,Referral,North,98.52,1067
2026-06-12,Organic,South,0.0,440
2026-06-12,Paid,South,736.21,8817
2026-06-12,Email,South,129.26,1060
2026-06-12,Referral,South,88.44,907
2026-06-12,Organic,East,0.0,391
2026-06-12,Paid,East,895.93,8776
2026-06-12,Email,East,162.78,1701
2026-06-12,Referral,East,97.42,1002
2026-06-12,Organic,West,0.0,264
2026-06-12,Paid,West,863.24,8776
2026-06-12,Email,West,164.57,1558
2026-06-12,Referral,West,90.73,901
2026-06-13,Organic,North,0.0,347
2026-06-13,Paid,North,756.54,7881
2026-06-13,Email,North,140.99,1462
2026-06-13,Referral,North,100.97,816
2026-06-13,Organic,South,0.0,400
2026-06-13,Paid,South,778.37,8724
2026-06-13,Email,South,160.15,1787
2026-06-13,Referral,South,92.9,1020
2026-06-13,Organic,East,0.0,397
2026-06-13,Paid,East,900.81,9555
2026-06-13,Email,East,132.56,1346
2026-06-13,Referral,East,104.2,1217
2026-06-13,Organic,West,0.0,284
2026-06-13,Paid,West,766.68,8658
2026-06-13,Email,West,154.94,1515
2026-06-13,Referral,West,106.67,866
2026-06-14,Organic,North,0.0,315
2026-06-14,Paid,North,779.58,6501
2026-06-14,Email,North,170.92,2036
2026-06-14,Referral,North,102.96,961
2026-06-14,Organic,South,0.0,394
2026-06-14,Paid,South,902.49,10373
2026-06-14,Email,South,142.03,1540
2026-06-14,Referral,South,89.62,958
2026-06-14,Organic,East,0.0,270
2026-06-14,Paid,East,874.61,9436
2026-06-14,Email,East,128.0,1311
2026-06-14,Referral,East,98.58,1158
2026-06-14,Organic,West,0.0,364
2026-06-14,Paid,West,706.87,7898
2026-06-14,Email,West,167.01,1706
2026-06-14,Referral,West,111.26,1028
2026-06-15,Organic,North,0.0,287
2026-06-15,Paid,North,892.46,8629
2026-06-15,Email,North,172.24,2022
2026-06-15,Referral,North,101.1,1126
2026-06-15,Organic,South,0.0,439
2026-06-15,Paid,South,765.5,7537
2026-06-15,Email,South,168.14,1686
2026-06-15,Referral,South,94.03,800
2026-06-15,Organic,East,0.0,327
2026-06-15,Paid,East,787.95,7859
2026-06-15,Email,East,161.43,1922
2026-06-15,Referral,East,96.68,1086
2026-06-15,Organic,West,0.0,388
2026-06-15,Paid,West,883.96,8576
2026-06-15,Email,West,148.41,1366
2026-06-15,Referral,West,106.01,966
2026-06-16,Organic,North,0.0,322
2026-06-16,Paid,North,803.79,9070
2026-06-16,Email,North,156.69,1590
2026-06-16,Referral,North,87.31,722
2026-06-16,Organic,South,0.0,307
2026-06-16,Paid,South,685.82,6103
2026-06-16,Email,South,170.29,1509
2026-06-16,Referral,South,108.98,1159
2026-06-16,Organic,East,0.0,237
2026-06-16,Paid,East,728.97,5919
2026-06-16,Email,East,128.86,1488
2026-06-16,Referral,East,114.39,1340
2026-06-16,Organic,West,0.0,306
2026-06-16,Paid,West,697.69,7713
2026-06-16,Email,West,140.33,1231
2026-06-16,Referral,West,98.78,822
2026-06-17,Organic,North,0.0,207
2026-06-17,Paid,North,800.98,8422
2026-06-17,Email,North,154.96,1255
2026-06-17,Referral,North,87.61,765
2026-06-17,Organic,South,0.0,300
2026-06-17,Paid,South,854.85,6924
2026-06-17,Email,South,135.93,1492
2026-06-17,Referral,South,96.67,949
2026-06-17,Organic,East,0.0,230
2026-06-17,Paid,East,751.3,7030
2026-06-17,Email,East,170.6,1744
2026-06-17,Referral,East,88.99,978
2026-06-17,Organic,West,0.0,478
2026-06-17,Paid,West,688.64,6948
2026-06-17,Email,West,145.7,1527
2026-06-17,Referral,West,88.22,759
2026-06-18,Organic,North,0.0,365
2026-06-18,Paid,North,796.91,8602
2026-06-18,Email,North,159.85,1804
2026-06-18,Referral,North,107.52,1266
2026-06-18,Organic,South,0.0,379
2026-06-18,Paid,South,865.18,10085
2026-06-18,Email,South,148.95,1262
2026-06-18,Referral,South,110.17,933
2026-06-18,Organic,East,0.0,300
2026-06-18,Paid,East,868.11,7674
2026-06-18,Email,East,137.09,1550
2026-06-18,Referral,East,95.21,955
2026-06-18,Organic,West,0.0,278
2026-06-18,Paid,West,767.63,8543
2026-06-18,Email,West,166.27,1642
2026-06-18,Referral,West,100.02,1072
2026-06-19,Organic,North,0.0,284
2026-06-19,Paid,North,861.61,10152
2026-06-19,Email,North,135.21,1280
2026-06-19,Referral,North,88.98,750
2026-06-19,Organic,South,0.0,376
2026-06-19,Paid,South,747.11,6757
2026-06-19,Email,South,145.25,1563
2026-06-19,Referral,South,93.84,949
2026-06-19,Organic,East,0.0,441
2026-06-19,Paid,East,697.14,6085
2026-06-19,Email,East,151.27,1376
2026-06-19,Referral,East,113.22,937
2026-06-19,Organic,West,0.0,298
2026-06-19,Paid,West,681.28,5465
2026-06-19,Email,West,130.55,1258
2026-06-19,Referral,West,95.01,920
2026-06-20,Organic,North,0.0,309
2026-06-20,Paid,North,698.01,7275
2026-06-20,Email,North,142.27,1443
2026-06-20,Referral,North,109.03,1269
2026-06-20,Organic,South,0.0,461
2026-06-20,Paid,South,767.88,6685
2026-06-20,Email,South,152.67,1753
2026-06-20,Referral,South,109.17,1072
2026-06-20,Organic,East,0.0,432
2026-06-20,Paid,East,724.52,5869
2026-06-20,Email,East,168.61,1989
2026-06-20,Referral,East,106.79,998
2026-06-20,Organic,West,0.0,225
2026-06-20,Paid,West,688.35,5573
2026-06-20,Email,West,140.71,1277
2026-06-20,Referral,West,92.74,1070
2026-06-21,Organic,North,0.0,252
2026-06-21,Paid,North,708.33,6813
2026-06-21,Email,North,162.58,1607
2026-06-21,Referral,North,104.97,1113
2026-06-21,Organic,South,0.0,245
2026-06-21,Paid,South,857.85,7276
2026-06-21,Email,South,159.58,1866
2026-06-21,Referral,South,88.47,752
2026-06-21,Organic,East,0.0,496
2026-06-21,Paid,East,913.15,9083
2026-06-21,Email,East,134.27,1416
2026-06-21,Referral,East,100.8,963
2026-06-21,Organic,West,0.0,419
2026-06-21,Paid,West,737.35,8193
2026-06-21,Email,West,156.74,1326
2026-06-21,Referral,West,97.82,985
2026-06-22,Organic,North,0.0,343
2026-06-22,Paid,North,792.43,8846
2026-06-22,Email,North,151.84,1351
2026-06-22,Referral,North,102.58,940
2026-06-22,Organic,South,0.0,258
2026-06-22,Paid,South,918.72,9675
2026-06-22,Email,South,142.39,1293
2026-06-22,Referral,South,97.43,1080
2026-06-22,Organic,East,0.0,428
2026-06-22,Paid,East,815.12,9196
2026-06-22,Email,East,151.27,1692
2026-06-22,Referral,East,109.05,1117
2026-06-22,Organic,West,0.0,254
2026-06-22,Paid,West,856.37,9707
2026-06-22,Email,West,151.42,1640
2026-06-22,Referral,West,99.67,799
2026-06-23,Organic,North,0.0,434
2026-06-23,Paid,North,788.41,9347
2026-06-23,Email,North,128.78,1477
2026-06-23,Referral,North,89.1,741
2026-06-23,Organic,South,0.0,321
2026-06-23,Paid,South,723.56,7685
2026-06-23,Email,South,154.79,1756
2026-06-23,Referral,South,110.5,1013
2026-06-23,Organic,East,0.0,431
2026-06-23,Paid,East,905.76,8407
2026-06-23,Email,East,143.61,1236
2026-06-23,Referral,East,114.88,1357
2026-06-23,Organic,West,0.0,412
2026-06-23,Paid,West,685.7,6892
2026-06-23,Email,West,166.77,1393
2026-06-23,Referral,West,97.61,817
2026-06-24,Organic,North,0.0,468
2026-06-24,Paid,North,832.33,8723
2026-06-24,Email,North,141.75,1365
2026-06-24,Referral,North,107.7,899
2026-06-24,Organic,South,0.0,409
2026-06-24,Paid,South,799.27,7727
2026-06-24,Email,South,156.0,1258
2026-06-24,Referral,South,100.94,1036
2026-06-24,Organic,East,0.0,233
2026-06-24,Paid,East,708.1,6755
2026-06-24,Email,East,168.99,1764
2026-06-24,Referral,East,101.78,1210
2026-06-24,Organic,West,0.0,361
2026-06-24,Paid,West,686.27,7787
2026-06-24,Email,West,170.55,2026
2026-06-24,Referral,West,91.34,929
2026-06-25,Organic,North,0.0,321
2026-06-25,Paid,North,785.85,7296
2026-06-25,Email,North,128.75,1133
2026-06-25,Referral,North,87.64,871
2026-06-25,Organic,South,0.0,254
2026-06-25,Paid,South,800.38,7043
2026-06-25,Email,South,158.17,1846
2026-06-25,Referral,South,102.5,862
2026-06-25,Organic,East,0.0,247
2026-06-25,Paid,East,876.33,8469
2026-06-25,Email,East,158.16,1693
2026-06-25,Referral,East,91.39,838
2026-06-25,Organic,West,0.0,415
2026-06-25,Paid,West,682.86,6800
2026-06-25,Email,West,133.56,1341
2026-06-25,Referral,West,99.64,1017
2026-06-26,Organic,North,0.0,305
2026-06-26,Paid,North,735.02,7262
2026-06-26,Email,North,148.47,1465
2026-06-26,Referral,North,101.01,1003
2026-06-26,Organic,South,0.0,302
2026-06-26,Paid,South,748.7,8188
2026-06-26,Email,South,151.94,1282
2026-06-26,Referral,South,91.2,900
2026-06-26,Organic,East,0.0,209
2026-06-26,Paid,East,710.21,6067
2026-06-26,Email,East,166.57,1586
2026-06-26,Referral,East,110.85,1049
2026-06-26,Organic,West,0.0,412
2026-06-26,Paid,West,805.28,7179
2026-06-26,Email,West,168.11,1933
2026-06-26,Referral,West,107.45,1144
2026-06-27,Organic,North,0.0,332
2026-06-27,Paid,North,711.95,6892
2026-06-27,Email,North,160.15,1588
2026-06-27,Referral,North,114.48,1204
2026-06-27,Organic,South,0.0,248
2026-06-27,Paid,South,698.78,6190
2026-06-27,Email,South,151.83,1801
2026-06-27,Referral,South,114.64,1267
2026-06-27,Organic,East,0.0,272
2026-06-27,Paid,East,918.25,10793
2026-06-27,Email,East,156.83,1264
2026-06-27,Referral,East,92.5,919
2026-06-27,Organic,West,0.0,289
2026-06-27,Paid,West,827.07,8503
2026-06-27,Email,West,171.72,1674
2026-06-27,Referral,West,85.88,704
2026-06-28,Organic,North,0.0,247
2026-06-28,Paid,North,740.28,7906
2026-06-28,Email,North,158.0,1796
2026-06-28,Referral,North,85.14,912
2026-06-28,Organic,South,0.0,368
2026-06-28,Paid,South,741.59,7708
2026-06-28,Email,South,134.09,1083
2026-06-28,Referral,South,99.2,1046
2026-06-28,Organic,East,0.0,365
2026-06-28,Paid,East,869.51,7775
2026-06-28,Email,East,142.9,1479
2026-06-28,Referral,East,96.63,1073
2026-06-28,Organic,West,0.0,203
2026-06-28,Paid,West,864.8,9732
2026-06-28,Email,West,159.03,1621
2026-06-28,Referral,West,92.33,792
2026-06-29,Organic,North,0.0,467
2026-06-29,Paid,North,919.92,7966
2026-06-29,Email,North,144.7,1290
2026-06-29,Referral,North,91.15,985
2026-06-29,Organic,South,0.0,480
2026-06-29,Paid,South,775.61,8813
2026-06-29,Email,South,166.85,1793
2026-06-29,Referral,South,108.37,905
2026-06-29,Organic,East,0.0,437
2026-06-29,Paid,East,715.93,7801
2026-06-29,Email,East,170.51,1558
2026-06-29,Referral,East,99.4,982
2026-06-29,Organic,West,0.0,256
2026-06-29,Paid,West,684.53,7565
2026-06-29,Email,West,167.59,1520
2026-06-29,Referral,West,105.17,1098
2026-06-30,Organic,North,0.0,297
2026-06-30,Paid,North,745.57,8559
2026-06-30,Email,North,145.38,1742
2026-06-30,Referral,North,109.96,1246
2026-06-30,Organic,South,0.0,265
2026-06-30,Paid,South,779.56,6616
2026-06-30,Email,South,144.44,1732
2026-06-30,Referral,South,103.97,971
2026-06-30,Organic,East,0.0,287
2026-06-30,Paid,East,731.29,6173
2026-06-30,Email,East,135.12,1278
2026-06-30,Referral,East,97.86,932
2026-06-30,Organic,West,0.0,245
2026-06-30,Paid,West,747.21,7305
2026-06-30,Email,West,131.29,1076
2026-06-30,Referral,West,108.82,957
2026-07-01,Organic,North,0.0,290
2026-07-01,Paid,North,704.06,6152
2026-07-01,Email,North,165.14,1931
2026-07-01,Referral,North,97.36,861
2026-07-01,Organic,South,0.0,408
2026-07-01,Paid,South,728.95,7817
2026-07-01,Email,South,158.36,1773
2026-07-01,Referral,South,92.63,859
2026-07-01,Organic,East,0.0,275
2026-07-01,Paid,East,833.43,9921
2026-07-01,Email,East,146.4,1368
2026-07-01,Referral,East,102.4,964
2026-07-01,Organic,West,0.0,233
2026-07-01,Paid,West,798.81,8262
2026-07-01,Email,West,146.96,1625
2026-07-01,Referral,West,105.33,1036
2026-07-02,Organic,North,0.0,484
2026-07-02,Paid,North,820.87,7749
2026-07-02,Email,North,144.38,1167
2026-07-02,Referral,North,105.15,1154
2026-07-02,Organic,South,0.0,266
2026-07-02,Paid,South,864.4,9257
2026-07-02,Email,South,129.95,1177
2026-07-02,Referral,South,115.0,923
2026-07-02,Organic,East,0.0,476
2026-07-02,Paid,East,876.15,9559
2026-07-02,Email,East,152.55,1375
2026-07-02,Referral,East,89.91,739
2026-07-02,Organic,West,0.0,368
2026-07-02,Paid,West,891.3,7673
2026-07-02,Email,West,138.29,1188
2026-07-02,Referral,West,103.69,1145
2026-07-03,Organic,North,0.0,452
2026-07-03,Paid,North,736.8,7959
2026-07-03,Email,North,147.76,1766
2026-07-03,Referral,North,106.08,892
2026-07-03,Organic,South,0.0,291
2026-07-03,Paid,South,842.56,9093
2026-07-03,Email,South,145.14,1333
2026-07-03,Referral,South,92.67,861
2026-07-03,Organic,East,0.0,226
2026-07-03,Paid,East,767.51,6640
2026-07-03,Email,East,137.42,1226
2026-07-03,Referral,East,90.17,902
2026-07-03,Organic,West,0.0,398
2026-07-03,Paid,West,888.81,8972
2026-07-03,Email,West,129.87,1209
2026-07-03,Referral,West,100.91,1096
2026-07-04,Organic,North,0.0,268
2026-07-04,Paid,North,861.41,9423
2026-07-04,Email,North,161.19,1718
2026-07-04,Referral,North,91.97,951
2026-07-04,Organic,South,0.0,282
2026-07-04,Paid,South,899.89,7386
2026-07-04,Email,South,157.96,1814
2026-07-04,Referral,South,95.05,856
2026-07-04,Organic,East,0.0,233
2026-07-04,Paid,East,804.37,7042
2026-07-04,Email,East,154.01,1584
2026-07-04,Referral,East,88.89,957
2026-07-04,Organic,West,0.0,475
2026-07-04,Paid,West,903.46,7766
2026-07-04,Email,West,164.54,1808
2026-07-04,Referral,West,113.84,1022
2026-07-05,Organic,North,0.0,372
2026-07-05,Paid,North,808.62,9148
2026-07-05,Email,North,130.91,1320
2026-07-05,Referral,North,98.51,1175
2026-07-05,Organic,South,0.0,446
2026-07-05,Paid,South,909.33,9803
2026-07-05,Email,South,138.25,1472
2026-07-05,Referral,South,110.04,1010
2026-07-05,Organic,East,0.0,374
2026-07-05,Paid,East,704.39,6047
2026-07-05,Email,East,145.42,1465
2026-07-05,Referral,East,97.85,797
2026-07-05,Organic,West,0.0,441
2026-07-05,Paid,West,751.11,8753
2026-07-05,Email,West,138.19,1472
2026-07-05,Referral,West,98.71,797
2026-07-06,Organic,North,0.0,382
2026-07-06,Paid,North,687.6,5648
2026-07-06,Email,North,157.26,1570
2026-07-06,Referral,North,111.47,1093
2026-07-06,Organic,South,0.0,496
2026-07-06,Paid,South,684.96,8005
2026-07-06,Email,South,137.38,1203
2026-07-06,Referral,South,99.57,1056
2026-07-06,Organic,East,0.0,387
2026-07-06,Paid,East,764.84,7999
2026-07-06,Email,East,147.8,1305
2026-07-06,Referral,East,86.11,913
2026-07-06,Organic,West,0.0,379
2026-07-06,Paid,West,800.89,7854
2026-07-06,Email,West,150.19,1269
2026-07-06,Referral,West,105.44,1206
2026-07-07,Organic,North,0.0,234
2026-07-07,Paid,North,864.9,8367
2026-07-07,Email,North,162.97,1632
2026-07-07,Referral,North,91.65,883
2026-07-07,Organic,South,0.0,236
2026-07-07,Paid,South,684.14,5556
2026-07-07,Email,South,170.71,2041
2026-07-07,Referral,South,86.18,754
2026-07-07,Organic,East,0.0,346
2026-07-07,Paid,East,834.78,7253
2026-07-07,Email,East,137.07,1378
2026-07-07,Referral,East,86.48,876
2026-07-07,Organic,West,0.0,464
2026-07-07,Paid,West,916.88,9318
2026-07-07,Email,West,144.16,1596
2026-07-07,Referral,West,112.06,1113
2026-07-08,Organic,North,0.0,453
2026-07-08,Paid,North,782.48,7668
2026-07-08,Email,North,153.5,1493
2026-07-08,Referral,North,92.54,1063
2026-07-08,Organic,South,0.0,486
2026-07-08,Paid,South,810.75,9044
2026-07-08,Email,South,137.73,1484
2026-07-08,Referral,South,94.25,818
2026-07-08,Organic,East,0.0,346
2026-07-08,Paid,East,687.36,6300
2026-07-08,Email,East,137.58,1373
2026-07-08,Referral,East,99.88,1071
2026-07-08,Organic,West,0.0,236
2026-07-08,Paid,West,785.88,6427
2026-07-08,Email,West,163.54,1892
2026-07-08,Referral,West,114.72,1156
2026-07-09,Organic,North,0.0,454
2026-07-09,Paid,North,790.19,6963
2026-07-09,Email,North,165.25,1352
2026-07-09,Referral,North,102.82,1207
2026-07-09,Organic,South,0.0,281
2026-07-09,Paid,South,740.58,6235
2026-07-09,Email,South,150.15,1583
2026-07-09,Referral,South,100.31,938
2026-07-09,Organic,East,0.0,328
2026-07-09,Paid,East,880.1,10363
2026-07-09,Email,East,142.16,1499
2026-07-09,Referral,East,109.74,1156
2026-07-09,Organic,West,0.0,466
2026-07-09,Paid,West,839.36,7544
2026-07-09,Email,West,154.64,1582
2026-07-09,Referral,West,95.16,792
2026-07-10,Organic,North,0.0,449
2026-07-10,Paid,North,870.16,7060
2026-07-10,Email,North,160.14,1701
2026-07-10,Referral,North,95.92,1070
2026-07-10,Organic,South,0.0,448
2026-07-10,Paid,South,886.68,7367
2026-07-10,Email,South,144.5,1173
2026-07-10,Referral,South,106.92,1035
2026-07-10,Organic,East,0.0,424
2026-07-10,Paid,East,870.58,7194
2026-07-10,Email,East,169.97,1697
2026-07-10,Referral,East,114.02,974
2026-07-10,Organic,West,0.0,305
2026-07-10,Paid,West,789.99,9290
2026-07-10,Email,West,132.23,1347
2026-07-10,Referral,West,88.99,791
2026-07-11,Organic,North,0.0,382
2026-07-11,Paid,North,747.28,6835
2026-07-11,Email,North,157.65,1770
2026-07-11,Referral,North,86.02,765
2026-07-11,Organic,South,0.0,358
2026-07-11,Paid,South,898.26,8518
2026-07-11,Email,South,140.5,1176
2026-07-11,Referral,South,91.29,911
2026-07-11,Organic,East,0.0,288
2026-07-11,Paid,East,822.52,7573
2026-07-11,Email,East,138.23,1462
2026-07-11,Referral,East,106.78,1247
2026-07-11,Organic,West,0.0,369
2026-07-11,Paid,West,907.43,8044
2026-07-11,Email,West,151.29,1489
2026-07-11,Referral,West,105.78,944
2026-07-12,Organic,North,0.0,239
2026-07-12,Paid,North,785.27,8420
2026-07-12,Email,North,159.81,1709
2026-07-12,Referral,North,104.43,902
2026-07-12,Organic,South,0.0,437
2026-07-12,Paid,South,814.46,6737
2026-07-12,Email,South,138.98,1259
2026-07-12,Referral,South,88.98,762
2026-07-12,Organic,East,0.0,467
2026-07-12,Paid,East,787.92,7609
2026-07-12,Email,East,163.95,1550
2026-07-12,Referral,East,94.54,834
2026-07-12,Organic,West,0.0,226
2026-07-12,Paid,West,727.71,8204
2026-07-12,Email,West,152.88,1582
2026-07-12,Referral,West,96.03,957
2026-07-13,Organic,North,0.0,397
2026-07-13,Paid,North,779.94,7272
2026-07-13,Email,North,138.82,1227
2026-07-13,Referral,North,102.12,846
2026-07-13,Organic,South,0.0,247
2026-07-13,Paid,South,821.97,9228
2026-07-13,Email,South,139.42,1120
2026-07-13,Referral,South,105.05,857
2026-07-13,Organic,East,0.0,299
2026-07-13,Paid,East,787.93,8685
2026-07-13,Email,East,162.28,1569
2026-07-13,Referral,East,111.21,1059
2026-07-13,Organic,West,0.0,342
2026-07-13,Paid,West,775.16,8120
2026-07-13,Email,West,145.65,1707
2026-07-13,Referral,West,110.22,1053
2026-07-14,Organic,North,0.0,207
2026-07-14,Paid,North,811.03,7274
2026-07-14,Email,North,141.91,1395
2026-07-14,Referral,North,109.14,1199
2026-07-14,Organic,South,0.0,367
2026-07-14,Paid,South,854.77,7888
2026-07-14,Email,South,149.68,1239
2026-07-14,Referral,South,86.57,748
2026-07-14,Organic,East,0.0,425
2026-07-14,Paid,East,901.31,9435
2026-07-14,Email,East,129.33,1356
2026-07-14,Referral,East,93.26,1073
2026-07-14,Organic,West,0.0,419
2026-07-14,Paid,West,766.76,7485
2026-07-14,Email,West,159.84,1872
2026-07-14,Referral,West,93.95,1041
2026-07-15,Organic,North,0.0,406
2026-07-15,Paid,North,737.45,6636
2026-07-15,Email,North,137.1,1191
2026-07-15,Referral,North,94.32,803
2026-07-15,Organic,South,0.0,275
2026-07-15,Paid,South,766.64,7839
2026-07-15,Email,South,147.13,1364
2026-07-15,Referral,South,88.49,906
2026-07-15,Organic,East,0.0,452
2026-07-15,Paid,East,827.53,8496
2026-07-15,Email,East,144.74,1465
2026-07-15,Referral,East,105.13,963
2026-07-15,Organic,West,0.0,486
2026-07-15,Paid,West,685.24,6400
2026-07-15,Email,West,171.69,1930
2026-07-15,Referral,West,86.67,818
2026-07-16,Organic,North,0.0,406
2026-07-16,Paid,North,812.23,9533
2026-07-16,Email,North,163.0,1734
2026-07-16,Referral,North,103.16,1237
2026-07-16,Organic,South,0.0,350
2026-07-16,Paid,South,681.2,7472
2026-07-16,Email,South,151.08,1717
2026-07-16,Referral,South,98.51,852
2026-07-16,Organic,East,0.0,396
2026-07-16,Paid,East,899.59,7522
2026-07-16,Email,East,135.67,1209
2026-07-16,Referral,East,89.22,914
2026-07-16,Organic,West,0.0,222
2026-07-16,Paid,West,916.3,7949
2026-07-16,Email,West,129.74,1211
2026-07-16,Referral,West,99.28,1121
2026-07-17,Organic,North,0.0,385
2026-07-17,Paid,North,916.04,8793
2026-07-17,Email,North,131.71,1533
2026-07-17,Referral,North,102.23,1026
2026-07-17,Organic,South,0.0,335
2026-07-17,Paid,South,725.06,6867
2026-07-17,Email,South,142.15,1340
2026-07-17,Referral,South,93.28,932
2026-07-17,Organic,East,0.0,425
2026-07-17,Paid,East,910.42,7711
2026-07-17,Email,East,166.97,1565
2026-07-17,Referral,East,100.56,851
2026-07-17,Organic,West,0.0,241
2026-07-17,Paid,West,875.7,8805
2026-07-17,Email,West,138.36,1617
2026-07-17,Referral,West,110.88,1054
2026-07-18,Organic,North,0.0,260
2026-07-18,Paid,North,765.16,8242
2026-07-18,Email,North,142.2,1408
2026-07-18,Referral,North,113.48,1335
2026-07-18,Organic,South,0.0,336
2026-07-18,Paid,South,895.9,8549
2026-07-18,Email,South,149.19,1320
2026-07-18,Referral,South,92.41,996
2026-07-18,Organic,East,0.0,433
2026-07-18,Paid,East,816.97,8627
2026-07-18,Email,East,141.5,1642
2026-07-18,Referral,East,105.76,1214
2026-07-18,Organic,West,0.0,431
2026-07-18,Paid,West,792.47,8474
2026-07-18,Email,West,133.77,1265
2026-07-18,Referral,West,102.97,895
2026-07-19,Organic,North,0.0,446
2026-07-19,Paid,North,770.74,8994
2026-07-19,Email,North,164.7,1495
2026-07-19,Referral,North,85.28,705
2026-07-19,Organic,South,0.0,223
2026-07-19,Paid,South,750.01,6062
2026-07-19,Email,South,148.48,1534
2026-07-19,Referral,South,108.5,1254
2026-07-19,Organic,East,0.0,208
2026-07-19,Paid,East,916.17,9425
2026-07-19,Email,East,156.83,1395
2026-07-19,Referral,East,99.25,930
2026-07-19,Organic,West,0.0,321
2026-07-19,Paid,West,768.0,6648
2026-07-19,Email,West,142.32,1559
2026-07-19,Referral,West,93.15,1021
2026-07-20,Organic,North,0.0,339
2026-07-20,Paid,North,913.41,8625
2026-07-20,Email,North,170.87,1401
2026-07-20,Referral,North,87.95,795
2026-07-20,Organic,South,0.0,464
2026-07-20,Paid,South,855.97,7785
2026-07-20,Email,South,127.84,1442
2026-07-20,Referral,South,110.6,1000
2026-07-20,Organic,East,0.0,207
2026-07-20,Paid,East,913.03,8663
2026-07-20,Email,East,137.74,1634
2026-07-20,Referral,East,107.27,930
2026-07-20,Organic,West,0.0,337
2026-07-20,Paid,West,781.19,7473
2026-07-20,Email,West,157.85,1344
2026-07-20,Referral,West,98.23,997
2026-07-21,Organic,North,0.0,386
2026-07-21,Paid,North,716.07,8110
2026-07-21,Email,North,152.55,1805
2026-07-21,Referral,North,96.02,1119
2026-07-21,Organic,South,0.0,229
2026-07-21,Paid,South,913.05,10142
2026-07-21,Email,South,147.05,1221
2026-07-21,Referral,South,109.16,1057
2026-07-21,Organic,East,0.0,389
2026-07-21,Paid,East,785.27,6994
2026-07-21,Email,East,131.05,1566
2026-07-21,Referral,East,92.64,908
2026-07-21,Organic,West,0.0,371
2026-07-21,Paid,West,867.31,7888
2026-07-21,Email,West,162.02,1377
2026-07-21,Referral,West,109.52,1272
2026-07-22,Organic,North,0.0,470
2026-07-22,Paid,North,690.26,6897
2026-07-22,Email,North,167.55,1871
2026-07-22,Referral,North,111.42,1210
2026-07-22,Organic,South,0.0,455
2026-07-22,Paid,South,694.41,6104
2026-07-22,Email,South,160.07,1801
2026-07-22,Referral,South,90.49,1015
2026-07-22,Organic,East,0.0,268
2026-07-22,Paid,East,839.44,8453
2026-07-22,Email,East,162.12,1577
2026-07-22,Referral,East,91.09,1028
2026-07-22,Organic,West,0.0,478
2026-07-22,Paid,West,829.81,9508
2026-07-22,Email,West,128.49,1308
2026-07-22,Referral,West,96.56,1047
2026-07-23,Organic,North,0.0,298
2026-07-23,Paid,North,683.26,6757
2026-07-23,Email,North,154.25,1652
2026-07-23,Referral,North,109.99,1319
2026-07-23,Organic,South,0.0,428
2026-07-23,Paid,South,753.32,8859
2026-07-23,Email,South,158.02,1829
2026-07-23,Referral,South,97.47,835
2026-07-23,Organic,East,0.0,404
2026-07-23,Paid,East,712.56,8180
2026-07-23,Email,East,156.38,1527
2026-07-23,Referral,East,88.86,810
2026-07-23,Organic,West,0.0,284
2026-07-23,Paid,West,691.07,5932
2026-07-23,Email,West,154.88,1262
2026-07-23,Referral,West,99.22,1030
2026-07-24,Organic,North,0.0,273
2026-07-24,Paid,North,918.83,9032
2026-07-24,Email,North,161.43,1435
2026-07-24,Referral,North,86.02,713
2026-07-24,Organic,South,0.0,287
2026-07-24,Paid,South,752.97,6601
2026-07-24,Email,South,142.56,1209
2026-07-24,Referral,South,111.59,1028
2026-07-24,Organic,East,0.0,419
2026-07-24,Paid,East,899.43,10562
2026-07-24,Email,East,152.97,1423
2026-07-24,Referral,East,112.19,1333
2026-07-24,Organic,West,0.0,425
2026-07-24,Paid,West,818.86,7095
2026-07-24,Email,West,155.71,1392
2026-07-24,Referral,West,90.35,867
2026-07-25,Organic,North,0.0,319
2026-07-25,Paid,North,801.9,7649
2026-07-25,Email,North,129.21,1282
2026-07-25,Referral,North,94.03,974
2026-07-25,Organic,South,0.0,325
2026-07-25,Paid,South,777.12,8877
2026-07-25,Email,South,160.85,1796
2026-07-25,Referral,South,104.03,1198
2026-07-25,Organic,East,0.0,389
2026-07-25,Paid,East,686.92,6876
2026-07-25,Email,East,153.35,1773
2026-07-25,Referral,East,100.47,898
2026-07-25,Organic,West,0.0,335
2026-07-25,Paid,West,781.47,7992
2026-07-25,Email,West,139.42,1299
2026-07-25,Referral,West,113.83,1132
2026-07-26,Organic,North,0.0,454
2026-07-26,Paid,North,910.76,10236
2026-07-26,Email,North,145.29,1277
2026-07-26,Referral,North,109.13,1141
2026-07-26,Organic,South,0.0,295
2026-07-26,Paid,South,874.08,9005
2026-07-26,Email,South,162.64,1631
2026-07-26,Referral,South,103.38,977
2026-07-26,Organic,East,0.0,303
2026-07-26,Paid,East,852.96,8128
2026-07-26,Email,East,145.75,1339
2026-07-26,Referral,East,108.9,1231
2026-07-26,Organic,West,0.0,247
2026-07-26,Paid,West,844.71,7587
2026-07-26,Email,West,138.47,1213
2026-07-26,Referral,West,91.66,878
2026-07-27,Organic,North,0.0,287
2026-07-27,Paid,North,729.55,7668
2026-07-27,Email,North,163.27,1588
2026-07-27,Referral,North,85.23,885
2026-07-27,Organic,South,0.0,448
2026-07-27,Paid,South,827.23,9415
2026-07-27,Email,South,128.02,1138
2026-07-27,Referral,South,104.54,993
2026-07-27,Organic,East,0.0,259
2026-07-27,Paid,East,899.63,8649
2026-07-27,Email,East,165.49,1963
2026-07-27,Referral,East,85.81,1011
2026-07-27,Organic,West,0.0,416
2026-07-27,Paid,West,866.43,7573
2026-07-27,Email,West,135.44,1339
2026-07-27,Referral,West,89.58,973
2026-07-28,Organic,North,0.0,470
2026-07-28,Paid,North,908.31,8368
2026-07-28,Email,North,150.77,1320
2026-07-28,Referral,North,95.09,865
2026-07-28,Organic,South,0.0,354
2026-07-28,Paid,South,743.48,6001
2026-07-28,Email,South,139.44,1190
2026-07-28,Referral,South,86.18,852
2026-07-28,Organic,East,0.0,392
2026-07-28,Paid,East,897.23,7917
2026-07-28,Email,East,130.92,1428
2026-07-28,Referral,East,100.52,1172
2026-07-28,Organic,West,0.0,340
2026-07-28,Paid,West,888.29,7337
2026-07-28,Email,West,172.23,1661
2026-07-28,Referral,West,111.01,904
2026-07-29,Organic,North,0.0,256
2026-07-29,Paid,North,821.14,6619
2026-07-29,Email,North,152.67,1386
2026-07-29,Referral,North,100.91,1109
2026-07-29,Organic,South,0.0,388
2026-07-29,Paid,South,858.82,8063
2026-07-29,Email,South,159.75,1621
2026-07-29,Referral,South,100.25,1053
2026-07-29,Organic,East,0.0,351
2026-07-29,Paid,East,787.12,7292
2026-07-29,Email,East,154.57,1419
2026-07-29,Referral,East,85.01,701
2026-07-29,Organic,West,0.0,463
2026-07-29,Paid,West,883.12,10447
2026-07-29,Email,West,147.61,1341
2026-07-29,Referral,West,114.96,1199
2026-07-30,Organic,North,0.0,472
2026-07-30,Paid,North,765.75,8492
2026-07-30,Email,North,162.59,1728
2026-07-30,Referral,North,92.28,1045
2026-07-30,Organic,South,0.0,340
2026-07-30,Paid,South,860.98,8755
2026-07-30,Email,South,132.29,1289
2026-07-30,Referral,South,96.37,1128
2026-07-30,Organic,East,0.0,451
2026-07-30,Paid,East,756.11,7894
2026-07-30,Email,East,147.36,1565
2026-07-30,Referral,East,98.01,943
2026-07-30,Organic,West,0.0,433
2026-07-30,Paid,West,907.97,7428
2026-07-30,Email,West,128.47,1296
2026-07-30,Referral,West,106.67,1244
2026-07-31,Organic,North,0.0,287
2026-07-31,Paid,North,794.46,8983
2026-07-31,Email,North,142.86,1180
2026-07-31,Referral,North,110.43,1001
2026-07-31,Organic,South,0.0,496
2026-07-31,Paid,South,740.76,7785
2026-07-31,Email,South,169.32,1531
2026-07-31,Referral,South,97.79,950
2026-07-31,Organic,East,0.0,359
2026-07-31,Paid,East,768.63,7788
2026-07-31,Email,East,155.76,1435
2026-07-31,Referral,East,103.69,915
2026-07-31,Organic,West,0.0,278
2026-07-31,Paid,West,698.79,7994
2026-07-31,Email,West,146.78,1345
2026-07-31,Referral,West,105.13,993
2026-08-01,Organic,North,0.0,348
2026-08-01,Paid,North,422.44,3838
2026-08-01,Email,North,171.14,1375
2026-08-01,Referral,North,94.7,1009
2026-08-01,Organic,South,0.0,338
2026-08-01,Paid,South,799.13,8254
2026-08-01,Email,South,161.81,1360
2026-08-01,Referral,South,86.8,810
2026-08-01,Organic,East,0.0,337
2026-08-01,Paid,East,876.24,7051
2026-08-01,Email,East,155.9,1456
2026-08-01,Referral,East,98.47,1011
2026-08-01,Organic,West,0.0,265
2026-08-01,Paid,West,729.41,8081
2026-08-01,Email,West,164.94,1492
2026-08-01,Referral,West,103.88,1045
2026-08-02,Organic,North,0.0,378
2026-08-02,Paid,North,488.02,5071
2026-08-02,Email,North,166.16,1643
2026-08-02,Referral,North,86.9,750
2026-08-02,Organic,South,0.0,393
2026-08-02,Paid,South,771.02,7620
2026-08-02,Email,South,160.9,1689
2026-08-02,Referral,South,107.02,872
2026-08-02,Organic,East,0.0,478
2026-08-02,Paid,East,767.52,8322
2026-08-02,Email,East,146.19,1292
2026-08-02,Referral,East,101.49,847
2026-08-02,Organic,West,0.0,214
2026-08-02,Paid,West,746.83,7252
2026-08-02,Email,West,138.55,1657
2026-08-02,Referral,West,85.84,984
2026-08-03,Organic,North,0.0,327
2026-08-03,Paid,North,473.74,5512
2026-08-03,Email,North,153.95,1538
2026-08-03,Referral,North,103.91,1235
2026-08-03,Organic,South,0.0,224
2026-08-03,Paid,South,815.79,8100
2026-08-03,Email,South,164.37,1384
2026-08-03,Referral,South,104.23,959
2026-08-03,Organic,East,0.0,428
2026-08-03,Paid,East,695.84,7902
2026-08-03,Email,East,127.52,1471
2026-08-03,Referral,East,99.48,1163
2026-08-03,Organic,West,0.0,202
2026-08-03,Paid,West,901.14,9167
2026-08-03,Email,West,130.48,1558
2026-08-03,Referral,West,93.43,816
2026-08-04,Organic,North,0.0,220
2026-08-04,Paid,North,442.29,4734
2026-08-04,Email,North,141.02,1520
2026-08-04,Referral,North,110.35,1083
2026-08-04,Organic,South,0.0,489
2026-08-04,Paid,South,705.6,7702
2026-08-04,Email,South,160.65,1643
2026-08-04,Referral,South,89.19,907
2026-08-04,Organic,East,0.0,249
2026-08-04,Paid,East,700.42,7118
2026-08-04,Email,East,154.83,1735
2026-08-04,Referral,East,91.14,1068
2026-08-04,Organic,West,0.0,371
2026-08-04,Paid,West,834.8,7236
2026-08-04,Email,West,163.53,1738
2026-08-04,Referral,West,90.55,905
2026-08-05,Organic,North,0.0,315
2026-08-05,Paid,North,505.74,6037
2026-08-05,Email,North,154.1,1470
2026-08-05,Referral,North,99.3,899
2026-08-05,Organic,South,0.0,432
2026-08-05,Paid,South,800.79,8189
2026-08-05,Email,South,129.53,1080
2026-08-05,Referral,South,91.44,891
2026-08-05,Organic,East,0.0,331
2026-08-05,Paid,East,883.86,9826
2026-08-05,Email,East,156.05,1268
2026-08-05,Referral,East,101.54,1212
2026-08-05,Organic,West,0.0,349
2026-08-05,Paid,West,812.43,6652
2026-08-05,Email,West,139.3,1451
2026-08-05,Referral,West,110.95,1225
2026-08-06,Organic,North,0.0,450
2026-08-06,Paid,North,478.49,5026
2026-08-06,Email,North,151.43,1428
2026-08-06,Referral,North,109.27,1064
2026-08-06,Organic,South,0.0,362
2026-08-06,Paid,South,919.74,8398
2026-08-06,Email,South,146.58,1220
2026-08-06,Referral,South,95.09,1101
2026-08-06,Organic,East,0.0,280
2026-08-06,Paid,East,880.69,8936
2026-08-06,Email,East,151.9,1812
2026-08-06,Referral,East,99.01,912
2026-08-06,Organic,West,0.0,393
2026-08-06,Paid,West,800.45,7923
2026-08-06,Email,West,167.66,1835
2026-08-06,Referral,West,97.52,851
2026-08-07,Organic,North,0.0,221
2026-08-07,Paid,North,406.72,4841
2026-08-07,Email,North,132.7,1591
2026-08-07,Referral,North,104.04,1036
2026-08-07,Organic,South,0.0,454
2026-08-07,Paid,South,752.59,6186
2026-08-07,Email,South,135.47,1517
2026-08-07,Referral,South,102.41,1011
2026-08-07,Organic,East,0.0,427
2026-08-07,Paid,East,795.29,7863
2026-08-07,Email,East,168.74,1735
2026-08-07,Referral,East,104.48,1101
2026-08-07,Organic,West,0.0,282
2026-08-07,Paid,West,919.62,7507
2026-08-07,Email,West,141.82,1329
2026-08-07,Referral,West,114.38,1189
2026-08-08,Organic,North,0.0,312
2026-08-08,Paid,North,416.2,3476
2026-08-08,Email,North,128.97,1112
2026-08-08,Referral,North,98.81,904
2026-08-08,Organic,South,0.0,495
2026-08-08,Paid,South,746.72,8466
2026-08-08,Email,South,165.88,1470
2026-08-08,Referral,South,91.8,996
2026-08-08,Organic,East,0.0,488
2026-08-08,Paid,East,807.4,7673
2026-08-08,Email,East,128.88,1438
2026-08-08,Referral,East,92.67,815
2026-08-08,Organic,West,0.0,263
2026-08-08,Paid,West,841.24,8115
2026-08-08,Email,West,163.9,1371
2026-08-08,Referral,West,105.6,1211
2026-08-09,Organic,North,0.0,455
2026-08-09,Paid,North,396.26,4118
2026-08-09,Email,North,170.47,1908
2026-08-09,Referral,North,110.85,1298
2026-08-09,Organic,South,0.0,233
2026-08-09,Paid,South,724.18,8097
2026-08-09,Email,South,163.21,1371
2026-08-09,Referral,South,110.75,1022
2026-08-09,Organic,East,0.0,477
2026-08-09,Paid,East,694.88,7244
2026-08-09,Email,East,171.79,1778
2026-08-09,Referral,East,88.45,739
2026-08-09,Organic,West,0.0,371
2026-08-09,Paid,West,854.49,9571
2026-08-09,Email,West,153.7,1416
2026-08-09,Referral,West,88.04,935
2026-08-10,Organic,North,0.0,366
2026-08-10,Paid,North,408.09,4816
2026-08-10,Email,North,152.99,1702
2026-08-10,Referral,North,103.2,889
2026-08-10,Organic,South,0.0,479
2026-08-10,Paid,South,818.19,8667
2026-08-10,Email,South,150.76,1671
2026-08-10,Referral,South,113.31,1056
2026-08-10,Organic,East,0.0,455
2026-08-10,Paid,East,708.23,6872
2026-08-10,Email,East,167.85,1734
2026-08-10,Referral,East,86.16,815
2026-08-10,Organic,West,0.0,415
2026-08-10,Paid,West,757.94,6794
2026-08-10,Email,West,163.57,1469
2026-08-10,Referral,West,91.11,981
2026-08-11,Organic,North,0.0,407
2026-08-11,Paid,North,374.2,3834
2026-08-11,Email,North,130.35,1517
2026-08-11,Referral,North,107.15,1172
2026-08-11,Organic,South,0.0,422
2026-08-11,Paid,South,724.5,6103
2026-08-11,Email,South,147.69,1594
2026-08-11,Referral,South,114.79,1046
2026-08-11,Organic,East,0.0,472
2026-08-11,Paid,East,698.45,6428
2026-08-11,Email,East,145.98,1374
2026-08-11,Referral,East,110.0,1072
2026-08-11,Organic,West,0.0,430
2026-08-11,Paid,West,892.09,8942
2026-08-11,Email,West,144.79,1159
2026-08-11,Referral,West,106.88,1266
2026-08-12,Organic,North,0.0,271
2026-08-12,Paid,North,497.58,5933
2026-08-12,Email,North,157.32,1659
2026-08-12,Referral,North,110.2,1310
2026-08-12,Organic,South,0.0,387
2026-08-12,Paid,South,685.41,7567
2026-08-12,Email,South,140.96,1414
2026-08-12,Referral,South,103.72,983
2026-08-12,Organic,East,0.0,235
2026-08-12,Paid,East,810.11,8026
2026-08-12,Email,East,171.45,1425
2026-08-12,Referral,East,111.06,1108
2026-08-12,Organic,West,0.0,263
2026-08-12,Paid,West,750.72,6031
2026-08-12,Email,West,151.87,1775
2026-08-12,Referral,West,107.56,985
2026-08-13,Organic,North,0.0,306
2026-08-13,Paid,North,413.19,3513
2026-08-13,Email,North,134.63,1462
2026-08-13,Referral,North,102.48,938
2026-08-13,Organic,South,0.0,278
2026-08-13,Paid,South,853.75,7155
2026-08-13,Email,South,137.26,1291
2026-08-13,Referral,South,111.26,1254
2026-08-13,Organic,East,0.0,224
2026-08-13,Paid,East,813.43,9229
2026-08-13,Email,East,152.01,1497
2026-08-13,Referral,East,111.77,1222
2026-08-13,Organic,West,0.0,352
2026-08-13,Paid,West,722.12,6291
2026-08-13,Email,West,138.15,1429
2026-08-13,Referral,West,101.41,1068
2026-08-14,Organic,North,0.0,259
2026-08-14,Paid,North,442.47,4619
2026-08-14,Email,North,166.09,1511
2026-08-14,Referral,North,93.34,1117
2026-08-14,Organic,South,0.0,218
2026-08-14,Paid,South,797.17,9338
2026-08-14,Email,South,152.23,1571
2026-08-14,Referral,South,93.05,1017
2026-08-14,Organic,East,0.0,488
2026-08-14,Paid,East,791.77,9075
2026-08-14,Email,East,129.06,1466
2026-08-14,Referral,East,113.73,1296
2026-08-14,Organic,West,0.0,226
2026-08-14,Paid,West,832.71,6909
2026-08-14,Email,West,130.55,1084
2026-08-14,Referral,West,89.29,905
2026-08-15,Organic,North,0.0,423
2026-08-15,Paid,North,395.51,3174
2026-08-15,Email,North,146.69,1423
2026-08-15,Referral,North,98.14,1003
2026-08-15,Organic,South,0.0,491
2026-08-15,Paid,South,747.86,7688
2026-08-15,Email,South,165.44,1611
2026-08-15,Referral,South,85.45,803
2026-08-15,Organic,East,0.0,411
2026-08-15,Paid,East,724.83,7731
2026-08-15,Email,East,129.84,1387
2026-08-15,Referral,East,100.0,1081
2026-08-15,Organic,West,0.0,208
2026-08-15,Paid,West,908.5,9376
2026-08-15,Email,West,157.59,1774
2026-08-15,Referral,West,86.48,747
2026-08-16,Organic,North,0.0,247
2026-08-16,Paid,North,394.78,3296
2026-08-16,Email,North,168.9,1586
2026-08-16,Referral,North,88.41,959
2026-08-16,Organic,South,0.0,309
2026-08-16,Paid,South,729.33,8543
2026-08-16,Email,South,165.64,1717
2026-08-16,Referral,South,99.93,840
2026-08-16,Organic,East,0.0,344
2026-08-16,Paid,East,779.09,7802
2026-08-16,Email,East,145.72,1475
2026-08-16,Referral,East,102.11,851
2026-08-16,Organic,West,0.0,262
2026-08-16,Paid,West,789.75,9171
2026-08-16,Email,West,169.77,1743
2026-08-16,Referral,West,102.19,1035
2026-08-17,Organic,North,0.0,287
2026-08-17,Paid,North,434.19,4463
2026-08-17,Email,North,166.48,1561
2026-08-17,Referral,North,91.26,784
2026-08-17,Organic,South,0.0,295
2026-08-17,Paid,South,801.32,9567
2026-08-17,Email,South,136.3,1117
2026-08-17,Referral,South,93.13,972
2026-08-17,Organic,East,0.0,486
2026-08-17,Paid,East,842.23,9387
2026-08-17,Email,East,155.31,1841
2026-08-17,Referral,East,102.62,1099
2026-08-17,Organic,West,0.0,495
2026-08-17,Paid,West,813.87,7282
2026-08-17,Email,West,170.23,1737
2026-08-17,Referral,West,109.23,1049
2026-08-18,Organic,North,0.0,488
2026-08-18,Paid,North,478.02,5036
2026-08-18,Email,North,161.95,1826
2026-08-18,Referral,North,110.64,1130
2026-08-18,Organic,South,0.0,410
2026-08-18,Paid,South,912.52,9389
2026-08-18,Email,South,127.89,1029
2026-08-18,Referral,South,108.1,884
2026-08-18,Organic,East,0.0,404
2026-08-18,Paid,East,893.83,9155
2026-08-18,Email,East,137.98,1616
2026-08-18,Referral,East,100.17,873
2026-08-18,Organic,West,0.0,323
2026-08-18,Paid,West,864.09,8901
2026-08-18,Email,West,152.75,1247
2026-08-18,Referral,West,97.6,1048
2026-08-19,Organic,North,0.0,251
2026-08-19,Paid,North,503.58,4082
2026-08-19,Email,North,139.32,1134
2026-08-19,Referral,North,92.68,856
2026-08-19,Organic,South,0.0,344
2026-08-19,Paid,South,887.24,8163
2026-08-19,Email,South,136.59,1204
2026-08-19,Referral,South,87.55,752
2026-08-19,Organic,East,0.0,289
2026-08-19,Paid,East,735.34,6111
2026-08-19,Email,East,170.65,1418
2026-08-19,Referral,East,107.13,970
2026-08-19,Organic,West,0.0,365
2026-08-19,Paid,West,680.34,5462
2026-08-19,Email,West,142.66,1543
2026-08-19,Referral,West,114.17,1119
2026-08-20,Organic,North,0.0,404
2026-08-20,Paid,North,448.83,5277
2026-08-20,Email,North,152.76,1389
2026-08-20,Referral,North,106.16,1214
2026-08-20,Organic,South,0.0,454
2026-08-20,Paid,South,872.43,7300
2026-08-20,Email,South,148.43,1442
2026-08-20,Referral,South,114.53,983
2026-08-20,Organic,East,0.0,337
2026-08-20,Paid,East,855.39,7063
2026-08-20,Email,East,167.7,1815
2026-08-20,Referral,East,89.1,956
2026-08-20,Organic,West,0.0,390
2026-08-20,Paid,West,709.06,8408
2026-08-20,Email,West,150.33,1524
2026-08-20,Referral,West,105.52,928
2026-08-21,Organic,North,0.0,378
2026-08-21,Paid,North,417.03,4804
2026-08-21,Email,North,167.82,1850
2026-08-21,Referral,North,90.09,890
2026-08-21,Organic,South,0.0,488
2026-08-21,Paid,South,766.8,7129
2026-08-21,Email,South,137.33,1138
2026-08-21,Referral,South,87.28,759
2026-08-21,Organic,East,0.0,323
2026-08-21,Paid,East,814.79,8245
2026-08-21,Email,East,146.69,1683
2026-08-21,Referral,East,109.83,1050
2026-08-21,Organic,West,0.0,352
2026-08-21,Paid,West,892.55,7809
2026-08-21,Email,West,143.38,1490
2026-08-21,Referral,West,98.4,1006
2026-08-22,Organic,North,0.0,212
2026-08-22,Paid,North,438.67,5189
2026-08-22,Email,North,169.84,1830
2026-08-22,Referral,North,113.03,1246
2026-08-22,Organic,South,0.0,256
2026-08-22,Paid,South,844.82,10104
2026-08-22,Email,South,156.97,1761
2026-08-22,Referral,South,105.84,862
2026-08-22,Organic,East,0.0,205
2026-08-22,Paid,East,859.03,7923
2026-08-22,Email,East,149.13,1389
2026-08-22,Referral,East,90.95,838
2026-08-22,Organic,West,0.0,331
2026-08-22,Paid,West,750.19,8899
2026-08-22,Email,West,169.99,1434
2026-08-22,Referral,West,92.09,781
2026-08-23,Organic,North,0.0,377
2026-08-23,Paid,North,445.94,3795
2026-08-23,Email,North,156.73,1474
2026-08-23,Referral,North,99.09,1080
2026-08-23,Organic,South,0.0,208
2026-08-23,Paid,South,892.74,7545
2026-08-23,Email,South,151.87,1787
2026-08-23,Referral,South,113.61,1249
2026-08-23,Organic,East,0.0,391
2026-08-23,Paid,East,801.5,6921
2026-08-23,Email,East,149.54,1396
2026-08-23,Referral,East,112.24,904
2026-08-23,Organic,West,0.0,381
2026-08-23,Paid,West,881.14,7209
2026-08-23,Email,West,153.46,1560
2026-08-23,Referral,West,86.68,937
2026-08-24,Organic,North,0.0,324
2026-08-24,Paid,North,432.56,3552
2026-08-24,Email,North,145.18,1220
2026-08-24,Referral,North,106.54,1185
2026-08-24,Organic,South,0.0,249
2026-08-24,Paid,South,707.34,8401
2026-08-24,Email,South,147.74,1617
2026-08-24,Referral,South,91.85,794
2026-08-24,Organic,East,0.0,292
2026-08-24,Paid,East,859.2,8691
2026-08-24,Email,East,165.08,1327
2026-08-24,Referral,East,101.49,985
2026-08-24,Organic,West,0.0,248
2026-08-24,Paid,West,765.79,7629
2026-08-24,Email,West,144.84,1685
2026-08-24,Referral,West,96.11,1105
2026-08-25,Organic,North,0.0,375
2026-08-25,Paid,North,481.88,4994
2026-08-25,Email,North,162.56,1441
2026-08-25,Referral,North,87.83,918
2026-08-25,Organic,South,0.0,277
2026-08-25,Paid,South,791.95,7100
2026-08-25,Email,South,156.34,1704
2026-08-25,Referral,South,100.12,947
2026-08-25,Organic,East,0.0,383
2026-08-25,Paid,East,882.7,8123
2026-08-25,Email,East,133.52,1374
2026-08-25,Referral,East,98.13,998
2026-08-25,Organic,West,0.0,336
2026-08-25,Paid,West,825.69,9751
2026-08-25,Email,West,137.23,1231
2026-08-25,Referral,West,114.94,1369
2026-08-26,Organic,North,0.0,338
2026-08-26,Paid,North,437.63,4490
2026-08-26,Email,North,152.54,1663
2026-08-26,Referral,North,100.75,1102
2026-08-26,Organic,South,0.0,430
2026-08-26,Paid,South,762.58,8212
2026-08-26,Email,South,151.91,1796
2026-08-26,Referral,South,101.25,1126
2026-08-26,Organic,East,0.0,233
2026-08-26,Paid,East,834.62,7052
2026-08-26,Email,East,157.66,1467
2026-08-26,Referral,East,104.04,1013
2026-08-26,Organic,West,0.0,445
2026-08-26,Paid,West,709.45,6366
2026-08-26,Email,West,146.6,1378
2026-08-26,Referral,West,87.74,853
2026-08-27,Organic,North,0.0,372
2026-08-27,Paid,North,470.84,4140
2026-08-27,Email,North,140.25,1373
2026-08-27,Referral,North,110.18,1047
2026-08-27,Organic,South,0.0,417
2026-08-27,Paid,South,892.1,7794
2026-08-27,Email,South,156.42,1361
2026-08-27,Referral,South,108.99,1029
2026-08-27,Organic,East,0.0,386
2026-08-27,Paid,East,902.32,8118
2026-08-27,Email,East,156.09,1588
2026-08-27,Referral,East,104.84,881
2026-08-27,Organic,West,0.0,230
2026-08-27,Paid,West,882.91,8076
2026-08-27,Email,West,158.13,1703
2026-08-27,Referral,West,90.6,870
2026-08-28,Organic,North,0.0,234
2026-08-28,Paid,North,388.33,4482
2026-08-28,Email,North,156.72,1458
2026-08-28,Referral,North,101.77,1066
2026-08-28,Organic,South,0.0,205
2026-08-28,Paid,South,762.58,7845
2026-08-28,Email,South,143.38,1315
2026-08-28,Referral,South,99.03,1082
2026-08-28,Organic,East,0.0,421
2026-08-28,Paid,East,822.29,9106
2026-08-28,Email,East,133.92,1156
2026-08-28,Referral,East,107.82,980
2026-08-28,Organic,West,0.0,259
2026-08-28,Paid,West,707.61,6900
2026-08-28,Email,West,151.95,1387
2026-08-28,Referral,West,95.73,1135
2026-08-29,Organic,North,0.0,277
2026-08-29,Paid,North,428.3,4053
2026-08-29,Email,North,153.12,1730
2026-08-29,Referral,North,112.36,1081
2026-08-29,Organic,South,0.0,325
2026-08-29,Paid,South,817.78,9439
2026-08-29,Email,South,131.1,1558
2026-08-29,Referral,South,108.04,1062
2026-08-29,Organic,East,0.0,383
2026-08-29,Paid,East,911.12,8019
2026-08-29,Email,East,169.88,1485
2026-08-29,Referral,East,113.88,917
2026-08-29,Organic,West,0.0,412
2026-08-29,Paid,West,687.33,6768
2026-08-29,Email,West,127.81,1044
2026-08-29,Referral,West,108.73,1269
2026-08-30,Organic,North,0.0,413
2026-08-30,Paid,North,484.97,4181
2026-08-30,Email,North,154.43,1542
2026-08-30,Referral,North,110.7,1131
2026-08-30,Organic,South,0.0,474
2026-08-30,Paid,South,898.22,8419
2026-08-30,Email,South,161.06,1858
2026-08-30,Referral,South,95.97,1065
2026-08-30,Organic,East,0.0,200
2026-08-30,Paid,East,782.46,8253
2026-08-30,Email,East,143.91,1659
2026-08-30,Referral,East,104.57,1060
2026-08-30,Organic,West,0.0,459
2026-08-30,Paid,West,859.95,7717
2026-08-30,Email,West,163.59,1644
2026-08-30,Referral,West,91.16,1085
2026-08-31,Organic,North,0.0,320
2026-08-31,Paid,North,378.72,4425
2026-08-31,Email,North,133.21,1308
2026-08-31,Referral,North,100.54,1110
2026-08-31,Organic,South,0.0,223
2026-08-31,Paid,South,859.67,9289
2026-08-31,Email,South,141.24,1578
2026-08-31,Referral,South,90.45,1073
2026-08-31,Organic,East,0.0,480
2026-08-31,Paid,East,838.56,7855
2026-08-31,Email,East,146.53,1619
2026-08-31,Referral,East,91.23,843
2026-08-31,Organic,West,0.0,332
2026-08-31,Paid,West,867.86,7444
2026-08-31,Email,West,132.71,1541
2026-08-31,Referral,West,113.98,1156
