order_id,customer_id,product_id,order_date,quantity,revenue,channel
O000001,C0235,P0012,2025-09-01,3,219.54,Paid
O000002,C0445,P0022,2025-09-01,2,174.92,Organic
O000003,C0445,P0025,2025-09-01,2,59.52,Paid
O000004,C0003,P0034,2025-09-01,2,174.98,Organic
O000005,C0218,P0037,2025-09-01,3,172.05,Organic
O000006,C0144,P0038,2025-09-01,1,111.95,Email
O000007,C0430,P0005,2025-09-01,1,124.69,Organic
O000008,C0672,P0011,2025-09-01,2,67.96,Paid
O000009,C0444,P0010,2025-09-01,3,142.32,Referral
O000010,C0687,P0010,2025-09-01,1,47.44,Paid
O000011,C0489,P0015,2025-09-01,2,155.26,Paid
O000012,C0249,P0018,2025-09-01,1,94.25,Referral
O000013,C0424,P0019,2025-09-01,3,447.69,Organic
O000014,C0287,P0032,2025-09-01,2,106.18,Email
O000015,C0079,P0028,2025-09-01,1,19.44,Email
O000016,C0486,P0031,2025-09-01,2,67.94,Paid
O000017,C0795,P0032,2025-09-01,1,53.09,Organic
O000018,C0061,P0006,2025-09-01,3,418.29,Organic
O000019,C0499,P0011,2025-09-01,1,33.98,Paid
O000020,C0305,P0014,2025-09-01,2,86.74,Email
O000021,C0754,P0024,2025-09-01,2,63.16,Organic
O000022,C0561,P0032,2025-09-01,1,53.09,Paid
O000023,C0076,P0002,2025-09-01,1,90.42,Paid
O000024,C0514,P0007,2025-09-01,1,387.23,Paid
O000025,C0149,P0001,2025-09-01,1,368.78,Organic
O000026,C0781,P0003,2025-09-01,1,283.98,Organic
O000027,C0311,P0002,2025-09-01,2,180.84,Organic
O000028,C0749,P0003,2025-09-01,1,283.98,Organic
O000029,C0470,P0011,2025-09-01,1,33.98,Organic
O000030,C0314,P0010,2025-09-01,1,47.44,Email
O000031,C0059,P0023,2025-09-01,1,125.29,Email
O000032,C0311,P0020,2025-09-01,3,75.06,Organic
O000033,C0001,P0023,2025-09-01,3,375.87,Organic
O000034,C0230,P0017,2025-09-01,3,61.68,Organic
O000035,C0716,P0030,2025-09-01,1,30.5,Email
O000036,C0059,P0030,2025-09-01,3,91.5,Paid
O000037,C0726,P0035,2025-09-01,3,354.63,Organic
O000038,C0445,P0007,2025-09-02,2,774.46,Email
O000039,C0723,P0003,2025-09-02,3,851.94,Organic
O000040,C0510,P0011,2025-09-02,2,67.96,Organic
O000041,C0005,P0011,2025-09-02,2,67.96,Organic
O000042,C0590,P0012,2025-09-02,3,219.54,Organic
O000043,C0628,P0018,2025-09-02,1,94.25,Paid
O000044,C0141,P0019,2025-09-02,1,149.23,Referral
O000045,C0658,P0017,2025-09-02,2,41.12,Paid
O000046,C0590,P0019,2025-09-02,1,149.23,Paid
O000047,C0723,P0023,2025-09-02,1,125.29,Paid
O000048,C0205,P0028,2025-09-02,3,58.32,Email
O000049,C0639,P0026,2025-09-02,1,47.35,Paid
O000050,C0576,P0038,2025-09-02,1,111.95,Referral
O000051,C0005,P0036,2025-09-02,1,58.24,Paid
O000052,C0785,P0008,2025-09-02,1,135.26,Referral
O000053,C0047,P0012,2025-09-02,1,73.18,Email
O000054,C0728,P0015,2025-09-02,1,77.63,Paid
O000055,C0017,P0009,2025-09-02,2,94.5,Paid
O000056,C0446,P0023,2025-09-02,3,375.87,Paid
O000057,C0155,P0024,2025-09-02,2,63.16,Organic
O000058,C0740,P0031,2025-09-02,1,33.97,Organic
O000059,C0537,P0027,2025-09-02,2,57.16,Organic
O000060,C0766,P0034,2025-09-02,2,174.98,Paid
O000061,C0060,P0039,2025-09-02,1,40.82,Paid
O000062,C0564,P0006,2025-09-02,2,278.86,Paid
O000063,C0465,P0008,2025-09-02,3,405.78,Organic
O000064,C0660,P0004,2025-09-02,2,666.42,Organic
O000065,C0102,P0007,2025-09-02,1,387.23,Paid
O000066,C0099,P0009,2025-09-02,2,94.5,Organic
O000067,C0040,P0015,2025-09-02,3,232.89,Organic
O000068,C0227,P0009,2025-09-02,1,47.25,Organic
O000069,C0102,P0014,2025-09-02,1,43.37,Organic
O000070,C0115,P0012,2025-09-02,3,219.54,Email
O000071,C0034,P0010,2025-09-02,1,47.44,Referral
O000072,C0588,P0022,2025-09-02,1,87.46,Paid
O000073,C0680,P0017,2025-09-02,3,61.68,Paid
O000074,C0194,P0024,2025-09-02,3,94.74,Email
O000075,C0509,P0027,2025-09-02,3,85.74,Organic
O000076,C0485,P0027,2025-09-02,2,57.16,Email
O000077,C0325,P0036,2025-09-02,1,58.24,Organic
O000078,C0252,P0001,2025-09-02,3,1106.34,Paid
O000079,C0673,P0009,2025-09-02,1,47.25,Organic
O000080,C0316,P0017,2025-09-02,1,20.56,Paid
O000081,C0358,P0020,2025-09-02,3,75.06,Organic
O000082,C0688,P0025,2025-09-02,3,89.28,Email
O000083,C0407,P0027,2025-09-02,2,57.16,Organic
O000084,C0203,P0037,2025-09-02,3,172.05,Organic
O000085,C0273,P0007,2025-09-03,3,1161.69,Organic
O000086,C0198,P0027,2025-09-03,3,85.74,Paid
O000087,C0583,P0029,2025-09-03,3,59.31,Organic
O000088,C0273,P0029,2025-09-03,3,59.31,Organic
O000089,C0535,P0036,2025-09-03,1,58.24,Paid
O000090,C0523,P0035,2025-09-03,2,236.42,Organic
O000091,C0425,P0035,2025-09-03,3,354.63,Organic
O000092,C0570,P0033,2025-09-03,1,82.44,Email
O000093,C0391,P0006,2025-09-03,3,418.29,Organic
O000094,C0029,P0009,2025-09-03,1,47.25,Email
O000095,C0687,P0022,2025-09-03,1,87.46,Paid
O000096,C0473,P0027,2025-09-03,2,57.16,Referral
O000097,C0335,P0027,2025-09-03,2,57.16,Organic
O000098,C0728,P0037,2025-09-03,2,114.7,Organic
O000099,C0785,P0035,2025-09-03,2,236.42,Paid
O000100,C0605,P0040,2025-09-03,3,274.89,Organic
O000101,C0792,P0037,2025-09-03,3,172.05,Organic
O000102,C0132,P0036,2025-09-03,1,58.24,Paid
O000103,C0740,P0033,2025-09-03,3,247.32,Organic
O000104,C0780,P0002,2025-09-03,3,271.26,Paid
O000105,C0245,P0001,2025-09-03,1,368.78,Paid
O000106,C0183,P0016,2025-09-03,3,92.94,Referral
O000107,C0633,P0013,2025-09-03,1,72.89,Organic
O000108,C0548,P0014,2025-09-03,3,130.11,Referral
O000109,C0422,P0010,2025-09-03,1,47.44,Paid
O000110,C0115,P0020,2025-09-03,2,50.04,Paid
O000111,C0490,P0021,2025-09-03,2,94.08,Paid
O000112,C0548,P0031,2025-09-03,1,33.97,Organic
O000113,C0247,P0029,2025-09-03,3,59.31,Paid
O000114,C0167,P0027,2025-09-03,1,28.58,Paid
O000115,C0061,P0026,2025-09-03,1,47.35,Email
O000116,C0138,P0039,2025-09-03,3,122.46,Paid
O000117,C0025,P0037,2025-09-03,1,57.35,Organic
O000118,C0025,P0039,2025-09-03,1,40.82,Organic
O000119,C0797,P0001,2025-09-03,1,368.78,Email
O000120,C0470,P0007,2025-09-03,2,774.46,Email
O000121,C0230,P0007,2025-09-03,2,774.46,Paid
O000122,C0189,P0016,2025-09-03,3,92.94,Email
O000123,C0072,P0013,2025-09-03,3,218.67,Organic
O000124,C0643,P0022,2025-09-03,3,262.38,Referral
O000125,C0313,P0023,2025-09-03,3,375.87,Organic
O000126,C0716,P0031,2025-09-03,1,33.97,Organic
O000127,C0304,P0026,2025-09-03,1,47.35,Organic
O000128,C0110,P0025,2025-09-03,1,29.76,Paid
O000129,C0720,P0026,2025-09-03,2,94.7,Paid
O000130,C0568,P0031,2025-09-03,2,67.94,Paid
O000131,C0051,P0037,2025-09-03,2,114.7,Paid
O000132,C0666,P0037,2025-09-03,1,57.35,Referral
O000133,C0151,P0037,2025-09-03,1,57.35,Organic
O000134,C0653,P0035,2025-09-03,1,118.21,Paid
O000135,C0498,P0037,2025-09-03,1,57.35,Organic
O000136,C0043,P0001,2025-09-04,3,1106.34,Organic
O000137,C0324,P0003,2025-09-04,3,851.94,Paid
O000138,C0428,P0013,2025-09-04,3,218.67,Organic
O000139,C0686,P0011,2025-09-04,1,33.98,Organic
O000140,C0756,P0015,2025-09-04,2,155.26,Paid
O000141,C0131,P0017,2025-09-04,3,61.68,Paid
O000142,C0443,P0017,2025-09-04,3,61.68,Organic
O000143,C0464,P0021,2025-09-04,2,94.08,Email
O000144,C0225,P0026,2025-09-04,3,142.05,Organic
O000145,C0317,P0031,2025-09-04,2,67.94,Organic
O000146,C0627,P0027,2025-09-04,1,28.58,Organic
O000147,C0759,P0027,2025-09-04,1,28.58,Paid
O000148,C0452,P0039,2025-09-04,1,40.82,Referral
O000149,C0776,P0033,2025-09-04,2,164.88,Referral
O000150,C0020,P0037,2025-09-04,3,172.05,Organic
O000151,C0198,P0038,2025-09-04,2,223.9,Email
O000152,C0391,P0023,2025-09-04,2,250.58,Organic
O000153,C0614,P0028,2025-09-04,1,19.44,Email
O000154,C0792,P0029,2025-09-04,3,59.31,Referral
O000155,C0455,P0032,2025-09-04,3,159.27,Organic
O000156,C0355,P0029,2025-09-04,3,59.31,Paid
O000157,C0665,P0035,2025-09-04,3,354.63,Organic
O000158,C0308,P0037,2025-09-04,2,114.7,Email
O000159,C0359,P0004,2025-09-04,2,666.42,Email
O000160,C0410,P0004,2025-09-04,1,333.21,Paid
O000161,C0689,P0016,2025-09-04,2,61.96,Email
O000162,C0138,P0009,2025-09-04,2,94.5,Email
O000163,C0431,P0016,2025-09-04,1,30.98,Email
O000164,C0709,P0020,2025-09-04,2,50.04,Organic
O000165,C0738,P0018,2025-09-04,1,94.25,Organic
O000166,C0517,P0024,2025-09-04,2,63.16,Organic
O000167,C0176,P0029,2025-09-04,2,39.54,Paid
O000168,C0440,P0029,2025-09-04,2,39.54,Organic
O000169,C0422,P0028,2025-09-04,1,19.44,Paid
O000170,C0233,P0038,2025-09-04,3,335.85,Email
O000171,C0654,P0034,2025-09-04,1,87.49,Organic
O000172,C0233,P0039,2025-09-04,3,122.46,Organic
O000173,C0290,P0008,2025-09-04,2,270.52,Email
O000174,C0357,P0002,2025-09-04,3,271.26,Email
O000175,C0497,P0012,2025-09-04,3,219.54,Paid
O000176,C0744,P0014,2025-09-04,2,86.74,Organic
O000177,C0769,P0018,2025-09-04,2,188.5,Referral
O000178,C0771,P0017,2025-09-04,1,20.56,Organic
O000179,C0407,P0018,2025-09-04,1,94.25,Organic
O000180,C0150,P0019,2025-09-04,2,298.46,Referral
O000181,C0265,P0036,2025-09-04,2,116.48,Paid
O000182,C0290,P0039,2025-09-04,3,122.46,Organic
O000183,C0568,P0036,2025-09-04,2,116.48,Organic
O000184,C0459,P0005,2025-09-05,1,124.69,Paid
O000185,C0755,P0002,2025-09-05,1,90.42,Paid
O000186,C0399,P0011,2025-09-05,3,101.94,Organic
O000187,C0463,P0018,2025-09-05,3,282.75,Organic
O000188,C0551,P0024,2025-09-05,1,31.58,Paid
O000189,C0347,P0023,2025-09-05,1,125.29,Email
O000190,C0627,P0029,2025-09-05,1,19.77,Organic
O000191,C0195,P0032,2025-09-05,2,106.18,Paid
O000192,C0050,P0025,2025-09-05,3,89.28,Referral
O000193,C0317,P0026,2025-09-05,1,47.35,Email
O000194,C0755,P0026,2025-09-05,1,47.35,Email
O000195,C0631,P0027,2025-09-05,2,57.16,Paid
O000196,C0464,P0025,2025-09-05,1,29.76,Organic
O000197,C0256,P0038,2025-09-05,1,111.95,Organic
O000198,C0455,P0005,2025-09-05,3,374.07,Organic
O000199,C0569,P0006,2025-09-05,1,139.43,Email
O000200,C0424,P0001,2025-09-05,2,737.56,Paid
O000201,C0392,P0003,2025-09-05,2,567.96,Email
O000202,C0712,P0012,2025-09-05,2,146.36,Organic
O000203,C0609,P0010,2025-09-05,2,94.88,Paid
O000204,C0249,P0017,2025-09-05,1,20.56,Email
O000205,C0480,P0025,2025-09-05,2,59.52,Organic
O000206,C0646,P0038,2025-09-05,3,335.85,Organic
O000207,C0785,P0040,2025-09-05,3,274.89,Paid
O000208,C0430,P0033,2025-09-05,2,164.88,Organic
O000209,C0167,P0004,2025-09-05,2,666.42,Email
O000210,C0440,P0007,2025-09-05,3,1161.69,Paid
O000211,C0680,P0009,2025-09-05,1,47.25,Organic
O000212,C0476,P0013,2025-09-05,2,145.78,Organic
O000213,C0068,P0018,2025-09-05,2,188.5,Email
O000214,C0633,P0027,2025-09-05,2,57.16,Email
O000215,C0115,P0038,2025-09-05,1,111.95,Organic
O000216,C0660,P0038,2025-09-05,2,223.9,Organic
O000217,C0757,P0033,2025-09-05,2,164.88,Organic
O000218,C0211,P0039,2025-09-05,2,81.64,Paid
O000219,C0726,P0005,2025-09-05,3,374.07,Organic
O000220,C0511,P0016,2025-09-05,1,30.98,Organic
O000221,C0453,P0018,2025-09-05,1,94.25,Paid
O000222,C0314,P0019,2025-09-05,1,149.23,Paid
O000223,C0456,P0032,2025-09-05,2,106.18,Organic
O000224,C0221,P0038,2025-09-05,2,223.9,Referral
O000225,C0264,P0033,2025-09-05,2,164.88,Organic
O000226,C0169,P0004,2025-09-06,3,999.63,Organic
O000227,C0019,P0006,2025-09-06,1,139.43,Organic
O000228,C0062,P0004,2025-09-06,3,999.63,Paid
O000229,C0324,P0006,2025-09-06,3,418.29,Paid
O000230,C0219,P0011,2025-09-06,3,101.94,Organic
O000231,C0403,P0014,2025-09-06,3,130.11,Organic
O000232,C0799,P0015,2025-09-06,1,77.63,Paid
O000233,C0445,P0021,2025-09-06,2,94.08,Paid
O000234,C0523,P0021,2025-09-06,2,94.08,Organic
O000235,C0157,P0026,2025-09-06,2,94.7,Referral
O000236,C0212,P0031,2025-09-06,1,33.97,Email
O000237,C0263,P0026,2025-09-06,2,94.7,Organic
O000238,C0317,P0026,2025-09-06,1,47.35,Email
O000239,C0281,P0032,2025-09-06,2,106.18,Organic
O000240,C0685,P0038,2025-09-06,1,111.95,Organic
O000241,C0128,P0034,2025-09-06,3,262.47,Email
O000242,C0157,P0038,2025-09-06,3,335.85,Organic
O000243,C0435,P0037,2025-09-06,1,57.35,Paid
O000244,C0563,P0003,2025-09-06,2,567.96,Paid
O000245,C0134,P0002,2025-09-06,1,90.42,Paid
O000246,C0605,P0004,2025-09-06,3,999.63,Paid
O000247,C0276,P0013,2025-09-06,1,72.89,Organic
O000248,C0594,P0012,2025-09-06,1,73.18,Paid
O000249,C0605,P0010,2025-09-06,1,47.44,Email
O000250,C0017,P0016,2025-09-06,3,92.94,Organic
O000251,C0795,P0013,2025-09-06,3,218.67,Paid
O000252,C0646,P0021,2025-09-06,3,141.12,Paid
O000253,C0089,P0018,2025-09-06,1,94.25,Organic
O000254,C0006,P0020,2025-09-06,3,75.06,Paid
O000255,C0158,P0031,2025-09-06,1,33.97,Email
O000256,C0575,P0037,2025-09-06,1,57.35,Organic
O000257,C0560,P0036,2025-09-06,2,116.48,Paid
O000258,C0047,P0033,2025-09-06,2,164.88,Organic
O000259,C0127,P0034,2025-09-06,2,174.98,Email
O000260,C0734,P0033,2025-09-06,2,164.88,Organic
O000261,C0564,P0003,2025-09-06,2,567.96,Referral
O000262,C0299,P0011,2025-09-06,1,33.98,Paid
O000263,C0350,P0012,2025-09-06,1,73.18,Email
O000264,C0780,P0018,2025-09-06,3,282.75,Organic
O000265,C0689,P0022,2025-09-06,1,87.46,Paid
O000266,C0389,P0023,2025-09-06,2,250.58,Paid
O000267,C0083,P0018,2025-09-06,3,282.75,Organic
O000268,C0410,P0018,2025-09-06,2,188.5,Organic
O000269,C0126,P0018,2025-09-06,1,94.25,Organic
O000270,C0068,P0026,2025-09-06,3,142.05,Organic
O000271,C0667,P0025,2025-09-06,2,59.52,Email
O000272,C0496,P0034,2025-09-06,1,87.49,Organic
O000273,C0191,P0038,2025-09-06,1,111.95,Email
O000274,C0389,P0037,2025-09-06,1,57.35,Organic
O000275,C0440,P0036,2025-09-06,3,174.72,Referral
O000276,C0481,P0036,2025-09-06,3,174.72,Referral
O000277,C0522,P0039,2025-09-06,2,81.64,Paid
O000278,C0621,P0003,2025-09-06,2,567.96,Organic
O000279,C0566,P0016,2025-09-06,3,92.94,Paid
O000280,C0695,P0009,2025-09-06,3,141.75,Organic
O000281,C0552,P0019,2025-09-06,2,298.46,Paid
O000282,C0448,P0017,2025-09-06,2,41.12,Paid
O000283,C0791,P0018,2025-09-06,3,282.75,Organic
O000284,C0555,P0031,2025-09-06,1,33.97,Paid
O000285,C0478,P0026,2025-09-06,3,142.05,Paid
O000286,C0069,P0037,2025-09-06,1,57.35,Organic
O000287,C0716,P0038,2025-09-06,2,223.9,Email
O000288,C0695,P0037,2025-09-06,1,57.35,Email
O000289,C0383,P0036,2025-09-06,1,58.24,Organic
O000290,C0215,P0001,2025-09-07,3,1106.34,Paid
O000291,C0219,P0007,2025-09-07,1,387.23,Organic
O000292,C0723,P0002,2025-09-07,2,180.84,Organic
O000293,C0611,P0011,2025-09-07,1,33.98,Organic
O000294,C0100,P0017,2025-09-07,3,61.68,Paid
O000295,C0205,P0022,2025-09-07,1,87.46,Organic
O000296,C0256,P0021,2025-09-07,1,47.04,Paid
O000297,C0215,P0024,2025-09-07,2,63.16,Paid
O000298,C0122,P0026,2025-09-07,3,142.05,Organic
O000299,C0638,P0025,2025-09-07,1,29.76,Referral
O000300,C0228,P0033,2025-09-07,1,82.44,Organic
O000301,C0472,P0038,2025-09-07,1,111.95,Organic
O000302,C0641,P0005,2025-09-07,1,124.69,Paid
O000303,C0441,P0010,2025-09-07,2,94.88,Email
O000304,C0439,P0011,2025-09-07,3,101.94,Referral
O000305,C0006,P0014,2025-09-07,2,86.74,Organic
O000306,C0439,P0009,2025-09-07,1,47.25,Organic
O000307,C0794,P0019,2025-09-07,1,149.23,Email
O000308,C0178,P0029,2025-09-07,1,19.77,Organic
O000309,C0632,P0027,2025-09-07,3,85.74,Email
O000310,C0609,P0025,2025-09-07,3,89.28,Paid
O000311,C0775,P0038,2025-09-07,2,223.9,Organic
O000312,C0132,P0034,2025-09-07,1,87.49,Paid
O000313,C0048,P0033,2025-09-07,2,164.88,Organic
O000314,C0177,P0006,2025-09-07,3,418.29,Paid
O000315,C0305,P0008,2025-09-07,3,405.78,Organic
O000316,C0694,P0008,2025-09-07,2,270.52,Organic
O000317,C0143,P0012,2025-09-07,3,219.54,Email
O000318,C0108,P0009,2025-09-07,1,47.25,Organic
O000319,C0733,P0013,2025-09-07,1,72.89,Organic
O000320,C0754,P0010,2025-09-07,3,142.32,Organic
O000321,C0601,P0012,2025-09-07,3,219.54,Organic
O000322,C0561,P0024,2025-09-07,3,94.74,Paid
O000323,C0522,P0022,2025-09-07,3,262.38,Paid
O000324,C0305,P0021,2025-09-07,3,141.12,Paid
O000325,C0540,P0030,2025-09-07,2,61.0,Organic
O000326,C0108,P0025,2025-09-07,1,29.76,Organic
O000327,C0126,P0036,2025-09-07,2,116.48,Paid
O000328,C0574,P0038,2025-09-07,2,223.9,Paid
O000329,C0359,P0036,2025-09-07,1,58.24,Email
O000330,C0302,P0002,2025-09-07,3,271.26,Organic
O000331,C0558,P0003,2025-09-07,3,851.94,Paid
O000332,C0161,P0010,2025-09-07,1,47.44,Paid
O000333,C0432,P0021,2025-09-07,2,94.08,Organic
O000334,C0704,P0018,2025-09-07,3,282.75,Organic
O000335,C0668,P0017,2025-09-07,3,61.68,Organic
O000336,C0498,P0029,2025-09-07,1,19.77,Referral
O000337,C0696,P0027,2025-09-07,3,85.74,Organic
O000338,C0117,P0028,2025-09-07,2,38.88,Organic
O000339,C0800,P0029,2025-09-07,2,39.54,Organic
O000340,C0469,P0032,2025-09-07,2,106.18,Organic
O000341,C0783,P0031,2025-09-07,2,67.94,Organic
O000342,C0568,P0030,2025-09-07,2,61.0,Paid
O000343,C0076,P0033,2025-09-07,3,247.32,Organic
O000344,C0383,P0034,2025-09-07,2,174.98,Organic
O000345,C0203,P0037,2025-09-07,3,172.05,Paid
O000346,C0696,P0034,2025-09-07,3,262.47,Organic
O000347,C0617,P0003,2025-09-08,2,567.96,Paid
O000348,C0425,P0004,2025-09-08,1,333.21,Organic
O000349,C0226,P0008,2025-09-08,2,270.52,Email
O000350,C0618,P0013,2025-09-08,1,72.89,Referral
O000351,C0399,P0012,2025-09-08,1,73.18,Organic
O000352,C0207,P0024,2025-09-08,2,63.16,Referral
O000353,C0322,P0020,2025-09-08,1,25.02,Organic
O000354,C0796,P0020,2025-09-08,3,75.06,Referral
O000355,C0464,P0017,2025-09-08,1,20.56,Referral
O000356,C0435,P0036,2025-09-08,2,116.48,Organic
O000357,C0683,P0005,2025-09-08,3,374.07,Paid
O000358,C0489,P0008,2025-09-08,1,135.26,Paid
O000359,C0537,P0001,2025-09-08,2,737.56,Organic
O000360,C0596,P0004,2025-09-08,2,666.42,Email
O000361,C0276,P0001,2025-09-08,1,368.78,Email
O000362,C0392,P0004,2025-09-08,2,666.42,Paid
O000363,C0160,P0013,2025-09-08,3,218.67,Email
O000364,C0533,P0022,2025-09-08,1,87.46,Paid
O000365,C0060,P0019,2025-09-08,2,298.46,Organic
O000366,C0249,P0021,2025-09-08,2,94.08,Organic
O000367,C0180,P0018,2025-09-08,1,94.25,Organic
O000368,C0446,P0017,2025-09-08,3,61.68,Organic
O000369,C0250,P0029,2025-09-08,2,39.54,Organic
O000370,C0488,P0026,2025-09-08,3,142.05,Email
O000371,C0775,P0032,2025-09-08,1,53.09,Organic
O000372,C0049,P0025,2025-09-08,3,89.28,Paid
O000373,C0766,P0035,2025-09-08,3,354.63,Email
O000374,C0490,P0007,2025-09-08,3,1161.69,Organic
O000375,C0099,P0004,2025-09-08,3,999.63,Organic
O000376,C0557,P0011,2025-09-08,2,67.96,Paid
O000377,C0034,P0015,2025-09-08,3,232.89,Paid
O000378,C0240,P0010,2025-09-08,3,142.32,Paid
O000379,C0692,P0014,2025-09-08,3,130.11,Paid
O000380,C0410,P0011,2025-09-08,2,67.96,Organic
O000381,C0505,P0023,2025-09-08,1,125.29,Email
O000382,C0112,P0019,2025-09-08,2,298.46,Email
O000383,C0680,P0030,2025-09-08,3,91.5,Paid
O000384,C0112,P0030,2025-09-08,2,61.0,Email
O000385,C0373,P0040,2025-09-08,1,91.63,Referral
O000386,C0496,P0040,2025-09-08,3,274.89,Paid
O000387,C0517,P0034,2025-09-08,1,87.49,Email
O000388,C0229,P0005,2025-09-08,2,249.38,Paid
O000389,C0161,P0004,2025-09-08,3,999.63,Organic
O000390,C0221,P0016,2025-09-08,1,30.98,Paid
O000391,C0479,P0010,2025-09-08,2,94.88,Email
O000392,C0448,P0018,2025-09-08,1,94.25,Email
O000393,C0264,P0021,2025-09-08,2,94.08,Organic
O000394,C0458,P0032,2025-09-08,3,159.27,Organic
O000395,C0483,P0031,2025-09-08,2,67.94,Paid
O000396,C0612,P0033,2025-09-08,3,247.32,Paid
O000397,C0051,P0040,2025-09-08,2,183.26,Paid
O000398,C0218,P0003,2025-09-09,3,851.94,Email
O000399,C0620,P0007,2025-09-09,1,387.23,Email
O000400,C0611,P0002,2025-09-09,1,90.42,Email
O000401,C0510,P0012,2025-09-09,1,73.18,Organic
O000402,C0576,P0017,2025-09-09,3,61.68,Email
O000403,C0218,P0020,2025-09-09,2,50.04,Referral
O000404,C0380,P0024,2025-09-09,3,94.74,Organic
O000405,C0088,P0031,2025-09-09,2,67.94,Organic
O000406,C0364,P0028,2025-09-09,3,58.32,Email
O000407,C0435,P0032,2025-09-09,1,53.09,Organic
O000408,C0599,P0030,2025-09-09,1,30.5,Organic
O000409,C0551,P0034,2025-09-09,1,87.49,Organic
O000410,C0003,P0035,2025-09-09,1,118.21,Paid
O000411,C0081,P0035,2025-09-09,2,236.42,Email
O000412,C0586,P0007,2025-09-09,1,387.23,Referral
O000413,C0772,P0005,2025-09-09,1,124.69,Paid
O000414,C0486,P0002,2025-09-09,3,271.26,Paid
O000415,C0412,P0009,2025-09-09,3,141.75,Paid
O000416,C0430,P0015,2025-09-09,2,155.26,Paid
O000417,C0064,P0009,2025-09-09,2,94.5,Organic
O000418,C0073,P0011,2025-09-09,3,101.94,Paid
O000419,C0018,P0023,2025-09-09,2,250.58,Organic
O000420,C0675,P0027,2025-09-09,1,28.58,Email
O000421,C0180,P0027,2025-09-09,3,85.74,Organic
O000422,C0691,P0039,2025-09-09,1,40.82,Organic
O000423,C0763,P0002,2025-09-09,3,271.26,Email
O000424,C0681,P0002,2025-09-09,3,271.26,Organic
O000425,C0561,P0010,2025-09-09,3,142.32,Paid
O000426,C0234,P0017,2025-09-09,2,41.12,Email
O000427,C0476,P0024,2025-09-09,2,63.16,Paid
O000428,C0315,P0025,2025-09-09,3,89.28,Organic
O000429,C0738,P0033,2025-09-09,2,164.88,Referral
O000430,C0387,P0037,2025-09-09,2,114.7,Organic
O000431,C0706,P0013,2025-09-09,1,72.89,Organic
O000432,C0311,P0020,2025-09-09,1,25.02,Organic
O000433,C0229,P0025,2025-09-09,1,29.76,Organic
O000434,C0791,P0026,2025-09-09,3,142.05,Organic
O000435,C0296,P0030,2025-09-09,3,91.5,Email
O000436,C0744,P0037,2025-09-09,2,114.7,Email
O000437,C0770,P0036,2025-09-09,3,174.72,Email
O000438,C0407,P0039,2025-09-09,3,122.46,Organic
O000439,C0203,P0038,2025-09-09,1,111.95,Referral
O000440,C0695,P0034,2025-09-09,3,262.47,Paid
O000441,C0265,P0037,2025-09-09,3,172.05,Referral
O000442,C0290,P0034,2025-09-09,1,87.49,Paid
O000443,C0621,P0039,2025-09-09,3,122.46,Organic
O000444,C0616,P0001,2025-09-10,1,368.78,Paid
O000445,C0385,P0003,2025-09-10,3,851.94,Organic
O000446,C0170,P0014,2025-09-10,2,86.74,Paid
O000447,C0403,P0019,2025-09-10,1,149.23,Organic
O000448,C0554,P0018,2025-09-10,3,282.75,Organic
O000449,C0020,P0017,2025-09-10,1,20.56,Organic
O000450,C0570,P0027,2025-09-10,2,57.16,Referral
O000451,C0277,P0032,2025-09-10,2,106.18,Email
O000452,C0603,P0028,2025-09-10,3,58.32,Paid
O000453,C0141,P0039,2025-09-10,1,40.82,Organic
O000454,C0335,P0006,2025-09-10,3,418.29,Referral
O000455,C0444,P0002,2025-09-10,3,271.26,Paid
O000456,C0160,P0001,2025-09-10,1,368.78,Organic
O000457,C0580,P0022,2025-09-10,2,174.92,Email
O000458,C0159,P0026,2025-09-10,1,47.35,Organic
O000459,C0609,P0033,2025-09-10,1,82.44,Paid
O000460,C0040,P0008,2025-09-10,2,270.52,Organic
O000461,C0112,P0004,2025-09-10,1,333.21,Organic
O000462,C0325,P0001,2025-09-10,1,368.78,Paid
O000463,C0220,P0007,2025-09-10,2,774.46,Paid
O000464,C0418,P0013,2025-09-10,3,218.67,Paid
O000465,C0283,P0024,2025-09-10,2,63.16,Paid
O000466,C0031,P0027,2025-09-10,1,28.58,Organic
O000467,C0305,P0030,2025-09-10,3,91.5,Email
O000468,C0754,P0037,2025-09-10,2,114.7,Paid
O000469,C0754,P0040,2025-09-10,3,274.89,Paid
O000470,C0192,P0005,2025-09-10,2,249.38,Organic
O000471,C0497,P0003,2025-09-10,3,851.94,Paid
O000472,C0053,P0014,2025-09-10,3,130.11,Organic
O000473,C0096,P0012,2025-09-10,3,219.54,Paid
O000474,C0059,P0017,2025-09-10,1,20.56,Paid
O000475,C0555,P0020,2025-09-10,1,25.02,Organic
O000476,C0354,P0018,2025-09-10,1,94.25,Organic
O000477,C0791,P0032,2025-09-10,1,53.09,Organic
O000478,C0096,P0027,2025-09-10,3,85.74,Referral
O000479,C0688,P0040,2025-09-10,1,91.63,Referral
O000480,C0442,P0036,2025-09-10,1,58.24,Organic
O000481,C0475,P0038,2025-09-10,2,223.9,Paid
O000482,C0487,P0007,2025-09-11,1,387.23,Organic
O000483,C0043,P0002,2025-09-11,3,271.26,Paid
O000484,C0141,P0002,2025-09-11,2,180.84,Organic
O000485,C0141,P0015,2025-09-11,1,77.63,Organic
O000486,C0295,P0010,2025-09-11,1,47.44,Paid
O000487,C0382,P0013,2025-09-11,2,145.78,Organic
O000488,C0135,P0012,2025-09-11,1,73.18,Email
O000489,C0362,P0011,2025-09-11,1,33.98,Organic
O000490,C0382,P0011,2025-09-11,2,67.96,Paid
O000491,C0649,P0021,2025-09-11,1,47.04,Organic
O000492,C0228,P0021,2025-09-11,2,94.08,Organic
O000493,C0340,P0019,2025-09-11,1,149.23,Paid
O000494,C0464,P0032,2025-09-11,1,53.09,Organic
O000495,C0435,P0033,2025-09-11,3,247.32,Organic
O000496,C0685,P0033,2025-09-11,2,164.88,Referral
O000497,C0369,P0040,2025-09-11,3,274.89,Organic
O000498,C0370,P0001,2025-09-11,2,737.56,Organic
O000499,C0444,P0002,2025-09-11,1,90.42,Organic
O000500,C0178,P0008,2025-09-11,2,270.52,Organic
O000501,C0728,P0012,2025-09-11,1,73.18,Referral
O000502,C0545,P0022,2025-09-11,1,87.46,Organic
O000503,C0642,P0026,2025-09-11,3,142.05,Paid
O000504,C0422,P0001,2025-09-11,2,737.56,Organic
O000505,C0506,P0002,2025-09-11,1,90.42,Referral
O000506,C0440,P0015,2025-09-11,1,77.63,Organic
O000507,C0359,P0009,2025-09-11,3,141.75,Paid
O000508,C0009,P0014,2025-09-11,2,86.74,Organic
O000509,C0694,P0021,2025-09-11,2,94.08,Paid
O000510,C0061,P0023,2025-09-11,1,125.29,Organic
O000511,C0359,P0021,2025-09-11,1,47.04,Organic
O000512,C0166,P0028,2025-09-11,2,38.88,Paid
O000513,C0496,P0033,2025-09-11,1,82.44,Organic
O000514,C0339,P0004,2025-09-11,3,999.63,Email
O000515,C0653,P0014,2025-09-11,1,43.37,Organic
O000516,C0643,P0009,2025-09-11,2,94.5,Organic
O000517,C0407,P0015,2025-09-11,2,155.26,Email
O000518,C0357,P0016,2025-09-11,2,61.96,Email
O000519,C0070,P0010,2025-09-11,3,142.32,Paid
O000520,C0753,P0013,2025-09-11,1,72.89,Organic
O000521,C0121,P0024,2025-09-11,1,31.58,Paid
O000522,C0555,P0020,2025-09-11,2,50.04,Email
O000523,C0456,P0032,2025-09-11,3,159.27,Organic
O000524,C0448,P0028,2025-09-11,2,38.88,Organic
O000525,C0409,P0031,2025-09-11,2,67.94,Paid
O000526,C0789,P0031,2025-09-11,3,101.91,Organic
O000527,C0668,P0033,2025-09-11,3,247.32,Paid
O000528,C0419,P0036,2025-09-11,2,116.48,Organic
O000529,C0497,P0036,2025-09-11,1,58.24,Organic
O000530,C0277,P0001,2025-09-12,2,737.56,Organic
O000531,C0603,P0002,2025-09-12,2,180.84,Email
O000532,C0443,P0005,2025-09-12,3,374.07,Organic
O000533,C0671,P0002,2025-09-12,1,90.42,Paid
O000534,C0128,P0012,2025-09-12,2,146.36,Organic
O000535,C0426,P0016,2025-09-12,3,92.94,Paid
O000536,C0256,P0009,2025-09-12,3,141.75,Referral
O000537,C0776,P0013,2025-09-12,1,72.89,Email
O000538,C0576,P0023,2025-09-12,2,250.58,Email
O000539,C0062,P0019,2025-09-12,2,298.46,Referral
O000540,C0611,P0021,2025-09-12,3,141.12,Email
O000541,C0618,P0029,2025-09-12,3,59.31,Email
O000542,C0482,P0029,2025-09-12,3,59.31,Paid
O000543,C0549,P0033,2025-09-12,1,82.44,Email
O000544,C0228,P0039,2025-09-12,3,122.46,Email
O000545,C0662,P0036,2025-09-12,1,58.24,Organic
O000546,C0444,P0001,2025-09-12,1,368.78,Paid
O000547,C0508,P0004,2025-09-12,1,333.21,Organic
O000548,C0071,P0014,2025-09-12,2,86.74,Organic
O000549,C0127,P0016,2025-09-12,1,30.98,Paid
O000550,C0473,P0022,2025-09-12,1,87.46,Email
O000551,C0370,P0025,2025-09-12,3,89.28,Paid
O000552,C0645,P0030,2025-09-12,2,61.0,Referral
O000553,C0455,P0037,2025-09-12,2,114.7,Paid
O000554,C0454,P0038,2025-09-12,3,335.85,Paid
O000555,C0113,P0034,2025-09-12,3,262.47,Paid
O000556,C0244,P0036,2025-09-12,3,174.72,Email
O000557,C0211,P0030,2025-09-12,3,91.5,Email
O000558,C0557,P0040,2025-09-12,1,91.63,Email
O000559,C0585,P0002,2025-09-12,1,90.42,Organic
O000560,C0500,P0014,2025-09-12,1,43.37,Organic
O000561,C0311,P0010,2025-09-12,3,142.32,Organic
O000562,C0448,P0009,2025-09-12,2,94.5,Organic
O000563,C0149,P0017,2025-09-12,1,20.56,Paid
O000564,C0720,P0020,2025-09-12,1,25.02,Organic
O000565,C0110,P0026,2025-09-12,2,94.7,Paid
O000566,C0296,P0038,2025-09-12,3,335.85,Organic
O000567,C0084,P0038,2025-09-12,2,223.9,Organic
O000568,C0463,P0006,2025-09-13,2,278.86,Email
O000569,C0263,P0007,2025-09-13,1,387.23,Paid
O000570,C0482,P0005,2025-09-13,3,374.07,Organic
O000571,C0273,P0010,2025-09-13,2,94.88,Organic
O000572,C0336,P0020,2025-09-13,2,50.04,Email
O000573,C0590,P0028,2025-09-13,2,38.88,Organic
O000574,C0708,P0036,2025-09-13,3,174.72,Email
O000575,C0281,P0039,2025-09-13,2,81.64,Paid
O000576,C0065,P0034,2025-09-13,3,262.47,Email
O000577,C0256,P0034,2025-09-13,3,262.47,Organic
O000578,C0097,P0040,2025-09-13,3,274.89,Organic
O000579,C0195,P0038,2025-09-13,3,335.85,Organic
O000580,C0488,P0008,2025-09-13,3,405.78,Organic
O000581,C0761,P0008,2025-09-13,3,405.78,Organic
O000582,C0017,P0003,2025-09-13,1,283.98,Organic
O000583,C0333,P0013,2025-09-13,1,72.89,Paid
O000584,C0520,P0011,2025-09-13,3,101.94,Referral
O000585,C0279,P0011,2025-09-13,3,101.94,Organic
O000586,C0353,P0012,2025-09-13,2,146.36,Organic
O000587,C0417,P0023,2025-09-13,1,125.29,Paid
O000588,C0488,P0020,2025-09-13,3,75.06,Email
O000589,C0201,P0023,2025-09-13,3,375.87,Email
O000590,C0155,P0024,2025-09-13,2,63.16,Paid
O000591,C0201,P0038,2025-09-13,2,223.9,Referral
O000592,C0392,P0040,2025-09-13,1,91.63,Referral
O000593,C0166,P0009,2025-09-13,3,141.75,Paid
O000594,C0206,P0013,2025-09-13,3,218.67,Organic
O000595,C0034,P0018,2025-09-13,2,188.5,Referral
O000596,C0138,P0032,2025-09-13,1,53.09,Paid
O000597,C0360,P0025,2025-09-13,2,59.52,Paid
O000598,C0416,P0031,2025-09-13,3,101.91,Organic
O000599,C0650,P0028,2025-09-13,2,38.88,Organic
O000600,C0176,P0036,2025-09-13,2,116.48,Paid
O000601,C0506,P0034,2025-09-13,3,262.47,Organic
O000602,C0401,P0040,2025-09-13,1,91.63,Paid
O000603,C0034,P0034,2025-09-13,3,262.47,Organic
O000604,C0307,P0008,2025-09-13,2,270.52,Organic
O000605,C0164,P0002,2025-09-13,1,90.42,Email
O000606,C0084,P0005,2025-09-13,3,374.07,Organic
O000607,C0453,P0015,2025-09-13,1,77.63,Paid
O000608,C0076,P0009,2025-09-13,2,94.5,Organic
O000609,C0289,P0010,2025-09-13,2,94.88,Organic
O000610,C0695,P0021,2025-09-13,1,47.04,Paid
O000611,C0730,P0021,2025-09-13,2,94.08,Organic
O000612,C0797,P0019,2025-09-13,3,447.69,Organic
O000613,C0745,P0030,2025-09-13,1,30.5,Organic
O000614,C0791,P0035,2025-09-13,1,118.21,Paid
O000615,C0704,P0035,2025-09-13,2,236.42,Paid
O000616,C0723,P0005,2025-09-14,1,124.69,Organic
O000617,C0317,P0001,2025-09-14,3,1106.34,Referral
O000618,C0406,P0007,2025-09-14,3,1161.69,Organic
O000619,C0549,P0011,2025-09-14,2,67.96,Organic
O000620,C0618,P0010,2025-09-14,3,142.32,Referral
O000621,C0590,P0009,2025-09-14,3,141.75,Organic
O000622,C0756,P0012,2025-09-14,2,146.36,Paid
O000623,C0603,P0029,2025-09-14,1,19.77,Email
O000624,C0097,P0030,2025-09-14,2,61.0,Organic
O000625,C0523,P0027,2025-09-14,1,28.58,Organic
O000626,C0169,P0031,2025-09-14,1,33.97,Organic
O000627,C0523,P0030,2025-09-14,3,91.5,Organic
O000628,C0799,P0025,2025-09-14,3,89.28,Organic
O000629,C0472,P0036,2025-09-14,1,58.24,Paid
O000630,C0642,P0007,2025-09-14,3,1161.69,Organic
O000631,C0155,P0007,2025-09-14,2,774.46,Email
O000632,C0486,P0002,2025-09-14,1,90.42,Organic
O000633,C0534,P0005,2025-09-14,3,374.07,Email
O000634,C0622,P0009,2025-09-14,2,94.5,Paid
O000635,C0223,P0012,2025-09-14,1,73.18,Email
O000636,C0641,P0028,2025-09-14,2,38.88,Organic
O000637,C0785,P0026,2025-09-14,2,94.7,Organic
O000638,C0180,P0031,2025-09-14,2,67.94,Paid
O000639,C0420,P0035,2025-09-14,2,236.42,Organic
O000640,C0528,P0037,2025-09-14,3,172.05,Organic
O000641,C0306,P0007,2025-09-14,3,1161.69,Paid
O000642,C0246,P0016,2025-09-14,2,61.96,Email
O000643,C0540,P0011,2025-09-14,2,67.96,Paid
O000644,C0548,P0013,2025-09-14,2,145.78,Organic
O000645,C0009,P0019,2025-09-14,3,447.69,Organic
O000646,C0414,P0020,2025-09-14,3,75.06,Paid
O000647,C0373,P0030,2025-09-14,2,61.0,Organic
O000648,C0588,P0028,2025-09-14,3,58.32,Organic
O000649,C0607,P0030,2025-09-14,2,61.0,Paid
O000650,C0191,P0035,2025-09-14,3,354.63,Referral
O000651,C0404,P0034,2025-09-14,1,87.49,Email
O000652,C0716,P0006,2025-09-14,2,278.86,Paid
O000653,C0192,P0003,2025-09-14,1,283.98,Organic
O000654,C0296,P0006,2025-09-14,2,278.86,Email
O000655,C0475,P0012,2025-09-14,2,146.36,Paid
O000656,C0798,P0014,2025-09-14,3,130.11,Email
O000657,C0296,P0020,2025-09-14,3,75.06,Organic
O000658,C0783,P0020,2025-09-14,1,25.02,Referral
O000659,C0469,P0020,2025-09-14,1,25.02,Organic
O000660,C0252,P0017,2025-09-14,2,41.12,Paid
O000661,C0149,P0024,2025-09-14,2,63.16,Paid
O000662,C0705,P0019,2025-09-14,3,447.69,Organic
O000663,C0673,P0023,2025-09-14,3,375.87,Organic
O000664,C0172,P0029,2025-09-14,1,19.77,Organic
O000665,C0696,P0029,2025-09-14,2,39.54,Paid
O000666,C0511,P0027,2025-09-14,1,28.58,Referral
O000667,C0695,P0030,2025-09-14,3,91.5,Organic
O000668,C0730,P0030,2025-09-14,2,61.0,Email
O000669,C0354,P0035,2025-09-14,1,118.21,Organic
O000670,C0511,P0037,2025-09-14,1,57.35,Paid
O000671,C0263,P0010,2025-09-15,2,94.88,Organic
O000672,C0385,P0009,2025-09-15,2,94.5,Organic
O000673,C0579,P0019,2025-09-15,3,447.69,Email
O000674,C0722,P0021,2025-09-15,3,141.12,Organic
O000675,C0617,P0017,2025-09-15,2,41.12,Email
O000676,C0268,P0032,2025-09-15,2,106.18,Organic
O000677,C0616,P0037,2025-09-15,1,57.35,Email
O000678,C0445,P0040,2025-09-15,2,183.26,Email
O000679,C0638,P0035,2025-09-15,3,354.63,Organic
O000680,C0079,P0009,2025-09-15,1,47.25,Organic
O000681,C0244,P0009,2025-09-15,3,141.75,Referral
O000682,C0291,P0027,2025-09-15,2,57.16,Email
O000683,C0113,P0030,2025-09-15,1,30.5,Organic
O000684,C0750,P0028,2025-09-15,3,58.32,Email
O000685,C0528,P0028,2025-09-15,2,38.88,Organic
O000686,C0712,P0039,2025-09-15,2,81.64,Organic
O000687,C0563,P0034,2025-09-15,3,262.47,Organic
O000688,C0596,P0037,2025-09-15,2,114.7,Organic
O000689,C0473,P0035,2025-09-15,2,236.42,Organic
O000690,C0220,P0007,2025-09-15,2,774.46,Paid
O000691,C0633,P0005,2025-09-15,2,249.38,Organic
O000692,C0092,P0002,2025-09-15,2,180.84,Organic
O000693,C0418,P0011,2025-09-15,3,101.94,Organic
O000694,C0283,P0020,2025-09-15,3,75.06,Organic
O000695,C0540,P0018,2025-09-15,3,282.75,Paid
O000696,C0681,P0027,2025-09-15,1,28.58,Paid
O000697,C0660,P0039,2025-09-15,2,81.64,Organic
O000698,C0704,P0016,2025-09-15,1,30.98,Paid
O000699,C0059,P0011,2025-09-15,1,33.98,Referral
O000700,C0456,P0010,2025-09-15,2,94.88,Organic
O000701,C0753,P0024,2025-09-15,1,31.58,Paid
O000702,C0192,P0029,2025-09-15,2,39.54,Paid
O000703,C0726,P0026,2025-09-15,2,94.7,Paid
O000704,C0693,P0027,2025-09-15,2,57.16,Organic
O000705,C0230,P0033,2025-09-15,2,164.88,Organic
O000706,C0043,P0006,2025-09-16,3,418.29,Referral
O000707,C0352,P0005,2025-09-16,2,249.38,Email
O000708,C0169,P0010,2025-09-16,3,142.32,Paid
O000709,C0535,P0009,2025-09-16,3,141.75,Referral
O000710,C0403,P0024,2025-09-16,1,31.58,Paid
O000711,C0616,P0025,2025-09-16,1,29.76,Email
O000712,C0722,P0032,2025-09-16,3,159.27,Organic
O000713,C0114,P0029,2025-09-16,2,39.54,Paid
O000714,C0616,P0033,2025-09-16,1,82.44,Organic
O000715,C0388,P0037,2025-09-16,3,172.05,Paid
O000716,C0408,P0035,2025-09-16,3,354.63,Organic
O000717,C0482,P0038,2025-09-16,2,223.9,Organic
O000718,C0276,P0008,2025-09-16,2,270.52,Email
O000719,C0675,P0011,2025-09-16,3,101.94,Organic
O000720,C0029,P0012,2025-09-16,1,73.18,Organic
O000721,C0008,P0010,2025-09-16,1,47.44,Organic
O000722,C0587,P0014,2025-09-16,1,43.37,Organic
O000723,C0580,P0022,2025-09-16,2,174.92,Email
O000724,C0740,P0017,2025-09-16,1,20.56,Paid
O000725,C0683,P0025,2025-09-16,1,29.76,Paid
O000726,C0335,P0037,2025-09-16,1,57.35,Paid
O000727,C0681,P0001,2025-09-16,2,737.56,Organic
O000728,C0694,P0002,2025-09-16,2,180.84,Paid
O000729,C0574,P0004,2025-09-16,2,666.42,Paid
O000730,C0359,P0013,2025-09-16,3,218.67,Organic
O000731,C0416,P0011,2025-09-16,2,67.96,Paid
O000732,C0092,P0015,2025-09-16,2,155.26,Organic
O000733,C0245,P0022,2025-09-16,3,262.38,Referral
O000734,C0325,P0019,2025-09-16,1,149.23,Organic
O000735,C0197,P0030,2025-09-16,1,30.5,Organic
O000736,C0607,P0040,2025-09-16,1,91.63,Email
O000737,C0092,P0038,2025-09-16,3,335.85,Email
O000738,C0505,P0037,2025-09-16,1,57.35,Paid
O000739,C0660,P0034,2025-09-16,3,262.47,Paid
O000740,C0001,P0001,2025-09-16,3,1106.34,Referral
O000741,C0221,P0004,2025-09-16,3,999.63,Organic
O000742,C0316,P0006,2025-09-16,1,139.43,Email
O000743,C0555,P0004,2025-09-16,1,333.21,Organic
O000744,C0149,P0015,2025-09-16,2,155.26,Email
O000745,C0716,P0011,2025-09-16,2,67.96,Organic
O000746,C0072,P0015,2025-09-16,2,155.26,Paid
O000747,C0597,P0021,2025-09-16,2,94.08,Paid
O000748,C0705,P0021,2025-09-16,3,141.12,Paid
O000749,C0696,P0023,2025-09-16,3,375.87,Paid
O000750,C0265,P0032,2025-09-16,3,159.27,Organic
O000751,C0591,P0026,2025-09-16,2,94.7,Organic
O000752,C0744,P0038,2025-09-16,1,111.95,Paid
O000753,C0372,P0034,2025-09-16,1,87.49,Organic
O000754,C0686,P0005,2025-09-17,2,249.38,Paid
O000755,C0077,P0001,2025-09-17,1,368.78,Email
O000756,C0576,P0015,2025-09-17,3,232.89,Referral
O000757,C0055,P0016,2025-09-17,3,92.94,Organic
O000758,C0352,P0015,2025-09-17,1,77.63,Organic
O000759,C0385,P0024,2025-09-17,1,31.58,Organic
O000760,C0055,P0019,2025-09-17,3,447.69,Paid
O000761,C0062,P0028,2025-09-17,3,58.32,Paid
O000762,C0396,P0027,2025-09-17,1,28.58,Paid
O000763,C0796,P0031,2025-09-17,2,67.94,Organic
O000764,C0237,P0037,2025-09-17,2,114.7,Organic
O000765,C0169,P0038,2025-09-17,3,335.85,Organic
O000766,C0371,P0039,2025-09-17,2,81.64,Paid
O000767,C0776,P0037,2025-09-17,3,172.05,Referral
O000768,C0616,P0035,2025-09-17,3,354.63,Email
O000769,C0006,P0005,2025-09-17,2,249.38,Organic
O000770,C0223,P0007,2025-09-17,3,1161.69,Organic
O000771,C0508,P0005,2025-09-17,1,124.69,Organic
O000772,C0586,P0003,2025-09-17,3,851.94,Organic
O000773,C0675,P0011,2025-09-17,2,67.96,Organic
O000774,C0645,P0010,2025-09-17,3,142.32,Organic
O000775,C0073,P0015,2025-09-17,3,232.89,Referral
O000776,C0079,P0023,2025-09-17,1,125.29,Email
O000777,C0646,P0019,2025-09-17,1,149.23,Paid
O000778,C0646,P0029,2025-09-17,1,19.77,Organic
O000779,C0691,P0040,2025-09-17,1,91.63,Paid
O000780,C0485,P0004,2025-09-17,1,333.21,Organic
O000781,C0299,P0004,2025-09-17,3,999.63,Referral
O000782,C0099,P0009,2025-09-17,2,94.5,Paid
O000783,C0517,P0010,2025-09-17,2,94.88,Organic
O000784,C0233,P0031,2025-09-17,2,67.94,Email
O000785,C0247,P0027,2025-09-17,2,57.16,Referral
O000786,C0025,P0025,2025-09-17,2,59.52,Paid
O000787,C0350,P0030,2025-09-17,2,61.0,Email
O000788,C0689,P0026,2025-09-17,2,94.7,Organic
O000789,C0715,P0003,2025-09-17,2,567.96,Email
O000790,C0514,P0003,2025-09-17,1,283.98,Paid
O000791,C0695,P0007,2025-09-17,2,774.46,Organic
O000792,C0591,P0012,2025-09-17,2,146.36,Paid
O000793,C0147,P0011,2025-09-17,1,33.98,Paid
O000794,C0121,P0015,2025-09-17,2,155.26,Organic
O000795,C0673,P0018,2025-09-17,2,188.5,Paid
O000796,C0172,P0019,2025-09-17,3,447.69,Paid
O000797,C0051,P0017,2025-09-17,1,20.56,Organic
O000798,C0383,P0019,2025-09-17,3,447.69,Paid
O000799,C0798,P0032,2025-09-17,3,159.27,Email
O000800,C0313,P0031,2025-09-17,1,33.97,Paid
O000801,C0770,P0025,2025-09-17,3,89.28,Organic
O000802,C0696,P0025,2025-09-17,1,29.76,Organic
O000803,C0161,P0040,2025-09-17,2,183.26,Organic
O000804,C0591,P0039,2025-09-17,2,81.64,Paid
O000805,C0498,P0038,2025-09-17,2,223.9,Paid
O000806,C0277,P0006,2025-09-18,3,418.29,Paid
O000807,C0225,P0010,2025-09-18,3,142.32,Organic
O000808,C0030,P0029,2025-09-18,1,19.77,Paid
O000809,C0144,P0025,2025-09-18,1,29.76,Organic
O000810,C0685,P0030,2025-09-18,2,61.0,Email
O000811,C0237,P0038,2025-09-18,1,111.95,Referral
O000812,C0510,P0038,2025-09-18,2,223.9,Organic
O000813,C0579,P0039,2025-09-18,1,40.82,Organic
O000814,C0014,P0003,2025-09-18,2,567.96,Organic
O000815,C0672,P0025,2025-09-18,3,89.28,Organic
O000816,C0569,P0034,2025-09-18,2,174.98,Organic
O000817,C0773,P0035,2025-09-18,1,118.21,Organic
O000818,C0580,P0035,2025-09-18,2,236.42,Organic
O000819,C0414,P0009,2025-09-18,2,94.5,Organic
O000820,C0083,P0016,2025-09-18,3,92.94,Referral
O000821,C0738,P0022,2025-09-18,2,174.92,Organic
O000822,C0031,P0040,2025-09-18,1,91.63,Organic
O000823,C0350,P0035,2025-09-18,3,354.63,Paid
O000824,C0550,P0005,2025-09-18,1,124.69,Email
O000825,C0316,P0011,2025-09-18,1,33.98,Email
O000826,C0500,P0021,2025-09-18,1,47.04,Paid
O000827,C0470,P0021,2025-09-18,2,94.08,Email
O000828,C0568,P0023,2025-09-18,2,250.58,Organic
O000829,C0696,P0032,2025-09-18,2,106.18,Email
O000830,C0458,P0031,2025-09-18,3,101.91,Organic
O000831,C0705,P0031,2025-09-18,3,101.91,Paid
O000832,C0328,P0039,2025-09-18,3,122.46,Organic
O000833,C0649,P0001,2025-09-19,1,368.78,Paid
O000834,C0649,P0007,2025-09-19,1,387.23,Paid
O000835,C0799,P0013,2025-09-19,1,72.89,Organic
O000836,C0799,P0011,2025-09-19,1,33.98,Organic
O000837,C0225,P0013,2025-09-19,1,72.89,Paid
O000838,C0433,P0013,2025-09-19,2,145.78,Organic
O000839,C0708,P0019,2025-09-19,2,298.46,Organic
O000840,C0043,P0024,2025-09-19,2,63.16,Paid
O000841,C0638,P0019,2025-09-19,1,149.23,Organic
O000842,C0081,P0031,2025-09-19,2,67.94,Email
O000843,C0396,P0025,2025-09-19,2,59.52,Organic
O000844,C0219,P0032,2025-09-19,2,106.18,Referral
O000845,C0340,P0034,2025-09-19,2,174.98,Email
O000846,C0523,P0035,2025-09-19,3,354.63,Paid
O000847,C0553,P0039,2025-09-19,1,40.82,Organic
O000848,C0403,P0038,2025-09-19,1,111.95,Email
O000849,C0276,P0006,2025-09-19,3,418.29,Paid
O000850,C0180,P0007,2025-09-19,1,387.23,Referral
O000851,C0344,P0011,2025-09-19,1,33.98,Paid
O000852,C0029,P0009,2025-09-19,1,47.25,Organic
O000853,C0376,P0016,2025-09-19,2,61.96,Referral
O000854,C0795,P0010,2025-09-19,2,94.88,Email
O000855,C0446,P0015,2025-09-19,1,77.63,Organic
O000856,C0249,P0012,2025-09-19,3,219.54,Organic
O000857,C0158,P0022,2025-09-19,1,87.46,Email
O000858,C0193,P0018,2025-09-19,1,94.25,Paid
O000859,C0605,P0023,2025-09-19,3,375.87,Organic
O000860,C0728,P0026,2025-09-19,1,47.35,Paid
O000861,C0580,P0036,2025-09-19,2,116.48,Organic
O000862,C0071,P0035,2025-09-19,1,118.21,Paid
O000863,C0489,P0033,2025-09-19,2,164.88,Organic
O000864,C0178,P0037,2025-09-19,2,114.7,Organic
O000865,C0738,P0002,2025-09-19,2,180.84,Organic
O000866,C0033,P0001,2025-09-19,3,1106.34,Organic
O000867,C0360,P0002,2025-09-19,3,271.26,Paid
O000868,C0138,P0024,2025-09-19,2,63.16,Paid
O000869,C0738,P0023,2025-09-19,1,125.29,Referral
O000870,C0194,P0025,2025-09-19,2,59.52,Paid
O000871,C0667,P0028,2025-09-19,2,38.88,Organic
O000872,C0138,P0029,2025-09-19,3,59.31,Organic
O000873,C0754,P0032,2025-09-19,3,159.27,Organic
O000874,C0040,P0028,2025-09-19,3,58.32,Email
O000875,C0138,P0037,2025-09-19,2,114.7,Organic
O000876,C0578,P0033,2025-09-19,2,164.88,Paid
O000877,C0416,P0034,2025-09-19,3,262.47,Paid
O000878,C0022,P0034,2025-09-19,1,87.49,Paid
O000879,C0782,P0006,2025-09-19,2,278.86,Organic
O000880,C0189,P0011,2025-09-19,3,101.94,Email
O000881,C0585,P0017,2025-09-19,2,41.12,Organic
O000882,C0072,P0032,2025-09-19,1,53.09,Paid
O000883,C0051,P0029,2025-09-19,2,39.54,Organic
O000884,C0572,P0025,2025-09-19,1,29.76,Organic
O000885,C0771,P0036,2025-09-19,2,116.48,Organic
O000886,C0695,P0040,2025-09-19,2,183.26,Organic
O000887,C0442,P0035,2025-09-19,2,236.42,Organic
O000888,C0469,P0040,2025-09-19,3,274.89,Organic
O000889,C0662,P0013,2025-09-20,2,145.78,Paid
O000890,C0341,P0023,2025-09-20,3,375.87,Paid
O000891,C0756,P0017,2025-09-20,2,41.12,Paid
O000892,C0408,P0022,2025-09-20,1,87.46,Organic
O000893,C0050,P0026,2025-09-20,2,94.7,Organic
O000894,C0107,P0027,2025-09-20,1,28.58,Organic
O000895,C0567,P0040,2025-09-20,3,274.89,Organic
O000896,C0077,P0036,2025-09-20,3,174.72,Paid
O000897,C0058,P0035,2025-09-20,2,236.42,Email
O000898,C0058,P0036,2025-09-20,1,58.24,Paid
O000899,C0677,P0008,2025-09-20,2,270.52,Paid
O000900,C0441,P0015,2025-09-20,3,232.89,Paid
O000901,C0795,P0011,2025-09-20,3,101.94,Organic
O000902,C0594,P0013,2025-09-20,1,72.89,Paid
O000903,C0575,P0016,2025-09-20,3,92.94,Organic
O000904,C0064,P0022,2025-09-20,1,87.46,Organic
O000905,C0086,P0024,2025-09-20,3,94.74,Paid
O000906,C0134,P0023,2025-09-20,1,125.29,Organic
O000907,C0178,P0029,2025-09-20,2,39.54,Organic
O000908,C0291,P0025,2025-09-20,1,29.76,Referral
O000909,C0430,P0038,2025-09-20,3,335.85,Referral
O000910,C0047,P0034,2025-09-20,2,174.98,Organic
O000911,C0761,P0036,2025-09-20,3,174.72,Organic
O000912,C0794,P0037,2025-09-20,3,172.05,Paid
O000913,C0761,P0033,2025-09-20,3,247.32,Paid
O000914,C0505,P0004,2025-09-20,1,333.21,Email
O000915,C0578,P0008,2025-09-20,2,270.52,Paid
O000916,C0557,P0001,2025-09-20,1,368.78,Paid
O000917,C0557,P0004,2025-09-20,1,333.21,Organic
O000918,C0305,P0015,2025-09-20,1,77.63,Organic
O000919,C0034,P0015,2025-09-20,3,232.89,Organic
O000920,C0680,P0014,2025-09-20,2,86.74,Organic
O000921,C0068,P0021,2025-09-20,2,94.08,Email
O000922,C0138,P0017,2025-09-20,1,20.56,Organic
O000923,C0400,P0028,2025-09-20,1,19.44,Organic
O000924,C0431,P0034,2025-09-20,2,174.98,Organic
O000925,C0373,P0039,2025-09-20,2,81.64,Organic
O000926,C0476,P0035,2025-09-20,2,236.42,Organic
O000927,C0013,P0004,2025-09-20,1,333.21,Email
O000928,C0181,P0016,2025-09-20,1,30.98,Referral
O000929,C0375,P0015,2025-09-20,1,77.63,Paid
O000930,C0409,P0014,2025-09-20,2,86.74,Organic
O000931,C0013,P0022,2025-09-20,3,262.38,Email
O000932,C0762,P0019,2025-09-20,2,298.46,Email
O000933,C0666,P0032,2025-09-20,2,106.18,Paid
O000934,C0290,P0027,2025-09-20,3,85.74,Organic
O000935,C0150,P0031,2025-09-20,2,67.94,Organic
O000936,C0357,P0030,2025-09-20,2,61.0,Organic
O000937,C0062,P0007,2025-09-21,1,387.23,Paid
O000938,C0377,P0009,2025-09-21,1,47.25,Organic
O000939,C0195,P0016,2025-09-21,3,92.94,Organic
O000940,C0759,P0011,2025-09-21,3,101.94,Organic
O000941,C0256,P0020,2025-09-21,3,75.06,Email
O000942,C0035,P0023,2025-09-21,1,125.29,Paid
O000943,C0020,P0026,2025-09-21,2,94.7,Referral
O000944,C0198,P0026,2025-09-21,1,47.35,Organic
O000945,C0435,P0031,2025-09-21,1,33.97,Organic
O000946,C0205,P0030,2025-09-21,3,91.5,Email
O000947,C0461,P0040,2025-09-21,1,91.63,Email
O000948,C0617,P0039,2025-09-21,1,40.82,Referral
O000949,C0157,P0037,2025-09-21,3,172.05,Referral
O000950,C0122,P0034,2025-09-21,2,174.98,Paid
O000951,C0583,P0038,2025-09-21,3,335.85,Email
O000952,C0623,P0001,2025-09-21,1,368.78,Referral
O000953,C0534,P0012,2025-09-21,1,73.18,Email
O000954,C0113,P0010,2025-09-21,1,47.44,Paid
O000955,C0201,P0017,2025-09-21,3,61.68,Referral
O000956,C0632,P0019,2025-09-21,3,447.69,Referral
O000957,C0642,P0027,2025-09-21,3,85.74,Email
O000958,C0180,P0026,2025-09-21,3,142.05,Organic
O000959,C0333,P0029,2025-09-21,1,19.77,Organic
O000960,C0420,P0036,2025-09-21,3,174.72,Referral
O000961,C0728,P0036,2025-09-21,1,58.24,Organic
O000962,C0291,P0033,2025-09-21,3,247.32,Email
O000963,C0522,P0001,2025-09-21,3,1106.34,Paid
O000964,C0418,P0006,2025-09-21,2,278.86,Referral
O000965,C0485,P0006,2025-09-21,2,278.86,Organic
O000966,C0325,P0007,2025-09-21,2,774.46,Email
O000967,C0176,P0005,2025-09-21,2,249.38,Paid
O000968,C0099,P0011,2025-09-21,3,101.94,Paid
O000969,C0389,P0009,2025-09-21,2,94.5,Paid
O000970,C0197,P0019,2025-09-21,2,298.46,Organic
O000971,C0099,P0022,2025-09-21,1,87.46,Paid
O000972,C0517,P0017,2025-09-21,1,20.56,Organic
O000973,C0387,P0029,2025-09-21,2,39.54,Paid
O000974,C0476,P0032,2025-09-21,1,53.09,Organic
O000975,C0681,P0039,2025-09-21,3,122.46,Paid
O000976,C0485,P0033,2025-09-21,1,82.44,Organic
O000977,C0221,P0008,2025-09-21,3,405.78,Organic
O000978,C0621,P0006,2025-09-21,1,139.43,Email
O000979,C0304,P0008,2025-09-21,3,405.78,Organic
O000980,C0469,P0013,2025-09-21,3,218.67,Paid
O000981,C0704,P0022,2025-09-21,3,262.38,Paid
O000982,C0726,P0021,2025-09-21,1,47.04,Email
O000983,C0084,P0022,2025-09-21,1,87.46,Organic
O000984,C0409,P0021,2025-09-21,2,94.08,Organic
O000985,C0798,P0026,2025-09-21,1,47.35,Paid
O000986,C0456,P0034,2025-09-21,1,87.49,Organic
O000987,C0731,P0039,2025-09-21,3,122.46,Paid
O000988,C0062,P0014,2025-09-22,3,130.11,Organic
O000989,C0729,P0023,2025-09-22,1,125.29,Email
O000990,C0717,P0020,2025-09-22,2,50.04,Organic
O000991,C0235,P0023,2025-09-22,2,250.58,Organic
O000992,C0281,P0023,2025-09-22,3,375.87,Paid
O000993,C0388,P0032,2025-09-22,2,106.18,Paid
O000994,C0055,P0029,2025-09-22,1,19.77,Organic
O000995,C0590,P0029,2025-09-22,2,39.54,Email
O000996,C0336,P0031,2025-09-22,3,101.91,Organic
O000997,C0714,P0038,2025-09-22,3,335.85,Paid
O000998,C0064,P0002,2025-09-22,1,90.42,Referral
O000999,C0159,P0002,2025-09-22,3,271.26,Organic
O001000,C0279,P0001,2025-09-22,1,368.78,Paid
O001001,C0159,P0014,2025-09-22,3,130.11,Paid
O001002,C0258,P0020,2025-09-22,3,75.06,Organic
O001003,C0014,P0030,2025-09-22,2,61.0,Paid
O001004,C0254,P0039,2025-09-22,1,40.82,Organic
O001005,C0691,P0038,2025-09-22,3,335.85,Organic
O001006,C0481,P0001,2025-09-22,1,368.78,Paid
O001007,C0040,P0003,2025-09-22,3,851.94,Organic
O001008,C0102,P0013,2025-09-22,3,218.67,Organic
O001009,C0325,P0009,2025-09-22,3,141.75,Referral
O001010,C0465,P0023,2025-09-22,1,125.29,Paid
O001011,C0681,P0021,2025-09-22,1,47.04,Email
O001012,C0481,P0021,2025-09-22,2,94.08,Paid
O001013,C0499,P0028,2025-09-22,2,38.88,Paid
O001014,C0302,P0008,2025-09-22,3,405.78,Email
O001015,C0232,P0007,2025-09-22,2,774.46,Organic
O001016,C0636,P0005,2025-09-22,2,249.38,Organic
O001017,C0514,P0001,2025-09-22,1,368.78,Paid
O001018,C0192,P0008,2025-09-22,3,405.78,Email
O001019,C0402,P0014,2025-09-22,2,86.74,Organic
O001020,C0001,P0016,2025-09-22,1,30.98,Email
O001021,C0076,P0014,2025-09-22,3,130.11,Referral
O001022,C0302,P0017,2025-09-22,3,61.68,Organic
O001023,C0783,P0017,2025-09-22,2,41.12,Organic
O001024,C0497,P0020,2025-09-22,2,50.04,Paid
O001025,C0797,P0032,2025-09-22,2,106.18,Referral
O001026,C0458,P0039,2025-09-22,2,81.64,Paid
O001027,C0107,P0009,2025-09-23,1,47.25,Paid
O001028,C0796,P0014,2025-09-23,2,86.74,Paid
O001029,C0030,P0015,2025-09-23,3,232.89,Organic
O001030,C0352,P0011,2025-09-23,1,33.98,Organic
O001031,C0554,P0020,2025-09-23,3,75.06,Email
O001032,C0104,P0019,2025-09-23,2,298.46,Organic
O001033,C0281,P0019,2025-09-23,2,298.46,Referral
O001034,C0567,P0017,2025-09-23,1,20.56,Organic
O001035,C0583,P0018,2025-09-23,1,94.25,Paid
O001036,C0077,P0025,2025-09-23,3,89.28,Organic
O001037,C0362,P0025,2025-09-23,1,29.76,Organic
O001038,C0107,P0033,2025-09-23,1,82.44,Organic
O001039,C0618,P0038,2025-09-23,3,335.85,Organic
O001040,C0473,P0001,2025-09-23,2,737.56,Paid
O001041,C0560,P0002,2025-09-23,2,180.84,Organic
O001042,C0441,P0005,2025-09-23,3,374.07,Email
O001043,C0006,P0004,2025-09-23,3,999.63,Referral
O001044,C0060,P0016,2025-09-23,2,61.96,Organic
O001045,C0255,P0020,2025-09-23,1,25.02,Organic
O001046,C0113,P0022,2025-09-23,1,87.46,Email
O001047,C0725,P0001,2025-09-23,1,368.78,Organic
O001048,C0667,P0008,2025-09-23,1,135.26,Paid
O001049,C0733,P0019,2025-09-23,3,447.69,Referral
O001050,C0191,P0022,2025-09-23,1,87.46,Organic
O001051,C0177,P0020,2025-09-23,3,75.06,Organic
O001052,C0083,P0038,2025-09-23,3,335.85,Paid
O001053,C0418,P0039,2025-09-23,1,40.82,Organic
O001054,C0112,P0040,2025-09-23,1,91.63,Organic
O001055,C0410,P0033,2025-09-23,2,164.88,Organic
O001056,C0636,P0011,2025-09-23,3,101.94,Paid
O001057,C0782,P0013,2025-09-23,3,218.67,Organic
O001058,C0550,P0009,2025-09-23,3,141.75,Referral
O001059,C0316,P0012,2025-09-23,2,146.36,Organic
O001060,C0316,P0024,2025-09-23,2,63.16,Organic
O001061,C0161,P0021,2025-09-23,2,94.08,Paid
O001062,C0407,P0022,2025-09-23,1,87.46,Paid
O001063,C0117,P0022,2025-09-23,1,87.46,Paid
O001064,C0749,P0032,2025-09-23,1,53.09,Paid
O001065,C0432,P0025,2025-09-23,1,29.76,Email
O001066,C0584,P0040,2025-09-23,3,274.89,Paid
O001067,C0428,P0002,2025-09-24,3,271.26,Organic
O001068,C0603,P0001,2025-09-24,1,368.78,Organic
O001069,C0776,P0014,2025-09-24,2,86.74,Paid
O001070,C0078,P0022,2025-09-24,2,174.92,Paid
O001071,C0382,P0026,2025-09-24,1,47.35,Organic
O001072,C0619,P0029,2025-09-24,2,39.54,Organic
O001073,C0722,P0040,2025-09-24,3,274.89,Email
O001074,C0776,P0039,2025-09-24,1,40.82,Organic
O001075,C0443,P0033,2025-09-24,2,164.88,Paid
O001076,C0713,P0004,2025-09-24,1,333.21,Email
O001077,C0545,P0002,2025-09-24,2,180.84,Referral
O001078,C0677,P0006,2025-09-24,3,418.29,Paid
O001079,C0750,P0012,2025-09-24,1,73.18,Referral
O001080,C0661,P0013,2025-09-24,3,218.67,Paid
O001081,C0786,P0018,2025-09-24,1,94.25,Organic
O001082,C0795,P0034,2025-09-24,3,262.47,Organic
O001083,C0675,P0033,2025-09-24,3,247.32,Organic
O001084,C0750,P0037,2025-09-24,2,114.7,Organic
O001085,C0083,P0014,2025-09-24,2,86.74,Email
O001086,C0633,P0014,2025-09-24,1,43.37,Organic
O001087,C0564,P0032,2025-09-24,2,106.18,Referral
O001088,C0112,P0031,2025-09-24,3,101.91,Referral
O001089,C0227,P0026,2025-09-24,1,47.35,Email
O001090,C0220,P0032,2025-09-24,2,106.18,Organic
O001091,C0517,P0037,2025-09-24,2,114.7,Paid
O001092,C0177,P0039,2025-09-24,1,40.82,Paid
O001093,C0800,P0007,2025-09-24,1,387.23,Organic
O001094,C0727,P0002,2025-09-24,3,271.26,Paid
O001095,C0478,P0005,2025-09-24,2,249.38,Paid
O001096,C0745,P0014,2025-09-24,3,130.11,Organic
O001097,C0002,P0013,2025-09-24,2,145.78,Email
O001098,C0181,P0020,2025-09-24,2,50.04,Referral
O001099,C0716,P0021,2025-09-24,2,94.08,Paid
O001100,C0696,P0028,2025-09-24,1,19.44,Paid
O001101,C0229,P0031,2025-09-24,3,101.91,Email
O001102,C0753,P0037,2025-09-24,2,114.7,Paid
O001103,C0797,P0039,2025-09-24,2,81.64,Email
O001104,C0497,P0036,2025-09-24,2,116.48,Organic
O001105,C0707,P0036,2025-09-24,2,116.48,Referral
O001106,C0128,P0008,2025-09-25,2,270.52,Organic
O001107,C0599,P0007,2025-09-25,3,1161.69,Organic
O001108,C0523,P0002,2025-09-25,1,90.42,Paid
O001109,C0426,P0016,2025-09-25,1,30.98,Organic
O001110,C0729,P0014,2025-09-25,1,43.37,Organic
O001111,C0277,P0022,2025-09-25,2,174.92,Organic
O001112,C0579,P0018,2025-09-25,3,282.75,Organic
O001113,C0714,P0018,2025-09-25,3,282.75,Organic
O001114,C0273,P0020,2025-09-25,1,25.02,Paid
O001115,C0078,P0029,2025-09-25,1,19.77,Email
O001116,C0005,P0040,2025-09-25,1,91.63,Organic
O001117,C0055,P0033,2025-09-25,1,82.44,Organic
O001118,C0444,P0002,2025-09-25,1,90.42,Organic
O001119,C0645,P0007,2025-09-25,2,774.46,Referral
O001120,C0480,P0005,2025-09-25,2,249.38,Organic
O001121,C0580,P0016,2025-09-25,2,61.96,Organic
O001122,C0244,P0024,2025-09-25,1,31.58,Organic
O001123,C0241,P0020,2025-09-25,1,25.02,Organic
O001124,C0750,P0024,2025-09-25,2,63.16,Organic
O001125,C0587,P0035,2025-09-25,3,354.63,Paid
O001126,C0683,P0038,2025-09-25,2,223.9,Referral
O001127,C0119,P0039,2025-09-25,3,122.46,Organic
O001128,C0033,P0005,2025-09-25,2,249.38,Paid
O001129,C0780,P0012,2025-09-25,2,146.36,Paid
O001130,C0654,P0016,2025-09-25,3,92.94,Paid
O001131,C0040,P0022,2025-09-25,1,87.46,Organic
O001132,C0305,P0017,2025-09-25,2,41.12,Email
O001133,C0574,P0018,2025-09-25,3,282.75,Referral
O001134,C0176,P0029,2025-09-25,1,19.77,Organic
O001135,C0350,P0031,2025-09-25,1,33.97,Organic
O001136,C0709,P0028,2025-09-25,2,38.88,Email
O001137,C0009,P0028,2025-09-25,3,58.32,Paid
O001138,C0327,P0035,2025-09-25,3,354.63,Organic
O001139,C0548,P0038,2025-09-25,1,111.95,Organic
O001140,C0246,P0035,2025-09-25,3,354.63,Organic
O001141,C0548,P0036,2025-09-25,1,58.24,Organic
O001142,C0696,P0002,2025-09-25,1,90.42,Referral
O001143,C0337,P0001,2025-09-25,3,1106.34,Paid
O001144,C0042,P0007,2025-09-25,3,1161.69,Organic
O001145,C0395,P0002,2025-09-25,1,90.42,Organic
O001146,C0224,P0001,2025-09-25,2,737.56,Paid
O001147,C0478,P0016,2025-09-25,1,30.98,Organic
O001148,C0636,P0016,2025-09-25,1,30.98,Organic
O001149,C0698,P0021,2025-09-25,1,47.04,Organic
O001150,C0012,P0020,2025-09-25,3,75.06,Paid
O001151,C0084,P0033,2025-09-25,3,247.32,Paid
O001152,C0195,P0001,2025-09-26,3,1106.34,Organic
O001153,C0030,P0005,2025-09-26,1,124.69,Organic
O001154,C0388,P0003,2025-09-26,3,851.94,Organic
O001155,C0364,P0007,2025-09-26,3,1161.69,Organic
O001156,C0627,P0002,2025-09-26,2,180.84,Email
O001157,C0581,P0012,2025-09-26,2,146.36,Organic
O001158,C0396,P0013,2025-09-26,3,218.67,Organic
O001159,C0035,P0022,2025-09-26,1,87.46,Organic
O001160,C0324,P0018,2025-09-26,2,188.5,Organic
O001161,C0599,P0023,2025-09-26,2,250.58,Referral
O001162,C0169,P0019,2025-09-26,3,447.69,Paid
O001163,C0433,P0022,2025-09-26,1,87.46,Paid
O001164,C0362,P0022,2025-09-26,1,87.46,Organic
O001165,C0406,P0031,2025-09-26,3,101.91,Organic
O001166,C0065,P0031,2025-09-26,1,33.97,Organic
O001167,C0020,P0025,2025-09-26,1,29.76,Organic
O001168,C0081,P0031,2025-09-26,1,33.97,Organic
O001169,C0078,P0026,2025-09-26,3,142.05,Organic
O001170,C0114,P0035,2025-09-26,1,118.21,Paid
O001171,C0268,P0035,2025-09-26,2,236.42,Organic
O001172,C0622,P0002,2025-09-26,3,271.26,Organic
O001173,C0201,P0003,2025-09-26,2,567.96,Organic
O001174,C0008,P0018,2025-09-26,3,282.75,Paid
O001175,C0052,P0030,2025-09-26,2,61.0,Email
O001176,C0594,P0030,2025-09-26,2,61.0,Email
O001177,C0355,P0038,2025-09-26,1,111.95,Organic
O001178,C0220,P0014,2025-09-26,2,86.74,Organic
O001179,C0601,P0009,2025-09-26,1,47.25,Referral
O001180,C0206,P0019,2025-09-26,2,298.46,Organic
O001181,C0126,P0021,2025-09-26,3,141.12,Email
O001182,C0306,P0019,2025-09-26,2,298.46,Organic
O001183,C0305,P0024,2025-09-26,1,31.58,Email
O001184,C0126,P0025,2025-09-26,1,29.76,Email
O001185,C0601,P0027,2025-09-26,1,28.58,Paid
O001186,C0667,P0028,2025-09-26,2,38.88,Paid
O001187,C0404,P0040,2025-09-26,2,183.26,Paid
O001188,C0383,P0003,2025-09-26,2,567.96,Referral
O001189,C0407,P0008,2025-09-26,2,270.52,Paid
O001190,C0147,P0005,2025-09-26,2,249.38,Organic
O001191,C0069,P0008,2025-09-26,3,405.78,Paid
O001192,C0715,P0012,2025-09-26,3,219.54,Paid
O001193,C0497,P0010,2025-09-26,1,47.44,Referral
O001194,C0771,P0024,2025-09-26,2,63.16,Organic
O001195,C0791,P0026,2025-09-26,2,94.7,Organic
O001196,C0469,P0025,2025-09-26,2,59.52,Paid
O001197,C0117,P0036,2025-09-26,2,116.48,Organic
O001198,C0512,P0035,2025-09-26,2,236.42,Organic
O001199,C0800,P0033,2025-09-26,1,82.44,Email
O001200,C0789,P0033,2025-09-26,2,164.88,Email
O001201,C0602,P0037,2025-09-26,3,172.05,Email
O001202,C0759,P0008,2025-09-27,2,270.52,Email
O001203,C0081,P0003,2025-09-27,1,283.98,Organic
O001204,C0631,P0027,2025-09-27,2,57.16,Paid
O001205,C0616,P0035,2025-09-27,1,118.21,Referral
O001206,C0620,P0036,2025-09-27,2,116.48,Organic
O001207,C0454,P0001,2025-09-27,1,368.78,Referral
O001208,C0017,P0008,2025-09-27,3,405.78,Organic
O001209,C0008,P0006,2025-09-27,1,139.43,Paid
O001210,C0258,P0016,2025-09-27,2,61.96,Referral
O001211,C0665,P0013,2025-09-27,2,145.78,Organic
O001212,C0155,P0009,2025-09-27,2,94.5,Organic
O001213,C0596,P0017,2025-09-27,2,41.12,Paid
O001214,C0712,P0017,2025-09-27,2,41.12,Paid
O001215,C0047,P0023,2025-09-27,1,125.29,Organic
O001216,C0785,P0026,2025-09-27,2,94.7,Email
O001217,C0333,P0026,2025-09-27,1,47.35,Organic
O001218,C0255,P0028,2025-09-27,2,38.88,Paid
O001219,C0677,P0040,2025-09-27,3,274.89,Email
O001220,C0528,P0039,2025-09-27,1,40.82,Organic
O001221,C0632,P0035,2025-09-27,1,118.21,Paid
O001222,C0507,P0036,2025-09-27,1,58.24,Paid
O001223,C0206,P0008,2025-09-27,2,270.52,Referral
O001224,C0548,P0015,2025-09-27,2,155.26,Paid
O001225,C0323,P0027,2025-09-27,3,85.74,Organic
O001226,C0400,P0032,2025-09-27,1,53.09,Organic
O001227,C0299,P0030,2025-09-27,2,61.0,Email
O001228,C0725,P0030,2025-09-27,3,91.5,Referral
O001229,C0436,P0034,2025-09-27,1,87.49,Organic
O001230,C0709,P0036,2025-09-27,3,174.72,Referral
O001231,C0247,P0035,2025-09-27,2,236.42,Organic
O001232,C0339,P0007,2025-09-27,1,387.23,Organic
O001233,C0470,P0010,2025-09-27,3,142.32,Organic
O001234,C0753,P0019,2025-09-27,2,298.46,Organic
O001235,C0456,P0022,2025-09-27,3,262.38,Paid
O001236,C0688,P0028,2025-09-27,2,38.88,Organic
O001237,C0781,P0027,2025-09-27,3,85.74,Organic
O001238,C0304,P0032,2025-09-27,1,53.09,Paid
O001239,C0500,P0037,2025-09-27,2,114.7,Paid
O001240,C0072,P0036,2025-09-27,1,58.24,Organic
O001241,C0653,P0034,2025-09-27,1,87.49,Organic
O001242,C0568,P0039,2025-09-27,3,122.46,Organic
O001243,C0296,P0037,2025-09-27,2,114.7,Organic
O001244,C0207,P0007,2025-09-28,3,1161.69,Organic
O001245,C0616,P0006,2025-09-28,1,139.43,Paid
O001246,C0324,P0004,2025-09-28,3,999.63,Paid
O001247,C0077,P0008,2025-09-28,3,405.78,Paid
O001248,C0396,P0001,2025-09-28,1,368.78,Paid
O001249,C0324,P0007,2025-09-28,1,387.23,Organic
O001250,C0755,P0011,2025-09-28,1,33.98,Referral
O001251,C0055,P0011,2025-09-28,1,33.98,Organic
O001252,C0273,P0023,2025-09-28,1,125.29,Paid
O001253,C0599,P0020,2025-09-28,2,50.04,Paid
O001254,C0628,P0024,2025-09-28,2,63.16,Email
O001255,C0759,P0022,2025-09-28,3,262.38,Paid
O001256,C0380,P0023,2025-09-28,3,375.87,Paid
O001257,C0386,P0024,2025-09-28,2,63.16,Paid
O001258,C0717,P0020,2025-09-28,3,75.06,Paid
O001259,C0104,P0026,2025-09-28,3,142.05,Organic
O001260,C0732,P0030,2025-09-28,1,30.5,Paid
O001261,C0088,P0029,2025-09-28,3,59.31,Paid
O001262,C0362,P0031,2025-09-28,2,67.94,Email
O001263,C0729,P0039,2025-09-28,3,122.46,Email
O001264,C0371,P0033,2025-09-28,3,247.32,Referral
O001265,C0097,P0040,2025-09-28,2,183.26,Email
O001266,C0403,P0040,2025-09-28,1,91.63,Paid
O001267,C0632,P0001,2025-09-28,2,737.56,Organic
O001268,C0665,P0016,2025-09-28,3,92.94,Paid
O001269,C0127,P0014,2025-09-28,1,43.37,Paid
O001270,C0439,P0010,2025-09-28,2,94.88,Email
O001271,C0534,P0012,2025-09-28,3,219.54,Organic
O001272,C0008,P0011,2025-09-28,1,33.98,Paid
O001273,C0646,P0009,2025-09-28,3,141.75,Organic
O001274,C0333,P0021,2025-09-28,1,47.04,Paid
O001275,C0622,P0024,2025-09-28,2,63.16,Organic
O001276,C0494,P0024,2025-09-28,2,63.16,Organic
O001277,C0193,P0021,2025-09-28,1,47.04,Organic
O001278,C0297,P0029,2025-09-28,1,19.77,Organic
O001279,C0089,P0025,2025-09-28,2,59.52,Paid
O001280,C0125,P0033,2025-09-28,1,82.44,Organic
O001281,C0750,P0034,2025-09-28,1,87.49,Referral
O001282,C0060,P0034,2025-09-28,2,174.98,Organic
O001283,C0713,P0037,2025-09-28,2,114.7,Referral
O001284,C0694,P0001,2025-09-28,1,368.78,Organic
O001285,C0667,P0007,2025-09-28,3,1161.69,Paid
O001286,C0092,P0009,2025-09-28,1,47.25,Organic
O001287,C0325,P0012,2025-09-28,1,73.18,Paid
O001288,C0033,P0021,2025-09-28,1,47.04,Paid
O001289,C0191,P0023,2025-09-28,2,250.58,Organic
O001290,C0440,P0020,2025-09-28,3,75.06,Organic
O001291,C0588,P0024,2025-09-28,3,94.74,Email
O001292,C0033,P0026,2025-09-28,1,47.35,Organic
O001293,C0725,P0027,2025-09-28,2,57.16,Paid
O001294,C0647,P0029,2025-09-28,3,59.31,Email
O001295,C0780,P0030,2025-09-28,1,30.5,Paid
O001296,C0654,P0039,2025-09-28,2,81.64,Organic
O001297,C0247,P0037,2025-09-28,3,172.05,Organic
O001298,C0478,P0008,2025-09-28,2,270.52,Organic
O001299,C0230,P0015,2025-09-28,2,155.26,Organic
O001300,C0781,P0012,2025-09-28,3,219.54,Organic
O001301,C0164,P0014,2025-09-28,3,130.11,Organic
O001302,C0419,P0011,2025-09-28,3,101.94,Email
O001303,C0705,P0020,2025-09-28,2,50.04,Organic
O001304,C0552,P0024,2025-09-28,2,63.16,Organic
O001305,C0084,P0022,2025-09-28,2,174.92,Organic
O001306,C0146,P0019,2025-09-28,3,447.69,Organic
O001307,C0289,P0020,2025-09-28,2,50.04,Email
O001308,C0339,P0027,2025-09-28,3,85.74,Paid
O001309,C0437,P0029,2025-09-28,1,19.77,Paid
O001310,C0147,P0025,2025-09-28,3,89.28,Paid
O001311,C0572,P0037,2025-09-28,2,114.7,Paid
O001312,C0636,P0036,2025-09-28,3,174.72,Referral
O001313,C0478,P0036,2025-09-28,2,116.48,Organic
O001314,C0264,P0036,2025-09-28,2,116.48,Organic
O001315,C0252,P0037,2025-09-28,1,57.35,Paid
O001316,C0294,P0003,2025-09-29,1,283.98,Referral
O001317,C0263,P0008,2025-09-29,2,270.52,Organic
O001318,C0128,P0009,2025-09-29,2,94.5,Organic
O001319,C0209,P0011,2025-09-29,1,33.98,Paid
O001320,C0452,P0011,2025-09-29,2,67.96,Organic
O001321,C0020,P0024,2025-09-29,1,31.58,Paid
O001322,C0729,P0017,2025-09-29,2,41.12,Organic
O001323,C0510,P0017,2025-09-29,2,41.12,Paid
O001324,C0263,P0024,2025-09-29,2,63.16,Paid
O001325,C0273,P0039,2025-09-29,3,122.46,Paid
O001326,C0019,P0037,2025-09-29,3,172.05,Organic
O001327,C0563,P0002,2025-09-29,2,180.84,Paid
O001328,C0412,P0007,2025-09-29,1,387.23,Paid
O001329,C0786,P0001,2025-09-29,3,1106.34,Organic
O001330,C0223,P0009,2025-09-29,1,47.25,Organic
O001331,C0344,P0011,2025-09-29,3,101.94,Email
O001332,C0586,P0024,2025-09-29,2,63.16,Organic
O001333,C0750,P0022,2025-09-29,3,262.38,Paid
O001334,C0392,P0022,2025-09-29,3,262.38,Email
O001335,C0119,P0029,2025-09-29,2,39.54,Email
O001336,C0622,P0027,2025-09-29,2,57.16,Paid
O001337,C0738,P0008,2025-09-29,2,270.52,Paid
O001338,C0247,P0002,2025-09-29,1,90.42,Paid
O001339,C0040,P0001,2025-09-29,3,1106.34,Paid
O001340,C0315,P0016,2025-09-29,1,30.98,Paid
O001341,C0299,P0015,2025-09-29,1,77.63,Paid
O001342,C0325,P0013,2025-09-29,2,145.78,Paid
O001343,C0177,P0014,2025-09-29,1,43.37,Organic
O001344,C0509,P0018,2025-09-29,3,282.75,Email
O001345,C0061,P0035,2025-09-29,1,118.21,Email
O001346,C0716,P0001,2025-09-29,1,368.78,Referral
O001347,C0419,P0006,2025-09-29,1,139.43,Paid
O001348,C0550,P0001,2025-09-29,3,1106.34,Paid
O001349,C0110,P0015,2025-09-29,3,232.89,Organic
O001350,C0453,P0010,2025-09-29,2,94.88,Organic
O001351,C0307,P0018,2025-09-29,3,282.75,Referral
O001352,C0458,P0017,2025-09-29,2,41.12,Organic
O001353,C0714,P0003,2025-09-30,2,567.96,Organic
O001354,C0043,P0001,2025-09-30,3,1106.34,Organic
O001355,C0317,P0006,2025-09-30,2,278.86,Referral
O001356,C0295,P0002,2025-09-30,2,180.84,Paid
O001357,C0583,P0002,2025-09-30,3,271.26,Paid
O001358,C0035,P0011,2025-09-30,1,33.98,Paid
O001359,C0310,P0011,2025-09-30,3,101.94,Organic
O001360,C0482,P0021,2025-09-30,1,47.04,Referral
O001361,C0310,P0027,2025-09-30,1,28.58,Paid
O001362,C0135,P0030,2025-09-30,3,91.5,Email
O001363,C0523,P0031,2025-09-30,2,67.94,Organic
O001364,C0723,P0032,2025-09-30,1,53.09,Email
O001365,C0019,P0034,2025-09-30,1,87.49,Referral
O001366,C0627,P0036,2025-09-30,2,116.48,Organic
O001367,C0294,P0035,2025-09-30,2,236.42,Referral
O001368,C0078,P0034,2025-09-30,1,87.49,Organic
O001369,C0088,P0039,2025-09-30,2,81.64,Organic
O001370,C0628,P0036,2025-09-30,1,58.24,Organic
O001371,C0740,P0002,2025-09-30,1,90.42,Email
O001372,C0672,P0016,2025-09-30,2,61.96,Organic
O001373,C0675,P0011,2025-09-30,3,101.94,Paid
O001374,C0444,P0015,2025-09-30,1,77.63,Referral
O001375,C0534,P0013,2025-09-30,3,218.67,Organic
O001376,C0017,P0018,2025-09-30,2,188.5,Paid
O001377,C0766,P0023,2025-09-30,2,250.58,Email
O001378,C0691,P0026,2025-09-30,1,47.35,Organic
O001379,C0276,P0040,2025-09-30,2,183.26,Paid
O001380,C0125,P0040,2025-09-30,3,274.89,Email
O001381,C0519,P0038,2025-09-30,3,335.85,Organic
O001382,C0112,P0012,2025-09-30,2,146.36,Organic
O001383,C0112,P0017,2025-09-30,3,61.68,Paid
O001384,C0548,P0019,2025-09-30,2,298.46,Paid
O001385,C0387,P0020,2025-09-30,2,50.04,Organic
O001386,C0359,P0019,2025-09-30,2,298.46,Paid
O001387,C0574,P0030,2025-09-30,2,61.0,Paid
O001388,C0647,P0030,2025-09-30,1,30.5,Referral
O001389,C0233,P0032,2025-09-30,2,106.18,Organic
O001390,C0194,P0025,2025-09-30,1,29.76,Email
O001391,C0404,P0039,2025-09-30,2,81.64,Paid
O001392,C0232,P0003,2025-09-30,2,567.96,Referral
O001393,C0229,P0005,2025-09-30,1,124.69,Paid
O001394,C0497,P0002,2025-09-30,3,271.26,Organic
O001395,C0696,P0010,2025-09-30,1,47.44,Referral
O001396,C0117,P0012,2025-09-30,3,219.54,Email
O001397,C0783,P0021,2025-09-30,2,94.08,Organic
O001398,C0552,P0017,2025-09-30,2,41.12,Paid
O001399,C0372,P0018,2025-09-30,2,188.5,Paid
O001400,C0511,P0030,2025-09-30,3,91.5,Paid
O001401,C0230,P0029,2025-09-30,1,19.77,Paid
O001402,C0458,P0032,2025-09-30,2,106.18,Organic
O001403,C0707,P0025,2025-09-30,2,59.52,Paid
O001404,C0248,P0032,2025-09-30,1,53.09,Organic
O001405,C0453,P0026,2025-09-30,2,94.7,Email
O001406,C0395,P0030,2025-09-30,2,61.0,Organic
O001407,C0172,P0036,2025-09-30,3,174.72,Organic
O001408,C0097,P0002,2025-10-01,1,90.42,Referral
O001409,C0464,P0004,2025-10-01,1,333.21,Referral
O001410,C0464,P0004,2025-10-01,2,666.42,Organic
O001411,C0317,P0009,2025-10-01,3,141.75,Email
O001412,C0212,P0022,2025-10-01,3,262.38,Referral
O001413,C0281,P0019,2025-10-01,2,298.46,Email
O001414,C0576,P0025,2025-10-01,2,59.52,Organic
O001415,C0263,P0032,2025-10-01,3,159.27,Paid
O001416,C0618,P0026,2025-10-01,3,142.05,Referral
O001417,C0593,P0035,2025-10-01,1,118.21,Referral
O001418,C0212,P0037,2025-10-01,3,172.05,Organic
O001419,C0244,P0015,2025-10-01,2,155.26,Email
O001420,C0125,P0021,2025-10-01,3,141.12,Paid
O001421,C0687,P0020,2025-10-01,1,25.02,Referral
O001422,C0766,P0029,2025-10-01,3,59.31,Organic
O001423,C0127,P0029,2025-10-01,1,19.77,Referral
O001424,C0236,P0025,2025-10-01,2,59.52,Paid
O001425,C0480,P0032,2025-10-01,1,53.09,Email
O001426,C0404,P0001,2025-10-01,3,1106.34,Organic
O001427,C0733,P0004,2025-10-01,3,999.63,Organic
O001428,C0033,P0005,2025-10-01,3,374.07,Paid
O001429,C0183,P0010,2025-10-01,3,142.32,Organic
O001430,C0709,P0010,2025-10-01,3,142.32,Referral
O001431,C0496,P0009,2025-10-01,2,94.5,Paid
O001432,C0517,P0022,2025-10-01,1,87.46,Paid
O001433,C0220,P0024,2025-10-01,2,63.16,Organic
O001434,C0233,P0017,2025-10-01,1,20.56,Referral
O001435,C0034,P0027,2025-10-01,2,57.16,Organic
O001436,C0633,P0032,2025-10-01,1,53.09,Paid
O001437,C0725,P0033,2025-10-01,2,164.88,Email
O001438,C0410,P0034,2025-10-01,3,262.47,Email
O001439,C0230,P0004,2025-10-01,1,333.21,Paid
O001440,C0572,P0015,2025-10-01,3,232.89,Organic
O001441,C0303,P0014,2025-10-01,2,86.74,Referral
O001442,C0076,P0019,2025-10-01,2,298.46,Paid
O001443,C0716,P0019,2025-10-01,2,298.46,Referral
O001444,C0720,P0030,2025-10-01,3,91.5,Paid
O001445,C0149,P0030,2025-10-01,2,61.0,Organic
O001446,C0606,P0025,2025-10-01,1,29.76,Organic
O001447,C0076,P0028,2025-10-01,3,58.32,Organic
O001448,C0702,P0027,2025-10-01,2,57.16,Organic
O001449,C0483,P0037,2025-10-01,3,172.05,Paid
O001450,C0452,P0002,2025-10-02,1,90.42,Paid
O001451,C0107,P0003,2025-10-02,2,567.96,Organic
O001452,C0122,P0003,2025-10-02,3,851.94,Organic
O001453,C0292,P0009,2025-10-02,1,47.25,Email
O001454,C0408,P0021,2025-10-02,3,141.12,Organic
O001455,C0619,P0020,2025-10-02,3,75.06,Organic
O001456,C0298,P0032,2025-10-02,2,106.18,Organic
O001457,C0218,P0034,2025-10-02,1,87.49,Organic
O001458,C0198,P0037,2025-10-02,3,172.05,Organic
O001459,C0017,P0015,2025-10-02,2,155.26,Email
O001460,C0547,P0014,2025-10-02,2,86.74,Paid
O001461,C0376,P0019,2025-10-02,1,149.23,Email
O001462,C0439,P0024,2025-10-02,2,63.16,Referral
O001463,C0094,P0017,2025-10-02,2,41.12,Organic
O001464,C0223,P0030,2025-10-02,1,30.5,Paid
O001465,C0596,P0025,2025-10-02,3,89.28,Organic
O001466,C0158,P0027,2025-10-02,3,85.74,Paid
O001467,C0401,P0023,2025-10-02,2,250.58,Paid
O001468,C0115,P0017,2025-10-02,3,61.68,Organic
O001469,C0709,P0021,2025-10-02,3,141.12,Organic
O001470,C0763,P0027,2025-10-02,3,85.74,Paid
O001471,C0167,P0026,2025-10-02,3,142.05,Paid
O001472,C0709,P0026,2025-10-02,3,142.05,Organic
O001473,C0350,P0032,2025-10-02,1,53.09,Organic
O001474,C0234,P0040,2025-10-02,2,183.26,Paid
O001475,C0164,P0008,2025-10-02,3,405.78,Organic
O001476,C0059,P0007,2025-10-02,2,774.46,Paid
O001477,C0289,P0003,2025-10-02,3,851.94,Organic
O001478,C0147,P0013,2025-10-02,2,145.78,Organic
O001479,C0121,P0011,2025-10-02,2,67.96,Organic
O001480,C0572,P0016,2025-10-02,3,92.94,Organic
O001481,C0358,P0015,2025-10-02,2,155.26,Referral
O001482,C0181,P0020,2025-10-02,3,75.06,Paid
O001483,C0762,P0030,2025-10-02,2,61.0,Organic
O001484,C0695,P0036,2025-10-02,2,116.48,Organic
O001485,C0479,P0035,2025-10-02,1,118.21,Organic
O001486,C0487,P0002,2025-10-03,2,180.84,Paid
O001487,C0618,P0003,2025-10-03,3,851.94,Organic
O001488,C0755,P0003,2025-10-03,1,283.98,Email
O001489,C0729,P0010,2025-10-03,3,142.32,Paid
O001490,C0551,P0014,2025-10-03,2,86.74,Organic
O001491,C0298,P0017,2025-10-03,3,61.68,Organic
O001492,C0097,P0023,2025-10-03,1,125.29,Paid
O001493,C0618,P0032,2025-10-03,2,106.18,Organic
O001494,C0207,P0028,2025-10-03,1,19.44,Organic
O001495,C0135,P0035,2025-10-03,3,354.63,Organic
O001496,C0064,P0006,2025-10-03,1,139.43,Organic
O001497,C0250,P0006,2025-10-03,2,278.86,Organic
O001498,C0094,P0007,2025-10-03,3,1161.69,Organic
O001499,C0048,P0003,2025-10-03,3,851.94,Referral
O001500,C0156,P0016,2025-10-03,3,92.94,Paid
O001501,C0079,P0011,2025-10-03,3,101.94,Organic
O001502,C0494,P0014,2025-10-03,2,86.74,Email
O001503,C0029,P0024,2025-10-03,1,31.58,Paid
O001504,C0480,P0022,2025-10-03,2,174.92,Email
O001505,C0430,P0021,2025-10-03,1,47.04,Organic
O001506,C0785,P0026,2025-10-03,1,47.35,Paid
O001507,C0376,P0034,2025-10-03,1,87.49,Organic
O001508,C0119,P0034,2025-10-03,1,87.49,Organic
O001509,C0725,P0002,2025-10-03,3,271.26,Paid
O001510,C0025,P0014,2025-10-03,3,130.11,Organic
O001511,C0416,P0011,2025-10-03,2,67.96,Paid
O001512,C0681,P0021,2025-10-03,3,141.12,Paid
O001513,C0234,P0019,2025-10-03,2,298.46,Organic
O001514,C0166,P0027,2025-10-03,1,28.58,Paid
O001515,C0092,P0039,2025-10-03,3,122.46,Email
O001516,C0076,P0004,2025-10-03,2,666.42,Organic
O001517,C0337,P0015,2025-10-03,3,232.89,Email
O001518,C0781,P0023,2025-10-03,3,375.87,Referral
O001519,C0612,P0022,2025-10-03,2,174.92,Paid
O001520,C0469,P0023,2025-10-03,3,375.87,Organic
O001521,C0149,P0023,2025-10-03,2,250.58,Organic
O001522,C0468,P0019,2025-10-03,1,149.23,Paid
O001523,C0090,P0018,2025-10-03,2,188.5,Paid
O001524,C0727,P0017,2025-10-03,3,61.68,Organic
O001525,C0358,P0017,2025-10-03,3,61.68,Paid
O001526,C0230,P0026,2025-10-03,1,47.35,Organic
O001527,C0076,P0031,2025-10-03,1,33.97,Organic
O001528,C0339,P0029,2025-10-03,2,39.54,Organic
O001529,C0328,P0027,2025-10-03,1,28.58,Organic
O001530,C0727,P0028,2025-10-03,1,19.44,Paid
O001531,C0264,P0028,2025-10-03,3,58.32,Referral
O001532,C0726,P0031,2025-10-03,2,67.94,Paid
O001533,C0550,P0033,2025-10-03,3,247.32,Organic
O001534,C0296,P0033,2025-10-03,2,164.88,Organic
O001535,C0477,P0008,2025-10-04,3,405.78,Paid
O001536,C0235,P0002,2025-10-04,3,271.26,Paid
O001537,C0551,P0006,2025-10-04,3,418.29,Email
O001538,C0081,P0008,2025-10-04,3,405.78,Paid
O001539,C0671,P0010,2025-10-04,1,47.44,Email
O001540,C0294,P0012,2025-10-04,3,219.54,Organic
O001541,C0618,P0010,2025-10-04,2,94.88,Organic
O001542,C0268,P0011,2025-10-04,3,101.94,Organic
O001543,C0371,P0013,2025-10-04,3,218.67,Organic
O001544,C0088,P0015,2025-10-04,3,232.89,Paid
O001545,C0426,P0025,2025-10-04,2,59.52,Organic
O001546,C0732,P0029,2025-10-04,3,59.31,Referral
O001547,C0235,P0026,2025-10-04,2,94.7,Organic
O001548,C0722,P0026,2025-10-04,2,94.7,Organic
O001549,C0212,P0039,2025-10-04,2,81.64,Paid
O001550,C0627,P0035,2025-10-04,2,236.42,Referral
O001551,C0089,P0006,2025-10-04,1,139.43,Paid
O001552,C0158,P0022,2025-10-04,1,87.46,Referral
O001553,C0125,P0022,2025-10-04,3,262.38,Referral
O001554,C0614,P0018,2025-10-04,2,188.5,Organic
O001555,C0308,P0020,2025-10-04,2,50.04,Organic
O001556,C0158,P0028,2025-10-04,2,38.88,Paid
O001557,C0193,P0029,2025-10-04,3,59.31,Paid
O001558,C0391,P0032,2025-10-04,3,159.27,Email
O001559,C0792,P0031,2025-10-04,3,101.91,Organic
O001560,C0734,P0036,2025-10-04,3,174.72,Organic
O001561,C0387,P0003,2025-10-04,3,851.94,Paid
O001562,C0387,P0010,2025-10-04,3,142.32,Organic
O001563,C0680,P0013,2025-10-04,1,72.89,Paid
O001564,C0757,P0019,2025-10-04,2,298.46,Organic
O001565,C0505,P0021,2025-10-04,1,47.04,Organic
O001566,C0299,P0024,2025-10-04,2,63.16,Paid
O001567,C0220,P0022,2025-10-04,2,174.92,Organic
O001568,C0725,P0018,2025-10-04,2,188.5,Referral
O001569,C0400,P0032,2025-10-04,3,159.27,Paid
O001570,C0031,P0030,2025-10-04,2,61.0,Organic
O001571,C0517,P0027,2025-10-04,3,85.74,Paid
O001572,C0653,P0004,2025-10-04,3,999.63,Paid
O001573,C0013,P0007,2025-10-04,1,387.23,Referral
O001574,C0001,P0007,2025-10-04,3,1161.69,Paid
O001575,C0783,P0005,2025-10-04,3,374.07,Organic
O001576,C0011,P0010,2025-10-04,3,142.32,Organic
O001577,C0585,P0019,2025-10-04,3,447.69,Referral
O001578,C0782,P0022,2025-10-04,2,174.92,Referral
O001579,C0653,P0022,2025-10-04,3,262.38,Organic
O001580,C0002,P0025,2025-10-04,2,59.52,Email
O001581,C0727,P0027,2025-10-04,3,85.74,Organic
O001582,C0395,P0039,2025-10-04,3,122.46,Organic
O001583,C0117,P0040,2025-10-04,2,183.26,Organic
O001584,C0135,P0008,2025-10-05,3,405.78,Paid
O001585,C0107,P0006,2025-10-05,3,418.29,Organic
O001586,C0188,P0001,2025-10-05,3,1106.34,Referral
O001587,C0317,P0003,2025-10-05,1,283.98,Organic
O001588,C0599,P0012,2025-10-05,2,146.36,Organic
O001589,C0324,P0023,2025-10-05,1,125.29,Organic
O001590,C0425,P0021,2025-10-05,3,141.12,Organic
O001591,C0579,P0031,2025-10-05,2,67.94,Paid
O001592,C0599,P0029,2025-10-05,3,59.31,Referral
O001593,C0273,P0026,2025-10-05,2,94.7,Organic
O001594,C0114,P0038,2025-10-05,2,223.9,Organic
O001595,C0759,P0038,2025-10-05,3,335.85,Organic
O001596,C0658,P0037,2025-10-05,2,114.7,Paid
O001597,C0616,P0036,2025-10-05,1,58.24,Organic
O001598,C0449,P0006,2025-10-05,1,139.43,Paid
O001599,C0430,P0008,2025-10-05,1,135.26,Organic
O001600,C0750,P0004,2025-10-05,3,999.63,Organic
O001601,C0507,P0011,2025-10-05,3,101.94,Organic
O001602,C0786,P0016,2025-10-05,1,30.98,Paid
O001603,C0159,P0019,2025-10-05,1,149.23,Email
O001604,C0454,P0019,2025-10-05,1,149.23,Organic
O001605,C0675,P0019,2025-10-05,3,447.69,Paid
O001606,C0691,P0025,2025-10-05,2,59.52,Organic
O001607,C0623,P0032,2025-10-05,2,106.18,Organic
O001608,C0587,P0031,2025-10-05,3,101.91,Paid
O001609,C0712,P0031,2025-10-05,3,101.91,Organic
O001610,C0635,P0038,2025-10-05,2,223.9,Organic
O001611,C0009,P0004,2025-10-05,2,666.42,Organic
O001612,C0176,P0002,2025-10-05,2,180.84,Paid
O001613,C0083,P0009,2025-10-05,1,47.25,Referral
O001614,C0414,P0012,2025-10-05,3,219.54,Email
O001615,C0490,P0010,2025-10-05,2,94.88,Email
O001616,C0465,P0009,2025-10-05,3,141.75,Organic
O001617,C0305,P0024,2025-10-05,2,63.16,Organic
O001618,C0647,P0020,2025-10-05,2,50.04,Referral
O001619,C0667,P0025,2025-10-05,1,29.76,Paid
O001620,C0401,P0027,2025-10-05,1,28.58,Organic
O001621,C0197,P0036,2025-10-05,1,58.24,Organic
O001622,C0505,P0039,2025-10-05,1,40.82,Organic
O001623,C0387,P0036,2025-10-05,1,58.24,Paid
O001624,C0725,P0037,2025-10-05,2,114.7,Paid
O001625,C0034,P0038,2025-10-05,1,111.95,Organic
O001626,C0558,P0001,2025-10-05,2,737.56,Paid
O001627,C0051,P0015,2025-10-05,3,232.89,Email
O001628,C0591,P0011,2025-10-05,1,33.98,Paid
O001629,C0296,P0016,2025-10-05,3,92.94,Paid
O001630,C0070,P0010,2025-10-05,2,94.88,Paid
O001631,C0782,P0011,2025-10-05,1,33.98,Email
O001632,C0314,P0018,2025-10-05,1,94.25,Email
O001633,C0229,P0022,2025-10-05,2,174.92,Organic
O001634,C0161,P0019,2025-10-05,2,298.46,Email
O001635,C0011,P0025,2025-10-05,2,59.52,Paid
O001636,C0707,P0031,2025-10-05,3,101.91,Email
O001637,C0704,P0028,2025-10-05,2,38.88,Referral
O001638,C0500,P0033,2025-10-05,1,82.44,Organic
O001639,C0673,P0039,2025-10-05,3,122.46,Organic
O001640,C0281,P0008,2025-10-06,3,405.78,Organic
O001641,C0263,P0002,2025-10-06,1,90.42,Organic
O001642,C0799,P0014,2025-10-06,2,86.74,Referral
O001643,C0611,P0014,2025-10-06,2,86.74,Email
O001644,C0122,P0010,2025-10-06,2,94.88,Paid
O001645,C0426,P0020,2025-10-06,1,25.02,Organic
O001646,C0077,P0023,2025-10-06,1,125.29,Organic
O001647,C0081,P0018,2025-10-06,2,188.5,Organic
O001648,C0141,P0031,2025-10-06,1,33.97,Email
O001649,C0336,P0029,2025-10-06,2,39.54,Email
O001650,C0649,P0035,2025-10-06,3,354.63,Paid
O001651,C0488,P0008,2025-10-06,3,405.78,Paid
O001652,C0586,P0001,2025-10-06,1,368.78,Referral
O001653,C0086,P0009,2025-10-06,3,141.75,Organic
O001654,C0623,P0021,2025-10-06,1,47.04,Referral
O001655,C0444,P0023,2025-10-06,1,125.29,Paid
O001656,C0775,P0023,2025-10-06,2,250.58,Referral
O001657,C0236,P0029,2025-10-06,1,19.77,Paid
O001658,C0507,P0026,2025-10-06,2,94.7,Referral
O001659,C0287,P0028,2025-10-06,2,38.88,Email
O001660,C0740,P0036,2025-10-06,1,58.24,Organic
O001661,C0333,P0040,2025-10-06,1,91.63,Organic
O001662,C0180,P0039,2025-10-06,1,40.82,Referral
O001663,C0180,P0033,2025-10-06,1,82.44,Organic
O001664,C0166,P0013,2025-10-06,2,145.78,Paid
O001665,C0780,P0013,2025-10-06,3,218.67,Paid
O001666,C0490,P0019,2025-10-06,3,447.69,Paid
O001667,C0607,P0019,2025-10-06,3,447.69,Organic
O001668,C0068,P0020,2025-10-06,1,25.02,Email
O001669,C0522,P0018,2025-10-06,2,188.5,Organic
O001670,C0709,P0022,2025-10-06,3,262.38,Paid
O001671,C0578,P0032,2025-10-06,1,53.09,Organic
O001672,C0465,P0030,2025-10-06,1,30.5,Paid
O001673,C0194,P0026,2025-10-06,2,94.7,Organic
O001674,C0360,P0027,2025-10-06,2,57.16,Organic
O001675,C0465,P0031,2025-10-06,2,67.94,Organic
O001676,C0025,P0037,2025-10-06,1,57.35,Email
O001677,C0025,P0036,2025-10-06,1,58.24,Email
O001678,C0034,P0040,2025-10-06,2,183.26,Paid
O001679,C0504,P0003,2025-10-06,2,567.96,Paid
O001680,C0288,P0006,2025-10-06,2,278.86,Organic
O001681,C0383,P0006,2025-10-06,2,278.86,Organic
O001682,C0749,P0013,2025-10-06,1,72.89,Paid
O001683,C0432,P0013,2025-10-06,2,145.78,Organic
O001684,C0448,P0015,2025-10-06,3,232.89,Referral
O001685,C0475,P0017,2025-10-06,3,61.68,Referral
O001686,C0498,P0019,2025-10-06,2,298.46,Email
O001687,C0483,P0021,2025-10-06,1,47.04,Organic
O001688,C0051,P0025,2025-10-06,2,59.52,Organic
O001689,C0409,P0035,2025-10-06,2,236.42,Organic
O001690,C0288,P0034,2025-10-06,1,87.49,Organic
O001691,C0477,P0004,2025-10-07,1,333.21,Organic
O001692,C0135,P0005,2025-10-07,3,374.07,Referral
O001693,C0671,P0018,2025-10-07,2,188.5,Paid
O001694,C0551,P0028,2025-10-07,1,19.44,Referral
O001695,C0551,P0038,2025-10-07,2,223.9,Paid
O001696,C0750,P0001,2025-10-07,2,737.56,Referral
O001697,C0750,P0002,2025-10-07,2,180.84,Paid
O001698,C0614,P0012,2025-10-07,2,146.36,Email
O001699,C0279,P0015,2025-10-07,2,155.26,Organic
O001700,C0563,P0012,2025-10-07,3,219.54,Organic
O001701,C0675,P0009,2025-10-07,1,47.25,Paid
O001702,C0258,P0022,2025-10-07,1,87.46,Email
O001703,C0132,P0027,2025-10-07,2,57.16,Organic
O001704,C0125,P0036,2025-10-07,1,58.24,Organic
O001705,C0505,P0001,2025-10-07,2,737.56,Organic
O001706,C0108,P0005,2025-10-07,3,374.07,Organic
O001707,C0650,P0009,2025-10-07,2,94.5,Organic
O001708,C0083,P0009,2025-10-07,2,94.5,Organic
O001709,C0578,P0024,2025-10-07,3,94.74,Organic
O001710,C0404,P0017,2025-10-07,1,20.56,Organic
O001711,C0245,P0018,2025-10-07,1,94.25,Organic
O001712,C0465,P0022,2025-10-07,2,174.92,Email
O001713,C0738,P0027,2025-10-07,1,28.58,Paid
O001714,C0500,P0006,2025-10-07,3,418.29,Paid
O001715,C0051,P0014,2025-10-07,2,86.74,Email
O001716,C0512,P0010,2025-10-07,3,142.32,Organic
O001717,C0730,P0010,2025-10-07,1,47.44,Organic
O001718,C0789,P0010,2025-10-07,2,94.88,Organic
O001719,C0475,P0019,2025-10-07,1,149.23,Organic
O001720,C0304,P0032,2025-10-07,1,53.09,Referral
O001721,C0688,P0030,2025-10-07,2,61.0,Paid
O001722,C0432,P0025,2025-10-07,1,29.76,Organic
O001723,C0568,P0031,2025-10-07,1,33.97,Organic
O001724,C0151,P0037,2025-10-07,3,172.05,Organic
O001725,C0170,P0007,2025-10-08,3,1161.69,Email
O001726,C0035,P0002,2025-10-08,1,90.42,Paid
O001727,C0195,P0005,2025-10-08,2,249.38,Paid
O001728,C0631,P0005,2025-10-08,2,249.38,Organic
O001729,C0579,P0010,2025-10-08,3,142.32,Email
O001730,C0593,P0010,2025-10-08,2,94.88,Organic
O001731,C0593,P0023,2025-10-08,3,375.87,Organic
O001732,C0157,P0017,2025-10-08,2,41.12,Paid
O001733,C0292,P0022,2025-10-08,3,262.38,Email
O001734,C0377,P0017,2025-10-08,3,61.68,Referral
O001735,C0487,P0018,2025-10-08,3,282.75,Organic
O001736,C0062,P0022,2025-10-08,2,174.92,Organic
O001737,C0732,P0021,2025-10-08,3,141.12,Organic
O001738,C0081,P0021,2025-10-08,2,94.08,Paid
O001739,C0207,P0018,2025-10-08,2,188.5,Organic
O001740,C0729,P0020,2025-10-08,1,25.02,Organic
O001741,C0371,P0026,2025-10-08,1,47.35,Paid
O001742,C0714,P0028,2025-10-08,2,38.88,Organic
O001743,C0215,P0032,2025-10-08,1,53.09,Organic
O001744,C0169,P0027,2025-10-08,1,28.58,Organic
O001745,C0141,P0028,2025-10-08,3,58.32,Paid
O001746,C0685,P0025,2025-10-08,1,29.76,Paid
O001747,C0020,P0025,2025-10-08,3,89.28,Organic
O001748,C0268,P0033,2025-10-08,3,247.32,Organic
O001749,C0198,P0035,2025-10-08,3,354.63,Paid
O001750,C0377,P0037,2025-10-08,1,57.35,Paid
O001751,C0331,P0004,2025-10-08,3,999.63,Organic
O001752,C0079,P0003,2025-10-08,2,567.96,Email
O001753,C0646,P0001,2025-10-08,1,368.78,Paid
O001754,C0250,P0013,2025-10-08,1,72.89,Organic
O001755,C0761,P0011,2025-10-08,3,101.94,Organic
O001756,C0687,P0019,2025-10-08,3,447.69,Organic
O001757,C0086,P0020,2025-10-08,1,25.02,Organic
O001758,C0392,P0022,2025-10-08,1,87.46,Organic
O001759,C0333,P0027,2025-10-08,3,85.74,Organic
O001760,C0646,P0026,2025-10-08,3,142.05,Paid
O001761,C0518,P0028,2025-10-08,2,38.88,Organic
O001762,C0534,P0035,2025-10-08,3,354.63,Referral
O001763,C0258,P0036,2025-10-08,3,174.72,Paid
O001764,C0574,P0005,2025-10-08,3,374.07,Email
O001765,C0436,P0012,2025-10-08,1,73.18,Organic
O001766,C0610,P0010,2025-10-08,1,47.44,Organic
O001767,C0681,P0022,2025-10-08,2,174.92,Organic
O001768,C0660,P0018,2025-10-08,1,94.25,Paid
O001769,C0607,P0019,2025-10-08,1,149.23,Paid
O001770,C0400,P0030,2025-10-08,2,61.0,Organic
O001771,C0725,P0028,2025-10-08,1,19.44,Paid
O001772,C0305,P0030,2025-10-08,2,61.0,Organic
O001773,C0607,P0039,2025-10-08,3,122.46,Email
O001774,C0325,P0039,2025-10-08,1,40.82,Organic
O001775,C0418,P0033,2025-10-08,1,82.44,Referral
O001776,C0059,P0008,2025-10-08,3,405.78,Organic
O001777,C0497,P0008,2025-10-08,1,135.26,Organic
O001778,C0059,P0002,2025-10-08,3,271.26,Organic
O001779,C0612,P0002,2025-10-08,3,271.26,Organic
O001780,C0357,P0007,2025-10-08,3,1161.69,Email
O001781,C0164,P0004,2025-10-08,1,333.21,Paid
O001782,C0013,P0014,2025-10-08,1,43.37,Paid
O001783,C0475,P0009,2025-10-08,3,141.75,Paid
O001784,C0147,P0014,2025-10-08,1,43.37,Organic
O001785,C0072,P0022,2025-10-08,3,262.38,Organic
O001786,C0442,P0019,2025-10-08,3,447.69,Referral
O001787,C0558,P0020,2025-10-08,3,75.06,Paid
O001788,C0726,P0018,2025-10-08,3,282.75,Email
O001789,C0302,P0017,2025-10-08,2,41.12,Organic
O001790,C0012,P0021,2025-10-08,3,141.12,Organic
O001791,C0730,P0027,2025-10-08,1,28.58,Organic
O001792,C0093,P0026,2025-10-08,1,47.35,Organic
O001793,C0264,P0029,2025-10-08,1,19.77,Organic
O001794,C0437,P0028,2025-10-08,1,19.44,Organic
O001795,C0316,P0037,2025-10-08,1,57.35,Email
O001796,C0591,P0035,2025-10-08,3,354.63,Referral
O001797,C0340,P0007,2025-10-09,3,1161.69,Referral
O001798,C0685,P0004,2025-10-09,2,666.42,Email
O001799,C0104,P0013,2025-10-09,3,218.67,Organic
O001800,C0617,P0014,2025-10-09,1,43.37,Organic
O001801,C0396,P0023,2025-10-09,2,250.58,Organic
O001802,C0638,P0024,2025-10-09,2,63.16,Paid
O001803,C0195,P0019,2025-10-09,3,447.69,Organic
O001804,C0717,P0037,2025-10-09,3,172.05,Paid
O001805,C0060,P0002,2025-10-09,1,90.42,Paid
O001806,C0420,P0007,2025-10-09,2,774.46,Organic
O001807,C0412,P0005,2025-10-09,1,124.69,Organic
O001808,C0333,P0011,2025-10-09,1,33.98,Organic
O001809,C0249,P0015,2025-10-09,3,232.89,Referral
O001810,C0155,P0009,2025-10-09,2,94.5,Paid
O001811,C0073,P0012,2025-10-09,1,73.18,Email
O001812,C0391,P0024,2025-10-09,2,63.16,Email
O001813,C0048,P0029,2025-10-09,2,39.54,Paid
O001814,C0775,P0025,2025-10-09,1,29.76,Paid
O001815,C0374,P0028,2025-10-09,1,19.44,Organic
O001816,C0017,P0028,2025-10-09,3,58.32,Paid
O001817,C0029,P0030,2025-10-09,3,91.5,Organic
O001818,C0249,P0029,2025-10-09,2,39.54,Referral
O001819,C0236,P0038,2025-10-09,2,223.9,Paid
O001820,C0134,P0033,2025-10-09,2,164.88,Organic
O001821,C0102,P0005,2025-10-09,1,124.69,Paid
O001822,C0725,P0011,2025-10-09,1,33.98,Organic
O001823,C0754,P0011,2025-10-09,3,101.94,Paid
O001824,C0327,P0024,2025-10-09,2,63.16,Organic
O001825,C0681,P0018,2025-10-09,3,282.75,Organic
O001826,C0692,P0027,2025-10-09,1,28.58,Referral
O001827,C0660,P0036,2025-10-09,2,116.48,Organic
O001828,C0009,P0038,2025-10-09,3,335.85,Email
O001829,C0373,P0040,2025-10-09,2,183.26,Paid
O001830,C0490,P0036,2025-10-09,3,174.72,Paid
O001831,C0173,P0003,2025-10-09,3,851.94,Organic
O001832,C0731,P0004,2025-10-09,2,666.42,Organic
O001833,C0203,P0016,2025-10-09,3,92.94,Organic
O001834,C0636,P0009,2025-10-09,1,47.25,Email
O001835,C0483,P0022,2025-10-09,1,87.46,Organic
O001836,C0320,P0022,2025-10-09,1,87.46,Organic
O001837,C0798,P0035,2025-10-09,1,118.21,Organic
O001838,C0693,P0040,2025-10-09,3,274.89,Referral
O001839,C0096,P0039,2025-10-09,3,122.46,Organic
O001840,C0375,P0040,2025-10-09,1,91.63,Email
O001841,C0110,P0037,2025-10-09,3,172.05,Organic
O001842,C0673,P0034,2025-10-09,1,87.49,Organic
O001843,C0107,P0001,2025-10-10,3,1106.34,Organic
O001844,C0639,P0002,2025-10-10,2,180.84,Paid
O001845,C0062,P0003,2025-10-10,2,567.96,Email
O001846,C0662,P0002,2025-10-10,1,90.42,Organic
O001847,C0235,P0016,2025-10-10,1,30.98,Organic
O001848,C0020,P0012,2025-10-10,3,219.54,Organic
O001849,C0225,P0014,2025-10-10,1,43.37,Organic
O001850,C0298,P0010,2025-10-10,3,142.32,Paid
O001851,C0435,P0023,2025-10-10,3,375.87,Paid
O001852,C0472,P0022,2025-10-10,2,174.92,Organic
O001853,C0617,P0023,2025-10-10,1,125.29,Organic
O001854,C0097,P0026,2025-10-10,2,94.7,Organic
O001855,C0433,P0031,2025-10-10,1,33.97,Organic
O001856,C0619,P0026,2025-10-10,1,47.35,Organic
O001857,C0055,P0031,2025-10-10,3,101.91,Organic
O001858,C0380,P0039,2025-10-10,1,40.82,Referral
O001859,C0596,P0007,2025-10-10,3,1161.69,Organic
O001860,C0766,P0015,2025-10-10,2,155.26,Email
O001861,C0178,P0021,2025-10-10,1,47.04,Paid
O001862,C0734,P0023,2025-10-10,1,125.29,Referral
O001863,C0528,P0024,2025-10-10,3,94.74,Email
O001864,C0455,P0035,2025-10-10,3,354.63,Paid
O001865,C0534,P0037,2025-10-10,2,114.7,Organic
O001866,C0757,P0016,2025-10-10,2,61.96,Paid
O001867,C0234,P0014,2025-10-10,1,43.37,Organic
O001868,C0247,P0018,2025-10-10,1,94.25,Organic
O001869,C0360,P0023,2025-10-10,2,250.58,Paid
O001870,C0115,P0030,2025-10-10,1,30.5,Email
O001871,C0401,P0029,2025-10-10,3,59.31,Paid
O001872,C0574,P0026,2025-10-10,3,142.05,Organic
O001873,C0490,P0035,2025-10-10,1,118.21,Paid
O001874,C0578,P0037,2025-10-10,2,114.7,Email
O001875,C0108,P0035,2025-10-10,2,236.42,Email
O001876,C0339,P0001,2025-10-10,3,1106.34,Referral
O001877,C0203,P0005,2025-10-10,3,374.07,Referral
O001878,C0702,P0001,2025-10-10,1,368.78,Organic
O001879,C0354,P0012,2025-10-10,3,219.54,Referral
O001880,C0192,P0024,2025-10-10,1,31.58,Paid
O001881,C0512,P0023,2025-10-10,1,125.29,Organic
O001882,C0688,P0018,2025-10-10,3,282.75,Paid
O001883,C0248,P0021,2025-10-10,3,141.12,Email
O001884,C0151,P0031,2025-10-10,3,101.91,Paid
O001885,C0432,P0028,2025-10-10,3,58.32,Paid
O001886,C0409,P0032,2025-10-10,2,106.18,Organic
O001887,C0339,P0027,2025-10-10,1,28.58,Referral
O001888,C0337,P0036,2025-10-10,3,174.72,Organic
O001889,C0313,P0033,2025-10-10,2,164.88,Organic
O001890,C0328,P0035,2025-10-10,2,236.42,Email
O001891,C0147,P0034,2025-10-10,1,87.49,Paid
O001892,C0340,P0006,2025-10-11,2,278.86,Email
O001893,C0371,P0005,2025-10-11,3,374.07,Email
O001894,C0317,P0003,2025-10-11,2,567.96,Organic
O001895,C0219,P0013,2025-10-11,3,218.67,Organic
O001896,C0347,P0012,2025-10-11,2,146.36,Referral
O001897,C0104,P0011,2025-10-11,2,67.96,Paid
O001898,C0077,P0009,2025-10-11,2,94.5,Organic
O001899,C0631,P0010,2025-10-11,1,47.44,Paid
O001900,C0723,P0017,2025-10-11,1,20.56,Organic
O001901,C0295,P0024,2025-10-11,1,31.58,Organic
O001902,C0686,P0032,2025-10-11,1,53.09,Organic
O001903,C0336,P0025,2025-10-11,3,89.28,Referral
O001904,C0188,P0030,2025-10-11,2,61.0,Email
O001905,C0433,P0038,2025-10-11,3,335.85,Paid
O001906,C0639,P0033,2025-10-11,2,164.88,Referral
O001907,C0463,P0040,2025-10-11,2,183.26,Referral
O001908,C0020,P0034,2025-10-11,3,262.47,Paid
O001909,C0603,P0033,2025-10-11,1,82.44,Organic
O001910,C0125,P0004,2025-10-11,3,999.63,Paid
O001911,C0094,P0006,2025-10-11,1,139.43,Paid
O001912,C0691,P0012,2025-10-11,3,219.54,Organic
O001913,C0125,P0013,2025-10-11,1,72.89,Organic
O001914,C0391,P0019,2025-10-11,1,149.23,Organic
O001915,C0291,P0024,2025-10-11,3,94.74,Organic
O001916,C0159,P0023,2025-10-11,2,250.58,Organic
O001917,C0335,P0021,2025-10-11,1,47.04,Organic
O001918,C0622,P0028,2025-10-11,3,58.32,Paid
O001919,C0533,P0032,2025-10-11,3,159.27,Email
O001920,C0048,P0027,2025-10-11,1,28.58,Paid
O001921,C0575,P0036,2025-10-11,2,116.48,Paid
O001922,C0537,P0033,2025-10-11,1,82.44,Paid
O001923,C0496,P0008,2025-10-11,1,135.26,Paid
O001924,C0323,P0001,2025-10-11,1,368.78,Organic
O001925,C0031,P0022,2025-10-11,1,87.46,Organic
O001926,C0126,P0020,2025-10-11,2,50.04,Paid
O001927,C0630,P0021,2025-10-11,2,94.08,Email
O001928,C0191,P0033,2025-10-11,2,164.88,Organic
O001929,C0314,P0005,2025-10-11,2,249.38,Paid
O001930,C0791,P0010,2025-10-11,3,142.32,Organic
O001931,C0504,P0021,2025-10-11,3,141.12,Organic
O001932,C0395,P0023,2025-10-11,3,375.87,Organic
O001933,C0221,P0024,2025-10-11,1,31.58,Paid
O001934,C0173,P0018,2025-10-11,2,188.5,Organic
O001935,C0483,P0030,2025-10-11,3,91.5,Organic
O001936,C0419,P0029,2025-10-11,3,59.31,Paid
O001937,C0568,P0029,2025-10-11,2,39.54,Organic
O001938,C0288,P0030,2025-10-11,3,91.5,Paid
O001939,C0568,P0036,2025-10-11,1,58.24,Organic
O001940,C0698,P0034,2025-10-11,2,174.98,Paid
O001941,C0310,P0003,2025-10-12,1,283.98,Paid
O001942,C0062,P0008,2025-10-12,3,405.78,Referral
O001943,C0638,P0002,2025-10-12,3,271.26,Paid
O001944,C0128,P0003,2025-10-12,1,283.98,Paid
O001945,C0617,P0007,2025-10-12,2,774.46,Organic
O001946,C0218,P0007,2025-10-12,3,1161.69,Organic
O001947,C0583,P0013,2025-10-12,1,72.89,Paid
O001948,C0385,P0009,2025-10-12,3,141.75,Email
O001949,C0406,P0010,2025-10-12,2,94.88,Email
O001950,C0617,P0012,2025-10-12,3,219.54,Organic
O001951,C0464,P0019,2025-10-12,2,298.46,Organic
O001952,C0463,P0020,2025-10-12,3,75.06,Organic
O001953,C0619,P0025,2025-10-12,1,29.76,Paid
O001954,C0631,P0028,2025-10-12,2,38.88,Organic
O001955,C0628,P0029,2025-10-12,1,19.77,Referral
O001956,C0583,P0032,2025-10-12,1,53.09,Organic
O001957,C0554,P0025,2025-10-12,2,59.52,Email
O001958,C0685,P0028,2025-10-12,1,19.44,Organic
O001959,C0721,P0028,2025-10-12,1,19.44,Paid
O001960,C0768,P0030,2025-10-12,1,30.5,Paid
O001961,C0396,P0028,2025-10-12,3,58.32,Organic
O001962,C0131,P0035,2025-10-12,1,118.21,Organic
O001963,C0480,P0007,2025-10-12,2,774.46,Email
O001964,C0335,P0004,2025-10-12,2,666.42,Email
O001965,C0622,P0004,2025-10-12,1,333.21,Email
O001966,C0049,P0021,2025-10-12,3,141.12,Organic
O001967,C0594,P0022,2025-10-12,3,262.38,Paid
O001968,C0777,P0027,2025-10-12,1,28.58,Paid
O001969,C0534,P0032,2025-10-12,3,159.27,Organic
O001970,C0064,P0031,2025-10-12,3,101.91,Organic
O001971,C0712,P0033,2025-10-12,2,164.88,Paid
O001972,C0061,P0008,2025-10-12,2,270.52,Email
O001973,C0754,P0007,2025-10-12,1,387.23,Email
O001974,C0197,P0004,2025-10-12,3,999.63,Organic
O001975,C0681,P0013,2025-10-12,2,145.78,Paid
O001976,C0506,P0009,2025-10-12,2,94.5,Organic
O001977,C0176,P0010,2025-10-12,2,94.88,Organic
O001978,C0416,P0024,2025-10-12,1,31.58,Paid
O001979,C0499,P0022,2025-10-12,2,174.92,Organic
O001980,C0509,P0021,2025-10-12,3,141.12,Paid
O001981,C0211,P0025,2025-10-12,1,29.76,Paid
O001982,C0028,P0027,2025-10-12,3,85.74,Organic
O001983,C0414,P0038,2025-10-12,2,223.9,Organic
O001984,C0410,P0036,2025-10-12,1,58.24,Referral
O001985,C0031,P0034,2025-10-12,3,262.47,Organic
O001986,C0453,P0002,2025-10-12,2,180.84,Organic
O001987,C0181,P0012,2025-10-12,1,73.18,Paid
O001988,C0566,P0017,2025-10-12,2,41.12,Email
O001989,C0500,P0019,2025-10-12,2,298.46,Paid
O001990,C0053,P0022,2025-10-12,1,87.46,Referral
O001991,C0769,P0018,2025-10-12,1,94.25,Organic
O001992,C0059,P0021,2025-10-12,2,94.08,Email
O001993,C0469,P0032,2025-10-12,2,106.18,Paid
O001994,C0514,P0030,2025-10-12,2,61.0,Email
O001995,C0090,P0026,2025-10-12,3,142.05,Paid
O001996,C0264,P0025,2025-10-12,3,89.28,Organic
O001997,C0042,P0026,2025-10-12,2,94.7,Email
O001998,C0456,P0040,2025-10-12,2,183.26,Organic
O001999,C0328,P0037,2025-10-12,3,172.05,Organic
O002000,C0612,P0036,2025-10-12,2,116.48,Organic
O002001,C0292,P0002,2025-10-13,2,180.84,Organic
O002002,C0055,P0008,2025-10-13,2,270.52,Paid
O002003,C0461,P0013,2025-10-13,1,72.89,Referral
O002004,C0721,P0014,2025-10-13,1,43.37,Organic
O002005,C0256,P0032,2025-10-13,3,159.27,Email
O002006,C0097,P0035,2025-10-13,2,236.42,Email
O002007,C0617,P0039,2025-10-13,2,81.64,Organic
O002008,C0056,P0008,2025-10-13,2,270.52,Organic
O002009,C0519,P0015,2025-10-13,3,232.89,Referral
O002010,C0446,P0010,2025-10-13,2,94.88,Paid
O002011,C0455,P0032,2025-10-13,1,53.09,Organic
O002012,C0241,P0029,2025-10-13,3,59.31,Paid
O002013,C0156,P0029,2025-10-13,1,19.77,Paid
O002014,C0006,P0032,2025-10-13,3,159.27,Organic
O002015,C0683,P0031,2025-10-13,2,67.94,Paid
O002016,C0018,P0036,2025-10-13,1,58.24,Paid
O002017,C0596,P0036,2025-10-13,2,116.48,Email
O002018,C0245,P0009,2025-10-13,1,47.25,Referral
O002019,C0176,P0014,2025-10-13,3,130.11,Email
O002020,C0108,P0023,2025-10-13,3,375.87,Paid
O002021,C0601,P0035,2025-10-13,3,354.63,Paid
O002022,C0389,P0037,2025-10-13,3,172.05,Organic
O002023,C0504,P0001,2025-10-13,3,1106.34,Organic
O002024,C0150,P0001,2025-10-13,2,737.56,Paid
O002025,C0090,P0022,2025-10-13,1,87.46,Organic
O002026,C0146,P0017,2025-10-13,2,41.12,Paid
O002027,C0375,P0020,2025-10-13,2,50.04,Referral
O002028,C0770,P0021,2025-10-13,1,47.04,Organic
O002029,C0090,P0029,2025-10-13,3,59.31,Organic
O002030,C0311,P0032,2025-10-13,3,159.27,Organic
O002031,C0051,P0038,2025-10-13,2,223.9,Organic
O002032,C0759,P0006,2025-10-14,1,139.43,Referral
O002033,C0020,P0011,2025-10-14,2,67.96,Organic
O002034,C0396,P0012,2025-10-14,1,73.18,Organic
O002035,C0273,P0012,2025-10-14,1,73.18,Organic
O002036,C0426,P0010,2025-10-14,2,94.88,Paid
O002037,C0618,P0014,2025-10-14,1,43.37,Organic
O002038,C0388,P0012,2025-10-14,1,73.18,Organic
O002039,C0088,P0024,2025-10-14,1,31.58,Organic
O002040,C0723,P0025,2025-10-14,1,29.76,Referral
O002041,C0554,P0025,2025-10-14,3,89.28,Email
O002042,C0209,P0040,2025-10-14,1,91.63,Organic
O002043,C0205,P0040,2025-10-14,2,183.26,Organic
O002044,C0420,P0005,2025-10-14,2,249.38,Email
O002045,C0605,P0006,2025-10-14,3,418.29,Referral
O002046,C0018,P0005,2025-10-14,3,374.07,Email
O002047,C0691,P0012,2025-10-14,2,146.36,Paid
O002048,C0159,P0009,2025-10-14,1,47.25,Paid
O002049,C0006,P0014,2025-10-14,1,43.37,Referral
O002050,C0480,P0022,2025-10-14,1,87.46,Paid
O002051,C0520,P0025,2025-10-14,3,89.28,Paid
O002052,C0645,P0028,2025-10-14,3,58.32,Email
O002053,C0775,P0037,2025-10-14,2,114.7,Organic
O002054,C0335,P0035,2025-10-14,3,354.63,Organic
O002055,C0481,P0010,2025-10-14,3,142.32,Paid
O002056,C0738,P0013,2025-10-14,1,72.89,Paid
O002057,C0031,P0014,2025-10-14,2,86.74,Organic
O002058,C0757,P0021,2025-10-14,3,141.12,Paid
O002059,C0681,P0023,2025-10-14,3,375.87,Paid
O002060,C0177,P0026,2025-10-14,1,47.35,Paid
O002061,C0068,P0040,2025-10-14,3,274.89,Organic
O002062,C0092,P0036,2025-10-14,3,174.72,Email
O002063,C0252,P0008,2025-10-14,2,270.52,Organic
O002064,C0151,P0003,2025-10-14,2,567.96,Organic
O002065,C0442,P0003,2025-10-14,2,567.96,Organic
O002066,C0151,P0001,2025-10-14,2,737.56,Referral
O002067,C0096,P0009,2025-10-14,2,94.5,Organic
O002068,C0118,P0009,2025-10-14,1,47.25,Organic
O002069,C0001,P0024,2025-10-14,3,94.74,Organic
O002070,C0453,P0030,2025-10-14,3,91.5,Paid
O002071,C0716,P0026,2025-10-14,1,47.35,Paid
O002072,C0224,P0040,2025-10-14,1,91.63,Email
O002073,C0617,P0005,2025-10-15,1,124.69,Organic
O002074,C0472,P0018,2025-10-15,2,188.5,Organic
O002075,C0256,P0019,2025-10-15,1,149.23,Email
O002076,C0551,P0020,2025-10-15,1,25.02,Paid
O002077,C0714,P0018,2025-10-15,1,94.25,Organic
O002078,C0619,P0031,2025-10-15,3,101.91,Referral
O002079,C0445,P0037,2025-10-15,3,172.05,Email
O002080,C0128,P0040,2025-10-15,1,91.63,Organic
O002081,C0537,P0006,2025-10-15,2,278.86,Paid
O002082,C0486,P0011,2025-10-15,1,33.98,Organic
O002083,C0113,P0009,2025-10-15,3,141.75,Organic
O002084,C0017,P0017,2025-10-15,3,61.68,Organic
O002085,C0073,P0025,2025-10-15,2,59.52,Organic
O002086,C0397,P0037,2025-10-15,2,114.7,Paid
O002087,C0507,P0037,2025-10-15,1,57.35,Organic
O002088,C0444,P0040,2025-10-15,1,91.63,Organic
O002089,C0508,P0033,2025-10-15,2,164.88,Organic
O002090,C0528,P0033,2025-10-15,2,164.88,Paid
O002091,C0654,P0001,2025-10-15,1,368.78,Email
O002092,C0305,P0003,2025-10-15,3,851.94,Paid
O002093,C0578,P0009,2025-10-15,1,47.25,Paid
O002094,C0564,P0016,2025-10-15,3,92.94,Organic
O002095,C0112,P0011,2025-10-15,3,101.94,Organic
O002096,C0220,P0013,2025-10-15,3,218.67,Organic
O002097,C0767,P0019,2025-10-15,2,298.46,Organic
O002098,C0194,P0029,2025-10-15,3,59.31,Organic
O002099,C0540,P0040,2025-10-15,1,91.63,Referral
O002100,C0407,P0001,2025-10-15,3,1106.34,Organic
O002101,C0084,P0004,2025-10-15,3,999.63,Email
O002102,C0591,P0001,2025-10-15,3,1106.34,Organic
O002103,C0110,P0012,2025-10-15,1,73.18,Organic
O002104,C0313,P0023,2025-10-15,2,250.58,Organic
O002105,C0636,P0018,2025-10-15,1,94.25,Paid
O002106,C0146,P0018,2025-10-15,2,188.5,Organic
O002107,C0149,P0026,2025-10-15,1,47.35,Email
O002108,C0797,P0027,2025-10-15,2,57.16,Organic
O002109,C0069,P0027,2025-10-15,1,28.58,Email
O002110,C0706,P0031,2025-10-15,2,67.94,Organic
O002111,C0558,P0030,2025-10-15,2,61.0,Organic
O002112,C0653,P0036,2025-10-15,2,116.48,Paid
O002113,C0354,P0039,2025-10-15,2,81.64,Paid
O002114,C0666,P0036,2025-10-15,1,58.24,Paid
O002115,C0340,P0004,2025-10-16,2,666.42,Referral
O002116,C0195,P0016,2025-10-16,3,92.94,Paid
O002117,C0377,P0010,2025-10-16,3,142.32,Organic
O002118,C0631,P0013,2025-10-16,1,72.89,Organic
O002119,C0020,P0010,2025-10-16,2,94.88,Email
O002120,C0078,P0015,2025-10-16,2,155.26,Email
O002121,C0776,P0018,2025-10-16,2,188.5,Paid
O002122,C0708,P0032,2025-10-16,3,159.27,Organic
O002123,C0065,P0031,2025-10-16,2,67.94,Paid
O002124,C0590,P0030,2025-10-16,2,61.0,Email
O002125,C0722,P0027,2025-10-16,2,57.16,Paid
O002126,C0228,P0031,2025-10-16,3,101.91,Paid
O002127,C0170,P0034,2025-10-16,3,262.47,Organic
O002128,C0638,P0039,2025-10-16,1,40.82,Email
O002129,C0188,P0036,2025-10-16,1,58.24,Referral
O002130,C0487,P0038,2025-10-16,1,111.95,Organic
O002131,C0619,P0033,2025-10-16,1,82.44,Paid
O002132,C0570,P0040,2025-10-16,3,274.89,Paid
O002133,C0132,P0006,2025-10-16,2,278.86,Organic
O002134,C0156,P0008,2025-10-16,3,405.78,Email
O002135,C0430,P0010,2025-10-16,2,94.88,Referral
O002136,C0276,P0013,2025-10-16,2,145.78,Paid
O002137,C0244,P0014,2025-10-16,2,86.74,Organic
O002138,C0569,P0022,2025-10-16,2,174.92,Paid
O002139,C0201,P0018,2025-10-16,1,94.25,Email
O002140,C0691,P0020,2025-10-16,3,75.06,Paid
O002141,C0287,P0019,2025-10-16,3,447.69,Organic
O002142,C0622,P0027,2025-10-16,1,28.58,Referral
O002143,C0060,P0033,2025-10-16,2,164.88,Organic
O002144,C0176,P0005,2025-10-16,1,124.69,Paid
O002145,C0711,P0015,2025-10-16,2,155.26,Paid
O002146,C0401,P0031,2025-10-16,1,33.97,Referral
O002147,C0763,P0026,2025-10-16,1,47.35,Referral
O002148,C0022,P0037,2025-10-16,2,114.7,Referral
O002149,C0339,P0007,2025-10-16,3,1161.69,Organic
O002150,C0012,P0008,2025-10-16,1,135.26,Paid
O002151,C0372,P0015,2025-10-16,3,232.89,Organic
O002152,C0643,P0016,2025-10-16,2,61.96,Paid
O002153,C0727,P0016,2025-10-16,3,92.94,Organic
O002154,C0304,P0024,2025-10-16,1,31.58,Paid
O002155,C0745,P0019,2025-10-16,3,447.69,Paid
O002156,C0597,P0017,2025-10-16,3,61.68,Email
O002157,C0514,P0028,2025-10-16,2,38.88,Organic
O002158,C0511,P0036,2025-10-16,3,174.72,Paid
O002159,C0442,P0035,2025-10-16,3,354.63,Organic
O002160,C0135,P0011,2025-10-17,3,101.94,Organic
O002161,C0015,P0016,2025-10-17,3,92.94,Organic
O002162,C0377,P0010,2025-10-17,3,142.32,Paid
O002163,C0472,P0018,2025-10-17,3,282.75,Email
O002164,C0662,P0021,2025-10-17,3,141.12,Paid
O002165,C0628,P0031,2025-10-17,1,33.97,Email
O002166,C0619,P0036,2025-10-17,3,174.72,Organic
O002167,C0180,P0012,2025-10-17,1,73.18,Organic
O002168,C0547,P0014,2025-10-17,3,130.11,Paid
O002169,C0018,P0009,2025-10-17,3,141.75,Paid
O002170,C0444,P0016,2025-10-17,1,30.98,Organic
O002171,C0127,P0014,2025-10-17,1,43.37,Organic
O002172,C0079,P0024,2025-10-17,3,94.74,Organic
O002173,C0258,P0023,2025-10-17,1,125.29,Organic
O002174,C0297,P0018,2025-10-17,2,188.5,Paid
O002175,C0244,P0024,2025-10-17,1,31.58,Referral
O002176,C0420,P0017,2025-10-17,1,20.56,Email
O002177,C0017,P0024,2025-10-17,1,31.58,Organic
O002178,C0127,P0030,2025-10-17,1,30.5,Paid
O002179,C0575,P0028,2025-10-17,3,58.32,Email
O002180,C0056,P0032,2025-10-17,1,53.09,Referral
O002181,C0132,P0029,2025-10-17,2,39.54,Organic
O002182,C0537,P0033,2025-10-17,1,82.44,Organic
O002183,C0241,P0039,2025-10-17,3,122.46,Paid
O002184,C0528,P0039,2025-10-17,2,81.64,Organic
O002185,C0734,P0038,2025-10-17,1,111.95,Referral
O002186,C0031,P0010,2025-10-17,3,142.32,Paid
O002187,C0667,P0020,2025-10-17,1,25.02,Email
O002188,C0431,P0018,2025-10-17,3,282.75,Email
O002189,C0561,P0023,2025-10-17,2,250.58,Organic
O002190,C0033,P0039,2025-10-17,1,40.82,Email
O002191,C0323,P0034,2025-10-17,2,174.98,Organic
O002192,C0436,P0034,2025-10-17,1,87.49,Paid
O002193,C0647,P0040,2025-10-17,1,91.63,Paid
O002194,C0375,P0006,2025-10-17,1,139.43,Organic
O002195,C0800,P0007,2025-10-17,2,774.46,Organic
O002196,C0666,P0008,2025-10-17,1,135.26,Referral
O002197,C0597,P0006,2025-10-17,1,139.43,Organic
O002198,C0265,P0016,2025-10-17,3,92.94,Referral
O002199,C0372,P0014,2025-10-17,1,43.37,Paid
O002200,C0470,P0013,2025-10-17,3,218.67,Organic
O002201,C0698,P0010,2025-10-17,2,94.88,Organic
O002202,C0311,P0010,2025-10-17,3,142.32,Organic
O002203,C0146,P0023,2025-10-17,3,375.87,Paid
O002204,C0084,P0021,2025-10-17,1,47.04,Paid
O002205,C0781,P0025,2025-10-17,1,29.76,Organic
O002206,C0181,P0031,2025-10-17,1,33.97,Email
O002207,C0781,P0027,2025-10-17,1,28.58,Referral
O002208,C0706,P0026,2025-10-17,2,94.7,Paid
O002209,C0076,P0036,2025-10-17,3,174.72,Email
O002210,C0487,P0006,2025-10-18,1,139.43,Email
O002211,C0209,P0001,2025-10-18,2,737.56,Paid
O002212,C0611,P0004,2025-10-18,3,999.63,Email
O002213,C0226,P0007,2025-10-18,3,1161.69,Organic
O002214,C0477,P0003,2025-10-18,3,851.94,Organic
O002215,C0212,P0005,2025-10-18,2,249.38,Paid
O002216,C0546,P0005,2025-10-18,2,249.38,Paid
O002217,C0385,P0007,2025-10-18,3,1161.69,Paid
O002218,C0340,P0007,2025-10-18,1,387.23,Paid
O002219,C0380,P0003,2025-10-18,1,283.98,Email
O002220,C0399,P0022,2025-10-18,1,87.46,Organic
O002221,C0756,P0024,2025-10-18,2,63.16,Paid
O002222,C0262,P0027,2025-10-18,3,85.74,Referral
O002223,C0628,P0027,2025-10-18,2,57.16,Organic
O002224,C0482,P0031,2025-10-18,2,67.94,Paid
O002225,C0617,P0028,2025-10-18,2,38.88,Email
O002226,C0424,P0001,2025-10-18,1,368.78,Organic
O002227,C0752,P0006,2025-10-18,2,278.86,Paid
O002228,C0728,P0005,2025-10-18,2,249.38,Email
O002229,C0158,P0004,2025-10-18,3,999.63,Referral
O002230,C0430,P0005,2025-10-18,1,124.69,Paid
O002231,C0645,P0002,2025-10-18,3,271.26,Paid
O002232,C0641,P0013,2025-10-18,3,218.67,Email
O002233,C0241,P0009,2025-10-18,2,94.5,Organic
O002234,C0279,P0023,2025-10-18,3,375.87,Paid
O002235,C0127,P0022,2025-10-18,1,87.46,Paid
O002236,C0287,P0032,2025-10-18,3,159.27,Email
O002237,C0158,P0030,2025-10-18,1,30.5,Organic
O002238,C0545,P0035,2025-10-18,2,236.42,Organic
O002239,C0412,P0035,2025-10-18,1,118.21,Email
O002240,C0424,P0033,2025-10-18,1,82.44,Organic
O002241,C0533,P0037,2025-10-18,1,57.35,Paid
O002242,C0594,P0037,2025-10-18,2,114.7,Organic
O002243,C0183,P0004,2025-10-18,2,666.42,Organic
O002244,C0436,P0001,2025-10-18,3,1106.34,Organic
O002245,C0601,P0014,2025-10-18,1,43.37,Organic
O002246,C0654,P0021,2025-10-18,2,94.08,Organic
O002247,C0115,P0022,2025-10-18,2,174.92,Paid
O002248,C0305,P0026,2025-10-18,1,47.35,Paid
O002249,C0031,P0027,2025-10-18,1,28.58,Organic
O002250,C0034,P0025,2025-10-18,3,89.28,Organic
O002251,C0031,P0040,2025-10-18,3,274.89,Organic
O002252,C0138,P0039,2025-10-18,3,122.46,Paid
O002253,C0359,P0036,2025-10-18,1,58.24,Paid
O002254,C0401,P0034,2025-10-18,3,262.47,Email
O002255,C0299,P0035,2025-10-18,1,118.21,Paid
O002256,C0265,P0003,2025-10-18,1,283.98,Paid
O002257,C0726,P0003,2025-10-18,1,283.98,Organic
O002258,C0383,P0002,2025-10-18,3,271.26,Referral
O002259,C0147,P0004,2025-10-18,3,999.63,Email
O002260,C0791,P0015,2025-10-18,2,155.26,Organic
O002261,C0453,P0015,2025-10-18,3,232.89,Email
O002262,C0189,P0016,2025-10-18,3,92.94,Email
O002263,C0375,P0017,2025-10-18,3,61.68,Organic
O002264,C0164,P0022,2025-10-18,3,262.38,Paid
O002265,C0504,P0022,2025-10-18,3,262.38,Organic
O002266,C0572,P0019,2025-10-18,3,447.69,Organic
O002267,C0203,P0027,2025-10-18,3,85.74,Paid
O002268,C0512,P0038,2025-10-18,3,335.85,Organic
O002269,C0077,P0007,2025-10-19,1,387.23,Paid
O002270,C0226,P0007,2025-10-19,2,774.46,Paid
O002271,C0611,P0003,2025-10-19,3,851.94,Organic
O002272,C0406,P0004,2025-10-19,2,666.42,Referral
O002273,C0215,P0008,2025-10-19,3,405.78,Organic
O002274,C0188,P0006,2025-10-19,3,418.29,Paid
O002275,C0055,P0005,2025-10-19,3,374.07,Organic
O002276,C0020,P0008,2025-10-19,3,405.78,Paid
O002277,C0169,P0004,2025-10-19,1,333.21,Paid
O002278,C0207,P0009,2025-10-19,2,94.5,Referral
O002279,C0380,P0011,2025-10-19,2,67.96,Referral
O002280,C0649,P0015,2025-10-19,3,232.89,Referral
O002281,C0662,P0013,2025-10-19,1,72.89,Referral
O002282,C0487,P0011,2025-10-19,1,33.98,Organic
O002283,C0472,P0016,2025-10-19,1,30.98,Paid
O002284,C0380,P0014,2025-10-19,1,43.37,Paid
O002285,C0195,P0016,2025-10-19,3,92.94,Organic
O002286,C0369,P0022,2025-10-19,2,174.92,Organic
O002287,C0722,P0021,2025-10-19,3,141.12,Organic
O002288,C0631,P0024,2025-10-19,1,31.58,Organic
O002289,C0225,P0018,2025-10-19,2,188.5,Organic
O002290,C0435,P0019,2025-10-19,1,149.23,Referral
O002291,C0043,P0031,2025-10-19,1,33.97,Organic
O002292,C0298,P0025,2025-10-19,3,89.28,Paid
O002293,C0237,P0032,2025-10-19,1,53.09,Organic
O002294,C0015,P0030,2025-10-19,3,91.5,Referral
O002295,C0198,P0030,2025-10-19,2,61.0,Email
O002296,C0581,P0038,2025-10-19,3,335.85,Paid
O002297,C0729,P0037,2025-10-19,3,172.05,Organic
O002298,C0268,P0039,2025-10-19,3,122.46,Organic
O002299,C0477,P0040,2025-10-19,3,274.89,Email
O002300,C0065,P0037,2025-10-19,1,57.35,Paid
O002301,C0408,P0033,2025-10-19,3,247.32,Paid
O002302,C0641,P0002,2025-10-19,3,271.26,Referral
O002303,C0127,P0005,2025-10-19,2,249.38,Paid
O002304,C0750,P0004,2025-10-19,3,999.63,Referral
O002305,C0064,P0003,2025-10-19,1,283.98,Organic
O002306,C0534,P0014,2025-10-19,1,43.37,Organic
O002307,C0308,P0015,2025-10-19,2,155.26,Organic
O002308,C0528,P0016,2025-10-19,3,92.94,Organic
O002309,C0533,P0011,2025-10-19,2,67.96,Organic
O002310,C0424,P0009,2025-10-19,2,94.5,Paid
O002311,C0766,P0018,2025-10-19,1,94.25,Email
O002312,C0661,P0025,2025-10-19,3,89.28,Organic
O002313,C0156,P0032,2025-10-19,2,106.18,Organic
O002314,C0687,P0031,2025-10-19,2,67.94,Organic
O002315,C0276,P0031,2025-10-19,1,33.97,Paid
O002316,C0520,P0040,2025-10-19,3,274.89,Paid
O002317,C0622,P0037,2025-10-19,2,114.7,Paid
O002318,C0416,P0004,2025-10-19,1,333.21,Email
O002319,C0692,P0001,2025-10-19,3,1106.34,Organic
O002320,C0102,P0008,2025-10-19,2,270.52,Email
O002321,C0780,P0013,2025-10-19,3,218.67,Organic
O002322,C0416,P0017,2025-10-19,2,41.12,Paid
O002323,C0102,P0017,2025-10-19,3,61.68,Paid
O002324,C0506,P0018,2025-10-19,2,188.5,Organic
O002325,C0315,P0030,2025-10-19,3,91.5,Referral
O002326,C0034,P0028,2025-10-19,1,19.44,Organic
O002327,C0194,P0026,2025-10-19,1,47.35,Email
O002328,C0509,P0032,2025-10-19,1,53.09,Organic
O002329,C0633,P0034,2025-10-19,3,262.47,Organic
O002330,C0561,P0035,2025-10-19,3,354.63,Organic
O002331,C0176,P0034,2025-10-19,2,174.98,Organic
O002332,C0650,P0038,2025-10-19,1,111.95,Organic
O002333,C0757,P0038,2025-10-19,2,223.9,Organic
O002334,C0092,P0035,2025-10-19,1,118.21,Email
O002335,C0296,P0008,2025-10-19,1,135.26,Organic
O002336,C0781,P0011,2025-10-19,1,33.98,Referral
O002337,C0372,P0015,2025-10-19,3,232.89,Organic
O002338,C0289,P0019,2025-10-19,3,447.69,Email
O002339,C0497,P0024,2025-10-19,3,94.74,Paid
O002340,C0334,P0023,2025-10-19,2,250.58,Paid
O002341,C0192,P0029,2025-10-19,1,19.77,Organic
O002342,C0730,P0027,2025-10-19,2,57.16,Referral
O002343,C0357,P0029,2025-10-19,2,39.54,Organic
O002344,C0702,P0035,2025-10-19,2,236.42,Paid
O002345,C0568,P0037,2025-10-19,1,57.35,Organic
O002346,C0310,P0008,2025-10-20,3,405.78,Organic
O002347,C0616,P0010,2025-10-20,1,47.44,Paid
O002348,C0399,P0015,2025-10-20,3,232.89,Organic
O002349,C0128,P0018,2025-10-20,3,282.75,Email
O002350,C0256,P0024,2025-10-20,2,63.16,Paid
O002351,C0759,P0023,2025-10-20,2,250.58,Paid
O002352,C0295,P0035,2025-10-20,1,118.21,Organic
O002353,C0249,P0008,2025-10-20,2,270.52,Email
O002354,C0665,P0005,2025-10-20,3,374.07,Paid
O002355,C0355,P0004,2025-10-20,1,333.21,Paid
O002356,C0417,P0015,2025-10-20,1,77.63,Paid
O002357,C0587,P0020,2025-10-20,2,50.04,Paid
O002358,C0734,P0021,2025-10-20,2,94.08,Email
O002359,C0455,P0018,2025-10-20,3,282.75,Paid
O002360,C0412,P0033,2025-10-20,2,164.88,Organic
O002361,C0176,P0001,2025-10-20,2,737.56,Paid
O002362,C0126,P0006,2025-10-20,3,418.29,Organic
O002363,C0211,P0002,2025-10-20,1,90.42,Organic
O002364,C0315,P0016,2025-10-20,2,61.96,Organic
O002365,C0465,P0010,2025-10-20,1,47.44,Organic
O002366,C0709,P0030,2025-10-20,3,91.5,Organic
O002367,C0025,P0032,2025-10-20,3,159.27,Organic
O002368,C0306,P0039,2025-10-20,1,40.82,Paid
O002369,C0767,P0036,2025-10-20,2,116.48,Paid
O002370,C0458,P0004,2025-10-20,1,333.21,Email
O002371,C0042,P0001,2025-10-20,1,368.78,Organic
O002372,C0483,P0001,2025-10-20,2,737.56,Paid
O002373,C0550,P0002,2025-10-20,3,271.26,Organic
O002374,C0189,P0002,2025-10-20,2,180.84,Organic
O002375,C0069,P0006,2025-10-20,3,418.29,Organic
O002376,C0762,P0004,2025-10-20,2,666.42,Paid
O002377,C0724,P0007,2025-10-20,2,774.46,Organic
O002378,C0568,P0012,2025-10-20,3,219.54,Referral
O002379,C0402,P0017,2025-10-20,2,41.12,Organic
O002380,C0383,P0021,2025-10-20,2,94.08,Paid
O002381,C0562,P0018,2025-10-20,2,188.5,Organic
O002382,C0072,P0027,2025-10-20,3,85.74,Paid
O002383,C0307,P0036,2025-10-20,1,58.24,Organic
O002384,C0626,P0004,2025-10-21,1,333.21,Paid
O002385,C0551,P0016,2025-10-21,1,30.98,Organic
O002386,C0235,P0022,2025-10-21,3,262.38,Organic
O002387,C0371,P0023,2025-10-21,2,250.58,Email
O002388,C0135,P0018,2025-10-21,1,94.25,Organic
O002389,C0342,P0018,2025-10-21,1,94.25,Organic
O002390,C0799,P0035,2025-10-21,2,236.42,Organic
O002391,C0611,P0036,2025-10-21,2,116.48,Organic
O002392,C0628,P0039,2025-10-21,1,40.82,Organic
O002393,C0750,P0003,2025-10-21,3,851.94,Paid
O002394,C0160,P0012,2025-10-21,1,73.18,Referral
O002395,C0333,P0015,2025-10-21,3,232.89,Organic
O002396,C0094,P0011,2025-10-21,1,33.98,Paid
O002397,C0430,P0012,2025-10-21,2,146.36,Organic
O002398,C0244,P0011,2025-10-21,2,67.96,Organic
O002399,C0665,P0023,2025-10-21,1,125.29,Referral
O002400,C0471,P0029,2025-10-21,2,39.54,Organic
O002401,C0029,P0025,2025-10-21,2,59.52,Email
O002402,C0786,P0032,2025-10-21,1,53.09,Organic
O002403,C0006,P0032,2025-10-21,2,106.18,Organic
O002404,C0740,P0028,2025-10-21,3,58.32,Email
O002405,C0734,P0029,2025-10-21,3,59.31,Organic
O002406,C0441,P0033,2025-10-21,1,82.44,Organic
O002407,C0180,P0033,2025-10-21,2,164.88,Organic
O002408,C0775,P0036,2025-10-21,3,174.72,Organic
O002409,C0561,P0001,2025-10-21,2,737.56,Organic
O002410,C0418,P0007,2025-10-21,1,387.23,Organic
O002411,C0633,P0008,2025-10-21,3,405.78,Paid
O002412,C0194,P0006,2025-10-21,2,278.86,Paid
O002413,C0476,P0011,2025-10-21,1,33.98,Email
O002414,C0247,P0011,2025-10-21,2,67.96,Organic
O002415,C0247,P0009,2025-10-21,1,47.25,Organic
O002416,C0034,P0030,2025-10-21,3,91.5,Email
O002417,C0306,P0038,2025-10-21,3,335.85,Paid
O002418,C0588,P0033,2025-10-21,3,247.32,Email
O002419,C0339,P0001,2025-10-21,3,1106.34,Organic
O002420,C0059,P0004,2025-10-21,3,999.63,Organic
O002421,C0300,P0020,2025-10-21,3,75.06,Email
O002422,C0782,P0018,2025-10-21,1,94.25,Paid
O002423,C0076,P0017,2025-10-21,3,61.68,Organic
O002424,C0730,P0023,2025-10-21,1,125.29,Referral
O002425,C0288,P0027,2025-10-21,3,85.74,Referral
O002426,C0354,P0033,2025-10-21,2,164.88,Organic
O002427,C0536,P0039,2025-10-21,2,81.64,Email
O002428,C0310,P0002,2025-10-22,3,271.26,Email
O002429,C0593,P0009,2025-10-22,3,141.75,Organic
O002430,C0579,P0011,2025-10-22,1,33.98,Paid
O002431,C0549,P0020,2025-10-22,3,75.06,Organic
O002432,C0170,P0023,2025-10-22,3,375.87,Paid
O002433,C0122,P0019,2025-10-22,2,298.46,Paid
O002434,C0317,P0020,2025-10-22,1,25.02,Email
O002435,C0019,P0028,2025-10-22,3,58.32,Referral
O002436,C0235,P0027,2025-10-22,3,85.74,Paid
O002437,C0268,P0034,2025-10-22,3,262.47,Paid
O002438,C0340,P0038,2025-10-22,3,335.85,Organic
O002439,C0620,P0037,2025-10-22,1,57.35,Referral
O002440,C0683,P0006,2025-10-22,2,278.86,Organic
O002441,C0374,P0006,2025-10-22,2,278.86,Paid
O002442,C0761,P0008,2025-10-22,3,405.78,Organic
O002443,C0777,P0009,2025-10-22,3,141.75,Organic
O002444,C0193,P0010,2025-10-22,1,47.44,Referral
O002445,C0250,P0014,2025-10-22,2,86.74,Organic
O002446,C0528,P0016,2025-10-22,2,61.96,Paid
O002447,C0125,P0023,2025-10-22,3,375.87,Organic
O002448,C0614,P0027,2025-10-22,2,57.16,Organic
O002449,C0029,P0025,2025-10-22,2,59.52,Organic
O002450,C0488,P0036,2025-10-22,1,58.24,Organic
O002451,C0773,P0034,2025-10-22,3,262.47,Organic
O002452,C0596,P0040,2025-10-22,3,274.89,Organic
O002453,C0578,P0002,2025-10-22,3,271.26,Organic
O002454,C0630,P0003,2025-10-22,3,851.94,Paid
O002455,C0108,P0005,2025-10-22,1,124.69,Organic
O002456,C0299,P0013,2025-10-22,1,72.89,Organic
O002457,C0115,P0013,2025-10-22,1,72.89,Organic
O002458,C0680,P0011,2025-10-22,2,67.96,Organic
O002459,C0574,P0011,2025-10-22,2,67.96,Organic
O002460,C0246,P0014,2025-10-22,2,86.74,Paid
O002461,C0763,P0013,2025-10-22,3,218.67,Paid
O002462,C0763,P0020,2025-10-22,3,75.06,Email
O002463,C0206,P0020,2025-10-22,1,25.02,Organic
O002464,C0692,P0028,2025-10-22,2,38.88,Paid
O002465,C0373,P0028,2025-10-22,2,38.88,Organic
O002466,C0220,P0029,2025-10-22,1,19.77,Organic
O002467,C0522,P0032,2025-10-22,1,53.09,Organic
O002468,C0757,P0032,2025-10-22,2,106.18,Paid
O002469,C0667,P0037,2025-10-22,2,114.7,Organic
O002470,C0197,P0033,2025-10-22,3,247.32,Organic
O002471,C0711,P0035,2025-10-22,1,118.21,Email
O002472,C0667,P0040,2025-10-22,3,274.89,Paid
O002473,C0709,P0039,2025-10-22,1,40.82,Organic
O002474,C0612,P0006,2025-10-22,2,278.86,Paid
O002475,C0666,P0001,2025-10-22,2,737.56,Paid
O002476,C0456,P0001,2025-10-22,2,737.56,Organic
O002477,C0653,P0015,2025-10-22,3,232.89,Organic
O002478,C0781,P0017,2025-10-22,2,41.12,Paid
O002479,C0337,P0019,2025-10-22,2,298.46,Organic
O002480,C0566,P0022,2025-10-22,2,174.92,Paid
O002481,C0272,P0032,2025-10-22,2,106.18,Email
O002482,C0453,P0032,2025-10-22,3,159.27,Email
O002483,C0001,P0031,2025-10-22,3,101.91,Paid
O002484,C0606,P0034,2025-10-22,3,262.47,Organic
O002485,C0290,P0034,2025-10-22,2,174.98,Email
O002486,C0800,P0033,2025-10-22,3,247.32,Organic
O002487,C0224,P0037,2025-10-22,3,172.05,Paid
O002488,C0195,P0002,2025-10-23,2,180.84,Organic
O002489,C0708,P0004,2025-10-23,2,666.42,Organic
O002490,C0100,P0002,2025-10-23,3,271.26,Organic
O002491,C0209,P0010,2025-10-23,3,142.32,Paid
O002492,C0295,P0012,2025-10-23,2,146.36,Paid
O002493,C0382,P0017,2025-10-23,3,61.68,Organic
O002494,C0523,P0025,2025-10-23,2,59.52,Paid
O002495,C0310,P0038,2025-10-23,2,223.9,Email
O002496,C0104,P0034,2025-10-23,1,87.49,Paid
O002497,C0665,P0006,2025-10-23,3,418.29,Paid
O002498,C0534,P0001,2025-10-23,2,737.56,Organic
O002499,C0785,P0014,2025-10-23,3,130.11,Paid
O002500,C0113,P0011,2025-10-23,3,101.94,Paid
O002501,C0441,P0024,2025-10-23,3,94.74,Referral
O002502,C0635,P0017,2025-10-23,3,61.68,Paid
O002503,C0494,P0028,2025-10-23,1,19.44,Organic
O002504,C0073,P0026,2025-10-23,3,142.05,Paid
O002505,C0632,P0030,2025-10-23,3,91.5,Paid
O002506,C0596,P0038,2025-10-23,1,111.95,Organic
O002507,C0509,P0004,2025-10-23,2,666.42,Email
O002508,C0733,P0013,2025-10-23,3,218.67,Email
O002509,C0306,P0014,2025-10-23,2,86.74,Paid
O002510,C0557,P0013,2025-10-23,2,145.78,Email
O002511,C0234,P0017,2025-10-23,3,61.68,Organic
O002512,C0373,P0028,2025-10-23,1,19.44,Organic
O002513,C0211,P0029,2025-10-23,2,39.54,Paid
O002514,C0540,P0038,2025-10-23,3,335.85,Organic
O002515,C0416,P0034,2025-10-23,3,262.47,Paid
O002516,C0754,P0037,2025-10-23,3,172.05,Organic
O002517,C0540,P0037,2025-10-23,2,114.7,Email
O002518,C0325,P0034,2025-10-23,1,87.49,Organic
O002519,C0138,P0037,2025-10-23,2,114.7,Email
O002520,C0666,P0007,2025-10-23,3,1161.69,Organic
O002521,C0172,P0007,2025-10-23,1,387.23,Paid
O002522,C0698,P0002,2025-10-23,1,90.42,Paid
O002523,C0264,P0010,2025-10-23,2,94.88,Organic
O002524,C0232,P0022,2025-10-23,2,174.92,Paid
O002525,C0437,P0019,2025-10-23,3,447.69,Paid
O002526,C0272,P0027,2025-10-23,3,85.74,Email
O002527,C0328,P0031,2025-10-23,2,67.94,Referral
O002528,C0693,P0029,2025-10-23,2,39.54,Paid
O002529,C0562,P0030,2025-10-23,3,91.5,Email
O002530,C0432,P0032,2025-10-23,1,53.09,Organic
O002531,C0442,P0028,2025-10-23,2,38.88,Paid
O002532,C0230,P0025,2025-10-23,3,89.28,Email
O002533,C0458,P0040,2025-10-23,2,183.26,Email
O002534,C0585,P0039,2025-10-23,3,122.46,Organic
O002535,C0043,P0002,2025-10-24,1,90.42,Paid
O002536,C0768,P0004,2025-10-24,1,333.21,Organic
O002537,C0324,P0005,2025-10-24,2,249.38,Email
O002538,C0756,P0012,2025-10-24,3,219.54,Email
O002539,C0385,P0023,2025-10-24,2,250.58,Paid
O002540,C0593,P0020,2025-10-24,1,25.02,Email
O002541,C0477,P0025,2025-10-24,3,89.28,Organic
O002542,C0225,P0038,2025-10-24,3,335.85,Organic
O002543,C0364,P0033,2025-10-24,3,247.32,Organic
O002544,C0570,P0040,2025-10-24,2,183.26,Organic
O002545,C0794,P0004,2025-10-24,1,333.21,Organic
O002546,C0412,P0005,2025-10-24,1,124.69,Organic
O002547,C0392,P0016,2025-10-24,3,92.94,Email
O002548,C0609,P0014,2025-10-24,2,86.74,Organic
O002549,C0335,P0020,2025-10-24,2,50.04,Paid
O002550,C0641,P0027,2025-10-24,3,85.74,Organic
O002551,C0528,P0027,2025-10-24,2,57.16,Referral
O002552,C0134,P0039,2025-10-24,3,122.46,Organic
O002553,C0622,P0036,2025-10-24,2,116.48,Referral
O002554,C0665,P0033,2025-10-24,3,247.32,Paid
O002555,C0025,P0004,2025-10-24,2,666.42,Organic
O002556,C0561,P0016,2025-10-24,2,61.96,Organic
O002557,C0401,P0014,2025-10-24,2,86.74,Organic
O002558,C0476,P0011,2025-10-24,1,33.98,Email
O002559,C0647,P0013,2025-10-24,1,72.89,Paid
O002560,C0481,P0022,2025-10-24,3,262.38,Referral
O002561,C0289,P0006,2025-10-24,2,278.86,Organic
O002562,C0051,P0002,2025-10-24,1,90.42,Organic
O002563,C0705,P0008,2025-10-24,3,405.78,Organic
O002564,C0307,P0009,2025-10-24,3,141.75,Paid
O002565,C0316,P0015,2025-10-24,1,77.63,Organic
O002566,C0149,P0013,2025-10-24,1,72.89,Referral
O002567,C0229,P0027,2025-10-24,3,85.74,Paid
O002568,C0093,P0032,2025-10-24,3,159.27,Organic
O002569,C0724,P0040,2025-10-24,1,91.63,Organic
O002570,C0797,P0033,2025-10-24,3,247.32,Email
O002571,C0225,P0005,2025-10-25,1,124.69,Organic
O002572,C0399,P0005,2025-10-25,1,124.69,Organic
O002573,C0277,P0004,2025-10-25,1,333.21,Organic
O002574,C0445,P0016,2025-10-25,2,61.96,Organic
O002575,C0043,P0013,2025-10-25,1,72.89,Paid
O002576,C0209,P0009,2025-10-25,3,141.75,Organic
O002577,C0198,P0020,2025-10-25,1,25.02,Paid
O002578,C0340,P0025,2025-10-25,2,59.52,Paid
O002579,C0579,P0025,2025-10-25,2,59.52,Organic
O002580,C0523,P0034,2025-10-25,2,174.98,Organic
O002581,C0603,P0039,2025-10-25,1,40.82,Organic
O002582,C0408,P0036,2025-10-25,1,58.24,Email
O002583,C0593,P0039,2025-10-25,1,40.82,Paid
O002584,C0294,P0036,2025-10-25,3,174.72,Email
O002585,C0454,P0004,2025-10-25,2,666.42,Organic
O002586,C0665,P0006,2025-10-25,3,418.29,Organic
O002587,C0691,P0005,2025-10-25,2,249.38,Email
O002588,C0446,P0002,2025-10-25,3,271.26,Paid
O002589,C0446,P0014,2025-10-25,2,86.74,Referral
O002590,C0580,P0009,2025-10-25,1,47.25,Paid
O002591,C0772,P0017,2025-10-25,1,20.56,Referral
O002592,C0635,P0022,2025-10-25,1,87.46,Paid
O002593,C0713,P0028,2025-10-25,1,19.44,Organic
O002594,C0547,P0029,2025-10-25,2,39.54,Organic
O002595,C0018,P0031,2025-10-25,2,67.94,Paid
O002596,C0424,P0029,2025-10-25,2,39.54,Organic
O002597,C0545,P0025,2025-10-25,2,59.52,Organic
O002598,C0056,P0037,2025-10-25,1,57.35,Organic
O002599,C0713,P0034,2025-10-25,1,87.49,Organic
O002600,C0092,P0003,2025-10-25,2,567.96,Referral
O002601,C0733,P0005,2025-10-25,1,124.69,Organic
O002602,C0548,P0001,2025-10-25,1,368.78,Organic
O002603,C0499,P0002,2025-10-25,3,271.26,Organic
O002604,C0033,P0015,2025-10-25,2,155.26,Organic
O002605,C0315,P0016,2025-10-25,3,92.94,Paid
O002606,C0305,P0011,2025-10-25,2,67.96,Paid
O002607,C0757,P0018,2025-10-25,2,188.5,Paid
O002608,C0601,P0030,2025-10-25,1,30.5,Referral
O002609,C0689,P0032,2025-10-25,2,106.18,Organic
O002610,C0650,P0032,2025-10-25,3,159.27,Email
O002611,C0660,P0030,2025-10-25,2,61.0,Paid
O002612,C0299,P0038,2025-10-25,2,223.9,Organic
O002613,C0416,P0034,2025-10-25,3,262.47,Organic
O002614,C0389,P0034,2025-10-25,1,87.49,Referral
O002615,C0476,P0038,2025-10-25,3,335.85,Organic
O002616,C0194,P0038,2025-10-25,3,335.85,Organic
O002617,C0358,P0006,2025-10-25,3,418.29,Paid
O002618,C0189,P0006,2025-10-25,1,139.43,Organic
O002619,C0320,P0011,2025-10-25,1,33.98,Paid
O002620,C0770,P0012,2025-10-25,2,146.36,Referral
O002621,C0781,P0024,2025-10-25,3,94.74,Organic
O002622,C0288,P0021,2025-10-25,2,94.08,Organic
O002623,C0498,P0021,2025-10-25,1,47.04,Referral
O002624,C0407,P0032,2025-10-25,2,106.18,Paid
O002625,C0121,P0031,2025-10-25,2,67.94,Organic
O002626,C0736,P0028,2025-10-25,1,19.44,Organic
O002627,C0695,P0038,2025-10-25,1,111.95,Organic
O002628,C0316,P0033,2025-10-25,3,247.32,Paid
O002629,C0552,P0035,2025-10-25,2,236.42,Paid
O002630,C0708,P0002,2025-10-26,3,271.26,Paid
O002631,C0618,P0004,2025-10-26,2,666.42,Paid
O002632,C0035,P0004,2025-10-26,2,666.42,Organic
O002633,C0371,P0013,2025-10-26,3,218.67,Organic
O002634,C0671,P0014,2025-10-26,2,86.74,Organic
O002635,C0403,P0020,2025-10-26,1,25.02,Paid
O002636,C0443,P0022,2025-10-26,3,262.38,Paid
O002637,C0035,P0020,2025-10-26,3,75.06,Organic
O002638,C0799,P0028,2025-10-26,1,19.44,Referral
O002639,C0045,P0026,2025-10-26,3,142.05,Paid
O002640,C0382,P0026,2025-10-26,2,94.7,Paid
O002641,C0062,P0040,2025-10-26,1,91.63,Organic
O002642,C0045,P0035,2025-10-26,2,236.42,Organic
O002643,C0015,P0037,2025-10-26,2,114.7,Email
O002644,C0752,P0003,2025-10-26,3,851.94,Organic
O002645,C0180,P0002,2025-10-26,2,180.84,Organic
O002646,C0353,P0002,2025-10-26,1,90.42,Organic
O002647,C0374,P0015,2025-10-26,3,232.89,Paid
O002648,C0773,P0013,2025-10-26,2,145.78,Organic
O002649,C0734,P0013,2025-10-26,3,218.67,Email
O002650,C0417,P0013,2025-10-26,2,145.78,Paid
O002651,C0449,P0017,2025-10-26,1,20.56,Organic
O002652,C0155,P0030,2025-10-26,2,61.0,Paid
O002653,C0204,P0034,2025-10-26,3,262.47,Paid
O002654,C0052,P0039,2025-10-26,3,122.46,Email
O002655,C0180,P0040,2025-10-26,3,274.89,Paid
O002656,C0454,P0040,2025-10-26,3,274.89,Referral
O002657,C0439,P0033,2025-10-26,3,247.32,Organic
O002658,C0548,P0008,2025-10-26,2,270.52,Organic
O002659,C0780,P0014,2025-10-26,1,43.37,Referral
O002660,C0681,P0017,2025-10-26,1,20.56,Referral
O002661,C0404,P0022,2025-10-26,1,87.46,Organic
O002662,C0485,P0039,2025-10-26,1,40.82,Paid
O002663,C0517,P0034,2025-10-26,2,174.98,Paid
O002664,C0183,P0037,2025-10-26,3,172.05,Organic
O002665,C0578,P0035,2025-10-26,2,236.42,Paid
O002666,C0458,P0003,2025-10-26,3,851.94,Organic
O002667,C0668,P0007,2025-10-26,3,1161.69,Organic
O002668,C0357,P0007,2025-10-26,1,387.23,Email
O002669,C0173,P0007,2025-10-26,2,774.46,Organic
O002670,C0164,P0010,2025-10-26,3,142.32,Organic
O002671,C0666,P0021,2025-10-26,2,94.08,Paid
O002672,C0264,P0031,2025-10-26,3,101.91,Paid
O002673,C0621,P0030,2025-10-26,3,91.5,Organic
O002674,C0069,P0031,2025-10-26,3,101.91,Organic
O002675,C0076,P0025,2025-10-26,3,89.28,Paid
O002676,C0716,P0032,2025-10-26,3,159.27,Paid
O002677,C0289,P0034,2025-10-26,3,262.47,Organic
O002678,C0432,P0034,2025-10-26,1,87.49,Email
O002679,C0453,P0037,2025-10-26,2,114.7,Paid
O002680,C0030,P0008,2025-10-27,1,135.26,Organic
O002681,C0671,P0006,2025-10-27,2,278.86,Paid
O002682,C0408,P0008,2025-10-27,2,270.52,Organic
O002683,C0262,P0012,2025-10-27,3,219.54,Referral
O002684,C0732,P0017,2025-10-27,3,61.68,Organic
O002685,C0649,P0022,2025-10-27,3,262.38,Organic
O002686,C0362,P0029,2025-10-27,3,59.31,Organic
O002687,C0581,P0029,2025-10-27,1,19.77,Paid
O002688,C0035,P0026,2025-10-27,1,47.35,Paid
O002689,C0549,P0036,2025-10-27,2,116.48,Email
O002690,C0508,P0006,2025-10-27,2,278.86,Paid
O002691,C0430,P0009,2025-10-27,1,47.25,Paid
O002692,C0279,P0012,2025-10-27,1,73.18,Organic
O002693,C0622,P0011,2025-10-27,3,101.94,Referral
O002694,C0417,P0014,2025-10-27,2,86.74,Organic
O002695,C0451,P0022,2025-10-27,3,262.38,Paid
O002696,C0397,P0017,2025-10-27,1,20.56,Paid
O002697,C0569,P0020,2025-10-27,3,75.06,Referral
O002698,C0480,P0026,2025-10-27,1,47.35,Paid
O002699,C0279,P0031,2025-10-27,2,67.94,Organic
O002700,C0548,P0008,2025-10-27,3,405.78,Email
O002701,C0689,P0003,2025-10-27,3,851.94,Paid
O002702,C0227,P0007,2025-10-27,3,1161.69,Organic
O002703,C0194,P0010,2025-10-27,3,142.32,Paid
O002704,C0389,P0012,2025-10-27,3,219.54,Organic
O002705,C0115,P0015,2025-10-27,2,155.26,Organic
O002706,C0650,P0016,2025-10-27,1,30.98,Paid
O002707,C0517,P0010,2025-10-27,3,142.32,Paid
O002708,C0033,P0023,2025-10-27,3,375.87,Email
O002709,C0561,P0021,2025-10-27,1,47.04,Paid
O002710,C0496,P0020,2025-10-27,2,50.04,Organic
O002711,C0028,P0030,2025-10-27,3,91.5,Organic
O002712,C0400,P0026,2025-10-27,1,47.35,Paid
O002713,C0328,P0003,2025-10-27,2,567.96,Organic
O002714,C0272,P0006,2025-10-27,3,418.29,Organic
O002715,C0693,P0003,2025-10-27,1,283.98,Organic
O002716,C0090,P0002,2025-10-27,1,90.42,Email
O002717,C0001,P0011,2025-10-27,1,33.98,Organic
O002718,C0731,P0022,2025-10-27,2,174.92,Paid
O002719,C0453,P0018,2025-10-27,3,282.75,Organic
O002720,C0084,P0021,2025-10-27,3,141.12,Organic
O002721,C0232,P0024,2025-10-27,3,94.74,Referral
O002722,C0704,P0025,2025-10-27,1,29.76,Organic
O002723,C0383,P0030,2025-10-27,3,91.5,Paid
O002724,C0597,P0040,2025-10-27,1,91.63,Organic
O002725,C0409,P0036,2025-10-27,2,116.48,Organic
O002726,C0649,P0002,2025-10-28,1,90.42,Paid
O002727,C0003,P0014,2025-10-28,2,86.74,Email
O002728,C0755,P0016,2025-10-28,2,61.96,Paid
O002729,C0776,P0014,2025-10-28,1,43.37,Paid
O002730,C0435,P0020,2025-10-28,1,25.02,Organic
O002731,C0639,P0019,2025-10-28,1,149.23,Organic
O002732,C0729,P0031,2025-10-28,1,33.97,Paid
O002733,C0554,P0030,2025-10-28,1,30.5,Organic
O002734,C0477,P0038,2025-10-28,1,111.95,Referral
O002735,C0017,P0017,2025-10-28,2,41.12,Email
O002736,C0563,P0017,2025-10-28,3,61.68,Referral
O002737,C0178,P0019,2025-10-28,1,149.23,Organic
O002738,C0454,P0022,2025-10-28,3,262.38,Email
O002739,C0642,P0029,2025-10-28,3,59.31,Organic
O002740,C0291,P0034,2025-10-28,2,174.98,Referral
O002741,C0056,P0034,2025-10-28,2,174.98,Organic
O002742,C0436,P0008,2025-10-28,1,135.26,Organic
O002743,C0227,P0004,2025-10-28,2,666.42,Paid
O002744,C0246,P0013,2025-10-28,1,72.89,Organic
O002745,C0028,P0011,2025-10-28,1,33.98,Organic
O002746,C0031,P0018,2025-10-28,3,282.75,Organic
O002747,C0780,P0027,2025-10-28,2,57.16,Paid
O002748,C0601,P0036,2025-10-28,3,174.72,Paid
O002749,C0076,P0006,2025-10-28,3,418.29,Email
O002750,C0110,P0001,2025-10-28,1,368.78,Paid
O002751,C0536,P0009,2025-10-28,3,141.75,Paid
O002752,C0504,P0020,2025-10-28,2,50.04,Paid
O002753,C0072,P0026,2025-10-28,2,94.7,Organic
O002754,C0552,P0027,2025-10-28,3,85.74,Referral
O002755,C0753,P0035,2025-10-28,3,354.63,Organic
O002756,C0172,P0040,2025-10-28,3,274.89,Email
O002757,C0500,P0035,2025-10-28,3,354.63,Organic
O002758,C0203,P0038,2025-10-28,1,111.95,Organic
O002759,C0078,P0006,2025-10-29,2,278.86,Organic
O002760,C0714,P0006,2025-10-29,2,278.86,Organic
O002761,C0406,P0002,2025-10-29,3,271.26,Organic
O002762,C0317,P0004,2025-10-29,3,999.63,Organic
O002763,C0408,P0010,2025-10-29,2,94.88,Organic
O002764,C0619,P0012,2025-10-29,3,219.54,Organic
O002765,C0649,P0013,2025-10-29,3,218.67,Referral
O002766,C0579,P0016,2025-10-29,1,30.98,Organic
O002767,C0136,P0016,2025-10-29,1,30.98,Organic
O002768,C0122,P0018,2025-10-29,2,188.5,Paid
O002769,C0567,P0029,2025-10-29,2,39.54,Organic
O002770,C0658,P0030,2025-10-29,3,91.5,Organic
O002771,C0620,P0033,2025-10-29,3,247.32,Organic
O002772,C0535,P0036,2025-10-29,2,116.48,Email
O002773,C0772,P0001,2025-10-29,2,737.56,Organic
O002774,C0370,P0004,2025-10-29,3,999.63,Referral
O002775,C0752,P0016,2025-10-29,2,61.96,Paid
O002776,C0750,P0012,2025-10-29,3,219.54,Organic
O002777,C0049,P0021,2025-10-29,2,94.08,Paid
O002778,C0575,P0025,2025-10-29,3,89.28,Email
O002779,C0519,P0032,2025-10-29,3,159.27,Email
O002780,C0331,P0035,2025-10-29,2,236.42,Organic
O002781,C0777,P0035,2025-10-29,3,354.63,Organic
O002782,C0430,P0034,2025-10-29,3,262.47,Paid
O002783,C0373,P0008,2025-10-29,2,270.52,Organic
O002784,C0061,P0006,2025-10-29,3,418.29,Organic
O002785,C0022,P0006,2025-10-29,2,278.86,Organic
O002786,C0633,P0014,2025-10-29,3,130.11,Referral
O002787,C0009,P0011,2025-10-29,2,67.96,Organic
O002788,C0561,P0012,2025-10-29,3,219.54,Organic
O002789,C0436,P0020,2025-10-29,2,50.04,Paid
O002790,C0733,P0018,2025-10-29,1,94.25,Email
O002791,C0630,P0020,2025-10-29,2,50.04,Organic
O002792,C0126,P0023,2025-10-29,2,250.58,Referral
O002793,C0325,P0028,2025-10-29,3,58.32,Email
O002794,C0767,P0034,2025-10-29,3,262.47,Email
O002795,C0357,P0001,2025-10-29,3,1106.34,Organic
O002796,C0053,P0003,2025-10-29,2,567.96,Email
O002797,C0771,P0007,2025-10-29,3,1161.69,Organic
O002798,C0383,P0009,2025-10-29,3,141.75,Organic
O002799,C0409,P0009,2025-10-29,1,47.25,Paid
O002800,C0230,P0018,2025-10-29,2,188.5,Organic
O002801,C0230,P0020,2025-10-29,3,75.06,Organic
O002802,C0511,P0018,2025-10-29,1,94.25,Email
O002803,C0597,P0028,2025-10-29,1,19.44,Email
O002804,C0726,P0027,2025-10-29,2,57.16,Organic
O002805,C0458,P0029,2025-10-29,2,39.54,Organic
O002806,C0002,P0027,2025-10-29,3,85.74,Organic
O002807,C0458,P0034,2025-10-29,3,262.47,Paid
O002808,C0181,P0037,2025-10-29,2,114.7,Organic
O002809,C0512,P0034,2025-10-29,1,87.49,Organic
O002810,C0207,P0005,2025-10-30,1,124.69,Organic
O002811,C0599,P0011,2025-10-30,2,67.96,Organic
O002812,C0226,P0014,2025-10-30,1,43.37,Organic
O002813,C0425,P0032,2025-10-30,2,106.18,Paid
O002814,C0746,P0027,2025-10-30,1,28.58,Paid
O002815,C0043,P0032,2025-10-30,1,53.09,Paid
O002816,C0198,P0033,2025-10-30,1,82.44,Email
O002817,C0235,P0034,2025-10-30,1,87.49,Organic
O002818,C0645,P0002,2025-10-30,2,180.84,Organic
O002819,C0255,P0016,2025-10-30,3,92.94,Organic
O002820,C0048,P0009,2025-10-30,3,141.75,Email
O002821,C0545,P0009,2025-10-30,1,47.25,Paid
O002822,C0642,P0024,2025-10-30,1,31.58,Organic
O002823,C0713,P0028,2025-10-30,3,58.32,Paid
O002824,C0596,P0025,2025-10-30,2,59.52,Paid
O002825,C0750,P0027,2025-10-30,1,28.58,Email
O002826,C0740,P0027,2025-10-30,3,85.74,Organic
O002827,C0132,P0030,2025-10-30,3,91.5,Email
O002828,C0449,P0038,2025-10-30,1,111.95,Email
O002829,C0420,P0036,2025-10-30,3,174.72,Organic
O002830,C0108,P0005,2025-10-30,3,374.07,Email
O002831,C0099,P0003,2025-10-30,2,567.96,Organic
O002832,C0517,P0016,2025-10-30,1,30.98,Organic
O002833,C0647,P0029,2025-10-30,1,19.77,Referral
O002834,C0211,P0031,2025-10-30,3,101.91,Organic
O002835,C0350,P0029,2025-10-30,3,59.31,Paid
O002836,C0197,P0031,2025-10-30,1,33.97,Paid
O002837,C0647,P0031,2025-10-30,1,33.97,Paid
O002838,C0232,P0001,2025-10-30,1,368.78,Email
O002839,C0758,P0006,2025-10-30,3,418.29,Organic
O002840,C0698,P0012,2025-10-30,3,219.54,Organic
O002841,C0726,P0013,2025-10-30,2,145.78,Paid
O002842,C0762,P0020,2025-10-30,2,50.04,Email
O002843,C0726,P0017,2025-10-30,1,20.56,Organic
O002844,C0117,P0020,2025-10-30,3,75.06,Organic
O002845,C0012,P0019,2025-10-30,1,149.23,Organic
O002846,C0555,P0021,2025-10-30,1,47.04,Paid
O002847,C0498,P0031,2025-10-30,1,33.97,Organic
O002848,C0731,P0025,2025-10-30,1,29.76,Paid
O002849,C0562,P0040,2025-10-30,2,183.26,Referral
O002850,C0776,P0001,2025-10-31,2,737.56,Organic
O002851,C0135,P0009,2025-10-31,3,141.75,Organic
O002852,C0336,P0023,2025-10-31,2,250.58,Email
O002853,C0228,P0023,2025-10-31,2,250.58,Organic
O002854,C0212,P0024,2025-10-31,3,94.74,Organic
O002855,C0626,P0028,2025-10-31,2,38.88,Paid
O002856,C0207,P0030,2025-10-31,3,91.5,Paid
O002857,C0759,P0027,2025-10-31,3,85.74,Organic
O002858,C0399,P0038,2025-10-31,2,223.9,Paid
O002859,C0445,P0038,2025-10-31,1,111.95,Paid
O002860,C0088,P0033,2025-10-31,2,164.88,Paid
O002861,C0554,P0037,2025-10-31,1,57.35,Paid
O002862,C0768,P0039,2025-10-31,2,81.64,Paid
O002863,C0244,P0001,2025-10-31,2,737.56,Organic
O002864,C0276,P0004,2025-10-31,1,333.21,Organic
O002865,C0160,P0003,2025-10-31,3,851.94,Organic
O002866,C0589,P0013,2025-10-31,3,218.67,Organic
O002867,C0734,P0015,2025-10-31,2,155.26,Organic
O002868,C0353,P0009,2025-10-31,1,47.25,Paid
O002869,C0276,P0032,2025-10-31,1,53.09,Organic
O002870,C0766,P0031,2025-10-31,1,33.97,Organic
O002871,C0623,P0036,2025-10-31,1,58.24,Email
O002872,C0391,P0038,2025-10-31,1,111.95,Paid
O002873,C0327,P0008,2025-10-31,1,135.26,Paid
O002874,C0561,P0003,2025-10-31,1,283.98,Organic
O002875,C0607,P0008,2025-10-31,1,135.26,Referral
O002876,C0166,P0006,2025-10-31,2,278.86,Referral
O002877,C0694,P0009,2025-10-31,3,141.75,Organic
O002878,C0733,P0011,2025-10-31,1,33.98,Paid
O002879,C0607,P0014,2025-10-31,3,130.11,Email
O002880,C0650,P0016,2025-10-31,3,92.94,Email
O002881,C0115,P0013,2025-10-31,2,145.78,Referral
O002882,C0763,P0016,2025-10-31,1,30.98,Organic
O002883,C0540,P0023,2025-10-31,2,250.58,Organic
O002884,C0061,P0023,2025-10-31,1,125.29,Organic
O002885,C0660,P0023,2025-10-31,2,250.58,Organic
O002886,C0754,P0040,2025-10-31,1,91.63,Paid
O002887,C0138,P0035,2025-10-31,3,354.63,Paid
O002888,C0607,P0035,2025-10-31,1,118.21,Paid
O002889,C0099,P0036,2025-10-31,3,174.72,Email
O002890,C0323,P0033,2025-10-31,3,247.32,Organic
O002891,C0791,P0001,2025-10-31,3,1106.34,Organic
O002892,C0478,P0011,2025-10-31,1,33.98,Organic
O002893,C0084,P0012,2025-10-31,2,146.36,Organic
O002894,C0668,P0015,2025-10-31,1,77.63,Organic
O002895,C0121,P0016,2025-10-31,2,61.96,Organic
O002896,C0419,P0016,2025-10-31,2,61.96,Organic
O002897,C0698,P0014,2025-10-31,2,86.74,Organic
O002898,C0552,P0016,2025-10-31,2,61.96,Organic
O002899,C0500,P0014,2025-10-31,2,86.74,Referral
O002900,C0705,P0015,2025-10-31,1,77.63,Paid
O002901,C0090,P0015,2025-10-31,2,155.26,Organic
O002902,C0753,P0019,2025-10-31,2,298.46,Organic
O002903,C0782,P0018,2025-10-31,3,282.75,Paid
O002904,C0707,P0030,2025-10-31,3,91.5,Organic
O002905,C0076,P0028,2025-10-31,1,19.44,Organic
O002906,C0782,P0025,2025-10-31,1,29.76,Paid
O002907,C0189,P0027,2025-10-31,1,28.58,Organic
O002908,C0339,P0025,2025-10-31,2,59.52,Organic
O002909,C0161,P0039,2025-10-31,1,40.82,Paid
O002910,C0597,P0040,2025-10-31,1,91.63,Organic
O002911,C0428,P0005,2025-11-01,2,249.38,Email
O002912,C0268,P0001,2025-11-01,3,1106.34,Paid
O002913,C0756,P0004,2025-11-01,1,333.21,Referral
O002914,C0277,P0016,2025-11-01,2,61.96,Paid
O002915,C0662,P0015,2025-11-01,1,77.63,Organic
O002916,C0408,P0015,2025-11-01,1,77.63,Organic
O002917,C0114,P0009,2025-11-01,1,47.25,Organic
O002918,C0058,P0017,2025-11-01,3,61.68,Organic
O002919,C0235,P0024,2025-11-01,2,63.16,Organic
O002920,C0205,P0021,2025-11-01,2,94.08,Organic
O002921,C0627,P0031,2025-11-01,3,101.91,Paid
O002922,C0369,P0027,2025-11-01,1,28.58,Paid
O002923,C0722,P0029,2025-11-01,3,59.31,Paid
O002924,C0317,P0033,2025-11-01,3,247.32,Organic
O002925,C0454,P0002,2025-11-01,1,90.42,Paid
O002926,C0750,P0001,2025-11-01,2,737.56,Paid
O002927,C0014,P0007,2025-11-01,1,387.23,Organic
O002928,C0333,P0016,2025-11-01,1,30.98,Organic
O002929,C0507,P0021,2025-11-01,1,47.04,Organic
O002930,C0589,P0018,2025-11-01,3,282.75,Email
O002931,C0646,P0028,2025-11-01,2,38.88,Paid
O002932,C0489,P0032,2025-11-01,3,159.27,Organic
O002933,C0520,P0029,2025-11-01,3,59.31,Organic
O002934,C0308,P0036,2025-11-01,1,58.24,Email
O002935,C0569,P0035,2025-11-01,3,354.63,Email
O002936,C0325,P0003,2025-11-01,2,567.96,Organic
O002937,C0414,P0004,2025-11-01,3,999.63,Paid
O002938,C0680,P0015,2025-11-01,1,77.63,Paid
O002939,C0465,P0009,2025-11-01,1,47.25,Paid
O002940,C0227,P0009,2025-11-01,3,141.75,Organic
O002941,C0177,P0022,2025-11-01,1,87.46,Organic
O002942,C0306,P0024,2025-11-01,3,94.74,Organic
O002943,C0681,P0024,2025-11-01,2,63.16,Organic
O002944,C0522,P0035,2025-11-01,1,118.21,Organic
O002945,C0561,P0039,2025-11-01,1,40.82,Referral
O002946,C0633,P0039,2025-11-01,3,122.46,Organic
O002947,C0585,P0001,2025-11-01,1,368.78,Organic
O002948,C0442,P0003,2025-11-01,3,851.94,Paid
O002949,C0606,P0004,2025-11-01,1,333.21,Organic
O002950,C0791,P0008,2025-11-01,3,405.78,Organic
O002951,C0584,P0013,2025-11-01,3,218.67,Organic
O002952,C0458,P0009,2025-11-01,3,141.75,Email
O002953,C0288,P0022,2025-11-01,1,87.46,Paid
O002954,C0585,P0024,2025-11-01,3,94.74,Paid
O002955,C0666,P0030,2025-11-01,2,61.0,Organic
O002956,C0585,P0029,2025-11-01,3,59.31,Paid
O002957,C0199,P0027,2025-11-01,2,57.16,Organic
O002958,C0296,P0040,2025-11-01,2,183.26,Organic
O002959,C0189,P0034,2025-11-01,3,262.47,Organic
O002960,C0729,P0003,2025-11-02,3,851.94,Email
O002961,C0371,P0002,2025-11-02,3,271.26,Referral
O002962,C0364,P0004,2025-11-02,1,333.21,Paid
O002963,C0396,P0005,2025-11-02,2,249.38,Email
O002964,C0461,P0003,2025-11-02,3,851.94,Organic
O002965,C0553,P0015,2025-11-02,1,77.63,Organic
O002966,C0136,P0012,2025-11-02,3,219.54,Organic
O002967,C0030,P0009,2025-11-02,1,47.25,Email
O002968,C0403,P0013,2025-11-02,1,72.89,Organic
O002969,C0144,P0014,2025-11-02,1,43.37,Organic
O002970,C0616,P0024,2025-11-02,2,63.16,Email
O002971,C0347,P0019,2025-11-02,1,149.23,Organic
O002972,C0723,P0023,2025-11-02,2,250.58,Organic
O002973,C0662,P0024,2025-11-02,1,31.58,Paid
O002974,C0322,P0032,2025-11-02,3,159.27,Organic
O002975,C0411,P0031,2025-11-02,2,67.94,Paid
O002976,C0128,P0035,2025-11-02,2,236.42,Referral
O002977,C0114,P0036,2025-11-02,2,116.48,Paid
O002978,C0396,P0039,2025-11-02,1,40.82,Organic
O002979,C0352,P0034,2025-11-02,1,87.49,Paid
O002980,C0583,P0034,2025-11-02,1,87.49,Organic
O002981,C0116,P0037,2025-11-02,3,172.05,Organic
O002982,C0773,P0005,2025-11-02,3,374.07,Organic
O002983,C0740,P0011,2025-11-02,1,33.98,Organic
O002984,C0125,P0017,2025-11-02,3,61.68,Organic
O002985,C0029,P0025,2025-11-02,1,29.76,Organic
O002986,C0376,P0039,2025-11-02,2,81.64,Referral
O002987,C0014,P0036,2025-11-02,1,58.24,Organic
O002988,C0520,P0033,2025-11-02,2,164.88,Organic
O002989,C0183,P0005,2025-11-02,1,124.69,Paid
O002990,C0191,P0009,2025-11-02,3,141.75,Paid
O002991,C0561,P0012,2025-11-02,2,146.36,Email
O002992,C0440,P0012,2025-11-02,3,219.54,Email
O002993,C0112,P0013,2025-11-02,2,145.78,Referral
O002994,C0325,P0009,2025-11-02,2,94.5,Paid
O002995,C0689,P0018,2025-11-02,3,282.75,Paid
O002996,C0711,P0021,2025-11-02,2,94.08,Email
O002997,C0247,P0017,2025-11-02,2,41.12,Email
O002998,C0692,P0023,2025-11-02,3,375.87,Organic
O002999,C0689,P0018,2025-11-02,1,94.25,Paid
O003000,C0578,P0018,2025-11-02,2,188.5,Organic
O003001,C0022,P0027,2025-11-02,3,85.74,Referral
O003002,C0564,P0032,2025-11-02,2,106.18,Paid
O003003,C0327,P0029,2025-11-02,3,59.31,Organic
O003004,C0610,P0026,2025-11-02,2,94.7,Email
O003005,C0733,P0040,2025-11-02,2,183.26,Organic
O003006,C0418,P0035,2025-11-02,3,354.63,Paid
O003007,C0437,P0006,2025-11-02,3,418.29,Email
O003008,C0084,P0006,2025-11-02,1,139.43,Paid
O003009,C0407,P0012,2025-11-02,2,146.36,Paid
O003010,C0181,P0009,2025-11-02,1,47.25,Email
O003011,C0303,P0017,2025-11-02,1,20.56,Organic
O003012,C0383,P0017,2025-11-02,2,41.12,Referral
O003013,C0606,P0030,2025-11-02,3,91.5,Referral
O003014,C0602,P0031,2025-11-02,2,67.94,Email
O003015,C0442,P0038,2025-11-02,1,111.95,Paid
O003016,C0232,P0035,2025-11-02,2,236.42,Organic
O003017,C0536,P0034,2025-11-02,3,262.47,Organic
O003018,C0093,P0039,2025-11-02,3,122.46,Paid
O003019,C0248,P0039,2025-11-02,3,122.46,Organic
O003020,C0612,P0033,2025-11-02,2,164.88,Paid
O003021,C0226,P0005,2025-11-03,2,249.38,Organic
O003022,C0141,P0004,2025-11-03,3,999.63,Organic
O003023,C0464,P0011,2025-11-03,3,101.94,Organic
O003024,C0295,P0009,2025-11-03,2,94.5,Referral
O003025,C0270,P0011,2025-11-03,1,33.98,Email
O003026,C0294,P0021,2025-11-03,1,47.04,Paid
O003027,C0445,P0023,2025-11-03,3,375.87,Referral
O003028,C0219,P0018,2025-11-03,2,188.5,Organic
O003029,C0551,P0024,2025-11-03,2,63.16,Paid
O003030,C0062,P0032,2025-11-03,1,53.09,Email
O003031,C0340,P0036,2025-11-03,3,174.72,Paid
O003032,C0078,P0033,2025-11-03,2,164.88,Referral
O003033,C0391,P0008,2025-11-03,2,270.52,Organic
O003034,C0772,P0003,2025-11-03,3,851.94,Organic
O003035,C0518,P0003,2025-11-03,3,851.94,Paid
O003036,C0127,P0006,2025-11-03,2,278.86,Paid
O003037,C0489,P0016,2025-11-03,3,92.94,Organic
O003038,C0528,P0016,2025-11-03,2,61.96,Organic
O003039,C0056,P0023,2025-11-03,2,250.58,Referral
O003040,C0507,P0027,2025-11-03,2,57.16,Organic
O003041,C0204,P0036,2025-11-03,2,116.48,Paid
O003042,C0455,P0035,2025-11-03,2,236.42,Email
O003043,C0333,P0037,2025-11-03,1,57.35,Paid
O003044,C0586,P0037,2025-11-03,3,172.05,Organic
O003045,C0772,P0039,2025-11-03,2,81.64,Paid
O003046,C0455,P0040,2025-11-03,3,274.89,Email
O003047,C0601,P0001,2025-11-03,2,737.56,Email
O003048,C0517,P0006,2025-11-03,1,139.43,Referral
O003049,C0359,P0012,2025-11-03,2,146.36,Organic
O003050,C0220,P0011,2025-11-03,3,101.94,Organic
O003051,C0227,P0016,2025-11-03,2,61.96,Email
O003052,C0485,P0013,2025-11-03,3,218.67,Organic
O003053,C0757,P0014,2025-11-03,1,43.37,Email
O003054,C0359,P0015,2025-11-03,3,232.89,Organic
O003055,C0561,P0009,2025-11-03,1,47.25,Organic
O003056,C0660,P0018,2025-11-03,3,282.75,Paid
O003057,C0588,P0024,2025-11-03,3,94.74,Organic
O003058,C0499,P0018,2025-11-03,3,282.75,Email
O003059,C0183,P0018,2025-11-03,1,94.25,Organic
O003060,C0418,P0017,2025-11-03,2,41.12,Organic
O003061,C0699,P0020,2025-11-03,3,75.06,Organic
O003062,C0166,P0027,2025-11-03,2,57.16,Paid
O003063,C0561,P0030,2025-11-03,3,91.5,Organic
O003064,C0166,P0040,2025-11-03,2,183.26,Organic
O003065,C0485,P0035,2025-11-03,1,118.21,Paid
O003066,C0327,P0033,2025-11-03,1,82.44,Paid
O003067,C0143,P0036,2025-11-03,1,58.24,Organic
O003068,C0436,P0035,2025-11-03,2,236.42,Paid
O003069,C0557,P0038,2025-11-03,1,111.95,Organic
O003070,C0283,P0035,2025-11-03,3,354.63,Organic
O003071,C0610,P0036,2025-11-03,3,174.72,Paid
O003072,C0711,P0038,2025-11-03,3,335.85,Organic
O003073,C0061,P0039,2025-11-03,2,81.64,Paid
O003074,C0800,P0002,2025-11-03,1,90.42,Organic
O003075,C0419,P0007,2025-11-03,2,774.46,Email
O003076,C0288,P0002,2025-11-03,2,180.84,Organic
O003077,C0736,P0005,2025-11-03,2,249.38,Organic
O003078,C0419,P0008,2025-11-03,1,135.26,Organic
O003079,C0161,P0002,2025-11-03,2,180.84,Organic
O003080,C0375,P0005,2025-11-03,2,249.38,Paid
O003081,C0715,P0012,2025-11-03,1,73.18,Organic
O003082,C0512,P0013,2025-11-03,2,145.78,Organic
O003083,C0358,P0013,2025-11-03,2,145.78,Organic
O003084,C0051,P0014,2025-11-03,2,86.74,Organic
O003085,C0781,P0014,2025-11-03,2,86.74,Organic
O003086,C0248,P0009,2025-11-03,1,47.25,Paid
O003087,C0498,P0010,2025-11-03,1,47.44,Paid
O003088,C0724,P0021,2025-11-03,2,94.08,Email
O003089,C0093,P0019,2025-11-03,3,447.69,Paid
O003090,C0161,P0028,2025-11-03,3,58.32,Referral
O003091,C0181,P0036,2025-11-03,1,58.24,Referral
O003092,C0726,P0034,2025-11-03,2,174.98,Paid
O003093,C0456,P0034,2025-11-03,1,87.49,Organic
O003094,C0616,P0007,2025-11-04,3,1161.69,Organic
O003095,C0188,P0013,2025-11-04,1,72.89,Referral
O003096,C0425,P0015,2025-11-04,1,77.63,Paid
O003097,C0776,P0021,2025-11-04,2,94.08,Organic
O003098,C0045,P0023,2025-11-04,3,375.87,Paid
O003099,C0583,P0018,2025-11-04,3,282.75,Email
O003100,C0638,P0020,2025-11-04,2,50.04,Email
O003101,C0219,P0019,2025-11-04,1,149.23,Paid
O003102,C0263,P0017,2025-11-04,3,61.68,Organic
O003103,C0482,P0020,2025-11-04,1,25.02,Organic
O003104,C0273,P0030,2025-11-04,3,91.5,Paid
O003105,C0169,P0025,2025-11-04,2,59.52,Paid
O003106,C0081,P0029,2025-11-04,3,59.31,Paid
O003107,C0015,P0031,2025-11-04,1,33.97,Organic
O003108,C0035,P0031,2025-11-04,2,67.94,Paid
O003109,C0045,P0026,2025-11-04,1,47.35,Paid
O003110,C0399,P0030,2025-11-04,3,91.5,Paid
O003111,C0141,P0039,2025-11-04,2,81.64,Organic
O003112,C0017,P0002,2025-11-04,2,180.84,Paid
O003113,C0424,P0007,2025-11-04,1,387.23,Email
O003114,C0594,P0010,2025-11-04,1,47.44,Referral
O003115,C0420,P0013,2025-11-04,2,145.78,Referral
O003116,C0471,P0016,2025-11-04,3,92.94,Paid
O003117,C0792,P0016,2025-11-04,1,30.98,Email
O003118,C0580,P0024,2025-11-04,1,31.58,Email
O003119,C0060,P0027,2025-11-04,2,57.16,Organic
O003120,C0455,P0035,2025-11-04,2,236.42,Organic
O003121,C0609,P0039,2025-11-04,1,40.82,Organic
O003122,C0204,P0037,2025-11-04,3,172.05,Organic
O003123,C0327,P0008,2025-11-04,2,270.52,Email
O003124,C0299,P0005,2025-11-04,1,124.69,Organic
O003125,C0564,P0009,2025-11-04,1,47.25,Email
O003126,C0431,P0016,2025-11-04,1,30.98,Organic
O003127,C0561,P0013,2025-11-04,3,218.67,Organic
O003128,C0711,P0011,2025-11-04,1,33.98,Organic
O003129,C0754,P0024,2025-11-04,3,94.74,Organic
O003130,C0767,P0023,2025-11-04,2,250.58,Organic
O003131,C0418,P0023,2025-11-04,3,375.87,Paid
O003132,C0233,P0028,2025-11-04,3,58.32,Paid
O003133,C0496,P0038,2025-11-04,3,335.85,Organic
O003134,C0138,P0040,2025-11-04,2,183.26,Organic
O003135,C0767,P0036,2025-11-04,1,58.24,Paid
O003136,C0083,P0034,2025-11-04,3,262.47,Paid
O003137,C0747,P0034,2025-11-04,2,174.98,Organic
O003138,C0360,P0036,2025-11-04,2,116.48,Organic
O003139,C0578,P0040,2025-11-04,2,183.26,Paid
O003140,C0506,P0035,2025-11-04,3,354.63,Organic
O003141,C0715,P0001,2025-11-04,1,368.78,Referral
O003142,C0042,P0007,2025-11-04,2,774.46,Paid
O003143,C0118,P0016,2025-11-04,3,92.94,Organic
O003144,C0511,P0014,2025-11-04,1,43.37,Organic
O003145,C0337,P0015,2025-11-04,1,77.63,Referral
O003146,C0514,P0019,2025-11-04,3,447.69,Paid
O003147,C0261,P0028,2025-11-04,3,58.32,Organic
O003148,C0552,P0027,2025-11-04,1,28.58,Referral
O003149,C0536,P0026,2025-11-04,2,94.7,Paid
O003150,C0597,P0031,2025-11-04,1,33.97,Organic
O003151,C0195,P0007,2025-11-05,3,1161.69,Organic
O003152,C0188,P0010,2025-11-05,2,94.88,Organic
O003153,C0799,P0012,2025-11-05,2,146.36,Email
O003154,C0212,P0017,2025-11-05,3,61.68,Paid
O003155,C0708,P0017,2025-11-05,1,20.56,Email
O003156,C0546,P0027,2025-11-05,2,57.16,Organic
O003157,C0546,P0026,2025-11-05,1,47.35,Paid
O003158,C0045,P0040,2025-11-05,2,183.26,Referral
O003159,C0425,P0033,2025-11-05,1,82.44,Organic
O003160,C0723,P0039,2025-11-05,1,40.82,Paid
O003161,C0219,P0040,2025-11-05,1,91.63,Paid
O003162,C0347,P0039,2025-11-05,2,81.64,Paid
O003163,C0590,P0033,2025-11-05,3,247.32,Paid
O003164,C0451,P0007,2025-11-05,1,387.23,Paid
O003165,C0370,P0004,2025-11-05,3,999.63,Email
O003166,C0750,P0014,2025-11-05,1,43.37,Organic
O003167,C0528,P0014,2025-11-05,1,43.37,Organic
O003168,C0740,P0022,2025-11-05,2,174.92,Paid
O003169,C0665,P0019,2025-11-05,1,149.23,Organic
O003170,C0488,P0024,2025-11-05,3,94.74,Organic
O003171,C0285,P0021,2025-11-05,3,141.12,Paid
O003172,C0239,P0022,2025-11-05,2,174.92,Organic
O003173,C0258,P0028,2025-11-05,3,58.32,Organic
O003174,C0018,P0031,2025-11-05,2,67.94,Paid
O003175,C0204,P0027,2025-11-05,3,85.74,Email
O003176,C0047,P0026,2025-11-05,3,142.05,Organic
O003177,C0623,P0038,2025-11-05,3,335.85,Paid
O003178,C0325,P0001,2025-11-05,1,368.78,Organic
O003179,C0540,P0014,2025-11-05,1,43.37,Paid
O003180,C0028,P0015,2025-11-05,3,232.89,Referral
O003181,C0028,P0027,2025-11-05,1,28.58,Paid
O003182,C0588,P0027,2025-11-05,2,57.16,Paid
O003183,C0414,P0039,2025-11-05,3,122.46,Organic
O003184,C0305,P0038,2025-11-05,1,111.95,Organic
O003185,C0602,P0002,2025-11-05,2,180.84,Organic
O003186,C0383,P0001,2025-11-05,3,1106.34,Paid
O003187,C0264,P0012,2025-11-05,3,219.54,Paid
O003188,C0475,P0020,2025-11-05,1,25.02,Email
O003189,C0458,P0019,2025-11-05,3,447.69,Email
O003190,C0668,P0017,2025-11-05,3,61.68,Email
O003191,C0051,P0028,2025-11-05,1,19.44,Organic
O003192,C0727,P0029,2025-11-05,3,59.31,Paid
O003193,C0727,P0032,2025-11-05,1,53.09,Paid
O003194,C0265,P0030,2025-11-05,3,91.5,Organic
O003195,C0498,P0037,2025-11-05,2,114.7,Organic
O003196,C0093,P0035,2025-11-05,2,236.42,Organic
O003197,C0437,P0035,2025-11-05,2,236.42,Email
O003198,C0504,P0033,2025-11-05,3,247.32,Paid
O003199,C0173,P0040,2025-11-05,2,183.26,Organic
O003200,C0673,P0038,2025-11-05,1,111.95,Organic
O003201,C0704,P0033,2025-11-05,3,247.32,Organic
O003202,C0662,P0006,2025-11-06,3,418.29,Organic
O003203,C0447,P0005,2025-11-06,3,374.07,Organic
O003204,C0294,P0003,2025-11-06,1,283.98,Organic
O003205,C0685,P0003,2025-11-06,3,851.94,Organic
O003206,C0721,P0007,2025-11-06,3,1161.69,Paid
O003207,C0225,P0006,2025-11-06,3,418.29,Email
O003208,C0583,P0004,2025-11-06,1,333.21,Organic
O003209,C0628,P0005,2025-11-06,3,374.07,Referral
O003210,C0626,P0009,2025-11-06,1,47.25,Referral
O003211,C0364,P0016,2025-11-06,2,61.96,Organic
O003212,C0396,P0010,2025-11-06,1,47.44,Paid
O003213,C0671,P0010,2025-11-06,2,94.88,Organic
O003214,C0729,P0023,2025-11-06,3,375.87,Organic
O003215,C0396,P0030,2025-11-06,1,30.5,Paid
O003216,C0426,P0026,2025-11-06,2,94.7,Referral
O003217,C0482,P0032,2025-11-06,2,106.18,Referral
O003218,C0058,P0040,2025-11-06,1,91.63,Paid
O003219,C0209,P0038,2025-11-06,3,335.85,Email
O003220,C0534,P0003,2025-11-06,2,567.96,Paid
O003221,C0417,P0008,2025-11-06,3,405.78,Organic
O003222,C0353,P0006,2025-11-06,2,278.86,Organic
O003223,C0089,P0007,2025-11-06,2,774.46,Organic
O003224,C0451,P0010,2025-11-06,2,94.88,Paid
O003225,C0594,P0016,2025-11-06,1,30.98,Referral
O003226,C0623,P0018,2025-11-06,3,282.75,Paid
O003227,C0052,P0018,2025-11-06,3,282.75,Email
O003228,C0451,P0032,2025-11-06,3,159.27,Paid
O003229,C0331,P0027,2025-11-06,2,57.16,Paid
O003230,C0547,P0034,2025-11-06,3,262.47,Organic
O003231,C0661,P0039,2025-11-06,2,81.64,Paid
O003232,C0355,P0035,2025-11-06,2,236.42,Organic
O003233,C0754,P0001,2025-11-06,3,1106.34,Organic
O003234,C0699,P0003,2025-11-06,2,567.96,Organic
O003235,C0177,P0009,2025-11-06,2,94.5,Organic
O003236,C0485,P0016,2025-11-06,3,92.94,Organic
O003237,C0601,P0010,2025-11-06,1,47.44,Organic
O003238,C0647,P0023,2025-11-06,2,250.58,Paid
O003239,C0743,P0018,2025-11-06,3,282.75,Email
O003240,C0197,P0019,2025-11-06,3,447.69,Referral
O003241,C0780,P0029,2025-11-06,1,19.77,Email
O003242,C0033,P0028,2025-11-06,3,58.32,Organic
O003243,C0033,P0030,2025-11-06,1,30.5,Email
O003244,C0763,P0038,2025-11-06,3,335.85,Paid
O003245,C0782,P0002,2025-11-06,2,180.84,Organic
O003246,C0059,P0004,2025-11-06,2,666.42,Paid
O003247,C0070,P0006,2025-11-06,3,418.29,Paid
O003248,C0069,P0003,2025-11-06,3,851.94,Organic
O003249,C0552,P0013,2025-11-06,3,218.67,Organic
O003250,C0395,P0018,2025-11-06,3,282.75,Paid
O003251,C0468,P0018,2025-11-06,3,282.75,Paid
O003252,C0395,P0027,2025-11-06,3,85.74,Organic
O003253,C0434,P0026,2025-11-06,3,142.05,Paid
O003254,C0395,P0037,2025-11-06,3,172.05,Paid
O003255,C0791,P0037,2025-11-06,3,172.05,Paid
O003256,C0715,P0037,2025-11-06,3,172.05,Email
O003257,C0671,P0003,2025-11-07,2,567.96,Email
O003258,C0081,P0003,2025-11-07,3,851.94,Email
O003259,C0205,P0003,2025-11-07,3,851.94,Organic
O003260,C0062,P0001,2025-11-07,2,737.56,Organic
O003261,C0114,P0010,2025-11-07,3,142.32,Organic
O003262,C0685,P0016,2025-11-07,2,61.96,Organic
O003263,C0776,P0020,2025-11-07,1,25.02,Email
O003264,C0128,P0024,2025-11-07,1,31.58,Email
O003265,C0157,P0029,2025-11-07,3,59.31,Paid
O003266,C0603,P0030,2025-11-07,3,91.5,Organic
O003267,C0219,P0039,2025-11-07,2,81.64,Email
O003268,C0062,P0036,2025-11-07,2,116.48,Paid
O003269,C0759,P0036,2025-11-07,2,116.48,Email
O003270,C0581,P0040,2025-11-07,2,183.26,Organic
O003271,C0097,P0038,2025-11-07,2,223.9,Organic
O003272,C0596,P0007,2025-11-07,2,774.46,Organic
O003273,C0785,P0008,2025-11-07,2,270.52,Email
O003274,C0575,P0005,2025-11-07,1,124.69,Organic
O003275,C0587,P0009,2025-11-07,2,94.5,Organic
O003276,C0586,P0012,2025-11-07,3,219.54,Paid
O003277,C0560,P0015,2025-11-07,3,232.89,Organic
O003278,C0795,P0012,2025-11-07,2,146.36,Email
O003279,C0569,P0024,2025-11-07,2,63.16,Paid
O003280,C0071,P0019,2025-11-07,1,149.23,Paid
O003281,C0545,P0017,2025-11-07,2,41.12,Organic
O003282,C0473,P0025,2025-11-07,1,29.76,Organic
O003283,C0057,P0028,2025-11-07,3,58.32,Organic
O003284,C0734,P0036,2025-11-07,3,174.72,Paid
O003285,C0376,P0037,2025-11-07,1,57.35,Organic
O003286,C0420,P0038,2025-11-07,2,223.9,Organic
O003287,C0711,P0002,2025-11-07,3,271.26,Organic
O003288,C0126,P0006,2025-11-07,1,139.43,Paid
O003289,C0743,P0013,2025-11-07,1,72.89,Paid
O003290,C0578,P0011,2025-11-07,3,101.94,Paid
O003291,C0115,P0009,2025-11-07,3,141.75,Organic
O003292,C0033,P0017,2025-11-07,1,20.56,Email
O003293,C0767,P0032,2025-11-07,2,106.18,Organic
O003294,C0234,P0028,2025-11-07,3,58.32,Organic
O003295,C0709,P0031,2025-11-07,1,33.97,Organic
O003296,C0633,P0032,2025-11-07,1,53.09,Paid
O003297,C0143,P0035,2025-11-07,3,354.63,Paid
O003298,C0564,P0038,2025-11-07,2,223.9,Organic
O003299,C0076,P0004,2025-11-07,1,333.21,Organic
O003300,C0173,P0005,2025-11-07,1,124.69,Organic
O003301,C0781,P0012,2025-11-07,3,219.54,Organic
O003302,C0110,P0009,2025-11-07,1,47.25,Organic
O003303,C0479,P0014,2025-11-07,2,86.74,Email
O003304,C0192,P0018,2025-11-07,1,94.25,Email
O003305,C0511,P0017,2025-11-07,2,41.12,Organic
O003306,C0727,P0031,2025-11-07,3,101.91,Organic
O003307,C0749,P0039,2025-11-07,1,40.82,Organic
O003308,C0084,P0036,2025-11-07,2,116.48,Email
O003309,C0221,P0036,2025-11-07,1,58.24,Paid
O003310,C0535,P0007,2025-11-08,1,387.23,Email
O003311,C0114,P0003,2025-11-08,1,283.98,Organic
O003312,C0639,P0008,2025-11-08,1,135.26,Referral
O003313,C0523,P0005,2025-11-08,1,124.69,Email
O003314,C0755,P0012,2025-11-08,3,219.54,Organic
O003315,C0141,P0013,2025-11-08,1,72.89,Paid
O003316,C0169,P0011,2025-11-08,1,33.98,Paid
O003317,C0396,P0016,2025-11-08,3,92.94,Email
O003318,C0638,P0014,2025-11-08,3,130.11,Email
O003319,C0341,P0011,2025-11-08,3,101.94,Email
O003320,C0487,P0014,2025-11-08,3,130.11,Organic
O003321,C0171,P0017,2025-11-08,3,61.68,Email
O003322,C0128,P0018,2025-11-08,2,188.5,Organic
O003323,C0717,P0019,2025-11-08,2,298.46,Paid
O003324,C0170,P0023,2025-11-08,1,125.29,Organic
O003325,C0768,P0027,2025-11-08,2,57.16,Email
O003326,C0510,P0032,2025-11-08,2,106.18,Email
O003327,C0298,P0028,2025-11-08,1,19.44,Organic
O003328,C0472,P0038,2025-11-08,2,223.9,Paid
O003329,C0549,P0037,2025-11-08,2,114.7,Paid
O003330,C0708,P0038,2025-11-08,1,111.95,Organic
O003331,C0472,P0039,2025-11-08,1,40.82,Email
O003332,C0212,P0038,2025-11-08,1,111.95,Organic
O003333,C0799,P0039,2025-11-08,3,122.46,Email
O003334,C0050,P0033,2025-11-08,1,82.44,Paid
O003335,C0006,P0003,2025-11-08,1,283.98,Referral
O003336,C0244,P0004,2025-11-08,3,999.63,Email
O003337,C0455,P0011,2025-11-08,2,67.96,Paid
O003338,C0752,P0015,2025-11-08,1,77.63,Paid
O003339,C0193,P0014,2025-11-08,3,130.11,Email
O003340,C0291,P0012,2025-11-08,1,73.18,Paid
O003341,C0712,P0009,2025-11-08,3,141.75,Organic
O003342,C0355,P0015,2025-11-08,2,155.26,Paid
O003343,C0772,P0014,2025-11-08,1,43.37,Paid
O003344,C0094,P0023,2025-11-08,2,250.58,Paid
O003345,C0713,P0031,2025-11-08,1,33.97,Paid
O003346,C0792,P0028,2025-11-08,1,19.44,Paid
O003347,C0641,P0026,2025-11-08,2,94.7,Paid
O003348,C0392,P0026,2025-11-08,3,142.05,Paid
O003349,C0622,P0038,2025-11-08,2,223.9,Organic
O003350,C0223,P0033,2025-11-08,2,164.88,Paid
O003351,C0777,P0034,2025-11-08,3,262.47,Email
O003352,C0518,P0039,2025-11-08,1,40.82,Organic
O003353,C0610,P0005,2025-11-08,1,124.69,Referral
O003354,C0431,P0006,2025-11-08,2,278.86,Organic
O003355,C0694,P0015,2025-11-08,2,155.26,Paid
O003356,C0757,P0012,2025-11-08,3,219.54,Organic
O003357,C0709,P0023,2025-11-08,3,375.87,Email
O003358,C0633,P0030,2025-11-08,1,30.5,Email
O003359,C0709,P0028,2025-11-08,2,38.88,Referral
O003360,C0436,P0030,2025-11-08,1,30.5,Organic
O003361,C0040,P0040,2025-11-08,2,183.26,Organic
O003362,C0536,P0003,2025-11-08,3,851.94,Email
O003363,C0572,P0011,2025-11-08,1,33.98,Organic
O003364,C0552,P0015,2025-11-08,1,77.63,Organic
O003365,C0189,P0014,2025-11-08,1,43.37,Paid
O003366,C0053,P0017,2025-11-08,2,41.12,Organic
O003367,C0707,P0032,2025-11-08,3,159.27,Organic
O003368,C0704,P0025,2025-11-08,2,59.52,Organic
O003369,C0437,P0028,2025-11-08,1,19.44,Email
O003370,C0612,P0032,2025-11-08,2,106.18,Referral
O003371,C0334,P0028,2025-11-08,2,38.88,Email
O003372,C0093,P0034,2025-11-08,1,87.49,Organic
O003373,C0599,P0008,2025-11-09,1,135.26,Organic
O003374,C0443,P0004,2025-11-09,2,666.42,Organic
O003375,C0045,P0003,2025-11-09,3,851.94,Email
O003376,C0603,P0014,2025-11-09,3,130.11,Email
O003377,C0570,P0010,2025-11-09,3,142.32,Paid
O003378,C0603,P0011,2025-11-09,1,33.98,Paid
O003379,C0062,P0012,2025-11-09,1,73.18,Organic
O003380,C0058,P0024,2025-11-09,2,63.16,Paid
O003381,C0396,P0019,2025-11-09,3,447.69,Paid
O003382,C0144,P0024,2025-11-09,1,31.58,Email
O003383,C0796,P0032,2025-11-09,2,106.18,Paid
O003384,C0114,P0027,2025-11-09,3,85.74,Organic
O003385,C0638,P0029,2025-11-09,3,59.31,Organic
O003386,C0685,P0027,2025-11-09,3,85.74,Email
O003387,C0639,P0039,2025-11-09,3,122.46,Email
O003388,C0237,P0039,2025-11-09,1,40.82,Organic
O003389,C0593,P0033,2025-11-09,2,164.88,Organic
O003390,C0463,P0035,2025-11-09,1,118.21,Organic
O003391,C0772,P0002,2025-11-09,2,180.84,Organic
O003392,C0201,P0003,2025-11-09,1,283.98,Organic
O003393,C0079,P0001,2025-11-09,3,1106.34,Email
O003394,C0455,P0018,2025-11-09,3,282.75,Email
O003395,C0646,P0024,2025-11-09,3,94.74,Organic
O003396,C0291,P0022,2025-11-09,3,262.38,Email
O003397,C0622,P0032,2025-11-09,1,53.09,Email
O003398,C0125,P0037,2025-11-09,3,172.05,Paid
O003399,C0594,P0040,2025-11-09,3,274.89,Organic
O003400,C0115,P0002,2025-11-09,3,271.26,Organic
O003401,C0166,P0010,2025-11-09,2,94.88,Organic
O003402,C0112,P0009,2025-11-09,3,141.75,Paid
O003403,C0506,P0022,2025-11-09,1,87.46,Paid
O003404,C0578,P0020,2025-11-09,3,75.06,Organic
O003405,C0517,P0020,2025-11-09,1,25.02,Paid
O003406,C0009,P0032,2025-11-09,3,159.27,Organic
O003407,C0080,P0027,2025-11-09,3,85.74,Paid
O003408,C0245,P0035,2025-11-09,2,236.42,Organic
O003409,C0330,P0033,2025-11-09,1,82.44,Organic
O003410,C0028,P0033,2025-11-09,3,247.32,Paid
O003411,C0179,P0005,2025-11-09,2,249.38,Organic
O003412,C0261,P0001,2025-11-09,2,737.56,Paid
O003413,C0695,P0003,2025-11-09,1,283.98,Paid
O003414,C0402,P0016,2025-11-09,1,30.98,Organic
O003415,C0199,P0014,2025-11-09,3,130.11,Email
O003416,C0437,P0015,2025-11-09,2,155.26,Paid
O003417,C0453,P0024,2025-11-09,2,63.16,Referral
O003418,C0468,P0022,2025-11-09,1,87.46,Paid
O003419,C0498,P0019,2025-11-09,3,447.69,Organic
O003420,C0536,P0018,2025-11-09,2,188.5,Email
O003421,C0781,P0019,2025-11-09,1,149.23,Email
O003422,C0272,P0017,2025-11-09,3,61.68,Organic
O003423,C0666,P0029,2025-11-09,1,19.77,Paid
O003424,C0409,P0027,2025-11-09,1,28.58,Email
O003425,C0469,P0040,2025-11-09,3,274.89,Organic
O003426,C0704,P0034,2025-11-09,2,174.98,Organic
O003427,C0072,P0038,2025-11-09,1,111.95,Email
O003428,C0042,P0037,2025-11-09,1,57.35,Organic
O003429,C0721,P0008,2025-11-10,3,405.78,Email
O003430,C0620,P0015,2025-11-10,2,155.26,Email
O003431,C0723,P0011,2025-11-10,1,33.98,Paid
O003432,C0212,P0020,2025-11-10,2,50.04,Organic
O003433,C0055,P0024,2025-11-10,2,63.16,Organic
O003434,C0649,P0025,2025-11-10,2,59.52,Organic
O003435,C0341,P0029,2025-11-10,2,39.54,Paid
O003436,C0270,P0031,2025-11-10,1,33.97,Referral
O003437,C0567,P0030,2025-11-10,2,61.0,Referral
O003438,C0428,P0032,2025-11-10,2,106.18,Paid
O003439,C0631,P0038,2025-11-10,1,111.95,Organic
O003440,C0062,P0038,2025-11-10,1,111.95,Referral
O003441,C0579,P0039,2025-11-10,2,81.64,Organic
O003442,C0254,P0002,2025-11-10,3,271.26,Organic
O003443,C0159,P0008,2025-11-10,1,135.26,Organic
O003444,C0451,P0002,2025-11-10,1,90.42,Organic
O003445,C0094,P0004,2025-11-10,2,666.42,Email
O003446,C0276,P0016,2025-11-10,3,92.94,Organic
O003447,C0244,P0011,2025-11-10,1,33.98,Organic
O003448,C0507,P0017,2025-11-10,1,20.56,Email
O003449,C0560,P0027,2025-11-10,1,28.58,Paid
O003450,C0496,P0008,2025-11-10,3,405.78,Paid
O003451,C0040,P0003,2025-11-10,2,567.96,Organic
O003452,C0234,P0016,2025-11-10,3,92.94,Referral
O003453,C0436,P0014,2025-11-10,1,43.37,Organic
O003454,C0323,P0016,2025-11-10,1,30.98,Paid
O003455,C0143,P0016,2025-11-10,3,92.94,Organic
O003456,C0499,P0020,2025-11-10,1,25.02,Email
O003457,C0548,P0017,2025-11-10,2,41.12,Organic
O003458,C0197,P0036,2025-11-10,1,58.24,Referral
O003459,C0373,P0040,2025-11-10,1,91.63,Referral
O003460,C0009,P0040,2025-11-10,3,274.89,Organic
O003461,C0540,P0037,2025-11-10,3,172.05,Paid
O003462,C0383,P0004,2025-11-10,2,666.42,Email
O003463,C0500,P0002,2025-11-10,2,180.84,Organic
O003464,C0042,P0008,2025-11-10,3,405.78,Paid
O003465,C0121,P0013,2025-11-10,2,145.78,Organic
O003466,C0497,P0010,2025-11-10,1,47.44,Referral
O003467,C0265,P0009,2025-11-10,2,94.5,Paid
O003468,C0320,P0012,2025-11-10,3,219.54,Paid
O003469,C0339,P0019,2025-11-10,3,447.69,Organic
O003470,C0536,P0022,2025-11-10,3,262.38,Paid
O003471,C0084,P0019,2025-11-10,2,298.46,Organic
O003472,C0179,P0017,2025-11-10,2,41.12,Paid
O003473,C0314,P0039,2025-11-10,1,40.82,Organic
O003474,C0552,P0037,2025-11-10,1,57.35,Organic
O003475,C0649,P0005,2025-11-11,1,124.69,Paid
O003476,C0399,P0007,2025-11-11,1,387.23,Organic
O003477,C0603,P0010,2025-11-11,3,142.32,Organic
O003478,C0435,P0013,2025-11-11,2,145.78,Organic
O003479,C0546,P0010,2025-11-11,3,142.32,Organic
O003480,C0619,P0022,2025-11-11,2,174.92,Paid
O003481,C0362,P0034,2025-11-11,3,262.47,Email
O003482,C0104,P0034,2025-11-11,2,174.98,Organic
O003483,C0464,P0038,2025-11-11,1,111.95,Paid
O003484,C0446,P0005,2025-11-11,2,249.38,Paid
O003485,C0254,P0002,2025-11-11,2,180.84,Email
O003486,C0397,P0006,2025-11-11,3,418.29,Paid
O003487,C0331,P0012,2025-11-11,1,73.18,Organic
O003488,C0446,P0020,2025-11-11,3,75.06,Organic
O003489,C0073,P0029,2025-11-11,1,19.77,Email
O003490,C0073,P0031,2025-11-11,1,33.97,Organic
O003491,C0661,P0029,2025-11-11,2,39.54,Email
O003492,C0308,P0036,2025-11-11,3,174.72,Paid
O003493,C0586,P0040,2025-11-11,1,91.63,Organic
O003494,C0734,P0034,2025-11-11,3,262.47,Organic
O003495,C0439,P0038,2025-11-11,1,111.95,Organic
O003496,C0761,P0034,2025-11-11,1,87.49,Email
O003497,C0444,P0033,2025-11-11,2,164.88,Paid
O003498,C0283,P0001,2025-11-11,3,1106.34,Organic
O003499,C0540,P0003,2025-11-11,3,851.94,Organic
O003500,C0767,P0016,2025-11-11,1,30.98,Organic
O003501,C0601,P0015,2025-11-11,3,232.89,Email
O003502,C0143,P0019,2025-11-11,2,298.46,Organic
O003503,C0175,P0025,2025-11-11,2,59.52,Referral
O003504,C0227,P0029,2025-11-11,1,19.77,Organic
O003505,C0540,P0032,2025-11-11,1,53.09,Organic
O003506,C0578,P0030,2025-11-11,3,91.5,Paid
O003507,C0323,P0039,2025-11-11,1,40.82,Paid
O003508,C0076,P0002,2025-11-11,3,271.26,Email
O003509,C0203,P0014,2025-11-11,1,43.37,Referral
O003510,C0013,P0011,2025-11-11,2,67.96,Paid
O003511,C0562,P0023,2025-11-11,3,375.87,Organic
O003512,C0612,P0025,2025-11-11,2,59.52,Paid
O003513,C0070,P0034,2025-11-11,2,174.98,Paid
O003514,C0688,P0035,2025-11-11,2,236.42,Organic
O003515,C0512,P0033,2025-11-11,1,82.44,Paid
O003516,C0759,P0005,2025-11-12,1,124.69,Organic
O003517,C0428,P0006,2025-11-12,3,418.29,Organic
O003518,C0428,P0016,2025-11-12,1,30.98,Organic
O003519,C0347,P0015,2025-11-12,3,232.89,Paid
O003520,C0487,P0014,2025-11-12,3,130.11,Organic
O003521,C0428,P0023,2025-11-12,1,125.29,Referral
O003522,C0627,P0017,2025-11-12,2,41.12,Organic
O003523,C0362,P0036,2025-11-12,3,174.72,Referral
O003524,C0310,P0035,2025-11-12,1,118.21,Paid
O003525,C0424,P0004,2025-11-12,3,999.63,Organic
O003526,C0158,P0001,2025-11-12,3,1106.34,Organic
O003527,C0308,P0008,2025-11-12,2,270.52,Paid
O003528,C0113,P0003,2025-11-12,2,567.96,Referral
O003529,C0132,P0009,2025-11-12,2,94.5,Paid
O003530,C0691,P0009,2025-11-12,2,94.5,Organic
O003531,C0397,P0016,2025-11-12,3,92.94,Email
O003532,C0489,P0023,2025-11-12,3,375.87,Email
O003533,C0255,P0019,2025-11-12,2,298.46,Paid
O003534,C0441,P0032,2025-11-12,3,159.27,Paid
O003535,C0291,P0025,2025-11-12,2,59.52,Organic
O003536,C0785,P0039,2025-11-12,3,122.46,Organic
O003537,C0079,P0040,2025-11-12,3,274.89,Paid
O003538,C0743,P0005,2025-11-12,3,374.07,Organic
O003539,C0138,P0003,2025-11-12,1,283.98,Referral
O003540,C0410,P0004,2025-11-12,3,999.63,Organic
O003541,C0227,P0016,2025-11-12,1,30.98,Email
O003542,C0725,P0010,2025-11-12,1,47.44,Paid
O003543,C0143,P0024,2025-11-12,3,94.74,Organic
O003544,C0305,P0020,2025-11-12,2,50.04,Organic
O003545,C0176,P0020,2025-11-12,1,25.02,Organic
O003546,C0630,P0030,2025-11-12,2,61.0,Referral
O003547,C0080,P0036,2025-11-12,3,174.72,Email
O003548,C0667,P0037,2025-11-12,3,172.05,Paid
O003549,C0465,P0040,2025-11-12,2,183.26,Referral
O003550,C0009,P0040,2025-11-12,1,91.63,Organic
O003551,C0681,P0038,2025-11-12,3,335.85,Paid
O003552,C0354,P0001,2025-11-12,1,368.78,Paid
O003553,C0566,P0002,2025-11-12,2,180.84,Email
O003554,C0149,P0001,2025-11-12,3,1106.34,Email
O003555,C0696,P0020,2025-11-12,3,75.06,Paid
O003556,C0288,P0023,2025-11-12,1,125.29,Paid
O003557,C0769,P0031,2025-11-12,2,67.94,Organic
O003558,C0118,P0036,2025-11-12,3,174.72,Organic
O003559,C0131,P0002,2025-11-13,1,90.42,Paid
O003560,C0425,P0004,2025-11-13,1,333.21,Referral
O003561,C0796,P0003,2025-11-13,2,567.96,Referral
O003562,C0226,P0002,2025-11-13,2,180.84,Paid
O003563,C0428,P0002,2025-11-13,3,271.26,Paid
O003564,C0616,P0010,2025-11-13,1,47.44,Organic
O003565,C0510,P0011,2025-11-13,2,67.96,Email
O003566,C0796,P0021,2025-11-13,1,47.04,Organic
O003567,C0714,P0024,2025-11-13,1,31.58,Paid
O003568,C0620,P0025,2025-11-13,3,89.28,Paid
O003569,C0003,P0033,2025-11-13,1,82.44,Organic
O003570,C0122,P0034,2025-11-13,3,262.47,Paid
O003571,C0273,P0036,2025-11-13,2,116.48,Paid
O003572,C0732,P0035,2025-11-13,2,236.42,Email
O003573,C0523,P0033,2025-11-13,3,247.32,Organic
O003574,C0185,P0006,2025-11-13,1,139.43,Organic
O003575,C0060,P0006,2025-11-13,1,139.43,Organic
O003576,C0794,P0014,2025-11-13,3,130.11,Organic
O003577,C0064,P0022,2025-11-13,2,174.92,Paid
O003578,C0635,P0024,2025-11-13,2,63.16,Organic
O003579,C0204,P0017,2025-11-13,3,61.68,Referral
O003580,C0507,P0023,2025-11-13,3,375.87,Organic
O003581,C0159,P0030,2025-11-13,1,30.5,Paid
O003582,C0134,P0030,2025-11-13,1,30.5,Organic
O003583,C0086,P0030,2025-11-13,3,91.5,Referral
O003584,C0534,P0038,2025-11-13,3,335.85,Referral
O003585,C0064,P0039,2025-11-13,1,40.82,Paid
O003586,C0644,P0033,2025-11-13,2,164.88,Referral
O003587,C0517,P0003,2025-11-13,1,283.98,Email
O003588,C0588,P0014,2025-11-13,2,86.74,Organic
O003589,C0108,P0019,2025-11-13,1,149.23,Paid
O003590,C0416,P0024,2025-11-13,2,63.16,Organic
O003591,C0743,P0032,2025-11-13,1,53.09,Paid
O003592,C0404,P0029,2025-11-13,3,59.31,Organic
O003593,C0389,P0029,2025-11-13,3,59.31,Paid
O003594,C0410,P0028,2025-11-13,2,38.88,Organic
O003595,C0108,P0032,2025-11-13,2,106.18,Email
O003596,C0061,P0027,2025-11-13,1,28.58,Organic
O003597,C0146,P0006,2025-11-13,3,418.29,Organic
O003598,C0724,P0007,2025-11-13,2,774.46,Organic
O003599,C0288,P0021,2025-11-13,2,94.08,Organic
O003600,C0149,P0018,2025-11-13,2,188.5,Organic
O003601,C0448,P0019,2025-11-13,3,447.69,Organic
O003602,C0736,P0024,2025-11-13,1,31.58,Referral
O003603,C0688,P0028,2025-11-13,1,19.44,Paid
O003604,C0736,P0029,2025-11-13,2,39.54,Organic
O003605,C0653,P0034,2025-11-13,1,87.49,Email
O003606,C0695,P0038,2025-11-13,3,335.85,Email
O003607,C0298,P0004,2025-11-14,1,333.21,Referral
O003608,C0352,P0007,2025-11-14,3,1161.69,Email
O003609,C0433,P0003,2025-11-14,3,851.94,Organic
O003610,C0270,P0010,2025-11-14,1,47.44,Organic
O003611,C0620,P0012,2025-11-14,2,146.36,Email
O003612,C0583,P0015,2025-11-14,2,155.26,Organic
O003613,C0406,P0018,2025-11-14,1,94.25,Paid
O003614,C0262,P0019,2025-11-14,2,298.46,Organic
O003615,C0535,P0024,2025-11-14,3,94.74,Organic
O003616,C0620,P0029,2025-11-14,1,19.77,Organic
O003617,C0774,P0036,2025-11-14,2,116.48,Paid
O003618,C0622,P0001,2025-11-14,1,368.78,Paid
O003619,C0430,P0002,2025-11-14,2,180.84,Organic
O003620,C0677,P0003,2025-11-14,2,567.96,Email
O003621,C0255,P0003,2025-11-14,3,851.94,Email
O003622,C0204,P0007,2025-11-14,1,387.23,Organic
O003623,C0614,P0024,2025-11-14,2,63.16,Paid
O003624,C0333,P0020,2025-11-14,2,50.04,Organic
O003625,C0236,P0017,2025-11-14,2,41.12,Paid
O003626,C0331,P0022,2025-11-14,3,262.38,Referral
O003627,C0642,P0025,2025-11-14,3,89.28,Email
O003628,C0259,P0040,2025-11-14,1,91.63,Organic
O003629,C0287,P0034,2025-11-14,2,174.98,Organic
O003630,C0017,P0037,2025-11-14,3,172.05,Paid
O003631,C0607,P0001,2025-11-14,3,1106.34,Paid
O003632,C0033,P0005,2025-11-14,1,124.69,Organic
O003633,C0240,P0006,2025-11-14,3,418.29,Paid
O003634,C0176,P0011,2025-11-14,2,67.96,Paid
O003635,C0763,P0015,2025-11-14,2,155.26,Organic
O003636,C0647,P0010,2025-11-14,3,142.32,Email
O003637,C0338,P0023,2025-11-14,2,250.58,Organic
O003638,C0115,P0017,2025-11-14,3,61.68,Organic
O003639,C0742,P0032,2025-11-14,1,53.09,Email
O003640,C0680,P0029,2025-11-14,3,59.31,Organic
O003641,C0660,P0037,2025-11-14,3,172.05,Organic
O003642,C0798,P0003,2025-11-14,1,283.98,Organic
O003643,C0688,P0002,2025-11-14,3,271.26,Organic
O003644,C0552,P0005,2025-11-14,3,374.07,Email
O003645,C0002,P0024,2025-11-14,3,94.74,Paid
O003646,C0164,P0024,2025-11-14,1,31.58,Email
O003647,C0313,P0030,2025-11-14,1,30.5,Organic
O003648,C0272,P0026,2025-11-14,1,47.35,Referral
O003649,C0304,P0030,2025-11-14,1,30.5,Referral
O003650,C0468,P0038,2025-11-14,3,335.85,Paid
O003651,C0800,P0037,2025-11-14,1,57.35,Paid
O003652,C0093,P0037,2025-11-14,2,114.7,Organic
O003653,C0685,P0002,2025-11-15,3,271.26,Organic
O003654,C0746,P0008,2025-11-15,2,270.52,Organic
O003655,C0722,P0006,2025-11-15,3,418.29,Organic
O003656,C0131,P0012,2025-11-15,3,219.54,Paid
O003657,C0603,P0013,2025-11-15,1,72.89,Organic
O003658,C0340,P0014,2025-11-15,3,130.11,Paid
O003659,C0003,P0010,2025-11-15,3,142.32,Organic
O003660,C0019,P0009,2025-11-15,2,94.5,Paid
O003661,C0131,P0014,2025-11-15,1,43.37,Organic
O003662,C0671,P0009,2025-11-15,1,47.25,Paid
O003663,C0553,P0016,2025-11-15,3,92.94,Paid
O003664,C0342,P0016,2025-11-15,1,30.98,Organic
O003665,C0128,P0016,2025-11-15,1,30.98,Organic
O003666,C0294,P0020,2025-11-15,2,50.04,Organic
O003667,C0686,P0020,2025-11-15,2,50.04,Referral
O003668,C0377,P0018,2025-11-15,2,188.5,Organic
O003669,C0756,P0031,2025-11-15,1,33.97,Paid
O003670,C0277,P0032,2025-11-15,3,159.27,Organic
O003671,C0136,P0027,2025-11-15,2,57.16,Paid
O003672,C0708,P0032,2025-11-15,1,53.09,Organic
O003673,C0268,P0035,2025-11-15,1,118.21,Email
O003674,C0638,P0040,2025-11-15,2,183.26,Paid
O003675,C0714,P0039,2025-11-15,2,81.64,Organic
O003676,C0056,P0009,2025-11-15,2,94.5,Organic
O003677,C0353,P0010,2025-11-15,2,94.88,Paid
O003678,C0645,P0013,2025-11-15,2,145.78,Email
O003679,C0446,P0016,2025-11-15,1,30.98,Referral
O003680,C0622,P0031,2025-11-15,2,67.94,Paid
O003681,C0712,P0032,2025-11-15,3,159.27,Email
O003682,C0596,P0037,2025-11-15,1,57.35,Organic
O003683,C0519,P0039,2025-11-15,1,40.82,Organic
O003684,C0465,P0003,2025-11-15,3,851.94,Organic
O003685,C0220,P0002,2025-11-15,2,180.84,Paid
O003686,C0515,P0007,2025-11-15,2,774.46,Paid
O003687,C0022,P0006,2025-11-15,2,278.86,Organic
O003688,C0092,P0003,2025-11-15,1,283.98,Organic
O003689,C0177,P0022,2025-11-15,1,87.46,Referral
O003690,C0485,P0024,2025-11-15,2,63.16,Organic
O003691,C0327,P0019,2025-11-15,3,447.69,Organic
O003692,C0767,P0020,2025-11-15,3,75.06,Organic
O003693,C0108,P0026,2025-11-15,2,94.7,Email
O003694,C0667,P0028,2025-11-15,3,58.32,Organic
O003695,C0306,P0038,2025-11-15,1,111.95,Email
O003696,C0469,P0002,2025-11-15,1,90.42,Organic
O003697,C0475,P0007,2025-11-15,1,387.23,Referral
O003698,C0224,P0006,2025-11-15,2,278.86,Organic
O003699,C0458,P0004,2025-11-15,3,999.63,Organic
O003700,C0612,P0014,2025-11-15,3,130.11,Email
O003701,C0758,P0013,2025-11-15,3,218.67,Referral
O003702,C0483,P0011,2025-11-15,3,101.94,Paid
O003703,C0203,P0016,2025-11-15,2,61.96,Organic
O003704,C0602,P0012,2025-11-15,2,146.36,Organic
O003705,C0602,P0013,2025-11-15,3,218.67,Organic
O003706,C0264,P0019,2025-11-15,3,447.69,Organic
O003707,C0004,P0018,2025-11-15,1,94.25,Organic
O003708,C0375,P0024,2025-11-15,3,94.74,Organic
O003709,C0497,P0018,2025-11-15,3,282.75,Organic
O003710,C0042,P0032,2025-11-15,1,53.09,Email
O003711,C0716,P0037,2025-11-15,1,57.35,Paid
O003712,C0051,P0037,2025-11-15,3,172.05,Organic
O003713,C0403,P0005,2025-11-16,3,374.07,Organic
O003714,C0593,P0006,2025-11-16,1,139.43,Organic
O003715,C0030,P0010,2025-11-16,3,142.32,Email
O003716,C0050,P0015,2025-11-16,2,155.26,Organic
O003717,C0035,P0016,2025-11-16,2,61.96,Organic
O003718,C0408,P0012,2025-11-16,3,219.54,Referral
O003719,C0078,P0020,2025-11-16,2,50.04,Paid
O003720,C0570,P0019,2025-11-16,3,447.69,Referral
O003721,C0639,P0023,2025-11-16,2,250.58,Organic
O003722,C0256,P0026,2025-11-16,3,142.05,Organic
O003723,C0628,P0025,2025-11-16,3,89.28,Referral
O003724,C0628,P0038,2025-11-16,2,223.9,Paid
O003725,C0324,P0038,2025-11-16,2,223.9,Referral
O003726,C0452,P0036,2025-11-16,1,58.24,Organic
O003727,C0262,P0033,2025-11-16,1,82.44,Organic
O003728,C0287,P0001,2025-11-16,3,1106.34,Referral
O003729,C0641,P0001,2025-11-16,1,368.78,Referral
O003730,C0508,P0012,2025-11-16,2,146.36,Organic
O003731,C0642,P0011,2025-11-16,3,101.94,Email
O003732,C0792,P0012,2025-11-16,3,219.54,Organic
O003733,C0376,P0010,2025-11-16,3,142.32,Organic
O003734,C0740,P0015,2025-11-16,2,155.26,Organic
O003735,C0193,P0023,2025-11-16,2,250.58,Organic
O003736,C0645,P0020,2025-11-16,1,25.02,Paid
O003737,C0533,P0030,2025-11-16,2,61.0,Organic
O003738,C0786,P0029,2025-11-16,3,59.31,Organic
O003739,C0417,P0029,2025-11-16,1,19.77,Organic
O003740,C0580,P0030,2025-11-16,1,30.5,Organic
O003741,C0160,P0025,2025-11-16,2,59.52,Paid
O003742,C0545,P0025,2025-11-16,2,59.52,Referral
O003743,C0159,P0031,2025-11-16,2,67.94,Organic
O003744,C0079,P0036,2025-11-16,2,116.48,Paid
O003745,C0204,P0035,2025-11-16,3,354.63,Referral
O003746,C0239,P0039,2025-11-16,1,40.82,Email
O003747,C0279,P0039,2025-11-16,3,122.46,Organic
O003748,C0557,P0008,2025-11-16,2,270.52,Organic
O003749,C0373,P0001,2025-11-16,3,1106.34,Organic
O003750,C0515,P0012,2025-11-16,3,219.54,Paid
O003751,C0654,P0012,2025-11-16,3,219.54,Referral
O003752,C0360,P0024,2025-11-16,2,63.16,Referral
O003753,C0126,P0023,2025-11-16,3,375.87,Email
O003754,C0401,P0029,2025-11-16,2,39.54,Paid
O003755,C0601,P0028,2025-11-16,3,58.32,Referral
O003756,C0416,P0038,2025-11-16,3,335.85,Paid
O003757,C0009,P0034,2025-11-16,3,262.47,Organic
O003758,C0400,P0037,2025-11-16,1,57.35,Organic
O003759,C0536,P0001,2025-11-16,3,1106.34,Organic
O003760,C0339,P0008,2025-11-16,2,270.52,Organic
O003761,C0300,P0004,2025-11-16,2,666.42,Paid
O003762,C0693,P0016,2025-11-16,1,30.98,Organic
O003763,C0621,P0013,2025-11-16,3,218.67,Paid
O003764,C0164,P0010,2025-11-16,2,94.88,Organic
O003765,C0042,P0020,2025-11-16,2,50.04,Organic
O003766,C0572,P0020,2025-11-16,3,75.06,Email
O003767,C0140,P0017,2025-11-16,2,41.12,Paid
O003768,C0328,P0030,2025-11-16,2,61.0,Organic
O003769,C0572,P0029,2025-11-16,3,59.31,Referral
O003770,C0189,P0030,2025-11-16,2,61.0,Paid
O003771,C0042,P0026,2025-11-16,2,94.7,Organic
O003772,C0147,P0031,2025-11-16,3,101.91,Paid
O003773,C0749,P0028,2025-11-16,2,38.88,Paid
O003774,C0716,P0032,2025-11-16,2,106.18,Email
O003775,C0407,P0032,2025-11-16,2,106.18,Organic
O003776,C0715,P0029,2025-11-16,1,19.77,Referral
O003777,C0224,P0040,2025-11-16,2,183.26,Referral
O003778,C0536,P0037,2025-11-16,1,57.35,Paid
O003779,C0779,P0040,2025-11-16,1,91.63,Organic
O003780,C0726,P0037,2025-11-16,2,114.7,Organic
O003781,C0212,P0002,2025-11-17,2,180.84,Paid
O003782,C0590,P0004,2025-11-17,2,666.42,Organic
O003783,C0618,P0012,2025-11-17,3,219.54,Paid
O003784,C0209,P0016,2025-11-17,2,61.96,Paid
O003785,C0317,P0012,2025-11-17,1,73.18,Paid
O003786,C0722,P0023,2025-11-17,3,375.87,Organic
O003787,C0169,P0024,2025-11-17,1,31.58,Organic
O003788,C0603,P0025,2025-11-17,3,89.28,Organic
O003789,C0207,P0032,2025-11-17,2,106.18,Organic
O003790,C0380,P0030,2025-11-17,3,91.5,Paid
O003791,C0295,P0032,2025-11-17,3,159.27,Paid
O003792,C0226,P0029,2025-11-17,3,59.31,Organic
O003793,C0723,P0031,2025-11-17,3,101.91,Organic
O003794,C0729,P0027,2025-11-17,3,85.74,Organic
O003795,C0729,P0035,2025-11-17,2,236.42,Organic
O003796,C0599,P0033,2025-11-17,2,164.88,Organic
O003797,C0487,P0038,2025-11-17,3,335.85,Organic
O003798,C0510,P0038,2025-11-17,1,111.95,Organic
O003799,C0451,P0007,2025-11-17,2,774.46,Organic
O003800,C0519,P0015,2025-11-17,3,232.89,Organic
O003801,C0258,P0015,2025-11-17,1,77.63,Email
O003802,C0291,P0014,2025-11-17,1,43.37,Organic
O003803,C0569,P0017,2025-11-17,2,41.12,Referral
O003804,C0244,P0022,2025-11-17,3,262.38,Paid
O003805,C0750,P0024,2025-11-17,2,63.16,Organic
O003806,C0672,P0032,2025-11-17,1,53.09,Paid
O003807,C0073,P0037,2025-11-17,1,57.35,Paid
O003808,C0315,P0003,2025-11-17,3,851.94,Organic
O003809,C0747,P0003,2025-11-17,1,283.98,Organic
O003810,C0499,P0005,2025-11-17,1,124.69,Email
O003811,C0505,P0009,2025-11-17,1,47.25,Email
O003812,C0436,P0016,2025-11-17,1,30.98,Organic
O003813,C0191,P0012,2025-11-17,3,219.54,Paid
O003814,C0630,P0014,2025-11-17,3,130.11,Paid
O003815,C0767,P0023,2025-11-17,3,375.87,Organic
O003816,C0647,P0023,2025-11-17,1,125.29,Organic
O003817,C0315,P0039,2025-11-17,2,81.64,Paid
O003818,C0407,P0004,2025-11-17,1,333.21,Email
O003819,C0730,P0001,2025-11-17,1,368.78,Paid
O003820,C0357,P0001,2025-11-17,2,737.56,Paid
O003821,C0696,P0015,2025-11-17,1,77.63,Organic
O003822,C0173,P0011,2025-11-17,3,101.94,Referral
O003823,C0076,P0015,2025-11-17,2,155.26,Organic
O003824,C0572,P0019,2025-11-17,3,447.69,Email
O003825,C0478,P0026,2025-11-17,3,142.05,Email
O003826,C0724,P0025,2025-11-17,1,29.76,Referral
O003827,C0715,P0030,2025-11-17,3,91.5,Email
O003828,C0149,P0037,2025-11-17,1,57.35,Paid
O003829,C0199,P0039,2025-11-17,2,81.64,Email
O003830,C0179,P0036,2025-11-17,1,58.24,Referral
O003831,C0277,P0006,2025-11-18,1,139.43,Referral
O003832,C0799,P0014,2025-11-18,1,43.37,Paid
O003833,C0195,P0012,2025-11-18,1,73.18,Paid
O003834,C0717,P0022,2025-11-18,2,174.92,Paid
O003835,C0170,P0019,2025-11-18,3,447.69,Referral
O003836,C0281,P0023,2025-11-18,3,375.87,Organic
O003837,C0768,P0026,2025-11-18,1,47.35,Paid
O003838,C0045,P0027,2025-11-18,1,28.58,Email
O003839,C0549,P0033,2025-11-18,3,247.32,Referral
O003840,C0723,P0033,2025-11-18,2,164.88,Email
O003841,C0249,P0013,2025-11-18,3,218.67,Organic
O003842,C0446,P0012,2025-11-18,3,219.54,Organic
O003843,C0417,P0009,2025-11-18,1,47.25,Organic
O003844,C0333,P0024,2025-11-18,2,63.16,Paid
O003845,C0713,P0019,2025-11-18,2,298.46,Referral
O003846,C0073,P0017,2025-11-18,1,20.56,Organic
O003847,C0156,P0025,2025-11-18,1,29.76,Referral
O003848,C0180,P0032,2025-11-18,1,53.09,Email
O003849,C0018,P0028,2025-11-18,3,58.32,Paid
O003850,C0201,P0037,2025-11-18,2,114.7,Organic
O003851,C0017,P0039,2025-11-18,2,81.64,Organic
O003852,C0743,P0001,2025-11-18,3,1106.34,Paid
O003853,C0733,P0008,2025-11-18,2,270.52,Organic
O003854,C0315,P0011,2025-11-18,1,33.98,Referral
O003855,C0440,P0019,2025-11-18,2,298.46,Paid
O003856,C0660,P0033,2025-11-18,3,247.32,Organic
O003857,C0183,P0036,2025-11-18,2,116.48,Email
O003858,C0261,P0007,2025-11-18,2,774.46,Paid
O003859,C0011,P0001,2025-11-18,2,737.56,Paid
O003860,C0288,P0021,2025-11-18,3,141.12,Organic
O003861,C0749,P0022,2025-11-18,1,87.46,Referral
O003862,C0621,P0024,2025-11-18,1,31.58,Paid
O003863,C0500,P0023,2025-11-18,2,250.58,Organic
O003864,C0479,P0029,2025-11-18,3,59.31,Organic
O003865,C0372,P0031,2025-11-18,2,67.94,Organic
O003866,C0550,P0030,2025-11-18,3,91.5,Email
O003867,C0597,P0037,2025-11-18,2,114.7,Organic
O003868,C0171,P0005,2025-11-19,1,124.69,Referral
O003869,C0352,P0002,2025-11-19,3,271.26,Organic
O003870,C0270,P0007,2025-11-19,1,387.23,Referral
O003871,C0363,P0010,2025-11-19,3,142.32,Organic
O003872,C0708,P0009,2025-11-19,2,94.5,Organic
O003873,C0649,P0017,2025-11-19,3,61.68,Organic
O003874,C0207,P0021,2025-11-19,2,94.08,Organic
O003875,C0487,P0024,2025-11-19,1,31.58,Paid
O003876,C0628,P0017,2025-11-19,3,61.68,Referral
O003877,C0015,P0030,2025-11-19,3,91.5,Organic
O003878,C0292,P0031,2025-11-19,1,33.97,Paid
O003879,C0209,P0026,2025-11-19,2,94.7,Paid
O003880,C0579,P0029,2025-11-19,2,39.54,Organic
O003881,C0322,P0038,2025-11-19,3,335.85,Organic
O003882,C0599,P0039,2025-11-19,3,122.46,Organic
O003883,C0156,P0005,2025-11-19,1,124.69,Organic
O003884,C0017,P0011,2025-11-19,1,33.98,Paid
O003885,C0712,P0018,2025-11-19,1,94.25,Paid
O003886,C0397,P0021,2025-11-19,1,47.04,Organic
O003887,C0308,P0030,2025-11-19,2,61.0,Organic
O003888,C0125,P0030,2025-11-19,3,91.5,Email
O003889,C0440,P0005,2025-11-19,3,374.07,Email
O003890,C0025,P0008,2025-11-19,1,135.26,Organic
O003891,C0167,P0007,2025-11-19,2,774.46,Organic
O003892,C0574,P0004,2025-11-19,1,333.21,Paid
O003893,C0416,P0003,2025-11-19,2,567.96,Paid
O003894,C0660,P0004,2025-11-19,3,999.63,Email
O003895,C0490,P0014,2025-11-19,3,130.11,Organic
O003896,C0360,P0014,2025-11-19,3,130.11,Paid
O003897,C0359,P0018,2025-11-19,1,94.25,Organic
O003898,C0183,P0026,2025-11-19,1,47.35,Organic
O003899,C0414,P0031,2025-11-19,3,101.91,Email
O003900,C0112,P0025,2025-11-19,3,89.28,Organic
O003901,C0330,P0035,2025-11-19,1,118.21,Paid
O003902,C0418,P0037,2025-11-19,1,57.35,Organic
O003903,C0410,P0037,2025-11-19,2,114.7,Paid
O003904,C0407,P0010,2025-11-19,2,94.88,Organic
O003905,C0199,P0014,2025-11-19,3,130.11,Paid
O003906,C0146,P0013,2025-11-19,3,218.67,Organic
O003907,C0252,P0017,2025-11-19,2,41.12,Referral
O003908,C0536,P0038,2025-11-19,3,335.85,Organic
O003909,C0146,P0037,2025-11-19,3,172.05,Organic
O003910,C0617,P0002,2025-11-20,3,271.26,Organic
O003911,C0523,P0004,2025-11-20,1,333.21,Organic
O003912,C0215,P0009,2025-11-20,2,94.5,Paid
O003913,C0336,P0018,2025-11-20,3,282.75,Paid
O003914,C0799,P0020,2025-11-20,3,75.06,Paid
O003915,C0581,P0018,2025-11-20,3,282.75,Referral
O003916,C0477,P0024,2025-11-20,1,31.58,Paid
O003917,C0546,P0024,2025-11-20,3,94.74,Organic
O003918,C0341,P0023,2025-11-20,2,250.58,Email
O003919,C0447,P0021,2025-11-20,3,141.12,Organic
O003920,C0205,P0027,2025-11-20,3,85.74,Organic
O003921,C0523,P0031,2025-11-20,1,33.97,Paid
O003922,C0626,P0035,2025-11-20,2,236.42,Organic
O003923,C0507,P0001,2025-11-20,3,1106.34,Paid
O003924,C0596,P0015,2025-11-20,1,77.63,Organic
O003925,C0454,P0021,2025-11-20,2,94.08,Paid
O003926,C0466,P0023,2025-11-20,2,250.58,Paid
O003927,C0480,P0026,2025-11-20,3,142.05,Email
O003928,C0614,P0025,2025-11-20,1,29.76,Referral
O003929,C0574,P0004,2025-11-20,1,333.21,Paid
O003930,C0099,P0015,2025-11-20,3,232.89,Email
O003931,C0283,P0014,2025-11-20,1,43.37,Referral
O003932,C0557,P0017,2025-11-20,1,20.56,Paid
O003933,C0506,P0022,2025-11-20,1,87.46,Referral
O003934,C0183,P0019,2025-11-20,2,298.46,Organic
O003935,C0191,P0029,2025-11-20,2,39.54,Organic
O003936,C0330,P0034,2025-11-20,3,262.47,Email
O003937,C0754,P0036,2025-11-20,3,174.72,Organic
O003938,C0749,P0006,2025-11-20,3,418.29,Paid
O003939,C0179,P0006,2025-11-20,1,139.43,Organic
O003940,C0736,P0009,2025-11-20,1,47.25,Email
O003941,C0636,P0009,2025-11-20,3,141.75,Paid
O003942,C0042,P0020,2025-11-20,3,75.06,Referral
O003943,C0221,P0020,2025-11-20,1,25.02,Paid
O003944,C0117,P0030,2025-11-20,1,30.5,Organic
O003945,C0300,P0039,2025-11-20,2,81.64,Organic
O003946,C0408,P0006,2025-11-21,1,139.43,Paid
O003947,C0708,P0006,2025-11-21,3,418.29,Organic
O003948,C0170,P0011,2025-11-21,2,67.96,Organic
O003949,C0015,P0024,2025-11-21,3,94.74,Organic
O003950,C0205,P0032,2025-11-21,3,159.27,Organic
O003951,C0774,P0032,2025-11-21,2,106.18,Paid
O003952,C0570,P0032,2025-11-21,2,106.18,Organic
O003953,C0135,P0027,2025-11-21,1,28.58,Organic
O003954,C0759,P0038,2025-11-21,2,223.9,Paid
O003955,C0618,P0037,2025-11-21,3,172.05,Paid
O003956,C0433,P0037,2025-11-21,2,114.7,Organic
O003957,C0459,P0034,2025-11-21,1,87.49,Referral
O003958,C0344,P0014,2025-11-21,3,130.11,Paid
O003959,C0285,P0014,2025-11-21,1,43.37,Organic
O003960,C0641,P0019,2025-11-21,3,447.69,Email
O003961,C0180,P0040,2025-11-21,1,91.63,Paid
O003962,C0373,P0001,2025-11-21,1,368.78,Email
O003963,C0247,P0001,2025-11-21,3,1106.34,Organic
O003964,C0022,P0014,2025-11-21,1,43.37,Paid
O003965,C0505,P0009,2025-11-21,1,47.25,Email
O003966,C0709,P0021,2025-11-21,2,94.08,Email
O003967,C0738,P0020,2025-11-21,3,75.06,Email
O003968,C0080,P0030,2025-11-21,3,91.5,Email
O003969,C0742,P0034,2025-11-21,1,87.49,Paid
O003970,C0475,P0001,2025-11-21,3,1106.34,Referral
O003971,C0304,P0011,2025-11-21,1,33.98,Organic
O003972,C0304,P0018,2025-11-21,1,94.25,Organic
O003973,C0731,P0018,2025-11-21,3,282.75,Organic
O003974,C0419,P0030,2025-11-21,3,91.5,Email
O003975,C0732,P0005,2025-11-22,1,124.69,Organic
O003976,C0122,P0007,2025-11-22,1,387.23,Paid
O003977,C0077,P0002,2025-11-22,3,271.26,Paid
O003978,C0114,P0015,2025-11-22,3,232.89,Organic
O003979,C0482,P0013,2025-11-22,1,72.89,Organic
O003980,C0340,P0009,2025-11-22,3,141.75,Organic
O003981,C0226,P0011,2025-11-22,2,67.96,Referral
O003982,C0723,P0017,2025-11-22,1,20.56,Paid
O003983,C0088,P0020,2025-11-22,1,25.02,Paid
O003984,C0717,P0031,2025-11-22,3,101.91,Organic
O003985,C0225,P0028,2025-11-22,3,58.32,Organic
O003986,C0461,P0040,2025-11-22,1,91.63,Paid
O003987,C0480,P0001,2025-11-22,1,368.78,Organic
O003988,C0519,P0004,2025-11-22,2,666.42,Organic
O003989,C0064,P0006,2025-11-22,1,139.43,Organic
O003990,C0494,P0014,2025-11-22,1,43.37,Email
O003991,C0712,P0014,2025-11-22,1,43.37,Paid
O003992,C0185,P0020,2025-11-22,3,75.06,Referral
O003993,C0792,P0022,2025-11-22,2,174.92,Organic
O003994,C0691,P0019,2025-11-22,3,447.69,Email
O003995,C0158,P0022,2025-11-22,1,87.46,Paid
O003996,C0589,P0017,2025-11-22,3,61.68,Organic
O003997,C0786,P0018,2025-11-22,2,188.5,Organic
O003998,C0441,P0031,2025-11-22,3,101.91,Organic
O003999,C0064,P0031,2025-11-22,1,33.97,Paid
O004000,C0193,P0034,2025-11-22,1,87.49,Organic
O004001,C0441,P0034,2025-11-22,2,174.98,Paid
O004002,C0040,P0002,2025-11-22,2,180.84,Paid
O004003,C0338,P0011,2025-11-22,3,101.94,Organic
O004004,C0283,P0012,2025-11-22,3,219.54,Paid
O004005,C0327,P0014,2025-11-22,1,43.37,Referral
O004006,C0233,P0011,2025-11-22,2,67.96,Organic
O004007,C0227,P0018,2025-11-22,2,188.5,Organic
O004008,C0681,P0018,2025-11-22,1,94.25,Organic
O004009,C0092,P0024,2025-11-22,3,94.74,Paid
O004010,C0540,P0025,2025-11-22,3,89.28,Referral
O004011,C0325,P0026,2025-11-22,2,94.7,Email
O004012,C0206,P0032,2025-11-22,2,106.18,Paid
O004013,C0040,P0026,2025-11-22,1,47.35,Paid
O004014,C0306,P0033,2025-11-22,2,164.88,Organic
O004015,C0338,P0035,2025-11-22,3,354.63,Organic
O004016,C0220,P0040,2025-11-22,3,274.89,Organic
O004017,C0373,P0035,2025-11-22,2,236.42,Organic
O004018,C0476,P0034,2025-11-22,3,262.47,Referral
O004019,C0194,P0036,2025-11-22,2,116.48,Organic
O004020,C0558,P0005,2025-11-22,3,374.07,Paid
O004021,C0172,P0005,2025-11-22,1,124.69,Paid
O004022,C0090,P0006,2025-11-22,1,139.43,Email
O004023,C0730,P0004,2025-11-22,1,333.21,Referral
O004024,C0448,P0012,2025-11-22,3,219.54,Organic
O004025,C0643,P0012,2025-11-22,2,146.36,Organic
O004026,C0612,P0012,2025-11-22,3,219.54,Organic
O004027,C0093,P0009,2025-11-22,2,94.5,Paid
O004028,C0070,P0018,2025-11-22,2,188.5,Paid
O004029,C0179,P0019,2025-11-22,3,447.69,Referral
O004030,C0334,P0022,2025-11-22,2,174.92,Paid
O004031,C0762,P0029,2025-11-22,1,19.77,Organic
O004032,C0800,P0028,2025-11-22,1,19.44,Organic
O004033,C0084,P0036,2025-11-22,3,174.72,Email
O004034,C0090,P0034,2025-11-22,1,87.49,Email
O004035,C0696,P0033,2025-11-22,2,164.88,Organic
O004036,C0800,P0039,2025-11-22,3,122.46,Paid
O004037,C0567,P0007,2025-11-23,2,774.46,Email
O004038,C0662,P0005,2025-11-23,2,249.38,Paid
O004039,C0363,P0015,2025-11-23,1,77.63,Email
O004040,C0088,P0014,2025-11-23,3,130.11,Email
O004041,C0062,P0020,2025-11-23,3,75.06,Paid
O004042,C0020,P0024,2025-11-23,1,31.58,Organic
O004043,C0228,P0023,2025-11-23,1,125.29,Email
O004044,C0461,P0018,2025-11-23,1,94.25,Organic
O004045,C0212,P0021,2025-11-23,1,47.04,Paid
O004046,C0616,P0025,2025-11-23,2,59.52,Email
O004047,C0433,P0025,2025-11-23,2,59.52,Paid
O004048,C0551,P0037,2025-11-23,3,172.05,Paid
O004049,C0116,P0038,2025-11-23,3,335.85,Referral
O004050,C0645,P0008,2025-11-23,2,270.52,Paid
O004051,C0534,P0014,2025-11-23,1,43.37,Paid
O004052,C0249,P0010,2025-11-23,2,94.88,Organic
O004053,C0473,P0021,2025-11-23,3,141.12,Paid
O004054,C0204,P0022,2025-11-23,1,87.46,Organic
O004055,C0594,P0022,2025-11-23,2,174.92,Referral
O004056,C0258,P0030,2025-11-23,1,30.5,Organic
O004057,C0520,P0032,2025-11-23,2,106.18,Paid
O004058,C0125,P0029,2025-11-23,2,39.54,Organic
O004059,C0672,P0036,2025-11-23,1,58.24,Email
O004060,C0557,P0004,2025-11-23,2,666.42,Referral
O004061,C0323,P0002,2025-11-23,3,271.26,Referral
O004062,C0115,P0008,2025-11-23,3,405.78,Organic
O004063,C0112,P0015,2025-11-23,3,232.89,Paid
O004064,C0194,P0014,2025-11-23,2,86.74,Email
O004065,C0028,P0016,2025-11-23,2,61.96,Paid
O004066,C0167,P0014,2025-11-23,1,43.37,Referral
O004067,C0509,P0012,2025-11-23,1,73.18,Paid
O004068,C0607,P0017,2025-11-23,3,61.68,Referral
O004069,C0389,P0020,2025-11-23,1,25.02,Organic
O004070,C0338,P0018,2025-11-23,2,188.5,Referral
O004071,C0206,P0032,2025-11-23,2,106.18,Paid
O004072,C0166,P0027,2025-11-23,1,28.58,Paid
O004073,C0305,P0028,2025-11-23,2,38.88,Paid
O004074,C0327,P0026,2025-11-23,1,47.35,Organic
O004075,C0633,P0037,2025-11-23,1,57.35,Email
O004076,C0733,P0037,2025-11-23,3,172.05,Email
O004077,C0321,P0033,2025-11-23,1,82.44,Referral
O004078,C0456,P0003,2025-11-23,3,851.94,Organic
O004079,C0558,P0008,2025-11-23,3,405.78,Email
O004080,C0696,P0007,2025-11-23,3,1161.69,Paid
O004081,C0437,P0003,2025-11-23,2,567.96,Email
O004082,C0468,P0002,2025-11-23,2,180.84,Organic
O004083,C0536,P0016,2025-11-23,2,61.96,Paid
O004084,C0475,P0014,2025-11-23,1,43.37,Organic
O004085,C0591,P0011,2025-11-23,3,101.94,Email
O004086,C0695,P0015,2025-11-23,1,77.63,Organic
O004087,C0745,P0014,2025-11-23,1,43.37,Organic
O004088,C0437,P0010,2025-11-23,1,47.44,Paid
O004089,C0497,P0013,2025-11-23,1,72.89,Organic
O004090,C0591,P0013,2025-11-23,1,72.89,Email
O004091,C0585,P0017,2025-11-23,1,20.56,Email
O004092,C0442,P0017,2025-11-23,2,41.12,Organic
O004093,C0469,P0017,2025-11-23,3,61.68,Referral
O004094,C0265,P0020,2025-11-23,2,50.04,Paid
O004095,C0673,P0021,2025-11-23,1,47.04,Email
O004096,C0161,P0020,2025-11-23,1,25.02,Paid
O004097,C0110,P0027,2025-11-23,3,85.74,Organic
O004098,C0678,P0032,2025-11-23,3,159.27,Organic
O004099,C0753,P0025,2025-11-23,1,29.76,Paid
O004100,C0042,P0027,2025-11-23,3,85.74,Paid
O004101,C0562,P0025,2025-11-23,3,89.28,Paid
O004102,C0536,P0036,2025-11-23,1,58.24,Paid
O004103,C0118,P0037,2025-11-23,2,114.7,Referral
O004104,C0590,P0005,2025-11-24,1,124.69,Organic
O004105,C0403,P0001,2025-11-24,3,1106.34,Email
O004106,C0482,P0015,2025-11-24,3,232.89,Organic
O004107,C0593,P0014,2025-11-24,2,86.74,Organic
O004108,C0755,P0022,2025-11-24,3,262.38,Organic
O004109,C0097,P0020,2025-11-24,2,50.04,Email
O004110,C0776,P0020,2025-11-24,2,50.04,Paid
O004111,C0364,P0032,2025-11-24,3,159.27,Organic
O004112,C0362,P0027,2025-11-24,3,85.74,Organic
O004113,C0342,P0027,2025-11-24,3,85.74,Paid
O004114,C0535,P0028,2025-11-24,2,38.88,Organic
O004115,C0581,P0028,2025-11-24,2,38.88,Organic
O004116,C0714,P0040,2025-11-24,2,183.26,Organic
O004117,C0144,P0036,2025-11-24,2,116.48,Paid
O004118,C0088,P0035,2025-11-24,1,118.21,Organic
O004119,C0018,P0002,2025-11-24,1,90.42,Organic
O004120,C0594,P0001,2025-11-24,1,368.78,Organic
O004121,C0644,P0006,2025-11-24,3,418.29,Organic
O004122,C0534,P0001,2025-11-24,2,737.56,Organic
O004123,C0029,P0005,2025-11-24,3,374.07,Organic
O004124,C0255,P0010,2025-11-24,1,47.44,Organic
O004125,C0665,P0011,2025-11-24,3,101.94,Organic
O004126,C0185,P0011,2025-11-24,1,33.98,Referral
O004127,C0777,P0020,2025-11-24,1,25.02,Organic
O004128,C0285,P0021,2025-11-24,3,141.12,Organic
O004129,C0786,P0025,2025-11-24,2,59.52,Paid
O004130,C0254,P0031,2025-11-24,1,33.97,Paid
O004131,C0134,P0030,2025-11-24,2,61.0,Organic
O004132,C0259,P0030,2025-11-24,3,91.5,Paid
O004133,C0014,P0032,2025-11-24,2,106.18,Organic
O004134,C0068,P0004,2025-11-24,1,333.21,Organic
O004135,C0327,P0004,2025-11-24,3,999.63,Email
O004136,C0306,P0002,2025-11-24,2,180.84,Organic
O004137,C0080,P0005,2025-11-24,1,124.69,Paid
O004138,C0143,P0004,2025-11-24,1,333.21,Organic
O004139,C0245,P0005,2025-11-24,1,124.69,Email
O004140,C0711,P0008,2025-11-24,3,405.78,Organic
O004141,C0233,P0002,2025-11-24,1,90.42,Organic
O004142,C0578,P0012,2025-11-24,1,73.18,Email
O004143,C0515,P0025,2025-11-24,3,89.28,Organic
O004144,C0601,P0025,2025-11-24,3,89.28,Referral
O004145,C0555,P0010,2025-11-24,2,94.88,Email
O004146,C0720,P0011,2025-11-24,3,101.94,Organic
O004147,C0394,P0022,2025-11-24,3,262.38,Organic
O004148,C0744,P0031,2025-11-24,2,67.94,Organic
O004149,C0011,P0030,2025-11-24,3,91.5,Organic
O004150,C0012,P0025,2025-11-24,3,89.28,Paid
O004151,C0320,P0033,2025-11-24,2,164.88,Organic
O004152,C0313,P0034,2025-11-24,2,174.98,Paid
O004153,C0693,P0034,2025-11-24,3,262.47,Paid
O004154,C0744,P0034,2025-11-24,2,174.98,Referral
O004155,C0723,P0005,2025-11-25,3,374.07,Email
O004156,C0352,P0001,2025-11-25,1,368.78,Paid
O004157,C0755,P0013,2025-11-25,2,145.78,Organic
O004158,C0228,P0013,2025-11-25,3,218.67,Organic
O004159,C0336,P0012,2025-11-25,2,146.36,Paid
O004160,C0723,P0010,2025-11-25,1,47.44,Referral
O004161,C0626,P0018,2025-11-25,2,188.5,Organic
O004162,C0576,P0031,2025-11-25,1,33.97,Organic
O004163,C0081,P0032,2025-11-25,2,106.18,Email
O004164,C0268,P0039,2025-11-25,3,122.46,Paid
O004165,C0341,P0035,2025-11-25,1,118.21,Organic
O004166,C0799,P0036,2025-11-25,3,174.72,Referral
O004167,C0201,P0007,2025-11-25,1,387.23,Paid
O004168,C0193,P0014,2025-11-25,2,86.74,Paid
O004169,C0291,P0018,2025-11-25,3,282.75,Organic
O004170,C0064,P0018,2025-11-25,2,188.5,Organic
O004171,C0417,P0017,2025-11-25,2,41.12,Organic
O004172,C0534,P0025,2025-11-25,3,89.28,Paid
O004173,C0766,P0031,2025-11-25,2,67.94,Organic
O004174,C0635,P0033,2025-11-25,1,82.44,Organic
O004175,C0259,P0039,2025-11-25,1,40.82,Referral
O004176,C0560,P0036,2025-11-25,1,58.24,Paid
O004177,C0431,P0003,2025-11-25,1,283.98,Organic
O004178,C0246,P0006,2025-11-25,2,278.86,Paid
O004179,C0389,P0003,2025-11-25,3,851.94,Paid
O004180,C0490,P0018,2025-11-25,2,188.5,Organic
O004181,C0747,P0019,2025-11-25,2,298.46,Organic
O004182,C0194,P0027,2025-11-25,1,28.58,Paid
O004183,C0647,P0037,2025-11-25,2,114.7,Organic
O004184,C0568,P0004,2025-11-25,2,666.42,Paid
O004185,C0704,P0002,2025-11-25,2,180.84,Organic
O004186,C0179,P0017,2025-11-25,1,20.56,Organic
O004187,C0798,P0021,2025-11-25,2,94.08,Organic
O004188,C0555,P0021,2025-11-25,3,141.12,Organic
O004189,C0688,P0023,2025-11-25,2,250.58,Organic
O004190,C0753,P0020,2025-11-25,1,25.02,Organic
O004191,C0358,P0032,2025-11-25,2,106.18,Paid
O004192,C0456,P0027,2025-11-25,2,57.16,Organic
O004193,C0736,P0025,2025-11-25,3,89.28,Paid
O004194,C0702,P0032,2025-11-25,2,106.18,Paid
O004195,C0706,P0039,2025-11-25,2,81.64,Referral
O004196,C0617,P0018,2025-11-26,1,94.25,Referral
O004197,C0406,P0017,2025-11-26,1,20.56,Organic
O004198,C0579,P0017,2025-11-26,3,61.68,Organic
O004199,C0445,P0029,2025-11-26,2,39.54,Email
O004200,C0209,P0032,2025-11-26,2,106.18,Organic
O004201,C0658,P0032,2025-11-26,1,53.09,Organic
O004202,C0686,P0025,2025-11-26,3,89.28,Organic
O004203,C0447,P0025,2025-11-26,3,89.28,Email
O004204,C0794,P0004,2025-11-26,2,666.42,Organic
O004205,C0158,P0015,2025-11-26,3,232.89,Referral
O004206,C0494,P0016,2025-11-26,3,92.94,Organic
O004207,C0156,P0020,2025-11-26,2,50.04,Paid
O004208,C0773,P0020,2025-11-26,3,75.06,Paid
O004209,C0156,P0031,2025-11-26,2,67.94,Organic
O004210,C0089,P0038,2025-11-26,3,335.85,Paid
O004211,C0623,P0038,2025-11-26,1,111.95,Paid
O004212,C0614,P0035,2025-11-26,2,236.42,Paid
O004213,C0537,P0038,2025-11-26,3,335.85,Organic
O004214,C0681,P0001,2025-11-26,1,368.78,Organic
O004215,C0436,P0008,2025-11-26,1,135.26,Referral
O004216,C0601,P0013,2025-11-26,2,145.78,Referral
O004217,C0692,P0013,2025-11-26,1,72.89,Email
O004218,C0211,P0023,2025-11-26,2,250.58,Paid
O004219,C0517,P0032,2025-11-26,2,106.18,Paid
O004220,C0548,P0025,2025-11-26,3,89.28,Organic
O004221,C0176,P0035,2025-11-26,3,354.63,Organic
O004222,C0660,P0034,2025-11-26,3,262.47,Organic
O004223,C0359,P0037,2025-11-26,1,57.35,Organic
O004224,C0660,P0035,2025-11-26,1,118.21,Paid
O004225,C0334,P0015,2025-11-26,1,77.63,Organic
O004226,C0232,P0010,2025-11-26,1,47.44,Email
O004227,C0375,P0022,2025-11-26,3,262.38,Email
O004228,C0042,P0017,2025-11-26,2,41.12,Organic
O004229,C0458,P0023,2025-11-26,2,250.58,Paid
O004230,C0232,P0031,2025-11-26,3,101.91,Email
O004231,C0395,P0031,2025-11-26,2,67.94,Organic
O004232,C0070,P0040,2025-11-26,1,91.63,Organic
O004233,C0252,P0037,2025-11-26,3,172.05,Paid
O004234,C0555,P0040,2025-11-26,1,91.63,Email
O004235,C0212,P0005,2025-11-27,2,249.38,Paid
O004236,C0590,P0008,2025-11-27,1,135.26,Referral
O004237,C0616,P0003,2025-11-27,1,283.98,Email
O004238,C0003,P0002,2025-11-27,1,90.42,Referral
O004239,C0122,P0009,2025-11-27,2,94.5,Organic
O004240,C0055,P0012,2025-11-27,1,73.18,Organic
O004241,C0317,P0017,2025-11-27,1,20.56,Organic
O004242,C0371,P0022,2025-11-27,1,87.46,Organic
O004243,C0170,P0030,2025-11-27,1,30.5,Organic
O004244,C0408,P0032,2025-11-27,3,159.27,Paid
O004245,C0342,P0035,2025-11-27,2,236.42,Paid
O004246,C0212,P0040,2025-11-27,2,183.26,Email
O004247,C0385,P0034,2025-11-27,2,174.98,Organic
O004248,C0459,P0038,2025-11-27,2,223.9,Organic
O004249,C0581,P0035,2025-11-27,2,236.42,Organic
O004250,C0131,P0035,2025-11-27,1,118.21,Email
O004251,C0580,P0008,2025-11-27,3,405.78,Email
O004252,C0291,P0004,2025-11-27,3,999.63,Paid
O004253,C0392,P0008,2025-11-27,2,270.52,Organic
O004254,C0792,P0010,2025-11-27,2,94.88,Email
O004255,C0560,P0010,2025-11-27,1,47.44,Paid
O004256,C0691,P0014,2025-11-27,3,130.11,Email
O004257,C0563,P0017,2025-11-27,1,20.56,Paid
O004258,C0155,P0018,2025-11-27,2,188.5,Organic
O004259,C0249,P0021,2025-11-27,1,47.04,Organic
O004260,C0006,P0025,2025-11-27,2,59.52,Referral
O004261,C0193,P0030,2025-11-27,1,30.5,Paid
O004262,C0064,P0028,2025-11-27,3,58.32,Organic
O004263,C0094,P0039,2025-11-27,3,122.46,Referral
O004264,C0138,P0001,2025-11-27,2,737.56,Referral
O004265,C0245,P0014,2025-11-27,3,130.11,Organic
O004266,C0505,P0018,2025-11-27,3,282.75,Paid
O004267,C0733,P0030,2025-11-27,2,61.0,Organic
O004268,C0709,P0027,2025-11-27,2,57.16,Paid
O004269,C0738,P0036,2025-11-27,1,58.24,Organic
O004270,C0031,P0036,2025-11-27,3,174.72,Email
O004271,C0797,P0005,2025-11-27,2,249.38,Email
O004272,C0265,P0004,2025-11-27,2,666.42,Organic
O004273,C0597,P0016,2025-11-27,2,61.96,Email
O004274,C0458,P0019,2025-11-27,3,447.69,Paid
O004275,C0468,P0032,2025-11-27,1,53.09,Email
O004276,C0453,P0031,2025-11-27,3,101.91,Referral
O004277,C0043,P0001,2025-11-28,3,1106.34,Organic
O004278,C0015,P0007,2025-11-28,2,774.46,Referral
O004279,C0549,P0009,2025-11-28,1,47.25,Organic
O004280,C0295,P0010,2025-11-28,3,142.32,Referral
O004281,C0717,P0009,2025-11-28,3,141.75,Paid
O004282,C0055,P0018,2025-11-28,1,94.25,Paid
O004283,C0631,P0017,2025-11-28,2,41.12,Organic
O004284,C0141,P0025,2025-11-28,3,89.28,Paid
O004285,C0310,P0031,2025-11-28,2,67.94,Organic
O004286,C0322,P0034,2025-11-28,2,174.98,Organic
O004287,C0746,P0035,2025-11-28,1,118.21,Organic
O004288,C0201,P0006,2025-11-28,1,139.43,Organic
O004289,C0250,P0002,2025-11-28,2,180.84,Organic
O004290,C0113,P0014,2025-11-28,3,130.11,Organic
O004291,C0239,P0011,2025-11-28,1,33.98,Organic
O004292,C0589,P0009,2025-11-28,1,47.25,Organic
O004293,C0563,P0010,2025-11-28,3,142.32,Organic
O004294,C0155,P0009,2025-11-28,2,94.5,Email
O004295,C0486,P0009,2025-11-28,3,141.75,Paid
O004296,C0086,P0022,2025-11-28,2,174.92,Referral
O004297,C0430,P0022,2025-11-28,1,87.46,Paid
O004298,C0507,P0022,2025-11-28,3,262.38,Organic
O004299,C0534,P0029,2025-11-28,3,59.31,Organic
O004300,C0642,P0026,2025-11-28,3,142.05,Organic
O004301,C0239,P0032,2025-11-28,2,106.18,Email
O004302,C0291,P0037,2025-11-28,3,172.05,Organic
O004303,C0681,P0005,2025-11-28,1,124.69,Organic
O004304,C0389,P0009,2025-11-28,1,47.25,Organic
O004305,C0126,P0019,2025-11-28,3,447.69,Paid
O004306,C0465,P0021,2025-11-28,3,141.12,Email
O004307,C0522,P0020,2025-11-28,2,50.04,Referral
O004308,C0540,P0026,2025-11-28,1,47.35,Referral
O004309,C0462,P0031,2025-11-28,1,33.97,Organic
O004310,C0416,P0033,2025-11-28,1,82.44,Organic
O004311,C0706,P0006,2025-11-28,3,418.29,Organic
O004312,C0042,P0010,2025-11-28,1,47.44,Paid
O004313,C0013,P0021,2025-11-28,3,141.12,Paid
O004314,C0053,P0021,2025-11-28,2,94.08,Organic
O004315,C0789,P0022,2025-11-28,2,174.92,Organic
O004316,C0469,P0025,2025-11-28,3,89.28,Organic
O004317,C0149,P0030,2025-11-28,2,61.0,Referral
O004318,C0013,P0040,2025-11-28,3,274.89,Organic
O004319,C0303,P0039,2025-11-28,3,122.46,Organic
O004320,C0468,P0035,2025-11-28,1,118.21,Paid
O004321,C0386,P0008,2025-11-29,1,135.26,Email
O004322,C0685,P0014,2025-11-29,1,43.37,Organic
O004323,C0717,P0016,2025-11-29,3,92.94,Referral
O004324,C0256,P0022,2025-11-29,3,262.38,Paid
O004325,C0553,P0023,2025-11-29,1,125.29,Email
O004326,C0020,P0027,2025-11-29,3,85.74,Organic
O004327,C0631,P0032,2025-11-29,1,53.09,Organic
O004328,C0477,P0027,2025-11-29,1,28.58,Paid
O004329,C0003,P0028,2025-11-29,3,58.32,Paid
O004330,C0035,P0029,2025-11-29,1,19.77,Paid
O004331,C0658,P0038,2025-11-29,1,111.95,Organic
O004332,C0759,P0034,2025-11-29,1,87.49,Paid
O004333,C0399,P0035,2025-11-29,2,236.42,Organic
O004334,C0237,P0033,2025-11-29,3,247.32,Organic
O004335,C0397,P0004,2025-11-29,3,999.63,Organic
O004336,C0079,P0002,2025-11-29,1,90.42,Paid
O004337,C0488,P0002,2025-11-29,3,271.26,Email
O004338,C0125,P0007,2025-11-29,1,387.23,Paid
O004339,C0766,P0004,2025-11-29,2,666.42,Organic
O004340,C0156,P0023,2025-11-29,2,250.58,Paid
O004341,C0424,P0018,2025-11-29,3,282.75,Paid
O004342,C0017,P0025,2025-11-29,2,59.52,Paid
O004343,C0488,P0025,2025-11-29,2,59.52,Referral
O004344,C0466,P0031,2025-11-29,1,33.97,Paid
O004345,C0178,P0031,2025-11-29,2,67.94,Paid
O004346,C0777,P0029,2025-11-29,1,19.77,Paid
O004347,C0635,P0038,2025-11-29,2,223.9,Paid
O004348,C0691,P0037,2025-11-29,2,114.7,Organic
O004349,C0588,P0007,2025-11-29,1,387.23,Paid
O004350,C0465,P0015,2025-11-29,1,77.63,Organic
O004351,C0548,P0015,2025-11-29,2,155.26,Email
O004352,C0738,P0016,2025-11-29,3,92.94,Email
O004353,C0234,P0021,2025-11-29,2,94.08,Paid
O004354,C0068,P0019,2025-11-29,1,149.23,Paid
O004355,C0092,P0020,2025-11-29,2,50.04,Email
O004356,C0315,P0031,2025-11-29,2,67.94,Organic
O004357,C0068,P0026,2025-11-29,3,142.05,Paid
O004358,C0585,P0008,2025-11-29,1,135.26,Organic
O004359,C0117,P0007,2025-11-29,1,387.23,Referral
O004360,C0076,P0002,2025-11-29,2,180.84,Paid
O004361,C0470,P0009,2025-11-29,2,94.5,Paid
O004362,C0456,P0015,2025-11-29,1,77.63,Organic
O004363,C0475,P0013,2025-11-29,2,145.78,Paid
O004364,C0118,P0011,2025-11-29,1,33.98,Email
O004365,C0121,P0011,2025-11-29,2,67.96,Paid
O004366,C0555,P0011,2025-11-29,1,33.98,Organic
O004367,C0394,P0015,2025-11-29,3,232.89,Organic
O004368,C0334,P0012,2025-11-29,3,219.54,Organic
O004369,C0744,P0019,2025-11-29,1,149.23,Organic
O004370,C0468,P0020,2025-11-29,2,50.04,Paid
O004371,C0110,P0017,2025-11-29,3,61.68,Paid
O004372,C0409,P0025,2025-11-29,2,59.52,Paid
O004373,C0334,P0028,2025-11-29,2,38.88,Organic
O004374,C0189,P0027,2025-11-29,3,85.74,Organic
O004375,C0704,P0040,2025-11-29,2,183.26,Organic
O004376,C0096,P0033,2025-11-29,3,247.32,Organic
O004377,C0004,P0035,2025-11-29,2,236.42,Paid
O004378,C0317,P0006,2025-11-30,3,418.29,Email
O004379,C0131,P0007,2025-11-30,2,774.46,Paid
O004380,C0721,P0002,2025-11-30,3,271.26,Referral
O004381,C0104,P0003,2025-11-30,1,283.98,Paid
O004382,C0298,P0014,2025-11-30,2,86.74,Email
O004383,C0386,P0010,2025-11-30,3,142.32,Referral
O004384,C0638,P0016,2025-11-30,3,92.94,Paid
O004385,C0461,P0015,2025-11-30,3,232.89,Paid
O004386,C0581,P0023,2025-11-30,3,375.87,Paid
O004387,C0717,P0023,2025-11-30,1,125.29,Email
O004388,C0399,P0021,2025-11-30,2,94.08,Email
O004389,C0256,P0030,2025-11-30,3,91.5,Email
O004390,C0452,P0028,2025-11-30,1,19.44,Paid
O004391,C0459,P0029,2025-11-30,1,19.77,Paid
O004392,C0352,P0027,2025-11-30,3,85.74,Paid
O004393,C0088,P0036,2025-11-30,3,174.72,Paid
O004394,C0219,P0034,2025-11-30,3,262.47,Organic
O004395,C0019,P0038,2025-11-30,1,111.95,Organic
O004396,C0732,P0035,2025-11-30,2,236.42,Organic
O004397,C0452,P0039,2025-11-30,1,40.82,Email
O004398,C0226,P0039,2025-11-30,1,40.82,Referral
O004399,C0649,P0039,2025-11-30,1,40.82,Referral
O004400,C0796,P0035,2025-11-30,2,236.42,Paid
O004401,C0049,P0001,2025-11-30,3,1106.34,Paid
O004402,C0766,P0003,2025-11-30,1,283.98,Paid
O004403,C0331,P0001,2025-11-30,2,737.56,Paid
O004404,C0155,P0005,2025-11-30,1,124.69,Paid
O004405,C0665,P0007,2025-11-30,3,1161.69,Email
O004406,C0119,P0014,2025-11-30,3,130.11,Organic
O004407,C0279,P0017,2025-11-30,2,41.12,Paid
O004408,C0223,P0024,2025-11-30,3,94.74,Organic
O004409,C0132,P0020,2025-11-30,1,25.02,Paid
O004410,C0575,P0022,2025-11-30,2,174.92,Organic
O004411,C0355,P0017,2025-11-30,2,41.12,Paid
O004412,C0661,P0022,2025-11-30,3,262.38,Organic
O004413,C0575,P0025,2025-11-30,2,59.52,Referral
O004414,C0777,P0031,2025-11-30,2,67.94,Paid
O004415,C0397,P0025,2025-11-30,2,59.52,Organic
O004416,C0665,P0037,2025-11-30,1,57.35,Organic
O004417,C0052,P0036,2025-11-30,1,58.24,Paid
O004418,C0711,P0001,2025-11-30,1,368.78,Email
O004419,C0757,P0006,2025-11-30,2,278.86,Organic
O004420,C0481,P0003,2025-11-30,1,283.98,Organic
O004421,C0360,P0010,2025-11-30,3,142.32,Organic
O004422,C0667,P0010,2025-11-30,2,94.88,Organic
O004423,C0548,P0018,2025-11-30,1,94.25,Paid
O004424,C0305,P0024,2025-11-30,1,31.58,Email
O004425,C0040,P0023,2025-11-30,2,250.58,Organic
O004426,C0112,P0019,2025-11-30,1,149.23,Paid
O004427,C0630,P0018,2025-11-30,3,282.75,Organic
O004428,C0102,P0022,2025-11-30,1,87.46,Organic
O004429,C0557,P0021,2025-11-30,1,47.04,Referral
O004430,C0709,P0034,2025-11-30,1,87.49,Referral
O004431,C0511,P0007,2025-11-30,3,1161.69,Email
O004432,C0300,P0005,2025-11-30,3,374.07,Paid
O004433,C0704,P0005,2025-11-30,1,124.69,Email
O004434,C0121,P0006,2025-11-30,2,278.86,Organic
O004435,C0724,P0007,2025-11-30,1,387.23,Email
O004436,C0468,P0016,2025-11-30,3,92.94,Organic
O004437,C0789,P0016,2025-11-30,1,30.98,Organic
O004438,C0698,P0032,2025-11-30,3,159.27,Organic
O004439,C0514,P0032,2025-11-30,3,159.27,Paid
O004440,C0720,P0027,2025-11-30,2,57.16,Referral
O004441,C0731,P0031,2025-11-30,1,33.97,Organic
O004442,C0224,P0031,2025-11-30,2,67.94,Organic
O004443,C0179,P0032,2025-11-30,2,106.18,Email
O004444,C0638,P0008,2025-12-01,3,405.78,Paid
O004445,C0579,P0004,2025-12-01,3,999.63,Organic
O004446,C0104,P0003,2025-12-01,1,283.98,Organic
O004447,C0226,P0014,2025-12-01,2,86.74,Organic
O004448,C0756,P0009,2025-12-01,3,141.75,Organic
O004449,C0035,P0018,2025-12-01,1,94.25,Email
O004450,C0617,P0022,2025-12-01,3,262.38,Organic
O004451,C0097,P0020,2025-12-01,1,25.02,Organic
O004452,C0619,P0021,2025-12-01,3,141.12,Paid
O004453,C0262,P0019,2025-12-01,3,447.69,Email
O004454,C0277,P0019,2025-12-01,3,447.69,Email
O004455,C0207,P0031,2025-12-01,3,101.91,Organic
O004456,C0425,P0030,2025-12-01,3,91.5,Organic
O004457,C0717,P0032,2025-12-01,2,106.18,Organic
O004458,C0464,P0035,2025-12-01,1,118.21,Organic
O004459,C0263,P0034,2025-12-01,3,262.47,Paid
O004460,C0277,P0036,2025-12-01,1,58.24,Paid
O004461,C0171,P0035,2025-12-01,1,118.21,Referral
O004462,C0575,P0005,2025-12-01,3,374.07,Organic
O004463,C0178,P0005,2025-12-01,2,249.38,Organic
O004464,C0333,P0015,2025-12-01,3,232.89,Paid
O004465,C0279,P0009,2025-12-01,2,94.5,Referral
O004466,C0018,P0012,2025-12-01,1,73.18,Referral
O004467,C0792,P0023,2025-12-01,3,375.87,Organic
O004468,C0635,P0022,2025-12-01,1,87.46,Email
O004469,C0049,P0028,2025-12-01,2,38.88,Organic
O004470,C0587,P0029,2025-12-01,3,59.31,Email
O004471,C0297,P0034,2025-12-01,2,174.98,Paid
O004472,C0204,P0035,2025-12-01,3,354.63,Organic
O004473,C0239,P0035,2025-12-01,3,354.63,Paid
O004474,C0515,P0014,2025-12-01,3,130.11,Organic
O004475,C0418,P0013,2025-12-01,3,218.67,Referral
O004476,C0321,P0024,2025-12-01,2,63.16,Organic
O004477,C0404,P0019,2025-12-01,3,447.69,Email
O004478,C0647,P0023,2025-12-01,1,125.29,Organic
O004479,C0334,P0008,2025-12-01,2,270.52,Paid
O004480,C0059,P0007,2025-12-01,3,1161.69,Email
O004481,C0146,P0014,2025-12-01,2,86.74,Email
O004482,C0272,P0010,2025-12-01,2,94.88,Paid
O004483,C0358,P0021,2025-12-01,3,141.12,Paid
O004484,C0383,P0018,2025-12-01,3,282.75,Paid
O004485,C0146,P0018,2025-12-01,3,282.75,Paid
O004486,C0320,P0021,2025-12-01,2,94.08,Paid
O004487,C0483,P0037,2025-12-01,2,114.7,Organic
O004488,C0723,P0008,2025-12-02,3,405.78,Email
O004489,C0639,P0028,2025-12-02,1,19.44,Paid
O004490,C0717,P0039,2025-12-02,3,122.46,Paid
O004491,C0171,P0039,2025-12-02,1,40.82,Paid
O004492,C0717,P0036,2025-12-02,2,116.48,Organic
O004493,C0058,P0035,2025-12-02,1,118.21,Organic
O004494,C0686,P0040,2025-12-02,1,91.63,Organic
O004495,C0675,P0002,2025-12-02,3,271.26,Organic
O004496,C0160,P0003,2025-12-02,1,283.98,Referral
O004497,C0752,P0013,2025-12-02,3,218.67,Paid
O004498,C0397,P0018,2025-12-02,2,188.5,Organic
O004499,C0417,P0029,2025-12-02,2,39.54,Referral
O004500,C0185,P0029,2025-12-02,1,19.77,Organic
O004501,C0494,P0026,2025-12-02,2,94.7,Paid
O004502,C0605,P0035,2025-12-02,1,118.21,Email
O004503,C0095,P0006,2025-12-02,3,418.29,Paid
O004504,C0138,P0012,2025-12-02,1,73.18,Organic
O004505,C0080,P0022,2025-12-02,2,174.92,Paid
O004506,C0321,P0018,2025-12-02,1,94.25,Email
O004507,C0564,P0023,2025-12-02,2,250.58,Email
O004508,C0033,P0028,2025-12-02,2,38.88,Organic
O004509,C0522,P0026,2025-12-02,2,94.7,Paid
O004510,C0754,P0040,2025-12-02,1,91.63,Organic
O004511,C0699,P0035,2025-12-02,3,354.63,Referral
O004512,C0072,P0003,2025-12-02,2,567.96,Organic
O004513,C0221,P0004,2025-12-02,3,999.63,Paid
O004514,C0161,P0008,2025-12-02,2,270.52,Organic
O004515,C0726,P0014,2025-12-02,2,86.74,Organic
O004516,C0093,P0016,2025-12-02,1,30.98,Referral
O004517,C0653,P0021,2025-12-02,2,94.08,Paid
O004518,C0173,P0018,2025-12-02,1,94.25,Organic
O004519,C0179,P0028,2025-12-02,3,58.32,Paid
O004520,C0798,P0031,2025-12-02,2,67.94,Organic
O004521,C0514,P0039,2025-12-02,2,81.64,Paid
O004522,C0498,P0039,2025-12-02,1,40.82,Organic
O004523,C0304,P0037,2025-12-02,3,172.05,Paid
O004524,C0011,P0038,2025-12-02,2,223.9,Organic
O004525,C0107,P0007,2025-12-03,1,387.23,Organic
O004526,C0295,P0002,2025-12-03,2,180.84,Organic
O004527,C0128,P0001,2025-12-03,2,737.56,Email
O004528,C0317,P0004,2025-12-03,3,999.63,Referral
O004529,C0408,P0012,2025-12-03,2,146.36,Paid
O004530,C0639,P0015,2025-12-03,2,155.26,Organic
O004531,C0171,P0009,2025-12-03,1,47.25,Paid
O004532,C0141,P0020,2025-12-03,3,75.06,Paid
O004533,C0058,P0028,2025-12-03,3,58.32,Organic
O004534,C0170,P0030,2025-12-03,1,30.5,Organic
O004535,C0205,P0030,2025-12-03,2,61.0,Organic
O004536,C0729,P0025,2025-12-03,1,29.76,Email
O004537,C0412,P0006,2025-12-03,1,139.43,Organic
O004538,C0740,P0001,2025-12-03,3,1106.34,Paid
O004539,C0586,P0007,2025-12-03,3,1161.69,Paid
O004540,C0119,P0014,2025-12-03,1,43.37,Email
O004541,C0134,P0009,2025-12-03,2,94.5,Organic
O004542,C0792,P0013,2025-12-03,2,145.78,Paid
O004543,C0635,P0027,2025-12-03,2,57.16,Organic
O004544,C0507,P0036,2025-12-03,1,58.24,Organic
O004545,C0430,P0036,2025-12-03,3,174.72,Paid
O004546,C0236,P0037,2025-12-03,2,114.7,Organic
O004547,C0245,P0007,2025-12-03,1,387.23,Paid
O004548,C0115,P0002,2025-12-03,1,90.42,Paid
O004549,C0607,P0013,2025-12-03,1,72.89,Paid
O004550,C0305,P0029,2025-12-03,3,59.31,Organic
O004551,C0247,P0033,2025-12-03,1,82.44,Organic
O004552,C0283,P0037,2025-12-03,1,57.35,Organic
O004553,C0485,P0039,2025-12-03,3,122.46,Referral
O004554,C0300,P0004,2025-12-03,3,999.63,Organic
O004555,C0110,P0015,2025-12-03,3,232.89,Referral
O004556,C0339,P0016,2025-12-03,2,61.96,Organic
O004557,C0731,P0015,2025-12-03,2,155.26,Referral
O004558,C0442,P0018,2025-12-03,1,94.25,Referral
O004559,C0189,P0024,2025-12-03,1,31.58,Referral
O004560,C0328,P0025,2025-12-03,3,89.28,Organic
O004561,C0147,P0031,2025-12-03,2,67.94,Organic
O004562,C0504,P0029,2025-12-03,3,59.31,Email
O004563,C0706,P0032,2025-12-03,3,159.27,Organic
O004564,C0498,P0027,2025-12-03,2,57.16,Email
O004565,C0409,P0040,2025-12-03,2,183.26,Organic
O004566,C0666,P0036,2025-12-03,2,116.48,Email
O004567,C0121,P0034,2025-12-03,1,87.49,Paid
O004568,C0189,P0039,2025-12-03,3,122.46,Paid
O004569,C0198,P0001,2025-12-04,3,1106.34,Organic
O004570,C0104,P0016,2025-12-04,1,30.98,Paid
O004571,C0535,P0011,2025-12-04,1,33.98,Paid
O004572,C0671,P0021,2025-12-04,1,47.04,Organic
O004573,C0363,P0019,2025-12-04,1,149.23,Referral
O004574,C0043,P0019,2025-12-04,1,149.23,Paid
O004575,C0551,P0024,2025-12-04,2,63.16,Organic
O004576,C0603,P0024,2025-12-04,3,94.74,Organic
O004577,C0362,P0017,2025-12-04,3,61.68,Organic
O004578,C0131,P0027,2025-12-04,3,85.74,Organic
O004579,C0065,P0032,2025-12-04,3,159.27,Email
O004580,C0627,P0031,2025-12-04,3,101.91,Paid
O004581,C0644,P0008,2025-12-04,2,270.52,Paid
O004582,C0267,P0001,2025-12-04,1,368.78,Organic
O004583,C0089,P0006,2025-12-04,3,418.29,Organic
O004584,C0532,P0020,2025-12-04,3,75.06,Paid
O004585,C0047,P0038,2025-12-04,2,223.9,Organic
O004586,C0389,P0001,2025-12-04,2,737.56,Referral
O004587,C0757,P0006,2025-12-04,1,139.43,Organic
O004588,C0515,P0003,2025-12-04,1,283.98,Organic
O004589,C0754,P0016,2025-12-04,3,92.94,Organic
O004590,C0515,P0013,2025-12-04,2,145.78,Paid
O004591,C0373,P0032,2025-12-04,3,159.27,Referral
O004592,C0400,P0038,2025-12-04,2,223.9,Paid
O004593,C0394,P0002,2025-12-04,3,271.26,Paid
O004594,C0688,P0005,2025-12-04,2,249.38,Paid
O004595,C0090,P0013,2025-12-04,2,145.78,Paid
O004596,C0468,P0009,2025-12-04,1,47.25,Email
O004597,C0229,P0015,2025-12-04,1,77.63,Email
O004598,C0328,P0010,2025-12-04,3,142.32,Organic
O004599,C0059,P0018,2025-12-04,3,282.75,Organic
O004600,C0555,P0020,2025-12-04,2,50.04,Paid
O004601,C0456,P0028,2025-12-04,2,38.88,Organic
O004602,C0302,P0033,2025-12-04,1,82.44,Paid
O004603,C0188,P0001,2025-12-05,1,368.78,Organic
O004604,C0658,P0003,2025-12-05,2,567.96,Organic
O004605,C0447,P0006,2025-12-05,3,418.29,Organic
O004606,C0406,P0008,2025-12-05,2,270.52,Email
O004607,C0756,P0003,2025-12-05,3,851.94,Paid
O004608,C0649,P0010,2025-12-05,1,47.44,Email
O004609,C0188,P0009,2025-12-05,2,94.5,Organic
O004610,C0045,P0022,2025-12-05,1,87.46,Paid
O004611,C0235,P0019,2025-12-05,3,447.69,Email
O004612,C0729,P0022,2025-12-05,1,87.46,Email
O004613,C0620,P0033,2025-12-05,3,247.32,Paid
O004614,C0281,P0038,2025-12-05,2,223.9,Paid
O004615,C0628,P0038,2025-12-05,3,335.85,Organic
O004616,C0776,P0039,2025-12-05,1,40.82,Referral
O004617,C0759,P0035,2025-12-05,2,236.42,Organic
O004618,C0048,P0006,2025-12-05,1,139.43,Paid
O004619,C0494,P0006,2025-12-05,1,139.43,Organic
O004620,C0113,P0001,2025-12-05,3,1106.34,Paid
O004621,C0795,P0011,2025-12-05,1,33.98,Paid
O004622,C0641,P0012,2025-12-05,2,146.36,Organic
O004623,C0056,P0023,2025-12-05,3,375.87,Organic
O004624,C0687,P0031,2025-12-05,3,101.91,Organic
O004625,C0494,P0033,2025-12-05,3,247.32,Organic
O004626,C0777,P0037,2025-12-05,2,114.7,Organic
O004627,C0160,P0038,2025-12-05,1,111.95,Organic
O004628,C0713,P0036,2025-12-05,1,58.24,Organic
O004629,C0645,P0034,2025-12-05,3,262.47,Organic
O004630,C0404,P0002,2025-12-05,2,180.84,Organic
O004631,C0227,P0001,2025-12-05,2,737.56,Paid
O004632,C0401,P0005,2025-12-05,3,374.07,Organic
O004633,C0327,P0006,2025-12-05,1,139.43,Organic
O004634,C0166,P0021,2025-12-05,1,47.04,Paid
O004635,C0115,P0023,2025-12-05,3,375.87,Paid
O004636,C0034,P0032,2025-12-05,3,159.27,Paid
O004637,C0733,P0028,2025-12-05,1,19.44,Email
O004638,C0404,P0033,2025-12-05,3,247.32,Organic
O004639,C0660,P0039,2025-12-05,2,81.64,Organic
O004640,C0358,P0004,2025-12-05,1,333.21,Paid
O004641,C0724,P0004,2025-12-05,2,666.42,Referral
O004642,C0695,P0001,2025-12-05,2,737.56,Organic
O004643,C0110,P0005,2025-12-05,3,374.07,Paid
O004644,C0288,P0015,2025-12-05,3,232.89,Email
O004645,C0296,P0016,2025-12-05,1,30.98,Email
O004646,C0409,P0016,2025-12-05,1,30.98,Paid
O004647,C0706,P0022,2025-12-05,1,87.46,Paid
O004648,C0782,P0018,2025-12-05,3,282.75,Organic
O004649,C0478,P0017,2025-12-05,2,41.12,Paid
O004650,C0042,P0025,2025-12-05,3,89.28,Email
O004651,C0448,P0038,2025-12-05,3,335.85,Paid
O004652,C0288,P0039,2025-12-05,1,40.82,Referral
O004653,C0409,P0039,2025-12-05,1,40.82,Referral
O004654,C0558,P0038,2025-12-05,3,335.85,Email
O004655,C0590,P0007,2025-12-06,3,1161.69,Email
O004656,C0477,P0014,2025-12-06,3,130.11,Paid
O004657,C0671,P0013,2025-12-06,1,72.89,Paid
O004658,C0553,P0016,2025-12-06,2,61.96,Referral
O004659,C0603,P0015,2025-12-06,1,77.63,Email
O004660,C0107,P0014,2025-12-06,1,43.37,Organic
O004661,C0170,P0014,2025-12-06,1,43.37,Organic
O004662,C0755,P0021,2025-12-06,2,94.08,Paid
O004663,C0114,P0024,2025-12-06,1,31.58,Organic
O004664,C0549,P0036,2025-12-06,1,58.24,Referral
O004665,C0097,P0039,2025-12-06,1,40.82,Organic
O004666,C0614,P0004,2025-12-06,3,999.63,Organic
O004667,C0520,P0003,2025-12-06,2,567.96,Paid
O004668,C0258,P0002,2025-12-06,1,90.42,Organic
O004669,C0420,P0010,2025-12-06,2,94.88,Email
O004670,C0614,P0009,2025-12-06,1,47.25,Paid
O004671,C0560,P0022,2025-12-06,3,262.38,Email
O004672,C0766,P0028,2025-12-06,1,19.44,Organic
O004673,C0533,P0027,2025-12-06,2,57.16,Referral
O004674,C0773,P0028,2025-12-06,3,58.32,Organic
O004675,C0155,P0032,2025-12-06,2,106.18,Paid
O004676,C0250,P0032,2025-12-06,3,159.27,Paid
O004677,C0006,P0040,2025-12-06,2,183.26,Organic
O004678,C0308,P0038,2025-12-06,1,111.95,Paid
O004679,C0754,P0005,2025-12-06,1,124.69,Organic
O004680,C0061,P0005,2025-12-06,3,374.07,Email
O004681,C0350,P0004,2025-12-06,3,999.63,Email
O004682,C0175,P0002,2025-12-06,1,90.42,Paid
O004683,C0757,P0010,2025-12-06,2,94.88,Organic
O004684,C0607,P0011,2025-12-06,1,33.98,Paid
O004685,C0321,P0021,2025-12-06,3,141.12,Organic
O004686,C0431,P0026,2025-12-06,3,142.05,Organic
O004687,C0177,P0025,2025-12-06,2,59.52,Paid
O004688,C0400,P0027,2025-12-06,2,57.16,Organic
O004689,C0431,P0025,2025-12-06,3,89.28,Organic
O004690,C0245,P0029,2025-12-06,3,59.31,Organic
O004691,C0350,P0035,2025-12-06,2,236.42,Organic
O004692,C0572,P0001,2025-12-06,1,368.78,Referral
O004693,C0789,P0004,2025-12-06,3,999.63,Organic
O004694,C0264,P0014,2025-12-06,3,130.11,Email
O004695,C0668,P0013,2025-12-06,3,218.67,Paid
O004696,C0514,P0013,2025-12-06,3,218.67,Organic
O004697,C0302,P0020,2025-12-06,1,25.02,Paid
O004698,C0328,P0017,2025-12-06,3,61.68,Organic
O004699,C0666,P0021,2025-12-06,1,47.04,Referral
O004700,C0300,P0022,2025-12-06,1,87.46,Referral
O004701,C0011,P0029,2025-12-06,2,39.54,Organic
O004702,C0093,P0029,2025-12-06,1,19.77,Referral
O004703,C0597,P0033,2025-12-06,2,164.88,Referral
O004704,C0514,P0037,2025-12-06,1,57.35,Paid
O004705,C0770,P0039,2025-12-06,1,40.82,Organic
O004706,C0572,P0033,2025-12-06,3,247.32,Paid
O004707,C0590,P0001,2025-12-07,3,1106.34,Email
O004708,C0128,P0005,2025-12-07,2,249.38,Email
O004709,C0225,P0004,2025-12-07,1,333.21,Email
O004710,C0628,P0001,2025-12-07,3,1106.34,Organic
O004711,C0776,P0001,2025-12-07,1,368.78,Email
O004712,C0708,P0005,2025-12-07,2,249.38,Paid
O004713,C0058,P0002,2025-12-07,2,180.84,Organic
O004714,C0340,P0014,2025-12-07,2,86.74,Organic
O004715,C0055,P0014,2025-12-07,3,130.11,Email
O004716,C0799,P0009,2025-12-07,3,141.75,Email
O004717,C0100,P0015,2025-12-07,2,155.26,Paid
O004718,C0218,P0013,2025-12-07,2,145.78,Organic
O004719,C0631,P0022,2025-12-07,1,87.46,Organic
O004720,C0774,P0021,2025-12-07,3,141.12,Email
O004721,C0171,P0022,2025-12-07,3,262.38,Paid
O004722,C0746,P0019,2025-12-07,2,298.46,Paid
O004723,C0708,P0028,2025-12-07,2,38.88,Referral
O004724,C0170,P0029,2025-12-07,3,59.31,Organic
O004725,C0310,P0040,2025-12-07,3,274.89,Email
O004726,C0403,P0039,2025-12-07,3,122.46,Paid
O004727,C0755,P0034,2025-12-07,2,174.98,Referral
O004728,C0317,P0033,2025-12-07,1,82.44,Organic
O004729,C0455,P0003,2025-12-07,2,567.96,Organic
O004730,C0193,P0007,2025-12-07,2,774.46,Organic
O004731,C0236,P0007,2025-12-07,2,774.46,Organic
O004732,C0249,P0005,2025-12-07,3,374.07,Referral
O004733,C0641,P0006,2025-12-07,3,418.29,Organic
O004734,C0285,P0011,2025-12-07,3,101.94,Organic
O004735,C0471,P0012,2025-12-07,1,73.18,Paid
O004736,C0608,P0011,2025-12-07,1,33.98,Organic
O004737,C0417,P0020,2025-12-07,3,75.06,Organic
O004738,C0761,P0020,2025-12-07,1,25.02,Organic
O004739,C0687,P0024,2025-12-07,3,94.74,Organic
O004740,C0049,P0025,2025-12-07,2,59.52,Paid
O004741,C0134,P0029,2025-12-07,3,59.31,Paid
O004742,C0728,P0028,2025-12-07,1,19.44,Paid
O004743,C0158,P0030,2025-12-07,2,61.0,Referral
O004744,C0254,P0026,2025-12-07,3,142.05,Paid
O004745,C0244,P0038,2025-12-07,1,111.95,Paid
O004746,C0185,P0039,2025-12-07,1,40.82,Paid
O004747,C0291,P0039,2025-12-07,3,122.46,Organic
O004748,C0645,P0039,2025-12-07,1,40.82,Paid
O004749,C0647,P0002,2025-12-07,3,271.26,Organic
O004750,C0240,P0011,2025-12-07,1,33.98,Paid
O004751,C0513,P0009,2025-12-07,3,141.75,Organic
O004752,C0754,P0020,2025-12-07,3,75.06,Paid
O004753,C0028,P0023,2025-12-07,3,375.87,Paid
O004754,C0227,P0020,2025-12-07,3,75.06,Organic
O004755,C0269,P0024,2025-12-07,3,94.74,Paid
O004756,C0233,P0031,2025-12-07,3,101.91,Paid
O004757,C0647,P0031,2025-12-07,1,33.97,Organic
O004758,C0387,P0034,2025-12-07,3,262.47,Email
O004759,C0194,P0036,2025-12-07,3,174.72,Paid
O004760,C0053,P0008,2025-12-07,1,135.26,Referral
O004761,C0395,P0006,2025-12-07,1,139.43,Organic
O004762,C0736,P0006,2025-12-07,2,278.86,Organic
O004763,C0781,P0010,2025-12-07,3,142.32,Email
O004764,C0328,P0010,2025-12-07,3,142.32,Paid
O004765,C0769,P0013,2025-12-07,3,218.67,Organic
O004766,C0296,P0011,2025-12-07,3,101.94,Email
O004767,C0706,P0018,2025-12-07,2,188.5,Referral
O004768,C0358,P0032,2025-12-07,3,159.27,Organic
O004769,C0339,P0027,2025-12-07,1,28.58,Organic
O004770,C0192,P0026,2025-12-07,3,142.05,Email
O004771,C0004,P0032,2025-12-07,3,159.27,Organic
O004772,C0678,P0028,2025-12-07,2,38.88,Paid
O004773,C0135,P0005,2025-12-08,2,249.38,Referral
O004774,C0114,P0015,2025-12-08,2,155.26,Paid
O004775,C0352,P0013,2025-12-08,3,218.67,Organic
O004776,C0342,P0018,2025-12-08,2,188.5,Paid
O004777,C0207,P0024,2025-12-08,3,94.74,Organic
O004778,C0362,P0031,2025-12-08,3,101.91,Paid
O004779,C0756,P0032,2025-12-08,3,159.27,Paid
O004780,C0411,P0032,2025-12-08,2,106.18,Paid
O004781,C0385,P0031,2025-12-08,2,67.94,Organic
O004782,C0380,P0037,2025-12-08,3,172.05,Email
O004783,C0228,P0033,2025-12-08,1,82.44,Email
O004784,C0050,P0040,2025-12-08,3,274.89,Organic
O004785,C0369,P0035,2025-12-08,3,354.63,Organic
O004786,C0444,P0015,2025-12-08,2,155.26,Referral
O004787,C0079,P0012,2025-12-08,2,146.36,Organic
O004788,C0239,P0019,2025-12-08,3,447.69,Organic
O004789,C0645,P0023,2025-12-08,2,250.58,Paid
O004790,C0455,P0021,2025-12-08,3,141.12,Organic
O004791,C0305,P0002,2025-12-08,1,90.42,Email
O004792,C0033,P0010,2025-12-08,2,94.88,Paid
O004793,C0607,P0011,2025-12-08,3,101.94,Paid
O004794,C0175,P0021,2025-12-08,1,47.04,Email
O004795,C0733,P0032,2025-12-08,2,106.18,Organic
O004796,C0400,P0026,2025-12-08,1,47.35,Email
O004797,C0555,P0007,2025-12-08,2,774.46,Email
O004798,C0606,P0002,2025-12-08,3,271.26,Paid
O004799,C0001,P0008,2025-12-08,3,405.78,Paid
O004800,C0724,P0001,2025-12-08,2,737.56,Organic
O004801,C0051,P0003,2025-12-08,1,283.98,Organic
O004802,C0004,P0012,2025-12-08,2,146.36,Paid
O004803,C0558,P0010,2025-12-08,1,47.44,Organic
O004804,C0203,P0010,2025-12-08,1,47.44,Referral
O004805,C0199,P0016,2025-12-08,2,61.96,Organic
O004806,C0715,P0023,2025-12-08,1,125.29,Paid
O004807,C0678,P0024,2025-12-08,1,31.58,Organic
O004808,C0069,P0017,2025-12-08,2,41.12,Referral
O004809,C0762,P0030,2025-12-08,1,30.5,Paid
O004810,C0555,P0031,2025-12-08,1,33.97,Email
O004811,C0202,P0031,2025-12-08,2,67.94,Referral
O004812,C0419,P0027,2025-12-08,2,57.16,Organic
O004813,C0769,P0026,2025-12-08,3,142.05,Organic
O004814,C0602,P0038,2025-12-08,1,111.95,Organic
O004815,C0012,P0038,2025-12-08,2,223.9,Paid
O004816,C0511,P0037,2025-12-08,3,172.05,Paid
O004817,C0012,P0034,2025-12-08,3,262.47,Organic
O004818,C0437,P0040,2025-12-08,3,274.89,Paid
O004819,C0295,P0002,2025-12-09,3,271.26,Organic
O004820,C0671,P0008,2025-12-09,1,135.26,Email
O004821,C0268,P0001,2025-12-09,3,1106.34,Organic
O004822,C0717,P0014,2025-12-09,1,43.37,Organic
O004823,C0188,P0020,2025-12-09,3,75.06,Paid
O004824,C0570,P0018,2025-12-09,2,188.5,Email
O004825,C0062,P0027,2025-12-09,3,85.74,Organic
O004826,C0685,P0025,2025-12-09,2,59.52,Organic
O004827,C0382,P0028,2025-12-09,2,38.88,Organic
O004828,C0396,P0040,2025-12-09,3,274.89,Paid
O004829,C0593,P0037,2025-12-09,2,114.7,Paid
O004830,C0347,P0039,2025-12-09,2,81.64,Organic
O004831,C0158,P0006,2025-12-09,2,278.86,Organic
O004832,C0609,P0002,2025-12-09,3,271.26,Email
O004833,C0785,P0014,2025-12-09,1,43.37,Email
O004834,C0444,P0015,2025-12-09,2,155.26,Organic
O004835,C0712,P0018,2025-12-09,2,188.5,Paid
O004836,C0750,P0033,2025-12-09,2,164.88,Paid
O004837,C0006,P0033,2025-12-09,2,164.88,Email
O004838,C0795,P0036,2025-12-09,3,174.72,Referral
O004839,C0017,P0036,2025-12-09,2,116.48,Organic
O004840,C0738,P0007,2025-12-09,2,774.46,Referral
O004841,C0476,P0007,2025-12-09,2,774.46,Paid
O004842,C0330,P0007,2025-12-09,2,774.46,Email
O004843,C0253,P0027,2025-12-09,2,57.16,Organic
O004844,C0175,P0031,2025-12-09,2,67.94,Organic
O004845,C0711,P0032,2025-12-09,1,53.09,Organic
O004846,C0680,P0033,2025-12-09,3,247.32,Paid
O004847,C0758,P0001,2025-12-09,2,737.56,Organic
O004848,C0199,P0007,2025-12-09,2,774.46,Organic
O004849,C0252,P0013,2025-12-09,2,145.78,Email
O004850,C0229,P0016,2025-12-09,3,92.94,Paid
O004851,C0673,P0018,2025-12-09,1,94.25,Organic
O004852,C0147,P0020,2025-12-09,1,25.02,Email
O004853,C0314,P0018,2025-12-09,1,94.25,Organic
O004854,C0730,P0018,2025-12-09,2,188.5,Referral
O004855,C0202,P0030,2025-12-09,3,91.5,Email
O004856,C0469,P0030,2025-12-09,3,91.5,Organic
O004857,C0090,P0027,2025-12-09,3,85.74,Paid
O004858,C0736,P0033,2025-12-09,2,164.88,Email
O004859,C0727,P0035,2025-12-09,1,118.21,Paid
O004860,C0758,P0034,2025-12-09,3,262.47,Organic
O004861,C0769,P0038,2025-12-09,2,223.9,Organic
O004862,C0328,P0037,2025-12-09,3,172.05,Paid
O004863,C0597,P0039,2025-12-09,3,122.46,Referral
O004864,C0077,P0001,2025-12-10,3,1106.34,Paid
O004865,C0005,P0020,2025-12-10,2,50.04,Organic
O004866,C0461,P0023,2025-12-10,3,375.87,Organic
O004867,C0035,P0026,2025-12-10,2,94.7,Organic
O004868,C0732,P0027,2025-12-10,3,85.74,Paid
O004869,C0616,P0025,2025-12-10,2,59.52,Email
O004870,C0295,P0031,2025-12-10,1,33.97,Paid
O004871,C0204,P0003,2025-12-10,3,851.94,Organic
O004872,C0073,P0007,2025-12-10,1,387.23,Organic
O004873,C0086,P0006,2025-12-10,2,278.86,Organic
O004874,C0204,P0016,2025-12-10,1,30.98,Organic
O004875,C0255,P0009,2025-12-10,1,47.25,Paid
O004876,C0785,P0019,2025-12-10,3,447.69,Paid
O004877,C0545,P0019,2025-12-10,3,447.69,Organic
O004878,C0297,P0026,2025-12-10,1,47.35,Referral
O004879,C0064,P0028,2025-12-10,1,19.44,Paid
O004880,C0204,P0031,2025-12-10,1,33.97,Organic
O004881,C0569,P0026,2025-12-10,3,142.05,Paid
O004882,C0728,P0031,2025-12-10,1,33.97,Referral
O004883,C0391,P0028,2025-12-10,1,19.44,Organic
O004884,C0505,P0006,2025-12-10,2,278.86,Organic
O004885,C0143,P0004,2025-12-10,2,666.42,Organic
O004886,C0025,P0010,2025-12-10,1,47.44,Paid
O004887,C0138,P0020,2025-12-10,1,25.02,Email
O004888,C0754,P0019,2025-12-10,2,298.46,Organic
O004889,C0505,P0021,2025-12-10,3,141.12,Paid
O004890,C0068,P0022,2025-12-10,1,87.46,Referral
O004891,C0681,P0039,2025-12-10,1,40.82,Organic
O004892,C0245,P0039,2025-12-10,2,81.64,Paid
O004893,C0754,P0033,2025-12-10,2,164.88,Referral
O004894,C0436,P0034,2025-12-10,3,262.47,Organic
O004895,C0272,P0003,2025-12-10,2,567.96,Referral
O004896,C0261,P0011,2025-12-10,2,67.96,Organic
O004897,C0264,P0026,2025-12-10,1,47.35,Email
O004898,C0591,P0038,2025-12-10,3,335.85,Organic
O004899,C0653,P0040,2025-12-10,1,91.63,Email
O004900,C0791,P0037,2025-12-10,1,57.35,Email
O004901,C0050,P0007,2025-12-11,3,1161.69,Paid
O004902,C0341,P0013,2025-12-11,3,218.67,Paid
O004903,C0050,P0011,2025-12-11,2,67.96,Organic
O004904,C0487,P0015,2025-12-11,2,155.26,Organic
O004905,C0116,P0015,2025-12-11,2,155.26,Paid
O004906,C0603,P0019,2025-12-11,3,447.69,Paid
O004907,C0294,P0030,2025-12-11,3,91.5,Paid
O004908,C0100,P0026,2025-12-11,1,47.35,Organic
O004909,C0618,P0025,2025-12-11,1,29.76,Paid
O004910,C0638,P0036,2025-12-11,1,58.24,Organic
O004911,C0228,P0034,2025-12-11,1,87.49,Email
O004912,C0411,P0037,2025-12-11,1,57.35,Paid
O004913,C0285,P0003,2025-12-11,2,567.96,Organic
O004914,C0545,P0016,2025-12-11,2,61.96,Organic
O004915,C0125,P0012,2025-12-11,2,146.36,Referral
O004916,C0132,P0028,2025-12-11,2,38.88,Paid
O004917,C0308,P0039,2025-12-11,3,122.46,Paid
O004918,C0563,P0037,2025-12-11,3,172.05,Organic
O004919,C0687,P0037,2025-12-11,1,57.35,Organic
O004920,C0126,P0002,2025-12-11,2,180.84,Organic
O004921,C0422,P0001,2025-12-11,1,368.78,Paid
O004922,C0299,P0011,2025-12-11,3,101.94,Organic
O004923,C0325,P0011,2025-12-11,3,101.94,Email
O004924,C0515,P0018,2025-12-11,3,282.75,Organic
O004925,C0283,P0029,2025-12-11,1,19.77,Referral
O004926,C0505,P0031,2025-12-11,1,33.97,Email
O004927,C0724,P0008,2025-12-11,1,135.26,Organic
O004928,C0724,P0004,2025-12-11,1,333.21,Paid
O004929,C0512,P0006,2025-12-11,1,139.43,Organic
O004930,C0511,P0011,2025-12-11,2,67.96,Paid
O004931,C0070,P0016,2025-12-11,2,61.96,Organic
O004932,C0265,P0023,2025-12-11,3,375.87,Email
O004933,C0230,P0023,2025-12-11,1,125.29,Email
O004934,C0093,P0020,2025-12-11,3,75.06,Organic
O004935,C0769,P0026,2025-12-11,1,47.35,Email
O004936,C0084,P0031,2025-12-11,2,67.94,Email
O004937,C0730,P0029,2025-12-11,1,19.77,Paid
O004938,C0512,P0025,2025-12-11,1,29.76,Referral
O004939,C0407,P0032,2025-12-11,1,53.09,Email
O004940,C0161,P0040,2025-12-11,3,274.89,Organic
O004941,C0179,P0040,2025-12-11,1,91.63,Email
O004942,C0334,P0038,2025-12-11,2,223.9,Paid
O004943,C0141,P0005,2025-12-12,3,374.07,Paid
O004944,C0603,P0002,2025-12-12,1,90.42,Organic
O004945,C0340,P0008,2025-12-12,1,135.26,Organic
O004946,C0292,P0018,2025-12-12,2,188.5,Email
O004947,C0554,P0019,2025-12-12,1,149.23,Organic
O004948,C0396,P0021,2025-12-12,3,141.12,Paid
O004949,C0347,P0030,2025-12-12,1,30.5,Organic
O004950,C0784,P0032,2025-12-12,2,106.18,Referral
O004951,C0784,P0030,2025-12-12,3,91.5,Organic
O004952,C0603,P0039,2025-12-12,1,40.82,Email
O004953,C0466,P0003,2025-12-12,3,851.94,Organic
O004954,C0291,P0004,2025-12-12,1,333.21,Organic
O004955,C0267,P0011,2025-12-12,2,67.96,Organic
O004956,C0333,P0024,2025-12-12,1,31.58,Organic
O004957,C0335,P0021,2025-12-12,3,141.12,Organic
O004958,C0532,P0024,2025-12-12,2,63.16,Referral
O004959,C0287,P0031,2025-12-12,1,33.97,Referral
O004960,C0089,P0027,2025-12-12,3,85.74,Paid
O004961,C0792,P0026,2025-12-12,1,47.35,Organic
O004962,C0587,P0030,2025-12-12,2,61.0,Organic
O004963,C0420,P0031,2025-12-12,2,67.94,Organic
O004964,C0466,P0037,2025-12-12,1,57.35,Organic
O004965,C0064,P0039,2025-12-12,1,40.82,Organic
O004966,C0233,P0002,2025-12-12,1,90.42,Paid
O004967,C0126,P0021,2025-12-12,3,141.12,Paid
O004968,C0681,P0022,2025-12-12,1,87.46,Organic
O004969,C0725,P0021,2025-12-12,3,141.12,Referral
O004970,C0233,P0031,2025-12-12,1,33.97,Email
O004971,C0092,P0027,2025-12-12,2,57.16,Organic
O004972,C0253,P0026,2025-12-12,1,47.35,Email
O004973,C0647,P0031,2025-12-12,3,101.91,Organic
O004974,C0767,P0040,2025-12-12,2,183.26,Organic
O004975,C0227,P0038,2025-12-12,3,335.85,Referral
O004976,C0092,P0038,2025-12-12,1,111.95,Paid
O004977,C0337,P0005,2025-12-12,1,124.69,Paid
O004978,C0693,P0002,2025-12-12,2,180.84,Organic
O004979,C0328,P0016,2025-12-12,1,30.98,Organic
O004980,C0181,P0013,2025-12-12,2,145.78,Organic
O004981,C0442,P0014,2025-12-12,3,130.11,Organic
O004982,C0328,P0021,2025-12-12,2,94.08,Paid
O004983,C0437,P0023,2025-12-12,2,250.58,Referral
O004984,C0161,P0018,2025-12-12,2,188.5,Email
O004985,C0706,P0019,2025-12-12,2,298.46,Paid
O004986,C0666,P0031,2025-12-12,3,101.91,Email
O004987,C0612,P0030,2025-12-12,3,91.5,Email
O004988,C0456,P0027,2025-12-12,3,85.74,Paid
O004989,C0383,P0032,2025-12-12,3,159.27,Paid
O004990,C0789,P0032,2025-12-12,1,53.09,Paid
O004991,C0313,P0027,2025-12-12,1,28.58,Organic
O004992,C0277,P0014,2025-12-13,1,43.37,Organic
O004993,C0207,P0009,2025-12-13,1,47.25,Paid
O004994,C0045,P0024,2025-12-13,3,94.74,Referral
O004995,C0104,P0018,2025-12-13,3,282.75,Paid
O004996,C0237,P0032,2025-12-13,3,159.27,Paid
O004997,C0058,P0035,2025-12-13,1,118.21,Paid
O004998,C0077,P0033,2025-12-13,2,164.88,Paid
O004999,C0424,P0007,2025-12-13,3,1161.69,Paid
O005000,C0249,P0003,2025-12-13,3,851.94,Paid
O005001,C0792,P0001,2025-12-13,3,1106.34,Email
O005002,C0772,P0002,2025-12-13,3,271.26,Paid
O005003,C0775,P0001,2025-12-13,2,737.56,Paid
O005004,C0071,P0024,2025-12-13,1,31.58,Paid
O005005,C0449,P0020,2025-12-13,1,25.02,Paid
O005006,C0155,P0021,2025-12-13,2,94.08,Paid
O005007,C0642,P0028,2025-12-13,1,19.44,Paid
O005008,C0605,P0030,2025-12-13,3,91.5,Paid
O005009,C0589,P0028,2025-12-13,1,19.44,Organic
O005010,C0451,P0027,2025-12-13,2,57.16,Organic
O005011,C0455,P0036,2025-12-13,1,58.24,Organic
O005012,C0006,P0034,2025-12-13,3,262.47,Organic
O005013,C0680,P0009,2025-12-13,2,94.5,Organic
O005014,C0126,P0012,2025-12-13,3,219.54,Paid
O005015,C0692,P0011,2025-12-13,1,33.98,Organic
O005016,C0083,P0016,2025-12-13,3,92.94,Email
O005017,C0401,P0013,2025-12-13,3,218.67,Organic
O005018,C0350,P0021,2025-12-13,2,94.08,Email
O005019,C0028,P0017,2025-12-13,3,61.68,Email
O005020,C0240,P0031,2025-12-13,3,101.91,Organic
O005021,C0754,P0027,2025-12-13,3,85.74,Paid
O005022,C0092,P0038,2025-12-13,1,111.95,Organic
O005023,C0283,P0037,2025-12-13,2,114.7,Organic
O005024,C0517,P0036,2025-12-13,2,116.48,Organic
O005025,C0414,P0036,2025-12-13,1,58.24,Organic
O005026,C0166,P0033,2025-12-13,1,82.44,Email
O005027,C0470,P0004,2025-12-13,3,999.63,Email
O005028,C0498,P0002,2025-12-13,2,180.84,Email
O005029,C0726,P0016,2025-12-13,2,61.96,Organic
O005030,C0724,P0014,2025-12-13,2,86.74,Email
O005031,C0272,P0015,2025-12-13,1,77.63,Paid
O005032,C0643,P0020,2025-12-13,2,50.04,Organic
O005033,C0731,P0029,2025-12-13,3,59.31,Organic
O005034,C0011,P0025,2025-12-13,3,89.28,Email
O005035,C0693,P0035,2025-12-13,3,354.63,Paid
O005036,C0744,P0039,2025-12-13,1,40.82,Organic
O005037,C0770,P0036,2025-12-13,2,116.48,Email
O005038,C0147,P0035,2025-12-13,2,236.42,Organic
O005039,C0426,P0007,2025-12-14,1,387.23,Paid
O005040,C0774,P0008,2025-12-14,2,270.52,Paid
O005041,C0425,P0009,2025-12-14,3,141.75,Referral
O005042,C0030,P0009,2025-12-14,2,94.5,Paid
O005043,C0136,P0009,2025-12-14,2,94.5,Paid
O005044,C0170,P0010,2025-12-14,3,142.32,Paid
O005045,C0592,P0015,2025-12-14,1,77.63,Paid
O005046,C0638,P0017,2025-12-14,2,41.12,Referral
O005047,C0553,P0024,2025-12-14,3,94.74,Paid
O005048,C0408,P0022,2025-12-14,3,262.38,Organic
O005049,C0322,P0031,2025-12-14,1,33.97,Organic
O005050,C0340,P0030,2025-12-14,1,30.5,Referral
O005051,C0721,P0036,2025-12-14,3,174.72,Organic
O005052,C0205,P0037,2025-12-14,2,114.7,Paid
O005053,C0371,P0036,2025-12-14,2,116.48,Organic
O005054,C0107,P0038,2025-12-14,2,223.9,Email
O005055,C0728,P0008,2025-12-14,3,405.78,Paid
O005056,C0794,P0007,2025-12-14,3,1161.69,Referral
O005057,C0609,P0004,2025-12-14,2,666.42,Email
O005058,C0728,P0006,2025-12-14,3,418.29,Organic
O005059,C0014,P0010,2025-12-14,3,142.32,Organic
O005060,C0641,P0011,2025-12-14,2,67.96,Paid
O005061,C0672,P0011,2025-12-14,1,33.98,Organic
O005062,C0605,P0013,2025-12-14,3,218.67,Paid
O005063,C0223,P0024,2025-12-14,1,31.58,Paid
O005064,C0446,P0019,2025-12-14,1,149.23,Organic
O005065,C0466,P0018,2025-12-14,2,188.5,Organic
O005066,C0420,P0018,2025-12-14,1,94.25,Paid
O005067,C0446,P0032,2025-12-14,2,106.18,Organic
O005068,C0534,P0033,2025-12-14,3,247.32,Paid
O005069,C0449,P0038,2025-12-14,3,335.85,Email
O005070,C0258,P0039,2025-12-14,1,40.82,Organic
O005071,C0159,P0034,2025-12-14,2,174.98,Referral
O005072,C0279,P0039,2025-12-14,3,122.46,Organic
O005073,C0642,P0036,2025-12-14,1,58.24,Email
O005074,C0588,P0001,2025-12-14,3,1106.34,Paid
O005075,C0387,P0007,2025-12-14,2,774.46,Organic
O005076,C0709,P0015,2025-12-14,1,77.63,Paid
O005077,C0108,P0015,2025-12-14,1,77.63,Organic
O005078,C0742,P0009,2025-12-14,3,141.75,Organic
O005079,C0436,P0022,2025-12-14,2,174.92,Organic
O005080,C0327,P0017,2025-12-14,3,61.68,Email
O005081,C0462,P0019,2025-12-14,3,447.69,Email
O005082,C0359,P0031,2025-12-14,3,101.91,Paid
O005083,C0360,P0025,2025-12-14,2,59.52,Email
O005084,C0462,P0025,2025-12-14,1,29.76,Referral
O005085,C0680,P0039,2025-12-14,1,40.82,Organic
O005086,C0080,P0035,2025-12-14,2,236.42,Organic
O005087,C0763,P0036,2025-12-14,1,58.24,Organic
O005088,C0339,P0006,2025-12-14,1,139.43,Paid
O005089,C0121,P0005,2025-12-14,1,124.69,Referral
O005090,C0164,P0007,2025-12-14,1,387.23,Organic
O005091,C0179,P0007,2025-12-14,2,774.46,Paid
O005092,C0261,P0017,2025-12-14,3,61.68,Organic
O005093,C0558,P0021,2025-12-14,3,141.12,Organic
O005094,C0150,P0032,2025-12-14,1,53.09,Organic
O005095,C0265,P0029,2025-12-14,3,59.31,Paid
O005096,C0552,P0038,2025-12-14,3,335.85,Paid
O005097,C0402,P0035,2025-12-14,1,118.21,Organic
O005098,C0458,P0039,2025-12-14,1,40.82,Referral
O005099,C0658,P0005,2025-12-15,1,124.69,Paid
O005100,C0464,P0013,2025-12-15,3,218.67,Organic
O005101,C0209,P0009,2025-12-15,2,94.5,Organic
O005102,C0369,P0023,2025-12-15,2,250.58,Organic
O005103,C0207,P0019,2025-12-15,2,298.46,Email
O005104,C0352,P0018,2025-12-15,3,282.75,Organic
O005105,C0523,P0026,2025-12-15,1,47.35,Organic
O005106,C0347,P0040,2025-12-15,1,91.63,Organic
O005107,C0237,P0037,2025-12-15,1,57.35,Organic
O005108,C0364,P0037,2025-12-15,1,57.35,Paid
O005109,C0029,P0013,2025-12-15,2,145.78,Paid
O005110,C0635,P0009,2025-12-15,2,94.5,Organic
O005111,C0645,P0009,2025-12-15,1,47.25,Paid
O005112,C0113,P0021,2025-12-15,2,94.08,Organic
O005113,C0764,P0018,2025-12-15,2,188.5,Organic
O005114,C0519,P0021,2025-12-15,1,47.04,Email
O005115,C0518,P0020,2025-12-15,3,75.06,Organic
O005116,C0374,P0018,2025-12-15,3,282.75,Referral
O005117,C0291,P0027,2025-12-15,1,28.58,Paid
O005118,C0795,P0028,2025-12-15,3,58.32,Organic
O005119,C0249,P0040,2025-12-15,2,183.26,Referral
O005120,C0622,P0039,2025-12-15,2,81.64,Organic
O005121,C0596,P0035,2025-12-15,2,236.42,Email
O005122,C0223,P0036,2025-12-15,1,58.24,Organic
O005123,C0578,P0004,2025-12-15,1,333.21,Referral
O005124,C0588,P0004,2025-12-15,1,333.21,Referral
O005125,C0253,P0007,2025-12-15,3,1161.69,Email
O005126,C0247,P0006,2025-12-15,2,278.86,Organic
O005127,C0321,P0014,2025-12-15,1,43.37,Email
O005128,C0240,P0022,2025-12-15,2,174.92,Organic
O005129,C0143,P0022,2025-12-15,2,174.92,Paid
O005130,C0327,P0027,2025-12-15,3,85.74,Organic
O005131,C0299,P0028,2025-12-15,1,19.44,Organic
O005132,C0481,P0026,2025-12-15,1,47.35,Organic
O005133,C0166,P0031,2025-12-15,1,33.97,Referral
O005134,C0418,P0030,2025-12-15,3,91.5,Organic
O005135,C0787,P0031,2025-12-15,1,33.97,Organic
O005136,C0183,P0038,2025-12-15,1,111.95,Referral
O005137,C0061,P0037,2025-12-15,3,172.05,Email
O005138,C0083,P0040,2025-12-15,2,183.26,Organic
O005139,C0678,P0003,2025-12-15,1,283.98,Organic
O005140,C0695,P0004,2025-12-15,2,666.42,Referral
O005141,C0161,P0007,2025-12-15,2,774.46,Paid
O005142,C0666,P0006,2025-12-15,3,418.29,Email
O005143,C0636,P0010,2025-12-15,1,47.44,Organic
O005144,C0314,P0024,2025-12-15,1,31.58,Organic
O005145,C0552,P0024,2025-12-15,2,63.16,Email
O005146,C0770,P0017,2025-12-15,1,20.56,Paid
O005147,C0720,P0023,2025-12-15,2,250.58,Organic
O005148,C0300,P0019,2025-12-15,3,447.69,Organic
O005149,C0358,P0029,2025-12-15,1,19.77,Email
O005150,C0500,P0035,2025-12-15,1,118.21,Organic
O005151,C0442,P0033,2025-12-15,1,82.44,Organic
O005152,C0695,P0035,2025-12-15,2,236.42,Organic
O005153,C0357,P0038,2025-12-15,1,111.95,Organic
O005154,C0426,P0007,2025-12-16,1,387.23,Organic
O005155,C0611,P0007,2025-12-16,1,387.23,Organic
O005156,C0671,P0001,2025-12-16,2,737.56,Referral
O005157,C0723,P0005,2025-12-16,3,374.07,Organic
O005158,C0141,P0002,2025-12-16,3,271.26,Organic
O005159,C0477,P0003,2025-12-16,1,283.98,Organic
O005160,C0228,P0008,2025-12-16,2,270.52,Paid
O005161,C0380,P0009,2025-12-16,1,47.25,Referral
O005162,C0226,P0019,2025-12-16,1,149.23,Email
O005163,C0685,P0025,2025-12-16,1,29.76,Organic
O005164,C0510,P0026,2025-12-16,3,142.05,Organic
O005165,C0721,P0031,2025-12-16,3,101.91,Email
O005166,C0570,P0034,2025-12-16,2,174.98,Email
O005167,C0723,P0036,2025-12-16,1,58.24,Organic
O005168,C0486,P0003,2025-12-16,1,283.98,Organic
O005169,C0560,P0003,2025-12-16,1,283.98,Paid
O005170,C0412,P0023,2025-12-16,1,125.29,Paid
O005171,C0297,P0018,2025-12-16,1,94.25,Organic
O005172,C0017,P0021,2025-12-16,2,94.08,Paid
O005173,C0158,P0018,2025-12-16,3,282.75,Email
O005174,C0563,P0024,2025-12-16,1,31.58,Organic
O005175,C0545,P0030,2025-12-16,3,91.5,Paid
O005176,C0547,P0032,2025-12-16,3,159.27,Paid
O005177,C0518,P0027,2025-12-16,3,85.74,Organic
O005178,C0451,P0026,2025-12-16,2,94.7,Referral
O005179,C0258,P0036,2025-12-16,2,116.48,Organic
O005180,C0089,P0036,2025-12-16,1,58.24,Organic
O005181,C0455,P0034,2025-12-16,3,262.47,Referral
O005182,C0134,P0040,2025-12-16,2,183.26,Email
O005183,C0677,P0033,2025-12-16,1,82.44,Email
O005184,C0124,P0008,2025-12-16,2,270.52,Email
O005185,C0138,P0001,2025-12-16,1,368.78,Email
O005186,C0754,P0003,2025-12-16,1,283.98,Paid
O005187,C0588,P0011,2025-12-16,1,33.98,Email
O005188,C0233,P0022,2025-12-16,3,262.38,Organic
O005189,C0680,P0017,2025-12-16,1,20.56,Email
O005190,C0240,P0025,2025-12-16,3,89.28,Referral
O005191,C0465,P0034,2025-12-16,3,262.47,Paid
O005192,C0725,P0039,2025-12-16,1,40.82,Paid
O005193,C0206,P0039,2025-12-16,3,122.46,Email
O005194,C0667,P0039,2025-12-16,1,40.82,Paid
O005195,C0092,P0040,2025-12-16,1,91.63,Email
O005196,C0727,P0004,2025-12-16,2,666.42,Paid
O005197,C0478,P0005,2025-12-16,2,249.38,Organic
O005198,C0636,P0002,2025-12-16,1,90.42,Organic
O005199,C0118,P0016,2025-12-16,3,92.94,Email
O005200,C0798,P0022,2025-12-16,1,87.46,Paid
O005201,C0173,P0019,2025-12-16,3,447.69,Email
O005202,C0705,P0023,2025-12-16,1,125.29,Paid
O005203,C0736,P0019,2025-12-16,1,149.23,Paid
O005204,C0695,P0022,2025-12-16,2,174.92,Email
O005205,C0716,P0028,2025-12-16,2,38.88,Paid
O005206,C0798,P0028,2025-12-16,3,58.32,Organic
O005207,C0591,P0026,2025-12-16,1,47.35,Organic
O005208,C0051,P0033,2025-12-16,3,247.32,Organic
O005209,C0224,P0037,2025-12-16,2,114.7,Organic
O005210,C0050,P0004,2025-12-17,2,666.42,Paid
O005211,C0746,P0001,2025-12-17,2,737.56,Organic
O005212,C0382,P0007,2025-12-17,3,1161.69,Paid
O005213,C0019,P0014,2025-12-17,3,130.11,Paid
O005214,C0377,P0014,2025-12-17,1,43.37,Organic
O005215,C0592,P0023,2025-12-17,1,125.29,Organic
O005216,C0463,P0019,2025-12-17,2,298.46,Organic
O005217,C0212,P0023,2025-12-17,2,250.58,Email
O005218,C0377,P0022,2025-12-17,1,87.46,Paid
O005219,C0100,P0025,2025-12-17,3,89.28,Organic
O005220,C0122,P0025,2025-12-17,1,29.76,Paid
O005221,C0294,P0038,2025-12-17,2,223.9,Organic
O005222,C0482,P0038,2025-12-17,1,111.95,Organic
O005223,C0686,P0033,2025-12-17,3,247.32,Organic
O005224,C0756,P0040,2025-12-17,3,274.89,Paid
O005225,C0403,P0039,2025-12-17,3,122.46,Organic
O005226,C0776,P0040,2025-12-17,1,91.63,Email
O005227,C0218,P0033,2025-12-17,3,247.32,Organic
O005228,C0463,P0034,2025-12-17,2,174.98,Organic
O005229,C0486,P0007,2025-12-17,1,387.23,Organic
O005230,C0018,P0017,2025-12-17,3,61.68,Email
O005231,C0608,P0017,2025-12-17,3,61.68,Paid
O005232,C0331,P0022,2025-12-17,1,87.46,Organic
O005233,C0417,P0020,2025-12-17,1,25.02,Paid
O005234,C0056,P0024,2025-12-17,2,63.16,Paid
O005235,C0764,P0032,2025-12-17,2,106.18,Paid
O005236,C0569,P0026,2025-12-17,3,142.05,Paid
O005237,C0239,P0037,2025-12-17,2,114.7,Email
O005238,C0167,P0006,2025-12-17,3,418.29,Paid
O005239,C0496,P0013,2025-12-17,3,218.67,Organic
O005240,C0359,P0014,2025-12-17,3,130.11,Organic
O005241,C0197,P0015,2025-12-17,1,77.63,Email
O005242,C0233,P0015,2025-12-17,3,232.89,Email
O005243,C0404,P0012,2025-12-17,1,73.18,Organic
O005244,C0513,P0018,2025-12-17,2,188.5,Paid
O005245,C0481,P0019,2025-12-17,3,447.69,Organic
O005246,C0660,P0031,2025-12-17,3,101.91,Paid
O005247,C0517,P0030,2025-12-17,3,91.5,Organic
O005248,C0102,P0035,2025-12-17,3,354.63,Organic
O005249,C0733,P0039,2025-12-17,2,81.64,Paid
O005250,C0313,P0002,2025-12-17,3,271.26,Paid
O005251,C0584,P0003,2025-12-17,2,567.96,Paid
O005252,C0800,P0007,2025-12-17,1,387.23,Organic
O005253,C0302,P0011,2025-12-17,2,67.96,Referral
O005254,C0448,P0015,2025-12-17,2,155.26,Referral
O005255,C0230,P0015,2025-12-17,2,155.26,Organic
O005256,C0643,P0013,2025-12-17,1,72.89,Paid
O005257,C0673,P0009,2025-12-17,1,47.25,Organic
O005258,C0696,P0016,2025-12-17,3,92.94,Organic
O005259,C0072,P0019,2025-12-17,3,447.69,Paid
O005260,C0469,P0019,2025-12-17,2,298.46,Email
O005261,C0511,P0039,2025-12-17,3,122.46,Email
O005262,C0045,P0010,2025-12-18,1,47.44,Paid
O005263,C0671,P0009,2025-12-18,1,47.25,Organic
O005264,C0386,P0014,2025-12-18,1,43.37,Organic
O005265,C0219,P0016,2025-12-18,2,61.96,Paid
O005266,C0433,P0024,2025-12-18,2,63.16,Organic
O005267,C0225,P0024,2025-12-18,3,94.74,Organic
O005268,C0619,P0017,2025-12-18,2,41.12,Organic
O005269,C0759,P0020,2025-12-18,3,75.06,Email
O005270,C0708,P0025,2025-12-18,2,59.52,Paid
O005271,C0081,P0025,2025-12-18,3,89.28,Organic
O005272,C0671,P0032,2025-12-18,1,53.09,Organic
O005273,C0685,P0037,2025-12-18,3,172.05,Organic
O005274,C0035,P0040,2025-12-18,1,91.63,Paid
O005275,C0116,P0034,2025-12-18,2,174.98,Paid
O005276,C0560,P0007,2025-12-18,3,1161.69,Paid
O005277,C0519,P0008,2025-12-18,3,405.78,Organic
O005278,C0291,P0003,2025-12-18,1,283.98,Organic
O005279,C0060,P0007,2025-12-18,2,774.46,Paid
O005280,C0160,P0012,2025-12-18,2,146.36,Paid
O005281,C0185,P0015,2025-12-18,3,232.89,Paid
O005282,C0073,P0012,2025-12-18,3,219.54,Organic
O005283,C0569,P0027,2025-12-18,2,57.16,Organic
O005284,C0750,P0028,2025-12-18,3,58.32,Organic
O005285,C0178,P0027,2025-12-18,3,85.74,Organic
O005286,C0645,P0027,2025-12-18,2,57.16,Paid
O005287,C0060,P0037,2025-12-18,2,114.7,Paid
O005288,C0494,P0037,2025-12-18,3,172.05,Organic
O005289,C0580,P0038,2025-12-18,1,111.95,Paid
O005290,C0517,P0002,2025-12-18,3,271.26,Paid
O005291,C0387,P0010,2025-12-18,2,94.88,Organic
O005292,C0742,P0018,2025-12-18,2,188.5,Paid
O005293,C0360,P0027,2025-12-18,1,28.58,Referral
O005294,C0176,P0026,2025-12-18,1,47.35,Organic
O005295,C0476,P0030,2025-12-18,2,61.0,Paid
O005296,C0183,P0035,2025-12-18,2,236.42,Paid
O005297,C0692,P0034,2025-12-18,1,87.49,Referral
O005298,C0602,P0001,2025-12-18,3,1106.34,Organic
O005299,C0584,P0007,2025-12-18,1,387.23,Organic
O005300,C0090,P0004,2025-12-18,3,999.63,Paid
O005301,C0303,P0009,2025-12-18,2,94.5,Paid
O005302,C0498,P0017,2025-12-18,2,41.12,Organic
O005303,C0724,P0023,2025-12-18,1,125.29,Organic
O005304,C0224,P0024,2025-12-18,2,63.16,Organic
O005305,C0272,P0021,2025-12-18,1,47.04,Email
O005306,C0419,P0022,2025-12-18,2,174.92,Organic
O005307,C0164,P0022,2025-12-18,1,87.46,Email
O005308,C0288,P0025,2025-12-18,3,89.28,Organic
O005309,C0320,P0025,2025-12-18,3,89.28,Organic
O005310,C0789,P0032,2025-12-18,2,106.18,Organic
O005311,C0478,P0030,2025-12-18,1,30.5,Organic
O005312,C0304,P0030,2025-12-18,3,91.5,Organic
O005313,C0263,P0003,2025-12-19,3,851.94,Organic
O005314,C0729,P0016,2025-12-19,1,30.98,Paid
O005315,C0292,P0010,2025-12-19,1,47.44,Referral
O005316,C0618,P0012,2025-12-19,3,219.54,Organic
O005317,C0579,P0012,2025-12-19,1,73.18,Paid
O005318,C0570,P0024,2025-12-19,2,63.16,Referral
O005319,C0215,P0024,2025-12-19,1,31.58,Paid
O005320,C0128,P0032,2025-12-19,2,106.18,Paid
O005321,C0618,P0028,2025-12-19,1,19.44,Paid
O005322,C0549,P0026,2025-12-19,2,94.7,Referral
O005323,C0685,P0027,2025-12-19,1,28.58,Paid
O005324,C0755,P0025,2025-12-19,1,29.76,Paid
O005325,C0382,P0025,2025-12-19,1,29.76,Paid
O005326,C0239,P0001,2025-12-19,1,368.78,Paid
O005327,C0441,P0002,2025-12-19,3,271.26,Paid
O005328,C0204,P0005,2025-12-19,3,374.07,Paid
O005329,C0641,P0006,2025-12-19,3,418.29,Paid
O005330,C0641,P0010,2025-12-19,2,94.88,Organic
O005331,C0113,P0012,2025-12-19,1,73.18,Organic
O005332,C0480,P0014,2025-12-19,3,130.11,Email
O005333,C0672,P0019,2025-12-19,2,298.46,Paid
O005334,C0622,P0021,2025-12-19,2,94.08,Paid
O005335,C0766,P0023,2025-12-19,1,125.29,Paid
O005336,C0466,P0018,2025-12-19,3,282.75,Email
O005337,C0276,P0026,2025-12-19,2,94.7,Organic
O005338,C0326,P0025,2025-12-19,2,59.52,Referral
O005339,C0308,P0033,2025-12-19,3,247.32,Organic
O005340,C0031,P0012,2025-12-19,2,146.36,Paid
O005341,C0283,P0012,2025-12-19,2,146.36,Organic
O005342,C0211,P0012,2025-12-19,1,73.18,Organic
O005343,C0540,P0018,2025-12-19,3,282.75,Email
O005344,C0115,P0029,2025-12-19,1,19.77,Organic
O005345,C0431,P0029,2025-12-19,1,19.77,Organic
O005346,C0401,P0027,2025-12-19,3,85.74,Paid
O005347,C0705,P0002,2025-12-19,3,271.26,Organic
O005348,C0562,P0001,2025-12-19,3,1106.34,Paid
O005349,C0511,P0014,2025-12-19,2,86.74,Paid
O005350,C0558,P0014,2025-12-19,1,43.37,Email
O005351,C0612,P0019,2025-12-19,2,298.46,Paid
O005352,C0798,P0018,2025-12-19,1,94.25,Organic
O005353,C0229,P0017,2025-12-19,3,61.68,Paid
O005354,C0702,P0031,2025-12-19,2,67.94,Email
O005355,C0296,P0031,2025-12-19,1,33.97,Email
O005356,C0753,P0031,2025-12-19,3,101.91,Paid
O005357,C0693,P0035,2025-12-19,2,236.42,Paid
O005358,C0434,P0035,2025-12-19,1,118.21,Organic
O005359,C0218,P0005,2025-12-20,1,124.69,Organic
O005360,C0408,P0006,2025-12-20,2,278.86,Organic
O005361,C0406,P0016,2025-12-20,1,30.98,Organic
O005362,C0638,P0015,2025-12-20,2,155.26,Organic
O005363,C0097,P0026,2025-12-20,3,142.05,Organic
O005364,C0616,P0032,2025-12-20,2,106.18,Organic
O005365,C0107,P0031,2025-12-20,3,101.91,Email
O005366,C0212,P0026,2025-12-20,2,94.7,Organic
O005367,C0649,P0031,2025-12-20,2,67.94,Paid
O005368,C0776,P0032,2025-12-20,3,159.27,Organic
O005369,C0662,P0033,2025-12-20,1,82.44,Email
O005370,C0190,P0001,2025-12-20,1,368.78,Email
O005371,C0646,P0006,2025-12-20,3,418.29,Paid
O005372,C0056,P0004,2025-12-20,1,333.21,Paid
O005373,C0687,P0014,2025-12-20,3,130.11,Paid
O005374,C0006,P0013,2025-12-20,1,72.89,Organic
O005375,C0285,P0014,2025-12-20,3,130.11,Organic
O005376,C0006,P0018,2025-12-20,2,188.5,Organic
O005377,C0370,P0024,2025-12-20,1,31.58,Organic
O005378,C0047,P0018,2025-12-20,2,188.5,Organic
O005379,C0455,P0026,2025-12-20,2,94.7,Email
O005380,C0480,P0029,2025-12-20,2,39.54,Organic
O005381,C0379,P0032,2025-12-20,2,106.18,Email
O005382,C0587,P0028,2025-12-20,2,38.88,Paid
O005383,C0180,P0039,2025-12-20,1,40.82,Paid
O005384,C0391,P0036,2025-12-20,3,174.72,Email
O005385,C0245,P0003,2025-12-20,2,567.96,Paid
O005386,C0414,P0008,2025-12-20,3,405.78,Referral
O005387,C0499,P0016,2025-12-20,1,30.98,Referral
O005388,C0330,P0012,2025-12-20,2,146.36,Organic
O005389,C0588,P0017,2025-12-20,3,61.68,Organic
O005390,C0509,P0017,2025-12-20,3,61.68,Paid
O005391,C0033,P0025,2025-12-20,2,59.52,Organic
O005392,C0607,P0032,2025-12-20,3,159.27,Email
O005393,C0283,P0027,2025-12-20,1,28.58,Organic
O005394,C0176,P0035,2025-12-20,3,354.63,Organic
O005395,C0183,P0037,2025-12-20,2,114.7,Organic
O005396,C0117,P0005,2025-12-20,2,249.38,Organic
O005397,C0643,P0016,2025-12-20,2,61.96,Organic
O005398,C0161,P0009,2025-12-20,2,94.5,Organic
O005399,C0069,P0022,2025-12-20,1,87.46,Organic
O005400,C0375,P0021,2025-12-20,1,47.04,Organic
O005401,C0311,P0030,2025-12-20,2,61.0,Paid
O005402,C0432,P0027,2025-12-20,2,57.16,Paid
O005403,C0117,P0025,2025-12-20,1,29.76,Organic
O005404,C0568,P0036,2025-12-20,2,116.48,Email
O005405,C0448,P0038,2025-12-20,3,335.85,Organic
O005406,C0313,P0038,2025-12-20,3,335.85,Organic
O005407,C0468,P0040,2025-12-20,2,183.26,Email
O005408,C0296,P0039,2025-12-20,1,40.82,Paid
O005409,C0487,P0004,2025-12-21,3,999.63,Paid
O005410,C0756,P0002,2025-12-21,1,90.42,Organic
O005411,C0015,P0014,2025-12-21,1,43.37,Paid
O005412,C0188,P0011,2025-12-21,3,101.94,Paid
O005413,C0268,P0019,2025-12-21,2,298.46,Email
O005414,C0262,P0018,2025-12-21,2,188.5,Organic
O005415,C0128,P0026,2025-12-21,2,94.7,Paid
O005416,C0298,P0027,2025-12-21,3,85.74,Organic
O005417,C0015,P0027,2025-12-21,1,28.58,Paid
O005418,C0576,P0039,2025-12-21,1,40.82,Organic
O005419,C0073,P0006,2025-12-21,1,139.43,Paid
O005420,C0675,P0008,2025-12-21,3,405.78,Paid
O005421,C0454,P0013,2025-12-21,1,72.89,Organic
O005422,C0160,P0011,2025-12-21,3,101.94,Organic
O005423,C0609,P0016,2025-12-21,1,30.98,Organic
O005424,C0326,P0013,2025-12-21,1,72.89,Referral
O005425,C0773,P0010,2025-12-21,2,94.88,Organic
O005426,C0587,P0024,2025-12-21,1,31.58,Referral
O005427,C0047,P0030,2025-12-21,3,91.5,Organic
O005428,C0466,P0033,2025-12-21,3,247.32,Paid
O005429,C0245,P0003,2025-12-21,3,851.94,Email
O005430,C0515,P0001,2025-12-21,3,1106.34,Organic
O005431,C0167,P0007,2025-12-21,2,774.46,Referral
O005432,C0234,P0005,2025-12-21,1,124.69,Paid
O005433,C0028,P0001,2025-12-21,3,1106.34,Organic
O005434,C0167,P0013,2025-12-21,2,145.78,Organic
O005435,C0330,P0009,2025-12-21,2,94.5,Paid
O005436,C0031,P0016,2025-12-21,2,61.96,Referral
O005437,C0095,P0009,2025-12-21,3,141.75,Email
O005438,C0330,P0009,2025-12-21,3,141.75,Paid
O005439,C0601,P0018,2025-12-21,1,94.25,Organic
O005440,C0028,P0021,2025-12-21,2,94.08,Email
O005441,C0387,P0018,2025-12-21,1,94.25,Organic
O005442,C0410,P0029,2025-12-21,1,19.77,Organic
O005443,C0211,P0039,2025-12-21,1,40.82,Organic
O005444,C0607,P0033,2025-12-21,2,164.88,Referral
O005445,C0305,P0035,2025-12-21,2,236.42,Organic
O005446,C0004,P0007,2025-12-21,3,1161.69,Paid
O005447,C0704,P0014,2025-12-21,1,43.37,Paid
O005448,C0118,P0009,2025-12-21,3,141.75,Paid
O005449,C0023,P0011,2025-12-21,2,67.96,Organic
O005450,C0173,P0017,2025-12-21,1,20.56,Paid
O005451,C0051,P0020,2025-12-21,3,75.06,Referral
O005452,C0558,P0031,2025-12-21,3,101.91,Organic
O005453,C0612,P0039,2025-12-21,1,40.82,Email
O005454,C0478,P0037,2025-12-21,3,172.05,Paid
O005455,C0334,P0033,2025-12-21,1,82.44,Paid
O005456,C0442,P0035,2025-12-21,1,118.21,Email
O005457,C0342,P0002,2025-12-22,1,90.42,Organic
O005458,C0292,P0001,2025-12-22,1,368.78,Organic
O005459,C0169,P0014,2025-12-22,3,130.11,Paid
O005460,C0209,P0021,2025-12-22,3,141.12,Referral
O005461,C0114,P0020,2025-12-22,1,25.02,Organic
O005462,C0626,P0017,2025-12-22,1,20.56,Paid
O005463,C0406,P0020,2025-12-22,2,50.04,Paid
O005464,C0611,P0019,2025-12-22,2,298.46,Email
O005465,C0100,P0031,2025-12-22,2,67.94,Organic
O005466,C0144,P0028,2025-12-22,3,58.32,Organic
O005467,C0464,P0030,2025-12-22,2,61.0,Organic
O005468,C0396,P0039,2025-12-22,3,122.46,Organic
O005469,C0228,P0035,2025-12-22,3,354.63,Organic
O005470,C0586,P0006,2025-12-22,2,278.86,Email
O005471,C0441,P0001,2025-12-22,3,1106.34,Organic
O005472,C0190,P0011,2025-12-22,3,101.94,Email
O005473,C0795,P0013,2025-12-22,3,218.67,Organic
O005474,C0008,P0015,2025-12-22,3,232.89,Organic
O005475,C0728,P0025,2025-12-22,2,59.52,Paid
O005476,C0353,P0030,2025-12-22,2,61.0,Referral
O005477,C0575,P0033,2025-12-22,1,82.44,Organic
O005478,C0465,P0005,2025-12-22,3,374.07,Paid
O005479,C0034,P0009,2025-12-22,1,47.25,Paid
O005480,C0401,P0018,2025-12-22,3,282.75,Organic
O005481,C0440,P0018,2025-12-22,3,282.75,Organic
O005482,C0506,P0025,2025-12-22,1,29.76,Organic
O005483,C0299,P0031,2025-12-22,2,67.94,Organic
O005484,C0166,P0031,2025-12-22,2,67.94,Paid
O005485,C0350,P0040,2025-12-22,3,274.89,Paid
O005486,C0387,P0036,2025-12-22,2,116.48,Email
O005487,C0726,P0003,2025-12-22,3,851.94,Referral
O005488,C0531,P0002,2025-12-22,1,90.42,Organic
O005489,C0783,P0001,2025-12-22,1,368.78,Organic
O005490,C0702,P0002,2025-12-22,3,271.26,Organic
O005491,C0744,P0010,2025-12-22,1,47.44,Paid
O005492,C0715,P0009,2025-12-22,1,47.25,Email
O005493,C0448,P0011,2025-12-22,2,67.96,Referral
O005494,C0252,P0014,2025-12-22,1,43.37,Organic
O005495,C0475,P0022,2025-12-22,3,262.38,Paid
O005496,C0584,P0017,2025-12-22,1,20.56,Organic
O005497,C0698,P0032,2025-12-22,1,53.09,Paid
O005498,C0500,P0029,2025-12-22,1,19.77,Organic
O005499,C0311,P0025,2025-12-22,3,89.28,Organic
O005500,C0358,P0026,2025-12-22,2,94.7,Paid
O005501,C0272,P0029,2025-12-22,1,19.77,Organic
O005502,C0771,P0038,2025-12-22,2,223.9,Paid
O005503,C0437,P0040,2025-12-22,2,183.26,Email
O005504,C0192,P0037,2025-12-22,3,172.05,Email
O005505,C0221,P0033,2025-12-22,2,164.88,Email
O005506,C0479,P0037,2025-12-22,3,172.05,Referral
O005507,C0620,P0006,2025-12-23,1,139.43,Organic
O005508,C0122,P0005,2025-12-23,1,124.69,Email
O005509,C0729,P0002,2025-12-23,3,271.26,Paid
O005510,C0722,P0003,2025-12-23,3,851.94,Paid
O005511,C0638,P0003,2025-12-23,1,283.98,Organic
O005512,C0205,P0013,2025-12-23,3,218.67,Organic
O005513,C0268,P0009,2025-12-23,2,94.5,Organic
O005514,C0399,P0012,2025-12-23,1,73.18,Referral
O005515,C0077,P0023,2025-12-23,1,125.29,Organic
O005516,C0322,P0018,2025-12-23,1,94.25,Paid
O005517,C0721,P0017,2025-12-23,2,41.12,Organic
O005518,C0403,P0028,2025-12-23,2,38.88,Organic
O005519,C0218,P0037,2025-12-23,1,57.35,Organic
O005520,C0388,P0040,2025-12-23,2,183.26,Email
O005521,C0596,P0004,2025-12-23,1,333.21,Organic
O005522,C0060,P0012,2025-12-23,2,146.36,Organic
O005523,C0412,P0012,2025-12-23,1,73.18,Paid
O005524,C0687,P0016,2025-12-23,3,92.94,Referral
O005525,C0178,P0019,2025-12-23,3,447.69,Paid
O005526,C0204,P0017,2025-12-23,3,61.68,Organic
O005527,C0677,P0018,2025-12-23,2,188.5,Paid
O005528,C0249,P0021,2025-12-23,2,94.08,Email
O005529,C0115,P0004,2025-12-23,2,666.42,Referral
O005530,C0327,P0016,2025-12-23,3,92.94,Organic
O005531,C0607,P0024,2025-12-23,3,94.74,Organic
O005532,C0787,P0018,2025-12-23,2,188.5,Organic
O005533,C0315,P0019,2025-12-23,2,298.46,Organic
O005534,C0165,P0030,2025-12-23,2,61.0,Email
O005535,C0108,P0038,2025-12-23,2,223.9,Paid
O005536,C0422,P0035,2025-12-23,2,236.42,Referral
O005537,C0695,P0005,2025-12-23,1,124.69,Paid
O005538,C0695,P0005,2025-12-23,2,249.38,Organic
O005539,C0693,P0002,2025-12-23,3,271.26,Paid
O005540,C0221,P0011,2025-12-23,1,33.98,Organic
O005541,C0264,P0016,2025-12-23,2,61.96,Paid
O005542,C0096,P0015,2025-12-23,2,155.26,Paid
O005543,C0375,P0010,2025-12-23,2,94.88,Organic
O005544,C0140,P0024,2025-12-23,3,94.74,Paid
O005545,C0173,P0021,2025-12-23,2,94.08,Paid
O005546,C0442,P0021,2025-12-23,2,94.08,Organic
O005547,C0311,P0019,2025-12-23,1,149.23,Organic
O005548,C0173,P0017,2025-12-23,1,20.56,Email
O005549,C0771,P0031,2025-12-23,3,101.91,Email
O005550,C0395,P0034,2025-12-23,1,87.49,Organic
O005551,C0199,P0040,2025-12-23,3,274.89,Paid
O005552,C0758,P0035,2025-12-23,2,236.42,Referral
O005553,C0281,P0005,2025-12-24,3,374.07,Organic
O005554,C0100,P0008,2025-12-24,1,135.26,Organic
O005555,C0406,P0002,2025-12-24,1,90.42,Paid
O005556,C0510,P0011,2025-12-24,1,33.98,Organic
O005557,C0045,P0015,2025-12-24,2,155.26,Paid
O005558,C0472,P0016,2025-12-24,1,30.98,Paid
O005559,C0776,P0019,2025-12-24,1,149.23,Referral
O005560,C0292,P0017,2025-12-24,1,20.56,Referral
O005561,C0141,P0027,2025-12-24,1,28.58,Paid
O005562,C0459,P0031,2025-12-24,1,33.97,Paid
O005563,C0369,P0027,2025-12-24,3,85.74,Email
O005564,C0796,P0025,2025-12-24,2,59.52,Organic
O005565,C0406,P0034,2025-12-24,3,262.47,Organic
O005566,C0295,P0037,2025-12-24,1,57.35,Organic
O005567,C0159,P0002,2025-12-24,1,90.42,Paid
O005568,C0528,P0020,2025-12-24,2,50.04,Paid
O005569,C0249,P0024,2025-12-24,1,31.58,Organic
O005570,C0125,P0029,2025-12-24,2,39.54,Organic
O005571,C0089,P0037,2025-12-24,2,114.7,Organic
O005572,C0056,P0035,2025-12-24,3,354.63,Organic
O005573,C0440,P0003,2025-12-24,3,851.94,Organic
O005574,C0400,P0003,2025-12-24,1,283.98,Referral
O005575,C0211,P0019,2025-12-24,2,298.46,Organic
O005576,C0031,P0031,2025-12-24,3,101.91,Paid
O005577,C0138,P0028,2025-12-24,2,38.88,Organic
O005578,C0211,P0039,2025-12-24,2,81.64,Organic
O005579,C0009,P0034,2025-12-24,1,87.49,Organic
O005580,C0757,P0035,2025-12-24,1,118.21,Paid
O005581,C0730,P0001,2025-12-24,3,1106.34,Paid
O005582,C0469,P0006,2025-12-24,2,278.86,Email
O005583,C0358,P0001,2025-12-24,2,737.56,Organic
O005584,C0585,P0023,2025-12-24,2,250.58,Organic
O005585,C0558,P0020,2025-12-24,1,25.02,Organic
O005586,C0698,P0029,2025-12-24,2,39.54,Email
O005587,C0339,P0030,2025-12-24,2,61.0,Paid
O005588,C0023,P0031,2025-12-24,3,101.91,Organic
O005589,C0636,P0027,2025-12-24,3,85.74,Paid
O005590,C0555,P0036,2025-12-24,3,174.72,Email
O005591,C0339,P0039,2025-12-24,3,122.46,Referral
O005592,C0693,P0038,2025-12-24,2,223.9,Organic
O005593,C0425,P0007,2025-12-25,3,1161.69,Paid
O005594,C0551,P0009,2025-12-25,2,94.5,Organic
O005595,C0144,P0012,2025-12-25,3,219.54,Paid
O005596,C0482,P0021,2025-12-25,1,47.04,Organic
O005597,C0714,P0018,2025-12-25,1,94.25,Referral
O005598,C0263,P0022,2025-12-25,1,87.46,Email
O005599,C0796,P0023,2025-12-25,3,375.87,Email
O005600,C0268,P0030,2025-12-25,3,91.5,Organic
O005601,C0435,P0028,2025-12-25,3,58.32,Paid
O005602,C0428,P0032,2025-12-25,1,53.09,Email
O005603,C0020,P0029,2025-12-25,1,19.77,Organic
O005604,C0722,P0035,2025-12-25,2,236.42,Paid
O005605,C0030,P0036,2025-12-25,1,58.24,Paid
O005606,C0408,P0037,2025-12-25,1,57.35,Paid
O005607,C0425,P0035,2025-12-25,1,118.21,Email
O005608,C0464,P0039,2025-12-25,1,40.82,Organic
O005609,C0212,P0037,2025-12-25,2,114.7,Organic
O005610,C0580,P0002,2025-12-25,2,180.84,Organic
O005611,C0412,P0016,2025-12-25,3,92.94,Organic
O005612,C0119,P0022,2025-12-25,1,87.46,Paid
O005613,C0017,P0022,2025-12-25,1,87.46,Paid
O005614,C0355,P0022,2025-12-25,3,262.38,Paid
O005615,C0646,P0032,2025-12-25,2,106.18,Paid
O005616,C0155,P0026,2025-12-25,2,94.7,Email
O005617,C0764,P0034,2025-12-25,1,87.49,Email
O005618,C0522,P0004,2025-12-25,3,999.63,Email
O005619,C0787,P0003,2025-12-25,3,851.94,Organic
O005620,C0404,P0013,2025-12-25,3,218.67,Organic
O005621,C0711,P0011,2025-12-25,2,67.96,Organic
O005622,C0306,P0013,2025-12-25,2,145.78,Email
O005623,C0211,P0013,2025-12-25,3,218.67,Organic
O005624,C0299,P0012,2025-12-25,1,73.18,Organic
O005625,C0689,P0019,2025-12-25,3,447.69,Referral
O005626,C0725,P0026,2025-12-25,2,94.7,Referral
O005627,C0124,P0031,2025-12-25,3,101.91,Organic
O005628,C0733,P0037,2025-12-25,2,114.7,Organic
O005629,C0522,P0035,2025-12-25,3,354.63,Organic
O005630,C0550,P0004,2025-12-25,2,666.42,Email
O005631,C0164,P0005,2025-12-25,2,249.38,Organic
O005632,C0328,P0002,2025-12-25,1,90.42,Email
O005633,C0511,P0011,2025-12-25,2,67.96,Organic
O005634,C0706,P0012,2025-12-25,3,219.54,Organic
O005635,C0483,P0019,2025-12-25,3,447.69,Organic
O005636,C0704,P0025,2025-12-25,3,89.28,Organic
O005637,C0316,P0025,2025-12-25,1,29.76,Paid
O005638,C0059,P0033,2025-12-25,3,247.32,Organic
O005639,C0342,P0002,2025-12-26,2,180.84,Paid
O005640,C0212,P0005,2025-12-26,2,249.38,Organic
O005641,C0116,P0002,2025-12-26,3,271.26,Organic
O005642,C0058,P0016,2025-12-26,2,61.96,Paid
O005643,C0062,P0016,2025-12-26,2,61.96,Organic
O005644,C0631,P0014,2025-12-26,2,86.74,Paid
O005645,C0135,P0018,2025-12-26,3,282.75,Email
O005646,C0639,P0022,2025-12-26,3,262.38,Paid
O005647,C0671,P0032,2025-12-26,2,106.18,Organic
O005648,C0549,P0027,2025-12-26,2,57.16,Organic
O005649,C0686,P0031,2025-12-26,1,33.97,Organic
O005650,C0461,P0027,2025-12-26,2,57.16,Paid
O005651,C0587,P0007,2025-12-26,1,387.23,Organic
O005652,C0740,P0016,2025-12-26,3,92.94,Organic
O005653,C0119,P0018,2025-12-26,3,282.75,Email
O005654,C0644,P0017,2025-12-26,1,20.56,Organic
O005655,C0575,P0026,2025-12-26,3,142.05,Organic
O005656,C0777,P0034,2025-12-26,3,262.47,Organic
O005657,C0650,P0016,2025-12-26,3,92.94,Organic
O005658,C0330,P0013,2025-12-26,2,145.78,Paid
O005659,C0490,P0011,2025-12-26,1,33.98,Organic
O005660,C0197,P0022,2025-12-26,3,262.38,Email
O005661,C0176,P0019,2025-12-26,2,298.46,Paid
O005662,C0040,P0026,2025-12-26,3,142.05,Organic
O005663,C0574,P0035,2025-12-26,1,118.21,Organic
O005664,C0585,P0004,2025-12-26,2,666.42,Organic
O005665,C0781,P0005,2025-12-26,2,249.38,Organic
O005666,C0453,P0004,2025-12-26,1,333.21,Organic
O005667,C0013,P0015,2025-12-26,2,155.26,Organic
O005668,C0798,P0009,2025-12-26,3,141.75,Paid
O005669,C0572,P0016,2025-12-26,3,92.94,Email
O005670,C0791,P0009,2025-12-26,1,47.25,Organic
O005671,C0090,P0016,2025-12-26,2,61.96,Paid
O005672,C0084,P0023,2025-12-26,1,125.29,Referral
O005673,C0702,P0021,2025-12-26,3,141.12,Organic
O005674,C0602,P0039,2025-12-26,1,40.82,Paid
O005675,C0758,P0040,2025-12-26,3,274.89,Organic
O005676,C0800,P0036,2025-12-26,2,116.48,Organic
O005677,C0411,P0006,2025-12-27,2,278.86,Paid
O005678,C0721,P0005,2025-12-27,3,374.07,Email
O005679,C0171,P0014,2025-12-27,2,86.74,Organic
O005680,C0281,P0013,2025-12-27,2,145.78,Paid
O005681,C0603,P0011,2025-12-27,1,33.98,Paid
O005682,C0776,P0010,2025-12-27,3,142.32,Paid
O005683,C0774,P0019,2025-12-27,2,298.46,Organic
O005684,C0717,P0018,2025-12-27,2,188.5,Paid
O005685,C0065,P0029,2025-12-27,1,19.77,Paid
O005686,C0776,P0029,2025-12-27,2,39.54,Organic
O005687,C0371,P0031,2025-12-27,2,67.94,Organic
O005688,C0088,P0027,2025-12-27,3,85.74,Email
O005689,C0077,P0037,2025-12-27,2,114.7,Paid
O005690,C0482,P0039,2025-12-27,3,122.46,Organic
O005691,C0005,P0034,2025-12-27,2,174.98,Paid
O005692,C0131,P0037,2025-12-27,3,172.05,Referral
O005693,C0420,P0003,2025-12-27,2,567.96,Organic
O005694,C0239,P0002,2025-12-27,1,90.42,Organic
O005695,C0089,P0003,2025-12-27,2,567.96,Email
O005696,C0158,P0012,2025-12-27,1,73.18,Organic
O005697,C0162,P0013,2025-12-27,3,218.67,Paid
O005698,C0156,P0022,2025-12-27,2,174.92,Organic
O005699,C0193,P0017,2025-12-27,1,20.56,Organic
O005700,C0687,P0020,2025-12-27,3,75.06,Email
O005701,C0132,P0021,2025-12-27,3,141.12,Referral
O005702,C0258,P0032,2025-12-27,3,159.27,Organic
O005703,C0155,P0027,2025-12-27,2,57.16,Paid
O005704,C0119,P0027,2025-12-27,1,28.58,Organic
O005705,C0609,P0030,2025-12-27,3,91.5,Email
O005706,C0675,P0029,2025-12-27,2,39.54,Paid
O005707,C0520,P0038,2025-12-27,2,223.9,Organic
O005708,C0605,P0037,2025-12-27,2,114.7,Email
O005709,C0644,P0037,2025-12-27,2,114.7,Organic
O005710,C0462,P0003,2025-12-27,2,567.96,Email
O005711,C0485,P0002,2025-12-27,3,271.26,Email
O005712,C0211,P0001,2025-12-27,2,737.56,Paid
O005713,C0578,P0016,2025-12-27,3,92.94,Referral
O005714,C0102,P0013,2025-12-27,1,72.89,Paid
O005715,C0557,P0020,2025-12-27,3,75.06,Organic
O005716,C0126,P0024,2025-12-27,3,94.74,Referral
O005717,C0401,P0026,2025-12-27,1,47.35,Organic
O005718,C0440,P0033,2025-12-27,3,247.32,Organic
O005719,C0485,P0036,2025-12-27,3,174.72,Organic
O005720,C0307,P0005,2025-12-27,2,249.38,Paid
O005721,C0303,P0001,2025-12-27,2,737.56,Organic
O005722,C0409,P0006,2025-12-27,1,139.43,Organic
O005723,C0783,P0015,2025-12-27,1,77.63,Referral
O005724,C0715,P0015,2025-12-27,1,77.63,Organic
O005725,C0555,P0014,2025-12-27,2,86.74,Organic
O005726,C0357,P0011,2025-12-27,1,33.98,Organic
O005727,C0012,P0024,2025-12-27,2,63.16,Paid
O005728,C0470,P0023,2025-12-27,3,375.87,Email
O005729,C0745,P0024,2025-12-27,1,31.58,Paid
O005730,C0511,P0019,2025-12-27,1,149.23,Paid
O005731,C0264,P0018,2025-12-27,2,188.5,Referral
O005732,C0456,P0019,2025-12-27,3,447.69,Paid
O005733,C0004,P0018,2025-12-27,3,282.75,Organic
O005734,C0636,P0027,2025-12-27,1,28.58,Paid
O005735,C0437,P0025,2025-12-27,2,59.52,Organic
O005736,C0511,P0034,2025-12-27,3,262.47,Referral
O005737,C0736,P0039,2025-12-27,3,122.46,Referral
O005738,C0140,P0033,2025-12-27,3,247.32,Organic
O005739,C0768,P0006,2025-12-28,1,139.43,Paid
O005740,C0030,P0008,2025-12-28,1,135.26,Organic
O005741,C0235,P0005,2025-12-28,3,374.07,Referral
O005742,C0030,P0001,2025-12-28,2,737.56,Paid
O005743,C0385,P0002,2025-12-28,2,180.84,Paid
O005744,C0472,P0005,2025-12-28,2,249.38,Paid
O005745,C0347,P0011,2025-12-28,1,33.98,Organic
O005746,C0549,P0009,2025-12-28,1,47.25,Email
O005747,C0273,P0013,2025-12-28,2,145.78,Organic
O005748,C0116,P0016,2025-12-28,2,61.96,Organic
O005749,C0322,P0012,2025-12-28,3,219.54,Paid
O005750,C0477,P0009,2025-12-28,3,141.75,Organic
O005751,C0406,P0022,2025-12-28,3,262.38,Email
O005752,C0107,P0017,2025-12-28,3,61.68,Organic
O005753,C0078,P0030,2025-12-28,2,61.0,Email
O005754,C0273,P0030,2025-12-28,3,91.5,Organic
O005755,C0107,P0032,2025-12-28,1,53.09,Email
O005756,C0114,P0028,2025-12-28,3,58.32,Organic
O005757,C0774,P0027,2025-12-28,1,28.58,Referral
O005758,C0554,P0036,2025-12-28,3,174.72,Paid
O005759,C0256,P0036,2025-12-28,1,58.24,Referral
O005760,C0628,P0035,2025-12-28,2,236.42,Organic
O005761,C0611,P0037,2025-12-28,1,57.35,Organic
O005762,C0537,P0005,2025-12-28,2,249.38,Paid
O005763,C0728,P0006,2025-12-28,3,418.29,Organic
O005764,C0125,P0004,2025-12-28,3,999.63,Referral
O005765,C0326,P0024,2025-12-28,3,94.74,Organic
O005766,C0335,P0021,2025-12-28,1,47.04,Referral
O005767,C0772,P0029,2025-12-28,3,59.31,Paid
O005768,C0424,P0029,2025-12-28,1,19.77,Paid
O005769,C0113,P0040,2025-12-28,2,183.26,Organic
O005770,C0449,P0037,2025-12-28,1,57.35,Organic
O005771,C0508,P0035,2025-12-28,2,236.42,Email
O005772,C0455,P0038,2025-12-28,2,223.9,Organic
O005773,C0031,P0001,2025-12-28,2,737.56,Paid
O005774,C0325,P0003,2025-12-28,1,283.98,Paid
O005775,C0033,P0008,2025-12-28,3,405.78,Paid
O005776,C0400,P0007,2025-12-28,2,774.46,Paid
O005777,C0123,P0004,2025-12-28,1,333.21,Organic
O005778,C0422,P0011,2025-12-28,2,67.96,Organic
O005779,C0033,P0020,2025-12-28,2,50.04,Organic
O005780,C0083,P0017,2025-12-28,3,61.68,Organic
O005781,C0323,P0026,2025-12-28,2,94.7,Organic
O005782,C0660,P0029,2025-12-28,1,19.77,Organic
O005783,C0033,P0029,2025-12-28,3,59.31,Organic
O005784,C0126,P0029,2025-12-28,2,39.54,Organic
O005785,C0245,P0038,2025-12-28,3,335.85,Paid
O005786,C0320,P0002,2025-12-28,2,180.84,Organic
O005787,C0552,P0007,2025-12-28,2,774.46,Organic
O005788,C0606,P0013,2025-12-28,3,218.67,Paid
O005789,C0770,P0016,2025-12-28,3,92.94,Email
O005790,C0790,P0012,2025-12-28,1,73.18,Paid
O005791,C0688,P0015,2025-12-28,1,77.63,Email
O005792,C0264,P0012,2025-12-28,3,219.54,Organic
O005793,C0264,P0017,2025-12-28,1,20.56,Organic
O005794,C0150,P0024,2025-12-28,2,63.16,Paid
O005795,C0511,P0021,2025-12-28,1,47.04,Paid
O005796,C0568,P0029,2025-12-28,1,19.77,Paid
O005797,C0512,P0026,2025-12-28,3,142.05,Paid
O005798,C0678,P0027,2025-12-28,3,85.74,Organic
O005799,C0179,P0030,2025-12-28,1,30.5,Paid
O005800,C0192,P0040,2025-12-28,1,91.63,Organic
O005801,C0514,P0038,2025-12-28,3,335.85,Referral
O005802,C0402,P0033,2025-12-28,3,247.32,Organic
O005803,C0779,P0038,2025-12-28,2,223.9,Organic
O005804,C0164,P0040,2025-12-28,1,91.63,Email
O005805,C0342,P0003,2025-12-29,2,567.96,Paid
O005806,C0551,P0020,2025-12-29,2,50.04,Paid
O005807,C0295,P0019,2025-12-29,3,447.69,Organic
O005808,C0649,P0018,2025-12-29,1,94.25,Paid
O005809,C0756,P0020,2025-12-29,3,75.06,Organic
O005810,C0796,P0021,2025-12-29,3,141.12,Paid
O005811,C0088,P0020,2025-12-29,2,50.04,Email
O005812,C0472,P0029,2025-12-29,1,19.77,Paid
O005813,C0088,P0037,2025-12-29,3,172.05,Paid
O005814,C0773,P0009,2025-12-29,3,141.75,Organic
O005815,C0376,P0013,2025-12-29,3,218.67,Organic
O005816,C0761,P0017,2025-12-29,3,61.68,Paid
O005817,C0660,P0006,2025-12-29,1,139.43,Referral
O005818,C0431,P0008,2025-12-29,1,135.26,Email
O005819,C0522,P0012,2025-12-29,1,73.18,Paid
O005820,C0165,P0026,2025-12-29,1,47.35,Organic
O005821,C0506,P0034,2025-12-29,1,87.49,Paid
O005822,C0394,P0006,2025-12-29,2,278.86,Organic
O005823,C0456,P0005,2025-12-29,2,249.38,Organic
O005824,C0469,P0010,2025-12-29,3,142.32,Email
O005825,C0357,P0021,2025-12-29,1,47.04,Organic
O005826,C0702,P0022,2025-12-29,1,87.46,Organic
O005827,C0121,P0022,2025-12-29,3,262.38,Organic
O005828,C0584,P0022,2025-12-29,3,262.38,Paid
O005829,C0597,P0018,2025-12-29,3,282.75,Organic
O005830,C0704,P0025,2025-12-29,3,89.28,Organic
O005831,C0643,P0028,2025-12-29,2,38.88,Organic
O005832,C0512,P0032,2025-12-29,3,159.27,Paid
O005833,C0582,P0040,2025-12-29,2,183.26,Organic
O005834,C0313,P0033,2025-12-29,1,82.44,Organic
O005835,C0270,P0007,2025-12-30,1,387.23,Organic
O005836,C0686,P0003,2025-12-30,3,851.94,Organic
O005837,C0463,P0011,2025-12-30,1,33.98,Paid
O005838,C0461,P0015,2025-12-30,3,232.89,Paid
O005839,C0256,P0015,2025-12-30,1,77.63,Referral
O005840,C0627,P0021,2025-12-30,2,94.08,Referral
O005841,C0116,P0023,2025-12-30,1,125.29,Organic
O005842,C0141,P0018,2025-12-30,2,188.5,Organic
O005843,C0403,P0030,2025-12-30,3,91.5,Organic
O005844,C0523,P0029,2025-12-30,1,19.77,Organic
O005845,C0294,P0026,2025-12-30,2,94.7,Paid
O005846,C0579,P0029,2025-12-30,2,39.54,Referral
O005847,C0549,P0040,2025-12-30,2,183.26,Organic
O005848,C0003,P0034,2025-12-30,3,262.47,Email
O005849,C0609,P0007,2025-12-30,3,1161.69,Organic
O005850,C0734,P0004,2025-12-30,1,333.21,Paid
O005851,C0675,P0006,2025-12-30,1,139.43,Organic
O005852,C0752,P0016,2025-12-30,3,92.94,Paid
O005853,C0605,P0017,2025-12-30,2,41.12,Organic
O005854,C0355,P0023,2025-12-30,3,375.87,Organic
O005855,C0204,P0029,2025-12-30,2,39.54,Organic
O005856,C0713,P0026,2025-12-30,2,94.7,Organic
O005857,C0761,P0035,2025-12-30,1,118.21,Organic
O005858,C0507,P0036,2025-12-30,1,58.24,Paid
O005859,C0680,P0013,2025-12-30,1,72.89,Organic
O005860,C0601,P0016,2025-12-30,3,92.94,Paid
O005861,C0102,P0031,2025-12-30,1,33.97,Organic
O005862,C0227,P0027,2025-12-30,1,28.58,Organic
O005863,C0269,P0025,2025-12-30,2,59.52,Paid
O005864,C0034,P0028,2025-12-30,3,58.32,Organic
O005865,C0315,P0027,2025-12-30,2,57.16,Organic
O005866,C0767,P0030,2025-12-30,3,91.5,Paid
O005867,C0574,P0035,2025-12-30,3,354.63,Organic
O005868,C0745,P0004,2025-12-30,2,666.42,Paid
O005869,C0173,P0006,2025-12-30,3,418.29,Referral
O005870,C0383,P0014,2025-12-30,3,130.11,Organic
O005871,C0781,P0012,2025-12-30,3,219.54,Paid
O005872,C0300,P0015,2025-12-30,1,77.63,Paid
O005873,C0753,P0024,2025-12-30,1,31.58,Paid
O005874,C0372,P0020,2025-12-30,3,75.06,Organic
O005875,C0437,P0017,2025-12-30,3,61.68,Paid
O005876,C0652,P0024,2025-12-30,2,63.16,Organic
O005877,C0621,P0028,2025-12-30,1,19.44,Organic
O005878,C0771,P0039,2025-12-30,1,40.82,Email
O005879,C0383,P0038,2025-12-30,2,223.9,Organic
O005880,C0264,P0035,2025-12-30,1,118.21,Email
O005881,C0151,P0034,2025-12-30,2,174.98,Paid
O005882,C0012,P0035,2025-12-30,3,354.63,Organic
O005883,C0407,P0034,2025-12-30,1,87.49,Referral
O005884,C0510,P0008,2025-12-31,2,270.52,Email
O005885,C0617,P0007,2025-12-31,3,1161.69,Organic
O005886,C0576,P0005,2025-12-31,3,374.07,Organic
O005887,C0461,P0014,2025-12-31,3,130.11,Email
O005888,C0408,P0012,2025-12-31,1,73.18,Organic
O005889,C0295,P0022,2025-12-31,1,87.46,Organic
O005890,C0445,P0028,2025-12-31,2,38.88,Email
O005891,C0461,P0033,2025-12-31,1,82.44,Referral
O005892,C0212,P0034,2025-12-31,1,87.49,Email
O005893,C0756,P0033,2025-12-31,2,164.88,Email
O005894,C0125,P0002,2025-12-31,1,90.42,Paid
O005895,C0291,P0016,2025-12-31,3,92.94,Organic
O005896,C0792,P0014,2025-12-31,1,43.37,Organic
O005897,C0412,P0019,2025-12-31,2,298.46,Email
O005898,C0740,P0020,2025-12-31,2,50.04,Organic
O005899,C0712,P0040,2025-12-31,3,274.89,Organic
O005900,C0308,P0039,2025-12-31,2,81.64,Organic
O005901,C0047,P0036,2025-12-31,1,58.24,Paid
O005902,C0420,P0036,2025-12-31,3,174.72,Paid
O005903,C0033,P0007,2025-12-31,2,774.46,Paid
O005904,C0031,P0020,2025-12-31,3,75.06,Email
O005905,C0709,P0027,2025-12-31,3,85.74,Paid
O005906,C0028,P0026,2025-12-31,1,47.35,Organic
O005907,C0080,P0027,2025-12-31,3,85.74,Organic
O005908,C0305,P0037,2025-12-31,3,172.05,Email
O005909,C0059,P0001,2025-12-31,2,737.56,Paid
O005910,C0688,P0003,2025-12-31,3,851.94,Organic
O005911,C0597,P0015,2025-12-31,2,155.26,Email
O005912,C0612,P0015,2025-12-31,3,232.89,Organic
O005913,C0606,P0011,2025-12-31,2,67.96,Paid
O005914,C0753,P0012,2025-12-31,2,146.36,Organic
O005915,C0181,P0024,2025-12-31,3,94.74,Organic
O005916,C0470,P0027,2025-12-31,1,28.58,Paid
O005917,C0442,P0033,2025-12-31,1,82.44,Email
O005918,C0097,P0001,2026-01-01,3,1106.34,Paid
O005919,C0342,P0007,2026-01-01,1,387.23,Organic
O005920,C0425,P0005,2026-01-01,1,124.69,Organic
O005921,C0628,P0013,2026-01-01,3,218.67,Organic
O005922,C0195,P0015,2026-01-01,1,77.63,Organic
O005923,C0627,P0012,2026-01-01,2,146.36,Organic
O005924,C0796,P0024,2026-01-01,2,63.16,Referral
O005925,C0310,P0018,2026-01-01,3,282.75,Organic
O005926,C0714,P0019,2026-01-01,1,149.23,Email
O005927,C0292,P0026,2026-01-01,2,94.7,Email
O005928,C0443,P0031,2026-01-01,3,101.91,Paid
O005929,C0341,P0030,2026-01-01,3,91.5,Organic
O005930,C0452,P0029,2026-01-01,3,59.31,Referral
O005931,C0426,P0040,2026-01-01,1,91.63,Organic
O005932,C0569,P0017,2026-01-01,1,20.56,Paid
O005933,C0644,P0020,2026-01-01,2,50.04,Organic
O005934,C0160,P0028,2026-01-01,3,58.32,Paid
O005935,C0761,P0029,2026-01-01,3,59.31,Organic
O005936,C0794,P0030,2026-01-01,3,91.5,Paid
O005937,C0486,P0025,2026-01-01,3,89.28,Referral
O005938,C0159,P0026,2026-01-01,3,142.05,Paid
O005939,C0223,P0034,2026-01-01,3,262.47,Email
O005940,C0330,P0006,2026-01-01,3,418.29,Referral
O005941,C0509,P0010,2026-01-01,2,94.88,Organic
O005942,C0754,P0010,2026-01-01,3,142.32,Organic
O005943,C0359,P0009,2026-01-01,1,47.25,Paid
O005944,C0126,P0021,2026-01-01,2,94.08,Referral
O005945,C0327,P0019,2026-01-01,1,149.23,Organic
O005946,C0400,P0024,2026-01-01,1,31.58,Paid
O005947,C0513,P0023,2026-01-01,3,375.87,Referral
O005948,C0080,P0019,2026-01-01,3,447.69,Paid
O005949,C0040,P0028,2026-01-01,2,38.88,Paid
O005950,C0112,P0025,2026-01-01,3,89.28,Organic
O005951,C0725,P0039,2026-01-01,3,122.46,Organic
O005952,C0227,P0034,2026-01-01,1,87.49,Organic
O005953,C0330,P0036,2026-01-01,2,116.48,Paid
O005954,C0220,P0033,2026-01-01,3,247.32,Organic
O005955,C0555,P0006,2026-01-01,1,139.43,Referral
O005956,C0612,P0001,2026-01-01,3,1106.34,Paid
O005957,C0172,P0014,2026-01-01,3,130.11,Organic
O005958,C0731,P0023,2026-01-01,3,375.87,Referral
O005959,C0151,P0022,2026-01-01,2,174.92,Email
O005960,C0779,P0025,2026-01-01,3,89.28,Referral
O005961,C0643,P0029,2026-01-01,1,19.77,Organic
O005962,C0140,P0030,2026-01-01,3,91.5,Email
O005963,C0298,P0002,2026-01-02,3,271.26,Organic
O005964,C0408,P0005,2026-01-02,1,124.69,Referral
O005965,C0799,P0004,2026-01-02,3,999.63,Organic
O005966,C0554,P0007,2026-01-02,1,387.23,Email
O005967,C0209,P0003,2026-01-02,2,567.96,Referral
O005968,C0487,P0011,2026-01-02,3,101.94,Paid
O005969,C0188,P0010,2026-01-02,3,142.32,Paid
O005970,C0611,P0013,2026-01-02,2,145.78,Referral
O005971,C0774,P0017,2026-01-02,1,20.56,Organic
O005972,C0003,P0018,2026-01-02,2,188.5,Organic
O005973,C0371,P0024,2026-01-02,1,31.58,Organic
O005974,C0347,P0018,2026-01-02,3,282.75,Paid
O005975,C0371,P0030,2026-01-02,2,61.0,Paid
O005976,C0628,P0040,2026-01-02,2,183.26,Organic
O005977,C0205,P0037,2026-01-02,2,114.7,Paid
O005978,C0616,P0039,2026-01-02,2,81.64,Paid
O005979,C0774,P0036,2026-01-02,1,58.24,Organic
O005980,C0626,P0035,2026-01-02,3,354.63,Paid
O005981,C0734,P0007,2026-01-02,1,387.23,Paid
O005982,C0430,P0008,2026-01-02,2,270.52,Paid
O005983,C0451,P0004,2026-01-02,1,333.21,Organic
O005984,C0534,P0007,2026-01-02,3,1161.69,Paid
O005985,C0712,P0003,2026-01-02,3,851.94,Organic
O005986,C0125,P0006,2026-01-02,2,278.86,Organic
O005987,C0734,P0001,2026-01-02,3,1106.34,Organic
O005988,C0766,P0011,2026-01-02,3,101.94,Paid
O005989,C0518,P0017,2026-01-02,2,41.12,Organic
O005990,C0276,P0017,2026-01-02,1,20.56,Paid
O005991,C0766,P0027,2026-01-02,2,57.16,Organic
O005992,C0794,P0032,2026-01-02,1,53.09,Paid
O005993,C0155,P0026,2026-01-02,2,94.7,Paid
O005994,C0353,P0031,2026-01-02,3,101.91,Organic
O005995,C0258,P0040,2026-01-02,1,91.63,Organic
O005996,C0488,P0036,2026-01-02,3,174.72,Paid
O005997,C0134,P0034,2026-01-02,1,87.49,Email
O005998,C0605,P0037,2026-01-02,2,114.7,Organic
O005999,C0126,P0003,2026-01-02,3,851.94,Organic
O006000,C0061,P0003,2026-01-02,2,567.96,Organic
O006001,C0031,P0017,2026-01-02,1,20.56,Paid
O006002,C0763,P0033,2026-01-02,3,247.32,Organic
O006003,C0588,P0033,2026-01-02,3,247.32,Organic
O006004,C0414,P0035,2026-01-02,3,354.63,Paid
O006005,C0419,P0005,2026-01-02,1,124.69,Email
O006006,C0736,P0004,2026-01-02,2,666.42,Email
O006007,C0307,P0004,2026-01-02,3,999.63,Organic
O006008,C0230,P0001,2026-01-02,1,368.78,Organic
O006009,C0497,P0008,2026-01-02,1,135.26,Organic
O006010,C0457,P0002,2026-01-02,1,90.42,Organic
O006011,C0173,P0009,2026-01-02,3,141.75,Paid
O006012,C0736,P0016,2026-01-02,1,30.98,Organic
O006013,C0479,P0010,2026-01-02,2,94.88,Organic
O006014,C0779,P0018,2026-01-02,1,94.25,Paid
O006015,C0051,P0023,2026-01-02,3,375.87,Email
O006016,C0789,P0024,2026-01-02,1,31.58,Organic
O006017,C0514,P0028,2026-01-02,1,19.44,Organic
O006018,C0458,P0033,2026-01-02,1,82.44,Paid
O006019,C0050,P0005,2026-01-03,1,124.69,Paid
O006020,C0077,P0014,2026-01-03,2,86.74,Organic
O006021,C0443,P0017,2026-01-03,2,41.12,Organic
O006022,C0104,P0020,2026-01-03,1,25.02,Email
O006023,C0371,P0019,2026-01-03,1,149.23,Email
O006024,C0237,P0030,2026-01-03,3,91.5,Organic
O006025,C0219,P0028,2026-01-03,2,38.88,Paid
O006026,C0567,P0029,2026-01-03,3,59.31,Organic
O006027,C0298,P0032,2026-01-03,1,53.09,Organic
O006028,C0631,P0027,2026-01-03,3,85.74,Paid
O006029,C0157,P0038,2026-01-03,2,223.9,Paid
O006030,C0263,P0039,2026-01-03,3,122.46,Email
O006031,C0019,P0033,2026-01-03,3,247.32,Email
O006032,C0049,P0007,2026-01-03,2,774.46,Email
O006033,C0480,P0006,2026-01-03,1,139.43,Referral
O006034,C0190,P0006,2026-01-03,1,139.43,Referral
O006035,C0520,P0006,2026-01-03,2,278.86,Organic
O006036,C0486,P0004,2026-01-03,3,999.63,Organic
O006037,C0391,P0002,2026-01-03,2,180.84,Organic
O006038,C0156,P0013,2026-01-03,2,145.78,Organic
O006039,C0508,P0015,2026-01-03,2,155.26,Email
O006040,C0391,P0023,2026-01-03,2,250.58,Paid
O006041,C0297,P0021,2026-01-03,2,94.08,Paid
O006042,C0331,P0018,2026-01-03,2,188.5,Paid
O006043,C0792,P0022,2026-01-03,3,262.38,Paid
O006044,C0071,P0032,2026-01-03,3,159.27,Email
O006045,C0326,P0025,2026-01-03,2,59.52,Organic
O006046,C0518,P0027,2026-01-03,3,85.74,Organic
O006047,C0276,P0031,2026-01-03,1,33.97,Email
O006048,C0534,P0033,2026-01-03,3,247.32,Organic
O006049,C0094,P0040,2026-01-03,1,91.63,Paid
O006050,C0775,P0034,2026-01-03,3,262.47,Paid
O006051,C0444,P0037,2026-01-03,3,172.05,Organic
O006052,C0254,P0035,2026-01-03,1,118.21,Paid
O006053,C0006,P0036,2026-01-03,2,116.48,Organic
O006054,C0733,P0004,2026-01-03,2,666.42,Email
O006055,C0522,P0003,2026-01-03,1,283.98,Referral
O006056,C0733,P0003,2026-01-03,3,851.94,Email
O006057,C0389,P0006,2026-01-03,3,418.29,Organic
O006058,C0246,P0005,2026-01-03,3,374.07,Organic
O006059,C0561,P0009,2026-01-03,2,94.5,Email
O006060,C0234,P0012,2026-01-03,3,219.54,Organic
O006061,C0387,P0019,2026-01-03,1,149.23,Organic
O006062,C0176,P0021,2026-01-03,3,141.12,Organic
O006063,C0481,P0023,2026-01-03,3,375.87,Paid
O006064,C0246,P0027,2026-01-03,1,28.58,Paid
O006065,C0360,P0033,2026-01-03,2,164.88,Referral
O006066,C0692,P0035,2026-01-03,2,236.42,Paid
O006067,C0025,P0038,2026-01-03,3,335.85,Organic
O006068,C0601,P0038,2026-01-03,1,111.95,Organic
O006069,C0702,P0005,2026-01-03,2,249.38,Organic
O006070,C0468,P0008,2026-01-03,2,270.52,Organic
O006071,C0727,P0006,2026-01-03,2,278.86,Organic
O006072,C0727,P0006,2026-01-03,3,418.29,Organic
O006073,C0288,P0008,2026-01-03,1,135.26,Organic
O006074,C0783,P0015,2026-01-03,3,232.89,Organic
O006075,C0096,P0016,2026-01-03,2,61.96,Paid
O006076,C0498,P0016,2026-01-03,3,92.94,Organic
O006077,C0442,P0023,2026-01-03,2,250.58,Email
O006078,C0437,P0023,2026-01-03,3,375.87,Email
O006079,C0151,P0039,2026-01-03,1,40.82,Email
O006080,C0695,P0039,2026-01-03,3,122.46,Paid
O006081,C0749,P0033,2026-01-03,1,82.44,Email
O006082,C0300,P0037,2026-01-03,2,114.7,Referral
O006083,C0800,P0035,2026-01-03,3,354.63,Referral
O006084,C0268,P0002,2026-01-04,2,180.84,Paid
O006085,C0065,P0001,2026-01-04,2,737.56,Paid
O006086,C0030,P0003,2026-01-04,3,851.94,Paid
O006087,C0611,P0002,2026-01-04,1,90.42,Email
O006088,C0756,P0007,2026-01-04,1,387.23,Paid
O006089,C0477,P0006,2026-01-04,1,139.43,Paid
O006090,C0722,P0013,2026-01-04,1,72.89,Paid
O006091,C0268,P0016,2026-01-04,2,61.96,Referral
O006092,C0463,P0022,2026-01-04,3,262.38,Paid
O006093,C0592,P0021,2026-01-04,3,141.12,Organic
O006094,C0722,P0022,2026-01-04,2,174.92,Paid
O006095,C0088,P0031,2026-01-04,3,101.91,Referral
O006096,C0363,P0025,2026-01-04,1,29.76,Organic
O006097,C0262,P0031,2026-01-04,3,101.91,Paid
O006098,C0035,P0025,2026-01-04,1,29.76,Paid
O006099,C0162,P0006,2026-01-04,2,278.86,Organic
O006100,C0370,P0004,2026-01-04,2,666.42,Referral
O006101,C0064,P0011,2026-01-04,1,33.98,Organic
O006102,C0185,P0011,2026-01-04,1,33.98,Referral
O006103,C0786,P0009,2026-01-04,2,94.5,Email
O006104,C0276,P0015,2026-01-04,3,232.89,Organic
O006105,C0308,P0009,2026-01-04,3,141.75,Email
O006106,C0424,P0020,2026-01-04,1,25.02,Email
O006107,C0119,P0024,2026-01-04,1,31.58,Referral
O006108,C0661,P0030,2026-01-04,2,61.0,Paid
O006109,C0589,P0025,2026-01-04,2,59.52,Paid
O006110,C0641,P0030,2026-01-04,2,61.0,Paid
O006111,C0547,P0026,2026-01-04,3,142.05,Organic
O006112,C0241,P0025,2026-01-04,3,89.28,Email
O006113,C0545,P0033,2026-01-04,1,82.44,Organic
O006114,C0156,P0038,2026-01-04,3,335.85,Organic
O006115,C0018,P0037,2026-01-04,3,172.05,Paid
O006116,C0757,P0004,2026-01-04,2,666.42,Organic
O006117,C0754,P0001,2026-01-04,3,1106.34,Organic
O006118,C0689,P0013,2026-01-04,2,145.78,Referral
O006119,C0561,P0019,2026-01-04,1,149.23,Paid
O006120,C0476,P0020,2026-01-04,1,25.02,Organic
O006121,C0325,P0022,2026-01-04,3,262.38,Organic
O006122,C0561,P0026,2026-01-04,2,94.7,Email
O006123,C0650,P0031,2026-01-04,2,67.94,Organic
O006124,C0499,P0035,2026-01-04,1,118.21,Organic
O006125,C0211,P0039,2026-01-04,1,40.82,Organic
O006126,C0513,P0034,2026-01-04,3,262.47,Email
O006127,C0437,P0003,2026-01-04,2,567.96,Paid
O006128,C0118,P0007,2026-01-04,1,387.23,Paid
O006129,C0736,P0008,2026-01-04,3,405.78,Referral
O006130,C0372,P0005,2026-01-04,3,374.07,Email
O006131,C0448,P0016,2026-01-04,1,30.98,Organic
O006132,C0511,P0016,2026-01-04,3,92.94,Paid
O006133,C0582,P0012,2026-01-04,1,73.18,Paid
O006134,C0288,P0009,2026-01-04,1,47.25,Paid
O006135,C0090,P0009,2026-01-04,3,141.75,Organic
O006136,C0602,P0022,2026-01-04,3,262.38,Paid
O006137,C0514,P0018,2026-01-04,3,282.75,Organic
O006138,C0394,P0030,2026-01-04,2,61.0,Organic
O006139,C0121,P0027,2026-01-04,1,28.58,Organic
O006140,C0229,P0031,2026-01-04,3,101.91,Organic
O006141,C0745,P0025,2026-01-04,1,29.76,Organic
O006142,C0192,P0029,2026-01-04,2,39.54,Paid
O006143,C0264,P0026,2026-01-04,3,142.05,Organic
O006144,C0789,P0034,2026-01-04,1,87.49,Organic
O006145,C0497,P0035,2026-01-04,3,354.63,Referral
O006146,C0606,P0039,2026-01-04,1,40.82,Organic
O006147,C0337,P0039,2026-01-04,3,122.46,Paid
O006148,C0270,P0007,2026-01-05,3,1161.69,Paid
O006149,C0426,P0014,2026-01-05,2,86.74,Paid
O006150,C0256,P0011,2026-01-05,1,33.98,Email
O006151,C0005,P0020,2026-01-05,3,75.06,Paid
O006152,C0020,P0022,2026-01-05,2,174.92,Organic
O006153,C0406,P0031,2026-01-05,3,101.91,Email
O006154,C0403,P0039,2026-01-05,2,81.64,Email
O006155,C0128,P0035,2026-01-05,2,236.42,Organic
O006156,C0687,P0003,2026-01-05,1,283.98,Paid
O006157,C0420,P0016,2026-01-05,2,61.96,Organic
O006158,C0455,P0021,2026-01-05,2,94.08,Organic
O006159,C0644,P0031,2026-01-05,2,67.94,Paid
O006160,C0249,P0030,2026-01-05,1,30.5,Organic
O006161,C0571,P0031,2026-01-05,3,101.91,Organic
O006162,C0773,P0030,2026-01-05,1,30.5,Email
O006163,C0569,P0037,2026-01-05,1,57.35,Organic
O006164,C0166,P0008,2026-01-05,1,135.26,Email
O006165,C0548,P0003,2026-01-05,1,283.98,Paid
O006166,C0022,P0006,2026-01-05,3,418.29,Organic
O006167,C0009,P0013,2026-01-05,1,72.89,Organic
O006168,C0325,P0016,2026-01-05,2,61.96,Organic
O006169,C0233,P0016,2026-01-05,2,61.96,Paid
O006170,C0767,P0017,2026-01-05,1,20.56,Organic
O006171,C0754,P0025,2026-01-05,1,29.76,Paid
O006172,C0040,P0029,2026-01-05,1,19.77,Organic
O006173,C0264,P0008,2026-01-05,1,135.26,Organic
O006174,C0702,P0009,2026-01-05,2,94.5,Referral
O006175,C0011,P0009,2026-01-05,3,141.75,Organic
O006176,C0252,P0011,2026-01-05,2,67.96,Organic
O006177,C0151,P0022,2026-01-05,3,262.38,Email
O006178,C0140,P0017,2026-01-05,3,61.68,Organic
O006179,C0702,P0023,2026-01-05,2,250.58,Paid
O006180,C0511,P0024,2026-01-05,3,94.74,Paid
O006181,C0453,P0018,2026-01-05,1,94.25,Organic
O006182,C0375,P0024,2026-01-05,1,31.58,Organic
O006183,C0566,P0021,2026-01-05,2,94.08,Organic
O006184,C0409,P0025,2026-01-05,3,89.28,Organic
O006185,C0394,P0032,2026-01-05,2,106.18,Email
O006186,C0164,P0029,2026-01-05,2,39.54,Email
O006187,C0084,P0026,2026-01-05,2,94.7,Organic
O006188,C0264,P0034,2026-01-05,2,174.98,Paid
O006189,C0395,P0039,2026-01-05,3,122.46,Organic
O006190,C0463,P0004,2026-01-06,2,666.42,Email
O006191,C0294,P0008,2026-01-06,1,135.26,Paid
O006192,C0774,P0003,2026-01-06,1,283.98,Organic
O006193,C0170,P0016,2026-01-06,3,92.94,Organic
O006194,C0593,P0009,2026-01-06,3,141.75,Organic
O006195,C0649,P0026,2026-01-06,2,94.7,Organic
O006196,C0218,P0027,2026-01-06,2,57.16,Paid
O006197,C0768,P0032,2026-01-06,3,159.27,Paid
O006198,C0579,P0038,2026-01-06,2,223.9,Organic
O006199,C0411,P0034,2026-01-06,2,174.98,Organic
O006200,C0528,P0003,2026-01-06,1,283.98,Email
O006201,C0424,P0001,2026-01-06,3,1106.34,Paid
O006202,C0154,P0009,2026-01-06,2,94.5,Referral
O006203,C0355,P0015,2026-01-06,3,232.89,Email
O006204,C0761,P0010,2026-01-06,1,47.44,Paid
O006205,C0675,P0024,2026-01-06,1,31.58,Organic
O006206,C0006,P0021,2026-01-06,3,141.12,Organic
O006207,C0471,P0023,2026-01-06,2,250.58,Email
O006208,C0374,P0028,2026-01-06,1,19.44,Paid
O006209,C0376,P0036,2026-01-06,1,58.24,Organic
O006210,C0596,P0035,2026-01-06,1,118.21,Email
O006211,C0654,P0001,2026-01-06,2,737.56,Organic
O006212,C0711,P0002,2026-01-06,1,90.42,Paid
O006213,C0601,P0002,2026-01-06,2,180.84,Paid
O006214,C0650,P0011,2026-01-06,1,33.98,Organic
O006215,C0601,P0009,2026-01-06,2,94.5,Paid
O006216,C0233,P0013,2026-01-06,3,218.67,Organic
O006217,C0401,P0028,2026-01-06,2,38.88,Email
O006218,C0009,P0025,2026-01-06,2,59.52,Organic
O006219,C0481,P0037,2026-01-06,3,172.05,Email
O006220,C0123,P0038,2026-01-06,2,223.9,Email
O006221,C0522,P0037,2026-01-06,3,172.05,Paid
O006222,C0197,P0037,2026-01-06,3,172.05,Referral
O006223,C0339,P0002,2026-01-06,3,271.26,Organic
O006224,C0118,P0001,2026-01-06,1,368.78,Organic
O006225,C0582,P0001,2026-01-06,3,1106.34,Organic
O006226,C0572,P0001,2026-01-06,2,737.56,Email
O006227,C0002,P0012,2026-01-06,3,219.54,Organic
O006228,C0354,P0010,2026-01-06,2,94.88,Organic
O006229,C0705,P0012,2026-01-06,1,73.18,Organic
O006230,C0688,P0019,2026-01-06,1,149.23,Paid
O006231,C0084,P0030,2026-01-06,2,61.0,Paid
O006232,C0531,P0029,2026-01-06,1,19.77,Organic
O006233,C0296,P0032,2026-01-06,3,159.27,Email
O006234,C0264,P0032,2026-01-06,3,159.27,Referral
O006235,C0289,P0039,2026-01-06,1,40.82,Email
O006236,C0296,P0040,2026-01-06,2,183.26,Email
O006237,C0707,P0040,2026-01-06,2,183.26,Paid
O006238,C0783,P0034,2026-01-06,3,262.47,Email
O006239,C0727,P0036,2026-01-06,3,174.72,Paid
O006240,C0555,P0035,2026-01-06,3,354.63,Organic
O006241,C0248,P0035,2026-01-06,3,354.63,Referral
O006242,C0799,P0007,2026-01-07,3,1161.69,Organic
O006243,C0447,P0001,2026-01-07,2,737.56,Paid
O006244,C0774,P0007,2026-01-07,1,387.23,Paid
O006245,C0447,P0013,2026-01-07,3,218.67,Referral
O006246,C0729,P0011,2026-01-07,2,67.96,Email
O006247,C0593,P0016,2026-01-07,2,61.96,Organic
O006248,C0078,P0023,2026-01-07,1,125.29,Paid
O006249,C0157,P0023,2026-01-07,3,375.87,Organic
O006250,C0443,P0030,2026-01-07,3,91.5,Paid
O006251,C0136,P0032,2026-01-07,1,53.09,Organic
O006252,C0796,P0030,2026-01-07,2,61.0,Organic
O006253,C0406,P0037,2026-01-07,3,172.05,Referral
O006254,C0385,P0039,2026-01-07,2,81.64,Email
O006255,C0723,P0039,2026-01-07,2,81.64,Organic
O006256,C0590,P0040,2026-01-07,3,274.89,Organic
O006257,C0223,P0005,2026-01-07,2,249.38,Paid
O006258,C0761,P0004,2026-01-07,3,999.63,Email
O006259,C0480,P0010,2026-01-07,1,47.44,Paid
O006260,C0353,P0010,2026-01-07,3,142.32,Organic
O006261,C0596,P0010,2026-01-07,3,142.32,Paid
O006262,C0451,P0013,2026-01-07,1,72.89,Email
O006263,C0646,P0017,2026-01-07,3,61.68,Email
O006264,C0158,P0022,2026-01-07,3,262.38,Organic
O006265,C0127,P0021,2026-01-07,3,141.12,Email
O006266,C0355,P0017,2026-01-07,2,41.12,Organic
O006267,C0333,P0020,2026-01-07,3,75.06,Organic
O006268,C0285,P0022,2026-01-07,3,262.38,Organic
O006269,C0017,P0024,2026-01-07,2,63.16,Paid
O006270,C0622,P0019,2026-01-07,3,447.69,Email
O006271,C0127,P0027,2026-01-07,3,85.74,Paid
O006272,C0609,P0038,2026-01-07,2,223.9,Organic
O006273,C0276,P0038,2026-01-07,1,111.95,Referral
O006274,C0353,P0040,2026-01-07,3,274.89,Paid
O006275,C0028,P0003,2026-01-07,2,567.96,Organic
O006276,C0607,P0003,2026-01-07,1,283.98,Paid
O006277,C0633,P0003,2026-01-07,1,283.98,Paid
O006278,C0747,P0011,2026-01-07,2,67.96,Paid
O006279,C0080,P0015,2026-01-07,3,232.89,Paid
O006280,C0253,P0011,2026-01-07,3,101.94,Organic
O006281,C0574,P0022,2026-01-07,3,262.38,Organic
O006282,C0588,P0025,2026-01-07,2,59.52,Organic
O006283,C0350,P0025,2026-01-07,2,59.52,Organic
O006284,C0234,P0039,2026-01-07,1,40.82,Organic
O006285,C0725,P0034,2026-01-07,3,262.47,Paid
O006286,C0743,P0040,2026-01-07,1,91.63,Organic
O006287,C0350,P0040,2026-01-07,3,274.89,Organic
O006288,C0548,P0038,2026-01-07,3,335.85,Paid
O006289,C0515,P0036,2026-01-07,1,58.24,Paid
O006290,C0229,P0008,2026-01-07,1,135.26,Email
O006291,C0512,P0002,2026-01-07,1,90.42,Paid
O006292,C0230,P0005,2026-01-07,1,124.69,Organic
O006293,C0727,P0007,2026-01-07,1,387.23,Organic
O006294,C0090,P0007,2026-01-07,2,774.46,Organic
O006295,C0059,P0006,2026-01-07,3,418.29,Paid
O006296,C0457,P0014,2026-01-07,1,43.37,Organic
O006297,C0419,P0011,2026-01-07,2,67.96,Email
O006298,C0314,P0014,2026-01-07,1,43.37,Organic
O006299,C0070,P0016,2026-01-07,3,92.94,Organic
O006300,C0202,P0012,2026-01-07,1,73.18,Email
O006301,C0140,P0020,2026-01-07,3,75.06,Paid
O006302,C0161,P0018,2026-01-07,1,94.25,Email
O006303,C0221,P0022,2026-01-07,2,174.92,Organic
O006304,C0164,P0019,2026-01-07,1,149.23,Referral
O006305,C0076,P0018,2026-01-07,2,188.5,Paid
O006306,C0302,P0031,2026-01-07,1,33.97,Paid
O006307,C0288,P0027,2026-01-07,3,85.74,Organic
O006308,C0731,P0025,2026-01-07,3,89.28,Organic
O006309,C0011,P0027,2026-01-07,1,28.58,Paid
O006310,C0585,P0030,2026-01-07,3,91.5,Paid
O006311,C0437,P0038,2026-01-07,3,335.85,Email
O006312,C0252,P0033,2026-01-07,3,247.32,Organic
O006313,C0377,P0006,2026-01-08,3,418.29,Organic
O006314,C0613,P0006,2026-01-08,3,418.29,Organic
O006315,C0045,P0003,2026-01-08,1,283.98,Email
O006316,C0386,P0011,2026-01-08,2,67.96,Organic
O006317,C0270,P0015,2026-01-08,1,77.63,Organic
O006318,C0100,P0019,2026-01-08,3,447.69,Paid
O006319,C0722,P0018,2026-01-08,1,94.25,Paid
O006320,C0035,P0017,2026-01-08,3,61.68,Paid
O006321,C0081,P0018,2026-01-08,1,94.25,Organic
O006322,C0382,P0019,2026-01-08,3,447.69,Email
O006323,C0408,P0028,2026-01-08,1,19.44,Organic
O006324,C0768,P0038,2026-01-08,2,223.9,Paid
O006325,C0055,P0035,2026-01-08,2,236.42,Paid
O006326,C0077,P0034,2026-01-08,3,262.47,Paid
O006327,C0058,P0039,2026-01-08,2,81.64,Organic
O006328,C0154,P0004,2026-01-08,2,666.42,Paid
O006329,C0691,P0002,2026-01-08,1,90.42,Email
O006330,C0089,P0022,2026-01-08,2,174.92,Organic
O006331,C0204,P0017,2026-01-08,3,61.68,Organic
O006332,C0355,P0030,2026-01-08,2,61.0,Referral
O006333,C0520,P0032,2026-01-08,1,53.09,Organic
O006334,C0370,P0038,2026-01-08,3,335.85,Paid
O006335,C0185,P0035,2026-01-08,3,354.63,Organic
O006336,C0596,P0033,2026-01-08,2,164.88,Organic
O006337,C0767,P0003,2026-01-08,2,567.96,Organic
O006338,C0092,P0012,2026-01-08,2,146.36,Paid
O006339,C0068,P0009,2026-01-08,1,47.25,Organic
O006340,C0557,P0024,2026-01-08,2,63.16,Organic
O006341,C0033,P0024,2026-01-08,2,63.16,Organic
O006342,C0191,P0020,2026-01-08,1,25.02,Referral
O006343,C0167,P0031,2026-01-08,2,67.94,Organic
O006344,C0564,P0025,2026-01-08,2,59.52,Organic
O006345,C0689,P0033,2026-01-08,1,82.44,Email
O006346,C0206,P0034,2026-01-08,1,87.49,Organic
O006347,C0007,P0033,2026-01-08,3,247.32,Paid
O006348,C0762,P0002,2026-01-08,3,271.26,Paid
O006349,C0572,P0003,2026-01-08,3,851.94,Referral
O006350,C0497,P0014,2026-01-08,2,86.74,Paid
O006351,C0558,P0035,2026-01-08,2,236.42,Organic
O006352,C0263,P0001,2026-01-09,3,1106.34,Email
O006353,C0157,P0004,2026-01-09,3,999.63,Organic
O006354,C0340,P0015,2026-01-09,1,77.63,Organic
O006355,C0482,P0016,2026-01-09,2,61.96,Organic
O006356,C0364,P0012,2026-01-09,1,73.18,Organic
O006357,C0169,P0022,2026-01-09,2,174.92,Organic
O006358,C0603,P0018,2026-01-09,3,282.75,Organic
O006359,C0157,P0021,2026-01-09,2,94.08,Paid
O006360,C0195,P0021,2026-01-09,2,94.08,Email
O006361,C0638,P0023,2026-01-09,2,250.58,Organic
O006362,C0188,P0020,2026-01-09,1,25.02,Organic
O006363,C0482,P0019,2026-01-09,1,149.23,Email
O006364,C0685,P0026,2026-01-09,2,94.7,Paid
O006365,C0553,P0027,2026-01-09,2,57.16,Organic
O006366,C0627,P0028,2026-01-09,3,58.32,Referral
O006367,C0169,P0039,2026-01-09,1,40.82,Organic
O006368,C0599,P0035,2026-01-09,2,236.42,Organic
O006369,C0279,P0006,2026-01-09,3,418.29,Organic
O006370,C0547,P0014,2026-01-09,3,130.11,Organic
O006371,C0223,P0010,2026-01-09,1,47.44,Paid
O006372,C0241,P0012,2026-01-09,3,219.54,Organic
O006373,C0297,P0013,2026-01-09,1,72.89,Email
O006374,C0160,P0012,2026-01-09,1,73.18,Paid
O006375,C0071,P0024,2026-01-09,1,31.58,Paid
O006376,C0608,P0028,2026-01-09,1,19.44,Paid
O006377,C0519,P0029,2026-01-09,1,19.77,Paid
O006378,C0508,P0036,2026-01-09,1,58.24,Organic
O006379,C0156,P0039,2026-01-09,3,122.46,Organic
O006380,C0743,P0004,2026-01-09,3,999.63,Organic
O006381,C0126,P0007,2026-01-09,2,774.46,Organic
O006382,C0414,P0013,2026-01-09,2,145.78,Organic
O006383,C0738,P0013,2026-01-09,2,145.78,Organic
O006384,C0689,P0011,2026-01-09,2,67.96,Organic
O006385,C0266,P0009,2026-01-09,2,94.5,Email
O006386,C0233,P0014,2026-01-09,3,130.11,Referral
O006387,C0220,P0023,2026-01-09,1,125.29,Paid
O006388,C0283,P0020,2026-01-09,2,50.04,Organic
O006389,C0361,P0028,2026-01-09,1,19.44,Organic
O006390,C0536,P0008,2026-01-09,2,270.52,Email
O006391,C0383,P0002,2026-01-09,3,271.26,Paid
O006392,C0562,P0006,2026-01-09,3,418.29,Organic
O006393,C0172,P0008,2026-01-09,2,270.52,Organic
O006394,C0334,P0014,2026-01-09,1,43.37,Organic
O006395,C0500,P0012,2026-01-09,3,219.54,Paid
O006396,C0653,P0021,2026-01-09,2,94.08,Paid
O006397,C0783,P0032,2026-01-09,1,53.09,Email
O006398,C0562,P0025,2026-01-09,3,89.28,Referral
O006399,C0313,P0030,2026-01-09,2,61.0,Paid
O006400,C0118,P0028,2026-01-09,2,38.88,Email
O006401,C0478,P0028,2026-01-09,1,19.44,Referral
O006402,C0307,P0028,2026-01-09,2,38.88,Organic
O006403,C0562,P0038,2026-01-09,1,111.95,Organic
O006404,C0202,P0036,2026-01-09,2,116.48,Paid
O006405,C0256,P0005,2026-01-10,2,249.38,Organic
O006406,C0035,P0004,2026-01-10,3,999.63,Organic
O006407,C0030,P0001,2026-01-10,2,737.56,Organic
O006408,C0583,P0004,2026-01-10,3,999.63,Paid
O006409,C0078,P0007,2026-01-10,2,774.46,Organic
O006410,C0759,P0009,2026-01-10,2,94.5,Referral
O006411,C0799,P0014,2026-01-10,3,130.11,Referral
O006412,C0170,P0016,2026-01-10,1,30.98,Referral
O006413,C0226,P0013,2026-01-10,2,145.78,Organic
O006414,C0058,P0010,2026-01-10,1,47.44,Organic
O006415,C0388,P0011,2026-01-10,3,101.94,Organic
O006416,C0100,P0022,2026-01-10,1,87.46,Paid
O006417,C0523,P0022,2026-01-10,3,262.38,Referral
O006418,C0425,P0027,2026-01-10,3,85.74,Organic
O006419,C0463,P0026,2026-01-10,1,47.35,Email
O006420,C0219,P0028,2026-01-10,3,58.32,Organic
O006421,C0686,P0028,2026-01-10,1,19.44,Organic
O006422,C0019,P0036,2026-01-10,1,58.24,Organic
O006423,C0768,P0039,2026-01-10,3,122.46,Paid
O006424,C0292,P0035,2026-01-10,1,118.21,Paid
O006425,C0799,P0038,2026-01-10,2,223.9,Organic
O006426,C0188,P0034,2026-01-10,2,174.98,Paid
O006427,C0262,P0034,2026-01-10,1,87.49,Organic
O006428,C0236,P0005,2026-01-10,2,249.38,Referral
O006429,C0446,P0001,2026-01-10,1,368.78,Organic
O006430,C0675,P0002,2026-01-10,2,180.84,Email
O006431,C0580,P0019,2026-01-10,2,298.46,Paid
O006432,C0086,P0022,2026-01-10,1,87.46,Paid
O006433,C0623,P0023,2026-01-10,3,375.87,Organic
O006434,C0258,P0018,2026-01-10,3,282.75,Organic
O006435,C0113,P0017,2026-01-10,1,20.56,Organic
O006436,C0675,P0017,2026-01-10,3,61.68,Organic
O006437,C0250,P0017,2026-01-10,2,41.12,Email
O006438,C0713,P0027,2026-01-10,3,85.74,Organic
O006439,C0471,P0025,2026-01-10,2,59.52,Organic
O006440,C0071,P0026,2026-01-10,1,47.35,Paid
O006441,C0018,P0038,2026-01-10,2,223.9,Referral
O006442,C0416,P0007,2026-01-10,1,387.23,Paid
O006443,C0234,P0002,2026-01-10,3,271.26,Paid
O006444,C0681,P0003,2026-01-10,1,283.98,Organic
O006445,C0522,P0014,2026-01-10,2,86.74,Organic
O006446,C0400,P0009,2026-01-10,1,47.25,Email
O006447,C0031,P0009,2026-01-10,3,141.75,Organic
O006448,C0115,P0016,2026-01-10,3,92.94,Paid
O006449,C0080,P0022,2026-01-10,2,174.92,Organic
O006450,C0338,P0019,2026-01-10,3,447.69,Paid
O006451,C0028,P0030,2026-01-10,2,61.0,Paid
O006452,C0389,P0026,2026-01-10,1,47.35,Organic
O006453,C0578,P0034,2026-01-10,2,174.98,Organic
O006454,C0789,P0006,2026-01-10,2,278.86,Organic
O006455,C0072,P0005,2026-01-10,2,249.38,Paid
O006456,C0769,P0005,2026-01-10,1,124.69,Paid
O006457,C0468,P0002,2026-01-10,2,180.84,Paid
O006458,C0149,P0012,2026-01-10,3,219.54,Paid
O006459,C0339,P0015,2026-01-10,3,232.89,Referral
O006460,C0289,P0022,2026-01-10,3,262.38,Referral
O006461,C0407,P0023,2026-01-10,3,375.87,Paid
O006462,C0606,P0023,2026-01-10,1,125.29,Paid
O006463,C0146,P0032,2026-01-10,3,159.27,Organic
O006464,C0314,P0029,2026-01-10,1,19.77,Paid
O006465,C0514,P0034,2026-01-10,2,174.98,Organic
O006466,C0597,P0036,2026-01-10,2,116.48,Organic
O006467,C0579,P0005,2026-01-11,2,249.38,Paid
O006468,C0043,P0007,2026-01-11,3,1161.69,Organic
O006469,C0628,P0004,2026-01-11,3,999.63,Organic
O006470,C0131,P0009,2026-01-11,2,94.5,Email
O006471,C0639,P0012,2026-01-11,2,146.36,Paid
O006472,C0225,P0010,2026-01-11,2,94.88,Organic
O006473,C0784,P0014,2026-01-11,3,130.11,Organic
O006474,C0324,P0019,2026-01-11,2,298.46,Organic
O006475,C0613,P0031,2026-01-11,2,67.94,Paid
O006476,C0464,P0032,2026-01-11,3,159.27,Referral
O006477,C0035,P0029,2026-01-11,3,59.31,Paid
O006478,C0362,P0028,2026-01-11,2,38.88,Paid
O006479,C0043,P0028,2026-01-11,2,38.88,Paid
O006480,C0135,P0027,2026-01-11,3,85.74,Email
O006481,C0043,P0028,2026-01-11,1,19.44,Paid
O006482,C0464,P0035,2026-01-11,3,354.63,Paid
O006483,C0589,P0002,2026-01-11,1,90.42,Paid
O006484,C0646,P0003,2026-01-11,2,567.96,Email
O006485,C0185,P0007,2026-01-11,1,387.23,Organic
O006486,C0241,P0007,2026-01-11,3,1161.69,Organic
O006487,C0326,P0008,2026-01-11,1,135.26,Paid
O006488,C0204,P0002,2026-01-11,2,180.84,Email
O006489,C0646,P0007,2026-01-11,2,774.46,Referral
O006490,C0159,P0003,2026-01-11,2,567.96,Organic
O006491,C0236,P0005,2026-01-11,2,249.38,Referral
O006492,C0795,P0010,2026-01-11,2,94.88,Email
O006493,C0430,P0024,2026-01-11,1,31.58,Referral
O006494,C0444,P0019,2026-01-11,1,149.23,Email
O006495,C0473,P0019,2026-01-11,2,298.46,Referral
O006496,C0665,P0020,2026-01-11,1,25.02,Organic
O006497,C0064,P0023,2026-01-11,3,375.87,Paid
O006498,C0287,P0022,2026-01-11,3,262.38,Paid
O006499,C0480,P0030,2026-01-11,2,61.0,Paid
O006500,C0420,P0036,2026-01-11,1,58.24,Referral
O006501,C0506,P0008,2026-01-11,1,135.26,Referral
O006502,C0647,P0016,2026-01-11,1,30.98,Organic
O006503,C0247,P0012,2026-01-11,1,73.18,Email
O006504,C0440,P0011,2026-01-11,1,33.98,Organic
O006505,C0092,P0023,2026-01-11,2,250.58,Organic
O006506,C0416,P0025,2026-01-11,1,29.76,Organic
O006507,C0414,P0029,2026-01-11,3,59.31,Paid
O006508,C0126,P0027,2026-01-11,2,57.16,Organic
O006509,C0699,P0032,2026-01-11,2,106.18,Email
O006510,C0323,P0037,2026-01-11,3,172.05,Email
O006511,C0517,P0038,2026-01-11,2,223.9,Organic
O006512,C0456,P0001,2026-01-11,1,368.78,Paid
O006513,C0498,P0008,2026-01-11,1,135.26,Organic
O006514,C0328,P0005,2026-01-11,1,124.69,Paid
O006515,C0705,P0006,2026-01-11,1,139.43,Organic
O006516,C0252,P0003,2026-01-11,3,851.94,Organic
O006517,C0314,P0004,2026-01-11,1,333.21,Organic
O006518,C0442,P0003,2026-01-11,2,567.96,Organic
O006519,C0248,P0010,2026-01-11,1,47.44,Email
O006520,C0470,P0010,2026-01-11,3,142.32,Paid
O006521,C0375,P0010,2026-01-11,2,94.88,Email
O006522,C0179,P0022,2026-01-11,2,174.92,Organic
O006523,C0320,P0018,2026-01-11,2,188.5,Paid
O006524,C0653,P0029,2026-01-11,2,39.54,Email
O006525,C0402,P0029,2026-01-11,3,59.31,Paid
O006526,C0199,P0034,2026-01-11,3,262.47,Paid
O006527,C0272,P0036,2026-01-11,1,58.24,Organic
O006528,C0791,P0040,2026-01-11,2,183.26,Referral
O006529,C0448,P0039,2026-01-11,3,122.46,Organic
O006530,C0732,P0009,2026-01-12,3,141.75,Paid
O006531,C0055,P0009,2026-01-12,2,94.5,Organic
O006532,C0336,P0012,2026-01-12,2,146.36,Organic
O006533,C0342,P0010,2026-01-12,1,47.44,Organic
O006534,C0386,P0013,2026-01-12,1,72.89,Email
O006535,C0396,P0017,2026-01-12,1,20.56,Organic
O006536,C0063,P0022,2026-01-12,1,87.46,Organic
O006537,C0729,P0027,2026-01-12,3,85.74,Paid
O006538,C0324,P0036,2026-01-12,1,58.24,Paid
O006539,C0262,P0035,2026-01-12,3,354.63,Organic
O006540,C0687,P0006,2026-01-12,2,278.86,Paid
O006541,C0646,P0001,2026-01-12,3,1106.34,Organic
O006542,C0155,P0016,2026-01-12,2,61.96,Paid
O006543,C0665,P0015,2026-01-12,2,155.26,Organic
O006544,C0569,P0017,2026-01-12,1,20.56,Referral
O006545,C0489,P0022,2026-01-12,2,174.92,Paid
O006546,C0792,P0018,2026-01-12,2,188.5,Organic
O006547,C0786,P0022,2026-01-12,2,174.92,Organic
O006548,C0180,P0032,2026-01-12,3,159.27,Organic
O006549,C0417,P0032,2026-01-12,2,106.18,Paid
O006550,C0241,P0025,2026-01-12,2,59.52,Organic
O006551,C0520,P0034,2026-01-12,3,262.47,Organic
O006552,C0561,P0009,2026-01-12,1,47.25,Organic
O006553,C0007,P0022,2026-01-12,1,87.46,Organic
O006554,C0431,P0028,2026-01-12,2,38.88,Paid
O006555,C0422,P0039,2026-01-12,1,40.82,Email
O006556,C0069,P0001,2026-01-12,2,737.56,Paid
O006557,C0469,P0008,2026-01-12,3,405.78,Referral
O006558,C0354,P0011,2026-01-12,2,67.96,Referral
O006559,C0172,P0021,2026-01-12,1,47.04,Referral
O006560,C0042,P0022,2026-01-12,2,174.92,Organic
O006561,C0311,P0024,2026-01-12,2,63.16,Paid
O006562,C0224,P0021,2026-01-12,3,141.12,Organic
O006563,C0584,P0020,2026-01-12,1,25.02,Email
O006564,C0702,P0031,2026-01-12,2,67.94,Referral
O006565,C0458,P0030,2026-01-12,1,30.5,Paid
O006566,C0678,P0029,2026-01-12,1,19.77,Organic
O006567,C0419,P0031,2026-01-12,3,101.91,Paid
O006568,C0147,P0038,2026-01-12,3,335.85,Referral
O006569,C0477,P0001,2026-01-13,2,737.56,Email
O006570,C0219,P0012,2026-01-13,2,146.36,Referral
O006571,C0639,P0012,2026-01-13,3,219.54,Email
O006572,C0215,P0010,2026-01-13,1,47.44,Referral
O006573,C0263,P0023,2026-01-13,3,375.87,Email
O006574,C0207,P0024,2026-01-13,1,31.58,Paid
O006575,C0169,P0020,2026-01-13,1,25.02,Paid
O006576,C0523,P0026,2026-01-13,3,142.05,Referral
O006577,C0411,P0027,2026-01-13,2,57.16,Email
O006578,C0062,P0039,2026-01-13,2,81.64,Email
O006579,C0717,P0037,2026-01-13,2,114.7,Organic
O006580,C0583,P0040,2026-01-13,3,274.89,Paid
O006581,C0188,P0040,2026-01-13,1,91.63,Email
O006582,C0635,P0015,2026-01-13,3,232.89,Email
O006583,C0086,P0013,2026-01-13,1,72.89,Referral
O006584,C0449,P0010,2026-01-13,3,142.32,Organic
O006585,C0160,P0023,2026-01-13,2,250.58,Organic
O006586,C0454,P0028,2026-01-13,1,19.44,Referral
O006587,C0071,P0034,2026-01-13,1,87.49,Organic
O006588,C0029,P0037,2026-01-13,2,114.7,Referral
O006589,C0373,P0003,2026-01-13,1,283.98,Email
O006590,C0462,P0006,2026-01-13,3,418.29,Paid
O006591,C0540,P0010,2026-01-13,3,142.32,Organic
O006592,C0548,P0014,2026-01-13,1,43.37,Organic
O006593,C0610,P0018,2026-01-13,3,282.75,Organic
O006594,C0253,P0020,2026-01-13,3,75.06,Organic
O006595,C0220,P0022,2026-01-13,3,262.38,Paid
O006596,C0561,P0026,2026-01-13,2,94.7,Paid
O006597,C0485,P0037,2026-01-13,1,57.35,Email
O006598,C0733,P0036,2026-01-13,3,174.72,Organic
O006599,C0511,P0004,2026-01-13,2,666.42,Paid
O006600,C0602,P0003,2026-01-13,2,567.96,Paid
O006601,C0745,P0004,2026-01-13,2,666.42,Paid
O006602,C0715,P0015,2026-01-13,1,77.63,Organic
O006603,C0096,P0013,2026-01-13,3,218.67,Organic
O006604,C0698,P0009,2026-01-13,2,94.5,Paid
O006605,C0790,P0019,2026-01-13,2,298.46,Organic
O006606,C0149,P0018,2026-01-13,3,282.75,Email
O006607,C0337,P0021,2026-01-13,1,47.04,Paid
O006608,C0536,P0024,2026-01-13,2,63.16,Organic
O006609,C0261,P0031,2026-01-13,1,33.97,Paid
O006610,C0797,P0028,2026-01-13,3,58.32,Organic
O006611,C0602,P0032,2026-01-13,3,159.27,Paid
O006612,C0264,P0037,2026-01-13,3,172.05,Paid
O006613,C0372,P0037,2026-01-13,3,172.05,Organic
O006614,C0084,P0039,2026-01-13,1,40.82,Email
O006615,C0504,P0034,2026-01-13,2,174.98,Paid
O006616,C0339,P0038,2026-01-13,1,111.95,Organic
O006617,C0369,P0005,2026-01-14,2,249.38,Paid
O006618,C0482,P0005,2026-01-14,2,249.38,Paid
O006619,C0599,P0003,2026-01-14,2,567.96,Organic
O006620,C0136,P0003,2026-01-14,2,567.96,Referral
O006621,C0732,P0010,2026-01-14,2,94.88,Paid
O006622,C0077,P0017,2026-01-14,1,20.56,Organic
O006623,C0613,P0030,2026-01-14,3,91.5,Paid
O006624,C0638,P0028,2026-01-14,1,19.44,Paid
O006625,C0425,P0026,2026-01-14,3,142.05,Paid
O006626,C0077,P0033,2026-01-14,3,247.32,Organic
O006627,C0406,P0036,2026-01-14,3,174.72,Organic
O006628,C0144,P0037,2026-01-14,2,114.7,Email
O006629,C0127,P0005,2026-01-14,2,249.38,Organic
O006630,C0451,P0001,2026-01-14,3,1106.34,Email
O006631,C0777,P0008,2026-01-14,3,405.78,Organic
O006632,C0519,P0005,2026-01-14,1,124.69,Organic
O006633,C0740,P0010,2026-01-14,3,142.32,Email
O006634,C0412,P0015,2026-01-14,1,77.63,Organic
O006635,C0204,P0012,2026-01-14,2,146.36,Organic
O006636,C0775,P0017,2026-01-14,1,20.56,Organic
O006637,C0486,P0024,2026-01-14,1,31.58,Paid
O006638,C0073,P0028,2026-01-14,1,19.44,Email
O006639,C0014,P0030,2026-01-14,3,91.5,Email
O006640,C0773,P0037,2026-01-14,1,57.35,Organic
O006641,C0689,P0003,2026-01-14,1,283.98,Organic
O006642,C0373,P0004,2026-01-14,1,333.21,Organic
O006643,C0092,P0010,2026-01-14,2,94.88,Referral
O006644,C0689,P0026,2026-01-14,3,142.05,Organic
O006645,C0462,P0028,2026-01-14,3,58.32,Referral
O006646,C0247,P0030,2026-01-14,2,61.0,Referral
O006647,C0689,P0030,2026-01-14,3,91.5,Email
O006648,C0416,P0033,2026-01-14,3,247.32,Email
O006649,C0654,P0038,2026-01-14,3,335.85,Organic
O006650,C0509,P0037,2026-01-14,1,57.35,Organic
O006651,C0705,P0006,2026-01-14,2,278.86,Organic
O006652,C0084,P0007,2026-01-14,2,774.46,Paid
O006653,C0457,P0003,2026-01-14,2,567.96,Email
O006654,C0179,P0008,2026-01-14,2,270.52,Organic
O006655,C0758,P0001,2026-01-14,3,1106.34,Email
O006656,C0783,P0002,2026-01-14,2,180.84,Organic
O006657,C0602,P0002,2026-01-14,1,90.42,Paid
O006658,C0483,P0015,2026-01-14,2,155.26,Email
O006659,C0042,P0021,2026-01-14,3,141.12,Organic
O006660,C0179,P0032,2026-01-14,3,159.27,Paid
O006661,C0011,P0026,2026-01-14,3,142.05,Paid
O006662,C0572,P0034,2026-01-14,2,174.98,Referral
O006663,C0762,P0036,2026-01-14,3,174.72,Organic
O006664,C0093,P0040,2026-01-14,3,274.89,Paid
O006665,C0232,P0033,2026-01-14,1,82.44,Paid
O006666,C0570,P0006,2026-01-15,2,278.86,Organic
O006667,C0341,P0002,2026-01-15,1,90.42,Email
O006668,C0045,P0011,2026-01-15,2,67.96,Organic
O006669,C0228,P0013,2026-01-15,1,72.89,Paid
O006670,C0756,P0011,2026-01-15,1,33.98,Email
O006671,C0063,P0016,2026-01-15,1,30.98,Paid
O006672,C0686,P0013,2026-01-15,3,218.67,Paid
O006673,C0638,P0020,2026-01-15,3,75.06,Email
O006674,C0428,P0023,2026-01-15,2,250.58,Organic
O006675,C0294,P0020,2026-01-15,1,25.02,Organic
O006676,C0477,P0028,2026-01-15,3,58.32,Referral
O006677,C0310,P0026,2026-01-15,1,47.35,Organic
O006678,C0593,P0025,2026-01-15,2,59.52,Organic
O006679,C0425,P0029,2026-01-15,3,59.31,Organic
O006680,C0487,P0035,2026-01-15,2,236.42,Organic
O006681,C0446,P0023,2026-01-15,2,250.58,Organic
O006682,C0519,P0024,2026-01-15,2,63.16,Organic
O006683,C0672,P0030,2026-01-15,2,61.0,Organic
O006684,C0712,P0029,2026-01-15,3,59.31,Organic
O006685,C0486,P0032,2026-01-15,3,159.27,Organic
O006686,C0424,P0035,2026-01-15,3,354.63,Organic
O006687,C0743,P0001,2026-01-15,1,368.78,Paid
O006688,C0496,P0001,2026-01-15,2,737.56,Organic
O006689,C0177,P0016,2026-01-15,3,92.94,Organic
O006690,C0633,P0009,2026-01-15,3,141.75,Organic
O006691,C0323,P0017,2026-01-15,1,20.56,Referral
O006692,C0709,P0021,2026-01-15,3,141.12,Paid
O006693,C0436,P0033,2026-01-15,2,164.88,Organic
O006694,C0647,P0040,2026-01-15,3,274.89,Organic
O006695,C0612,P0023,2026-01-15,2,250.58,Organic
O006696,C0224,P0024,2026-01-15,1,31.58,Referral
O006697,C0653,P0029,2026-01-15,1,19.77,Email
O006698,C0118,P0036,2026-01-15,3,174.72,Organic
O006699,C0419,P0035,2026-01-15,2,236.42,Referral
O006700,C0457,P0038,2026-01-15,2,223.9,Paid
O006701,C0093,P0033,2026-01-15,2,164.88,Organic
O006702,C0579,P0006,2026-01-16,1,139.43,Organic
O006703,C0281,P0003,2026-01-16,2,567.96,Organic
O006704,C0225,P0005,2026-01-16,3,374.07,Organic
O006705,C0341,P0004,2026-01-16,1,333.21,Paid
O006706,C0685,P0007,2026-01-16,1,387.23,Paid
O006707,C0122,P0005,2026-01-16,3,374.07,Paid
O006708,C0717,P0015,2026-01-16,1,77.63,Paid
O006709,C0662,P0016,2026-01-16,1,30.98,Email
O006710,C0396,P0024,2026-01-16,1,31.58,Organic
O006711,C0570,P0021,2026-01-16,2,94.08,Paid
O006712,C0050,P0021,2026-01-16,3,141.12,Organic
O006713,C0228,P0024,2026-01-16,3,94.74,Organic
O006714,C0100,P0021,2026-01-16,3,141.12,Organic
O006715,C0662,P0018,2026-01-16,3,282.75,Referral
O006716,C0368,P0025,2026-01-16,1,29.76,Organic
O006717,C0212,P0032,2026-01-16,2,106.18,Paid
O006718,C0792,P0007,2026-01-16,1,387.23,Organic
O006719,C0532,P0014,2026-01-16,1,43.37,Paid
O006720,C0014,P0013,2026-01-16,3,218.67,Referral
O006721,C0331,P0016,2026-01-16,3,92.94,Organic
O006722,C0761,P0011,2026-01-16,1,33.98,Organic
O006723,C0049,P0022,2026-01-16,3,262.38,Paid
O006724,C0794,P0026,2026-01-16,1,47.35,Paid
O006725,C0267,P0037,2026-01-16,1,57.35,Organic
O006726,C0532,P0040,2026-01-16,2,183.26,Organic
O006727,C0424,P0035,2026-01-16,1,118.21,Paid
O006728,C0414,P0003,2026-01-16,3,851.94,Organic
O006729,C0410,P0006,2026-01-16,3,418.29,Email
O006730,C0561,P0008,2026-01-16,3,405.78,Organic
O006731,C0709,P0011,2026-01-16,2,67.96,Organic
O006732,C0167,P0014,2026-01-16,1,43.37,Email
O006733,C0061,P0024,2026-01-16,2,63.16,Organic
O006734,C0548,P0019,2026-01-16,1,149.23,Referral
O006735,C0751,P0024,2026-01-16,1,31.58,Paid
O006736,C0143,P0032,2026-01-16,2,106.18,Paid
O006737,C0028,P0031,2026-01-16,1,33.97,Paid
O006738,C0076,P0005,2026-01-16,2,249.38,Organic
O006739,C0789,P0012,2026-01-16,1,73.18,Organic
O006740,C0744,P0016,2026-01-16,2,61.96,Organic
O006741,C0437,P0026,2026-01-16,2,94.7,Email
O006742,C0290,P0027,2026-01-16,2,57.16,Paid
O006743,C0550,P0032,2026-01-16,1,53.09,Organic
O006744,C0585,P0035,2026-01-16,1,118.21,Paid
O006745,C0643,P0034,2026-01-16,2,174.98,Organic
O006746,C0357,P0039,2026-01-16,2,81.64,Email
O006747,C0597,P0037,2026-01-16,2,114.7,Organic
O006748,C0015,P0004,2026-01-17,3,999.63,Organic
O006749,C0144,P0008,2026-01-17,2,270.52,Paid
O006750,C0482,P0010,2026-01-17,3,142.32,Paid
O006751,C0005,P0012,2026-01-17,3,219.54,Organic
O006752,C0463,P0014,2026-01-17,3,130.11,Organic
O006753,C0554,P0017,2026-01-17,1,20.56,Paid
O006754,C0209,P0020,2026-01-17,1,25.02,Paid
O006755,C0638,P0018,2026-01-17,1,94.25,Paid
O006756,C0617,P0024,2026-01-17,3,94.74,Organic
O006757,C0364,P0018,2026-01-17,1,94.25,Paid
O006758,C0662,P0023,2026-01-17,1,125.29,Paid
O006759,C0205,P0024,2026-01-17,3,94.74,Organic
O006760,C0342,P0032,2026-01-17,2,106.18,Referral
O006761,C0649,P0025,2026-01-17,3,89.28,Paid
O006762,C0613,P0025,2026-01-17,3,89.28,Organic
O006763,C0225,P0031,2026-01-17,1,33.97,Organic
O006764,C0746,P0039,2026-01-17,1,40.82,Paid
O006765,C0773,P0002,2026-01-17,1,90.42,Organic
O006766,C0575,P0005,2026-01-17,1,124.69,Email
O006767,C0376,P0012,2026-01-17,3,219.54,Organic
O006768,C0792,P0011,2026-01-17,2,67.96,Organic
O006769,C0547,P0017,2026-01-17,2,41.12,Paid
O006770,C0687,P0020,2026-01-17,3,75.06,Organic
O006771,C0180,P0019,2026-01-17,3,447.69,Referral
O006772,C0471,P0027,2026-01-17,1,28.58,Email
O006773,C0712,P0029,2026-01-17,3,59.31,Organic
O006774,C0412,P0038,2026-01-17,3,335.85,Paid
O006775,C0518,P0035,2026-01-17,3,354.63,Email
O006776,C0632,P0036,2026-01-17,1,58.24,Organic
O006777,C0601,P0005,2026-01-17,3,374.07,Email
O006778,C0522,P0007,2026-01-17,3,1161.69,Paid
O006779,C0240,P0024,2026-01-17,2,63.16,Paid
O006780,C0323,P0018,2026-01-17,1,94.25,Paid
O006781,C0299,P0032,2026-01-17,3,159.27,Organic
O006782,C0325,P0032,2026-01-17,2,106.18,Organic
O006783,C0245,P0031,2026-01-17,1,33.97,Paid
O006784,C0245,P0025,2026-01-17,1,29.76,Organic
O006785,C0503,P0032,2026-01-17,3,159.27,Organic
O006786,C0548,P0029,2026-01-17,3,59.31,Email
O006787,C0647,P0040,2026-01-17,2,183.26,Organic
O006788,C0584,P0007,2026-01-17,3,1161.69,Referral
O006789,C0023,P0010,2026-01-17,2,94.88,Paid
O006790,C0469,P0012,2026-01-17,1,73.18,Organic
O006791,C0023,P0014,2026-01-17,2,86.74,Email
O006792,C0688,P0012,2026-01-17,3,219.54,Paid
O006793,C0070,P0014,2026-01-17,1,43.37,Organic
O006794,C0726,P0011,2026-01-17,2,67.96,Organic
O006795,C0558,P0023,2026-01-17,2,250.58,Organic
O006796,C0448,P0021,2026-01-17,2,94.08,Email
O006797,C0434,P0028,2026-01-17,3,58.32,Organic
O006798,C0562,P0026,2026-01-17,1,47.35,Organic
O006799,C0419,P0030,2026-01-17,1,30.5,Paid
O006800,C0643,P0026,2026-01-17,1,47.35,Paid
O006801,C0173,P0038,2026-01-17,3,335.85,Organic
O006802,C0696,P0034,2026-01-17,2,174.98,Organic
O006803,C0789,P0033,2026-01-17,2,164.88,Paid
O006804,C0612,P0037,2026-01-17,1,57.35,Organic
O006805,C0591,P0037,2026-01-17,1,57.35,Paid
O006806,C0461,P0003,2026-01-18,2,567.96,Organic
O006807,C0188,P0003,2026-01-18,3,851.94,Email
O006808,C0447,P0015,2026-01-18,3,232.89,Organic
O006809,C0408,P0021,2026-01-18,3,141.12,Organic
O006810,C0593,P0019,2026-01-18,3,447.69,Organic
O006811,C0078,P0022,2026-01-18,3,262.38,Paid
O006812,C0088,P0032,2026-01-18,1,53.09,Organic
O006813,C0717,P0030,2026-01-18,1,30.5,Email
O006814,C0593,P0031,2026-01-18,3,101.91,Organic
O006815,C0756,P0027,2026-01-18,1,28.58,Organic
O006816,C0631,P0025,2026-01-18,2,59.52,Organic
O006817,C0209,P0039,2026-01-18,3,122.46,Email
O006818,C0310,P0033,2026-01-18,2,164.88,Referral
O006819,C0369,P0039,2026-01-18,2,81.64,Paid
O006820,C0185,P0006,2026-01-18,2,278.86,Paid
O006821,C0547,P0002,2026-01-18,1,90.42,Organic
O006822,C0635,P0007,2026-01-18,2,774.46,Paid
O006823,C0223,P0013,2026-01-18,3,218.67,Email
O006824,C0661,P0010,2026-01-18,2,94.88,Organic
O006825,C0008,P0010,2026-01-18,2,94.88,Organic
O006826,C0250,P0009,2026-01-18,2,94.5,Email
O006827,C0750,P0025,2026-01-18,2,59.52,Paid
O006828,C0154,P0030,2026-01-18,2,61.0,Email
O006829,C0712,P0025,2026-01-18,3,89.28,Organic
O006830,C0331,P0036,2026-01-18,3,174.72,Email
O006831,C0017,P0036,2026-01-18,3,174.72,Paid
O006832,C0134,P0035,2026-01-18,1,118.21,Organic
O006833,C0143,P0002,2026-01-18,2,180.84,Paid
O006834,C0689,P0008,2026-01-18,2,270.52,Organic
O006835,C0138,P0001,2026-01-18,3,1106.34,Referral
O006836,C0436,P0011,2026-01-18,1,33.98,Organic
O006837,C0400,P0020,2026-01-18,1,25.02,Organic
O006838,C0009,P0018,2026-01-18,3,282.75,Organic
O006839,C0610,P0029,2026-01-18,1,19.77,Organic
O006840,C0754,P0028,2026-01-18,1,19.44,Paid
O006841,C0548,P0025,2026-01-18,1,29.76,Organic
O006842,C0266,P0038,2026-01-18,3,335.85,Organic
O006843,C0610,P0037,2026-01-18,2,114.7,Paid
O006844,C0673,P0001,2026-01-18,2,737.56,Paid
O006845,C0316,P0006,2026-01-18,1,139.43,Organic
O006846,C0720,P0008,2026-01-18,1,135.26,Organic
O006847,C0199,P0016,2026-01-18,1,30.98,Paid
O006848,C0562,P0011,2026-01-18,2,67.96,Organic
O006849,C0316,P0012,2026-01-18,1,73.18,Organic
O006850,C0696,P0022,2026-01-18,1,87.46,Organic
O006851,C0002,P0017,2026-01-18,2,41.12,Organic
O006852,C0328,P0017,2026-01-18,1,20.56,Email
O006853,C0261,P0023,2026-01-18,2,250.58,Email
O006854,C0147,P0029,2026-01-18,1,19.77,Paid
O006855,C0434,P0032,2026-01-18,1,53.09,Organic
O006856,C0358,P0038,2026-01-18,3,335.85,Organic
O006857,C0511,P0039,2026-01-18,3,122.46,Organic
O006858,C0144,P0008,2026-01-19,1,135.26,Organic
O006859,C0463,P0015,2026-01-19,1,77.63,Organic
O006860,C0182,P0010,2026-01-19,2,94.88,Referral
O006861,C0104,P0016,2026-01-19,1,30.98,Paid
O006862,C0411,P0022,2026-01-19,3,262.38,Email
O006863,C0055,P0017,2026-01-19,3,61.68,Email
O006864,C0581,P0019,2026-01-19,1,149.23,Paid
O006865,C0169,P0030,2026-01-19,3,91.5,Paid
O006866,C0054,P0001,2026-01-19,3,1106.34,Organic
O006867,C0547,P0016,2026-01-19,1,30.98,Email
O006868,C0353,P0010,2026-01-19,2,94.88,Organic
O006869,C0792,P0012,2026-01-19,3,219.54,Paid
O006870,C0713,P0020,2026-01-19,2,50.04,Referral
O006871,C0534,P0024,2026-01-19,3,94.74,Referral
O006872,C0006,P0030,2026-01-19,1,30.5,Email
O006873,C0353,P0037,2026-01-19,3,172.05,Paid
O006874,C0276,P0040,2026-01-19,3,274.89,Paid
O006875,C0158,P0035,2026-01-19,2,236.42,Organic
O006876,C0780,P0001,2026-01-19,1,368.78,Paid
O006877,C0233,P0004,2026-01-19,2,666.42,Paid
O006878,C0033,P0001,2026-01-19,1,368.78,Organic
O006879,C0246,P0011,2026-01-19,3,101.94,Email
O006880,C0167,P0009,2026-01-19,2,94.5,Paid
O006881,C0305,P0012,2026-01-19,1,73.18,Email
O006882,C0327,P0020,2026-01-19,1,25.02,Organic
O006883,C0699,P0017,2026-01-19,2,41.12,Organic
O006884,C0025,P0039,2026-01-19,2,81.64,Email
O006885,C0329,P0003,2026-01-19,3,851.94,Organic
O006886,C0731,P0012,2026-01-19,3,219.54,Paid
O006887,C0478,P0009,2026-01-19,2,94.5,Email
O006888,C0478,P0018,2026-01-19,3,282.75,Organic
O006889,C0290,P0022,2026-01-19,2,174.92,Organic
O006890,C0550,P0018,2026-01-19,1,94.25,Organic
O006891,C0337,P0021,2026-01-19,3,141.12,Organic
O006892,C0090,P0030,2026-01-19,2,61.0,Organic
O006893,C0313,P0026,2026-01-19,2,94.7,Email
O006894,C0096,P0027,2026-01-19,2,57.16,Organic
O006895,C0432,P0029,2026-01-19,2,39.54,Organic
O006896,C0164,P0036,2026-01-19,2,116.48,Email
O006897,C0252,P0035,2026-01-19,3,354.63,Referral
O006898,C0797,P0036,2026-01-19,2,116.48,Organic
O006899,C0500,P0035,2026-01-19,1,118.21,Email
O006900,C0620,P0014,2026-01-20,3,130.11,Paid
O006901,C0639,P0013,2026-01-20,2,145.78,Paid
O006902,C0638,P0018,2026-01-20,3,282.75,Paid
O006903,C0627,P0019,2026-01-20,1,149.23,Paid
O006904,C0322,P0027,2026-01-20,3,85.74,Paid
O006905,C0662,P0031,2026-01-20,2,67.94,Email
O006906,C0198,P0037,2026-01-20,3,172.05,Email
O006907,C0244,P0007,2026-01-20,1,387.23,Paid
O006908,C0430,P0008,2026-01-20,2,270.52,Paid
O006909,C0047,P0008,2026-01-20,1,135.26,Organic
O006910,C0728,P0002,2026-01-20,3,271.26,Email
O006911,C0254,P0006,2026-01-20,2,278.86,Organic
O006912,C0276,P0014,2026-01-20,2,86.74,Organic
O006913,C0086,P0012,2026-01-20,1,73.18,Paid
O006914,C0439,P0009,2026-01-20,2,94.5,Organic
O006915,C0071,P0020,2026-01-20,1,25.02,Paid
O006916,C0154,P0022,2026-01-20,2,174.92,Organic
O006917,C0079,P0030,2026-01-20,2,61.0,Organic
O006918,C0486,P0030,2026-01-20,1,30.5,Referral
O006919,C0162,P0031,2026-01-20,1,33.97,Email
O006920,C0635,P0031,2026-01-20,1,33.97,Organic
O006921,C0792,P0033,2026-01-20,3,247.32,Organic
O006922,C0193,P0035,2026-01-20,2,236.42,Organic
O006923,C0557,P0007,2026-01-20,2,774.46,Organic
O006924,C0738,P0008,2026-01-20,3,405.78,Organic
O006925,C0028,P0007,2026-01-20,1,387.23,Paid
O006926,C0283,P0001,2026-01-20,1,368.78,Email
O006927,C0360,P0002,2026-01-20,3,271.26,Paid
O006928,C0080,P0003,2026-01-20,1,283.98,Paid
O006929,C0400,P0010,2026-01-20,2,94.88,Organic
O006930,C0400,P0010,2026-01-20,1,47.44,Organic
O006931,C0211,P0016,2026-01-20,2,61.96,Paid
O006932,C0499,P0019,2026-01-20,2,298.46,Referral
O006933,C0517,P0028,2026-01-20,3,58.32,Organic
O006934,C0194,P0038,2026-01-20,3,335.85,Email
O006935,C0503,P0038,2026-01-20,2,223.9,Email
O006936,C0092,P0039,2026-01-20,3,122.46,Organic
O006937,C0504,P0004,2026-01-20,2,666.42,Email
O006938,C0261,P0002,2026-01-20,1,90.42,Paid
O006939,C0394,P0005,2026-01-20,1,124.69,Paid
O006940,C0724,P0002,2026-01-20,2,180.84,Organic
O006941,C0311,P0016,2026-01-20,3,92.94,Paid
O006942,C0013,P0015,2026-01-20,1,77.63,Paid
O006943,C0724,P0014,2026-01-20,3,130.11,Organic
O006944,C0696,P0020,2026-01-20,1,25.02,Paid
O006945,C0568,P0020,2026-01-20,2,50.04,Referral
O006946,C0479,P0024,2026-01-20,3,94.74,Referral
O006947,C0189,P0020,2026-01-20,2,50.04,Paid
O006948,C0320,P0028,2026-01-20,1,19.44,Organic
O006949,C0372,P0036,2026-01-20,1,58.24,Referral
O006950,C0409,P0033,2026-01-20,1,82.44,Organic
O006951,C0798,P0037,2026-01-20,2,114.7,Paid
O006952,C0673,P0035,2026-01-20,1,118.21,Paid
O006953,C0270,P0009,2026-01-21,2,94.5,Paid
O006954,C0128,P0010,2026-01-21,1,47.44,Organic
O006955,C0627,P0014,2026-01-21,3,130.11,Email
O006956,C0759,P0019,2026-01-21,3,447.69,Paid
O006957,C0631,P0019,2026-01-21,2,298.46,Organic
O006958,C0382,P0018,2026-01-21,3,282.75,Organic
O006959,C0088,P0022,2026-01-21,2,174.92,Organic
O006960,C0388,P0022,2026-01-21,3,262.38,Organic
O006961,C0371,P0031,2026-01-21,3,101.91,Organic
O006962,C0799,P0038,2026-01-21,3,335.85,Paid
O006963,C0298,P0040,2026-01-21,2,183.26,Organic
O006964,C0295,P0038,2026-01-21,3,335.85,Paid
O006965,C0169,P0037,2026-01-21,2,114.7,Paid
O006966,C0534,P0012,2026-01-21,1,73.18,Email
O006967,C0449,P0023,2026-01-21,1,125.29,Organic
O006968,C0353,P0019,2026-01-21,3,447.69,Organic
O006969,C0614,P0027,2026-01-21,1,28.58,Paid
O006970,C0471,P0027,2026-01-21,3,85.74,Organic
O006971,C0777,P0030,2026-01-21,1,30.5,Email
O006972,C0056,P0036,2026-01-21,1,58.24,Email
O006973,C0699,P0008,2026-01-21,1,135.26,Email
O006974,C0338,P0008,2026-01-21,3,405.78,Referral
O006975,C0305,P0001,2026-01-21,3,1106.34,Organic
O006976,C0787,P0005,2026-01-21,2,249.38,Organic
O006977,C0206,P0013,2026-01-21,3,218.67,Organic
O006978,C0083,P0017,2026-01-21,3,61.68,Paid
O006979,C0490,P0018,2026-01-21,2,188.5,Paid
O006980,C0227,P0017,2026-01-21,1,20.56,Email
O006981,C0561,P0038,2026-01-21,2,223.9,Referral
O006982,C0470,P0004,2026-01-21,1,333.21,Paid
O006983,C0758,P0016,2026-01-21,3,92.94,Organic
O006984,C0783,P0020,2026-01-21,1,25.02,Organic
O006985,C0458,P0018,2026-01-21,1,94.25,Organic
O006986,C0457,P0025,2026-01-21,3,89.28,Referral
O006987,C0469,P0026,2026-01-21,1,47.35,Referral
O006988,C0789,P0030,2026-01-21,2,61.0,Email
O006989,C0118,P0035,2026-01-21,3,354.63,Paid
O006990,C0304,P0034,2026-01-21,3,262.47,Paid
O006991,C0443,P0004,2026-01-22,1,333.21,Organic
O006992,C0310,P0011,2026-01-22,3,101.94,Paid
O006993,C0364,P0012,2026-01-22,1,73.18,Organic
O006994,C0104,P0015,2026-01-22,1,77.63,Organic
O006995,C0502,P0019,2026-01-22,1,149.23,Email
O006996,C0403,P0022,2026-01-22,2,174.92,Paid
O006997,C0386,P0029,2026-01-22,2,39.54,Paid
O006998,C0055,P0031,2026-01-22,1,33.97,Paid
O006999,C0487,P0028,2026-01-22,3,58.32,Paid
O007000,C0662,P0027,2026-01-22,1,28.58,Organic
O007001,C0618,P0028,2026-01-22,1,19.44,Referral
O007002,C0135,P0029,2026-01-22,2,39.54,Paid
O007003,C0043,P0040,2026-01-22,1,91.63,Organic
O007004,C0228,P0038,2026-01-22,2,223.9,Organic
O007005,C0583,P0037,2026-01-22,3,172.05,Referral
O007006,C0701,P0002,2026-01-22,1,90.42,Organic
O007007,C0642,P0006,2026-01-22,3,418.29,Referral
O007008,C0764,P0005,2026-01-22,3,374.07,Email
O007009,C0518,P0005,2026-01-22,3,374.07,Paid
O007010,C0537,P0002,2026-01-22,1,90.42,Email
O007011,C0178,P0006,2026-01-22,1,139.43,Paid
O007012,C0412,P0016,2026-01-22,3,92.94,Organic
O007013,C0614,P0012,2026-01-22,2,146.36,Email
O007014,C0519,P0011,2026-01-22,3,101.94,Organic
O007015,C0376,P0020,2026-01-22,3,75.06,Organic
O007016,C0644,P0017,2026-01-22,2,41.12,Referral
O007017,C0424,P0020,2026-01-22,2,50.04,Referral
O007018,C0672,P0020,2026-01-22,2,50.04,Organic
O007019,C0665,P0026,2026-01-22,3,142.05,Paid
O007020,C0064,P0027,2026-01-22,3,85.74,Paid
O007021,C0049,P0036,2026-01-22,2,116.48,Paid
O007022,C0249,P0038,2026-01-22,3,335.85,Organic
O007023,C0575,P0034,2026-01-22,2,174.98,Referral
O007024,C0060,P0036,2026-01-22,3,174.72,Organic
O007025,C0083,P0006,2026-01-22,1,139.43,Organic
O007026,C0743,P0002,2026-01-22,3,271.26,Organic
O007027,C0647,P0017,2026-01-22,2,41.12,Email
O007028,C0191,P0021,2026-01-22,1,47.04,Referral
O007029,C0033,P0023,2026-01-22,3,375.87,Email
O007030,C0338,P0029,2026-01-22,1,19.77,Paid
O007031,C0517,P0025,2026-01-22,2,59.52,Referral
O007032,C0517,P0027,2026-01-22,3,85.74,Organic
O007033,C0468,P0005,2026-01-22,1,124.69,Paid
O007034,C0753,P0010,2026-01-22,2,94.88,Organic
O007035,C0770,P0011,2026-01-22,1,33.98,Organic
O007036,C0432,P0021,2026-01-22,1,47.04,Paid
O007037,C0448,P0034,2026-01-22,3,262.47,Paid
O007038,C0582,P0037,2026-01-22,3,172.05,Email
O007039,C0263,P0008,2026-01-23,3,405.78,Email
O007040,C0638,P0004,2026-01-23,1,333.21,Paid
O007041,C0477,P0002,2026-01-23,3,271.26,Organic
O007042,C0774,P0001,2026-01-23,3,1106.34,Organic
O007043,C0088,P0015,2026-01-23,3,232.89,Email
O007044,C0428,P0020,2026-01-23,2,50.04,Email
O007045,C0447,P0017,2026-01-23,1,20.56,Paid
O007046,C0219,P0018,2026-01-23,3,282.75,Organic
O007047,C0603,P0023,2026-01-23,1,125.29,Paid
O007048,C0295,P0020,2026-01-23,3,75.06,Organic
O007049,C0671,P0032,2026-01-23,3,159.27,Referral
O007050,C0464,P0032,2026-01-23,3,159.27,Paid
O007051,C0043,P0028,2026-01-23,2,38.88,Organic
O007052,C0628,P0039,2026-01-23,2,81.64,Organic
O007053,C0482,P0037,2026-01-23,1,57.35,Email
O007054,C0363,P0033,2026-01-23,3,247.32,Organic
O007055,C0135,P0037,2026-01-23,3,172.05,Paid
O007056,C0128,P0033,2026-01-23,1,82.44,Email
O007057,C0508,P0005,2026-01-23,1,124.69,Referral
O007058,C0204,P0008,2026-01-23,1,135.26,Paid
O007059,C0785,P0004,2026-01-23,1,333.21,Organic
O007060,C0773,P0010,2026-01-23,1,47.44,Email
O007061,C0589,P0010,2026-01-23,3,142.32,Organic
O007062,C0596,P0016,2026-01-23,2,61.96,Paid
O007063,C0644,P0018,2026-01-23,1,94.25,Organic
O007064,C0204,P0017,2026-01-23,1,20.56,Organic
O007065,C0057,P0031,2026-01-23,1,33.97,Paid
O007066,C0018,P0031,2026-01-23,3,101.91,Organic
O007067,C0244,P0028,2026-01-23,3,58.32,Paid
O007068,C0508,P0037,2026-01-23,2,114.7,Organic
O007069,C0545,P0035,2026-01-23,2,236.42,Paid
O007070,C0211,P0004,2026-01-23,3,999.63,Organic
O007071,C0610,P0007,2026-01-23,2,774.46,Email
O007072,C0548,P0007,2026-01-23,3,1161.69,Organic
O007073,C0564,P0008,2026-01-23,1,135.26,Paid
O007074,C0327,P0016,2026-01-23,2,61.96,Organic
O007075,C0323,P0011,2026-01-23,3,101.94,Email
O007076,C0610,P0012,2026-01-23,3,219.54,Paid
O007077,C0227,P0021,2026-01-23,3,141.12,Paid
O007078,C0183,P0017,2026-01-23,3,61.68,Paid
O007079,C0325,P0018,2026-01-23,3,282.75,Paid
O007080,C0315,P0022,2026-01-23,1,87.46,Organic
O007081,C0165,P0018,2026-01-23,3,282.75,Email
O007082,C0083,P0024,2026-01-23,2,63.16,Email
O007083,C0177,P0033,2026-01-23,3,247.32,Paid
O007084,C0383,P0004,2026-01-23,1,333.21,Email
O007085,C0027,P0005,2026-01-23,3,374.07,Paid
O007086,C0358,P0014,2026-01-23,3,130.11,Paid
O007087,C0666,P0016,2026-01-23,1,30.98,Paid
O007088,C0497,P0012,2026-01-23,2,146.36,Organic
O007089,C0409,P0010,2026-01-23,1,47.44,Organic
O007090,C0696,P0023,2026-01-23,2,250.58,Organic
O007091,C0585,P0021,2026-01-23,1,47.04,Paid
O007092,C0146,P0024,2026-01-23,2,63.16,Organic
O007093,C0179,P0032,2026-01-23,2,106.18,Organic
O007094,C0059,P0025,2026-01-23,3,89.28,Organic
O007095,C0652,P0040,2026-01-23,2,183.26,Paid
O007096,C0636,P0034,2026-01-23,3,262.47,Organic
O007097,C0199,P0040,2026-01-23,2,183.26,Referral
O007098,C0652,P0040,2026-01-23,1,91.63,Paid
O007099,C0170,P0002,2026-01-24,3,271.26,Referral
O007100,C0263,P0008,2026-01-24,1,135.26,Organic
O007101,C0277,P0005,2026-01-24,1,124.69,Paid
O007102,C0443,P0010,2026-01-24,1,47.44,Email
O007103,C0171,P0009,2026-01-24,1,47.25,Paid
O007104,C0128,P0016,2026-01-24,1,30.98,Paid
O007105,C0447,P0022,2026-01-24,1,87.46,Email
O007106,C0445,P0022,2026-01-24,1,87.46,Email
O007107,C0445,P0023,2026-01-24,2,250.58,Paid
O007108,C0377,P0028,2026-01-24,1,19.44,Paid
O007109,C0043,P0030,2026-01-24,2,61.0,Referral
O007110,C0628,P0037,2026-01-24,1,57.35,Paid
O007111,C0277,P0038,2026-01-24,3,335.85,Organic
O007112,C0268,P0039,2026-01-24,1,40.82,Organic
O007113,C0510,P0034,2026-01-24,1,87.49,Paid
O007114,C0239,P0008,2026-01-24,3,405.78,Email
O007115,C0605,P0005,2026-01-24,3,374.07,Email
O007116,C0486,P0003,2026-01-24,1,283.98,Organic
O007117,C0420,P0011,2026-01-24,2,67.96,Paid
O007118,C0236,P0014,2026-01-24,3,130.11,Organic
O007119,C0734,P0016,2026-01-24,2,61.96,Organic
O007120,C0609,P0021,2026-01-24,1,47.04,Paid
O007121,C0397,P0023,2026-01-24,1,125.29,Organic
O007122,C0379,P0019,2026-01-24,3,447.69,Organic
O007123,C0089,P0019,2026-01-24,2,298.46,Organic
O007124,C0223,P0020,2026-01-24,1,25.02,Organic
O007125,C0113,P0031,2026-01-24,2,67.94,Paid
O007126,C0777,P0027,2026-01-24,3,85.74,Organic
O007127,C0126,P0001,2026-01-24,2,737.56,Referral
O007128,C0462,P0005,2026-01-24,2,249.38,Email
O007129,C0513,P0005,2026-01-24,3,374.07,Referral
O007130,C0692,P0005,2026-01-24,3,374.07,Paid
O007131,C0607,P0006,2026-01-24,1,139.43,Organic
O007132,C0028,P0010,2026-01-24,1,47.44,Organic
O007133,C0323,P0019,2026-01-24,3,447.69,Email
O007134,C0725,P0018,2026-01-24,3,282.75,Referral
O007135,C0009,P0028,2026-01-24,1,19.44,Paid
O007136,C0404,P0030,2026-01-24,3,91.5,Paid
O007137,C0359,P0030,2026-01-24,2,61.0,Organic
O007138,C0115,P0034,2026-01-24,3,262.47,Organic
O007139,C0500,P0005,2026-01-24,3,374.07,Organic
O007140,C0272,P0002,2026-01-24,3,271.26,Organic
O007141,C0498,P0009,2026-01-24,1,47.25,Paid
O007142,C0150,P0010,2026-01-24,3,142.32,Email
O007143,C0612,P0013,2026-01-24,1,72.89,Email
O007144,C0566,P0019,2026-01-24,3,447.69,Email
O007145,C0164,P0017,2026-01-24,1,20.56,Paid
O007146,C0375,P0024,2026-01-24,2,63.16,Email
O007147,C0023,P0026,2026-01-24,1,47.35,Organic
O007148,C0678,P0037,2026-01-24,1,57.35,Referral
O007149,C0252,P0037,2026-01-24,2,114.7,Organic
O007150,C0798,P0033,2026-01-24,3,247.32,Referral
O007151,C0188,P0008,2026-01-25,2,270.52,Organic
O007152,C0215,P0007,2026-01-25,1,387.23,Organic
O007153,C0262,P0004,2026-01-25,3,999.63,Paid
O007154,C0198,P0009,2026-01-25,2,94.5,Organic
O007155,C0487,P0015,2026-01-25,1,77.63,Organic
O007156,C0055,P0009,2026-01-25,1,47.25,Paid
O007157,C0116,P0020,2026-01-25,1,25.02,Organic
O007158,C0020,P0025,2026-01-25,2,59.52,Referral
O007159,C0081,P0031,2026-01-25,3,101.91,Referral
O007160,C0295,P0028,2026-01-25,2,38.88,Organic
O007161,C0443,P0035,2026-01-25,3,354.63,Referral
O007162,C0611,P0034,2026-01-25,1,87.49,Organic
O007163,C0617,P0036,2026-01-25,3,174.72,Paid
O007164,C0371,P0038,2026-01-25,2,223.9,Email
O007165,C0729,P0038,2026-01-25,2,223.9,Email
O007166,C0441,P0002,2026-01-25,2,180.84,Organic
O007167,C0073,P0018,2026-01-25,1,94.25,Organic
O007168,C0054,P0019,2026-01-25,3,447.69,Paid
O007169,C0420,P0022,2026-01-25,3,262.38,Email
O007170,C0645,P0032,2026-01-25,3,159.27,Organic
O007171,C0285,P0028,2026-01-25,1,19.44,Email
O007172,C0480,P0029,2026-01-25,3,59.31,Paid
O007173,C0254,P0025,2026-01-25,1,29.76,Organic
O007174,C0575,P0038,2026-01-25,3,335.85,Paid
O007175,C0608,P0039,2026-01-25,1,40.82,Email
O007176,C0180,P0037,2026-01-25,3,172.05,Organic
O007177,C0361,P0005,2026-01-25,2,249.38,Email
O007178,C0462,P0006,2026-01-25,1,139.43,Paid
O007179,C0405,P0001,2026-01-25,1,368.78,Email
O007180,C0401,P0014,2026-01-25,1,43.37,Organic
O007181,C0588,P0020,2026-01-25,2,50.04,Organic
O007182,C0269,P0025,2026-01-25,1,29.76,Email
O007183,C0548,P0030,2026-01-25,1,30.5,Organic
O007184,C0325,P0029,2026-01-25,1,19.77,Paid
O007185,C0034,P0037,2026-01-25,1,57.35,Organic
O007186,C0500,P0001,2026-01-25,1,368.78,Paid
O007187,C0497,P0005,2026-01-25,1,124.69,Paid
O007188,C0442,P0007,2026-01-25,3,1161.69,Email
O007189,C0769,P0003,2026-01-25,1,283.98,Referral
O007190,C0011,P0013,2026-01-25,2,145.78,Paid
O007191,C0800,P0009,2026-01-25,3,141.75,Organic
O007192,C0702,P0010,2026-01-25,1,47.44,Referral
O007193,C0762,P0016,2026-01-25,2,61.96,Referral
O007194,C0736,P0017,2026-01-25,3,61.68,Paid
O007195,C0357,P0022,2026-01-25,1,87.46,Organic
O007196,C0265,P0017,2026-01-25,1,20.56,Paid
O007197,C0202,P0030,2026-01-25,1,30.5,Referral
O007198,C0229,P0027,2026-01-25,2,57.16,Referral
O007199,C0782,P0031,2026-01-25,1,33.97,Email
O007200,C0736,P0029,2026-01-25,2,39.54,Paid
O007201,C0668,P0033,2026-01-25,2,164.88,Organic
O007202,C0296,P0036,2026-01-25,2,116.48,Organic
O007203,C0228,P0012,2026-01-26,3,219.54,Organic
O007204,C0237,P0012,2026-01-26,1,73.18,Organic
O007205,C0065,P0014,2026-01-26,3,130.11,Organic
O007206,C0292,P0009,2026-01-26,3,141.75,Paid
O007207,C0340,P0023,2026-01-26,2,250.58,Organic
O007208,C0107,P0021,2026-01-26,1,47.04,Organic
O007209,C0729,P0027,2026-01-26,3,85.74,Organic
O007210,C0583,P0030,2026-01-26,3,91.5,Referral
O007211,C0426,P0030,2026-01-26,3,91.5,Email
O007212,C0714,P0033,2026-01-26,1,82.44,Email
O007213,C0324,P0036,2026-01-26,2,116.48,Organic
O007214,C0063,P0034,2026-01-26,2,174.98,Paid
O007215,C0765,P0037,2026-01-26,3,172.05,Paid
O007216,C0228,P0035,2026-01-26,3,354.63,Paid
O007217,C0236,P0006,2026-01-26,1,139.43,Organic
O007218,C0519,P0008,2026-01-26,1,135.26,Organic
O007219,C0646,P0005,2026-01-26,1,124.69,Referral
O007220,C0355,P0011,2026-01-26,2,67.96,Paid
O007221,C0276,P0016,2026-01-26,3,92.94,Organic
O007222,C0712,P0015,2026-01-26,2,155.26,Referral
O007223,C0480,P0009,2026-01-26,3,141.75,Referral
O007224,C0154,P0022,2026-01-26,1,87.46,Organic
O007225,C0480,P0023,2026-01-26,3,375.87,Organic
O007226,C0267,P0032,2026-01-26,2,106.18,Referral
O007227,C0424,P0028,2026-01-26,1,19.44,Paid
O007228,C0522,P0006,2026-01-26,2,278.86,Email
O007229,C0266,P0004,2026-01-26,2,666.42,Referral
O007230,C0711,P0013,2026-01-26,1,72.89,Organic
O007231,C0206,P0023,2026-01-26,1,125.29,Paid
O007232,C0234,P0018,2026-01-26,1,94.25,Paid
O007233,C0165,P0021,2026-01-26,2,94.08,Paid
O007234,C0506,P0031,2026-01-26,1,33.97,Organic
O007235,C0068,P0025,2026-01-26,1,29.76,Organic
O007236,C0183,P0025,2026-01-26,1,29.76,Organic
O007237,C0040,P0029,2026-01-26,3,59.31,Organic
O007238,C0780,P0033,2026-01-26,1,82.44,Email
O007239,C0338,P0034,2026-01-26,3,262.47,Paid
O007240,C0790,P0004,2026-01-26,3,999.63,Email
O007241,C0307,P0002,2026-01-26,1,90.42,Organic
O007242,C0770,P0008,2026-01-26,3,405.78,Paid
O007243,C0304,P0016,2026-01-26,1,30.98,Organic
O007244,C0069,P0020,2026-01-26,1,25.02,Organic
O007245,C0202,P0019,2026-01-26,3,447.69,Paid
O007246,C0475,P0024,2026-01-26,2,63.16,Email
O007247,C0072,P0019,2026-01-26,1,149.23,Organic
O007248,C0668,P0026,2026-01-26,2,94.7,Organic
O007249,C0300,P0031,2026-01-26,2,67.94,Email
O007250,C0121,P0030,2026-01-26,3,91.5,Organic
O007251,C0500,P0027,2026-01-26,1,28.58,Paid
O007252,C0090,P0031,2026-01-26,2,67.94,Organic
O007253,C0354,P0028,2026-01-26,1,19.44,Organic
O007254,C0771,P0030,2026-01-26,1,30.5,Organic
O007255,C0151,P0031,2026-01-26,1,33.97,Organic
O007256,C0800,P0034,2026-01-26,3,262.47,Email
O007257,C0736,P0038,2026-01-26,3,335.85,Organic
O007258,C0407,P0034,2026-01-26,2,174.98,Email
O007259,C0189,P0034,2026-01-26,3,262.47,Paid
O007260,C0523,P0002,2026-01-27,3,271.26,Organic
O007261,C0292,P0010,2026-01-27,1,47.44,Organic
O007262,C0005,P0014,2026-01-27,3,130.11,Organic
O007263,C0443,P0009,2026-01-27,2,94.5,Organic
O007264,C0553,P0012,2026-01-27,1,73.18,Paid
O007265,C0182,P0011,2026-01-27,1,33.98,Organic
O007266,C0472,P0011,2026-01-27,3,101.94,Paid
O007267,C0225,P0010,2026-01-27,1,47.44,Email
O007268,C0205,P0010,2026-01-27,3,142.32,Organic
O007269,C0122,P0018,2026-01-27,3,282.75,Organic
O007270,C0510,P0022,2026-01-27,2,174.92,Organic
O007271,C0292,P0028,2026-01-27,2,38.88,Email
O007272,C0263,P0038,2026-01-27,1,111.95,Email
O007273,C0792,P0005,2026-01-27,1,124.69,Paid
O007274,C0158,P0002,2026-01-27,1,90.42,Organic
O007275,C0532,P0008,2026-01-27,2,270.52,Paid
O007276,C0249,P0011,2026-01-27,3,101.94,Referral
O007277,C0795,P0016,2026-01-27,1,30.98,Referral
O007278,C0308,P0015,2026-01-27,2,155.26,Paid
O007279,C0766,P0021,2026-01-27,1,47.04,Referral
O007280,C0761,P0028,2026-01-27,1,19.44,Organic
O007281,C0486,P0031,2026-01-27,3,101.91,Organic
O007282,C0454,P0040,2026-01-27,3,274.89,Organic
O007283,C0178,P0033,2026-01-27,3,247.32,Referral
O007284,C0420,P0033,2026-01-27,2,164.88,Organic
O007285,C0509,P0007,2026-01-27,1,387.23,Organic
O007286,C0022,P0008,2026-01-27,1,135.26,Organic
O007287,C0689,P0006,2026-01-27,2,278.86,Organic
O007288,C0234,P0011,2026-01-27,2,67.96,Paid
O007289,C0513,P0016,2026-01-27,2,61.96,Paid
O007290,C0405,P0012,2026-01-27,2,146.36,Organic
O007291,C0373,P0018,2026-01-27,2,188.5,Organic
O007292,C0350,P0024,2026-01-27,2,63.16,Organic
O007293,C0660,P0018,2026-01-27,2,188.5,Paid
O007294,C0191,P0028,2026-01-27,3,58.32,Paid
O007295,C0742,P0030,2026-01-27,3,91.5,Paid
O007296,C0747,P0031,2026-01-27,1,33.97,Paid
O007297,C0517,P0038,2026-01-27,3,335.85,Organic
O007298,C0284,P0006,2026-01-27,3,418.29,Referral
O007299,C0419,P0008,2026-01-27,1,135.26,Email
O007300,C0339,P0004,2026-01-27,1,333.21,Organic
O007301,C0536,P0001,2026-01-27,3,1106.34,Referral
O007302,C0307,P0016,2026-01-27,2,61.96,Paid
O007303,C0568,P0014,2026-01-27,3,130.11,Paid
O007304,C0591,P0011,2026-01-27,2,67.96,Paid
O007305,C0724,P0016,2026-01-27,2,61.96,Email
O007306,C0731,P0017,2026-01-27,2,41.12,Organic
O007307,C0779,P0030,2026-01-27,2,61.0,Paid
O007308,C0726,P0033,2026-01-27,3,247.32,Email
O007309,C0192,P0033,2026-01-27,2,164.88,Organic
O007310,C0419,P0038,2026-01-27,3,335.85,Paid
O007311,C0585,P0035,2026-01-27,3,354.63,Paid
O007312,C0716,P0035,2026-01-27,2,236.42,Paid
O007313,C0382,P0005,2026-01-28,3,374.07,Organic
O007314,C0616,P0001,2026-01-28,3,1106.34,Referral
O007315,C0796,P0003,2026-01-28,3,851.94,Organic
O007316,C0445,P0016,2026-01-28,2,61.96,Organic
O007317,C0799,P0023,2026-01-28,2,250.58,Organic
O007318,C0169,P0020,2026-01-28,3,75.06,Paid
O007319,C0077,P0028,2026-01-28,2,38.88,Referral
O007320,C0685,P0026,2026-01-28,2,94.7,Organic
O007321,C0209,P0026,2026-01-28,2,94.7,Organic
O007322,C0784,P0039,2026-01-28,1,40.82,Paid
O007323,C0759,P0035,2026-01-28,2,236.42,Paid
O007324,C0190,P0003,2026-01-28,2,567.96,Paid
O007325,C0701,P0012,2026-01-28,3,219.54,Organic
O007326,C0537,P0014,2026-01-28,1,43.37,Referral
O007327,C0734,P0016,2026-01-28,3,92.94,Referral
O007328,C0665,P0012,2026-01-28,3,219.54,Organic
O007329,C0267,P0022,2026-01-28,3,262.38,Organic
O007330,C0712,P0023,2026-01-28,2,250.58,Email
O007331,C0054,P0023,2026-01-28,2,250.58,Organic
O007332,C0079,P0024,2026-01-28,1,31.58,Paid
O007333,C0533,P0018,2026-01-28,1,94.25,Paid
O007334,C0532,P0032,2026-01-28,1,53.09,Organic
O007335,C0761,P0029,2026-01-28,1,19.77,Organic
O007336,C0185,P0039,2026-01-28,2,81.64,Paid
O007337,C0757,P0003,2026-01-28,2,567.96,Paid
O007338,C0165,P0004,2026-01-28,2,666.42,Organic
O007339,C0462,P0001,2026-01-28,1,368.78,Organic
O007340,C0496,P0004,2026-01-28,3,999.63,Paid
O007341,C0321,P0010,2026-01-28,3,142.32,Organic
O007342,C0574,P0017,2026-01-28,2,41.12,Organic
O007343,C0681,P0019,2026-01-28,2,298.46,Referral
O007344,C0245,P0021,2026-01-28,2,94.08,Paid
O007345,C0092,P0024,2026-01-28,2,63.16,Organic
O007346,C0499,P0026,2026-01-28,1,47.35,Paid
O007347,C0177,P0030,2026-01-28,3,91.5,Email
O007348,C0092,P0027,2026-01-28,2,57.16,Organic
O007349,C0143,P0035,2026-01-28,2,236.42,Organic
O007350,C0481,P0040,2026-01-28,2,183.26,Paid
O007351,C0692,P0036,2026-01-28,3,174.72,Organic
O007352,C0001,P0008,2026-01-28,3,405.78,Organic
O007353,C0230,P0003,2026-01-28,1,283.98,Organic
O007354,C0011,P0015,2026-01-28,2,155.26,Organic
O007355,C0720,P0016,2026-01-28,2,61.96,Organic
O007356,C0640,P0017,2026-01-28,2,41.12,Organic
O007357,C0625,P0018,2026-01-28,1,94.25,Organic
O007358,C0290,P0027,2026-01-28,1,28.58,Paid
O007359,C0316,P0026,2026-01-28,2,94.7,Referral
O007360,C0004,P0029,2026-01-28,1,19.77,Organic
O007361,C0289,P0026,2026-01-28,1,47.35,Organic
O007362,C0678,P0040,2026-01-28,3,274.89,Paid
O007363,C0726,P0033,2026-01-28,2,164.88,Paid
O007364,C0789,P0038,2026-01-28,2,223.9,Email
O007365,C0228,P0007,2026-01-29,1,387.23,Paid
O007366,C0411,P0006,2026-01-29,3,418.29,Organic
O007367,C0411,P0011,2026-01-29,2,67.96,Email
O007368,C0019,P0020,2026-01-29,2,50.04,Paid
O007369,C0322,P0023,2026-01-29,2,250.58,Email
O007370,C0425,P0022,2026-01-29,3,262.38,Paid
O007371,C0618,P0023,2026-01-29,1,125.29,Paid
O007372,C0135,P0017,2026-01-29,2,41.12,Referral
O007373,C0045,P0032,2026-01-29,1,53.09,Paid
O007374,C0524,P0025,2026-01-29,3,89.28,Organic
O007375,C0686,P0031,2026-01-29,1,33.97,Email
O007376,C0445,P0027,2026-01-29,1,28.58,Referral
O007377,C0225,P0037,2026-01-29,2,114.7,Email
O007378,C0029,P0003,2026-01-29,3,851.94,Referral
O007379,C0609,P0007,2026-01-29,1,387.23,Email
O007380,C0446,P0016,2026-01-29,1,30.98,Organic
O007381,C0596,P0015,2026-01-29,1,77.63,Paid
O007382,C0417,P0024,2026-01-29,3,94.74,Paid
O007383,C0412,P0021,2026-01-29,2,94.08,Paid
O007384,C0089,P0018,2026-01-29,1,94.25,Paid
O007385,C0417,P0026,2026-01-29,2,94.7,Paid
O007386,C0766,P0030,2026-01-29,1,30.5,Paid
O007387,C0712,P0036,2026-01-29,3,174.72,Paid
O007388,C0392,P0038,2026-01-29,3,335.85,Paid
O007389,C0305,P0004,2026-01-29,2,666.42,Organic
O007390,C0462,P0011,2026-01-29,2,67.96,Referral
O007391,C0400,P0025,2026-01-29,1,29.76,Organic
O007392,C0330,P0025,2026-01-29,1,29.76,Organic
O007393,C0253,P0031,2026-01-29,1,33.97,Organic
O007394,C0564,P0026,2026-01-29,3,142.05,Email
O007395,C0763,P0034,2026-01-29,3,262.47,Organic
O007396,C0315,P0039,2026-01-29,2,81.64,Paid
O007397,C0797,P0008,2026-01-29,1,135.26,Organic
O007398,C0705,P0001,2026-01-29,2,737.56,Referral
O007399,C0302,P0016,2026-01-29,1,30.98,Paid
O007400,C0653,P0016,2026-01-29,1,30.98,Email
O007401,C0372,P0020,2026-01-29,2,50.04,Paid
O007402,C0653,P0022,2026-01-29,3,262.38,Paid
O007403,C0504,P0019,2026-01-29,1,149.23,Paid
O007404,C0149,P0031,2026-01-29,2,67.94,Organic
O007405,C0673,P0033,2026-01-29,1,82.44,Organic
O007406,C0386,P0005,2026-01-30,1,124.69,Paid
O007407,C0760,P0005,2026-01-30,2,249.38,Paid
O007408,C0380,P0007,2026-01-30,1,387.23,Organic
O007409,C0658,P0006,2026-01-30,3,418.29,Email
O007410,C0114,P0002,2026-01-30,3,271.26,Organic
O007411,C0015,P0001,2026-01-30,1,368.78,Organic
O007412,C0756,P0014,2026-01-30,2,86.74,Organic
O007413,C0377,P0009,2026-01-30,2,94.5,Organic
O007414,C0195,P0016,2026-01-30,1,30.98,Paid
O007415,C0171,P0014,2026-01-30,3,130.11,Paid
O007416,C0364,P0032,2026-01-30,1,53.09,Paid
O007417,C0277,P0027,2026-01-30,3,85.74,Paid
O007418,C0362,P0025,2026-01-30,1,29.76,Paid
O007419,C0776,P0029,2026-01-30,2,39.54,Email
O007420,C0382,P0033,2026-01-30,3,247.32,Organic
O007421,C0386,P0033,2026-01-30,3,247.32,Paid
O007422,C0593,P0038,2026-01-30,1,111.95,Organic
O007423,C0182,P0035,2026-01-30,2,236.42,Organic
O007424,C0114,P0040,2026-01-30,2,183.26,Paid
O007425,C0045,P0039,2026-01-30,2,81.64,Organic
O007426,C0463,P0039,2026-01-30,3,122.46,Email
O007427,C0281,P0035,2026-01-30,1,118.21,Paid
O007428,C0374,P0001,2026-01-30,1,368.78,Organic
O007429,C0154,P0002,2026-01-30,3,271.26,Paid
O007430,C0473,P0005,2026-01-30,3,374.07,Organic
O007431,C0734,P0007,2026-01-30,2,774.46,Organic
O007432,C0532,P0001,2026-01-30,1,368.78,Paid
O007433,C0622,P0014,2026-01-30,3,130.11,Organic
O007434,C0060,P0015,2026-01-30,2,155.26,Paid
O007435,C0455,P0023,2026-01-30,1,125.29,Organic
O007436,C0392,P0019,2026-01-30,3,447.69,Organic
O007437,C0249,P0032,2026-01-30,3,159.27,Organic
O007438,C0379,P0036,2026-01-30,2,116.48,Organic
O007439,C0064,P0035,2026-01-30,1,118.21,Paid
O007440,C0794,P0035,2026-01-30,3,354.63,Organic
O007441,C0694,P0004,2026-01-30,2,666.42,Organic
O007442,C0485,P0005,2026-01-30,3,374.07,Paid
O007443,C0143,P0004,2026-01-30,3,999.63,Paid
O007444,C0650,P0013,2026-01-30,3,218.67,Organic
O007445,C0095,P0014,2026-01-30,2,86.74,Organic
O007446,C0565,P0009,2026-01-30,1,47.25,Organic
O007447,C0183,P0016,2026-01-30,2,61.96,Email
O007448,C0557,P0026,2026-01-30,3,142.05,Organic
O007449,C0735,P0033,2026-01-30,3,247.32,Paid
O007450,C0680,P0036,2026-01-30,1,58.24,Referral
O007451,C0601,P0033,2026-01-30,3,247.32,Paid
O007452,C0387,P0036,2026-01-30,2,116.48,Organic
O007453,C0303,P0001,2026-01-30,2,737.56,Email
O007454,C0688,P0004,2026-01-30,2,666.42,Organic
O007455,C0693,P0001,2026-01-30,3,1106.34,Organic
O007456,C0582,P0012,2026-01-30,1,73.18,Organic
O007457,C0453,P0020,2026-01-30,2,50.04,Organic
O007458,C0591,P0026,2026-01-30,1,47.35,Organic
O007459,C0042,P0025,2026-01-30,3,89.28,Organic
O007460,C0084,P0037,2026-01-30,1,57.35,Paid
O007461,C0224,P0036,2026-01-30,2,116.48,Organic
O007462,C0760,P0004,2026-01-31,1,333.21,Organic
O007463,C0368,P0011,2026-01-31,2,67.96,Email
O007464,C0406,P0016,2026-01-31,2,61.96,Paid
O007465,C0553,P0016,2026-01-31,3,92.94,Organic
O007466,C0765,P0018,2026-01-31,2,188.5,Paid
O007467,C0135,P0022,2026-01-31,3,262.38,Organic
O007468,C0617,P0024,2026-01-31,2,63.16,Referral
O007469,C0270,P0019,2026-01-31,2,298.46,Paid
O007470,C0554,P0023,2026-01-31,2,250.58,Organic
O007471,C0114,P0021,2026-01-31,3,141.12,Organic
O007472,C0472,P0032,2026-01-31,1,53.09,Organic
O007473,C0722,P0025,2026-01-31,2,59.52,Referral
O007474,C0717,P0030,2026-01-31,2,61.0,Email
O007475,C0362,P0039,2026-01-31,1,40.82,Organic
O007476,C0461,P0038,2026-01-31,1,111.95,Paid
O007477,C0388,P0035,2026-01-31,2,236.42,Organic
O007478,C0618,P0038,2026-01-31,3,335.85,Email
O007479,C0722,P0039,2026-01-31,2,81.64,Referral
O007480,C0464,P0038,2026-01-31,2,223.9,Paid
O007481,C0262,P0036,2026-01-31,3,174.72,Paid
O007482,C0064,P0007,2026-01-31,2,774.46,Organic
O007483,C0392,P0008,2026-01-31,2,270.52,Organic
O007484,C0712,P0005,2026-01-31,2,249.38,Paid
O007485,C0644,P0014,2026-01-31,2,86.74,Organic
O007486,C0060,P0010,2026-01-31,2,94.88,Paid
O007487,C0071,P0019,2026-01-31,2,298.46,Organic
O007488,C0537,P0022,2026-01-31,2,174.92,Email
O007489,C0444,P0029,2026-01-31,1,19.77,Referral
O007490,C0642,P0027,2026-01-31,1,28.58,Organic
O007491,C0054,P0029,2026-01-31,3,59.31,Email
O007492,C0370,P0034,2026-01-31,3,262.47,Paid
O007493,C0699,P0003,2026-01-31,1,283.98,Referral
O007494,C0022,P0004,2026-01-31,2,666.42,Email
O007495,C0630,P0004,2026-01-31,3,999.63,Paid
O007496,C0485,P0005,2026-01-31,1,124.69,Organic
O007497,C0321,P0009,2026-01-31,1,47.25,Organic
O007498,C0694,P0010,2026-01-31,2,94.88,Referral
O007499,C0102,P0018,2026-01-31,2,188.5,Paid
O007500,C0787,P0017,2026-01-31,3,61.68,Organic
O007501,C0350,P0031,2026-01-31,3,101.91,Paid
O007502,C0506,P0027,2026-01-31,1,28.58,Paid
O007503,C0350,P0039,2026-01-31,2,81.64,Referral
O007504,C0610,P0037,2026-01-31,3,172.05,Paid
O007505,C0143,P0036,2026-01-31,3,174.72,Email
O007506,C0720,P0004,2026-01-31,1,333.21,Paid
O007507,C0800,P0006,2026-01-31,3,418.29,Paid
O007508,C0706,P0007,2026-01-31,2,774.46,Organic
O007509,C0730,P0014,2026-01-31,1,43.37,Referral
O007510,C0730,P0017,2026-01-31,1,20.56,Paid
O007511,C0498,P0024,2026-01-31,1,31.58,Paid
O007512,C0511,P0027,2026-01-31,1,28.58,Paid
O007513,C0072,P0026,2026-01-31,1,47.35,Email
O007514,C0395,P0036,2026-01-31,2,116.48,Organic
O007515,C0779,P0035,2026-01-31,3,354.63,Paid
O007516,C0122,P0006,2026-02-01,3,418.29,Paid
O007517,C0055,P0005,2026-02-01,1,124.69,Organic
O007518,C0463,P0012,2026-02-01,3,219.54,Email
O007519,C0510,P0014,2026-02-01,3,130.11,Paid
O007520,C0228,P0009,2026-02-01,2,94.5,Paid
O007521,C0030,P0022,2026-02-01,1,87.46,Paid
O007522,C0362,P0017,2026-02-01,2,41.12,Email
O007523,C0377,P0017,2026-02-01,1,20.56,Organic
O007524,C0408,P0025,2026-02-01,3,89.28,Organic
O007525,C0377,P0029,2026-02-01,1,19.77,Organic
O007526,C0385,P0032,2026-02-01,1,53.09,Paid
O007527,C0750,P0007,2026-02-01,2,774.46,Paid
O007528,C0239,P0002,2026-02-01,3,271.26,Organic
O007529,C0614,P0008,2026-02-01,1,135.26,Email
O007530,C0014,P0007,2026-02-01,3,1161.69,Organic
O007531,C0786,P0012,2026-02-01,2,146.36,Organic
O007532,C0158,P0011,2026-02-01,1,33.98,Paid
O007533,C0449,P0018,2026-02-01,3,282.75,Organic
O007534,C0507,P0020,2026-02-01,2,50.04,Organic
O007535,C0335,P0020,2026-02-01,1,25.02,Paid
O007536,C0073,P0032,2026-02-01,2,106.18,Organic
O007537,C0777,P0025,2026-02-01,2,59.52,Organic
O007538,C0052,P0029,2026-02-01,2,39.54,Email
O007539,C0201,P0028,2026-02-01,3,58.32,Email
O007540,C0326,P0026,2026-02-01,3,142.05,Organic
O007541,C0134,P0032,2026-02-01,3,159.27,Email
O007542,C0446,P0029,2026-02-01,1,19.77,Organic
O007543,C0008,P0040,2026-02-01,3,274.89,Referral
O007544,C0518,P0038,2026-02-01,3,335.85,Organic
O007545,C0645,P0035,2026-02-01,2,236.42,Referral
O007546,C0073,P0038,2026-02-01,3,335.85,Email
O007547,C0446,P0040,2026-02-01,3,274.89,Paid
O007548,C0401,P0008,2026-02-01,3,405.78,Paid
O007549,C0177,P0007,2026-02-01,2,774.46,Paid
O007550,C0028,P0004,2026-02-01,1,333.21,Email
O007551,C0485,P0011,2026-02-01,3,101.94,Organic
O007552,C0176,P0012,2026-02-01,2,146.36,Organic
O007553,C0350,P0012,2026-02-01,1,73.18,Paid
O007554,C0680,P0014,2026-02-01,2,86.74,Paid
O007555,C0166,P0019,2026-02-01,2,298.46,Organic
O007556,C0306,P0021,2026-02-01,3,141.12,Paid
O007557,C0404,P0017,2026-02-01,3,61.68,Paid
O007558,C0557,P0018,2026-02-01,1,94.25,Organic
O007559,C0359,P0025,2026-02-01,2,59.52,Paid
O007560,C0283,P0026,2026-02-01,2,94.7,Referral
O007561,C0375,P0004,2026-02-01,3,999.63,Organic
O007562,C0770,P0010,2026-02-01,2,94.88,Paid
O007563,C0402,P0009,2026-02-01,1,47.25,Email
O007564,C0328,P0012,2026-02-01,2,146.36,Organic
O007565,C0730,P0014,2026-02-01,3,130.11,Organic
O007566,C0329,P0013,2026-02-01,1,72.89,Organic
O007567,C0666,P0016,2026-02-01,2,61.96,Organic
O007568,C0072,P0019,2026-02-01,3,447.69,Paid
O007569,C0745,P0017,2026-02-01,3,61.68,Organic
O007570,C0531,P0035,2026-02-01,1,118.21,Organic
O007571,C0769,P0040,2026-02-01,3,274.89,Organic
O007572,C0081,P0006,2026-02-02,1,139.43,Email
O007573,C0611,P0002,2026-02-02,1,90.42,Paid
O007574,C0546,P0009,2026-02-02,3,141.75,Organic
O007575,C0382,P0029,2026-02-02,2,39.54,Organic
O007576,C0627,P0026,2026-02-02,2,94.7,Organic
O007577,C0510,P0035,2026-02-02,3,354.63,Organic
O007578,C0020,P0035,2026-02-02,2,236.42,Organic
O007579,C0445,P0038,2026-02-02,2,223.9,Organic
O007580,C0451,P0008,2026-02-02,3,405.78,Organic
O007581,C0665,P0001,2026-02-02,3,1106.34,Paid
O007582,C0752,P0004,2026-02-02,1,333.21,Organic
O007583,C0187,P0016,2026-02-02,3,92.94,Email
O007584,C0297,P0016,2026-02-02,1,30.98,Paid
O007585,C0125,P0015,2026-02-02,1,77.63,Paid
O007586,C0223,P0019,2026-02-02,3,447.69,Organic
O007587,C0677,P0023,2026-02-02,3,375.87,Organic
O007588,C0006,P0020,2026-02-02,3,75.06,Organic
O007589,C0644,P0033,2026-02-02,3,247.32,Email
O007590,C0206,P0012,2026-02-02,2,146.36,Organic
O007591,C0099,P0021,2026-02-02,2,94.08,Paid
O007592,C0440,P0023,2026-02-02,1,125.29,Paid
O007593,C0557,P0019,2026-02-02,2,298.46,Referral
O007594,C0680,P0020,2026-02-02,1,25.02,Organic
O007595,C0650,P0018,2026-02-02,1,94.25,Paid
O007596,C0660,P0027,2026-02-02,1,28.58,Referral
O007597,C0176,P0029,2026-02-02,2,39.54,Paid
O007598,C0115,P0029,2026-02-02,1,19.77,Organic
O007599,C0028,P0027,2026-02-02,3,85.74,Organic
O007600,C0738,P0025,2026-02-02,1,29.76,Organic
O007601,C0124,P0026,2026-02-02,1,47.35,Paid
O007602,C0042,P0007,2026-02-02,3,1161.69,Organic
O007603,C0770,P0002,2026-02-02,1,90.42,Paid
O007604,C0479,P0013,2026-02-02,2,145.78,Referral
O007605,C0181,P0011,2026-02-02,3,101.94,Paid
O007606,C0666,P0012,2026-02-02,1,73.18,Email
O007607,C0702,P0029,2026-02-02,2,39.54,Paid
O007608,C0479,P0032,2026-02-02,2,106.18,Organic
O007609,C0230,P0032,2026-02-02,3,159.27,Organic
O007610,C0375,P0033,2026-02-02,3,247.32,Paid
O007611,C0117,P0036,2026-02-02,3,174.72,Organic
O007612,C0394,P0038,2026-02-02,1,111.95,Paid
O007613,C0140,P0034,2026-02-02,1,87.49,Organic
O007614,C0720,P0035,2026-02-02,2,236.42,Paid
O007615,C0551,P0003,2026-02-03,1,283.98,Referral
O007616,C0459,P0002,2026-02-03,2,180.84,Paid
O007617,C0617,P0009,2026-02-03,2,94.5,Paid
O007618,C0114,P0011,2026-02-03,1,33.98,Email
O007619,C0768,P0010,2026-02-03,2,94.88,Email
O007620,C0015,P0018,2026-02-03,3,282.75,Organic
O007621,C0784,P0021,2026-02-03,3,141.12,Paid
O007622,C0237,P0019,2026-02-03,2,298.46,Organic
O007623,C0445,P0019,2026-02-03,2,298.46,Referral
O007624,C0015,P0022,2026-02-03,1,87.46,Organic
O007625,C0723,P0022,2026-02-03,1,87.46,Organic
O007626,C0603,P0027,2026-02-03,3,85.74,Email
O007627,C0317,P0029,2026-02-03,3,59.31,Organic
O007628,C0210,P0025,2026-02-03,3,89.28,Email
O007629,C0524,P0031,2026-02-03,2,67.94,Organic
O007630,C0077,P0040,2026-02-03,3,274.89,Organic
O007631,C0728,P0004,2026-02-03,3,999.63,Paid
O007632,C0518,P0010,2026-02-03,1,47.44,Referral
O007633,C0236,P0018,2026-02-03,1,94.25,Email
O007634,C0254,P0020,2026-02-03,2,50.04,Organic
O007635,C0159,P0023,2026-02-03,3,375.87,Paid
O007636,C0507,P0021,2026-02-03,3,141.12,Organic
O007637,C0255,P0018,2026-02-03,3,282.75,Email
O007638,C0537,P0028,2026-02-03,1,19.44,Paid
O007639,C0635,P0030,2026-02-03,3,91.5,Organic
O007640,C0601,P0001,2026-02-03,2,737.56,Organic
O007641,C0211,P0004,2026-02-03,3,999.63,Organic
O007642,C0509,P0006,2026-02-03,1,139.43,Paid
O007643,C0709,P0010,2026-02-03,3,142.32,Organic
O007644,C0601,P0011,2026-02-03,1,33.98,Referral
O007645,C0240,P0016,2026-02-03,1,30.98,Paid
O007646,C0630,P0024,2026-02-03,3,94.74,Email
O007647,C0694,P0018,2026-02-03,1,94.25,Email
O007648,C0197,P0017,2026-02-03,3,61.68,Organic
O007649,C0115,P0026,2026-02-03,2,94.7,Organic
O007650,C0754,P0025,2026-02-03,2,59.52,Email
O007651,C0007,P0039,2026-02-03,3,122.46,Paid
O007652,C0031,P0040,2026-02-03,1,91.63,Organic
O007653,C0230,P0005,2026-02-03,2,249.38,Paid
O007654,C0469,P0004,2026-02-03,3,999.63,Organic
O007655,C0261,P0003,2026-02-03,3,851.94,Paid
O007656,C0457,P0010,2026-02-03,2,94.88,Organic
O007657,C0337,P0013,2026-02-03,1,72.89,Organic
O007658,C0072,P0013,2026-02-03,3,218.67,Organic
O007659,C0744,P0012,2026-02-03,3,219.54,Paid
O007660,C0383,P0022,2026-02-03,3,262.38,Organic
O007661,C0151,P0018,2026-02-03,2,188.5,Paid
O007662,C0229,P0024,2026-02-03,2,63.16,Paid
O007663,C0203,P0022,2026-02-03,1,87.46,Organic
O007664,C0531,P0018,2026-02-03,2,188.5,Organic
O007665,C0621,P0018,2026-02-03,2,188.5,Organic
O007666,C0027,P0028,2026-02-03,2,38.88,Referral
O007667,C0372,P0030,2026-02-03,2,61.0,Paid
O007668,C0696,P0037,2026-02-03,1,57.35,Paid
O007669,C0202,P0039,2026-02-03,1,40.82,Organic
O007670,C0500,P0039,2026-02-03,1,40.82,Paid
O007671,C0790,P0038,2026-02-03,1,111.95,Paid
O007672,C0524,P0007,2026-02-04,1,387.23,Organic
O007673,C0385,P0002,2026-02-04,2,180.84,Paid
O007674,C0549,P0004,2026-02-04,1,333.21,Email
O007675,C0268,P0002,2026-02-04,3,271.26,Paid
O007676,C0077,P0013,2026-02-04,2,145.78,Organic
O007677,C0277,P0012,2026-02-04,2,146.36,Referral
O007678,C0078,P0012,2026-02-04,2,146.36,Organic
O007679,C0364,P0016,2026-02-04,1,30.98,Organic
O007680,C0198,P0017,2026-02-04,1,20.56,Organic
O007681,C0628,P0023,2026-02-04,3,375.87,Paid
O007682,C0128,P0020,2026-02-04,3,75.06,Referral
O007683,C0066,P0026,2026-02-04,2,94.7,Organic
O007684,C0399,P0026,2026-02-04,1,47.35,Organic
O007685,C0722,P0029,2026-02-04,2,39.54,Organic
O007686,C0268,P0031,2026-02-04,2,67.94,Organic
O007687,C0502,P0028,2026-02-04,2,38.88,Paid
O007688,C0428,P0039,2026-02-04,3,122.46,Email
O007689,C0616,P0037,2026-02-04,1,57.35,Organic
O007690,C0364,P0036,2026-02-04,1,58.24,Organic
O007691,C0471,P0001,2026-02-04,1,368.78,Organic
O007692,C0249,P0004,2026-02-04,2,666.42,Organic
O007693,C0223,P0005,2026-02-04,1,124.69,Paid
O007694,C0675,P0003,2026-02-04,1,283.98,Paid
O007695,C0518,P0020,2026-02-04,1,25.02,Referral
O007696,C0454,P0018,2026-02-04,1,94.25,Paid
O007697,C0473,P0019,2026-02-04,3,447.69,Organic
O007698,C0795,P0028,2026-02-04,3,58.32,Email
O007699,C0740,P0028,2026-02-04,3,58.32,Paid
O007700,C0079,P0030,2026-02-04,3,91.5,Organic
O007701,C0645,P0032,2026-02-04,3,159.27,Referral
O007702,C0605,P0038,2026-02-04,1,111.95,Organic
O007703,C0596,P0034,2026-02-04,1,87.49,Organic
O007704,C0068,P0003,2026-02-04,3,851.94,Email
O007705,C0360,P0014,2026-02-04,3,130.11,Organic
O007706,C0561,P0016,2026-02-04,3,92.94,Organic
O007707,C0509,P0024,2026-02-04,3,94.74,Referral
O007708,C0548,P0031,2026-02-04,3,101.91,Referral
O007709,C0410,P0032,2026-02-04,3,159.27,Paid
O007710,C0361,P0027,2026-02-04,2,57.16,Paid
O007711,C0068,P0035,2026-02-04,1,118.21,Organic
O007712,C0221,P0004,2026-02-04,2,666.42,Organic
O007713,C0716,P0005,2026-02-04,3,374.07,Paid
O007714,C0798,P0002,2026-02-04,3,271.26,Organic
O007715,C0070,P0007,2026-02-04,2,774.46,Paid
O007716,C0437,P0010,2026-02-04,3,142.32,Paid
O007717,C0597,P0009,2026-02-04,1,47.25,Referral
O007718,C0770,P0015,2026-02-04,1,77.63,Email
O007719,C0051,P0011,2026-02-04,1,33.98,Paid
O007720,C0550,P0020,2026-02-04,3,75.06,Organic
O007721,C0558,P0021,2026-02-04,1,47.04,Organic
O007722,C0558,P0021,2026-02-04,1,47.04,Organic
O007723,C0555,P0026,2026-02-04,3,142.05,Organic
O007724,C0790,P0031,2026-02-04,2,67.94,Paid
O007725,C0727,P0035,2026-02-04,3,354.63,Referral
O007726,C0736,P0038,2026-02-04,3,335.85,Organic
O007727,C0782,P0039,2026-02-04,1,40.82,Paid
O007728,C0117,P0037,2026-02-04,3,172.05,Organic
O007729,C0339,P0036,2026-02-04,1,58.24,Email
O007730,C0510,P0008,2026-02-05,2,270.52,Organic
O007731,C0097,P0010,2026-02-05,2,94.88,Referral
O007732,C0619,P0022,2026-02-05,3,262.38,Paid
O007733,C0576,P0023,2026-02-05,1,125.29,Paid
O007734,C0195,P0029,2026-02-05,1,19.77,Email
O007735,C0055,P0029,2026-02-05,2,39.54,Organic
O007736,C0567,P0030,2026-02-05,1,30.5,Organic
O007737,C0774,P0028,2026-02-05,1,19.44,Paid
O007738,C0721,P0027,2026-02-05,2,57.16,Paid
O007739,C0549,P0034,2026-02-05,3,262.47,Paid
O007740,C0020,P0036,2026-02-05,1,58.24,Paid
O007741,C0528,P0007,2026-02-05,3,1161.69,Organic
O007742,C0439,P0005,2026-02-05,2,249.38,Organic
O007743,C0259,P0013,2026-02-05,2,145.78,Email
O007744,C0244,P0013,2026-02-05,2,145.78,Email
O007745,C0132,P0014,2026-02-05,3,130.11,Organic
O007746,C0623,P0019,2026-02-05,1,149.23,Organic
O007747,C0047,P0024,2026-02-05,3,94.74,Email
O007748,C0008,P0032,2026-02-05,3,159.27,Paid
O007749,C0580,P0028,2026-02-05,2,38.88,Organic
O007750,C0661,P0028,2026-02-05,1,19.44,Paid
O007751,C0185,P0026,2026-02-05,2,94.7,Organic
O007752,C0644,P0031,2026-02-05,1,33.97,Paid
O007753,C0119,P0026,2026-02-05,3,142.05,Organic
O007754,C0580,P0027,2026-02-05,2,57.16,Organic
O007755,C0507,P0033,2026-02-05,3,247.32,Email
O007756,C0740,P0036,2026-02-05,2,116.48,Paid
O007757,C0410,P0007,2026-02-05,1,387.23,Paid
O007758,C0177,P0003,2026-02-05,2,567.96,Paid
O007759,C0610,P0002,2026-02-05,2,180.84,Referral
O007760,C0177,P0001,2026-02-05,2,737.56,Organic
O007761,C0138,P0010,2026-02-05,2,94.88,Referral
O007762,C0359,P0030,2026-02-05,1,30.5,Paid
O007763,C0092,P0030,2026-02-05,2,61.0,Email
O007764,C0240,P0040,2026-02-05,2,183.26,Organic
O007765,C0754,P0034,2026-02-05,1,87.49,Organic
O007766,C0361,P0035,2026-02-05,1,118.21,Organic
O007767,C0574,P0037,2026-02-05,2,114.7,Organic
O007768,C0705,P0004,2026-02-05,1,333.21,Paid
O007769,C0173,P0002,2026-02-05,1,90.42,Referral
O007770,C0636,P0001,2026-02-05,3,1106.34,Paid
O007771,C0232,P0008,2026-02-05,3,405.78,Organic
O007772,C0512,P0006,2026-02-05,3,418.29,Organic
O007773,C0027,P0011,2026-02-05,1,33.98,Organic
O007774,C0584,P0020,2026-02-05,1,25.02,Email
O007775,C0265,P0027,2026-02-05,2,57.16,Paid
O007776,C0584,P0027,2026-02-05,1,28.58,Referral
O007777,C0023,P0033,2026-02-05,1,82.44,Paid
O007778,C0558,P0033,2026-02-05,3,247.32,Organic
O007779,C0304,P0040,2026-02-05,2,183.26,Paid
O007780,C0464,P0015,2026-02-06,2,155.26,Referral
O007781,C0317,P0011,2026-02-06,3,101.94,Referral
O007782,C0796,P0020,2026-02-06,3,75.06,Organic
O007783,C0732,P0023,2026-02-06,2,250.58,Referral
O007784,C0386,P0022,2026-02-06,2,174.92,Organic
O007785,C0322,P0031,2026-02-06,2,67.94,Organic
O007786,C0386,P0028,2026-02-06,1,19.44,Organic
O007787,C0128,P0026,2026-02-06,1,47.35,Referral
O007788,C0523,P0030,2026-02-06,3,91.5,Organic
O007789,C0268,P0040,2026-02-06,2,183.26,Paid
O007790,C0100,P0033,2026-02-06,3,247.32,Email
O007791,C0377,P0034,2026-02-06,3,262.47,Organic
O007792,C0003,P0034,2026-02-06,1,87.49,Organic
O007793,C0589,P0012,2026-02-06,1,73.18,Organic
O007794,C0258,P0017,2026-02-06,3,61.68,Paid
O007795,C0086,P0021,2026-02-06,2,94.08,Email
O007796,C0335,P0021,2026-02-06,2,94.08,Organic
O007797,C0441,P0025,2026-02-06,3,89.28,Email
O007798,C0156,P0031,2026-02-06,1,33.97,Referral
O007799,C0594,P0031,2026-02-06,1,33.97,Email
O007800,C0086,P0033,2026-02-06,1,82.44,Organic
O007801,C0123,P0012,2026-02-06,2,146.36,Paid
O007802,C0068,P0013,2026-02-06,3,218.67,Organic
O007803,C0143,P0023,2026-02-06,1,125.29,Paid
O007804,C0522,P0017,2026-02-06,2,41.12,Email
O007805,C0738,P0034,2026-02-06,3,262.47,Email
O007806,C0315,P0036,2026-02-06,3,174.72,Organic
O007807,C0499,P0040,2026-02-06,2,183.26,Organic
O007808,C0574,P0035,2026-02-06,3,354.63,Referral
O007809,C0633,P0037,2026-02-06,2,114.7,Email
O007810,C0007,P0040,2026-02-06,3,274.89,Email
O007811,C0767,P0036,2026-02-06,3,174.72,Organic
O007812,C0754,P0037,2026-02-06,1,57.35,Organic
O007813,C0667,P0033,2026-02-06,1,82.44,Paid
O007814,C0800,P0006,2026-02-06,1,139.43,Organic
O007815,C0715,P0010,2026-02-06,1,47.44,Paid
O007816,C0311,P0012,2026-02-06,3,219.54,Organic
O007817,C0558,P0016,2026-02-06,3,92.94,Referral
O007818,C0334,P0009,2026-02-06,2,94.5,Organic
O007819,C0181,P0011,2026-02-06,3,101.94,Organic
O007820,C0762,P0014,2026-02-06,3,130.11,Organic
O007821,C0093,P0021,2026-02-06,1,47.04,Organic
O007822,C0118,P0031,2026-02-06,2,67.94,Paid
O007823,C0140,P0026,2026-02-06,1,47.35,Organic
O007824,C0706,P0028,2026-02-06,2,38.88,Email
O007825,C0640,P0033,2026-02-06,2,164.88,Paid
O007826,C0252,P0034,2026-02-06,3,262.47,Paid
O007827,C0090,P0040,2026-02-06,2,183.26,Organic
O007828,C0157,P0008,2026-02-07,1,135.26,Organic
O007829,C0128,P0005,2026-02-07,3,374.07,Email
O007830,C0620,P0007,2026-02-07,3,1161.69,Email
O007831,C0277,P0010,2026-02-07,3,142.32,Paid
O007832,C0298,P0012,2026-02-07,3,219.54,Organic
O007833,C0169,P0011,2026-02-07,2,67.96,Paid
O007834,C0613,P0014,2026-02-07,1,43.37,Paid
O007835,C0717,P0019,2026-02-07,2,298.46,Organic
O007836,C0428,P0017,2026-02-07,2,41.12,Paid
O007837,C0452,P0026,2026-02-07,2,94.7,Organic
O007838,C0063,P0028,2026-02-07,3,58.32,Paid
O007839,C0262,P0031,2026-02-07,2,67.94,Email
O007840,C0774,P0036,2026-02-07,2,116.48,Email
O007841,C0237,P0037,2026-02-07,3,172.05,Email
O007842,C0426,P0034,2026-02-07,1,87.49,Email
O007843,C0701,P0008,2026-02-07,3,405.78,Referral
O007844,C0632,P0007,2026-02-07,2,774.46,Organic
O007845,C0713,P0009,2026-02-07,2,94.5,Paid
O007846,C0454,P0014,2026-02-07,3,130.11,Paid
O007847,C0683,P0013,2026-02-07,3,218.67,Referral
O007848,C0734,P0014,2026-02-07,2,86.74,Referral
O007849,C0454,P0019,2026-02-07,2,298.46,Organic
O007850,C0623,P0018,2026-02-07,1,94.25,Paid
O007851,C0073,P0018,2026-02-07,3,282.75,Paid
O007852,C0048,P0030,2026-02-07,1,30.5,Paid
O007853,C0466,P0038,2026-02-07,2,223.9,Email
O007854,C0125,P0033,2026-02-07,3,247.32,Paid
O007855,C0160,P0033,2026-02-07,3,247.32,Organic
O007856,C0515,P0005,2026-02-07,2,249.38,Paid
O007857,C0517,P0005,2026-02-07,1,124.69,Paid
O007858,C0681,P0005,2026-02-07,3,374.07,Organic
O007859,C0176,P0004,2026-02-07,3,999.63,Organic
O007860,C0735,P0003,2026-02-07,1,283.98,Paid
O007861,C0681,P0002,2026-02-07,3,271.26,Paid
O007862,C0680,P0015,2026-02-07,1,77.63,Paid
O007863,C0725,P0013,2026-02-07,3,218.67,Organic
O007864,C0561,P0010,2026-02-07,1,47.44,Organic
O007865,C0112,P0011,2026-02-07,2,67.96,Email
O007866,C0044,P0009,2026-02-07,2,94.5,Paid
O007867,C0650,P0031,2026-02-07,1,33.97,Referral
O007868,C0245,P0026,2026-02-07,1,47.35,Referral
O007869,C0323,P0030,2026-02-07,2,61.0,Organic
O007870,C0481,P0025,2026-02-07,2,59.52,Email
O007871,C0767,P0034,2026-02-07,2,174.98,Paid
O007872,C0742,P0035,2026-02-07,2,236.42,Paid
O007873,C0404,P0039,2026-02-07,2,81.64,Organic
O007874,C0166,P0038,2026-02-07,2,223.9,Organic
O007875,C0758,P0004,2026-02-07,1,333.21,Paid
O007876,C0791,P0005,2026-02-07,2,249.38,Paid
O007877,C0470,P0007,2026-02-07,1,387.23,Paid
O007878,C0753,P0003,2026-02-07,3,851.94,Referral
O007879,C0096,P0006,2026-02-07,1,139.43,Email
O007880,C0093,P0013,2026-02-07,1,72.89,Organic
O007881,C0706,P0012,2026-02-07,2,146.36,Organic
O007882,C0781,P0011,2026-02-07,3,101.94,Paid
O007883,C0372,P0014,2026-02-07,3,130.11,Email
O007884,C0042,P0012,2026-02-07,2,146.36,Organic
O007885,C0726,P0014,2026-02-07,3,130.11,Organic
O007886,C0724,P0016,2026-02-07,3,92.94,Paid
O007887,C0230,P0020,2026-02-07,3,75.06,Organic
O007888,C0337,P0022,2026-02-07,2,174.92,Paid
O007889,C0053,P0026,2026-02-07,3,142.05,Paid
O007890,C0704,P0039,2026-02-07,3,122.46,Paid
O007891,C0640,P0038,2026-02-07,1,111.95,Organic
O007892,C0514,P0036,2026-02-07,2,116.48,Referral
O007893,C0620,P0004,2026-02-08,3,999.63,Paid
O007894,C0195,P0007,2026-02-08,3,1161.69,Paid
O007895,C0188,P0006,2026-02-08,3,418.29,Organic
O007896,C0590,P0004,2026-02-08,3,999.63,Organic
O007897,C0122,P0012,2026-02-08,2,146.36,Paid
O007898,C0228,P0017,2026-02-08,3,61.68,Email
O007899,C0066,P0023,2026-02-08,1,125.29,Referral
O007900,C0281,P0028,2026-02-08,3,58.32,Paid
O007901,C0760,P0025,2026-02-08,2,59.52,Paid
O007902,C0551,P0025,2026-02-08,3,89.28,Paid
O007903,C0428,P0032,2026-02-08,3,159.27,Organic
O007904,C0714,P0035,2026-02-08,1,118.21,Paid
O007905,C0228,P0036,2026-02-08,3,174.72,Organic
O007906,C0218,P0035,2026-02-08,2,236.42,Paid
O007907,C0228,P0033,2026-02-08,1,82.44,Organic
O007908,C0541,P0036,2026-02-08,3,174.72,Organic
O007909,C0244,P0003,2026-02-08,2,567.96,Organic
O007910,C0397,P0003,2026-02-08,1,283.98,Paid
O007911,C0675,P0005,2026-02-08,2,249.38,Organic
O007912,C0772,P0012,2026-02-08,3,219.54,Paid
O007913,C0545,P0013,2026-02-08,2,145.78,Referral
O007914,C0494,P0016,2026-02-08,3,92.94,Paid
O007915,C0379,P0023,2026-02-08,2,250.58,Paid
O007916,C0258,P0018,2026-02-08,3,282.75,Paid
O007917,C0623,P0019,2026-02-08,3,447.69,Paid
O007918,C0193,P0020,2026-02-08,1,25.02,Paid
O007919,C0379,P0028,2026-02-08,1,19.44,Email
O007920,C0534,P0027,2026-02-08,3,85.74,Email
O007921,C0193,P0026,2026-02-08,1,47.35,Paid
O007922,C0772,P0026,2026-02-08,1,47.35,Referral
O007923,C0665,P0030,2026-02-08,2,61.0,Referral
O007924,C0333,P0035,2026-02-08,3,354.63,Paid
O007925,C0333,P0033,2026-02-08,2,164.88,Organic
O007926,C0246,P0007,2026-02-08,1,387.23,Organic
O007927,C0416,P0007,2026-02-08,3,1161.69,Organic
O007928,C0410,P0011,2026-02-08,3,101.94,Email
O007929,C0220,P0013,2026-02-08,2,145.78,Paid
O007930,C0754,P0018,2026-02-08,1,94.25,Organic
O007931,C0647,P0018,2026-02-08,2,188.5,Organic
O007932,C0633,P0032,2026-02-08,2,106.18,Referral
O007933,C0167,P0029,2026-02-08,2,39.54,Paid
O007934,C0742,P0033,2026-02-08,3,247.32,Email
O007935,C0744,P0001,2026-02-08,1,368.78,Organic
O007936,C0640,P0004,2026-02-08,2,666.42,Paid
O007937,C0314,P0004,2026-02-08,1,333.21,Organic
O007938,C0284,P0010,2026-02-08,2,94.88,Email
O007939,C0264,P0012,2026-02-08,2,146.36,Organic
O007940,C0769,P0018,2026-02-08,2,188.5,Paid
O007941,C0514,P0021,2026-02-08,3,141.12,Organic
O007942,C0468,P0022,2026-02-08,2,174.92,Email
O007943,C0498,P0028,2026-02-08,1,19.44,Email
O007944,C0781,P0032,2026-02-08,1,53.09,Paid
O007945,C0434,P0032,2026-02-08,1,53.09,Organic
O007946,C0749,P0029,2026-02-08,2,39.54,Organic
O007947,C0070,P0029,2026-02-08,1,19.77,Email
O007948,C0779,P0039,2026-02-08,3,122.46,Organic
O007949,C0478,P0038,2026-02-08,3,335.85,Paid
O007950,C0235,P0006,2026-02-09,3,418.29,Organic
O007951,C0592,P0016,2026-02-09,2,61.96,Email
O007952,C0671,P0013,2026-02-09,1,72.89,Paid
O007953,C0377,P0022,2026-02-09,3,262.38,Paid
O007954,C0362,P0026,2026-02-09,1,47.35,Paid
O007955,C0433,P0038,2026-02-09,1,111.95,Email
O007956,C0237,P0035,2026-02-09,2,236.42,Organic
O007957,C0616,P0039,2026-02-09,2,81.64,Referral
O007958,C0567,P0039,2026-02-09,3,122.46,Paid
O007959,C0452,P0038,2026-02-09,2,223.9,Organic
O007960,C0097,P0040,2026-02-09,3,274.89,Organic
O007961,C0571,P0006,2026-02-09,1,139.43,Organic
O007962,C0258,P0016,2026-02-09,1,30.98,Organic
O007963,C0792,P0015,2026-02-09,3,232.89,Organic
O007964,C0374,P0018,2026-02-09,3,282.75,Email
O007965,C0127,P0029,2026-02-09,2,39.54,Paid
O007966,C0575,P0025,2026-02-09,1,29.76,Paid
O007967,C0766,P0035,2026-02-09,1,118.21,Paid
O007968,C0537,P0036,2026-02-09,3,174.72,Organic
O007969,C0418,P0010,2026-02-09,3,142.32,Paid
O007970,C0321,P0012,2026-02-09,1,73.18,Organic
O007971,C0022,P0021,2026-02-09,2,94.08,Paid
O007972,C0143,P0018,2026-02-09,2,188.5,Email
O007973,C0515,P0026,2026-02-09,3,142.05,Organic
O007974,C0234,P0025,2026-02-09,3,89.28,Organic
O007975,C0177,P0034,2026-02-09,3,262.47,Paid
O007976,C0606,P0008,2026-02-09,2,270.52,Organic
O007977,C0372,P0010,2026-02-09,1,47.44,Paid
O007978,C0758,P0012,2026-02-09,2,146.36,Referral
O007979,C0736,P0018,2026-02-09,3,282.75,Organic
O007980,C0300,P0030,2026-02-09,1,30.5,Organic
O007981,C0653,P0026,2026-02-09,1,47.35,Paid
O007982,C0402,P0030,2026-02-09,2,61.0,Organic
O007983,C0268,P0005,2026-02-10,2,249.38,Organic
O007984,C0352,P0006,2026-02-10,1,139.43,Referral
O007985,C0776,P0012,2026-02-10,1,73.18,Organic
O007986,C0619,P0011,2026-02-10,3,101.94,Organic
O007987,C0406,P0010,2026-02-10,2,94.88,Organic
O007988,C0050,P0015,2026-02-10,3,232.89,Paid
O007989,C0638,P0026,2026-02-10,2,94.7,Paid
O007990,C0386,P0029,2026-02-10,3,59.31,Email
O007991,C0662,P0032,2026-02-10,1,53.09,Email
O007992,C0219,P0029,2026-02-10,3,59.31,Organic
O007993,C0141,P0034,2026-02-10,1,87.49,Referral
O007994,C0363,P0035,2026-02-10,1,118.21,Organic
O007995,C0592,P0037,2026-02-10,3,172.05,Paid
O007996,C0677,P0007,2026-02-10,1,387.23,Organic
O007997,C0734,P0005,2026-02-10,3,374.07,Paid
O007998,C0605,P0008,2026-02-10,3,405.78,Organic
O007999,C0734,P0011,2026-02-10,1,33.98,Referral
O008000,C0622,P0012,2026-02-10,3,219.54,Organic
O008001,C0750,P0011,2026-02-10,3,101.94,Email
O008002,C0519,P0023,2026-02-10,1,125.29,Paid
O008003,C0712,P0017,2026-02-10,2,41.12,Email
O008004,C0596,P0027,2026-02-10,1,28.58,Paid
O008005,C0713,P0030,2026-02-10,1,30.5,Referral
O008006,C0255,P0031,2026-02-10,3,101.91,Paid
O008007,C0269,P0007,2026-02-10,2,774.46,Organic
O008008,C0240,P0004,2026-02-10,3,999.63,Paid
O008009,C0061,P0014,2026-02-10,3,130.11,Organic
O008010,C0360,P0020,2026-02-10,1,25.02,Paid
O008011,C0650,P0018,2026-02-10,2,188.5,Organic
O008012,C0682,P0032,2026-02-10,2,106.18,Referral
O008013,C0725,P0032,2026-02-10,3,159.27,Email
O008014,C0481,P0032,2026-02-10,3,159.27,Organic
O008015,C0505,P0031,2026-02-10,1,33.97,Referral
O008016,C0410,P0040,2026-02-10,2,183.26,Paid
O008017,C0233,P0036,2026-02-10,3,174.72,Organic
O008018,C0092,P0039,2026-02-10,3,122.46,Email
O008019,C0709,P0039,2026-02-10,2,81.64,Paid
O008020,C0042,P0003,2026-02-10,3,851.94,Referral
O008021,C0252,P0004,2026-02-10,1,333.21,Email
O008022,C0329,P0001,2026-02-10,1,368.78,Organic
O008023,C0550,P0013,2026-02-10,1,72.89,Organic
O008024,C0724,P0015,2026-02-10,1,77.63,Email
O008025,C0724,P0009,2026-02-10,2,94.5,Paid
O008026,C0783,P0020,2026-02-10,1,25.02,Paid
O008027,C0453,P0017,2026-02-10,1,20.56,Organic
O008028,C0093,P0018,2026-02-10,2,188.5,Paid
O008029,C0328,P0024,2026-02-10,2,63.16,Organic
O008030,C0550,P0026,2026-02-10,1,47.35,Paid
O008031,C0621,P0028,2026-02-10,3,58.32,Organic
O008032,C0173,P0028,2026-02-10,2,38.88,Organic
O008033,C0161,P0037,2026-02-10,2,114.7,Organic
O008034,C0585,P0037,2026-02-10,3,172.05,Paid
O008035,C0182,P0004,2026-02-11,2,666.42,Organic
O008036,C0721,P0001,2026-02-11,3,1106.34,Email
O008037,C0081,P0001,2026-02-11,1,368.78,Organic
O008038,C0281,P0009,2026-02-11,3,141.75,Email
O008039,C0218,P0009,2026-02-11,3,141.75,Referral
O008040,C0270,P0011,2026-02-11,2,67.96,Organic
O008041,C0599,P0023,2026-02-11,3,375.87,Organic
O008042,C0388,P0023,2026-02-11,2,250.58,Email
O008043,C0445,P0020,2026-02-11,2,50.04,Referral
O008044,C0445,P0029,2026-02-11,3,59.31,Paid
O008045,C0554,P0025,2026-02-11,3,89.28,Organic
O008046,C0627,P0040,2026-02-11,2,183.26,Referral
O008047,C0215,P0033,2026-02-11,3,247.32,Referral
O008048,C0113,P0004,2026-02-11,2,666.42,Paid
O008049,C0532,P0001,2026-02-11,1,368.78,Email
O008050,C0014,P0001,2026-02-11,1,368.78,Organic
O008051,C0258,P0002,2026-02-11,3,271.26,Paid
O008052,C0691,P0007,2026-02-11,1,387.23,Organic
O008053,C0609,P0019,2026-02-11,3,447.69,Paid
O008054,C0374,P0022,2026-02-11,2,174.92,Paid
O008055,C0534,P0023,2026-02-11,3,375.87,Organic
O008056,C0424,P0032,2026-02-11,1,53.09,Organic
O008057,C0589,P0026,2026-02-11,3,142.05,Paid
O008058,C0287,P0026,2026-02-11,2,94.7,Referral
O008059,C0113,P0035,2026-02-11,1,118.21,Organic
O008060,C0792,P0039,2026-02-11,1,40.82,Paid
O008061,C0325,P0003,2026-02-11,2,567.96,Organic
O008062,C0350,P0031,2026-02-11,1,33.97,Paid
O008063,C0315,P0030,2026-02-11,2,61.0,Organic
O008064,C0330,P0026,2026-02-11,3,142.05,Paid
O008065,C0092,P0035,2026-02-11,3,354.63,Organic
O008066,C0574,P0035,2026-02-11,2,236.42,Paid
O008067,C0410,P0037,2026-02-11,1,57.35,Paid
O008068,C0304,P0004,2026-02-11,1,333.21,Email
O008069,C0186,P0021,2026-02-11,3,141.12,Email
O008070,C0140,P0030,2026-02-11,1,30.5,Email
O008071,C0232,P0036,2026-02-11,3,174.72,Referral
O008072,C0322,P0016,2026-02-12,3,92.94,Paid
O008073,C0620,P0016,2026-02-12,2,61.96,Paid
O008074,C0209,P0018,2026-02-12,3,282.75,Organic
O008075,C0131,P0023,2026-02-12,1,125.29,Email
O008076,C0461,P0020,2026-02-12,3,75.06,Paid
O008077,C0263,P0030,2026-02-12,3,91.5,Email
O008078,C0324,P0032,2026-02-12,3,159.27,Organic
O008079,C0773,P0006,2026-02-12,2,278.86,Paid
O008080,C0060,P0003,2026-02-12,2,567.96,Referral
O008081,C0056,P0017,2026-02-12,3,61.68,Organic
O008082,C0047,P0032,2026-02-12,2,106.18,Organic
O008083,C0344,P0038,2026-02-12,2,223.9,Organic
O008084,C0665,P0034,2026-02-12,2,174.98,Email
O008085,C0605,P0040,2026-02-12,2,183.26,Paid
O008086,C0134,P0035,2026-02-12,2,236.42,Email
O008087,C0743,P0007,2026-02-12,2,774.46,Email
O008088,C0650,P0001,2026-02-12,2,737.56,Referral
O008089,C0338,P0022,2026-02-12,2,174.92,Organic
O008090,C0410,P0020,2026-02-12,2,50.04,Organic
O008091,C0709,P0017,2026-02-12,2,41.12,Paid
O008092,C0496,P0018,2026-02-12,1,94.25,Organic
O008093,C0654,P0025,2026-02-12,3,89.28,Organic
O008094,C0095,P0028,2026-02-12,2,38.88,Organic
O008095,C0061,P0032,2026-02-12,1,53.09,Organic
O008096,C0610,P0038,2026-02-12,1,111.95,Organic
O008097,C0093,P0004,2026-02-12,1,333.21,Organic
O008098,C0572,P0008,2026-02-12,2,270.52,Email
O008099,C0448,P0009,2026-02-12,3,141.75,Organic
O008100,C0192,P0009,2026-02-12,1,47.25,Organic
O008101,C0707,P0014,2026-02-12,2,86.74,Email
O008102,C0731,P0021,2026-02-12,1,47.04,Paid
O008103,C0328,P0018,2026-02-12,1,94.25,Paid
O008104,C0110,P0025,2026-02-12,3,89.28,Organic
O008105,C0702,P0028,2026-02-12,3,58.32,Organic
O008106,C0140,P0030,2026-02-12,3,91.5,Paid
O008107,C0261,P0037,2026-02-12,2,114.7,Organic
O008108,C0352,P0004,2026-02-13,3,999.63,Paid
O008109,C0671,P0002,2026-02-13,2,180.84,Organic
O008110,C0322,P0005,2026-02-13,3,374.07,Organic
O008111,C0671,P0005,2026-02-13,2,249.38,Referral
O008112,C0170,P0002,2026-02-13,2,180.84,Email
O008113,C0714,P0006,2026-02-13,1,139.43,Organic
O008114,C0212,P0010,2026-02-13,2,94.88,Organic
O008115,C0776,P0021,2026-02-13,1,47.04,Referral
O008116,C0262,P0018,2026-02-13,3,282.75,Email
O008117,C0081,P0032,2026-02-13,2,106.18,Paid
O008118,C0341,P0025,2026-02-13,1,29.76,Email
O008119,C0182,P0039,2026-02-13,2,81.64,Organic
O008120,C0268,P0035,2026-02-13,1,118.21,Paid
O008121,C0553,P0035,2026-02-13,1,118.21,Email
O008122,C0587,P0001,2026-02-13,1,368.78,Organic
O008123,C0571,P0013,2026-02-13,2,145.78,Paid
O008124,C0777,P0013,2026-02-13,1,72.89,Email
O008125,C0155,P0016,2026-02-13,3,92.94,Email
O008126,C0439,P0016,2026-02-13,3,92.94,Paid
O008127,C0057,P0023,2026-02-13,2,250.58,Paid
O008128,C0528,P0021,2026-02-13,3,141.12,Email
O008129,C0518,P0026,2026-02-13,1,47.35,Paid
O008130,C0740,P0038,2026-02-13,1,111.95,Paid
O008131,C0017,P0039,2026-02-13,3,122.46,Organic
O008132,C0049,P0034,2026-02-13,2,174.98,Organic
O008133,C0159,P0039,2026-02-13,2,81.64,Organic
O008134,C0211,P0003,2026-02-13,2,567.96,Paid
O008135,C0738,P0011,2026-02-13,1,33.98,Paid
O008136,C0681,P0009,2026-02-13,3,141.75,Organic
O008137,C0557,P0016,2026-02-13,2,61.96,Organic
O008138,C0227,P0019,2026-02-13,1,149.23,Organic
O008139,C0699,P0021,2026-02-13,1,47.04,Organic
O008140,C0245,P0030,2026-02-13,3,91.5,Paid
O008141,C0061,P0032,2026-02-13,3,159.27,Paid
O008142,C0305,P0029,2026-02-13,3,59.31,Paid
O008143,C0522,P0038,2026-02-13,3,335.85,Paid
O008144,C0681,P0036,2026-02-13,1,58.24,Referral
O008145,C0747,P0035,2026-02-13,3,354.63,Organic
O008146,C0315,P0038,2026-02-13,1,111.95,Paid
O008147,C0678,P0010,2026-02-13,2,94.88,Paid
O008148,C0186,P0032,2026-02-13,2,106.18,Organic
O008149,C0636,P0026,2026-02-13,3,142.05,Organic
O008150,C0186,P0030,2026-02-13,1,30.5,Organic
O008151,C0149,P0035,2026-02-13,3,354.63,Organic
O008152,C0081,P0002,2026-02-14,1,90.42,Referral
O008153,C0324,P0005,2026-02-14,1,124.69,Organic
O008154,C0256,P0012,2026-02-14,2,146.36,Organic
O008155,C0590,P0009,2026-02-14,2,94.5,Email
O008156,C0268,P0011,2026-02-14,2,67.96,Organic
O008157,C0198,P0022,2026-02-14,2,174.92,Paid
O008158,C0617,P0023,2026-02-14,2,250.58,Referral
O008159,C0581,P0025,2026-02-14,3,89.28,Email
O008160,C0078,P0031,2026-02-14,3,101.91,Paid
O008161,C0435,P0030,2026-02-14,2,61.0,Referral
O008162,C0618,P0037,2026-02-14,1,57.35,Paid
O008163,C0774,P0033,2026-02-14,2,164.88,Paid
O008164,C0374,P0007,2026-02-14,1,387.23,Organic
O008165,C0190,P0006,2026-02-14,1,139.43,Organic
O008166,C0185,P0004,2026-02-14,3,999.63,Paid
O008167,C0466,P0016,2026-02-14,3,92.94,Paid
O008168,C0786,P0011,2026-02-14,2,67.96,Organic
O008169,C0014,P0012,2026-02-14,3,219.54,Organic
O008170,C0156,P0023,2026-02-14,3,375.87,Organic
O008171,C0533,P0021,2026-02-14,3,141.12,Paid
O008172,C0533,P0030,2026-02-14,3,91.5,Paid
O008173,C0777,P0030,2026-02-14,3,91.5,Paid
O008174,C0366,P0025,2026-02-14,1,29.76,Organic
O008175,C0355,P0031,2026-02-14,3,101.91,Paid
O008176,C0665,P0040,2026-02-14,2,183.26,Referral
O008177,C0614,P0037,2026-02-14,2,114.7,Organic
O008178,C0642,P0037,2026-02-14,1,57.35,Organic
O008179,C0124,P0003,2026-02-14,3,851.94,Paid
O008180,C0220,P0002,2026-02-14,2,180.84,Organic
O008181,C0112,P0001,2026-02-14,1,368.78,Referral
O008182,C0022,P0009,2026-02-14,2,94.5,Email
O008183,C0233,P0015,2026-02-14,3,232.89,Organic
O008184,C0143,P0014,2026-02-14,3,130.11,Organic
O008185,C0743,P0010,2026-02-14,3,142.32,Paid
O008186,C0305,P0009,2026-02-14,2,94.5,Paid
O008187,C0061,P0022,2026-02-14,3,262.38,Email
O008188,C0751,P0022,2026-02-14,1,87.46,Paid
O008189,C0361,P0030,2026-02-14,3,91.5,Organic
O008190,C0754,P0025,2026-02-14,1,29.76,Organic
O008191,C0044,P0025,2026-02-14,2,59.52,Paid
O008192,C0076,P0003,2026-02-14,3,851.94,Organic
O008193,C0498,P0013,2026-02-14,1,72.89,Organic
O008194,C0189,P0011,2026-02-14,1,33.98,Organic
O008195,C0252,P0016,2026-02-14,2,61.96,Organic
O008196,C0696,P0012,2026-02-14,1,73.18,Organic
O008197,C0290,P0027,2026-02-14,1,28.58,Organic
O008198,C0552,P0025,2026-02-14,3,89.28,Paid
O008199,C0456,P0028,2026-02-14,3,58.32,Organic
O008200,C0759,P0002,2026-02-15,3,271.26,Email
O008201,C0613,P0001,2026-02-15,2,737.56,Organic
O008202,C0116,P0016,2026-02-15,3,92.94,Organic
O008203,C0553,P0016,2026-02-15,1,30.98,Organic
O008204,C0055,P0015,2026-02-15,1,77.63,Organic
O008205,C0662,P0013,2026-02-15,3,218.67,Email
O008206,C0225,P0021,2026-02-15,2,94.08,Organic
O008207,C0107,P0018,2026-02-15,1,94.25,Organic
O008208,C0603,P0023,2026-02-15,3,375.87,Organic
O008209,C0628,P0018,2026-02-15,3,282.75,Organic
O008210,C0627,P0020,2026-02-15,3,75.06,Referral
O008211,C0755,P0029,2026-02-15,1,19.77,Organic
O008212,C0100,P0026,2026-02-15,3,142.05,Organic
O008213,C0447,P0027,2026-02-15,3,85.74,Organic
O008214,C0553,P0028,2026-02-15,3,58.32,Organic
O008215,C0078,P0028,2026-02-15,2,38.88,Organic
O008216,C0626,P0039,2026-02-15,1,40.82,Paid
O008217,C0723,P0034,2026-02-15,1,87.49,Referral
O008218,C0534,P0002,2026-02-15,1,90.42,Organic
O008219,C0073,P0011,2026-02-15,3,101.94,Paid
O008220,C0125,P0011,2026-02-15,2,67.96,Paid
O008221,C0446,P0022,2026-02-15,3,262.38,Paid
O008222,C0391,P0024,2026-02-15,2,63.16,Paid
O008223,C0079,P0022,2026-02-15,3,262.38,Paid
O008224,C0614,P0026,2026-02-15,1,47.35,Paid
O008225,C0520,P0038,2026-02-15,3,335.85,Organic
O008226,C0155,P0036,2026-02-15,3,174.72,Organic
O008227,C0494,P0040,2026-02-15,1,91.63,Email
O008228,C0454,P0036,2026-02-15,2,116.48,Paid
O008229,C0287,P0036,2026-02-15,1,58.24,Email
O008230,C0465,P0005,2026-02-15,3,374.07,Organic
O008231,C0305,P0001,2026-02-15,3,1106.34,Paid
O008232,C0220,P0001,2026-02-15,3,1106.34,Organic
O008233,C0327,P0012,2026-02-15,2,146.36,Organic
O008234,C0197,P0019,2026-02-15,2,298.46,Organic
O008235,C0400,P0018,2026-02-15,3,282.75,Paid
O008236,C0681,P0019,2026-02-15,2,298.46,Email
O008237,C0440,P0020,2026-02-15,2,50.04,Organic
O008238,C0124,P0017,2026-02-15,3,61.68,Organic
O008239,C0040,P0018,2026-02-15,1,94.25,Organic
O008240,C0283,P0032,2026-02-15,3,159.27,Organic
O008241,C0025,P0028,2026-02-15,1,19.44,Paid
O008242,C0485,P0033,2026-02-15,1,82.44,Paid
O008243,C0126,P0036,2026-02-15,1,58.24,Organic
O008244,C0558,P0004,2026-02-15,2,666.42,Organic
O008245,C0375,P0008,2026-02-15,1,135.26,Paid
O008246,C0470,P0003,2026-02-15,1,283.98,Paid
O008247,C0117,P0006,2026-02-15,2,278.86,Paid
O008248,C0203,P0007,2026-02-15,3,1161.69,Paid
O008249,C0504,P0014,2026-02-15,3,130.11,Referral
O008250,C0402,P0014,2026-02-15,2,86.74,Paid
O008251,C0702,P0015,2026-02-15,2,155.26,Organic
O008252,C0591,P0021,2026-02-15,2,94.08,Organic
O008253,C0536,P0017,2026-02-15,2,41.12,Organic
O008254,C0498,P0020,2026-02-15,2,50.04,Organic
O008255,C0550,P0032,2026-02-15,1,53.09,Paid
O008256,C0640,P0027,2026-02-15,3,85.74,Organic
O008257,C0110,P0040,2026-02-15,1,91.63,Email
O008258,C0731,P0038,2026-02-15,3,335.85,Email
O008259,C0289,P0035,2026-02-15,3,354.63,Paid
O008260,C0611,P0004,2026-02-16,1,333.21,Paid
O008261,C0411,P0005,2026-02-16,1,124.69,Paid
O008262,C0363,P0006,2026-02-16,2,278.86,Paid
O008263,C0171,P0007,2026-02-16,3,1161.69,Organic
O008264,C0268,P0010,2026-02-16,3,142.32,Organic
O008265,C0063,P0017,2026-02-16,3,61.68,Referral
O008266,C0581,P0018,2026-02-16,3,282.75,Organic
O008267,C0406,P0026,2026-02-16,2,94.7,Organic
O008268,C0116,P0029,2026-02-16,2,39.54,Organic
O008269,C0225,P0033,2026-02-16,1,82.44,Organic
O008270,C0719,P0040,2026-02-16,2,183.26,Organic
O008271,C0244,P0006,2026-02-16,3,418.29,Email
O008272,C0159,P0003,2026-02-16,3,851.94,Organic
O008273,C0586,P0015,2026-02-16,3,232.89,Organic
O008274,C0379,P0016,2026-02-16,2,61.96,Organic
O008275,C0064,P0011,2026-02-16,1,33.98,Organic
O008276,C0089,P0014,2026-02-16,3,130.11,Organic
O008277,C0254,P0013,2026-02-16,2,145.78,Email
O008278,C0244,P0013,2026-02-16,1,72.89,Organic
O008279,C0239,P0024,2026-02-16,2,63.16,Organic
O008280,C0560,P0020,2026-02-16,3,75.06,Email
O008281,C0185,P0018,2026-02-16,1,94.25,Organic
O008282,C0777,P0031,2026-02-16,3,101.91,Email
O008283,C0267,P0029,2026-02-16,1,19.77,Organic
O008284,C0687,P0029,2026-02-16,3,59.31,Organic
O008285,C0519,P0029,2026-02-16,2,39.54,Organic
O008286,C0370,P0027,2026-02-16,1,28.58,Organic
O008287,C0068,P0002,2026-02-16,3,271.26,Email
O008288,C0112,P0021,2026-02-16,2,94.08,Organic
O008289,C0650,P0023,2026-02-16,1,125.29,Email
O008290,C0389,P0031,2026-02-16,3,101.91,Paid
O008291,C0080,P0025,2026-02-16,2,59.52,Organic
O008292,C0025,P0036,2026-02-16,1,58.24,Paid
O008293,C0227,P0039,2026-02-16,1,40.82,Referral
O008294,C0095,P0037,2026-02-16,3,172.05,Organic
O008295,C0176,P0034,2026-02-16,1,87.49,Paid
O008296,C0436,P0037,2026-02-16,2,114.7,Organic
O008297,C0175,P0036,2026-02-16,3,174.72,Organic
O008298,C0727,P0008,2026-02-16,3,405.78,Organic
O008299,C0457,P0006,2026-02-16,2,278.86,Organic
O008300,C0375,P0011,2026-02-16,2,67.96,Organic
O008301,C0202,P0011,2026-02-16,2,67.96,Referral
O008302,C0224,P0015,2026-02-16,1,77.63,Paid
O008303,C0001,P0019,2026-02-16,1,149.23,Paid
O008304,C0470,P0023,2026-02-16,1,125.29,Organic
O008305,C0584,P0018,2026-02-16,1,94.25,Organic
O008306,C0146,P0019,2026-02-16,1,149.23,Organic
O008307,C0296,P0026,2026-02-16,3,142.05,Referral
O008308,C0531,P0030,2026-02-16,2,61.0,Paid
O008309,C0640,P0025,2026-02-16,3,89.28,Paid
O008310,C0252,P0032,2026-02-16,1,53.09,Paid
O008311,C0797,P0031,2026-02-16,3,101.91,Email
O008312,C0621,P0026,2026-02-16,1,47.35,Organic
O008313,C0320,P0036,2026-02-16,1,58.24,Organic
O008314,C0289,P0038,2026-02-16,1,111.95,Organic
O008315,C0146,P0036,2026-02-16,1,58.24,Organic
O008316,C0407,P0035,2026-02-16,3,354.63,Paid
O008317,C0114,P0001,2026-02-17,2,737.56,Paid
O008318,C0055,P0016,2026-02-17,3,92.94,Paid
O008319,C0157,P0012,2026-02-17,1,73.18,Organic
O008320,C0107,P0024,2026-02-17,3,94.74,Organic
O008321,C0144,P0018,2026-02-17,1,94.25,Paid
O008322,C0524,P0023,2026-02-17,3,375.87,Organic
O008323,C0038,P0031,2026-02-17,2,67.94,Email
O008324,C0756,P0032,2026-02-17,3,159.27,Email
O008325,C0226,P0028,2026-02-17,1,19.44,Organic
O008326,C0386,P0033,2026-02-17,3,247.32,Referral
O008327,C0426,P0037,2026-02-17,2,114.7,Organic
O008328,C0721,P0039,2026-02-17,2,81.64,Referral
O008329,C0772,P0007,2026-02-17,1,387.23,Referral
O008330,C0370,P0006,2026-02-17,2,278.86,Paid
O008331,C0772,P0001,2026-02-17,3,1106.34,Organic
O008332,C0014,P0002,2026-02-17,3,271.26,Organic
O008333,C0057,P0011,2026-02-17,2,67.96,Email
O008334,C0335,P0012,2026-02-17,2,146.36,Organic
O008335,C0113,P0010,2026-02-17,1,47.44,Organic
O008336,C0642,P0014,2026-02-17,1,43.37,Organic
O008337,C0677,P0013,2026-02-17,1,72.89,Organic
O008338,C0180,P0020,2026-02-17,1,25.02,Referral
O008339,C0159,P0019,2026-02-17,2,298.46,Organic
O008340,C0397,P0025,2026-02-17,1,29.76,Paid
O008341,C0160,P0032,2026-02-17,1,53.09,Paid
O008342,C0370,P0030,2026-02-17,1,30.5,Paid
O008343,C0728,P0034,2026-02-17,2,174.98,Referral
O008344,C0575,P0040,2026-02-17,1,91.63,Organic
O008345,C0227,P0003,2026-02-17,2,567.96,Organic
O008346,C0654,P0014,2026-02-17,3,130.11,Organic
O008347,C0416,P0011,2026-02-17,2,67.96,Organic
O008348,C0492,P0021,2026-02-17,2,94.08,Paid
O008349,C0061,P0019,2026-02-17,1,149.23,Organic
O008350,C0540,P0028,2026-02-17,1,19.44,Paid
O008351,C0124,P0026,2026-02-17,2,94.7,Email
O008352,C0044,P0032,2026-02-17,1,53.09,Email
O008353,C0099,P0040,2026-02-17,2,183.26,Paid
O008354,C0730,P0007,2026-02-17,2,774.46,Organic
O008355,C0781,P0008,2026-02-17,2,270.52,Referral
O008356,C0769,P0002,2026-02-17,1,90.42,Organic
O008357,C0284,P0002,2026-02-17,2,180.84,Organic
O008358,C0289,P0015,2026-02-17,2,155.26,Organic
O008359,C0296,P0014,2026-02-17,2,86.74,Email
O008360,C0372,P0022,2026-02-17,2,174.92,Organic
O008361,C0339,P0021,2026-02-17,2,94.08,Email
O008362,C0192,P0029,2026-02-17,3,59.31,Referral
O008363,C0572,P0028,2026-02-17,1,19.44,Paid
O008364,C0698,P0036,2026-02-17,2,116.48,Email
O008365,C0716,P0034,2026-02-17,1,87.49,Organic
O008366,C0324,P0006,2026-02-18,1,139.43,Organic
O008367,C0759,P0005,2026-02-18,1,124.69,Email
O008368,C0377,P0005,2026-02-18,3,374.07,Organic
O008369,C0388,P0008,2026-02-18,1,135.26,Organic
O008370,C0210,P0015,2026-02-18,2,155.26,Paid
O008371,C0611,P0016,2026-02-18,1,30.98,Referral
O008372,C0626,P0013,2026-02-18,2,145.78,Email
O008373,C0549,P0024,2026-02-18,1,31.58,Paid
O008374,C0136,P0025,2026-02-18,3,89.28,Organic
O008375,C0342,P0036,2026-02-18,1,58.24,Organic
O008376,C0428,P0038,2026-02-18,1,111.95,Organic
O008377,C0370,P0008,2026-02-18,2,270.52,Paid
O008378,C0094,P0008,2026-02-18,2,270.52,Paid
O008379,C0071,P0013,2026-02-18,1,72.89,Paid
O008380,C0333,P0013,2026-02-18,2,145.78,Paid
O008381,C0094,P0015,2026-02-18,3,232.89,Referral
O008382,C0155,P0021,2026-02-18,3,141.12,Organic
O008383,C0508,P0019,2026-02-18,2,298.46,Organic
O008384,C0734,P0025,2026-02-18,2,59.52,Organic
O008385,C0159,P0030,2026-02-18,3,91.5,Referral
O008386,C0635,P0031,2026-02-18,3,101.91,Paid
O008387,C0155,P0040,2026-02-18,3,274.89,Paid
O008388,C0637,P0035,2026-02-18,3,354.63,Organic
O008389,C0632,P0033,2026-02-18,1,82.44,Referral
O008390,C0143,P0003,2026-02-18,2,567.96,Organic
O008391,C0754,P0005,2026-02-18,3,374.07,Paid
O008392,C0499,P0006,2026-02-18,3,418.29,Paid
O008393,C0206,P0003,2026-02-18,2,567.96,Paid
O008394,C0031,P0016,2026-02-18,2,61.96,Email
O008395,C0633,P0025,2026-02-18,2,59.52,Paid
O008396,C0206,P0031,2026-02-18,1,33.97,Organic
O008397,C0138,P0031,2026-02-18,2,67.94,Organic
O008398,C0092,P0026,2026-02-18,3,142.05,Organic
O008399,C0751,P0029,2026-02-18,1,19.77,Email
O008400,C0323,P0030,2026-02-18,2,61.0,Paid
O008401,C0233,P0037,2026-02-18,1,57.35,Organic
O008402,C0373,P0033,2026-02-18,1,82.44,Organic
O008403,C0432,P0008,2026-02-18,1,135.26,Paid
O008404,C0265,P0012,2026-02-18,3,219.54,Organic
O008405,C0001,P0018,2026-02-18,2,188.5,Organic
O008406,C0585,P0021,2026-02-18,2,94.08,Paid
O008407,C0572,P0019,2026-02-18,3,447.69,Referral
O008408,C0536,P0017,2026-02-18,1,20.56,Organic
O008409,C0149,P0020,2026-02-18,2,50.04,Organic
O008410,C0093,P0019,2026-02-18,3,447.69,Organic
O008411,C0140,P0031,2026-02-18,2,67.94,Organic
O008412,C0161,P0026,2026-02-18,1,47.35,Email
O008413,C0192,P0034,2026-02-18,2,174.98,Paid
O008414,C0051,P0035,2026-02-18,2,236.42,Paid
O008415,C0798,P0038,2026-02-18,1,111.95,Paid
O008416,C0382,P0007,2026-02-19,3,1161.69,Referral
O008417,C0228,P0006,2026-02-19,1,139.43,Paid
O008418,C0567,P0003,2026-02-19,2,567.96,Organic
O008419,C0263,P0020,2026-02-19,1,25.02,Paid
O008420,C0628,P0022,2026-02-19,1,87.46,Organic
O008421,C0195,P0017,2026-02-19,1,20.56,Paid
O008422,C0599,P0030,2026-02-19,1,30.5,Organic
O008423,C0050,P0028,2026-02-19,1,19.44,Organic
O008424,C0708,P0034,2026-02-19,2,174.98,Paid
O008425,C0701,P0017,2026-02-19,2,41.12,Email
O008426,C0752,P0020,2026-02-19,2,50.04,Paid
O008427,C0635,P0020,2026-02-19,1,25.02,Organic
O008428,C0355,P0032,2026-02-19,2,106.18,Paid
O008429,C0642,P0029,2026-02-19,3,59.31,Paid
O008430,C0728,P0029,2026-02-19,3,59.31,Referral
O008431,C0201,P0030,2026-02-19,1,30.5,Organic
O008432,C0033,P0005,2026-02-19,1,124.69,Paid
O008433,C0283,P0003,2026-02-19,2,567.96,Organic
O008434,C0359,P0004,2026-02-19,2,666.42,Organic
O008435,C0476,P0008,2026-02-19,2,270.52,Organic
O008436,C0124,P0013,2026-02-19,1,72.89,Referral
O008437,C0191,P0016,2026-02-19,1,30.98,Paid
O008438,C0548,P0012,2026-02-19,2,146.36,Email
O008439,C0682,P0012,2026-02-19,3,219.54,Organic
O008440,C0177,P0018,2026-02-19,3,282.75,Paid
O008441,C0022,P0021,2026-02-19,1,47.04,Organic
O008442,C0522,P0020,2026-02-19,3,75.06,Paid
O008443,C0410,P0021,2026-02-19,3,141.12,Organic
O008444,C0414,P0032,2026-02-19,1,53.09,Organic
O008445,C0175,P0026,2026-02-19,1,47.35,Organic
O008446,C0083,P0031,2026-02-19,3,101.91,Organic
O008447,C0667,P0038,2026-02-19,1,111.95,Organic
O008448,C0323,P0038,2026-02-19,1,111.95,Organic
O008449,C0296,P0003,2026-02-19,3,851.94,Paid
O008450,C0002,P0003,2026-02-19,1,283.98,Email
O008451,C0727,P0008,2026-02-19,2,270.52,Organic
O008452,C0640,P0004,2026-02-19,1,333.21,Organic
O008453,C0730,P0007,2026-02-19,2,774.46,Email
O008454,C0311,P0004,2026-02-19,3,999.63,Organic
O008455,C0053,P0003,2026-02-19,3,851.94,Organic
O008456,C0673,P0012,2026-02-19,2,146.36,Referral
O008457,C0051,P0011,2026-02-19,3,101.94,Referral
O008458,C0296,P0011,2026-02-19,1,33.98,Organic
O008459,C0536,P0009,2026-02-19,3,141.75,Organic
O008460,C0012,P0020,2026-02-19,3,75.06,Organic
O008461,C0140,P0030,2026-02-19,3,91.5,Organic
O008462,C0357,P0040,2026-02-19,2,183.26,Email
O008463,C0695,P0040,2026-02-19,3,274.89,Organic
O008464,C0745,P0033,2026-02-19,3,247.32,Paid
O008465,C0311,P0034,2026-02-19,3,262.47,Organic
O008466,C0076,P0037,2026-02-19,2,114.7,Email
O008467,C0535,P0002,2026-02-20,2,180.84,Paid
O008468,C0035,P0006,2026-02-20,3,418.29,Paid
O008469,C0144,P0011,2026-02-20,2,67.96,Paid
O008470,C0157,P0012,2026-02-20,1,73.18,Paid
O008471,C0708,P0021,2026-02-20,2,94.08,Organic
O008472,C0447,P0020,2026-02-20,1,25.02,Paid
O008473,C0277,P0021,2026-02-20,2,94.08,Paid
O008474,C0062,P0019,2026-02-20,2,298.46,Paid
O008475,C0425,P0040,2026-02-20,1,91.63,Organic
O008476,C0677,P0005,2026-02-20,2,249.38,Referral
O008477,C0675,P0013,2026-02-20,2,145.78,Organic
O008478,C0761,P0015,2026-02-20,1,77.63,Email
O008479,C0455,P0021,2026-02-20,3,141.12,Organic
O008480,C0017,P0019,2026-02-20,2,298.46,Organic
O008481,C0471,P0032,2026-02-20,1,53.09,Organic
O008482,C0772,P0029,2026-02-20,3,59.31,Organic
O008483,C0057,P0030,2026-02-20,1,30.5,Paid
O008484,C0563,P0037,2026-02-20,3,172.05,Paid
O008485,C0112,P0001,2026-02-20,1,368.78,Referral
O008486,C0327,P0007,2026-02-20,1,387.23,Email
O008487,C0667,P0014,2026-02-20,2,86.74,Email
O008488,C0436,P0019,2026-02-20,1,149.23,Organic
O008489,C0143,P0025,2026-02-20,3,89.28,Organic
O008490,C0630,P0030,2026-02-20,1,30.5,Organic
O008491,C0496,P0032,2026-02-20,3,159.27,Organic
O008492,C0767,P0032,2026-02-20,3,159.27,Email
O008493,C0692,P0035,2026-02-20,2,236.42,Paid
O008494,C0248,P0002,2026-02-20,2,180.84,Email
O008495,C0769,P0002,2026-02-20,3,271.26,Referral
O008496,C0744,P0015,2026-02-20,1,77.63,Organic
O008497,C0173,P0009,2026-02-20,2,94.5,Organic
O008498,C0150,P0011,2026-02-20,3,101.94,Paid
O008499,C0407,P0013,2026-02-20,2,145.78,Organic
O008500,C0779,P0012,2026-02-20,1,73.18,Referral
O008501,C0511,P0017,2026-02-20,1,20.56,Paid
O008502,C0264,P0026,2026-02-20,3,142.05,Organic
O008503,C0456,P0027,2026-02-20,3,85.74,Paid
O008504,C0678,P0033,2026-02-20,1,82.44,Organic
O008505,C0296,P0033,2026-02-20,3,247.32,Email
O008506,C0551,P0001,2026-02-21,2,737.56,Organic
O008507,C0433,P0001,2026-02-21,3,1106.34,Organic
O008508,C0703,P0001,2026-02-21,3,1106.34,Organic
O008509,C0363,P0005,2026-02-21,2,249.38,Organic
O008510,C0198,P0005,2026-02-21,1,124.69,Paid
O008511,C0411,P0011,2026-02-21,3,101.94,Organic
O008512,C0447,P0011,2026-02-21,2,67.96,Paid
O008513,C0579,P0015,2026-02-21,1,77.63,Paid
O008514,C0443,P0021,2026-02-21,3,141.12,Organic
O008515,C0078,P0017,2026-02-21,1,20.56,Organic
O008516,C0729,P0032,2026-02-21,1,53.09,Paid
O008517,C0210,P0037,2026-02-21,1,57.35,Organic
O008518,C0627,P0039,2026-02-21,3,122.46,Organic
O008519,C0038,P0035,2026-02-21,3,354.63,Email
O008520,C0008,P0005,2026-02-21,3,374.07,Organic
O008521,C0125,P0008,2026-02-21,2,270.52,Email
O008522,C0589,P0002,2026-02-21,2,180.84,Organic
O008523,C0545,P0014,2026-02-21,3,130.11,Organic
O008524,C0740,P0024,2026-02-21,1,31.58,Organic
O008525,C0713,P0021,2026-02-21,1,47.04,Paid
O008526,C0241,P0024,2026-02-21,2,63.16,Referral
O008527,C0795,P0025,2026-02-21,1,29.76,Paid
O008528,C0518,P0032,2026-02-21,1,53.09,Organic
O008529,C0537,P0029,2026-02-21,2,39.54,Email
O008530,C0691,P0032,2026-02-21,1,53.09,Referral
O008531,C0622,P0033,2026-02-21,1,82.44,Organic
O008532,C0291,P0039,2026-02-21,3,122.46,Email
O008533,C0054,P0036,2026-02-21,2,116.48,Email
O008534,C0623,P0034,2026-02-21,3,262.47,Organic
O008535,C0083,P0005,2026-02-21,2,249.38,Paid
O008536,C0438,P0003,2026-02-21,1,283.98,Organic
O008537,C0681,P0013,2026-02-21,1,72.89,Organic
O008538,C0031,P0014,2026-02-21,2,86.74,Paid
O008539,C0699,P0022,2026-02-21,2,174.92,Referral
O008540,C0485,P0031,2026-02-21,1,33.97,Paid
O008541,C0305,P0032,2026-02-21,2,106.18,Organic
O008542,C0557,P0028,2026-02-21,1,19.44,Organic
O008543,C0080,P0036,2026-02-21,2,116.48,Organic
O008544,C0401,P0034,2026-02-21,2,174.98,Organic
O008545,C0476,P0033,2026-02-21,2,164.88,Email
O008546,C0124,P0036,2026-02-21,3,174.72,Organic
O008547,C0172,P0004,2026-02-21,1,333.21,Organic
O008548,C0173,P0007,2026-02-21,3,1161.69,Organic
O008549,C0090,P0016,2026-02-21,2,61.96,Organic
O008550,C0110,P0011,2026-02-21,3,101.94,Paid
O008551,C0555,P0009,2026-02-21,1,47.25,Organic
O008552,C0456,P0009,2026-02-21,1,47.25,Referral
O008553,C0419,P0019,2026-02-21,3,447.69,Paid
O008554,C0497,P0024,2026-02-21,2,63.16,Organic
O008555,C0606,P0024,2026-02-21,3,94.74,Organic
O008556,C0470,P0023,2026-02-21,1,125.29,Organic
O008557,C0053,P0032,2026-02-21,2,106.18,Email
O008558,C0442,P0031,2026-02-21,1,33.97,Referral
O008559,C0678,P0030,2026-02-21,3,91.5,Organic
O008560,C0307,P0035,2026-02-21,3,354.63,Organic
O008561,C0568,P0039,2026-02-21,3,122.46,Organic
O008562,C0192,P0037,2026-02-21,2,114.7,Email
O008563,C0076,P0037,2026-02-21,1,57.35,Organic
O008564,C0568,P0033,2026-02-21,3,247.32,Organic
O008565,C0612,P0034,2026-02-21,1,87.49,Organic
O008566,C0554,P0003,2026-02-22,2,567.96,Paid
O008567,C0364,P0011,2026-02-22,3,101.94,Organic
O008568,C0628,P0022,2026-02-22,3,262.38,Referral
O008569,C0195,P0019,2026-02-22,1,149.23,Paid
O008570,C0015,P0030,2026-02-22,2,61.0,Paid
O008571,C0703,P0026,2026-02-22,3,142.05,Referral
O008572,C0135,P0026,2026-02-22,1,47.35,Organic
O008573,C0729,P0039,2026-02-22,3,122.46,Organic
O008574,C0756,P0035,2026-02-22,1,118.21,Organic
O008575,C0342,P0040,2026-02-22,2,183.26,Paid
O008576,C0195,P0036,2026-02-22,1,58.24,Organic
O008577,C0579,P0040,2026-02-22,3,274.89,Paid
O008578,C0270,P0037,2026-02-22,1,57.35,Organic
O008579,C0571,P0002,2026-02-22,1,90.42,Referral
O008580,C0073,P0010,2026-02-22,3,142.32,Organic
O008581,C0712,P0015,2026-02-22,1,77.63,Referral
O008582,C0258,P0017,2026-02-22,3,61.68,Organic
O008583,C0609,P0021,2026-02-22,1,47.04,Email
O008584,C0417,P0022,2026-02-22,2,174.92,Paid
O008585,C0392,P0021,2026-02-22,2,94.08,Organic
O008586,C0006,P0031,2026-02-22,3,101.91,Referral
O008587,C0605,P0027,2026-02-22,1,28.58,Organic
O008588,C0608,P0030,2026-02-22,3,91.5,Referral
O008589,C0071,P0029,2026-02-22,2,39.54,Paid
O008590,C0326,P0033,2026-02-22,1,82.44,Organic
O008591,C0326,P0037,2026-02-22,1,57.35,Email
O008592,C0496,P0007,2026-02-22,1,387.23,Organic
O008593,C0418,P0001,2026-02-22,1,368.78,Paid
O008594,C0222,P0004,2026-02-22,3,999.63,Paid
O008595,C0177,P0006,2026-02-22,1,139.43,Referral
O008596,C0506,P0002,2026-02-22,1,90.42,Paid
O008597,C0416,P0008,2026-02-22,1,135.26,Email
O008598,C0080,P0011,2026-02-22,2,67.96,Organic
O008599,C0330,P0015,2026-02-22,1,77.63,Paid
O008600,C0438,P0018,2026-02-22,1,94.25,Paid
O008601,C0418,P0024,2026-02-22,2,63.16,Organic
O008602,C0099,P0017,2026-02-22,1,20.56,Paid
O008603,C0485,P0031,2026-02-22,1,33.97,Organic
O008604,C0266,P0028,2026-02-22,3,58.32,Organic
O008605,C0517,P0035,2026-02-22,2,236.42,Email
O008606,C0640,P0001,2026-02-22,3,1106.34,Email
O008607,C0781,P0008,2026-02-22,3,405.78,Organic
O008608,C0652,P0002,2026-02-22,3,271.26,Referral
O008609,C0261,P0006,2026-02-22,1,139.43,Organic
O008610,C0172,P0010,2026-02-22,3,142.32,Referral
O008611,C0289,P0024,2026-02-22,3,94.74,Email
O008612,C0673,P0017,2026-02-22,1,20.56,Organic
O008613,C0770,P0021,2026-02-22,3,141.12,Email
O008614,C0706,P0023,2026-02-22,1,125.29,Organic
O008615,C0753,P0024,2026-02-22,1,31.58,Paid
O008616,C0042,P0029,2026-02-22,2,39.54,Paid
O008617,C0797,P0025,2026-02-22,2,59.52,Paid
O008618,C0358,P0026,2026-02-22,2,94.7,Organic
O008619,C0771,P0032,2026-02-22,3,159.27,Paid
O008620,C0316,P0025,2026-02-22,2,59.52,Paid
O008621,C0572,P0034,2026-02-22,1,87.49,Paid
O008622,C0704,P0036,2026-02-22,2,116.48,Organic
O008623,C0063,P0008,2026-02-23,3,405.78,Paid
O008624,C0638,P0014,2026-02-23,3,130.11,Organic
O008625,C0388,P0012,2026-02-23,2,146.36,Paid
O008626,C0169,P0020,2026-02-23,3,75.06,Organic
O008627,C0171,P0023,2026-02-23,3,375.87,Organic
O008628,C0237,P0017,2026-02-23,2,41.12,Email
O008629,C0521,P0033,2026-02-23,3,247.32,Paid
O008630,C0613,P0035,2026-02-23,1,118.21,Organic
O008631,C0250,P0010,2026-02-23,3,142.32,Paid
O008632,C0635,P0016,2026-02-23,1,30.98,Email
O008633,C0528,P0023,2026-02-23,3,375.87,Organic
O008634,C0528,P0029,2026-02-23,2,39.54,Email
O008635,C0489,P0030,2026-02-23,1,30.5,Paid
O008636,C0156,P0037,2026-02-23,2,114.7,Paid
O008637,C0586,P0038,2026-02-23,2,223.9,Paid
O008638,C0630,P0001,2026-02-23,3,1106.34,Organic
O008639,C0738,P0005,2026-02-23,1,124.69,Paid
O008640,C0112,P0005,2026-02-23,3,374.07,Organic
O008641,C0266,P0002,2026-02-23,1,90.42,Organic
O008642,C0564,P0003,2026-02-23,2,567.96,Organic
O008643,C0404,P0024,2026-02-23,2,63.16,Paid
O008644,C0177,P0022,2026-02-23,3,262.38,Email
O008645,C0564,P0021,2026-02-23,2,94.08,Email
O008646,C0564,P0030,2026-02-23,3,91.5,Paid
O008647,C0176,P0026,2026-02-23,2,94.7,Paid
O008648,C0416,P0025,2026-02-23,2,59.52,Organic
O008649,C0711,P0029,2026-02-23,2,39.54,Email
O008650,C0191,P0029,2026-02-23,3,59.31,Organic
O008651,C0485,P0040,2026-02-23,3,274.89,Organic
O008652,C0245,P0038,2026-02-23,3,335.85,Organic
O008653,C0230,P0002,2026-02-23,3,271.26,Paid
O008654,C0720,P0006,2026-02-23,2,278.86,Paid
O008655,C0023,P0013,2026-02-23,3,218.67,Paid
O008656,C0013,P0011,2026-02-23,2,67.96,Organic
O008657,C0272,P0010,2026-02-23,2,94.88,Paid
O008658,C0790,P0011,2026-02-23,2,67.96,Organic
O008659,C0051,P0023,2026-02-23,1,125.29,Referral
O008660,C0053,P0020,2026-02-23,1,25.02,Paid
O008661,C0372,P0021,2026-02-23,1,47.04,Organic
O008662,C0562,P0019,2026-02-23,1,149.23,Email
O008663,C0409,P0019,2026-02-23,3,447.69,Organic
O008664,C0606,P0029,2026-02-23,3,59.31,Paid
O008665,C0059,P0025,2026-02-23,1,29.76,Organic
O008666,C0179,P0030,2026-02-23,2,61.0,Paid
O008667,C0715,P0032,2026-02-23,2,106.18,Organic
O008668,C0090,P0026,2026-02-23,2,94.7,Referral
O008669,C0797,P0028,2026-02-23,2,38.88,Referral
O008670,C0084,P0035,2026-02-23,2,236.42,Paid
O008671,C0316,P0033,2026-02-23,1,82.44,Referral
O008672,C0628,P0006,2026-02-24,2,278.86,Referral
O008673,C0452,P0006,2026-02-24,3,418.29,Paid
O008674,C0144,P0019,2026-02-24,3,447.69,Paid
O008675,C0760,P0025,2026-02-24,1,29.76,Email
O008676,C0045,P0025,2026-02-24,1,29.76,Organic
O008677,C0662,P0030,2026-02-24,2,61.0,Paid
O008678,C0362,P0040,2026-02-24,2,183.26,Referral
O008679,C0273,P0036,2026-02-24,3,174.72,Organic
O008680,C0714,P0034,2026-02-24,2,174.98,Organic
O008681,C0209,P0039,2026-02-24,1,40.82,Organic
O008682,C0310,P0034,2026-02-24,3,262.47,Organic
O008683,C0071,P0003,2026-02-24,1,283.98,Paid
O008684,C0451,P0002,2026-02-24,2,180.84,Referral
O008685,C0018,P0015,2026-02-24,3,232.89,Paid
O008686,C0291,P0011,2026-02-24,2,67.96,Organic
O008687,C0494,P0015,2026-02-24,3,232.89,Email
O008688,C0534,P0023,2026-02-24,1,125.29,Organic
O008689,C0374,P0018,2026-02-24,1,94.25,Organic
O008690,C0712,P0020,2026-02-24,3,75.06,Referral
O008691,C0449,P0030,2026-02-24,3,91.5,Organic
O008692,C0533,P0029,2026-02-24,1,19.77,Paid
O008693,C0466,P0025,2026-02-24,1,29.76,Paid
O008694,C0014,P0028,2026-02-24,1,19.44,Organic
O008695,C0029,P0031,2026-02-24,2,67.94,Email
O008696,C0190,P0039,2026-02-24,2,81.64,Referral
O008697,C0764,P0034,2026-02-24,3,262.47,Email
O008698,C0588,P0006,2026-02-24,3,418.29,Organic
O008699,C0787,P0004,2026-02-24,1,333.21,Organic
O008700,C0009,P0004,2026-02-24,1,333.21,Organic
O008701,C0647,P0010,2026-02-24,1,47.44,Paid
O008702,C0092,P0035,2026-02-24,2,236.42,Organic
O008703,C0197,P0036,2026-02-24,1,58.24,Email
O008704,C0321,P0033,2026-02-24,2,164.88,Organic
O008705,C0252,P0004,2026-02-24,1,333.21,Paid
O008706,C0419,P0001,2026-02-24,1,368.78,Paid
O008707,C0164,P0004,2026-02-24,1,333.21,Organic
O008708,C0731,P0014,2026-02-24,2,86.74,Organic
O008709,C0307,P0012,2026-02-24,1,73.18,Organic
O008710,C0771,P0023,2026-02-24,2,250.58,Organic
O008711,C0419,P0032,2026-02-24,2,106.18,Organic
O008712,C0552,P0031,2026-02-24,3,101.91,Organic
O008713,C0800,P0032,2026-02-24,1,53.09,Email
O008714,C0090,P0040,2026-02-24,2,183.26,Organic
O008715,C0053,P0035,2026-02-24,1,118.21,Paid
O008716,C0051,P0034,2026-02-24,2,174.98,Organic
O008717,C0619,P0001,2026-02-25,3,1106.34,Referral
O008718,C0322,P0001,2026-02-25,3,1106.34,Paid
O008719,C0616,P0009,2026-02-25,3,141.75,Organic
O008720,C0109,P0016,2026-02-25,2,61.96,Paid
O008721,C0583,P0018,2026-02-25,2,188.5,Email
O008722,C0019,P0023,2026-02-25,1,125.29,Paid
O008723,C0210,P0022,2026-02-25,1,87.46,Organic
O008724,C0620,P0022,2026-02-25,1,87.46,Paid
O008725,C0294,P0018,2026-02-25,1,94.25,Organic
O008726,C0445,P0040,2026-02-25,1,91.63,Paid
O008727,C0620,P0036,2026-02-25,2,116.48,Paid
O008728,C0411,P0039,2026-02-25,2,81.64,Organic
O008729,C0006,P0003,2026-02-25,3,851.94,Paid
O008730,C0794,P0004,2026-02-25,3,999.63,Organic
O008731,C0785,P0012,2026-02-25,3,219.54,Paid
O008732,C0608,P0009,2026-02-25,3,141.75,Email
O008733,C0637,P0011,2026-02-25,1,33.98,Organic
O008734,C0752,P0010,2026-02-25,1,47.44,Paid
O008735,C0249,P0015,2026-02-25,3,232.89,Organic
O008736,C0014,P0011,2026-02-25,2,67.96,Paid
O008737,C0185,P0021,2026-02-25,1,47.04,Email
O008738,C0241,P0018,2026-02-25,1,94.25,Paid
O008739,C0355,P0028,2026-02-25,1,19.44,Email
O008740,C0785,P0032,2026-02-25,2,106.18,Organic
O008741,C0560,P0026,2026-02-25,1,47.35,Paid
O008742,C0236,P0037,2026-02-25,1,57.35,Organic
O008743,C0007,P0008,2026-02-25,3,405.78,Email
O008744,C0152,P0001,2026-02-25,3,1106.34,Referral
O008745,C0574,P0009,2026-02-25,1,47.25,Organic
O008746,C0754,P0009,2026-02-25,3,141.75,Email
O008747,C0206,P0023,2026-02-25,1,125.29,Paid
O008748,C0431,P0040,2026-02-25,2,183.26,Paid
O008749,C0647,P0038,2026-02-25,1,111.95,Paid
O008750,C0361,P0040,2026-02-25,3,274.89,Paid
O008751,C0375,P0006,2026-02-25,2,278.86,Organic
O008752,C0470,P0003,2026-02-25,3,851.94,Referral
O008753,C0562,P0013,2026-02-25,2,145.78,Email
O008754,C0164,P0013,2026-02-25,1,72.89,Email
O008755,C0395,P0010,2026-02-25,1,47.44,Email
O008756,C0229,P0025,2026-02-25,1,29.76,Paid
O008757,C0705,P0029,2026-02-25,2,39.54,Paid
O008758,C0070,P0031,2026-02-25,2,67.94,Organic
O008759,C0727,P0035,2026-02-25,1,118.21,Email
O008760,C0478,P0040,2026-02-25,2,183.26,Organic
O008761,C0627,P0004,2026-02-26,1,333.21,Organic
O008762,C0579,P0001,2026-02-26,2,737.56,Paid
O008763,C0257,P0006,2026-02-26,1,139.43,Email
O008764,C0341,P0003,2026-02-26,2,567.96,Paid
O008765,C0639,P0008,2026-02-26,2,270.52,Email
O008766,C0235,P0009,2026-02-26,1,47.25,Email
O008767,C0043,P0010,2026-02-26,3,142.32,Referral
O008768,C0188,P0013,2026-02-26,2,145.78,Organic
O008769,C0362,P0020,2026-02-26,2,50.04,Email
O008770,C0567,P0020,2026-02-26,2,50.04,Organic
O008771,C0218,P0024,2026-02-26,1,31.58,Paid
O008772,C0136,P0028,2026-02-26,1,19.44,Email
O008773,C0003,P0026,2026-02-26,2,94.7,Paid
O008774,C0768,P0026,2026-02-26,1,47.35,Organic
O008775,C0461,P0028,2026-02-26,3,58.32,Paid
O008776,C0776,P0036,2026-02-26,1,58.24,Referral
O008777,C0796,P0036,2026-02-26,2,116.48,Referral
O008778,C0553,P0038,2026-02-26,2,223.9,Paid
O008779,C0547,P0005,2026-02-26,3,374.07,Paid
O008780,C0605,P0004,2026-02-26,1,333.21,Organic
O008781,C0609,P0012,2026-02-26,3,219.54,Email
O008782,C0508,P0011,2026-02-26,3,101.94,Paid
O008783,C0064,P0023,2026-02-26,1,125.29,Paid
O008784,C0713,P0032,2026-02-26,3,159.27,Organic
O008785,C0795,P0035,2026-02-26,3,354.63,Organic
O008786,C0476,P0002,2026-02-26,2,180.84,Organic
O008787,C0660,P0007,2026-02-26,1,387.23,Organic
O008788,C0564,P0002,2026-02-26,3,271.26,Organic
O008789,C0694,P0014,2026-02-26,3,130.11,Paid
O008790,C0068,P0020,2026-02-26,1,25.02,Email
O008791,C0757,P0030,2026-02-26,3,91.5,Organic
O008792,C0108,P0025,2026-02-26,1,29.76,Organic
O008793,C0323,P0030,2026-02-26,1,30.5,Paid
O008794,C0422,P0032,2026-02-26,3,159.27,Referral
O008795,C0647,P0040,2026-02-26,1,91.63,Organic
O008796,C0389,P0037,2026-02-26,3,172.05,Paid
O008797,C0251,P0033,2026-02-26,2,164.88,Paid
O008798,C0283,P0033,2026-02-26,2,164.88,Referral
O008799,C0173,P0004,2026-02-26,3,999.63,Email
O008800,C0771,P0002,2026-02-26,2,180.84,Organic
O008801,C0118,P0004,2026-02-26,1,333.21,Organic
O008802,C0186,P0012,2026-02-26,2,146.36,Organic
O008803,C0307,P0013,2026-02-26,3,218.67,Organic
O008804,C0402,P0019,2026-02-26,2,298.46,Email
O008805,C0027,P0038,2026-02-26,3,335.85,Referral
O008806,C0221,P0040,2026-02-26,2,183.26,Organic
O008807,C0732,P0005,2026-02-27,3,374.07,Paid
O008808,C0377,P0001,2026-02-27,3,1106.34,Referral
O008809,C0171,P0002,2026-02-27,1,90.42,Organic
O008810,C0063,P0011,2026-02-27,1,33.98,Email
O008811,C0799,P0009,2026-02-27,1,47.25,Referral
O008812,C0294,P0014,2026-02-27,2,86.74,Paid
O008813,C0521,P0019,2026-02-27,1,149.23,Organic
O008814,C0671,P0025,2026-02-27,2,59.52,Paid
O008815,C0576,P0028,2026-02-27,2,38.88,Organic
O008816,C0019,P0039,2026-02-27,2,81.64,Organic
O008817,C0638,P0038,2026-02-27,3,335.85,Email
O008818,C0369,P0038,2026-02-27,1,111.95,Referral
O008819,C0425,P0040,2026-02-27,2,183.26,Organic
O008820,C0215,P0033,2026-02-27,2,164.88,Organic
O008821,C0449,P0002,2026-02-27,3,271.26,Organic
O008822,C0608,P0005,2026-02-27,1,124.69,Organic
O008823,C0466,P0014,2026-02-27,2,86.74,Organic
O008824,C0533,P0009,2026-02-27,1,47.25,Email
O008825,C0446,P0024,2026-02-27,2,63.16,Organic
O008826,C0187,P0017,2026-02-27,2,41.12,Paid
O008827,C0178,P0030,2026-02-27,3,91.5,Organic
O008828,C0471,P0030,2026-02-27,3,91.5,Email
O008829,C0471,P0028,2026-02-27,1,19.44,Paid
O008830,C0119,P0037,2026-02-27,2,114.7,Organic
O008831,C0607,P0003,2026-02-27,1,283.98,Email
O008832,C0197,P0012,2026-02-27,1,73.18,Paid
O008833,C0418,P0014,2026-02-27,1,43.37,Paid
O008834,C0112,P0029,2026-02-27,1,19.77,Referral
O008835,C0422,P0026,2026-02-27,1,47.35,Organic
O008836,C0410,P0029,2026-02-27,2,39.54,Paid
O008837,C0166,P0030,2026-02-27,2,61.0,Paid
O008838,C0299,P0028,2026-02-27,1,19.44,Email
O008839,C0266,P0035,2026-02-27,1,118.21,Referral
O008840,C0400,P0033,2026-02-27,2,164.88,Organic
O008841,C0221,P0004,2026-02-27,2,666.42,Organic
O008842,C0531,P0006,2026-02-27,3,418.29,Organic
O008843,C0566,P0001,2026-02-27,1,368.78,Paid
O008844,C0189,P0004,2026-02-27,1,333.21,Email
O008845,C0558,P0009,2026-02-27,2,94.5,Paid
O008846,C0051,P0014,2026-02-27,2,86.74,Paid
O008847,C0456,P0014,2026-02-27,1,43.37,Organic
O008848,C0013,P0021,2026-02-27,2,94.08,Organic
O008849,C0612,P0026,2026-02-27,1,47.35,Organic
O008850,C0769,P0037,2026-02-27,2,114.7,Organic
O008851,C0705,P0033,2026-02-27,2,164.88,Paid
O008852,C0215,P0002,2026-02-28,3,271.26,Paid
O008853,C0603,P0002,2026-02-28,2,180.84,Organic
O008854,C0541,P0008,2026-02-28,3,405.78,Organic
O008855,C0396,P0004,2026-02-28,1,333.21,Organic
O008856,C0617,P0009,2026-02-28,1,47.25,Referral
O008857,C0714,P0016,2026-02-28,3,92.94,Paid
O008858,C0324,P0022,2026-02-28,3,262.38,Referral
O008859,C0058,P0024,2026-02-28,2,63.16,Organic
O008860,C0435,P0019,2026-02-28,3,447.69,Paid
O008861,C0226,P0017,2026-02-28,2,41.12,Paid
O008862,C0443,P0024,2026-02-28,3,94.74,Referral
O008863,C0131,P0025,2026-02-28,3,89.28,Referral
O008864,C0708,P0031,2026-02-28,3,101.91,Referral
O008865,C0257,P0029,2026-02-28,2,39.54,Organic
O008866,C0599,P0025,2026-02-28,3,89.28,Email
O008867,C0626,P0035,2026-02-28,3,354.63,Paid
O008868,C0259,P0002,2026-02-28,3,271.26,Organic
O008869,C0608,P0004,2026-02-28,2,666.42,Organic
O008870,C0683,P0006,2026-02-28,1,139.43,Organic
O008871,C0086,P0011,2026-02-28,1,33.98,Paid
O008872,C0772,P0010,2026-02-28,2,94.88,Paid
O008873,C0494,P0015,2026-02-28,2,155.26,Email
O008874,C0687,P0010,2026-02-28,2,94.88,Paid
O008875,C0267,P0019,2026-02-28,1,149.23,Paid
O008876,C0285,P0018,2026-02-28,2,188.5,Organic
O008877,C0335,P0027,2026-02-28,2,57.16,Paid
O008878,C0162,P0025,2026-02-28,3,89.28,Organic
O008879,C0125,P0029,2026-02-28,3,59.31,Paid
O008880,C0646,P0029,2026-02-28,3,59.31,Paid
O008881,C0635,P0032,2026-02-28,1,53.09,Referral
O008882,C0155,P0037,2026-02-28,1,57.35,Organic
O008883,C0113,P0040,2026-02-28,1,91.63,Organic
O008884,C0251,P0001,2026-02-28,3,1106.34,Paid
O008885,C0325,P0013,2026-02-28,2,145.78,Paid
O008886,C0222,P0013,2026-02-28,3,218.67,Email
O008887,C0253,P0010,2026-02-28,2,94.88,Email
O008888,C0022,P0014,2026-02-28,1,43.37,Paid
O008889,C0387,P0019,2026-02-28,2,298.46,Paid
O008890,C0780,P0024,2026-02-28,1,31.58,Organic
O008891,C0234,P0030,2026-02-28,1,30.5,Organic
O008892,C0327,P0030,2026-02-28,1,30.5,Organic
O008893,C0092,P0025,2026-02-28,1,29.76,Organic
O008894,C0327,P0038,2026-02-28,1,111.95,Organic
O008895,C0222,P0037,2026-02-28,2,114.7,Organic
O008896,C0505,P0033,2026-02-28,2,164.88,Organic
O008897,C0496,P0034,2026-02-28,2,174.98,Paid
O008898,C0706,P0006,2026-02-28,2,278.86,Paid
O008899,C0724,P0004,2026-02-28,1,333.21,Organic
O008900,C0797,P0001,2026-02-28,1,368.78,Organic
O008901,C0264,P0015,2026-02-28,2,155.26,Organic
O008902,C0702,P0015,2026-02-28,3,232.89,Organic
O008903,C0498,P0015,2026-02-28,2,155.26,Email
O008904,C0497,P0012,2026-02-28,3,219.54,Organic
O008905,C0302,P0021,2026-02-28,2,94.08,Email
O008906,C0042,P0020,2026-02-28,1,25.02,Paid
O008907,C0051,P0021,2026-02-28,3,141.12,Referral
O008908,C0084,P0023,2026-02-28,2,250.58,Organic
O008909,C0800,P0023,2026-02-28,3,375.87,Organic
O008910,C0290,P0023,2026-02-28,1,125.29,Referral
O008911,C0394,P0024,2026-02-28,2,63.16,Organic
O008912,C0339,P0021,2026-02-28,2,94.08,Paid
O008913,C0724,P0021,2026-02-28,1,47.04,Organic
O008914,C0164,P0022,2026-02-28,3,262.38,Paid
O008915,C0749,P0032,2026-02-28,3,159.27,Referral
O008916,C0314,P0030,2026-02-28,3,91.5,Organic
O008917,C0744,P0026,2026-02-28,1,47.35,Organic
O008918,C0705,P0028,2026-02-28,1,19.44,Paid
O008919,C0140,P0033,2026-02-28,3,247.32,Organic
O008920,C0511,P0040,2026-02-28,3,274.89,Organic
O008921,C0136,P0005,2026-03-01,3,374.07,Email
O008922,C0298,P0007,2026-03-01,1,387.23,Email
O008923,C0340,P0001,2026-03-01,3,1106.34,Paid
O008924,C0464,P0004,2026-03-01,1,333.21,Referral
O008925,C0362,P0015,2026-03-01,2,155.26,Organic
O008926,C0045,P0014,2026-03-01,1,43.37,Paid
O008927,C0523,P0018,2026-03-01,1,94.25,Organic
O008928,C0611,P0021,2026-03-01,1,47.04,Referral
O008929,C0088,P0017,2026-03-01,1,20.56,Email
O008930,C0030,P0029,2026-03-01,2,39.54,Organic
O008931,C0746,P0030,2026-03-01,1,30.5,Paid
O008932,C0043,P0031,2026-03-01,2,67.94,Email
O008933,C0386,P0032,2026-03-01,1,53.09,Organic
O008934,C0298,P0032,2026-03-01,3,159.27,Organic
O008935,C0368,P0025,2026-03-01,2,59.52,Paid
O008936,C0294,P0036,2026-03-01,2,116.48,Paid
O008937,C0396,P0037,2026-03-01,1,57.35,Email
O008938,C0537,P0001,2026-03-01,3,1106.34,Paid
O008939,C0113,P0008,2026-03-01,2,270.52,Paid
O008940,C0159,P0006,2026-03-01,1,139.43,Paid
O008941,C0794,P0004,2026-03-01,2,666.42,Email
O008942,C0644,P0005,2026-03-01,2,249.38,Email
O008943,C0156,P0012,2026-03-01,3,219.54,Organic
O008944,C0287,P0009,2026-03-01,1,47.25,Organic
O008945,C0250,P0013,2026-03-01,1,72.89,Paid
O008946,C0794,P0009,2026-03-01,1,47.25,Organic
O008947,C0366,P0012,2026-03-01,3,219.54,Email
O008948,C0241,P0019,2026-03-01,1,149.23,Paid
O008949,C0193,P0018,2026-03-01,2,188.5,Organic
O008950,C0750,P0020,2026-03-01,2,50.04,Paid
O008951,C0480,P0028,2026-03-01,2,38.88,Organic
O008952,C0276,P0029,2026-03-01,2,39.54,Paid
O008953,C0158,P0029,2026-03-01,1,19.77,Paid
O008954,C0057,P0037,2026-03-01,1,57.35,Organic
O008955,C0054,P0033,2026-03-01,3,247.32,Organic
O008956,C0681,P0014,2026-03-01,3,130.11,Organic
O008957,C0767,P0014,2026-03-01,2,86.74,Organic
O008958,C0692,P0010,2026-03-01,3,142.32,Paid
O008959,C0436,P0009,2026-03-01,2,94.5,Paid
O008960,C0654,P0016,2026-03-01,3,92.94,Email
O008961,C0578,P0009,2026-03-01,2,94.5,Organic
O008962,C0034,P0022,2026-03-01,1,87.46,Organic
O008963,C0418,P0022,2026-03-01,3,262.38,Referral
O008964,C0283,P0020,2026-03-01,1,25.02,Referral
O008965,C0325,P0018,2026-03-01,2,188.5,Organic
O008966,C0440,P0032,2026-03-01,1,53.09,Paid
O008967,C0166,P0040,2026-03-01,3,274.89,Paid
O008968,C0240,P0039,2026-03-01,2,81.64,Organic
O008969,C0222,P0034,2026-03-01,1,87.49,Email
O008970,C0680,P0038,2026-03-01,3,335.85,Organic
O008971,C0699,P0035,2026-03-01,2,236.42,Organic
O008972,C0339,P0002,2026-03-01,1,90.42,Organic
O008973,C0511,P0005,2026-03-01,1,124.69,Paid
O008974,C0272,P0007,2026-03-01,3,1161.69,Organic
O008975,C0121,P0016,2026-03-01,3,92.94,Email
O008976,C0289,P0017,2026-03-01,3,61.68,Paid
O008977,C0558,P0019,2026-03-01,3,447.69,Paid
O008978,C0272,P0022,2026-03-01,3,262.38,Referral
O008979,C0705,P0018,2026-03-01,3,282.75,Organic
O008980,C0013,P0022,2026-03-01,2,174.92,Referral
O008981,C0453,P0024,2026-03-01,3,94.74,Paid
O008982,C0745,P0021,2026-03-01,2,94.08,Paid
O008983,C0232,P0018,2026-03-01,2,188.5,Email
O008984,C0383,P0022,2026-03-01,1,87.46,Paid
O008985,C0394,P0026,2026-03-01,3,142.05,Organic
O008986,C0001,P0039,2026-03-01,3,122.46,Organic
O008987,C0736,P0035,2026-03-01,1,118.21,Paid
O008988,C0248,P0040,2026-03-01,2,183.26,Referral
O008989,C0140,P0033,2026-03-01,1,82.44,Organic
O008990,C0636,P0034,2026-03-01,3,262.47,Paid
O008991,C0566,P0037,2026-03-01,3,172.05,Organic
O008992,C0225,P0005,2026-03-02,3,374.07,Paid
O008993,C0003,P0008,2026-03-02,3,405.78,Referral
O008994,C0219,P0001,2026-03-02,3,1106.34,Organic
O008995,C0616,P0014,2026-03-02,1,43.37,Organic
O008996,C0205,P0012,2026-03-02,2,146.36,Referral
O008997,C0047,P0016,2026-03-02,1,30.98,Referral
O008998,C0761,P0013,2026-03-02,2,145.78,Referral
O008999,C0632,P0012,2026-03-02,3,219.54,Organic
O009000,C0185,P0019,2026-03-02,1,149.23,Referral
O009001,C0773,P0020,2026-03-02,1,25.02,Paid
O009002,C0056,P0022,2026-03-02,3,262.38,Organic
O009003,C0795,P0027,2026-03-02,2,57.16,Paid
O009004,C0661,P0025,2026-03-02,1,29.76,Email
O009005,C0276,P0037,2026-03-02,3,172.05,Organic
O009006,C0420,P0033,2026-03-02,2,164.88,Paid
O009007,C0420,P0035,2026-03-02,3,354.63,Organic
O009008,C0234,P0007,2026-03-02,3,1161.69,Paid
O009009,C0692,P0008,2026-03-02,2,270.52,Organic
O009010,C0438,P0010,2026-03-02,1,47.44,Referral
O009011,C0220,P0015,2026-03-02,3,232.89,Organic
O009012,C0044,P0023,2026-03-02,1,125.29,Organic
O009013,C0123,P0023,2026-03-02,1,125.29,Paid
O009014,C0112,P0027,2026-03-02,1,28.58,Organic
O009015,C0283,P0029,2026-03-02,3,59.31,Referral
O009016,C0321,P0028,2026-03-02,1,19.44,Organic
O009017,C0022,P0038,2026-03-02,2,223.9,Email
O009018,C0173,P0005,2026-03-02,2,249.38,Email
O009019,C0706,P0014,2026-03-02,1,43.37,Organic
O009020,C0457,P0010,2026-03-02,1,47.44,Organic
O009021,C0354,P0014,2026-03-02,3,130.11,Organic
O009022,C0782,P0018,2026-03-02,2,188.5,Organic
O009023,C0402,P0025,2026-03-02,2,59.52,Organic
O009024,C0128,P0008,2026-03-03,3,405.78,Email
O009025,C0136,P0016,2026-03-03,3,92.94,Organic
O009026,C0104,P0015,2026-03-03,2,155.26,Organic
O009027,C0628,P0022,2026-03-03,3,262.38,Organic
O009028,C0219,P0026,2026-03-03,2,94.7,Organic
O009029,C0026,P0031,2026-03-03,3,101.91,Organic
O009030,C0403,P0039,2026-03-03,3,122.46,Paid
O009031,C0137,P0040,2026-03-03,1,91.63,Email
O009032,C0058,P0039,2026-03-03,1,40.82,Referral
O009033,C0198,P0039,2026-03-03,3,122.46,Referral
O009034,C0397,P0003,2026-03-03,2,567.96,Email
O009035,C0594,P0001,2026-03-03,3,1106.34,Paid
O009036,C0683,P0001,2026-03-03,3,1106.34,Organic
O009037,C0201,P0005,2026-03-03,1,124.69,Paid
O009038,C0331,P0003,2026-03-03,3,851.94,Paid
O009039,C0134,P0016,2026-03-03,2,61.96,Organic
O009040,C0291,P0013,2026-03-03,2,145.78,Paid
O009041,C0374,P0021,2026-03-03,1,47.04,Email
O009042,C0180,P0018,2026-03-03,1,94.25,Organic
O009043,C0441,P0021,2026-03-03,2,94.08,Organic
O009044,C0255,P0017,2026-03-03,3,61.68,Organic
O009045,C0754,P0004,2026-03-03,1,333.21,Paid
O009046,C0245,P0009,2026-03-03,2,94.5,Paid
O009047,C0517,P0011,2026-03-03,3,101.94,Paid
O009048,C0699,P0012,2026-03-03,1,73.18,Organic
O009049,C0126,P0015,2026-03-03,2,155.26,Paid
O009050,C0490,P0019,2026-03-03,2,298.46,Organic
O009051,C0476,P0021,2026-03-03,3,141.12,Referral
O009052,C0126,P0030,2026-03-03,3,91.5,Paid
O009053,C0610,P0037,2026-03-03,1,57.35,Paid
O009054,C0485,P0038,2026-03-03,1,111.95,Email
O009055,C0568,P0007,2026-03-03,1,387.23,Email
O009056,C0069,P0002,2026-03-03,3,271.26,Organic
O009057,C0668,P0007,2026-03-03,3,1161.69,Organic
O009058,C0643,P0013,2026-03-03,2,145.78,Paid
O009059,C0328,P0014,2026-03-03,3,130.11,Paid
O009060,C0303,P0020,2026-03-03,2,50.04,Email
O009061,C0302,P0017,2026-03-03,3,61.68,Email
O009062,C0059,P0026,2026-03-03,2,94.7,Organic
O009063,C0221,P0031,2026-03-03,1,33.97,Email
O009064,C0011,P0033,2026-03-03,2,164.88,Referral
O009065,C0597,P0038,2026-03-03,2,223.9,Paid
O009066,C0611,P0003,2026-03-04,3,851.94,Organic
O009067,C0459,P0001,2026-03-04,3,1106.34,Referral
O009068,C0570,P0002,2026-03-04,3,271.26,Organic
O009069,C0107,P0008,2026-03-04,2,270.52,Organic
O009070,C0406,P0016,2026-03-04,2,61.96,Organic
O009071,C0081,P0018,2026-03-04,2,188.5,Paid
O009072,C0386,P0032,2026-03-04,2,106.18,Email
O009073,C0618,P0037,2026-03-04,1,57.35,Paid
O009074,C0464,P0039,2026-03-04,2,81.64,Email
O009075,C0443,P0034,2026-03-04,3,262.47,Organic
O009076,C0399,P0034,2026-03-04,3,262.47,Organic
O009077,C0551,P0036,2026-03-04,3,174.72,Organic
O009078,C0644,P0015,2026-03-04,1,77.63,Organic
O009079,C0071,P0011,2026-03-04,3,101.94,Organic
O009080,C0335,P0024,2026-03-04,3,94.74,Organic
O009081,C0029,P0017,2026-03-04,1,20.56,Paid
O009082,C0622,P0023,2026-03-04,2,250.58,Organic
O009083,C0291,P0022,2026-03-04,1,87.46,Email
O009084,C0190,P0030,2026-03-04,3,91.5,Organic
O009085,C0079,P0032,2026-03-04,1,53.09,Organic
O009086,C0455,P0031,2026-03-04,1,33.97,Email
O009087,C0250,P0038,2026-03-04,2,223.9,Referral
O009088,C0786,P0039,2026-03-04,1,40.82,Organic
O009089,C0321,P0007,2026-03-04,2,774.46,Referral
O009090,C0588,P0021,2026-03-04,2,94.08,Email
O009091,C0767,P0017,2026-03-04,1,20.56,Organic
O009092,C0699,P0021,2026-03-04,2,94.08,Paid
O009093,C0143,P0017,2026-03-04,1,20.56,Referral
O009094,C0517,P0021,2026-03-04,1,47.04,Organic
O009095,C0540,P0033,2026-03-04,2,164.88,Paid
O009096,C0506,P0038,2026-03-04,3,335.85,Organic
O009097,C0183,P0039,2026-03-04,1,40.82,Email
O009098,C0548,P0033,2026-03-04,3,247.32,Email
O009099,C0375,P0002,2026-03-04,1,90.42,Referral
O009100,C0726,P0005,2026-03-04,2,249.38,Organic
O009101,C0004,P0009,2026-03-04,3,141.75,Email
O009102,C0189,P0015,2026-03-04,2,155.26,Referral
O009103,C0715,P0018,2026-03-04,2,188.5,Organic
O009104,C0252,P0021,2026-03-04,1,47.04,Paid
O009105,C0302,P0019,2026-03-04,2,298.46,Email
O009106,C0284,P0022,2026-03-04,3,262.38,Paid
O009107,C0484,P0040,2026-03-04,2,183.26,Organic
O009108,C0717,P0001,2026-03-05,2,737.56,Organic
O009109,C0107,P0004,2026-03-05,3,999.63,Organic
O009110,C0613,P0007,2026-03-05,3,1161.69,Referral
O009111,C0065,P0006,2026-03-05,2,278.86,Organic
O009112,C0050,P0011,2026-03-05,1,33.98,Paid
O009113,C0755,P0009,2026-03-05,3,141.75,Paid
O009114,C0188,P0021,2026-03-05,1,47.04,Organic
O009115,C0026,P0018,2026-03-05,2,188.5,Organic
O009116,C0195,P0032,2026-03-05,3,159.27,Email
O009117,C0097,P0029,2026-03-05,1,19.77,Organic
O009118,C0294,P0028,2026-03-05,2,38.88,Paid
O009119,C0472,P0040,2026-03-05,1,91.63,Organic
O009120,C0020,P0035,2026-03-05,3,354.63,Organic
O009121,C0628,P0038,2026-03-05,3,335.85,Email
O009122,C0626,P0040,2026-03-05,1,91.63,Paid
O009123,C0784,P0033,2026-03-05,1,82.44,Paid
O009124,C0057,P0008,2026-03-05,2,270.52,Paid
O009125,C0608,P0007,2026-03-05,1,387.23,Organic
O009126,C0374,P0008,2026-03-05,2,270.52,Organic
O009127,C0439,P0007,2026-03-05,3,1161.69,Organic
O009128,C0119,P0015,2026-03-05,1,77.63,Organic
O009129,C0605,P0012,2026-03-05,1,73.18,Paid
O009130,C0239,P0014,2026-03-05,1,43.37,Paid
O009131,C0057,P0022,2026-03-05,3,262.38,Organic
O009132,C0180,P0020,2026-03-05,1,25.02,Organic
O009133,C0466,P0023,2026-03-05,2,250.58,Paid
O009134,C0672,P0032,2026-03-05,2,106.18,Paid
O009135,C0333,P0038,2026-03-05,2,223.9,Email
O009136,C0048,P0033,2026-03-05,3,247.32,Organic
O009137,C0211,P0007,2026-03-05,2,774.46,Organic
O009138,C0422,P0007,2026-03-05,3,1161.69,Referral
O009139,C0213,P0001,2026-03-05,1,368.78,Organic
O009140,C0465,P0016,2026-03-05,1,30.98,Paid
O009141,C0751,P0010,2026-03-05,2,94.88,Organic
O009142,C0040,P0012,2026-03-05,3,219.54,Paid
O009143,C0565,P0023,2026-03-05,3,375.87,Organic
O009144,C0028,P0029,2026-03-05,3,59.31,Paid
O009145,C0438,P0029,2026-03-05,1,19.77,Paid
O009146,C0165,P0039,2026-03-05,3,122.46,Referral
O009147,C0680,P0039,2026-03-05,2,81.64,Paid
O009148,C0621,P0001,2026-03-05,2,737.56,Paid
O009149,C0252,P0008,2026-03-05,1,135.26,Email
O009150,C0261,P0005,2026-03-05,3,374.07,Email
O009151,C0313,P0014,2026-03-05,1,43.37,Paid
O009152,C0409,P0016,2026-03-05,1,30.98,Paid
O009153,C0736,P0015,2026-03-05,2,155.26,Organic
O009154,C0096,P0020,2026-03-05,3,75.06,Referral
O009155,C0407,P0019,2026-03-05,2,298.46,Organic
O009156,C0612,P0024,2026-03-05,3,94.74,Organic
O009157,C0550,P0019,2026-03-05,1,149.23,Referral
O009158,C0090,P0017,2026-03-05,2,41.12,Organic
O009159,C0199,P0030,2026-03-05,3,91.5,Email
O009160,C0783,P0027,2026-03-05,3,85.74,Email
O009161,C0487,P0004,2026-03-06,2,666.42,Paid
O009162,C0638,P0010,2026-03-06,2,94.88,Organic
O009163,C0141,P0011,2026-03-06,3,101.94,Organic
O009164,C0292,P0011,2026-03-06,1,33.98,Email
O009165,C0708,P0009,2026-03-06,2,94.5,Paid
O009166,C0445,P0015,2026-03-06,2,155.26,Paid
O009167,C0746,P0016,2026-03-06,3,92.94,Organic
O009168,C0551,P0022,2026-03-06,3,262.38,Paid
O009169,C0617,P0020,2026-03-06,3,75.06,Email
O009170,C0171,P0031,2026-03-06,1,33.97,Paid
O009171,C0317,P0031,2026-03-06,2,67.94,Organic
O009172,C0209,P0026,2026-03-06,1,47.35,Email
O009173,C0631,P0038,2026-03-06,3,335.85,Paid
O009174,C0256,P0034,2026-03-06,1,87.49,Organic
O009175,C0714,P0035,2026-03-06,1,118.21,Paid
O009176,C0190,P0003,2026-03-06,1,283.98,Referral
O009177,C0537,P0008,2026-03-06,2,270.52,Referral
O009178,C0533,P0008,2026-03-06,1,135.26,Paid
O009179,C0444,P0007,2026-03-06,2,774.46,Organic
O009180,C0775,P0003,2026-03-06,3,851.94,Organic
O009181,C0267,P0016,2026-03-06,2,61.96,Paid
O009182,C0258,P0009,2026-03-06,1,47.25,Referral
O009183,C0255,P0010,2026-03-06,1,47.44,Organic
O009184,C0193,P0022,2026-03-06,2,174.92,Paid
O009185,C0391,P0018,2026-03-06,1,94.25,Organic
O009186,C0623,P0032,2026-03-06,3,159.27,Paid
O009187,C0014,P0033,2026-03-06,1,82.44,Paid
O009188,C0138,P0014,2026-03-06,1,43.37,Organic
O009189,C0330,P0015,2026-03-06,1,77.63,Email
O009190,C0548,P0022,2026-03-06,2,174.92,Paid
O009191,C0264,P0007,2026-03-06,3,1161.69,Email
O009192,C0121,P0002,2026-03-06,3,271.26,Organic
O009193,C0782,P0014,2026-03-06,3,130.11,Organic
O009194,C0744,P0016,2026-03-06,1,30.98,Organic
O009195,C0688,P0024,2026-03-06,1,31.58,Referral
O009196,C0727,P0021,2026-03-06,1,47.04,Organic
O009197,C0458,P0031,2026-03-06,2,67.94,Organic
O009198,C0307,P0032,2026-03-06,2,106.18,Organic
O009199,C0512,P0026,2026-03-06,1,47.35,Paid
O009200,C0148,P0035,2026-03-06,1,118.21,Referral
O009201,C0628,P0008,2026-03-07,3,405.78,Organic
O009202,C0107,P0001,2026-03-07,1,368.78,Organic
O009203,C0137,P0002,2026-03-07,2,180.84,Paid
O009204,C0611,P0005,2026-03-07,1,124.69,Referral
O009205,C0257,P0001,2026-03-07,2,737.56,Organic
O009206,C0362,P0007,2026-03-07,3,1161.69,Organic
O009207,C0671,P0011,2026-03-07,1,33.98,Paid
O009208,C0257,P0021,2026-03-07,2,94.08,Organic
O009209,C0135,P0022,2026-03-07,1,87.46,Organic
O009210,C0686,P0028,2026-03-07,3,58.32,Paid
O009211,C0502,P0029,2026-03-07,1,19.77,Organic
O009212,C0425,P0029,2026-03-07,2,39.54,Email
O009213,C0020,P0032,2026-03-07,2,106.18,Referral
O009214,C0408,P0028,2026-03-07,1,19.44,Referral
O009215,C0796,P0029,2026-03-07,3,59.31,Paid
O009216,C0535,P0035,2026-03-07,2,236.42,Email
O009217,C0687,P0007,2026-03-07,2,774.46,Organic
O009218,C0764,P0005,2026-03-07,3,374.07,Paid
O009219,C0331,P0013,2026-03-07,2,145.78,Paid
O009220,C0488,P0012,2026-03-07,1,73.18,Referral
O009221,C0537,P0020,2026-03-07,1,25.02,Organic
O009222,C0297,P0020,2026-03-07,3,75.06,Email
O009223,C0687,P0017,2026-03-07,1,20.56,Referral
O009224,C0740,P0020,2026-03-07,1,25.02,Paid
O009225,C0285,P0020,2026-03-07,2,50.04,Organic
O009226,C0119,P0023,2026-03-07,1,125.29,Paid
O009227,C0471,P0020,2026-03-07,3,75.06,Referral
O009228,C0430,P0018,2026-03-07,3,282.75,Organic
O009229,C0049,P0030,2026-03-07,2,61.0,Email
O009230,C0014,P0034,2026-03-07,3,262.47,Email
O009231,C0675,P0035,2026-03-07,2,236.42,Organic
O009232,C0681,P0004,2026-03-07,2,666.42,Organic
O009233,C0699,P0007,2026-03-07,1,387.23,Paid
O009234,C0699,P0008,2026-03-07,1,135.26,Email
O009235,C0028,P0007,2026-03-07,2,774.46,Paid
O009236,C0183,P0003,2026-03-07,1,283.98,Organic
O009237,C0647,P0008,2026-03-07,1,135.26,Organic
O009238,C0630,P0013,2026-03-07,3,218.67,Organic
O009239,C0095,P0011,2026-03-07,2,67.96,Organic
O009240,C0124,P0020,2026-03-07,2,50.04,Paid
O009241,C0578,P0024,2026-03-07,3,94.74,Organic
O009242,C0123,P0027,2026-03-07,2,57.16,Organic
O009243,C0505,P0032,2026-03-07,2,106.18,Organic
O009244,C0763,P0027,2026-03-07,3,85.74,Email
O009245,C0112,P0038,2026-03-07,3,335.85,Organic
O009246,C0630,P0038,2026-03-07,3,335.85,Referral
O009247,C0780,P0036,2026-03-07,3,174.72,Referral
O009248,C0314,P0001,2026-03-07,3,1106.34,Organic
O009249,C0339,P0003,2026-03-07,2,567.96,Referral
O009250,C0562,P0015,2026-03-07,2,155.26,Paid
O009251,C0698,P0023,2026-03-07,2,250.58,Email
O009252,C0434,P0020,2026-03-07,1,25.02,Paid
O009253,C0013,P0030,2026-03-07,1,30.5,Paid
O009254,C0758,P0031,2026-03-07,2,67.94,Email
O009255,C0636,P0032,2026-03-07,3,159.27,Email
O009256,C0769,P0029,2026-03-07,3,59.31,Paid
O009257,C0121,P0029,2026-03-07,3,59.31,Organic
O009258,C0606,P0033,2026-03-07,1,82.44,Paid
O009259,C0020,P0007,2026-03-08,2,774.46,Organic
O009260,C0443,P0005,2026-03-08,3,374.07,Organic
O009261,C0386,P0002,2026-03-08,2,180.84,Organic
O009262,C0553,P0008,2026-03-08,3,405.78,Organic
O009263,C0477,P0017,2026-03-08,2,41.12,Paid
O009264,C0182,P0018,2026-03-08,2,188.5,Paid
O009265,C0065,P0028,2026-03-08,3,58.32,Organic
O009266,C0579,P0032,2026-03-08,1,53.09,Organic
O009267,C0425,P0027,2026-03-08,2,57.16,Organic
O009268,C0262,P0027,2026-03-08,2,57.16,Organic
O009269,C0784,P0029,2026-03-08,2,39.54,Organic
O009270,C0426,P0034,2026-03-08,3,262.47,Paid
O009271,C0141,P0037,2026-03-08,2,114.7,Paid
O009272,C0638,P0039,2026-03-08,2,81.64,Paid
O009273,C0632,P0006,2026-03-08,2,278.86,Email
O009274,C0430,P0003,2026-03-08,1,283.98,Paid
O009275,C0073,P0008,2026-03-08,1,135.26,Paid
O009276,C0614,P0013,2026-03-08,1,72.89,Organic
O009277,C0687,P0011,2026-03-08,1,33.98,Organic
O009278,C0752,P0016,2026-03-08,1,30.98,Email
O009279,C0014,P0011,2026-03-08,1,33.98,Organic
O009280,C0370,P0020,2026-03-08,2,50.04,Organic
O009281,C0064,P0019,2026-03-08,2,298.46,Paid
O009282,C0518,P0025,2026-03-08,3,89.28,Organic
O009283,C0560,P0028,2026-03-08,1,19.44,Paid
O009284,C0520,P0025,2026-03-08,3,89.28,Paid
O009285,C0193,P0038,2026-03-08,2,223.9,Email
O009286,C0064,P0036,2026-03-08,1,58.24,Email
O009287,C0412,P0033,2026-03-08,2,164.88,Paid
O009288,C0259,P0039,2026-03-08,1,40.82,Paid
O009289,C0061,P0006,2026-03-08,1,139.43,Referral
O009290,C0431,P0004,2026-03-08,2,666.42,Email
O009291,C0735,P0007,2026-03-08,3,1161.69,Organic
O009292,C0694,P0007,2026-03-08,1,387.23,Organic
O009293,C0540,P0020,2026-03-08,3,75.06,Email
O009294,C0499,P0023,2026-03-08,3,375.87,Organic
O009295,C0080,P0022,2026-03-08,3,262.38,Organic
O009296,C0176,P0017,2026-03-08,1,20.56,Organic
O009297,C0083,P0027,2026-03-08,3,85.74,Organic
O009298,C0481,P0027,2026-03-08,2,57.16,Organic
O009299,C0175,P0025,2026-03-08,1,29.76,Organic
O009300,C0220,P0033,2026-03-08,2,164.88,Organic
O009301,C0028,P0037,2026-03-08,2,114.7,Referral
O009302,C0099,P0038,2026-03-08,2,223.9,Organic
O009303,C0431,P0037,2026-03-08,1,57.35,Email
O009304,C0699,P0034,2026-03-08,2,174.98,Organic
O009305,C0400,P0039,2026-03-08,2,81.64,Email
O009306,C0361,P0038,2026-03-08,3,335.85,Organic
O009307,C0711,P0040,2026-03-08,2,183.26,Organic
O009308,C0012,P0001,2026-03-08,2,737.56,Email
O009309,C0497,P0007,2026-03-08,2,774.46,Organic
O009310,C0069,P0003,2026-03-08,1,283.98,Email
O009311,C0504,P0006,2026-03-08,1,139.43,Organic
O009312,C0328,P0013,2026-03-08,2,145.78,Email
O009313,C0707,P0013,2026-03-08,3,218.67,Organic
O009314,C0781,P0012,2026-03-08,2,146.36,Organic
O009315,C0275,P0020,2026-03-08,3,75.06,Organic
O009316,C0288,P0020,2026-03-08,1,25.02,Organic
O009317,C0302,P0028,2026-03-08,2,38.88,Organic
O009318,C0504,P0030,2026-03-08,2,61.0,Paid
O009319,C0536,P0031,2026-03-08,2,67.94,Organic
O009320,C0354,P0025,2026-03-08,3,89.28,Email
O009321,C0550,P0030,2026-03-08,3,91.5,Organic
O009322,C0313,P0036,2026-03-08,1,58.24,Paid
O009323,C0149,P0037,2026-03-08,2,114.7,Organic
O009324,C0100,P0006,2026-03-09,1,139.43,Email
O009325,C0755,P0007,2026-03-09,3,1161.69,Organic
O009326,C0065,P0005,2026-03-09,1,124.69,Referral
O009327,C0599,P0016,2026-03-09,1,30.98,Organic
O009328,C0638,P0012,2026-03-09,1,73.18,Paid
O009329,C0341,P0013,2026-03-09,2,145.78,Paid
O009330,C0581,P0015,2026-03-09,2,155.26,Organic
O009331,C0144,P0018,2026-03-09,3,282.75,Organic
O009332,C0210,P0024,2026-03-09,1,31.58,Organic
O009333,C0078,P0022,2026-03-09,3,262.38,Organic
O009334,C0131,P0024,2026-03-09,2,63.16,Email
O009335,C0671,P0025,2026-03-09,2,59.52,Paid
O009336,C0447,P0032,2026-03-09,2,106.18,Paid
O009337,C0599,P0028,2026-03-09,1,19.44,Organic
O009338,C0433,P0039,2026-03-09,1,40.82,Referral
O009339,C0058,P0040,2026-03-09,3,274.89,Email
O009340,C0605,P0001,2026-03-09,1,368.78,Organic
O009341,C0190,P0016,2026-03-09,3,92.94,Organic
O009342,C0623,P0018,2026-03-09,2,188.5,Paid
O009343,C0397,P0022,2026-03-09,3,262.38,Email
O009344,C0661,P0019,2026-03-09,1,149.23,Referral
O009345,C0049,P0031,2026-03-09,3,101.91,Organic
O009346,C0057,P0026,2026-03-09,1,47.35,Referral
O009347,C0287,P0036,2026-03-09,2,116.48,Organic
O009348,C0291,P0037,2026-03-09,1,57.35,Referral
O009349,C0089,P0038,2026-03-09,2,223.9,Referral
O009350,C0610,P0005,2026-03-09,1,124.69,Organic
O009351,C0123,P0001,2026-03-09,3,1106.34,Organic
O009352,C0694,P0006,2026-03-09,3,418.29,Organic
O009353,C0548,P0008,2026-03-09,1,135.26,Organic
O009354,C0220,P0015,2026-03-09,2,155.26,Paid
O009355,C0194,P0016,2026-03-09,2,61.96,Organic
O009356,C0183,P0011,2026-03-09,2,67.96,Organic
O009357,C0102,P0012,2026-03-09,1,73.18,Referral
O009358,C0476,P0014,2026-03-09,1,43.37,Referral
O009359,C0743,P0015,2026-03-09,1,77.63,Organic
O009360,C0191,P0009,2026-03-09,3,141.75,Email
O009361,C0517,P0019,2026-03-09,1,149.23,Organic
O009362,C0246,P0025,2026-03-09,1,29.76,Paid
O009363,C0754,P0031,2026-03-09,1,33.97,Referral
O009364,C0327,P0039,2026-03-09,1,40.82,Paid
O009365,C0118,P0002,2026-03-09,2,180.84,Email
O009366,C0536,P0006,2026-03-09,2,278.86,Paid
O009367,C0181,P0016,2026-03-09,1,30.98,Organic
O009368,C0724,P0015,2026-03-09,2,155.26,Paid
O009369,C0289,P0010,2026-03-09,2,94.88,Organic
O009370,C0707,P0011,2026-03-09,1,33.98,Organic
O009371,C0512,P0013,2026-03-09,3,218.67,Paid
O009372,C0736,P0021,2026-03-09,2,94.08,Organic
O009373,C0192,P0025,2026-03-09,3,89.28,Paid
O009374,C0224,P0030,2026-03-09,3,91.5,Organic
O009375,C0550,P0029,2026-03-09,1,19.77,Paid
O009376,C0597,P0029,2026-03-09,1,19.77,Referral
O009377,C0186,P0026,2026-03-09,1,47.35,Organic
O009378,C0693,P0026,2026-03-09,1,47.35,Paid
O009379,C0458,P0025,2026-03-09,1,29.76,Organic
O009380,C0555,P0039,2026-03-09,2,81.64,Organic
O009381,C0770,P0036,2026-03-09,1,58.24,Organic
O009382,C0261,P0040,2026-03-09,1,91.63,Email
O009383,C0386,P0008,2026-03-10,1,135.26,Email
O009384,C0371,P0011,2026-03-10,3,101.94,Organic
O009385,C0364,P0015,2026-03-10,1,77.63,Organic
O009386,C0170,P0009,2026-03-10,2,94.5,Organic
O009387,C0212,P0021,2026-03-10,3,141.12,Organic
O009388,C0058,P0022,2026-03-10,3,262.38,Email
O009389,C0703,P0024,2026-03-10,3,94.74,Organic
O009390,C0169,P0021,2026-03-10,1,47.04,Paid
O009391,C0170,P0034,2026-03-10,3,262.47,Organic
O009392,C0382,P0039,2026-03-10,1,40.82,Organic
O009393,C0523,P0034,2026-03-10,3,262.47,Organic
O009394,C0155,P0011,2026-03-10,3,101.94,Organic
O009395,C0060,P0017,2026-03-10,1,20.56,Paid
O009396,C0528,P0028,2026-03-10,1,19.44,Paid
O009397,C0777,P0029,2026-03-10,3,59.31,Paid
O009398,C0047,P0030,2026-03-10,3,91.5,Paid
O009399,C0060,P0032,2026-03-10,3,159.27,Organic
O009400,C0793,P0008,2026-03-10,3,405.78,Referral
O009401,C0315,P0026,2026-03-10,3,142.05,Organic
O009402,C0025,P0027,2026-03-10,2,57.16,Organic
O009403,C0540,P0028,2026-03-10,1,19.44,Organic
O009404,C0742,P0036,2026-03-10,2,116.48,Organic
O009405,C0282,P0004,2026-03-10,1,333.21,Organic
O009406,C0484,P0010,2026-03-10,3,142.32,Referral
O009407,C0727,P0010,2026-03-10,1,47.44,Email
O009408,C0300,P0012,2026-03-10,2,146.36,Email
O009409,C0011,P0029,2026-03-10,1,19.77,Organic
O009410,C0762,P0025,2026-03-10,1,29.76,Organic
O009411,C0192,P0028,2026-03-10,3,58.32,Email
O009412,C0606,P0033,2026-03-10,3,247.32,Organic
O009413,C0453,P0037,2026-03-10,1,57.35,Referral
O009414,C0553,P0006,2026-03-11,3,418.29,Organic
O009415,C0212,P0003,2026-03-11,1,283.98,Referral
O009416,C0228,P0001,2026-03-11,1,368.78,Paid
O009417,C0020,P0006,2026-03-11,3,418.29,Organic
O009418,C0342,P0008,2026-03-11,2,270.52,Paid
O009419,C0324,P0008,2026-03-11,2,270.52,Organic
O009420,C0038,P0003,2026-03-11,1,283.98,Paid
O009421,C0377,P0016,2026-03-11,1,30.98,Referral
O009422,C0104,P0011,2026-03-11,2,67.96,Email
O009423,C0097,P0010,2026-03-11,3,142.32,Organic
O009424,C0135,P0023,2026-03-11,3,375.87,Organic
O009425,C0225,P0022,2026-03-11,2,174.92,Email
O009426,C0144,P0021,2026-03-11,2,94.08,Organic
O009427,C0435,P0017,2026-03-11,2,41.12,Organic
O009428,C0380,P0029,2026-03-11,1,19.77,Organic
O009429,C0399,P0027,2026-03-11,2,57.16,Email
O009430,C0218,P0029,2026-03-11,1,19.77,Paid
O009431,C0493,P0027,2026-03-11,1,28.58,Referral
O009432,C0055,P0031,2026-03-11,3,101.91,Referral
O009433,C0487,P0028,2026-03-11,3,58.32,Paid
O009434,C0599,P0040,2026-03-11,1,91.63,Organic
O009435,C0441,P0007,2026-03-11,1,387.23,Email
O009436,C0740,P0003,2026-03-11,2,567.96,Paid
O009437,C0127,P0002,2026-03-11,1,90.42,Paid
O009438,C0766,P0015,2026-03-11,2,155.26,Organic
O009439,C0249,P0023,2026-03-11,3,375.87,Paid
O009440,C0533,P0024,2026-03-11,3,94.74,Organic
O009441,C0533,P0017,2026-03-11,3,61.68,Referral
O009442,C0596,P0030,2026-03-11,3,91.5,Email
O009443,C0792,P0037,2026-03-11,1,57.35,Organic
O009444,C0515,P0003,2026-03-11,2,567.96,Referral
O009445,C0197,P0005,2026-03-11,3,374.07,Organic
O009446,C0405,P0009,2026-03-11,2,94.5,Paid
O009447,C0299,P0013,2026-03-11,2,145.78,Organic
O009448,C0234,P0018,2026-03-11,1,94.25,Email
O009449,C0305,P0023,2026-03-11,2,250.58,Paid
O009450,C0247,P0021,2026-03-11,1,47.04,Organic
O009451,C0338,P0025,2026-03-11,3,89.28,Paid
O009452,C0682,P0029,2026-03-11,3,59.31,Paid
O009453,C0321,P0037,2026-03-11,2,114.7,Organic
O009454,C0490,P0036,2026-03-11,2,116.48,Organic
O009455,C0483,P0003,2026-03-11,2,567.96,Referral
O009456,C0001,P0006,2026-03-11,3,418.29,Organic
O009457,C0072,P0013,2026-03-11,1,72.89,Organic
O009458,C0749,P0009,2026-03-11,2,94.5,Organic
O009459,C0458,P0024,2026-03-11,2,63.16,Paid
O009460,C0042,P0017,2026-03-11,2,41.12,Email
O009461,C0468,P0025,2026-03-11,1,29.76,Email
O009462,C0745,P0033,2026-03-11,2,164.88,Organic
O009463,C0104,P0003,2026-03-12,3,851.94,Email
O009464,C0035,P0001,2026-03-12,2,737.56,Organic
O009465,C0218,P0002,2026-03-12,2,180.84,Organic
O009466,C0342,P0005,2026-03-12,1,124.69,Paid
O009467,C0322,P0008,2026-03-12,1,135.26,Paid
O009468,C0205,P0015,2026-03-12,2,155.26,Organic
O009469,C0347,P0012,2026-03-12,1,73.18,Email
O009470,C0225,P0015,2026-03-12,2,155.26,Email
O009471,C0502,P0023,2026-03-12,3,375.87,Organic
O009472,C0459,P0023,2026-03-12,1,125.29,Paid
O009473,C0523,P0026,2026-03-12,3,142.05,Organic
O009474,C0225,P0037,2026-03-12,1,57.35,Organic
O009475,C0554,P0036,2026-03-12,3,174.72,Organic
O009476,C0055,P0036,2026-03-12,3,174.72,Email
O009477,C0466,P0004,2026-03-12,3,999.63,Referral
O009478,C0677,P0007,2026-03-12,3,1161.69,Organic
O009479,C0125,P0002,2026-03-12,3,271.26,Paid
O009480,C0632,P0003,2026-03-12,3,851.94,Organic
O009481,C0018,P0009,2026-03-12,1,47.25,Organic
O009482,C0586,P0009,2026-03-12,3,141.75,Organic
O009483,C0201,P0015,2026-03-12,2,155.26,Referral
O009484,C0786,P0009,2026-03-12,3,141.75,Paid
O009485,C0187,P0022,2026-03-12,2,174.92,Organic
O009486,C0353,P0021,2026-03-12,1,47.04,Organic
O009487,C0392,P0023,2026-03-12,3,375.87,Paid
O009488,C0712,P0034,2026-03-12,1,87.49,Email
O009489,C0610,P0001,2026-03-12,1,368.78,Paid
O009490,C0557,P0015,2026-03-12,2,155.26,Paid
O009491,C0325,P0015,2026-03-12,2,155.26,Organic
O009492,C0654,P0030,2026-03-12,1,30.5,Email
O009493,C0325,P0038,2026-03-12,1,111.95,Email
O009494,C0323,P0037,2026-03-12,2,114.7,Organic
O009495,C0404,P0036,2026-03-12,2,116.48,Referral
O009496,C0561,P0038,2026-03-12,2,223.9,Email
O009497,C0789,P0003,2026-03-12,3,851.94,Paid
O009498,C0731,P0005,2026-03-12,3,374.07,Organic
O009499,C0409,P0007,2026-03-12,1,387.23,Organic
O009500,C0500,P0002,2026-03-12,3,271.26,Email
O009501,C0221,P0010,2026-03-12,1,47.44,Organic
O009502,C0736,P0013,2026-03-12,1,72.89,Email
O009503,C0203,P0014,2026-03-12,2,86.74,Organic
O009504,C0051,P0024,2026-03-12,3,94.74,Organic
O009505,C0224,P0040,2026-03-12,2,183.26,Email
O009506,C0744,P0037,2026-03-12,2,114.7,Email
O009507,C0582,P0040,2026-03-12,3,274.89,Organic
O009508,C0121,P0040,2026-03-12,1,91.63,Paid
O009509,C0459,P0006,2026-03-13,3,418.29,Organic
O009510,C0554,P0015,2026-03-13,2,155.26,Paid
O009511,C0523,P0014,2026-03-13,1,43.37,Email
O009512,C0799,P0011,2026-03-13,3,101.94,Referral
O009513,C0277,P0019,2026-03-13,2,298.46,Paid
O009514,C0066,P0024,2026-03-13,1,31.58,Paid
O009515,C0722,P0019,2026-03-13,2,298.46,Organic
O009516,C0546,P0024,2026-03-13,2,63.16,Paid
O009517,C0019,P0027,2026-03-13,2,57.16,Organic
O009518,C0198,P0025,2026-03-13,2,59.52,Paid
O009519,C0322,P0028,2026-03-13,1,19.44,Referral
O009520,C0270,P0025,2026-03-13,3,89.28,Organic
O009521,C0567,P0038,2026-03-13,2,223.9,Referral
O009522,C0006,P0005,2026-03-13,2,249.38,Organic
O009523,C0132,P0010,2026-03-13,3,142.32,Paid
O009524,C0308,P0020,2026-03-13,3,75.06,Referral
O009525,C0571,P0023,2026-03-13,2,250.58,Email
O009526,C0297,P0019,2026-03-13,3,447.69,Organic
O009527,C0430,P0038,2026-03-13,3,335.85,Organic
O009528,C0646,P0040,2026-03-13,2,183.26,Paid
O009529,C0154,P0040,2026-03-13,2,183.26,Organic
O009530,C0190,P0034,2026-03-13,1,87.49,Organic
O009531,C0044,P0016,2026-03-13,2,61.96,Organic
O009532,C0747,P0013,2026-03-13,3,218.67,Organic
O009533,C0194,P0020,2026-03-13,1,25.02,Paid
O009534,C0251,P0023,2026-03-13,2,250.58,Email
O009535,C0191,P0026,2026-03-13,1,47.35,Referral
O009536,C0742,P0026,2026-03-13,2,94.7,Referral
O009537,C0462,P0040,2026-03-13,1,91.63,Paid
O009538,C0261,P0003,2026-03-13,2,567.96,Paid
O009539,C0602,P0001,2026-03-13,1,368.78,Organic
O009540,C0001,P0006,2026-03-13,2,278.86,Organic
O009541,C0720,P0015,2026-03-13,3,232.89,Paid
O009542,C0744,P0016,2026-03-13,1,30.98,Paid
O009543,C0002,P0022,2026-03-13,1,87.46,Email
O009544,C0484,P0022,2026-03-13,3,262.38,Organic
O009545,C0173,P0030,2026-03-13,3,91.5,Referral
O009546,C0753,P0032,2026-03-13,3,159.27,Organic
O009547,C0402,P0036,2026-03-13,3,174.72,Organic
O009548,C0566,P0034,2026-03-13,1,87.49,Paid
O009549,C0724,P0037,2026-03-13,3,172.05,Email
O009550,C0146,P0034,2026-03-13,1,87.49,Organic
O009551,C0755,P0003,2026-03-14,2,567.96,Organic
O009552,C0619,P0006,2026-03-14,3,418.29,Paid
O009553,C0611,P0002,2026-03-14,1,90.42,Paid
O009554,C0799,P0008,2026-03-14,2,270.52,Referral
O009555,C0737,P0009,2026-03-14,1,47.25,Paid
O009556,C0005,P0014,2026-03-14,1,43.37,Referral
O009557,C0477,P0010,2026-03-14,1,47.44,Email
O009558,C0065,P0015,2026-03-14,1,77.63,Paid
O009559,C0171,P0026,2026-03-14,1,47.35,Paid
O009560,C0205,P0032,2026-03-14,3,159.27,Email
O009561,C0570,P0028,2026-03-14,3,58.32,Organic
O009562,C0137,P0025,2026-03-14,3,89.28,Organic
O009563,C0281,P0034,2026-03-14,2,174.98,Organic
O009564,C0671,P0036,2026-03-14,2,116.48,Organic
O009565,C0078,P0034,2026-03-14,3,262.47,Paid
O009566,C0553,P0038,2026-03-14,1,111.95,Organic
O009567,C0547,P0012,2026-03-14,1,73.18,Organic
O009568,C0794,P0016,2026-03-14,2,61.96,Email
O009569,C0677,P0010,2026-03-14,2,94.88,Organic
O009570,C0534,P0021,2026-03-14,1,47.04,Paid
O009571,C0532,P0020,2026-03-14,3,75.06,Paid
O009572,C0608,P0032,2026-03-14,3,159.27,Referral
O009573,C0250,P0028,2026-03-14,3,58.32,Organic
O009574,C0417,P0034,2026-03-14,1,87.49,Paid
O009575,C0754,P0002,2026-03-14,2,180.84,Referral
O009576,C0009,P0016,2026-03-14,3,92.94,Email
O009577,C0401,P0023,2026-03-14,2,250.58,Organic
O009578,C0462,P0020,2026-03-14,2,50.04,Paid
O009579,C0092,P0020,2026-03-14,1,25.02,Organic
O009580,C0689,P0027,2026-03-14,2,57.16,Organic
O009581,C0735,P0028,2026-03-14,2,38.88,Paid
O009582,C0040,P0036,2026-03-14,3,174.72,Paid
O009583,C0358,P0003,2026-03-14,3,851.94,Paid
O009584,C0320,P0002,2026-03-14,3,271.26,Referral
O009585,C0202,P0002,2026-03-14,2,180.84,Paid
O009586,C0531,P0010,2026-03-14,1,47.44,Organic
O009587,C0468,P0010,2026-03-14,1,47.44,Organic
O009588,C0221,P0016,2026-03-14,3,92.94,Organic
O009589,C0161,P0018,2026-03-14,1,94.25,Organic
O009590,C0511,P0024,2026-03-14,3,94.74,Organic
O009591,C0696,P0021,2026-03-14,3,141.12,Paid
O009592,C0002,P0027,2026-03-14,2,57.16,Organic
O009593,C0779,P0029,2026-03-14,2,39.54,Organic
O009594,C0434,P0025,2026-03-14,2,59.52,Email
O009595,C0358,P0026,2026-03-14,1,47.35,Email
O009596,C0695,P0029,2026-03-14,1,19.77,Organic
O009597,C0678,P0025,2026-03-14,2,59.52,Paid
O009598,C0698,P0029,2026-03-14,3,59.31,Organic
O009599,C0602,P0038,2026-03-14,3,335.85,Email
O009600,C0568,P0038,2026-03-14,2,223.9,Referral
O009601,C0004,P0036,2026-03-14,2,116.48,Organic
O009602,C0363,P0007,2026-03-15,3,1161.69,Organic
O009603,C0737,P0007,2026-03-15,1,387.23,Paid
O009604,C0631,P0011,2026-03-15,1,33.98,Paid
O009605,C0081,P0013,2026-03-15,2,145.78,Referral
O009606,C0182,P0015,2026-03-15,3,232.89,Paid
O009607,C0188,P0015,2026-03-15,1,77.63,Organic
O009608,C0268,P0009,2026-03-15,3,141.75,Email
O009609,C0732,P0009,2026-03-15,1,47.25,Email
O009610,C0447,P0020,2026-03-15,3,75.06,Organic
O009611,C0237,P0030,2026-03-15,2,61.0,Organic
O009612,C0235,P0027,2026-03-15,2,57.16,Organic
O009613,C0408,P0028,2026-03-15,2,38.88,Organic
O009614,C0317,P0029,2026-03-15,2,39.54,Organic
O009615,C0487,P0026,2026-03-15,3,142.05,Email
O009616,C0263,P0032,2026-03-15,2,106.18,Organic
O009617,C0107,P0036,2026-03-15,3,174.72,Organic
O009618,C0347,P0040,2026-03-15,1,91.63,Paid
O009619,C0341,P0037,2026-03-15,3,172.05,Referral
O009620,C0344,P0016,2026-03-15,2,61.96,Paid
O009621,C0519,P0010,2026-03-15,3,142.32,Email
O009622,C0480,P0014,2026-03-15,2,86.74,Organic
O009623,C0259,P0016,2026-03-15,3,92.94,Paid
O009624,C0467,P0010,2026-03-15,2,94.88,Organic
O009625,C0560,P0024,2026-03-15,2,63.16,Referral
O009626,C0750,P0018,2026-03-15,2,188.5,Organic
O009627,C0560,P0024,2026-03-15,1,31.58,Paid
O009628,C0775,P0038,2026-03-15,2,223.9,Paid
O009629,C0014,P0040,2026-03-15,3,274.89,Referral
O009630,C0391,P0040,2026-03-15,3,274.89,Paid
O009631,C0701,P0036,2026-03-15,3,174.72,Paid
O009632,C0138,P0003,2026-03-15,2,567.96,Organic
O009633,C0699,P0002,2026-03-15,3,271.26,Organic
O009634,C0509,P0004,2026-03-15,2,666.42,Email
O009635,C0176,P0001,2026-03-15,3,1106.34,Email
O009636,C0506,P0012,2026-03-15,3,219.54,Paid
O009637,C0007,P0016,2026-03-15,3,92.94,Organic
O009638,C0681,P0020,2026-03-15,3,75.06,Email
O009639,C0245,P0023,2026-03-15,1,125.29,Referral
O009640,C0561,P0020,2026-03-15,3,75.06,Organic
O009641,C0253,P0025,2026-03-15,3,89.28,Organic
O009642,C0517,P0039,2026-03-15,2,81.64,Referral
O009643,C0515,P0035,2026-03-15,3,354.63,Referral
O009644,C0227,P0038,2026-03-15,2,223.9,Email
O009645,C0561,P0040,2026-03-15,2,183.26,Email
O009646,C0437,P0002,2026-03-15,1,90.42,Referral
O009647,C0375,P0005,2026-03-15,1,124.69,Paid
O009648,C0117,P0004,2026-03-15,3,999.63,Referral
O009649,C0800,P0003,2026-03-15,1,283.98,Paid
O009650,C0320,P0001,2026-03-15,2,737.56,Email
O009651,C0572,P0003,2026-03-15,3,851.94,Organic
O009652,C0051,P0007,2026-03-15,1,387.23,Organic
O009653,C0118,P0008,2026-03-15,1,135.26,Paid
O009654,C0076,P0013,2026-03-15,1,72.89,Organic
O009655,C0762,P0013,2026-03-15,1,72.89,Organic
O009656,C0013,P0016,2026-03-15,3,92.94,Paid
O009657,C0407,P0012,2026-03-15,2,146.36,Paid
O009658,C0621,P0015,2026-03-15,3,232.89,Email
O009659,C0409,P0021,2026-03-15,2,94.08,Organic
O009660,C0179,P0019,2026-03-15,2,298.46,Paid
O009661,C0290,P0023,2026-03-15,1,125.29,Organic
O009662,C0597,P0022,2026-03-15,2,174.92,Organic
O009663,C0221,P0028,2026-03-15,2,38.88,Paid
O009664,C0221,P0030,2026-03-15,3,91.5,Organic
O009665,C0484,P0029,2026-03-15,2,39.54,Organic
O009666,C0265,P0029,2026-03-15,3,59.31,Organic
O009667,C0027,P0028,2026-03-15,1,19.44,Organic
O009668,C0275,P0028,2026-03-15,2,38.88,Email
O009669,C0514,P0034,2026-03-15,1,87.49,Organic
O009670,C0736,P0036,2026-03-15,3,174.72,Organic
O009671,C0745,P0040,2026-03-15,1,91.63,Organic
O009672,C0719,P0007,2026-03-16,3,1161.69,Paid
O009673,C0209,P0003,2026-03-16,2,567.96,Organic
O009674,C0019,P0002,2026-03-16,2,180.84,Organic
O009675,C0336,P0007,2026-03-16,1,387.23,Paid
O009676,C0776,P0016,2026-03-16,3,92.94,Organic
O009677,C0703,P0012,2026-03-16,3,219.54,Organic
O009678,C0703,P0013,2026-03-16,1,72.89,Paid
O009679,C0717,P0022,2026-03-16,2,174.92,Organic
O009680,C0784,P0023,2026-03-16,2,250.58,Organic
O009681,C0281,P0018,2026-03-16,3,282.75,Paid
O009682,C0671,P0024,2026-03-16,2,63.16,Organic
O009683,C0310,P0021,2026-03-16,2,94.08,Organic
O009684,C0364,P0026,2026-03-16,3,142.05,Organic
O009685,C0020,P0027,2026-03-16,1,28.58,Paid
O009686,C0510,P0032,2026-03-16,3,159.27,Referral
O009687,C0759,P0026,2026-03-16,1,47.35,Paid
O009688,C0317,P0038,2026-03-16,2,223.9,Email
O009689,C0178,P0008,2026-03-16,1,135.26,Organic
O009690,C0728,P0004,2026-03-16,1,333.21,Organic
O009691,C0683,P0009,2026-03-16,2,94.5,Organic
O009692,C0454,P0021,2026-03-16,1,47.04,Paid
O009693,C0239,P0018,2026-03-16,3,282.75,Referral
O009694,C0455,P0022,2026-03-16,3,262.38,Paid
O009695,C0675,P0020,2026-03-16,2,50.04,Organic
O009696,C0244,P0029,2026-03-16,1,19.77,Paid
O009697,C0274,P0029,2026-03-16,3,59.31,Referral
O009698,C0645,P0035,2026-03-16,2,236.42,Paid
O009699,C0158,P0037,2026-03-16,2,114.7,Organic
O009700,C0327,P0001,2026-03-16,2,737.56,Email
O009701,C0751,P0001,2026-03-16,1,368.78,Email
O009702,C0492,P0016,2026-03-16,3,92.94,Organic
O009703,C0028,P0016,2026-03-16,1,30.98,Email
O009704,C0138,P0010,2026-03-16,1,47.44,Organic
O009705,C0165,P0018,2026-03-16,1,94.25,Organic
O009706,C0211,P0022,2026-03-16,3,262.38,Organic
O009707,C0007,P0019,2026-03-16,2,298.46,Email
O009708,C0222,P0031,2026-03-16,3,101.91,Email
O009709,C0763,P0030,2026-03-16,2,61.0,Email
O009710,C0191,P0026,2026-03-16,2,94.7,Organic
O009711,C0227,P0025,2026-03-16,1,29.76,Paid
O009712,C0315,P0027,2026-03-16,1,28.58,Paid
O009713,C0123,P0032,2026-03-16,2,106.18,Organic
O009714,C0633,P0038,2026-03-16,1,111.95,Organic
O009715,C0124,P0034,2026-03-16,1,87.49,Paid
O009716,C0707,P0001,2026-03-16,3,1106.34,Email
O009717,C0469,P0008,2026-03-16,1,135.26,Organic
O009718,C0696,P0007,2026-03-16,3,1161.69,Organic
O009719,C0552,P0013,2026-03-16,2,145.78,Organic
O009720,C0498,P0016,2026-03-16,2,61.96,Organic
O009721,C0475,P0016,2026-03-16,3,92.94,Email
O009722,C0203,P0020,2026-03-16,2,50.04,Organic
O009723,C0339,P0023,2026-03-16,2,250.58,Paid
O009724,C0562,P0020,2026-03-16,2,50.04,Paid
O009725,C0072,P0021,2026-03-16,3,141.12,Referral
O009726,C0230,P0025,2026-03-16,1,29.76,Paid
O009727,C0753,P0040,2026-03-16,3,274.89,Email
O009728,C0275,P0038,2026-03-16,2,223.9,Paid
O009729,C0511,P0035,2026-03-16,1,118.21,Organic
O009730,C0791,P0040,2026-03-16,1,91.63,Referral
O009731,C0281,P0002,2026-03-17,2,180.84,Paid
O009732,C0523,P0003,2026-03-17,3,851.94,Organic
O009733,C0273,P0007,2026-03-17,2,774.46,Paid
O009734,C0292,P0014,2026-03-17,1,43.37,Email
O009735,C0107,P0012,2026-03-17,1,73.18,Organic
O009736,C0443,P0023,2026-03-17,2,250.58,Paid
O009737,C0065,P0018,2026-03-17,2,188.5,Paid
O009738,C0628,P0030,2026-03-17,1,30.5,Organic
O009739,C0616,P0028,2026-03-17,1,19.44,Organic
O009740,C0541,P0038,2026-03-17,2,223.9,Organic
O009741,C0078,P0039,2026-03-17,1,40.82,Paid
O009742,C0773,P0006,2026-03-17,2,278.86,Email
O009743,C0366,P0004,2026-03-17,3,999.63,Paid
O009744,C0017,P0009,2026-03-17,2,94.5,Referral
O009745,C0683,P0013,2026-03-17,2,145.78,Email
O009746,C0017,P0018,2026-03-17,1,94.25,Organic
O009747,C0060,P0022,2026-03-17,3,262.38,Referral
O009748,C0761,P0028,2026-03-17,2,38.88,Organic
O009749,C0641,P0034,2026-03-17,1,87.49,Paid
O009750,C0650,P0004,2026-03-17,1,333.21,Organic
O009751,C0253,P0011,2026-03-17,1,33.98,Organic
O009752,C0359,P0015,2026-03-17,3,232.89,Organic
O009753,C0080,P0023,2026-03-17,3,375.87,Paid
O009754,C0462,P0021,2026-03-17,1,47.04,Organic
O009755,C0233,P0017,2026-03-17,3,61.68,Paid
O009756,C0191,P0017,2026-03-17,3,61.68,Paid
O009757,C0743,P0031,2026-03-17,1,33.97,Referral
O009758,C0709,P0025,2026-03-17,1,29.76,Paid
O009759,C0505,P0029,2026-03-17,1,19.77,Organic
O009760,C0051,P0007,2026-03-17,3,1161.69,Organic
O009761,C0084,P0003,2026-03-17,3,851.94,Email
O009762,C0704,P0001,2026-03-17,3,1106.34,Email
O009763,C0289,P0005,2026-03-17,3,374.07,Organic
O009764,C0716,P0009,2026-03-17,2,94.5,Email
O009765,C0023,P0019,2026-03-17,1,149.23,Paid
O009766,C0265,P0023,2026-03-17,2,250.58,Organic
O009767,C0512,P0017,2026-03-17,2,41.12,Organic
O009768,C0707,P0029,2026-03-17,1,19.77,Paid
O009769,C0536,P0030,2026-03-17,3,91.5,Referral
O009770,C0640,P0025,2026-03-17,2,59.52,Paid
O009771,C0313,P0038,2026-03-17,2,223.9,Organic
O009772,C0491,P0037,2026-03-17,1,57.35,Organic
O009773,C0567,P0004,2026-03-18,1,333.21,Organic
O009774,C0626,P0001,2026-03-18,3,1106.34,Email
O009775,C0435,P0009,2026-03-18,2,94.5,Email
O009776,C0237,P0016,2026-03-18,1,30.98,Organic
O009777,C0433,P0014,2026-03-18,3,130.11,Paid
O009778,C0380,P0019,2026-03-18,1,149.23,Organic
O009779,C0482,P0020,2026-03-18,3,75.06,Paid
O009780,C0723,P0027,2026-03-18,1,28.58,Organic
O009781,C0639,P0034,2026-03-18,3,262.47,Organic
O009782,C0078,P0034,2026-03-18,3,262.47,Organic
O009783,C0295,P0040,2026-03-18,2,183.26,Organic
O009784,C0258,P0006,2026-03-18,2,278.86,Organic
O009785,C0204,P0007,2026-03-18,3,1161.69,Paid
O009786,C0569,P0003,2026-03-18,3,851.94,Organic
O009787,C0178,P0014,2026-03-18,1,43.37,Email
O009788,C0656,P0013,2026-03-18,3,218.67,Paid
O009789,C0335,P0011,2026-03-18,2,67.96,Paid
O009790,C0777,P0013,2026-03-18,1,72.89,Organic
O009791,C0507,P0011,2026-03-18,1,33.98,Email
O009792,C0439,P0010,2026-03-18,3,142.32,Organic
O009793,C0125,P0031,2026-03-18,1,33.97,Referral
O009794,C0623,P0030,2026-03-18,3,91.5,Paid
O009795,C0056,P0031,2026-03-18,3,101.91,Email
O009796,C0766,P0031,2026-03-18,3,101.91,Email
O009797,C0467,P0039,2026-03-18,3,122.46,Organic
O009798,C0162,P0033,2026-03-18,2,164.88,Paid
O009799,C0440,P0008,2026-03-18,2,270.52,Paid
O009800,C0217,P0014,2026-03-18,3,130.11,Organic
O009801,C0233,P0011,2026-03-18,3,101.94,Paid
O009802,C0083,P0022,2026-03-18,2,174.92,Organic
O009803,C0757,P0021,2026-03-18,3,141.12,Paid
O009804,C0126,P0027,2026-03-18,1,28.58,Organic
O009805,C0689,P0026,2026-03-18,3,142.05,Paid
O009806,C0742,P0030,2026-03-18,1,30.5,Email
O009807,C0290,P0004,2026-03-18,2,666.42,Organic
O009808,C0673,P0016,2026-03-18,3,92.94,Email
O009809,C0148,P0022,2026-03-18,1,87.46,Organic
O009810,C0261,P0028,2026-03-18,2,38.88,Paid
O009811,C0504,P0026,2026-03-18,1,47.35,Paid
O009812,C0203,P0036,2026-03-18,2,116.48,Organic
O009813,C0171,P0007,2026-03-19,3,1161.69,Organic
O009814,C0549,P0001,2026-03-19,2,737.56,Organic
O009815,C0799,P0001,2026-03-19,1,368.78,Organic
O009816,C0292,P0008,2026-03-19,3,405.78,Referral
O009817,C0281,P0006,2026-03-19,3,418.29,Paid
O009818,C0523,P0008,2026-03-19,1,135.26,Paid
O009819,C0026,P0003,2026-03-19,2,567.96,Organic
O009820,C0107,P0010,2026-03-19,2,94.88,Referral
O009821,C0618,P0010,2026-03-19,2,94.88,Organic
O009822,C0362,P0015,2026-03-19,2,155.26,Paid
O009823,C0062,P0024,2026-03-19,1,31.58,Paid
O009824,C0746,P0022,2026-03-19,2,174.92,Paid
O009825,C0065,P0029,2026-03-19,3,59.31,Organic
O009826,C0388,P0026,2026-03-19,3,142.05,Organic
O009827,C0005,P0033,2026-03-19,2,164.88,Organic
O009828,C0510,P0034,2026-03-19,1,87.49,Organic
O009829,C0267,P0004,2026-03-19,2,666.42,Referral
O009830,C0794,P0002,2026-03-19,3,271.26,Organic
O009831,C0250,P0013,2026-03-19,1,72.89,Referral
O009832,C0071,P0024,2026-03-19,1,31.58,Organic
O009833,C0713,P0023,2026-03-19,2,250.58,Organic
O009834,C0379,P0023,2026-03-19,2,250.58,Organic
O009835,C0761,P0027,2026-03-19,3,85.74,Organic
O009836,C0785,P0028,2026-03-19,1,19.44,Organic
O009837,C0455,P0034,2026-03-19,2,174.98,Paid
O009838,C0048,P0035,2026-03-19,3,354.63,Paid
O009839,C0086,P0040,2026-03-19,3,274.89,Organic
O009840,C0249,P0035,2026-03-19,3,354.63,Organic
O009841,C0594,P0037,2026-03-19,3,172.05,Email
O009842,C0533,P0035,2026-03-19,1,118.21,Referral
O009843,C0197,P0007,2026-03-19,3,1161.69,Organic
O009844,C0465,P0014,2026-03-19,1,43.37,Paid
O009845,C0102,P0010,2026-03-19,1,47.44,Email
O009846,C0513,P0022,2026-03-19,2,174.92,Organic
O009847,C0245,P0022,2026-03-19,2,174.92,Paid
O009848,C0299,P0039,2026-03-19,1,40.82,Organic
O009849,C0211,P0035,2026-03-19,3,354.63,Paid
O009850,C0780,P0039,2026-03-19,1,40.82,Paid
O009851,C0394,P0008,2026-03-19,1,135.26,Organic
O009852,C0307,P0007,2026-03-19,3,1161.69,Email
O009853,C0552,P0009,2026-03-19,1,47.25,Paid
O009854,C0358,P0018,2026-03-19,2,188.5,Paid
O009855,C0186,P0023,2026-03-19,2,250.58,Organic
O009856,C0612,P0031,2026-03-19,3,101.91,Organic
O009857,C0782,P0026,2026-03-19,1,47.35,Email
O009858,C0272,P0029,2026-03-19,3,59.31,Organic
O009859,C0311,P0038,2026-03-19,1,111.95,Paid
O009860,C0603,P0004,2026-03-20,2,666.42,Referral
O009861,C0408,P0003,2026-03-20,1,283.98,Paid
O009862,C0685,P0005,2026-03-20,3,374.07,Organic
O009863,C0717,P0005,2026-03-20,3,374.07,Email
O009864,C0428,P0008,2026-03-20,3,405.78,Paid
O009865,C0461,P0015,2026-03-20,3,232.89,Organic
O009866,C0209,P0012,2026-03-20,2,146.36,Organic
O009867,C0579,P0014,2026-03-20,3,130.11,Paid
O009868,C0461,P0022,2026-03-20,2,174.92,Paid
O009869,C0570,P0021,2026-03-20,3,141.12,Organic
O009870,C0428,P0021,2026-03-20,2,94.08,Email
O009871,C0671,P0025,2026-03-20,1,29.76,Organic
O009872,C0408,P0025,2026-03-20,1,29.76,Email
O009873,C0658,P0032,2026-03-20,3,159.27,Organic
O009874,C0671,P0033,2026-03-20,3,247.32,Paid
O009875,C0639,P0039,2026-03-20,1,40.82,Email
O009876,C0620,P0035,2026-03-20,2,236.42,Organic
O009877,C0554,P0039,2026-03-20,3,122.46,Organic
O009878,C0369,P0034,2026-03-20,2,174.98,Email
O009879,C0128,P0040,2026-03-20,2,183.26,Paid
O009880,C0708,P0036,2026-03-20,3,174.72,Organic
O009881,C0661,P0008,2026-03-20,2,270.52,Organic
O009882,C0795,P0002,2026-03-20,2,180.84,Organic
O009883,C0571,P0005,2026-03-20,2,249.38,Email
O009884,C0441,P0014,2026-03-20,1,43.37,Referral
O009885,C0675,P0015,2026-03-20,1,77.63,Organic
O009886,C0185,P0009,2026-03-20,3,141.75,Organic
O009887,C0623,P0013,2026-03-20,1,72.89,Organic
O009888,C0291,P0009,2026-03-20,1,47.25,Paid
O009889,C0586,P0020,2026-03-20,1,25.02,Referral
O009890,C0006,P0017,2026-03-20,2,41.12,Organic
O009891,C0473,P0029,2026-03-20,3,59.31,Referral
O009892,C0589,P0029,2026-03-20,1,19.77,Organic
O009893,C0467,P0032,2026-03-20,3,159.27,Paid
O009894,C0259,P0026,2026-03-20,1,47.35,Paid
O009895,C0569,P0035,2026-03-20,1,118.21,Organic
O009896,C0712,P0040,2026-03-20,2,183.26,Organic
O009897,C0660,P0006,2026-03-20,3,418.29,Paid
O009898,C0654,P0003,2026-03-20,1,283.98,Referral
O009899,C0647,P0001,2026-03-20,2,737.56,Paid
O009900,C0735,P0009,2026-03-20,3,141.75,Organic
O009901,C0503,P0009,2026-03-20,1,47.25,Organic
O009902,C0123,P0011,2026-03-20,3,101.94,Organic
O009903,C0561,P0024,2026-03-20,1,31.58,Paid
O009904,C0561,P0022,2026-03-20,1,87.46,Organic
O009905,C0654,P0027,2026-03-20,3,85.74,Organic
O009906,C0152,P0032,2026-03-20,3,159.27,Organic
O009907,C0234,P0039,2026-03-20,3,122.46,Organic
O009908,C0404,P0033,2026-03-20,3,247.32,Organic
O009909,C0110,P0014,2026-03-20,1,43.37,Paid
O009910,C0736,P0009,2026-03-20,2,94.5,Organic
O009911,C0012,P0022,2026-03-20,2,174.92,Paid
O009912,C0316,P0032,2026-03-20,2,106.18,Paid
O009913,C0800,P0027,2026-03-20,2,57.16,Email
O009914,C0304,P0026,2026-03-20,3,142.05,Paid
O009915,C0402,P0034,2026-03-20,3,262.47,Email
O009916,C0791,P0040,2026-03-20,2,183.26,Email
O009917,C0188,P0006,2026-03-21,3,418.29,Organic
O009918,C0579,P0001,2026-03-21,1,368.78,Organic
O009919,C0599,P0001,2026-03-21,2,737.56,Paid
O009920,C0005,P0004,2026-03-21,3,999.63,Paid
O009921,C0616,P0014,2026-03-21,2,86.74,Paid
O009922,C0078,P0011,2026-03-21,3,101.94,Paid
O009923,C0611,P0011,2026-03-21,3,101.94,Paid
O009924,C0464,P0010,2026-03-21,3,142.32,Email
O009925,C0268,P0011,2026-03-21,1,33.98,Organic
O009926,C0760,P0019,2026-03-21,1,149.23,Organic
O009927,C0237,P0025,2026-03-21,1,29.76,Paid
O009928,C0524,P0039,2026-03-21,3,122.46,Organic
O009929,C0765,P0036,2026-03-21,2,116.48,Organic
O009930,C0182,P0035,2026-03-21,1,118.21,Email
O009931,C0154,P0007,2026-03-21,1,387.23,Paid
O009932,C0073,P0004,2026-03-21,1,333.21,Paid
O009933,C0057,P0002,2026-03-21,1,90.42,Paid
O009934,C0162,P0004,2026-03-21,2,666.42,Organic
O009935,C0052,P0004,2026-03-21,1,333.21,Email
O009936,C0642,P0013,2026-03-21,1,72.89,Paid
O009937,C0766,P0012,2026-03-21,3,219.54,Organic
O009938,C0223,P0024,2026-03-21,2,63.16,Paid
O009939,C0274,P0018,2026-03-21,3,282.75,Organic
O009940,C0488,P0028,2026-03-21,3,58.32,Referral
O009941,C0773,P0027,2026-03-21,3,85.74,Organic
O009942,C0786,P0026,2026-03-21,1,47.35,Email
O009943,C0246,P0006,2026-03-21,3,418.29,Organic
O009944,C0191,P0006,2026-03-21,1,139.43,Organic
O009945,C0738,P0002,2026-03-21,2,180.84,Paid
O009946,C0400,P0005,2026-03-21,3,374.07,Email
O009947,C0213,P0007,2026-03-21,3,1161.69,Email
O009948,C0751,P0014,2026-03-21,2,86.74,Organic
O009949,C0405,P0020,2026-03-21,2,50.04,Organic
O009950,C0751,P0023,2026-03-21,3,375.87,Organic
O009951,C0306,P0023,2026-03-21,3,375.87,Email
O009952,C0167,P0022,2026-03-21,2,174.92,Paid
O009953,C0266,P0021,2026-03-21,3,141.12,Paid
O009954,C0389,P0025,2026-03-21,1,29.76,Paid
O009955,C0660,P0029,2026-03-21,1,19.77,Referral
O009956,C0404,P0039,2026-03-21,1,40.82,Referral
O009957,C0361,P0036,2026-03-21,3,174.72,Paid
O009958,C0601,P0039,2026-03-21,1,40.82,Organic
O009959,C0092,P0033,2026-03-21,3,247.32,Organic
O009960,C0582,P0001,2026-03-21,3,1106.34,Organic
O009961,C0597,P0001,2026-03-21,3,1106.34,Organic
O009962,C0284,P0008,2026-03-21,2,270.52,Organic
O009963,C0150,P0001,2026-03-21,2,737.56,Organic
O009964,C0129,P0007,2026-03-21,2,774.46,Organic
O009965,C0591,P0004,2026-03-21,2,666.42,Paid
O009966,C0302,P0014,2026-03-21,3,130.11,Email
O009967,C0602,P0009,2026-03-21,3,141.75,Email
O009968,C0736,P0014,2026-03-21,3,130.11,Email
O009969,C0758,P0024,2026-03-21,2,63.16,Paid
O009970,C0070,P0019,2026-03-21,2,298.46,Organic
O009971,C0121,P0032,2026-03-21,2,106.18,Referral
O009972,C0232,P0027,2026-03-21,2,57.16,Email
O009973,C0151,P0029,2026-03-21,1,19.77,Organic
O009974,C0770,P0031,2026-03-21,3,101.91,Paid
O009975,C0782,P0027,2026-03-21,3,85.74,Email
O009976,C0597,P0040,2026-03-21,1,91.63,Referral
O009977,C0264,P0035,2026-03-21,1,118.21,Organic
O009978,C0334,P0036,2026-03-21,2,116.48,Paid
O009979,C0432,P0038,2026-03-21,2,223.9,Organic
O009980,C0262,P0008,2026-03-22,1,135.26,Email
O009981,C0026,P0007,2026-03-22,3,1161.69,Organic
O009982,C0799,P0008,2026-03-22,2,270.52,Paid
O009983,C0583,P0004,2026-03-22,3,999.63,Organic
O009984,C0065,P0004,2026-03-22,1,333.21,Email
O009985,C0382,P0003,2026-03-22,1,283.98,Email
O009986,C0100,P0011,2026-03-22,1,33.98,Organic
O009987,C0541,P0013,2026-03-22,2,145.78,Organic
O009988,C0292,P0010,2026-03-22,3,142.32,Referral
O009989,C0270,P0009,2026-03-22,1,47.25,Paid
O009990,C0045,P0024,2026-03-22,2,63.16,Organic
O009991,C0219,P0017,2026-03-22,2,41.12,Organic
O009992,C0729,P0023,2026-03-22,3,375.87,Paid
O009993,C0759,P0026,2026-03-22,1,47.35,Referral
O009994,C0784,P0030,2026-03-22,2,61.0,Organic
O009995,C0322,P0030,2026-03-22,3,91.5,Email
O009996,C0428,P0025,2026-03-22,1,29.76,Organic
O009997,C0524,P0039,2026-03-22,3,122.46,Organic
O009998,C0623,P0004,2026-03-22,2,666.42,Paid
O009999,C0054,P0016,2026-03-22,1,30.98,Organic
O010000,C0520,P0009,2026-03-22,1,47.25,Referral
O010001,C0622,P0030,2026-03-22,1,30.5,Paid
O010002,C0079,P0030,2026-03-22,3,91.5,Organic
O010003,C0057,P0025,2026-03-22,3,89.28,Organic
O010004,C0656,P0035,2026-03-22,3,354.63,Organic
O010005,C0587,P0035,2026-03-22,1,118.21,Organic
O010006,C0052,P0035,2026-03-22,2,236.42,Paid
O010007,C0092,P0001,2026-03-22,1,368.78,Paid
O010008,C0253,P0022,2026-03-22,1,87.46,Paid
O010009,C0476,P0020,2026-03-22,2,50.04,Paid
O010010,C0400,P0020,2026-03-22,1,25.02,Paid
O010011,C0633,P0017,2026-03-22,3,61.68,Paid
O010012,C0124,P0023,2026-03-22,2,250.58,Paid
O010013,C0213,P0029,2026-03-22,2,39.54,Paid
O010014,C0191,P0030,2026-03-22,1,30.5,Organic
O010015,C0564,P0036,2026-03-22,2,116.48,Paid
O010016,C0742,P0037,2026-03-22,2,114.7,Organic
O010017,C0289,P0008,2026-03-22,3,405.78,Organic
O010018,C0189,P0015,2026-03-22,3,232.89,Email
O010019,C0300,P0012,2026-03-22,1,73.18,Referral
O010020,C0091,P0016,2026-03-22,1,30.98,Paid
O010021,C0189,P0014,2026-03-22,1,43.37,Paid
O010022,C0736,P0020,2026-03-22,2,50.04,Organic
O010023,C0042,P0023,2026-03-22,2,250.58,Organic
O010024,C0705,P0018,2026-03-22,3,282.75,Email
O010025,C0791,P0026,2026-03-22,1,47.35,Email
O010026,C0568,P0035,2026-03-22,1,118.21,Paid
O010027,C0702,P0035,2026-03-22,2,236.42,Organic
O010028,C0182,P0003,2026-03-23,3,851.94,Paid
O010029,C0755,P0007,2026-03-23,1,387.23,Organic
O010030,C0671,P0002,2026-03-23,2,180.84,Organic
O010031,C0671,P0002,2026-03-23,1,90.42,Organic
O010032,C0055,P0025,2026-03-23,1,29.76,Email
O010033,C0617,P0032,2026-03-23,2,106.18,Organic
O010034,C0406,P0031,2026-03-23,1,33.97,Organic
O010035,C0156,P0001,2026-03-23,1,368.78,Email
O010036,C0049,P0016,2026-03-23,1,30.98,Organic
O010037,C0608,P0010,2026-03-23,1,47.44,Paid
O010038,C0451,P0023,2026-03-23,1,125.29,Organic
O010039,C0594,P0029,2026-03-23,1,19.77,Email
O010040,C0344,P0030,2026-03-23,1,30.5,Organic
O010041,C0370,P0037,2026-03-23,2,114.7,Organic
O010042,C0283,P0012,2026-03-23,3,219.54,Email
O010043,C0681,P0018,2026-03-23,3,282.75,Paid
O010044,C0405,P0031,2026-03-23,1,33.97,Organic
O010045,C0253,P0027,2026-03-23,3,85.74,Referral
O010046,C0323,P0035,2026-03-23,3,354.63,Paid
O010047,C0194,P0038,2026-03-23,3,335.85,Paid
O010048,C0288,P0007,2026-03-23,1,387.23,Referral
O010049,C0800,P0008,2026-03-23,2,270.52,Email
O010050,C0782,P0011,2026-03-23,2,67.96,Organic
O010051,C0705,P0009,2026-03-23,1,47.25,Paid
O010052,C0148,P0022,2026-03-23,3,262.38,Paid
O010053,C0621,P0018,2026-03-23,1,94.25,Organic
O010054,C0434,P0023,2026-03-23,2,250.58,Paid
O010055,C0150,P0032,2026-03-23,1,53.09,Organic
O010056,C0148,P0031,2026-03-23,3,101.91,Referral
O010057,C0055,P0006,2026-03-24,1,139.43,Organic
O010058,C0045,P0006,2026-03-24,3,418.29,Organic
O010059,C0270,P0001,2026-03-24,1,368.78,Referral
O010060,C0541,P0012,2026-03-24,2,146.36,Email
O010061,C0510,P0016,2026-03-24,3,92.94,Organic
O010062,C0131,P0024,2026-03-24,3,94.74,Organic
O010063,C0228,P0029,2026-03-24,1,19.77,Organic
O010064,C0109,P0030,2026-03-24,1,30.5,Email
O010065,C0583,P0025,2026-03-24,3,89.28,Paid
O010066,C0523,P0038,2026-03-24,2,223.9,Organic
O010067,C0590,P0038,2026-03-24,3,335.85,Email
O010068,C0714,P0039,2026-03-24,1,40.82,Organic
O010069,C0480,P0003,2026-03-24,1,283.98,Referral
O010070,C0344,P0003,2026-03-24,1,283.98,Paid
O010071,C0594,P0003,2026-03-24,3,851.94,Organic
O010072,C0259,P0017,2026-03-24,3,61.68,Organic
O010073,C0086,P0024,2026-03-24,1,31.58,Email
O010074,C0608,P0027,2026-03-24,3,85.74,Paid
O010075,C0691,P0031,2026-03-24,2,67.94,Paid
O010076,C0297,P0028,2026-03-24,2,38.88,Organic
O010077,C0728,P0040,2026-03-24,3,274.89,Email
O010078,C0752,P0038,2026-03-24,3,335.85,Organic
O010079,C0321,P0001,2026-03-24,1,368.78,Organic
O010080,C0509,P0003,2026-03-24,2,567.96,Referral
O010081,C0080,P0016,2026-03-24,3,92.94,Paid
O010082,C0177,P0012,2026-03-24,2,146.36,Organic
O010083,C0680,P0012,2026-03-24,2,146.36,Referral
O010084,C0548,P0012,2026-03-24,1,73.18,Referral
O010085,C0211,P0019,2026-03-24,1,149.23,Paid
O010086,C0222,P0038,2026-03-24,1,111.95,Organic
O010087,C0327,P0038,2026-03-24,2,223.9,Paid
O010088,C0742,P0039,2026-03-24,1,40.82,Organic
O010089,C0514,P0004,2026-03-24,3,999.63,Paid
O010090,C0070,P0008,2026-03-24,1,135.26,Referral
O010091,C0437,P0015,2026-03-24,2,155.26,Organic
O010092,C0004,P0013,2026-03-24,3,218.67,Paid
O010093,C0199,P0012,2026-03-24,3,219.54,Paid
O010094,C0790,P0009,2026-03-24,3,141.75,Email
O010095,C0779,P0009,2026-03-24,2,94.5,Organic
O010096,C0140,P0012,2026-03-24,3,219.54,Email
O010097,C0339,P0019,2026-03-24,2,298.46,Paid
O010098,C0758,P0018,2026-03-24,3,282.75,Paid
O010099,C0339,P0024,2026-03-24,3,94.74,Referral
O010100,C0307,P0021,2026-03-24,3,141.12,Organic
O010101,C0470,P0020,2026-03-24,2,50.04,Referral
O010102,C0415,P0031,2026-03-24,3,101.91,Organic
O010103,C0536,P0031,2026-03-24,3,101.91,Paid
O010104,C0749,P0027,2026-03-24,2,57.16,Paid
O010105,C0337,P0026,2026-03-24,2,94.7,Organic
O010106,C0631,P0001,2026-03-25,1,368.78,Paid
O010107,C0583,P0003,2026-03-25,3,851.94,Paid
O010108,C0388,P0018,2026-03-25,3,282.75,Organic
O010109,C0510,P0027,2026-03-25,3,85.74,Referral
O010110,C0263,P0032,2026-03-25,1,53.09,Paid
O010111,C0459,P0040,2026-03-25,2,183.26,Paid
O010112,C0425,P0039,2026-03-25,3,122.46,Organic
O010113,C0363,P0037,2026-03-25,2,114.7,Paid
O010114,C0594,P0001,2026-03-25,1,368.78,Organic
O010115,C0785,P0001,2026-03-25,3,1106.34,Email
O010116,C0580,P0008,2026-03-25,3,405.78,Paid
O010117,C0267,P0002,2026-03-25,3,271.26,Organic
O010118,C0507,P0012,2026-03-25,2,146.36,Paid
O010119,C0494,P0009,2026-03-25,3,141.75,Email
O010120,C0258,P0012,2026-03-25,1,73.18,Organic
O010121,C0297,P0023,2026-03-25,2,250.58,Email
O010122,C0454,P0023,2026-03-25,1,125.29,Referral
O010123,C0239,P0023,2026-03-25,3,375.87,Organic
O010124,C0180,P0027,2026-03-25,3,85.74,Email
O010125,C0180,P0034,2026-03-25,2,174.98,Paid
O010126,C0333,P0037,2026-03-25,1,57.35,Email
O010127,C0353,P0035,2026-03-25,1,118.21,Referral
O010128,C0672,P0036,2026-03-25,1,58.24,Organic
O010129,C0699,P0004,2026-03-25,3,999.63,Email
O010130,C0102,P0003,2026-03-25,3,851.94,Organic
O010131,C0167,P0010,2026-03-25,3,142.32,Email
O010132,C0061,P0018,2026-03-25,3,282.75,Email
O010133,C0767,P0019,2026-03-25,2,298.46,Organic
O010134,C0681,P0019,2026-03-25,3,447.69,Organic
O010135,C0112,P0027,2026-03-25,1,28.58,Email
O010136,C0647,P0038,2026-03-25,1,111.95,Organic
O010137,C0023,P0008,2026-03-25,2,270.52,Organic
O010138,C0304,P0004,2026-03-25,3,999.63,Organic
O010139,C0621,P0016,2026-03-25,2,61.96,Email
O010140,C0002,P0014,2026-03-25,2,86.74,Paid
O010141,C0753,P0017,2026-03-25,3,61.68,Organic
O010142,C0289,P0018,2026-03-25,2,188.5,Organic
O010143,C0110,P0028,2026-03-25,1,19.44,Paid
O010144,C0121,P0031,2026-03-25,2,67.94,Organic
O010145,C0275,P0029,2026-03-25,1,19.77,Organic
O010146,C0093,P0026,2026-03-25,3,142.05,Email
O010147,C0121,P0035,2026-03-25,3,354.63,Paid
O010148,C0050,P0008,2026-03-26,3,405.78,Organic
O010149,C0225,P0006,2026-03-26,1,139.43,Organic
O010150,C0157,P0001,2026-03-26,3,1106.34,Email
O010151,C0382,P0010,2026-03-26,3,142.32,Paid
O010152,C0717,P0019,2026-03-26,3,447.69,Paid
O010153,C0310,P0020,2026-03-26,3,75.06,Paid
O010154,C0669,P0023,2026-03-26,2,250.58,Organic
O010155,C0210,P0031,2026-03-26,3,101.91,Paid
O010156,C0212,P0030,2026-03-26,3,91.5,Paid
O010157,C0669,P0025,2026-03-26,3,89.28,Organic
O010158,C0157,P0030,2026-03-26,2,61.0,Organic
O010159,C0638,P0027,2026-03-26,1,28.58,Paid
O010160,C0030,P0036,2026-03-26,3,174.72,Email
O010161,C0055,P0040,2026-03-26,3,274.89,Paid
O010162,C0411,P0039,2026-03-26,1,40.82,Email
O010163,C0259,P0005,2026-03-26,3,374.07,Referral
O010164,C0160,P0008,2026-03-26,1,135.26,Organic
O010165,C0534,P0024,2026-03-26,1,31.58,Organic
O010166,C0750,P0019,2026-03-26,1,149.23,Organic
O010167,C0439,P0021,2026-03-26,2,94.08,Organic
O010168,C0672,P0027,2026-03-26,3,85.74,Paid
O010169,C0637,P0032,2026-03-26,1,53.09,Organic
O010170,C0772,P0036,2026-03-26,2,116.48,Referral
O010171,C0712,P0040,2026-03-26,3,274.89,Email
O010172,C0274,P0033,2026-03-26,2,164.88,Paid
O010173,C0330,P0015,2026-03-26,1,77.63,Organic
O010174,C0793,P0012,2026-03-26,1,73.18,Referral
O010175,C0315,P0014,2026-03-26,3,130.11,Referral
O010176,C0022,P0012,2026-03-26,3,219.54,Paid
O010177,C0175,P0019,2026-03-26,1,149.23,Organic
O010178,C0630,P0021,2026-03-26,3,141.12,Organic
O010179,C0099,P0028,2026-03-26,2,38.88,Email
O010180,C0731,P0002,2026-03-26,2,180.84,Organic
O010181,C0695,P0002,2026-03-26,2,180.84,Email
O010182,C0448,P0006,2026-03-26,2,278.86,Organic
O010183,C0402,P0007,2026-03-26,2,774.46,Organic
O010184,C0147,P0005,2026-03-26,1,124.69,Email
O010185,C0147,P0005,2026-03-26,1,124.69,Paid
O010186,C0264,P0010,2026-03-26,1,47.44,Paid
O010187,C0173,P0009,2026-03-26,1,47.25,Organic
O010188,C0261,P0015,2026-03-26,2,155.26,Paid
O010189,C0720,P0019,2026-03-26,1,149.23,Referral
O010190,C0453,P0024,2026-03-26,2,63.16,Organic
O010191,C0304,P0018,2026-03-26,2,188.5,Organic
O010192,C0771,P0028,2026-03-26,1,19.44,Organic
O010193,C0059,P0032,2026-03-26,1,53.09,Organic
O010194,C0264,P0026,2026-03-26,2,94.7,Organic
O010195,C0380,P0006,2026-03-27,3,418.29,Organic
O010196,C0579,P0008,2026-03-27,2,270.52,Paid
O010197,C0671,P0016,2026-03-27,2,61.96,Paid
O010198,C0170,P0010,2026-03-27,3,142.32,Organic
O010199,C0212,P0019,2026-03-27,1,149.23,Paid
O010200,C0502,P0018,2026-03-27,2,188.5,Organic
O010201,C0228,P0021,2026-03-27,1,47.04,Paid
O010202,C0005,P0018,2026-03-27,3,282.75,Organic
O010203,C0714,P0021,2026-03-27,1,47.04,Organic
O010204,C0081,P0019,2026-03-27,1,149.23,Email
O010205,C0502,P0029,2026-03-27,3,59.31,Email
O010206,C0487,P0034,2026-03-27,1,87.49,Paid
O010207,C0613,P0033,2026-03-27,3,247.32,Referral
O010208,C0411,P0033,2026-03-27,3,247.32,Organic
O010209,C0276,P0006,2026-03-27,1,139.43,Paid
O010210,C0223,P0004,2026-03-27,1,333.21,Organic
O010211,C0623,P0004,2026-03-27,2,666.42,Organic
O010212,C0614,P0016,2026-03-27,2,61.96,Organic
O010213,C0761,P0024,2026-03-27,1,31.58,Organic
O010214,C0259,P0018,2026-03-27,1,94.25,Organic
O010215,C0241,P0018,2026-03-27,2,188.5,Referral
O010216,C0071,P0018,2026-03-27,3,282.75,Organic
O010217,C0786,P0019,2026-03-27,2,298.46,Referral
O010218,C0786,P0023,2026-03-27,3,375.87,Email
O010219,C0285,P0031,2026-03-27,2,67.94,Email
O010220,C0376,P0025,2026-03-27,3,89.28,Organic
O010221,C0417,P0034,2026-03-27,2,174.98,Organic
O010222,C0623,P0039,2026-03-27,2,81.64,Paid
O010223,C0245,P0007,2026-03-27,3,1161.69,Paid
O010224,C0108,P0004,2026-03-27,1,333.21,Paid
O010225,C0305,P0001,2026-03-27,1,368.78,Referral
O010226,C0754,P0007,2026-03-27,3,1161.69,Paid
O010227,C0709,P0004,2026-03-27,3,999.63,Referral
O010228,C0513,P0031,2026-03-27,3,101.91,Paid
O010229,C0350,P0038,2026-03-27,1,111.95,Referral
O010230,C0695,P0005,2026-03-27,3,374.07,Organic
O010231,C0483,P0002,2026-03-27,1,90.42,Paid
O010232,C0252,P0006,2026-03-27,3,418.29,Referral
O010233,C0189,P0011,2026-03-27,2,67.96,Paid
O010234,C0129,P0019,2026-03-27,3,447.69,Paid
O010235,C0705,P0021,2026-03-27,3,141.12,Organic
O010236,C0307,P0025,2026-03-27,3,89.28,Paid
O010237,C0173,P0030,2026-03-27,2,61.0,Organic
O010238,C0296,P0025,2026-03-27,1,29.76,Paid
O010239,C0001,P0040,2026-03-27,2,183.26,Organic
O010240,C0027,P0038,2026-03-27,2,223.9,Organic
O010241,C0203,P0040,2026-03-27,1,91.63,Paid
O010242,C0388,P0002,2026-03-28,2,180.84,Email
O010243,C0463,P0001,2026-03-28,1,368.78,Email
O010244,C0619,P0003,2026-03-28,1,283.98,Paid
O010245,C0351,P0001,2026-03-28,1,368.78,Organic
O010246,C0212,P0013,2026-03-28,2,145.78,Paid
O010247,C0662,P0022,2026-03-28,3,262.38,Organic
O010248,C0638,P0024,2026-03-28,2,63.16,Email
O010249,C0347,P0023,2026-03-28,1,125.29,Organic
O010250,C0114,P0021,2026-03-28,2,94.08,Paid
O010251,C0322,P0020,2026-03-28,3,75.06,Referral
O010252,C0257,P0028,2026-03-28,1,19.44,Email
O010253,C0445,P0027,2026-03-28,2,57.16,Paid
O010254,C0263,P0027,2026-03-28,1,28.58,Email
O010255,C0210,P0031,2026-03-28,2,67.94,Organic
O010256,C0352,P0028,2026-03-28,2,38.88,Organic
O010257,C0377,P0027,2026-03-28,3,85.74,Organic
O010258,C0737,P0036,2026-03-28,1,58.24,Email
O010259,C0388,P0039,2026-03-28,1,40.82,Email
O010260,C0425,P0035,2026-03-28,1,118.21,Paid
O010261,C0185,P0001,2026-03-28,2,737.56,Email
O010262,C0480,P0001,2026-03-28,1,368.78,Organic
O010263,C0646,P0008,2026-03-28,3,405.78,Organic
O010264,C0623,P0005,2026-03-28,1,124.69,Email
O010265,C0569,P0008,2026-03-28,3,405.78,Organic
O010266,C0439,P0013,2026-03-28,1,72.89,Email
O010267,C0134,P0014,2026-03-28,1,43.37,Email
O010268,C0675,P0010,2026-03-28,1,47.44,Paid
O010269,C0249,P0014,2026-03-28,2,86.74,Email
O010270,C0353,P0014,2026-03-28,2,86.74,Paid
O010271,C0223,P0020,2026-03-28,3,75.06,Referral
O010272,C0740,P0023,2026-03-28,3,375.87,Organic
O010273,C0792,P0021,2026-03-28,3,141.12,Organic
O010274,C0750,P0021,2026-03-28,1,47.04,Email
O010275,C0752,P0019,2026-03-28,1,149.23,Referral
O010276,C0156,P0017,2026-03-28,1,20.56,Paid
O010277,C0086,P0031,2026-03-28,3,101.91,Paid
O010278,C0489,P0032,2026-03-28,1,53.09,Email
O010279,C0761,P0028,2026-03-28,2,38.88,Email
O010280,C0449,P0039,2026-03-28,3,122.46,Paid
O010281,C0240,P0002,2026-03-28,3,271.26,Organic
O010282,C0485,P0014,2026-03-28,2,86.74,Organic
O010283,C0323,P0015,2026-03-28,1,77.63,Paid
O010284,C0138,P0022,2026-03-28,2,174.92,Organic
O010285,C0246,P0024,2026-03-28,2,63.16,Organic
O010286,C0517,P0032,2026-03-28,2,106.18,Organic
O010287,C0126,P0027,2026-03-28,1,28.58,Paid
O010288,C0742,P0039,2026-03-28,3,122.46,Email
O010289,C0745,P0001,2026-03-28,3,1106.34,Email
O010290,C0568,P0001,2026-03-28,1,368.78,Paid
O010291,C0072,P0002,2026-03-28,2,180.84,Email
O010292,C0300,P0009,2026-03-28,3,141.75,Referral
O010293,C0744,P0011,2026-03-28,3,101.94,Organic
O010294,C0232,P0014,2026-03-28,3,130.11,Paid
O010295,C0698,P0016,2026-03-28,2,61.96,Organic
O010296,C0432,P0011,2026-03-28,2,67.96,Organic
O010297,C0696,P0012,2026-03-28,2,146.36,Paid
O010298,C0203,P0021,2026-03-28,3,141.12,Paid
O010299,C0491,P0022,2026-03-28,3,262.38,Organic
O010300,C0409,P0018,2026-03-28,3,282.75,Referral
O010301,C0224,P0028,2026-03-28,1,19.44,Organic
O010302,C0186,P0030,2026-03-28,1,30.5,Paid
O010303,C0673,P0029,2026-03-28,1,19.77,Paid
O010304,C0762,P0027,2026-03-28,3,85.74,Email
O010305,C0288,P0025,2026-03-28,3,89.28,Paid
O010306,C0582,P0034,2026-03-28,3,262.47,Organic
O010307,C0322,P0006,2026-03-29,2,278.86,Email
O010308,C0263,P0005,2026-03-29,3,374.07,Organic
O010309,C0523,P0008,2026-03-29,1,135.26,Organic
O010310,C0388,P0022,2026-03-29,3,262.38,Organic
O010311,C0671,P0021,2026-03-29,2,94.08,Organic
O010312,C0198,P0019,2026-03-29,3,447.69,Paid
O010313,C0649,P0031,2026-03-29,1,33.97,Organic
O010314,C0603,P0027,2026-03-29,2,57.16,Organic
O010315,C0141,P0032,2026-03-29,3,159.27,Paid
O010316,C0045,P0025,2026-03-29,1,29.76,Referral
O010317,C0553,P0031,2026-03-29,2,67.94,Organic
O010318,C0382,P0028,2026-03-29,2,38.88,Organic
O010319,C0765,P0036,2026-03-29,1,58.24,Email
O010320,C0336,P0037,2026-03-29,3,172.05,Organic
O010321,C0502,P0033,2026-03-29,3,247.32,Email
O010322,C0391,P0007,2026-03-29,3,1161.69,Paid
O010323,C0071,P0004,2026-03-29,2,666.42,Organic
O010324,C0596,P0016,2026-03-29,2,61.96,Organic
O010325,C0029,P0009,2026-03-29,1,47.25,Organic
O010326,C0580,P0010,2026-03-29,3,142.32,Organic
O010327,C0249,P0018,2026-03-29,2,188.5,Organic
O010328,C0486,P0020,2026-03-29,1,25.02,Paid
O010329,C0764,P0028,2026-03-29,1,19.44,Organic
O010330,C0079,P0027,2026-03-29,2,57.16,Organic
O010331,C0250,P0025,2026-03-29,3,89.28,Email
O010332,C0094,P0035,2026-03-29,1,118.21,Organic
O010333,C0206,P0008,2026-03-29,1,135.26,Organic
O010334,C0095,P0005,2026-03-29,3,374.07,Organic
O010335,C0123,P0013,2026-03-29,1,72.89,Organic
O010336,C0738,P0010,2026-03-29,2,94.88,Organic
O010337,C0031,P0010,2026-03-29,3,142.32,Organic
O010338,C0548,P0016,2026-03-29,1,30.98,Organic
O010339,C0007,P0012,2026-03-29,2,146.36,Paid
O010340,C0793,P0018,2026-03-29,2,188.5,Referral
O010341,C0401,P0019,2026-03-29,1,149.23,Paid
O010342,C0485,P0023,2026-03-29,3,375.87,Paid
O010343,C0305,P0031,2026-03-29,3,101.91,Referral
O010344,C0438,P0030,2026-03-29,2,61.0,Email
O010345,C0574,P0026,2026-03-29,3,142.05,Email
O010346,C0751,P0040,2026-03-29,3,274.89,Email
O010347,C0068,P0039,2026-03-29,3,122.46,Paid
O010348,C0440,P0038,2026-03-29,3,335.85,Organic
O010349,C0072,P0002,2026-03-29,1,90.42,Organic
O010350,C0566,P0008,2026-03-29,2,270.52,Organic
O010351,C0770,P0013,2026-03-29,2,145.78,Email
O010352,C0004,P0009,2026-03-29,2,94.5,Organic
O010353,C0789,P0014,2026-03-29,1,43.37,Referral
O010354,C0275,P0015,2026-03-29,3,232.89,Organic
O010355,C0069,P0015,2026-03-29,2,155.26,Organic
O010356,C0478,P0017,2026-03-29,1,20.56,Organic
O010357,C0402,P0018,2026-03-29,3,282.75,Organic
O010358,C0448,P0025,2026-03-29,3,89.28,Organic
O010359,C0303,P0031,2026-03-29,2,67.94,Referral
O010360,C0282,P0036,2026-03-29,2,116.48,Paid
O010361,C0320,P0039,2026-03-29,2,81.64,Organic
O010362,C0673,P0039,2026-03-29,1,40.82,Email
O010363,C0782,P0040,2026-03-29,3,274.89,Paid
O010364,C0581,P0007,2026-03-30,3,1161.69,Organic
O010365,C0122,P0007,2026-03-30,3,1161.69,Paid
O010366,C0144,P0014,2026-03-30,2,86.74,Paid
O010367,C0019,P0013,2026-03-30,1,72.89,Organic
O010368,C0225,P0025,2026-03-30,1,29.76,Organic
O010369,C0382,P0036,2026-03-30,2,116.48,Email
O010370,C0335,P0004,2026-03-30,2,666.42,Organic
O010371,C0518,P0011,2026-03-30,2,67.96,Organic
O010372,C0056,P0016,2026-03-30,1,30.98,Referral
O010373,C0637,P0012,2026-03-30,3,219.54,Email
O010374,C0054,P0012,2026-03-30,3,219.54,Referral
O010375,C0712,P0021,2026-03-30,1,47.04,Referral
O010376,C0608,P0020,2026-03-30,1,25.02,Organic
O010377,C0291,P0019,2026-03-30,1,149.23,Organic
O010378,C0204,P0025,2026-03-30,2,59.52,Email
O010379,C0455,P0026,2026-03-30,3,142.05,Referral
O010380,C0052,P0025,2026-03-30,2,59.52,Referral
O010381,C0014,P0028,2026-03-30,1,19.44,Referral
O010382,C0417,P0038,2026-03-30,1,111.95,Paid
O010383,C0029,P0040,2026-03-30,1,91.63,Organic
O010384,C0333,P0034,2026-03-30,2,174.98,Paid
O010385,C0083,P0002,2026-03-30,1,90.42,Organic
O010386,C0650,P0002,2026-03-30,3,271.26,Referral
O010387,C0183,P0006,2026-03-30,2,278.86,Paid
O010388,C0044,P0009,2026-03-30,2,94.5,Organic
O010389,C0667,P0014,2026-03-30,1,43.37,Organic
O010390,C0633,P0021,2026-03-30,3,141.12,Organic
O010391,C0092,P0018,2026-03-30,2,188.5,Organic
O010392,C0108,P0027,2026-03-30,2,57.16,Organic
O010393,C0126,P0039,2026-03-30,2,81.64,Paid
O010394,C0731,P0008,2026-03-30,2,270.52,Referral
O010395,C0072,P0008,2026-03-30,1,135.26,Organic
O010396,C0053,P0010,2026-03-30,3,142.32,Organic
O010397,C0800,P0023,2026-03-30,1,125.29,Organic
O010398,C0307,P0030,2026-03-30,1,30.5,Referral
O010399,C0316,P0039,2026-03-30,2,81.64,Paid
O010400,C0478,P0038,2026-03-30,2,223.9,Organic
O010401,C0468,P0034,2026-03-30,3,262.47,Referral
O010402,C0613,P0010,2026-03-31,3,142.32,Paid
O010403,C0219,P0018,2026-03-31,3,282.75,Email
O010404,C0341,P0019,2026-03-31,2,298.46,Referral
O010405,C0435,P0025,2026-03-31,3,89.28,Paid
O010406,C0737,P0032,2026-03-31,3,159.27,Organic
O010407,C0078,P0037,2026-03-31,3,172.05,Paid
O010408,C0719,P0037,2026-03-31,2,114.7,Paid
O010409,C0162,P0004,2026-03-31,3,999.63,Referral
O010410,C0139,P0001,2026-03-31,2,737.56,Organic
O010411,C0623,P0008,2026-03-31,1,135.26,Organic
O010412,C0691,P0014,2026-03-31,1,43.37,Email
O010413,C0444,P0014,2026-03-31,2,86.74,Organic
O010414,C0507,P0023,2026-03-31,1,125.29,Referral
O010415,C0060,P0028,2026-03-31,1,19.44,Paid
O010416,C0073,P0031,2026-03-31,1,33.97,Organic
O010417,C0267,P0027,2026-03-31,2,57.16,Email
O010418,C0454,P0034,2026-03-31,1,87.49,Referral
O010419,C0223,P0036,2026-03-31,1,58.24,Email
O010420,C0712,P0034,2026-03-31,3,262.47,Paid
O010421,C0240,P0005,2026-03-31,1,124.69,Organic
O010422,C0515,P0004,2026-03-31,3,999.63,Organic
O010423,C0213,P0012,2026-03-31,1,73.18,Organic
O010424,C0564,P0024,2026-03-31,3,94.74,Organic
O010425,C0694,P0020,2026-03-31,3,75.06,Email
O010426,C0138,P0029,2026-03-31,3,59.31,Paid
O010427,C0694,P0035,2026-03-31,3,354.63,Organic
O010428,C0448,P0006,2026-03-31,2,278.86,Referral
O010429,C0612,P0016,2026-03-31,1,30.98,Paid
O010430,C0745,P0016,2026-03-31,3,92.94,Organic
O010431,C0558,P0020,2026-03-31,1,25.02,Organic
O010432,C0023,P0020,2026-03-31,3,75.06,Organic
O010433,C0407,P0018,2026-03-31,2,188.5,Referral
O010434,C0781,P0021,2026-03-31,3,141.12,Paid
O010435,C0221,P0026,2026-03-31,1,47.35,Referral
O010436,C0149,P0031,2026-03-31,1,33.97,Organic
O010437,C0179,P0025,2026-03-31,3,89.28,Paid
O010438,C0443,P0008,2026-04-01,2,270.52,Organic
O010439,C0104,P0005,2026-04-01,1,124.69,Email
O010440,C0322,P0007,2026-04-01,2,774.46,Organic
O010441,C0342,P0004,2026-04-01,2,666.42,Organic
O010442,C0472,P0004,2026-04-01,1,333.21,Paid
O010443,C0385,P0004,2026-04-01,1,333.21,Paid
O010444,C0452,P0009,2026-04-01,3,141.75,Paid
O010445,C0352,P0030,2026-04-01,3,91.5,Email
O010446,C0541,P0030,2026-04-01,2,61.0,Email
O010447,C0435,P0025,2026-04-01,1,29.76,Paid
O010448,C0472,P0031,2026-04-01,1,33.97,Organic
O010449,C0616,P0035,2026-04-01,3,354.63,Paid
O010450,C0533,P0005,2026-04-01,3,374.07,Organic
O010451,C0777,P0012,2026-04-01,2,146.36,Paid
O010452,C0766,P0011,2026-04-01,3,101.94,Email
O010453,C0187,P0013,2026-04-01,2,145.78,Paid
O010454,C0291,P0009,2026-04-01,2,94.5,Email
O010455,C0250,P0013,2026-04-01,2,145.78,Organic
O010456,C0605,P0020,2026-04-01,2,50.04,Referral
O010457,C0353,P0022,2026-04-01,3,262.38,Organic
O010458,C0489,P0027,2026-04-01,1,28.58,Organic
O010459,C0623,P0034,2026-04-01,1,87.49,Referral
O010460,C0735,P0005,2026-04-01,2,249.38,Email
O010461,C0476,P0006,2026-04-01,1,139.43,Paid
O010462,C0095,P0014,2026-04-01,2,86.74,Paid
O010463,C0742,P0010,2026-04-01,3,142.32,Paid
O010464,C0240,P0020,2026-04-01,1,25.02,Referral
O010465,C0222,P0018,2026-04-01,1,94.25,Referral
O010466,C0650,P0019,2026-04-01,1,149.23,Email
O010467,C0211,P0030,2026-04-01,3,91.5,Paid
O010468,C0359,P0029,2026-04-01,2,39.54,Organic
O010469,C0061,P0025,2026-04-01,2,59.52,Organic
O010470,C0517,P0035,2026-04-01,2,236.42,Referral
O010471,C0124,P0040,2026-04-01,1,91.63,Email
O010472,C0383,P0001,2026-04-01,1,368.78,Paid
O010473,C0456,P0002,2026-04-01,3,271.26,Organic
O010474,C0051,P0013,2026-04-01,3,218.67,Paid
O010475,C0442,P0009,2026-04-01,2,94.5,Organic
O010476,C0653,P0015,2026-04-01,1,77.63,Organic
O010477,C0117,P0018,2026-04-01,3,282.75,Organic
O010478,C0409,P0018,2026-04-01,1,94.25,Organic
O010479,C0782,P0019,2026-04-01,1,149.23,Organic
O010480,C0091,P0036,2026-04-01,3,174.72,Paid
O010481,C0012,P0036,2026-04-01,1,58.24,Email
O010482,C0729,P0008,2026-04-02,2,270.52,Organic
O010483,C0408,P0006,2026-04-02,1,139.43,Paid
O010484,C0363,P0014,2026-04-02,1,43.37,Paid
O010485,C0170,P0014,2026-04-02,2,86.74,Organic
O010486,C0237,P0015,2026-04-02,2,155.26,Email
O010487,C0298,P0019,2026-04-02,3,447.69,Paid
O010488,C0081,P0022,2026-04-02,2,174.92,Email
O010489,C0549,P0021,2026-04-02,1,47.04,Organic
O010490,C0215,P0026,2026-04-02,1,47.35,Paid
O010491,C0398,P0030,2026-04-02,1,30.5,Referral
O010492,C0799,P0029,2026-04-02,3,59.31,Paid
O010493,C0136,P0031,2026-04-02,1,33.97,Paid
O010494,C0605,P0007,2026-04-02,1,387.23,Email
O010495,C0139,P0004,2026-04-02,1,333.21,Organic
O010496,C0244,P0001,2026-04-02,2,737.56,Email
O010497,C0563,P0008,2026-04-02,3,405.78,Organic
O010498,C0586,P0019,2026-04-02,3,447.69,Email
O010499,C0254,P0022,2026-04-02,3,262.38,Referral
O010500,C0533,P0024,2026-04-02,2,63.16,Paid
O010501,C0025,P0014,2026-04-02,1,43.37,Email
O010502,C0416,P0009,2026-04-02,2,94.5,Organic
O010503,C0044,P0014,2026-04-02,3,130.11,Paid
O010504,C0743,P0010,2026-04-02,1,47.44,Organic
O010505,C0733,P0015,2026-04-02,3,232.89,Paid
O010506,C0709,P0019,2026-04-02,2,298.46,Organic
O010507,C0269,P0027,2026-04-02,1,28.58,Paid
O010508,C0400,P0031,2026-04-02,2,67.94,Email
O010509,C0197,P0035,2026-04-02,2,236.42,Email
O010510,C0315,P0033,2026-04-02,1,82.44,Paid
O010511,C0707,P0002,2026-04-02,2,180.84,Referral
O010512,C0769,P0001,2026-04-02,1,368.78,Paid
O010513,C0678,P0011,2026-04-02,2,67.96,Referral
O010514,C0779,P0010,2026-04-02,2,94.88,Organic
O010515,C0358,P0023,2026-04-02,3,375.87,Paid
O010516,C0179,P0020,2026-04-02,2,50.04,Organic
O010517,C0314,P0018,2026-04-02,1,94.25,Referral
O010518,C0051,P0023,2026-04-02,1,125.29,Paid
O010519,C0726,P0033,2026-04-02,3,247.32,Paid
O010520,C0478,P0038,2026-04-02,2,223.9,Organic
O010521,C0010,P0034,2026-04-02,3,262.47,Organic
O010522,C0268,P0004,2026-04-03,1,333.21,Paid
O010523,C0729,P0006,2026-04-03,2,278.86,Organic
O010524,C0616,P0001,2026-04-03,1,368.78,Organic
O010525,C0593,P0004,2026-04-03,1,333.21,Organic
O010526,C0799,P0013,2026-04-03,2,145.78,Paid
O010527,C0399,P0016,2026-04-03,1,30.98,Organic
O010528,C0760,P0014,2026-04-03,3,130.11,Paid
O010529,C0619,P0018,2026-04-03,3,282.75,Organic
O010530,C0270,P0024,2026-04-03,2,63.16,Paid
O010531,C0445,P0023,2026-04-03,1,125.29,Organic
O010532,C0411,P0027,2026-04-03,2,57.16,Paid
O010533,C0755,P0027,2026-04-03,1,28.58,Organic
O010534,C0611,P0033,2026-04-03,1,82.44,Organic
O010535,C0078,P0034,2026-04-03,2,174.98,Organic
O010536,C0406,P0034,2026-04-03,2,174.98,Organic
O010537,C0279,P0011,2026-04-03,3,101.94,Organic
O010538,C0507,P0022,2026-04-03,3,262.38,Organic
O010539,C0439,P0019,2026-04-03,1,149.23,Organic
O010540,C0287,P0026,2026-04-03,3,142.05,Paid
O010541,C0750,P0038,2026-04-03,2,223.9,Paid
O010542,C0255,P0034,2026-04-03,2,174.98,Paid
O010543,C0194,P0001,2026-04-03,2,737.56,Paid
O010544,C0404,P0006,2026-04-03,3,418.29,Paid
O010545,C0022,P0002,2026-04-03,2,180.84,Paid
O010546,C0633,P0004,2026-04-03,2,666.42,Referral
O010547,C0191,P0013,2026-04-03,2,145.78,Organic
O010548,C0787,P0014,2026-04-03,3,130.11,Paid
O010549,C0564,P0012,2026-04-03,3,219.54,Organic
O010550,C0694,P0012,2026-04-03,2,146.36,Organic
O010551,C0401,P0009,2026-04-03,2,94.5,Organic
O010552,C0025,P0021,2026-04-03,3,141.12,Referral
O010553,C0022,P0022,2026-04-03,2,174.92,Email
O010554,C0138,P0022,2026-04-03,1,87.46,Organic
O010555,C0032,P0018,2026-04-03,2,188.5,Organic
O010556,C0574,P0027,2026-04-03,2,57.16,Organic
O010557,C0709,P0039,2026-04-03,1,40.82,Paid
O010558,C0465,P0039,2026-04-03,1,40.82,Organic
O010559,C0689,P0040,2026-04-03,3,274.89,Paid
O010560,C0699,P0035,2026-04-03,1,118.21,Paid
O010561,C0771,P0001,2026-04-03,2,737.56,Paid
O010562,C0470,P0002,2026-04-03,3,271.26,Email
O010563,C0320,P0003,2026-04-03,2,567.96,Organic
O010564,C0550,P0003,2026-04-03,2,567.96,Email
O010565,C0652,P0011,2026-04-03,3,101.94,Organic
O010566,C0668,P0016,2026-04-03,2,61.96,Paid
O010567,C0334,P0010,2026-04-03,2,94.88,Organic
O010568,C0419,P0010,2026-04-03,3,142.32,Organic
O010569,C0749,P0009,2026-04-03,2,94.5,Paid
O010570,C0230,P0011,2026-04-03,1,33.98,Email
O010571,C0456,P0018,2026-04-03,2,188.5,Organic
O010572,C0328,P0024,2026-04-03,1,31.58,Organic
O010573,C0688,P0020,2026-04-03,3,75.06,Paid
O010574,C0678,P0031,2026-04-03,1,33.97,Organic
O010575,C0264,P0025,2026-04-03,1,29.76,Organic
O010576,C0458,P0025,2026-04-03,1,29.76,Email
O010577,C0797,P0034,2026-04-03,1,87.49,Email
O010578,C0415,P0035,2026-04-03,3,354.63,Organic
O010579,C0328,P0037,2026-04-03,2,114.7,Organic
O010580,C0549,P0006,2026-04-04,3,418.29,Organic
O010581,C0627,P0008,2026-04-04,1,135.26,Referral
O010582,C0756,P0015,2026-04-04,1,77.63,Organic
O010583,C0627,P0016,2026-04-04,3,92.94,Paid
O010584,C0208,P0009,2026-04-04,1,47.25,Organic
O010585,C0546,P0023,2026-04-04,1,125.29,Organic
O010586,C0367,P0023,2026-04-04,2,250.58,Paid
O010587,C0408,P0018,2026-04-04,3,282.75,Organic
O010588,C0399,P0035,2026-04-04,3,354.63,Paid
O010589,C0210,P0039,2026-04-04,2,81.64,Paid
O010590,C0553,P0038,2026-04-04,3,335.85,Organic
O010591,C0451,P0008,2026-04-04,2,270.52,Organic
O010592,C0792,P0009,2026-04-04,2,94.5,Organic
O010593,C0656,P0012,2026-04-04,2,146.36,Paid
O010594,C0451,P0017,2026-04-04,2,41.12,Referral
O010595,C0057,P0031,2026-04-04,1,33.97,Email
O010596,C0587,P0026,2026-04-04,1,47.35,Referral
O010597,C0569,P0026,2026-04-04,3,142.05,Email
O010598,C0250,P0032,2026-04-04,2,106.18,Paid
O010599,C0486,P0033,2026-04-04,1,82.44,Paid
O010600,C0223,P0039,2026-04-04,2,81.64,Organic
O010601,C0379,P0034,2026-04-04,3,262.47,Email
O010602,C0687,P0040,2026-04-04,1,91.63,Paid
O010603,C0251,P0002,2026-04-04,2,180.84,Organic
O010604,C0253,P0004,2026-04-04,2,666.42,Organic
O010605,C0767,P0004,2026-04-04,2,666.42,Organic
O010606,C0440,P0006,2026-04-04,1,139.43,Paid
O010607,C0793,P0014,2026-04-04,3,130.11,Organic
O010608,C0418,P0020,2026-04-04,3,75.06,Organic
O010609,C0503,P0020,2026-04-04,3,75.06,Paid
O010610,C0126,P0018,2026-04-04,1,94.25,Paid
O010611,C0565,P0039,2026-04-04,3,122.46,Organic
O010612,C0152,P0038,2026-04-04,2,223.9,Organic
O010613,C0373,P0037,2026-04-04,3,172.05,Paid
O010614,C0497,P0003,2026-04-04,2,567.96,Paid
O010615,C0615,P0002,2026-04-04,1,90.42,Paid
O010616,C0511,P0015,2026-04-04,2,155.26,Referral
O010617,C0328,P0013,2026-04-04,3,218.67,Referral
O010618,C0453,P0010,2026-04-04,2,94.88,Paid
O010619,C0002,P0010,2026-04-04,1,47.44,Referral
O010620,C0394,P0018,2026-04-04,1,94.25,Organic
O010621,C0585,P0021,2026-04-04,2,94.08,Referral
O010622,C0402,P0027,2026-04-04,3,85.74,Organic
O010623,C0458,P0027,2026-04-04,1,28.58,Organic
O010624,C0173,P0029,2026-04-04,2,39.54,Paid
O010625,C0491,P0027,2026-04-04,1,28.58,Organic
O010626,C0504,P0033,2026-04-04,1,82.44,Referral
O010627,C0268,P0008,2026-04-05,2,270.52,Organic
O010628,C0799,P0012,2026-04-05,3,219.54,Referral
O010629,C0595,P0009,2026-04-05,2,94.5,Email
O010630,C0144,P0014,2026-04-05,3,130.11,Paid
O010631,C0170,P0016,2026-04-05,2,61.96,Paid
O010632,C0581,P0015,2026-04-05,2,155.26,Organic
O010633,C0592,P0010,2026-04-05,1,47.44,Paid
O010634,C0759,P0012,2026-04-05,2,146.36,Paid
O010635,C0352,P0014,2026-04-05,2,86.74,Organic
O010636,C0477,P0019,2026-04-05,3,447.69,Organic
O010637,C0281,P0022,2026-04-05,3,262.38,Organic
O010638,C0005,P0022,2026-04-05,3,262.38,Organic
O010639,C0595,P0017,2026-04-05,1,20.56,Email
O010640,C0553,P0021,2026-04-05,2,94.08,Paid
O010641,C0317,P0018,2026-04-05,1,94.25,Paid
O010642,C0209,P0017,2026-04-05,1,20.56,Organic
O010643,C0035,P0028,2026-04-05,3,58.32,Organic
O010644,C0435,P0035,2026-04-05,2,236.42,Organic
O010645,C0443,P0038,2026-04-05,2,223.9,Paid
O010646,C0502,P0035,2026-04-05,1,118.21,Paid
O010647,C0351,P0038,2026-04-05,2,223.9,Organic
O010648,C0618,P0038,2026-04-05,3,335.85,Organic
O010649,C0464,P0033,2026-04-05,2,164.88,Referral
O010650,C0760,P0033,2026-04-05,2,164.88,Referral
O010651,C0494,P0004,2026-04-05,3,999.63,Organic
O010652,C0241,P0006,2026-04-05,2,278.86,Organic
O010653,C0451,P0001,2026-04-05,3,1106.34,Organic
O010654,C0190,P0005,2026-04-05,2,249.38,Paid
O010655,C0773,P0008,2026-04-05,1,135.26,Organic
O010656,C0279,P0008,2026-04-05,2,270.52,Paid
O010657,C0752,P0009,2026-04-05,1,47.25,Organic
O010658,C0795,P0012,2026-04-05,1,73.18,Paid
O010659,C0279,P0018,2026-04-05,2,188.5,Paid
O010660,C0285,P0027,2026-04-05,1,28.58,Email
O010661,C0713,P0029,2026-04-05,2,39.54,Paid
O010662,C0075,P0028,2026-04-05,3,58.32,Paid
O010663,C0124,P0002,2026-04-05,2,180.84,Organic
O010664,C0422,P0005,2026-04-05,1,124.69,Organic
O010665,C0124,P0015,2026-04-05,2,155.26,Organic
O010666,C0767,P0014,2026-04-05,3,130.11,Organic
O010667,C0689,P0011,2026-04-05,1,33.98,Referral
O010668,C0709,P0019,2026-04-05,1,149.23,Email
O010669,C0044,P0022,2026-04-05,3,262.38,Referral
O010670,C0505,P0017,2026-04-05,1,20.56,Organic
O010671,C0742,P0019,2026-04-05,3,447.69,Organic
O010672,C0539,P0032,2026-04-05,3,159.27,Organic
O010673,C0422,P0034,2026-04-05,3,262.47,Email
O010674,C0025,P0035,2026-04-05,3,354.63,Organic
O010675,C0321,P0036,2026-04-05,1,58.24,Paid
O010676,C0252,P0005,2026-04-05,2,249.38,Referral
O010677,C0453,P0003,2026-04-05,2,567.96,Organic
O010678,C0261,P0003,2026-04-05,2,567.96,Paid
O010679,C0584,P0011,2026-04-05,2,67.96,Paid
O010680,C0232,P0015,2026-04-05,3,232.89,Paid
O010681,C0432,P0012,2026-04-05,3,219.54,Referral
O010682,C0012,P0011,2026-04-05,1,33.98,Organic
O010683,C0640,P0024,2026-04-05,3,94.74,Paid
O010684,C0358,P0021,2026-04-05,1,47.04,Organic
O010685,C0002,P0017,2026-04-05,1,20.56,Referral
O010686,C0419,P0017,2026-04-05,2,41.12,Organic
O010687,C0288,P0020,2026-04-05,1,25.02,Paid
O010688,C0470,P0030,2026-04-05,1,30.5,Organic
O010689,C0584,P0027,2026-04-05,3,85.74,Email
O010690,C0284,P0029,2026-04-05,3,59.31,Paid
O010691,C0179,P0032,2026-04-05,2,106.18,Paid
O010692,C0511,P0029,2026-04-05,2,39.54,Email
O010693,C0484,P0038,2026-04-05,2,223.9,Paid
O010694,C0224,P0036,2026-04-05,2,116.48,Organic
O010695,C0491,P0040,2026-04-05,2,183.26,Paid
O010696,C0797,P0033,2026-04-05,1,82.44,Organic
O010697,C0261,P0036,2026-04-05,3,174.72,Organic
O010698,C0237,P0005,2026-04-06,1,124.69,Paid
O010699,C0298,P0011,2026-04-06,3,101.94,Referral
O010700,C0616,P0013,2026-04-06,3,218.67,Organic
O010701,C0732,P0015,2026-04-06,2,155.26,Paid
O010702,C0406,P0015,2026-04-06,1,77.63,Paid
O010703,C0367,P0010,2026-04-06,2,94.88,Organic
O010704,C0463,P0023,2026-04-06,1,125.29,Organic
O010705,C0638,P0021,2026-04-06,1,47.04,Organic
O010706,C0723,P0030,2026-04-06,1,30.5,Paid
O010707,C0332,P0031,2026-04-06,1,33.97,Organic
O010708,C0627,P0030,2026-04-06,3,91.5,Organic
O010709,C0796,P0040,2026-04-06,2,183.26,Organic
O010710,C0119,P0005,2026-04-06,3,374.07,Organic
O010711,C0635,P0006,2026-04-06,3,418.29,Organic
O010712,C0764,P0011,2026-04-06,3,101.94,Organic
O010713,C0772,P0017,2026-04-06,1,20.56,Organic
O010714,C0772,P0026,2026-04-06,1,47.35,Referral
O010715,C0785,P0030,2026-04-06,3,91.5,Email
O010716,C0661,P0030,2026-04-06,1,30.5,Email
O010717,C0259,P0028,2026-04-06,3,58.32,Referral
O010718,C0644,P0032,2026-04-06,1,53.09,Paid
O010719,C0185,P0035,2026-04-06,2,236.42,Paid
O010720,C0331,P0033,2026-04-06,1,82.44,Organic
O010721,C0596,P0037,2026-04-06,3,172.05,Paid
O010722,C0712,P0038,2026-04-06,1,111.95,Organic
O010723,C0378,P0004,2026-04-06,3,999.63,Referral
O010724,C0032,P0005,2026-04-06,1,124.69,Email
O010725,C0540,P0010,2026-04-06,1,47.44,Paid
O010726,C0222,P0012,2026-04-06,2,146.36,Email
O010727,C0305,P0020,2026-04-06,2,50.04,Paid
O010728,C0404,P0031,2026-04-06,1,33.97,Organic
O010729,C0465,P0030,2026-04-06,3,91.5,Organic
O010730,C0462,P0027,2026-04-06,1,28.58,Paid
O010731,C0715,P0008,2026-04-06,3,405.78,Organic
O010732,C0172,P0004,2026-04-06,2,666.42,Email
O010733,C0653,P0007,2026-04-06,3,1161.69,Paid
O010734,C0782,P0012,2026-04-06,1,73.18,Organic
O010735,C0186,P0020,2026-04-06,2,50.04,Paid
O010736,C0781,P0022,2026-04-06,3,262.38,Paid
O010737,C0224,P0024,2026-04-06,2,63.16,Email
O010738,C0181,P0023,2026-04-06,1,125.29,Organic
O010739,C0229,P0017,2026-04-06,3,61.68,Organic
O010740,C0783,P0020,2026-04-06,1,25.02,Paid
O010741,C0688,P0028,2026-04-06,3,58.32,Email
O010742,C0562,P0027,2026-04-06,2,57.16,Organic
O010743,C0076,P0025,2026-04-06,2,59.52,Referral
O010744,C0375,P0030,2026-04-06,1,30.5,Paid
O010745,C0479,P0038,2026-04-06,2,223.9,Paid
O010746,C0790,P0040,2026-04-06,3,274.89,Organic
O010747,C0161,P0034,2026-04-06,3,262.47,Email
O010748,C0181,P0034,2026-04-06,1,87.49,Email
O010749,C0621,P0036,2026-04-06,3,174.72,Paid
O010750,C0157,P0004,2026-04-07,2,666.42,Referral
O010751,C0722,P0017,2026-04-07,2,41.12,Email
O010752,C0765,P0017,2026-04-07,1,20.56,Referral
O010753,C0445,P0031,2026-04-07,2,67.94,Paid
O010754,C0510,P0026,2026-04-07,2,94.7,Organic
O010755,C0109,P0033,2026-04-07,2,164.88,Email
O010756,C0256,P0035,2026-04-07,2,236.42,Organic
O010757,C0755,P0037,2026-04-07,3,172.05,Email
O010758,C0047,P0007,2026-04-07,3,1161.69,Paid
O010759,C0162,P0015,2026-04-07,3,232.89,Organic
O010760,C0054,P0038,2026-04-07,2,223.9,Organic
O010761,C0785,P0034,2026-04-07,2,174.98,Organic
O010762,C0032,P0001,2026-04-07,2,737.56,Referral
O010763,C0197,P0007,2026-04-07,2,774.46,Organic
O010764,C0401,P0010,2026-04-07,1,47.44,Referral
O010765,C0462,P0018,2026-04-07,2,188.5,Organic
O010766,C0253,P0022,2026-04-07,2,174.92,Organic
O010767,C0283,P0019,2026-04-07,2,298.46,Organic
O010768,C0061,P0027,2026-04-07,2,57.16,Organic
O010769,C0102,P0031,2026-04-07,1,33.97,Paid
O010770,C0321,P0032,2026-04-07,2,106.18,Organic
O010771,C0360,P0025,2026-04-07,1,29.76,Referral
O010772,C0660,P0025,2026-04-07,1,29.76,Referral
O010773,C0034,P0033,2026-04-07,1,82.44,Paid
O010774,C0418,P0033,2026-04-07,2,164.88,Organic
O010775,C0314,P0015,2026-04-07,2,155.26,Email
O010776,C0181,P0009,2026-04-07,2,94.5,Paid
O010777,C0779,P0009,2026-04-07,1,47.25,Paid
O010778,C0497,P0018,2026-04-07,3,282.75,Organic
O010779,C0625,P0026,2026-04-07,3,142.05,Organic
O010780,C0673,P0033,2026-04-07,3,247.32,Organic
O010781,C0347,P0003,2026-04-08,1,283.98,Referral
O010782,C0235,P0007,2026-04-08,3,1161.69,Email
O010783,C0237,P0007,2026-04-08,3,1161.69,Paid
O010784,C0226,P0009,2026-04-08,1,47.25,Email
O010785,C0428,P0011,2026-04-08,1,33.98,Email
O010786,C0722,P0012,2026-04-08,1,73.18,Paid
O010787,C0336,P0013,2026-04-08,3,218.67,Organic
O010788,C0292,P0031,2026-04-08,3,101.91,Organic
O010789,C0768,P0032,2026-04-08,1,53.09,Referral
O010790,C0493,P0029,2026-04-08,1,19.77,Organic
O010791,C0796,P0030,2026-04-08,3,91.5,Organic
O010792,C0590,P0027,2026-04-08,2,57.16,Paid
O010793,C0461,P0033,2026-04-08,3,247.32,Email
O010794,C0554,P0033,2026-04-08,3,247.32,Email
O010795,C0587,P0006,2026-04-08,3,418.29,Organic
O010796,C0507,P0003,2026-04-08,2,567.96,Organic
O010797,C0520,P0003,2026-04-08,1,283.98,Paid
O010798,C0430,P0001,2026-04-08,3,1106.34,Email
O010799,C0139,P0009,2026-04-08,1,47.25,Email
O010800,C0155,P0015,2026-04-08,1,77.63,Paid
O010801,C0014,P0019,2026-04-08,1,149.23,Email
O010802,C0258,P0017,2026-04-08,1,20.56,Paid
O010803,C0014,P0018,2026-04-08,1,94.25,Organic
O010804,C0420,P0032,2026-04-08,1,53.09,Email
O010805,C0158,P0025,2026-04-08,3,89.28,Email
O010806,C0267,P0025,2026-04-08,3,89.28,Paid
O010807,C0642,P0031,2026-04-08,2,67.94,Paid
O010808,C0374,P0039,2026-04-08,1,40.82,Paid
O010809,C0379,P0040,2026-04-08,3,274.89,Paid
O010810,C0008,P0037,2026-04-08,3,172.05,Email
O010811,C0787,P0007,2026-04-08,3,1161.69,Paid
O010812,C0499,P0003,2026-04-08,3,851.94,Paid
O010813,C0699,P0002,2026-04-08,2,180.84,Paid
O010814,C0108,P0009,2026-04-08,2,94.5,Paid
O010815,C0680,P0021,2026-04-08,2,94.08,Paid
O010816,C0233,P0026,2026-04-08,2,94.7,Organic
O010817,C0233,P0038,2026-04-08,1,111.95,Referral
O010818,C0224,P0006,2026-04-08,2,278.86,Organic
O010819,C0771,P0008,2026-04-08,3,405.78,Email
O010820,C0328,P0005,2026-04-08,2,249.38,Email
O010821,C0161,P0012,2026-04-08,3,219.54,Organic
O010822,C0304,P0023,2026-04-08,3,375.87,Referral
O010823,C0093,P0017,2026-04-08,1,20.56,Organic
O010824,C0798,P0023,2026-04-08,2,250.58,Email
O010825,C0469,P0017,2026-04-08,1,20.56,Organic
O010826,C0469,P0038,2026-04-08,2,223.9,Referral
O010827,C0731,P0039,2026-04-08,1,40.82,Referral
O010828,C0555,P0035,2026-04-08,2,236.42,Organic
O010829,C0294,P0007,2026-04-09,3,1161.69,Organic
O010830,C0208,P0008,2026-04-09,2,270.52,Organic
O010831,C0638,P0007,2026-04-09,2,774.46,Organic
O010832,C0463,P0007,2026-04-09,2,774.46,Organic
O010833,C0452,P0004,2026-04-09,1,333.21,Referral
O010834,C0443,P0008,2026-04-09,2,270.52,Referral
O010835,C0768,P0016,2026-04-09,2,61.96,Organic
O010836,C0157,P0023,2026-04-09,3,375.87,Paid
O010837,C0371,P0022,2026-04-09,1,87.46,Organic
O010838,C0212,P0028,2026-04-09,3,58.32,Email
O010839,C0620,P0032,2026-04-09,2,106.18,Organic
O010840,C0774,P0037,2026-04-09,1,57.35,Organic
O010841,C0226,P0037,2026-04-09,2,114.7,Paid
O010842,C0701,P0001,2026-04-09,2,737.56,Referral
O010843,C0008,P0008,2026-04-09,3,405.78,Organic
O010844,C0132,P0008,2026-04-09,3,405.78,Referral
O010845,C0134,P0027,2026-04-09,3,85.74,Email
O010846,C0596,P0033,2026-04-09,2,164.88,Referral
O010847,C0533,P0033,2026-04-09,1,82.44,Organic
O010848,C0177,P0008,2026-04-09,1,135.26,Paid
O010849,C0742,P0008,2026-04-09,2,270.52,Organic
O010850,C0325,P0003,2026-04-09,1,283.98,Referral
O010851,C0247,P0002,2026-04-09,3,271.26,Organic
O010852,C0220,P0014,2026-04-09,1,43.37,Organic
O010853,C0299,P0009,2026-04-09,2,94.5,Paid
O010854,C0787,P0030,2026-04-09,1,30.5,Email
O010855,C0305,P0040,2026-04-09,3,274.89,Organic
O010856,C0743,P0039,2026-04-09,1,40.82,Organic
O010857,C0434,P0014,2026-04-09,2,86.74,Organic
O010858,C0800,P0014,2026-04-09,1,43.37,Organic
O010859,C0724,P0017,2026-04-09,1,20.56,Organic
O010860,C0129,P0024,2026-04-09,1,31.58,Email
O010861,C0302,P0021,2026-04-09,3,141.12,Paid
O010862,C0704,P0026,2026-04-09,3,142.05,Paid
O010863,C0372,P0025,2026-04-09,3,89.28,Organic
O010864,C0448,P0039,2026-04-09,3,122.46,Organic
O010865,C0316,P0035,2026-04-09,3,354.63,Paid
O010866,C0136,P0008,2026-04-10,2,270.52,Email
O010867,C0760,P0003,2026-04-10,3,851.94,Paid
O010868,C0195,P0002,2026-04-10,2,180.84,Paid
O010869,C0671,P0002,2026-04-10,1,90.42,Paid
O010870,C0141,P0010,2026-04-10,3,142.32,Paid
O010871,C0065,P0012,2026-04-10,2,146.36,Paid
O010872,C0109,P0010,2026-04-10,1,47.44,Paid
O010873,C0281,P0019,2026-04-10,3,447.69,Paid
O010874,C0755,P0021,2026-04-10,3,141.12,Organic
O010875,C0188,P0021,2026-04-10,1,47.04,Organic
O010876,C0718,P0029,2026-04-10,2,39.54,Organic
O010877,C0020,P0031,2026-04-10,1,33.97,Email
O010878,C0796,P0026,2026-04-10,2,94.7,Organic
O010879,C0611,P0034,2026-04-10,1,87.49,Organic
O010880,C0292,P0033,2026-04-10,3,247.32,Organic
O010881,C0169,P0034,2026-04-10,3,262.47,Organic
O010882,C0537,P0004,2026-04-10,1,333.21,Paid
O010883,C0569,P0008,2026-04-10,3,405.78,Paid
O010884,C0752,P0006,2026-04-10,1,139.43,Email
O010885,C0661,P0006,2026-04-10,2,278.86,Paid
O010886,C0154,P0002,2026-04-10,1,90.42,Paid
O010887,C0223,P0009,2026-04-10,3,141.75,Organic
O010888,C0056,P0010,2026-04-10,3,142.32,Paid
O010889,C0335,P0013,2026-04-10,1,72.89,Email
O010890,C0537,P0012,2026-04-10,1,73.18,Paid
O010891,C0331,P0022,2026-04-10,1,87.46,Paid
O010892,C0193,P0022,2026-04-10,3,262.38,Organic
O010893,C0201,P0026,2026-04-10,1,47.35,Referral
O010894,C0587,P0028,2026-04-10,1,19.44,Referral
O010895,C0250,P0034,2026-04-10,3,262.47,Organic
O010896,C0623,P0034,2026-04-10,2,174.98,Email
O010897,C0274,P0038,2026-04-10,3,335.85,Organic
O010898,C0366,P0034,2026-04-10,1,87.49,Organic
O010899,C0392,P0040,2026-04-10,1,91.63,Referral
O010900,C0537,P0033,2026-04-10,2,164.88,Organic
O010901,C0366,P0039,2026-04-10,1,40.82,Paid
O010902,C0327,P0004,2026-04-10,1,333.21,Organic
O010903,C0682,P0004,2026-04-10,3,999.63,Paid
O010904,C0513,P0005,2026-04-10,3,374.07,Paid
O010905,C0025,P0012,2026-04-10,1,73.18,Referral
O010906,C0233,P0012,2026-04-10,1,73.18,Organic
O010907,C0754,P0014,2026-04-10,1,43.37,Organic
O010908,C0068,P0023,2026-04-10,1,125.29,Email
O010909,C0607,P0020,2026-04-10,3,75.06,Organic
O010910,C0681,P0017,2026-04-10,1,20.56,Paid
O010911,C0682,P0032,2026-04-10,3,159.27,Paid
O010912,C0503,P0036,2026-04-10,2,116.48,Paid
O010913,C0418,P0036,2026-04-10,2,116.48,Organic
O010914,C0503,P0037,2026-04-10,2,114.7,Organic
O010915,C0491,P0003,2026-04-10,1,283.98,Paid
O010916,C0673,P0016,2026-04-10,2,61.96,Organic
O010917,C0558,P0016,2026-04-10,1,30.98,Referral
O010918,C0716,P0009,2026-04-10,2,94.5,Paid
O010919,C0727,P0013,2026-04-10,1,72.89,Organic
O010920,C0164,P0012,2026-04-10,2,146.36,Paid
O010921,C0442,P0023,2026-04-10,1,125.29,Paid
O010922,C0597,P0021,2026-04-10,1,47.04,Referral
O010923,C0483,P0025,2026-04-10,3,89.28,Paid
O010924,C0744,P0028,2026-04-10,1,19.44,Organic
O010925,C0745,P0027,2026-04-10,2,57.16,Organic
O010926,C0307,P0037,2026-04-10,1,57.35,Paid
O010927,C0461,P0008,2026-04-11,2,270.52,Paid
O010928,C0382,P0008,2026-04-11,2,270.52,Paid
O010929,C0452,P0003,2026-04-11,1,283.98,Email
O010930,C0443,P0007,2026-04-11,3,1161.69,Referral
O010931,C0510,P0012,2026-04-11,2,146.36,Referral
O010932,C0362,P0010,2026-04-11,1,47.44,Organic
O010933,C0324,P0011,2026-04-11,2,67.96,Organic
O010934,C0399,P0014,2026-04-11,1,43.37,Email
O010935,C0298,P0013,2026-04-11,2,145.78,Email
O010936,C0351,P0012,2026-04-11,2,146.36,Organic
O010937,C0380,P0011,2026-04-11,2,67.96,Paid
O010938,C0208,P0011,2026-04-11,3,101.94,Referral
O010939,C0510,P0010,2026-04-11,2,94.88,Email
O010940,C0109,P0022,2026-04-11,3,262.38,Email
O010941,C0035,P0018,2026-04-11,2,188.5,Organic
O010942,C0776,P0024,2026-04-11,2,63.16,Paid
O010943,C0399,P0023,2026-04-11,1,125.29,Organic
O010944,C0618,P0031,2026-04-11,1,33.97,Organic
O010945,C0411,P0025,2026-04-11,3,89.28,Paid
O010946,C0207,P0034,2026-04-11,1,87.49,Organic
O010947,C0774,P0038,2026-04-11,3,335.85,Organic
O010948,C0292,P0040,2026-04-11,2,183.26,Organic
O010949,C0617,P0039,2026-04-11,1,40.82,Organic
O010950,C0086,P0007,2026-04-11,1,387.23,Referral
O010951,C0258,P0008,2026-04-11,2,270.52,Organic
O010952,C0494,P0002,2026-04-11,2,180.84,Organic
O010953,C0471,P0001,2026-04-11,3,1106.34,Email
O010954,C0677,P0001,2026-04-11,1,368.78,Organic
O010955,C0533,P0015,2026-04-11,1,77.63,Organic
O010956,C0193,P0015,2026-04-11,1,77.63,Paid
O010957,C0596,P0016,2026-04-11,3,92.94,Organic
O010958,C0605,P0017,2026-04-11,1,20.56,Email
O010959,C0507,P0022,2026-04-11,2,174.92,Email
O010960,C0236,P0023,2026-04-11,3,375.87,Organic
O010961,C0571,P0019,2026-04-11,2,298.46,Organic
O010962,C0775,P0024,2026-04-11,2,63.16,Paid
O010963,C0675,P0017,2026-04-11,3,61.68,Organic
O010964,C0672,P0027,2026-04-11,2,57.16,Organic
O010965,C0047,P0025,2026-04-11,2,59.52,Referral
O010966,C0335,P0031,2026-04-11,1,33.97,Organic
O010967,C0204,P0031,2026-04-11,3,101.91,Organic
O010968,C0587,P0038,2026-04-11,3,335.85,Referral
O010969,C0795,P0038,2026-04-11,2,223.9,Paid
O010970,C0156,P0039,2026-04-11,2,81.64,Organic
O010971,C0180,P0035,2026-04-11,2,236.42,Organic
O010972,C0580,P0037,2026-04-11,3,172.05,Email
O010973,C0115,P0002,2026-04-11,2,180.84,Organic
O010974,C0245,P0005,2026-04-11,3,374.07,Referral
O010975,C0246,P0006,2026-04-11,3,418.29,Paid
O010976,C0033,P0003,2026-04-11,2,567.96,Organic
O010977,C0492,P0026,2026-04-11,1,47.35,Organic
O010978,C0389,P0026,2026-04-11,2,94.7,Email
O010979,C0234,P0031,2026-04-11,3,101.91,Organic
O010980,C0660,P0028,2026-04-11,3,58.32,Referral
O010981,C0410,P0027,2026-04-11,1,28.58,Email
O010982,C0503,P0025,2026-04-11,2,59.52,Organic
O010983,C0211,P0032,2026-04-11,2,106.18,Paid
O010984,C0743,P0035,2026-04-11,3,354.63,Organic
O010985,C0068,P0033,2026-04-11,1,82.44,Email
O010986,C0735,P0035,2026-04-11,1,118.21,Organic
O010987,C0004,P0008,2026-04-11,1,135.26,Organic
O010988,C0288,P0008,2026-04-11,2,270.52,Organic
O010989,C0762,P0011,2026-04-11,1,33.98,Paid
O010990,C0229,P0010,2026-04-11,3,142.32,Email
O010991,C0261,P0009,2026-04-11,1,47.25,Organic
O010992,C0552,P0013,2026-04-11,2,145.78,Email
O010993,C0745,P0015,2026-04-11,2,155.26,Paid
O010994,C0584,P0018,2026-04-11,1,94.25,Organic
O010995,C0621,P0029,2026-04-11,3,59.31,Organic
O010996,C0149,P0026,2026-04-11,2,94.7,Organic
O010997,C0328,P0028,2026-04-11,2,38.88,Organic
O010998,C0302,P0035,2026-04-11,3,354.63,Organic
O010999,C0483,P0040,2026-04-11,3,274.89,Paid
O011000,C0704,P0036,2026-04-11,1,58.24,Organic
O011001,C0718,P0014,2026-04-12,1,43.37,Paid
O011002,C0581,P0012,2026-04-12,3,219.54,Organic
O011003,C0408,P0015,2026-04-12,3,232.89,Organic
O011004,C0104,P0023,2026-04-12,3,375.87,Email
O011005,C0317,P0017,2026-04-12,1,20.56,Paid
O011006,C0294,P0021,2026-04-12,3,141.12,Organic
O011007,C0398,P0023,2026-04-12,1,125.29,Organic
O011008,C0198,P0022,2026-04-12,1,87.46,Paid
O011009,C0371,P0028,2026-04-12,2,38.88,Organic
O011010,C0015,P0025,2026-04-12,3,89.28,Organic
O011011,C0729,P0031,2026-04-12,3,101.91,Organic
O011012,C0109,P0036,2026-04-12,3,174.72,Referral
O011013,C0277,P0033,2026-04-12,3,247.32,Referral
O011014,C0631,P0034,2026-04-12,2,174.98,Paid
O011015,C0144,P0034,2026-04-12,2,174.98,Paid
O011016,C0628,P0037,2026-04-12,3,172.05,Paid
O011017,C0425,P0038,2026-04-12,1,111.95,Email
O011018,C0614,P0016,2026-04-12,1,30.98,Organic
O011019,C0335,P0015,2026-04-12,3,232.89,Organic
O011020,C0420,P0016,2026-04-12,3,92.94,Organic
O011021,C0071,P0015,2026-04-12,2,155.26,Organic
O011022,C0047,P0017,2026-04-12,3,61.68,Paid
O011023,C0285,P0022,2026-04-12,2,174.92,Organic
O011024,C0594,P0024,2026-04-12,2,63.16,Paid
O011025,C0071,P0018,2026-04-12,1,94.25,Referral
O011026,C0344,P0035,2026-04-12,1,118.21,Referral
O011027,C0285,P0035,2026-04-12,3,354.63,Organic
O011028,C0152,P0004,2026-04-12,3,999.63,Organic
O011029,C0574,P0005,2026-04-12,1,124.69,Organic
O011030,C0743,P0014,2026-04-12,3,130.11,Email
O011031,C0092,P0015,2026-04-12,1,77.63,Organic
O011032,C0247,P0020,2026-04-12,1,25.02,Paid
O011033,C0682,P0020,2026-04-12,2,50.04,Paid
O011034,C0092,P0017,2026-04-12,2,41.12,Paid
O011035,C0564,P0019,2026-04-12,2,298.46,Paid
O011036,C0299,P0024,2026-04-12,1,31.58,Organic
O011037,C0557,P0027,2026-04-12,1,28.58,Organic
O011038,C0095,P0028,2026-04-12,2,38.88,Email
O011039,C0023,P0004,2026-04-12,3,999.63,Email
O011040,C0552,P0006,2026-04-12,2,278.86,Paid
O011041,C0261,P0005,2026-04-12,1,124.69,Paid
O011042,C0149,P0007,2026-04-12,1,387.23,Paid
O011043,C0762,P0002,2026-04-12,1,90.42,Organic
O011044,C0720,P0004,2026-04-12,2,666.42,Paid
O011045,C0001,P0014,2026-04-12,2,86.74,Paid
O011046,C0076,P0016,2026-04-12,3,92.94,Paid
O011047,C0531,P0010,2026-04-12,3,142.32,Paid
O011048,C0724,P0019,2026-04-12,3,447.69,Organic
O011049,C0783,P0018,2026-04-12,3,282.75,Paid
O011050,C0265,P0019,2026-04-12,2,298.46,Email
O011051,C0179,P0018,2026-04-12,1,94.25,Organic
O011052,C0514,P0027,2026-04-12,3,85.74,Paid
O011053,C0753,P0037,2026-04-12,2,114.7,Email
O011054,C0536,P0038,2026-04-12,1,111.95,Organic
O011055,C0001,P0037,2026-04-12,3,172.05,Organic
O011056,C0411,P0005,2026-04-13,3,374.07,Paid
O011057,C0228,P0004,2026-04-13,2,666.42,Email
O011058,C0570,P0014,2026-04-13,1,43.37,Organic
O011059,C0362,P0020,2026-04-13,1,25.02,Organic
O011060,C0685,P0019,2026-04-13,3,447.69,Organic
O011061,C0235,P0021,2026-04-13,2,94.08,Email
O011062,C0592,P0039,2026-04-13,2,81.64,Referral
O011063,C0005,P0033,2026-04-13,2,164.88,Organic
O011064,C0774,P0038,2026-04-13,3,335.85,Organic
O011065,C0058,P0033,2026-04-13,2,164.88,Email
O011066,C0254,P0001,2026-04-13,1,368.78,Paid
O011067,C0691,P0008,2026-04-13,2,270.52,Organic
O011068,C0291,P0006,2026-04-13,3,418.29,Email
O011069,C0392,P0006,2026-04-13,3,418.29,Organic
O011070,C0178,P0003,2026-04-13,1,283.98,Paid
O011071,C0545,P0013,2026-04-13,2,145.78,Email
O011072,C0158,P0021,2026-04-13,1,47.04,Organic
O011073,C0250,P0018,2026-04-13,2,188.5,Organic
O011074,C0537,P0029,2026-04-13,1,19.77,Email
O011075,C0389,P0001,2026-04-13,2,737.56,Email
O011076,C0231,P0003,2026-04-13,3,851.94,Organic
O011077,C0667,P0004,2026-04-13,2,666.42,Organic
O011078,C0767,P0010,2026-04-13,1,47.44,Organic
O011079,C0031,P0012,2026-04-13,3,219.54,Paid
O011080,C0031,P0023,2026-04-13,1,125.29,Organic
O011081,C0138,P0031,2026-04-13,1,33.97,Paid
O011082,C0506,P0026,2026-04-13,1,47.35,Organic
O011083,C0206,P0035,2026-04-13,1,118.21,Paid
O011084,C0490,P0035,2026-04-13,1,118.21,Organic
O011085,C0181,P0003,2026-04-13,2,567.96,Referral
O011086,C0695,P0003,2026-04-13,3,851.94,Email
O011087,C0582,P0015,2026-04-13,2,155.26,Paid
O011088,C0800,P0015,2026-04-13,3,232.89,Email
O011089,C0307,P0015,2026-04-13,1,77.63,Paid
O011090,C0562,P0023,2026-04-13,2,250.58,Organic
O011091,C0320,P0024,2026-04-13,3,94.74,Organic
O011092,C0797,P0026,2026-04-13,1,47.35,Email
O011093,C0762,P0032,2026-04-13,1,53.09,Organic
O011094,C0668,P0030,2026-04-13,1,30.5,Organic
O011095,C0621,P0025,2026-04-13,2,59.52,Organic
O011096,C0161,P0033,2026-04-13,3,247.32,Paid
O011097,C0090,P0034,2026-04-13,3,262.47,Email
O011098,C0383,P0036,2026-04-13,1,58.24,Organic
O011099,C0433,P0007,2026-04-14,2,774.46,Referral
O011100,C0294,P0001,2026-04-14,2,737.56,Paid
O011101,C0595,P0008,2026-04-14,1,135.26,Organic
O011102,C0120,P0003,2026-04-14,1,283.98,Paid
O011103,C0729,P0021,2026-04-14,3,141.12,Organic
O011104,C0649,P0030,2026-04-14,3,91.5,Referral
O011105,C0030,P0029,2026-04-14,3,59.31,Organic
O011106,C0377,P0032,2026-04-14,2,106.18,Organic
O011107,C0638,P0036,2026-04-14,1,58.24,Organic
O011108,C0207,P0038,2026-04-14,2,223.9,Paid
O011109,C0547,P0005,2026-04-14,2,249.38,Organic
O011110,C0156,P0016,2026-04-14,2,61.96,Email
O011111,C0392,P0011,2026-04-14,2,67.96,Organic
O011112,C0094,P0009,2026-04-14,2,94.5,Email
O011113,C0132,P0020,2026-04-14,2,50.04,Paid
O011114,C0079,P0025,2026-04-14,1,29.76,Paid
O011115,C0024,P0032,2026-04-14,1,53.09,Referral
O011116,C0156,P0028,2026-04-14,2,38.88,Organic
O011117,C0374,P0033,2026-04-14,3,247.32,Organic
O011118,C0344,P0035,2026-04-14,3,354.63,Email
O011119,C0234,P0006,2026-04-14,3,418.29,Organic
O011120,C0108,P0003,2026-04-14,1,283.98,Paid
O011121,C0747,P0010,2026-04-14,3,142.32,Paid
O011122,C0360,P0012,2026-04-14,1,73.18,Email
O011123,C0548,P0011,2026-04-14,2,67.96,Paid
O011124,C0061,P0024,2026-04-14,1,31.58,Paid
O011125,C0211,P0028,2026-04-14,2,38.88,Email
O011126,C0338,P0039,2026-04-14,3,122.46,Referral
O011127,C0654,P0037,2026-04-14,3,172.05,Referral
O011128,C0798,P0005,2026-04-14,2,249.38,Paid
O011129,C0621,P0005,2026-04-14,1,124.69,Paid
O011130,C0457,P0015,2026-04-14,1,77.63,Organic
O011131,C0296,P0009,2026-04-14,1,47.25,Paid
O011132,C0800,P0012,2026-04-14,1,73.18,Paid
O011133,C0434,P0022,2026-04-14,2,174.92,Email
O011134,C0442,P0017,2026-04-14,1,20.56,Paid
O011135,C0004,P0024,2026-04-14,1,31.58,Organic
O011136,C0282,P0019,2026-04-14,2,298.46,Organic
O011137,C0606,P0022,2026-04-14,3,262.38,Referral
O011138,C0566,P0024,2026-04-14,2,63.16,Organic
O011139,C0069,P0035,2026-04-14,2,236.42,Organic
O011140,C0597,P0034,2026-04-14,2,174.98,Email
O011141,C0566,P0033,2026-04-14,1,82.44,Organic
O011142,C0500,P0035,2026-04-14,1,118.21,Organic
O011143,C0583,P0003,2026-04-15,2,567.96,Referral
O011144,C0433,P0002,2026-04-15,1,90.42,Paid
O011145,C0170,P0015,2026-04-15,3,232.89,Organic
O011146,C0078,P0010,2026-04-15,2,94.88,Organic
O011147,C0583,P0022,2026-04-15,2,174.92,Organic
O011148,C0065,P0018,2026-04-15,2,188.5,Paid
O011149,C0541,P0017,2026-04-15,3,61.68,Paid
O011150,C0212,P0020,2026-04-15,2,50.04,Paid
O011151,C0205,P0023,2026-04-15,2,250.58,Organic
O011152,C0463,P0021,2026-04-15,2,94.08,Organic
O011153,C0262,P0030,2026-04-15,3,91.5,Organic
O011154,C0619,P0028,2026-04-15,2,38.88,Organic
O011155,C0721,P0027,2026-04-15,1,28.58,Organic
O011156,C0631,P0033,2026-04-15,2,164.88,Organic
O011157,C0396,P0037,2026-04-15,1,57.35,Organic
O011158,C0017,P0007,2026-04-15,1,387.23,Paid
O011159,C0353,P0012,2026-04-15,1,73.18,Paid
O011160,C0449,P0011,2026-04-15,3,101.94,Organic
O011161,C0596,P0024,2026-04-15,2,63.16,Organic
O011162,C0412,P0017,2026-04-15,2,41.12,Organic
O011163,C0412,P0019,2026-04-15,3,447.69,Paid
O011164,C0691,P0026,2026-04-15,2,94.7,Paid
O011165,C0672,P0025,2026-04-15,3,89.28,Paid
O011166,C0656,P0027,2026-04-15,2,57.16,Paid
O011167,C0127,P0034,2026-04-15,2,174.98,Referral
O011168,C0486,P0038,2026-04-15,2,223.9,Organic
O011169,C0086,P0034,2026-04-15,1,87.49,Referral
O011170,C0183,P0001,2026-04-15,3,1106.34,Paid
O011171,C0725,P0005,2026-04-15,1,124.69,Paid
O011172,C0306,P0015,2026-04-15,2,155.26,Organic
O011173,C0667,P0014,2026-04-15,1,43.37,Organic
O011174,C0700,P0015,2026-04-15,2,155.26,Paid
O011175,C0733,P0030,2026-04-15,3,91.5,Paid
O011176,C0167,P0028,2026-04-15,1,19.44,Organic
O011177,C0232,P0005,2026-04-15,1,124.69,Email
O011178,C0736,P0003,2026-04-15,2,567.96,Organic
O011179,C0693,P0012,2026-04-15,2,146.36,Paid
O011180,C0512,P0023,2026-04-15,1,125.29,Email
O011181,C0149,P0022,2026-04-15,3,262.38,Paid
O011182,C0173,P0031,2026-04-15,2,67.94,Organic
O011183,C0707,P0038,2026-04-15,1,111.95,Email
O011184,C0012,P0040,2026-04-15,1,91.63,Organic
O011185,C0289,P0039,2026-04-15,1,40.82,Paid
O011186,C0776,P0003,2026-04-16,2,567.96,Paid
O011187,C0732,P0015,2026-04-16,2,155.26,Referral
O011188,C0554,P0009,2026-04-16,3,141.75,Email
O011189,C0669,P0019,2026-04-16,1,149.23,Organic
O011190,C0593,P0022,2026-04-16,2,174.92,Paid
O011191,C0620,P0018,2026-04-16,1,94.25,Organic
O011192,C0406,P0024,2026-04-16,3,94.74,Organic
O011193,C0708,P0017,2026-04-16,3,61.68,Organic
O011194,C0380,P0024,2026-04-16,3,94.74,Email
O011195,C0618,P0018,2026-04-16,3,282.75,Paid
O011196,C0613,P0026,2026-04-16,1,47.35,Organic
O011197,C0388,P0037,2026-04-16,2,114.7,Email
O011198,C0459,P0039,2026-04-16,3,122.46,Organic
O011199,C0776,P0036,2026-04-16,2,116.48,Organic
O011200,C0686,P0038,2026-04-16,1,111.95,Paid
O011201,C0486,P0009,2026-04-16,3,141.75,Organic
O011202,C0635,P0012,2026-04-16,1,73.18,Paid
O011203,C0646,P0010,2026-04-16,2,94.88,Paid
O011204,C0750,P0011,2026-04-16,2,67.96,Organic
O011205,C0134,P0039,2026-04-16,1,40.82,Organic
O011206,C0734,P0033,2026-04-16,3,247.32,Email
O011207,C0258,P0037,2026-04-16,3,172.05,Paid
O011208,C0323,P0007,2026-04-16,2,774.46,Paid
O011209,C0028,P0005,2026-04-16,3,374.07,Email
O011210,C0387,P0013,2026-04-16,1,72.89,Paid
O011211,C0404,P0015,2026-04-16,2,155.26,Organic
O011212,C0197,P0024,2026-04-16,1,31.58,Referral
O011213,C0647,P0022,2026-04-16,3,262.38,Paid
O011214,C0183,P0020,2026-04-16,1,25.02,Email
O011215,C0266,P0017,2026-04-16,1,20.56,Organic
O011216,C0557,P0024,2026-04-16,2,63.16,Organic
O011217,C0123,P0032,2026-04-16,1,53.09,Email
O011218,C0126,P0030,2026-04-16,3,91.5,Paid
O011219,C0092,P0031,2026-04-16,1,33.97,Organic
O011220,C0373,P0029,2026-04-16,2,39.54,Referral
O011221,C0032,P0028,2026-04-16,2,38.88,Organic
O011222,C0431,P0026,2026-04-16,3,142.05,Email
O011223,C0513,P0036,2026-04-16,2,116.48,Email
O011224,C0175,P0035,2026-04-16,1,118.21,Paid
O011225,C0744,P0003,2026-04-16,1,283.98,Organic
O011226,C0149,P0006,2026-04-16,2,278.86,Paid
O011227,C0181,P0010,2026-04-16,1,47.44,Paid
O011228,C0357,P0013,2026-04-16,3,218.67,Organic
O011229,C0584,P0012,2026-04-16,1,73.18,Paid
O011230,C0051,P0010,2026-04-16,1,47.44,Organic
O011231,C0300,P0013,2026-04-16,3,218.67,Paid
O011232,C0221,P0015,2026-04-16,2,155.26,Paid
O011233,C0434,P0015,2026-04-16,3,232.89,Organic
O011234,C0702,P0012,2026-04-16,3,219.54,Paid
O011235,C0091,P0023,2026-04-16,3,375.87,Paid
O011236,C0468,P0022,2026-04-16,2,174.92,Paid
O011237,C0437,P0019,2026-04-16,1,149.23,Paid
O011238,C0484,P0030,2026-04-16,3,91.5,Paid
O011239,C0512,P0032,2026-04-16,3,159.27,Organic
O011240,C0409,P0025,2026-04-16,2,59.52,Referral
O011241,C0707,P0026,2026-04-16,2,94.7,Paid
O011242,C0591,P0039,2026-04-16,1,40.82,Email
O011243,C0704,P0036,2026-04-16,2,116.48,Organic
O011244,C0536,P0040,2026-04-16,2,183.26,Organic
O011245,C0704,P0033,2026-04-16,1,82.44,Paid
O011246,C0491,P0037,2026-04-16,1,57.35,Paid
O011247,C0621,P0039,2026-04-16,3,122.46,Organic
O011248,C0649,P0008,2026-04-17,2,270.52,Paid
O011249,C0268,P0016,2026-04-17,1,30.98,Referral
O011250,C0703,P0013,2026-04-17,3,218.67,Organic
O011251,C0581,P0018,2026-04-17,2,188.5,Organic
O011252,C0686,P0022,2026-04-17,1,87.46,Paid
O011253,C0368,P0026,2026-04-17,1,47.35,Organic
O011254,C0263,P0028,2026-04-17,2,38.88,Organic
O011255,C0662,P0034,2026-04-17,1,87.49,Organic
O011256,C0225,P0040,2026-04-17,3,274.89,Organic
O011257,C0718,P0040,2026-04-17,2,183.26,Paid
O011258,C0273,P0037,2026-04-17,1,57.35,Organic
O011259,C0374,P0003,2026-04-17,1,283.98,Organic
O011260,C0752,P0006,2026-04-17,2,278.86,Organic
O011261,C0267,P0008,2026-04-17,1,135.26,Email
O011262,C0054,P0004,2026-04-17,2,666.42,Paid
O011263,C0054,P0003,2026-04-17,3,851.94,Email
O011264,C0635,P0006,2026-04-17,1,139.43,Organic
O011265,C0545,P0009,2026-04-17,1,47.25,Paid
O011266,C0589,P0015,2026-04-17,2,155.26,Organic
O011267,C0534,P0012,2026-04-17,2,146.36,Paid
O011268,C0333,P0015,2026-04-17,1,77.63,Organic
O011269,C0376,P0024,2026-04-17,1,31.58,Email
O011270,C0279,P0019,2026-04-17,1,149.23,Organic
O011271,C0162,P0031,2026-04-17,1,33.97,Paid
O011272,C0204,P0032,2026-04-17,2,106.18,Paid
O011273,C0017,P0026,2026-04-17,2,94.7,Paid
O011274,C0236,P0034,2026-04-17,2,174.98,Paid
O011275,C0641,P0033,2026-04-17,1,82.44,Organic
O011276,C0344,P0037,2026-04-17,1,57.35,Paid
O011277,C0134,P0035,2026-04-17,2,236.42,Paid
O011278,C0430,P0035,2026-04-17,1,118.21,Organic
O011279,C0528,P0035,2026-04-17,3,354.63,Email
O011280,C0159,P0036,2026-04-17,2,116.48,Organic
O011281,C0614,P0036,2026-04-17,3,174.72,Referral
O011282,C0217,P0002,2026-04-17,2,180.84,Organic
O011283,C0338,P0006,2026-04-17,1,139.43,Referral
O011284,C0009,P0009,2026-04-17,1,47.25,Organic
O011285,C0410,P0012,2026-04-17,1,73.18,Organic
O011286,C0416,P0012,2026-04-17,2,146.36,Paid
O011287,C0561,P0015,2026-04-17,1,77.63,Email
O011288,C0315,P0009,2026-04-17,3,141.75,Organic
O011289,C0080,P0013,2026-04-17,3,218.67,Paid
O011290,C0601,P0020,2026-04-17,3,75.06,Organic
O011291,C0253,P0025,2026-04-17,3,89.28,Organic
O011292,C0742,P0029,2026-04-17,3,59.31,Organic
O011293,C0246,P0028,2026-04-17,3,58.32,Paid
O011294,C0176,P0025,2026-04-17,2,59.52,Organic
O011295,C0247,P0039,2026-04-17,1,40.82,Email
O011296,C0566,P0004,2026-04-17,3,999.63,Paid
O011297,C0303,P0008,2026-04-17,2,270.52,Organic
O011298,C0203,P0001,2026-04-17,3,1106.34,Organic
O011299,C0437,P0006,2026-04-17,2,278.86,Referral
O011300,C0512,P0001,2026-04-17,2,737.56,Organic
O011301,C0798,P0007,2026-04-17,3,1161.69,Organic
O011302,C0798,P0010,2026-04-17,2,94.88,Organic
O011303,C0307,P0016,2026-04-17,2,61.96,Email
O011304,C0562,P0019,2026-04-17,1,149.23,Paid
O011305,C0758,P0019,2026-04-17,3,447.69,Referral
O011306,C0582,P0021,2026-04-17,2,94.08,Organic
O011307,C0800,P0019,2026-04-17,2,298.46,Paid
O011308,C0483,P0021,2026-04-17,3,141.12,Organic
O011309,C0550,P0022,2026-04-17,2,174.92,Email
O011310,C0736,P0017,2026-04-17,1,20.56,Organic
O011311,C0027,P0025,2026-04-17,3,89.28,Paid
O011312,C0585,P0036,2026-04-17,1,58.24,Organic
O011313,C0140,P0034,2026-04-17,2,174.98,Paid
O011314,C0209,P0005,2026-04-18,1,124.69,Organic
O011315,C0195,P0013,2026-04-18,1,72.89,Email
O011316,C0062,P0014,2026-04-18,3,130.11,Paid
O011317,C0377,P0015,2026-04-18,2,155.26,Referral
O011318,C0626,P0014,2026-04-18,1,43.37,Organic
O011319,C0364,P0013,2026-04-18,2,145.78,Organic
O011320,C0347,P0023,2026-04-18,2,250.58,Paid
O011321,C0737,P0019,2026-04-18,2,298.46,Paid
O011322,C0426,P0019,2026-04-18,3,447.69,Organic
O011323,C0651,P0027,2026-04-18,3,85.74,Organic
O011324,C0382,P0039,2026-04-18,1,40.82,Organic
O011325,C0620,P0040,2026-04-18,1,91.63,Organic
O011326,C0524,P0040,2026-04-18,2,183.26,Organic
O011327,C0114,P0034,2026-04-18,2,174.98,Organic
O011328,C0257,P0035,2026-04-18,1,118.21,Paid
O011329,C0537,P0004,2026-04-18,1,333.21,Referral
O011330,C0644,P0003,2026-04-18,2,567.96,Paid
O011331,C0193,P0007,2026-04-18,3,1161.69,Organic
O011332,C0159,P0001,2026-04-18,1,368.78,Organic
O011333,C0048,P0003,2026-04-18,1,283.98,Email
O011334,C0287,P0006,2026-04-18,1,139.43,Organic
O011335,C0241,P0005,2026-04-18,1,124.69,Referral
O011336,C0353,P0004,2026-04-18,1,333.21,Email
O011337,C0057,P0004,2026-04-18,1,333.21,Paid
O011338,C0527,P0011,2026-04-18,2,67.96,Organic
O011339,C0156,P0015,2026-04-18,2,155.26,Paid
O011340,C0344,P0010,2026-04-18,1,47.44,Organic
O011341,C0160,P0022,2026-04-18,2,174.92,Paid
O011342,C0632,P0021,2026-04-18,2,94.08,Paid
O011343,C0537,P0023,2026-04-18,3,375.87,Organic
O011344,C0125,P0017,2026-04-18,1,20.56,Paid
O011345,C0239,P0029,2026-04-18,1,19.77,Referral
O011346,C0480,P0027,2026-04-18,3,85.74,Organic
O011347,C0622,P0039,2026-04-18,3,122.46,Paid
O011348,C0267,P0040,2026-04-18,2,183.26,Paid
O011349,C0370,P0036,2026-04-18,1,58.24,Paid
O011350,C0519,P0035,2026-04-18,3,354.63,Paid
O011351,C0680,P0004,2026-04-18,1,333.21,Organic
O011352,C0610,P0012,2026-04-18,2,146.36,Organic
O011353,C0496,P0012,2026-04-18,3,219.54,Organic
O011354,C0780,P0009,2026-04-18,3,141.75,Organic
O011355,C0738,P0009,2026-04-18,2,94.5,Organic
O011356,C0251,P0012,2026-04-18,1,73.18,Paid
O011357,C0735,P0024,2026-04-18,3,94.74,Organic
O011358,C0325,P0017,2026-04-18,2,41.12,Organic
O011359,C0793,P0039,2026-04-18,2,81.64,Organic
O011360,C0582,P0008,2026-04-18,2,270.52,Referral
O011361,C0339,P0002,2026-04-18,1,90.42,Organic
O011362,C0221,P0014,2026-04-18,3,130.11,Paid
O011363,C0261,P0011,2026-04-18,3,101.94,Organic
O011364,C0702,P0014,2026-04-18,3,130.11,Paid
O011365,C0148,P0009,2026-04-18,1,47.25,Referral
O011366,C0329,P0021,2026-04-18,1,47.04,Organic
O011367,C0311,P0023,2026-04-18,1,125.29,Organic
O011368,C0550,P0024,2026-04-18,3,94.74,Email
O011369,C0597,P0030,2026-04-18,3,91.5,Paid
O011370,C0316,P0038,2026-04-18,1,111.95,Organic
O011371,C0643,P0037,2026-04-18,2,114.7,Email
O011372,C0783,P0035,2026-04-18,2,236.42,Organic
O011373,C0364,P0006,2026-04-19,2,278.86,Organic
O011374,C0380,P0016,2026-04-19,1,30.98,Organic
O011375,C0081,P0010,2026-04-19,3,142.32,Organic
O011376,C0262,P0016,2026-04-19,2,61.96,Organic
O011377,C0433,P0010,2026-04-19,2,94.88,Paid
O011378,C0620,P0009,2026-04-19,2,94.5,Paid
O011379,C0209,P0019,2026-04-19,2,298.46,Organic
O011380,C0107,P0018,2026-04-19,2,188.5,Organic
O011381,C0256,P0029,2026-04-19,1,19.77,Paid
O011382,C0263,P0027,2026-04-19,1,28.58,Paid
O011383,C0746,P0032,2026-04-19,3,159.27,Organic
O011384,C0425,P0032,2026-04-19,1,53.09,Organic
O011385,C0120,P0031,2026-04-19,2,67.94,Organic
O011386,C0209,P0027,2026-04-19,3,85.74,Organic
O011387,C0157,P0031,2026-04-19,1,33.97,Paid
O011388,C0171,P0040,2026-04-19,2,183.26,Email
O011389,C0205,P0038,2026-04-19,2,223.9,Organic
O011390,C0776,P0040,2026-04-19,3,274.89,Email
O011391,C0784,P0040,2026-04-19,3,274.89,Organic
O011392,C0746,P0034,2026-04-19,2,174.98,Organic
O011393,C0052,P0004,2026-04-19,3,999.63,Email
O011394,C0190,P0005,2026-04-19,1,124.69,Organic
O011395,C0162,P0014,2026-04-19,1,43.37,Email
O011396,C0287,P0014,2026-04-19,1,43.37,Organic
O011397,C0420,P0012,2026-04-19,2,146.36,Organic
O011398,C0006,P0015,2026-04-19,2,155.26,Paid
O011399,C0353,P0017,2026-04-19,3,61.68,Paid
O011400,C0249,P0032,2026-04-19,3,159.27,Paid
O011401,C0545,P0034,2026-04-19,2,174.98,Organic
O011402,C0740,P0038,2026-04-19,1,111.95,Organic
O011403,C0159,P0035,2026-04-19,3,354.63,Organic
O011404,C0520,P0034,2026-04-19,3,262.47,Organic
O011405,C0561,P0003,2026-04-19,1,283.98,Paid
O011406,C0177,P0008,2026-04-19,2,270.52,Organic
O011407,C0654,P0008,2026-04-19,3,405.78,Organic
O011408,C0251,P0005,2026-04-19,3,374.07,Organic
O011409,C0711,P0011,2026-04-19,2,67.96,Email
O011410,C0689,P0011,2026-04-19,2,67.96,Organic
O011411,C0175,P0013,2026-04-19,1,72.89,Paid
O011412,C0610,P0011,2026-04-19,1,33.98,Paid
O011413,C0327,P0030,2026-04-19,3,91.5,Email
O011414,C0080,P0025,2026-04-19,3,89.28,Organic
O011415,C0654,P0027,2026-04-19,2,57.16,Organic
O011416,C0321,P0032,2026-04-19,1,53.09,Referral
O011417,C0436,P0032,2026-04-19,2,106.18,Organic
O011418,C0647,P0031,2026-04-19,2,67.94,Organic
O011419,C0492,P0039,2026-04-19,3,122.46,Organic
O011420,C0696,P0004,2026-04-19,1,333.21,Organic
O011421,C0504,P0001,2026-04-19,3,1106.34,Referral
O011422,C0059,P0004,2026-04-19,3,999.63,Referral
O011423,C0248,P0016,2026-04-19,3,92.94,Organic
O011424,C0707,P0024,2026-04-19,3,94.74,Paid
O011425,C0707,P0017,2026-04-19,1,20.56,Organic
O011426,C0264,P0021,2026-04-19,2,94.08,Paid
O011427,C0224,P0024,2026-04-19,1,31.58,Email
O011428,C0597,P0021,2026-04-19,1,47.04,Paid
O011429,C0221,P0023,2026-04-19,1,125.29,Organic
O011430,C0329,P0017,2026-04-19,3,61.68,Email
O011431,C0716,P0018,2026-04-19,1,94.25,Email
O011432,C0456,P0033,2026-04-19,2,164.88,Email
O011433,C0090,P0037,2026-04-19,3,172.05,Paid
O011434,C0334,P0034,2026-04-19,1,87.49,Organic
O011435,C0484,P0037,2026-04-19,3,172.05,Organic
O011436,C0310,P0005,2026-04-20,3,374.07,Email
O011437,C0136,P0003,2026-04-20,2,567.96,Referral
O011438,C0784,P0001,2026-04-20,1,368.78,Organic
O011439,C0722,P0011,2026-04-20,2,67.96,Paid
O011440,C0613,P0021,2026-04-20,3,141.12,Email
O011441,C0207,P0020,2026-04-20,1,25.02,Organic
O011442,C0050,P0020,2026-04-20,2,50.04,Organic
O011443,C0428,P0018,2026-04-20,1,94.25,Organic
O011444,C0567,P0017,2026-04-20,2,41.12,Paid
O011445,C0362,P0021,2026-04-20,2,94.08,Organic
O011446,C0062,P0031,2026-04-20,3,101.91,Organic
O011447,C0235,P0026,2026-04-20,1,47.35,Organic
O011448,C0464,P0028,2026-04-20,3,58.32,Email
O011449,C0799,P0025,2026-04-20,3,89.28,Email
O011450,C0433,P0025,2026-04-20,3,89.28,Paid
O011451,C0617,P0034,2026-04-20,1,87.49,Email
O011452,C0341,P0038,2026-04-20,2,223.9,Organic
O011453,C0785,P0003,2026-04-20,2,567.96,Referral
O011454,C0420,P0002,2026-04-20,1,90.42,Organic
O011455,C0449,P0002,2026-04-20,1,90.42,Organic
O011456,C0241,P0011,2026-04-20,2,67.96,Referral
O011457,C0644,P0016,2026-04-20,1,30.98,Organic
O011458,C0637,P0021,2026-04-20,3,141.12,Paid
O011459,C0279,P0022,2026-04-20,1,87.46,Organic
O011460,C0609,P0028,2026-04-20,1,19.44,Paid
O011461,C0417,P0034,2026-04-20,3,262.47,Organic
O011462,C0245,P0008,2026-04-20,2,270.52,Organic
O011463,C0548,P0002,2026-04-20,2,180.84,Referral
O011464,C0321,P0010,2026-04-20,3,142.32,Paid
O011465,C0240,P0013,2026-04-20,3,218.67,Paid
O011466,C0269,P0024,2026-04-20,3,94.74,Paid
O011467,C0177,P0019,2026-04-20,1,149.23,Organic
O011468,C0633,P0017,2026-04-20,1,20.56,Organic
O011469,C0112,P0022,2026-04-20,3,262.38,Organic
O011470,C0505,P0018,2026-04-20,1,94.25,Organic
O011471,C0373,P0027,2026-04-20,3,85.74,Paid
O011472,C0742,P0025,2026-04-20,3,89.28,Paid
O011473,C0194,P0032,2026-04-20,3,159.27,Referral
O011474,C0007,P0025,2026-04-20,2,59.52,Organic
O011475,C0557,P0038,2026-04-20,3,335.85,Organic
O011476,C0031,P0039,2026-04-20,2,81.64,Organic
O011477,C0266,P0036,2026-04-20,3,174.72,Organic
O011478,C0400,P0038,2026-04-20,3,335.85,Organic
O011479,C0240,P0033,2026-04-20,3,247.32,Organic
O011480,C0561,P0040,2026-04-20,3,274.89,Email
O011481,C0093,P0007,2026-04-20,2,774.46,Referral
O011482,C0307,P0002,2026-04-20,3,271.26,Organic
O011483,C0475,P0008,2026-04-20,1,135.26,Paid
O011484,C0779,P0005,2026-04-20,3,374.07,Email
O011485,C0307,P0004,2026-04-20,2,666.42,Organic
O011486,C0164,P0010,2026-04-20,2,94.88,Paid
O011487,C0500,P0009,2026-04-20,1,47.25,Email
O011488,C0468,P0019,2026-04-20,1,149.23,Email
O011489,C0149,P0018,2026-04-20,3,282.75,Paid
O011490,C0409,P0023,2026-04-20,3,375.87,Organic
O011491,C0300,P0029,2026-04-20,2,39.54,Paid
O011492,C0640,P0027,2026-04-20,3,85.74,Paid
O011493,C0419,P0025,2026-04-20,3,89.28,Referral
O011494,C0147,P0027,2026-04-20,1,28.58,Paid
O011495,C0372,P0040,2026-04-20,2,183.26,Email
O011496,C0606,P0038,2026-04-20,1,111.95,Organic
O011497,C0290,P0034,2026-04-20,3,262.47,Paid
O011498,C0428,P0004,2026-04-21,3,999.63,Paid
O011499,C0256,P0013,2026-04-21,3,218.67,Organic
O011500,C0050,P0015,2026-04-21,3,232.89,Organic
O011501,C0317,P0010,2026-04-21,1,47.44,Email
O011502,C0062,P0014,2026-04-21,3,130.11,Paid
O011503,C0671,P0011,2026-04-21,2,67.96,Organic
O011504,C0603,P0018,2026-04-21,2,188.5,Referral
O011505,C0171,P0020,2026-04-21,2,50.04,Organic
O011506,C0616,P0017,2026-04-21,2,41.12,Organic
O011507,C0599,P0027,2026-04-21,2,57.16,Paid
O011508,C0104,P0030,2026-04-21,2,61.0,Organic
O011509,C0721,P0032,2026-04-21,2,106.18,Email
O011510,C0722,P0036,2026-04-21,1,58.24,Organic
O011511,C0623,P0001,2026-04-21,1,368.78,Paid
O011512,C0047,P0004,2026-04-21,2,666.42,Organic
O011513,C0201,P0007,2026-04-21,2,774.46,Organic
O011514,C0466,P0016,2026-04-21,2,61.96,Organic
O011515,C0713,P0009,2026-04-21,3,141.75,Email
O011516,C0589,P0009,2026-04-21,2,94.5,Email
O011517,C0308,P0022,2026-04-21,3,262.38,Organic
O011518,C0486,P0023,2026-04-21,2,250.58,Organic
O011519,C0185,P0022,2026-04-21,1,87.46,Organic
O011520,C0297,P0020,2026-04-21,3,75.06,Referral
O011521,C0508,P0017,2026-04-21,2,41.12,Organic
O011522,C0646,P0024,2026-04-21,1,31.58,Paid
O011523,C0274,P0019,2026-04-21,2,298.46,Organic
O011524,C0073,P0029,2026-04-21,1,19.77,Organic
O011525,C0507,P0029,2026-04-21,3,59.31,Paid
O011526,C0571,P0029,2026-04-21,2,39.54,Email
O011527,C0449,P0039,2026-04-21,1,40.82,Organic
O011528,C0532,P0033,2026-04-21,1,82.44,Paid
O011529,C0112,P0006,2026-04-21,1,139.43,Paid
O011530,C0299,P0002,2026-04-21,2,180.84,Organic
O011531,C0757,P0007,2026-04-21,1,387.23,Paid
O011532,C0028,P0013,2026-04-21,1,72.89,Organic
O011533,C0102,P0009,2026-04-21,3,141.75,Organic
O011534,C0506,P0010,2026-04-21,1,47.44,Organic
O011535,C0083,P0010,2026-04-21,1,47.44,Paid
O011536,C0092,P0013,2026-04-21,3,218.67,Paid
O011537,C0682,P0020,2026-04-21,2,50.04,Paid
O011538,C0305,P0021,2026-04-21,3,141.12,Organic
O011539,C0234,P0025,2026-04-21,3,89.28,Organic
O011540,C0601,P0032,2026-04-21,2,106.18,Organic
O011541,C0176,P0031,2026-04-21,1,33.97,Organic
O011542,C0175,P0034,2026-04-21,3,262.47,Paid
O011543,C0305,P0040,2026-04-21,2,183.26,Organic
O011544,C0181,P0011,2026-04-21,1,33.98,Paid
O011545,C0483,P0016,2026-04-21,1,30.98,Organic
O011546,C0753,P0026,2026-04-21,3,142.05,Referral
O011547,C0707,P0026,2026-04-21,3,142.05,Organic
O011548,C0698,P0039,2026-04-21,3,122.46,Organic
O011549,C0774,P0006,2026-04-22,1,139.43,Organic
O011550,C0038,P0005,2026-04-22,2,249.38,Paid
O011551,C0613,P0002,2026-04-22,3,271.26,Organic
O011552,C0380,P0006,2026-04-22,3,418.29,Paid
O011553,C0613,P0009,2026-04-22,2,94.5,Email
O011554,C0128,P0014,2026-04-22,2,86.74,Organic
O011555,C0341,P0011,2026-04-22,2,67.96,Paid
O011556,C0228,P0024,2026-04-22,3,94.74,Paid
O011557,C0043,P0022,2026-04-22,3,262.38,Referral
O011558,C0570,P0029,2026-04-22,3,59.31,Organic
O011559,C0719,P0037,2026-04-22,3,172.05,Paid
O011560,C0024,P0003,2026-04-22,2,567.96,Organic
O011561,C0071,P0008,2026-04-22,2,270.52,Paid
O011562,C0258,P0001,2026-04-22,3,1106.34,Organic
O011563,C0441,P0004,2026-04-22,3,999.63,Organic
O011564,C0287,P0002,2026-04-22,1,90.42,Paid
O011565,C0018,P0019,2026-04-22,1,149.23,Referral
O011566,C0683,P0024,2026-04-22,1,31.58,Organic
O011567,C0397,P0018,2026-04-22,3,282.75,Organic
O011568,C0786,P0033,2026-04-22,1,82.44,Paid
O011569,C0331,P0035,2026-04-22,2,236.42,Organic
O011570,C0449,P0037,2026-04-22,3,172.05,Paid
O011571,C0249,P0039,2026-04-22,1,40.82,Paid
O011572,C0660,P0003,2026-04-22,2,567.96,Email
O011573,C0700,P0008,2026-04-22,3,405.78,Organic
O011574,C0251,P0008,2026-04-22,3,405.78,Organic
O011575,C0246,P0004,2026-04-22,1,333.21,Organic
O011576,C0610,P0002,2026-04-22,3,271.26,Organic
O011577,C0725,P0013,2026-04-22,2,145.78,Paid
O011578,C0742,P0011,2026-04-22,3,101.94,Email
O011579,C0548,P0037,2026-04-22,1,57.35,Organic
O011580,C0704,P0004,2026-04-22,2,666.42,Organic
O011581,C0695,P0004,2026-04-22,1,333.21,Referral
O011582,C0311,P0008,2026-04-22,1,135.26,Organic
O011583,C0053,P0001,2026-04-22,1,368.78,Referral
O011584,C0264,P0012,2026-04-22,2,146.36,Organic
O011585,C0265,P0009,2026-04-22,3,141.75,Organic
O011586,C0744,P0023,2026-04-22,1,125.29,Paid
O011587,C0584,P0026,2026-04-22,3,142.05,Paid
O011588,C0150,P0029,2026-04-22,3,59.31,Paid
O011589,C0591,P0031,2026-04-22,2,67.94,Email
O011590,C0070,P0036,2026-04-22,3,174.72,Organic
O011591,C0407,P0036,2026-04-22,2,116.48,Email
O011592,C0117,P0040,2026-04-22,3,274.89,Paid
O011593,C0012,P0034,2026-04-22,3,262.47,Organic
O011594,C0296,P0036,2026-04-22,3,174.72,Organic
O011595,C0292,P0008,2026-04-23,3,405.78,Referral
O011596,C0292,P0010,2026-04-23,3,142.32,Organic
O011597,C0038,P0012,2026-04-23,3,219.54,Organic
O011598,C0459,P0020,2026-04-23,2,50.04,Email
O011599,C0114,P0017,2026-04-23,3,61.68,Paid
O011600,C0332,P0018,2026-04-23,1,94.25,Organic
O011601,C0038,P0021,2026-04-23,2,94.08,Paid
O011602,C0351,P0027,2026-04-23,3,85.74,Paid
O011603,C0020,P0026,2026-04-23,3,142.05,Organic
O011604,C0065,P0028,2026-04-23,2,38.88,Email
O011605,C0130,P0034,2026-04-23,3,262.47,Paid
O011606,C0502,P0040,2026-04-23,1,91.63,Organic
O011607,C0482,P0034,2026-04-23,1,87.49,Email
O011608,C0159,P0002,2026-04-23,1,90.42,Referral
O011609,C0180,P0004,2026-04-23,3,999.63,Email
O011610,C0297,P0008,2026-04-23,1,135.26,Paid
O011611,C0201,P0015,2026-04-23,2,155.26,Paid
O011612,C0287,P0010,2026-04-23,2,94.88,Organic
O011613,C0079,P0010,2026-04-23,3,142.32,Email
O011614,C0795,P0021,2026-04-23,2,94.08,Paid
O011615,C0446,P0022,2026-04-23,1,87.46,Organic
O011616,C0520,P0025,2026-04-23,1,29.76,Organic
O011617,C0444,P0025,2026-04-23,1,29.76,Paid
O011618,C0127,P0037,2026-04-23,2,114.7,Paid
O011619,C0677,P0037,2026-04-23,2,114.7,Organic
O011620,C0099,P0001,2026-04-23,1,368.78,Organic
O011621,C0400,P0002,2026-04-23,2,180.84,Organic
O011622,C0165,P0002,2026-04-23,2,180.84,Paid
O011623,C0197,P0006,2026-04-23,2,278.86,Organic
O011624,C0711,P0003,2026-04-23,1,283.98,Organic
O011625,C0123,P0011,2026-04-23,2,67.96,Paid
O011626,C0166,P0011,2026-04-23,1,33.98,Referral
O011627,C0557,P0015,2026-04-23,2,155.26,Email
O011628,C0700,P0021,2026-04-23,2,94.08,Email
O011629,C0400,P0019,2026-04-23,1,149.23,Paid
O011630,C0220,P0027,2026-04-23,1,28.58,Organic
O011631,C0465,P0039,2026-04-23,3,122.46,Paid
O011632,C0483,P0013,2026-04-23,2,145.78,Organic
O011633,C0736,P0011,2026-04-23,3,101.94,Paid
O011634,C0643,P0014,2026-04-23,2,86.74,Referral
O011635,C0707,P0009,2026-04-23,1,47.25,Paid
O011636,C0504,P0022,2026-04-23,1,87.46,Referral
O011637,C0469,P0025,2026-04-23,1,29.76,Organic
O011638,C0232,P0030,2026-04-23,2,61.0,Organic
O011639,C0702,P0034,2026-04-23,3,262.47,Email
O011640,C0320,P0039,2026-04-23,2,81.64,Organic
O011641,C0314,P0039,2026-04-23,2,81.64,Organic
O011642,C0459,P0003,2026-04-24,1,283.98,Organic
O011643,C0003,P0009,2026-04-24,1,47.25,Organic
O011644,C0620,P0009,2026-04-24,3,141.75,Referral
O011645,C0616,P0012,2026-04-24,2,146.36,Email
O011646,C0686,P0017,2026-04-24,1,20.56,Paid
O011647,C0399,P0018,2026-04-24,2,188.5,Paid
O011648,C0030,P0022,2026-04-24,1,87.46,Email
O011649,C0273,P0027,2026-04-24,2,57.16,Email
O011650,C0341,P0029,2026-04-24,1,19.77,Paid
O011651,C0472,P0031,2026-04-24,1,33.97,Email
O011652,C0228,P0027,2026-04-24,1,28.58,Organic
O011653,C0567,P0039,2026-04-24,3,122.46,Paid
O011654,C0144,P0040,2026-04-24,1,91.63,Organic
O011655,C0580,P0005,2026-04-24,2,249.38,Organic
O011656,C0160,P0002,2026-04-24,1,90.42,Email
O011657,C0017,P0011,2026-04-24,2,67.96,Organic
O011658,C0417,P0020,2026-04-24,3,75.06,Email
O011659,C0259,P0024,2026-04-24,1,31.58,Email
O011660,C0254,P0019,2026-04-24,1,149.23,Paid
O011661,C0775,P0026,2026-04-24,1,47.35,Organic
O011662,C0158,P0027,2026-04-24,2,57.16,Email
O011663,C0775,P0030,2026-04-24,3,91.5,Organic
O011664,C0095,P0007,2026-04-24,3,1161.69,Organic
O011665,C0330,P0007,2026-04-24,3,1161.69,Organic
O011666,C0509,P0003,2026-04-24,2,567.96,Organic
O011667,C0115,P0012,2026-04-24,1,73.18,Paid
O011668,C0509,P0009,2026-04-24,3,141.75,Organic
O011669,C0191,P0015,2026-04-24,3,232.89,Referral
O011670,C0381,P0022,2026-04-24,1,87.46,Organic
O011671,C0418,P0019,2026-04-24,2,298.46,Paid
O011672,C0009,P0022,2026-04-24,3,262.38,Paid
O011673,C0474,P0022,2026-04-24,1,87.46,Organic
O011674,C0068,P0035,2026-04-24,2,236.42,Referral
O011675,C0630,P0033,2026-04-24,3,247.32,Paid
O011676,C0126,P0037,2026-04-24,2,114.7,Referral
O011677,C0500,P0005,2026-04-24,2,249.38,Paid
O011678,C0731,P0002,2026-04-24,2,180.84,Organic
O011679,C0339,P0006,2026-04-24,2,278.86,Organic
O011680,C0585,P0006,2026-04-24,2,278.86,Organic
O011681,C0096,P0007,2026-04-24,1,387.23,Organic
O011682,C0284,P0002,2026-04-24,1,90.42,Organic
O011683,C0146,P0007,2026-04-24,3,1161.69,Paid
O011684,C0314,P0006,2026-04-24,2,278.86,Email
O011685,C0053,P0012,2026-04-24,1,73.18,Organic
O011686,C0059,P0016,2026-04-24,2,61.96,Paid
O011687,C0800,P0014,2026-04-24,2,86.74,Organic
O011688,C0129,P0009,2026-04-24,2,94.5,Email
O011689,C0186,P0020,2026-04-24,3,75.06,Organic
O011690,C0798,P0021,2026-04-24,1,47.04,Referral
O011691,C0173,P0029,2026-04-24,1,19.77,Organic
O011692,C0129,P0040,2026-04-24,3,274.89,Paid
O011693,C0562,P0037,2026-04-24,1,57.35,Paid
O011694,C0593,P0008,2026-04-25,3,405.78,Paid
O011695,C0639,P0009,2026-04-25,2,94.5,Paid
O011696,C0617,P0012,2026-04-25,3,219.54,Organic
O011697,C0581,P0013,2026-04-25,2,145.78,Referral
O011698,C0553,P0015,2026-04-25,1,77.63,Referral
O011699,C0403,P0016,2026-04-25,3,92.94,Email
O011700,C0205,P0020,2026-04-25,3,75.06,Organic
O011701,C0077,P0018,2026-04-25,1,94.25,Organic
O011702,C0638,P0037,2026-04-25,2,114.7,Paid
O011703,C0417,P0001,2026-04-25,3,1106.34,Paid
O011704,C0366,P0007,2026-04-25,2,774.46,Organic
O011705,C0734,P0001,2026-04-25,1,368.78,Email
O011706,C0370,P0011,2026-04-25,2,67.96,Organic
O011707,C0608,P0018,2026-04-25,3,282.75,Paid
O011708,C0545,P0017,2026-04-25,2,41.12,Paid
O011709,C0580,P0022,2026-04-25,3,262.38,Paid
O011710,C0392,P0032,2026-04-25,2,106.18,Organic
O011711,C0642,P0032,2026-04-25,1,53.09,Referral
O011712,C0675,P0039,2026-04-25,1,40.82,Referral
O011713,C0752,P0035,2026-04-25,3,354.63,Paid
O011714,C0772,P0036,2026-04-25,1,58.24,Paid
O011715,C0022,P0004,2026-04-25,3,999.63,Organic
O011716,C0389,P0006,2026-04-25,1,139.43,Organic
O011717,C0780,P0012,2026-04-25,2,146.36,Organic
O011718,C0540,P0015,2026-04-25,3,232.89,Organic
O011719,C0266,P0023,2026-04-25,3,375.87,Referral
O011720,C0143,P0024,2026-04-25,2,63.16,Paid
O011721,C0196,P0017,2026-04-25,2,41.12,Paid
O011722,C0733,P0024,2026-04-25,3,94.74,Paid
O011723,C0152,P0017,2026-04-25,3,61.68,Organic
O011724,C0233,P0032,2026-04-25,2,106.18,Paid
O011725,C0588,P0030,2026-04-25,2,61.0,Email
O011726,C0465,P0035,2026-04-25,1,118.21,Paid
O011727,C0090,P0001,2026-04-25,2,737.56,Paid
O011728,C0798,P0005,2026-04-25,2,249.38,Organic
O011729,C0307,P0010,2026-04-25,1,47.44,Organic
O011730,C0731,P0009,2026-04-25,1,47.25,Referral
O011731,C0302,P0019,2026-04-25,1,149.23,Paid
O011732,C0512,P0023,2026-04-25,2,250.58,Organic
O011733,C0415,P0017,2026-04-25,2,41.12,Organic
O011734,C0059,P0018,2026-04-25,2,188.5,Organic
O011735,C0013,P0018,2026-04-25,3,282.75,Paid
O011736,C0282,P0022,2026-04-25,3,262.38,Organic
O011737,C0146,P0019,2026-04-25,3,447.69,Referral
O011738,C0612,P0022,2026-04-25,3,262.38,Referral
O011739,C0484,P0032,2026-04-25,2,106.18,Organic
O011740,C0555,P0036,2026-04-25,2,116.48,Organic
O011741,C0302,P0034,2026-04-25,1,87.49,Organic
O011742,C0347,P0001,2026-04-26,2,737.56,Organic
O011743,C0273,P0001,2026-04-26,1,368.78,Paid
O011744,C0445,P0001,2026-04-26,1,368.78,Paid
O011745,C0262,P0003,2026-04-26,3,851.94,Organic
O011746,C0553,P0009,2026-04-26,2,94.5,Organic
O011747,C0595,P0018,2026-04-26,3,282.75,Organic
O011748,C0631,P0020,2026-04-26,2,50.04,Referral
O011749,C0723,P0018,2026-04-26,3,282.75,Paid
O011750,C0581,P0021,2026-04-26,1,47.04,Email
O011751,C0340,P0022,2026-04-26,3,262.38,Organic
O011752,C0592,P0029,2026-04-26,3,59.31,Paid
O011753,C0210,P0028,2026-04-26,1,19.44,Paid
O011754,C0003,P0040,2026-04-26,3,274.89,Organic
O011755,C0613,P0034,2026-04-26,1,87.49,Paid
O011756,C0035,P0034,2026-04-26,1,87.49,Organic
O011757,C0637,P0006,2026-04-26,3,418.29,Paid
O011758,C0254,P0006,2026-04-26,3,418.29,Paid
O011759,C0370,P0003,2026-04-26,1,283.98,Paid
O011760,C0609,P0015,2026-04-26,2,155.26,Organic
O011761,C0132,P0012,2026-04-26,2,146.36,Organic
O011762,C0528,P0013,2026-04-26,2,145.78,Email
O011763,C0792,P0015,2026-04-26,2,155.26,Paid
O011764,C0480,P0012,2026-04-26,2,146.36,Organic
O011765,C0773,P0016,2026-04-26,3,92.94,Email
O011766,C0412,P0011,2026-04-26,1,33.98,Email
O011767,C0507,P0018,2026-04-26,1,94.25,Email
O011768,C0691,P0017,2026-04-26,2,41.12,Organic
O011769,C0048,P0031,2026-04-26,3,101.91,Organic
O011770,C0291,P0030,2026-04-26,1,30.5,Paid
O011771,C0494,P0032,2026-04-26,2,106.18,Organic
O011772,C0545,P0033,2026-04-26,2,164.88,Organic
O011773,C0353,P0037,2026-04-26,1,57.35,Referral
O011774,C0565,P0001,2026-04-26,1,368.78,Paid
O011775,C0401,P0002,2026-04-26,3,271.26,Organic
O011776,C0440,P0013,2026-04-26,2,145.78,Paid
O011777,C0323,P0015,2026-04-26,3,232.89,Organic
O011778,C0743,P0014,2026-04-26,2,86.74,Organic
O011779,C0283,P0011,2026-04-26,2,67.96,Email
O011780,C0700,P0022,2026-04-26,1,87.46,Email
O011781,C0338,P0023,2026-04-26,2,250.58,Email
O011782,C0401,P0036,2026-04-26,3,174.72,Organic
O011783,C0175,P0033,2026-04-26,3,247.32,Paid
O011784,C0557,P0036,2026-04-26,1,58.24,Paid
O011785,C0028,P0035,2026-04-26,2,236.42,Organic
O011786,C0474,P0035,2026-04-26,3,354.63,Referral
O011787,C0409,P0005,2026-04-26,3,374.07,Organic
O011788,C0478,P0003,2026-04-26,2,567.96,Paid
O011789,C0173,P0008,2026-04-26,3,405.78,Organic
O011790,C0726,P0010,2026-04-26,1,47.44,Organic
O011791,C0161,P0026,2026-04-26,1,47.35,Organic
O011792,C0736,P0033,2026-04-26,2,164.88,Organic
O011793,C0744,P0034,2026-04-26,2,174.98,Paid
O011794,C0230,P0034,2026-04-26,2,174.98,Organic
O011795,C0678,P0037,2026-04-26,3,172.05,Paid
O011796,C0442,P0038,2026-04-26,3,335.85,Paid
O011797,C0135,P0004,2026-04-27,1,333.21,Paid
O011798,C0765,P0007,2026-04-27,2,774.46,Organic
O011799,C0399,P0013,2026-04-27,3,218.67,Organic
O011800,C0721,P0010,2026-04-27,1,47.44,Organic
O011801,C0428,P0020,2026-04-27,2,50.04,Email
O011802,C0428,P0020,2026-04-27,3,75.06,Paid
O011803,C0045,P0021,2026-04-27,1,47.04,Organic
O011804,C0169,P0031,2026-04-27,3,101.91,Paid
O011805,C0195,P0028,2026-04-27,2,38.88,Email
O011806,C0122,P0025,2026-04-27,3,89.28,Paid
O011807,C0618,P0027,2026-04-27,3,85.74,Organic
O011808,C0425,P0030,2026-04-27,2,61.0,Referral
O011809,C0616,P0040,2026-04-27,1,91.63,Email
O011810,C0553,P0036,2026-04-27,2,116.48,Paid
O011811,C0219,P0040,2026-04-27,2,183.26,Paid
O011812,C0649,P0033,2026-04-27,1,82.44,Organic
O011813,C0701,P0002,2026-04-27,3,271.26,Email
O011814,C0204,P0001,2026-04-27,3,1106.34,Organic
O011815,C0162,P0003,2026-04-27,1,283.98,Referral
O011816,C0661,P0015,2026-04-27,2,155.26,Paid
O011817,C0467,P0016,2026-04-27,3,92.94,Email
O011818,C0193,P0011,2026-04-27,1,33.98,Paid
O011819,C0687,P0010,2026-04-27,2,94.88,Paid
O011820,C0712,P0021,2026-04-27,2,94.08,Organic
O011821,C0236,P0019,2026-04-27,1,149.23,Organic
O011822,C0609,P0020,2026-04-27,3,75.06,Referral
O011823,C0795,P0029,2026-04-27,1,19.77,Organic
O011824,C0134,P0029,2026-04-27,2,39.54,Paid
O011825,C0279,P0037,2026-04-27,3,172.05,Organic
O011826,C0740,P0034,2026-04-27,1,87.49,Organic
O011827,C0654,P0002,2026-04-27,1,90.42,Organic
O011828,C0418,P0006,2026-04-27,1,139.43,Organic
O011829,C0095,P0008,2026-04-27,3,405.78,Organic
O011830,C0031,P0016,2026-04-27,1,30.98,Referral
O011831,C0465,P0015,2026-04-27,3,232.89,Organic
O011832,C0283,P0024,2026-04-27,1,31.58,Organic
O011833,C0787,P0022,2026-04-27,2,174.92,Organic
O011834,C0143,P0022,2026-04-27,2,174.92,Email
O011835,C0588,P0029,2026-04-27,3,59.31,Paid
O011836,C0315,P0032,2026-04-27,2,106.18,Organic
O011837,C0283,P0029,2026-04-27,3,59.31,Organic
O011838,C0265,P0005,2026-04-27,2,249.38,Organic
O011839,C0407,P0007,2026-04-27,3,1161.69,Paid
O011840,C0783,P0014,2026-04-27,2,86.74,Paid
O011841,C0013,P0016,2026-04-27,3,92.94,Paid
O011842,C0415,P0009,2026-04-27,2,94.5,Organic
O011843,C0566,P0015,2026-04-27,1,77.63,Referral
O011844,C0730,P0010,2026-04-27,2,94.88,Paid
O011845,C0354,P0009,2026-04-27,2,94.5,Organic
O011846,C0432,P0023,2026-04-27,3,375.87,Paid
O011847,C0636,P0019,2026-04-27,2,298.46,Organic
O011848,C0720,P0027,2026-04-27,3,85.74,Paid
O011849,C0652,P0030,2026-04-27,2,61.0,Organic
O011850,C0695,P0039,2026-04-27,1,40.82,Organic
O011851,C0483,P0038,2026-04-27,2,223.9,Paid
O011852,C0558,P0035,2026-04-27,2,236.42,Organic
O011853,C0652,P0038,2026-04-27,2,223.9,Referral
O011854,C0003,P0003,2026-04-28,2,567.96,Paid
O011855,C0385,P0003,2026-04-28,1,283.98,Organic
O011856,C0722,P0013,2026-04-28,1,72.89,Referral
O011857,C0403,P0009,2026-04-28,2,94.5,Organic
O011858,C0298,P0024,2026-04-28,1,31.58,Paid
O011859,C0535,P0017,2026-04-28,1,20.56,Organic
O011860,C0137,P0022,2026-04-28,3,262.38,Email
O011861,C0619,P0030,2026-04-28,2,61.0,Referral
O011862,C0055,P0026,2026-04-28,1,47.35,Paid
O011863,C0447,P0031,2026-04-28,1,33.97,Email
O011864,C0398,P0031,2026-04-28,3,101.91,Paid
O011865,C0336,P0040,2026-04-28,2,183.26,Email
O011866,C0255,P0006,2026-04-28,3,418.29,Organic
O011867,C0244,P0005,2026-04-28,2,249.38,Paid
O011868,C0792,P0016,2026-04-28,3,92.94,Email
O011869,C0527,P0021,2026-04-28,3,141.12,Email
O011870,C0587,P0019,2026-04-28,3,447.69,Paid
O011871,C0089,P0031,2026-04-28,1,33.97,Paid
O011872,C0392,P0027,2026-04-28,1,28.58,Organic
O011873,C0180,P0031,2026-04-28,2,67.94,Organic
O011874,C0594,P0034,2026-04-28,2,174.98,Organic
O011875,C0738,P0008,2026-04-28,3,405.78,Email
O011876,C0112,P0006,2026-04-28,1,139.43,Organic
O011877,C0490,P0016,2026-04-28,2,61.96,Paid
O011878,C0176,P0022,2026-04-28,3,262.38,Paid
O011879,C0694,P0038,2026-04-28,1,111.95,Referral
O011880,C0555,P0001,2026-04-28,1,368.78,Email
O011881,C0591,P0013,2026-04-28,1,72.89,Paid
O011882,C0491,P0013,2026-04-28,1,72.89,Organic
O011883,C0615,P0016,2026-04-28,1,30.98,Paid
O011884,C0783,P0031,2026-04-28,1,33.97,Organic
O011885,C0296,P0028,2026-04-28,1,19.44,Organic
O011886,C0538,P0026,2026-04-28,3,142.05,Email
O011887,C0504,P0035,2026-04-28,1,118.21,Paid
O011888,C0202,P0033,2026-04-28,3,247.32,Paid
O011889,C0704,P0036,2026-04-28,1,58.24,Email
O011890,C0732,P0002,2026-04-29,1,90.42,Organic
O011891,C0603,P0003,2026-04-29,2,567.96,Organic
O011892,C0619,P0012,2026-04-29,1,73.18,Paid
O011893,C0281,P0016,2026-04-29,3,92.94,Email
O011894,C0188,P0012,2026-04-29,1,73.18,Organic
O011895,C0263,P0027,2026-04-29,1,28.58,Organic
O011896,C0784,P0030,2026-04-29,1,30.5,Paid
O011897,C0799,P0040,2026-04-29,1,91.63,Organic
O011898,C0487,P0037,2026-04-29,2,114.7,Paid
O011899,C0425,P0036,2026-04-29,2,116.48,Organic
O011900,C0205,P0033,2026-04-29,2,164.88,Paid
O011901,C0755,P0040,2026-04-29,3,274.89,Paid
O011902,C0467,P0006,2026-04-29,3,418.29,Paid
O011903,C0444,P0002,2026-04-29,1,90.42,Organic
O011904,C0180,P0004,2026-04-29,1,333.21,Paid
O011905,C0488,P0006,2026-04-29,1,139.43,Referral
O011906,C0467,P0003,2026-04-29,2,567.96,Organic
O011907,C0446,P0011,2026-04-29,1,33.98,Organic
O011908,C0508,P0010,2026-04-29,2,94.88,Email
O011909,C0580,P0018,2026-04-29,1,94.25,Organic
O011910,C0773,P0022,2026-04-29,1,87.46,Paid
O011911,C0048,P0028,2026-04-29,1,19.44,Organic
O011912,C0795,P0027,2026-04-29,2,57.16,Paid
O011913,C0125,P0040,2026-04-29,3,274.89,Organic
O011914,C0193,P0034,2026-04-29,1,87.49,Email
O011915,C0534,P0036,2026-04-29,3,174.72,Paid
O011916,C0086,P0034,2026-04-29,2,174.98,Email
O011917,C0589,P0036,2026-04-29,3,174.72,Email
O011918,C0417,P0037,2026-04-29,1,57.35,Organic
O011919,C0259,P0034,2026-04-29,2,174.98,Email
O011920,C0520,P0035,2026-04-29,1,118.21,Organic
O011921,C0449,P0038,2026-04-29,2,223.9,Organic
O011922,C0747,P0003,2026-04-29,1,283.98,Paid
O011923,C0191,P0011,2026-04-29,2,67.96,Paid
O011924,C0513,P0012,2026-04-29,3,219.54,Organic
O011925,C0680,P0009,2026-04-29,1,47.25,Organic
O011926,C0251,P0028,2026-04-29,2,38.88,Email
O011927,C0503,P0031,2026-04-29,1,33.97,Organic
O011928,C0175,P0026,2026-04-29,2,94.7,Email
O011929,C0222,P0040,2026-04-29,2,183.26,Referral
O011930,C0678,P0002,2026-04-29,1,90.42,Paid
O011931,C0673,P0009,2026-04-29,3,141.75,Paid
O011932,C0282,P0016,2026-04-29,3,92.94,Referral
O011933,C0304,P0015,2026-04-29,3,232.89,Paid
O011934,C0307,P0016,2026-04-29,2,61.96,Referral
O011935,C0668,P0019,2026-04-29,1,149.23,Organic
O011936,C0730,P0021,2026-04-29,1,47.04,Organic
O011937,C0415,P0029,2026-04-29,1,19.77,Organic
O011938,C0696,P0038,2026-04-29,3,335.85,Email
O011939,C0232,P0039,2026-04-29,2,81.64,Paid
O011940,C0377,P0004,2026-04-30,3,999.63,Email
O011941,C0207,P0006,2026-04-30,2,278.86,Paid
O011942,C0759,P0014,2026-04-30,2,86.74,Email
O011943,C0718,P0023,2026-04-30,1,125.29,Organic
O011944,C0447,P0020,2026-04-30,2,50.04,Paid
O011945,C0386,P0018,2026-04-30,3,282.75,Paid
O011946,C0611,P0032,2026-04-30,2,106.18,Paid
O011947,C0362,P0030,2026-04-30,2,61.0,Organic
O011948,C0703,P0040,2026-04-30,3,274.89,Organic
O011949,C0406,P0040,2026-04-30,3,274.89,Organic
O011950,C0045,P0037,2026-04-30,3,172.05,Paid
O011951,C0523,P0040,2026-04-30,1,91.63,Paid
O011952,C0560,P0001,2026-04-30,3,1106.34,Paid
O011953,C0057,P0008,2026-04-30,1,135.26,Email
O011954,C0366,P0013,2026-04-30,2,145.78,Referral
O011955,C0637,P0010,2026-04-30,2,94.88,Email
O011956,C0563,P0029,2026-04-30,3,59.31,Paid
O011957,C0494,P0039,2026-04-30,2,81.64,Referral
O011958,C0249,P0039,2026-04-30,1,40.82,Email
O011959,C0569,P0040,2026-04-30,3,274.89,Organic
O011960,C0575,P0038,2026-04-30,1,111.95,Organic
O011961,C0246,P0002,2026-04-30,2,180.84,Organic
O011962,C0711,P0010,2026-04-30,1,47.44,Organic
O011963,C0513,P0010,2026-04-30,1,47.44,Organic
O011964,C0667,P0021,2026-04-30,3,141.12,Organic
O011965,C0405,P0020,2026-04-30,2,50.04,Paid
O011966,C0080,P0019,2026-04-30,1,149.23,Email
O011967,C0574,P0030,2026-04-30,2,61.0,Email
O011968,C0231,P0036,2026-04-30,2,116.48,Email
O011969,C0166,P0033,2026-04-30,1,82.44,Referral
O011970,C0440,P0037,2026-04-30,1,57.35,Organic
O011971,C0070,P0003,2026-04-30,3,851.94,Organic
O011972,C0483,P0003,2026-04-30,2,567.96,Paid
O011973,C0312,P0005,2026-04-30,3,374.07,Organic
O011974,C0076,P0016,2026-04-30,3,92.94,Referral
O011975,C0504,P0010,2026-04-30,3,142.32,Paid
O011976,C0164,P0019,2026-04-30,2,298.46,Organic
O011977,C0316,P0020,2026-04-30,1,25.02,Referral
O011978,C0783,P0022,2026-04-30,1,87.46,Paid
O011979,C0001,P0033,2026-04-30,3,247.32,Organic
O011980,C0013,P0035,2026-04-30,2,236.42,Organic
O011981,C0225,P0005,2026-05-01,3,374.07,Organic
O011982,C0341,P0002,2026-05-01,3,271.26,Organic
O011983,C0377,P0001,2026-05-01,3,1106.34,Paid
O011984,C0043,P0007,2026-05-01,3,1161.69,Email
O011985,C0141,P0013,2026-05-01,3,218.67,Organic
O011986,C0262,P0012,2026-05-01,3,219.54,Email
O011987,C0368,P0013,2026-05-01,3,218.67,Organic
O011988,C0368,P0010,2026-05-01,3,142.32,Organic
O011989,C0026,P0009,2026-05-01,3,141.75,Paid
O011990,C0729,P0015,2026-05-01,3,232.89,Paid
O011991,C0116,P0024,2026-05-01,3,94.74,Email
O011992,C0210,P0021,2026-05-01,2,94.08,Referral
O011993,C0658,P0018,2026-05-01,2,188.5,Organic
O011994,C0055,P0026,2026-05-01,2,94.7,Organic
O011995,C0714,P0030,2026-05-01,3,91.5,Organic
O011996,C0576,P0031,2026-05-01,3,101.91,Paid
O011997,C0380,P0031,2026-05-01,2,67.94,Organic
O011998,C0157,P0029,2026-05-01,3,59.31,Organic
O011999,C0472,P0040,2026-05-01,3,274.89,Referral
O012000,C0549,P0040,2026-05-01,2,183.26,Organic
O012001,C0198,P0038,2026-05-01,1,111.95,Paid
O012002,C0547,P0007,2026-05-01,3,1161.69,Organic
O012003,C0287,P0004,2026-05-01,2,666.42,Organic
O012004,C0392,P0004,2026-05-01,2,666.42,Organic
O012005,C0439,P0010,2026-05-01,1,47.44,Paid
O012006,C0366,P0015,2026-05-01,2,155.26,Organic
O012007,C0446,P0018,2026-05-01,2,188.5,Paid
O012008,C0794,P0018,2026-05-01,3,282.75,Paid
O012009,C0158,P0020,2026-05-01,2,50.04,Paid
O012010,C0297,P0022,2026-05-01,3,262.38,Organic
O012011,C0331,P0017,2026-05-01,3,61.68,Organic
O012012,C0486,P0031,2026-05-01,1,33.97,Organic
O012013,C0255,P0030,2026-05-01,2,61.0,Organic
O012014,C0014,P0032,2026-05-01,1,53.09,Email
O012015,C0632,P0025,2026-05-01,3,89.28,Paid
O012016,C0155,P0040,2026-05-01,3,274.89,Paid
O012017,C0471,P0039,2026-05-01,1,40.82,Organic
O012018,C0519,P0040,2026-05-01,2,183.26,Referral
O012019,C0018,P0040,2026-05-01,2,183.26,Paid
O012020,C0728,P0039,2026-05-01,3,122.46,Organic
O012021,C0233,P0001,2026-05-01,3,1106.34,Paid
O012022,C0197,P0005,2026-05-01,3,374.07,Email
O012023,C0735,P0001,2026-05-01,3,1106.34,Organic
O012024,C0165,P0023,2026-05-01,2,250.58,Referral
O012025,C0213,P0022,2026-05-01,3,262.38,Referral
O012026,C0099,P0031,2026-05-01,1,33.97,Organic
O012027,C0221,P0001,2026-05-01,3,1106.34,Organic
O012028,C0715,P0002,2026-05-01,2,180.84,Organic
O012029,C0536,P0011,2026-05-01,1,33.98,Paid
O012030,C0716,P0012,2026-05-01,2,146.36,Email
O012031,C0272,P0009,2026-05-01,1,47.25,Organic
O012032,C0093,P0015,2026-05-01,2,155.26,Paid
O012033,C0498,P0009,2026-05-01,1,47.25,Email
O012034,C0311,P0024,2026-05-01,3,94.74,Organic
O012035,C0643,P0019,2026-05-01,2,298.46,Paid
O012036,C0468,P0018,2026-05-01,2,188.5,Paid
O012037,C0164,P0018,2026-05-01,1,94.25,Organic
O012038,C0117,P0019,2026-05-01,1,149.23,Organic
O012039,C0625,P0032,2026-05-01,3,159.27,Email
O012040,C0442,P0032,2026-05-01,3,159.27,Organic
O012041,C0027,P0025,2026-05-01,3,89.28,Paid
O012042,C0149,P0025,2026-05-01,3,89.28,Organic
O012043,C0707,P0033,2026-05-01,3,247.32,Paid
O012044,C0782,P0035,2026-05-01,3,354.63,Organic
O012045,C0797,P0033,2026-05-01,1,82.44,Email
O012046,C0084,P0037,2026-05-01,2,114.7,Organic
O012047,C0531,P0038,2026-05-01,2,223.9,Paid
O012048,C0072,P0038,2026-05-01,2,223.9,Paid
O012049,C0053,P0033,2026-05-01,1,82.44,Paid
O012050,C0226,P0011,2026-05-02,1,33.98,Organic
O012051,C0210,P0016,2026-05-02,3,92.94,Email
O012052,C0721,P0009,2026-05-02,1,47.25,Paid
O012053,C0131,P0014,2026-05-02,3,130.11,Paid
O012054,C0209,P0028,2026-05-02,2,38.88,Referral
O012055,C0294,P0028,2026-05-02,1,19.44,Organic
O012056,C0322,P0026,2026-05-02,3,142.05,Organic
O012057,C0235,P0034,2026-05-02,3,262.47,Organic
O012058,C0441,P0004,2026-05-02,1,333.21,Organic
O012059,C0008,P0006,2026-05-02,1,139.43,Organic
O012060,C0534,P0011,2026-05-02,3,101.94,Referral
O012061,C0287,P0022,2026-05-02,1,87.46,Organic
O012062,C0073,P0020,2026-05-02,3,75.06,Paid
O012063,C0392,P0028,2026-05-02,2,38.88,Organic
O012064,C0079,P0029,2026-05-02,1,19.77,Organic
O012065,C0017,P0037,2026-05-02,1,57.35,Organic
O012066,C0071,P0037,2026-05-02,2,114.7,Organic
O012067,C0451,P0035,2026-05-02,3,354.63,Paid
O012068,C0152,P0002,2026-05-02,2,180.84,Email
O012069,C0650,P0008,2026-05-02,3,405.78,Organic
O012070,C0283,P0015,2026-05-02,1,77.63,Organic
O012071,C0540,P0024,2026-05-02,1,31.58,Paid
O012072,C0496,P0026,2026-05-02,1,47.35,Organic
O012073,C0152,P0030,2026-05-02,2,61.0,Organic
O012074,C0123,P0028,2026-05-02,2,38.88,Paid
O012075,C0410,P0040,2026-05-02,1,91.63,Email
O012076,C0557,P0036,2026-05-02,2,116.48,Organic
O012077,C0112,P0037,2026-05-02,3,172.05,Organic
O012078,C0229,P0006,2026-05-02,3,418.29,Organic
O012079,C0782,P0007,2026-05-02,3,1161.69,Email
O012080,C0582,P0003,2026-05-02,2,567.96,Organic
O012081,C0172,P0009,2026-05-02,2,94.5,Email
O012082,C0673,P0014,2026-05-02,3,130.11,Paid
O012083,C0372,P0024,2026-05-02,3,94.74,Organic
O012084,C0705,P0018,2026-05-02,3,282.75,Paid
O012085,C0726,P0022,2026-05-02,3,262.38,Organic
O012086,C0514,P0019,2026-05-02,1,149.23,Organic
O012087,C0053,P0020,2026-05-02,2,50.04,Paid
O012088,C0151,P0021,2026-05-02,2,94.08,Organic
O012089,C0498,P0023,2026-05-02,3,375.87,Organic
O012090,C0572,P0030,2026-05-02,2,61.0,Email
O012091,C0289,P0035,2026-05-02,3,354.63,Organic
O012092,C0453,P0036,2026-05-02,1,58.24,Organic
O012093,C0727,P0039,2026-05-02,3,122.46,Organic
O012094,C0585,P0034,2026-05-02,1,87.49,Paid
O012095,C0117,P0040,2026-05-02,1,91.63,Email
O012096,C0722,P0004,2026-05-03,3,999.63,Referral
O012097,C0078,P0006,2026-05-03,1,139.43,Organic
O012098,C0030,P0006,2026-05-03,2,278.86,Referral
O012099,C0347,P0001,2026-05-03,1,368.78,Paid
O012100,C0477,P0013,2026-05-03,1,72.89,Paid
O012101,C0510,P0021,2026-05-03,1,47.04,Paid
O012102,C0273,P0028,2026-05-03,1,19.44,Paid
O012103,C0038,P0027,2026-05-03,2,57.16,Organic
O012104,C0576,P0027,2026-05-03,3,85.74,Email
O012105,C0452,P0034,2026-05-03,1,87.49,Organic
O012106,C0734,P0002,2026-05-03,1,90.42,Paid
O012107,C0645,P0003,2026-05-03,3,851.94,Organic
O012108,C0308,P0003,2026-05-03,2,567.96,Organic
O012109,C0094,P0011,2026-05-03,3,101.94,Paid
O012110,C0608,P0018,2026-05-03,3,282.75,Organic
O012111,C0520,P0026,2026-05-03,2,94.7,Organic
O012112,C0420,P0026,2026-05-03,1,47.35,Referral
O012113,C0665,P0029,2026-05-03,2,39.54,Email
O012114,C0134,P0032,2026-05-03,1,53.09,Paid
O012115,C0254,P0034,2026-05-03,1,87.49,Referral
O012116,C0366,P0040,2026-05-03,2,183.26,Email
O012117,C0152,P0002,2026-05-03,2,180.84,Organic
O012118,C0323,P0010,2026-05-03,3,142.32,Organic
O012119,C0299,P0012,2026-05-03,3,219.54,Paid
O012120,C0492,P0011,2026-05-03,3,101.94,Paid
O012121,C0485,P0016,2026-05-03,2,61.96,Organic
O012122,C0438,P0025,2026-05-03,2,59.52,Organic
O012123,C0414,P0031,2026-05-03,2,67.94,Organic
O012124,C0754,P0035,2026-05-03,1,118.21,Email
O012125,C0474,P0035,2026-05-03,3,354.63,Referral
O012126,C0112,P0034,2026-05-03,1,87.49,Email
O012127,C0726,P0007,2026-05-03,2,774.46,Organic
O012128,C0337,P0001,2026-05-03,1,368.78,Paid
O012129,C0395,P0002,2026-05-03,1,90.42,Organic
O012130,C0800,P0015,2026-05-03,3,232.89,Paid
O012131,C0625,P0018,2026-05-03,3,282.75,Paid
O012132,C0591,P0024,2026-05-03,2,63.16,Organic
O012133,C0261,P0030,2026-05-03,3,91.5,Email
O012134,C0027,P0025,2026-05-03,1,29.76,Organic
O012135,C0698,P0032,2026-05-03,2,106.18,Organic
O012136,C0224,P0025,2026-05-03,3,89.28,Organic
O012137,C0442,P0031,2026-05-03,3,101.91,Email
O012138,C0552,P0034,2026-05-03,1,87.49,Organic
O012139,C0782,P0038,2026-05-03,3,335.85,Referral
O012140,C0151,P0037,2026-05-03,3,172.05,Organic
O012141,C0715,P0039,2026-05-03,3,122.46,Referral
O012142,C0026,P0001,2026-05-04,3,1106.34,Organic
O012143,C0756,P0004,2026-05-04,3,999.63,Organic
O012144,C0722,P0008,2026-05-04,3,405.78,Paid
O012145,C0523,P0005,2026-05-04,2,249.38,Paid
O012146,C0603,P0012,2026-05-04,1,73.18,Referral
O012147,C0447,P0025,2026-05-04,1,29.76,Paid
O012148,C0109,P0035,2026-05-04,1,118.21,Organic
O012149,C0616,P0035,2026-05-04,1,118.21,Organic
O012150,C0420,P0003,2026-05-04,1,283.98,Referral
O012151,C0691,P0002,2026-05-04,1,90.42,Referral
O012152,C0713,P0015,2026-05-04,1,77.63,Organic
O012153,C0518,P0013,2026-05-04,2,145.78,Referral
O012154,C0301,P0017,2026-05-04,3,61.68,Paid
O012155,C0258,P0018,2026-05-04,2,188.5,Referral
O012156,C0656,P0031,2026-05-04,3,101.91,Organic
O012157,C0047,P0040,2026-05-04,1,91.63,Organic
O012158,C0637,P0036,2026-05-04,3,174.72,Paid
O012159,C0503,P0004,2026-05-04,2,666.42,Organic
O012160,C0694,P0001,2026-05-04,3,1106.34,Paid
O012161,C0360,P0005,2026-05-04,3,374.07,Paid
O012162,C0422,P0005,2026-05-04,2,249.38,Email
O012163,C0738,P0001,2026-05-04,3,1106.34,Organic
O012164,C0025,P0019,2026-05-04,3,447.69,Paid
O012165,C0166,P0022,2026-05-04,2,174.92,Paid
O012166,C0548,P0020,2026-05-04,1,25.02,Organic
O012167,C0711,P0036,2026-05-04,2,116.48,Organic
O012168,C0562,P0005,2026-05-04,1,124.69,Paid
O012169,C0498,P0001,2026-05-04,1,368.78,Paid
O012170,C0002,P0012,2026-05-04,2,146.36,Organic
O012171,C0468,P0016,2026-05-04,3,92.94,Paid
O012172,C0702,P0022,2026-05-04,2,174.92,Paid
O012173,C0789,P0017,2026-05-04,1,20.56,Organic
O012174,C0437,P0024,2026-05-04,2,63.16,Paid
O012175,C0566,P0029,2026-05-04,1,19.77,Paid
O012176,C0602,P0030,2026-05-04,2,61.0,Paid
O012177,C0010,P0039,2026-05-04,1,40.82,Organic
O012178,C0502,P0003,2026-05-05,1,283.98,Organic
O012179,C0100,P0006,2026-05-05,1,139.43,Organic
O012180,C0408,P0015,2026-05-05,3,232.89,Referral
O012181,C0433,P0011,2026-05-05,1,33.98,Referral
O012182,C0130,P0019,2026-05-05,3,447.69,Organic
O012183,C0463,P0022,2026-05-05,3,262.38,Email
O012184,C0576,P0017,2026-05-05,3,61.68,Paid
O012185,C0122,P0020,2026-05-05,1,25.02,Organic
O012186,C0371,P0030,2026-05-05,1,30.5,Email
O012187,C0426,P0031,2026-05-05,3,101.91,Paid
O012188,C0722,P0028,2026-05-05,2,38.88,Paid
O012189,C0425,P0030,2026-05-05,3,91.5,Paid
O012190,C0796,P0026,2026-05-05,3,142.05,Organic
O012191,C0399,P0029,2026-05-05,1,19.77,Email
O012192,C0590,P0035,2026-05-05,2,236.42,Organic
O012193,C0256,P0034,2026-05-05,2,174.98,Organic
O012194,C0737,P0037,2026-05-05,3,172.05,Email
O012195,C0685,P0038,2026-05-05,1,111.95,Organic
O012196,C0740,P0003,2026-05-05,3,851.94,Paid
O012197,C0397,P0005,2026-05-05,2,249.38,Organic
O012198,C0089,P0016,2026-05-05,2,61.96,Paid
O012199,C0331,P0013,2026-05-05,3,218.67,Paid
O012200,C0259,P0011,2026-05-05,1,33.98,Paid
O012201,C0645,P0010,2026-05-05,3,142.32,Email
O012202,C0052,P0021,2026-05-05,2,94.08,Organic
O012203,C0454,P0021,2026-05-05,1,47.04,Organic
O012204,C0466,P0017,2026-05-05,3,61.68,Paid
O012205,C0397,P0030,2026-05-05,3,91.5,Email
O012206,C0178,P0026,2026-05-05,3,142.05,Paid
O012207,C0665,P0028,2026-05-05,3,58.32,Referral
O012208,C0017,P0037,2026-05-05,3,172.05,Organic
O012209,C0489,P0040,2026-05-05,1,91.63,Organic
O012210,C0786,P0039,2026-05-05,3,122.46,Email
O012211,C0689,P0005,2026-05-05,1,124.69,Organic
O012212,C0610,P0014,2026-05-05,3,130.11,Paid
O012213,C0126,P0012,2026-05-05,3,219.54,Paid
O012214,C0359,P0014,2026-05-05,3,130.11,Organic
O012215,C0647,P0009,2026-05-05,1,47.25,Referral
O012216,C0416,P0024,2026-05-05,2,63.16,Organic
O012217,C0099,P0017,2026-05-05,3,61.68,Email
O012218,C0517,P0021,2026-05-05,3,141.12,Referral
O012219,C0197,P0025,2026-05-05,1,29.76,Organic
O012220,C0751,P0026,2026-05-05,3,142.05,Email
O012221,C0025,P0025,2026-05-05,3,89.28,Paid
O012222,C0522,P0033,2026-05-05,3,247.32,Paid
O012223,C0787,P0037,2026-05-05,3,172.05,Email
O012224,C0676,P0001,2026-05-05,3,1106.34,Email
O012225,C0303,P0005,2026-05-05,1,124.69,Paid
O012226,C0715,P0007,2026-05-05,2,774.46,Organic
O012227,C0498,P0006,2026-05-05,2,278.86,Paid
O012228,C0456,P0007,2026-05-05,3,1161.69,Organic
O012229,C0409,P0013,2026-05-05,1,72.89,Paid
O012230,C0552,P0010,2026-05-05,2,94.88,Paid
O012231,C0316,P0016,2026-05-05,1,30.98,Organic
O012232,C0584,P0014,2026-05-05,3,130.11,Organic
O012233,C0202,P0017,2026-05-05,3,61.68,Organic
O012234,C0248,P0017,2026-05-05,1,20.56,Email
O012235,C0558,P0024,2026-05-05,3,94.74,Paid
O012236,C0702,P0025,2026-05-05,1,29.76,Paid
O012237,C0023,P0039,2026-05-05,3,122.46,Email
O012238,C0169,P0002,2026-05-06,1,90.42,Paid
O012239,C0669,P0014,2026-05-06,3,130.11,Organic
O012240,C0445,P0021,2026-05-06,1,47.04,Paid
O012241,C0277,P0023,2026-05-06,1,125.29,Paid
O012242,C0066,P0031,2026-05-06,2,67.94,Organic
O012243,C0144,P0029,2026-05-06,3,59.31,Paid
O012244,C0210,P0026,2026-05-06,3,142.05,Organic
O012245,C0386,P0028,2026-05-06,2,38.88,Organic
O012246,C0527,P0005,2026-05-06,2,249.38,Paid
O012247,C0113,P0005,2026-05-06,2,249.38,Organic
O012248,C0193,P0005,2026-05-06,2,249.38,Organic
O012249,C0594,P0021,2026-05-06,2,94.08,Organic
O012250,C0014,P0018,2026-05-06,2,188.5,Paid
O012251,C0008,P0030,2026-05-06,1,30.5,Organic
O012252,C0006,P0034,2026-05-06,2,174.98,Organic
O012253,C0630,P0006,2026-05-06,1,139.43,Organic
O012254,C0751,P0002,2026-05-06,2,180.84,Email
O012255,C0660,P0005,2026-05-06,3,374.07,Paid
O012256,C0490,P0016,2026-05-06,3,92.94,Paid
O012257,C0217,P0024,2026-05-06,1,31.58,Organic
O012258,C0080,P0032,2026-05-06,1,53.09,Paid
O012259,C0246,P0040,2026-05-06,1,91.63,Paid
O012260,C0682,P0039,2026-05-06,1,40.82,Paid
O012261,C0031,P0033,2026-05-06,3,247.32,Paid
O012262,C0213,P0034,2026-05-06,1,87.49,Organic
O012263,C0591,P0013,2026-05-06,3,218.67,Paid
O012264,C0636,P0024,2026-05-06,2,63.16,Referral
O012265,C0745,P0020,2026-05-06,2,50.04,Paid
O012266,C0800,P0030,2026-05-06,3,91.5,Paid
O012267,C0229,P0029,2026-05-06,1,19.77,Organic
O012268,C0295,P0005,2026-05-07,2,249.38,Paid
O012269,C0077,P0002,2026-05-07,3,271.26,Email
O012270,C0399,P0005,2026-05-07,1,124.69,Paid
O012271,C0263,P0003,2026-05-07,2,567.96,Organic
O012272,C0649,P0005,2026-05-07,3,374.07,Email
O012273,C0273,P0001,2026-05-07,2,737.56,Organic
O012274,C0616,P0002,2026-05-07,1,90.42,Organic
O012275,C0774,P0003,2026-05-07,3,851.94,Organic
O012276,C0729,P0012,2026-05-07,2,146.36,Organic
O012277,C0399,P0015,2026-05-07,2,155.26,Paid
O012278,C0182,P0015,2026-05-07,3,232.89,Email
O012279,C0482,P0017,2026-05-07,1,20.56,Paid
O012280,C0721,P0031,2026-05-07,1,33.97,Referral
O012281,C0352,P0040,2026-05-07,1,91.63,Paid
O012282,C0443,P0033,2026-05-07,2,164.88,Paid
O012283,C0596,P0001,2026-05-07,2,737.56,Organic
O012284,C0132,P0013,2026-05-07,1,72.89,Paid
O012285,C0374,P0015,2026-05-07,1,77.63,Referral
O012286,C0580,P0011,2026-05-07,1,33.98,Email
O012287,C0785,P0023,2026-05-07,3,375.87,Paid
O012288,C0241,P0026,2026-05-07,2,94.7,Organic
O012289,C0236,P0025,2026-05-07,2,59.52,Organic
O012290,C0687,P0037,2026-05-07,2,114.7,Email
O012291,C0113,P0036,2026-05-07,2,116.48,Paid
O012292,C0429,P0002,2026-05-07,2,180.84,Organic
O012293,C0763,P0004,2026-05-07,2,666.42,Email
O012294,C0654,P0001,2026-05-07,1,368.78,Email
O012295,C0092,P0008,2026-05-07,2,270.52,Organic
O012296,C0040,P0010,2026-05-07,2,94.88,Paid
O012297,C0009,P0015,2026-05-07,1,77.63,Paid
O012298,C0733,P0015,2026-05-07,1,77.63,Organic
O012299,C0246,P0016,2026-05-07,1,30.98,Paid
O012300,C0496,P0016,2026-05-07,3,92.94,Organic
O012301,C0373,P0025,2026-05-07,1,29.76,Paid
O012302,C0742,P0030,2026-05-07,2,61.0,Paid
O012303,C0247,P0037,2026-05-07,2,114.7,Organic
O012304,C0183,P0039,2026-05-07,2,81.64,Paid
O012305,C0753,P0003,2026-05-07,3,851.94,Paid
O012306,C0179,P0005,2026-05-07,2,249.38,Paid
O012307,C0069,P0009,2026-05-07,1,47.25,Organic
O012308,C0093,P0016,2026-05-07,2,61.96,Organic
O012309,C0483,P0014,2026-05-07,3,130.11,Organic
O012310,C0002,P0040,2026-05-07,3,274.89,Organic
O012311,C0354,P0036,2026-05-07,2,116.48,Organic
O012312,C0313,P0037,2026-05-07,3,172.05,Paid
O012313,C0686,P0005,2026-05-08,2,249.38,Referral
O012314,C0228,P0014,2026-05-08,1,43.37,Referral
O012315,C0581,P0013,2026-05-08,1,72.89,Organic
O012316,C0510,P0010,2026-05-08,2,94.88,Paid
O012317,C0218,P0019,2026-05-08,2,298.46,Organic
O012318,C0157,P0018,2026-05-08,2,188.5,Email
O012319,C0463,P0018,2026-05-08,3,282.75,Email
O012320,C0524,P0025,2026-05-08,3,89.28,Referral
O012321,C0063,P0035,2026-05-08,2,236.42,Organic
O012322,C0719,P0034,2026-05-08,3,262.47,Organic
O012323,C0392,P0006,2026-05-08,1,139.43,Email
O012324,C0054,P0001,2026-05-08,3,1106.34,Referral
O012325,C0255,P0012,2026-05-08,2,146.36,Paid
O012326,C0785,P0020,2026-05-08,2,50.04,Organic
O012327,C0326,P0019,2026-05-08,1,149.23,Paid
O012328,C0291,P0031,2026-05-08,2,67.94,Organic
O012329,C0446,P0028,2026-05-08,2,38.88,Paid
O012330,C0466,P0028,2026-05-08,2,38.88,Paid
O012331,C0056,P0026,2026-05-08,1,47.35,Organic
O012332,C0701,P0032,2026-05-08,1,53.09,Organic
O012333,C0775,P0033,2026-05-08,2,164.88,Organic
O012334,C0533,P0033,2026-05-08,2,164.88,Organic
O012335,C0086,P0036,2026-05-08,1,58.24,Paid
O012336,C0197,P0006,2026-05-08,2,278.86,Organic
O012337,C0499,P0009,2026-05-08,1,47.25,Organic
O012338,C0092,P0010,2026-05-08,1,47.44,Organic
O012339,C0040,P0010,2026-05-08,2,94.88,Organic
O012340,C0557,P0021,2026-05-08,3,141.12,Organic
O012341,C0126,P0017,2026-05-08,1,20.56,Organic
O012342,C0681,P0018,2026-05-08,2,188.5,Email
O012343,C0405,P0028,2026-05-08,3,58.32,Paid
O012344,C0680,P0031,2026-05-08,3,101.91,Organic
O012345,C0509,P0032,2026-05-08,3,159.27,Referral
O012346,C0248,P0003,2026-05-08,1,283.98,Paid
O012347,C0636,P0006,2026-05-08,2,278.86,Organic
O012348,C0316,P0006,2026-05-08,1,139.43,Organic
O012349,C0698,P0006,2026-05-08,3,418.29,Organic
O012350,C0230,P0007,2026-05-08,2,774.46,Organic
O012351,C0013,P0008,2026-05-08,2,270.52,Organic
O012352,C0797,P0014,2026-05-08,2,86.74,Organic
O012353,C0538,P0016,2026-05-08,2,61.96,Organic
O012354,C0023,P0014,2026-05-08,3,130.11,Email
O012355,C0415,P0024,2026-05-08,1,31.58,Organic
O012356,C0458,P0022,2026-05-08,2,174.92,Paid
O012357,C0289,P0022,2026-05-08,3,262.38,Paid
O012358,C0749,P0027,2026-05-08,3,85.74,Organic
O012359,C0296,P0032,2026-05-08,1,53.09,Email
O012360,C0202,P0025,2026-05-08,1,29.76,Email
O012361,C0469,P0027,2026-05-08,1,28.58,Referral
O012362,C0688,P0034,2026-05-08,2,174.98,Organic
O012363,C0053,P0033,2026-05-08,2,164.88,Paid
O012364,C0595,P0013,2026-05-09,3,218.67,Organic
O012365,C0617,P0010,2026-05-09,2,94.88,Paid
O012366,C0426,P0019,2026-05-09,1,149.23,Email
O012367,C0583,P0021,2026-05-09,1,47.04,Organic
O012368,C0182,P0018,2026-05-09,1,94.25,Organic
O012369,C0388,P0028,2026-05-09,3,58.32,Organic
O012370,C0487,P0029,2026-05-09,2,39.54,Email
O012371,C0332,P0032,2026-05-09,3,159.27,Organic
O012372,C0671,P0037,2026-05-09,1,57.35,Organic
O012373,C0367,P0037,2026-05-09,3,172.05,Email
O012374,C0759,P0036,2026-05-09,1,58.24,Organic
O012375,C0799,P0038,2026-05-09,3,335.85,Paid
O012376,C0017,P0001,2026-05-09,1,368.78,Email
O012377,C0355,P0010,2026-05-09,3,142.32,Paid
O012378,C0466,P0018,2026-05-09,3,282.75,Organic
O012379,C0285,P0022,2026-05-09,3,262.38,Paid
O012380,C0772,P0028,2026-05-09,1,19.44,Organic
O012381,C0075,P0029,2026-05-09,1,19.77,Organic
O012382,C0630,P0004,2026-05-09,2,666.42,Email
O012383,C0793,P0001,2026-05-09,2,737.56,Organic
O012384,C0418,P0008,2026-05-09,1,135.26,Paid
O012385,C0660,P0012,2026-05-09,1,73.18,Organic
O012386,C0422,P0009,2026-05-09,1,47.25,Referral
O012387,C0405,P0011,2026-05-09,3,101.94,Paid
O012388,C0557,P0021,2026-05-09,3,141.12,Email
O012389,C0610,P0024,2026-05-09,3,94.74,Organic
O012390,C0503,P0021,2026-05-09,1,47.04,Paid
O012391,C0167,P0022,2026-05-09,3,262.38,Paid
O012392,C0025,P0027,2026-05-09,2,57.16,Organic
O012393,C0108,P0031,2026-05-09,2,67.94,Organic
O012394,C0743,P0033,2026-05-09,2,164.88,Paid
O012395,C0438,P0040,2026-05-09,3,274.89,Referral
O012396,C0462,P0039,2026-05-09,1,40.82,Organic
O012397,C0299,P0035,2026-05-09,3,354.63,Email
O012398,C0138,P0034,2026-05-09,2,174.98,Organic
O012399,C0706,P0001,2026-05-09,1,368.78,Email
O012400,C0673,P0010,2026-05-09,2,94.88,Organic
O012401,C0149,P0015,2026-05-09,2,155.26,Organic
O012402,C0727,P0014,2026-05-09,1,43.37,Organic
O012403,C0744,P0020,2026-05-09,2,50.04,Organic
O012404,C0724,P0019,2026-05-09,1,149.23,Organic
O012405,C0782,P0021,2026-05-09,2,94.08,Organic
O012406,C0337,P0022,2026-05-09,3,262.38,Paid
O012407,C0110,P0019,2026-05-09,3,447.69,Paid
O012408,C0640,P0019,2026-05-09,1,149.23,Organic
O012409,C0357,P0027,2026-05-09,3,85.74,Paid
O012410,C0290,P0025,2026-05-09,3,89.28,Organic
O012411,C0070,P0031,2026-05-09,3,101.91,Paid
O012412,C0758,P0028,2026-05-09,1,19.44,Paid
O012413,C0771,P0035,2026-05-09,2,236.42,Paid
O012414,C0151,P0037,2026-05-09,3,172.05,Email
O012415,C0640,P0036,2026-05-09,3,174.72,Paid
O012416,C0380,P0014,2026-05-10,3,130.11,Paid
O012417,C0459,P0015,2026-05-10,3,232.89,Email
O012418,C0038,P0024,2026-05-10,3,94.74,Organic
O012419,C0553,P0020,2026-05-10,3,75.06,Paid
O012420,C0669,P0027,2026-05-10,3,85.74,Paid
O012421,C0553,P0028,2026-05-10,1,19.44,Paid
O012422,C0262,P0028,2026-05-10,3,58.32,Referral
O012423,C0774,P0026,2026-05-10,1,47.35,Organic
O012424,C0461,P0026,2026-05-10,1,47.35,Organic
O012425,C0030,P0039,2026-05-10,3,122.46,Organic
O012426,C0412,P0005,2026-05-10,3,374.07,Organic
O012427,C0608,P0008,2026-05-10,2,270.52,Organic
O012428,C0594,P0012,2026-05-10,1,73.18,Email
O012429,C0563,P0011,2026-05-10,1,33.98,Email
O012430,C0622,P0018,2026-05-10,2,188.5,Referral
O012431,C0430,P0019,2026-05-10,2,298.46,Organic
O012432,C0794,P0020,2026-05-10,3,75.06,Paid
O012433,C0635,P0020,2026-05-10,3,75.06,Organic
O012434,C0594,P0017,2026-05-10,1,20.56,Paid
O012435,C0642,P0030,2026-05-10,3,91.5,Email
O012436,C0258,P0031,2026-05-10,1,33.97,Paid
O012437,C0766,P0027,2026-05-10,3,85.74,Paid
O012438,C0194,P0007,2026-05-10,2,774.46,Organic
O012439,C0325,P0015,2026-05-10,1,77.63,Organic
O012440,C0330,P0016,2026-05-10,3,92.94,Paid
O012441,C0115,P0016,2026-05-10,3,92.94,Organic
O012442,C0738,P0023,2026-05-10,3,375.87,Paid
O012443,C0115,P0025,2026-05-10,3,89.28,Paid
O012444,C0323,P0034,2026-05-10,3,262.47,Organic
O012445,C0522,P0039,2026-05-10,3,122.46,Email
O012446,C0453,P0001,2026-05-10,1,368.78,Organic
O012447,C0096,P0004,2026-05-10,3,999.63,Paid
O012448,C0469,P0016,2026-05-10,1,30.98,Organic
O012449,C0640,P0009,2026-05-10,2,94.5,Organic
O012450,C0453,P0014,2026-05-10,3,130.11,Paid
O012451,C0282,P0023,2026-05-10,1,125.29,Organic
O012452,C0402,P0030,2026-05-10,3,91.5,Email
O012453,C0148,P0027,2026-05-10,2,57.16,Organic
O012454,C0536,P0033,2026-05-10,1,82.44,Organic
O012455,C0729,P0007,2026-05-11,1,387.23,Referral
O012456,C0502,P0015,2026-05-11,2,155.26,Paid
O012457,C0157,P0024,2026-05-11,1,31.58,Paid
O012458,C0714,P0022,2026-05-11,1,87.46,Paid
O012459,C0649,P0017,2026-05-11,1,20.56,Organic
O012460,C0603,P0026,2026-05-11,3,142.05,Email
O012461,C0774,P0032,2026-05-11,3,159.27,Paid
O012462,C0686,P0025,2026-05-11,3,89.28,Referral
O012463,C0721,P0035,2026-05-11,1,118.21,Organic
O012464,C0219,P0035,2026-05-11,2,236.42,Paid
O012465,C0502,P0036,2026-05-11,2,116.48,Paid
O012466,C0058,P0037,2026-05-11,1,57.35,Organic
O012467,C0586,P0003,2026-05-11,1,283.98,Organic
O012468,C0204,P0004,2026-05-11,2,666.42,Referral
O012469,C0656,P0007,2026-05-11,3,1161.69,Organic
O012470,C0366,P0002,2026-05-11,2,180.84,Email
O012471,C0392,P0016,2026-05-11,2,61.96,Organic
O012472,C0444,P0009,2026-05-11,3,141.75,Paid
O012473,C0057,P0023,2026-05-11,2,250.58,Paid
O012474,C0158,P0020,2026-05-11,3,75.06,Organic
O012475,C0594,P0023,2026-05-11,1,125.29,Organic
O012476,C0777,P0021,2026-05-11,3,141.12,Email
O012477,C0547,P0025,2026-05-11,3,89.28,Organic
O012478,C0374,P0037,2026-05-11,3,172.05,Email
O012479,C0455,P0039,2026-05-11,1,40.82,Organic
O012480,C0239,P0035,2026-05-11,3,354.63,Email
O012481,C0099,P0003,2026-05-11,3,851.94,Organic
O012482,C0485,P0003,2026-05-11,3,851.94,Paid
O012483,C0044,P0004,2026-05-11,1,333.21,Organic
O012484,C0610,P0018,2026-05-11,2,188.5,Organic
O012485,C0574,P0019,2026-05-11,1,149.23,Referral
O012486,C0490,P0030,2026-05-11,2,61.0,Paid
O012487,C0325,P0039,2026-05-11,3,122.46,Email
O012488,C0234,P0036,2026-05-11,2,116.48,Paid
O012489,C0630,P0036,2026-05-11,3,174.72,Organic
O012490,C0448,P0007,2026-05-11,2,774.46,Email
O012491,C0789,P0004,2026-05-11,1,333.21,Referral
O012492,C0311,P0004,2026-05-11,1,333.21,Organic
O012493,C0289,P0013,2026-05-11,2,145.78,Organic
O012494,C0572,P0016,2026-05-11,3,92.94,Organic
O012495,C0304,P0012,2026-05-11,2,146.36,Paid
O012496,C0001,P0018,2026-05-11,1,94.25,Organic
O012497,C0469,P0017,2026-05-11,2,41.12,Referral
O012498,C0304,P0029,2026-05-11,1,19.77,Paid
O012499,C0070,P0033,2026-05-11,3,247.32,Email
O012500,C0334,P0038,2026-05-11,2,223.9,Paid
O012501,C0726,P0038,2026-05-11,1,111.95,Organic
O012502,C0120,P0006,2026-05-12,1,139.43,Organic
O012503,C0671,P0002,2026-05-12,2,180.84,Organic
O012504,C0135,P0004,2026-05-12,2,666.42,Organic
O012505,C0425,P0001,2026-05-12,1,368.78,Organic
O012506,C0058,P0014,2026-05-12,2,86.74,Organic
O012507,C0396,P0010,2026-05-12,3,142.32,Organic
O012508,C0137,P0012,2026-05-12,2,146.36,Organic
O012509,C0774,P0009,2026-05-12,2,94.5,Paid
O012510,C0088,P0016,2026-05-12,2,61.96,Email
O012511,C0463,P0023,2026-05-12,3,375.87,Email
O012512,C0209,P0024,2026-05-12,1,31.58,Organic
O012513,C0426,P0019,2026-05-12,3,447.69,Paid
O012514,C0020,P0026,2026-05-12,3,142.05,Paid
O012515,C0620,P0027,2026-05-12,2,57.16,Email
O012516,C0433,P0032,2026-05-12,3,159.27,Organic
O012517,C0050,P0028,2026-05-12,1,19.44,Paid
O012518,C0136,P0029,2026-05-12,1,19.77,Paid
O012519,C0107,P0030,2026-05-12,3,91.5,Organic
O012520,C0128,P0025,2026-05-12,2,59.52,Paid
O012521,C0593,P0037,2026-05-12,2,114.7,Paid
O012522,C0464,P0033,2026-05-12,3,247.32,Organic
O012523,C0066,P0035,2026-05-12,2,236.42,Organic
O012524,C0463,P0037,2026-05-12,1,57.35,Paid
O012525,C0766,P0015,2026-05-12,2,155.26,Organic
O012526,C0420,P0011,2026-05-12,3,101.94,Email
O012527,C0518,P0011,2026-05-12,1,33.98,Paid
O012528,C0073,P0022,2026-05-12,1,87.46,Organic
O012529,C0594,P0021,2026-05-12,3,141.12,Organic
O012530,C0370,P0020,2026-05-12,1,25.02,Paid
O012531,C0160,P0031,2026-05-12,3,101.91,Referral
O012532,C0672,P0034,2026-05-12,1,87.49,Paid
O012533,C0113,P0033,2026-05-12,3,247.32,Organic
O012534,C0777,P0039,2026-05-12,2,81.64,Paid
O012535,C0492,P0004,2026-05-12,3,999.63,Organic
O012536,C0040,P0024,2026-05-12,3,94.74,Organic
O012537,C0681,P0024,2026-05-12,1,31.58,Organic
O012538,C0513,P0019,2026-05-12,2,298.46,Referral
O012539,C0359,P0018,2026-05-12,2,188.5,Organic
O012540,C0034,P0034,2026-05-12,3,262.47,Organic
O012541,C0027,P0001,2026-05-12,3,1106.34,Referral
O012542,C0265,P0002,2026-05-12,1,90.42,Paid
O012543,C0012,P0007,2026-05-12,2,774.46,Referral
O012544,C0312,P0004,2026-05-12,1,333.21,Organic
O012545,C0753,P0002,2026-05-12,3,271.26,Email
O012546,C0232,P0014,2026-05-12,2,86.74,Email
O012547,C0442,P0014,2026-05-12,2,86.74,Email
O012548,C0434,P0014,2026-05-12,1,43.37,Organic
O012549,C0797,P0014,2026-05-12,2,86.74,Organic
O012550,C0688,P0025,2026-05-12,1,29.76,Organic
O012551,C0261,P0027,2026-05-12,1,28.58,Organic
O012552,C0312,P0029,2026-05-12,2,39.54,Email
O012553,C0296,P0025,2026-05-12,2,59.52,Organic
O012554,C0745,P0036,2026-05-12,3,174.72,Paid
O012555,C0628,P0009,2026-05-13,2,94.5,Organic
O012556,C0218,P0013,2026-05-13,2,145.78,Paid
O012557,C0050,P0011,2026-05-13,3,101.94,Paid
O012558,C0130,P0011,2026-05-13,3,101.94,Organic
O012559,C0626,P0014,2026-05-13,3,130.11,Organic
O012560,C0501,P0018,2026-05-13,2,188.5,Paid
O012561,C0062,P0017,2026-05-13,1,20.56,Paid
O012562,C0077,P0022,2026-05-13,1,87.46,Organic
O012563,C0367,P0023,2026-05-13,2,250.58,Organic
O012564,C0364,P0032,2026-05-13,3,159.27,Paid
O012565,C0114,P0027,2026-05-13,1,28.58,Organic
O012566,C0235,P0039,2026-05-13,3,122.46,Paid
O012567,C0737,P0039,2026-05-13,1,40.82,Referral
O012568,C0029,P0001,2026-05-13,1,368.78,Organic
O012569,C0672,P0009,2026-05-13,3,141.75,Organic
O012570,C0587,P0012,2026-05-13,3,219.54,Referral
O012571,C0642,P0021,2026-05-13,3,141.12,Organic
O012572,C0259,P0018,2026-05-13,3,282.75,Paid
O012573,C0047,P0031,2026-05-13,3,101.91,Organic
O012574,C0740,P0029,2026-05-13,2,39.54,Organic
O012575,C0569,P0036,2026-05-13,1,58.24,Email
O012576,C0006,P0037,2026-05-13,1,57.35,Organic
O012577,C0441,P0035,2026-05-13,2,236.42,Organic
O012578,C0763,P0005,2026-05-13,3,374.07,Paid
O012579,C0564,P0003,2026-05-13,2,567.96,Paid
O012580,C0338,P0009,2026-05-13,2,94.5,Paid
O012581,C0513,P0024,2026-05-13,1,31.58,Paid
O012582,C0197,P0023,2026-05-13,1,125.29,Email
O012583,C0176,P0031,2026-05-13,3,101.91,Organic
O012584,C0763,P0031,2026-05-13,3,101.91,Referral
O012585,C0033,P0031,2026-05-13,3,101.91,Paid
O012586,C0692,P0036,2026-05-13,1,58.24,Paid
O012587,C0031,P0033,2026-05-13,2,164.88,Email
O012588,C0007,P0037,2026-05-13,2,114.7,Referral
O012589,C0096,P0008,2026-05-13,2,270.52,Paid
O012590,C0653,P0001,2026-05-13,1,368.78,Organic
O012591,C0457,P0002,2026-05-13,2,180.84,Organic
O012592,C0252,P0007,2026-05-13,1,387.23,Referral
O012593,C0456,P0007,2026-05-13,3,1161.69,Email
O012594,C0070,P0012,2026-05-13,3,219.54,Organic
O012595,C0300,P0009,2026-05-13,3,141.75,Referral
O012596,C0790,P0013,2026-05-13,2,145.78,Organic
O012597,C0059,P0012,2026-05-13,3,219.54,Email
O012598,C0117,P0012,2026-05-13,1,73.18,Organic
O012599,C0550,P0017,2026-05-13,3,61.68,Organic
O012600,C0150,P0020,2026-05-13,2,50.04,Paid
O012601,C0261,P0020,2026-05-13,2,50.04,Referral
O012602,C0470,P0019,2026-05-13,3,447.69,Paid
O012603,C0147,P0031,2026-05-13,2,67.94,Organic
O012604,C0643,P0030,2026-05-13,3,91.5,Paid
O012605,C0148,P0036,2026-05-13,3,174.72,Referral
O012606,C0198,P0013,2026-05-14,3,218.67,Organic
O012607,C0341,P0016,2026-05-14,1,30.98,Email
O012608,C0549,P0024,2026-05-14,3,94.74,Organic
O012609,C0703,P0022,2026-05-14,1,87.46,Paid
O012610,C0737,P0024,2026-05-14,3,94.74,Referral
O012611,C0209,P0018,2026-05-14,1,94.25,Email
O012612,C0658,P0024,2026-05-14,1,31.58,Organic
O012613,C0045,P0025,2026-05-14,1,29.76,Referral
O012614,C0501,P0026,2026-05-14,2,94.7,Organic
O012615,C0215,P0032,2026-05-14,1,53.09,Referral
O012616,C0257,P0028,2026-05-14,2,38.88,Organic
O012617,C0141,P0028,2026-05-14,1,19.44,Referral
O012618,C0122,P0038,2026-05-14,3,335.85,Organic
O012619,C0073,P0007,2026-05-14,1,387.23,Paid
O012620,C0691,P0004,2026-05-14,3,999.63,Organic
O012621,C0392,P0001,2026-05-14,3,1106.34,Paid
O012622,C0507,P0015,2026-05-14,2,155.26,Email
O012623,C0441,P0012,2026-05-14,3,219.54,Paid
O012624,C0532,P0012,2026-05-14,2,146.36,Organic
O012625,C0178,P0022,2026-05-14,3,262.38,Organic
O012626,C0287,P0022,2026-05-14,2,174.92,Organic
O012627,C0014,P0017,2026-05-14,2,41.12,Referral
O012628,C0089,P0021,2026-05-14,3,141.12,Referral
O012629,C0534,P0017,2026-05-14,3,61.68,Organic
O012630,C0792,P0026,2026-05-14,2,94.7,Referral
O012631,C0520,P0030,2026-05-14,2,61.0,Paid
O012632,C0008,P0025,2026-05-14,2,59.52,Organic
O012633,C0473,P0031,2026-05-14,1,33.97,Organic
O012634,C0073,P0033,2026-05-14,1,82.44,Organic
O012635,C0548,P0004,2026-05-14,3,999.63,Organic
O012636,C0165,P0001,2026-05-14,3,1106.34,Paid
O012637,C0251,P0001,2026-05-14,2,737.56,Organic
O012638,C0700,P0013,2026-05-14,3,218.67,Organic
O012639,C0251,P0016,2026-05-14,2,61.96,Organic
O012640,C0436,P0017,2026-05-14,2,41.12,Organic
O012641,C0338,P0020,2026-05-14,1,25.02,Email
O012642,C0194,P0020,2026-05-14,1,25.02,Paid
O012643,C0485,P0022,2026-05-14,1,87.46,Organic
O012644,C0414,P0023,2026-05-14,1,125.29,Organic
O012645,C0220,P0029,2026-05-14,2,39.54,Organic
O012646,C0325,P0025,2026-05-14,2,59.52,Paid
O012647,C0700,P0025,2026-05-14,2,59.52,Paid
O012648,C0034,P0036,2026-05-14,3,174.72,Organic
O012649,C0514,P0005,2026-05-14,1,124.69,Organic
O012650,C0762,P0008,2026-05-14,3,405.78,Organic
O012651,C0282,P0007,2026-05-14,2,774.46,Paid
O012652,C0304,P0009,2026-05-14,3,141.75,Email
O012653,C0696,P0011,2026-05-14,3,101.94,Email
O012654,C0402,P0010,2026-05-14,1,47.44,Email
O012655,C0304,P0018,2026-05-14,1,94.25,Paid
O012656,C0096,P0025,2026-05-14,1,29.76,Email
O012657,C0407,P0028,2026-05-14,3,58.32,Organic
O012658,C0693,P0031,2026-05-14,2,67.94,Organic
O012659,C0150,P0027,2026-05-14,1,28.58,Email
O012660,C0129,P0039,2026-05-14,2,81.64,Paid
O012661,C0720,P0033,2026-05-14,3,247.32,Referral
O012662,C0337,P0034,2026-05-14,2,174.98,Organic
O012663,C0715,P0040,2026-05-14,3,274.89,Paid
O012664,C0275,P0034,2026-05-14,1,87.49,Organic
O012665,C0497,P0039,2026-05-14,2,81.64,Organic
O012666,C0627,P0008,2026-05-15,3,405.78,Email
O012667,C0171,P0008,2026-05-15,2,270.52,Paid
O012668,C0020,P0014,2026-05-15,2,86.74,Paid
O012669,C0169,P0010,2026-05-15,1,47.44,Organic
O012670,C0433,P0012,2026-05-15,2,146.36,Organic
O012671,C0428,P0020,2026-05-15,1,25.02,Paid
O012672,C0030,P0024,2026-05-15,2,63.16,Paid
O012673,C0332,P0030,2026-05-15,2,61.0,Organic
O012674,C0097,P0036,2026-05-15,1,58.24,Organic
O012675,C0796,P0040,2026-05-15,1,91.63,Organic
O012676,C0397,P0002,2026-05-15,2,180.84,Paid
O012677,C0430,P0011,2026-05-15,1,33.98,Organic
O012678,C0560,P0013,2026-05-15,1,72.89,Referral
O012679,C0139,P0015,2026-05-15,3,232.89,Paid
O012680,C0178,P0012,2026-05-15,1,73.18,Organic
O012681,C0792,P0012,2026-05-15,1,73.18,Paid
O012682,C0258,P0024,2026-05-15,1,31.58,Referral
O012683,C0057,P0020,2026-05-15,2,50.04,Referral
O012684,C0772,P0021,2026-05-15,2,94.08,Organic
O012685,C0608,P0030,2026-05-15,2,61.0,Organic
O012686,C0154,P0034,2026-05-15,3,262.47,Organic
O012687,C0381,P0011,2026-05-15,2,67.96,Referral
O012688,C0191,P0012,2026-05-15,2,146.36,Referral
O012689,C0742,P0028,2026-05-15,2,38.88,Organic
O012690,C0485,P0032,2026-05-15,2,106.18,Paid
O012691,C0211,P0038,2026-05-15,2,223.9,Email
O012692,C0315,P0036,2026-05-15,1,58.24,Organic
O012693,C0338,P0036,2026-05-15,3,174.72,Organic
O012694,C0457,P0007,2026-05-15,1,387.23,Organic
O012695,C0762,P0013,2026-05-15,2,145.78,Organic
O012696,C0011,P0013,2026-05-15,2,145.78,Organic
O012697,C0357,P0034,2026-05-15,3,262.47,Paid
O012698,C0121,P0036,2026-05-15,1,58.24,Organic
O012699,C0290,P0037,2026-05-15,1,57.35,Paid
O012700,C0554,P0006,2026-05-16,1,139.43,Paid
O012701,C0015,P0016,2026-05-16,3,92.94,Email
O012702,C0020,P0011,2026-05-16,3,101.94,Paid
O012703,C0595,P0015,2026-05-16,3,232.89,Organic
O012704,C0055,P0018,2026-05-16,1,94.25,Organic
O012705,C0708,P0022,2026-05-16,3,262.38,Email
O012706,C0336,P0023,2026-05-16,1,125.29,Paid
O012707,C0399,P0018,2026-05-16,3,282.75,Email
O012708,C0170,P0028,2026-05-16,3,58.32,Organic
O012709,C0746,P0027,2026-05-16,3,85.74,Paid
O012710,C0135,P0028,2026-05-16,2,38.88,Organic
O012711,C0340,P0028,2026-05-16,3,58.32,Organic
O012712,C0551,P0036,2026-05-16,1,58.24,Organic
O012713,C0065,P0034,2026-05-16,1,87.49,Referral
O012714,C0120,P0038,2026-05-16,2,223.9,Paid
O012715,C0487,P0040,2026-05-16,1,91.63,Organic
O012716,C0546,P0038,2026-05-16,3,335.85,Paid
O012717,C0322,P0033,2026-05-16,1,82.44,Email
O012718,C0796,P0033,2026-05-16,1,82.44,Email
O012719,C0388,P0039,2026-05-16,1,40.82,Organic
O012720,C0451,P0005,2026-05-16,2,249.38,Referral
O012721,C0355,P0009,2026-05-16,1,47.25,Organic
O012722,C0417,P0010,2026-05-16,2,94.88,Email
O012723,C0308,P0016,2026-05-16,1,30.98,Email
O012724,C0713,P0012,2026-05-16,2,146.36,Paid
O012725,C0333,P0010,2026-05-16,3,142.32,Email
O012726,C0632,P0022,2026-05-16,1,87.46,Paid
O012727,C0071,P0021,2026-05-16,1,47.04,Organic
O012728,C0537,P0017,2026-05-16,1,20.56,Organic
O012729,C0766,P0039,2026-05-16,1,40.82,Paid
O012730,C0286,P0037,2026-05-16,1,57.35,Paid
O012731,C0588,P0014,2026-05-16,3,130.11,Paid
O012732,C0610,P0011,2026-05-16,1,33.98,Referral
O012733,C0588,P0010,2026-05-16,1,47.44,Organic
O012734,C0692,P0020,2026-05-16,3,75.06,Paid
O012735,C0505,P0024,2026-05-16,2,63.16,Email
O012736,C0743,P0024,2026-05-16,2,63.16,Organic
O012737,C0083,P0025,2026-05-16,3,89.28,Organic
O012738,C0416,P0026,2026-05-16,3,142.05,Organic
O012739,C0231,P0029,2026-05-16,1,19.77,Organic
O012740,C0465,P0040,2026-05-16,3,274.89,Organic
O012741,C0325,P0037,2026-05-16,2,114.7,Organic
O012742,C0306,P0035,2026-05-16,1,118.21,Organic
O012743,C0091,P0008,2026-05-16,3,405.78,Organic
O012744,C0615,P0006,2026-05-16,3,418.29,Referral
O012745,C0284,P0002,2026-05-16,1,90.42,Email
O012746,C0782,P0014,2026-05-16,3,130.11,Organic
O012747,C0354,P0014,2026-05-16,3,130.11,Paid
O012748,C0334,P0009,2026-05-16,3,141.75,Paid
O012749,C0653,P0023,2026-05-16,2,250.58,Organic
O012750,C0484,P0020,2026-05-16,3,75.06,Organic
O012751,C0186,P0022,2026-05-16,1,87.46,Paid
O012752,C0531,P0024,2026-05-16,3,94.74,Email
O012753,C0483,P0019,2026-05-16,2,298.46,Paid
O012754,C0302,P0029,2026-05-16,3,59.31,Referral
O012755,C0012,P0031,2026-05-16,1,33.97,Referral
O012756,C0407,P0029,2026-05-16,2,39.54,Organic
O012757,C0383,P0030,2026-05-16,2,61.0,Email
O012758,C0797,P0027,2026-05-16,2,57.16,Organic
O012759,C0199,P0037,2026-05-16,2,114.7,Organic
O012760,C0172,P0036,2026-05-16,2,116.48,Paid
O012761,C0611,P0005,2026-05-17,3,374.07,Organic
O012762,C0050,P0001,2026-05-17,3,1106.34,Paid
O012763,C0228,P0004,2026-05-17,3,999.63,Paid
O012764,C0005,P0002,2026-05-17,1,90.42,Email
O012765,C0210,P0001,2026-05-17,3,1106.34,Paid
O012766,C0428,P0010,2026-05-17,1,47.44,Organic
O012767,C0718,P0015,2026-05-17,1,77.63,Organic
O012768,C0218,P0011,2026-05-17,3,101.94,Email
O012769,C0708,P0016,2026-05-17,2,61.96,Paid
O012770,C0294,P0022,2026-05-17,3,262.38,Referral
O012771,C0579,P0022,2026-05-17,1,87.46,Paid
O012772,C0477,P0017,2026-05-17,2,41.12,Organic
O012773,C0639,P0020,2026-05-17,2,50.04,Paid
O012774,C0714,P0021,2026-05-17,1,47.04,Organic
O012775,C0260,P0024,2026-05-17,2,63.16,Organic
O012776,C0212,P0020,2026-05-17,2,50.04,Paid
O012777,C0759,P0032,2026-05-17,1,53.09,Paid
O012778,C0212,P0025,2026-05-17,2,59.52,Referral
O012779,C0524,P0028,2026-05-17,3,58.32,Paid
O012780,C0137,P0026,2026-05-17,1,47.35,Organic
O012781,C0171,P0035,2026-05-17,3,354.63,Paid
O012782,C0344,P0006,2026-05-17,3,418.29,Paid
O012783,C0761,P0002,2026-05-17,3,271.26,Email
O012784,C0335,P0005,2026-05-17,3,374.07,Email
O012785,C0376,P0001,2026-05-17,3,1106.34,Referral
O012786,C0274,P0009,2026-05-17,3,141.75,Organic
O012787,C0661,P0011,2026-05-17,2,67.96,Paid
O012788,C0159,P0016,2026-05-17,1,30.98,Email
O012789,C0794,P0012,2026-05-17,2,146.36,Organic
O012790,C0795,P0009,2026-05-17,1,47.25,Organic
O012791,C0392,P0010,2026-05-17,2,94.88,Paid
O012792,C0430,P0017,2026-05-17,2,41.12,Organic
O012793,C0255,P0020,2026-05-17,3,75.06,Paid
O012794,C0750,P0023,2026-05-17,2,250.58,Paid
O012795,C0134,P0021,2026-05-17,2,94.08,Organic
O012796,C0547,P0017,2026-05-17,1,20.56,Paid
O012797,C0139,P0030,2026-05-17,3,91.5,Paid
O012798,C0119,P0030,2026-05-17,2,61.0,Paid
O012799,C0125,P0029,2026-05-17,1,19.77,Paid
O012800,C0285,P0033,2026-05-17,2,164.88,Paid
O012801,C0569,P0035,2026-05-17,2,236.42,Organic
O012802,C0392,P0033,2026-05-17,2,164.88,Organic
O012803,C0241,P0039,2026-05-17,1,40.82,Paid
O012804,C0534,P0033,2026-05-17,3,247.32,Email
O012805,C0355,P0037,2026-05-17,3,172.05,Organic
O012806,C0249,P0036,2026-05-17,2,116.48,Organic
O012807,C0522,P0006,2026-05-17,3,418.29,Organic
O012808,C0330,P0004,2026-05-17,3,999.63,Referral
O012809,C0699,P0015,2026-05-17,3,232.89,Paid
O012810,C0124,P0016,2026-05-17,2,61.96,Organic
O012811,C0123,P0011,2026-05-17,3,101.94,Paid
O012812,C0517,P0024,2026-05-17,3,94.74,Referral
O012813,C0694,P0017,2026-05-17,2,41.12,Paid
O012814,C0068,P0017,2026-05-17,2,41.12,Email
O012815,C0743,P0023,2026-05-17,3,375.87,Organic
O012816,C0191,P0019,2026-05-17,1,149.23,Email
O012817,C0083,P0017,2026-05-17,1,20.56,Paid
O012818,C0143,P0019,2026-05-17,1,149.23,Organic
O012819,C0738,P0028,2026-05-17,3,58.32,Organic
O012820,C0499,P0029,2026-05-17,1,19.77,Paid
O012821,C0667,P0027,2026-05-17,1,28.58,Email
O012822,C0359,P0026,2026-05-17,2,94.7,Email
O012823,C0431,P0034,2026-05-17,3,262.47,Referral
O012824,C0359,P0036,2026-05-17,1,58.24,Referral
O012825,C0667,P0037,2026-05-17,3,172.05,Organic
O012826,C0327,P0039,2026-05-17,2,81.64,Organic
O012827,C0027,P0001,2026-05-17,3,1106.34,Paid
O012828,C0027,P0004,2026-05-17,2,666.42,Organic
O012829,C0615,P0005,2026-05-17,2,249.38,Paid
O012830,C0789,P0005,2026-05-17,2,249.38,Organic
O012831,C0224,P0002,2026-05-17,2,180.84,Email
O012832,C0582,P0002,2026-05-17,2,180.84,Organic
O012833,C0023,P0011,2026-05-17,3,101.94,Organic
O012834,C0678,P0011,2026-05-17,1,33.98,Email
O012835,C0289,P0015,2026-05-17,1,77.63,Paid
O012836,C0504,P0012,2026-05-17,1,73.18,Organic
O012837,C0011,P0011,2026-05-17,2,67.96,Organic
O012838,C0730,P0013,2026-05-17,3,218.67,Organic
O012839,C0059,P0025,2026-05-17,2,59.52,Organic
O012840,C0479,P0026,2026-05-17,1,47.35,Email
O012841,C0779,P0030,2026-05-17,2,61.0,Email
O012842,C0284,P0030,2026-05-17,3,91.5,Organic
O012843,C0148,P0033,2026-05-17,1,82.44,Organic
O012844,C0003,P0004,2026-05-18,1,333.21,Organic
O012845,C0005,P0005,2026-05-18,1,124.69,Paid
O012846,C0210,P0008,2026-05-18,3,405.78,Organic
O012847,C0020,P0012,2026-05-18,3,219.54,Organic
O012848,C0662,P0009,2026-05-18,3,141.75,Referral
O012849,C0215,P0014,2026-05-18,3,130.11,Organic
O012850,C0796,P0013,2026-05-18,2,145.78,Paid
O012851,C0611,P0009,2026-05-18,3,141.75,Paid
O012852,C0459,P0018,2026-05-18,1,94.25,Email
O012853,C0447,P0031,2026-05-18,1,33.97,Organic
O012854,C0317,P0028,2026-05-18,2,38.88,Organic
O012855,C0719,P0038,2026-05-18,3,335.85,Email
O012856,C0722,P0033,2026-05-18,3,247.32,Organic
O012857,C0351,P0034,2026-05-18,2,174.98,Organic
O012858,C0611,P0036,2026-05-18,3,174.72,Paid
O012859,C0057,P0004,2026-05-18,3,999.63,Paid
O012860,C0075,P0001,2026-05-18,1,368.78,Referral
O012861,C0528,P0016,2026-05-18,2,61.96,Organic
O012862,C0644,P0012,2026-05-18,3,219.54,Paid
O012863,C0392,P0011,2026-05-18,1,33.98,Email
O012864,C0154,P0019,2026-05-18,1,149.23,Organic
O012865,C0255,P0029,2026-05-18,3,59.31,Referral
O012866,C0249,P0032,2026-05-18,3,159.27,Organic
O012867,C0547,P0039,2026-05-18,2,81.64,Organic
O012868,C0594,P0034,2026-05-18,2,174.98,Organic
O012869,C0222,P0007,2026-05-18,3,1161.69,Organic
O012870,C0509,P0003,2026-05-18,2,567.96,Organic
O012871,C0165,P0007,2026-05-18,2,774.46,Email
O012872,C0251,P0004,2026-05-18,2,666.42,Email
O012873,C0725,P0013,2026-05-18,2,145.78,Email
O012874,C0436,P0017,2026-05-18,1,20.56,Organic
O012875,C0350,P0022,2026-05-18,3,262.38,Organic
O012876,C0492,P0030,2026-05-18,1,30.5,Paid
O012877,C0429,P0031,2026-05-18,3,101.91,Email
O012878,C0022,P0029,2026-05-18,2,39.54,Organic
O012879,C0051,P0006,2026-05-18,3,418.29,Paid
O012880,C0432,P0003,2026-05-18,1,283.98,Organic
O012881,C0140,P0005,2026-05-18,3,374.07,Organic
O012882,C0693,P0001,2026-05-18,2,737.56,Paid
O012883,C0504,P0016,2026-05-18,3,92.94,Organic
O012884,C0093,P0029,2026-05-18,1,19.77,Organic
O012885,C0129,P0025,2026-05-18,2,59.52,Organic
O012886,C0192,P0038,2026-05-18,2,223.9,Organic
O012887,C0790,P0033,2026-05-18,3,247.32,Organic
O012888,C0512,P0036,2026-05-18,1,58.24,Organic
O012889,C0135,P0008,2026-05-19,2,270.52,Paid
O012890,C0510,P0006,2026-05-19,2,278.86,Paid
O012891,C0078,P0011,2026-05-19,2,67.96,Paid
O012892,C0570,P0009,2026-05-19,3,141.75,Paid
O012893,C0619,P0011,2026-05-19,1,33.98,Paid
O012894,C0590,P0014,2026-05-19,2,86.74,Paid
O012895,C0729,P0024,2026-05-19,3,94.74,Organic
O012896,C0521,P0017,2026-05-19,3,61.68,Referral
O012897,C0065,P0018,2026-05-19,1,94.25,Organic
O012898,C0408,P0024,2026-05-19,2,63.16,Referral
O012899,C0435,P0019,2026-05-19,2,298.46,Email
O012900,C0262,P0017,2026-05-19,3,61.68,Paid
O012901,C0570,P0021,2026-05-19,3,141.12,Organic
O012902,C0078,P0028,2026-05-19,3,58.32,Organic
O012903,C0368,P0030,2026-05-19,2,61.0,Organic
O012904,C0237,P0034,2026-05-19,3,262.47,Organic
O012905,C0344,P0007,2026-05-19,2,774.46,Referral
O012906,C0622,P0014,2026-05-19,1,43.37,Organic
O012907,C0239,P0011,2026-05-19,3,101.94,Paid
O012908,C0162,P0014,2026-05-19,1,43.37,Organic
O012909,C0471,P0012,2026-05-19,3,219.54,Paid
O012910,C0637,P0030,2026-05-19,2,61.0,Paid
O012911,C0286,P0040,2026-05-19,2,183.26,Organic
O012912,C0154,P0036,2026-05-19,2,116.48,Paid
O012913,C0175,P0004,2026-05-19,1,333.21,Email
O012914,C0561,P0010,2026-05-19,3,142.32,Organic
O012915,C0733,P0036,2026-05-19,1,58.24,Paid
O012916,C0733,P0033,2026-05-19,2,164.88,Paid
O012917,C0387,P0036,2026-05-19,1,58.24,Paid
O012918,C0483,P0006,2026-05-19,3,418.29,Organic
O012919,C0727,P0002,2026-05-19,1,90.42,Organic
O012920,C0797,P0005,2026-05-19,2,249.38,Paid
O012921,C0203,P0015,2026-05-19,2,155.26,Organic
O012922,C0140,P0013,2026-05-19,2,145.78,Paid
O012923,C0798,P0010,2026-05-19,1,47.44,Organic
O012924,C0673,P0013,2026-05-19,2,145.78,Paid
O012925,C0558,P0013,2026-05-19,2,145.78,Referral
O012926,C0320,P0019,2026-05-19,3,447.69,Paid
O012927,C0514,P0023,2026-05-19,2,250.58,Organic
O012928,C0469,P0023,2026-05-19,3,375.87,Organic
O012929,C0027,P0032,2026-05-19,2,106.18,Organic
O012930,C0272,P0025,2026-05-19,1,29.76,Paid
O012931,C0264,P0027,2026-05-19,1,28.58,Organic
O012932,C0042,P0030,2026-05-19,1,30.5,Organic
O012933,C0013,P0035,2026-05-19,1,118.21,Organic
O012934,C0491,P0037,2026-05-19,3,172.05,Organic
O012935,C0141,P0006,2026-05-20,1,139.43,Organic
O012936,C0502,P0013,2026-05-20,3,218.67,Paid
O012937,C0774,P0010,2026-05-20,1,47.44,Referral
O012938,C0097,P0012,2026-05-20,3,219.54,Referral
O012939,C0219,P0014,2026-05-20,3,130.11,Organic
O012940,C0170,P0023,2026-05-20,1,125.29,Paid
O012941,C0411,P0023,2026-05-20,1,125.29,Paid
O012942,C0063,P0018,2026-05-20,2,188.5,Paid
O012943,C0104,P0031,2026-05-20,1,33.97,Organic
O012944,C0362,P0034,2026-05-20,2,174.98,Organic
O012945,C0721,P0037,2026-05-20,3,172.05,Referral
O012946,C0055,P0036,2026-05-20,1,58.24,Organic
O012947,C0362,P0036,2026-05-20,1,58.24,Organic
O012948,C0616,P0037,2026-05-20,3,172.05,Organic
O012949,C0683,P0005,2026-05-20,2,249.38,Paid
O012950,C0379,P0005,2026-05-20,1,124.69,Organic
O012951,C0614,P0005,2026-05-20,1,124.69,Organic
O012952,C0297,P0011,2026-05-20,2,67.96,Paid
O012953,C0473,P0015,2026-05-20,1,77.63,Paid
O012954,C0139,P0012,2026-05-20,2,146.36,Organic
O012955,C0154,P0013,2026-05-20,2,145.78,Paid
O012956,C0587,P0010,2026-05-20,1,47.44,Organic
O012957,C0420,P0009,2026-05-20,2,94.5,Organic
O012958,C0712,P0018,2026-05-20,2,188.5,Organic
O012959,C0454,P0017,2026-05-20,3,61.68,Organic
O012960,C0449,P0022,2026-05-20,3,262.38,Referral
O012961,C0155,P0029,2026-05-20,3,59.31,Paid
O012962,C0223,P0039,2026-05-20,1,40.82,Organic
O012963,C0712,P0034,2026-05-20,3,262.47,Email
O012964,C0166,P0015,2026-05-20,3,232.89,Organic
O012965,C0361,P0014,2026-05-20,3,130.11,Paid
O012966,C0438,P0011,2026-05-20,1,33.98,Paid
O012967,C0068,P0022,2026-05-20,1,87.46,Organic
O012968,C0025,P0022,2026-05-20,1,87.46,Organic
O012969,C0506,P0020,2026-05-20,2,50.04,Organic
O012970,C0080,P0030,2026-05-20,3,91.5,Organic
O012971,C0194,P0032,2026-05-20,2,106.18,Organic
O012972,C0251,P0026,2026-05-20,3,142.05,Paid
O012973,C0660,P0038,2026-05-20,1,111.95,Referral
O012974,C0206,P0040,2026-05-20,1,91.63,Organic
O012975,C0217,P0039,2026-05-20,3,122.46,Paid
O012976,C0289,P0004,2026-05-20,3,999.63,Paid
O012977,C0652,P0008,2026-05-20,1,135.26,Organic
O012978,C0673,P0002,2026-05-20,2,180.84,Organic
O012979,C0358,P0008,2026-05-20,2,270.52,Organic
O012980,C0800,P0013,2026-05-20,1,72.89,Organic
O012981,C0724,P0013,2026-05-20,1,72.89,Email
O012982,C0282,P0014,2026-05-20,2,86.74,Organic
O012983,C0012,P0017,2026-05-20,1,20.56,Paid
O012984,C0002,P0024,2026-05-20,3,94.74,Organic
O012985,C0302,P0023,2026-05-20,3,375.87,Organic
O012986,C0284,P0026,2026-05-20,2,94.7,Organic
O012987,C0027,P0038,2026-05-20,2,223.9,Organic
O012988,C0653,P0035,2026-05-20,1,118.21,Organic
O012989,C0643,P0037,2026-05-20,3,172.05,Paid
O012990,C0118,P0039,2026-05-20,3,122.46,Organic
O012991,C0098,P0008,2026-05-21,2,270.52,Organic
O012992,C0369,P0005,2026-05-21,1,124.69,Organic
O012993,C0463,P0010,2026-05-21,1,47.44,Organic
O012994,C0619,P0009,2026-05-21,2,94.5,Paid
O012995,C0226,P0016,2026-05-21,3,92.94,Organic
O012996,C0141,P0012,2026-05-21,1,73.18,Referral
O012997,C0521,P0010,2026-05-21,1,47.44,Referral
O012998,C0581,P0028,2026-05-21,3,58.32,Organic
O012999,C0097,P0027,2026-05-21,3,85.74,Paid
O013000,C0116,P0028,2026-05-21,2,38.88,Organic
O013001,C0408,P0040,2026-05-21,1,91.63,Organic
O013002,C0215,P0035,2026-05-21,1,118.21,Paid
O013003,C0463,P0039,2026-05-21,2,81.64,Email
O013004,C0298,P0040,2026-05-21,3,274.89,Referral
O013005,C0579,P0036,2026-05-21,1,58.24,Paid
O013006,C0507,P0008,2026-05-21,2,270.52,Paid
O013007,C0223,P0008,2026-05-21,3,405.78,Organic
O013008,C0086,P0003,2026-05-21,2,567.96,Organic
O013009,C0086,P0004,2026-05-21,1,333.21,Paid
O013010,C0494,P0011,2026-05-21,1,33.98,Organic
O013011,C0507,P0015,2026-05-21,1,77.63,Referral
O013012,C0274,P0014,2026-05-21,1,43.37,Referral
O013013,C0701,P0016,2026-05-21,1,30.98,Paid
O013014,C0563,P0019,2026-05-21,1,149.23,Paid
O013015,C0379,P0019,2026-05-21,3,447.69,Referral
O013016,C0622,P0021,2026-05-21,1,47.04,Organic
O013017,C0740,P0024,2026-05-21,2,63.16,Email
O013018,C0139,P0022,2026-05-21,2,174.92,Organic
O013019,C0455,P0032,2026-05-21,3,159.27,Organic
O013020,C0056,P0027,2026-05-21,2,57.16,Email
O013021,C0134,P0032,2026-05-21,1,53.09,Paid
O013022,C0661,P0032,2026-05-21,2,106.18,Organic
O013023,C0665,P0031,2026-05-21,2,67.94,Email
O013024,C0017,P0040,2026-05-21,2,183.26,Organic
O013025,C0254,P0034,2026-05-21,3,262.47,Email
O013026,C0689,P0008,2026-05-21,1,135.26,Email
O013027,C0338,P0002,2026-05-21,1,90.42,Organic
O013028,C0763,P0006,2026-05-21,2,278.86,Organic
O013029,C0681,P0013,2026-05-21,1,72.89,Organic
O013030,C0191,P0013,2026-05-21,3,218.67,Organic
O013031,C0780,P0015,2026-05-21,3,232.89,Email
O013032,C0143,P0023,2026-05-21,2,250.58,Paid
O013033,C0667,P0017,2026-05-21,2,41.12,Referral
O013034,C0414,P0018,2026-05-21,2,188.5,Paid
O013035,C0418,P0022,2026-05-21,3,262.38,Organic
O013036,C0206,P0027,2026-05-21,3,85.74,Organic
O013037,C0490,P0029,2026-05-21,3,59.31,Organic
O013038,C0323,P0026,2026-05-21,3,142.05,Organic
O013039,C0400,P0031,2026-05-21,3,101.91,Organic
O013040,C0404,P0040,2026-05-21,1,91.63,Organic
O013041,C0311,P0008,2026-05-21,2,270.52,Organic
O013042,C0625,P0002,2026-05-21,3,271.26,Email
O013043,C0203,P0003,2026-05-21,1,283.98,Organic
O013044,C0272,P0012,2026-05-21,1,73.18,Email
O013045,C0790,P0013,2026-05-21,1,72.89,Organic
O013046,C0202,P0023,2026-05-21,1,125.29,Paid
O013047,C0129,P0019,2026-05-21,2,298.46,Organic
O013048,C0621,P0020,2026-05-21,2,50.04,Organic
O013049,C0800,P0025,2026-05-21,2,59.52,Paid
O013050,C0288,P0026,2026-05-21,1,47.35,Organic
O013051,C0688,P0032,2026-05-21,2,106.18,Organic
O013052,C0453,P0030,2026-05-21,3,91.5,Paid
O013053,C0164,P0026,2026-05-21,1,47.35,Organic
O013054,C0395,P0040,2026-05-21,1,91.63,Paid
O013055,C0744,P0033,2026-05-21,1,82.44,Organic
O013056,C0117,P0035,2026-05-21,1,118.21,Paid
O013057,C0558,P0033,2026-05-21,3,247.32,Organic
O013058,C0104,P0006,2026-05-22,2,278.86,Organic
O013059,C0097,P0007,2026-05-22,1,387.23,Paid
O013060,C0551,P0013,2026-05-22,1,72.89,Organic
O013061,C0452,P0011,2026-05-22,3,101.94,Organic
O013062,C0369,P0016,2026-05-22,3,92.94,Organic
O013063,C0170,P0010,2026-05-22,2,94.88,Email
O013064,C0554,P0020,2026-05-22,1,25.02,Paid
O013065,C0380,P0018,2026-05-22,1,94.25,Paid
O013066,C0294,P0024,2026-05-22,3,94.74,Referral
O013067,C0100,P0019,2026-05-22,1,149.23,Paid
O013068,C0382,P0028,2026-05-22,2,38.88,Email
O013069,C0658,P0026,2026-05-22,1,47.35,Paid
O013070,C0352,P0030,2026-05-22,1,30.5,Email
O013071,C0218,P0027,2026-05-22,1,28.58,Email
O013072,C0219,P0039,2026-05-22,3,122.46,Organic
O013073,C0098,P0038,2026-05-22,3,335.85,Paid
O013074,C0087,P0008,2026-05-22,2,270.52,Organic
O013075,C0575,P0012,2026-05-22,2,146.36,Email
O013076,C0285,P0010,2026-05-22,1,47.44,Organic
O013077,C0728,P0014,2026-05-22,2,86.74,Organic
O013078,C0255,P0009,2026-05-22,1,47.25,Organic
O013079,C0608,P0010,2026-05-22,3,142.32,Organic
O013080,C0446,P0019,2026-05-22,1,149.23,Referral
O013081,C0580,P0017,2026-05-22,3,61.68,Paid
O013082,C0139,P0020,2026-05-22,3,75.06,Organic
O013083,C0520,P0030,2026-05-22,3,91.5,Email
O013084,C0534,P0039,2026-05-22,1,40.82,Organic
O013085,C0187,P0033,2026-05-22,2,164.88,Organic
O013086,C0675,P0033,2026-05-22,1,82.44,Paid
O013087,C0193,P0036,2026-05-22,1,58.24,Organic
O013088,C0217,P0011,2026-05-22,3,101.94,Referral
O013089,C0410,P0016,2026-05-22,3,92.94,Organic
O013090,C0233,P0010,2026-05-22,2,94.88,Paid
O013091,C0327,P0026,2026-05-22,1,47.35,Referral
O013092,C0246,P0027,2026-05-22,3,85.74,Organic
O013093,C0327,P0038,2026-05-22,2,223.9,Paid
O013094,C0490,P0033,2026-05-22,2,164.88,Organic
O013095,C0102,P0039,2026-05-22,3,122.46,Organic
O013096,C0558,P0007,2026-05-22,2,774.46,Organic
O013097,C0290,P0004,2026-05-22,3,999.63,Email
O013098,C0585,P0003,2026-05-22,3,851.94,Organic
O013099,C0483,P0008,2026-05-22,3,405.78,Organic
O013100,C0538,P0005,2026-05-22,3,374.07,Paid
O013101,C0706,P0002,2026-05-22,2,180.84,Organic
O013102,C0797,P0016,2026-05-22,2,61.96,Paid
O013103,C0568,P0015,2026-05-22,1,77.63,Paid
O013104,C0457,P0012,2026-05-22,2,146.36,Organic
O013105,C0478,P0013,2026-05-22,3,218.67,Paid
O013106,C0181,P0024,2026-05-22,2,63.16,Email
O013107,C0051,P0023,2026-05-22,3,375.87,Email
O013108,C0448,P0031,2026-05-22,2,67.94,Email
O013109,C0478,P0025,2026-05-22,3,89.28,Organic
O013110,C0090,P0032,2026-05-22,2,106.18,Paid
O013111,C0354,P0029,2026-05-22,2,39.54,Email
O013112,C0789,P0031,2026-05-22,1,33.97,Email
O013113,C0320,P0036,2026-05-22,2,116.48,Email
O013114,C0459,P0001,2026-05-23,2,737.56,Organic
O013115,C0501,P0001,2026-05-23,2,737.56,Organic
O013116,C0342,P0001,2026-05-23,3,1106.34,Organic
O013117,C0433,P0004,2026-05-23,2,666.42,Referral
O013118,C0638,P0022,2026-05-23,3,262.38,Organic
O013119,C0433,P0029,2026-05-23,2,39.54,Organic
O013120,C0651,P0028,2026-05-23,3,58.32,Organic
O013121,C0382,P0026,2026-05-23,2,94.7,Paid
O013122,C0352,P0031,2026-05-23,1,33.97,Organic
O013123,C0551,P0030,2026-05-23,2,61.0,Organic
O013124,C0768,P0029,2026-05-23,1,19.77,Organic
O013125,C0294,P0034,2026-05-23,2,174.98,Paid
O013126,C0347,P0038,2026-05-23,3,335.85,Paid
O013127,C0755,P0040,2026-05-23,3,274.89,Paid
O013128,C0081,P0037,2026-05-23,2,114.7,Organic
O013129,C0551,P0039,2026-05-23,3,122.46,Organic
O013130,C0685,P0039,2026-05-23,2,81.64,Paid
O013131,C0270,P0038,2026-05-23,2,223.9,Paid
O013132,C0537,P0003,2026-05-23,2,567.96,Organic
O013133,C0646,P0005,2026-05-23,2,249.38,Referral
O013134,C0075,P0009,2026-05-23,1,47.25,Organic
O013135,C0379,P0015,2026-05-23,1,77.63,Organic
O013136,C0687,P0011,2026-05-23,3,101.94,Email
O013137,C0052,P0010,2026-05-23,1,47.44,Organic
O013138,C0587,P0022,2026-05-23,1,87.46,Referral
O013139,C0520,P0024,2026-05-23,2,63.16,Organic
O013140,C0052,P0017,2026-05-23,1,20.56,Organic
O013141,C0712,P0026,2026-05-23,1,47.35,Organic
O013142,C0605,P0029,2026-05-23,1,19.77,Paid
O013143,C0297,P0033,2026-05-23,3,247.32,Paid
O013144,C0387,P0005,2026-05-23,1,124.69,Organic
O013145,C0416,P0008,2026-05-23,1,135.26,Organic
O013146,C0083,P0006,2026-05-23,1,139.43,Organic
O013147,C0044,P0001,2026-05-23,3,1106.34,Paid
O013148,C0692,P0011,2026-05-23,1,33.98,Email
O013149,C0565,P0014,2026-05-23,3,130.11,Organic
O013150,C0350,P0017,2026-05-23,2,41.12,Paid
O013151,C0742,P0019,2026-05-23,1,149.23,Organic
O013152,C0509,P0024,2026-05-23,1,31.58,Email
O013153,C0692,P0022,2026-05-23,2,174.92,Referral
O013154,C0321,P0022,2026-05-23,1,87.46,Paid
O013155,C0429,P0019,2026-05-23,3,447.69,Paid
O013156,C0124,P0029,2026-05-23,3,59.31,Organic
O013157,C0211,P0029,2026-05-23,2,39.54,Paid
O013158,C0299,P0039,2026-05-23,1,40.82,Organic
O013159,C0557,P0034,2026-05-23,1,87.49,Paid
O013160,C0730,P0002,2026-05-23,2,180.84,Paid
O013161,C0702,P0002,2026-05-23,3,271.26,Paid
O013162,C0437,P0002,2026-05-23,1,90.42,Paid
O013163,C0140,P0004,2026-05-23,1,333.21,Paid
O013164,C0316,P0010,2026-05-23,2,94.88,Email
O013165,C0724,P0015,2026-05-23,3,232.89,Organic
O013166,C0782,P0022,2026-05-23,1,87.46,Organic
O013167,C0059,P0029,2026-05-23,2,39.54,Organic
O013168,C0736,P0030,2026-05-23,1,30.5,Paid
O013169,C0146,P0037,2026-05-23,2,114.7,Email
O013170,C0292,P0001,2026-05-24,1,368.78,Organic
O013171,C0324,P0002,2026-05-24,3,271.26,Organic
O013172,C0368,P0015,2026-05-24,2,155.26,Email
O013173,C0262,P0009,2026-05-24,1,47.25,Organic
O013174,C0212,P0017,2026-05-24,3,61.68,Email
O013175,C0501,P0024,2026-05-24,1,31.58,Paid
O013176,C0799,P0020,2026-05-24,3,75.06,Organic
O013177,C0058,P0021,2026-05-24,3,141.12,Paid
O013178,C0257,P0023,2026-05-24,3,375.87,Organic
O013179,C0482,P0018,2026-05-24,1,94.25,Organic
O013180,C0215,P0023,2026-05-24,2,250.58,Organic
O013181,C0114,P0028,2026-05-24,3,58.32,Organic
O013182,C0273,P0029,2026-05-24,3,59.31,Paid
O013183,C0097,P0030,2026-05-24,3,91.5,Paid
O013184,C0144,P0035,2026-05-24,1,118.21,Paid
O013185,C0188,P0035,2026-05-24,2,236.42,Organic
O013186,C0155,P0007,2026-05-24,2,774.46,Paid
O013187,C0089,P0001,2026-05-24,2,737.56,Paid
O013188,C0507,P0005,2026-05-24,1,124.69,Referral
O013189,C0750,P0009,2026-05-24,3,141.75,Organic
O013190,C0587,P0023,2026-05-24,1,125.29,Organic
O013191,C0127,P0027,2026-05-24,3,85.74,Paid
O013192,C0087,P0027,2026-05-24,3,85.74,Organic
O013193,C0073,P0035,2026-05-24,2,236.42,Email
O013194,C0244,P0040,2026-05-24,2,183.26,Email
O013195,C0444,P0038,2026-05-24,3,335.85,Email
O013196,C0580,P0037,2026-05-24,1,57.35,Email
O013197,C0206,P0001,2026-05-24,1,368.78,Paid
O013198,C0513,P0008,2026-05-24,3,405.78,Paid
O013199,C0247,P0012,2026-05-24,2,146.36,Organic
O013200,C0647,P0017,2026-05-24,3,61.68,Paid
O013201,C0557,P0021,2026-05-24,2,94.08,Referral
O013202,C0350,P0025,2026-05-24,3,89.28,Paid
O013203,C0022,P0030,2026-05-24,1,30.5,Paid
O013204,C0557,P0040,2026-05-24,2,183.26,Organic
O013205,C0660,P0035,2026-05-24,1,118.21,Organic
O013206,C0416,P0039,2026-05-24,2,81.64,Paid
O013207,C0751,P0034,2026-05-24,1,87.49,Paid
O013208,C0789,P0005,2026-05-24,3,374.07,Email
O013209,C0434,P0003,2026-05-24,3,851.94,Organic
O013210,C0500,P0001,2026-05-24,2,737.56,Paid
O013211,C0358,P0001,2026-05-24,1,368.78,Referral
O013212,C0415,P0005,2026-05-24,3,374.07,Organic
O013213,C0448,P0006,2026-05-24,2,278.86,Organic
O013214,C0284,P0009,2026-05-24,3,141.75,Organic
O013215,C0668,P0014,2026-05-24,2,86.74,Paid
O013216,C0790,P0015,2026-05-24,3,232.89,Paid
O013217,C0558,P0013,2026-05-24,3,218.67,Organic
O013218,C0186,P0010,2026-05-24,3,142.32,Paid
O013219,C0475,P0024,2026-05-24,2,63.16,Paid
O013220,C0731,P0018,2026-05-24,1,94.25,Paid
O013221,C0329,P0019,2026-05-24,3,447.69,Paid
O013222,C0695,P0029,2026-05-24,3,59.31,Paid
O013223,C0753,P0036,2026-05-24,3,174.72,Organic
O013224,C0199,P0037,2026-05-24,3,172.05,Paid
O013225,C0695,P0034,2026-05-24,2,174.98,Organic
O013226,C0316,P0040,2026-05-24,1,91.63,Organic
O013227,C0375,P0034,2026-05-24,3,262.47,Organic
O013228,C0314,P0034,2026-05-24,2,174.98,Email
O013229,C0658,P0005,2026-05-25,3,374.07,Paid
O013230,C0210,P0003,2026-05-25,2,567.96,Paid
O013231,C0362,P0002,2026-05-25,2,180.84,Email
O013232,C0382,P0002,2026-05-25,2,180.84,Organic
O013233,C0294,P0005,2026-05-25,2,249.38,Organic
O013234,C0592,P0011,2026-05-25,2,67.96,Organic
O013235,C0685,P0021,2026-05-25,1,47.04,Paid
O013236,C0268,P0024,2026-05-25,3,94.74,Paid
O013237,C0611,P0018,2026-05-25,3,282.75,Organic
O013238,C0281,P0023,2026-05-25,3,375.87,Referral
O013239,C0617,P0021,2026-05-25,1,47.04,Organic
O013240,C0063,P0029,2026-05-25,1,19.77,Paid
O013241,C0459,P0029,2026-05-25,1,19.77,Organic
O013242,C0212,P0037,2026-05-25,3,172.05,Paid
O013243,C0228,P0036,2026-05-25,1,58.24,Paid
O013244,C0225,P0036,2026-05-25,2,116.48,Email
O013245,C0596,P0008,2026-05-25,1,135.26,Paid
O013246,C0370,P0007,2026-05-25,2,774.46,Organic
O013247,C0223,P0002,2026-05-25,2,180.84,Organic
O013248,C0545,P0001,2026-05-25,1,368.78,Paid
O013249,C0677,P0014,2026-05-25,3,130.11,Paid
O013250,C0455,P0022,2026-05-25,1,87.46,Organic
O013251,C0656,P0024,2026-05-25,2,63.16,Paid
O013252,C0480,P0025,2026-05-25,1,29.76,Organic
O013253,C0441,P0026,2026-05-25,3,142.05,Organic
O013254,C0661,P0037,2026-05-25,1,57.35,Email
O013255,C0480,P0034,2026-05-25,1,87.49,Organic
O013256,C0735,P0001,2026-05-25,2,737.56,Organic
O013257,C0176,P0015,2026-05-25,2,155.26,Paid
O013258,C0102,P0013,2026-05-25,3,218.67,Paid
O013259,C0522,P0013,2026-05-25,2,145.78,Referral
O013260,C0601,P0013,2026-05-25,1,72.89,Organic
O013261,C0780,P0009,2026-05-25,3,141.75,Organic
O013262,C0780,P0020,2026-05-25,2,50.04,Paid
O013263,C0211,P0018,2026-05-25,2,188.5,Email
O013264,C0240,P0018,2026-05-25,3,282.75,Referral
O013265,C0557,P0032,2026-05-25,3,159.27,Paid
O013266,C0538,P0006,2026-05-25,1,139.43,Organic
O013267,C0069,P0007,2026-05-25,1,387.23,Paid
O013268,C0147,P0012,2026-05-25,1,73.18,Organic
O013269,C0329,P0009,2026-05-25,3,141.75,Organic
O013270,C0688,P0014,2026-05-25,3,130.11,Organic
O013271,C0173,P0019,2026-05-25,2,298.46,Email
O013272,C0720,P0030,2026-05-25,3,91.5,Paid
O013273,C0161,P0033,2026-05-25,1,82.44,Paid
O013274,C0698,P0039,2026-05-25,1,40.82,Organic
O013275,C0078,P0006,2026-05-26,2,278.86,Referral
O013276,C0270,P0012,2026-05-26,1,73.18,Organic
O013277,C0398,P0015,2026-05-26,1,77.63,Paid
O013278,C0590,P0010,2026-05-26,3,142.32,Email
O013279,C0256,P0024,2026-05-26,3,94.74,Organic
O013280,C0277,P0022,2026-05-26,3,262.38,Paid
O013281,C0579,P0019,2026-05-26,1,149.23,Paid
O013282,C0717,P0019,2026-05-26,2,298.46,Paid
O013283,C0371,P0032,2026-05-26,1,53.09,Referral
O013284,C0377,P0026,2026-05-26,1,47.35,Referral
O013285,C0098,P0034,2026-05-26,1,87.49,Paid
O013286,C0638,P0040,2026-05-26,1,91.63,Organic
O013287,C0717,P0034,2026-05-26,3,262.47,Paid
O013288,C0367,P0033,2026-05-26,1,82.44,Organic
O013289,C0062,P0040,2026-05-26,3,274.89,Paid
O013290,C0408,P0036,2026-05-26,3,174.72,Referral
O013291,C0524,P0033,2026-05-26,2,164.88,Referral
O013292,C0073,P0004,2026-05-26,2,666.42,Organic
O013293,C0794,P0001,2026-05-26,3,1106.34,Organic
O013294,C0614,P0002,2026-05-26,2,180.84,Referral
O013295,C0125,P0012,2026-05-26,1,73.18,Referral
O013296,C0494,P0011,2026-05-26,2,67.96,Paid
O013297,C0644,P0016,2026-05-26,1,30.98,Email
O013298,C0250,P0023,2026-05-26,1,125.29,Referral
O013299,C0287,P0017,2026-05-26,1,20.56,Email
O013300,C0467,P0021,2026-05-26,1,47.04,Email
O013301,C0285,P0017,2026-05-26,3,61.68,Paid
O013302,C0274,P0029,2026-05-26,2,39.54,Paid
O013303,C0006,P0025,2026-05-26,3,89.28,Paid
O013304,C0201,P0039,2026-05-26,1,40.82,Organic
O013305,C0609,P0034,2026-05-26,1,87.49,Organic
O013306,C0439,P0036,2026-05-26,3,174.72,Organic
O013307,C0561,P0005,2026-05-26,1,124.69,Referral
O013308,C0401,P0007,2026-05-26,1,387.23,Organic
O013309,C0561,P0014,2026-05-26,2,86.74,Organic
O013310,C0126,P0012,2026-05-26,1,73.18,Paid
O013311,C0647,P0012,2026-05-26,3,219.54,Paid
O013312,C0513,P0011,2026-05-26,1,33.98,Organic
O013313,C0387,P0013,2026-05-26,3,218.67,Organic
O013314,C0404,P0018,2026-05-26,3,282.75,Referral
O013315,C0404,P0018,2026-05-26,3,282.75,Paid
O013316,C0431,P0019,2026-05-26,2,298.46,Organic
O013317,C0564,P0025,2026-05-26,3,89.28,Paid
O013318,C0513,P0029,2026-05-26,1,19.77,Referral
O013319,C0564,P0038,2026-05-26,3,335.85,Email
O013320,C0699,P0035,2026-05-26,1,118.21,Paid
O013321,C0707,P0004,2026-05-26,3,999.63,Email
O013322,C0753,P0002,2026-05-26,2,180.84,Paid
O013323,C0643,P0011,2026-05-26,1,33.98,Paid
O013324,C0716,P0016,2026-05-26,2,61.96,Organic
O013325,C0001,P0012,2026-05-26,2,146.36,Organic
O013326,C0150,P0010,2026-05-26,2,94.88,Organic
O013327,C0753,P0009,2026-05-26,2,94.5,Paid
O013328,C0453,P0023,2026-05-26,2,250.58,Paid
O013329,C0696,P0024,2026-05-26,1,31.58,Organic
O013330,C0585,P0020,2026-05-26,3,75.06,Organic
O013331,C0673,P0017,2026-05-26,2,41.12,Organic
O013332,C0224,P0021,2026-05-26,3,141.12,Organic
O013333,C0514,P0030,2026-05-26,3,91.5,Organic
O013334,C0090,P0029,2026-05-26,1,19.77,Organic
O013335,C0457,P0032,2026-05-26,2,106.18,Paid
O013336,C0407,P0040,2026-05-26,2,183.26,Referral
O013337,C0070,P0035,2026-05-26,2,236.42,Email
O013338,C0593,P0005,2026-05-27,2,249.38,Organic
O013339,C0487,P0007,2026-05-27,2,774.46,Email
O013340,C0212,P0008,2026-05-27,1,135.26,Organic
O013341,C0120,P0001,2026-05-27,1,368.78,Organic
O013342,C0776,P0003,2026-05-27,1,283.98,Paid
O013343,C0553,P0004,2026-05-27,1,333.21,Organic
O013344,C0310,P0006,2026-05-27,1,139.43,Referral
O013345,C0406,P0009,2026-05-27,2,94.5,Organic
O013346,C0062,P0014,2026-05-27,3,130.11,Organic
O013347,C0226,P0019,2026-05-27,2,298.46,Paid
O013348,C0599,P0019,2026-05-27,2,298.46,Organic
O013349,C0294,P0029,2026-05-27,3,59.31,Organic
O013350,C0116,P0036,2026-05-27,3,174.72,Organic
O013351,C0078,P0036,2026-05-27,2,116.48,Organic
O013352,C0579,P0036,2026-05-27,2,116.48,Referral
O013353,C0605,P0007,2026-05-27,3,1161.69,Referral
O013354,C0064,P0013,2026-05-27,3,218.67,Organic
O013355,C0632,P0012,2026-05-27,3,219.54,Paid
O013356,C0683,P0016,2026-05-27,2,61.96,Organic
O013357,C0155,P0018,2026-05-27,3,282.75,Organic
O013358,C0677,P0024,2026-05-27,1,31.58,Organic
O013359,C0665,P0020,2026-05-27,2,50.04,Paid
O013360,C0250,P0019,2026-05-27,3,447.69,Organic
O013361,C0589,P0031,2026-05-27,1,33.97,Organic
O013362,C0113,P0038,2026-05-27,2,223.9,Organic
O013363,C0033,P0003,2026-05-27,1,283.98,Organic
O013364,C0152,P0005,2026-05-27,3,374.07,Organic
O013365,C0305,P0004,2026-05-27,1,333.21,Organic
O013366,C0565,P0018,2026-05-27,2,188.5,Paid
O013367,C0400,P0034,2026-05-27,2,174.98,Organic
O013368,C0699,P0040,2026-05-27,1,91.63,Email
O013369,C0496,P0036,2026-05-27,2,116.48,Paid
O013370,C0233,P0033,2026-05-27,1,82.44,Organic
O013371,C0034,P0040,2026-05-27,3,274.89,Paid
O013372,C0357,P0011,2026-05-27,1,33.98,Paid
O013373,C0558,P0026,2026-05-27,1,47.35,Organic
O013374,C0090,P0025,2026-05-27,2,59.52,Organic
O013375,C0300,P0026,2026-05-27,1,47.35,Paid
O013376,C0576,P0007,2026-05-28,3,1161.69,Paid
O013377,C0524,P0005,2026-05-28,3,374.07,Email
O013378,C0292,P0003,2026-05-28,1,283.98,Paid
O013379,C0292,P0003,2026-05-28,3,851.94,Organic
O013380,C0209,P0014,2026-05-28,1,43.37,Organic
O013381,C0128,P0013,2026-05-28,2,145.78,Paid
O013382,C0426,P0013,2026-05-28,2,145.78,Organic
O013383,C0685,P0013,2026-05-28,2,145.78,Organic
O013384,C0776,P0018,2026-05-28,2,188.5,Paid
O013385,C0340,P0021,2026-05-28,1,47.04,Organic
O013386,C0055,P0025,2026-05-28,1,29.76,Referral
O013387,C0737,P0036,2026-05-28,1,58.24,Organic
O013388,C0510,P0034,2026-05-28,3,262.47,Organic
O013389,C0575,P0006,2026-05-28,1,139.43,Organic
O013390,C0773,P0008,2026-05-28,1,135.26,Organic
O013391,C0507,P0010,2026-05-28,1,47.44,Organic
O013392,C0285,P0013,2026-05-28,2,145.78,Organic
O013393,C0441,P0012,2026-05-28,1,73.18,Organic
O013394,C0392,P0015,2026-05-28,3,232.89,Referral
O013395,C0201,P0013,2026-05-28,3,218.67,Paid
O013396,C0279,P0021,2026-05-28,1,47.04,Organic
O013397,C0571,P0028,2026-05-28,2,38.88,Email
O013398,C0424,P0037,2026-05-28,1,57.35,Organic
O013399,C0777,P0035,2026-05-28,3,354.63,Email
O013400,C0441,P0033,2026-05-28,2,164.88,Organic
O013401,C0007,P0005,2026-05-28,1,124.69,Email
O013402,C0231,P0006,2026-05-28,1,139.43,Referral
O013403,C0381,P0002,2026-05-28,1,90.42,Paid
O013404,C0033,P0006,2026-05-28,1,139.43,Organic
O013405,C0246,P0005,2026-05-28,1,124.69,Organic
O013406,C0654,P0013,2026-05-28,3,218.67,Referral
O013407,C0647,P0015,2026-05-28,3,232.89,Email
O013408,C0743,P0010,2026-05-28,2,94.88,Paid
O013409,C0389,P0010,2026-05-28,3,142.32,Organic
O013410,C0630,P0014,2026-05-28,1,43.37,Organic
O013411,C0378,P0013,2026-05-28,2,145.78,Email
O013412,C0283,P0018,2026-05-28,1,94.25,Organic
O013413,C0539,P0022,2026-05-28,2,174.92,Organic
O013414,C0610,P0028,2026-05-28,3,58.32,Organic
O013415,C0404,P0027,2026-05-28,2,57.16,Organic
O013416,C0076,P0008,2026-05-28,2,270.52,Organic
O013417,C0676,P0013,2026-05-28,2,145.78,Paid
O013418,C0612,P0017,2026-05-28,3,61.68,Organic
O013419,C0707,P0024,2026-05-28,1,31.58,Organic
O013420,C0023,P0017,2026-05-28,2,41.12,Organic
O013421,C0562,P0029,2026-05-28,1,19.77,Organic
O013422,C0076,P0034,2026-05-28,1,87.49,Paid
O013423,C0581,P0002,2026-05-29,2,180.84,Organic
O013424,C0055,P0003,2026-05-29,3,851.94,Paid
O013425,C0535,P0008,2026-05-29,2,270.52,Organic
O013426,C0493,P0005,2026-05-29,2,249.38,Organic
O013427,C0351,P0016,2026-05-29,1,30.98,Referral
O013428,C0171,P0013,2026-05-29,1,72.89,Email
O013429,C0617,P0018,2026-05-29,1,94.25,Paid
O013430,C0235,P0019,2026-05-29,3,447.69,Referral
O013431,C0003,P0026,2026-05-29,2,94.7,Referral
O013432,C0765,P0029,2026-05-29,3,59.31,Paid
O013433,C0035,P0033,2026-05-29,2,164.88,Organic
O013434,C0098,P0040,2026-05-29,3,274.89,Organic
O013435,C0109,P0039,2026-05-29,3,122.46,Organic
O013436,C0139,P0008,2026-05-29,1,135.26,Organic
O013437,C0632,P0002,2026-05-29,1,90.42,Organic
O013438,C0018,P0011,2026-05-29,1,33.98,Email
O013439,C0740,P0015,2026-05-29,3,232.89,Organic
O013440,C0017,P0023,2026-05-29,2,250.58,Paid
O013441,C0075,P0023,2026-05-29,1,125.29,Referral
O013442,C0079,P0021,2026-05-29,3,141.12,Paid
O013443,C0623,P0030,2026-05-29,3,91.5,Organic
O013444,C0594,P0030,2026-05-29,1,30.5,Organic
O013445,C0073,P0030,2026-05-29,2,61.0,Organic
O013446,C0344,P0030,2026-05-29,2,61.0,Organic
O013447,C0139,P0032,2026-05-29,2,106.18,Organic
O013448,C0795,P0034,2026-05-29,1,87.49,Organic
O013449,C0227,P0003,2026-05-29,3,851.94,Organic
O013450,C0506,P0007,2026-05-29,1,387.23,Referral
O013451,C0650,P0002,2026-05-29,3,271.26,Paid
O013452,C0564,P0014,2026-05-29,1,43.37,Email
O013453,C0515,P0011,2026-05-29,2,67.96,Paid
O013454,C0539,P0015,2026-05-29,2,155.26,Email
O013455,C0099,P0012,2026-05-29,3,219.54,Email
O013456,C0040,P0016,2026-05-29,1,30.98,Email
O013457,C0299,P0016,2026-05-29,3,92.94,Paid
O013458,C0233,P0015,2026-05-29,1,77.63,Email
O013459,C0680,P0012,2026-05-29,1,73.18,Email
O013460,C0325,P0022,2026-05-29,3,262.38,Organic
O013461,C0213,P0022,2026-05-29,2,174.92,Paid
O013462,C0389,P0020,2026-05-29,3,75.06,Paid
O013463,C0099,P0020,2026-05-29,1,25.02,Paid
O013464,C0682,P0030,2026-05-29,2,61.0,Organic
O013465,C0138,P0030,2026-05-29,3,91.5,Paid
O013466,C0227,P0039,2026-05-29,1,40.82,Organic
O013467,C0300,P0006,2026-05-29,3,418.29,Organic
O013468,C0192,P0003,2026-05-29,3,851.94,Referral
O013469,C0652,P0002,2026-05-29,1,90.42,Email
O013470,C0504,P0007,2026-05-29,3,1161.69,Organic
O013471,C0758,P0010,2026-05-29,2,94.88,Paid
O013472,C0744,P0014,2026-05-29,2,86.74,Organic
O013473,C0666,P0021,2026-05-29,3,141.12,Paid
O013474,C0643,P0032,2026-05-29,2,106.18,Paid
O013475,C0261,P0032,2026-05-29,3,159.27,Organic
O013476,C0093,P0031,2026-05-29,3,101.91,Organic
O013477,C0013,P0031,2026-05-29,3,101.91,Referral
O013478,C0636,P0031,2026-05-29,1,33.97,Referral
O013479,C0232,P0034,2026-05-29,2,174.98,Organic
O013480,C0394,P0036,2026-05-29,2,116.48,Organic
O013481,C0512,P0038,2026-05-29,2,223.9,Organic
O013482,C0136,P0001,2026-05-30,2,737.56,Paid
O013483,C0098,P0007,2026-05-30,1,387.23,Organic
O013484,C0398,P0004,2026-05-30,2,666.42,Organic
O013485,C0137,P0003,2026-05-30,1,283.98,Referral
O013486,C0697,P0016,2026-05-30,3,92.94,Paid
O013487,C0570,P0014,2026-05-30,3,130.11,Paid
O013488,C0487,P0014,2026-05-30,3,130.11,Paid
O013489,C0472,P0017,2026-05-30,1,20.56,Organic
O013490,C0062,P0019,2026-05-30,2,298.46,Organic
O013491,C0218,P0024,2026-05-30,2,63.16,Organic
O013492,C0141,P0025,2026-05-30,3,89.28,Organic
O013493,C0461,P0030,2026-05-30,3,91.5,Organic
O013494,C0380,P0032,2026-05-30,1,53.09,Organic
O013495,C0277,P0031,2026-05-30,3,101.91,Referral
O013496,C0382,P0032,2026-05-30,3,159.27,Organic
O013497,C0459,P0034,2026-05-30,3,262.47,Paid
O013498,C0590,P0037,2026-05-30,2,114.7,Organic
O013499,C0241,P0001,2026-05-30,1,368.78,Referral
O013500,C0785,P0007,2026-05-30,2,774.46,Organic
O013501,C0569,P0002,2026-05-30,3,271.26,Email
O013502,C0786,P0006,2026-05-30,1,139.43,Organic
O013503,C0185,P0008,2026-05-30,3,405.78,Referral
O013504,C0326,P0015,2026-05-30,2,155.26,Paid
O013505,C0766,P0016,2026-05-30,2,61.96,Referral
O013506,C0773,P0020,2026-05-30,2,50.04,Organic
O013507,C0018,P0022,2026-05-30,1,87.46,Referral
O013508,C0764,P0021,2026-05-30,2,94.08,Organic
O013509,C0056,P0021,2026-05-30,2,94.08,Organic
O013510,C0366,P0025,2026-05-30,3,89.28,Organic
O013511,C0687,P0036,2026-05-30,3,174.72,Organic
O013512,C0795,P0038,2026-05-30,2,223.9,Referral
O013513,C0286,P0033,2026-05-30,1,82.44,Referral
O013514,C0018,P0036,2026-05-30,3,174.72,Organic
O013515,C0586,P0036,2026-05-30,3,174.72,Organic
O013516,C0155,P0036,2026-05-30,1,58.24,Organic
O013517,C0323,P0003,2026-05-30,1,283.98,Paid
O013518,C0092,P0003,2026-05-30,3,851.94,Referral
O013519,C0196,P0014,2026-05-30,1,43.37,Paid
O013520,C0647,P0023,2026-05-30,2,250.58,Organic
O013521,C0108,P0018,2026-05-30,3,282.75,Organic
O013522,C0681,P0019,2026-05-30,1,149.23,Organic
O013523,C0032,P0032,2026-05-30,3,159.27,Email
O013524,C0126,P0034,2026-05-30,1,87.49,Email
O013525,C0709,P0040,2026-05-30,1,91.63,Referral
O013526,C0432,P0006,2026-05-30,2,278.86,Paid
O013527,C0448,P0002,2026-05-30,1,90.42,Organic
O013528,C0568,P0002,2026-05-30,2,180.84,Organic
O013529,C0716,P0002,2026-05-30,3,271.26,Email
O013530,C0568,P0004,2026-05-30,3,999.63,Organic
O013531,C0744,P0006,2026-05-30,1,139.43,Paid
O013532,C0771,P0010,2026-05-30,3,142.32,Referral
O013533,C0358,P0011,2026-05-30,1,33.98,Referral
O013534,C0288,P0011,2026-05-30,3,101.94,Organic
O013535,C0636,P0010,2026-05-30,3,142.32,Paid
O013536,C0072,P0024,2026-05-30,2,63.16,Organic
O013537,C0653,P0027,2026-05-30,1,28.58,Organic
O013538,C0716,P0031,2026-05-30,1,33.97,Organic
O013539,C0150,P0030,2026-05-30,3,91.5,Organic
O013540,C0715,P0035,2026-05-30,1,118.21,Email
O013541,C0393,P0036,2026-05-30,1,58.24,Organic
O013542,C0395,P0035,2026-05-30,2,236.42,Paid
O013543,C0591,P0037,2026-05-30,3,172.05,Organic
O013544,C0181,P0039,2026-05-30,1,40.82,Paid
O013545,C0702,P0036,2026-05-30,1,58.24,Organic
O013546,C0758,P0037,2026-05-30,3,172.05,Organic
O013547,C0407,P0036,2026-05-30,2,116.48,Paid
O013548,C0369,P0001,2026-05-31,2,737.56,Organic
O013549,C0452,P0005,2026-05-31,3,374.07,Referral
O013550,C0218,P0015,2026-05-31,2,155.26,Organic
O013551,C0620,P0016,2026-05-31,3,92.94,Referral
O013552,C0553,P0022,2026-05-31,2,174.92,Organic
O013553,C0461,P0018,2026-05-31,1,94.25,Organic
O013554,C0382,P0018,2026-05-31,2,188.5,Organic
O013555,C0219,P0031,2026-05-31,1,33.97,Paid
O013556,C0088,P0026,2026-05-31,3,142.05,Organic
O013557,C0697,P0033,2026-05-31,3,247.32,Paid
O013558,C0015,P0034,2026-05-31,3,262.47,Paid
O013559,C0141,P0036,2026-05-31,1,58.24,Organic
O013560,C0342,P0039,2026-05-31,1,40.82,Organic
O013561,C0089,P0008,2026-05-31,2,270.52,Organic
O013562,C0287,P0007,2026-05-31,2,774.46,Referral
O013563,C0119,P0012,2026-05-31,1,73.18,Paid
O013564,C0775,P0012,2026-05-31,1,73.18,Paid
O013565,C0683,P0016,2026-05-31,3,92.94,Organic
O013566,C0017,P0010,2026-05-31,1,47.44,Referral
O013567,C0424,P0014,2026-05-31,1,43.37,Organic
O013568,C0605,P0009,2026-05-31,2,94.5,Paid
O013569,C0672,P0017,2026-05-31,3,61.68,Organic
O013570,C0297,P0020,2026-05-31,3,75.06,Organic
O013571,C0286,P0022,2026-05-31,3,262.38,Email
O013572,C0519,P0022,2026-05-31,3,262.38,Organic
O013573,C0454,P0036,2026-05-31,3,174.72,Referral
O013574,C0071,P0039,2026-05-31,2,81.64,Organic
O013575,C0006,P0040,2026-05-31,1,91.63,Paid
O013576,C0239,P0038,2026-05-31,3,335.85,Organic
O013577,C0545,P0037,2026-05-31,2,114.7,Email
O013578,C0211,P0001,2026-05-31,1,368.78,Organic
O013579,C0436,P0014,2026-05-31,3,130.11,Email
O013580,C0601,P0023,2026-05-31,1,125.29,Paid
O013581,C0436,P0030,2026-05-31,3,91.5,Paid
O013582,C0405,P0030,2026-05-31,1,30.5,Organic
O013583,C0742,P0029,2026-05-31,3,59.31,Email
O013584,C0175,P0036,2026-05-31,3,174.72,Referral
O013585,C0387,P0033,2026-05-31,3,247.32,Paid
O013586,C0436,P0040,2026-05-31,1,91.63,Organic
O013587,C0490,P0033,2026-05-31,3,247.32,Organic
O013588,C0726,P0003,2026-05-31,3,851.94,Email
O013589,C0736,P0016,2026-05-31,1,30.98,Organic
O013590,C0372,P0016,2026-05-31,2,61.96,Paid
O013591,C0434,P0015,2026-05-31,3,232.89,Email
O013592,C0550,P0012,2026-05-31,3,219.54,Organic
O013593,C0004,P0023,2026-05-31,2,250.58,Paid
O013594,C0730,P0023,2026-05-31,1,125.29,Paid
O013595,C0552,P0023,2026-05-31,1,125.29,Email
O013596,C0538,P0031,2026-05-31,3,101.91,Organic
O013597,C0076,P0029,2026-05-31,1,19.77,Paid
O013598,C0354,P0028,2026-05-31,1,19.44,Email
O013599,C0762,P0034,2026-05-31,3,262.47,Paid
O013600,C0399,P0001,2026-06-01,2,737.56,Referral
O013601,C0796,P0002,2026-06-01,2,180.84,Paid
O013602,C0593,P0002,2026-06-01,3,271.26,Organic
O013603,C0406,P0007,2026-06-01,2,774.46,Paid
O013604,C0295,P0016,2026-06-01,1,30.98,Organic
O013605,C0581,P0011,2026-06-01,1,33.98,Organic
O013606,C0322,P0020,2026-06-01,2,50.04,Referral
O013607,C0100,P0019,2026-06-01,1,149.23,Organic
O013608,C0363,P0023,2026-06-01,1,125.29,Referral
O013609,C0472,P0026,2026-06-01,3,142.05,Organic
O013610,C0719,P0032,2026-06-01,2,106.18,Organic
O013611,C0549,P0028,2026-06-01,1,19.44,Organic
O013612,C0433,P0028,2026-06-01,1,19.44,Organic
O013613,C0638,P0029,2026-06-01,2,39.54,Paid
O013614,C0397,P0006,2026-06-01,1,139.43,Organic
O013615,C0087,P0002,2026-06-01,1,90.42,Organic
O013616,C0587,P0006,2026-06-01,3,418.29,Paid
O013617,C0178,P0008,2026-06-01,3,405.78,Organic
O013618,C0047,P0005,2026-06-01,1,124.69,Email
O013619,C0766,P0021,2026-06-01,1,47.04,Paid
O013620,C0772,P0027,2026-06-01,3,85.74,Paid
O013621,C0494,P0033,2026-06-01,3,247.32,Paid
O013622,C0637,P0034,2026-06-01,2,174.98,Organic
O013623,C0308,P0037,2026-06-01,3,172.05,Organic
O013624,C0499,P0003,2026-06-01,2,567.96,Paid
O013625,C0099,P0010,2026-06-01,2,94.88,Paid
O013626,C0124,P0028,2026-06-01,3,58.32,Organic
O013627,C0167,P0028,2026-06-01,1,19.44,Organic
O013628,C0565,P0035,2026-06-01,3,354.63,Organic
O013629,C0091,P0006,2026-06-01,3,418.29,Organic
O013630,C0498,P0006,2026-06-01,1,139.43,Paid
O013631,C0572,P0002,2026-06-01,2,180.84,Email
O013632,C0110,P0003,2026-06-01,1,283.98,Organic
O013633,C0800,P0009,2026-06-01,1,47.25,Organic
O013634,C0402,P0020,2026-06-01,1,25.02,Organic
O013635,C0698,P0022,2026-06-01,3,262.38,Organic
O013636,C0442,P0021,2026-06-01,3,141.12,Organic
O013637,C0023,P0022,2026-06-01,2,174.92,Organic
O013638,C0419,P0024,2026-06-01,2,63.16,Referral
O013639,C0781,P0022,2026-06-01,1,87.46,Paid
O013640,C0636,P0029,2026-06-01,3,59.31,Organic
O013641,C0782,P0039,2026-06-01,1,40.82,Organic
O013642,C0281,P0007,2026-06-02,1,387.23,Paid
O013643,C0521,P0002,2026-06-02,1,90.42,Organic
O013644,C0583,P0003,2026-06-02,1,283.98,Paid
O013645,C0050,P0011,2026-06-02,1,33.98,Paid
O013646,C0541,P0016,2026-06-02,3,92.94,Referral
O013647,C0055,P0019,2026-06-02,1,149.23,Organic
O013648,C0035,P0023,2026-06-02,2,250.58,Email
O013649,C0131,P0029,2026-06-02,2,39.54,Paid
O013650,C0482,P0025,2026-06-02,1,29.76,Paid
O013651,C0270,P0029,2026-06-02,1,19.77,Email
O013652,C0341,P0030,2026-06-02,2,61.0,Paid
O013653,C0428,P0025,2026-06-02,2,59.52,Email
O013654,C0593,P0037,2026-06-02,2,114.7,Referral
O013655,C0237,P0034,2026-06-02,3,262.47,Organic
O013656,C0520,P0006,2026-06-02,1,139.43,Organic
O013657,C0786,P0009,2026-06-02,3,141.75,Paid
O013658,C0728,P0013,2026-06-02,1,72.89,Organic
O013659,C0665,P0016,2026-06-02,1,30.98,Organic
O013660,C0439,P0028,2026-06-02,3,58.32,Organic
O013661,C0728,P0030,2026-06-02,2,61.0,Paid
O013662,C0764,P0027,2026-06-02,3,85.74,Organic
O013663,C0614,P0038,2026-06-02,2,223.9,Organic
O013664,C0508,P0034,2026-06-02,2,174.98,Paid
O013665,C0557,P0008,2026-06-02,3,405.78,Paid
O013666,C0269,P0005,2026-06-02,3,374.07,Organic
O013667,C0438,P0001,2026-06-02,2,737.56,Paid
O013668,C0440,P0014,2026-06-02,3,130.11,Referral
O013669,C0564,P0010,2026-06-02,3,142.32,Email
O013670,C0245,P0015,2026-06-02,1,77.63,Paid
O013671,C0400,P0024,2026-06-02,3,94.74,Organic
O013672,C0757,P0038,2026-06-02,2,223.9,Organic
O013673,C0744,P0008,2026-06-02,1,135.26,Organic
O013674,C0091,P0007,2026-06-02,2,774.46,Paid
O013675,C0704,P0003,2026-06-02,3,851.94,Referral
O013676,C0394,P0011,2026-06-02,2,67.96,Organic
O013677,C0779,P0015,2026-06-02,1,77.63,Paid
O013678,C0289,P0018,2026-06-02,3,282.75,Email
O013679,C0621,P0030,2026-06-02,2,61.0,Paid
O013680,C0282,P0028,2026-06-02,1,19.44,Organic
O013681,C0248,P0040,2026-06-02,3,274.89,Organic
O013682,C0514,P0033,2026-06-02,1,82.44,Organic
O013683,C0313,P0038,2026-06-02,2,223.9,Paid
O013684,C0151,P0036,2026-06-02,1,58.24,Email
O013685,C0759,P0007,2026-06-03,2,774.46,Email
O013686,C0717,P0007,2026-06-03,2,774.46,Organic
O013687,C0618,P0001,2026-06-03,2,737.56,Paid
O013688,C0697,P0009,2026-06-03,1,47.25,Referral
O013689,C0619,P0014,2026-06-03,2,86.74,Email
O013690,C0619,P0016,2026-06-03,1,30.98,Organic
O013691,C0579,P0014,2026-06-03,1,43.37,Paid
O013692,C0685,P0016,2026-06-03,3,92.94,Referral
O013693,C0501,P0019,2026-06-03,2,298.46,Organic
O013694,C0718,P0032,2026-06-03,3,159.27,Organic
O013695,C0208,P0029,2026-06-03,1,19.77,Paid
O013696,C0104,P0029,2026-06-03,1,19.77,Email
O013697,C0567,P0036,2026-06-03,3,174.72,Paid
O013698,C0464,P0033,2026-06-03,3,247.32,Organic
O013699,C0207,P0036,2026-06-03,3,174.72,Referral
O013700,C0270,P0039,2026-06-03,1,40.82,Organic
O013701,C0430,P0008,2026-06-03,2,270.52,Paid
O013702,C0086,P0003,2026-06-03,3,851.94,Email
O013703,C0249,P0001,2026-06-03,3,1106.34,Organic
O013704,C0223,P0002,2026-06-03,3,271.26,Paid
O013705,C0344,P0011,2026-06-03,3,101.94,Organic
O013706,C0024,P0009,2026-06-03,3,141.75,Organic
O013707,C0455,P0019,2026-06-03,1,149.23,Organic
O013708,C0785,P0028,2026-06-03,3,58.32,Organic
O013709,C0713,P0039,2026-06-03,1,40.82,Paid
O013710,C0520,P0035,2026-06-03,3,354.63,Organic
O013711,C0580,P0037,2026-06-03,1,57.35,Organic
O013712,C0533,P0039,2026-06-03,3,122.46,Organic
O013713,C0430,P0033,2026-06-03,1,82.44,Organic
O013714,C0644,P0039,2026-06-03,2,81.64,Organic
O013715,C0476,P0003,2026-06-03,1,283.98,Organic
O013716,C0574,P0008,2026-06-03,3,405.78,Paid
O013717,C0143,P0001,2026-06-03,3,1106.34,Paid
O013718,C0283,P0010,2026-06-03,2,94.88,Organic
O013719,C0378,P0015,2026-06-03,1,77.63,Organic
O013720,C0325,P0013,2026-06-03,3,218.67,Organic
O013721,C0680,P0010,2026-06-03,3,142.32,Organic
O013722,C0361,P0023,2026-06-03,1,125.29,Email
O013723,C0607,P0021,2026-06-03,1,47.04,Organic
O013724,C0405,P0021,2026-06-03,3,141.12,Referral
O013725,C0757,P0027,2026-06-03,3,85.74,Organic
O013726,C0022,P0032,2026-06-03,3,159.27,Email
O013727,C0245,P0031,2026-06-03,1,33.97,Email
O013728,C0143,P0032,2026-06-03,2,106.18,Paid
O013729,C0561,P0039,2026-06-03,2,81.64,Referral
O013730,C0031,P0040,2026-06-03,3,274.89,Paid
O013731,C0529,P0005,2026-06-03,2,249.38,Organic
O013732,C0329,P0007,2026-06-03,2,774.46,Email
O013733,C0288,P0004,2026-06-03,3,999.63,Paid
O013734,C0284,P0015,2026-06-03,2,155.26,Organic
O013735,C0004,P0016,2026-06-03,1,30.98,Organic
O013736,C0069,P0022,2026-06-03,1,87.46,Paid
O013737,C0770,P0022,2026-06-03,2,174.92,Paid
O013738,C0695,P0026,2026-06-03,3,142.05,Paid
O013739,C0484,P0028,2026-06-03,1,19.44,Referral
O013740,C0117,P0026,2026-06-03,1,47.35,Paid
O013741,C0084,P0027,2026-06-03,2,57.16,Organic
O013742,C0512,P0030,2026-06-03,2,61.0,Organic
O013743,C0407,P0038,2026-06-03,1,111.95,Referral
O013744,C0472,P0009,2026-06-04,3,141.75,Organic
O013745,C0593,P0013,2026-06-04,2,145.78,Organic
O013746,C0796,P0019,2026-06-04,3,447.69,Organic
O013747,C0546,P0020,2026-06-04,2,50.04,Organic
O013748,C0524,P0024,2026-06-04,2,63.16,Referral
O013749,C0551,P0024,2026-06-04,3,94.74,Email
O013750,C0581,P0028,2026-06-04,2,38.88,Organic
O013751,C0342,P0027,2026-06-04,1,28.58,Organic
O013752,C0433,P0031,2026-06-04,2,67.94,Paid
O013753,C0729,P0026,2026-06-04,2,94.7,Organic
O013754,C0523,P0025,2026-06-04,2,59.52,Paid
O013755,C0765,P0035,2026-06-04,3,354.63,Referral
O013756,C0119,P0003,2026-06-04,3,851.94,Organic
O013757,C0713,P0004,2026-06-04,1,333.21,Organic
O013758,C0366,P0003,2026-06-04,2,567.96,Email
O013759,C0079,P0003,2026-06-04,2,567.96,Organic
O013760,C0527,P0014,2026-06-04,2,86.74,Organic
O013761,C0132,P0017,2026-06-04,1,20.56,Organic
O013762,C0071,P0017,2026-06-04,2,41.12,Organic
O013763,C0750,P0019,2026-06-04,2,298.46,Organic
O013764,C0006,P0019,2026-06-04,1,149.23,Paid
O013765,C0254,P0018,2026-06-04,2,188.5,Email
O013766,C0586,P0022,2026-06-04,2,174.92,Organic
O013767,C0193,P0027,2026-06-04,2,57.16,Organic
O013768,C0376,P0026,2026-06-04,2,94.7,Email
O013769,C0486,P0029,2026-06-04,1,19.77,Paid
O013770,C0507,P0032,2026-06-04,3,159.27,Organic
O013771,C0397,P0029,2026-06-04,1,19.77,Email
O013772,C0563,P0036,2026-06-04,3,174.72,Referral
O013773,C0127,P0035,2026-06-04,2,236.42,Paid
O013774,C0391,P0040,2026-06-04,1,91.63,Organic
O013775,C0305,P0024,2026-06-04,1,31.58,Organic
O013776,C0506,P0023,2026-06-04,2,250.58,Email
O013777,C0124,P0029,2026-06-04,3,59.31,Organic
O013778,C0548,P0030,2026-06-04,3,91.5,Paid
O013779,C0780,P0028,2026-06-04,2,38.88,Organic
O013780,C0630,P0040,2026-06-04,2,183.26,Organic
O013781,C0767,P0033,2026-06-04,2,164.88,Email
O013782,C0383,P0008,2026-06-04,2,270.52,Referral
O013783,C0727,P0008,2026-06-04,2,270.52,Referral
O013784,C0479,P0002,2026-06-04,1,90.42,Paid
O013785,C0265,P0007,2026-06-04,1,387.23,Paid
O013786,C0602,P0007,2026-06-04,1,387.23,Referral
O013787,C0427,P0001,2026-06-04,2,737.56,Organic
O013788,C0475,P0023,2026-06-04,1,125.29,Organic
O013789,C0232,P0029,2026-06-04,2,39.54,Email
O013790,C0458,P0033,2026-06-04,1,82.44,Paid
O013791,C0419,P0037,2026-06-04,3,172.05,Email
O013792,C0784,P0008,2026-06-05,3,405.78,Paid
O013793,C0235,P0006,2026-06-05,3,418.29,Paid
O013794,C0298,P0002,2026-06-05,2,180.84,Referral
O013795,C0613,P0012,2026-06-05,3,219.54,Organic
O013796,C0235,P0016,2026-06-05,1,30.98,Email
O013797,C0671,P0013,2026-06-05,1,72.89,Paid
O013798,C0030,P0018,2026-06-05,3,282.75,Organic
O013799,C0281,P0024,2026-06-05,1,31.58,Organic
O013800,C0577,P0030,2026-06-05,1,30.5,Organic
O013801,C0567,P0030,2026-06-05,2,61.0,Email
O013802,C0035,P0034,2026-06-05,3,262.47,Organic
O013803,C0708,P0033,2026-06-05,3,247.32,Email
O013804,C0295,P0040,2026-06-05,3,274.89,Email
O013805,C0158,P0008,2026-06-05,3,405.78,Paid
O013806,C0156,P0006,2026-06-05,2,278.86,Organic
O013807,C0486,P0003,2026-06-05,1,283.98,Paid
O013808,C0089,P0005,2026-06-05,3,374.07,Paid
O013809,C0750,P0005,2026-06-05,3,374.07,Paid
O013810,C0155,P0006,2026-06-05,1,139.43,Paid
O013811,C0134,P0016,2026-06-05,3,92.94,Email
O013812,C0560,P0014,2026-06-05,3,130.11,Referral
O013813,C0255,P0014,2026-06-05,1,43.37,Paid
O013814,C0508,P0020,2026-06-05,3,75.06,Paid
O013815,C0608,P0026,2026-06-05,1,47.35,Paid
O013816,C0575,P0030,2026-06-05,1,30.5,Paid
O013817,C0489,P0036,2026-06-05,2,116.48,Organic
O013818,C0139,P0035,2026-06-05,3,354.63,Email
O013819,C0054,P0034,2026-06-05,2,174.98,Organic
O013820,C0305,P0003,2026-06-05,3,851.94,Organic
O013821,C0422,P0026,2026-06-05,3,142.05,Email
O013822,C0561,P0032,2026-06-05,3,159.27,Paid
O013823,C0733,P0040,2026-06-05,3,274.89,Paid
O013824,C0167,P0038,2026-06-05,2,223.9,Paid
O013825,C0165,P0037,2026-06-05,3,172.05,Organic
O013826,C0763,P0038,2026-06-05,1,111.95,Email
O013827,C0591,P0006,2026-06-05,3,418.29,Organic
O013828,C0468,P0001,2026-06-05,3,1106.34,Referral
O013829,C0284,P0003,2026-06-05,1,283.98,Email
O013830,C0076,P0003,2026-06-05,1,283.98,Referral
O013831,C0591,P0002,2026-06-05,2,180.84,Organic
O013832,C0470,P0003,2026-06-05,1,283.98,Organic
O013833,C0584,P0013,2026-06-05,3,218.67,Organic
O013834,C0296,P0014,2026-06-05,3,130.11,Organic
O013835,C0328,P0015,2026-06-05,3,232.89,Organic
O013836,C0782,P0017,2026-06-05,2,41.12,Organic
O013837,C0121,P0020,2026-06-05,2,50.04,Paid
O013838,C0261,P0020,2026-06-05,2,50.04,Organic
O013839,C0550,P0027,2026-06-05,2,57.16,Paid
O013840,C0394,P0031,2026-06-05,1,33.97,Paid
O013841,C0179,P0027,2026-06-05,2,57.16,Paid
O013842,C0272,P0031,2026-06-05,1,33.97,Paid
O013843,C0148,P0038,2026-06-05,3,335.85,Email
O013844,C0310,P0005,2026-06-06,2,249.38,Organic
O013845,C0114,P0004,2026-06-06,1,333.21,Organic
O013846,C0524,P0011,2026-06-06,2,67.96,Email
O013847,C0380,P0014,2026-06-06,2,86.74,Organic
O013848,C0169,P0021,2026-06-06,3,141.12,Email
O013849,C0799,P0031,2026-06-06,2,67.94,Organic
O013850,C0195,P0025,2026-06-06,2,59.52,Paid
O013851,C0396,P0038,2026-06-06,2,223.9,Paid
O013852,C0385,P0033,2026-06-06,3,247.32,Paid
O013853,C0157,P0034,2026-06-06,2,174.98,Organic
O013854,C0168,P0040,2026-06-06,1,91.63,Organic
O013855,C0397,P0001,2026-06-06,2,737.56,Paid
O013856,C0519,P0015,2026-06-06,3,232.89,Organic
O013857,C0508,P0012,2026-06-06,1,73.18,Paid
O013858,C0473,P0015,2026-06-06,2,155.26,Email
O013859,C0701,P0014,2026-06-06,1,43.37,Paid
O013860,C0622,P0012,2026-06-06,2,146.36,Organic
O013861,C0039,P0017,2026-06-06,1,20.56,Paid
O013862,C0534,P0018,2026-06-06,1,94.25,Referral
O013863,C0563,P0023,2026-06-06,2,250.58,Paid
O013864,C0520,P0027,2026-06-06,3,85.74,Paid
O013865,C0287,P0031,2026-06-06,2,67.94,Organic
O013866,C0635,P0038,2026-06-06,3,335.85,Organic
O013867,C0476,P0003,2026-06-06,2,567.96,Referral
O013868,C0360,P0006,2026-06-06,3,418.29,Email
O013869,C0711,P0004,2026-06-06,1,333.21,Paid
O013870,C0213,P0008,2026-06-06,2,270.52,Referral
O013871,C0350,P0002,2026-06-06,1,90.42,Organic
O013872,C0565,P0013,2026-06-06,1,72.89,Organic
O013873,C0061,P0015,2026-06-06,1,77.63,Paid
O013874,C0251,P0010,2026-06-06,1,47.44,Organic
O013875,C0692,P0010,2026-06-06,1,47.44,Email
O013876,C0194,P0023,2026-06-06,1,125.29,Referral
O013877,C0080,P0029,2026-06-06,3,59.31,Organic
O013878,C0095,P0026,2026-06-06,1,47.35,Organic
O013879,C0515,P0036,2026-06-06,2,116.48,Organic
O013880,C0025,P0040,2026-06-06,3,274.89,Referral
O013881,C0503,P0039,2026-06-06,2,81.64,Organic
O013882,C0166,P0038,2026-06-06,1,111.95,Email
O013883,C0299,P0034,2026-06-06,2,174.98,Paid
O013884,C0574,P0037,2026-06-06,2,114.7,Paid
O013885,C0727,P0004,2026-06-06,1,333.21,Paid
O013886,C0693,P0007,2026-06-06,2,774.46,Paid
O013887,C0394,P0005,2026-06-06,3,374.07,Organic
O013888,C0091,P0002,2026-06-06,3,271.26,Paid
O013889,C0475,P0013,2026-06-06,2,145.78,Paid
O013890,C0753,P0017,2026-06-06,3,61.68,Organic
O013891,C0161,P0020,2026-06-06,1,25.02,Email
O013892,C0288,P0023,2026-06-06,2,250.58,Paid
O013893,C0797,P0018,2026-06-06,2,188.5,Paid
O013894,C0053,P0030,2026-06-06,1,30.5,Organic
O013895,C0707,P0032,2026-06-06,3,159.27,Organic
O013896,C0328,P0030,2026-06-06,3,91.5,Organic
O013897,C0354,P0032,2026-06-06,3,159.27,Organic
O013898,C0678,P0040,2026-06-06,1,91.63,Paid
O013899,C0300,P0034,2026-06-06,2,174.98,Organic
O013900,C0484,P0036,2026-06-06,2,116.48,Paid
O013901,C0478,P0039,2026-06-06,1,40.82,Referral
O013902,C0149,P0040,2026-06-06,1,91.63,Organic
O013903,C0229,P0035,2026-06-06,1,118.21,Organic
O013904,C0640,P0035,2026-06-06,1,118.21,Organic
O013905,C0395,P0037,2026-06-06,1,57.35,Organic
O013906,C0084,P0039,2026-06-06,2,81.64,Paid
O013907,C0640,P0036,2026-06-06,3,174.72,Referral
O013908,C0755,P0006,2026-06-07,2,278.86,Organic
O013909,C0626,P0005,2026-06-07,2,249.38,Paid
O013910,C0114,P0004,2026-06-07,1,333.21,Organic
O013911,C0195,P0003,2026-06-07,2,567.96,Organic
O013912,C0225,P0013,2026-06-07,1,72.89,Paid
O013913,C0388,P0013,2026-06-07,3,218.67,Organic
O013914,C0131,P0023,2026-06-07,1,125.29,Email
O013915,C0778,P0024,2026-06-07,1,31.58,Paid
O013916,C0464,P0019,2026-06-07,2,298.46,Paid
O013917,C0035,P0022,2026-06-07,1,87.46,Organic
O013918,C0065,P0027,2026-06-07,3,85.74,Organic
O013919,C0768,P0032,2026-06-07,3,159.27,Organic
O013920,C0723,P0038,2026-06-07,3,335.85,Email
O013921,C0369,P0038,2026-06-07,3,335.85,Organic
O013922,C0340,P0040,2026-06-07,3,274.89,Organic
O013923,C0351,P0033,2026-06-07,1,82.44,Email
O013924,C0534,P0001,2026-06-07,1,368.78,Organic
O013925,C0155,P0004,2026-06-07,1,333.21,Organic
O013926,C0204,P0002,2026-06-07,2,180.84,Paid
O013927,C0094,P0010,2026-06-07,3,142.32,Organic
O013928,C0160,P0013,2026-06-07,1,72.89,Paid
O013929,C0449,P0018,2026-06-07,3,282.75,Paid
O013930,C0795,P0023,2026-06-07,2,250.58,Organic
O013931,C0580,P0025,2026-06-07,1,29.76,Paid
O013932,C0132,P0038,2026-06-07,2,223.9,Organic
O013933,C0441,P0037,2026-06-07,1,57.35,Paid
O013934,C0622,P0033,2026-06-07,3,247.32,Organic
O013935,C0259,P0037,2026-06-07,3,172.05,Email
O013936,C0397,P0035,2026-06-07,1,118.21,Paid
O013937,C0183,P0007,2026-06-07,3,1161.69,Referral
O013938,C0095,P0005,2026-06-07,3,374.07,Paid
O013939,C0220,P0005,2026-06-07,1,124.69,Paid
O013940,C0787,P0009,2026-06-07,3,141.75,Organic
O013941,C0361,P0023,2026-06-07,2,250.58,Email
O013942,C0138,P0024,2026-06-07,1,31.58,Organic
O013943,C0509,P0017,2026-06-07,1,20.56,Email
O013944,C0197,P0031,2026-06-07,1,33.97,Paid
O013945,C0173,P0004,2026-06-07,2,666.42,Organic
O013946,C0724,P0003,2026-06-07,1,283.98,Organic
O013947,C0252,P0014,2026-06-07,1,43.37,Organic
O013948,C0053,P0013,2026-06-07,2,145.78,Paid
O013949,C0090,P0031,2026-06-07,3,101.91,Email
O013950,C0252,P0025,2026-06-07,2,59.52,Organic
O013951,C0256,P0003,2026-06-08,1,283.98,Paid
O013952,C0388,P0008,2026-06-08,3,405.78,Organic
O013953,C0317,P0006,2026-06-08,3,418.29,Organic
O013954,C0669,P0014,2026-06-08,1,43.37,Organic
O013955,C0168,P0010,2026-06-08,2,94.88,Referral
O013956,C0097,P0014,2026-06-08,3,130.11,Paid
O013957,C0618,P0024,2026-06-08,3,94.74,Paid
O013958,C0425,P0017,2026-06-08,1,20.56,Organic
O013959,C0671,P0024,2026-06-08,3,94.74,Paid
O013960,C0298,P0017,2026-06-08,1,20.56,Organic
O013961,C0776,P0019,2026-06-08,3,447.69,Paid
O013962,C0765,P0028,2026-06-08,2,38.88,Organic
O013963,C0399,P0038,2026-06-08,3,335.85,Organic
O013964,C0768,P0039,2026-06-08,1,40.82,Organic
O013965,C0273,P0034,2026-06-08,1,87.49,Organic
O013966,C0135,P0040,2026-06-08,3,274.89,Organic
O013967,C0182,P0033,2026-06-08,2,164.88,Organic
O013968,C0471,P0001,2026-06-08,3,1106.34,Organic
O013969,C0533,P0024,2026-06-08,2,63.16,Organic
O013970,C0193,P0019,2026-06-08,3,447.69,Paid
O013971,C0344,P0026,2026-06-08,1,47.35,Referral
O013972,C0507,P0029,2026-06-08,2,39.54,Organic
O013973,C0494,P0027,2026-06-08,3,85.74,Paid
O013974,C0507,P0034,2026-06-08,2,174.98,Organic
O013975,C0029,P0033,2026-06-08,3,247.32,Email
O013976,C0420,P0035,2026-06-08,1,118.21,Paid
O013977,C0766,P0040,2026-06-08,3,274.89,Organic
O013978,C0330,P0006,2026-06-08,2,278.86,Organic
O013979,C0700,P0005,2026-06-08,2,249.38,Referral
O013980,C0061,P0008,2026-06-08,3,405.78,Organic
O013981,C0633,P0013,2026-06-08,1,72.89,Paid
O013982,C0694,P0020,2026-06-08,1,25.02,Organic
O013983,C0040,P0024,2026-06-08,2,63.16,Paid
O013984,C0206,P0028,2026-06-08,3,58.32,Email
O013985,C0007,P0025,2026-06-08,1,29.76,Organic
O013986,C0653,P0006,2026-06-08,3,418.29,Organic
O013987,C0192,P0009,2026-06-08,1,47.25,Paid
O013988,C0666,P0010,2026-06-08,3,142.32,Paid
O013989,C0483,P0012,2026-06-08,2,146.36,Organic
O013990,C0265,P0011,2026-06-08,3,101.94,Paid
O013991,C0229,P0015,2026-06-08,3,232.89,Email
O013992,C0504,P0018,2026-06-08,1,94.25,Email
O013993,C0093,P0019,2026-06-08,1,149.23,Paid
O013994,C0110,P0021,2026-06-08,2,94.08,Organic
O013995,C0584,P0024,2026-06-08,2,63.16,Email
O013996,C0800,P0020,2026-06-08,1,25.02,Email
O013997,C0498,P0026,2026-06-08,1,47.35,Paid
O013998,C0716,P0032,2026-06-08,3,159.27,Paid
O013999,C0051,P0027,2026-06-08,3,85.74,Organic
O014000,C0051,P0028,2026-06-08,1,19.44,Email
O014001,C0053,P0033,2026-06-08,3,247.32,Organic
O014002,C0419,P0033,2026-06-08,2,164.88,Paid
O014003,C0662,P0004,2026-06-09,3,999.63,Paid
O014004,C0703,P0002,2026-06-09,3,271.26,Organic
O014005,C0669,P0012,2026-06-09,3,219.54,Organic
O014006,C0340,P0013,2026-06-09,3,218.67,Organic
O014007,C0295,P0014,2026-06-09,1,43.37,Organic
O014008,C0638,P0024,2026-06-09,2,63.16,Organic
O014009,C0352,P0019,2026-06-09,3,447.69,Paid
O014010,C0019,P0029,2026-06-09,2,39.54,Organic
O014011,C0081,P0027,2026-06-09,1,28.58,Organic
O014012,C0592,P0029,2026-06-09,1,19.77,Paid
O014013,C0317,P0028,2026-06-09,1,19.44,Referral
O014014,C0398,P0028,2026-06-09,1,19.44,Email
O014015,C0722,P0039,2026-06-09,3,122.46,Referral
O014016,C0342,P0037,2026-06-09,3,172.05,Paid
O014017,C0374,P0003,2026-06-09,3,851.94,Organic
O014018,C0608,P0003,2026-06-09,3,851.94,Organic
O014019,C0642,P0006,2026-06-09,1,139.43,Organic
O014020,C0029,P0010,2026-06-09,3,142.32,Referral
O014021,C0014,P0023,2026-06-09,3,375.87,Organic
O014022,C0291,P0019,2026-06-09,1,149.23,Paid
O014023,C0029,P0017,2026-06-09,2,41.12,Organic
O014024,C0344,P0017,2026-06-09,1,20.56,Email
O014025,C0239,P0019,2026-06-09,1,149.23,Paid
O014026,C0366,P0024,2026-06-09,3,94.74,Paid
O014027,C0047,P0020,2026-06-09,1,25.02,Email
O014028,C0451,P0020,2026-06-09,3,75.06,Organic
O014029,C0071,P0027,2026-06-09,2,57.16,Organic
O014030,C0267,P0031,2026-06-09,3,101.91,Organic
O014031,C0587,P0040,2026-06-09,3,274.89,Referral
O014032,C0654,P0002,2026-06-09,2,180.84,Organic
O014033,C0747,P0003,2026-06-09,1,283.98,Organic
O014034,C0565,P0012,2026-06-09,1,73.18,Email
O014035,C0733,P0014,2026-06-09,1,43.37,Paid
O014036,C0233,P0009,2026-06-09,2,94.5,Paid
O014037,C0099,P0012,2026-06-09,3,219.54,Organic
O014038,C0183,P0014,2026-06-09,2,86.74,Organic
O014039,C0503,P0010,2026-06-09,1,47.44,Referral
O014040,C0743,P0014,2026-06-09,1,43.37,Referral
O014041,C0360,P0024,2026-06-09,1,31.58,Organic
O014042,C0509,P0020,2026-06-09,3,75.06,Organic
O014043,C0251,P0024,2026-06-09,3,94.74,Organic
O014044,C0092,P0022,2026-06-09,1,87.46,Paid
O014045,C0499,P0030,2026-06-09,2,61.0,Referral
O014046,C0516,P0027,2026-06-09,1,28.58,Paid
O014047,C0321,P0029,2026-06-09,1,19.77,Organic
O014048,C0253,P0032,2026-06-09,3,159.27,Organic
O014049,C0465,P0027,2026-06-09,1,28.58,Paid
O014050,C0787,P0039,2026-06-09,1,40.82,Referral
O014051,C0731,P0007,2026-06-09,2,774.46,Organic
O014052,C0290,P0001,2026-06-09,1,368.78,Organic
O014053,C0484,P0002,2026-06-09,1,90.42,Referral
O014054,C0484,P0003,2026-06-09,1,283.98,Organic
O014055,C0720,P0002,2026-06-09,3,271.26,Email
O014056,C0311,P0003,2026-06-09,3,851.94,Organic
O014057,C0498,P0009,2026-06-09,2,94.5,Organic
O014058,C0407,P0009,2026-06-09,2,94.5,Paid
O014059,C0314,P0012,2026-06-09,3,219.54,Email
O014060,C0504,P0014,2026-06-09,1,43.37,Organic
O014061,C0726,P0011,2026-06-09,1,33.98,Organic
O014062,C0798,P0021,2026-06-09,3,141.12,Email
O014063,C0652,P0017,2026-06-09,3,61.68,Referral
O014064,C0375,P0018,2026-06-09,3,282.75,Organic
O014065,C0001,P0030,2026-06-09,2,61.0,Email
O014066,C0010,P0030,2026-06-09,1,30.5,Email
O014067,C0736,P0026,2026-06-09,1,47.35,Paid
O014068,C0529,P0028,2026-06-09,1,19.44,Organic
O014069,C0282,P0027,2026-06-09,3,85.74,Organic
O014070,C0164,P0036,2026-06-09,2,116.48,Paid
O014071,C0248,P0035,2026-06-09,3,354.63,Email
O014072,C0334,P0035,2026-06-09,1,118.21,Organic
O014073,C0619,P0002,2026-06-10,3,271.26,Referral
O014074,C0599,P0002,2026-06-10,1,90.42,Paid
O014075,C0235,P0009,2026-06-10,1,47.25,Paid
O014076,C0342,P0014,2026-06-10,2,86.74,Organic
O014077,C0063,P0009,2026-06-10,3,141.75,Email
O014078,C0097,P0018,2026-06-10,2,188.5,Paid
O014079,C0367,P0018,2026-06-10,3,282.75,Paid
O014080,C0546,P0024,2026-06-10,2,63.16,Paid
O014081,C0452,P0019,2026-06-10,3,447.69,Organic
O014082,C0273,P0017,2026-06-10,3,61.68,Referral
O014083,C0218,P0032,2026-06-10,1,53.09,Email
O014084,C0756,P0025,2026-06-10,2,59.52,Email
O014085,C0003,P0040,2026-06-10,1,91.63,Paid
O014086,C0649,P0039,2026-06-10,1,40.82,Paid
O014087,C0740,P0005,2026-06-10,2,249.38,Organic
O014088,C0057,P0008,2026-06-10,3,405.78,Organic
O014089,C0439,P0015,2026-06-10,1,77.63,Referral
O014090,C0190,P0009,2026-06-10,2,94.5,Email
O014091,C0392,P0016,2026-06-10,2,61.96,Paid
O014092,C0297,P0013,2026-06-10,1,72.89,Organic
O014093,C0569,P0021,2026-06-10,3,141.12,Organic
O014094,C0267,P0038,2026-06-10,3,335.85,Organic
O014095,C0014,P0038,2026-06-10,3,335.85,Email
O014096,C0515,P0007,2026-06-10,2,774.46,Organic
O014097,C0359,P0008,2026-06-10,1,135.26,Paid
O014098,C0247,P0009,2026-06-10,2,94.5,Organic
O014099,C0359,P0025,2026-06-10,2,59.52,Organic
O014100,C0754,P0027,2026-06-10,2,57.16,Organic
O014101,C0191,P0035,2026-06-10,3,354.63,Referral
O014102,C0359,P0039,2026-06-10,3,122.46,Organic
O014103,C0468,P0004,2026-06-10,3,999.63,Referral
O014104,C0602,P0004,2026-06-10,1,333.21,Organic
O014105,C0393,P0005,2026-06-10,1,124.69,Paid
O014106,C0311,P0007,2026-06-10,2,774.46,Organic
O014107,C0271,P0012,2026-06-10,2,146.36,Paid
O014108,C0484,P0023,2026-06-10,1,125.29,Paid
O014109,C0432,P0017,2026-06-10,3,61.68,Organic
O014110,C0591,P0023,2026-06-10,1,125.29,Organic
O014111,C0602,P0024,2026-06-10,3,94.74,Email
O014112,C0591,P0032,2026-06-10,2,106.18,Email
O014113,C0800,P0031,2026-06-10,3,101.91,Paid
O014114,C0552,P0031,2026-06-10,2,67.94,Organic
O014115,C0572,P0030,2026-06-10,1,30.5,Paid
O014116,C0599,P0004,2026-06-11,2,666.42,Email
O014117,C0081,P0010,2026-06-11,3,142.32,Email
O014118,C0055,P0013,2026-06-11,1,72.89,Paid
O014119,C0237,P0015,2026-06-11,2,155.26,Organic
O014120,C0396,P0023,2026-06-11,3,375.87,Paid
O014121,C0131,P0024,2026-06-11,3,94.74,Paid
O014122,C0141,P0018,2026-06-11,2,188.5,Email
O014123,C0583,P0022,2026-06-11,3,262.38,Referral
O014124,C0055,P0028,2026-06-11,1,19.44,Paid
O014125,C0459,P0029,2026-06-11,2,39.54,Organic
O014126,C0778,P0035,2026-06-11,3,354.63,Email
O014127,C0235,P0040,2026-06-11,1,91.63,Organic
O014128,C0534,P0003,2026-06-11,3,851.94,Referral
O014129,C0286,P0007,2026-06-11,1,387.23,Organic
O014130,C0249,P0004,2026-06-11,3,999.63,Organic
O014131,C0193,P0010,2026-06-11,1,47.44,Organic
O014132,C0451,P0013,2026-06-11,2,145.78,Email
O014133,C0701,P0017,2026-06-11,1,20.56,Organic
O014134,C0017,P0025,2026-06-11,1,29.76,Email
O014135,C0017,P0030,2026-06-11,1,30.5,Referral
O014136,C0518,P0027,2026-06-11,2,57.16,Referral
O014137,C0308,P0035,2026-06-11,1,118.21,Paid
O014138,C0635,P0035,2026-06-11,1,118.21,Organic
O014139,C0068,P0007,2026-06-11,2,774.46,Organic
O014140,C0016,P0020,2026-06-11,2,50.04,Organic
O014141,C0431,P0021,2026-06-11,3,141.12,Referral
O014142,C0700,P0020,2026-06-11,3,75.06,Organic
O014143,C0165,P0031,2026-06-11,3,101.91,Paid
O014144,C0266,P0032,2026-06-11,1,53.09,Organic
O014145,C0540,P0029,2026-06-11,1,19.77,Paid
O014146,C0272,P0004,2026-06-11,2,666.42,Organic
O014147,C0334,P0007,2026-06-11,1,387.23,Paid
O014148,C0372,P0001,2026-06-11,2,737.56,Paid
O014149,C0475,P0005,2026-06-11,2,249.38,Paid
O014150,C0372,P0014,2026-06-11,2,86.74,Paid
O014151,C0702,P0013,2026-06-11,3,218.67,Email
O014152,C0358,P0011,2026-06-11,2,67.96,Paid
O014153,C0407,P0011,2026-06-11,1,33.98,Organic
O014154,C0072,P0015,2026-06-11,2,155.26,Paid
O014155,C0172,P0010,2026-06-11,2,94.88,Organic
O014156,C0800,P0020,2026-06-11,3,75.06,Organic
O014157,C0186,P0027,2026-06-11,2,57.16,Organic
O014158,C0770,P0031,2026-06-11,2,67.94,Email
O014159,C0282,P0040,2026-06-11,2,183.26,Organic
O014160,C0121,P0039,2026-06-11,2,81.64,Referral
O014161,C0435,P0002,2026-06-12,1,90.42,Email
O014162,C0411,P0020,2026-06-12,1,25.02,Organic
O014163,C0368,P0030,2026-06-12,2,61.0,Organic
O014164,C0590,P0037,2026-06-12,2,114.7,Paid
O014165,C0045,P0036,2026-06-12,1,58.24,Organic
O014166,C0017,P0006,2026-06-12,3,418.29,Organic
O014167,C0301,P0002,2026-06-12,3,271.26,Paid
O014168,C0255,P0006,2026-06-12,3,418.29,Email
O014169,C0449,P0012,2026-06-12,1,73.18,Referral
O014170,C0071,P0013,2026-06-12,1,72.89,Paid
O014171,C0473,P0022,2026-06-12,2,174.92,Paid
O014172,C0156,P0021,2026-06-12,1,47.04,Paid
O014173,C0132,P0021,2026-06-12,3,141.12,Paid
O014174,C0728,P0029,2026-06-12,1,19.77,Organic
O014175,C0528,P0040,2026-06-12,1,91.63,Email
O014176,C0391,P0036,2026-06-12,3,174.72,Organic
O014177,C0255,P0033,2026-06-12,3,247.32,Organic
O014178,C0016,P0004,2026-06-12,3,999.63,Organic
O014179,C0227,P0009,2026-06-12,2,94.5,Paid
O014180,C0503,P0022,2026-06-12,1,87.46,Email
O014181,C0033,P0029,2026-06-12,3,59.31,Organic
O014182,C0095,P0030,2026-06-12,1,30.5,Organic
O014183,C0515,P0039,2026-06-12,3,122.46,Referral
O014184,C0247,P0040,2026-06-12,2,183.26,Organic
O014185,C0456,P0007,2026-06-12,1,387.23,Organic
O014186,C0457,P0008,2026-06-12,1,135.26,Organic
O014187,C0172,P0008,2026-06-12,2,270.52,Organic
O014188,C0261,P0006,2026-06-12,3,418.29,Email
O014189,C0221,P0008,2026-06-12,2,270.52,Email
O014190,C0555,P0018,2026-06-12,1,94.25,Organic
O014191,C0483,P0037,2026-06-12,2,114.7,Email
O014192,C0394,P0036,2026-06-12,1,58.24,Paid
O014193,C0483,P0040,2026-06-12,2,183.26,Organic
O014194,C0502,P0005,2026-06-13,1,124.69,Organic
O014195,C0592,P0002,2026-06-13,2,180.84,Referral
O014196,C0219,P0002,2026-06-13,1,90.42,Organic
O014197,C0098,P0007,2026-06-13,2,774.46,Paid
O014198,C0035,P0012,2026-06-13,1,73.18,Organic
O014199,C0058,P0012,2026-06-13,1,73.18,Paid
O014200,C0570,P0016,2026-06-13,3,92.94,Organic
O014201,C0595,P0012,2026-06-13,3,219.54,Paid
O014202,C0756,P0014,2026-06-13,1,43.37,Referral
O014203,C0058,P0009,2026-06-13,2,94.5,Organic
O014204,C0066,P0019,2026-06-13,3,447.69,Email
O014205,C0551,P0020,2026-06-13,3,75.06,Organic
O014206,C0628,P0021,2026-06-13,2,94.08,Paid
O014207,C0237,P0023,2026-06-13,3,375.87,Organic
O014208,C0340,P0023,2026-06-13,1,125.29,Organic
O014209,C0298,P0023,2026-06-13,3,375.87,Referral
O014210,C0088,P0023,2026-06-13,1,125.29,Email
O014211,C0292,P0029,2026-06-13,3,59.31,Organic
O014212,C0363,P0025,2026-06-13,2,59.52,Paid
O014213,C0170,P0031,2026-06-13,2,67.94,Paid
O014214,C0228,P0037,2026-06-13,1,57.35,Organic
O014215,C0396,P0036,2026-06-13,3,174.72,Organic
O014216,C0528,P0006,2026-06-13,3,418.29,Organic
O014217,C0623,P0001,2026-06-13,2,737.56,Email
O014218,C0527,P0001,2026-06-13,3,1106.34,Email
O014219,C0119,P0013,2026-06-13,2,145.78,Email
O014220,C0575,P0010,2026-06-13,2,94.88,Referral
O014221,C0712,P0012,2026-06-13,2,146.36,Organic
O014222,C0014,P0011,2026-06-13,1,33.98,Paid
O014223,C0786,P0024,2026-06-13,3,94.74,Paid
O014224,C0622,P0022,2026-06-13,3,262.38,Paid
O014225,C0113,P0030,2026-06-13,3,91.5,Email
O014226,C0785,P0029,2026-06-13,1,19.77,Organic
O014227,C0608,P0039,2026-06-13,3,122.46,Referral
O014228,C0794,P0037,2026-06-13,3,172.05,Paid
O014229,C0571,P0038,2026-06-13,2,223.9,Organic
O014230,C0609,P0040,2026-06-13,3,274.89,Organic
O014231,C0601,P0006,2026-06-13,1,139.43,Organic
O014232,C0610,P0006,2026-06-13,1,139.43,Organic
O014233,C0217,P0015,2026-06-13,3,232.89,Organic
O014234,C0700,P0021,2026-06-13,3,141.12,Organic
O014235,C0601,P0021,2026-06-13,1,47.04,Paid
O014236,C0231,P0022,2026-06-13,3,262.38,Organic
O014237,C0166,P0021,2026-06-13,1,47.04,Organic
O014238,C0607,P0027,2026-06-13,3,85.74,Organic
O014239,C0610,P0029,2026-06-13,2,39.54,Organic
O014240,C0492,P0028,2026-06-13,2,38.88,Email
O014241,C0032,P0035,2026-06-13,2,236.42,Paid
O014242,C0080,P0035,2026-06-13,1,118.21,Organic
O014243,C0745,P0008,2026-06-13,2,270.52,Email
O014244,C0027,P0003,2026-06-13,3,851.94,Email
O014245,C0311,P0001,2026-06-13,3,1106.34,Organic
O014246,C0491,P0007,2026-06-13,3,1161.69,Paid
O014247,C0491,P0003,2026-06-13,2,567.96,Organic
O014248,C0584,P0006,2026-06-13,3,418.29,Paid
O014249,C0673,P0014,2026-06-13,1,43.37,Organic
O014250,C0715,P0015,2026-06-13,3,232.89,Referral
O014251,C0357,P0015,2026-06-13,3,232.89,Email
O014252,C0698,P0026,2026-06-13,2,94.7,Email
O014253,C0555,P0040,2026-06-13,3,274.89,Organic
O014254,C0232,P0034,2026-06-13,3,262.47,Organic
O014255,C0261,P0034,2026-06-13,1,87.49,Organic
O014256,C0577,P0014,2026-06-14,1,43.37,Email
O014257,C0776,P0010,2026-06-14,2,94.88,Organic
O014258,C0618,P0009,2026-06-14,3,141.75,Email
O014259,C0020,P0011,2026-06-14,2,67.96,Email
O014260,C0128,P0014,2026-06-14,1,43.37,Organic
O014261,C0577,P0023,2026-06-14,1,125.29,Organic
O014262,C0215,P0021,2026-06-14,2,94.08,Email
O014263,C0371,P0028,2026-06-14,1,19.44,Organic
O014264,C0649,P0030,2026-06-14,2,61.0,Email
O014265,C0241,P0004,2026-06-14,2,666.42,Paid
O014266,C0672,P0008,2026-06-14,2,270.52,Organic
O014267,C0586,P0008,2026-06-14,3,405.78,Paid
O014268,C0125,P0001,2026-06-14,2,737.56,Email
O014269,C0156,P0004,2026-06-14,2,666.42,Organic
O014270,C0308,P0009,2026-06-14,3,141.75,Organic
O014271,C0533,P0016,2026-06-14,2,61.96,Email
O014272,C0614,P0012,2026-06-14,1,73.18,Paid
O014273,C0249,P0013,2026-06-14,1,72.89,Referral
O014274,C0672,P0018,2026-06-14,1,94.25,Organic
O014275,C0594,P0019,2026-06-14,3,447.69,Referral
O014276,C0392,P0025,2026-06-14,3,89.28,Organic
O014277,C0379,P0025,2026-06-14,1,29.76,Organic
O014278,C0397,P0030,2026-06-14,1,30.5,Organic
O014279,C0159,P0027,2026-06-14,1,28.58,Organic
O014280,C0486,P0030,2026-06-14,1,30.5,Paid
O014281,C0424,P0026,2026-06-14,2,94.7,Email
O014282,C0236,P0037,2026-06-14,3,172.05,Organic
O014283,C0691,P0034,2026-06-14,2,174.98,Referral
O014284,C0507,P0036,2026-06-14,1,58.24,Organic
O014285,C0220,P0008,2026-06-14,3,405.78,Paid
O014286,C0526,P0008,2026-06-14,1,135.26,Referral
O014287,C0220,P0012,2026-06-14,3,219.54,Referral
O014288,C0763,P0009,2026-06-14,1,47.25,Paid
O014289,C0787,P0010,2026-06-14,2,94.88,Paid
O014290,C0557,P0009,2026-06-14,3,141.75,Referral
O014291,C0711,P0016,2026-06-14,1,30.98,Organic
O014292,C0220,P0019,2026-06-14,2,298.46,Organic
O014293,C0152,P0022,2026-06-14,3,262.38,Organic
O014294,C0401,P0019,2026-06-14,3,447.69,Organic
O014295,C0222,P0029,2026-06-14,1,19.77,Referral
O014296,C0725,P0032,2026-06-14,3,159.27,Organic
O014297,C0588,P0029,2026-06-14,3,59.31,Organic
O014298,C0359,P0033,2026-06-14,2,164.88,Organic
O014299,C0350,P0039,2026-06-14,3,122.46,Paid
O014300,C0652,P0007,2026-06-14,1,387.23,Referral
O014301,C0129,P0004,2026-06-14,1,333.21,Paid
O014302,C0602,P0013,2026-06-14,1,72.89,Paid
O014303,C0568,P0013,2026-06-14,1,72.89,Organic
O014304,C0252,P0015,2026-06-14,2,155.26,Paid
O014305,C0407,P0013,2026-06-14,2,145.78,Paid
O014306,C0084,P0020,2026-06-14,2,50.04,Organic
O014307,C0514,P0023,2026-06-14,3,375.87,Organic
O014308,C0357,P0020,2026-06-14,3,75.06,Organic
O014309,C0069,P0036,2026-06-14,3,174.72,Organic
O014310,C0069,P0036,2026-06-14,1,58.24,Organic
O014311,C0369,P0001,2026-06-15,3,1106.34,Organic
O014312,C0774,P0005,2026-06-15,3,374.07,Email
O014313,C0055,P0001,2026-06-15,1,368.78,Referral
O014314,C0408,P0006,2026-06-15,1,139.43,Paid
O014315,C0043,P0003,2026-06-15,3,851.94,Referral
O014316,C0386,P0008,2026-06-15,2,270.52,Organic
O014317,C0774,P0006,2026-06-15,2,278.86,Organic
O014318,C0426,P0001,2026-06-15,2,737.56,Email
O014319,C0195,P0009,2026-06-15,3,141.75,Referral
O014320,C0295,P0013,2026-06-15,2,145.78,Email
O014321,C0406,P0025,2026-06-15,1,29.76,Organic
O014322,C0352,P0029,2026-06-15,1,19.77,Referral
O014323,C0130,P0032,2026-06-15,2,106.18,Email
O014324,C0336,P0038,2026-06-15,1,111.95,Referral
O014325,C0377,P0035,2026-06-15,3,354.63,Organic
O014326,C0144,P0038,2026-06-15,2,223.9,Paid
O014327,C0489,P0003,2026-06-15,3,851.94,Paid
O014328,C0392,P0004,2026-06-15,3,999.63,Organic
O014329,C0355,P0005,2026-06-15,2,249.38,Paid
O014330,C0376,P0004,2026-06-15,1,333.21,Referral
O014331,C0430,P0002,2026-06-15,3,271.26,Paid
O014332,C0775,P0005,2026-06-15,1,124.69,Organic
O014333,C0748,P0009,2026-06-15,2,94.5,Organic
O014334,C0048,P0016,2026-06-15,2,61.96,Referral
O014335,C0473,P0011,2026-06-15,1,33.98,Paid
O014336,C0397,P0027,2026-06-15,2,57.16,Paid
O014337,C0156,P0027,2026-06-15,1,28.58,Paid
O014338,C0645,P0037,2026-06-15,3,172.05,Paid
O014339,C0180,P0040,2026-06-15,2,183.26,Paid
O014340,C0269,P0003,2026-06-15,3,851.94,Paid
O014341,C0115,P0008,2026-06-15,2,270.52,Organic
O014342,C0246,P0011,2026-06-15,3,101.94,Organic
O014343,C0283,P0019,2026-06-15,1,149.23,Organic
O014344,C0068,P0020,2026-06-15,1,25.02,Organic
O014345,C0431,P0019,2026-06-15,2,298.46,Paid
O014346,C0738,P0018,2026-06-15,3,282.75,Paid
O014347,C0266,P0023,2026-06-15,2,250.58,Organic
O014348,C0738,P0030,2026-06-15,1,30.5,Paid
O014349,C0220,P0027,2026-06-15,1,28.58,Organic
O014350,C0479,P0003,2026-06-15,1,283.98,Referral
O014351,C0072,P0006,2026-06-15,2,278.86,Paid
O014352,C0715,P0005,2026-06-15,1,124.69,Organic
O014353,C0726,P0004,2026-06-15,1,333.21,Referral
O014354,C0307,P0031,2026-06-15,1,33.97,Email
O014355,C0230,P0027,2026-06-15,2,57.16,Paid
O014356,C0798,P0032,2026-06-15,3,159.27,Referral
O014357,C0072,P0029,2026-06-15,3,59.31,Paid
O014358,C0409,P0036,2026-06-15,1,58.24,Organic
O014359,C0579,P0004,2026-06-16,1,333.21,Paid
O014360,C0426,P0004,2026-06-16,2,666.42,Organic
O014361,C0114,P0014,2026-06-16,2,86.74,Email
O014362,C0631,P0012,2026-06-16,2,146.36,Paid
O014363,C0215,P0011,2026-06-16,2,67.96,Referral
O014364,C0210,P0016,2026-06-16,1,30.98,Paid
O014365,C0078,P0009,2026-06-16,3,141.75,Organic
O014366,C0137,P0026,2026-06-16,1,47.35,Organic
O014367,C0697,P0028,2026-06-16,2,38.88,Paid
O014368,C0510,P0028,2026-06-16,2,38.88,Paid
O014369,C0717,P0025,2026-06-16,2,59.52,Paid
O014370,C0340,P0033,2026-06-16,1,82.44,Organic
O014371,C0523,P0040,2026-06-16,2,183.26,Organic
O014372,C0104,P0033,2026-06-16,2,164.88,Paid
O014373,C0626,P0038,2026-06-16,1,111.95,Email
O014374,C0397,P0004,2026-06-16,3,999.63,Paid
O014375,C0158,P0016,2026-06-16,2,61.96,Referral
O014376,C0587,P0015,2026-06-16,3,232.89,Paid
O014377,C0750,P0010,2026-06-16,3,142.32,Paid
O014378,C0014,P0020,2026-06-16,3,75.06,Organic
O014379,C0644,P0022,2026-06-16,2,174.92,Paid
O014380,C0127,P0031,2026-06-16,2,67.94,Paid
O014381,C0301,P0027,2026-06-16,3,85.74,Referral
O014382,C0455,P0025,2026-06-16,1,29.76,Organic
O014383,C0439,P0035,2026-06-16,3,354.63,Organic
O014384,C0132,P0038,2026-06-16,2,223.9,Organic
O014385,C0694,P0005,2026-06-16,2,249.38,Organic
O014386,C0436,P0004,2026-06-16,2,666.42,Paid
O014387,C0565,P0008,2026-06-16,3,405.78,Organic
O014388,C0522,P0015,2026-06-16,3,232.89,Organic
O014389,C0657,P0014,2026-06-16,2,86.74,Paid
O014390,C0227,P0012,2026-06-16,1,73.18,Organic
O014391,C0709,P0009,2026-06-16,1,47.25,Organic
O014392,C0233,P0012,2026-06-16,1,73.18,Email
O014393,C0711,P0015,2026-06-16,2,155.26,Paid
O014394,C0068,P0019,2026-06-16,1,149.23,Paid
O014395,C0416,P0024,2026-06-16,1,31.58,Organic
O014396,C0325,P0027,2026-06-16,1,28.58,Organic
O014397,C0338,P0030,2026-06-16,3,91.5,Paid
O014398,C0657,P0035,2026-06-16,2,236.42,Organic
O014399,C0763,P0037,2026-06-16,3,172.05,Organic
O014400,C0348,P0003,2026-06-16,2,567.96,Paid
O014401,C0621,P0006,2026-06-16,2,278.86,Paid
O014402,C0013,P0011,2026-06-16,3,101.94,Organic
O014403,C0497,P0013,2026-06-16,1,72.89,Organic
O014404,C0261,P0018,2026-06-16,1,94.25,Paid
O014405,C0229,P0031,2026-06-16,1,33.97,Organic
O014406,C0150,P0030,2026-06-16,2,61.0,Paid
O014407,C0602,P0031,2026-06-16,3,101.91,Email
O014408,C0783,P0030,2026-06-16,2,61.0,Email
O014409,C0550,P0037,2026-06-16,1,57.35,Paid
O014410,C0116,P0001,2026-06-17,1,368.78,Referral
O014411,C0717,P0002,2026-06-17,1,90.42,Paid
O014412,C0765,P0007,2026-06-17,2,774.46,Paid
O014413,C0019,P0015,2026-06-17,3,232.89,Organic
O014414,C0062,P0011,2026-06-17,1,33.98,Paid
O014415,C0218,P0024,2026-06-17,2,63.16,Paid
O014416,C0205,P0017,2026-06-17,1,20.56,Paid
O014417,C0729,P0022,2026-06-17,3,262.38,Email
O014418,C0188,P0020,2026-06-17,2,50.04,Referral
O014419,C0341,P0023,2026-06-17,3,375.87,Organic
O014420,C0447,P0024,2026-06-17,3,94.74,Email
O014421,C0097,P0028,2026-06-17,3,58.32,Organic
O014422,C0549,P0026,2026-06-17,1,47.35,Paid
O014423,C0759,P0031,2026-06-17,2,67.94,Email
O014424,C0109,P0030,2026-06-17,1,30.5,Email
O014425,C0141,P0037,2026-06-17,3,172.05,Email
O014426,C0081,P0035,2026-06-17,3,354.63,Email
O014427,C0746,P0034,2026-06-17,1,87.49,Referral
O014428,C0362,P0033,2026-06-17,3,247.32,Email
O014429,C0712,P0005,2026-06-17,1,124.69,Organic
O014430,C0331,P0013,2026-06-17,3,218.67,Email
O014431,C0267,P0025,2026-06-17,3,89.28,Organic
O014432,C0752,P0026,2026-06-17,2,94.7,Email
O014433,C0201,P0028,2026-06-17,1,19.44,Paid
O014434,C0699,P0008,2026-06-17,1,135.26,Paid
O014435,C0167,P0008,2026-06-17,1,135.26,Email
O014436,C0503,P0005,2026-06-17,2,249.38,Paid
O014437,C0561,P0012,2026-06-17,3,219.54,Email
O014438,C0246,P0022,2026-06-17,2,174.92,Referral
O014439,C0610,P0023,2026-06-17,1,125.29,Email
O014440,C0516,P0023,2026-06-17,3,375.87,Organic
O014441,C0481,P0021,2026-06-17,2,94.08,Organic
O014442,C0227,P0025,2026-06-17,2,59.52,Email
O014443,C0780,P0029,2026-06-17,1,19.77,Paid
O014444,C0206,P0038,2026-06-17,1,111.95,Email
O014445,C0150,P0015,2026-06-17,2,155.26,Paid
O014446,C0470,P0024,2026-06-17,2,63.16,Organic
O014447,C0284,P0022,2026-06-17,3,262.38,Organic
O014448,C0149,P0032,2026-06-17,1,53.09,Organic
O014449,C0224,P0032,2026-06-17,1,53.09,Organic
O014450,C0736,P0026,2026-06-17,3,142.05,Paid
O014451,C0434,P0028,2026-06-17,2,38.88,Paid
O014452,C0059,P0026,2026-06-17,1,47.35,Organic
O014453,C0625,P0029,2026-06-17,2,39.54,Paid
O014454,C0248,P0029,2026-06-17,1,19.77,Email
O014455,C0164,P0033,2026-06-17,1,82.44,Organic
O014456,C0789,P0037,2026-06-17,1,57.35,Paid
O014457,C0684,P0003,2026-06-18,3,851.94,Organic
O014458,C0055,P0005,2026-06-18,3,374.07,Organic
O014459,C0493,P0003,2026-06-18,3,851.94,Organic
O014460,C0618,P0007,2026-06-18,2,774.46,Organic
O014461,C0620,P0001,2026-06-18,1,368.78,Paid
O014462,C0524,P0012,2026-06-18,2,146.36,Paid
O014463,C0038,P0010,2026-06-18,3,142.32,Organic
O014464,C0135,P0016,2026-06-18,1,30.98,Paid
O014465,C0368,P0018,2026-06-18,1,94.25,Organic
O014466,C0310,P0024,2026-06-18,3,94.74,Referral
O014467,C0577,P0020,2026-06-18,1,25.02,Paid
O014468,C0195,P0032,2026-06-18,3,159.27,Paid
O014469,C0577,P0028,2026-06-18,2,38.88,Organic
O014470,C0406,P0029,2026-06-18,2,39.54,Referral
O014471,C0567,P0033,2026-06-18,1,82.44,Referral
O014472,C0759,P0033,2026-06-18,2,164.88,Organic
O014473,C0420,P0008,2026-06-18,1,135.26,Organic
O014474,C0392,P0002,2026-06-18,1,90.42,Paid
O014475,C0792,P0007,2026-06-18,3,1161.69,Email
O014476,C0244,P0019,2026-06-18,2,298.46,Paid
O014477,C0274,P0026,2026-06-18,1,47.35,Paid
O014478,C0439,P0028,2026-06-18,2,38.88,Referral
O014479,C0632,P0031,2026-06-18,2,67.94,Email
O014480,C0259,P0030,2026-06-18,2,61.0,Organic
O014481,C0467,P0040,2026-06-18,3,274.89,Paid
O014482,C0353,P0035,2026-06-18,1,118.21,Email
O014483,C0694,P0004,2026-06-18,1,333.21,Organic
O014484,C0481,P0008,2026-06-18,1,135.26,Email
O014485,C0630,P0010,2026-06-18,3,142.32,Organic
O014486,C0458,P0004,2026-06-18,3,999.63,Email
O014487,C0354,P0008,2026-06-18,3,405.78,Paid
O014488,C0271,P0006,2026-06-18,1,139.43,Referral
O014489,C0395,P0001,2026-06-18,2,737.56,Email
O014490,C0357,P0005,2026-06-18,2,249.38,Organic
O014491,C0409,P0011,2026-06-18,3,101.94,Organic
O014492,C0051,P0016,2026-06-18,3,92.94,Organic
O014493,C0303,P0013,2026-06-18,2,145.78,Organic
O014494,C0678,P0024,2026-06-18,3,94.74,Organic
O014495,C0726,P0020,2026-06-18,3,75.06,Email
O014496,C0179,P0023,2026-06-18,2,250.58,Organic
O014497,C0110,P0021,2026-06-18,1,47.04,Paid
O014498,C0013,P0018,2026-06-18,1,94.25,Organic
O014499,C0484,P0026,2026-06-18,3,142.05,Organic
O014500,C0328,P0026,2026-06-18,1,47.35,Organic
O014501,C0409,P0028,2026-06-18,2,38.88,Email
O014502,C0179,P0025,2026-06-18,3,89.28,Email
O014503,C0491,P0025,2026-06-18,2,59.52,Organic
O014504,C0726,P0026,2026-06-18,2,94.7,Paid
O014505,C0261,P0032,2026-06-18,2,106.18,Paid
O014506,C0696,P0035,2026-06-18,2,236.42,Organic
O014507,C0402,P0033,2026-06-18,2,164.88,Paid
O014508,C0746,P0004,2026-06-19,2,666.42,Email
O014509,C0778,P0008,2026-06-19,1,135.26,Email
O014510,C0347,P0001,2026-06-19,3,1106.34,Organic
O014511,C0611,P0006,2026-06-19,2,278.86,Organic
O014512,C0638,P0016,2026-06-19,1,30.98,Organic
O014513,C0722,P0009,2026-06-19,1,47.25,Paid
O014514,C0546,P0010,2026-06-19,3,142.32,Paid
O014515,C0263,P0009,2026-06-19,2,94.5,Referral
O014516,C0130,P0033,2026-06-19,2,164.88,Organic
O014517,C0332,P0037,2026-06-19,1,57.35,Organic
O014518,C0732,P0033,2026-06-19,3,247.32,Organic
O014519,C0717,P0035,2026-06-19,1,118.21,Paid
O014520,C0717,P0039,2026-06-19,1,40.82,Referral
O014521,C0064,P0008,2026-06-19,2,270.52,Paid
O014522,C0286,P0004,2026-06-19,3,999.63,Organic
O014523,C0162,P0001,2026-06-19,3,1106.34,Organic
O014524,C0297,P0012,2026-06-19,1,73.18,Organic
O014525,C0193,P0023,2026-06-19,3,375.87,Paid
O014526,C0690,P0001,2026-06-19,2,737.56,Organic
O014527,C0659,P0014,2026-06-19,2,86.74,Email
O014528,C0699,P0010,2026-06-19,3,142.32,Organic
O014529,C0361,P0024,2026-06-19,3,94.74,Email
O014530,C0325,P0024,2026-06-19,3,94.74,Organic
O014531,C0400,P0031,2026-06-19,2,67.94,Email
O014532,C0199,P0001,2026-06-19,1,368.78,Organic
O014533,C0724,P0003,2026-06-19,2,567.96,Organic
O014534,C0261,P0004,2026-06-19,1,333.21,Organic
O014535,C0272,P0001,2026-06-19,3,1106.34,Organic
O014536,C0636,P0002,2026-06-19,2,180.84,Organic
O014537,C0419,P0003,2026-06-19,1,283.98,Organic
O014538,C0072,P0009,2026-06-19,3,141.75,Referral
O014539,C0076,P0016,2026-06-19,2,61.96,Email
O014540,C0329,P0021,2026-06-19,2,94.08,Paid
O014541,C0174,P0027,2026-06-19,2,57.16,Paid
O014542,C0707,P0040,2026-06-19,3,274.89,Email
O014543,C0142,P0004,2026-06-20,3,999.63,Organic
O014544,C0019,P0005,2026-06-20,2,249.38,Paid
O014545,C0208,P0015,2026-06-20,2,155.26,Organic
O014546,C0433,P0015,2026-06-20,1,77.63,Email
O014547,C0799,P0014,2026-06-20,2,86.74,Paid
O014548,C0760,P0009,2026-06-20,1,47.25,Organic
O014549,C0616,P0011,2026-06-20,1,33.98,Paid
O014550,C0433,P0020,2026-06-20,1,25.02,Paid
O014551,C0332,P0019,2026-06-20,1,149.23,Referral
O014552,C0406,P0024,2026-06-20,1,31.58,Paid
O014553,C0020,P0025,2026-06-20,2,59.52,Organic
O014554,C0649,P0028,2026-06-20,1,19.44,Organic
O014555,C0136,P0030,2026-06-20,1,30.5,Organic
O014556,C0737,P0030,2026-06-20,1,30.5,Organic
O014557,C0066,P0032,2026-06-20,2,106.18,Organic
O014558,C0583,P0034,2026-06-20,2,174.98,Organic
O014559,C0263,P0038,2026-06-20,1,111.95,Organic
O014560,C0237,P0033,2026-06-20,3,247.32,Referral
O014561,C0494,P0005,2026-06-20,3,374.07,Paid
O014562,C0777,P0008,2026-06-20,2,270.52,Organic
O014563,C0528,P0007,2026-06-20,3,1161.69,Paid
O014564,C0761,P0004,2026-06-20,2,666.42,Paid
O014565,C0622,P0015,2026-06-20,2,155.26,Referral
O014566,C0507,P0016,2026-06-20,3,92.94,Email
O014567,C0508,P0021,2026-06-20,1,47.04,Referral
O014568,C0193,P0029,2026-06-20,3,59.31,Organic
O014569,C0185,P0031,2026-06-20,3,101.91,Organic
O014570,C0060,P0032,2026-06-20,2,106.18,Paid
O014571,C0039,P0028,2026-06-20,3,58.32,Organic
O014572,C0439,P0040,2026-06-20,2,183.26,Paid
O014573,C0750,P0040,2026-06-20,2,183.26,Paid
O014574,C0657,P0001,2026-06-20,1,368.78,Organic
O014575,C0513,P0003,2026-06-20,1,283.98,Organic
O014576,C0682,P0007,2026-06-20,2,774.46,Organic
O014577,C0539,P0005,2026-06-20,1,124.69,Paid
O014578,C0607,P0014,2026-06-20,2,86.74,Email
O014579,C0633,P0015,2026-06-20,2,155.26,Organic
O014580,C0539,P0009,2026-06-20,3,141.75,Organic
O014581,C0610,P0009,2026-06-20,2,94.5,Paid
O014582,C0780,P0018,2026-06-20,1,94.25,Organic
O014583,C0496,P0019,2026-06-20,1,149.23,Paid
O014584,C0378,P0017,2026-06-20,2,41.12,Organic
O014585,C0733,P0022,2026-06-20,2,174.92,Organic
O014586,C0462,P0017,2026-06-20,1,20.56,Paid
O014587,C0414,P0032,2026-06-20,2,106.18,Organic
O014588,C0754,P0036,2026-06-20,3,174.72,Organic
O014589,C0720,P0001,2026-06-20,3,1106.34,Organic
O014590,C0550,P0002,2026-06-20,1,90.42,Paid
O014591,C0093,P0008,2026-06-20,2,270.52,Paid
O014592,C0275,P0010,2026-06-20,3,142.32,Paid
O014593,C0354,P0011,2026-06-20,2,67.96,Email
O014594,C0456,P0010,2026-06-20,3,142.32,Organic
O014595,C0203,P0009,2026-06-20,2,94.5,Email
O014596,C0468,P0011,2026-06-20,1,33.98,Email
O014597,C0133,P0009,2026-06-20,1,47.25,Organic
O014598,C0566,P0023,2026-06-20,3,375.87,Organic
O014599,C0511,P0022,2026-06-20,1,87.46,Email
O014600,C0070,P0018,2026-06-20,3,282.75,Email
O014601,C0479,P0020,2026-06-20,2,50.04,Email
O014602,C0730,P0023,2026-06-20,1,125.29,Organic
O014603,C0469,P0032,2026-06-20,1,53.09,Email
O014604,C0468,P0026,2026-06-20,3,142.05,Paid
O014605,C0497,P0027,2026-06-20,3,85.74,Organic
O014606,C0372,P0040,2026-06-20,3,274.89,Paid
O014607,C0150,P0033,2026-06-20,1,82.44,Organic
O014608,C0685,P0008,2026-06-21,1,135.26,Paid
O014609,C0576,P0015,2026-06-21,1,77.63,Organic
O014610,C0020,P0018,2026-06-21,2,188.5,Email
O014611,C0066,P0017,2026-06-21,2,41.12,Paid
O014612,C0721,P0019,2026-06-21,2,298.46,Organic
O014613,C0215,P0028,2026-06-21,3,58.32,Organic
O014614,C0765,P0038,2026-06-21,2,223.9,Paid
O014615,C0576,P0040,2026-06-21,1,91.63,Paid
O014616,C0774,P0034,2026-06-21,3,262.47,Organic
O014617,C0298,P0036,2026-06-21,3,174.72,Email
O014618,C0286,P0006,2026-06-21,3,418.29,Paid
O014619,C0134,P0005,2026-06-21,2,249.38,Organic
O014620,C0701,P0012,2026-06-21,3,219.54,Referral
O014621,C0057,P0016,2026-06-21,1,30.98,Organic
O014622,C0466,P0018,2026-06-21,3,282.75,Paid
O014623,C0764,P0019,2026-06-21,3,447.69,Paid
O014624,C0204,P0027,2026-06-21,2,57.16,Organic
O014625,C0127,P0030,2026-06-21,2,61.0,Organic
O014626,C0665,P0030,2026-06-21,1,30.5,Referral
O014627,C0677,P0028,2026-06-21,2,38.88,Paid
O014628,C0056,P0036,2026-06-21,1,58.24,Email
O014629,C0127,P0040,2026-06-21,2,183.26,Paid
O014630,C0048,P0037,2026-06-21,1,57.35,Email
O014631,C0563,P0033,2026-06-21,3,247.32,Paid
O014632,C0605,P0033,2026-06-21,1,82.44,Referral
O014633,C0750,P0036,2026-06-21,1,58.24,Organic
O014634,C0033,P0001,2026-06-21,2,737.56,Paid
O014635,C0539,P0014,2026-06-21,2,86.74,Email
O014636,C0106,P0014,2026-06-21,3,130.11,Organic
O014637,C0359,P0023,2026-06-21,2,250.58,Email
O014638,C0539,P0019,2026-06-21,1,149.23,Email
O014639,C0793,P0023,2026-06-21,2,250.58,Organic
O014640,C0175,P0019,2026-06-21,1,149.23,Paid
O014641,C0496,P0022,2026-06-21,2,174.92,Organic
O014642,C0196,P0028,2026-06-21,1,19.44,Email
O014643,C0194,P0027,2026-06-21,3,85.74,Referral
O014644,C0227,P0030,2026-06-21,3,91.5,Organic
O014645,C0601,P0036,2026-06-21,1,58.24,Organic
O014646,C0743,P0038,2026-06-21,2,223.9,Paid
O014647,C0506,P0033,2026-06-21,1,82.44,Email
O014648,C0624,P0038,2026-06-21,2,223.9,Email
O014649,C0499,P0040,2026-06-21,1,91.63,Paid
O014650,C0304,P0003,2026-06-21,3,851.94,Paid
O014651,C0264,P0006,2026-06-21,2,278.86,Organic
O014652,C0395,P0009,2026-06-21,1,47.25,Organic
O014653,C0514,P0010,2026-06-21,1,47.44,Email
O014654,C0696,P0016,2026-06-21,2,61.96,Organic
O014655,C0736,P0024,2026-06-21,3,94.74,Referral
O014656,C0769,P0020,2026-06-21,1,25.02,Paid
O014657,C0479,P0017,2026-06-21,2,41.12,Paid
O014658,C0484,P0024,2026-06-21,3,94.74,Email
O014659,C0311,P0032,2026-06-21,3,159.27,Email
O014660,C0311,P0036,2026-06-21,3,174.72,Paid
O014661,C0320,P0033,2026-06-21,3,247.32,Paid
O014662,C0744,P0040,2026-06-21,3,274.89,Paid
O014663,C0296,P0034,2026-06-21,2,174.98,Organic
O014664,C0184,P0040,2026-06-21,3,274.89,Paid
O014665,C0288,P0035,2026-06-21,3,354.63,Paid
O014666,C0643,P0033,2026-06-21,3,247.32,Referral
O014667,C0005,P0002,2026-06-22,3,271.26,Organic
O014668,C0168,P0001,2026-06-22,3,1106.34,Referral
O014669,C0324,P0009,2026-06-22,1,47.25,Organic
O014670,C0626,P0020,2026-06-22,3,75.06,Referral
O014671,C0063,P0032,2026-06-22,2,106.18,Organic
O014672,C0425,P0031,2026-06-22,3,101.91,Referral
O014673,C0729,P0027,2026-06-22,1,28.58,Referral
O014674,C0169,P0033,2026-06-22,3,247.32,Organic
O014675,C0570,P0034,2026-06-22,2,174.98,Organic
O014676,C0158,P0007,2026-06-22,3,1161.69,Organic
O014677,C0473,P0009,2026-06-22,2,94.5,Organic
O014678,C0420,P0015,2026-06-22,3,232.89,Organic
O014679,C0642,P0018,2026-06-22,2,188.5,Organic
O014680,C0239,P0019,2026-06-22,2,298.46,Email
O014681,C0642,P0023,2026-06-22,1,125.29,Organic
O014682,C0775,P0032,2026-06-22,2,106.18,Email
O014683,C0748,P0030,2026-06-22,2,61.0,Paid
O014684,C0073,P0034,2026-06-22,1,87.49,Referral
O014685,C0057,P0039,2026-06-22,2,81.64,Organic
O014686,C0194,P0002,2026-06-22,3,271.26,Email
O014687,C0231,P0003,2026-06-22,2,567.96,Email
O014688,C0124,P0016,2026-06-22,2,61.96,Email
O014689,C0115,P0012,2026-06-22,3,219.54,Paid
O014690,C0031,P0020,2026-06-22,1,25.02,Organic
O014691,C0321,P0018,2026-06-22,2,188.5,Paid
O014692,C0607,P0019,2026-06-22,3,447.69,Email
O014693,C0763,P0024,2026-06-22,1,31.58,Organic
O014694,C0733,P0017,2026-06-22,1,20.56,Paid
O014695,C0177,P0017,2026-06-22,2,41.12,Organic
O014696,C0694,P0029,2026-06-22,1,19.77,Organic
O014697,C0490,P0030,2026-06-22,2,61.0,Organic
O014698,C0731,P0004,2026-06-22,2,666.42,Email
O014699,C0070,P0009,2026-06-22,3,141.75,Email
O014700,C0042,P0016,2026-06-22,3,92.94,Paid
O014701,C0434,P0015,2026-06-22,2,155.26,Paid
O014702,C0704,P0009,2026-06-22,1,47.25,Organic
O014703,C0316,P0024,2026-06-22,3,94.74,Organic
O014704,C0419,P0018,2026-06-22,2,188.5,Paid
O014705,C0307,P0029,2026-06-22,1,19.77,Organic
O014706,C0770,P0025,2026-06-22,1,29.76,Organic
O014707,C0453,P0035,2026-06-22,3,354.63,Paid
O014708,C0334,P0040,2026-06-22,2,183.26,Email
O014709,C0597,P0034,2026-06-22,2,174.98,Referral
O014710,C0791,P0034,2026-06-22,1,87.49,Referral
O014711,C0004,P0035,2026-06-22,3,354.63,Paid
O014712,C0256,P0001,2026-06-23,2,737.56,Organic
O014713,C0257,P0001,2026-06-23,2,737.56,Organic
O014714,C0510,P0009,2026-06-23,3,141.75,Paid
O014715,C0620,P0010,2026-06-23,2,94.88,Paid
O014716,C0219,P0010,2026-06-23,2,94.88,Organic
O014717,C0020,P0014,2026-06-23,2,86.74,Organic
O014718,C0445,P0012,2026-06-23,1,73.18,Organic
O014719,C0144,P0023,2026-06-23,2,250.58,Organic
O014720,C0045,P0019,2026-06-23,3,447.69,Referral
O014721,C0535,P0019,2026-06-23,2,298.46,Paid
O014722,C0669,P0028,2026-06-23,1,19.44,Paid
O014723,C0362,P0029,2026-06-23,3,59.31,Email
O014724,C0796,P0032,2026-06-23,1,53.09,Email
O014725,C0081,P0034,2026-06-23,1,87.49,Email
O014726,C0169,P0037,2026-06-23,2,114.7,Organic
O014727,C0737,P0040,2026-06-23,2,183.26,Paid
O014728,C0382,P0036,2026-06-23,3,174.72,Organic
O014729,C0056,P0002,2026-06-23,3,271.26,Email
O014730,C0701,P0003,2026-06-23,1,283.98,Organic
O014731,C0467,P0013,2026-06-23,1,72.89,Organic
O014732,C0587,P0019,2026-06-23,3,447.69,Paid
O014733,C0533,P0022,2026-06-23,2,174.92,Email
O014734,C0547,P0025,2026-06-23,1,29.76,Paid
O014735,C0563,P0031,2026-06-23,3,101.91,Organic
O014736,C0417,P0027,2026-06-23,1,28.58,Organic
O014737,C0287,P0035,2026-06-23,1,118.21,Referral
O014738,C0370,P0034,2026-06-23,3,262.47,Organic
O014739,C0557,P0006,2026-06-23,3,418.29,Email
O014740,C0515,P0001,2026-06-23,3,1106.34,Paid
O014741,C0176,P0008,2026-06-23,1,135.26,Organic
O014742,C0516,P0003,2026-06-23,3,851.94,Organic
O014743,C0321,P0009,2026-06-23,2,94.5,Referral
O014744,C0505,P0019,2026-06-23,1,149.23,Organic
O014745,C0680,P0021,2026-06-23,3,141.12,Organic
O014746,C0604,P0032,2026-06-23,2,106.18,Paid
O014747,C0405,P0027,2026-06-23,1,28.58,Email
O014748,C0747,P0032,2026-06-23,1,53.09,Paid
O014749,C0505,P0033,2026-06-23,3,247.32,Paid
O014750,C0110,P0002,2026-06-23,1,90.42,Organic
O014751,C0538,P0007,2026-06-23,1,387.23,Paid
O014752,C0001,P0015,2026-06-23,1,77.63,Email
O014753,C0511,P0022,2026-06-23,3,262.38,Email
O014754,C0597,P0023,2026-06-23,3,375.87,Organic
O014755,C0727,P0028,2026-06-23,2,38.88,Organic
O014756,C0334,P0037,2026-06-23,2,114.7,Paid
O014757,C0718,P0003,2026-06-24,2,567.96,Email
O014758,C0714,P0006,2026-06-24,2,278.86,Email
O014759,C0003,P0001,2026-06-24,1,368.78,Paid
O014760,C0065,P0011,2026-06-24,3,101.94,Organic
O014761,C0579,P0011,2026-06-24,1,33.98,Paid
O014762,C0617,P0011,2026-06-24,1,33.98,Organic
O014763,C0198,P0011,2026-06-24,2,67.96,Organic
O014764,C0554,P0016,2026-06-24,3,92.94,Paid
O014765,C0546,P0019,2026-06-24,3,447.69,Email
O014766,C0784,P0025,2026-06-24,2,59.52,Paid
O014767,C0658,P0039,2026-06-24,2,81.64,Paid
O014768,C0369,P0040,2026-06-24,1,91.63,Organic
O014769,C0672,P0008,2026-06-24,1,135.26,Referral
O014770,C0127,P0005,2026-06-24,1,124.69,Paid
O014771,C0508,P0007,2026-06-24,1,387.23,Referral
O014772,C0750,P0015,2026-06-24,1,77.63,Organic
O014773,C0056,P0014,2026-06-24,1,43.37,Paid
O014774,C0728,P0022,2026-06-24,3,262.38,Paid
O014775,C0632,P0020,2026-06-24,2,50.04,Organic
O014776,C0204,P0027,2026-06-24,1,28.58,Referral
O014777,C0586,P0033,2026-06-24,1,82.44,Email
O014778,C0175,P0009,2026-06-24,1,47.25,Paid
O014779,C0604,P0013,2026-06-24,2,145.78,Referral
O014780,C0787,P0012,2026-06-24,3,219.54,Paid
O014781,C0197,P0013,2026-06-24,3,218.67,Paid
O014782,C0194,P0030,2026-06-24,1,30.5,Referral
O014783,C0234,P0026,2026-06-24,2,94.7,Organic
O014784,C0240,P0031,2026-06-24,3,101.91,Organic
O014785,C0321,P0027,2026-06-24,2,57.16,Paid
O014786,C0124,P0034,2026-06-24,1,87.49,Organic
O014787,C0673,P0002,2026-06-24,3,271.26,Organic
O014788,C0771,P0005,2026-06-24,3,374.07,Email
O014789,C0758,P0012,2026-06-24,3,219.54,Organic
O014790,C0702,P0013,2026-06-24,2,145.78,Paid
O014791,C0272,P0021,2026-06-24,2,94.08,Organic
O014792,C0753,P0022,2026-06-24,2,174.92,Paid
O014793,C0202,P0019,2026-06-24,2,298.46,Organic
O014794,C0543,P0018,2026-06-24,3,282.75,Paid
O014795,C0096,P0017,2026-06-24,3,61.68,Email
O014796,C0483,P0029,2026-06-24,2,39.54,Referral
O014797,C0316,P0035,2026-06-24,3,354.63,Paid
O014798,C0783,P0037,2026-06-24,1,57.35,Organic
O014799,C0726,P0037,2026-06-24,3,172.05,Email
O014800,C0593,P0004,2026-06-25,3,999.63,Email
O014801,C0219,P0013,2026-06-25,2,145.78,Referral
O014802,C0396,P0015,2026-06-25,2,155.26,Paid
O014803,C0262,P0010,2026-06-25,1,47.44,Organic
O014804,C0603,P0018,2026-06-25,1,94.25,Paid
O014805,C0590,P0017,2026-06-25,3,61.68,Paid
O014806,C0760,P0022,2026-06-25,3,262.38,Referral
O014807,C0235,P0032,2026-06-25,1,53.09,Email
O014808,C0638,P0025,2026-06-25,2,59.52,Email
O014809,C0477,P0027,2026-06-25,1,28.58,Referral
O014810,C0131,P0032,2026-06-25,3,159.27,Paid
O014811,C0055,P0034,2026-06-25,3,262.47,Organic
O014812,C0778,P0039,2026-06-25,2,81.64,Paid
O014813,C0079,P0005,2026-06-25,3,374.07,Referral
O014814,C0258,P0006,2026-06-25,2,278.86,Email
O014815,C0534,P0008,2026-06-25,1,135.26,Organic
O014816,C0488,P0020,2026-06-25,2,50.04,Organic
O014817,C0326,P0019,2026-06-25,2,298.46,Organic
O014818,C0794,P0023,2026-06-25,1,125.29,Organic
O014819,C0441,P0017,2026-06-25,2,41.12,Organic
O014820,C0467,P0028,2026-06-25,1,19.44,Paid
O014821,C0545,P0033,2026-06-25,1,82.44,Paid
O014822,C0297,P0035,2026-06-25,2,236.42,Referral
O014823,C0430,P0033,2026-06-25,1,82.44,Organic
O014824,C0075,P0035,2026-06-25,3,354.63,Organic
O014825,C0580,P0037,2026-06-25,2,114.7,Paid
O014826,C0605,P0040,2026-06-25,3,274.89,Paid
O014827,C0747,P0014,2026-06-25,3,130.11,Referral
O014828,C0321,P0013,2026-06-25,2,145.78,Organic
O014829,C0197,P0012,2026-06-25,1,73.18,Paid
O014830,C0253,P0018,2026-06-25,1,94.25,Organic
O014831,C0389,P0024,2026-06-25,1,31.58,Organic
O014832,C0266,P0023,2026-06-25,2,250.58,Referral
O014833,C0681,P0025,2026-06-25,2,59.52,Referral
O014834,C0197,P0027,2026-06-25,1,28.58,Paid
O014835,C0474,P0038,2026-06-25,1,111.95,Organic
O014836,C0505,P0039,2026-06-25,1,40.82,Referral
O014837,C0004,P0008,2026-06-25,1,135.26,Organic
O014838,C0652,P0008,2026-06-25,3,405.78,Organic
O014839,C0337,P0012,2026-06-25,2,146.36,Referral
O014840,C0002,P0009,2026-06-25,1,47.25,Paid
O014841,C0402,P0015,2026-06-25,2,155.26,Email
O014842,C0562,P0024,2026-06-25,3,94.74,Organic
O014843,C0621,P0019,2026-06-25,2,298.46,Organic
O014844,C0504,P0030,2026-06-25,3,91.5,Referral
O014845,C0468,P0029,2026-06-25,3,59.31,Organic
O014846,C0174,P0040,2026-06-25,2,183.26,Referral
O014847,C0003,P0004,2026-06-26,2,666.42,Organic
O014848,C0385,P0006,2026-06-26,3,418.29,Organic
O014849,C0477,P0008,2026-06-26,1,135.26,Organic
O014850,C0613,P0014,2026-06-26,3,130.11,Organic
O014851,C0066,P0014,2026-06-26,2,86.74,Paid
O014852,C0030,P0015,2026-06-26,1,77.63,Organic
O014853,C0760,P0009,2026-06-26,2,94.5,Organic
O014854,C0577,P0019,2026-06-26,3,447.69,Organic
O014855,C0403,P0024,2026-06-26,3,94.74,Organic
O014856,C0097,P0030,2026-06-26,3,91.5,Paid
O014857,C0553,P0039,2026-06-26,1,40.82,Organic
O014858,C0310,P0038,2026-06-26,1,111.95,Organic
O014859,C0683,P0002,2026-06-26,2,180.84,Paid
O014860,C0158,P0012,2026-06-26,3,219.54,Organic
O014861,C0547,P0015,2026-06-26,1,77.63,Paid
O014862,C0734,P0009,2026-06-26,3,141.75,Organic
O014863,C0326,P0019,2026-06-26,3,447.69,Organic
O014864,C0193,P0034,2026-06-26,3,262.47,Paid
O014865,C0029,P0038,2026-06-26,2,223.9,Paid
O014866,C0048,P0033,2026-06-26,2,164.88,Organic
O014867,C0285,P0038,2026-06-26,2,223.9,Paid
O014868,C0287,P0039,2026-06-26,2,81.64,Paid
O014869,C0519,P0038,2026-06-26,2,223.9,Paid
O014870,C0548,P0007,2026-06-26,3,1161.69,Organic
O014871,C0682,P0015,2026-06-26,2,155.26,Paid
O014872,C0633,P0024,2026-06-26,3,94.74,Organic
O014873,C0793,P0027,2026-06-26,3,85.74,Organic
O014874,C0462,P0037,2026-06-26,1,57.35,Email
O014875,C0213,P0034,2026-06-26,2,174.98,Email
O014876,C0490,P0040,2026-06-26,3,274.89,Organic
O014877,C0582,P0008,2026-06-26,3,405.78,Organic
O014878,C0059,P0003,2026-06-26,2,567.96,Paid
O014879,C0668,P0002,2026-06-26,3,271.26,Email
O014880,C0290,P0008,2026-06-26,2,270.52,Paid
O014881,C0419,P0016,2026-06-26,1,30.98,Organic
O014882,C0783,P0013,2026-06-26,1,72.89,Referral
O014883,C0730,P0013,2026-06-26,3,218.67,Paid
O014884,C0027,P0023,2026-06-26,3,375.87,Paid
O014885,C0265,P0019,2026-06-26,3,447.69,Email
O014886,C0720,P0019,2026-06-26,3,447.69,Paid
O014887,C0781,P0020,2026-06-26,3,75.06,Organic
O014888,C0090,P0025,2026-06-26,2,59.52,Referral
O014889,C0174,P0028,2026-06-26,3,58.32,Organic
O014890,C0706,P0028,2026-06-26,1,19.44,Organic
O014891,C0615,P0025,2026-06-26,2,59.52,Referral
O014892,C0706,P0036,2026-06-26,2,116.48,Paid
O014893,C0753,P0035,2026-06-26,3,354.63,Organic
O014894,C0714,P0003,2026-06-27,1,283.98,Email
O014895,C0268,P0003,2026-06-27,1,283.98,Organic
O014896,C0399,P0016,2026-06-27,3,92.94,Organic
O014897,C0336,P0013,2026-06-27,1,72.89,Organic
O014898,C0619,P0009,2026-06-27,2,94.5,Email
O014899,C0263,P0015,2026-06-27,1,77.63,Organic
O014900,C0219,P0016,2026-06-27,1,30.98,Organic
O014901,C0055,P0024,2026-06-27,2,63.16,Referral
O014902,C0257,P0025,2026-06-27,2,59.52,Paid
O014903,C0144,P0025,2026-06-27,1,29.76,Email
O014904,C0649,P0030,2026-06-27,1,30.5,Organic
O014905,C0398,P0032,2026-06-27,1,53.09,Organic
O014906,C0482,P0029,2026-06-27,3,59.31,Referral
O014907,C0406,P0037,2026-06-27,3,172.05,Referral
O014908,C0210,P0035,2026-06-27,3,354.63,Organic
O014909,C0086,P0006,2026-06-27,2,278.86,Organic
O014910,C0333,P0001,2026-06-27,2,737.56,Organic
O014911,C0632,P0003,2026-06-27,3,851.94,Referral
O014912,C0094,P0005,2026-06-27,1,124.69,Email
O014913,C0609,P0009,2026-06-27,1,47.25,Paid
O014914,C0532,P0009,2026-06-27,3,141.75,Email
O014915,C0674,P0022,2026-06-27,2,174.92,Paid
O014916,C0267,P0022,2026-06-27,1,87.46,Paid
O014917,C0527,P0031,2026-06-27,1,33.97,Paid
O014918,C0605,P0027,2026-06-27,3,85.74,Email
O014919,C0507,P0025,2026-06-27,2,59.52,Paid
O014920,C0677,P0038,2026-06-27,3,335.85,Email
O014921,C0439,P0033,2026-06-27,2,164.88,Email
O014922,C0571,P0039,2026-06-27,1,40.82,Organic
O014923,C0436,P0003,2026-06-27,2,567.96,Paid
O014924,C0465,P0001,2026-06-27,3,1106.34,Paid
O014925,C0692,P0008,2026-06-27,1,135.26,Organic
O014926,C0601,P0012,2026-06-27,3,219.54,Paid
O014927,C0793,P0010,2026-06-27,3,142.32,Organic
O014928,C0438,P0010,2026-06-27,3,142.32,Paid
O014929,C0126,P0013,2026-06-27,1,72.89,Referral
O014930,C0247,P0022,2026-06-27,3,262.38,Organic
O014931,C0240,P0026,2026-06-27,3,142.05,Organic
O014932,C0032,P0030,2026-06-27,2,61.0,Organic
O014933,C0522,P0033,2026-06-27,1,82.44,Email
O014934,C0031,P0040,2026-06-27,3,274.89,Organic
O014935,C0793,P0034,2026-06-27,2,174.98,Email
O014936,C0246,P0035,2026-06-27,2,236.42,Paid
O014937,C0783,P0002,2026-06-27,2,180.84,Paid
O014938,C0779,P0006,2026-06-27,3,418.29,Organic
O014939,C0615,P0004,2026-06-27,3,999.63,Email
O014940,C0148,P0016,2026-06-27,3,92.94,Paid
O014941,C0797,P0013,2026-06-27,2,145.78,Organic
O014942,C0791,P0023,2026-06-27,3,375.87,Organic
O014943,C0448,P0028,2026-06-27,2,38.88,Referral
O014944,C0798,P0031,2026-06-27,3,101.91,Organic
O014945,C0288,P0036,2026-06-27,3,174.72,Organic
O014946,C0762,P0036,2026-06-27,2,116.48,Organic
O014947,C0313,P0036,2026-06-27,3,174.72,Organic
O014948,C0628,P0002,2026-06-28,2,180.84,Organic
O014949,C0226,P0011,2026-06-28,3,101.94,Email
O014950,C0003,P0011,2026-06-28,2,67.96,Organic
O014951,C0098,P0015,2026-06-28,2,155.26,Paid
O014952,C0521,P0011,2026-06-28,2,67.96,Organic
O014953,C0461,P0015,2026-06-28,1,77.63,Paid
O014954,C0368,P0016,2026-06-28,3,92.94,Organic
O014955,C0737,P0013,2026-06-28,3,218.67,Referral
O014956,C0131,P0022,2026-06-28,3,262.38,Referral
O014957,C0662,P0023,2026-06-28,2,250.58,Paid
O014958,C0425,P0031,2026-06-28,2,67.94,Organic
O014959,C0045,P0028,2026-06-28,3,58.32,Paid
O014960,C0616,P0036,2026-06-28,2,116.48,Organic
O014961,C0298,P0039,2026-06-28,3,122.46,Paid
O014962,C0425,P0038,2026-06-28,2,223.9,Organic
O014963,C0756,P0039,2026-06-28,2,81.64,Organic
O014964,C0156,P0004,2026-06-28,2,666.42,Paid
O014965,C0049,P0001,2026-06-28,3,1106.34,Organic
O014966,C0204,P0003,2026-06-28,2,567.96,Organic
O014967,C0006,P0002,2026-06-28,2,180.84,Organic
O014968,C0537,P0001,2026-06-28,3,1106.34,Paid
O014969,C0154,P0001,2026-06-28,2,737.56,Referral
O014970,C0449,P0012,2026-06-28,2,146.36,Organic
O014971,C0683,P0014,2026-06-28,3,130.11,Organic
O014972,C0249,P0016,2026-06-28,3,92.94,Organic
O014973,C0663,P0022,2026-06-28,2,174.92,Organic
O014974,C0605,P0023,2026-06-28,2,250.58,Paid
O014975,C0488,P0030,2026-06-28,1,30.5,Organic
O014976,C0587,P0027,2026-06-28,3,85.74,Email
O014977,C0086,P0028,2026-06-28,3,58.32,Organic
O014978,C0672,P0032,2026-06-28,1,53.09,Email
O014979,C0159,P0034,2026-06-28,1,87.49,Organic
O014980,C0748,P0036,2026-06-28,2,116.48,Paid
O014981,C0683,P0037,2026-06-28,2,114.7,Referral
O014982,C0761,P0035,2026-06-28,1,118.21,Organic
O014983,C0660,P0001,2026-06-28,2,737.56,Organic
O014984,C0654,P0008,2026-06-28,3,405.78,Organic
O014985,C0548,P0001,2026-06-28,3,1106.34,Paid
O014986,C0245,P0004,2026-06-28,1,333.21,Email
O014987,C0227,P0002,2026-06-28,3,271.26,Email
O014988,C0738,P0009,2026-06-28,1,47.25,Email
O014989,C0009,P0014,2026-06-28,3,130.11,Organic
O014990,C0474,P0010,2026-06-28,3,142.32,Referral
O014991,C0115,P0019,2026-06-28,1,149.23,Organic
O014992,C0183,P0038,2026-06-28,3,335.85,Organic
O014993,C0152,P0033,2026-06-28,1,82.44,Organic
O014994,C0565,P0039,2026-06-28,1,40.82,Organic
O014995,C0470,P0008,2026-06-28,3,405.78,Email
O014996,C0779,P0005,2026-06-28,3,374.07,Organic
O014997,C0221,P0014,2026-06-28,2,86.74,Referral
O014998,C0372,P0009,2026-06-28,3,141.75,Organic
O014999,C0282,P0015,2026-06-28,1,77.63,Paid
O015000,C0500,P0011,2026-06-28,1,33.98,Email
O015001,C0696,P0010,2026-06-28,3,142.32,Organic
O015002,C0491,P0013,2026-06-28,1,72.89,Paid
O015003,C0302,P0018,2026-06-28,3,282.75,Organic
O015004,C0500,P0018,2026-06-28,1,94.25,Organic
O015005,C0797,P0020,2026-06-28,1,25.02,Paid
O015006,C0432,P0032,2026-06-28,2,106.18,Paid
O015007,C0320,P0027,2026-06-28,1,28.58,Paid
O015008,C0558,P0026,2026-06-28,3,142.05,Paid
O015009,C0316,P0030,2026-06-28,1,30.5,Paid
O015010,C0790,P0025,2026-06-28,3,89.28,Organic
O015011,C0224,P0025,2026-06-28,1,29.76,Paid
O015012,C0500,P0033,2026-06-28,3,247.32,Organic
O015013,C0271,P0037,2026-06-28,2,114.7,Paid
O015014,C0559,P0005,2026-06-29,1,124.69,Referral
O015015,C0685,P0009,2026-06-29,1,47.25,Paid
O015016,C0382,P0010,2026-06-29,3,142.32,Organic
O015017,C0281,P0016,2026-06-29,2,61.96,Referral
O015018,C0535,P0012,2026-06-29,2,146.36,Organic
O015019,C0208,P0017,2026-06-29,1,20.56,Paid
O015020,C0669,P0018,2026-06-29,1,94.25,Organic
O015021,C0613,P0019,2026-06-29,3,447.69,Referral
O015022,C0399,P0025,2026-06-29,3,89.28,Email
O015023,C0208,P0029,2026-06-29,1,19.77,Organic
O015024,C0226,P0028,2026-06-29,2,38.88,Organic
O015025,C0669,P0028,2026-06-29,3,58.32,Email
O015026,C0262,P0032,2026-06-29,3,159.27,Paid
O015027,C0340,P0026,2026-06-29,3,142.05,Email
O015028,C0169,P0036,2026-06-29,2,116.48,Referral
O015029,C0003,P0036,2026-06-29,1,58.24,Paid
O015030,C0226,P0035,2026-06-29,2,236.42,Paid
O015031,C0631,P0033,2026-06-29,3,247.32,Paid
O015032,C0015,P0037,2026-06-29,3,172.05,Organic
O015033,C0472,P0039,2026-06-29,1,40.82,Organic
O015034,C0185,P0002,2026-06-29,2,180.84,Email
O015035,C0420,P0002,2026-06-29,2,180.84,Paid
O015036,C0527,P0006,2026-06-29,1,139.43,Organic
O015037,C0739,P0001,2026-06-29,1,368.78,Organic
O015038,C0589,P0012,2026-06-29,2,146.36,Organic
O015039,C0471,P0016,2026-06-29,3,92.94,Organic
O015040,C0190,P0013,2026-06-29,2,145.78,Organic
O015041,C0728,P0012,2026-06-29,3,219.54,Email
O015042,C0507,P0012,2026-06-29,2,146.36,Paid
O015043,C0052,P0017,2026-06-29,2,41.12,Paid
O015044,C0446,P0017,2026-06-29,2,41.12,Paid
O015045,C0420,P0027,2026-06-29,3,85.74,Referral
O015046,C0057,P0026,2026-06-29,3,142.05,Paid
O015047,C0258,P0031,2026-06-29,2,67.94,Organic
O015048,C0193,P0040,2026-06-29,3,274.89,Organic
O015049,C0251,P0006,2026-06-29,2,278.86,Paid
O015050,C0231,P0001,2026-06-29,1,368.78,Organic
O015051,C0574,P0001,2026-06-29,1,368.78,Email
O015052,C0400,P0006,2026-06-29,1,139.43,Organic
O015053,C0115,P0006,2026-06-29,3,418.29,Organic
O015054,C0231,P0004,2026-06-29,2,666.42,Organic
O015055,C0416,P0004,2026-06-29,2,666.42,Organic
O015056,C0481,P0016,2026-06-29,1,30.98,Referral
O015057,C0061,P0019,2026-06-29,3,447.69,Organic
O015058,C0183,P0023,2026-06-29,3,375.87,Paid
O015059,C0044,P0029,2026-06-29,1,19.77,Paid
O015060,C0492,P0040,2026-06-29,3,274.89,Organic
O015061,C0516,P0038,2026-06-29,2,223.9,Organic
O015062,C0769,P0002,2026-06-29,2,180.84,Email
O015063,C0358,P0006,2026-06-29,1,139.43,Referral
O015064,C0584,P0004,2026-06-29,1,333.21,Organic
O015065,C0164,P0003,2026-06-29,3,851.94,Email
O015066,C0731,P0007,2026-06-29,2,774.46,Email
O015067,C0229,P0003,2026-06-29,1,283.98,Email
O015068,C0724,P0005,2026-06-29,1,124.69,Organic
O015069,C0272,P0002,2026-06-29,3,271.26,Paid
O015070,C0437,P0023,2026-06-29,3,375.87,Organic
O015071,C0562,P0023,2026-06-29,2,250.58,Organic
O015072,C0150,P0018,2026-06-29,3,282.75,Organic
O015073,C0316,P0023,2026-06-29,3,375.87,Organic
O015074,C0224,P0018,2026-06-29,2,188.5,Paid
O015075,C0744,P0019,2026-06-29,3,447.69,Organic
O015076,C0140,P0030,2026-06-29,3,91.5,Organic
O015077,C0585,P0038,2026-06-29,2,223.9,Organic
O015078,C0002,P0039,2026-06-29,1,40.82,Organic
O015079,C0313,P0033,2026-06-29,1,82.44,Referral
O015080,C0307,P0039,2026-06-29,3,122.46,Organic
O015081,C0151,P0037,2026-06-29,3,172.05,Paid
O015082,C0228,P0011,2026-06-30,2,67.96,Organic
O015083,C0452,P0013,2026-06-30,1,72.89,Organic
O015084,C0669,P0016,2026-06-30,2,61.96,Paid
O015085,C0671,P0019,2026-06-30,1,149.23,Email
O015086,C0188,P0024,2026-06-30,2,63.16,Organic
O015087,C0382,P0022,2026-06-30,1,87.46,Organic
O015088,C0114,P0021,2026-06-30,1,47.04,Referral
O015089,C0078,P0025,2026-06-30,3,89.28,Paid
O015090,C0212,P0029,2026-06-30,1,19.77,Organic
O015091,C0171,P0028,2026-06-30,1,19.44,Paid
O015092,C0205,P0027,2026-06-30,2,57.16,Organic
O015093,C0684,P0031,2026-06-30,1,33.97,Referral
O015094,C0276,P0008,2026-06-30,2,270.52,Organic
O015095,C0683,P0007,2026-06-30,1,387.23,Paid
O015096,C0391,P0002,2026-06-30,3,271.26,Organic
O015097,C0741,P0011,2026-06-30,1,33.98,Organic
O015098,C0132,P0020,2026-06-30,2,50.04,Referral
O015099,C0223,P0019,2026-06-30,3,447.69,Paid
O015100,C0204,P0020,2026-06-30,2,50.04,Organic
O015101,C0201,P0023,2026-06-30,1,125.29,Organic
O015102,C0646,P0029,2026-06-30,1,19.77,Paid
O015103,C0507,P0032,2026-06-30,2,106.18,Paid
O015104,C0786,P0028,2026-06-30,1,19.44,Organic
O015105,C0587,P0033,2026-06-30,3,247.32,Email
O015106,C0569,P0036,2026-06-30,1,58.24,Paid
O015107,C0430,P0035,2026-06-30,1,118.21,Organic
O015108,C0025,P0008,2026-06-30,2,270.52,Email
O015109,C0338,P0007,2026-06-30,2,774.46,Organic
O015110,C0183,P0012,2026-06-30,2,146.36,Organic
O015111,C0709,P0012,2026-06-30,1,73.18,Referral
O015112,C0183,P0009,2026-06-30,2,94.5,Organic
O015113,C0513,P0011,2026-06-30,3,101.94,Paid
O015114,C0177,P0019,2026-06-30,3,447.69,Paid
O015115,C0167,P0034,2026-06-30,3,262.47,Paid
O015116,C0548,P0034,2026-06-30,2,174.98,Email
O015117,C0568,P0001,2026-06-30,2,737.56,Referral
O015118,C0004,P0005,2026-06-30,3,374.07,Organic
O015119,C0727,P0001,2026-06-30,3,1106.34,Organic
O015120,C0133,P0014,2026-06-30,3,130.11,Paid
O015121,C0339,P0015,2026-06-30,2,155.26,Organic
O015122,C0789,P0013,2026-06-30,1,72.89,Paid
O015123,C0320,P0027,2026-06-30,2,57.16,Organic
O015124,C0615,P0030,2026-06-30,3,91.5,Paid
O015125,C0023,P0037,2026-06-30,2,114.7,Email
O015126,C0783,P0035,2026-06-30,1,118.21,Organic
O015127,C0208,P0003,2026-07-01,3,851.94,Referral
O015128,C0717,P0001,2026-07-01,3,1106.34,Referral
O015129,C0104,P0003,2026-07-01,2,567.96,Referral
O015130,C0638,P0007,2026-07-01,3,1161.69,Organic
O015131,C0055,P0012,2026-07-01,2,146.36,Email
O015132,C0215,P0014,2026-07-01,2,86.74,Organic
O015133,C0030,P0019,2026-07-01,3,447.69,Paid
O015134,C0317,P0017,2026-07-01,2,41.12,Paid
O015135,C0567,P0021,2026-07-01,1,47.04,Organic
O015136,C0362,P0023,2026-07-01,2,250.58,Organic
O015137,C0639,P0017,2026-07-01,3,61.68,Paid
O015138,C0718,P0025,2026-07-01,3,89.28,Email
O015139,C0463,P0037,2026-07-01,2,114.7,Paid
O015140,C0737,P0036,2026-07-01,3,174.72,Paid
O015141,C0021,P0004,2026-07-01,3,999.63,Organic
O015142,C0537,P0003,2026-07-01,3,851.94,Organic
O015143,C0193,P0010,2026-07-01,1,47.44,Paid
O015144,C0355,P0016,2026-07-01,3,92.94,Paid
O015145,C0178,P0021,2026-07-01,1,47.04,Organic
O015146,C0586,P0024,2026-07-01,2,63.16,Organic
O015147,C0571,P0029,2026-07-01,1,19.77,Paid
O015148,C0672,P0039,2026-07-01,3,122.46,Organic
O015149,C0353,P0038,2026-07-01,2,223.9,Organic
O015150,C0079,P0034,2026-07-01,3,262.47,Organic
O015151,C0217,P0001,2026-07-01,2,737.56,Paid
O015152,C0319,P0013,2026-07-01,2,145.78,Organic
O015153,C0177,P0011,2026-07-01,3,101.94,Organic
O015154,C0548,P0018,2026-07-01,2,188.5,Paid
O015155,C0253,P0019,2026-07-01,3,447.69,Paid
O015156,C0032,P0026,2026-07-01,1,47.35,Email
O015157,C0138,P0025,2026-07-01,2,59.52,Referral
O015158,C0440,P0034,2026-07-01,1,87.49,Email
O015159,C0484,P0008,2026-07-01,3,405.78,Email
O015160,C0511,P0002,2026-07-01,2,180.84,Organic
O015161,C0432,P0006,2026-07-01,1,139.43,Referral
O015162,C0730,P0008,2026-07-01,2,270.52,Paid
O015163,C0427,P0005,2026-07-01,3,374.07,Organic
O015164,C0726,P0001,2026-07-01,2,737.56,Email
O015165,C0093,P0012,2026-07-01,3,219.54,Paid
O015166,C0271,P0010,2026-07-01,2,94.88,Organic
O015167,C0779,P0010,2026-07-01,1,47.44,Referral
O015168,C0300,P0016,2026-07-01,3,92.94,Email
O015169,C0172,P0016,2026-07-01,2,61.96,Organic
O015170,C0042,P0009,2026-07-01,2,94.5,Referral
O015171,C0782,P0020,2026-07-01,3,75.06,Organic
O015172,C0289,P0020,2026-07-01,1,25.02,Paid
O015173,C0265,P0022,2026-07-01,3,262.38,Referral
O015174,C0753,P0025,2026-07-01,2,59.52,Email
O015175,C0582,P0028,2026-07-01,2,38.88,Paid
O015176,C0202,P0028,2026-07-01,1,19.44,Organic
O015177,C0636,P0037,2026-07-01,2,114.7,Paid
O015178,C0468,P0040,2026-07-01,3,274.89,Organic
O015179,C0599,P0005,2026-07-02,3,374.07,Email
O015180,C0493,P0005,2026-07-02,1,124.69,Referral
O015181,C0377,P0002,2026-07-02,2,180.84,Paid
O015182,C0406,P0009,2026-07-02,1,47.25,Paid
O015183,C0104,P0013,2026-07-02,1,72.89,Organic
O015184,C0298,P0023,2026-07-02,1,125.29,Organic
O015185,C0062,P0021,2026-07-02,2,94.08,Organic
O015186,C0398,P0025,2026-07-02,2,59.52,Referral
O015187,C0038,P0030,2026-07-02,2,61.0,Paid
O015188,C0541,P0030,2026-07-02,2,61.0,Organic
O015189,C0003,P0031,2026-07-02,3,101.91,Organic
O015190,C0122,P0034,2026-07-02,2,174.98,Organic
O015191,C0136,P0037,2026-07-02,2,114.7,Paid
O015192,C0556,P0038,2026-07-02,1,111.95,Referral
O015193,C0519,P0005,2026-07-02,3,374.07,Email
O015194,C0518,P0001,2026-07-02,1,368.78,Organic
O015195,C0279,P0013,2026-07-02,2,145.78,Organic
O015196,C0054,P0014,2026-07-02,3,130.11,Paid
O015197,C0519,P0023,2026-07-02,3,375.87,Email
O015198,C0113,P0023,2026-07-02,2,250.58,Email
O015199,C0645,P0023,2026-07-02,1,125.29,Organic
O015200,C0259,P0028,2026-07-02,3,58.32,Paid
O015201,C0259,P0032,2026-07-02,1,53.09,Organic
O015202,C0052,P0032,2026-07-02,3,159.27,Organic
O015203,C0444,P0028,2026-07-02,3,58.32,Organic
O015204,C0326,P0031,2026-07-02,2,67.94,Email
O015205,C0379,P0032,2026-07-02,3,159.27,Organic
O015206,C0193,P0039,2026-07-02,3,122.46,Paid
O015207,C0244,P0038,2026-07-02,2,223.9,Organic
O015208,C0008,P0034,2026-07-02,1,87.49,Paid
O015209,C0601,P0007,2026-07-02,1,387.23,Paid
O015210,C0197,P0001,2026-07-02,2,737.56,Organic
O015211,C0112,P0006,2026-07-02,2,278.86,Organic
O015212,C0360,P0004,2026-07-02,3,999.63,Organic
O015213,C0404,P0016,2026-07-02,2,61.96,Email
O015214,C0034,P0013,2026-07-02,1,72.89,Organic
O015215,C0418,P0024,2026-07-02,1,31.58,Paid
O015216,C0234,P0029,2026-07-02,3,59.31,Paid
O015217,C0315,P0028,2026-07-02,1,19.44,Paid
O015218,C0709,P0035,2026-07-02,1,118.21,Organic
O015219,C0302,P0005,2026-07-02,3,374.07,Paid
O015220,C0771,P0008,2026-07-02,2,270.52,Organic
O015221,C0091,P0013,2026-07-02,3,218.67,Paid
O015222,C0072,P0015,2026-07-02,3,232.89,Organic
O015223,C0479,P0011,2026-07-02,1,33.98,Organic
O015224,C0688,P0012,2026-07-02,2,146.36,Referral
O015225,C0584,P0010,2026-07-02,1,47.44,Organic
O015226,C0001,P0019,2026-07-02,2,298.46,Paid
O015227,C0543,P0019,2026-07-02,2,298.46,Paid
O015228,C0612,P0020,2026-07-02,1,25.02,Organic
O015229,C0172,P0022,2026-07-02,1,87.46,Paid
O015230,C0221,P0017,2026-07-02,1,20.56,Email
O015231,C0272,P0021,2026-07-02,3,141.12,Email
O015232,C0716,P0027,2026-07-02,3,85.74,Paid
O015233,C0475,P0025,2026-07-02,2,59.52,Organic
O015234,C0189,P0026,2026-07-02,2,94.7,Organic
O015235,C0140,P0028,2026-07-02,1,19.44,Email
O015236,C0053,P0038,2026-07-02,1,111.95,Paid
O015237,C0477,P0005,2026-07-03,3,374.07,Email
O015238,C0435,P0001,2026-07-03,1,368.78,Organic
O015239,C0765,P0012,2026-07-03,1,73.18,Organic
O015240,C0257,P0010,2026-07-03,3,142.32,Organic
O015241,C0210,P0010,2026-07-03,1,47.44,Paid
O015242,C0576,P0014,2026-07-03,2,86.74,Paid
O015243,C0050,P0023,2026-07-03,1,125.29,Paid
O015244,C0120,P0026,2026-07-03,1,47.35,Organic
O015245,C0684,P0029,2026-07-03,1,19.77,Paid
O015246,C0135,P0032,2026-07-03,3,159.27,Email
O015247,C0626,P0027,2026-07-03,2,57.16,Paid
O015248,C0295,P0031,2026-07-03,2,67.94,Referral
O015249,C0639,P0038,2026-07-03,1,111.95,Organic
O015250,C0722,P0039,2026-07-03,1,40.82,Paid
O015251,C0094,P0006,2026-07-03,1,139.43,Email
O015252,C0029,P0024,2026-07-03,3,94.74,Paid
O015253,C0254,P0017,2026-07-03,3,61.68,Organic
O015254,C0297,P0030,2026-07-03,3,91.5,Paid
O015255,C0571,P0034,2026-07-03,2,174.98,Referral
O015256,C0645,P0034,2026-07-03,3,262.47,Organic
O015257,C0772,P0034,2026-07-03,1,87.49,Paid
O015258,C0049,P0036,2026-07-03,2,116.48,Referral
O015259,C0391,P0037,2026-07-03,2,114.7,Paid
O015260,C0508,P0034,2026-07-03,2,174.98,Paid
O015261,C0233,P0007,2026-07-03,2,774.46,Organic
O015262,C0742,P0003,2026-07-03,2,567.96,Organic
O015263,C0735,P0007,2026-07-03,3,1161.69,Organic
O015264,C0757,P0008,2026-07-03,3,405.78,Organic
O015265,C0102,P0009,2026-07-03,2,94.5,Paid
O015266,C0601,P0016,2026-07-03,2,61.96,Referral
O015267,C0564,P0020,2026-07-03,1,25.02,Organic
O015268,C0633,P0029,2026-07-03,3,59.31,Organic
O015269,C0711,P0026,2026-07-03,1,47.35,Referral
O015270,C0506,P0035,2026-07-03,1,118.21,Paid
O015271,C0597,P0005,2026-07-03,3,374.07,Paid
O015272,C0261,P0013,2026-07-03,1,72.89,Paid
O015273,C0771,P0012,2026-07-03,3,219.54,Paid
O015274,C0562,P0010,2026-07-03,1,47.44,Referral
O015275,C0753,P0024,2026-07-03,3,94.74,Email
O015276,C0151,P0026,2026-07-03,2,94.7,Organic
O015277,C0011,P0036,2026-07-03,3,174.72,Organic
O015278,C0606,P0038,2026-07-03,1,111.95,Organic
O015279,C0428,P0001,2026-07-04,1,368.78,Organic
O015280,C0260,P0002,2026-07-04,3,271.26,Organic
O015281,C0549,P0006,2026-07-04,3,418.29,Paid
O015282,C0170,P0007,2026-07-04,2,774.46,Email
O015283,C0784,P0014,2026-07-04,2,86.74,Referral
O015284,C0103,P0009,2026-07-04,1,47.25,Email
O015285,C0332,P0009,2026-07-04,3,141.75,Paid
O015286,C0626,P0024,2026-07-04,1,31.58,Organic
O015287,C0198,P0021,2026-07-04,1,47.04,Paid
O015288,C0579,P0021,2026-07-04,3,141.12,Organic
O015289,C0399,P0031,2026-07-04,3,101.91,Organic
O015290,C0638,P0027,2026-07-04,3,85.74,Paid
O015291,C0399,P0030,2026-07-04,3,91.5,Organic
O015292,C0523,P0040,2026-07-04,1,91.63,Organic
O015293,C0207,P0038,2026-07-04,1,111.95,Organic
O015294,C0756,P0033,2026-07-04,1,82.44,Email
O015295,C0761,P0008,2026-07-04,1,135.26,Email
O015296,C0534,P0007,2026-07-04,2,774.46,Organic
O015297,C0430,P0006,2026-07-04,1,139.43,Paid
O015298,C0391,P0006,2026-07-04,1,139.43,Email
O015299,C0024,P0002,2026-07-04,2,180.84,Email
O015300,C0029,P0001,2026-07-04,3,1106.34,Paid
O015301,C0533,P0015,2026-07-04,1,77.63,Paid
O015302,C0741,P0014,2026-07-04,3,130.11,Email
O015303,C0180,P0017,2026-07-04,3,61.68,Paid
O015304,C0488,P0022,2026-07-04,2,174.92,Organic
O015305,C0376,P0018,2026-07-04,3,282.75,Paid
O015306,C0204,P0027,2026-07-04,3,85.74,Referral
O015307,C0596,P0027,2026-07-04,2,57.16,Organic
O015308,C0691,P0026,2026-07-04,1,47.35,Paid
O015309,C0683,P0036,2026-07-04,1,58.24,Organic
O015310,C0361,P0002,2026-07-04,1,90.42,Organic
O015311,C0735,P0010,2026-07-04,2,94.88,Email
O015312,C0431,P0015,2026-07-04,2,155.26,Organic
O015313,C0485,P0010,2026-07-04,2,94.88,Organic
O015314,C0654,P0021,2026-07-04,1,47.04,Email
O015315,C0763,P0021,2026-07-04,2,94.08,Paid
O015316,C0733,P0032,2026-07-04,3,159.27,Organic
O015317,C0167,P0025,2026-07-04,2,59.52,Organic
O015318,C0123,P0029,2026-07-04,1,19.77,Paid
O015319,C0253,P0029,2026-07-04,2,39.54,Email
O015320,C0221,P0004,2026-07-04,3,999.63,Organic
O015321,C0448,P0005,2026-07-04,2,249.38,Referral
O015322,C0469,P0008,2026-07-04,3,405.78,Organic
O015323,C0479,P0007,2026-07-04,1,387.23,Email
O015324,C0475,P0010,2026-07-04,3,142.32,Paid
O015325,C0316,P0014,2026-07-04,3,130.11,Organic
O015326,C0076,P0009,2026-07-04,2,94.5,Organic
O015327,C0070,P0016,2026-07-04,3,92.94,Organic
O015328,C0110,P0015,2026-07-04,1,77.63,Organic
O015329,C0339,P0022,2026-07-04,2,174.92,Paid
O015330,C0484,P0019,2026-07-04,2,298.46,Organic
O015331,C0072,P0030,2026-07-04,2,61.0,Paid
O015332,C0010,P0029,2026-07-04,2,39.54,Organic
O015333,C0192,P0026,2026-07-04,3,142.05,Email
O015334,C0164,P0030,2026-07-04,2,61.0,Organic
O015335,C0096,P0035,2026-07-04,3,354.63,Organic
O015336,C0491,P0037,2026-07-04,2,114.7,Paid
O015337,C0478,P0034,2026-07-04,3,262.47,Paid
O015338,C0521,P0006,2026-07-05,3,418.29,Organic
O015339,C0020,P0004,2026-07-05,1,333.21,Organic
O015340,C0435,P0009,2026-07-05,1,47.25,Organic
O015341,C0521,P0016,2026-07-05,2,61.96,Organic
O015342,C0198,P0012,2026-07-05,1,73.18,Paid
O015343,C0433,P0010,2026-07-05,1,47.44,Paid
O015344,C0717,P0017,2026-07-05,2,41.12,Paid
O015345,C0423,P0017,2026-07-05,1,20.56,Paid
O015346,C0765,P0026,2026-07-05,1,47.35,Organic
O015347,C0063,P0026,2026-07-05,3,142.05,Paid
O015348,C0510,P0031,2026-07-05,1,33.97,Email
O015349,C0062,P0032,2026-07-05,3,159.27,Paid
O015350,C0617,P0032,2026-07-05,1,53.09,Email
O015351,C0638,P0033,2026-07-05,2,164.88,Organic
O015352,C0207,P0033,2026-07-05,1,82.44,Referral
O015353,C0066,P0036,2026-07-05,3,174.72,Organic
O015354,C0397,P0006,2026-07-05,2,278.86,Organic
O015355,C0520,P0015,2026-07-05,2,155.26,Referral
O015356,C0466,P0011,2026-07-05,1,33.98,Organic
O015357,C0687,P0017,2026-07-05,1,20.56,Organic
O015358,C0089,P0017,2026-07-05,1,20.56,Organic
O015359,C0795,P0022,2026-07-05,2,174.92,Organic
O015360,C0608,P0018,2026-07-05,2,188.5,Paid
O015361,C0139,P0018,2026-07-05,2,188.5,Organic
O015362,C0518,P0017,2026-07-05,2,41.12,Referral
O015363,C0279,P0025,2026-07-05,1,29.76,Organic
O015364,C0728,P0025,2026-07-05,2,59.52,Organic
O015365,C0178,P0029,2026-07-05,2,39.54,Email
O015366,C0507,P0026,2026-07-05,1,47.35,Paid
O015367,C0454,P0030,2026-07-05,1,30.5,Organic
O015368,C0113,P0036,2026-07-05,3,174.72,Organic
O015369,C0204,P0038,2026-07-05,1,111.95,Organic
O015370,C0527,P0035,2026-07-05,1,118.21,Paid
O015371,C0764,P0035,2026-07-05,3,354.63,Organic
O015372,C0220,P0008,2026-07-05,2,270.52,Organic
O015373,C0667,P0008,2026-07-05,1,135.26,Organic
O015374,C0099,P0014,2026-07-05,2,86.74,Organic
O015375,C0709,P0014,2026-07-05,3,130.11,Organic
O015376,C0246,P0010,2026-07-05,2,94.88,Email
O015377,C0269,P0021,2026-07-05,1,47.04,Paid
O015378,C0647,P0021,2026-07-05,3,141.12,Organic
O015379,C0102,P0030,2026-07-05,2,61.0,Referral
O015380,C0246,P0038,2026-07-05,2,223.9,Organic
O015381,C0431,P0038,2026-07-05,2,223.9,Paid
O015382,C0338,P0033,2026-07-05,3,247.32,Organic
O015383,C0607,P0034,2026-07-05,3,262.47,Organic
O015384,C0798,P0003,2026-07-05,3,851.94,Organic
O015385,C0693,P0014,2026-07-05,3,130.11,Paid
O015386,C0615,P0012,2026-07-05,2,146.36,Email
O015387,C0010,P0014,2026-07-05,3,130.11,Email
O015388,C0304,P0012,2026-07-05,2,146.36,Organic
O015389,C0307,P0014,2026-07-05,1,43.37,Organic
O015390,C0328,P0017,2026-07-05,2,41.12,Referral
O015391,C0090,P0020,2026-07-05,1,25.02,Organic
O015392,C0704,P0023,2026-07-05,2,250.58,Organic
O015393,C0698,P0021,2026-07-05,1,47.04,Paid
O015394,C0173,P0022,2026-07-05,1,87.46,Paid
O015395,C0497,P0020,2026-07-05,2,50.04,Organic
O015396,C0693,P0031,2026-07-05,3,101.91,Organic
O015397,C0140,P0027,2026-07-05,3,85.74,Paid
O015398,C0789,P0027,2026-07-05,3,85.74,Organic
O015399,C0314,P0032,2026-07-05,3,159.27,Referral
O015400,C0151,P0028,2026-07-05,2,38.88,Paid
O015401,C0498,P0032,2026-07-05,2,106.18,Paid
O015402,C0348,P0026,2026-07-05,1,47.35,Organic
O015403,C0468,P0025,2026-07-05,2,59.52,Paid
O015404,C0090,P0038,2026-07-05,2,223.9,Paid
O015405,C0707,P0036,2026-07-05,3,174.72,Organic
O015406,C0348,P0034,2026-07-05,2,174.98,Referral
O015407,C0354,P0039,2026-07-05,3,122.46,Paid
O015408,C0053,P0038,2026-07-05,1,111.95,Paid
O015409,C0479,P0040,2026-07-05,3,274.89,Referral
O015410,C0475,P0036,2026-07-05,1,58.24,Paid
O015411,C0395,P0038,2026-07-05,1,111.95,Email
O015412,C0093,P0040,2026-07-05,1,91.63,Email
O015413,C0116,P0004,2026-07-06,3,999.63,Organic
O015414,C0759,P0006,2026-07-06,1,139.43,Paid
O015415,C0463,P0005,2026-07-06,1,124.69,Paid
O015416,C0760,P0002,2026-07-06,2,180.84,Paid
O015417,C0209,P0007,2026-07-06,2,774.46,Paid
O015418,C0364,P0022,2026-07-06,2,174.92,Paid
O015419,C0423,P0025,2026-07-06,1,29.76,Organic
O015420,C0403,P0026,2026-07-06,2,94.7,Organic
O015421,C0385,P0026,2026-07-06,3,142.05,Organic
O015422,C0614,P0017,2026-07-06,2,41.12,Paid
O015423,C0006,P0022,2026-07-06,2,174.92,Referral
O015424,C0560,P0022,2026-07-06,1,87.46,Referral
O015425,C0674,P0026,2026-07-06,1,47.35,Referral
O015426,C0291,P0031,2026-07-06,3,101.91,Referral
O015427,C0441,P0035,2026-07-06,3,354.63,Organic
O015428,C0089,P0036,2026-07-06,2,116.48,Email
O015429,C0682,P0028,2026-07-06,2,38.88,Email
O015430,C0667,P0030,2026-07-06,1,30.5,Paid
O015431,C0418,P0037,2026-07-06,3,172.05,Organic
O015432,C0321,P0040,2026-07-06,3,274.89,Organic
O015433,C0247,P0033,2026-07-06,2,164.88,Organic
O015434,C0084,P0003,2026-07-06,3,851.94,Email
O015435,C0179,P0014,2026-07-06,3,130.11,Referral
O015436,C0199,P0012,2026-07-06,1,73.18,Organic
O015437,C0339,P0012,2026-07-06,2,146.36,Paid
O015438,C0678,P0015,2026-07-06,1,77.63,Email
O015439,C0402,P0012,2026-07-06,3,219.54,Email
O015440,C0284,P0009,2026-07-06,3,141.75,Email
O015441,C0716,P0018,2026-07-06,2,188.5,Organic
O015442,C0558,P0022,2026-07-06,3,262.38,Organic
O015443,C0059,P0018,2026-07-06,3,282.75,Email
O015444,C0394,P0019,2026-07-06,1,149.23,Email
O015445,C0437,P0034,2026-07-06,1,87.49,Paid
O015446,C0151,P0038,2026-07-06,3,335.85,Organic
O015447,C0296,P0033,2026-07-06,2,164.88,Paid
O015448,C0173,P0035,2026-07-06,1,118.21,Paid
O015449,C0749,P0037,2026-07-06,1,57.35,Organic
O015450,C0727,P0033,2026-07-06,1,82.44,Paid
O015451,C0617,P0002,2026-07-07,3,271.26,Organic
O015452,C0135,P0005,2026-07-07,2,249.38,Paid
O015453,C0554,P0005,2026-07-07,1,124.69,Referral
O015454,C0088,P0022,2026-07-07,3,262.38,Organic
O015455,C0336,P0021,2026-07-07,3,141.12,Organic
O015456,C0088,P0018,2026-07-07,3,282.75,Referral
O015457,C0144,P0019,2026-07-07,3,447.69,Email
O015458,C0662,P0027,2026-07-07,2,57.16,Paid
O015459,C0351,P0032,2026-07-07,1,53.09,Organic
O015460,C0581,P0029,2026-07-07,1,19.77,Paid
O015461,C0651,P0040,2026-07-07,1,91.63,Email
O015462,C0589,P0003,2026-07-07,2,567.96,Organic
O015463,C0748,P0010,2026-07-07,1,47.44,Email
O015464,C0645,P0012,2026-07-07,2,146.36,Email
O015465,C0473,P0014,2026-07-07,2,86.74,Organic
O015466,C0532,P0014,2026-07-07,3,130.11,Organic
O015467,C0287,P0014,2026-07-07,2,86.74,Organic
O015468,C0344,P0013,2026-07-07,3,218.67,Organic
O015469,C0605,P0021,2026-07-07,3,141.12,Referral
O015470,C0279,P0019,2026-07-07,3,447.69,Email
O015471,C0366,P0022,2026-07-07,1,87.46,Paid
O015472,C0507,P0024,2026-07-07,3,94.74,Paid
O015473,C0134,P0029,2026-07-07,1,19.77,Paid
O015474,C0119,P0031,2026-07-07,1,33.97,Referral
O015475,C0073,P0031,2026-07-07,2,67.94,Email
O015476,C0473,P0026,2026-07-07,3,142.05,Email
O015477,C0286,P0034,2026-07-07,1,87.49,Organic
O015478,C0489,P0033,2026-07-07,1,82.44,Organic
O015479,C0513,P0006,2026-07-07,1,139.43,Paid
O015480,C0350,P0006,2026-07-07,2,278.86,Email
O015481,C0231,P0012,2026-07-07,1,73.18,Organic
O015482,C0007,P0019,2026-07-07,2,298.46,Organic
O015483,C0410,P0024,2026-07-07,2,63.16,Paid
O015484,C0767,P0032,2026-07-07,2,106.18,Email
O015485,C0711,P0031,2026-07-07,2,67.94,Organic
O015486,C0305,P0037,2026-07-07,1,57.35,Organic
O015487,C0227,P0035,2026-07-07,2,236.42,Organic
O015488,C0321,P0040,2026-07-07,3,274.89,Organic
O015489,C0790,P0002,2026-07-07,1,90.42,Paid
O015490,C0150,P0005,2026-07-07,2,249.38,Organic
O015491,C0744,P0009,2026-07-07,2,94.5,Email
O015492,C0555,P0009,2026-07-07,3,141.75,Paid
O015493,C0724,P0017,2026-07-07,2,41.12,Referral
O015494,C0504,P0017,2026-07-07,3,61.68,Organic
O015495,C0289,P0032,2026-07-07,2,106.18,Paid
O015496,C0230,P0025,2026-07-07,2,59.52,Paid
O015497,C0615,P0027,2026-07-07,1,28.58,Paid
O015498,C0059,P0038,2026-07-07,2,223.9,Paid
O015499,C0409,P0037,2026-07-07,3,172.05,Organic
O015500,C0199,P0040,2026-07-07,2,183.26,Email
O015501,C0525,P0038,2026-07-07,2,223.9,Paid
O015502,C0221,P0040,2026-07-07,3,274.89,Organic
O015503,C0334,P0037,2026-07-07,2,114.7,Organic
O015504,C0386,P0001,2026-07-08,1,368.78,Organic
O015505,C0746,P0006,2026-07-08,1,139.43,Paid
O015506,C0723,P0008,2026-07-08,2,270.52,Organic
O015507,C0038,P0016,2026-07-08,1,30.98,Referral
O015508,C0058,P0009,2026-07-08,2,94.5,Referral
O015509,C0535,P0011,2026-07-08,2,67.96,Organic
O015510,C0554,P0022,2026-07-08,3,262.38,Email
O015511,C0796,P0024,2026-07-08,2,63.16,Email
O015512,C0003,P0022,2026-07-08,2,174.92,Email
O015513,C0639,P0021,2026-07-08,2,94.08,Organic
O015514,C0169,P0028,2026-07-08,2,38.88,Organic
O015515,C0263,P0026,2026-07-08,3,142.05,Organic
O015516,C0020,P0036,2026-07-08,1,58.24,Organic
O015517,C0292,P0039,2026-07-08,3,122.46,Email
O015518,C0064,P0005,2026-07-08,3,374.07,Paid
O015519,C0238,P0011,2026-07-08,1,33.98,Email
O015520,C0154,P0010,2026-07-08,3,142.32,Email
O015521,C0008,P0010,2026-07-08,2,94.88,Organic
O015522,C0430,P0020,2026-07-08,1,25.02,Email
O015523,C0537,P0019,2026-07-08,1,149.23,Paid
O015524,C0580,P0023,2026-07-08,1,125.29,Paid
O015525,C0750,P0026,2026-07-08,2,94.7,Email
O015526,C0223,P0026,2026-07-08,1,47.35,Email
O015527,C0687,P0028,2026-07-08,3,58.32,Organic
O015528,C0075,P0035,2026-07-08,1,118.21,Referral
O015529,C0713,P0035,2026-07-08,3,354.63,Organic
O015530,C0446,P0040,2026-07-08,3,274.89,Email
O015531,C0446,P0033,2026-07-08,3,247.32,Paid
O015532,C0505,P0001,2026-07-08,3,1106.34,Organic
O015533,C0679,P0005,2026-07-08,3,374.07,Paid
O015534,C0515,P0010,2026-07-08,2,94.88,Paid
O015535,C0245,P0012,2026-07-08,3,219.54,Paid
O015536,C0315,P0015,2026-07-08,3,232.89,Paid
O015537,C0028,P0014,2026-07-08,1,43.37,Paid
O015538,C0747,P0020,2026-07-08,1,25.02,Email
O015539,C0373,P0025,2026-07-08,2,59.52,Referral
O015540,C0414,P0027,2026-07-08,2,57.16,Organic
O015541,C0591,P0013,2026-07-08,3,218.67,Organic
O015542,C0702,P0009,2026-07-08,2,94.5,Paid
O015543,C0753,P0016,2026-07-08,1,30.98,Organic
O015544,C0552,P0021,2026-07-08,1,47.04,Organic
O015545,C0173,P0038,2026-07-08,1,111.95,Referral
O015546,C0612,P0036,2026-07-08,2,116.48,Email
O015547,C0798,P0035,2026-07-08,1,118.21,Organic
O015548,C0055,P0004,2026-07-09,1,333.21,Paid
O015549,C0055,P0003,2026-07-09,3,851.94,Paid
O015550,C0368,P0014,2026-07-09,1,43.37,Organic
O015551,C0638,P0016,2026-07-09,3,92.94,Organic
O015552,C0371,P0025,2026-07-09,3,89.28,Paid
O015553,C0207,P0034,2026-07-09,2,174.98,Organic
O015554,C0626,P0033,2026-07-09,1,82.44,Organic
O015555,C0380,P0033,2026-07-09,1,82.44,Organic
O015556,C0619,P0038,2026-07-09,1,111.95,Referral
O015557,C0701,P0004,2026-07-09,1,333.21,Organic
O015558,C0777,P0002,2026-07-09,3,271.26,Organic
O015559,C0326,P0002,2026-07-09,3,271.26,Email
O015560,C0786,P0016,2026-07-09,1,30.98,Paid
O015561,C0119,P0010,2026-07-09,3,142.32,Paid
O015562,C0446,P0011,2026-07-09,2,67.96,Referral
O015563,C0335,P0016,2026-07-09,1,30.98,Paid
O015564,C0286,P0019,2026-07-09,2,298.46,Paid
O015565,C0573,P0017,2026-07-09,2,41.12,Organic
O015566,C0734,P0019,2026-07-09,1,149.23,Organic
O015567,C0786,P0032,2026-07-09,1,53.09,Paid
O015568,C0060,P0026,2026-07-09,3,142.05,Referral
O015569,C0656,P0025,2026-07-09,2,59.52,Paid
O015570,C0683,P0037,2026-07-09,2,114.7,Organic
O015571,C0537,P0039,2026-07-09,3,122.46,Email
O015572,C0052,P0036,2026-07-09,3,174.72,Paid
O015573,C0773,P0038,2026-07-09,2,223.9,Organic
O015574,C0213,P0001,2026-07-09,2,737.56,Organic
O015575,C0667,P0004,2026-07-09,1,333.21,Organic
O015576,C0251,P0018,2026-07-09,2,188.5,Paid
O015577,C0327,P0021,2026-07-09,2,94.08,Email
O015578,C0526,P0036,2026-07-09,1,58.24,Paid
O015579,C0522,P0033,2026-07-09,1,82.44,Referral
O015580,C0031,P0037,2026-07-09,2,114.7,Organic
O015581,C0400,P0034,2026-07-09,1,87.49,Referral
O015582,C0434,P0004,2026-07-09,1,333.21,Referral
O015583,C0427,P0013,2026-07-09,1,72.89,Paid
O015584,C0303,P0016,2026-07-09,1,30.98,Email
O015585,C0230,P0019,2026-07-09,2,298.46,Paid
O015586,C0117,P0026,2026-07-09,3,142.05,Paid
O015587,C0696,P0039,2026-07-09,1,40.82,Referral
O015588,C0004,P0035,2026-07-09,3,354.63,Organic
O015589,C0615,P0035,2026-07-09,2,236.42,Organic
O015590,C0676,P0033,2026-07-09,2,164.88,Organic
O015591,C0295,P0001,2026-07-10,3,1106.34,Paid
O015592,C0408,P0013,2026-07-10,1,72.89,Organic
O015593,C0295,P0016,2026-07-10,3,92.94,Organic
O015594,C0567,P0010,2026-07-10,1,47.44,Organic
O015595,C0501,P0011,2026-07-10,3,101.94,Paid
O015596,C0567,P0013,2026-07-10,2,145.78,Paid
O015597,C0100,P0024,2026-07-10,3,94.74,Organic
O015598,C0198,P0022,2026-07-10,2,174.92,Email
O015599,C0796,P0023,2026-07-10,3,375.87,Organic
O015600,C0043,P0029,2026-07-10,3,59.31,Organic
O015601,C0686,P0037,2026-07-10,1,57.35,Referral
O015602,C0182,P0040,2026-07-10,2,183.26,Referral
O015603,C0541,P0038,2026-07-10,1,111.95,Referral
O015604,C0776,P0038,2026-07-10,1,111.95,Email
O015605,C0386,P0037,2026-07-10,3,172.05,Email
O015606,C0759,P0035,2026-07-10,3,354.63,Email
O015607,C0723,P0036,2026-07-10,1,58.24,Email
O015608,C0424,P0008,2026-07-10,2,270.52,Organic
O015609,C0488,P0008,2026-07-10,3,405.78,Email
O015610,C0052,P0010,2026-07-10,1,47.44,Organic
O015611,C0178,P0013,2026-07-10,1,72.89,Paid
O015612,C0127,P0023,2026-07-10,3,375.87,Paid
O015613,C0794,P0018,2026-07-10,3,282.75,Organic
O015614,C0049,P0018,2026-07-10,2,188.5,Email
O015615,C0545,P0025,2026-07-10,2,59.52,Referral
O015616,C0297,P0038,2026-07-10,2,223.9,Organic
O015617,C0571,P0036,2026-07-10,1,58.24,Organic
O015618,C0249,P0039,2026-07-10,1,40.82,Organic
O015619,C0751,P0007,2026-07-10,3,1161.69,Organic
O015620,C0414,P0001,2026-07-10,3,1106.34,Organic
O015621,C0124,P0013,2026-07-10,2,145.78,Organic
O015622,C0175,P0009,2026-07-10,1,47.25,Organic
O015623,C0321,P0020,2026-07-10,2,50.04,Referral
O015624,C0152,P0018,2026-07-10,1,94.25,Paid
O015625,C0754,P0019,2026-07-10,1,149.23,Paid
O015626,C0099,P0030,2026-07-10,2,61.0,Organic
O015627,C0253,P0027,2026-07-10,1,28.58,Referral
O015628,C0416,P0032,2026-07-10,1,53.09,Paid
O015629,C0465,P0028,2026-07-10,3,58.32,Organic
O015630,C0787,P0040,2026-07-10,1,91.63,Paid
O015631,C0315,P0035,2026-07-10,2,236.42,Email
O015632,C0415,P0002,2026-07-10,1,90.42,Paid
O015633,C0174,P0012,2026-07-10,3,219.54,Organic
O015634,C0149,P0009,2026-07-10,3,141.75,Referral
O015635,C0514,P0024,2026-07-10,3,94.74,Organic
O015636,C0289,P0026,2026-07-10,1,47.35,Email
O015637,C0011,P0040,2026-07-10,2,183.26,Organic
O015638,C0558,P0039,2026-07-10,2,81.64,Paid
O015639,C0487,P0004,2026-07-11,1,333.21,Paid
O015640,C0170,P0004,2026-07-11,2,666.42,Email
O015641,C0382,P0002,2026-07-11,1,90.42,Email
O015642,C0103,P0004,2026-07-11,1,333.21,Organic
O015643,C0336,P0006,2026-07-11,1,139.43,Paid
O015644,C0618,P0005,2026-07-11,2,249.38,Referral
O015645,C0332,P0003,2026-07-11,2,567.96,Referral
O015646,C0774,P0016,2026-07-11,1,30.98,Organic
O015647,C0616,P0021,2026-07-11,2,94.08,Organic
O015648,C0295,P0020,2026-07-11,2,50.04,Paid
O015649,C0523,P0032,2026-07-11,3,159.27,Organic
O015650,C0377,P0029,2026-07-11,1,19.77,Paid
O015651,C0714,P0032,2026-07-11,3,159.27,Organic
O015652,C0273,P0033,2026-07-11,3,247.32,Organic
O015653,C0674,P0008,2026-07-11,2,270.52,Organic
O015654,C0071,P0013,2026-07-11,3,218.67,Organic
O015655,C0518,P0016,2026-07-11,3,92.94,Paid
O015656,C0489,P0011,2026-07-11,2,67.96,Organic
O015657,C0424,P0021,2026-07-11,3,141.12,Email
O015658,C0047,P0023,2026-07-11,1,125.29,Organic
O015659,C0794,P0032,2026-07-11,1,53.09,Paid
O015660,C0331,P0031,2026-07-11,3,101.91,Organic
O015661,C0795,P0028,2026-07-11,3,58.32,Email
O015662,C0370,P0040,2026-07-11,1,91.63,Organic
O015663,C0420,P0040,2026-07-11,2,183.26,Organic
O015664,C0713,P0034,2026-07-11,1,87.49,Referral
O015665,C0327,P0011,2026-07-11,2,67.96,Email
O015666,C0548,P0014,2026-07-11,2,86.74,Paid
O015667,C0022,P0014,2026-07-11,2,86.74,Referral
O015668,C0269,P0013,2026-07-11,3,218.67,Paid
O015669,C0700,P0020,2026-07-11,2,50.04,Paid
O015670,C0143,P0028,2026-07-11,3,58.32,Organic
O015671,C0123,P0031,2026-07-11,2,67.94,Organic
O015672,C0167,P0034,2026-07-11,1,87.49,Email
O015673,C0350,P0038,2026-07-11,2,223.9,Referral
O015674,C0457,P0007,2026-07-11,3,1161.69,Paid
O015675,C0186,P0008,2026-07-11,2,270.52,Paid
O015676,C0224,P0013,2026-07-11,2,145.78,Organic
O015677,C0172,P0013,2026-07-11,3,218.67,Organic
O015678,C0652,P0009,2026-07-11,1,47.25,Organic
O015679,C0696,P0011,2026-07-11,1,33.98,Organic
O015680,C0706,P0012,2026-07-11,2,146.36,Organic
O015681,C0334,P0024,2026-07-11,3,94.74,Organic
O015682,C0478,P0018,2026-07-11,1,94.25,Referral
O015683,C0110,P0020,2026-07-11,2,50.04,Organic
O015684,C0354,P0018,2026-07-11,3,282.75,Organic
O015685,C0271,P0026,2026-07-11,2,94.7,Paid
O015686,C0275,P0036,2026-07-11,3,174.72,Organic
O015687,C0151,P0036,2026-07-11,2,116.48,Organic
O015688,C0398,P0007,2026-07-12,3,1161.69,Paid
O015689,C0364,P0008,2026-07-12,3,405.78,Email
O015690,C0524,P0004,2026-07-12,2,666.42,Organic
O015691,C0364,P0013,2026-07-12,3,218.67,Email
O015692,C0218,P0009,2026-07-12,3,141.75,Organic
O015693,C0298,P0009,2026-07-12,2,94.5,Organic
O015694,C0063,P0021,2026-07-12,2,94.08,Organic
O015695,C0340,P0021,2026-07-12,1,47.04,Organic
O015696,C0136,P0028,2026-07-12,3,58.32,Organic
O015697,C0685,P0038,2026-07-12,1,111.95,Referral
O015698,C0218,P0034,2026-07-12,3,262.47,Paid
O015699,C0443,P0036,2026-07-12,1,58.24,Organic
O015700,C0549,P0034,2026-07-12,1,87.49,Paid
O015701,C0122,P0034,2026-07-12,2,174.98,Referral
O015702,C0398,P0033,2026-07-12,1,82.44,Paid
O015703,C0267,P0002,2026-07-12,3,271.26,Referral
O015704,C0701,P0007,2026-07-12,2,774.46,Organic
O015705,C0279,P0005,2026-07-12,1,124.69,Paid
O015706,C0159,P0001,2026-07-12,1,368.78,Email
O015707,C0162,P0008,2026-07-12,3,405.78,Referral
O015708,C0527,P0015,2026-07-12,3,232.89,Paid
O015709,C0064,P0020,2026-07-12,3,75.06,Paid
O015710,C0518,P0018,2026-07-12,3,282.75,Organic
O015711,C0006,P0017,2026-07-12,2,41.12,Paid
O015712,C0259,P0030,2026-07-12,3,91.5,Organic
O015713,C0236,P0032,2026-07-12,1,53.09,Organic
O015714,C0021,P0025,2026-07-12,1,29.76,Email
O015715,C0586,P0037,2026-07-12,1,57.35,Organic
O015716,C0578,P0008,2026-07-12,1,135.26,Paid
O015717,C0102,P0012,2026-07-12,3,219.54,Organic
O015718,C0022,P0016,2026-07-12,3,92.94,Organic
O015719,C0016,P0009,2026-07-12,1,47.25,Organic
O015720,C0633,P0019,2026-07-12,2,298.46,Organic
O015721,C0175,P0021,2026-07-12,2,94.08,Referral
O015722,C0177,P0024,2026-07-12,1,31.58,Paid
O015723,C0378,P0017,2026-07-12,1,20.56,Email
O015724,C0112,P0019,2026-07-12,2,298.46,Organic
O015725,C0738,P0028,2026-07-12,1,19.44,Organic
O015726,C0102,P0027,2026-07-12,3,85.74,Paid
O015727,C0044,P0027,2026-07-12,1,28.58,Organic
O015728,C0506,P0035,2026-07-12,1,118.21,Email
O015729,C0325,P0036,2026-07-12,2,116.48,Paid
O015730,C0582,P0005,2026-07-12,1,124.69,Paid
O015731,C0001,P0004,2026-07-12,1,333.21,Organic
O015732,C0383,P0006,2026-07-12,2,278.86,Paid
O015733,C0419,P0006,2026-07-12,3,418.29,Paid
O015734,C0720,P0015,2026-07-12,2,155.26,Paid
O015735,C0311,P0011,2026-07-12,3,101.94,Organic
O015736,C0415,P0016,2026-07-12,1,30.98,Paid
O015737,C0782,P0015,2026-07-12,2,155.26,Organic
O015738,C0791,P0022,2026-07-12,1,87.46,Paid
O015739,C0093,P0021,2026-07-12,3,141.12,Email
O015740,C0448,P0017,2026-07-12,3,61.68,Organic
O015741,C0357,P0023,2026-07-12,3,375.87,Email
O015742,C0783,P0030,2026-07-12,1,30.5,Organic
O015743,C0731,P0027,2026-07-12,1,28.58,Paid
O015744,C0585,P0028,2026-07-12,2,38.88,Organic
O015745,C0173,P0031,2026-07-12,3,101.91,Email
O015746,C0720,P0028,2026-07-12,3,58.32,Email
O015747,C0419,P0030,2026-07-12,1,30.5,Paid
O015748,C0042,P0034,2026-07-12,1,87.49,Organic
O015749,C0328,P0040,2026-07-12,2,183.26,Organic
O015750,C0261,P0034,2026-07-12,2,174.98,Paid
O015751,C0726,P0040,2026-07-12,1,91.63,Organic
O015752,C0529,P0039,2026-07-12,1,40.82,Organic
O015753,C0264,P0034,2026-07-12,2,174.98,Paid
O015754,C0135,P0008,2026-07-13,1,135.26,Paid
O015755,C0593,P0014,2026-07-13,1,43.37,Paid
O015756,C0549,P0013,2026-07-13,3,218.67,Organic
O015757,C0684,P0018,2026-07-13,3,282.75,Organic
O015758,C0502,P0022,2026-07-13,3,262.38,Email
O015759,C0225,P0023,2026-07-13,2,250.58,Referral
O015760,C0719,P0032,2026-07-13,1,53.09,Organic
O015761,C0662,P0027,2026-07-13,3,85.74,Email
O015762,C0137,P0034,2026-07-13,3,262.47,Email
O015763,C0649,P0039,2026-07-13,3,122.46,Organic
O015764,C0336,P0033,2026-07-13,2,164.88,Paid
O015765,C0739,P0004,2026-07-13,2,666.42,Email
O015766,C0777,P0001,2026-07-13,2,737.56,Organic
O015767,C0159,P0008,2026-07-13,1,135.26,Paid
O015768,C0614,P0016,2026-07-13,2,61.96,Organic
O015769,C0446,P0012,2026-07-13,2,146.36,Organic
O015770,C0471,P0017,2026-07-13,1,20.56,Organic
O015771,C0029,P0017,2026-07-13,3,61.68,Organic
O015772,C0691,P0024,2026-07-13,2,63.16,Organic
O015773,C0279,P0019,2026-07-13,1,149.23,Organic
O015774,C0642,P0017,2026-07-13,1,20.56,Email
O015775,C0545,P0027,2026-07-13,2,57.16,Organic
O015776,C0119,P0027,2026-07-13,2,57.16,Paid
O015777,C0379,P0034,2026-07-13,1,87.49,Organic
O015778,C0777,P0036,2026-07-13,1,58.24,Organic
O015779,C0176,P0005,2026-07-13,1,124.69,Organic
O015780,C0124,P0007,2026-07-13,2,774.46,Organic
O015781,C0506,P0004,2026-07-13,2,666.42,Paid
O015782,C0068,P0004,2026-07-13,2,666.42,Organic
O015783,C0231,P0004,2026-07-13,2,666.42,Organic
O015784,C0115,P0015,2026-07-13,3,232.89,Email
O015785,C0513,P0015,2026-07-13,1,77.63,Organic
O015786,C0009,P0011,2026-07-13,2,67.96,Organic
O015787,C0143,P0017,2026-07-13,3,61.68,Organic
O015788,C0633,P0018,2026-07-13,1,94.25,Organic
O015789,C0175,P0017,2026-07-13,2,41.12,Organic
O015790,C0506,P0027,2026-07-13,2,57.16,Paid
O015791,C0742,P0027,2026-07-13,1,28.58,Organic
O015792,C0247,P0029,2026-07-13,3,59.31,Organic
O015793,C0515,P0026,2026-07-13,1,47.35,Organic
O015794,C0269,P0034,2026-07-13,2,174.98,Organic
O015795,C0564,P0035,2026-07-13,3,354.63,Organic
O015796,C0462,P0039,2026-07-13,3,122.46,Paid
O015797,C0150,P0007,2026-07-13,2,774.46,Organic
O015798,C0173,P0007,2026-07-13,2,774.46,Organic
O015799,C0252,P0009,2026-07-13,1,47.25,Paid
O015800,C0146,P0016,2026-07-13,1,30.98,Organic
O015801,C0448,P0013,2026-07-13,1,72.89,Organic
O015802,C0730,P0017,2026-07-13,2,41.12,Paid
O015803,C0783,P0032,2026-07-13,2,106.18,Organic
O015804,C0265,P0032,2026-07-13,2,106.18,Email
O015805,C0328,P0032,2026-07-13,1,53.09,Organic
O015806,C0470,P0025,2026-07-13,2,59.52,Referral
O015807,C0304,P0038,2026-07-13,2,223.9,Organic
O015808,C0437,P0035,2026-07-13,3,354.63,Organic
O015809,C0045,P0006,2026-07-14,1,139.43,Referral
O015810,C0620,P0007,2026-07-14,1,387.23,Referral
O015811,C0019,P0005,2026-07-14,3,374.07,Paid
O015812,C0426,P0009,2026-07-14,3,141.75,Organic
O015813,C0109,P0021,2026-07-14,3,141.12,Paid
O015814,C0380,P0022,2026-07-14,2,174.92,Organic
O015815,C0292,P0019,2026-07-14,3,447.69,Organic
O015816,C0718,P0029,2026-07-14,1,19.77,Paid
O015817,C0599,P0026,2026-07-14,2,94.7,Email
O015818,C0078,P0025,2026-07-14,2,59.52,Organic
O015819,C0535,P0033,2026-07-14,2,164.88,Paid
O015820,C0367,P0040,2026-07-14,3,274.89,Paid
O015821,C0687,P0009,2026-07-14,2,94.5,Email
O015822,C0446,P0020,2026-07-14,2,50.04,Organic
O015823,C0071,P0017,2026-07-14,1,20.56,Organic
O015824,C0089,P0021,2026-07-14,3,141.12,Paid
O015825,C0254,P0026,2026-07-14,1,47.35,Paid
O015826,C0162,P0029,2026-07-14,2,39.54,Organic
O015827,C0113,P0031,2026-07-14,1,33.97,Organic
O015828,C0244,P0029,2026-07-14,1,19.77,Paid
O015829,C0773,P0035,2026-07-14,2,236.42,Organic
O015830,C0194,P0007,2026-07-14,3,1161.69,Organic
O015831,C0102,P0006,2026-07-14,2,278.86,Paid
O015832,C0400,P0011,2026-07-14,2,67.96,Organic
O015833,C0106,P0019,2026-07-14,2,298.46,Organic
O015834,C0115,P0031,2026-07-14,1,33.97,Paid
O015835,C0667,P0027,2026-07-14,1,28.58,Paid
O015836,C0175,P0025,2026-07-14,2,59.52,Organic
O015837,C0028,P0025,2026-07-14,2,59.52,Organic
O015838,C0513,P0036,2026-07-14,3,174.72,Referral
O015839,C0328,P0003,2026-07-14,1,283.98,Referral
O015840,C0174,P0001,2026-07-14,2,737.56,Organic
O015841,C0314,P0003,2026-07-14,1,283.98,Paid
O015842,C0716,P0015,2026-07-14,2,155.26,Email
O015843,C0151,P0016,2026-07-14,1,30.98,Organic
O015844,C0434,P0011,2026-07-14,3,101.94,Paid
O015845,C0797,P0011,2026-07-14,3,101.94,Paid
O015846,C0129,P0019,2026-07-14,3,447.69,Paid
O015847,C0783,P0025,2026-07-14,3,89.28,Organic
O015848,C0715,P0032,2026-07-14,2,106.18,Organic
O015849,C0602,P0031,2026-07-14,1,33.97,Email
O015850,C0202,P0032,2026-07-14,3,159.27,Organic
O015851,C0572,P0029,2026-07-14,1,19.77,Paid
O015852,C0562,P0031,2026-07-14,2,67.94,Organic
O015853,C0783,P0033,2026-07-14,2,164.88,Paid
O015854,C0662,P0003,2026-07-15,2,567.96,Referral
O015855,C0618,P0008,2026-07-15,2,270.52,Email
O015856,C0380,P0001,2026-07-15,1,368.78,Email
O015857,C0559,P0012,2026-07-15,3,219.54,Paid
O015858,C0482,P0010,2026-07-15,2,94.88,Email
O015859,C0756,P0016,2026-07-15,3,92.94,Email
O015860,C0209,P0017,2026-07-15,3,61.68,Organic
O015861,C0553,P0022,2026-07-15,2,174.92,Paid
O015862,C0384,P0018,2026-07-15,3,282.75,Email
O015863,C0212,P0022,2026-07-15,3,262.38,Organic
O015864,C0055,P0031,2026-07-15,1,33.97,Paid
O015865,C0257,P0026,2026-07-15,3,142.05,Email
O015866,C0322,P0029,2026-07-15,1,19.77,Paid
O015867,C0225,P0038,2026-07-15,2,223.9,Paid
O015868,C0279,P0002,2026-07-15,1,90.42,Organic
O015869,C0420,P0008,2026-07-15,3,405.78,Email
O015870,C0507,P0002,2026-07-15,3,271.26,Email
O015871,C0713,P0004,2026-07-15,2,666.42,Organic
O015872,C0249,P0011,2026-07-15,3,101.94,Organic
O015873,C0439,P0011,2026-07-15,3,101.94,Email
O015874,C0236,P0015,2026-07-15,3,232.89,Referral
O015875,C0113,P0024,2026-07-15,3,94.74,Organic
O015876,C0775,P0022,2026-07-15,1,87.46,Referral
O015877,C0466,P0023,2026-07-15,2,250.58,Organic
O015878,C0057,P0020,2026-07-15,1,25.02,Referral
O015879,C0285,P0020,2026-07-15,1,25.02,Email
O015880,C0773,P0019,2026-07-15,1,149.23,Organic
O015881,C0794,P0020,2026-07-15,1,25.02,Email
O015882,C0794,P0027,2026-07-15,2,57.16,Organic
O015883,C0391,P0031,2026-07-15,2,67.94,Organic
O015884,C0614,P0040,2026-07-15,1,91.63,Paid
O015885,C0227,P0005,2026-07-15,2,249.38,Paid
O015886,C0757,P0003,2026-07-15,3,851.94,Email
O015887,C0325,P0002,2026-07-15,3,271.26,Organic
O015888,C0245,P0013,2026-07-15,1,72.89,Organic
O015889,C0624,P0021,2026-07-15,2,94.08,Organic
O015890,C0378,P0024,2026-07-15,3,94.74,Paid
O015891,C0040,P0028,2026-07-15,1,19.44,Organic
O015892,C0516,P0028,2026-07-15,3,58.32,Email
O015893,C0102,P0037,2026-07-15,1,57.35,Organic
O015894,C0009,P0034,2026-07-15,2,174.98,Organic
O015895,C0147,P0001,2026-07-15,2,737.56,Organic
O015896,C0390,P0007,2026-07-15,3,1161.69,Paid
O015897,C0478,P0011,2026-07-15,3,101.94,Organic
O015898,C0457,P0020,2026-07-15,3,75.06,Paid
O015899,C0484,P0022,2026-07-15,2,174.92,Organic
O015900,C0676,P0024,2026-07-15,3,94.74,Organic
O015901,C0448,P0021,2026-07-15,2,94.08,Organic
O015902,C0758,P0020,2026-07-15,2,50.04,Organic
O015903,C0731,P0019,2026-07-15,3,447.69,Organic
O015904,C0566,P0020,2026-07-15,2,50.04,Organic
O015905,C0407,P0017,2026-07-15,3,61.68,Organic
O015906,C0696,P0027,2026-07-15,1,28.58,Paid
O015907,C0726,P0040,2026-07-15,1,91.63,Paid
O015908,C0184,P0035,2026-07-15,2,236.42,Referral
O015909,C0142,P0016,2026-07-16,2,61.96,Email
O015910,C0463,P0015,2026-07-16,1,77.63,Organic
O015911,C0487,P0022,2026-07-16,2,174.92,Referral
O015912,C0295,P0018,2026-07-16,1,94.25,Organic
O015913,C0098,P0023,2026-07-16,3,375.87,Organic
O015914,C0628,P0024,2026-07-16,1,31.58,Paid
O015915,C0208,P0027,2026-07-16,2,57.16,Paid
O015916,C0551,P0029,2026-07-16,2,39.54,Referral
O015917,C0617,P0032,2026-07-16,1,53.09,Organic
O015918,C0131,P0040,2026-07-16,3,274.89,Paid
O015919,C0613,P0033,2026-07-16,3,247.32,Organic
O015920,C0644,P0007,2026-07-16,2,774.46,Paid
O015921,C0086,P0007,2026-07-16,3,1161.69,Referral
O015922,C0764,P0001,2026-07-16,3,1106.34,Paid
O015923,C0331,P0010,2026-07-16,3,142.32,Paid
O015924,C0160,P0016,2026-07-16,1,30.98,Organic
O015925,C0287,P0021,2026-07-16,2,94.08,Paid
O015926,C0571,P0022,2026-07-16,1,87.46,Paid
O015927,C0571,P0032,2026-07-16,2,106.18,Referral
O015928,C0193,P0032,2026-07-16,3,159.27,Paid
O015929,C0134,P0031,2026-07-16,1,33.97,Organic
O015930,C0412,P0025,2026-07-16,1,29.76,Paid
O015931,C0507,P0039,2026-07-16,2,81.64,Organic
O015932,C0079,P0034,2026-07-16,1,87.49,Referral
O015933,C0471,P0037,2026-07-16,2,114.7,Organic
O015934,C0049,P0037,2026-07-16,2,114.7,Referral
O015935,C0763,P0007,2026-07-16,1,387.23,Paid
O015936,C0177,P0013,2026-07-16,3,218.67,Referral
O015937,C0034,P0015,2026-07-16,1,77.63,Paid
O015938,C0044,P0012,2026-07-16,1,73.18,Organic
O015939,C0102,P0020,2026-07-16,1,25.02,Paid
O015940,C0211,P0032,2026-07-16,1,53.09,Paid
O015941,C0657,P0034,2026-07-16,2,174.98,Organic
O015942,C0166,P0040,2026-07-16,1,91.63,Organic
O015943,C0253,P0034,2026-07-16,2,174.98,Organic
O015944,C0123,P0037,2026-07-16,2,114.7,Organic
O015945,C0516,P0036,2026-07-16,3,174.72,Paid
O015946,C0197,P0034,2026-07-16,1,87.49,Referral
O015947,C0288,P0007,2026-07-16,2,774.46,Email
O015948,C0498,P0002,2026-07-16,3,271.26,Organic
O015949,C0704,P0001,2026-07-16,2,737.56,Paid
O015950,C0531,P0005,2026-07-16,1,124.69,Paid
O015951,C0770,P0010,2026-07-16,3,142.32,Organic
O015952,C0402,P0015,2026-07-16,2,155.26,Organic
O015953,C0339,P0013,2026-07-16,3,218.67,Organic
O015954,C0261,P0016,2026-07-16,2,61.96,Organic
O015955,C0192,P0013,2026-07-16,3,218.67,Paid
O015956,C0069,P0019,2026-07-16,3,447.69,Organic
O015957,C0164,P0020,2026-07-16,3,75.06,Referral
O015958,C0161,P0026,2026-07-16,2,94.7,Email
O015959,C0229,P0028,2026-07-16,2,38.88,Paid
O015960,C0181,P0030,2026-07-16,2,61.0,Paid
O015961,C0550,P0029,2026-07-16,2,39.54,Organic
O015962,C0724,P0028,2026-07-16,3,58.32,Organic
O015963,C0013,P0033,2026-07-16,3,247.32,Organic
O015964,C0149,P0040,2026-07-16,1,91.63,Organic
O015965,C0504,P0040,2026-07-16,2,183.26,Organic
O015966,C0535,P0002,2026-07-17,1,90.42,Organic
O015967,C0423,P0006,2026-07-17,2,278.86,Email
O015968,C0510,P0011,2026-07-17,2,67.96,Organic
O015969,C0592,P0012,2026-07-17,1,73.18,Email
O015970,C0406,P0017,2026-07-17,3,61.68,Paid
O015971,C0717,P0020,2026-07-17,1,25.02,Paid
O015972,C0708,P0039,2026-07-17,3,122.46,Email
O015973,C0048,P0011,2026-07-17,2,67.96,Organic
O015974,C0645,P0014,2026-07-17,3,130.11,Paid
O015975,C0333,P0013,2026-07-17,1,72.89,Organic
O015976,C0600,P0023,2026-07-17,3,375.87,Paid
O015977,C0644,P0019,2026-07-17,3,447.69,Organic
O015978,C0646,P0028,2026-07-17,2,38.88,Paid
O015979,C0454,P0026,2026-07-17,2,94.7,Paid
O015980,C0201,P0035,2026-07-17,2,236.42,Referral
O015981,C0064,P0035,2026-07-17,1,118.21,Organic
O015982,C0436,P0007,2026-07-17,3,1161.69,Organic
O015983,C0299,P0010,2026-07-17,3,142.32,Paid
O015984,C0124,P0022,2026-07-17,2,174.92,Email
O015985,C0767,P0030,2026-07-17,1,30.5,Paid
O015986,C0032,P0032,2026-07-17,1,53.09,Organic
O015987,C0548,P0031,2026-07-17,1,33.97,Referral
O015988,C0361,P0034,2026-07-17,1,87.49,Organic
O015989,C0023,P0003,2026-07-17,3,851.94,Organic
O015990,C0749,P0012,2026-07-17,1,73.18,Email
O015991,C0375,P0009,2026-07-17,3,141.75,Organic
O015992,C0316,P0009,2026-07-17,1,47.25,Organic
O015993,C0148,P0011,2026-07-17,1,33.98,Paid
O015994,C0069,P0013,2026-07-17,3,218.67,Organic
O015995,C0783,P0014,2026-07-17,2,86.74,Paid
O015996,C0597,P0020,2026-07-17,1,25.02,Paid
O015997,C0753,P0022,2026-07-17,3,262.38,Organic
O015998,C0666,P0030,2026-07-17,3,91.5,Paid
O015999,C0230,P0029,2026-07-17,1,19.77,Organic
O016000,C0483,P0030,2026-07-17,2,61.0,Paid
O016001,C0769,P0039,2026-07-17,1,40.82,Referral
O016002,C0118,P0039,2026-07-17,3,122.46,Email
O016003,C0799,P0004,2026-07-18,3,999.63,Paid
O016004,C0535,P0001,2026-07-18,3,1106.34,Paid
O016005,C0592,P0007,2026-07-18,2,774.46,Email
O016006,C0472,P0002,2026-07-18,3,271.26,Organic
O016007,C0362,P0010,2026-07-18,1,47.44,Email
O016008,C0487,P0009,2026-07-18,2,94.5,Paid
O016009,C0501,P0016,2026-07-18,1,30.98,Email
O016010,C0746,P0009,2026-07-18,1,47.25,Organic
O016011,C0228,P0010,2026-07-18,3,142.32,Paid
O016012,C0332,P0021,2026-07-18,3,141.12,Paid
O016013,C0081,P0017,2026-07-18,1,20.56,Paid
O016014,C0721,P0017,2026-07-18,2,41.12,Organic
O016015,C0464,P0019,2026-07-18,3,447.69,Organic
O016016,C0732,P0027,2026-07-18,3,85.74,Organic
O016017,C0549,P0028,2026-07-18,1,19.44,Email
O016018,C0592,P0032,2026-07-18,1,53.09,Paid
O016019,C0472,P0031,2026-07-18,1,33.97,Organic
O016020,C0367,P0028,2026-07-18,1,19.44,Organic
O016021,C0259,P0008,2026-07-18,1,135.26,Organic
O016022,C0071,P0012,2026-07-18,3,219.54,Organic
O016023,C0596,P0016,2026-07-18,3,92.94,Paid
O016024,C0201,P0023,2026-07-18,1,125.29,Organic
O016025,C0446,P0021,2026-07-18,1,47.04,Organic
O016026,C0054,P0022,2026-07-18,1,87.46,Organic
O016027,C0495,P0029,2026-07-18,3,59.31,Paid
O016028,C0370,P0025,2026-07-18,2,59.52,Referral
O016029,C0687,P0037,2026-07-18,3,172.05,Organic
O016030,C0134,P0037,2026-07-18,3,172.05,Referral
O016031,C0495,P0038,2026-07-18,1,111.95,Email
O016032,C0441,P0034,2026-07-18,3,262.47,Referral
O016033,C0532,P0039,2026-07-18,1,40.82,Organic
O016034,C0276,P0035,2026-07-18,1,118.21,Organic
O016035,C0492,P0006,2026-07-18,3,418.29,Email
O016036,C0251,P0017,2026-07-18,3,61.68,Organic
O016037,C0682,P0019,2026-07-18,3,447.69,Email
O016038,C0389,P0020,2026-07-18,2,50.04,Organic
O016039,C0112,P0024,2026-07-18,2,63.16,Email
O016040,C0660,P0024,2026-07-18,3,94.74,Organic
O016041,C0040,P0030,2026-07-18,3,91.5,Organic
O016042,C0787,P0038,2026-07-18,3,335.85,Organic
O016043,C0680,P0036,2026-07-18,3,174.72,Paid
O016044,C0126,P0033,2026-07-18,2,164.88,Referral
O016045,C0682,P0035,2026-07-18,2,236.42,Organic
O016046,C0530,P0037,2026-07-18,2,114.7,Organic
O016047,C0621,P0006,2026-07-18,2,278.86,Email
O016048,C0282,P0008,2026-07-18,2,270.52,Referral
O016049,C0252,P0005,2026-07-18,2,249.38,Organic
O016050,C0164,P0010,2026-07-18,2,94.88,Organic
O016051,C0151,P0016,2026-07-18,1,30.98,Referral
O016052,C0146,P0016,2026-07-18,2,61.96,Paid
O016053,C0284,P0022,2026-07-18,2,174.92,Paid
O016054,C0602,P0024,2026-07-18,3,94.74,Organic
O016055,C0727,P0017,2026-07-18,1,20.56,Organic
O016056,C0304,P0022,2026-07-18,1,87.46,Organic
O016057,C0770,P0020,2026-07-18,3,75.06,Organic
O016058,C0498,P0036,2026-07-18,2,116.48,Paid
O016059,C0129,P0039,2026-07-18,3,122.46,Organic
O016060,C0129,P0037,2026-07-18,2,114.7,Paid
O016061,C0736,P0033,2026-07-18,1,82.44,Referral
O016062,C0130,P0005,2026-07-19,1,124.69,Paid
O016063,C0551,P0003,2026-07-19,2,567.96,Referral
O016064,C0363,P0009,2026-07-19,1,47.25,Paid
O016065,C0324,P0014,2026-07-19,2,86.74,Organic
O016066,C0182,P0014,2026-07-19,3,130.11,Paid
O016067,C0317,P0012,2026-07-19,1,73.18,Paid
O016068,C0570,P0017,2026-07-19,2,41.12,Organic
O016069,C0662,P0022,2026-07-19,1,87.46,Paid
O016070,C0502,P0023,2026-07-19,3,375.87,Organic
O016071,C0658,P0020,2026-07-19,3,75.06,Organic
O016072,C0686,P0024,2026-07-19,2,63.16,Referral
O016073,C0055,P0028,2026-07-19,1,19.44,Email
O016074,C0294,P0032,2026-07-19,2,106.18,Referral
O016075,C0243,P0025,2026-07-19,2,59.52,Paid
O016076,C0756,P0025,2026-07-19,1,29.76,Referral
O016077,C0098,P0030,2026-07-19,2,61.0,Organic
O016078,C0459,P0035,2026-07-19,3,354.63,Organic
O016079,C0363,P0035,2026-07-19,2,236.42,Paid
O016080,C0142,P0040,2026-07-19,2,183.26,Organic
O016081,C0510,P0039,2026-07-19,3,122.46,Paid
O016082,C0620,P0040,2026-07-19,1,91.63,Organic
O016083,C0363,P0035,2026-07-19,2,236.42,Paid
O016084,C0645,P0005,2026-07-19,2,249.38,Paid
O016085,C0560,P0001,2026-07-19,1,368.78,Email
O016086,C0204,P0008,2026-07-19,2,270.52,Email
O016087,C0646,P0005,2026-07-19,3,374.07,Organic
O016088,C0451,P0011,2026-07-19,2,67.96,Referral
O016089,C0185,P0013,2026-07-19,1,72.89,Organic
O016090,C0190,P0015,2026-07-19,1,77.63,Organic
O016091,C0674,P0020,2026-07-19,2,50.04,Paid
O016092,C0560,P0021,2026-07-19,1,47.04,Organic
O016093,C0508,P0023,2026-07-19,1,125.29,Organic
O016094,C0439,P0018,2026-07-19,2,188.5,Organic
O016095,C0204,P0018,2026-07-19,2,188.5,Paid
O016096,C0486,P0018,2026-07-19,2,188.5,Paid
O016097,C0645,P0027,2026-07-19,2,57.16,Organic
O016098,C0086,P0026,2026-07-19,1,47.35,Organic
O016099,C0154,P0027,2026-07-19,2,57.16,Referral
O016100,C0792,P0032,2026-07-19,1,53.09,Organic
O016101,C0623,P0032,2026-07-19,2,106.18,Referral
O016102,C0532,P0030,2026-07-19,3,91.5,Organic
O016103,C0193,P0033,2026-07-19,3,247.32,Organic
O016104,C0185,P0035,2026-07-19,1,118.21,Paid
O016105,C0588,P0006,2026-07-19,2,278.86,Referral
O016106,C0607,P0013,2026-07-19,3,218.67,Organic
O016107,C0177,P0017,2026-07-19,1,20.56,Referral
O016108,C0516,P0021,2026-07-19,2,94.08,Referral
O016109,C0197,P0019,2026-07-19,3,447.69,Organic
O016110,C0306,P0039,2026-07-19,2,81.64,Referral
O016111,C0490,P0039,2026-07-19,1,40.82,Organic
O016112,C0147,P0001,2026-07-19,1,368.78,Email
O016113,C0598,P0006,2026-07-19,3,418.29,Organic
O016114,C0615,P0001,2026-07-19,3,1106.34,Email
O016115,C0715,P0006,2026-07-19,3,418.29,Organic
O016116,C0543,P0006,2026-07-19,2,278.86,Paid
O016117,C0339,P0016,2026-07-19,2,61.96,Organic
O016118,C0653,P0012,2026-07-19,2,146.36,Paid
O016119,C0053,P0009,2026-07-19,3,141.75,Email
O016120,C0597,P0009,2026-07-19,2,94.5,Referral
O016121,C0084,P0011,2026-07-19,1,33.98,Paid
O016122,C0356,P0015,2026-07-19,3,232.89,Paid
O016123,C0550,P0013,2026-07-19,3,218.67,Organic
O016124,C0013,P0014,2026-07-19,2,86.74,Referral
O016125,C0117,P0017,2026-07-19,2,41.12,Paid
O016126,C0597,P0023,2026-07-19,3,375.87,Organic
O016127,C0478,P0023,2026-07-19,1,125.29,Email
O016128,C0666,P0023,2026-07-19,2,250.58,Paid
O016129,C0591,P0020,2026-07-19,3,75.06,Paid
O016130,C0696,P0018,2026-07-19,3,282.75,Organic
O016131,C0117,P0020,2026-07-19,2,50.04,Organic
O016132,C0407,P0025,2026-07-19,1,29.76,Paid
O016133,C0375,P0028,2026-07-19,2,38.88,Organic
O016134,C0695,P0032,2026-07-19,2,106.18,Paid
O016135,C0550,P0037,2026-07-19,2,114.7,Referral
O016136,C0714,P0008,2026-07-20,2,270.52,Organic
O016137,C0721,P0012,2026-07-20,1,73.18,Organic
O016138,C0243,P0013,2026-07-20,3,218.67,Paid
O016139,C0535,P0012,2026-07-20,1,73.18,Referral
O016140,C0065,P0010,2026-07-20,3,142.32,Organic
O016141,C0005,P0015,2026-07-20,3,232.89,Organic
O016142,C0104,P0021,2026-07-20,3,141.12,Organic
O016143,C0369,P0017,2026-07-20,1,20.56,Paid
O016144,C0114,P0032,2026-07-20,2,106.18,Email
O016145,C0554,P0031,2026-07-20,1,33.97,Organic
O016146,C0049,P0002,2026-07-20,3,271.26,Email
O016147,C0254,P0008,2026-07-20,2,270.52,Organic
O016148,C0691,P0010,2026-07-20,3,142.32,Email
O016149,C0777,P0012,2026-07-20,2,146.36,Email
O016150,C0794,P0015,2026-07-20,3,232.89,Referral
O016151,C0533,P0013,2026-07-20,3,218.67,Email
O016152,C0712,P0032,2026-07-20,3,159.27,Organic
O016153,C0366,P0028,2026-07-20,1,19.44,Organic
O016154,C0645,P0040,2026-07-20,3,274.89,Organic
O016155,C0607,P0010,2026-07-20,3,142.32,Paid
O016156,C0102,P0020,2026-07-20,1,25.02,Organic
O016157,C0028,P0028,2026-07-20,2,38.88,Organic
O016158,C0604,P0028,2026-07-20,2,38.88,Referral
O016159,C0022,P0027,2026-07-20,1,28.58,Organic
O016160,C0522,P0040,2026-07-20,2,183.26,Paid
O016161,C0763,P0034,2026-07-20,1,87.49,Paid
O016162,C0400,P0037,2026-07-20,3,172.05,Email
O016163,C0647,P0034,2026-07-20,3,262.47,Referral
O016164,C0791,P0008,2026-07-20,1,135.26,Paid
O016165,C0027,P0001,2026-07-20,1,368.78,Organic
O016166,C0543,P0001,2026-07-20,3,1106.34,Paid
O016167,C0117,P0002,2026-07-20,1,90.42,Organic
O016168,C0383,P0016,2026-07-20,3,92.94,Email
O016169,C0229,P0017,2026-07-20,1,20.56,Email
O016170,C0457,P0032,2026-07-20,3,159.27,Organic
O016171,C0457,P0032,2026-07-20,2,106.18,Organic
O016172,C0470,P0032,2026-07-20,3,159.27,Paid
O016173,C0487,P0002,2026-07-21,3,271.26,Paid
O016174,C0214,P0015,2026-07-21,2,155.26,Organic
O016175,C0005,P0010,2026-07-21,1,47.44,Organic
O016176,C0554,P0014,2026-07-21,1,43.37,Paid
O016177,C0384,P0018,2026-07-21,1,94.25,Paid
O016178,C0336,P0021,2026-07-21,3,141.12,Email
O016179,C0510,P0021,2026-07-21,2,94.08,Organic
O016180,C0684,P0029,2026-07-21,1,19.77,Organic
O016181,C0723,P0028,2026-07-21,2,38.88,Organic
O016182,C0263,P0027,2026-07-21,3,85.74,Paid
O016183,C0620,P0037,2026-07-21,2,114.7,Referral
O016184,C0628,P0036,2026-07-21,3,174.72,Organic
O016185,C0772,P0006,2026-07-21,3,418.29,Email
O016186,C0162,P0008,2026-07-21,2,270.52,Organic
O016187,C0752,P0005,2026-07-21,2,249.38,Paid
O016188,C0748,P0002,2026-07-21,1,90.42,Organic
O016189,C0201,P0007,2026-07-21,3,1161.69,Organic
O016190,C0460,P0005,2026-07-21,3,374.07,Organic
O016191,C0589,P0016,2026-07-21,1,30.98,Paid
O016192,C0608,P0011,2026-07-21,2,67.96,Email
O016193,C0752,P0021,2026-07-21,3,141.12,Organic
O016194,C0623,P0020,2026-07-21,2,50.04,Organic
O016195,C0446,P0019,2026-07-21,3,447.69,Referral
O016196,C0739,P0024,2026-07-21,3,94.74,Organic
O016197,C0734,P0022,2026-07-21,1,87.46,Organic
O016198,C0713,P0020,2026-07-21,1,25.02,Paid
O016199,C0254,P0025,2026-07-21,2,59.52,Organic
O016200,C0075,P0032,2026-07-21,2,106.18,Organic
O016201,C0279,P0040,2026-07-21,1,91.63,Email
O016202,C0539,P0008,2026-07-21,1,135.26,Organic
O016203,C0405,P0008,2026-07-21,3,405.78,Organic
O016204,C0522,P0002,2026-07-21,2,180.84,Organic
O016205,C0526,P0014,2026-07-21,3,130.11,Paid
O016206,C0389,P0015,2026-07-21,3,232.89,Paid
O016207,C0522,P0014,2026-07-21,2,86.74,Email
O016208,C0607,P0017,2026-07-21,3,61.68,Organic
O016209,C0506,P0021,2026-07-21,3,141.12,Paid
O016210,C0659,P0022,2026-07-21,1,87.46,Referral
O016211,C0522,P0027,2026-07-21,2,57.16,Paid
O016212,C0028,P0029,2026-07-21,3,59.31,Organic
O016213,C0400,P0040,2026-07-21,2,183.26,Email
O016214,C0145,P0033,2026-07-21,2,164.88,Referral
O016215,C0405,P0037,2026-07-21,3,172.05,Email
O016216,C0387,P0039,2026-07-21,2,81.64,Organic
O016217,C0731,P0007,2026-07-21,2,774.46,Email
O016218,C0199,P0003,2026-07-21,2,567.96,Organic
O016219,C0345,P0004,2026-07-21,3,999.63,Paid
O016220,C0358,P0002,2026-07-21,2,180.84,Paid
O016221,C0625,P0010,2026-07-21,1,47.44,Organic
O016222,C0402,P0013,2026-07-21,3,218.67,Email
O016223,C0393,P0012,2026-07-21,2,146.36,Organic
O016224,C0203,P0023,2026-07-21,3,375.87,Paid
O016225,C0453,P0024,2026-07-21,2,63.16,Paid
O016226,C0173,P0030,2026-07-21,2,61.0,Paid
O016227,C0394,P0029,2026-07-21,3,59.31,Referral
O016228,C0091,P0029,2026-07-21,2,39.54,Paid
O016229,C0129,P0038,2026-07-21,3,335.85,Organic
O016230,C0512,P0033,2026-07-21,1,82.44,Referral
O016231,C0409,P0039,2026-07-21,2,81.64,Paid
O016232,C0434,P0040,2026-07-21,1,91.63,Referral
O016233,C0464,P0004,2026-07-22,2,666.42,Paid
O016234,C0342,P0006,2026-07-22,3,418.29,Organic
O016235,C0214,P0007,2026-07-22,1,387.23,Email
O016236,C0411,P0015,2026-07-22,1,77.63,Paid
O016237,C0799,P0015,2026-07-22,3,232.89,Email
O016238,C0228,P0013,2026-07-22,3,218.67,Email
O016239,C0620,P0024,2026-07-22,1,31.58,Organic
O016240,C0078,P0027,2026-07-22,3,85.74,Paid
O016241,C0638,P0030,2026-07-22,3,91.5,Paid
O016242,C0097,P0027,2026-07-22,3,85.74,Organic
O016243,C0209,P0032,2026-07-22,3,159.27,Email
O016244,C0617,P0038,2026-07-22,2,223.9,Organic
O016245,C0617,P0036,2026-07-22,1,58.24,Paid
O016246,C0728,P0002,2026-07-22,3,271.26,Organic
O016247,C0534,P0003,2026-07-22,2,567.96,Organic
O016248,C0467,P0010,2026-07-22,3,142.32,Paid
O016249,C0417,P0018,2026-07-22,2,188.5,Referral
O016250,C0764,P0019,2026-07-22,3,447.69,Paid
O016251,C0286,P0029,2026-07-22,1,19.77,Email
O016252,C0547,P0039,2026-07-22,2,81.64,Organic
O016253,C0238,P0037,2026-07-22,3,172.05,Organic
O016254,C0424,P0038,2026-07-22,3,335.85,Referral
O016255,C0632,P0034,2026-07-22,2,174.98,Organic
O016256,C0404,P0004,2026-07-22,2,666.42,Paid
O016257,C0530,P0004,2026-07-22,3,999.63,Referral
O016258,C0206,P0014,2026-07-22,2,86.74,Organic
O016259,C0650,P0012,2026-07-22,2,146.36,Organic
O016260,C0647,P0011,2026-07-22,2,67.96,Organic
O016261,C0400,P0011,2026-07-22,1,33.98,Paid
O016262,C0032,P0021,2026-07-22,1,47.04,Paid
O016263,C0234,P0021,2026-07-22,1,47.04,Paid
O016264,C0680,P0028,2026-07-22,1,19.44,Organic
O016265,C0240,P0035,2026-07-22,3,354.63,Organic
O016266,C0143,P0035,2026-07-22,3,354.63,Organic
O016267,C0095,P0036,2026-07-22,1,58.24,Organic
O016268,C0498,P0002,2026-07-22,3,271.26,Paid
O016269,C0427,P0016,2026-07-22,2,61.96,Paid
O016270,C0084,P0011,2026-07-22,3,101.94,Paid
O016271,C0470,P0017,2026-07-22,3,61.68,Referral
O016272,C0673,P0022,2026-07-22,3,262.38,Organic
O016273,C0179,P0031,2026-07-22,3,101.91,Paid
O016274,C0769,P0040,2026-07-22,3,274.89,Organic
O016275,C0232,P0033,2026-07-22,3,247.32,Paid
O016276,C0023,P0033,2026-07-22,3,247.32,Organic
O016277,C0288,P0035,2026-07-22,3,354.63,Email
O016278,C0015,P0016,2026-07-23,1,30.98,Organic
O016279,C0426,P0011,2026-07-23,3,101.94,Organic
O016280,C0207,P0018,2026-07-23,3,282.75,Email
O016281,C0038,P0031,2026-07-23,3,101.91,Email
O016282,C0662,P0026,2026-07-23,2,94.7,Organic
O016283,C0686,P0032,2026-07-23,2,106.18,Organic
O016284,C0651,P0035,2026-07-23,3,354.63,Paid
O016285,C0170,P0034,2026-07-23,3,262.47,Paid
O016286,C0362,P0040,2026-07-23,1,91.63,Organic
O016287,C0435,P0034,2026-07-23,3,262.47,Organic
O016288,C0545,P0008,2026-07-23,1,135.26,Email
O016289,C0741,P0008,2026-07-23,1,135.26,Organic
O016290,C0741,P0004,2026-07-23,3,999.63,Paid
O016291,C0366,P0013,2026-07-23,1,72.89,Organic
O016292,C0775,P0015,2026-07-23,3,232.89,Paid
O016293,C0060,P0019,2026-07-23,1,149.23,Organic
O016294,C0563,P0023,2026-07-23,3,375.87,Organic
O016295,C0471,P0019,2026-07-23,2,298.46,Organic
O016296,C0537,P0027,2026-07-23,1,28.58,Referral
O016297,C0024,P0031,2026-07-23,3,101.91,Organic
O016298,C0537,P0029,2026-07-23,2,39.54,Organic
O016299,C0589,P0031,2026-07-23,2,67.94,Paid
O016300,C0537,P0027,2026-07-23,1,28.58,Paid
O016301,C0508,P0030,2026-07-23,3,91.5,Organic
O016302,C0412,P0038,2026-07-23,2,223.9,Organic
O016303,C0777,P0040,2026-07-23,3,274.89,Paid
O016304,C0251,P0006,2026-07-23,1,139.43,Organic
O016305,C0682,P0024,2026-07-23,2,63.16,Organic
O016306,C0227,P0017,2026-07-23,1,20.56,Organic
O016307,C0725,P0030,2026-07-23,3,91.5,Organic
O016308,C0028,P0030,2026-07-23,3,91.5,Organic
O016309,C0429,P0037,2026-07-23,1,57.35,Email
O016310,C0321,P0034,2026-07-23,2,174.98,Paid
O016311,C0738,P0040,2026-07-23,1,91.63,Paid
O016312,C0548,P0036,2026-07-23,3,174.72,Organic
O016313,C0240,P0036,2026-07-23,1,58.24,Organic
O016314,C0302,P0004,2026-07-23,3,999.63,Referral
O016315,C0770,P0006,2026-07-23,3,418.29,Paid
O016316,C0272,P0006,2026-07-23,1,139.43,Organic
O016317,C0002,P0016,2026-07-23,3,92.94,Paid
O016318,C0300,P0023,2026-07-23,3,375.87,Paid
O016319,C0726,P0021,2026-07-23,3,141.12,Paid
O016320,C0354,P0017,2026-07-23,1,20.56,Email
O016321,C0514,P0021,2026-07-23,3,141.12,Paid
O016322,C0797,P0032,2026-07-23,2,106.18,Paid
O016323,C0172,P0038,2026-07-23,1,111.95,Paid
O016324,C0070,P0034,2026-07-23,3,262.47,Paid
O016325,C0479,P0038,2026-07-23,3,335.85,Organic
O016326,C0264,P0034,2026-07-23,2,174.98,Organic
O016327,C0745,P0038,2026-07-23,2,223.9,Organic
O016328,C0524,P0003,2026-07-24,2,567.96,Organic
O016329,C0638,P0004,2026-07-24,1,333.21,Organic
O016330,C0649,P0009,2026-07-24,3,141.75,Organic
O016331,C0638,P0014,2026-07-24,1,43.37,Organic
O016332,C0662,P0017,2026-07-24,3,61.68,Paid
O016333,C0435,P0022,2026-07-24,2,174.92,Referral
O016334,C0015,P0030,2026-07-24,2,61.0,Email
O016335,C0634,P0032,2026-07-24,2,106.18,Organic
O016336,C0210,P0025,2026-07-24,2,59.52,Paid
O016337,C0685,P0039,2026-07-24,3,122.46,Paid
O016338,C0616,P0039,2026-07-24,2,81.64,Paid
O016339,C0107,P0036,2026-07-24,1,58.24,Organic
O016340,C0324,P0035,2026-07-24,2,236.42,Referral
O016341,C0286,P0008,2026-07-24,1,135.26,Email
O016342,C0674,P0005,2026-07-24,2,249.38,Organic
O016343,C0424,P0004,2026-07-24,1,333.21,Organic
O016344,C0786,P0013,2026-07-24,3,218.67,Organic
O016345,C0739,P0010,2026-07-24,2,94.88,Email
O016346,C0573,P0011,2026-07-24,1,33.98,Paid
O016347,C0376,P0013,2026-07-24,1,72.89,Paid
O016348,C0467,P0019,2026-07-24,2,298.46,Organic
O016349,C0276,P0019,2026-07-24,1,149.23,Paid
O016350,C0335,P0017,2026-07-24,3,61.68,Paid
O016351,C0074,P0028,2026-07-24,2,38.88,Paid
O016352,C0308,P0031,2026-07-24,2,67.94,Organic
O016353,C0449,P0040,2026-07-24,1,91.63,Organic
O016354,C0532,P0034,2026-07-24,2,174.98,Organic
O016355,C0563,P0040,2026-07-24,2,183.26,Paid
O016356,C0513,P0008,2026-07-24,3,405.78,Organic
O016357,C0266,P0020,2026-07-24,2,50.04,Organic
O016358,C0506,P0024,2026-07-24,3,94.74,Paid
O016359,C0574,P0031,2026-07-24,1,33.97,Organic
O016360,C0283,P0035,2026-07-24,1,118.21,Organic
O016361,C0522,P0034,2026-07-24,3,262.47,Organic
O016362,C0194,P0040,2026-07-24,2,183.26,Email
O016363,C0758,P0006,2026-07-24,3,418.29,Paid
O016364,C0704,P0002,2026-07-24,2,180.84,Organic
O016365,C0434,P0014,2026-07-24,2,86.74,Paid
O016366,C0602,P0011,2026-07-24,2,67.96,Organic
O016367,C0307,P0022,2026-07-24,1,87.46,Paid
O016368,C0696,P0021,2026-07-24,1,47.04,Organic
O016369,C0395,P0021,2026-07-24,1,47.04,Organic
O016370,C0334,P0028,2026-07-24,3,58.32,Paid
O016371,C0409,P0027,2026-07-24,2,57.16,Organic
O016372,C0676,P0030,2026-07-24,2,61.0,Paid
O016373,C0093,P0029,2026-07-24,3,59.31,Paid
O016374,C0339,P0040,2026-07-24,3,274.89,Referral
O016375,C0558,P0035,2026-07-24,1,118.21,Referral
O016376,C0789,P0037,2026-07-24,2,114.7,Paid
O016377,C0535,P0004,2026-07-25,1,333.21,Referral
O016378,C0198,P0003,2026-07-25,3,851.94,Organic
O016379,C0050,P0003,2026-07-25,3,851.94,Referral
O016380,C0352,P0002,2026-07-25,1,90.42,Email
O016381,C0737,P0010,2026-07-25,1,47.44,Email
O016382,C0723,P0015,2026-07-25,1,77.63,Organic
O016383,C0776,P0010,2026-07-25,1,47.44,Organic
O016384,C0295,P0011,2026-07-25,3,101.94,Paid
O016385,C0784,P0013,2026-07-25,2,145.78,Organic
O016386,C0351,P0021,2026-07-25,2,94.08,Organic
O016387,C0114,P0022,2026-07-25,1,87.46,Email
O016388,C0078,P0021,2026-07-25,3,141.12,Organic
O016389,C0218,P0024,2026-07-25,2,63.16,Organic
O016390,C0386,P0028,2026-07-25,1,19.44,Paid
O016391,C0369,P0026,2026-07-25,3,142.05,Email
O016392,C0171,P0034,2026-07-25,3,262.47,Paid
O016393,C0384,P0040,2026-07-25,3,274.89,Organic
O016394,C0756,P0036,2026-07-25,3,174.72,Organic
O016395,C0015,P0040,2026-07-25,2,183.26,Organic
O016396,C0570,P0036,2026-07-25,2,116.48,Referral
O016397,C0017,P0006,2026-07-25,2,278.86,Email
O016398,C0204,P0007,2026-07-25,1,387.23,Organic
O016399,C0286,P0006,2026-07-25,1,139.43,Paid
O016400,C0712,P0016,2026-07-25,1,30.98,Organic
O016401,C0158,P0011,2026-07-25,1,33.98,Organic
O016402,C0519,P0014,2026-07-25,1,43.37,Paid
O016403,C0073,P0021,2026-07-25,3,141.12,Organic
O016404,C0594,P0021,2026-07-25,2,94.08,Organic
O016405,C0267,P0027,2026-07-25,3,85.74,Referral
O016406,C0580,P0028,2026-07-25,1,19.44,Organic
O016407,C0052,P0039,2026-07-25,2,81.64,Organic
O016408,C0006,P0038,2026-07-25,1,111.95,Email
O016409,C0492,P0004,2026-07-25,3,999.63,Organic
O016410,C0126,P0003,2026-07-25,2,567.96,Paid
O016411,C0633,P0015,2026-07-25,3,232.89,Paid
O016412,C0305,P0018,2026-07-25,1,94.25,Paid
O016413,C0690,P0017,2026-07-25,1,20.56,Organic
O016414,C0115,P0030,2026-07-25,1,30.5,Organic
O016415,C0610,P0031,2026-07-25,3,101.91,Referral
O016416,C0032,P0035,2026-07-25,3,354.63,Organic
O016417,C0515,P0038,2026-07-25,3,335.85,Paid
O016418,C0757,P0034,2026-07-25,3,262.47,Paid
O016419,C0061,P0040,2026-07-25,1,91.63,Paid
O016420,C0422,P0034,2026-07-25,3,262.47,Paid
O016421,C0312,P0002,2026-07-25,1,90.42,Organic
O016422,C0042,P0004,2026-07-25,3,999.63,Paid
O016423,C0536,P0008,2026-07-25,3,405.78,Email
O016424,C0720,P0007,2026-07-25,1,387.23,Paid
O016425,C0716,P0009,2026-07-25,2,94.5,Paid
O016426,C0296,P0024,2026-07-25,2,63.16,Organic
O016427,C0110,P0024,2026-07-25,3,94.74,Organic
O016428,C0715,P0020,2026-07-25,1,25.02,Organic
O016429,C0329,P0018,2026-07-25,1,94.25,Paid
O016430,C0023,P0019,2026-07-25,3,447.69,Paid
O016431,C0688,P0024,2026-07-25,2,63.16,Paid
O016432,C0337,P0032,2026-07-25,3,159.27,Organic
O016433,C0173,P0025,2026-07-25,1,29.76,Referral
O016434,C0312,P0027,2026-07-25,2,57.16,Organic
O016435,C0179,P0028,2026-07-25,1,19.44,Organic
O016436,C0568,P0038,2026-07-25,1,111.95,Organic
O016437,C0670,P0035,2026-07-25,1,118.21,Organic
O016438,C0668,P0037,2026-07-25,1,57.35,Organic
O016439,C0776,P0001,2026-07-26,2,737.56,Email
O016440,C0182,P0012,2026-07-26,1,73.18,Organic
O016441,C0097,P0014,2026-07-26,1,43.37,Referral
O016442,C0097,P0012,2026-07-26,1,73.18,Paid
O016443,C0340,P0012,2026-07-26,2,146.36,Organic
O016444,C0684,P0012,2026-07-26,2,146.36,Paid
O016445,C0097,P0024,2026-07-26,2,63.16,Organic
O016446,C0137,P0024,2026-07-26,3,94.74,Organic
O016447,C0195,P0032,2026-07-26,1,53.09,Paid
O016448,C0273,P0025,2026-07-26,1,29.76,Paid
O016449,C0003,P0029,2026-07-26,3,59.31,Organic
O016450,C0218,P0025,2026-07-26,2,59.52,Organic
O016451,C0708,P0040,2026-07-26,2,183.26,Referral
O016452,C0421,P0034,2026-07-26,1,87.49,Organic
O016453,C0774,P0033,2026-07-26,2,164.88,Paid
O016454,C0651,P0033,2026-07-26,1,82.44,Organic
O016455,C0249,P0002,2026-07-26,1,90.42,Organic
O016456,C0537,P0007,2026-07-26,1,387.23,Organic
O016457,C0187,P0002,2026-07-26,2,180.84,Paid
O016458,C0741,P0018,2026-07-26,3,282.75,Email
O016459,C0178,P0021,2026-07-26,1,47.04,Organic
O016460,C0518,P0038,2026-07-26,1,111.95,Organic
O016461,C0564,P0010,2026-07-26,1,47.44,Organic
O016462,C0197,P0012,2026-07-26,2,146.36,Organic
O016463,C0474,P0009,2026-07-26,3,141.75,Organic
O016464,C0431,P0014,2026-07-26,3,130.11,Paid
O016465,C0245,P0011,2026-07-26,3,101.94,Paid
O016466,C0657,P0012,2026-07-26,3,219.54,Email
O016467,C0389,P0024,2026-07-26,1,31.58,Organic
O016468,C0269,P0018,2026-07-26,2,188.5,Organic
O016469,C0319,P0021,2026-07-26,1,47.04,Organic
O016470,C0266,P0019,2026-07-26,3,447.69,Paid
O016471,C0476,P0026,2026-07-26,3,142.05,Organic
O016472,C0711,P0025,2026-07-26,2,59.52,Email
O016473,C0283,P0030,2026-07-26,3,91.5,Organic
O016474,C0350,P0039,2026-07-26,1,40.82,Email
O016475,C0221,P0002,2026-07-26,1,90.42,Organic
O016476,C0146,P0005,2026-07-26,2,249.38,Paid
O016477,C0173,P0008,2026-07-26,3,405.78,Paid
O016478,C0181,P0008,2026-07-26,2,270.52,Paid
O016479,C0174,P0012,2026-07-26,1,73.18,Organic
O016480,C0272,P0021,2026-07-26,2,94.08,Organic
O016481,C0670,P0017,2026-07-26,1,20.56,Email
O016482,C0147,P0019,2026-07-26,1,149.23,Organic
O016483,C0002,P0032,2026-07-26,3,159.27,Paid
O016484,C0670,P0029,2026-07-26,1,19.77,Paid
O016485,C0248,P0028,2026-07-26,3,58.32,Organic
O016486,C0478,P0037,2026-07-26,2,114.7,Paid
O016487,C0019,P0004,2026-07-27,2,666.42,Paid
O016488,C0100,P0001,2026-07-27,1,368.78,Paid
O016489,C0570,P0003,2026-07-27,1,283.98,Paid
O016490,C0708,P0011,2026-07-27,2,67.96,Organic
O016491,C0228,P0015,2026-07-27,1,77.63,Organic
O016492,C0005,P0015,2026-07-27,2,155.26,Email
O016493,C0618,P0023,2026-07-27,1,125.29,Email
O016494,C0367,P0029,2026-07-27,2,39.54,Organic
O016495,C0433,P0028,2026-07-27,2,38.88,Organic
O016496,C0142,P0039,2026-07-27,3,122.46,Referral
O016497,C0243,P0038,2026-07-27,3,335.85,Paid
O016498,C0464,P0037,2026-07-27,1,57.35,Organic
O016499,C0728,P0003,2026-07-27,3,851.94,Organic
O016500,C0594,P0011,2026-07-27,3,101.94,Organic
O016501,C0279,P0021,2026-07-27,3,141.12,Paid
O016502,C0589,P0018,2026-07-27,1,94.25,Paid
O016503,C0750,P0026,2026-07-27,1,47.35,Email
O016504,C0057,P0038,2026-07-27,3,335.85,Organic
O016505,C0532,P0034,2026-07-27,3,262.47,Referral
O016506,C0691,P0034,2026-07-27,2,174.98,Organic
O016507,C0738,P0003,2026-07-27,2,567.96,Organic
O016508,C0126,P0007,2026-07-27,2,774.46,Organic
O016509,C0401,P0009,2026-07-27,3,141.75,Paid
O016510,C0754,P0011,2026-07-27,1,33.98,Paid
O016511,C0738,P0014,2026-07-27,2,86.74,Email
O016512,C0624,P0012,2026-07-27,2,146.36,Organic
O016513,C0689,P0022,2026-07-27,2,174.92,Organic
O016514,C0242,P0022,2026-07-27,3,262.38,Organic
O016515,C0742,P0030,2026-07-27,3,91.5,Email
O016516,C0167,P0026,2026-07-27,3,142.05,Organic
O016517,C0505,P0025,2026-07-27,2,59.52,Organic
O016518,C0503,P0030,2026-07-27,1,30.5,Paid
O016519,C0604,P0035,2026-07-27,1,118.21,Organic
O016520,C0124,P0036,2026-07-27,2,116.48,Organic
O016521,C0261,P0008,2026-07-27,3,405.78,Organic
O016522,C0313,P0003,2026-07-27,1,283.98,Organic
O016523,C0419,P0001,2026-07-27,2,737.56,Paid
O016524,C0791,P0009,2026-07-27,1,47.25,Paid
O016525,C0704,P0010,2026-07-27,3,142.32,Organic
O016526,C0504,P0018,2026-07-27,3,282.75,Organic
O016527,C0001,P0020,2026-07-27,3,75.06,Paid
O016528,C0345,P0022,2026-07-27,1,87.46,Paid
O016529,C0753,P0025,2026-07-27,2,59.52,Paid
O016530,C0640,P0027,2026-07-27,3,85.74,Paid
O016531,C0284,P0026,2026-07-27,3,142.05,Paid
O016532,C0478,P0032,2026-07-27,2,106.18,Email
O016533,C0357,P0030,2026-07-27,3,91.5,Paid
O016534,C0550,P0040,2026-07-27,3,274.89,Organic
O016535,C0615,P0039,2026-07-27,1,40.82,Paid
O016536,C0121,P0036,2026-07-27,3,174.72,Organic
O016537,C0585,P0034,2026-07-27,3,262.47,Organic
O016538,C0179,P0037,2026-07-27,1,57.35,Paid
O016539,C0796,P0005,2026-07-28,1,124.69,Organic
O016540,C0109,P0015,2026-07-28,3,232.89,Organic
O016541,C0120,P0014,2026-07-28,1,43.37,Paid
O016542,C0065,P0018,2026-07-28,3,282.75,Paid
O016543,C0003,P0024,2026-07-28,3,94.74,Paid
O016544,C0322,P0023,2026-07-28,2,250.58,Email
O016545,C0443,P0022,2026-07-28,3,262.38,Organic
O016546,C0332,P0018,2026-07-28,2,188.5,Email
O016547,C0799,P0032,2026-07-28,1,53.09,Organic
O016548,C0215,P0025,2026-07-28,1,29.76,Organic
O016549,C0759,P0025,2026-07-28,3,89.28,Organic
O016550,C0210,P0038,2026-07-28,2,223.9,Referral
O016551,C0388,P0040,2026-07-28,2,183.26,Referral
O016552,C0482,P0039,2026-07-28,1,40.82,Email
O016553,C0583,P0040,2026-07-28,1,91.63,Organic
O016554,C0056,P0006,2026-07-28,3,418.29,Organic
O016555,C0200,P0008,2026-07-28,3,405.78,Organic
O016556,C0204,P0005,2026-07-28,1,124.69,Organic
O016557,C0741,P0012,2026-07-28,2,146.36,Organic
O016558,C0589,P0011,2026-07-28,1,33.98,Organic
O016559,C0238,P0016,2026-07-28,1,30.98,Referral
O016560,C0285,P0016,2026-07-28,2,61.96,Organic
O016561,C0637,P0009,2026-07-28,2,94.5,Referral
O016562,C0017,P0030,2026-07-28,1,30.5,Organic
O016563,C0587,P0030,2026-07-28,2,61.0,Referral
O016564,C0106,P0005,2026-07-28,2,249.38,Organic
O016565,C0033,P0002,2026-07-28,2,180.84,Paid
O016566,C0106,P0015,2026-07-28,1,77.63,Referral
O016567,C0733,P0014,2026-07-28,1,43.37,Paid
O016568,C0283,P0015,2026-07-28,3,232.89,Organic
O016569,C0092,P0017,2026-07-28,1,20.56,Organic
O016570,C0690,P0032,2026-07-28,3,159.27,Organic
O016571,C0240,P0025,2026-07-28,1,29.76,Referral
O016572,C0325,P0035,2026-07-28,2,236.42,Referral
O016573,C0659,P0037,2026-07-28,2,114.7,Organic
O016574,C0148,P0004,2026-07-28,2,666.42,Referral
O016575,C0745,P0007,2026-07-28,3,1161.69,Paid
O016576,C0090,P0012,2026-07-28,1,73.18,Organic
O016577,C0093,P0020,2026-07-28,2,50.04,Email
O016578,C0453,P0023,2026-07-28,2,250.58,Paid
O016579,C0288,P0025,2026-07-28,3,89.28,Organic
O016580,C0149,P0031,2026-07-28,1,33.97,Paid
O016581,C0076,P0034,2026-07-28,2,174.98,Organic
O016582,C0756,P0002,2026-07-29,2,180.84,Email
O016583,C0277,P0008,2026-07-29,1,135.26,Organic
O016584,C0347,P0013,2026-07-29,3,218.67,Organic
O016585,C0277,P0010,2026-07-29,3,142.32,Paid
O016586,C0105,P0009,2026-07-29,3,141.75,Organic
O016587,C0225,P0023,2026-07-29,3,375.87,Referral
O016588,C0046,P0027,2026-07-29,1,28.58,Paid
O016589,C0464,P0032,2026-07-29,3,159.27,Organic
O016590,C0273,P0028,2026-07-29,1,19.44,Paid
O016591,C0371,P0036,2026-07-29,2,116.48,Organic
O016592,C0310,P0033,2026-07-29,2,164.88,Organic
O016593,C0714,P0033,2026-07-29,2,164.88,Organic
O016594,C0772,P0002,2026-07-29,2,180.84,Paid
O016595,C0520,P0016,2026-07-29,3,92.94,Paid
O016596,C0672,P0009,2026-07-29,2,94.5,Email
O016597,C0494,P0015,2026-07-29,1,77.63,Organic
O016598,C0162,P0014,2026-07-29,2,86.74,Paid
O016599,C0466,P0019,2026-07-29,2,298.46,Paid
O016600,C0508,P0022,2026-07-29,2,174.92,Referral
O016601,C0154,P0025,2026-07-29,2,59.52,Organic
O016602,C0156,P0031,2026-07-29,2,67.94,Organic
O016603,C0786,P0025,2026-07-29,3,89.28,Referral
O016604,C0379,P0035,2026-07-29,1,118.21,Paid
O016605,C0632,P0037,2026-07-29,1,57.35,Paid
O016606,C0503,P0005,2026-07-29,3,374.07,Email
O016607,C0389,P0004,2026-07-29,3,999.63,Paid
O016608,C0152,P0008,2026-07-29,2,270.52,Organic
O016609,C0299,P0014,2026-07-29,1,43.37,Organic
O016610,C0197,P0023,2026-07-29,2,250.58,Organic
O016611,C0561,P0018,2026-07-29,1,94.25,Organic
O016612,C0321,P0018,2026-07-29,3,282.75,Referral
O016613,C0647,P0019,2026-07-29,2,298.46,Email
O016614,C0410,P0019,2026-07-29,3,447.69,Email
O016615,C0387,P0022,2026-07-29,1,87.46,Email
O016616,C0682,P0038,2026-07-29,3,335.85,Organic
O016617,C0325,P0037,2026-07-29,1,57.35,Organic
O016618,C0490,P0033,2026-07-29,1,82.44,Organic
O016619,C0099,P0035,2026-07-29,1,118.21,Paid
O016620,C0564,P0038,2026-07-29,2,223.9,Paid
O016621,C0710,P0007,2026-07-29,2,774.46,Organic
O016622,C0572,P0001,2026-07-29,1,368.78,Paid
O016623,C0091,P0005,2026-07-29,1,124.69,Paid
O016624,C0375,P0003,2026-07-29,2,567.96,Organic
O016625,C0693,P0008,2026-07-29,2,270.52,Organic
O016626,C0415,P0009,2026-07-29,3,141.75,Email
O016627,C0511,P0010,2026-07-29,1,47.44,Paid
O016628,C0161,P0010,2026-07-29,1,47.44,Email
O016629,C0012,P0015,2026-07-29,3,232.89,Paid
O016630,C0069,P0012,2026-07-29,1,73.18,Organic
O016631,C0698,P0010,2026-07-29,3,142.32,Referral
O016632,C0320,P0010,2026-07-29,2,94.88,Organic
O016633,C0290,P0018,2026-07-29,2,188.5,Referral
O016634,C0706,P0027,2026-07-29,3,85.74,Paid
O016635,C0090,P0026,2026-07-29,2,94.7,Paid
O016636,C0356,P0034,2026-07-29,1,87.49,Paid
O016637,C0782,P0033,2026-07-29,1,82.44,Email
O016638,C0673,P0039,2026-07-29,1,40.82,Organic
O016639,C0468,P0037,2026-07-29,3,172.05,Paid
O016640,C0710,P0038,2026-07-29,3,335.85,Paid
O016641,C0789,P0035,2026-07-29,2,236.42,Paid
O016642,C0396,P0006,2026-07-30,2,278.86,Paid
O016643,C0477,P0009,2026-07-30,1,47.25,Paid
O016644,C0058,P0015,2026-07-30,2,155.26,Organic
O016645,C0292,P0016,2026-07-30,1,30.98,Paid
O016646,C0721,P0010,2026-07-30,3,142.32,Paid
O016647,C0171,P0022,2026-07-30,2,174.92,Paid
O016648,C0362,P0021,2026-07-30,3,141.12,Organic
O016649,C0347,P0022,2026-07-30,2,174.92,Email
O016650,C0628,P0025,2026-07-30,3,89.28,Email
O016651,C0219,P0027,2026-07-30,1,28.58,Email
O016652,C0628,P0028,2026-07-30,1,19.44,Organic
O016653,C0406,P0025,2026-07-30,1,29.76,Organic
O016654,C0351,P0027,2026-07-30,1,28.58,Organic
O016655,C0599,P0036,2026-07-30,1,58.24,Organic
O016656,C0062,P0033,2026-07-30,2,164.88,Paid
O016657,C0614,P0004,2026-07-30,1,333.21,Organic
O016658,C0286,P0010,2026-07-30,3,142.32,Organic
O016659,C0641,P0015,2026-07-30,3,232.89,Organic
O016660,C0792,P0014,2026-07-30,1,43.37,Email
O016661,C0560,P0024,2026-07-30,3,94.74,Organic
O016662,C0308,P0024,2026-07-30,1,31.58,Organic
O016663,C0520,P0026,2026-07-30,1,47.35,Organic
O016664,C0691,P0027,2026-07-30,1,28.58,Organic
O016665,C0071,P0026,2026-07-30,2,94.7,Organic
O016666,C0259,P0028,2026-07-30,2,38.88,Paid
O016667,C0785,P0031,2026-07-30,2,67.94,Organic
O016668,C0344,P0038,2026-07-30,1,111.95,Organic
O016669,C0253,P0006,2026-07-30,3,418.29,Organic
O016670,C0416,P0008,2026-07-30,2,270.52,Referral
O016671,C0080,P0002,2026-07-30,2,180.84,Organic
O016672,C0227,P0002,2026-07-30,3,271.26,Organic
O016673,C0780,P0011,2026-07-30,2,67.96,Organic
O016674,C0548,P0019,2026-07-30,1,149.23,Organic
O016675,C0757,P0023,2026-07-30,3,375.87,Organic
O016676,C0522,P0021,2026-07-30,3,141.12,Organic
O016677,C0540,P0031,2026-07-30,1,33.97,Organic
O016678,C0490,P0031,2026-07-30,3,101.91,Email
O016679,C0040,P0033,2026-07-30,1,82.44,Referral
O016680,C0574,P0039,2026-07-30,1,40.82,Referral
O016681,C0566,P0002,2026-07-30,2,180.84,Paid
O016682,C0248,P0004,2026-07-30,2,666.42,Organic
O016683,C0731,P0003,2026-07-30,3,851.94,Paid
O016684,C0640,P0014,2026-07-30,2,86.74,Organic
O016685,C0069,P0011,2026-07-30,3,101.94,Paid
O016686,C0514,P0023,2026-07-30,2,250.58,Paid
O016687,C0749,P0018,2026-07-30,2,188.5,Organic
O016688,C0395,P0022,2026-07-30,3,262.38,Paid
O016689,C0568,P0029,2026-07-30,1,19.77,Organic
O016690,C0129,P0028,2026-07-30,1,19.44,Email
O016691,C0542,P0032,2026-07-30,1,53.09,Organic
O016692,C0011,P0040,2026-07-30,3,274.89,Organic
O016693,C0696,P0036,2026-07-30,3,174.72,Referral
O016694,C0290,P0034,2026-07-30,1,87.49,Referral
O016695,C0732,P0001,2026-07-31,1,368.78,Organic
O016696,C0273,P0006,2026-07-31,2,278.86,Organic
O016697,C0171,P0005,2026-07-31,2,249.38,Organic
O016698,C0341,P0001,2026-07-31,1,368.78,Organic
O016699,C0714,P0014,2026-07-31,2,86.74,Organic
O016700,C0799,P0019,2026-07-31,3,447.69,Paid
O016701,C0425,P0024,2026-07-31,1,31.58,Organic
O016702,C0243,P0031,2026-07-31,3,101.91,Referral
O016703,C0347,P0028,2026-07-31,1,19.44,Referral
O016704,C0109,P0032,2026-07-31,3,159.27,Paid
O016705,C0686,P0029,2026-07-31,3,59.31,Organic
O016706,C0136,P0035,2026-07-31,1,118.21,Paid
O016707,C0611,P0035,2026-07-31,3,354.63,Organic
O016708,C0318,P0034,2026-07-31,2,174.98,Referral
O016709,C0672,P0005,2026-07-31,2,249.38,Organic
O016710,C0139,P0002,2026-07-31,3,271.26,Paid
O016711,C0021,P0003,2026-07-31,3,851.94,Organic
O016712,C0441,P0003,2026-07-31,2,567.96,Organic
O016713,C0528,P0002,2026-07-31,2,180.84,Organic
O016714,C0017,P0006,2026-07-31,1,139.43,Referral
O016715,C0180,P0013,2026-07-31,1,72.89,Organic
O016716,C0614,P0015,2026-07-31,1,77.63,Organic
O016717,C0047,P0016,2026-07-31,1,30.98,Organic
O016718,C0379,P0016,2026-07-31,1,30.98,Paid
O016719,C0134,P0011,2026-07-31,2,67.96,Organic
O016720,C0113,P0024,2026-07-31,2,63.16,Paid
O016721,C0645,P0024,2026-07-31,3,94.74,Paid
O016722,C0446,P0024,2026-07-31,3,94.74,Organic
O016723,C0259,P0021,2026-07-31,1,47.04,Organic
O016724,C0632,P0021,2026-07-31,2,94.08,Organic
O016725,C0239,P0028,2026-07-31,2,38.88,Referral
O016726,C0646,P0026,2026-07-31,3,142.05,Referral
O016727,C0249,P0040,2026-07-31,3,274.89,Referral
O016728,C0344,P0033,2026-07-31,1,82.44,Organic
O016729,C0486,P0033,2026-07-31,3,247.32,Organic
O016730,C0509,P0003,2026-07-31,1,283.98,Organic
O016731,C0506,P0013,2026-07-31,2,145.78,Organic
O016732,C0022,P0022,2026-07-31,1,87.46,Paid
O016733,C0177,P0017,2026-07-31,3,61.68,Paid
O016734,C0007,P0030,2026-07-31,2,61.0,Organic
O016735,C0299,P0032,2026-07-31,2,106.18,Organic
O016736,C0068,P0028,2026-07-31,3,58.32,Paid
O016737,C0422,P0026,2026-07-31,3,142.05,Referral
O016738,C0515,P0036,2026-07-31,2,116.48,Organic
O016739,C0660,P0035,2026-07-31,2,236.42,Organic
O016740,C0022,P0038,2026-07-31,2,223.9,Email
O016741,C0194,P0040,2026-07-31,1,91.63,Referral
O016742,C0762,P0001,2026-07-31,1,368.78,Paid
O016743,C0289,P0006,2026-07-31,2,278.86,Email
O016744,C0730,P0016,2026-07-31,2,61.96,Organic
O016745,C0555,P0012,2026-07-31,3,219.54,Email
O016746,C0375,P0015,2026-07-31,1,77.63,Paid
O016747,C0312,P0016,2026-07-31,1,30.98,Organic
O016748,C0372,P0018,2026-07-31,3,282.75,Email
O016749,C0224,P0021,2026-07-31,3,141.12,Organic
O016750,C0090,P0018,2026-07-31,1,94.25,Paid
O016751,C0409,P0022,2026-07-31,1,87.46,Email
O016752,C0272,P0027,2026-07-31,1,28.58,Email
O016753,C0150,P0025,2026-07-31,3,89.28,Email
O016754,C0749,P0032,2026-07-31,2,106.18,Organic
O016755,C0133,P0036,2026-07-31,3,174.72,Paid
O016756,C0556,P0009,2026-08-01,1,47.25,Paid
O016757,C0599,P0011,2026-08-01,3,101.94,Organic
O016758,C0502,P0012,2026-08-01,2,146.36,Organic
O016759,C0020,P0023,2026-08-01,1,125.29,Email
O016760,C0377,P0021,2026-08-01,2,94.08,Organic
O016761,C0281,P0018,2026-08-01,3,282.75,Paid
O016762,C0774,P0025,2026-08-01,1,29.76,Paid
O016763,C0521,P0037,2026-08-01,3,172.05,Paid
O016764,C0502,P0036,2026-08-01,1,58.24,Organic
O016765,C0794,P0015,2026-08-01,2,155.26,Email
O016766,C0039,P0015,2026-08-01,2,155.26,Organic
O016767,C0741,P0018,2026-08-01,2,188.5,Email
O016768,C0608,P0031,2026-08-01,2,67.94,Referral
O016769,C0017,P0027,2026-08-01,3,85.74,Organic
O016770,C0089,P0030,2026-08-01,1,30.5,Paid
O016771,C0441,P0039,2026-08-01,2,81.64,Organic
O016772,C0049,P0033,2026-08-01,1,82.44,Email
O016773,C0675,P0038,2026-08-01,1,111.95,Organic
O016774,C0061,P0002,2026-08-01,1,99.46,Paid
O016775,C0680,P0015,2026-08-01,3,232.89,Referral
O016776,C0767,P0013,2026-08-01,3,218.67,Paid
O016777,C0092,P0019,2026-08-01,1,149.23,Organic
O016778,C0165,P0024,2026-08-01,3,94.74,Referral
O016779,C0033,P0017,2026-08-01,1,20.56,Email
O016780,C0247,P0020,2026-08-01,2,50.04,Organic
O016781,C0211,P0032,2026-08-01,2,106.18,Paid
O016782,C0196,P0032,2026-08-01,1,53.09,Organic
O016783,C0485,P0037,2026-08-01,2,114.7,Paid
O016784,C0099,P0036,2026-08-01,3,174.72,Referral
O016785,C0505,P0038,2026-08-01,3,335.85,Paid
O016786,C0282,P0002,2026-08-01,3,298.38,Organic
O016787,C0334,P0001,2026-08-01,3,1216.98,Paid
O016788,C0749,P0014,2026-08-01,1,43.37,Organic
O016789,C0042,P0013,2026-08-01,2,145.78,Referral
O016790,C0724,P0009,2026-08-01,2,94.5,Paid
O016791,C0070,P0011,2026-08-01,1,33.98,Organic
O016792,C0192,P0012,2026-08-01,2,146.36,Organic
O016793,C0069,P0021,2026-08-01,1,47.04,Email
O016794,C0289,P0036,2026-08-01,1,58.24,Organic
O016795,C0271,P0040,2026-08-01,2,183.26,Referral
O016796,C0133,P0035,2026-08-01,1,118.21,Paid
O016797,C0208,P0001,2026-08-02,3,1216.98,Paid
O016798,C0237,P0003,2026-08-02,3,937.14,Organic
O016799,C0030,P0009,2026-08-02,3,141.75,Organic
O016800,C0554,P0018,2026-08-02,3,282.75,Paid
O016801,C0577,P0024,2026-08-02,2,63.16,Organic
O016802,C0262,P0026,2026-08-02,3,142.05,Email
O016803,C0426,P0032,2026-08-02,2,106.18,Email
O016804,C0386,P0038,2026-08-02,2,223.9,Organic
O016805,C0384,P0035,2026-08-02,2,236.42,Organic
O016806,C0024,P0007,2026-08-02,2,851.9,Paid
O016807,C0047,P0015,2026-08-02,1,77.63,Organic
O016808,C0527,P0018,2026-08-02,1,94.25,Organic
O016809,C0274,P0031,2026-08-02,1,33.97,Organic
O016810,C0029,P0026,2026-08-02,1,47.35,Paid
O016811,C0344,P0030,2026-08-02,3,91.5,Email
O016812,C0355,P0032,2026-08-02,3,159.27,Paid
O016813,C0286,P0040,2026-08-02,2,183.26,Organic
O016814,C0575,P0033,2026-08-02,1,82.44,Organic
O016815,C0335,P0035,2026-08-02,3,354.63,Organic
O016816,C0681,P0004,2026-08-02,1,366.53,Organic
O016817,C0361,P0006,2026-08-02,2,306.74,Organic
O016818,C0711,P0002,2026-08-02,2,198.92,Organic
O016819,C0506,P0013,2026-08-02,1,72.89,Email
O016820,C0315,P0014,2026-08-02,1,43.37,Paid
O016821,C0630,P0024,2026-08-02,3,94.74,Organic
O016822,C0751,P0030,2026-08-02,1,30.5,Organic
O016823,C0601,P0031,2026-08-02,3,101.91,Organic
O016824,C0565,P0038,2026-08-02,3,335.85,Organic
O016825,C0469,P0007,2026-08-02,2,851.9,Organic
O016826,C0514,P0022,2026-08-02,3,262.38,Organic
O016827,C0676,P0020,2026-08-02,1,25.02,Organic
O016828,C0716,P0023,2026-08-02,3,375.87,Organic
O016829,C0566,P0032,2026-08-02,1,53.09,Organic
O016830,C0582,P0025,2026-08-02,2,59.52,Organic
O016831,C0636,P0031,2026-08-02,2,67.94,Paid
O016832,C0673,P0026,2026-08-02,3,142.05,Organic
O016833,C0199,P0033,2026-08-02,2,164.88,Paid
O016834,C0629,P0040,2026-08-02,2,183.26,Paid
O016835,C0538,P0037,2026-08-02,2,114.7,Organic
O016836,C0697,P0004,2026-08-03,2,733.06,Referral
O016837,C0784,P0012,2026-08-03,3,219.54,Organic
O016838,C0620,P0014,2026-08-03,2,86.74,Organic
O016839,C0388,P0036,2026-08-03,3,174.72,Organic
O016840,C0200,P0006,2026-08-03,3,460.11,Paid
O016841,C0661,P0004,2026-08-03,3,1099.59,Paid
O016842,C0609,P0009,2026-08-03,2,94.5,Referral
O016843,C0519,P0011,2026-08-03,2,67.96,Paid
O016844,C0014,P0020,2026-08-03,1,25.02,Paid
O016845,C0663,P0021,2026-08-03,1,47.04,Organic
O016846,C0155,P0028,2026-08-03,2,38.88,Paid
O016847,C0333,P0037,2026-08-03,1,57.35,Paid
O016848,C0594,P0035,2026-08-03,1,118.21,Paid
O016849,C0099,P0005,2026-08-03,1,137.16,Organic
O016850,C0099,P0003,2026-08-03,2,624.76,Email
O016851,C0350,P0014,2026-08-03,1,43.37,Organic
O016852,C0513,P0023,2026-08-03,3,375.87,Organic
O016853,C0657,P0031,2026-08-03,3,101.91,Email
O016854,C0031,P0039,2026-08-03,3,122.46,Paid
O016855,C0770,P0004,2026-08-03,3,1099.59,Email
O016856,C0059,P0013,2026-08-03,2,145.78,Email
O016857,C0229,P0022,2026-08-03,3,262.38,Organic
O016858,C0606,P0020,2026-08-03,1,25.02,Referral
O016859,C0727,P0032,2026-08-03,2,106.18,Paid
O016860,C0678,P0028,2026-08-03,2,38.88,Referral
O016861,C0504,P0026,2026-08-03,2,94.7,Organic
O016862,C0653,P0027,2026-08-03,1,28.58,Organic
O016863,C0186,P0027,2026-08-03,2,57.16,Organic
O016864,C0790,P0035,2026-08-03,3,354.63,Organic
O016865,C0710,P0035,2026-08-03,3,354.63,Paid
O016866,C0172,P0037,2026-08-03,1,57.35,Email
O016867,C0357,P0036,2026-08-03,2,116.48,Paid
O016868,C0288,P0036,2026-08-03,3,174.72,Email
O016869,C0229,P0036,2026-08-03,1,58.24,Paid
O016870,C0628,P0004,2026-08-04,3,1099.59,Organic
O016871,C0799,P0009,2026-08-04,1,47.25,Organic
O016872,C0464,P0015,2026-08-04,1,77.63,Organic
O016873,C0541,P0009,2026-08-04,3,141.75,Organic
O016874,C0219,P0017,2026-08-04,2,41.12,Paid
O016875,C0579,P0032,2026-08-04,2,106.18,Referral
O016876,C0071,P0015,2026-08-04,1,77.63,Organic
O016877,C0739,P0014,2026-08-04,3,130.11,Email
O016878,C0480,P0015,2026-08-04,1,77.63,Organic
O016879,C0635,P0009,2026-08-04,2,94.5,Paid
O016880,C0648,P0009,2026-08-04,1,47.25,Paid
O016881,C0455,P0017,2026-08-04,1,20.56,Referral
O016882,C0193,P0023,2026-08-04,3,375.87,Organic
O016883,C0079,P0025,2026-08-04,2,59.52,Paid
O016884,C0677,P0030,2026-08-04,3,91.5,Organic
O016885,C0467,P0036,2026-08-04,1,58.24,Organic
O016886,C0387,P0011,2026-08-04,3,101.94,Email
O016887,C0793,P0013,2026-08-04,2,145.78,Organic
O016888,C0492,P0017,2026-08-04,1,20.56,Organic
O016889,C0253,P0019,2026-08-04,3,447.69,Paid
O016890,C0083,P0023,2026-08-04,2,250.58,Email
O016891,C0681,P0022,2026-08-04,1,87.46,Organic
O016892,C0251,P0037,2026-08-04,3,172.05,Organic
O016893,C0149,P0008,2026-08-04,1,148.79,Email
O016894,C0261,P0016,2026-08-04,2,61.96,Organic
O016895,C0148,P0012,2026-08-04,2,146.36,Organic
O016896,C0407,P0009,2026-08-04,1,47.25,Organic
O016897,C0314,P0009,2026-08-04,1,47.25,Organic
O016898,C0478,P0023,2026-08-04,1,125.29,Organic
O016899,C0566,P0017,2026-08-04,1,20.56,Organic
O016900,C0704,P0038,2026-08-04,2,223.9,Email
O016901,C0292,P0010,2026-08-05,1,47.44,Paid
O016902,C0463,P0017,2026-08-05,3,61.68,Organic
O016903,C0380,P0020,2026-08-05,2,50.04,Organic
O016904,C0638,P0025,2026-08-05,1,29.76,Paid
O016905,C0559,P0033,2026-08-05,3,247.32,Organic
O016906,C0254,P0011,2026-08-05,2,67.96,Paid
O016907,C0750,P0013,2026-08-05,3,218.67,Organic
O016908,C0159,P0012,2026-08-05,3,219.54,Organic
O016909,C0608,P0020,2026-08-05,3,75.06,Paid
O016910,C0547,P0038,2026-08-05,2,223.9,Organic
O016911,C0608,P0040,2026-08-05,2,183.26,Organic
O016912,C0496,P0002,2026-08-05,2,198.92,Paid
O016913,C0667,P0011,2026-08-05,3,101.94,Organic
O016914,C0245,P0025,2026-08-05,1,29.76,Paid
O016915,C0031,P0025,2026-08-05,2,59.52,Email
O016916,C0725,P0027,2026-08-05,1,28.58,Email
O016917,C0711,P0032,2026-08-05,2,106.18,Paid
O016918,C0211,P0037,2026-08-05,1,57.35,Organic
O016919,C0514,P0007,2026-08-05,3,1277.85,Organic
O016920,C0013,P0005,2026-08-05,3,411.48,Email
O016921,C0771,P0001,2026-08-05,3,1216.98,Organic
O016922,C0070,P0012,2026-08-05,1,73.18,Email
O016923,C0727,P0018,2026-08-05,3,282.75,Organic
O016924,C0069,P0017,2026-08-05,3,61.68,Email
O016925,C0148,P0018,2026-08-05,2,188.5,Email
O016926,C0001,P0019,2026-08-05,2,298.46,Organic
O016927,C0783,P0038,2026-08-05,1,111.95,Email
O016928,C0443,P0007,2026-08-06,3,1277.85,Referral
O016929,C0351,P0014,2026-08-06,3,130.11,Organic
O016930,C0122,P0022,2026-08-06,2,174.92,Referral
O016931,C0684,P0021,2026-08-06,2,94.08,Organic
O016932,C0577,P0026,2026-08-06,1,47.35,Organic
O016933,C0215,P0029,2026-08-06,2,39.54,Organic
O016934,C0317,P0038,2026-08-06,2,223.9,Email
O016935,C0078,P0038,2026-08-06,3,335.85,Organic
O016936,C0593,P0038,2026-08-06,3,335.85,Paid
O016937,C0005,P0040,2026-08-06,1,91.63,Paid
O016938,C0560,P0006,2026-08-06,3,460.11,Organic
O016939,C0412,P0001,2026-08-06,1,405.66,Paid
O016940,C0534,P0002,2026-08-06,3,298.38,Paid
O016941,C0417,P0007,2026-08-06,2,851.9,Paid
O016942,C0060,P0015,2026-08-06,3,232.89,Email
O016943,C0249,P0017,2026-08-06,2,41.12,Organic
O016944,C0160,P0020,2026-08-06,1,25.02,Referral
O016945,C0331,P0022,2026-08-06,2,174.92,Email
O016946,C0623,P0025,2026-08-06,2,59.52,Organic
O016947,C0039,P0025,2026-08-06,2,59.52,Organic
O016948,C0614,P0025,2026-08-06,3,89.28,Paid
O016949,C0029,P0031,2026-08-06,1,33.97,Organic
O016950,C0596,P0039,2026-08-06,1,40.82,Paid
O016951,C0713,P0037,2026-08-06,2,114.7,Email
O016952,C0507,P0034,2026-08-06,1,87.49,Paid
O016953,C0196,P0001,2026-08-06,3,1216.98,Organic
O016954,C0246,P0008,2026-08-06,1,148.79,Organic
O016955,C0565,P0014,2026-08-06,2,86.74,Organic
O016956,C0418,P0010,2026-08-06,2,94.88,Email
O016957,C0429,P0020,2026-08-06,3,75.06,Organic
O016958,C0738,P0019,2026-08-06,2,298.46,Organic
O016959,C0177,P0022,2026-08-06,2,174.92,Email
O016960,C0767,P0030,2026-08-06,2,61.0,Organic
O016961,C0183,P0025,2026-08-06,2,59.52,Referral
O016962,C0416,P0028,2026-08-06,3,58.32,Organic
O016963,C0145,P0034,2026-08-06,2,174.98,Paid
O016964,C0338,P0040,2026-08-06,3,274.89,Organic
O016965,C0512,P0004,2026-08-06,2,733.06,Paid
O016966,C0264,P0003,2026-08-06,1,312.38,Organic
O016967,C0186,P0007,2026-08-06,2,851.9,Paid
O016968,C0453,P0002,2026-08-06,3,298.38,Organic
O016969,C0230,P0013,2026-08-06,2,145.78,Paid
O016970,C0393,P0012,2026-08-06,1,73.18,Organic
O016971,C0597,P0013,2026-08-06,3,218.67,Organic
O016972,C0051,P0017,2026-08-06,1,20.56,Organic
O016973,C0090,P0022,2026-08-06,1,87.46,Email
O016974,C0390,P0022,2026-08-06,1,87.46,Organic
O016975,C0504,P0030,2026-08-06,3,91.5,Email
O016976,C0498,P0033,2026-08-06,3,247.32,Email
O016977,C0799,P0004,2026-08-07,3,1099.59,Referral
O016978,C0627,P0013,2026-08-07,1,72.89,Paid
O016979,C0082,P0013,2026-08-07,3,218.67,Organic
O016980,C0445,P0021,2026-08-07,1,47.04,Email
O016981,C0295,P0026,2026-08-07,2,94.7,Organic
O016982,C0722,P0028,2026-08-07,1,19.44,Organic
O016983,C0380,P0036,2026-08-07,1,58.24,Organic
O016984,C0590,P0034,2026-08-07,3,262.47,Referral
O016985,C0223,P0015,2026-08-07,2,155.26,Referral
O016986,C0519,P0022,2026-08-07,3,262.38,Email
O016987,C0573,P0032,2026-08-07,2,106.18,Paid
O016988,C0111,P0034,2026-08-07,2,174.98,Organic
O016989,C0418,P0024,2026-08-07,3,94.74,Email
O016990,C0647,P0020,2026-08-07,3,75.06,Organic
O016991,C0299,P0024,2026-08-07,2,63.16,Paid
O016992,C0306,P0030,2026-08-07,1,30.5,Organic
O016993,C0690,P0031,2026-08-07,2,67.94,Paid
O016994,C0106,P0037,2026-08-07,3,172.05,Organic
O016995,C0789,P0002,2026-08-07,3,298.38,Organic
O016996,C0731,P0006,2026-08-07,3,460.11,Email
O016997,C0673,P0008,2026-08-07,1,148.79,Organic
O016998,C0221,P0006,2026-08-07,3,460.11,Paid
O016999,C0427,P0011,2026-08-07,2,67.96,Organic
O017000,C0720,P0010,2026-08-07,3,142.32,Organic
O017001,C0782,P0020,2026-08-07,2,50.04,Organic
O017002,C0264,P0023,2026-08-07,1,125.29,Paid
O017003,C0710,P0026,2026-08-07,1,47.35,Paid
O017004,C0585,P0025,2026-08-07,1,29.76,Organic
O017005,C0479,P0031,2026-08-07,3,101.91,Referral
O017006,C0705,P0032,2026-08-07,3,159.27,Paid
O017007,C0706,P0039,2026-08-07,2,81.64,Email
O017008,C0758,P0037,2026-08-07,3,172.05,Organic
O017009,C0181,P0033,2026-08-07,3,247.32,Email
O017010,C0760,P0006,2026-08-08,2,306.74,Email
O017011,C0406,P0003,2026-08-08,1,312.38,Paid
O017012,C0487,P0011,2026-08-08,1,33.98,Email
O017013,C0157,P0019,2026-08-08,2,298.46,Organic
O017014,C0109,P0032,2026-08-08,3,159.27,Organic
O017015,C0502,P0025,2026-08-08,2,59.52,Referral
O017016,C0043,P0030,2026-08-08,3,91.5,Organic
O017017,C0755,P0027,2026-08-08,3,85.74,Organic
O017018,C0377,P0027,2026-08-08,2,57.16,Organic
O017019,C0063,P0033,2026-08-08,2,164.88,Paid
O017020,C0708,P0036,2026-08-08,3,174.72,Paid
O017021,C0608,P0006,2026-08-08,1,153.37,Paid
O017022,C0374,P0007,2026-08-08,1,425.95,Organic
O017023,C0454,P0016,2026-08-08,3,92.94,Organic
O017024,C0333,P0015,2026-08-08,2,155.26,Paid
O017025,C0674,P0012,2026-08-08,2,146.36,Paid
O017026,C0193,P0010,2026-08-08,2,94.88,Organic
O017027,C0049,P0012,2026-08-08,1,73.18,Organic
O017028,C0777,P0010,2026-08-08,3,142.32,Paid
O017029,C0154,P0012,2026-08-08,1,73.18,Paid
O017030,C0200,P0017,2026-08-08,2,41.12,Paid
O017031,C0661,P0023,2026-08-08,1,125.29,Organic
O017032,C0335,P0023,2026-08-08,3,375.87,Paid
O017033,C0528,P0017,2026-08-08,2,41.12,Paid
O017034,C0071,P0024,2026-08-08,2,63.16,Paid
O017035,C0563,P0026,2026-08-08,3,142.05,Paid
O017036,C0241,P0029,2026-08-08,2,39.54,Referral
O017037,C0573,P0029,2026-08-08,2,39.54,Organic
O017038,C0047,P0030,2026-08-08,3,91.5,Organic
O017039,C0575,P0038,2026-08-08,3,335.85,Organic
O017040,C0454,P0034,2026-08-08,2,174.98,Organic
O017041,C0773,P0034,2026-08-08,3,262.47,Organic
O017042,C0373,P0007,2026-08-08,2,851.9,Paid
O017043,C0574,P0013,2026-08-08,3,218.67,Paid
O017044,C0095,P0023,2026-08-08,3,375.87,Paid
O017045,C0754,P0017,2026-08-08,1,20.56,Organic
O017046,C0009,P0021,2026-08-08,1,47.04,Organic
O017047,C0690,P0030,2026-08-08,2,61.0,Paid
O017048,C0138,P0036,2026-08-08,3,174.72,Organic
O017049,C0022,P0036,2026-08-08,1,58.24,Referral
O017050,C0323,P0040,2026-08-08,2,183.26,Paid
O017051,C0582,P0001,2026-08-08,3,1216.98,Organic
O017052,C0312,P0006,2026-08-08,3,460.11,Organic
O017053,C0483,P0003,2026-08-08,3,937.14,Referral
O017054,C0337,P0016,2026-08-08,3,92.94,Organic
O017055,C0582,P0024,2026-08-08,3,94.74,Organic
O017056,C0328,P0021,2026-08-08,2,94.08,Paid
O017057,C0536,P0030,2026-08-08,3,91.5,Paid
O017058,C0153,P0032,2026-08-08,1,53.09,Email
O017059,C0744,P0038,2026-08-08,1,111.95,Organic
O017060,C0688,P0038,2026-08-08,1,111.95,Email
O017061,C0749,P0036,2026-08-08,3,174.72,Organic
O017062,C0307,P0036,2026-08-08,1,58.24,Organic
O017063,C0364,P0014,2026-08-09,3,130.11,Paid
O017064,C0062,P0022,2026-08-09,3,262.38,Paid
O017065,C0493,P0028,2026-08-09,2,38.88,Organic
O017066,C0581,P0038,2026-08-09,2,223.9,Referral
O017067,C0018,P0002,2026-08-09,2,198.92,Paid
O017068,C0156,P0014,2026-08-09,1,43.37,Organic
O017069,C0518,P0014,2026-08-09,2,86.74,Paid
O017070,C0701,P0010,2026-08-09,3,142.32,Organic
O017071,C0532,P0014,2026-08-09,1,43.37,Paid
O017072,C0766,P0027,2026-08-09,2,57.16,Organic
O017073,C0029,P0025,2026-08-09,1,29.76,Organic
O017074,C0795,P0025,2026-08-09,2,59.52,Organic
O017075,C0519,P0025,2026-08-09,2,59.52,Paid
O017076,C0079,P0039,2026-08-09,1,40.82,Organic
O017077,C0610,P0010,2026-08-09,2,94.88,Referral
O017078,C0196,P0016,2026-08-09,3,92.94,Paid
O017079,C0373,P0027,2026-08-09,2,57.16,Organic
O017080,C0240,P0034,2026-08-09,1,87.49,Organic
O017081,C0373,P0037,2026-08-09,2,114.7,Paid
O017082,C0437,P0007,2026-08-09,1,425.95,Paid
O017083,C0762,P0005,2026-08-09,2,274.32,Paid
O017084,C0715,P0014,2026-08-09,1,43.37,Organic
O017085,C0133,P0014,2026-08-09,3,130.11,Organic
O017086,C0150,P0015,2026-08-09,3,232.89,Referral
O017087,C0053,P0021,2026-08-09,1,47.04,Organic
O017088,C0110,P0039,2026-08-09,3,122.46,Paid
O017089,C0710,P0037,2026-08-09,2,114.7,Referral
O017090,C0550,P0037,2026-08-09,3,172.05,Organic
O017091,C0377,P0009,2026-08-10,3,141.75,Email
O017092,C0363,P0020,2026-08-10,1,25.02,Paid
O017093,C0035,P0038,2026-08-10,2,223.9,Organic
O017094,C0364,P0034,2026-08-10,2,174.98,Paid
O017095,C0139,P0006,2026-08-10,3,460.11,Email
O017096,C0193,P0016,2026-08-10,2,61.96,Organic
O017097,C0648,P0015,2026-08-10,2,155.26,Paid
O017098,C0547,P0011,2026-08-10,2,67.96,Organic
O017099,C0466,P0011,2026-08-10,2,67.96,Organic
O017100,C0258,P0037,2026-08-10,2,114.7,Paid
O017101,C0772,P0036,2026-08-10,1,58.24,Email
O017102,C0740,P0040,2026-08-10,3,274.89,Email
O017103,C0767,P0016,2026-08-10,2,61.96,Organic
O017104,C0405,P0020,2026-08-10,2,50.04,Organic
O017105,C0166,P0024,2026-08-10,2,63.16,Organic
O017106,C0305,P0028,2026-08-10,3,58.32,Email
O017107,C0689,P0029,2026-08-10,3,59.31,Organic
O017108,C0540,P0025,2026-08-10,2,59.52,Organic
O017109,C0343,P0026,2026-08-10,3,142.05,Email
O017110,C0217,P0034,2026-08-10,1,87.49,Paid
O017111,C0468,P0003,2026-08-10,1,312.38,Paid
O017112,C0525,P0003,2026-08-10,3,937.14,Paid
O017113,C0265,P0011,2026-08-10,1,33.98,Email
O017114,C0606,P0010,2026-08-10,2,94.88,Organic
O017115,C0372,P0022,2026-08-10,2,174.92,Paid
O017116,C0625,P0018,2026-08-10,2,188.5,Organic
O017117,C0670,P0029,2026-08-10,2,39.54,Paid
O017118,C0597,P0038,2026-08-10,2,223.9,Organic
O017119,C0354,P0040,2026-08-10,1,91.63,Organic
O017120,C0668,P0039,2026-08-10,1,40.82,Paid
O017121,C0142,P0018,2026-08-11,1,94.25,Paid
O017122,C0445,P0018,2026-08-11,2,188.5,Email
O017123,C0502,P0026,2026-08-11,2,94.7,Paid
O017124,C0482,P0033,2026-08-11,2,164.88,Paid
O017125,C0421,P0038,2026-08-11,3,335.85,Organic
O017126,C0073,P0014,2026-08-11,2,86.74,Paid
O017127,C0239,P0012,2026-08-11,3,219.54,Email
O017128,C0471,P0024,2026-08-11,2,63.16,Organic
O017129,C0455,P0023,2026-08-11,3,375.87,Paid
O017130,C0353,P0029,2026-08-11,2,39.54,Email
O017131,C0287,P0026,2026-08-11,1,47.35,Email
O017132,C0374,P0039,2026-08-11,2,81.64,Organic
O017133,C0580,P0036,2026-08-11,1,58.24,Referral
O017134,C0092,P0001,2026-08-11,3,1216.98,Organic
O017135,C0657,P0002,2026-08-11,3,298.38,Referral
O017136,C0175,P0002,2026-08-11,1,99.46,Organic
O017137,C0630,P0014,2026-08-11,1,43.37,Organic
O017138,C0327,P0011,2026-08-11,1,33.98,Organic
O017139,C0306,P0018,2026-08-11,1,94.25,Paid
O017140,C0191,P0017,2026-08-11,2,41.12,Organic
O017141,C0747,P0020,2026-08-11,3,75.06,Organic
O017142,C0123,P0024,2026-08-11,1,31.58,Paid
O017143,C0213,P0029,2026-08-11,3,59.31,Organic
O017144,C0767,P0038,2026-08-11,3,335.85,Organic
O017145,C0140,P0006,2026-08-11,3,460.11,Referral
O017146,C0606,P0009,2026-08-11,1,47.25,Email
O017147,C0727,P0011,2026-08-11,3,101.94,Email
O017148,C0070,P0019,2026-08-11,2,298.46,Email
O017149,C0221,P0029,2026-08-11,2,39.54,Organic
O017150,C0181,P0028,2026-08-11,2,38.88,Organic
O017151,C0783,P0029,2026-08-11,3,59.31,Referral
O017152,C0673,P0039,2026-08-11,2,81.64,Organic
O017153,C0483,P0034,2026-08-11,2,174.98,Paid
O017154,C0566,P0035,2026-08-11,2,236.42,Organic
O017155,C0408,P0005,2026-08-12,3,411.48,Referral
O017156,C0722,P0005,2026-08-12,1,137.16,Organic
O017157,C0081,P0006,2026-08-12,1,153.37,Email
O017158,C0611,P0038,2026-08-12,3,335.85,Referral
O017159,C0156,P0003,2026-08-12,2,624.76,Referral
O017160,C0333,P0007,2026-08-12,1,425.95,Paid
O017161,C0520,P0016,2026-08-12,3,92.94,Organic
O017162,C0113,P0009,2026-08-12,2,94.5,Paid
O017163,C0134,P0013,2026-08-12,1,72.89,Paid
O017164,C0622,P0014,2026-08-12,3,130.11,Organic
O017165,C0748,P0015,2026-08-12,3,232.89,Email
O017166,C0534,P0011,2026-08-12,2,67.96,Referral
O017167,C0185,P0014,2026-08-12,1,43.37,Organic
O017168,C0794,P0024,2026-08-12,3,94.74,Paid
O017169,C0545,P0017,2026-08-12,3,61.68,Organic
O017170,C0075,P0021,2026-08-12,2,94.08,Organic
O017171,C0573,P0031,2026-08-12,2,67.94,Paid
O017172,C0239,P0027,2026-08-12,2,57.16,Paid
O017173,C0622,P0031,2026-08-12,3,101.91,Email
O017174,C0430,P0030,2026-08-12,3,91.5,Referral
O017175,C0537,P0039,2026-08-12,2,81.64,Paid
O017176,C0308,P0035,2026-08-12,3,354.63,Email
O017177,C0162,P0035,2026-08-12,1,118.21,Paid
O017178,C0687,P0034,2026-08-12,3,262.47,Email
O017179,C0742,P0006,2026-08-12,3,460.11,Organic
O017180,C0175,P0014,2026-08-12,1,43.37,Organic
O017181,C0175,P0013,2026-08-12,3,218.67,Organic
O017182,C0309,P0020,2026-08-12,1,25.02,Organic
O017183,C0061,P0020,2026-08-12,1,25.02,Organic
O017184,C0565,P0019,2026-08-12,2,298.46,Organic
O017185,C0465,P0019,2026-08-12,1,149.23,Referral
O017186,C0578,P0024,2026-08-12,3,94.74,Paid
O017187,C0194,P0017,2026-08-12,1,20.56,Organic
O017188,C0543,P0002,2026-08-12,1,99.46,Organic
O017189,C0770,P0014,2026-08-12,2,86.74,Organic
O017190,C0314,P0014,2026-08-12,2,86.74,Email
O017191,C0221,P0016,2026-08-12,3,92.94,Organic
O017192,C0383,P0016,2026-08-12,3,92.94,Paid
O017193,C0272,P0010,2026-08-12,1,47.44,Email
O017194,C0782,P0015,2026-08-12,3,232.89,Email
O017195,C0252,P0009,2026-08-12,2,94.5,Organic
O017196,C0121,P0022,2026-08-12,2,174.92,Organic
O017197,C0456,P0019,2026-08-12,3,447.69,Paid
O017198,C0710,P0025,2026-08-12,3,89.28,Organic
O017199,C0179,P0027,2026-08-12,3,85.74,Referral
O017200,C0749,P0038,2026-08-12,3,335.85,Referral
O017201,C0130,P0006,2026-08-13,2,306.74,Paid
O017202,C0482,P0021,2026-08-13,1,47.04,Paid
O017203,C0708,P0028,2026-08-13,2,38.88,Paid
O017204,C0411,P0038,2026-08-13,2,223.9,Paid
O017205,C0766,P0020,2026-08-13,1,25.02,Referral
O017206,C0014,P0020,2026-08-13,3,75.06,Organic
O017207,C0449,P0022,2026-08-13,1,87.46,Paid
O017208,C0180,P0017,2026-08-13,3,61.68,Paid
O017209,C0204,P0028,2026-08-13,2,38.88,Organic
O017210,C0439,P0032,2026-08-13,3,159.27,Paid
O017211,C0039,P0030,2026-08-13,2,61.0,Organic
O017212,C0201,P0031,2026-08-13,2,67.94,Paid
O017213,C0767,P0016,2026-08-13,2,61.96,Paid
O017214,C0561,P0010,2026-08-13,1,47.44,Organic
O017215,C0400,P0022,2026-08-13,3,262.38,Paid
O017216,C0253,P0023,2026-08-13,3,375.87,Organic
O017217,C0711,P0022,2026-08-13,1,87.46,Organic
O017218,C0106,P0026,2026-08-13,2,94.7,Email
O017219,C0242,P0028,2026-08-13,2,38.88,Referral
O017220,C0607,P0036,2026-08-13,1,58.24,Referral
O017221,C0693,P0006,2026-08-13,1,153.37,Paid
O017222,C0432,P0002,2026-08-13,2,198.92,Organic
O017223,C0357,P0002,2026-08-13,2,198.92,Organic
O017224,C0383,P0013,2026-08-13,2,145.78,Paid
O017225,C0771,P0015,2026-08-13,2,155.26,Paid
O017226,C0514,P0020,2026-08-13,2,50.04,Organic
O017227,C0704,P0021,2026-08-13,2,94.08,Email
O017228,C0783,P0024,2026-08-13,3,94.74,Organic
O017229,C0636,P0029,2026-08-13,2,39.54,Paid
O017230,C0670,P0035,2026-08-13,1,118.21,Referral
O017231,C0584,P0034,2026-08-13,3,262.47,Paid
O017232,C0615,P0036,2026-08-13,3,174.72,Organic
O017233,C0001,P0037,2026-08-13,3,172.05,Organic
O017234,C0459,P0003,2026-08-14,1,312.38,Paid
O017235,C0225,P0008,2026-08-14,1,148.79,Organic
O017236,C0078,P0011,2026-08-14,2,67.96,Organic
O017237,C0342,P0028,2026-08-14,1,19.44,Paid
O017238,C0273,P0033,2026-08-14,2,164.88,Organic
O017239,C0417,P0002,2026-08-14,3,298.38,Organic
O017240,C0119,P0001,2026-08-14,3,1216.98,Organic
O017241,C0132,P0001,2026-08-14,2,811.32,Paid
O017242,C0777,P0005,2026-08-14,2,274.32,Paid
O017243,C0473,P0010,2026-08-14,2,94.88,Paid
O017244,C0267,P0011,2026-08-14,2,67.96,Paid
O017245,C0644,P0010,2026-08-14,2,94.88,Organic
O017246,C0635,P0014,2026-08-14,1,43.37,Paid
O017247,C0156,P0013,2026-08-14,2,145.78,Organic
O017248,C0454,P0023,2026-08-14,2,250.58,Paid
O017249,C0532,P0022,2026-08-14,2,174.92,Referral
O017250,C0159,P0026,2026-08-14,2,94.7,Email
O017251,C0089,P0038,2026-08-14,1,111.95,Organic
O017252,C0587,P0036,2026-08-14,2,116.48,Email
O017253,C0306,P0012,2026-08-14,1,73.18,Paid
O017254,C0115,P0010,2026-08-14,3,142.32,Email
O017255,C0604,P0020,2026-08-14,3,75.06,Email
O017256,C0539,P0022,2026-08-14,3,262.38,Referral
O017257,C0410,P0019,2026-08-14,2,298.46,Organic
O017258,C0143,P0024,2026-08-14,2,63.16,Organic
O017259,C0177,P0032,2026-08-14,3,159.27,Paid
O017260,C0754,P0030,2026-08-14,3,91.5,Email
O017261,C0217,P0029,2026-08-14,3,59.31,Organic
O017262,C0299,P0038,2026-08-14,1,111.95,Organic
O017263,C0334,P0010,2026-08-14,3,142.32,Referral
O017264,C0798,P0011,2026-08-14,2,67.96,Organic
O017265,C0484,P0011,2026-08-14,3,101.94,Referral
O017266,C0184,P0012,2026-08-14,1,73.18,Paid
O017267,C0011,P0015,2026-08-14,3,232.89,Paid
O017268,C0536,P0010,2026-08-14,3,142.32,Email
O017269,C0415,P0021,2026-08-14,3,141.12,Referral
O017270,C0442,P0024,2026-08-14,2,63.16,Organic
O017271,C0284,P0018,2026-08-14,2,188.5,Paid
O017272,C0184,P0020,2026-08-14,1,25.02,Organic
O017273,C0003,P0006,2026-08-15,2,306.74,Paid
O017274,C0212,P0013,2026-08-15,1,72.89,Paid
O017275,C0445,P0023,2026-08-15,3,375.87,Paid
O017276,C0714,P0022,2026-08-15,1,87.46,Organic
O017277,C0122,P0029,2026-08-15,1,19.77,Email
O017278,C0593,P0028,2026-08-15,2,38.88,Referral
O017279,C0298,P0030,2026-08-15,3,91.5,Paid
O017280,C0385,P0038,2026-08-15,1,111.95,Paid
O017281,C0663,P0002,2026-08-15,2,198.92,Paid
O017282,C0691,P0010,2026-08-15,3,142.32,Referral
O017283,C0089,P0014,2026-08-15,1,43.37,Referral
O017284,C0047,P0012,2026-08-15,2,146.36,Organic
O017285,C0508,P0020,2026-08-15,1,25.02,Organic
O017286,C0646,P0027,2026-08-15,3,85.74,Organic
O017287,C0622,P0030,2026-08-15,3,91.5,Paid
O017288,C0250,P0031,2026-08-15,3,101.91,Email
O017289,C0486,P0025,2026-08-15,2,59.52,Paid
O017290,C0587,P0028,2026-08-15,2,38.88,Organic
O017291,C0761,P0037,2026-08-15,1,57.35,Organic
O017292,C0008,P0034,2026-08-15,2,174.98,Email
O017293,C0455,P0034,2026-08-15,1,87.49,Paid
O017294,C0200,P0035,2026-08-15,3,354.63,Referral
O017295,C0057,P0040,2026-08-15,3,274.89,Referral
O017296,C0029,P0034,2026-08-15,2,174.98,Organic
O017297,C0466,P0037,2026-08-15,3,172.05,Paid
O017298,C0083,P0007,2026-08-15,2,851.9,Organic
O017299,C0143,P0012,2026-08-15,3,219.54,Paid
O017300,C0490,P0015,2026-08-15,1,77.63,Email
O017301,C0659,P0010,2026-08-15,3,142.32,Paid
O017302,C0711,P0028,2026-08-15,2,38.88,Paid
O017303,C0319,P0032,2026-08-15,2,106.18,Paid
O017304,C0505,P0028,2026-08-15,2,38.88,Organic
O017305,C0410,P0037,2026-08-15,2,114.7,Organic
O017306,C0689,P0040,2026-08-15,2,183.26,Paid
O017307,C0704,P0006,2026-08-15,3,460.11,Email
O017308,C0334,P0002,2026-08-15,2,198.92,Organic
O017309,C0402,P0013,2026-08-15,2,145.78,Organic
O017310,C0296,P0011,2026-08-15,1,33.98,Organic
O017311,C0172,P0021,2026-08-15,1,47.04,Email
O017312,C0762,P0019,2026-08-15,3,447.69,Organic
O017313,C0069,P0021,2026-08-15,2,94.08,Organic
O017314,C0282,P0028,2026-08-15,1,19.44,Organic
O017315,C0749,P0027,2026-08-15,3,85.74,Referral
O017316,C0394,P0040,2026-08-15,2,183.26,Organic
O017317,C0394,P0035,2026-08-15,3,354.63,Paid
O017318,C0724,P0039,2026-08-15,2,81.64,Organic
O017319,C0098,P0014,2026-08-16,2,86.74,Email
O017320,C0209,P0015,2026-08-16,1,77.63,Organic
O017321,C0535,P0009,2026-08-16,3,141.75,Organic
O017322,C0384,P0023,2026-08-16,2,250.58,Paid
O017323,C0295,P0030,2026-08-16,3,91.5,Referral
O017324,C0651,P0040,2026-08-16,2,183.26,Organic
O017325,C0482,P0040,2026-08-16,1,91.63,Organic
O017326,C0425,P0037,2026-08-16,3,172.05,Organic
O017327,C0365,P0003,2026-08-16,1,312.38,Paid
O017328,C0675,P0007,2026-08-16,2,851.9,Organic
O017329,C0047,P0006,2026-08-16,1,153.37,Organic
O017330,C0642,P0011,2026-08-16,2,67.96,Email
O017331,C0573,P0021,2026-08-16,3,141.12,Organic
O017332,C0113,P0023,2026-08-16,2,250.58,Paid
O017333,C0113,P0017,2026-08-16,1,20.56,Paid
O017334,C0239,P0020,2026-08-16,2,50.04,Organic
O017335,C0180,P0023,2026-08-16,3,375.87,Organic
O017336,C0238,P0026,2026-08-16,2,94.7,Organic
O017337,C0204,P0025,2026-08-16,1,29.76,Organic
O017338,C0734,P0025,2026-08-16,1,29.76,Organic
O017339,C0691,P0039,2026-08-16,3,122.46,Email
O017340,C0204,P0036,2026-08-16,1,58.24,Referral
O017341,C0689,P0002,2026-08-16,1,99.46,Organic
O017342,C0240,P0011,2026-08-16,2,67.96,Organic
O017343,C0763,P0016,2026-08-16,1,30.98,Organic
O017344,C0699,P0010,2026-08-16,2,94.88,Email
O017345,C0679,P0016,2026-08-16,2,61.96,Paid
O017346,C0767,P0018,2026-08-16,2,188.5,Email
O017347,C0044,P0022,2026-08-16,1,87.46,Paid
O017348,C0604,P0032,2026-08-16,2,106.18,Organic
O017349,C0481,P0037,2026-08-16,3,172.05,Organic
O017350,C0481,P0035,2026-08-16,1,118.21,Email
O017351,C0349,P0033,2026-08-16,1,82.44,Organic
O017352,C0530,P0036,2026-08-16,3,174.72,Paid
O017353,C0503,P0036,2026-08-16,1,58.24,Paid
O017354,C0328,P0021,2026-08-16,2,94.08,Organic
O017355,C0491,P0017,2026-08-16,2,41.12,Organic
O017356,C0479,P0017,2026-08-16,1,20.56,Organic
O017357,C0771,P0022,2026-08-16,1,87.46,Paid
O017358,C0192,P0021,2026-08-16,3,141.12,Organic
O017359,C0615,P0018,2026-08-16,3,282.75,Organic
O017360,C0316,P0031,2026-08-16,1,33.97,Organic
O017361,C0582,P0028,2026-08-16,1,19.44,Organic
O017362,C0640,P0031,2026-08-16,3,101.91,Organic
O017363,C0706,P0033,2026-08-16,2,164.88,Organic
O017364,C0668,P0034,2026-08-16,1,87.49,Paid
O017365,C0456,P0033,2026-08-16,1,82.44,Organic
O017366,C0720,P0037,2026-08-16,1,57.35,Organic
O017367,C0783,P0038,2026-08-16,2,223.9,Email
O017368,C0237,P0007,2026-08-17,1,425.95,Referral
O017369,C0638,P0014,2026-08-17,3,130.11,Paid
O017370,C0755,P0019,2026-08-17,3,447.69,Email
O017371,C0464,P0037,2026-08-17,3,172.05,Paid
O017372,C0760,P0038,2026-08-17,3,335.85,Email
O017373,C0570,P0040,2026-08-17,2,183.26,Organic
O017374,C0075,P0005,2026-08-17,3,411.48,Paid
O017375,C0291,P0012,2026-08-17,3,219.54,Paid
O017376,C0346,P0016,2026-08-17,1,30.98,Organic
O017377,C0308,P0014,2026-08-17,3,130.11,Email
O017378,C0466,P0011,2026-08-17,1,33.98,Email
O017379,C0764,P0016,2026-08-17,1,30.98,Paid
O017380,C0073,P0017,2026-08-17,1,20.56,Organic
O017381,C0047,P0032,2026-08-17,1,53.09,Organic
O017382,C0741,P0028,2026-08-17,3,58.32,Paid
O017383,C0691,P0038,2026-08-17,3,335.85,Email
O017384,C0239,P0035,2026-08-17,3,354.63,Paid
O017385,C0465,P0008,2026-08-17,2,297.58,Paid
O017386,C0700,P0004,2026-08-17,3,1099.59,Paid
O017387,C0607,P0005,2026-08-17,2,274.32,Organic
O017388,C0217,P0005,2026-08-17,3,411.48,Email
O017389,C0211,P0014,2026-08-17,3,130.11,Email
O017390,C0513,P0012,2026-08-17,2,146.36,Email
O017391,C0787,P0013,2026-08-17,3,218.67,Paid
O017392,C0767,P0013,2026-08-17,1,72.89,Paid
O017393,C0659,P0028,2026-08-17,3,58.32,Paid
O017394,C0780,P0029,2026-08-17,3,59.31,Paid
O017395,C0763,P0027,2026-08-17,3,85.74,Paid
O017396,C0361,P0035,2026-08-17,3,354.63,Paid
O017397,C0123,P0034,2026-08-17,3,262.47,Organic
O017398,C0692,P0036,2026-08-17,3,174.72,Paid
O017399,C0678,P0009,2026-08-17,3,141.75,Organic
O017400,C0745,P0014,2026-08-17,1,43.37,Paid
O017401,C0514,P0012,2026-08-17,2,146.36,Referral
O017402,C0762,P0015,2026-08-17,1,77.63,Email
O017403,C0705,P0015,2026-08-17,2,155.26,Organic
O017404,C0221,P0009,2026-08-17,2,94.5,Organic
O017405,C0673,P0022,2026-08-17,1,87.46,Organic
O017406,C0248,P0017,2026-08-17,2,41.12,Organic
O017407,C0164,P0031,2026-08-17,2,67.94,Email
O017408,C0027,P0025,2026-08-17,2,59.52,Paid
O017409,C0736,P0025,2026-08-17,3,89.28,Organic
O017410,C0597,P0031,2026-08-17,1,33.97,Organic
O017411,C0531,P0026,2026-08-17,3,142.05,Email
O017412,C0678,P0029,2026-08-17,2,39.54,Email
O017413,C0394,P0033,2026-08-17,1,82.44,Paid
O017414,C0328,P0035,2026-08-17,2,236.42,Organic
O017415,C0782,P0038,2026-08-17,1,111.95,Email
O017416,C0651,P0010,2026-08-18,3,142.32,Organic
O017417,C0722,P0012,2026-08-18,1,73.18,Paid
O017418,C0120,P0010,2026-08-18,2,94.88,Paid
O017419,C0423,P0020,2026-08-18,1,25.02,Organic
O017420,C0035,P0025,2026-08-18,2,59.52,Organic
O017421,C0631,P0039,2026-08-18,2,81.64,Organic
O017422,C0155,P0003,2026-08-18,3,937.14,Email
O017423,C0085,P0010,2026-08-18,1,47.44,Paid
O017424,C0764,P0018,2026-08-18,1,94.25,Organic
O017425,C0087,P0021,2026-08-18,2,94.08,Paid
O017426,C0250,P0026,2026-08-18,3,142.05,Organic
O017427,C0250,P0031,2026-08-18,1,33.97,Organic
O017428,C0545,P0027,2026-08-18,3,85.74,Organic
O017429,C0008,P0031,2026-08-18,2,67.94,Paid
O017430,C0379,P0037,2026-08-18,3,172.05,Organic
O017431,C0496,P0001,2026-08-18,2,811.32,Organic
O017432,C0305,P0010,2026-08-18,3,142.32,Organic
O017433,C0793,P0015,2026-08-18,1,77.63,Email
O017434,C0700,P0010,2026-08-18,1,47.44,Organic
O017435,C0213,P0015,2026-08-18,3,232.89,Organic
O017436,C0143,P0011,2026-08-18,2,67.96,Organic
O017437,C0561,P0022,2026-08-18,1,87.46,Paid
O017438,C0222,P0023,2026-08-18,2,250.58,Organic
O017439,C0539,P0019,2026-08-18,1,149.23,Paid
O017440,C0330,P0022,2026-08-18,3,262.38,Email
O017441,C0565,P0021,2026-08-18,3,141.12,Paid
O017442,C0725,P0027,2026-08-18,3,85.74,Organic
O017443,C0080,P0025,2026-08-18,3,89.28,Paid
O017444,C0145,P0027,2026-08-18,3,85.74,Organic
O017445,C0305,P0037,2026-08-18,1,57.35,Paid
O017446,C0213,P0036,2026-08-18,1,58.24,Organic
O017447,C0733,P0035,2026-08-18,1,118.21,Referral
O017448,C0330,P0040,2026-08-18,3,274.89,Paid
O017449,C0117,P0005,2026-08-18,1,137.16,Organic
O017450,C0736,P0011,2026-08-18,1,33.98,Organic
O017451,C0393,P0010,2026-08-18,3,142.32,Organic
O017452,C0448,P0011,2026-08-18,2,67.96,Paid
O017453,C0265,P0019,2026-08-18,3,447.69,Organic
O017454,C0042,P0018,2026-08-18,2,188.5,Email
O017455,C0091,P0017,2026-08-18,2,41.12,Email
O017456,C0584,P0030,2026-08-18,3,91.5,Organic
O017457,C0668,P0029,2026-08-18,3,59.31,Paid
O017458,C0688,P0029,2026-08-18,1,19.77,Paid
O017459,C0118,P0025,2026-08-18,2,59.52,Email
O017460,C0121,P0035,2026-08-18,3,354.63,Organic
O017461,C0358,P0034,2026-08-18,1,87.49,Organic
O017462,C0737,P0010,2026-08-19,3,142.32,Organic
O017463,C0535,P0030,2026-08-19,2,61.0,Organic
O017464,C0260,P0033,2026-08-19,3,247.32,Paid
O017465,C0664,P0006,2026-08-19,3,460.11,Organic
O017466,C0786,P0011,2026-08-19,1,33.98,Organic
O017467,C0571,P0010,2026-08-19,1,47.44,Paid
O017468,C0353,P0031,2026-08-19,3,101.91,Organic
O017469,C0244,P0029,2026-08-19,3,59.31,Paid
O017470,C0054,P0030,2026-08-19,3,91.5,Paid
O017471,C0048,P0039,2026-08-19,2,81.64,Paid
O017472,C0700,P0006,2026-08-19,1,153.37,Organic
O017473,C0034,P0009,2026-08-19,1,47.25,Organic
O017474,C0123,P0015,2026-08-19,2,155.26,Paid
O017475,C0124,P0019,2026-08-19,3,447.69,Paid
O017476,C0138,P0018,2026-08-19,1,94.25,Organic
O017477,C0522,P0018,2026-08-19,3,282.75,Email
O017478,C0400,P0028,2026-08-19,2,38.88,Referral
O017479,C0092,P0029,2026-08-19,2,39.54,Paid
O017480,C0404,P0025,2026-08-19,3,89.28,Organic
O017481,C0610,P0027,2026-08-19,3,85.74,Referral
O017482,C0106,P0025,2026-08-19,2,59.52,Organic
O017483,C0574,P0036,2026-08-19,3,174.72,Email
O017484,C0126,P0034,2026-08-19,3,262.47,Email
O017485,C0574,P0038,2026-08-19,2,223.9,Referral
O017486,C0183,P0033,2026-08-19,2,164.88,Paid
O017487,C0783,P0003,2026-08-19,1,312.38,Organic
O017488,C0264,P0004,2026-08-19,3,1099.59,Email
O017489,C0531,P0007,2026-08-19,1,425.95,Organic
O017490,C0555,P0011,2026-08-19,3,101.94,Paid
O017491,C0314,P0016,2026-08-19,1,30.98,Organic
O017492,C0598,P0011,2026-08-19,3,101.94,Paid
O017493,C0229,P0022,2026-08-19,3,262.38,Organic
O017494,C0070,P0021,2026-08-19,2,94.08,Organic
O017495,C0221,P0028,2026-08-19,3,58.32,Email
O017496,C0456,P0039,2026-08-19,2,81.64,Referral
O017497,C0394,P0036,2026-08-19,2,116.48,Paid
O017498,C0120,P0002,2026-08-20,1,99.46,Paid
O017499,C0443,P0011,2026-08-20,2,67.96,Organic
O017500,C0398,P0011,2026-08-20,1,33.98,Organic
O017501,C0026,P0021,2026-08-20,1,47.04,Organic
O017502,C0708,P0020,2026-08-20,2,50.04,Paid
O017503,C0463,P0027,2026-08-20,1,28.58,Organic
O017504,C0107,P0035,2026-08-20,3,354.63,Organic
O017505,C0178,P0002,2026-08-20,3,298.38,Paid
O017506,C0346,P0016,2026-08-20,3,92.94,Organic
O017507,C0575,P0012,2026-08-20,1,73.18,Organic
O017508,C0285,P0021,2026-08-20,3,141.12,Referral
O017509,C0366,P0021,2026-08-20,3,141.12,Email
O017510,C0259,P0020,2026-08-20,2,50.04,Organic
O017511,C0624,P0009,2026-08-20,2,94.5,Organic
O017512,C0143,P0023,2026-08-20,1,125.29,Email
O017513,C0763,P0021,2026-08-20,2,94.08,Email
O017514,C0360,P0018,2026-08-20,2,188.5,Referral
O017515,C0220,P0025,2026-08-20,1,29.76,Organic
O017516,C0206,P0032,2026-08-20,3,159.27,Organic
O017517,C0360,P0037,2026-08-20,1,57.35,Paid
O017518,C0152,P0039,2026-08-20,2,81.64,Paid
O017519,C0040,P0033,2026-08-20,3,247.32,Organic
O017520,C0033,P0038,2026-08-20,2,223.9,Email
O017521,C0252,P0009,2026-08-20,1,47.25,Organic
O017522,C0479,P0016,2026-08-20,1,30.98,Paid
O017523,C0027,P0019,2026-08-20,3,447.69,Paid
O017524,C0121,P0018,2026-08-20,2,188.5,Organic
O017525,C0538,P0032,2026-08-20,2,106.18,Organic
O017526,C0147,P0029,2026-08-20,1,19.77,Organic
O017527,C0511,P0030,2026-08-20,3,91.5,Paid
O017528,C0407,P0035,2026-08-20,2,236.42,Referral
O017529,C0617,P0001,2026-08-21,2,811.32,Paid
O017530,C0634,P0008,2026-08-21,1,148.79,Paid
O017531,C0684,P0010,2026-08-21,1,47.44,Organic
O017532,C0116,P0019,2026-08-21,3,447.69,Organic
O017533,C0281,P0023,2026-08-21,2,250.58,Paid
O017534,C0443,P0017,2026-08-21,3,61.68,Paid
O017535,C0182,P0019,2026-08-21,2,298.46,Paid
O017536,C0352,P0018,2026-08-21,1,94.25,Email
O017537,C0463,P0026,2026-08-21,2,94.7,Referral
O017538,C0281,P0034,2026-08-21,1,87.49,Paid
O017539,C0685,P0036,2026-08-21,3,174.72,Paid
O017540,C0256,P0034,2026-08-21,2,174.98,Organic
O017541,C0374,P0006,2026-08-21,1,153.37,Paid
O017542,C0772,P0003,2026-08-21,2,624.76,Organic
O017543,C0374,P0015,2026-08-21,3,232.89,Paid
O017544,C0287,P0017,2026-08-21,1,20.56,Organic
O017545,C0193,P0022,2026-08-21,1,87.46,Organic
O017546,C0333,P0018,2026-08-21,1,94.25,Email
O017547,C0508,P0033,2026-08-21,2,164.88,Organic
O017548,C0376,P0039,2026-08-21,2,81.64,Email
O017549,C0132,P0035,2026-08-21,2,236.42,Organic
O017550,C0534,P0037,2026-08-21,3,172.05,Paid
O017551,C0366,P0035,2026-08-21,3,354.63,Organic
O017552,C0305,P0007,2026-08-21,2,851.9,Organic
O017553,C0465,P0015,2026-08-21,3,232.89,Organic
O017554,C0175,P0023,2026-08-21,1,125.29,Paid
O017555,C0319,P0018,2026-08-21,1,94.25,Email
O017556,C0660,P0035,2026-08-21,2,236.42,Organic
O017557,C0431,P0039,2026-08-21,3,122.46,Paid
O017558,C0478,P0003,2026-08-21,3,937.14,Paid
O017559,C0393,P0012,2026-08-21,3,219.54,Referral
O017560,C0448,P0013,2026-08-21,2,145.78,Paid
O017561,C0337,P0016,2026-08-21,2,61.96,Paid
O017562,C0261,P0010,2026-08-21,1,47.44,Organic
O017563,C0358,P0015,2026-08-21,2,155.26,Organic
O017564,C0710,P0018,2026-08-21,1,94.25,Organic
O017565,C0091,P0025,2026-08-21,3,89.28,Organic
O017566,C0621,P0034,2026-08-21,2,174.98,Organic
O017567,C0758,P0040,2026-08-21,2,183.26,Organic
O017568,C0419,P0040,2026-08-21,1,91.63,Organic
O017569,C0628,P0012,2026-08-22,1,73.18,Email
O017570,C0347,P0020,2026-08-22,1,25.02,Paid
O017571,C0603,P0027,2026-08-22,1,28.58,Organic
O017572,C0026,P0029,2026-08-22,3,59.31,Paid
O017573,C0137,P0030,2026-08-22,2,61.0,Email
O017574,C0577,P0026,2026-08-22,1,47.35,Paid
O017575,C0510,P0035,2026-08-22,1,118.21,Paid
O017576,C0279,P0002,2026-08-22,1,99.46,Paid
O017577,C0471,P0009,2026-08-22,3,141.75,Email
O017578,C0276,P0020,2026-08-22,2,50.04,Paid
O017579,C0444,P0017,2026-08-22,2,41.12,Referral
O017580,C0466,P0024,2026-08-22,2,63.16,Organic
O017581,C0021,P0018,2026-08-22,3,282.75,Organic
O017582,C0064,P0022,2026-08-22,3,262.38,Organic
O017583,C0397,P0030,2026-08-22,3,91.5,Organic
O017584,C0014,P0031,2026-08-22,3,101.91,Organic
O017585,C0701,P0029,2026-08-22,2,39.54,Organic
O017586,C0420,P0028,2026-08-22,2,38.88,Organic
O017587,C0379,P0037,2026-08-22,2,114.7,Organic
O017588,C0360,P0006,2026-08-22,2,306.74,Organic
O017589,C0742,P0005,2026-08-22,3,411.48,Organic
O017590,C0175,P0016,2026-08-22,2,61.96,Referral
O017591,C0165,P0015,2026-08-22,2,155.26,Organic
O017592,C0401,P0019,2026-08-22,2,298.46,Paid
O017593,C0526,P0028,2026-08-22,3,58.32,Paid
O017594,C0007,P0027,2026-08-22,1,28.58,Email
O017595,C0373,P0025,2026-08-22,3,89.28,Organic
O017596,C0747,P0040,2026-08-22,1,91.63,Email
O017597,C0624,P0037,2026-08-22,1,57.35,Paid
O017598,C0659,P0035,2026-08-22,3,354.63,Paid
O017599,C0462,P0040,2026-08-22,3,274.89,Organic
O017600,C0565,P0037,2026-08-22,1,57.35,Organic
O017601,C0378,P0034,2026-08-22,1,87.49,Organic
O017602,C0149,P0013,2026-08-22,2,145.78,Referral
O017603,C0010,P0012,2026-08-22,3,219.54,Paid
O017604,C0316,P0017,2026-08-22,3,61.68,Paid
O017605,C0192,P0018,2026-08-22,1,94.25,Email
O017606,C0457,P0024,2026-08-22,1,31.58,Organic
O017607,C0339,P0020,2026-08-22,2,50.04,Email
O017608,C0271,P0028,2026-08-22,3,58.32,Organic
O017609,C0027,P0026,2026-08-22,3,142.05,Referral
O017610,C0612,P0025,2026-08-22,3,89.28,Organic
O017611,C0314,P0037,2026-08-22,2,114.7,Organic
O017612,C0707,P0035,2026-08-22,3,354.63,Paid
O017613,C0386,P0003,2026-08-23,1,312.38,Paid
O017614,C0421,P0005,2026-08-23,2,274.32,Email
O017615,C0003,P0012,2026-08-23,3,219.54,Referral
O017616,C0714,P0012,2026-08-23,3,219.54,Paid
O017617,C0408,P0009,2026-08-23,3,141.75,Organic
O017618,C0340,P0013,2026-08-23,2,145.78,Paid
O017619,C0398,P0024,2026-08-23,2,63.16,Email
O017620,C0243,P0030,2026-08-23,2,61.0,Organic
O017621,C0295,P0028,2026-08-23,2,38.88,Organic
O017622,C0556,P0035,2026-08-23,2,236.42,Paid
O017623,C0014,P0015,2026-08-23,2,155.26,Paid
O017624,C0794,P0009,2026-08-23,2,94.5,Paid
O017625,C0641,P0014,2026-08-23,1,43.37,Organic
O017626,C0029,P0012,2026-08-23,2,146.36,Email
O017627,C0532,P0018,2026-08-23,1,94.25,Organic
O017628,C0244,P0018,2026-08-23,1,94.25,Paid
O017629,C0392,P0019,2026-08-23,3,447.69,Paid
O017630,C0392,P0022,2026-08-23,3,262.38,Organic
O017631,C0777,P0025,2026-08-23,2,59.52,Organic
O017632,C0420,P0029,2026-08-23,2,39.54,Organic
O017633,C0054,P0026,2026-08-23,1,47.35,Email
O017634,C0740,P0025,2026-08-23,3,89.28,Organic
O017635,C0308,P0025,2026-08-23,2,59.52,Paid
O017636,C0239,P0028,2026-08-23,1,19.44,Organic
O017637,C0355,P0031,2026-08-23,3,101.91,Organic
O017638,C0274,P0034,2026-08-23,2,174.98,Paid
O017639,C0687,P0034,2026-08-23,2,174.98,Organic
O017640,C0113,P0039,2026-08-23,1,40.82,Organic
O017641,C0111,P0040,2026-08-23,1,91.63,Organic
O017642,C0326,P0035,2026-08-23,2,236.42,Paid
O017643,C0106,P0008,2026-08-23,3,446.37,Paid
O017644,C0517,P0014,2026-08-23,2,86.74,Paid
O017645,C0143,P0016,2026-08-23,3,92.94,Email
O017646,C0389,P0016,2026-08-23,2,61.96,Organic
O017647,C0031,P0017,2026-08-23,2,41.12,Paid
O017648,C0099,P0022,2026-08-23,1,87.46,Paid
O017649,C0220,P0025,2026-08-23,1,29.76,Paid
O017650,C0400,P0035,2026-08-23,1,118.21,Organic
O017651,C0381,P0037,2026-08-23,3,172.05,Organic
O017652,C0610,P0035,2026-08-23,2,236.42,Referral
O017653,C0191,P0034,2026-08-23,3,262.47,Paid
O017654,C0202,P0001,2026-08-23,2,811.32,Paid
O017655,C0670,P0006,2026-08-23,3,460.11,Paid
O017656,C0695,P0005,2026-08-23,3,411.48,Paid
O017657,C0798,P0016,2026-08-23,1,30.98,Paid
O017658,C0790,P0013,2026-08-23,2,145.78,Organic
O017659,C0797,P0012,2026-08-23,3,219.54,Referral
O017660,C0229,P0016,2026-08-23,2,61.96,Organic
O017661,C0542,P0021,2026-08-23,2,94.08,Paid
O017662,C0164,P0017,2026-08-23,2,41.12,Email
O017663,C0783,P0020,2026-08-23,2,50.04,Referral
O017664,C0174,P0023,2026-08-23,3,375.87,Paid
O017665,C0636,P0018,2026-08-23,1,94.25,Paid
O017666,C0497,P0021,2026-08-23,2,94.08,Referral
O017667,C0470,P0027,2026-08-23,1,28.58,Organic
O017668,C0762,P0026,2026-08-23,1,47.35,Organic
O017669,C0525,P0025,2026-08-23,3,89.28,Organic
O017670,C0179,P0025,2026-08-23,2,59.52,Paid
O017671,C0173,P0030,2026-08-23,3,91.5,Paid
O017672,C0174,P0033,2026-08-23,3,247.32,Email
O017673,C0023,P0037,2026-08-23,2,114.7,Email
O017674,C0036,P0006,2026-08-24,2,306.74,Organic
O017675,C0581,P0008,2026-08-24,1,148.79,Organic
O017676,C0461,P0007,2026-08-24,3,1277.85,Organic
O017677,C0317,P0009,2026-08-24,1,47.25,Organic
O017678,C0170,P0012,2026-08-24,1,73.18,Organic
O017679,C0524,P0009,2026-08-24,2,94.5,Organic
O017680,C0398,P0017,2026-08-24,1,20.56,Organic
O017681,C0579,P0024,2026-08-24,3,94.74,Paid
O017682,C0576,P0028,2026-08-24,1,19.44,Organic
O017683,C0270,P0030,2026-08-24,2,61.0,Email
O017684,C0081,P0037,2026-08-24,1,57.35,Paid
O017685,C0154,P0006,2026-08-24,3,460.11,Email
O017686,C0508,P0001,2026-08-24,2,811.32,Organic
O017687,C0057,P0011,2026-08-24,1,33.98,Organic
O017688,C0201,P0016,2026-08-24,3,92.94,Referral
O017689,C0376,P0014,2026-08-24,1,43.37,Paid
O017690,C0586,P0018,2026-08-24,1,94.25,Paid
O017691,C0014,P0029,2026-08-24,2,39.54,Paid
O017692,C0741,P0039,2026-08-24,1,40.82,Organic
O017693,C0420,P0036,2026-08-24,2,116.48,Organic
O017694,C0657,P0004,2026-08-24,1,366.53,Organic
O017695,C0309,P0015,2026-08-24,1,77.63,Organic
O017696,C0540,P0010,2026-08-24,3,142.32,Email
O017697,C0429,P0018,2026-08-24,1,94.25,Organic
O017698,C0742,P0018,2026-08-24,3,282.75,Organic
O017699,C0699,P0023,2026-08-24,2,250.58,Paid
O017700,C0191,P0020,2026-08-24,1,25.02,Organic
O017701,C0699,P0035,2026-08-24,1,118.21,Organic
O017702,C0676,P0011,2026-08-24,2,67.96,Referral
O017703,C0199,P0010,2026-08-24,1,47.44,Email
O017704,C0070,P0017,2026-08-24,2,41.12,Paid
O017705,C0710,P0018,2026-08-24,3,282.75,Organic
O017706,C0531,P0030,2026-08-24,2,61.0,Email
O017707,C0597,P0032,2026-08-24,2,106.18,Email
O017708,C0716,P0032,2026-08-24,2,106.18,Paid
O017709,C0147,P0032,2026-08-24,2,106.18,Organic
O017710,C0437,P0037,2026-08-24,3,172.05,Organic
O017711,C0334,P0040,2026-08-24,1,91.63,Email
O017712,C0004,P0035,2026-08-24,3,354.63,Organic
O017713,C0525,P0038,2026-08-24,1,111.95,Organic
O017714,C0731,P0040,2026-08-24,2,183.26,Paid
O017715,C0215,P0003,2026-08-25,2,624.76,Paid
O017716,C0651,P0007,2026-08-25,2,851.9,Organic
O017717,C0352,P0016,2026-08-25,3,92.94,Paid
O017718,C0019,P0038,2026-08-25,3,335.85,Paid
O017719,C0795,P0008,2026-08-25,2,297.58,Organic
O017720,C0641,P0015,2026-08-25,2,155.26,Paid
O017721,C0701,P0016,2026-08-25,3,92.94,Paid
O017722,C0614,P0009,2026-08-25,2,94.5,Organic
O017723,C0412,P0018,2026-08-25,2,188.5,Email
O017724,C0467,P0018,2026-08-25,1,94.25,Organic
O017725,C0663,P0029,2026-08-25,3,59.31,Organic
O017726,C0223,P0032,2026-08-25,1,53.09,Paid
O017727,C0048,P0031,2026-08-25,2,67.94,Organic
O017728,C0675,P0038,2026-08-25,3,335.85,Paid
O017729,C0392,P0038,2026-08-25,2,223.9,Paid
O017730,C0607,P0007,2026-08-25,1,425.95,Organic
O017731,C0106,P0023,2026-08-25,1,125.29,Paid
O017732,C0025,P0023,2026-08-25,2,250.58,Paid
O017733,C0350,P0021,2026-08-25,1,47.04,Organic
O017734,C0503,P0017,2026-08-25,3,61.68,Organic
O017735,C0231,P0017,2026-08-25,3,61.68,Organic
O017736,C0540,P0025,2026-08-25,3,89.28,Referral
O017737,C0166,P0036,2026-08-25,2,116.48,Organic
O017738,C0028,P0036,2026-08-25,2,116.48,Paid
O017739,C0025,P0040,2026-08-25,2,183.26,Paid
O017740,C0394,P0004,2026-08-25,1,366.53,Email
O017741,C0013,P0007,2026-08-25,1,425.95,Paid
O017742,C0328,P0006,2026-08-25,3,460.11,Organic
O017743,C0797,P0014,2026-08-25,2,86.74,Organic
O017744,C0004,P0011,2026-08-25,3,101.94,Organic
O017745,C0458,P0009,2026-08-25,1,47.25,Organic
O017746,C0673,P0019,2026-08-25,1,149.23,Organic
O017747,C0475,P0024,2026-08-25,2,63.16,Organic
O017748,C0153,P0019,2026-08-25,1,149.23,Organic
O017749,C0186,P0021,2026-08-25,1,47.04,Referral
O017750,C0173,P0017,2026-08-25,2,41.12,Paid
O017751,C0010,P0023,2026-08-25,2,250.58,Email
O017752,C0117,P0030,2026-08-25,2,61.0,Email
O017753,C0744,P0025,2026-08-25,2,59.52,Paid
O017754,C0676,P0028,2026-08-25,3,58.32,Organic
O017755,C0172,P0027,2026-08-25,3,85.74,Paid
O017756,C0345,P0030,2026-08-25,3,91.5,Referral
O017757,C0415,P0028,2026-08-25,1,19.44,Organic
O017758,C0001,P0026,2026-08-25,2,94.7,Email
O017759,C0643,P0029,2026-08-25,2,39.54,Paid
O017760,C0169,P0003,2026-08-26,3,937.14,Paid
O017761,C0268,P0006,2026-08-26,1,153.37,Email
O017762,C0778,P0011,2026-08-26,3,101.94,Email
O017763,C0671,P0010,2026-08-26,1,47.44,Paid
O017764,C0613,P0017,2026-08-26,1,20.56,Organic
O017765,C0617,P0024,2026-08-26,3,94.74,Paid
O017766,C0570,P0020,2026-08-26,1,25.02,Paid
O017767,C0535,P0030,2026-08-26,1,30.5,Paid
O017768,C0386,P0034,2026-08-26,2,174.98,Organic
O017769,C0109,P0038,2026-08-26,3,335.85,Organic
O017770,C0020,P0037,2026-08-26,3,172.05,Email
O017771,C0616,P0038,2026-08-26,1,111.95,Paid
O017772,C0276,P0006,2026-08-26,2,306.74,Organic
O017773,C0021,P0005,2026-08-26,2,274.32,Referral
O017774,C0648,P0008,2026-08-26,1,148.79,Organic
O017775,C0519,P0016,2026-08-26,1,30.98,Paid
O017776,C0056,P0013,2026-08-26,2,145.78,Paid
O017777,C0417,P0023,2026-08-26,2,250.58,Email
O017778,C0111,P0017,2026-08-26,1,20.56,Organic
O017779,C0764,P0035,2026-08-26,1,118.21,Organic
O017780,C0159,P0038,2026-08-26,2,223.9,Organic
O017781,C0734,P0037,2026-08-26,2,114.7,Organic
O017782,C0286,P0033,2026-08-26,2,164.88,Referral
O017783,C0610,P0004,2026-08-26,3,1099.59,Organic
O017784,C0115,P0015,2026-08-26,1,77.63,Organic
O017785,C0410,P0024,2026-08-26,1,31.58,Email
O017786,C0196,P0018,2026-08-26,3,282.75,Referral
O017787,C0624,P0021,2026-08-26,2,94.08,Email
O017788,C0196,P0028,2026-08-26,2,38.88,Email
O017789,C0233,P0033,2026-08-26,1,82.44,Paid
O017790,C0099,P0034,2026-08-26,1,87.49,Organic
O017791,C0147,P0002,2026-08-26,2,198.92,Organic
O017792,C0147,P0003,2026-08-26,1,312.38,Email
O017793,C0470,P0003,2026-08-26,1,312.38,Referral
O017794,C0282,P0015,2026-08-26,3,232.89,Email
O017795,C0552,P0010,2026-08-26,1,47.44,Paid
O017796,C0625,P0019,2026-08-26,3,447.69,Organic
O017797,C0434,P0024,2026-08-26,3,94.74,Organic
O017798,C0483,P0027,2026-08-26,2,57.16,Organic
O017799,C0688,P0028,2026-08-26,2,38.88,Organic
O017800,C0402,P0033,2026-08-26,1,82.44,Organic
O017801,C0354,P0035,2026-08-26,1,118.21,Paid
O017802,C0782,P0034,2026-08-26,2,174.98,Organic
O017803,C0502,P0015,2026-08-27,1,77.63,Email
O017804,C0697,P0013,2026-08-27,1,72.89,Organic
O017805,C0385,P0016,2026-08-27,2,61.96,Email
O017806,C0077,P0018,2026-08-27,2,188.5,Email
O017807,C0157,P0037,2026-08-27,2,114.7,Referral
O017808,C0611,P0040,2026-08-27,2,183.26,Referral
O017809,C0796,P0034,2026-08-27,1,87.49,Organic
O017810,C0493,P0034,2026-08-27,2,174.98,Email
O017811,C0587,P0013,2026-08-27,2,145.78,Referral
O017812,C0333,P0019,2026-08-27,3,447.69,Organic
O017813,C0739,P0019,2026-08-27,2,298.46,Email
O017814,C0748,P0018,2026-08-27,3,282.75,Paid
O017815,C0326,P0019,2026-08-27,3,447.69,Email
O017816,C0466,P0032,2026-08-27,2,106.18,Paid
O017817,C0125,P0030,2026-08-27,3,91.5,Paid
O017818,C0201,P0040,2026-08-27,1,91.63,Referral
O017819,C0518,P0040,2026-08-27,1,91.63,Referral
O017820,C0056,P0036,2026-08-27,3,174.72,Organic
O017821,C0047,P0034,2026-08-27,1,87.49,Organic
O017822,C0547,P0034,2026-08-27,3,262.47,Email
O017823,C0594,P0037,2026-08-27,3,172.05,Paid
O017824,C0152,P0007,2026-08-27,3,1277.85,Organic
O017825,C0633,P0002,2026-08-27,3,298.38,Referral
O017826,C0742,P0010,2026-08-27,1,47.44,Organic
O017827,C0309,P0013,2026-08-27,3,218.67,Organic
O017828,C0509,P0009,2026-08-27,2,94.5,Organic
O017829,C0083,P0024,2026-08-27,1,31.58,Paid
O017830,C0360,P0022,2026-08-27,2,174.92,Organic
O017831,C0561,P0025,2026-08-27,1,29.76,Email
O017832,C0438,P0026,2026-08-27,3,142.05,Email
O017833,C0266,P0033,2026-08-27,2,164.88,Email
O017834,C0189,P0008,2026-08-27,1,148.79,Organic
O017835,C0498,P0010,2026-08-27,2,94.88,Paid
O017836,C0543,P0012,2026-08-27,3,219.54,Paid
O017837,C0311,P0011,2026-08-27,3,101.94,Email
O017838,C0288,P0014,2026-08-27,1,43.37,Organic
O017839,C0597,P0009,2026-08-27,1,47.25,Paid
O017840,C0529,P0016,2026-08-27,3,92.94,Organic
O017841,C0531,P0022,2026-08-27,1,87.46,Referral
O017842,C0313,P0025,2026-08-27,1,29.76,Organic
O017843,C0782,P0032,2026-08-27,1,53.09,Organic
O017844,C0216,P0039,2026-08-27,2,81.64,Paid
O017845,C0157,P0003,2026-08-28,3,937.14,Organic
O017846,C0617,P0011,2026-08-28,2,67.96,Email
O017847,C0136,P0017,2026-08-28,1,20.56,Organic
O017848,C0292,P0021,2026-08-28,1,47.04,Organic
O017849,C0541,P0027,2026-08-28,1,28.58,Email
O017850,C0014,P0001,2026-08-28,2,811.32,Paid
O017851,C0308,P0004,2026-08-28,2,733.06,Paid
O017852,C0571,P0012,2026-08-28,2,146.36,Organic
O017853,C0571,P0025,2026-08-28,2,59.52,Email
O017854,C0200,P0040,2026-08-28,2,183.26,Organic
O017855,C0513,P0002,2026-08-28,1,99.46,Referral
O017856,C0405,P0020,2026-08-28,2,50.04,Organic
O017857,C0247,P0025,2026-08-28,2,59.52,Organic
O017858,C0323,P0025,2026-08-28,2,59.52,Referral
O017859,C0381,P0029,2026-08-28,3,59.31,Paid
O017860,C0080,P0038,2026-08-28,1,111.95,Paid
O017861,C0742,P0040,2026-08-28,3,274.89,Organic
O017862,C0306,P0034,2026-08-28,2,174.98,Organic
O017863,C0358,P0003,2026-08-28,3,937.14,Organic
O017864,C0531,P0007,2026-08-28,1,425.95,Email
O017865,C0248,P0005,2026-08-28,3,411.48,Organic
O017866,C0706,P0010,2026-08-28,1,47.44,Paid
O017867,C0797,P0019,2026-08-28,1,149.23,Organic
O017868,C0288,P0018,2026-08-28,3,282.75,Organic
O017869,C0271,P0021,2026-08-28,1,47.04,Paid
O017870,C0096,P0032,2026-08-28,3,159.27,Paid
O017871,C0261,P0039,2026-08-28,2,81.64,Email
O017872,C0059,P0039,2026-08-28,2,81.64,Organic
O017873,C0552,P0038,2026-08-28,3,335.85,Organic
O017874,C0225,P0008,2026-08-29,1,148.79,Paid
O017875,C0322,P0013,2026-08-29,3,218.67,Organic
O017876,C0065,P0020,2026-08-29,1,25.02,Email
O017877,C0385,P0017,2026-08-29,1,20.56,Organic
O017878,C0116,P0026,2026-08-29,1,47.35,Referral
O017879,C0015,P0030,2026-08-29,1,30.5,Paid
O017880,C0278,P0028,2026-08-29,3,58.32,Referral
O017881,C0501,P0035,2026-08-29,2,236.42,Paid
O017882,C0417,P0007,2026-08-29,3,1277.85,Email
O017883,C0569,P0002,2026-08-29,3,298.38,Organic
O017884,C0748,P0014,2026-08-29,3,130.11,Paid
O017885,C0134,P0013,2026-08-29,1,72.89,Organic
O017886,C0291,P0017,2026-08-29,1,20.56,Organic
O017887,C0353,P0025,2026-08-29,1,29.76,Organic
O017888,C0308,P0029,2026-08-29,2,39.54,Organic
O017889,C0473,P0027,2026-08-29,3,85.74,Paid
O017890,C0365,P0038,2026-08-29,3,335.85,Referral
O017891,C0605,P0034,2026-08-29,1,87.49,Email
O017892,C0016,P0009,2026-08-29,3,141.75,Organic
O017893,C0323,P0016,2026-08-29,3,92.94,Paid
O017894,C0138,P0023,2026-08-29,3,375.87,Organic
O017895,C0325,P0022,2026-08-29,3,262.38,Paid
O017896,C0323,P0024,2026-08-29,1,31.58,Email
O017897,C0492,P0027,2026-08-29,3,85.74,Organic
O017898,C0431,P0029,2026-08-29,2,39.54,Paid
O017899,C0667,P0033,2026-08-29,1,82.44,Organic
O017900,C0735,P0036,2026-08-29,1,58.24,Organic
O017901,C0083,P0039,2026-08-29,1,40.82,Paid
O017902,C0700,P0036,2026-08-29,3,174.72,Organic
O017903,C0009,P0037,2026-08-29,2,114.7,Paid
O017904,C0525,P0003,2026-08-29,3,937.14,Organic
O017905,C0173,P0010,2026-08-29,1,47.44,Organic
O017906,C0271,P0013,2026-08-29,3,218.67,Paid
O017907,C0591,P0016,2026-08-29,2,61.96,Email
O017908,C0354,P0010,2026-08-29,2,94.88,Organic
O017909,C0409,P0012,2026-08-29,3,219.54,Organic
O017910,C0706,P0012,2026-08-29,1,73.18,Referral
O017911,C0696,P0018,2026-08-29,1,94.25,Organic
O017912,C0216,P0019,2026-08-29,2,298.46,Referral
O017913,C0448,P0022,2026-08-29,3,262.38,Organic
O017914,C0483,P0022,2026-08-29,2,174.92,Paid
O017915,C0093,P0031,2026-08-29,2,67.94,Organic
O017916,C0179,P0032,2026-08-29,2,106.18,Email
O017917,C0779,P0029,2026-08-29,1,19.77,Referral
O017918,C0151,P0027,2026-08-29,1,28.58,Paid
O017919,C0727,P0026,2026-08-29,1,47.35,Paid
O017920,C0769,P0040,2026-08-29,1,91.63,Paid
O017921,C0765,P0001,2026-08-30,2,811.32,Organic
O017922,C0737,P0004,2026-08-30,3,1099.59,Organic
O017923,C0182,P0004,2026-08-30,2,733.06,Organic
O017924,C0649,P0010,2026-08-30,2,94.88,Email
O017925,C0778,P0012,2026-08-30,1,73.18,Organic
O017926,C0556,P0028,2026-08-30,3,58.32,Organic
O017927,C0662,P0029,2026-08-30,1,19.77,Email
O017928,C0205,P0039,2026-08-30,1,40.82,Organic
O017929,C0388,P0040,2026-08-30,2,183.26,Organic
O017930,C0528,P0002,2026-08-30,1,99.46,Organic
O017931,C0661,P0009,2026-08-30,1,47.25,Paid
O017932,C0532,P0015,2026-08-30,2,155.26,Paid
O017933,C0241,P0020,2026-08-30,1,25.02,Organic
O017934,C0193,P0017,2026-08-30,2,41.12,Organic
O017935,C0480,P0018,2026-08-30,1,94.25,Paid
O017936,C0786,P0020,2026-08-30,2,50.04,Email
O017937,C0346,P0017,2026-08-30,1,20.56,Organic
O017938,C0420,P0029,2026-08-30,1,19.77,Paid
O017939,C0672,P0028,2026-08-30,3,58.32,Paid
O017940,C0060,P0037,2026-08-30,2,114.7,Paid
O017941,C0573,P0034,2026-08-30,2,174.98,Organic
O017942,C0667,P0008,2026-08-30,1,148.79,Organic
O017943,C0343,P0001,2026-08-30,3,1216.98,Referral
O017944,C0747,P0007,2026-08-30,3,1277.85,Organic
O017945,C0007,P0014,2026-08-30,3,130.11,Organic
O017946,C0499,P0012,2026-08-30,1,73.18,Organic
O017947,C0667,P0031,2026-08-30,2,67.94,Email
O017948,C0115,P0031,2026-08-30,1,33.97,Organic
O017949,C0647,P0030,2026-08-30,3,91.5,Paid
O017950,C0404,P0036,2026-08-30,1,58.24,Paid
O017951,C0557,P0038,2026-08-30,2,223.9,Email
O017952,C0313,P0002,2026-08-30,1,99.46,Organic
O017953,C0093,P0002,2026-08-30,3,298.38,Paid
O017954,C0484,P0005,2026-08-30,1,137.16,Paid
O017955,C0800,P0014,2026-08-30,3,130.11,Organic
O017956,C0698,P0013,2026-08-30,1,72.89,Email
O017957,C0264,P0010,2026-08-30,2,94.88,Organic
O017958,C0550,P0021,2026-08-30,2,94.08,Paid
O017959,C0693,P0019,2026-08-30,1,149.23,Organic
O017960,C0710,P0031,2026-08-30,3,101.91,Email
O017961,C0027,P0030,2026-08-30,3,91.5,Referral
O017962,C0629,P0026,2026-08-30,1,47.35,Email
O017963,C0272,P0031,2026-08-30,3,101.91,Paid
O017964,C0666,P0036,2026-08-30,3,174.72,Referral
O017965,C0216,P0038,2026-08-30,3,335.85,Paid
O017966,C0358,P0035,2026-08-30,3,354.63,Organic
O017967,C0151,P0038,2026-08-30,2,223.9,Paid
O017968,C0163,P0035,2026-08-30,3,354.63,Paid
O017969,C0640,P0040,2026-08-30,3,274.89,Paid
O017970,C0556,P0005,2026-08-31,3,411.48,Organic
O017971,C0257,P0008,2026-08-31,1,148.79,Organic
O017972,C0209,P0002,2026-08-31,2,198.92,Paid
O017973,C0722,P0009,2026-08-31,1,47.25,Email
O017974,C0433,P0012,2026-08-31,2,146.36,Referral
O017975,C0554,P0027,2026-08-31,1,28.58,Referral
O017976,C0257,P0030,2026-08-31,2,61.0,Referral
O017977,C0799,P0026,2026-08-31,3,142.05,Organic
O017978,C0335,P0005,2026-08-31,3,411.48,Paid
O017979,C0587,P0004,2026-08-31,3,1099.59,Paid
O017980,C0285,P0016,2026-08-31,2,61.96,Email
O017981,C0049,P0014,2026-08-31,1,43.37,Referral
O017982,C0204,P0012,2026-08-31,2,146.36,Referral
O017983,C0180,P0024,2026-08-31,1,31.58,Organic
O017984,C0575,P0018,2026-08-31,3,282.75,Organic
O017985,C0125,P0018,2026-08-31,3,282.75,Organic
O017986,C0687,P0020,2026-08-31,3,75.06,Organic
O017987,C0455,P0030,2026-08-31,3,91.5,Organic
O017988,C0074,P0038,2026-08-31,1,111.95,Referral
O017989,C0376,P0036,2026-08-31,1,58.24,Organic
O017990,C0276,P0033,2026-08-31,1,82.44,Referral
O017991,C0338,P0006,2026-08-31,2,306.74,Organic
O017992,C0321,P0013,2026-08-31,3,218.67,Email
O017993,C0578,P0009,2026-08-31,2,94.5,Organic
O017994,C0787,P0015,2026-08-31,3,232.89,Organic
O017995,C0068,P0011,2026-08-31,3,101.94,Referral
O017996,C0485,P0016,2026-08-31,3,92.94,Paid
O017997,C0389,P0013,2026-08-31,2,145.78,Paid
O017998,C0416,P0028,2026-08-31,2,38.88,Referral
O017999,C0067,P0031,2026-08-31,3,101.91,Organic
O018000,C0327,P0037,2026-08-31,1,57.35,Referral
O018001,C0303,P0004,2026-08-31,3,1099.59,Referral
O018002,C0272,P0005,2026-08-31,3,411.48,Organic
O018003,C0076,P0003,2026-08-31,1,312.38,Organic
O018004,C0096,P0016,2026-08-31,3,92.94,Organic
O018005,C0731,P0023,2026-08-31,2,250.58,Paid
O018006,C0084,P0022,2026-08-31,1,87.46,Referral
O018007,C0707,P0018,2026-08-31,2,188.5,Paid
O018008,C0491,P0025,2026-08-31,1,29.76,Organic
O018009,C0432,P0030,2026-08-31,2,61.0,Organic
O018010,C0491,P0030,2026-08-31,2,61.0,Paid
O018011,C0434,P0030,2026-08-31,2,61.0,Organic
O018012,C0470,P0028,2026-08-31,3,58.32,Organic
O018013,C0415,P0030,2026-08-31,1,30.5,Organic
O018014,C0221,P0027,2026-08-31,1,28.58,Organic
O018015,C0275,P0032,2026-08-31,3,159.27,Organic
O018016,C0265,P0039,2026-08-31,1,40.82,Paid
O018017,C0027,P0033,2026-08-31,1,82.44,Organic
O018018,C0339,P0037,2026-08-31,3,172.05,Paid
O018019,C0053,P0038,2026-08-31,1,111.95,Organic
