date,channel,region,spend,impressions
2025-09-01,Organic,North,0.0,327
2025-09-01,Paid,North,783.6,7537
2025-09-01,Email,North,154.06,1642
2025-09-01,Referral,North,112.9,988
2025-09-01,Organic,South,0.0,250
2025-09-01,Paid,South,797.19,7994
2025-09-01,Email,South,153.34,1835
2025-09-01,Referral,South,107.73,1130
2025-09-01,Organic,East,0.0,414
2025-09-01,Paid,East,894.49,9197
2025-09-01,Email,East,158.73,1834
2025-09-01,Referral,East,101.95,838
2025-09-01,Organic,West,0.0,472
2025-09-01,Paid,West,900.04,8062
2025-09-01,Email,West,147.61,1393
2025-09-01,Referral,West,99.23,1119
2025-09-02,Organic,North,0.0,476
2025-09-02,Paid,North,723.3,8406
2025-09-02,Email,North,144.61,1550
2025-09-02,Referral,North,100.91,1025
2025-09-02,Organic,South,0.0,236
2025-09-02,Paid,South,701.71,6397
2025-09-02,Email,South,140.91,1290
2025-09-02,Referral,South,107.26,1008
2025-09-02,Organic,East,0.0,273
2025-09-02,Paid,East,797.0,9112
2025-09-02,Email,East,146.06,1410
2025-09-02,Referral,East,101.73,1177
2025-09-02,Organic,West,0.0,370
2025-09-02,Paid,West,745.15,8607
2025-09-02,Email,West,138.54,1293
2025-09-02,Referral,West,86.49,961
2025-09-03,Organic,North,0.0,429
2025-09-03,Paid,North,846.51,9329
2025-09-03,Email,North,148.58,1487
2025-09-03,Referral,North,91.71,1073
2025-09-03,Organic,South,0.0,233
2025-09-03,Paid,South,840.53,7064
2025-09-03,Email,South,148.5,1190
2025-09-03,Referral,South,114.39,1025
2025-09-03,Organic,East,0.0,396
2025-09-03,Paid,East,913.1,9808
2025-09-03,Email,East,147.42,1629
2025-09-03,Referral,East,91.58,825
2025-09-03,Organic,West,0.0,210
2025-09-03,Paid,West,794.54,8580
2025-09-03,Email,West,133.38,1507
2025-09-03,Referral,West,89.91,1061
2025-09-04,Organic,North,0.0,476
2025-09-04,Paid,North,783.59,8786
2025-09-04,Email,North,132.09,1447
2025-09-04,Referral,North,92.26,746
2025-09-04,Organic,South,0.0,369
2025-09-04,Paid,South,685.19,7281
2025-09-04,Email,South,128.02,1493
2025-09-04,Referral,South,106.31,930
2025-09-04,Organic,East,0.0,493
2025-09-04,Paid,East,681.34,7487
2025-09-04,Email,East,153.14,1325
2025-09-04,Referral,East,86.55,721
2025-09-04,Organic,West,0.0,360
2025-09-04,Paid,West,827.02,8969
2025-09-04,Email,West,161.92,1890
2025-09-04,Referral,West,87.96,803
2025-09-05,Organic,North,0.0,456
2025-09-05,Paid,North,775.26,6248
2025-09-05,Email,North,161.03,1328
2025-09-05,Referral,North,102.53,883
2025-09-05,Organic,South,0.0,455
2025-09-05,Paid,South,783.97,7439
2025-09-05,Email,South,127.58,1501
2025-09-05,Referral,South,111.21,1069
2025-09-05,Organic,East,0.0,375
2025-09-05,Paid,East,869.81,9058
2025-09-05,Email,East,143.53,1196
2025-09-05,Referral,East,105.49,1255
2025-09-05,Organic,West,0.0,329
2025-09-05,Paid,West,894.25,7764
2025-09-05,Email,West,142.75,1226
2025-09-05,Referral,West,94.08,1026
2025-09-06,Organic,North,0.0,358
2025-09-06,Paid,North,871.4,8423
2025-09-06,Email,North,138.59,1116
2025-09-06,Referral,North,94.61,1113
2025-09-06,Organic,South,0.0,378
2025-09-06,Paid,South,695.77,6966
2025-09-06,Email,South,128.35,1064
2025-09-06,Referral,South,85.96,883
2025-09-06,Organic,East,0.0,377
2025-09-06,Paid,East,795.35,6658
2025-09-06,Email,East,166.52,1982
2025-09-06,Referral,East,91.18,1040
2025-09-06,Organic,West,0.0,360
2025-09-06,Paid,West,704.52,6228
2025-09-06,Email,West,149.6,1650
2025-09-06,Referral,West,112.95,1124
2025-09-07,Organic,North,0.0,351
2025-09-07,Paid,North,713.07,8142
2025-09-07,Email,North,136.89,1365
2025-09-07,Referral,North,88.35,749
2025-09-07,Organic,South,0.0,325
2025-09-07,Paid,South,779.23,8171
2025-09-07,Email,South,136.2,1380
2025-09-07,Referral,South,92.67,1074
2025-09-07,Organic,East,0.0,382
2025-09-07,Paid,East,859.0,8367
2025-09-07,Email,East,164.09,1929
2025-09-07,Referral,East,104.08,1234
2025-09-07,Organic,West,0.0,421
2025-09-07,Paid,West,730.57,7879
2025-09-07,Email,West,144.0,1441
2025-09-07,Referral,West,90.19,1078
2025-09-08,Organic,North,0.0,481
2025-09-08,Paid,North,681.68,6829
2025-09-08,Email,North,168.47,1656
2025-09-08,Referral,North,99.06,1063
2025-09-08,Organic,South,0.0,437
2025-09-08,Paid,South,718.48,8509
2025-09-08,Email,South,170.73,1474
2025-09-08,Referral,South,110.58,916
2025-09-08,Organic,East,0.0,391
2025-09-08,Paid,East,855.92,9507
2025-09-08,Email,East,133.37,1192
2025-09-08,Referral,East,114.01,1238
2025-09-08,Organic,West,0.0,315
2025-09-08,Paid,West,887.22,7613
2025-09-08,Email,West,168.6,1861
2025-09-08,Referral,West,109.64,1067
2025-09-09,Organic,North,0.0,403
2025-09-09,Paid,North,888.82,10605
2025-09-09,Email,North,164.55,1449
2025-09-09,Referral,North,108.97,1114
2025-09-09,Organic,South,0.0,382
2025-09-09,Paid,South,859.84,9602
2025-09-09,Email,South,154.81,1395
2025-09-09,Referral,South,99.36,931
2025-09-09,Organic,East,0.0,462
2025-09-09,Paid,East,795.61,7114
2025-09-09,Email,East,158.09,1268
2025-09-09,Referral,East,85.92,836
2025-09-09,Organic,West,0.0,246
2025-09-09,Paid,West,750.34,6837
2025-09-09,Email,West,135.95,1602
2025-09-09,Referral,West,110.99,1168
2025-09-10,Organic,North,0.0,469
2025-09-10,Paid,North,842.11,8126
2025-09-10,Email,North,150.76,1279
2025-09-10,Referral,North,89.87,901
2025-09-10,Organic,South,0.0,449
2025-09-10,Paid,South,771.93,7534
2025-09-10,Email,South,163.89,1337
2025-09-10,Referral,South,96.98,961
2025-09-10,Organic,East,0.0,210
2025-09-10,Paid,East,854.48,9501
2025-09-10,Email,East,168.79,1912
2025-09-10,Referral,East,93.58,1100
2025-09-10,Organic,West,0.0,295
2025-09-10,Paid,West,901.59,9630
2025-09-10,Email,West,147.05,1276
2025-09-10,Referral,West,100.05,877
2025-09-11,Organic,North,0.0,405
2025-09-11,Paid,North,806.54,9514
2025-09-11,Email,North,163.04,1399
2025-09-11,Referral,North,113.51,1146
2025-09-11,Organic,South,0.0,335
2025-09-11,Paid,South,825.81,7666
2025-09-11,Email,South,162.46,1587
2025-09-11,Referral,South,97.97,1107
2025-09-11,Organic,East,0.0,327
2025-09-11,Paid,East,788.56,7084
2025-09-11,Email,East,140.14,1561
2025-09-11,Referral,East,93.42,853
2025-09-11,Organic,West,0.0,278
2025-09-11,Paid,West,748.44,8183
2025-09-11,Email,West,147.04,1328
2025-09-11,Referral,West,90.68,773
2025-09-12,Organic,North,0.0,476
2025-09-12,Paid,North,859.03,10082
2025-09-12,Email,North,143.34,1432
2025-09-12,Referral,North,97.61,1128
2025-09-12,Organic,South,0.0,394
2025-09-12,Paid,South,917.85,8588
2025-09-12,Email,South,144.66,1304
2025-09-12,Referral,South,108.39,1037
2025-09-12,Organic,East,0.0,456
2025-09-12,Paid,East,747.01,7535
2025-09-12,Email,East,143.98,1345
2025-09-12,Referral,East,108.8,885
2025-09-12,Organic,West,0.0,243
2025-09-12,Paid,West,874.65,7145
2025-09-12,Email,West,153.04,1427
2025-09-12,Referral,West,106.92,1039
2025-09-13,Organic,North,0.0,299
2025-09-13,Paid,North,846.06,7236
2025-09-13,Email,North,131.56,1067
2025-09-13,Referral,North,96.83,1137
2025-09-13,Organic,South,0.0,407
2025-09-13,Paid,South,879.96,8450
2025-09-13,Email,South,162.13,1655
2025-09-13,Referral,South,102.98,869
2025-09-13,Organic,East,0.0,220
2025-09-13,Paid,East,918.26,10378
2025-09-13,Email,East,171.92,1576
2025-09-13,Referral,East,99.96,1162
2025-09-13,Organic,West,0.0,315
2025-09-13,Paid,West,703.15,7779
2025-09-13,Email,West,149.64,1744
2025-09-13,Referral,West,106.35,1171
2025-09-14,Organic,North,0.0,363
2025-09-14,Paid,North,874.15,9850
2025-09-14,Email,North,145.72,1719
2025-09-14,Referral,North,91.2,799
2025-09-14,Organic,South,0.0,201
2025-09-14,Paid,South,696.08,5691
2025-09-14,Email,South,136.59,1290
2025-09-14,Referral,South,86.36,860
2025-09-14,Organic,East,0.0,331
2025-09-14,Paid,East,858.87,9925
2025-09-14,Email,East,137.31,1343
2025-09-14,Referral,East,88.78,746
2025-09-14,Organic,West,0.0,353
2025-09-14,Paid,West,711.77,8183
2025-09-14,Email,West,149.19,1295
2025-09-14,Referral,West,103.11,907
2025-09-15,Organic,North,0.0,216
2025-09-15,Paid,North,754.43,8987
2025-09-15,Email,North,147.51,1675
2025-09-15,Referral,North,102.03,1034
2025-09-15,Organic,South,0.0,307
2025-09-15,Paid,South,719.55,7593
2025-09-15,Email,South,169.62,1859
2025-09-15,Referral,South,99.36,903
2025-09-15,Organic,East,0.0,411
2025-09-15,Paid,East,916.4,7880
2025-09-15,Email,East,128.88,1416
2025-09-15,Referral,East,99.2,819
2025-09-15,Organic,West,0.0,350
2025-09-15,Paid,West,873.3,9183
2025-09-15,Email,West,171.86,1934
2025-09-15,Referral,West,105.58,853
2025-09-16,Organic,North,0.0,303
2025-09-16,Paid,North,897.82,7396
2025-09-16,Email,North,164.34,1473
2025-09-16,Referral,North,103.33,1147
2025-09-16,Organic,South,0.0,355
2025-09-16,Paid,South,751.45,8275
2025-09-16,Email,South,152.61,1585
2025-09-16,Referral,South,94.97,1123
2025-09-16,Organic,East,0.0,335
2025-09-16,Paid,East,764.0,6631
2025-09-16,Email,East,143.99,1203
2025-09-16,Referral,East,104.5,1065
2025-09-16,Organic,West,0.0,491
2025-09-16,Paid,West,821.34,9007
2025-09-16,Email,West,128.4,1444
2025-09-16,Referral,West,85.32,897
2025-09-17,Organic,North,0.0,216
2025-09-17,Paid,North,735.0,6838
2025-09-17,Email,North,145.14,1249
2025-09-17,Referral,North,107.56,902
2025-09-17,Organic,South,0.0,377
2025-09-17,Paid,South,711.79,7920
2025-09-17,Email,South,153.1,1801
2025-09-17,Referral,South,107.17,1178
2025-09-17,Organic,East,0.0,458
2025-09-17,Paid,East,766.15,6368
2025-09-17,Email,East,168.56,1766
2025-09-17,Referral,East,91.63,869
2025-09-17,Organic,West,0.0,388
2025-09-17,Paid,West,820.38,8200
2025-09-17,Email,West,160.13,1633
2025-09-17,Referral,West,106.49,1093
2025-09-18,Organic,North,0.0,469
2025-09-18,Paid,North,770.59,6400
2025-09-18,Email,North,129.39,1289
2025-09-18,Referral,North,93.85,980
2025-09-18,Organic,South,0.0,328
2025-09-18,Paid,South,809.79,6735
2025-09-18,Email,South,161.13,1478
2025-09-18,Referral,South,108.36,1010
2025-09-18,Organic,East,0.0,305
2025-09-18,Paid,East,744.27,8426
2025-09-18,Email,East,160.64,1433
2025-09-18,Referral,East,88.95,972
2025-09-18,Organic,West,0.0,282
2025-09-18,Paid,West,826.77,8007
2025-09-18,Email,West,127.9,1076
2025-09-18,Referral,West,85.05,1019
2025-09-19,Organic,North,0.0,216
2025-09-19,Paid,North,763.21,8997
2025-09-19,Email,North,158.56,1833
2025-09-19,Referral,North,89.12,773
2025-09-19,Organic,South,0.0,451
2025-09-19,Paid,South,783.83,9185
2025-09-19,Email,South,160.2,1488
2025-09-19,Referral,South,95.77,983
2025-09-19,Organic,East,0.0,328
2025-09-19,Paid,East,888.64,7692
2025-09-19,Email,East,172.13,1826
2025-09-19,Referral,East,90.02,972
2025-09-19,Organic,West,0.0,367
2025-09-19,Paid,West,738.09,8810
2025-09-19,Email,West,151.65,1727
2025-09-19,Referral,West,96.97,870
2025-09-20,Organic,North,0.0,242
2025-09-20,Paid,North,756.59,7737
2025-09-20,Email,North,139.74,1240
2025-09-20,Referral,North,111.21,938
2025-09-20,Organic,South,0.0,245
2025-09-20,Paid,South,764.67,8082
2025-09-20,Email,South,170.53,1649
2025-09-20,Referral,South,111.77,1304
2025-09-20,Organic,East,0.0,341
2025-09-20,Paid,East,721.33,7788
2025-09-20,Email,East,164.22,1827
2025-09-20,Referral,East,102.21,947
2025-09-20,Organic,West,0.0,456
2025-09-20,Paid,West,765.73,6883
2025-09-20,Email,West,146.16,1228
2025-09-20,Referral,West,95.5,969
2025-09-21,Organic,North,0.0,321
2025-09-21,Paid,North,911.32,9154
2025-09-21,Email,North,167.12,1373
2025-09-21,Referral,North,88.43,908
2025-09-21,Organic,South,0.0,217
2025-09-21,Paid,South,900.5,10307
2025-09-21,Email,South,159.72,1739
2025-09-21,Referral,South,86.29,907
2025-09-21,Organic,East,0.0,347
2025-09-21,Paid,East,855.07,8877
2025-09-21,Email,East,147.22,1414
2025-09-21,Referral,East,109.92,1240
2025-09-21,Organic,West,0.0,462
2025-09-21,Paid,West,795.79,8821
2025-09-21,Email,West,169.85,1909
2025-09-21,Referral,West,87.75,724
2025-09-22,Organic,North,0.0,236
2025-09-22,Paid,North,697.84,7616
2025-09-22,Email,North,132.63,1532
2025-09-22,Referral,North,96.98,870
2025-09-22,Organic,South,0.0,461
2025-09-22,Paid,South,750.78,7298
2025-09-22,Email,South,150.69,1427
2025-09-22,Referral,South,102.66,1131
2025-09-22,Organic,East,0.0,317
2025-09-22,Paid,East,809.13,8505
2025-09-22,Email,East,147.55,1743
2025-09-22,Referral,East,86.96,701
2025-09-22,Organic,West,0.0,489
2025-09-22,Paid,West,865.56,7190
2025-09-22,Email,West,156.78,1327
2025-09-22,Referral,West,111.45,1324
2025-09-23,Organic,North,0.0,458
2025-09-23,Paid,North,781.94,9209
2025-09-23,Email,North,155.43,1327
2025-09-23,Referral,North,87.09,1022
2025-09-23,Organic,South,0.0,498
2025-09-23,Paid,South,752.21,6731
2025-09-23,Email,South,145.54,1313
2025-09-23,Referral,South,87.56,1020
2025-09-23,Organic,East,0.0,493
2025-09-23,Paid,East,795.72,9507
2025-09-23,Email,East,158.93,1389
2025-09-23,Referral,East,106.66,1237
2025-09-23,Organic,West,0.0,493
2025-09-23,Paid,West,849.96,9010
2025-09-23,Email,West,162.1,1917
2025-09-23,Referral,West,101.56,1053
2025-09-24,Organic,North,0.0,348
2025-09-24,Paid,North,912.6,8435
2025-09-24,Email,North,156.71,1847
2025-09-24,Referral,North,103.82,1232
2025-09-24,Organic,South,0.0,377
2025-09-24,Paid,South,864.2,10202
2025-09-24,Email,South,134.99,1530
2025-09-24,Referral,South,105.89,1078
2025-09-24,Organic,East,0.0,366
2025-09-24,Paid,East,754.09,8056
2025-09-24,Email,East,152.47,1324
2025-09-24,Referral,East,113.31,1064
2025-09-24,Organic,West,0.0,253
2025-09-24,Paid,West,820.21,9666
2025-09-24,Email,West,169.59,1459
2025-09-24,Referral,West,112.1,1338
2025-09-25,Organic,North,0.0,483
2025-09-25,Paid,North,693.08,8151
2025-09-25,Email,North,162.93,1604
2025-09-25,Referral,North,99.9,898
2025-09-25,Organic,South,0.0,497
2025-09-25,Paid,South,806.83,8112
2025-09-25,Email,South,131.76,1351
2025-09-25,Referral,South,90.22,729
2025-09-25,Organic,East,0.0,223
2025-09-25,Paid,East,838.02,7816
2025-09-25,Email,East,129.64,1281
2025-09-25,Referral,East,100.19,1122
2025-09-25,Organic,West,0.0,201
2025-09-25,Paid,West,734.07,7004
2025-09-25,Email,West,158.5,1497
2025-09-25,Referral,West,109.68,1046
2025-09-26,Organic,North,0.0,214
2025-09-26,Paid,North,778.18,9068
2025-09-26,Email,North,147.88,1366
2025-09-26,Referral,North,88.2,937
2025-09-26,Organic,South,0.0,442
2025-09-26,Paid,South,726.25,8521
2025-09-26,Email,South,151.1,1444
2025-09-26,Referral,South,108.36,888
2025-09-26,Organic,East,0.0,293
2025-09-26,Paid,East,700.28,6776
2025-09-26,Email,East,135.27,1613
2025-09-26,Referral,East,104.89,1156
2025-09-26,Organic,West,0.0,367
2025-09-26,Paid,West,871.75,10223
2025-09-26,Email,West,136.73,1596
2025-09-26,Referral,West,99.3,982
2025-09-27,Organic,North,0.0,238
2025-09-27,Paid,North,772.93,7914
2025-09-27,Email,North,134.47,1085
2025-09-27,Referral,North,86.95,796
2025-09-27,Organic,South,0.0,402
2025-09-27,Paid,South,879.42,8171
2025-09-27,Email,South,140.95,1362
2025-09-27,Referral,South,100.23,1077
2025-09-27,Organic,East,0.0,361
2025-09-27,Paid,East,914.99,7834
2025-09-27,Email,East,150.52,1709
2025-09-27,Referral,East,114.95,1054
2025-09-27,Organic,West,0.0,431
2025-09-27,Paid,West,886.44,10411
2025-09-27,Email,West,146.97,1597
2025-09-27,Referral,West,87.55,970
2025-09-28,Organic,North,0.0,336
2025-09-28,Paid,North,706.69,8454
2025-09-28,Email,North,171.95,2059
2025-09-28,Referral,North,87.04,941
2025-09-28,Organic,South,0.0,332
2025-09-28,Paid,South,777.18,6221
2025-09-28,Email,South,129.83,1273
2025-09-28,Referral,South,106.19,1157
2025-09-28,Organic,East,0.0,362
2025-09-28,Paid,East,688.96,8066
2025-09-28,Email,East,127.55,1255
2025-09-28,Referral,East,109.45,1088
2025-09-28,Organic,West,0.0,289
2025-09-28,Paid,West,861.52,8779
2025-09-28,Email,West,170.22,1875
2025-09-28,Referral,West,104.25,900
2025-09-29,Organic,North,0.0,264
2025-09-29,Paid,North,730.44,6839
2025-09-29,Email,North,167.75,1750
2025-09-29,Referral,North,111.65,1302
2025-09-29,Organic,South,0.0,318
2025-09-29,Paid,South,847.19,8054
2025-09-29,Email,South,152.43,1579
2025-09-29,Referral,South,109.12,1155
2025-09-29,Organic,East,0.0,216
2025-09-29,Paid,East,788.26,6365
2025-09-29,Email,East,163.08,1581
2025-09-29,Referral,East,104.03,1061
2025-09-29,Organic,West,0.0,213
2025-09-29,Paid,West,797.3,8042
2025-09-29,Email,West,160.22,1289
2025-09-29,Referral,West,91.68,1053
2025-09-30,Organic,North,0.0,466
2025-09-30,Paid,North,683.08,7413
2025-09-30,Email,North,137.36,1111
2025-09-30,Referral,North,106.59,917
2025-09-30,Organic,South,0.0,272
2025-09-30,Paid,South,681.4,7648
2025-09-30,Email,South,132.69,1134
2025-09-30,Referral,South,91.02,981
2025-09-30,Organic,East,0.0,304
2025-09-30,Paid,East,732.71,7911
2025-09-30,Email,East,162.21,1443
2025-09-30,Referral,East,90.97,1025
2025-09-30,Organic,West,0.0,212
2025-09-30,Paid,West,743.41,7217
2025-09-30,Email,West,127.58,1475
2025-09-30,Referral,West,114.14,1123
2025-10-01,Organic,North,0.0,393
2025-10-01,Paid,North,918.05,10162
2025-10-01,Email,North,159.45,1543
2025-10-01,Referral,North,103.44,1061
2025-10-01,Organic,South,0.0,499
2025-10-01,Paid,South,754.36,6341
2025-10-01,Email,South,130.19,1260
2025-10-01,Referral,South,109.8,1282
2025-10-01,Organic,East,0.0,449
2025-10-01,Paid,East,824.63,6997
2025-10-01,Email,East,146.3,1753
2025-10-01,Referral,East,97.72,962
2025-10-01,Organic,West,0.0,271
2025-10-01,Paid,West,915.17,9400
2025-10-01,Email,West,132.0,1432
2025-10-01,Referral,West,110.19,1237
2025-10-02,Organic,North,0.0,278
2025-10-02,Paid,North,807.76,8458
2025-10-02,Email,North,156.87,1296
2025-10-02,Referral,North,96.14,835
2025-10-02,Organic,South,0.0,299
2025-10-02,Paid,South,804.26,8305
2025-10-02,Email,South,137.13,1540
2025-10-02,Referral,South,105.18,994
2025-10-02,Organic,East,0.0,464
2025-10-02,Paid,East,802.36,6942
2025-10-02,Email,East,146.35,1590
2025-10-02,Referral,East,102.49,1154
2025-10-02,Organic,West,0.0,340
2025-10-02,Paid,West,856.25,10159
2025-10-02,Email,West,143.48,1418
2025-10-02,Referral,West,93.71,1058
2025-10-03,Organic,North,0.0,359
2025-10-03,Paid,North,809.72,6503
2025-10-03,Email,North,166.92,1828
2025-10-03,Referral,North,111.8,903
2025-10-03,Organic,South,0.0,457
2025-10-03,Paid,South,729.29,6633
2025-10-03,Email,South,139.88,1573
2025-10-03,Referral,South,105.7,1084
2025-10-03,Organic,East,0.0,311
2025-10-03,Paid,East,776.03,7881
2025-10-03,Email,East,154.33,1553
2025-10-03,Referral,East,110.58,1279
2025-10-03,Organic,West,0.0,427
2025-10-03,Paid,West,834.6,7494
2025-10-03,Email,West,131.23,1551
2025-10-03,Referral,West,95.01,1110
2025-10-04,Organic,North,0.0,260
2025-10-04,Paid,North,730.81,6601
2025-10-04,Email,North,139.28,1620
2025-10-04,Referral,North,97.22,989
2025-10-04,Organic,South,0.0,343
2025-10-04,Paid,South,848.59,9316
2025-10-04,Email,South,154.51,1785
2025-10-04,Referral,South,107.59,1194
2025-10-04,Organic,East,0.0,361
2025-10-04,Paid,East,823.62,7304
2025-10-04,Email,East,172.46,2051
2025-10-04,Referral,East,98.71,959
2025-10-04,Organic,West,0.0,228
2025-10-04,Paid,West,767.1,7761
2025-10-04,Email,West,128.15,1235
2025-10-04,Referral,West,88.52,956
2025-10-05,Organic,North,0.0,408
2025-10-05,Paid,North,814.97,7984
2025-10-05,Email,North,141.38,1251
2025-10-05,Referral,North,86.76,894
2025-10-05,Organic,South,0.0,357
2025-10-05,Paid,South,784.67,7818
2025-10-05,Email,South,154.27,1509
2025-10-05,Referral,South,107.29,998
2025-10-05,Organic,East,0.0,431
2025-10-05,Paid,East,879.12,7732
2025-10-05,Email,East,171.78,1407
2025-10-05,Referral,East,92.66,843
2025-10-05,Organic,West,0.0,266
2025-10-05,Paid,West,819.0,6737
2025-10-05,Email,West,141.86,1652
2025-10-05,Referral,West,102.54,1116
2025-10-06,Organic,North,0.0,331
2025-10-06,Paid,North,736.77,8787
2025-10-06,Email,North,153.6,1672
2025-10-06,Referral,North,110.54,1145
2025-10-06,Organic,South,0.0,455
2025-10-06,Paid,South,802.97,8392
2025-10-06,Email,South,143.06,1233
2025-10-06,Referral,South,98.06,870
2025-10-06,Organic,East,0.0,305
2025-10-06,Paid,East,778.71,9247
2025-10-06,Email,East,161.76,1701
2025-10-06,Referral,East,97.41,1045
2025-10-06,Organic,West,0.0,335
2025-10-06,Paid,West,847.32,8614
2025-10-06,Email,West,160.86,1801
2025-10-06,Referral,West,111.52,1305
2025-10-07,Organic,North,0.0,435
2025-10-07,Paid,North,826.05,9088
2025-10-07,Email,North,155.37,1722
2025-10-07,Referral,North,93.59,1040
2025-10-07,Organic,South,0.0,218
2025-10-07,Paid,South,736.59,8746
2025-10-07,Email,South,152.95,1698
2025-10-07,Referral,South,107.14,1282
2025-10-07,Organic,East,0.0,227
2025-10-07,Paid,East,697.27,8022
2025-10-07,Email,East,152.87,1438
2025-10-07,Referral,East,95.26,762
2025-10-07,Organic,West,0.0,409
2025-10-07,Paid,West,687.02,8167
2025-10-07,Email,West,134.04,1285
2025-10-07,Referral,West,105.67,1033
2025-10-08,Organic,North,0.0,359
2025-10-08,Paid,North,685.51,5603
2025-10-08,Email,North,163.51,1442
2025-10-08,Referral,North,108.86,1128
2025-10-08,Organic,South,0.0,437
2025-10-08,Paid,South,885.53,10534
2025-10-08,Email,South,154.54,1473
2025-10-08,Referral,South,105.15,873
2025-10-08,Organic,East,0.0,274
2025-10-08,Paid,East,729.65,6013
2025-10-08,Email,East,148.8,1585
2025-10-08,Referral,East,86.63,927
2025-10-08,Organic,West,0.0,252
2025-10-08,Paid,West,750.41,8548
2025-10-08,Email,West,128.29,1103
2025-10-08,Referral,West,114.41,934
2025-10-09,Organic,North,0.0,260
2025-10-09,Paid,North,686.34,6104
2025-10-09,Email,North,152.46,1557
2025-10-09,Referral,North,86.88,966
2025-10-09,Organic,South,0.0,485
2025-10-09,Paid,South,840.34,8827
2025-10-09,Email,South,140.28,1316
2025-10-09,Referral,South,108.7,1195
2025-10-09,Organic,East,0.0,252
2025-10-09,Paid,East,811.84,7911
2025-10-09,Email,East,156.03,1575
2025-10-09,Referral,East,87.62,871
2025-10-09,Organic,West,0.0,412
2025-10-09,Paid,West,893.34,9148
2025-10-09,Email,West,167.74,2011
2025-10-09,Referral,West,95.03,930
2025-10-10,Organic,North,0.0,365
2025-10-10,Paid,North,916.21,10405
2025-10-10,Email,North,159.11,1681
2025-10-10,Referral,North,91.91,764
2025-10-10,Organic,South,0.0,299
2025-10-10,Paid,South,901.16,9948
2025-10-10,Email,South,133.82,1377
2025-10-10,Referral,South,106.95,894
2025-10-10,Organic,East,0.0,334
2025-10-10,Paid,East,738.12,6787
2025-10-10,Email,East,156.72,1595
2025-10-10,Referral,East,94.98,956
2025-10-10,Organic,West,0.0,258
2025-10-10,Paid,West,766.96,6741
2025-10-10,Email,West,155.8,1473
2025-10-10,Referral,West,94.18,966
2025-10-11,Organic,North,0.0,389
2025-10-11,Paid,North,831.65,9462
2025-10-11,Email,North,142.66,1466
2025-10-11,Referral,North,87.98,736
2025-10-11,Organic,South,0.0,390
2025-10-11,Paid,South,771.56,7894
2025-10-11,Email,South,161.69,1468
2025-10-11,Referral,South,112.5,1272
2025-10-11,Organic,East,0.0,454
2025-10-11,Paid,East,802.61,8260
2025-10-11,Email,East,152.57,1679
2025-10-11,Referral,East,87.75,886
2025-10-11,Organic,West,0.0,357
2025-10-11,Paid,West,743.02,6198
2025-10-11,Email,West,163.62,1657
2025-10-11,Referral,West,106.38,1052
2025-10-12,Organic,North,0.0,448
2025-10-12,Paid,North,792.88,9196
2025-10-12,Email,North,156.44,1603
2025-10-12,Referral,North,98.02,961
2025-10-12,Organic,South,0.0,412
2025-10-12,Paid,South,847.94,9527
2025-10-12,Email,South,153.32,1745
2025-10-12,Referral,South,112.88,1235
2025-10-12,Organic,East,0.0,380
2025-10-12,Paid,East,836.4,7938
2025-10-12,Email,East,162.49,1740
2025-10-12,Referral,East,94.74,1029
2025-10-12,Organic,West,0.0,348
2025-10-12,Paid,West,739.39,5951
2025-10-12,Email,West,164.5,1654
2025-10-12,Referral,West,105.62,1184
2025-10-13,Organic,North,0.0,230
2025-10-13,Paid,North,772.35,9196
2025-10-13,Email,North,128.46,1101
2025-10-13,Referral,North,107.31,1145
2025-10-13,Organic,South,0.0,297
2025-10-13,Paid,South,864.21,9743
2025-10-13,Email,South,153.77,1443
2025-10-13,Referral,South,99.16,1122
2025-10-13,Organic,East,0.0,357
2025-10-13,Paid,East,853.35,7632
2025-10-13,Email,East,145.14,1565
2025-10-13,Referral,East,90.84,1075
2025-10-13,Organic,West,0.0,385
2025-10-13,Paid,West,746.63,6948
2025-10-13,Email,West,151.75,1345
2025-10-13,Referral,West,100.16,846
2025-10-14,Organic,North,0.0,369
2025-10-14,Paid,North,725.09,6687
2025-10-14,Email,North,163.41,1686
2025-10-14,Referral,North,107.5,1114
2025-10-14,Organic,South,0.0,299
2025-10-14,Paid,South,822.84,8559
2025-10-14,Email,South,169.19,1853
2025-10-14,Referral,South,93.4,891
2025-10-14,Organic,East,0.0,224
2025-10-14,Paid,East,802.63,6810
2025-10-14,Email,East,146.25,1173
2025-10-14,Referral,East,101.68,887
2025-10-14,Organic,West,0.0,293
2025-10-14,Paid,West,730.2,8343
2025-10-14,Email,West,134.36,1211
2025-10-14,Referral,West,97.91,1075
2025-10-15,Organic,North,0.0,309
2025-10-15,Paid,North,800.91,9194
2025-10-15,Email,North,166.58,1785
2025-10-15,Referral,North,107.39,1058
2025-10-15,Organic,South,0.0,218
2025-10-15,Paid,South,850.43,7642
2025-10-15,Email,South,154.9,1613
2025-10-15,Referral,South,113.95,926
2025-10-15,Organic,East,0.0,291
2025-10-15,Paid,East,782.78,8504
2025-10-15,Email,East,148.92,1315
2025-10-15,Referral,East,94.93,815
2025-10-15,Organic,West,0.0,368
2025-10-15,Paid,West,779.44,7448
2025-10-15,Email,West,163.13,1657
2025-10-15,Referral,West,101.1,812
2025-10-16,Organic,North,0.0,290
2025-10-16,Paid,North,798.3,7722
2025-10-16,Email,North,129.08,1098
2025-10-16,Referral,North,104.22,863
2025-10-16,Organic,South,0.0,396
2025-10-16,Paid,South,716.2,7004
2025-10-16,Email,South,156.56,1598
2025-10-16,Referral,South,107.89,1052
2025-10-16,Organic,East,0.0,443
2025-10-16,Paid,East,863.87,8933
2025-10-16,Email,East,165.95,1872
2025-10-16,Referral,East,113.72,1232
2025-10-16,Organic,West,0.0,483
2025-10-16,Paid,West,904.42,10270
2025-10-16,Email,West,128.97,1496
2025-10-16,Referral,West,93.62,812
2025-10-17,Organic,North,0.0,251
2025-10-17,Paid,North,903.81,9518
2025-10-17,Email,North,138.4,1438
2025-10-17,Referral,North,105.91,889
2025-10-17,Organic,South,0.0,349
2025-10-17,Paid,South,731.44,7622
2025-10-17,Email,South,167.13,1518
2025-10-17,Referral,South,87.57,796
2025-10-17,Organic,East,0.0,472
2025-10-17,Paid,East,811.86,8233
2025-10-17,Email,East,147.42,1187
2025-10-17,Referral,East,101.09,870
2025-10-17,Organic,West,0.0,318
2025-10-17,Paid,West,863.42,10075
2025-10-17,Email,West,160.75,1425
2025-10-17,Referral,West,105.07,1171
2025-10-18,Organic,North,0.0,343
2025-10-18,Paid,North,786.77,6915
2025-10-18,Email,North,170.82,1582
2025-10-18,Referral,North,85.24,917
2025-10-18,Organic,South,0.0,371
2025-10-18,Paid,South,807.54,7999
2025-10-18,Email,South,136.34,1275
2025-10-18,Referral,South,111.5,1247
2025-10-18,Organic,East,0.0,407
2025-10-18,Paid,East,915.87,7582
2025-10-18,Email,East,171.0,2004
2025-10-18,Referral,East,100.09,901
2025-10-18,Organic,West,0.0,408
2025-10-18,Paid,West,830.59,7524
2025-10-18,Email,West,142.72,1187
2025-10-18,Referral,West,112.32,1244
2025-10-19,Organic,North,0.0,315
2025-10-19,Paid,North,772.65,7007
2025-10-19,Email,North,161.02,1617
2025-10-19,Referral,North,92.46,1064
2025-10-19,Organic,South,0.0,209
2025-10-19,Paid,South,898.77,9526
2025-10-19,Email,South,163.07,1539
2025-10-19,Referral,South,108.6,879
2025-10-19,Organic,East,0.0,263
2025-10-19,Paid,East,723.62,6076
2025-10-19,Email,East,154.3,1759
2025-10-19,Referral,East,111.42,1194
2025-10-19,Organic,West,0.0,471
2025-10-19,Paid,West,912.41,7390
2025-10-19,Email,West,146.5,1615
2025-10-19,Referral,West,104.85,972
2025-10-20,Organic,North,0.0,328
2025-10-20,Paid,North,825.8,6902
2025-10-20,Email,North,159.07,1816
2025-10-20,Referral,North,114.55,965
2025-10-20,Organic,South,0.0,343
2025-10-20,Paid,South,773.34,8567
2025-10-20,Email,South,130.91,1209
2025-10-20,Referral,South,102.75,842
2025-10-20,Organic,East,0.0,468
2025-10-20,Paid,East,696.77,5910
2025-10-20,Email,East,130.24,1356
2025-10-20,Referral,East,97.27,790
2025-10-20,Organic,West,0.0,305
2025-10-20,Paid,West,685.28,7780
2025-10-20,Email,West,130.27,1221
2025-10-20,Referral,West,107.18,1273
2025-10-21,Organic,North,0.0,470
2025-10-21,Paid,North,772.26,7011
2025-10-21,Email,North,132.93,1349
2025-10-21,Referral,North,89.28,887
2025-10-21,Organic,South,0.0,303
2025-10-21,Paid,South,724.36,7723
2025-10-21,Email,South,152.67,1582
2025-10-21,Referral,South,113.84,1100
2025-10-21,Organic,East,0.0,213
2025-10-21,Paid,East,712.61,6079
2025-10-21,Email,East,134.93,1253
2025-10-21,Referral,East,114.55,1274
2025-10-21,Organic,West,0.0,326
2025-10-21,Paid,West,827.17,8315
2025-10-21,Email,West,149.59,1367
2025-10-21,Referral,West,95.31,826
2025-10-22,Organic,North,0.0,405
2025-10-22,Paid,North,736.38,5964
2025-10-22,Email,North,159.31,1831
2025-10-22,Referral,North,107.46,1098
2025-10-22,Organic,South,0.0,250
2025-10-22,Paid,South,882.64,8610
2025-10-22,Email,South,159.1,1649
2025-10-22,Referral,South,105.79,951
2025-10-22,Organic,East,0.0,269
2025-10-22,Paid,East,873.84,7342
2025-10-22,Email,East,139.81,1194
2025-10-22,Referral,East,90.88,928
2025-10-22,Organic,West,0.0,497
2025-10-22,Paid,West,861.39,9694
2025-10-22,Email,West,166.67,1942
2025-10-22,Referral,West,86.7,1006
2025-10-23,Organic,North,0.0,231
2025-10-23,Paid,North,704.33,6495
2025-10-23,Email,North,132.48,1525
2025-10-23,Referral,North,109.24,1144
2025-10-23,Organic,South,0.0,366
2025-10-23,Paid,South,856.07,8339
2025-10-23,Email,South,152.31,1411
2025-10-23,Referral,South,110.55,1229
2025-10-23,Organic,East,0.0,483
2025-10-23,Paid,East,692.98,5937
2025-10-23,Email,East,160.61,1845
2025-10-23,Referral,East,100.14,1193
2025-10-23,Organic,West,0.0,386
2025-10-23,Paid,West,801.1,8243
2025-10-23,Email,West,169.39,1872
2025-10-23,Referral,West,113.91,1105
2025-10-24,Organic,North,0.0,467
2025-10-24,Paid,North,827.73,6627
2025-10-24,Email,North,161.52,1531
2025-10-24,Referral,North,93.54,1077
2025-10-24,Organic,South,0.0,243
2025-10-24,Paid,South,706.78,7969
2025-10-24,Email,South,146.77,1460
2025-10-24,Referral,South,114.47,1015
2025-10-24,Organic,East,0.0,222
2025-10-24,Paid,East,839.82,8853
2025-10-24,Email,East,171.21,1504
2025-10-24,Referral,East,108.67,931
2025-10-24,Organic,West,0.0,206
2025-10-24,Paid,West,743.56,6861
2025-10-24,Email,West,166.09,1902
2025-10-24,Referral,West,111.21,1110
2025-10-25,Organic,North,0.0,298
2025-10-25,Paid,North,701.79,7148
2025-10-25,Email,North,168.5,1846
2025-10-25,Referral,North,102.0,945
2025-10-25,Organic,South,0.0,347
2025-10-25,Paid,South,798.01,7793
2025-10-25,Email,South,157.64,1666
2025-10-25,Referral,South,104.22,1131
2025-10-25,Organic,East,0.0,203
2025-10-25,Paid,East,882.6,7376
2025-10-25,Email,East,154.57,1603
2025-10-25,Referral,East,85.29,700
2025-10-25,Organic,West,0.0,336
2025-10-25,Paid,West,817.4,6717
2025-10-25,Email,West,135.19,1490
2025-10-25,Referral,West,96.75,1099
2025-10-26,Organic,North,0.0,292
2025-10-26,Paid,North,887.46,8121
2025-10-26,Email,North,165.29,1601
2025-10-26,Referral,North,104.61,1243
2025-10-26,Organic,South,0.0,312
2025-10-26,Paid,South,741.27,6618
2025-10-26,Email,South,172.26,2012
2025-10-26,Referral,South,105.29,1064
2025-10-26,Organic,East,0.0,203
2025-10-26,Paid,East,777.31,7899
2025-10-26,Email,East,149.33,1290
2025-10-26,Referral,East,105.34,933
2025-10-26,Organic,West,0.0,342
2025-10-26,Paid,West,773.38,8296
2025-10-26,Email,West,145.89,1390
2025-10-26,Referral,West,90.12,991
2025-10-27,Organic,North,0.0,279
2025-10-27,Paid,North,909.91,8928
2025-10-27,Email,North,154.68,1487
2025-10-27,Referral,North,95.27,923
2025-10-27,Organic,South,0.0,243
2025-10-27,Paid,South,790.57,6658
2025-10-27,Email,South,165.81,1816
2025-10-27,Referral,South,102.68,1181
2025-10-27,Organic,East,0.0,441
2025-10-27,Paid,East,769.18,6907
2025-10-27,Email,East,144.07,1219
2025-10-27,Referral,East,110.78,922
2025-10-27,Organic,West,0.0,276
2025-10-27,Paid,West,792.87,7148
2025-10-27,Email,West,129.32,1050
2025-10-27,Referral,West,108.43,1053
2025-10-28,Organic,North,0.0,284
2025-10-28,Paid,North,858.14,9724
2025-10-28,Email,North,141.06,1137
2025-10-28,Referral,North,96.29,957
2025-10-28,Organic,South,0.0,299
2025-10-28,Paid,South,900.75,9356
2025-10-28,Email,South,157.1,1759
2025-10-28,Referral,South,87.06,935
2025-10-28,Organic,East,0.0,263
2025-10-28,Paid,East,912.72,7528
2025-10-28,Email,East,154.98,1392
2025-10-28,Referral,East,107.6,904
2025-10-28,Organic,West,0.0,438
2025-10-28,Paid,West,869.77,10153
2025-10-28,Email,West,152.15,1815
2025-10-28,Referral,West,89.93,940
2025-10-29,Organic,North,0.0,385
2025-10-29,Paid,North,707.76,7933
2025-10-29,Email,North,134.88,1475
2025-10-29,Referral,North,87.59,1042
2025-10-29,Organic,South,0.0,244
2025-10-29,Paid,South,913.45,8104
2025-10-29,Email,South,134.32,1268
2025-10-29,Referral,South,96.62,1014
2025-10-29,Organic,East,0.0,438
2025-10-29,Paid,East,752.83,6999
2025-10-29,Email,East,150.23,1464
2025-10-29,Referral,East,103.92,1097
2025-10-29,Organic,West,0.0,286
2025-10-29,Paid,West,857.85,7296
2025-10-29,Email,West,169.79,1710
2025-10-29,Referral,West,100.8,886
2025-10-30,Organic,North,0.0,418
2025-10-30,Paid,North,779.33,6815
2025-10-30,Email,North,163.23,1712
2025-10-30,Referral,North,92.45,771
2025-10-30,Organic,South,0.0,396
2025-10-30,Paid,South,900.29,8650
2025-10-30,Email,South,149.6,1209
2025-10-30,Referral,South,103.3,1085
2025-10-30,Organic,East,0.0,258
2025-10-30,Paid,East,849.22,9696
2025-10-30,Email,East,147.2,1306
2025-10-30,Referral,East,109.28,1161
2025-10-30,Organic,West,0.0,496
2025-10-30,Paid,West,836.95,8741
2025-10-30,Email,West,131.17,1219
2025-10-30,Referral,West,105.55,1090
2025-10-31,Organic,North,0.0,321
2025-10-31,Paid,North,871.93,8094
2025-10-31,Email,North,153.1,1427
2025-10-31,Referral,North,87.04,822
2025-10-31,Organic,South,0.0,487
2025-10-31,Paid,South,799.72,8202
2025-10-31,Email,South,129.46,1051
2025-10-31,Referral,South,113.78,1068
2025-10-31,Organic,East,0.0,291
2025-10-31,Paid,East,817.22,8915
2025-10-31,Email,East,140.23,1320
2025-10-31,Referral,East,96.08,837
2025-10-31,Organic,West,0.0,252
2025-10-31,Paid,West,853.91,9791
2025-10-31,Email,West,163.47,1942
2025-10-31,Referral,West,89.44,739
2025-11-01,Organic,North,0.0,478
2025-11-01,Paid,North,808.83,9386
2025-11-01,Email,North,156.88,1553
2025-11-01,Referral,North,113.67,1228
2025-11-01,Organic,South,0.0,454
2025-11-01,Paid,South,682.84,6506
2025-11-01,Email,South,135.44,1602
2025-11-01,Referral,South,92.38,989
2025-11-01,Organic,East,0.0,263
2025-11-01,Paid,East,863.68,7122
2025-11-01,Email,East,154.12,1444
2025-11-01,Referral,East,88.23,944
2025-11-01,Organic,West,0.0,445
2025-11-01,Paid,West,869.96,10430
2025-11-01,Email,West,169.31,1627
2025-11-01,Referral,West,110.38,1001
2025-11-02,Organic,North,0.0,282
2025-11-02,Paid,North,713.49,8129
2025-11-02,Email,North,154.88,1625
2025-11-02,Referral,North,106.5,881
2025-11-02,Organic,South,0.0,479
2025-11-02,Paid,South,816.72,6630
2025-11-02,Email,South,145.38,1510
2025-11-02,Referral,South,103.91,939
2025-11-02,Organic,East,0.0,480
2025-11-02,Paid,East,813.42,6977
2025-11-02,Email,East,165.92,1445
2025-11-02,Referral,East,85.73,945
2025-11-02,Organic,West,0.0,459
2025-11-02,Paid,West,729.22,6224
2025-11-02,Email,West,150.56,1771
2025-11-02,Referral,West,100.46,890
2025-11-03,Organic,North,0.0,337
2025-11-03,Paid,North,864.82,7689
2025-11-03,Email,North,156.67,1558
2025-11-03,Referral,North,87.96,1024
2025-11-03,Organic,South,0.0,341
2025-11-03,Paid,South,788.89,7514
2025-11-03,Email,South,136.21,1485
2025-11-03,Referral,South,98.95,815
2025-11-03,Organic,East,0.0,220
2025-11-03,Paid,East,826.74,9570
2025-11-03,Email,East,160.19,1321
2025-11-03,Referral,East,108.91,1080
2025-11-03,Organic,West,0.0,232
2025-11-03,Paid,West,872.51,8434
2025-11-03,Email,West,168.28,1416
2025-11-03,Referral,West,100.56,920
2025-11-04,Organic,North,0.0,487
2025-11-04,Paid,North,821.27,8104
2025-11-04,Email,North,129.74,1225
2025-11-04,Referral,North,105.19,1074
2025-11-04,Organic,South,0.0,239
2025-11-04,Paid,South,854.72,8750
2025-11-04,Email,South,140.96,1371
2025-11-04,Referral,South,87.83,981
2025-11-04,Organic,East,0.0,354
2025-11-04,Paid,East,878.84,8651
2025-11-04,Email,East,136.1,1369
2025-11-04,Referral,East,92.33,1094
2025-11-04,Organic,West,0.0,322
2025-11-04,Paid,West,891.91,10498
2025-11-04,Email,West,156.88,1507
2025-11-04,Referral,West,96.9,1067
2025-11-05,Organic,North,0.0,442
2025-11-05,Paid,North,850.33,7074
2025-11-05,Email,North,153.04,1419
2025-11-05,Referral,North,107.06,1158
2025-11-05,Organic,South,0.0,205
2025-11-05,Paid,South,738.65,7626
2025-11-05,Email,South,160.05,1470
2025-11-05,Referral,South,87.81,868
2025-11-05,Organic,East,0.0,209
2025-11-05,Paid,East,861.01,9081
2025-11-05,Email,East,146.51,1558
2025-11-05,Referral,East,113.29,1291
2025-11-05,Organic,West,0.0,443
2025-11-05,Paid,West,910.48,10568
2025-11-05,Email,West,160.24,1639
2025-11-05,Referral,West,114.75,1158
2025-11-06,Organic,North,0.0,219
2025-11-06,Paid,North,724.81,6234
2025-11-06,Email,North,146.51,1522
2025-11-06,Referral,North,85.44,880
2025-11-06,Organic,South,0.0,272
2025-11-06,Paid,South,810.69,8100
2025-11-06,Email,South,144.95,1264
2025-11-06,Referral,South,86.45,841
2025-11-06,Organic,East,0.0,283
2025-11-06,Paid,East,683.97,6347
2025-11-06,Email,East,139.58,1657
2025-11-06,Referral,East,98.58,821
2025-11-06,Organic,West,0.0,350
2025-11-06,Paid,West,914.24,8577
2025-11-06,Email,West,137.63,1210
2025-11-06,Referral,West,90.54,860
2025-11-07,Organic,North,0.0,479
2025-11-07,Paid,North,726.94,6572
2025-11-07,Email,North,149.16,1645
2025-11-07,Referral,North,87.48,862
2025-11-07,Organic,South,0.0,213
2025-11-07,Paid,South,909.34,9735
2025-11-07,Email,South,135.98,1545
2025-11-07,Referral,South,112.4,1114
2025-11-07,Organic,East,0.0,283
2025-11-07,Paid,East,690.41,6658
2025-11-07,Email,East,147.37,1245
2025-11-07,Referral,East,99.25,841
2025-11-07,Organic,West,0.0,477
2025-11-07,Paid,West,832.13,7987
2025-11-07,Email,West,165.74,1511
2025-11-07,Referral,West,95.51,802
2025-11-08,Organic,North,0.0,402
2025-11-08,Paid,North,728.33,6126
2025-11-08,Email,North,139.99,1244
2025-11-08,Referral,North,96.18,1024
2025-11-08,Organic,South,0.0,322
2025-11-08,Paid,South,869.15,7719
2025-11-08,Email,South,152.94,1700
2025-11-08,Referral,South,86.2,874
2025-11-08,Organic,East,0.0,427
2025-11-08,Paid,East,819.15,8803
2025-11-08,Email,East,169.39,1718
2025-11-08,Referral,East,91.07,878
2025-11-08,Organic,West,0.0,489
2025-11-08,Paid,West,826.11,9414
2025-11-08,Email,West,159.19,1713
2025-11-08,Referral,West,93.25,879
2025-11-09,Organic,North,0.0,355
2025-11-09,Paid,North,697.08,7878
2025-11-09,Email,North,169.43,1547
2025-11-09,Referral,North,104.38,998
2025-11-09,Organic,South,0.0,415
2025-11-09,Paid,South,699.61,8048
2025-11-09,Email,South,148.46,1477
2025-11-09,Referral,South,89.77,829
2025-11-09,Organic,East,0.0,336
2025-11-09,Paid,East,879.42,10195
2025-11-09,Email,East,170.56,1987
2025-11-09,Referral,East,101.24,1102
2025-11-09,Organic,West,0.0,261
2025-11-09,Paid,West,699.52,6715
2025-11-09,Email,West,130.51,1357
2025-11-09,Referral,West,109.46,1206
2025-11-10,Organic,North,0.0,258
2025-11-10,Paid,North,738.93,6125
2025-11-10,Email,North,151.82,1629
2025-11-10,Referral,North,95.9,905
2025-11-10,Organic,South,0.0,272
2025-11-10,Paid,South,915.34,10291
2025-11-10,Email,South,140.13,1205
2025-11-10,Referral,South,110.31,1221
2025-11-10,Organic,East,0.0,409
2025-11-10,Paid,East,893.75,8606
2025-11-10,Email,East,161.51,1534
2025-11-10,Referral,East,99.98,1193
2025-11-10,Organic,West,0.0,203
2025-11-10,Paid,West,737.24,6860
2025-11-10,Email,West,159.95,1791
2025-11-10,Referral,West,99.9,1174
2025-11-11,Organic,North,0.0,355
2025-11-11,Paid,North,815.56,9372
2025-11-11,Email,North,137.79,1595
2025-11-11,Referral,North,105.07,947
2025-11-11,Organic,South,0.0,308
2025-11-11,Paid,South,746.3,7890
2025-11-11,Email,South,158.03,1693
2025-11-11,Referral,South,107.84,1047
2025-11-11,Organic,East,0.0,357
2025-11-11,Paid,East,827.09,7037
2025-11-11,Email,East,167.39,1685
2025-11-11,Referral,East,87.83,933
2025-11-11,Organic,West,0.0,281
2025-11-11,Paid,West,859.07,9544
2025-11-11,Email,West,130.36,1419
2025-11-11,Referral,West,107.21,1008
2025-11-12,Organic,North,0.0,464
2025-11-12,Paid,North,738.7,7097
2025-11-12,Email,North,170.3,2003
2025-11-12,Referral,North,94.66,1079
2025-11-12,Organic,South,0.0,423
2025-11-12,Paid,South,913.69,9920
2025-11-12,Email,South,159.28,1736
2025-11-12,Referral,South,96.64,850
2025-11-12,Organic,East,0.0,246
2025-11-12,Paid,East,729.43,6790
2025-11-12,Email,East,160.92,1637
2025-11-12,Referral,East,101.43,935
2025-11-12,Organic,West,0.0,448
2025-11-12,Paid,West,907.28,10117
2025-11-12,Email,West,156.94,1683
2025-11-12,Referral,West,103.76,924
2025-11-13,Organic,North,0.0,318
2025-11-13,Paid,North,738.92,6211
2025-11-13,Email,North,129.02,1042
2025-11-13,Referral,North,106.6,1194
2025-11-13,Organic,South,0.0,482
2025-11-13,Paid,South,866.36,7913
2025-11-13,Email,South,148.51,1360
2025-11-13,Referral,South,107.02,1222
2025-11-13,Organic,East,0.0,292
2025-11-13,Paid,East,688.14,7849
2025-11-13,Email,East,155.49,1635
2025-11-13,Referral,East,108.85,1297
2025-11-13,Organic,West,0.0,388
2025-11-13,Paid,West,855.21,9015
2025-11-13,Email,West,143.0,1514
2025-11-13,Referral,West,100.87,1064
2025-11-14,Organic,North,0.0,332
2025-11-14,Paid,North,712.4,6754
2025-11-14,Email,North,137.0,1132
2025-11-14,Referral,North,110.74,1181
2025-11-14,Organic,South,0.0,435
2025-11-14,Paid,South,701.45,5633
2025-11-14,Email,South,153.52,1398
2025-11-14,Referral,South,105.32,1104
2025-11-14,Organic,East,0.0,382
2025-11-14,Paid,East,907.56,10430
2025-11-14,Email,East,145.59,1336
2025-11-14,Referral,East,109.33,911
2025-11-14,Organic,West,0.0,294
2025-11-14,Paid,West,907.55,8355
2025-11-14,Email,West,150.6,1681
2025-11-14,Referral,West,108.75,1195
2025-11-15,Organic,North,0.0,428
2025-11-15,Paid,North,794.41,7511
2025-11-15,Email,North,163.23,1578
2025-11-15,Referral,North,106.74,883
2025-11-15,Organic,South,0.0,247
2025-11-15,Paid,South,862.43,10214
2025-11-15,Email,South,152.52,1327
2025-11-15,Referral,South,87.55,886
2025-11-15,Organic,East,0.0,373
2025-11-15,Paid,East,915.64,10860
2025-11-15,Email,East,156.87,1717
2025-11-15,Referral,East,102.47,1185
2025-11-15,Organic,West,0.0,321
2025-11-15,Paid,West,739.34,8491
2025-11-15,Email,West,160.93,1657
2025-11-15,Referral,West,94.91,959
2025-11-16,Organic,North,0.0,323
2025-11-16,Paid,North,883.3,9393
2025-11-16,Email,North,164.27,1746
2025-11-16,Referral,North,95.82,832
2025-11-16,Organic,South,0.0,486
2025-11-16,Paid,South,709.74,7937
2025-11-16,Email,South,165.15,1855
2025-11-16,Referral,South,108.85,909
2025-11-16,Organic,East,0.0,255
2025-11-16,Paid,East,860.84,8217
2025-11-16,Email,East,132.8,1233
2025-11-16,Referral,East,87.83,927
2025-11-16,Organic,West,0.0,415
2025-11-16,Paid,West,919.96,8255
2025-11-16,Email,West,165.04,1822
2025-11-16,Referral,West,104.31,1219
2025-11-17,Organic,North,0.0,298
2025-11-17,Paid,North,859.29,9740
2025-11-17,Email,North,139.21,1394
2025-11-17,Referral,North,112.7,943
2025-11-17,Organic,South,0.0,311
2025-11-17,Paid,South,918.34,9162
2025-11-17,Email,South,157.39,1860
2025-11-17,Referral,South,112.89,1268
2025-11-17,Organic,East,0.0,200
2025-11-17,Paid,East,897.07,10580
2025-11-17,Email,East,170.12,1995
2025-11-17,Referral,East,112.46,1036
2025-11-17,Organic,West,0.0,441
2025-11-17,Paid,West,797.22,6703
2025-11-17,Email,West,153.98,1550
2025-11-17,Referral,West,93.1,809
2025-11-18,Organic,North,0.0,352
2025-11-18,Paid,North,905.63,9610
2025-11-18,Email,North,139.99,1328
2025-11-18,Referral,North,111.65,1226
2025-11-18,Organic,South,0.0,480
2025-11-18,Paid,South,815.78,7529
2025-11-18,Email,South,171.17,1746
2025-11-18,Referral,South,88.69,825
2025-11-18,Organic,East,0.0,490
2025-11-18,Paid,East,867.58,8025
2025-11-18,Email,East,164.36,1698
2025-11-18,Referral,East,109.68,1309
2025-11-18,Organic,West,0.0,487
2025-11-18,Paid,West,682.78,6548
2025-11-18,Email,West,153.95,1310
2025-11-18,Referral,West,91.59,746
2025-11-19,Organic,North,0.0,296
2025-11-19,Paid,North,744.68,6788
2025-11-19,Email,North,149.14,1559
2025-11-19,Referral,North,112.64,972
2025-11-19,Organic,South,0.0,339
2025-11-19,Paid,South,882.34,9588
2025-11-19,Email,South,171.53,1815
2025-11-19,Referral,South,110.29,1305
2025-11-19,Organic,East,0.0,220
2025-11-19,Paid,East,701.07,7734
2025-11-19,Email,East,146.97,1433
2025-11-19,Referral,East,100.09,1164
2025-11-19,Organic,West,0.0,253
2025-11-19,Paid,West,734.31,8627
2025-11-19,Email,West,143.61,1574
2025-11-19,Referral,West,96.06,978
2025-11-20,Organic,North,0.0,397
2025-11-20,Paid,North,817.87,7086
2025-11-20,Email,North,157.3,1801
2025-11-20,Referral,North,91.51,750
2025-11-20,Organic,South,0.0,293
2025-11-20,Paid,South,735.53,6753
2025-11-20,Email,South,144.52,1599
2025-11-20,Referral,South,111.26,1279
2025-11-20,Organic,East,0.0,354
2025-11-20,Paid,East,697.12,7435
2025-11-20,Email,East,133.9,1376
2025-11-20,Referral,East,111.35,1101
2025-11-20,Organic,West,0.0,416
2025-11-20,Paid,West,852.55,8386
2025-11-20,Email,West,164.09,1348
2025-11-20,Referral,West,89.93,866
2025-11-21,Organic,North,0.0,237
2025-11-21,Paid,North,728.48,7917
2025-11-21,Email,North,137.69,1338
2025-11-21,Referral,North,106.66,1048
2025-11-21,Organic,South,0.0,255
2025-11-21,Paid,South,769.23,6345
2025-11-21,Email,South,168.28,1992
2025-11-21,Referral,South,90.34,922
2025-11-21,Organic,East,0.0,454
2025-11-21,Paid,East,699.8,5967
2025-11-21,Email,East,148.44,1690
2025-11-21,Referral,East,104.48,868
2025-11-21,Organic,West,0.0,446
2025-11-21,Paid,West,727.3,6506
2025-11-21,Email,West,136.06,1604
2025-11-21,Referral,West,90.76,969
2025-11-22,Organic,North,0.0,314
2025-11-22,Paid,North,804.22,6558
2025-11-22,Email,North,139.67,1149
2025-11-22,Referral,North,92.05,1050
2025-11-22,Organic,South,0.0,368
2025-11-22,Paid,South,789.23,8075
2025-11-22,Email,South,129.67,1356
2025-11-22,Referral,South,104.76,1154
2025-11-22,Organic,East,0.0,243
2025-11-22,Paid,East,919.66,10972
2025-11-22,Email,East,162.67,1391
2025-11-22,Referral,East,98.67,1126
2025-11-22,Organic,West,0.0,464
2025-11-22,Paid,West,810.17,9205
2025-11-22,Email,West,134.58,1245
2025-11-22,Referral,West,105.1,910
2025-11-23,Organic,North,0.0,478
2025-11-23,Paid,North,689.7,5978
2025-11-23,Email,North,131.75,1568
2025-11-23,Referral,North,93.77,817
2025-11-23,Organic,South,0.0,468
2025-11-23,Paid,South,856.31,7174
2025-11-23,Email,South,158.78,1687
2025-11-23,Referral,South,106.66,1078
2025-11-23,Organic,East,0.0,444
2025-11-23,Paid,East,685.22,7425
2025-11-23,Email,East,147.07,1614
2025-11-23,Referral,East,104.21,854
2025-11-23,Organic,West,0.0,376
2025-11-23,Paid,West,698.0,6924
2025-11-23,Email,West,137.75,1149
2025-11-23,Referral,West,108.18,967
2025-11-24,Organic,North,0.0,217
2025-11-24,Paid,North,905.79,9875
2025-11-24,Email,North,137.77,1108
2025-11-24,Referral,North,112.55,944
2025-11-24,Organic,South,0.0,242
2025-11-24,Paid,South,797.06,8451
2025-11-24,Email,South,165.9,1963
2025-11-24,Referral,South,105.33,1065
2025-11-24,Organic,East,0.0,456
2025-11-24,Paid,East,726.53,8265
2025-11-24,Email,East,158.88,1586
2025-11-24,Referral,East,98.96,1107
2025-11-24,Organic,West,0.0,499
2025-11-24,Paid,West,903.4,9697
2025-11-24,Email,West,162.14,1647
2025-11-24,Referral,West,92.4,869
2025-11-25,Organic,North,0.0,244
2025-11-25,Paid,North,839.04,7864
2025-11-25,Email,North,155.38,1723
2025-11-25,Referral,North,94.46,772
2025-11-25,Organic,South,0.0,426
2025-11-25,Paid,South,842.44,9804
2025-11-25,Email,South,155.8,1574
2025-11-25,Referral,South,107.11,1021
2025-11-25,Organic,East,0.0,251
2025-11-25,Paid,East,739.01,7297
2025-11-25,Email,East,137.86,1587
2025-11-25,Referral,East,108.53,899
2025-11-25,Organic,West,0.0,436
2025-11-25,Paid,West,745.4,6083
2025-11-25,Email,West,135.43,1617
2025-11-25,Referral,West,113.31,1318
2025-11-26,Organic,North,0.0,489
2025-11-26,Paid,North,711.96,6109
2025-11-26,Email,North,154.78,1276
2025-11-26,Referral,North,104.07,857
2025-11-26,Organic,South,0.0,301
2025-11-26,Paid,South,894.05,7297
2025-11-26,Email,South,134.67,1603
2025-11-26,Referral,South,92.0,781
2025-11-26,Organic,East,0.0,393
2025-11-26,Paid,East,874.52,7685
2025-11-26,Email,East,139.25,1229
2025-11-26,Referral,East,92.4,891
2025-11-26,Organic,West,0.0,283
2025-11-26,Paid,West,812.75,7087
2025-11-26,Email,West,132.63,1548
2025-11-26,Referral,West,101.41,1112
2025-11-27,Organic,North,0.0,452
2025-11-27,Paid,North,742.03,8611
2025-11-27,Email,North,138.72,1363
2025-11-27,Referral,North,96.18,908
2025-11-27,Organic,South,0.0,448
2025-11-27,Paid,South,737.15,7534
2025-11-27,Email,South,149.04,1647
2025-11-27,Referral,South,103.78,834
2025-11-27,Organic,East,0.0,417
2025-11-27,Paid,East,906.72,8119
2025-11-27,Email,East,171.66,1744
2025-11-27,Referral,East,101.61,1089
2025-11-27,Organic,West,0.0,264
2025-11-27,Paid,West,748.55,6068
2025-11-27,Email,West,144.23,1676
2025-11-27,Referral,West,93.12,790
2025-11-28,Organic,North,0.0,209
2025-11-28,Paid,North,875.19,10010
2025-11-28,Email,North,154.67,1783
2025-11-28,Referral,North,107.6,1090
2025-11-28,Organic,South,0.0,329
2025-11-28,Paid,South,846.71,8396
2025-11-28,Email,South,142.17,1316
2025-11-28,Referral,South,91.57,763
2025-11-28,Organic,East,0.0,372
2025-11-28,Paid,East,827.41,9251
2025-11-28,Email,East,136.94,1294
2025-11-28,Referral,East,103.3,850
2025-11-28,Organic,West,0.0,377
2025-11-28,Paid,West,811.39,8124
2025-11-28,Email,West,156.95,1663
2025-11-28,Referral,West,90.02,752
2025-11-29,Organic,North,0.0,437
2025-11-29,Paid,North,812.4,7078
2025-11-29,Email,North,133.71,1442
2025-11-29,Referral,North,97.49,1040
2025-11-29,Organic,South,0.0,292
2025-11-29,Paid,South,802.27,7236
2025-11-29,Email,South,154.16,1635
2025-11-29,Referral,South,96.79,925
2025-11-29,Organic,East,0.0,234
2025-11-29,Paid,East,882.73,9335
2025-11-29,Email,East,155.61,1777
2025-11-29,Referral,East,90.57,1052
2025-11-29,Organic,West,0.0,454
2025-11-29,Paid,West,889.29,7477
2025-11-29,Email,West,145.92,1748
2025-11-29,Referral,West,87.02,703
2025-11-30,Organic,North,0.0,400
2025-11-30,Paid,North,771.51,9055
2025-11-30,Email,North,166.5,1499
2025-11-30,Referral,North,90.76,794
2025-11-30,Organic,South,0.0,375
2025-11-30,Paid,South,714.44,5773
2025-11-30,Email,South,134.5,1483
2025-11-30,Referral,South,91.09,1064
2025-11-30,Organic,East,0.0,480
2025-11-30,Paid,East,753.08,7628
2025-11-30,Email,East,145.74,1640
2025-11-30,Referral,East,95.84,796
2025-11-30,Organic,West,0.0,322
2025-11-30,Paid,West,805.69,7626
2025-11-30,Email,West,135.22,1241
2025-11-30,Referral,West,112.76,1254
2025-12-01,Organic,North,0.0,330
2025-12-01,Paid,North,697.05,7808
2025-12-01,Email,North,158.87,1778
2025-12-01,Referral,North,102.6,824
2025-12-01,Organic,South,0.0,272
2025-12-01,Paid,South,914.29,9643
2025-12-01,Email,South,149.37,1394
2025-12-01,Referral,South,95.87,1106
2025-12-01,Organic,East,0.0,251
2025-12-01,Paid,East,800.53,9416
2025-12-01,Email,East,143.35,1353
2025-12-01,Referral,East,87.94,735
2025-12-01,Organic,West,0.0,445
2025-12-01,Paid,West,794.15,9394
2025-12-01,Email,West,153.54,1294
2025-12-01,Referral,West,111.95,1340
2025-12-02,Organic,North,0.0,433
2025-12-02,Paid,North,700.33,8054
2025-12-02,Email,North,165.64,1518
2025-12-02,Referral,North,85.76,947
2025-12-02,Organic,South,0.0,470
2025-12-02,Paid,South,692.53,6376
2025-12-02,Email,South,171.52,1788
2025-12-02,Referral,South,101.91,1124
2025-12-02,Organic,East,0.0,455
2025-12-02,Paid,East,900.63,8744
2025-12-02,Email,East,132.7,1429
2025-12-02,Referral,East,97.97,889
2025-12-02,Organic,West,0.0,408
2025-12-02,Paid,West,866.68,9684
2025-12-02,Email,West,130.85,1481
2025-12-02,Referral,West,107.71,1002
2025-12-03,Organic,North,0.0,492
2025-12-03,Paid,North,789.55,9396
2025-12-03,Email,North,141.71,1276
2025-12-03,Referral,North,98.33,901
2025-12-03,Organic,South,0.0,230
2025-12-03,Paid,South,727.87,6631
2025-12-03,Email,South,136.62,1383
2025-12-03,Referral,South,110.55,1206
2025-12-03,Organic,East,0.0,298
2025-12-03,Paid,East,712.42,7623
2025-12-03,Email,East,132.56,1355
2025-12-03,Referral,East,96.05,980
2025-12-03,Organic,West,0.0,337
2025-12-03,Paid,West,736.81,8066
2025-12-03,Email,West,146.65,1431
2025-12-03,Referral,West,112.98,970
2025-12-04,Organic,North,0.0,436
2025-12-04,Paid,North,698.29,8196
2025-12-04,Email,North,154.14,1677
2025-12-04,Referral,North,87.65,1051
2025-12-04,Organic,South,0.0,336
2025-12-04,Paid,South,706.19,6822
2025-12-04,Email,South,128.11,1224
2025-12-04,Referral,South,113.73,1286
2025-12-04,Organic,East,0.0,327
2025-12-04,Paid,East,742.7,6094
2025-12-04,Email,East,167.66,1834
2025-12-04,Referral,East,89.45,1058
2025-12-04,Organic,West,0.0,213
2025-12-04,Paid,West,910.07,10882
2025-12-04,Email,West,156.49,1674
2025-12-04,Referral,West,98.51,847
2025-12-05,Organic,North,0.0,207
2025-12-05,Paid,North,821.86,7785
2025-12-05,Email,North,160.37,1658
2025-12-05,Referral,North,108.05,920
2025-12-05,Organic,South,0.0,327
2025-12-05,Paid,South,733.37,7521
2025-12-05,Email,South,165.02,1596
2025-12-05,Referral,South,94.91,1120
2025-12-05,Organic,East,0.0,297
2025-12-05,Paid,East,712.31,5838
2025-12-05,Email,East,142.04,1370
2025-12-05,Referral,East,92.61,976
2025-12-05,Organic,West,0.0,485
2025-12-05,Paid,West,838.57,9524
2025-12-05,Email,West,147.69,1191
2025-12-05,Referral,West,89.93,794
2025-12-06,Organic,North,0.0,241
2025-12-06,Paid,North,912.12,8539
2025-12-06,Email,North,154.28,1722
2025-12-06,Referral,North,94.04,1047
2025-12-06,Organic,South,0.0,251
2025-12-06,Paid,South,755.42,9012
2025-12-06,Email,South,160.08,1424
2025-12-06,Referral,South,90.04,1078
2025-12-06,Organic,East,0.0,446
2025-12-06,Paid,East,830.08,6927
2025-12-06,Email,East,154.29,1513
2025-12-06,Referral,East,114.94,1204
2025-12-06,Organic,West,0.0,402
2025-12-06,Paid,West,884.93,9245
2025-12-06,Email,West,128.86,1265
2025-12-06,Referral,West,85.13,755
2025-12-07,Organic,North,0.0,465
2025-12-07,Paid,North,715.83,7481
2025-12-07,Email,North,164.49,1344
2025-12-07,Referral,North,103.19,1192
2025-12-07,Organic,South,0.0,373
2025-12-07,Paid,South,876.45,10287
2025-12-07,Email,South,165.35,1917
2025-12-07,Referral,South,114.44,1310
2025-12-07,Organic,East,0.0,306
2025-12-07,Paid,East,849.33,6986
2025-12-07,Email,East,145.73,1673
2025-12-07,Referral,East,87.77,1028
2025-12-07,Organic,West,0.0,231
2025-12-07,Paid,West,888.88,8333
2025-12-07,Email,West,127.52,1375
2025-12-07,Referral,West,109.1,1289
2025-12-08,Organic,North,0.0,497
2025-12-08,Paid,North,751.22,7214
2025-12-08,Email,North,145.22,1413
2025-12-08,Referral,North,105.39,1161
2025-12-08,Organic,South,0.0,276
2025-12-08,Paid,South,811.26,8103
2025-12-08,Email,South,137.82,1347
2025-12-08,Referral,South,89.69,916
2025-12-08,Organic,East,0.0,490
2025-12-08,Paid,East,725.14,7409
2025-12-08,Email,East,158.53,1817
2025-12-08,Referral,East,85.69,886
2025-12-08,Organic,West,0.0,345
2025-12-08,Paid,West,798.61,7666
2025-12-08,Email,West,127.85,1507
2025-12-08,Referral,West,91.47,942
2025-12-09,Organic,North,0.0,264
2025-12-09,Paid,North,777.14,7599
2025-12-09,Email,North,165.92,1812
2025-12-09,Referral,North,85.1,856
2025-12-09,Organic,South,0.0,341
2025-12-09,Paid,South,722.47,6889
2025-12-09,Email,South,167.25,1594
2025-12-09,Referral,South,95.87,987
2025-12-09,Organic,East,0.0,491
2025-12-09,Paid,East,784.99,6527
2025-12-09,Email,East,163.15,1676
2025-12-09,Referral,East,112.19,1328
2025-12-09,Organic,West,0.0,351
2025-12-09,Paid,West,854.69,9230
2025-12-09,Email,West,150.82,1422
2025-12-09,Referral,West,89.24,1007
2025-12-10,Organic,North,0.0,453
2025-12-10,Paid,North,804.17,7628
2025-12-10,Email,North,168.03,1373
2025-12-10,Referral,North,102.48,820
2025-12-10,Organic,South,0.0,244
2025-12-10,Paid,South,854.16,7889
2025-12-10,Email,South,167.11,1772
2025-12-10,Referral,South,98.98,1116
2025-12-10,Organic,East,0.0,403
2025-12-10,Paid,East,818.79,7341
2025-12-10,Email,East,135.09,1486
2025-12-10,Referral,East,88.68,773
2025-12-10,Organic,West,0.0,240
2025-12-10,Paid,West,779.08,8097
2025-12-10,Email,West,157.08,1413
2025-12-10,Referral,West,97.78,884
2025-12-11,Organic,North,0.0,384
2025-12-11,Paid,North,690.61,8136
2025-12-11,Email,North,162.04,1908
2025-12-11,Referral,North,94.09,797
2025-12-11,Organic,South,0.0,236
2025-12-11,Paid,South,778.09,7856
2025-12-11,Email,South,146.54,1227
2025-12-11,Referral,South,88.46,937
2025-12-11,Organic,East,0.0,488
2025-12-11,Paid,East,681.06,5981
2025-12-11,Email,East,128.89,1514
2025-12-11,Referral,East,111.49,1169
2025-12-11,Organic,West,0.0,366
2025-12-11,Paid,West,744.36,7114
2025-12-11,Email,West,165.01,1925
2025-12-11,Referral,West,96.77,899
2025-12-12,Organic,North,0.0,311
2025-12-12,Paid,North,797.79,7037
2025-12-12,Email,North,143.01,1454
2025-12-12,Referral,North,107.86,1080
2025-12-12,Organic,South,0.0,282
2025-12-12,Paid,South,809.72,7285
2025-12-12,Email,South,132.81,1129
2025-12-12,Referral,South,89.98,797
2025-12-12,Organic,East,0.0,453
2025-12-12,Paid,East,707.98,7824
2025-12-12,Email,East,153.38,1730
2025-12-12,Referral,East,104.64,1225
2025-12-12,Organic,West,0.0,255
2025-12-12,Paid,West,844.83,8941
2025-12-12,Email,West,159.56,1906
2025-12-12,Referral,West,110.95,1299
2025-12-13,Organic,North,0.0,465
2025-12-13,Paid,North,854.01,7171
2025-12-13,Email,North,139.23,1212
2025-12-13,Referral,North,101.35,1061
2025-12-13,Organic,South,0.0,231
2025-12-13,Paid,South,881.21,9439
2025-12-13,Email,South,129.36,1407
2025-12-13,Referral,South,95.53,965
2025-12-13,Organic,East,0.0,207
2025-12-13,Paid,East,747.52,7275
2025-12-13,Email,East,131.64,1481
2025-12-13,Referral,East,91.72,1069
2025-12-13,Organic,West,0.0,286
2025-12-13,Paid,West,894.92,10673
2025-12-13,Email,West,132.85,1150
2025-12-13,Referral,West,91.73,795
2025-12-14,Organic,North,0.0,254
2025-12-14,Paid,North,797.84,8539
2025-12-14,Email,North,128.36,1478
2025-12-14,Referral,North,107.42,982
2025-12-14,Organic,South,0.0,295
2025-12-14,Paid,South,910.95,10315
2025-12-14,Email,South,149.87,1590
2025-12-14,Referral,South,93.25,1023
2025-12-14,Organic,East,0.0,402
2025-12-14,Paid,East,861.3,8677
2025-12-14,Email,East,149.98,1218
2025-12-14,Referral,East,93.05,985
2025-12-14,Organic,West,0.0,333
2025-12-14,Paid,West,842.9,8853
2025-12-14,Email,West,151.53,1685
2025-12-14,Referral,West,109.97,1258
2025-12-15,Organic,North,0.0,480
2025-12-15,Paid,North,768.55,8001
2025-12-15,Email,North,127.93,1063
2025-12-15,Referral,North,90.99,825
2025-12-15,Organic,South,0.0,299
2025-12-15,Paid,South,787.75,9352
2025-12-15,Email,South,142.75,1625
2025-12-15,Referral,South,99.74,1063
2025-12-15,Organic,East,0.0,259
2025-12-15,Paid,East,837.02,9989
2025-12-15,Email,East,149.0,1487
2025-12-15,Referral,East,87.36,1009
2025-12-15,Organic,West,0.0,205
2025-12-15,Paid,West,785.05,7711
2025-12-15,Email,West,129.98,1417
2025-12-15,Referral,West,105.81,989
2025-12-16,Organic,North,0.0,395
2025-12-16,Paid,North,810.31,8862
2025-12-16,Email,North,146.14,1470
2025-12-16,Referral,North,93.28,951
2025-12-16,Organic,South,0.0,486
2025-12-16,Paid,South,716.28,7706
2025-12-16,Email,South,128.25,1150
2025-12-16,Referral,South,114.89,1111
2025-12-16,Organic,East,0.0,216
2025-12-16,Paid,East,680.89,7867
2025-12-16,Email,East,155.33,1582
2025-12-16,Referral,East,103.99,835
2025-12-16,Organic,West,0.0,424
2025-12-16,Paid,West,766.95,6968
2025-12-16,Email,West,172.36,1976
2025-12-16,Referral,West,101.23,842
2025-12-17,Organic,North,0.0,256
2025-12-17,Paid,North,745.21,7383
2025-12-17,Email,North,133.63,1098
2025-12-17,Referral,North,97.47,1100
2025-12-17,Organic,South,0.0,312
2025-12-17,Paid,South,818.84,7505
2025-12-17,Email,South,131.84,1263
2025-12-17,Referral,South,107.62,954
2025-12-17,Organic,East,0.0,368
2025-12-17,Paid,East,876.17,7021
2025-12-17,Email,East,148.83,1370
2025-12-17,Referral,East,107.38,1056
2025-12-17,Organic,West,0.0,394
2025-12-17,Paid,West,890.67,10367
2025-12-17,Email,West,135.39,1592
2025-12-17,Referral,West,104.52,841
2025-12-18,Organic,North,0.0,218
2025-12-18,Paid,North,831.11,9879
2025-12-18,Email,North,168.88,1567
2025-12-18,Referral,North,101.24,1113
2025-12-18,Organic,South,0.0,314
2025-12-18,Paid,South,851.07,7175
2025-12-18,Email,South,166.8,1782
2025-12-18,Referral,South,87.31,900
2025-12-18,Organic,East,0.0,207
2025-12-18,Paid,East,761.23,7704
2025-12-18,Email,East,159.16,1874
2025-12-18,Referral,East,100.5,1166
2025-12-18,Organic,West,0.0,390
2025-12-18,Paid,West,766.36,8481
2025-12-18,Email,West,128.7,1345
2025-12-18,Referral,West,85.83,890
2025-12-19,Organic,North,0.0,307
2025-12-19,Paid,North,815.7,6841
2025-12-19,Email,North,148.74,1487
2025-12-19,Referral,North,92.95,777
2025-12-19,Organic,South,0.0,224
2025-12-19,Paid,South,689.51,7767
2025-12-19,Email,South,143.04,1308
2025-12-19,Referral,South,112.1,1193
2025-12-19,Organic,East,0.0,354
2025-12-19,Paid,East,733.68,6105
2025-12-19,Email,East,135.99,1449
2025-12-19,Referral,East,91.39,1067
2025-12-19,Organic,West,0.0,295
2025-12-19,Paid,West,849.05,7598
2025-12-19,Email,West,143.29,1442
2025-12-19,Referral,West,104.5,883
2025-12-20,Organic,North,0.0,227
2025-12-20,Paid,North,730.24,8265
2025-12-20,Email,North,162.43,1674
2025-12-20,Referral,North,85.71,857
2025-12-20,Organic,South,0.0,219
2025-12-20,Paid,South,846.13,8387
2025-12-20,Email,South,147.9,1662
2025-12-20,Referral,South,106.04,1130
2025-12-20,Organic,East,0.0,492
2025-12-20,Paid,East,764.08,8669
2025-12-20,Email,East,164.94,1854
2025-12-20,Referral,East,86.07,874
2025-12-20,Organic,West,0.0,393
2025-12-20,Paid,West,713.5,7110
2025-12-20,Email,West,145.76,1641
2025-12-20,Referral,West,106.29,1258
2025-12-21,Organic,North,0.0,439
2025-12-21,Paid,North,857.61,10143
2025-12-21,Email,North,163.49,1689
2025-12-21,Referral,North,92.32,876
2025-12-21,Organic,South,0.0,318
2025-12-21,Paid,South,788.97,6313
2025-12-21,Email,South,129.63,1205
2025-12-21,Referral,South,110.45,945
2025-12-21,Organic,East,0.0,254
2025-12-21,Paid,East,728.68,7971
2025-12-21,Email,East,142.39,1701
2025-12-21,Referral,East,106.36,918
2025-12-21,Organic,West,0.0,203
2025-12-21,Paid,West,858.14,9054
2025-12-21,Email,West,132.97,1497
2025-12-21,Referral,West,102.3,1129
2025-12-22,Organic,North,0.0,417
2025-12-22,Paid,North,887.0,10151
2025-12-22,Email,North,155.74,1264
2025-12-22,Referral,North,89.89,776
2025-12-22,Organic,South,0.0,224
2025-12-22,Paid,South,915.01,9849
2025-12-22,Email,South,139.95,1541
2025-12-22,Referral,South,114.41,1361
2025-12-22,Organic,East,0.0,433
2025-12-22,Paid,East,788.28,8212
2025-12-22,Email,East,154.36,1381
2025-12-22,Referral,East,114.61,1345
2025-12-22,Organic,West,0.0,279
2025-12-22,Paid,West,848.33,8437
2025-12-22,Email,West,129.04,1054
2025-12-22,Referral,West,92.03,885
2025-12-23,Organic,North,0.0,414
2025-12-23,Paid,North,795.65,9339
2025-12-23,Email,North,137.26,1157
2025-12-23,Referral,North,88.34,891
2025-12-23,Organic,South,0.0,309
2025-12-23,Paid,South,811.58,8876
2025-12-23,Email,South,166.41,1576
2025-12-23,Referral,South,105.85,1256
2025-12-23,Organic,East,0.0,308
2025-12-23,Paid,East,832.3,9020
2025-12-23,Email,East,163.29,1644
2025-12-23,Referral,East,108.6,1136
2025-12-23,Organic,West,0.0,456
2025-12-23,Paid,West,889.77,10605
2025-12-23,Email,West,158.07,1595
2025-12-23,Referral,West,100.77,1172
2025-12-24,Organic,North,0.0,424
2025-12-24,Paid,North,867.95,7776
2025-12-24,Email,North,157.55,1611
2025-12-24,Referral,North,111.66,1132
2025-12-24,Organic,South,0.0,327
2025-12-24,Paid,South,822.08,9650
2025-12-24,Email,South,140.84,1655
2025-12-24,Referral,South,113.87,1039
2025-12-24,Organic,East,0.0,348
2025-12-24,Paid,East,694.24,5841
2025-12-24,Email,East,139.45,1657
2025-12-24,Referral,East,114.57,1150
2025-12-24,Organic,West,0.0,478
2025-12-24,Paid,West,866.43,10200
2025-12-24,Email,West,157.4,1362
2025-12-24,Referral,West,85.23,957
2025-12-25,Organic,North,0.0,275
2025-12-25,Paid,North,854.22,8518
2025-12-25,Email,North,161.85,1435
2025-12-25,Referral,North,95.72,802
2025-12-25,Organic,South,0.0,361
2025-12-25,Paid,South,776.81,6455
2025-12-25,Email,South,167.29,1421
2025-12-25,Referral,South,102.23,1171
2025-12-25,Organic,East,0.0,438
2025-12-25,Paid,East,897.6,10330
2025-12-25,Email,East,160.8,1386
2025-12-25,Referral,East,100.73,1043
2025-12-25,Organic,West,0.0,328
2025-12-25,Paid,West,826.38,8574
2025-12-25,Email,West,152.93,1521
2025-12-25,Referral,West,94.83,822
2025-12-26,Organic,North,0.0,216
2025-12-26,Paid,North,684.99,7753
2025-12-26,Email,North,162.12,1746
2025-12-26,Referral,North,96.76,1006
2025-12-26,Organic,South,0.0,387
2025-12-26,Paid,South,733.48,6772
2025-12-26,Email,South,144.89,1257
2025-12-26,Referral,South,94.47,957
2025-12-26,Organic,East,0.0,276
2025-12-26,Paid,East,750.96,8992
2025-12-26,Email,East,147.54,1477
2025-12-26,Referral,East,114.58,1154
2025-12-26,Organic,West,0.0,424
2025-12-26,Paid,West,697.56,6902
2025-12-26,Email,West,145.01,1650
2025-12-26,Referral,West,103.53,1224
2025-12-27,Organic,North,0.0,253
2025-12-27,Paid,North,912.06,9162
2025-12-27,Email,North,137.99,1522
2025-12-27,Referral,North,94.72,766
2025-12-27,Organic,South,0.0,271
2025-12-27,Paid,South,709.41,5943
2025-12-27,Email,South,131.72,1194
2025-12-27,Referral,South,87.76,934
2025-12-27,Organic,East,0.0,302
2025-12-27,Paid,East,885.36,7539
2025-12-27,Email,East,168.02,1836
2025-12-27,Referral,East,106.0,899
2025-12-27,Organic,West,0.0,290
2025-12-27,Paid,West,890.77,9428
2025-12-27,Email,West,168.41,1893
2025-12-27,Referral,West,85.66,758
2025-12-28,Organic,North,0.0,255
2025-12-28,Paid,North,879.79,9425
2025-12-28,Email,North,128.67,1219
2025-12-28,Referral,North,103.67,1167
2025-12-28,Organic,South,0.0,287
2025-12-28,Paid,South,734.28,6454
2025-12-28,Email,South,158.86,1838
2025-12-28,Referral,South,94.93,928
2025-12-28,Organic,East,0.0,211
2025-12-28,Paid,East,858.71,9864
2025-12-28,Email,East,170.31,1916
2025-12-28,Referral,East,103.5,1110
2025-12-28,Organic,West,0.0,399
2025-12-28,Paid,West,890.68,9050
2025-12-28,Email,West,171.92,1530
2025-12-28,Referral,West,111.93,1322
2025-12-29,Organic,North,0.0,427
2025-12-29,Paid,North,828.3,7820
2025-12-29,Email,North,164.77,1399
2025-12-29,Referral,North,97.39,890
2025-12-29,Organic,South,0.0,432
2025-12-29,Paid,South,748.87,6760
2025-12-29,Email,South,165.72,1349
2025-12-29,Referral,South,106.64,870
2025-12-29,Organic,East,0.0,274
2025-12-29,Paid,East,761.17,7648
2025-12-29,Email,East,143.13,1222
2025-12-29,Referral,East,99.5,1188
2025-12-29,Organic,West,0.0,202
2025-12-29,Paid,West,707.13,7722
2025-12-29,Email,West,160.5,1862
2025-12-29,Referral,West,98.82,1060
2025-12-30,Organic,North,0.0,489
2025-12-30,Paid,North,915.1,9287
2025-12-30,Email,North,128.26,1221
2025-12-30,Referral,North,109.17,896
2025-12-30,Organic,South,0.0,282
2025-12-30,Paid,South,740.84,7107
2025-12-30,Email,South,161.86,1699
2025-12-30,Referral,South,97.12,965
2025-12-30,Organic,East,0.0,438
2025-12-30,Paid,East,812.85,8774
2025-12-30,Email,East,163.17,1320
2025-12-30,Referral,East,104.99,985
2025-12-30,Organic,West,0.0,431
2025-12-30,Paid,West,910.58,10471
2025-12-30,Email,West,136.02,1575
2025-12-30,Referral,West,110.51,1320
2025-12-31,Organic,North,0.0,274
2025-12-31,Paid,North,850.96,8568
2025-12-31,Email,North,155.27,1580
2025-12-31,Referral,North,107.99,1024
2025-12-31,Organic,South,0.0,325
2025-12-31,Paid,South,709.61,6706
2025-12-31,Email,South,171.94,1478
2025-12-31,Referral,South,110.83,1167
2025-12-31,Organic,East,0.0,386
2025-12-31,Paid,East,705.39,7698
2025-12-31,Email,East,145.75,1323
2025-12-31,Referral,East,101.44,906
2025-12-31,Organic,West,0.0,363
2025-12-31,Paid,West,905.11,9900
2025-12-31,Email,West,140.39,1570
2025-12-31,Referral,West,97.3,1129
2026-01-01,Organic,North,0.0,475
2026-01-01,Paid,North,819.01,8727
2026-01-01,Email,North,147.59,1640
2026-01-01,Referral,North,94.51,1027
2026-01-01,Organic,South,0.0,211
2026-01-01,Paid,South,749.72,7000
2026-01-01,Email,South,167.19,1925
2026-01-01,Referral,South,106.73,939
2026-01-01,Organic,East,0.0,231
2026-01-01,Paid,East,841.6,8179
2026-01-01,Email,East,153.68,1626
2026-01-01,Referral,East,114.22,1278
2026-01-01,Organic,West,0.0,453
2026-01-01,Paid,West,852.86,6840
2026-01-01,Email,West,142.1,1464
2026-01-01,Referral,West,101.89,841
2026-01-02,Organic,North,0.0,266
2026-01-02,Paid,North,884.16,9977
2026-01-02,Email,North,140.35,1575
2026-01-02,Referral,North,92.71,1107
2026-01-02,Organic,South,0.0,465
2026-01-02,Paid,South,826.12,8218
2026-01-02,Email,South,150.52,1417
2026-01-02,Referral,South,100.53,855
2026-01-02,Organic,East,0.0,258
2026-01-02,Paid,East,901.1,10378
2026-01-02,Email,East,165.5,1358
2026-01-02,Referral,East,110.55,1249
2026-01-02,Organic,West,0.0,439
2026-01-02,Paid,West,886.78,7320
2026-01-02,Email,West,169.27,1701
2026-01-02,Referral,West,109.75,909
2026-01-03,Organic,North,0.0,361
2026-01-03,Paid,North,874.56,9731
2026-01-03,Email,North,134.61,1307
2026-01-03,Referral,North,86.12,705
2026-01-03,Organic,South,0.0,246
2026-01-03,Paid,South,709.74,5975
2026-01-03,Email,South,151.88,1289
2026-01-03,Referral,South,95.49,813
2026-01-03,Organic,East,0.0,452
2026-01-03,Paid,East,837.12,8948
2026-01-03,Email,East,169.18,1533
2026-01-03,Referral,East,110.67,1273
2026-01-03,Organic,West,0.0,300
2026-01-03,Paid,West,702.12,6688
2026-01-03,Email,West,135.13,1264
2026-01-03,Referral,West,114.09,936
2026-01-04,Organic,North,0.0,282
2026-01-04,Paid,North,908.18,10631
2026-01-04,Email,North,145.11,1419
2026-01-04,Referral,North,102.62,859
2026-01-04,Organic,South,0.0,286
2026-01-04,Paid,South,883.94,7396
2026-01-04,Email,South,135.45,1583
2026-01-04,Referral,South,110.84,1322
2026-01-04,Organic,East,0.0,234
2026-01-04,Paid,East,839.39,8666
2026-01-04,Email,East,153.7,1648
2026-01-04,Referral,East,94.39,1038
2026-01-04,Organic,West,0.0,313
2026-01-04,Paid,West,835.82,9361
2026-01-04,Email,West,130.0,1058
2026-01-04,Referral,West,111.84,1036
2026-01-05,Organic,North,0.0,322
2026-01-05,Paid,North,787.08,9073
2026-01-05,Email,North,147.86,1357
2026-01-05,Referral,North,98.31,1072
2026-01-05,Organic,South,0.0,313
2026-01-05,Paid,South,782.82,9107
2026-01-05,Email,South,159.01,1484
2026-01-05,Referral,South,91.8,755
2026-01-05,Organic,East,0.0,266
2026-01-05,Paid,East,756.08,6166
2026-01-05,Email,East,140.88,1267
2026-01-05,Referral,East,106.57,1066
2026-01-05,Organic,West,0.0,261
2026-01-05,Paid,West,818.58,7370
2026-01-05,Email,West,148.91,1320
2026-01-05,Referral,West,112.14,962
2026-01-06,Organic,North,0.0,248
2026-01-06,Paid,North,907.7,10121
2026-01-06,Email,North,134.39,1599
2026-01-06,Referral,North,101.45,1174
2026-01-06,Organic,South,0.0,345
2026-01-06,Paid,South,898.06,9317
2026-01-06,Email,South,156.7,1705
2026-01-06,Referral,South,99.17,882
2026-01-06,Organic,East,0.0,241
2026-01-06,Paid,East,713.36,8284
2026-01-06,Email,East,154.85,1479
2026-01-06,Referral,East,106.81,1223
2026-01-06,Organic,West,0.0,374
2026-01-06,Paid,West,827.27,9164
2026-01-06,Email,West,140.87,1330
2026-01-06,Referral,West,113.51,1162
2026-01-07,Organic,North,0.0,285
2026-01-07,Paid,North,883.53,9641
2026-01-07,Email,North,130.14,1308
2026-01-07,Referral,North,99.17,930
2026-01-07,Organic,South,0.0,236
2026-01-07,Paid,South,868.67,7548
2026-01-07,Email,South,156.99,1489
2026-01-07,Referral,South,97.62,977
2026-01-07,Organic,East,0.0,354
2026-01-07,Paid,East,718.65,8348
2026-01-07,Email,East,131.26,1092
2026-01-07,Referral,East,98.61,1125
2026-01-07,Organic,West,0.0,260
2026-01-07,Paid,West,736.33,7786
2026-01-07,Email,West,137.65,1179
2026-01-07,Referral,West,112.28,980
2026-01-08,Organic,North,0.0,207
2026-01-08,Paid,North,749.36,7604
2026-01-08,Email,North,138.11,1419
2026-01-08,Referral,North,99.86,1094
2026-01-08,Organic,South,0.0,483
2026-01-08,Paid,South,837.68,7815
2026-01-08,Email,South,156.54,1395
2026-01-08,Referral,South,97.67,792
2026-01-08,Organic,East,0.0,256
2026-01-08,Paid,East,862.11,7238
2026-01-08,Email,East,129.97,1053
2026-01-08,Referral,East,101.44,1035
2026-01-08,Organic,West,0.0,322
2026-01-08,Paid,West,797.42,8197
2026-01-08,Email,West,151.02,1230
2026-01-08,Referral,West,98.86,1024
2026-01-09,Organic,North,0.0,456
2026-01-09,Paid,North,850.12,9308
2026-01-09,Email,North,146.48,1538
2026-01-09,Referral,North,114.48,1297
2026-01-09,Organic,South,0.0,414
2026-01-09,Paid,South,717.82,7710
2026-01-09,Email,South,165.79,1684
2026-01-09,Referral,South,112.12,1013
2026-01-09,Organic,East,0.0,299
2026-01-09,Paid,East,810.19,8147
2026-01-09,Email,East,166.74,1548
2026-01-09,Referral,East,98.51,977
2026-01-09,Organic,West,0.0,269
2026-01-09,Paid,West,896.94,8595
2026-01-09,Email,West,131.11,1238
2026-01-09,Referral,West,89.75,1055
2026-01-10,Organic,North,0.0,217
2026-01-10,Paid,North,904.7,10685
2026-01-10,Email,North,166.85,1887
2026-01-10,Referral,North,91.9,868
2026-01-10,Organic,South,0.0,458
2026-01-10,Paid,South,907.42,9430
2026-01-10,Email,South,138.53,1616
2026-01-10,Referral,South,96.5,958
2026-01-10,Organic,East,0.0,276
2026-01-10,Paid,East,862.89,10349
2026-01-10,Email,East,170.87,1712
2026-01-10,Referral,East,113.9,1160
2026-01-10,Organic,West,0.0,224
2026-01-10,Paid,West,708.76,7689
2026-01-10,Email,West,164.15,1585
2026-01-10,Referral,West,106.77,1276
2026-01-11,Organic,North,0.0,458
2026-01-11,Paid,North,691.8,6013
2026-01-11,Email,North,149.55,1198
2026-01-11,Referral,North,94.3,915
2026-01-11,Organic,South,0.0,294
2026-01-11,Paid,South,854.22,7658
2026-01-11,Email,South,161.03,1722
2026-01-11,Referral,South,108.47,1254
2026-01-11,Organic,East,0.0,201
2026-01-11,Paid,East,731.6,7316
2026-01-11,Email,East,169.22,1790
2026-01-11,Referral,East,92.97,851
2026-01-11,Organic,West,0.0,288
2026-01-11,Paid,West,730.87,8426
2026-01-11,Email,West,167.44,1844
2026-01-11,Referral,West,85.97,840
2026-01-12,Organic,North,0.0,439
2026-01-12,Paid,North,906.27,10449
2026-01-12,Email,North,140.48,1372
2026-01-12,Referral,North,88.73,710
2026-01-12,Organic,South,0.0,449
2026-01-12,Paid,South,907.43,7482
2026-01-12,Email,South,145.08,1315
2026-01-12,Referral,South,85.93,1002
2026-01-12,Organic,East,0.0,471
2026-01-12,Paid,East,738.52,6110
2026-01-12,Email,East,135.13,1358
2026-01-12,Referral,East,89.85,1048
2026-01-12,Organic,West,0.0,464
2026-01-12,Paid,West,872.82,8189
2026-01-12,Email,West,151.91,1396
2026-01-12,Referral,West,86.48,885
2026-01-13,Organic,North,0.0,313
2026-01-13,Paid,North,748.36,6904
2026-01-13,Email,North,147.06,1270
2026-01-13,Referral,North,105.59,971
2026-01-13,Organic,South,0.0,387
2026-01-13,Paid,South,775.94,6313
2026-01-13,Email,South,166.33,1403
2026-01-13,Referral,South,107.92,1020
2026-01-13,Organic,East,0.0,457
2026-01-13,Paid,East,908.49,8562
2026-01-13,Email,East,149.23,1440
2026-01-13,Referral,East,113.72,1146
2026-01-13,Organic,West,0.0,380
2026-01-13,Paid,West,820.66,7280
2026-01-13,Email,West,154.79,1759
2026-01-13,Referral,West,96.75,1024
2026-01-14,Organic,North,0.0,391
2026-01-14,Paid,North,805.27,9199
2026-01-14,Email,North,149.14,1541
2026-01-14,Referral,North,103.39,1184
2026-01-14,Organic,South,0.0,222
2026-01-14,Paid,South,897.15,10042
2026-01-14,Email,South,165.88,1408
2026-01-14,Referral,South,97.17,1106
2026-01-14,Organic,East,0.0,349
2026-01-14,Paid,East,687.34,5795
2026-01-14,Email,East,162.88,1867
2026-01-14,Referral,East,108.31,965
2026-01-14,Organic,West,0.0,470
2026-01-14,Paid,West,827.33,9591
2026-01-14,Email,West,153.62,1542
2026-01-14,Referral,West,100.62,1107
2026-01-15,Organic,North,0.0,363
2026-01-15,Paid,North,698.15,6655
2026-01-15,Email,North,150.45,1558
2026-01-15,Referral,North,106.64,1239
2026-01-15,Organic,South,0.0,419
2026-01-15,Paid,South,821.88,6742
2026-01-15,Email,South,143.91,1192
2026-01-15,Referral,South,89.45,893
2026-01-15,Organic,East,0.0,433
2026-01-15,Paid,East,733.17,7391
2026-01-15,Email,East,168.85,1527
2026-01-15,Referral,East,92.23,945
2026-01-15,Organic,West,0.0,430
2026-01-15,Paid,West,844.07,9605
2026-01-15,Email,West,146.88,1440
2026-01-15,Referral,West,91.1,987
2026-01-16,Organic,North,0.0,385
2026-01-16,Paid,North,802.31,9039
2026-01-16,Email,North,128.03,1130
2026-01-16,Referral,North,90.41,936
2026-01-16,Organic,South,0.0,327
2026-01-16,Paid,South,844.83,8028
2026-01-16,Email,South,154.47,1831
2026-01-16,Referral,South,101.36,918
2026-01-16,Organic,East,0.0,239
2026-01-16,Paid,East,777.95,7769
2026-01-16,Email,East,137.09,1583
2026-01-16,Referral,East,105.97,939
2026-01-16,Organic,West,0.0,254
2026-01-16,Paid,West,874.28,7581
2026-01-16,Email,West,139.76,1401
2026-01-16,Referral,West,111.77,919
2026-01-17,Organic,North,0.0,271
2026-01-17,Paid,North,829.33,9547
2026-01-17,Email,North,140.06,1413
2026-01-17,Referral,North,110.96,1172
2026-01-17,Organic,South,0.0,393
2026-01-17,Paid,South,882.84,10241
2026-01-17,Email,South,129.7,1049
2026-01-17,Referral,South,94.7,1020
2026-01-17,Organic,East,0.0,439
2026-01-17,Paid,East,890.94,10567
2026-01-17,Email,East,168.03,1919
2026-01-17,Referral,East,100.64,1135
2026-01-17,Organic,West,0.0,370
2026-01-17,Paid,West,917.88,7741
2026-01-17,Email,West,167.52,1895
2026-01-17,Referral,West,106.1,889
2026-01-18,Organic,North,0.0,401
2026-01-18,Paid,North,889.89,9908
2026-01-18,Email,North,148.36,1592
2026-01-18,Referral,North,113.03,1215
2026-01-18,Organic,South,0.0,260
2026-01-18,Paid,South,914.76,7421
2026-01-18,Email,South,129.83,1362
2026-01-18,Referral,South,113.47,992
2026-01-18,Organic,East,0.0,487
2026-01-18,Paid,East,727.72,6733
2026-01-18,Email,East,158.77,1483
2026-01-18,Referral,East,113.43,1344
2026-01-18,Organic,West,0.0,347
2026-01-18,Paid,West,919.51,10503
2026-01-18,Email,West,140.99,1570
2026-01-18,Referral,West,105.34,1170
2026-01-19,Organic,North,0.0,286
2026-01-19,Paid,North,805.51,7035
2026-01-19,Email,North,130.97,1323
2026-01-19,Referral,North,98.22,1030
2026-01-19,Organic,South,0.0,414
2026-01-19,Paid,South,910.89,7298
2026-01-19,Email,South,166.77,1404
2026-01-19,Referral,South,114.31,958
2026-01-19,Organic,East,0.0,270
2026-01-19,Paid,East,858.13,8763
2026-01-19,Email,East,134.66,1417
2026-01-19,Referral,East,102.17,945
2026-01-19,Organic,West,0.0,436
2026-01-19,Paid,West,802.84,6949
2026-01-19,Email,West,142.08,1423
2026-01-19,Referral,West,113.96,1216
2026-01-20,Organic,North,0.0,255
2026-01-20,Paid,North,912.84,7658
2026-01-20,Email,North,160.53,1802
2026-01-20,Referral,North,101.42,995
2026-01-20,Organic,South,0.0,377
2026-01-20,Paid,South,869.73,9758
2026-01-20,Email,South,128.43,1196
2026-01-20,Referral,South,114.58,1145
2026-01-20,Organic,East,0.0,319
2026-01-20,Paid,East,806.6,6887
2026-01-20,Email,East,169.51,2009
2026-01-20,Referral,East,113.21,1036
2026-01-20,Organic,West,0.0,221
2026-01-20,Paid,West,824.64,7776
2026-01-20,Email,West,170.63,1749
2026-01-20,Referral,West,86.03,1028
2026-01-21,Organic,North,0.0,433
2026-01-21,Paid,North,793.08,8922
2026-01-21,Email,North,141.63,1308
2026-01-21,Referral,North,93.42,1044
2026-01-21,Organic,South,0.0,482
2026-01-21,Paid,South,835.52,8541
2026-01-21,Email,South,151.75,1405
2026-01-21,Referral,South,108.15,941
2026-01-21,Organic,East,0.0,452
2026-01-21,Paid,East,771.96,8952
2026-01-21,Email,East,158.63,1483
2026-01-21,Referral,East,102.88,1067
2026-01-21,Organic,West,0.0,321
2026-01-21,Paid,West,707.25,6652
2026-01-21,Email,West,132.2,1582
2026-01-21,Referral,West,103.33,1206
2026-01-22,Organic,North,0.0,393
2026-01-22,Paid,North,829.57,9160
2026-01-22,Email,North,158.46,1277
2026-01-22,Referral,North,97.19,838
2026-01-22,Organic,South,0.0,205
2026-01-22,Paid,South,879.1,7631
2026-01-22,Email,South,138.37,1576
2026-01-22,Referral,South,113.23,1139
2026-01-22,Organic,East,0.0,355
2026-01-22,Paid,East,716.91,5781
2026-01-22,Email,East,137.43,1282
2026-01-22,Referral,East,110.07,1056
2026-01-22,Organic,West,0.0,262
2026-01-22,Paid,West,857.5,8933
2026-01-22,Email,West,155.82,1430
2026-01-22,Referral,West,113.03,987
2026-01-23,Organic,North,0.0,214
2026-01-23,Paid,North,730.62,6108
2026-01-23,Email,North,132.96,1571
2026-01-23,Referral,North,90.67,983
2026-01-23,Organic,South,0.0,257
2026-01-23,Paid,South,822.01,8508
2026-01-23,Email,South,135.44,1357
2026-01-23,Referral,South,85.68,950
2026-01-23,Organic,East,0.0,225
2026-01-23,Paid,East,763.9,7596
2026-01-23,Email,East,153.58,1512
2026-01-23,Referral,East,111.32,1009
2026-01-23,Organic,West,0.0,389
2026-01-23,Paid,West,730.43,7285
2026-01-23,Email,West,139.11,1251
2026-01-23,Referral,West,89.67,805
2026-01-24,Organic,North,0.0,271
2026-01-24,Paid,North,844.62,7494
2026-01-24,Email,North,169.89,2032
2026-01-24,Referral,North,98.9,1040
2026-01-24,Organic,South,0.0,282
2026-01-24,Paid,South,684.36,7488
2026-01-24,Email,South,145.31,1321
2026-01-24,Referral,South,114.91,1282
2026-01-24,Organic,East,0.0,467
2026-01-24,Paid,East,776.8,7220
2026-01-24,Email,East,148.21,1561
2026-01-24,Referral,East,109.49,878
2026-01-24,Organic,West,0.0,208
2026-01-24,Paid,West,791.64,8033
2026-01-24,Email,West,149.41,1730
2026-01-24,Referral,West,89.56,934
2026-01-25,Organic,North,0.0,370
2026-01-25,Paid,North,831.64,9824
2026-01-25,Email,North,147.17,1279
2026-01-25,Referral,North,103.96,1030
2026-01-25,Organic,South,0.0,203
2026-01-25,Paid,South,770.5,8203
2026-01-25,Email,South,170.57,1822
2026-01-25,Referral,South,111.42,1110
2026-01-25,Organic,East,0.0,334
2026-01-25,Paid,East,784.15,8635
2026-01-25,Email,East,150.36,1657
2026-01-25,Referral,East,110.49,1321
2026-01-25,Organic,West,0.0,288
2026-01-25,Paid,West,759.65,8171
2026-01-25,Email,West,170.75,1488
2026-01-25,Referral,West,103.21,928
2026-01-26,Organic,North,0.0,262
2026-01-26,Paid,North,844.19,10048
2026-01-26,Email,North,163.21,1669
2026-01-26,Referral,North,97.0,1060
2026-01-26,Organic,South,0.0,251
2026-01-26,Paid,South,773.57,7980
2026-01-26,Email,South,154.71,1347
2026-01-26,Referral,South,111.92,1005
2026-01-26,Organic,East,0.0,450
2026-01-26,Paid,East,864.95,6996
2026-01-26,Email,East,136.96,1474
2026-01-26,Referral,East,113.89,1134
2026-01-26,Organic,West,0.0,242
2026-01-26,Paid,West,714.66,8218
2026-01-26,Email,West,153.9,1390
2026-01-26,Referral,West,87.79,916
2026-01-27,Organic,North,0.0,298
2026-01-27,Paid,North,833.75,7818
2026-01-27,Email,North,136.72,1497
2026-01-27,Referral,North,107.68,1038
2026-01-27,Organic,South,0.0,341
2026-01-27,Paid,South,904.53,8157
2026-01-27,Email,South,138.58,1205
2026-01-27,Referral,South,86.09,892
2026-01-27,Organic,East,0.0,449
2026-01-27,Paid,East,795.49,8593
2026-01-27,Email,East,154.46,1420
2026-01-27,Referral,East,106.13,983
2026-01-27,Organic,West,0.0,468
2026-01-27,Paid,West,682.47,6038
2026-01-27,Email,West,146.89,1265
2026-01-27,Referral,West,112.57,1149
2026-01-28,Organic,North,0.0,331
2026-01-28,Paid,North,846.38,9019
2026-01-28,Email,North,130.24,1146
2026-01-28,Referral,North,92.44,977
2026-01-28,Organic,South,0.0,483
2026-01-28,Paid,South,686.61,7684
2026-01-28,Email,South,149.11,1648
2026-01-28,Referral,South,100.24,892
2026-01-28,Organic,East,0.0,345
2026-01-28,Paid,East,817.41,9755
2026-01-28,Email,East,157.8,1596
2026-01-28,Referral,East,94.63,965
2026-01-28,Organic,West,0.0,376
2026-01-28,Paid,West,805.43,7161
2026-01-28,Email,West,130.83,1311
2026-01-28,Referral,West,90.26,966
2026-01-29,Organic,North,0.0,265
2026-01-29,Paid,North,715.87,7107
2026-01-29,Email,North,154.52,1480
2026-01-29,Referral,North,101.54,860
2026-01-29,Organic,South,0.0,366
2026-01-29,Paid,South,811.75,8827
2026-01-29,Email,South,157.09,1614
2026-01-29,Referral,South,107.12,888
2026-01-29,Organic,East,0.0,374
2026-01-29,Paid,East,758.62,8981
2026-01-29,Email,East,155.19,1575
2026-01-29,Referral,East,95.43,967
2026-01-29,Organic,West,0.0,365
2026-01-29,Paid,West,781.29,7505
2026-01-29,Email,West,167.88,1808
2026-01-29,Referral,West,92.77,1046
2026-01-30,Organic,North,0.0,302
2026-01-30,Paid,North,898.39,10360
2026-01-30,Email,North,166.25,1539
2026-01-30,Referral,North,99.16,1041
2026-01-30,Organic,South,0.0,374
2026-01-30,Paid,South,711.51,6744
2026-01-30,Email,South,137.82,1362
2026-01-30,Referral,South,114.35,1064
2026-01-30,Organic,East,0.0,253
2026-01-30,Paid,East,796.6,7285
2026-01-30,Email,East,166.09,1822
2026-01-30,Referral,East,104.77,1210
2026-01-30,Organic,West,0.0,393
2026-01-30,Paid,West,915.71,9355
2026-01-30,Email,West,161.38,1696
2026-01-30,Referral,West,110.76,1307
2026-01-31,Organic,North,0.0,263
2026-01-31,Paid,North,852.86,9164
2026-01-31,Email,North,136.76,1562
2026-01-31,Referral,North,112.08,963
2026-01-31,Organic,South,0.0,271
2026-01-31,Paid,South,896.05,7803
2026-01-31,Email,South,157.08,1688
2026-01-31,Referral,South,103.61,1219
2026-01-31,Organic,East,0.0,392
2026-01-31,Paid,East,682.27,5781
2026-01-31,Email,East,143.25,1517
2026-01-31,Referral,East,109.78,1044
2026-01-31,Organic,West,0.0,441
2026-01-31,Paid,West,824.8,9023
2026-01-31,Email,West,150.81,1460
2026-01-31,Referral,West,95.41,865
2026-02-01,Organic,North,0.0,394
2026-02-01,Paid,North,765.56,6919
2026-02-01,Email,North,152.92,1647
2026-02-01,Referral,North,92.87,901
2026-02-01,Organic,South,0.0,492
2026-02-01,Paid,South,872.21,7294
2026-02-01,Email,South,150.04,1400
2026-02-01,Referral,South,112.88,1067
2026-02-01,Organic,East,0.0,284
2026-02-01,Paid,East,801.81,7106
2026-02-01,Email,East,136.43,1214
2026-02-01,Referral,East,105.2,931
2026-02-01,Organic,West,0.0,285
2026-02-01,Paid,West,860.68,7826
2026-02-01,Email,West,157.82,1267
2026-02-01,Referral,West,104.69,871
2026-02-02,Organic,North,0.0,439
2026-02-02,Paid,North,871.49,10050
2026-02-02,Email,North,153.72,1397
2026-02-02,Referral,North,114.61,960
2026-02-02,Organic,South,0.0,485
2026-02-02,Paid,South,796.17,9257
2026-02-02,Email,South,155.82,1271
2026-02-02,Referral,South,86.45,990
2026-02-02,Organic,East,0.0,337
2026-02-02,Paid,East,705.59,7361
2026-02-02,Email,East,165.87,1383
2026-02-02,Referral,East,110.6,1071
2026-02-02,Organic,West,0.0,476
2026-02-02,Paid,West,700.07,6196
2026-02-02,Email,West,145.19,1690
2026-02-02,Referral,West,109.48,1172
2026-02-03,Organic,North,0.0,494
2026-02-03,Paid,North,757.28,6806
2026-02-03,Email,North,132.06,1335
2026-02-03,Referral,North,89.17,1030
2026-02-03,Organic,South,0.0,262
2026-02-03,Paid,South,858.58,8610
2026-02-03,Email,South,132.67,1412
2026-02-03,Referral,South,91.35,1043
2026-02-03,Organic,East,0.0,233
2026-02-03,Paid,East,850.56,9030
2026-02-03,Email,East,143.74,1378
2026-02-03,Referral,East,114.2,1365
2026-02-03,Organic,West,0.0,332
2026-02-03,Paid,West,795.56,7420
2026-02-03,Email,West,163.68,1759
2026-02-03,Referral,West,103.64,1240
2026-02-04,Organic,North,0.0,396
2026-02-04,Paid,North,744.34,6847
2026-02-04,Email,North,161.41,1933
2026-02-04,Referral,North,96.51,1033
2026-02-04,Organic,South,0.0,485
2026-02-04,Paid,South,786.54,6592
2026-02-04,Email,South,159.93,1871
2026-02-04,Referral,South,92.96,862
2026-02-04,Organic,East,0.0,400
2026-02-04,Paid,East,786.54,7219
2026-02-04,Email,East,146.57,1188
2026-02-04,Referral,East,85.8,907
2026-02-04,Organic,West,0.0,453
2026-02-04,Paid,West,680.32,6354
2026-02-04,Email,West,138.54,1369
2026-02-04,Referral,West,94.04,1032
2026-02-05,Organic,North,0.0,241
2026-02-05,Paid,North,901.26,7589
2026-02-05,Email,North,138.18,1609
2026-02-05,Referral,North,85.51,693
2026-02-05,Organic,South,0.0,408
2026-02-05,Paid,South,835.33,9745
2026-02-05,Email,South,166.12,1685
2026-02-05,Referral,South,89.0,853
2026-02-05,Organic,East,0.0,237
2026-02-05,Paid,East,864.82,8591
2026-02-05,Email,East,151.35,1522
2026-02-05,Referral,East,88.07,712
2026-02-05,Organic,West,0.0,452
2026-02-05,Paid,West,726.83,7194
2026-02-05,Email,West,132.5,1475
2026-02-05,Referral,West,94.86,1008
2026-02-06,Organic,North,0.0,297
2026-02-06,Paid,North,816.38,8643
2026-02-06,Email,North,138.39,1171
2026-02-06,Referral,North,108.04,941
2026-02-06,Organic,South,0.0,233
2026-02-06,Paid,South,708.18,7669
2026-02-06,Email,South,147.62,1427
2026-02-06,Referral,South,92.31,1078
2026-02-06,Organic,East,0.0,480
2026-02-06,Paid,East,720.71,6797
2026-02-06,Email,East,152.19,1662
2026-02-06,Referral,East,110.69,1055
2026-02-06,Organic,West,0.0,466
2026-02-06,Paid,West,847.36,7876
2026-02-06,Email,West,171.97,1530
2026-02-06,Referral,West,92.44,1060
2026-02-07,Organic,North,0.0,366
2026-02-07,Paid,North,747.93,8638
2026-02-07,Email,North,138.87,1370
2026-02-07,Referral,North,87.08,1035
2026-02-07,Organic,South,0.0,261
2026-02-07,Paid,South,711.99,7885
2026-02-07,Email,South,154.6,1357
2026-02-07,Referral,South,102.55,1169
2026-02-07,Organic,East,0.0,261
2026-02-07,Paid,East,724.08,7043
2026-02-07,Email,East,161.06,1663
2026-02-07,Referral,East,96.62,989
2026-02-07,Organic,West,0.0,219
2026-02-07,Paid,West,725.82,8389
2026-02-07,Email,West,157.6,1474
2026-02-07,Referral,West,89.87,1006
2026-02-08,Organic,North,0.0,300
2026-02-08,Paid,North,909.03,9794
2026-02-08,Email,North,162.95,1549
2026-02-08,Referral,North,97.25,912
2026-02-08,Organic,South,0.0,216
2026-02-08,Paid,South,690.95,7571
2026-02-08,Email,South,152.88,1821
2026-02-08,Referral,South,98.45,848
2026-02-08,Organic,East,0.0,361
2026-02-08,Paid,East,883.48,8920
2026-02-08,Email,East,166.1,1358
2026-02-08,Referral,East,97.7,1019
2026-02-08,Organic,West,0.0,357
2026-02-08,Paid,West,830.56,7956
2026-02-08,Email,West,127.91,1158
2026-02-08,Referral,West,93.14,1107
2026-02-09,Organic,North,0.0,227
2026-02-09,Paid,North,758.28,8475
2026-02-09,Email,North,156.49,1722
2026-02-09,Referral,North,100.7,1006
2026-02-09,Organic,South,0.0,359
2026-02-09,Paid,South,744.53,8518
2026-02-09,Email,South,127.89,1408
2026-02-09,Referral,South,113.92,1055
2026-02-09,Organic,East,0.0,334
2026-02-09,Paid,East,781.76,8521
2026-02-09,Email,East,133.13,1255
2026-02-09,Referral,East,106.05,1066
2026-02-09,Organic,West,0.0,482
2026-02-09,Paid,West,831.92,8822
2026-02-09,Email,West,153.27,1317
2026-02-09,Referral,West,89.18,908
2026-02-10,Organic,North,0.0,214
2026-02-10,Paid,North,889.24,10585
2026-02-10,Email,North,170.57,1757
2026-02-10,Referral,North,100.07,1188
2026-02-10,Organic,South,0.0,239
2026-02-10,Paid,South,774.29,6527
2026-02-10,Email,South,139.75,1660
2026-02-10,Referral,South,105.53,1260
2026-02-10,Organic,East,0.0,488
2026-02-10,Paid,East,789.55,7257
2026-02-10,Email,East,166.43,1336
2026-02-10,Referral,East,98.25,1082
2026-02-10,Organic,West,0.0,269
2026-02-10,Paid,West,912.52,8345
2026-02-10,Email,West,148.02,1578
2026-02-10,Referral,West,111.78,897
2026-02-11,Organic,North,0.0,323
2026-02-11,Paid,North,727.12,8282
2026-02-11,Email,North,166.35,1366
2026-02-11,Referral,North,87.84,781
2026-02-11,Organic,South,0.0,339
2026-02-11,Paid,South,681.72,6689
2026-02-11,Email,South,131.76,1157
2026-02-11,Referral,South,99.68,894
2026-02-11,Organic,East,0.0,344
2026-02-11,Paid,East,694.21,7601
2026-02-11,Email,East,152.95,1825
2026-02-11,Referral,East,97.4,1028
2026-02-11,Organic,West,0.0,236
2026-02-11,Paid,West,858.74,9377
2026-02-11,Email,West,160.32,1417
2026-02-11,Referral,West,102.28,1179
2026-02-12,Organic,North,0.0,269
2026-02-12,Paid,North,754.52,7619
2026-02-12,Email,North,172.49,1951
2026-02-12,Referral,North,98.76,825
2026-02-12,Organic,South,0.0,399
2026-02-12,Paid,South,703.08,5628
2026-02-12,Email,South,153.12,1470
2026-02-12,Referral,South,96.11,840
2026-02-12,Organic,East,0.0,328
2026-02-12,Paid,East,797.62,7733
2026-02-12,Email,East,133.96,1532
2026-02-12,Referral,East,103.32,904
2026-02-12,Organic,West,0.0,249
2026-02-12,Paid,West,886.43,10468
2026-02-12,Email,West,149.04,1645
2026-02-12,Referral,West,109.58,1018
2026-02-13,Organic,North,0.0,422
2026-02-13,Paid,North,806.2,8305
2026-02-13,Email,North,128.77,1060
2026-02-13,Referral,North,110.24,1103
2026-02-13,Organic,South,0.0,395
2026-02-13,Paid,South,794.35,8542
2026-02-13,Email,South,157.29,1433
2026-02-13,Referral,South,101.68,1015
2026-02-13,Organic,East,0.0,368
2026-02-13,Paid,East,740.57,6839
2026-02-13,Email,East,131.68,1247
2026-02-13,Referral,East,105.43,1244
2026-02-13,Organic,West,0.0,259
2026-02-13,Paid,West,915.06,10168
2026-02-13,Email,West,164.86,1339
2026-02-13,Referral,West,113.75,1152
2026-02-14,Organic,North,0.0,238
2026-02-14,Paid,North,885.16,10436
2026-02-14,Email,North,169.79,1966
2026-02-14,Referral,North,107.99,1123
2026-02-14,Organic,South,0.0,356
2026-02-14,Paid,South,835.7,9554
2026-02-14,Email,South,147.9,1681
2026-02-14,Referral,South,89.43,1035
2026-02-14,Organic,East,0.0,499
2026-02-14,Paid,East,861.74,10097
2026-02-14,Email,East,133.77,1272
2026-02-14,Referral,East,95.04,996
2026-02-14,Organic,West,0.0,431
2026-02-14,Paid,West,835.84,7410
2026-02-14,Email,West,171.97,1713
2026-02-14,Referral,West,94.64,1066
2026-02-15,Organic,North,0.0,455
2026-02-15,Paid,North,707.54,7830
2026-02-15,Email,North,157.88,1600
2026-02-15,Referral,North,88.28,895
2026-02-15,Organic,South,0.0,296
2026-02-15,Paid,South,754.26,7862
2026-02-15,Email,South,148.03,1649
2026-02-15,Referral,South,114.46,1053
2026-02-15,Organic,East,0.0,464
2026-02-15,Paid,East,804.94,8116
2026-02-15,Email,East,131.61,1054
2026-02-15,Referral,East,106.73,890
2026-02-15,Organic,West,0.0,248
2026-02-15,Paid,West,834.76,8090
2026-02-15,Email,West,161.18,1626
2026-02-15,Referral,West,112.59,1061
2026-02-16,Organic,North,0.0,273
2026-02-16,Paid,North,853.29,7911
2026-02-16,Email,North,137.55,1576
2026-02-16,Referral,North,91.89,959
2026-02-16,Organic,South,0.0,494
2026-02-16,Paid,South,810.03,8029
2026-02-16,Email,South,168.32,1973
2026-02-16,Referral,South,92.19,752
2026-02-16,Organic,East,0.0,380
2026-02-16,Paid,East,728.71,6769
2026-02-16,Email,East,153.41,1581
2026-02-16,Referral,East,89.74,839
2026-02-16,Organic,West,0.0,274
2026-02-16,Paid,West,689.8,7552
2026-02-16,Email,West,159.52,1867
2026-02-16,Referral,West,105.4,1044
2026-02-17,Organic,North,0.0,392
2026-02-17,Paid,North,688.15,6328
2026-02-17,Email,North,155.0,1277
2026-02-17,Referral,North,109.07,1197
2026-02-17,Organic,South,0.0,483
2026-02-17,Paid,South,775.66,7294
2026-02-17,Email,South,143.82,1518
2026-02-17,Referral,South,89.05,1062
2026-02-17,Organic,East,0.0,495
2026-02-17,Paid,East,699.07,6372
2026-02-17,Email,East,127.83,1105
2026-02-17,Referral,East,92.14,815
2026-02-17,Organic,West,0.0,418
2026-02-17,Paid,West,851.38,7706
2026-02-17,Email,West,168.61,1505
2026-02-17,Referral,West,109.57,1160
2026-02-18,Organic,North,0.0,249
2026-02-18,Paid,North,900.7,10253
2026-02-18,Email,North,139.53,1606
2026-02-18,Referral,North,92.91,1064
2026-02-18,Organic,South,0.0,266
2026-02-18,Paid,South,681.69,5969
2026-02-18,Email,South,157.0,1460
2026-02-18,Referral,South,104.49,897
2026-02-18,Organic,East,0.0,204
2026-02-18,Paid,East,750.45,6255
2026-02-18,Email,East,170.24,1707
2026-02-18,Referral,East,94.29,1080
2026-02-18,Organic,West,0.0,364
2026-02-18,Paid,West,837.35,8117
2026-02-18,Email,West,145.4,1409
2026-02-18,Referral,West,93.27,853
2026-02-19,Organic,North,0.0,349
2026-02-19,Paid,North,746.29,7219
2026-02-19,Email,North,144.16,1349
2026-02-19,Referral,North,91.31,860
2026-02-19,Organic,South,0.0,380
2026-02-19,Paid,South,831.52,9842
2026-02-19,Email,South,137.15,1448
2026-02-19,Referral,South,97.83,1161
2026-02-19,Organic,East,0.0,426
2026-02-19,Paid,East,752.89,6486
2026-02-19,Email,East,137.28,1330
2026-02-19,Referral,East,102.92,1207
2026-02-19,Organic,West,0.0,484
2026-02-19,Paid,West,833.35,8187
2026-02-19,Email,West,155.19,1245
2026-02-19,Referral,West,100.69,1153
2026-02-20,Organic,North,0.0,330
2026-02-20,Paid,North,710.11,7406
2026-02-20,Email,North,131.11,1183
2026-02-20,Referral,North,112.79,980
2026-02-20,Organic,South,0.0,226
2026-02-20,Paid,South,738.54,7772
2026-02-20,Email,South,138.33,1554
2026-02-20,Referral,South,92.03,1006
2026-02-20,Organic,East,0.0,489
2026-02-20,Paid,East,700.02,6569
2026-02-20,Email,East,164.62,1770
2026-02-20,Referral,East,98.0,1109
2026-02-20,Organic,West,0.0,326
2026-02-20,Paid,West,809.71,8484
2026-02-20,Email,West,128.49,1047
2026-02-20,Referral,West,105.74,1219
2026-02-21,Organic,North,0.0,366
2026-02-21,Paid,North,718.01,8229
2026-02-21,Email,North,138.25,1653
2026-02-21,Referral,North,103.28,851
2026-02-21,Organic,South,0.0,363
2026-02-21,Paid,South,738.95,8325
2026-02-21,Email,South,163.0,1873
2026-02-21,Referral,South,108.25,1038
2026-02-21,Organic,East,0.0,378
2026-02-21,Paid,East,771.63,7633
2026-02-21,Email,East,141.34,1216
2026-02-21,Referral,East,95.07,1007
2026-02-21,Organic,West,0.0,207
2026-02-21,Paid,West,875.88,7306
2026-02-21,Email,West,136.06,1413
2026-02-21,Referral,West,86.88,843
2026-02-22,Organic,North,0.0,474
2026-02-22,Paid,North,683.77,6972
2026-02-22,Email,North,163.96,1961
2026-02-22,Referral,North,105.87,889
2026-02-22,Organic,South,0.0,201
2026-02-22,Paid,South,784.49,6584
2026-02-22,Email,South,159.6,1655
2026-02-22,Referral,South,95.49,778
2026-02-22,Organic,East,0.0,245
2026-02-22,Paid,East,775.79,7679
2026-02-22,Email,East,137.04,1097
2026-02-22,Referral,East,102.6,1187
2026-02-22,Organic,West,0.0,279
2026-02-22,Paid,West,689.66,5928
2026-02-22,Email,West,145.64,1736
2026-02-22,Referral,West,112.3,974
2026-02-23,Organic,North,0.0,471
2026-02-23,Paid,North,804.75,8070
2026-02-23,Email,North,137.86,1446
2026-02-23,Referral,North,112.43,1313
2026-02-23,Organic,South,0.0,381
2026-02-23,Paid,South,882.5,7806
2026-02-23,Email,South,157.74,1365
2026-02-23,Referral,South,113.07,1181
2026-02-23,Organic,East,0.0,415
2026-02-23,Paid,East,892.96,10340
2026-02-23,Email,East,148.79,1751
2026-02-23,Referral,East,114.35,930
2026-02-23,Organic,West,0.0,327
2026-02-23,Paid,West,845.33,8191
2026-02-23,Email,West,163.45,1849
2026-02-23,Referral,West,105.29,1135
2026-02-24,Organic,North,0.0,236
2026-02-24,Paid,North,836.08,7216
2026-02-24,Email,North,139.96,1163
2026-02-24,Referral,North,109.0,1213
2026-02-24,Organic,South,0.0,337
2026-02-24,Paid,South,828.0,6734
2026-02-24,Email,South,169.54,1766
2026-02-24,Referral,South,112.98,1041
2026-02-24,Organic,East,0.0,386
2026-02-24,Paid,East,689.83,6566
2026-02-24,Email,East,164.63,1464
2026-02-24,Referral,East,91.53,911
2026-02-24,Organic,West,0.0,275
2026-02-24,Paid,West,867.0,7280
2026-02-24,Email,West,150.59,1634
2026-02-24,Referral,West,104.13,1023
2026-02-25,Organic,North,0.0,230
2026-02-25,Paid,North,855.01,9491
2026-02-25,Email,North,162.16,1736
2026-02-25,Referral,North,99.05,854
2026-02-25,Organic,South,0.0,268
2026-02-25,Paid,South,809.28,7867
2026-02-25,Email,South,145.66,1413
2026-02-25,Referral,South,103.84,1091
2026-02-25,Organic,East,0.0,230
2026-02-25,Paid,East,685.71,6416
2026-02-25,Email,East,166.05,1796
2026-02-25,Referral,East,86.29,1006
2026-02-25,Organic,West,0.0,200
2026-02-25,Paid,West,704.49,7314
2026-02-25,Email,West,168.79,1470
2026-02-25,Referral,West,107.28,927
2026-02-26,Organic,North,0.0,252
2026-02-26,Paid,North,908.27,9713
2026-02-26,Email,North,165.45,1796
2026-02-26,Referral,North,89.79,938
2026-02-26,Organic,South,0.0,312
2026-02-26,Paid,South,850.48,7364
2026-02-26,Email,South,171.03,1650
2026-02-26,Referral,South,107.98,1267
2026-02-26,Organic,East,0.0,436
2026-02-26,Paid,East,696.32,7653
2026-02-26,Email,East,152.58,1519
2026-02-26,Referral,East,108.08,916
2026-02-26,Organic,West,0.0,354
2026-02-26,Paid,West,732.62,7417
2026-02-26,Email,West,133.67,1593
2026-02-26,Referral,West,110.07,950
2026-02-27,Organic,North,0.0,247
2026-02-27,Paid,North,846.19,7992
2026-02-27,Email,North,140.48,1649
2026-02-27,Referral,North,104.72,1069
2026-02-27,Organic,South,0.0,369
2026-02-27,Paid,South,732.76,7110
2026-02-27,Email,South,143.46,1536
2026-02-27,Referral,South,88.69,760
2026-02-27,Organic,East,0.0,259
2026-02-27,Paid,East,895.03,7702
2026-02-27,Email,East,165.11,1765
2026-02-27,Referral,East,85.4,957
2026-02-27,Organic,West,0.0,464
2026-02-27,Paid,West,792.88,8980
2026-02-27,Email,West,143.36,1536
2026-02-27,Referral,West,95.72,1033
2026-02-28,Organic,North,0.0,462
2026-02-28,Paid,North,833.98,8193
2026-02-28,Email,North,162.05,1336
2026-02-28,Referral,North,89.37,1012
2026-02-28,Organic,South,0.0,353
2026-02-28,Paid,South,805.93,8669
2026-02-28,Email,South,139.03,1244
2026-02-28,Referral,South,97.76,1073
2026-02-28,Organic,East,0.0,307
2026-02-28,Paid,East,779.45,7019
2026-02-28,Email,East,140.15,1144
2026-02-28,Referral,East,107.31,978
2026-02-28,Organic,West,0.0,277
2026-02-28,Paid,West,732.76,6244
2026-02-28,Email,West,170.06,1469
2026-02-28,Referral,West,88.49,811
2026-03-01,Organic,North,0.0,370
2026-03-01,Paid,North,804.24,8370
2026-03-01,Email,North,153.49,1402
2026-03-01,Referral,North,85.1,990
2026-03-01,Organic,South,0.0,405
2026-03-01,Paid,South,831.35,8784
2026-03-01,Email,South,156.43,1805
2026-03-01,Referral,South,95.33,1123
2026-03-01,Organic,East,0.0,479
2026-03-01,Paid,East,717.28,8226
2026-03-01,Email,East,137.94,1494
2026-03-01,Referral,East,88.83,917
2026-03-01,Organic,West,0.0,355
2026-03-01,Paid,West,815.87,8318
2026-03-01,Email,West,158.91,1508
2026-03-01,Referral,West,87.77,896
2026-03-02,Organic,North,0.0,239
2026-03-02,Paid,North,788.44,9319
2026-03-02,Email,North,135.61,1258
2026-03-02,Referral,North,97.46,846
2026-03-02,Organic,South,0.0,432
2026-03-02,Paid,South,833.61,8023
2026-03-02,Email,South,162.65,1684
2026-03-02,Referral,South,112.37,954
2026-03-02,Organic,East,0.0,402
2026-03-02,Paid,East,721.47,7675
2026-03-02,Email,East,160.43,1333
2026-03-02,Referral,East,109.24,999
2026-03-02,Organic,West,0.0,317
2026-03-02,Paid,West,885.87,9039
2026-03-02,Email,West,153.03,1575
2026-03-02,Referral,West,113.3,1230
2026-03-03,Organic,North,0.0,395
2026-03-03,Paid,North,787.47,7963
2026-03-03,Email,North,142.83,1185
2026-03-03,Referral,North,108.13,1038
2026-03-03,Organic,South,0.0,299
2026-03-03,Paid,South,788.55,8391
2026-03-03,Email,South,148.77,1767
2026-03-03,Referral,South,103.29,959
2026-03-03,Organic,East,0.0,424
2026-03-03,Paid,East,822.94,8434
2026-03-03,Email,East,157.96,1714
2026-03-03,Referral,East,106.64,1218
2026-03-03,Organic,West,0.0,497
2026-03-03,Paid,West,822.67,8700
2026-03-03,Email,West,162.86,1732
2026-03-03,Referral,West,88.48,929
2026-03-04,Organic,North,0.0,209
2026-03-04,Paid,North,787.31,6696
2026-03-04,Email,North,158.66,1812
2026-03-04,Referral,North,101.1,1128
2026-03-04,Organic,South,0.0,435
2026-03-04,Paid,South,728.82,6982
2026-03-04,Email,South,171.24,1501
2026-03-04,Referral,South,85.48,930
2026-03-04,Organic,East,0.0,494
2026-03-04,Paid,East,868.27,8353
2026-03-04,Email,East,148.04,1329
2026-03-04,Referral,East,100.75,910
2026-03-04,Organic,West,0.0,494
2026-03-04,Paid,West,821.33,7089
2026-03-04,Email,West,163.8,1409
2026-03-04,Referral,West,103.65,1009
2026-03-05,Organic,North,0.0,276
2026-03-05,Paid,North,880.51,10477
2026-03-05,Email,North,166.68,1704
2026-03-05,Referral,North,87.18,1031
2026-03-05,Organic,South,0.0,335
2026-03-05,Paid,South,893.99,10424
2026-03-05,Email,South,144.94,1456
2026-03-05,Referral,South,108.29,1292
2026-03-05,Organic,East,0.0,295
2026-03-05,Paid,East,873.22,9582
2026-03-05,Email,East,128.65,1082
2026-03-05,Referral,East,97.77,1001
2026-03-05,Organic,West,0.0,491
2026-03-05,Paid,West,761.43,8438
2026-03-05,Email,West,170.89,1943
2026-03-05,Referral,West,109.79,911
2026-03-06,Organic,North,0.0,281
2026-03-06,Paid,North,905.6,10540
2026-03-06,Email,North,138.99,1605
2026-03-06,Referral,North,102.96,1153
2026-03-06,Organic,South,0.0,429
2026-03-06,Paid,South,878.86,7836
2026-03-06,Email,South,172.28,1515
2026-03-06,Referral,South,110.62,972
2026-03-06,Organic,East,0.0,345
2026-03-06,Paid,East,722.81,7071
2026-03-06,Email,East,167.35,1847
2026-03-06,Referral,East,87.85,922
2026-03-06,Organic,West,0.0,472
2026-03-06,Paid,West,856.37,10001
2026-03-06,Email,West,145.51,1604
2026-03-06,Referral,West,96.17,860
2026-03-07,Organic,North,0.0,252
2026-03-07,Paid,North,723.02,6595
2026-03-07,Email,North,161.2,1340
2026-03-07,Referral,North,110.39,907
2026-03-07,Organic,South,0.0,384
2026-03-07,Paid,South,839.28,8789
2026-03-07,Email,South,156.1,1712
2026-03-07,Referral,South,108.45,1090
2026-03-07,Organic,East,0.0,449
2026-03-07,Paid,East,703.58,5839
2026-03-07,Email,East,157.46,1836
2026-03-07,Referral,East,106.07,1120
2026-03-07,Organic,West,0.0,257
2026-03-07,Paid,West,717.44,7772
2026-03-07,Email,West,170.76,1808
2026-03-07,Referral,West,97.86,1153
2026-03-08,Organic,North,0.0,413
2026-03-08,Paid,North,799.59,7986
2026-03-08,Email,North,167.12,1814
2026-03-08,Referral,North,98.47,1096
2026-03-08,Organic,South,0.0,273
2026-03-08,Paid,South,909.33,8614
2026-03-08,Email,South,152.32,1446
2026-03-08,Referral,South,114.96,1084
2026-03-08,Organic,East,0.0,387
2026-03-08,Paid,East,801.91,7372
2026-03-08,Email,East,163.0,1881
2026-03-08,Referral,East,113.52,996
2026-03-08,Organic,West,0.0,272
2026-03-08,Paid,West,881.83,9093
2026-03-08,Email,West,151.84,1818
2026-03-08,Referral,West,86.01,734
2026-03-09,Organic,North,0.0,313
2026-03-09,Paid,North,809.06,7192
2026-03-09,Email,North,141.33,1610
2026-03-09,Referral,North,98.15,1029
2026-03-09,Organic,South,0.0,321
2026-03-09,Paid,South,866.42,7369
2026-03-09,Email,South,153.7,1483
2026-03-09,Referral,South,107.76,1204
2026-03-09,Organic,East,0.0,460
2026-03-09,Paid,East,908.53,9347
2026-03-09,Email,East,168.65,1835
2026-03-09,Referral,East,100.25,842
2026-03-09,Organic,West,0.0,384
2026-03-09,Paid,West,690.29,6765
2026-03-09,Email,West,149.56,1766
2026-03-09,Referral,West,102.39,1069
2026-03-10,Organic,North,0.0,300
2026-03-10,Paid,North,748.55,6205
2026-03-10,Email,North,139.19,1635
2026-03-10,Referral,North,109.26,952
2026-03-10,Organic,South,0.0,247
2026-03-10,Paid,South,912.48,8871
2026-03-10,Email,South,157.47,1427
2026-03-10,Referral,South,92.68,910
2026-03-10,Organic,East,0.0,498
2026-03-10,Paid,East,781.95,8221
2026-03-10,Email,East,143.83,1285
2026-03-10,Referral,East,96.81,1007
2026-03-10,Organic,West,0.0,360
2026-03-10,Paid,West,872.2,7918
2026-03-10,Email,West,167.46,1687
2026-03-10,Referral,West,96.45,1072
2026-03-11,Organic,North,0.0,412
2026-03-11,Paid,North,876.39,8218
2026-03-11,Email,North,127.74,1379
2026-03-11,Referral,North,110.02,958
2026-03-11,Organic,South,0.0,392
2026-03-11,Paid,South,725.81,6579
2026-03-11,Email,South,135.65,1439
2026-03-11,Referral,South,108.53,1200
2026-03-11,Organic,East,0.0,278
2026-03-11,Paid,East,762.77,8979
2026-03-11,Email,East,168.67,1607
2026-03-11,Referral,East,112.01,1139
2026-03-11,Organic,West,0.0,475
2026-03-11,Paid,West,756.0,8813
2026-03-11,Email,West,129.61,1533
2026-03-11,Referral,West,100.26,830
2026-03-12,Organic,North,0.0,452
2026-03-12,Paid,North,691.75,6594
2026-03-12,Email,North,165.39,1732
2026-03-12,Referral,North,94.54,1055
2026-03-12,Organic,South,0.0,260
2026-03-12,Paid,South,913.13,7954
2026-03-12,Email,South,159.0,1680
2026-03-12,Referral,South,106.08,1096
2026-03-12,Organic,East,0.0,429
2026-03-12,Paid,East,835.02,7668
2026-03-12,Email,East,164.09,1597
2026-03-12,Referral,East,94.34,1092
2026-03-12,Organic,West,0.0,346
2026-03-12,Paid,West,791.43,7471
2026-03-12,Email,West,128.54,1066
2026-03-12,Referral,West,97.57,1141
2026-03-13,Organic,North,0.0,230
2026-03-13,Paid,North,867.84,8518
2026-03-13,Email,North,161.05,1614
2026-03-13,Referral,North,97.76,840
2026-03-13,Organic,South,0.0,288
2026-03-13,Paid,South,861.74,8057
2026-03-13,Email,South,162.72,1678
2026-03-13,Referral,South,94.35,1041
2026-03-13,Organic,East,0.0,224
2026-03-13,Paid,East,775.98,6643
2026-03-13,Email,East,136.04,1413
2026-03-13,Referral,East,110.32,1246
2026-03-13,Organic,West,0.0,495
2026-03-13,Paid,West,730.38,7112
2026-03-13,Email,West,135.77,1108
2026-03-13,Referral,West,106.86,1081
2026-03-14,Organic,North,0.0,494
2026-03-14,Paid,North,799.57,8639
2026-03-14,Email,North,139.41,1358
2026-03-14,Referral,North,85.61,735
2026-03-14,Organic,South,0.0,228
2026-03-14,Paid,South,896.41,8230
2026-03-14,Email,South,166.89,1455
2026-03-14,Referral,South,100.63,964
2026-03-14,Organic,East,0.0,467
2026-03-14,Paid,East,784.59,6668
2026-03-14,Email,East,161.26,1364
2026-03-14,Referral,East,98.71,1105
2026-03-14,Organic,West,0.0,278
2026-03-14,Paid,West,722.99,5970
2026-03-14,Email,West,128.29,1374
2026-03-14,Referral,West,104.76,847
2026-03-15,Organic,North,0.0,270
2026-03-15,Paid,North,912.79,8149
2026-03-15,Email,North,144.57,1547
2026-03-15,Referral,North,88.46,715
2026-03-15,Organic,South,0.0,384
2026-03-15,Paid,South,760.22,7907
2026-03-15,Email,South,148.73,1483
2026-03-15,Referral,South,100.03,831
2026-03-15,Organic,East,0.0,291
2026-03-15,Paid,East,811.31,7798
2026-03-15,Email,East,157.19,1871
2026-03-15,Referral,East,111.08,1173
2026-03-15,Organic,West,0.0,297
2026-03-15,Paid,West,685.29,5569
2026-03-15,Email,West,168.11,1905
2026-03-15,Referral,West,87.07,806
2026-03-16,Organic,North,0.0,443
2026-03-16,Paid,North,693.18,5969
2026-03-16,Email,North,160.96,1717
2026-03-16,Referral,North,114.3,938
2026-03-16,Organic,South,0.0,480
2026-03-16,Paid,South,712.45,6565
2026-03-16,Email,South,166.73,1978
2026-03-16,Referral,South,88.83,805
2026-03-16,Organic,East,0.0,416
2026-03-16,Paid,East,806.18,7047
2026-03-16,Email,East,161.73,1790
2026-03-16,Referral,East,99.07,802
2026-03-16,Organic,West,0.0,358
2026-03-16,Paid,West,706.23,5804
2026-03-16,Email,West,155.27,1777
2026-03-16,Referral,West,94.32,846
2026-03-17,Organic,North,0.0,448
2026-03-17,Paid,North,774.95,6974
2026-03-17,Email,North,145.16,1647
2026-03-17,Referral,North,114.38,1100
2026-03-17,Organic,South,0.0,430
2026-03-17,Paid,South,725.87,8050
2026-03-17,Email,South,145.08,1359
2026-03-17,Referral,South,101.76,1077
2026-03-17,Organic,East,0.0,276
2026-03-17,Paid,East,902.09,7639
2026-03-17,Email,East,165.76,1868
2026-03-17,Referral,East,88.65,861
2026-03-17,Organic,West,0.0,296
2026-03-17,Paid,West,744.35,8295
2026-03-17,Email,West,146.36,1701
2026-03-17,Referral,West,109.37,981
2026-03-18,Organic,North,0.0,275
2026-03-18,Paid,North,862.86,8039
2026-03-18,Email,North,160.3,1340
2026-03-18,Referral,North,85.09,903
2026-03-18,Organic,South,0.0,232
2026-03-18,Paid,South,777.68,6413
2026-03-18,Email,South,160.64,1334
2026-03-18,Referral,South,92.47,1018
2026-03-18,Organic,East,0.0,282
2026-03-18,Paid,East,845.25,8209
2026-03-18,Email,East,142.03,1181
2026-03-18,Referral,East,87.94,813
2026-03-18,Organic,West,0.0,236
2026-03-18,Paid,West,780.49,8871
2026-03-18,Email,West,134.87,1505
2026-03-18,Referral,West,91.84,1026
2026-03-19,Organic,North,0.0,290
2026-03-19,Paid,North,800.35,7916
2026-03-19,Email,North,144.95,1629
2026-03-19,Referral,North,97.21,944
2026-03-19,Organic,South,0.0,371
2026-03-19,Paid,South,897.0,10547
2026-03-19,Email,South,169.86,1886
2026-03-19,Referral,South,112.53,1064
2026-03-19,Organic,East,0.0,321
2026-03-19,Paid,East,840.07,9775
2026-03-19,Email,East,141.47,1324
2026-03-19,Referral,East,92.99,907
2026-03-19,Organic,West,0.0,334
2026-03-19,Paid,West,704.52,5948
2026-03-19,Email,West,171.41,1964
2026-03-19,Referral,West,87.78,767
2026-03-20,Organic,North,0.0,374
2026-03-20,Paid,North,848.03,7234
2026-03-20,Email,North,139.98,1351
2026-03-20,Referral,North,97.85,799
2026-03-20,Organic,South,0.0,228
2026-03-20,Paid,South,737.57,7401
2026-03-20,Email,South,147.25,1411
2026-03-20,Referral,South,89.99,1029
2026-03-20,Organic,East,0.0,317
2026-03-20,Paid,East,881.4,9354
2026-03-20,Email,East,132.25,1408
2026-03-20,Referral,East,100.63,1113
2026-03-20,Organic,West,0.0,423
2026-03-20,Paid,West,908.99,8203
2026-03-20,Email,West,130.92,1086
2026-03-20,Referral,West,92.91,950
2026-03-21,Organic,North,0.0,394
2026-03-21,Paid,North,791.09,7591
2026-03-21,Email,North,127.79,1304
2026-03-21,Referral,North,87.72,879
2026-03-21,Organic,South,0.0,300
2026-03-21,Paid,South,721.68,7382
2026-03-21,Email,South,157.58,1474
2026-03-21,Referral,South,112.62,1304
2026-03-21,Organic,East,0.0,362
2026-03-21,Paid,East,710.41,6249
2026-03-21,Email,East,140.82,1434
2026-03-21,Referral,East,89.26,762
2026-03-21,Organic,West,0.0,273
2026-03-21,Paid,West,838.88,8029
2026-03-21,Email,West,135.16,1410
2026-03-21,Referral,West,92.95,830
2026-03-22,Organic,North,0.0,418
2026-03-22,Paid,North,869.09,8914
2026-03-22,Email,North,159.63,1788
2026-03-22,Referral,North,87.74,889
2026-03-22,Organic,South,0.0,326
2026-03-22,Paid,South,717.58,7990
2026-03-22,Email,South,128.82,1042
2026-03-22,Referral,South,108.05,1029
2026-03-22,Organic,East,0.0,446
2026-03-22,Paid,East,903.39,9526
2026-03-22,Email,East,152.21,1256
2026-03-22,Referral,East,99.29,1046
2026-03-22,Organic,West,0.0,378
2026-03-22,Paid,West,695.08,7939
2026-03-22,Email,West,140.11,1630
2026-03-22,Referral,West,100.19,1151
2026-03-23,Organic,North,0.0,309
2026-03-23,Paid,North,885.18,9979
2026-03-23,Email,North,165.36,1923
2026-03-23,Referral,North,104.97,1159
2026-03-23,Organic,South,0.0,242
2026-03-23,Paid,South,756.37,7935
2026-03-23,Email,South,151.5,1646
2026-03-23,Referral,South,88.87,971
2026-03-23,Organic,East,0.0,335
2026-03-23,Paid,East,813.98,8404
2026-03-23,Email,East,135.73,1434
2026-03-23,Referral,East,90.53,804
2026-03-23,Organic,West,0.0,421
2026-03-23,Paid,West,766.09,6322
2026-03-23,Email,West,134.33,1135
2026-03-23,Referral,West,114.89,1183
2026-03-24,Organic,North,0.0,340
2026-03-24,Paid,North,720.08,6739
2026-03-24,Email,North,160.47,1532
2026-03-24,Referral,North,110.1,955
2026-03-24,Organic,South,0.0,375
2026-03-24,Paid,South,902.73,9318
2026-03-24,Email,South,164.26,1873
2026-03-24,Referral,South,109.78,1170
2026-03-24,Organic,East,0.0,239
2026-03-24,Paid,East,846.52,8297
2026-03-24,Email,East,129.22,1481
2026-03-24,Referral,East,100.89,1089
2026-03-24,Organic,West,0.0,480
2026-03-24,Paid,West,862.94,8471
2026-03-24,Email,West,151.01,1688
2026-03-24,Referral,West,98.32,914
2026-03-25,Organic,North,0.0,281
2026-03-25,Paid,North,713.98,6393
2026-03-25,Email,North,132.82,1434
2026-03-25,Referral,North,87.94,968
2026-03-25,Organic,South,0.0,348
2026-03-25,Paid,South,815.59,8396
2026-03-25,Email,South,135.45,1432
2026-03-25,Referral,South,91.43,931
2026-03-25,Organic,East,0.0,201
2026-03-25,Paid,East,796.36,6978
2026-03-25,Email,East,163.97,1421
2026-03-25,Referral,East,91.26,1053
2026-03-25,Organic,West,0.0,258
2026-03-25,Paid,West,738.51,7865
2026-03-25,Email,West,164.94,1384
2026-03-25,Referral,West,103.96,1078
2026-03-26,Organic,North,0.0,437
2026-03-26,Paid,North,781.38,8552
2026-03-26,Email,North,148.53,1382
2026-03-26,Referral,North,106.5,1118
2026-03-26,Organic,South,0.0,235
2026-03-26,Paid,South,749.19,7851
2026-03-26,Email,South,169.38,1893
2026-03-26,Referral,South,86.39,1016
2026-03-26,Organic,East,0.0,430
2026-03-26,Paid,East,896.92,7529
2026-03-26,Email,East,168.25,1359
2026-03-26,Referral,East,106.93,919
2026-03-26,Organic,West,0.0,379
2026-03-26,Paid,West,758.23,8968
2026-03-26,Email,West,169.07,1745
2026-03-26,Referral,West,114.96,1113
2026-03-27,Organic,North,0.0,253
2026-03-27,Paid,North,886.77,7504
2026-03-27,Email,North,154.68,1317
2026-03-27,Referral,North,111.27,1249
2026-03-27,Organic,South,0.0,483
2026-03-27,Paid,South,681.03,6686
2026-03-27,Email,South,167.04,1921
2026-03-27,Referral,South,105.45,1168
2026-03-27,Organic,East,0.0,363
2026-03-27,Paid,East,831.19,7503
2026-03-27,Email,East,142.28,1188
2026-03-27,Referral,East,90.95,780
2026-03-27,Organic,West,0.0,345
2026-03-27,Paid,West,888.28,7933
2026-03-27,Email,West,169.58,1724
2026-03-27,Referral,West,94.64,952
2026-03-28,Organic,North,0.0,239
2026-03-28,Paid,North,912.03,9717
2026-03-28,Email,North,155.65,1821
2026-03-28,Referral,North,114.4,1367
2026-03-28,Organic,South,0.0,406
2026-03-28,Paid,South,866.42,9166
2026-03-28,Email,South,151.37,1688
2026-03-28,Referral,South,97.81,998
2026-03-28,Organic,East,0.0,403
2026-03-28,Paid,East,711.01,5714
2026-03-28,Email,East,154.44,1595
2026-03-28,Referral,East,95.09,1136
2026-03-28,Organic,West,0.0,265
2026-03-28,Paid,West,890.91,8847
2026-03-28,Email,West,168.85,1996
2026-03-28,Referral,West,102.95,1230
2026-03-29,Organic,North,0.0,284
2026-03-29,Paid,North,813.92,9105
2026-03-29,Email,North,149.7,1559
2026-03-29,Referral,North,105.57,883
2026-03-29,Organic,South,0.0,367
2026-03-29,Paid,South,687.12,7308
2026-03-29,Email,South,160.67,1673
2026-03-29,Referral,South,110.92,903
2026-03-29,Organic,East,0.0,298
2026-03-29,Paid,East,857.46,8753
2026-03-29,Email,East,142.14,1333
2026-03-29,Referral,East,107.31,1003
2026-03-29,Organic,West,0.0,307
2026-03-29,Paid,West,872.12,7270
2026-03-29,Email,West,142.8,1459
2026-03-29,Referral,West,97.35,1140
2026-03-30,Organic,North,0.0,433
2026-03-30,Paid,North,881.34,10563
2026-03-30,Email,North,161.59,1844
2026-03-30,Referral,North,93.22,866
2026-03-30,Organic,South,0.0,344
2026-03-30,Paid,South,899.49,9504
2026-03-30,Email,South,169.16,1360
2026-03-30,Referral,South,113.68,1033
2026-03-30,Organic,East,0.0,329
2026-03-30,Paid,East,680.32,5591
2026-03-30,Email,East,146.23,1740
2026-03-30,Referral,East,102.75,1136
2026-03-30,Organic,West,0.0,234
2026-03-30,Paid,West,864.91,7157
2026-03-30,Email,West,155.01,1603
2026-03-30,Referral,West,105.55,1214
2026-03-31,Organic,North,0.0,217
2026-03-31,Paid,North,887.14,10235
2026-03-31,Email,North,147.03,1284
2026-03-31,Referral,North,109.21,1098
2026-03-31,Organic,South,0.0,217
2026-03-31,Paid,South,706.35,6346
2026-03-31,Email,South,150.99,1492
2026-03-31,Referral,South,100.53,963
2026-03-31,Organic,East,0.0,393
2026-03-31,Paid,East,757.95,6765
2026-03-31,Email,East,145.72,1536
2026-03-31,Referral,East,108.79,1159
2026-03-31,Organic,West,0.0,360
2026-03-31,Paid,West,790.15,7396
2026-03-31,Email,West,134.52,1289
2026-03-31,Referral,West,97.92,873
2026-04-01,Organic,North,0.0,244
2026-04-01,Paid,North,809.55,8170
2026-04-01,Email,North,167.86,1646
2026-04-01,Referral,North,90.02,801
2026-04-01,Organic,South,0.0,427
2026-04-01,Paid,South,689.48,7031
2026-04-01,Email,South,160.82,1901
2026-04-01,Referral,South,95.46,1031
2026-04-01,Organic,East,0.0,226
2026-04-01,Paid,East,846.73,10130
2026-04-01,Email,East,145.16,1695
2026-04-01,Referral,East,110.86,1072
2026-04-01,Organic,West,0.0,251
2026-04-01,Paid,West,845.66,9401
2026-04-01,Email,West,145.99,1248
2026-04-01,Referral,West,91.89,1002
2026-04-02,Organic,North,0.0,288
2026-04-02,Paid,North,845.06,9780
2026-04-02,Email,North,128.64,1246
2026-04-02,Referral,North,93.07,1087
2026-04-02,Organic,South,0.0,363
2026-04-02,Paid,South,903.59,8784
2026-04-02,Email,South,166.87,1830
2026-04-02,Referral,South,110.36,1182
2026-04-02,Organic,East,0.0,455
2026-04-02,Paid,East,789.95,7361
2026-04-02,Email,East,141.11,1286
2026-04-02,Referral,East,101.93,1045
2026-04-02,Organic,West,0.0,434
2026-04-02,Paid,West,680.53,6106
2026-04-02,Email,West,138.6,1142
2026-04-02,Referral,West,86.86,885
2026-04-03,Organic,North,0.0,426
2026-04-03,Paid,North,697.72,8136
2026-04-03,Email,North,140.44,1439
2026-04-03,Referral,North,113.85,1285
2026-04-03,Organic,South,0.0,329
2026-04-03,Paid,South,877.59,8510
2026-04-03,Email,South,136.31,1573
2026-04-03,Referral,South,107.31,1014
2026-04-03,Organic,East,0.0,442
2026-04-03,Paid,East,712.53,7998
2026-04-03,Email,East,138.76,1625
2026-04-03,Referral,East,101.72,912
2026-04-03,Organic,West,0.0,256
2026-04-03,Paid,West,913.51,9322
2026-04-03,Email,West,135.95,1458
2026-04-03,Referral,West,105.67,943
2026-04-04,Organic,North,0.0,442
2026-04-04,Paid,North,743.8,8010
2026-04-04,Email,North,142.5,1249
2026-04-04,Referral,North,112.85,1084
2026-04-04,Organic,South,0.0,276
2026-04-04,Paid,South,779.64,6527
2026-04-04,Email,South,136.67,1600
2026-04-04,Referral,South,92.58,798
2026-04-04,Organic,East,0.0,407
2026-04-04,Paid,East,801.46,8678
2026-04-04,Email,East,151.43,1378
2026-04-04,Referral,East,92.88,897
2026-04-04,Organic,West,0.0,209
2026-04-04,Paid,West,808.47,7859
2026-04-04,Email,West,144.18,1262
2026-04-04,Referral,West,96.25,973
2026-04-05,Organic,North,0.0,252
2026-04-05,Paid,North,877.31,7464
2026-04-05,Email,North,162.43,1820
2026-04-05,Referral,North,85.91,974
2026-04-05,Organic,South,0.0,287
2026-04-05,Paid,South,752.59,7264
2026-04-05,Email,South,139.44,1403
2026-04-05,Referral,South,93.08,913
2026-04-05,Organic,East,0.0,431
2026-04-05,Paid,East,782.68,7013
2026-04-05,Email,East,143.67,1354
2026-04-05,Referral,East,109.29,1222
2026-04-05,Organic,West,0.0,330
2026-04-05,Paid,West,747.36,8260
2026-04-05,Email,West,152.45,1378
2026-04-05,Referral,West,89.91,947
2026-04-06,Organic,North,0.0,417
2026-04-06,Paid,North,727.1,6237
2026-04-06,Email,North,162.87,1342
2026-04-06,Referral,North,103.74,1094
2026-04-06,Organic,South,0.0,465
2026-04-06,Paid,South,771.64,6421
2026-04-06,Email,South,149.79,1204
2026-04-06,Referral,South,87.67,944
2026-04-06,Organic,East,0.0,362
2026-04-06,Paid,East,862.51,9172
2026-04-06,Email,East,162.25,1835
2026-04-06,Referral,East,89.5,912
2026-04-06,Organic,West,0.0,470
2026-04-06,Paid,West,890.12,7697
2026-04-06,Email,West,169.78,1446
2026-04-06,Referral,West,89.95,842
2026-04-07,Organic,North,0.0,467
2026-04-07,Paid,North,886.41,9229
2026-04-07,Email,North,134.22,1237
2026-04-07,Referral,North,98.45,1134
2026-04-07,Organic,South,0.0,420
2026-04-07,Paid,South,747.53,6684
2026-04-07,Email,South,170.03,1862
2026-04-07,Referral,South,103.35,950
2026-04-07,Organic,East,0.0,283
2026-04-07,Paid,East,775.02,6316
2026-04-07,Email,East,131.25,1443
2026-04-07,Referral,East,102.58,1007
2026-04-07,Organic,West,0.0,426
2026-04-07,Paid,West,890.61,8799
2026-04-07,Email,West,165.28,1808
2026-04-07,Referral,West,114.16,1006
2026-04-08,Organic,North,0.0,467
2026-04-08,Paid,North,731.28,7667
2026-04-08,Email,North,160.9,1368
2026-04-08,Referral,North,104.01,1225
2026-04-08,Organic,South,0.0,217
2026-04-08,Paid,South,893.26,8068
2026-04-08,Email,South,154.37,1658
2026-04-08,Referral,South,99.5,1031
2026-04-08,Organic,East,0.0,484
2026-04-08,Paid,East,856.92,8160
2026-04-08,Email,East,155.79,1600
2026-04-08,Referral,East,87.59,914
2026-04-08,Organic,West,0.0,379
2026-04-08,Paid,West,694.51,7634
2026-04-08,Email,West,138.9,1156
2026-04-08,Referral,West,92.06,1020
2026-04-09,Organic,North,0.0,237
2026-04-09,Paid,North,723.15,6048
2026-04-09,Email,North,161.1,1743
2026-04-09,Referral,North,92.62,980
2026-04-09,Organic,South,0.0,376
2026-04-09,Paid,South,691.35,5953
2026-04-09,Email,South,153.54,1644
2026-04-09,Referral,South,90.5,811
2026-04-09,Organic,East,0.0,325
2026-04-09,Paid,East,761.94,6987
2026-04-09,Email,East,166.73,1680
2026-04-09,Referral,East,110.47,1223
2026-04-09,Organic,West,0.0,251
2026-04-09,Paid,West,765.72,7382
2026-04-09,Email,West,148.75,1777
2026-04-09,Referral,West,90.09,880
2026-04-10,Organic,North,0.0,452
2026-04-10,Paid,North,732.33,7119
2026-04-10,Email,North,165.29,1403
2026-04-10,Referral,North,110.85,1296
2026-04-10,Organic,South,0.0,244
2026-04-10,Paid,South,915.03,7761
2026-04-10,Email,South,158.92,1777
2026-04-10,Referral,South,88.25,972
2026-04-10,Organic,East,0.0,450
2026-04-10,Paid,East,888.42,9056
2026-04-10,Email,East,166.86,1506
2026-04-10,Referral,East,98.21,896
2026-04-10,Organic,West,0.0,453
2026-04-10,Paid,West,874.42,8233
2026-04-10,Email,West,139.77,1617
2026-04-10,Referral,West,110.59,906
2026-04-11,Organic,North,0.0,312
2026-04-11,Paid,North,890.79,7402
2026-04-11,Email,North,149.77,1229
2026-04-11,Referral,North,87.19,976
2026-04-11,Organic,South,0.0,281
2026-04-11,Paid,South,748.9,7311
2026-04-11,Email,South,128.07,1107
2026-04-11,Referral,South,90.76,769
2026-04-11,Organic,East,0.0,318
2026-04-11,Paid,East,770.77,7348
2026-04-11,Email,East,138.48,1304
2026-04-11,Referral,East,96.23,1072
2026-04-11,Organic,West,0.0,332
2026-04-11,Paid,West,863.29,8651
2026-04-11,Email,West,136.08,1393
2026-04-11,Referral,West,89.99,813
2026-04-12,Organic,North,0.0,297
2026-04-12,Paid,North,842.3,8929
2026-04-12,Email,North,163.54,1776
2026-04-12,Referral,North,88.37,829
2026-04-12,Organic,South,0.0,476
2026-04-12,Paid,South,863.28,10325
2026-04-12,Email,South,131.83,1064
2026-04-12,Referral,South,94.16,925
2026-04-12,Organic,East,0.0,491
2026-04-12,Paid,East,856.99,9603
2026-04-12,Email,East,139.14,1161
2026-04-12,Referral,East,88.82,817
2026-04-12,Organic,West,0.0,383
2026-04-12,Paid,West,919.07,8265
2026-04-12,Email,West,151.78,1485
2026-04-12,Referral,West,114.45,1015
2026-04-13,Organic,North,0.0,360
2026-04-13,Paid,North,803.98,8146
2026-04-13,Email,North,145.65,1729
2026-04-13,Referral,North,102.5,1090
2026-04-13,Organic,South,0.0,243
2026-04-13,Paid,South,776.56,7340
2026-04-13,Email,South,167.44,1678
2026-04-13,Referral,South,112.23,1129
2026-04-13,Organic,East,0.0,358
2026-04-13,Paid,East,723.46,8473
2026-04-13,Email,East,165.74,1704
2026-04-13,Referral,East,90.99,893
2026-04-13,Organic,West,0.0,465
2026-04-13,Paid,West,793.74,6661
2026-04-13,Email,West,144.24,1640
2026-04-13,Referral,West,93.43,1109
2026-04-14,Organic,North,0.0,312
2026-04-14,Paid,North,775.69,6864
2026-04-14,Email,North,140.57,1334
2026-04-14,Referral,North,114.74,958
2026-04-14,Organic,South,0.0,331
2026-04-14,Paid,South,822.45,8096
2026-04-14,Email,South,142.85,1457
2026-04-14,Referral,South,90.93,783
2026-04-14,Organic,East,0.0,371
2026-04-14,Paid,East,777.53,6837
2026-04-14,Email,East,156.22,1607
2026-04-14,Referral,East,91.79,857
2026-04-14,Organic,West,0.0,271
2026-04-14,Paid,West,902.34,9137
2026-04-14,Email,West,151.62,1350
2026-04-14,Referral,West,100.0,811
2026-04-15,Organic,North,0.0,440
2026-04-15,Paid,North,801.5,8304
2026-04-15,Email,North,145.09,1361
2026-04-15,Referral,North,93.23,1074
2026-04-15,Organic,South,0.0,360
2026-04-15,Paid,South,718.72,8565
2026-04-15,Email,South,163.05,1921
2026-04-15,Referral,South,98.88,829
2026-04-15,Organic,East,0.0,408
2026-04-15,Paid,East,699.73,7255
2026-04-15,Email,East,163.1,1428
2026-04-15,Referral,East,105.46,1049
2026-04-15,Organic,West,0.0,393
2026-04-15,Paid,West,708.28,8201
2026-04-15,Email,West,147.4,1274
2026-04-15,Referral,West,86.15,883
2026-04-16,Organic,North,0.0,444
2026-04-16,Paid,North,865.34,8470
2026-04-16,Email,North,170.74,1898
2026-04-16,Referral,North,113.72,1034
2026-04-16,Organic,South,0.0,373
2026-04-16,Paid,South,689.31,7397
2026-04-16,Email,South,164.67,1870
2026-04-16,Referral,South,109.95,1310
2026-04-16,Organic,East,0.0,395
2026-04-16,Paid,East,693.67,6549
2026-04-16,Email,East,144.67,1254
2026-04-16,Referral,East,102.45,1039
2026-04-16,Organic,West,0.0,380
2026-04-16,Paid,West,840.95,7057
2026-04-16,Email,West,132.62,1213
2026-04-16,Referral,West,95.04,940
2026-04-17,Organic,North,0.0,215
2026-04-17,Paid,North,906.42,9181
2026-04-17,Email,North,168.72,2008
2026-04-17,Referral,North,90.84,974
2026-04-17,Organic,South,0.0,398
2026-04-17,Paid,South,887.51,9725
2026-04-17,Email,South,161.99,1881
2026-04-17,Referral,South,112.82,1315
2026-04-17,Organic,East,0.0,461
2026-04-17,Paid,East,914.41,9324
2026-04-17,Email,East,152.41,1508
2026-04-17,Referral,East,112.83,904
2026-04-17,Organic,West,0.0,271
2026-04-17,Paid,West,800.36,6537
2026-04-17,Email,West,169.18,1663
2026-04-17,Referral,West,114.04,1279
2026-04-18,Organic,North,0.0,388
2026-04-18,Paid,North,900.64,10263
2026-04-18,Email,North,168.45,1969
2026-04-18,Referral,North,93.0,1104
2026-04-18,Organic,South,0.0,289
2026-04-18,Paid,South,748.14,7091
2026-04-18,Email,South,148.14,1369
2026-04-18,Referral,South,94.31,914
2026-04-18,Organic,East,0.0,438
2026-04-18,Paid,East,799.35,8587
2026-04-18,Email,East,127.7,1376
2026-04-18,Referral,East,103.99,1192
2026-04-18,Organic,West,0.0,411
2026-04-18,Paid,West,691.14,7540
2026-04-18,Email,West,149.63,1589
2026-04-18,Referral,West,101.05,1041
2026-04-19,Organic,North,0.0,498
2026-04-19,Paid,North,779.63,8179
2026-04-19,Email,North,132.16,1118
2026-04-19,Referral,North,89.9,909
2026-04-19,Organic,South,0.0,492
2026-04-19,Paid,South,874.76,10347
2026-04-19,Email,South,165.9,1498
2026-04-19,Referral,South,91.65,905
2026-04-19,Organic,East,0.0,237
2026-04-19,Paid,East,794.72,8604
2026-04-19,Email,East,135.37,1159
2026-04-19,Referral,East,93.22,921
2026-04-19,Organic,West,0.0,334
2026-04-19,Paid,West,823.79,8349
2026-04-19,Email,West,147.61,1383
2026-04-19,Referral,West,100.36,957
2026-04-20,Organic,North,0.0,308
2026-04-20,Paid,North,813.03,7000
2026-04-20,Email,North,146.25,1389
2026-04-20,Referral,North,105.26,878
2026-04-20,Organic,South,0.0,203
2026-04-20,Paid,South,879.31,9073
2026-04-20,Email,South,148.71,1510
2026-04-20,Referral,South,106.02,1230
2026-04-20,Organic,East,0.0,203
2026-04-20,Paid,East,877.02,7190
2026-04-20,Email,East,151.72,1394
2026-04-20,Referral,East,111.87,916
2026-04-20,Organic,West,0.0,399
2026-04-20,Paid,West,845.51,9810
2026-04-20,Email,West,160.45,1543
2026-04-20,Referral,West,100.32,1100
2026-04-21,Organic,North,0.0,392
2026-04-21,Paid,North,825.17,9660
2026-04-21,Email,North,132.38,1364
2026-04-21,Referral,North,93.64,879
2026-04-21,Organic,South,0.0,364
2026-04-21,Paid,South,866.75,7041
2026-04-21,Email,South,154.79,1837
2026-04-21,Referral,South,90.91,1010
2026-04-21,Organic,East,0.0,380
2026-04-21,Paid,East,763.74,6947
2026-04-21,Email,East,145.04,1568
2026-04-21,Referral,East,104.43,1092
2026-04-21,Organic,West,0.0,442
2026-04-21,Paid,West,830.67,8089
2026-04-21,Email,West,130.69,1154
2026-04-21,Referral,West,106.47,885
2026-04-22,Organic,North,0.0,263
2026-04-22,Paid,North,740.61,7863
2026-04-22,Email,North,169.31,1877
2026-04-22,Referral,North,108.53,1263
2026-04-22,Organic,South,0.0,221
2026-04-22,Paid,South,864.72,8547
2026-04-22,Email,South,151.52,1457
2026-04-22,Referral,South,99.18,1117
2026-04-22,Organic,East,0.0,481
2026-04-22,Paid,East,730.86,8345
2026-04-22,Email,East,135.12,1326
2026-04-22,Referral,East,97.68,906
2026-04-22,Organic,West,0.0,320
2026-04-22,Paid,West,878.0,8118
2026-04-22,Email,West,150.85,1618
2026-04-22,Referral,West,90.32,1053
2026-04-23,Organic,North,0.0,345
2026-04-23,Paid,North,899.13,9643
2026-04-23,Email,North,139.61,1355
2026-04-23,Referral,North,98.71,835
2026-04-23,Organic,South,0.0,308
2026-04-23,Paid,South,757.15,7049
2026-04-23,Email,South,154.69,1435
2026-04-23,Referral,South,90.69,835
2026-04-23,Organic,East,0.0,496
2026-04-23,Paid,East,732.79,7232
2026-04-23,Email,East,159.53,1337
2026-04-23,Referral,East,86.43,771
2026-04-23,Organic,West,0.0,354
2026-04-23,Paid,West,830.64,8974
2026-04-23,Email,West,169.98,1533
2026-04-23,Referral,West,91.18,1038
2026-04-24,Organic,North,0.0,355
2026-04-24,Paid,North,715.22,7010
2026-04-24,Email,North,148.95,1779
2026-04-24,Referral,North,105.29,957
2026-04-24,Organic,South,0.0,306
2026-04-24,Paid,South,892.76,8257
2026-04-24,Email,South,141.23,1432
2026-04-24,Referral,South,94.87,936
2026-04-24,Organic,East,0.0,359
2026-04-24,Paid,East,797.6,8033
2026-04-24,Email,East,171.32,1379
2026-04-24,Referral,East,93.94,910
2026-04-24,Organic,West,0.0,293
2026-04-24,Paid,West,874.12,9047
2026-04-24,Email,West,136.83,1368
2026-04-24,Referral,West,89.4,716
2026-04-25,Organic,North,0.0,242
2026-04-25,Paid,North,876.35,7181
2026-04-25,Email,North,154.21,1248
2026-04-25,Referral,North,87.3,760
2026-04-25,Organic,South,0.0,380
2026-04-25,Paid,South,728.88,8400
2026-04-25,Email,South,161.18,1575
2026-04-25,Referral,South,97.53,1014
2026-04-25,Organic,East,0.0,403
2026-04-25,Paid,East,717.69,6092
2026-04-25,Email,East,169.03,1780
2026-04-25,Referral,East,97.71,879
2026-04-25,Organic,West,0.0,250
2026-04-25,Paid,West,909.36,8861
2026-04-25,Email,West,145.37,1235
2026-04-25,Referral,West,93.03,975
2026-04-26,Organic,North,0.0,299
2026-04-26,Paid,North,699.64,5659
2026-04-26,Email,North,138.65,1128
2026-04-26,Referral,North,88.19,996
2026-04-26,Organic,South,0.0,373
2026-04-26,Paid,South,725.22,7264
2026-04-26,Email,South,148.71,1427
2026-04-26,Referral,South,89.88,999
2026-04-26,Organic,East,0.0,295
2026-04-26,Paid,East,811.81,8980
2026-04-26,Email,East,166.82,1875
2026-04-26,Referral,East,96.87,988
2026-04-26,Organic,West,0.0,339
2026-04-26,Paid,West,892.38,8241
2026-04-26,Email,West,150.99,1589
2026-04-26,Referral,West,98.3,1131
2026-04-27,Organic,North,0.0,275
2026-04-27,Paid,North,861.39,8174
2026-04-27,Email,North,153.45,1553
2026-04-27,Referral,North,103.46,888
2026-04-27,Organic,South,0.0,245
2026-04-27,Paid,South,777.27,7934
2026-04-27,Email,South,159.26,1668
2026-04-27,Referral,South,103.25,1025
2026-04-27,Organic,East,0.0,321
2026-04-27,Paid,East,816.2,7372
2026-04-27,Email,East,151.15,1778
2026-04-27,Referral,East,96.19,840
2026-04-27,Organic,West,0.0,465
2026-04-27,Paid,West,856.66,7693
2026-04-27,Email,West,171.42,1441
2026-04-27,Referral,West,108.74,889
2026-04-28,Organic,North,0.0,344
2026-04-28,Paid,North,849.68,7749
2026-04-28,Email,North,144.23,1526
2026-04-28,Referral,North,98.2,1096
2026-04-28,Organic,South,0.0,432
2026-04-28,Paid,South,804.9,7534
2026-04-28,Email,South,164.33,1932
2026-04-28,Referral,South,108.44,1205
2026-04-28,Organic,East,0.0,433
2026-04-28,Paid,East,851.84,9647
2026-04-28,Email,East,143.08,1384
2026-04-28,Referral,East,89.58,1030
2026-04-28,Organic,West,0.0,464
2026-04-28,Paid,West,693.27,7989
2026-04-28,Email,West,130.85,1349
2026-04-28,Referral,West,98.9,1090
2026-04-29,Organic,North,0.0,306
2026-04-29,Paid,North,800.93,8604
2026-04-29,Email,North,159.22,1705
2026-04-29,Referral,North,100.53,1096
2026-04-29,Organic,South,0.0,222
2026-04-29,Paid,South,713.73,6333
2026-04-29,Email,South,167.37,1601
2026-04-29,Referral,South,100.02,984
2026-04-29,Organic,East,0.0,384
2026-04-29,Paid,East,837.53,9191
2026-04-29,Email,East,171.05,1523
2026-04-29,Referral,East,103.24,1020
2026-04-29,Organic,West,0.0,438
2026-04-29,Paid,West,769.3,9051
2026-04-29,Email,West,136.58,1614
2026-04-29,Referral,West,91.55,1052
2026-04-30,Organic,North,0.0,274
2026-04-30,Paid,North,777.45,8753
2026-04-30,Email,North,142.37,1359
2026-04-30,Referral,North,86.86,904
2026-04-30,Organic,South,0.0,282
2026-04-30,Paid,South,706.02,8192
2026-04-30,Email,South,137.08,1513
2026-04-30,Referral,South,99.43,1031
2026-04-30,Organic,East,0.0,479
2026-04-30,Paid,East,828.64,9300
2026-04-30,Email,East,152.31,1396
2026-04-30,Referral,East,100.22,1020
2026-04-30,Organic,West,0.0,230
2026-04-30,Paid,West,808.35,8181
2026-04-30,Email,West,157.18,1853
2026-04-30,Referral,West,94.48,1111
2026-05-01,Organic,North,0.0,398
2026-05-01,Paid,North,723.63,7867
2026-05-01,Email,North,129.54,1511
2026-05-01,Referral,North,107.58,1020
2026-05-01,Organic,South,0.0,404
2026-05-01,Paid,South,909.33,8071
2026-05-01,Email,South,156.67,1575
2026-05-01,Referral,South,103.35,1155
2026-05-01,Organic,East,0.0,202
2026-05-01,Paid,East,853.25,10182
2026-05-01,Email,East,143.7,1616
2026-05-01,Referral,East,94.69,979
2026-05-01,Organic,West,0.0,448
2026-05-01,Paid,West,808.56,9181
2026-05-01,Email,West,160.54,1446
2026-05-01,Referral,West,95.0,984
2026-05-02,Organic,North,0.0,290
2026-05-02,Paid,North,747.31,8026
2026-05-02,Email,North,139.54,1411
2026-05-02,Referral,North,107.97,1256
2026-05-02,Organic,South,0.0,331
2026-05-02,Paid,South,832.58,8553
2026-05-02,Email,South,139.06,1381
2026-05-02,Referral,South,113.6,988
2026-05-02,Organic,East,0.0,214
2026-05-02,Paid,East,829.63,8391
2026-05-02,Email,East,152.42,1542
2026-05-02,Referral,East,101.18,946
2026-05-02,Organic,West,0.0,364
2026-05-02,Paid,West,722.96,8280
2026-05-02,Email,West,148.83,1276
2026-05-02,Referral,West,98.08,1059
2026-05-03,Organic,North,0.0,427
2026-05-03,Paid,North,782.8,6987
2026-05-03,Email,North,141.6,1608
2026-05-03,Referral,North,110.16,1081
2026-05-03,Organic,South,0.0,253
2026-05-03,Paid,South,790.32,7848
2026-05-03,Email,South,171.71,1893
2026-05-03,Referral,South,90.38,896
2026-05-03,Organic,East,0.0,334
2026-05-03,Paid,East,751.3,6182
2026-05-03,Email,East,142.84,1544
2026-05-03,Referral,East,85.39,908
2026-05-03,Organic,West,0.0,224
2026-05-03,Paid,West,892.29,9085
2026-05-03,Email,West,166.95,1542
2026-05-03,Referral,West,102.33,1181
2026-05-04,Organic,North,0.0,255
2026-05-04,Paid,North,725.09,6244
2026-05-04,Email,North,140.25,1292
2026-05-04,Referral,North,90.33,1007
2026-05-04,Organic,South,0.0,287
2026-05-04,Paid,South,711.44,8038
2026-05-04,Email,South,166.79,1982
2026-05-04,Referral,South,96.38,963
2026-05-04,Organic,East,0.0,420
2026-05-04,Paid,East,767.49,6677
2026-05-04,Email,East,134.15,1122
2026-05-04,Referral,East,103.2,924
2026-05-04,Organic,West,0.0,360
2026-05-04,Paid,West,844.75,7401
2026-05-04,Email,West,151.43,1247
2026-05-04,Referral,West,89.35,1003
2026-05-05,Organic,North,0.0,468
2026-05-05,Paid,North,686.71,7157
2026-05-05,Email,North,171.6,2038
2026-05-05,Referral,North,94.29,855
2026-05-05,Organic,South,0.0,224
2026-05-05,Paid,South,871.53,7819
2026-05-05,Email,South,169.0,1379
2026-05-05,Referral,South,86.95,895
2026-05-05,Organic,East,0.0,373
2026-05-05,Paid,East,714.17,7708
2026-05-05,Email,East,140.19,1677
2026-05-05,Referral,East,104.62,1043
2026-05-05,Organic,West,0.0,271
2026-05-05,Paid,West,870.09,10129
2026-05-05,Email,West,153.79,1605
2026-05-05,Referral,West,114.06,1241
2026-05-06,Organic,North,0.0,289
2026-05-06,Paid,North,851.23,9773
2026-05-06,Email,North,152.47,1388
2026-05-06,Referral,North,94.13,979
2026-05-06,Organic,South,0.0,414
2026-05-06,Paid,South,801.98,8530
2026-05-06,Email,South,153.29,1418
2026-05-06,Referral,South,112.05,1094
2026-05-06,Organic,East,0.0,354
2026-05-06,Paid,East,696.4,6485
2026-05-06,Email,East,149.53,1642
2026-05-06,Referral,East,105.43,1225
2026-05-06,Organic,West,0.0,316
2026-05-06,Paid,West,834.34,7377
2026-05-06,Email,West,136.36,1499
2026-05-06,Referral,West,85.21,936
2026-05-07,Organic,North,0.0,432
2026-05-07,Paid,North,757.01,8686
2026-05-07,Email,North,146.83,1562
2026-05-07,Referral,North,88.07,711
2026-05-07,Organic,South,0.0,364
2026-05-07,Paid,South,689.32,6446
2026-05-07,Email,South,171.21,1634
2026-05-07,Referral,South,97.41,871
2026-05-07,Organic,East,0.0,343
2026-05-07,Paid,East,740.89,8441
2026-05-07,Email,East,169.86,1600
2026-05-07,Referral,East,112.22,1168
2026-05-07,Organic,West,0.0,283
2026-05-07,Paid,West,696.33,6772
2026-05-07,Email,West,149.74,1427
2026-05-07,Referral,West,108.36,899
2026-05-08,Organic,North,0.0,299
2026-05-08,Paid,North,901.02,8728
2026-05-08,Email,North,169.74,1489
2026-05-08,Referral,North,105.52,1158
2026-05-08,Organic,South,0.0,229
2026-05-08,Paid,South,904.26,8836
2026-05-08,Email,South,167.43,1699
2026-05-08,Referral,South,112.07,1260
2026-05-08,Organic,East,0.0,303
2026-05-08,Paid,East,749.53,8147
2026-05-08,Email,East,158.83,1325
2026-05-08,Referral,East,87.23,809
2026-05-08,Organic,West,0.0,478
2026-05-08,Paid,West,693.97,8255
2026-05-08,Email,West,150.24,1566
2026-05-08,Referral,West,97.28,943
2026-05-09,Organic,North,0.0,299
2026-05-09,Paid,North,713.37,8162
2026-05-09,Email,North,145.89,1175
2026-05-09,Referral,North,104.58,1002
2026-05-09,Organic,South,0.0,210
2026-05-09,Paid,South,823.75,9231
2026-05-09,Email,South,144.49,1187
2026-05-09,Referral,South,110.91,1007
2026-05-09,Organic,East,0.0,345
2026-05-09,Paid,East,826.94,9071
2026-05-09,Email,East,137.19,1396
2026-05-09,Referral,East,90.83,866
2026-05-09,Organic,West,0.0,210
2026-05-09,Paid,West,882.38,8841
2026-05-09,Email,West,152.32,1548
2026-05-09,Referral,West,112.38,1263
2026-05-10,Organic,North,0.0,288
2026-05-10,Paid,North,824.11,7300
2026-05-10,Email,North,159.16,1367
2026-05-10,Referral,North,108.14,1054
2026-05-10,Organic,South,0.0,420
2026-05-10,Paid,South,791.95,8699
2026-05-10,Email,South,129.87,1345
2026-05-10,Referral,South,105.47,1263
2026-05-10,Organic,East,0.0,352
2026-05-10,Paid,East,907.56,10225
2026-05-10,Email,East,156.69,1463
2026-05-10,Referral,East,112.95,992
2026-05-10,Organic,West,0.0,412
2026-05-10,Paid,West,735.73,6130
2026-05-10,Email,West,158.05,1835
2026-05-10,Referral,West,108.83,1245
2026-05-11,Organic,North,0.0,449
2026-05-11,Paid,North,793.01,8149
2026-05-11,Email,North,128.9,1060
2026-05-11,Referral,North,97.44,859
2026-05-11,Organic,South,0.0,385
2026-05-11,Paid,South,762.59,6846
2026-05-11,Email,South,129.55,1218
2026-05-11,Referral,South,90.6,975
2026-05-11,Organic,East,0.0,384
2026-05-11,Paid,East,741.38,6570
2026-05-11,Email,East,129.42,1190
2026-05-11,Referral,East,107.73,997
2026-05-11,Organic,West,0.0,386
2026-05-11,Paid,West,691.21,7779
2026-05-11,Email,West,164.76,1596
2026-05-11,Referral,West,111.37,1015
2026-05-12,Organic,North,0.0,271
2026-05-12,Paid,North,818.19,8885
2026-05-12,Email,North,154.47,1308
2026-05-12,Referral,North,100.83,816
2026-05-12,Organic,South,0.0,303
2026-05-12,Paid,South,851.33,9561
2026-05-12,Email,South,144.53,1278
2026-05-12,Referral,South,106.62,945
2026-05-12,Organic,East,0.0,224
2026-05-12,Paid,East,797.84,8486
2026-05-12,Email,East,168.23,1582
2026-05-12,Referral,East,90.59,1027
2026-05-12,Organic,West,0.0,498
2026-05-12,Paid,West,880.55,9861
2026-05-12,Email,West,152.32,1686
2026-05-12,Referral,West,91.65,1096
2026-05-13,Organic,North,0.0,259
2026-05-13,Paid,North,822.19,8683
2026-05-13,Email,North,163.49,1849
2026-05-13,Referral,North,114.4,921
2026-05-13,Organic,South,0.0,455
2026-05-13,Paid,South,759.21,6732
2026-05-13,Email,South,129.94,1457
2026-05-13,Referral,South,100.32,1026
2026-05-13,Organic,East,0.0,351
2026-05-13,Paid,East,816.84,7108
2026-05-13,Email,East,128.07,1159
2026-05-13,Referral,East,103.96,1132
2026-05-13,Organic,West,0.0,416
2026-05-13,Paid,West,701.45,7108
2026-05-13,Email,West,139.98,1241
2026-05-13,Referral,West,102.12,1183
2026-05-14,Organic,North,0.0,361
2026-05-14,Paid,North,821.89,7331
2026-05-14,Email,North,132.43,1100
2026-05-14,Referral,North,109.89,978
2026-05-14,Organic,South,0.0,297
2026-05-14,Paid,South,788.12,6883
2026-05-14,Email,South,131.67,1438
2026-05-14,Referral,South,106.48,994
2026-05-14,Organic,East,0.0,457
2026-05-14,Paid,East,808.04,8096
2026-05-14,Email,East,151.39,1229
2026-05-14,Referral,East,105.15,1259
2026-05-14,Organic,West,0.0,346
2026-05-14,Paid,West,825.48,7257
2026-05-14,Email,West,164.85,1709
2026-05-14,Referral,West,109.95,1103
2026-05-15,Organic,North,0.0,309
2026-05-15,Paid,North,774.13,8503
2026-05-15,Email,North,155.44,1283
2026-05-15,Referral,North,98.59,820
2026-05-15,Organic,South,0.0,232
2026-05-15,Paid,South,715.68,8094
2026-05-15,Email,South,135.06,1278
2026-05-15,Referral,South,93.52,989
2026-05-15,Organic,East,0.0,455
2026-05-15,Paid,East,798.54,9190
2026-05-15,Email,East,163.16,1444
2026-05-15,Referral,East,108.09,1028
2026-05-15,Organic,West,0.0,428
2026-05-15,Paid,West,845.57,9786
2026-05-15,Email,West,152.87,1471
2026-05-15,Referral,West,97.01,881
2026-05-16,Organic,North,0.0,321
2026-05-16,Paid,North,877.48,10012
2026-05-16,Email,North,128.17,1420
2026-05-16,Referral,North,99.05,859
2026-05-16,Organic,South,0.0,390
2026-05-16,Paid,South,817.84,9525
2026-05-16,Email,South,165.49,1609
2026-05-16,Referral,South,109.36,1255
2026-05-16,Organic,East,0.0,343
2026-05-16,Paid,East,878.85,8886
2026-05-16,Email,East,170.65,1560
2026-05-16,Referral,East,89.53,769
2026-05-16,Organic,West,0.0,260
2026-05-16,Paid,West,913.33,9211
2026-05-16,Email,West,170.0,1418
2026-05-16,Referral,West,92.33,985
2026-05-17,Organic,North,0.0,326
2026-05-17,Paid,North,761.54,8401
2026-05-17,Email,North,155.35,1406
2026-05-17,Referral,North,98.78,1154
2026-05-17,Organic,South,0.0,247
2026-05-17,Paid,South,736.45,8650
2026-05-17,Email,South,167.27,1527
2026-05-17,Referral,South,114.87,1015
2026-05-17,Organic,East,0.0,382
2026-05-17,Paid,East,910.5,8613
2026-05-17,Email,East,164.01,1447
2026-05-17,Referral,East,100.21,1130
2026-05-17,Organic,West,0.0,229
2026-05-17,Paid,West,813.65,9553
2026-05-17,Email,West,165.46,1399
2026-05-17,Referral,West,102.16,920
2026-05-18,Organic,North,0.0,319
2026-05-18,Paid,North,865.8,10277
2026-05-18,Email,North,146.29,1203
2026-05-18,Referral,North,103.83,1009
2026-05-18,Organic,South,0.0,412
2026-05-18,Paid,South,683.22,5943
2026-05-18,Email,South,139.17,1586
2026-05-18,Referral,South,97.51,921
2026-05-18,Organic,East,0.0,241
2026-05-18,Paid,East,777.05,7875
2026-05-18,Email,East,168.95,1455
2026-05-18,Referral,East,90.94,1013
2026-05-18,Organic,West,0.0,254
2026-05-18,Paid,West,746.6,6459
2026-05-18,Email,West,139.28,1197
2026-05-18,Referral,West,95.39,918
2026-05-19,Organic,North,0.0,211
2026-05-19,Paid,North,886.57,8881
2026-05-19,Email,North,147.48,1550
2026-05-19,Referral,North,114.28,1061
2026-05-19,Organic,South,0.0,351
2026-05-19,Paid,South,763.54,7751
2026-05-19,Email,South,142.36,1280
2026-05-19,Referral,South,99.84,1097
2026-05-19,Organic,East,0.0,431
2026-05-19,Paid,East,693.79,6739
2026-05-19,Email,East,138.07,1263
2026-05-19,Referral,East,95.42,876
2026-05-19,Organic,West,0.0,441
2026-05-19,Paid,West,728.07,7228
2026-05-19,Email,West,157.36,1360
2026-05-19,Referral,West,103.18,857
2026-05-20,Organic,North,0.0,214
2026-05-20,Paid,North,813.72,6953
2026-05-20,Email,North,131.55,1407
2026-05-20,Referral,North,104.63,1009
2026-05-20,Organic,South,0.0,433
2026-05-20,Paid,South,755.57,6522
2026-05-20,Email,South,160.13,1562
2026-05-20,Referral,South,107.68,1100
2026-05-20,Organic,East,0.0,282
2026-05-20,Paid,East,765.45,6569
2026-05-20,Email,East,157.74,1409
2026-05-20,Referral,East,99.81,1195
2026-05-20,Organic,West,0.0,243
2026-05-20,Paid,West,787.62,9060
2026-05-20,Email,West,133.56,1117
2026-05-20,Referral,West,90.28,905
2026-05-21,Organic,North,0.0,381
2026-05-21,Paid,North,696.91,6396
2026-05-21,Email,North,165.99,1924
2026-05-21,Referral,North,92.18,1069
2026-05-21,Organic,South,0.0,354
2026-05-21,Paid,South,771.83,8602
2026-05-21,Email,South,148.4,1534
2026-05-21,Referral,South,91.4,939
2026-05-21,Organic,East,0.0,448
2026-05-21,Paid,East,836.52,7749
2026-05-21,Email,East,157.93,1379
2026-05-21,Referral,East,111.8,1130
2026-05-21,Organic,West,0.0,302
2026-05-21,Paid,West,845.64,9335
2026-05-21,Email,West,163.19,1537
2026-05-21,Referral,West,108.43,1067
2026-05-22,Organic,North,0.0,278
2026-05-22,Paid,North,682.16,6008
2026-05-22,Email,North,142.33,1551
2026-05-22,Referral,North,110.55,1216
2026-05-22,Organic,South,0.0,359
2026-05-22,Paid,South,727.15,7459
2026-05-22,Email,South,139.39,1582
2026-05-22,Referral,South,96.23,907
2026-05-22,Organic,East,0.0,418
2026-05-22,Paid,East,893.74,10566
2026-05-22,Email,East,151.37,1226
2026-05-22,Referral,East,104.27,855
2026-05-22,Organic,West,0.0,262
2026-05-22,Paid,West,836.47,8866
2026-05-22,Email,West,152.6,1635
2026-05-22,Referral,West,111.97,1111
2026-05-23,Organic,North,0.0,288
2026-05-23,Paid,North,858.38,6948
2026-05-23,Email,North,169.65,1492
2026-05-23,Referral,North,93.85,1030
2026-05-23,Organic,South,0.0,497
2026-05-23,Paid,South,868.99,10180
2026-05-23,Email,South,168.02,1428
2026-05-23,Referral,South,98.01,795
2026-05-23,Organic,East,0.0,383
2026-05-23,Paid,East,708.01,6042
2026-05-23,Email,East,131.99,1135
2026-05-23,Referral,East,97.15,1035
2026-05-23,Organic,West,0.0,486
2026-05-23,Paid,West,799.38,6621
2026-05-23,Email,West,147.15,1667
2026-05-23,Referral,West,111.05,1277
2026-05-24,Organic,North,0.0,273
2026-05-24,Paid,North,885.82,9980
2026-05-24,Email,North,150.21,1668
2026-05-24,Referral,North,113.42,939
2026-05-24,Organic,South,0.0,405
2026-05-24,Paid,South,884.69,8062
2026-05-24,Email,South,137.34,1576
2026-05-24,Referral,South,92.5,908
2026-05-24,Organic,East,0.0,316
2026-05-24,Paid,East,824.94,7056
2026-05-24,Email,East,139.99,1183
2026-05-24,Referral,East,88.23,1054
2026-05-24,Organic,West,0.0,467
2026-05-24,Paid,West,814.92,7362
2026-05-24,Email,West,165.22,1615
2026-05-24,Referral,West,111.05,1280
2026-05-25,Organic,North,0.0,473
2026-05-25,Paid,North,867.09,7165
2026-05-25,Email,North,128.34,1082
2026-05-25,Referral,North,105.52,1253
2026-05-25,Organic,South,0.0,462
2026-05-25,Paid,South,880.89,8648
2026-05-25,Email,South,153.45,1599
2026-05-25,Referral,South,88.23,904
2026-05-25,Organic,East,0.0,235
2026-05-25,Paid,East,699.96,6670
2026-05-25,Email,East,161.18,1759
2026-05-25,Referral,East,89.28,738
2026-05-25,Organic,West,0.0,331
2026-05-25,Paid,West,851.83,9954
2026-05-25,Email,West,143.31,1682
2026-05-25,Referral,West,113.11,1235
2026-05-26,Organic,North,0.0,454
2026-05-26,Paid,North,917.7,9859
2026-05-26,Email,North,145.43,1438
2026-05-26,Referral,North,94.17,1088
2026-05-26,Organic,South,0.0,252
2026-05-26,Paid,South,914.47,7507
2026-05-26,Email,South,147.39,1726
2026-05-26,Referral,South,99.07,1152
2026-05-26,Organic,East,0.0,320
2026-05-26,Paid,East,889.35,10291
2026-05-26,Email,East,165.98,1962
2026-05-26,Referral,East,113.05,1250
2026-05-26,Organic,West,0.0,250
2026-05-26,Paid,West,911.29,10121
2026-05-26,Email,West,158.86,1408
2026-05-26,Referral,West,109.92,1139
2026-05-27,Organic,North,0.0,479
2026-05-27,Paid,North,730.54,8710
2026-05-27,Email,North,134.58,1340
2026-05-27,Referral,North,102.21,1070
2026-05-27,Organic,South,0.0,386
2026-05-27,Paid,South,907.21,8253
2026-05-27,Email,South,130.26,1110
2026-05-27,Referral,South,114.21,1082
2026-05-27,Organic,East,0.0,324
2026-05-27,Paid,East,798.43,8576
2026-05-27,Email,East,167.7,1681
2026-05-27,Referral,East,89.87,868
2026-05-27,Organic,West,0.0,482
2026-05-27,Paid,West,780.52,8274
2026-05-27,Email,West,139.17,1650
2026-05-27,Referral,West,109.7,1051
2026-05-28,Organic,North,0.0,431
2026-05-28,Paid,North,823.04,9873
2026-05-28,Email,North,151.22,1418
2026-05-28,Referral,North,103.78,847
2026-05-28,Organic,South,0.0,497
2026-05-28,Paid,South,913.65,9604
2026-05-28,Email,South,127.94,1115
2026-05-28,Referral,South,103.7,1167
2026-05-28,Organic,East,0.0,239
2026-05-28,Paid,East,695.8,6940
2026-05-28,Email,East,140.73,1629
2026-05-28,Referral,East,111.69,905
2026-05-28,Organic,West,0.0,392
2026-05-28,Paid,West,868.19,9088
2026-05-28,Email,West,134.24,1371
2026-05-28,Referral,West,93.55,768
2026-05-29,Organic,North,0.0,295
2026-05-29,Paid,North,793.96,6725
2026-05-29,Email,North,169.52,1524
2026-05-29,Referral,North,107.66,1207
2026-05-29,Organic,South,0.0,329
2026-05-29,Paid,South,758.13,8793
2026-05-29,Email,South,149.1,1765
2026-05-29,Referral,South,97.03,789
2026-05-29,Organic,East,0.0,268
2026-05-29,Paid,East,850.62,8682
2026-05-29,Email,East,143.12,1207
2026-05-29,Referral,East,106.38,1264
2026-05-29,Organic,West,0.0,415
2026-05-29,Paid,West,891.54,8183
2026-05-29,Email,West,135.6,1287
2026-05-29,Referral,West,89.98,904
2026-05-30,Organic,North,0.0,384
2026-05-30,Paid,North,850.87,7934
2026-05-30,Email,North,145.04,1419
2026-05-30,Referral,North,103.16,1027
2026-05-30,Organic,South,0.0,488
2026-05-30,Paid,South,889.52,9356
2026-05-30,Email,South,168.61,1458
2026-05-30,Referral,South,111.91,913
2026-05-30,Organic,East,0.0,343
2026-05-30,Paid,East,805.9,9592
2026-05-30,Email,East,165.21,1345
2026-05-30,Referral,East,94.77,770
2026-05-30,Organic,West,0.0,245
2026-05-30,Paid,West,883.94,8967
2026-05-30,Email,West,164.84,1579
2026-05-30,Referral,West,94.61,1032
2026-05-31,Organic,North,0.0,352
2026-05-31,Paid,North,699.51,5658
2026-05-31,Email,North,146.46,1226
2026-05-31,Referral,North,110.65,1065
2026-05-31,Organic,South,0.0,236
2026-05-31,Paid,South,800.16,7941
2026-05-31,Email,South,160.87,1771
2026-05-31,Referral,South,104.26,885
2026-05-31,Organic,East,0.0,315
2026-05-31,Paid,East,849.37,6882
2026-05-31,Email,East,151.97,1285
2026-05-31,Referral,East,104.7,939
2026-05-31,Organic,West,0.0,234
2026-05-31,Paid,West,778.28,7501
2026-05-31,Email,West,167.91,1538
2026-05-31,Referral,West,107.42,995
2026-06-01,Organic,North,0.0,267
2026-06-01,Paid,North,849.07,7239
2026-06-01,Email,North,156.6,1288
2026-06-01,Referral,North,101.64,1166
2026-06-01,Organic,South,0.0,436
2026-06-01,Paid,South,722.42,7864
2026-06-01,Email,South,145.24,1421
2026-06-01,Referral,South,89.27,815
2026-06-01,Organic,East,0.0,269
2026-06-01,Paid,East,821.49,6666
2026-06-01,Email,East,162.85,1509
2026-06-01,Referral,East,86.91,907
2026-06-01,Organic,West,0.0,372
2026-06-01,Paid,West,919.2,7478
2026-06-01,Email,West,145.57,1289
2026-06-01,Referral,West,97.56,1046
2026-06-02,Organic,North,0.0,355
2026-06-02,Paid,North,692.04,7200
2026-06-02,Email,North,160.17,1816
2026-06-02,Referral,North,103.45,955
2026-06-02,Organic,South,0.0,359
2026-06-02,Paid,South,733.71,7822
2026-06-02,Email,South,164.12,1517
2026-06-02,Referral,South,113.7,1204
2026-06-02,Organic,East,0.0,312
2026-06-02,Paid,East,847.75,8949
2026-06-02,Email,East,159.18,1286
2026-06-02,Referral,East,103.83,968
2026-06-02,Organic,West,0.0,236
2026-06-02,Paid,West,739.91,6400
2026-06-02,Email,West,153.03,1599
2026-06-02,Referral,West,109.54,900
2026-06-03,Organic,North,0.0,326
2026-06-03,Paid,North,760.34,8634
2026-06-03,Email,North,155.46,1558
2026-06-03,Referral,North,90.22,735
2026-06-03,Organic,South,0.0,243
2026-06-03,Paid,South,821.37,7273
2026-06-03,Email,South,145.52,1456
2026-06-03,Referral,South,105.18,877
2026-06-03,Organic,East,0.0,205
2026-06-03,Paid,East,867.72,7383
2026-06-03,Email,East,147.67,1379
2026-06-03,Referral,East,104.75,911
2026-06-03,Organic,West,0.0,471
2026-06-03,Paid,West,848.94,8121
2026-06-03,Email,West,145.88,1311
2026-06-03,Referral,West,101.76,826
2026-06-04,Organic,North,0.0,222
2026-06-04,Paid,North,794.37,8682
2026-06-04,Email,North,165.39,1903
2026-06-04,Referral,North,92.03,943
2026-06-04,Organic,South,0.0,258
2026-06-04,Paid,South,717.23,6024
2026-06-04,Email,South,162.14,1614
2026-06-04,Referral,South,103.1,1053
2026-06-04,Organic,East,0.0,376
2026-06-04,Paid,East,816.64,6691
2026-06-04,Email,East,143.11,1664
2026-06-04,Referral,East,102.3,938
2026-06-04,Organic,West,0.0,358
2026-06-04,Paid,West,759.56,6891
2026-06-04,Email,West,156.23,1472
2026-06-04,Referral,West,90.34,1056
2026-06-05,Organic,North,0.0,379
2026-06-05,Paid,North,799.94,9169
2026-06-05,Email,North,165.08,1669
2026-06-05,Referral,North,92.87,837
2026-06-05,Organic,South,0.0,328
2026-06-05,Paid,South,897.6,8707
2026-06-05,Email,South,145.04,1252
2026-06-05,Referral,South,97.02,966
2026-06-05,Organic,East,0.0,410
2026-06-05,Paid,East,832.7,9035
2026-06-05,Email,East,145.89,1617
2026-06-05,Referral,East,100.22,1045
2026-06-05,Organic,West,0.0,364
2026-06-05,Paid,West,857.88,8051
2026-06-05,Email,West,137.66,1526
2026-06-05,Referral,West,111.52,1052
2026-06-06,Organic,North,0.0,322
2026-06-06,Paid,North,872.9,9364
2026-06-06,Email,North,171.26,1590
2026-06-06,Referral,North,91.76,766
2026-06-06,Organic,South,0.0,351
2026-06-06,Paid,South,719.97,7690
2026-06-06,Email,South,150.53,1232
2026-06-06,Referral,South,106.63,1056
2026-06-06,Organic,East,0.0,370
2026-06-06,Paid,East,919.65,9273
2026-06-06,Email,East,172.25,1986
2026-06-06,Referral,East,93.2,762
2026-06-06,Organic,West,0.0,260
2026-06-06,Paid,West,803.89,9185
2026-06-06,Email,West,134.42,1133
2026-06-06,Referral,West,97.57,874
2026-06-07,Organic,North,0.0,366
2026-06-07,Paid,North,681.44,5596
2026-06-07,Email,North,171.37,1701
2026-06-07,Referral,North,96.85,1087
2026-06-07,Organic,South,0.0,265
2026-06-07,Paid,South,681.09,6737
2026-06-07,Email,South,140.71,1379
2026-06-07,Referral,South,86.08,747
2026-06-07,Organic,East,0.0,361
2026-06-07,Paid,East,797.42,6690
2026-06-07,Email,East,172.08,1570
2026-06-07,Referral,East,92.33,867
2026-06-07,Organic,West,0.0,289
2026-06-07,Paid,West,852.83,7895
2026-06-07,Email,West,129.85,1154
2026-06-07,Referral,West,98.68,919
2026-06-08,Organic,North,0.0,460
2026-06-08,Paid,North,828.68,7768
2026-06-08,Email,North,146.32,1325
2026-06-08,Referral,North,108.9,1188
2026-06-08,Organic,South,0.0,301
2026-06-08,Paid,South,802.65,6444
2026-06-08,Email,South,160.1,1352
2026-06-08,Referral,South,86.84,928
2026-06-08,Organic,East,0.0,291
2026-06-08,Paid,East,762.82,8531
2026-06-08,Email,East,129.33,1541
2026-06-08,Referral,East,103.02,1218
2026-06-08,Organic,West,0.0,259
2026-06-08,Paid,West,836.41,8704
2026-06-08,Email,West,146.72,1676
2026-06-08,Referral,West,88.26,1049
2026-06-09,Organic,North,0.0,243
2026-06-09,Paid,North,875.01,7146
2026-06-09,Email,North,171.28,1741
2026-06-09,Referral,North,90.67,917
2026-06-09,Organic,South,0.0,491
2026-06-09,Paid,South,909.48,8407
2026-06-09,Email,South,165.32,1545
2026-06-09,Referral,South,102.01,1055
2026-06-09,Organic,East,0.0,293
2026-06-09,Paid,East,901.41,7786
2026-06-09,Email,East,150.54,1742
2026-06-09,Referral,East,110.7,1282
2026-06-09,Organic,West,0.0,210
2026-06-09,Paid,West,913.92,7333
2026-06-09,Email,West,146.19,1213
2026-06-09,Referral,West,100.95,1041
2026-06-10,Organic,North,0.0,481
2026-06-10,Paid,North,806.99,7724
2026-06-10,Email,North,152.72,1712
2026-06-10,Referral,North,97.86,1084
2026-06-10,Organic,South,0.0,351
2026-06-10,Paid,South,806.01,8701
2026-06-10,Email,South,140.98,1657
2026-06-10,Referral,South,106.74,1201
2026-06-10,Organic,East,0.0,491
2026-06-10,Paid,East,916.24,9080
2026-06-10,Email,East,154.27,1443
2026-06-10,Referral,East,98.32,1061
2026-06-10,Organic,West,0.0,400
2026-06-10,Paid,West,906.29,9544
2026-06-10,Email,West,144.29,1461
2026-06-10,Referral,West,114.73,949
2026-06-11,Organic,North,0.0,348
2026-06-11,Paid,North,702.03,8192
2026-06-11,Email,North,134.26,1526
2026-06-11,Referral,North,114.02,1243
2026-06-11,Organic,South,0.0,463
2026-06-11,Paid,South,860.37,9088
2026-06-11,Email,South,158.14,1518
2026-06-11,Referral,South,104.87,1043
2026-06-11,Organic,East,0.0,371
2026-06-11,Paid,East,705.89,5983
2026-06-11,Email,East,151.95,1442
2026-06-11,Referral,East,107.43,1146
2026-06-11,Organic,West,0.0,443
2026-06-11,Paid,West,742.5,7082
2026-06-11,Email,West,155.8,1811
2026-06-11,Referral,West,109.68,1071
2026-06-12,Organic,North,0.0,472
2026-06-12,Paid,North,755.69,6517
2026-06-12,Email,North,140.28,1408
2026-06-12,Referral,North,89.87,1032
2026-06-12,Organic,South,0.0,457
2026-06-12,Paid,South,783.34,8975
2026-06-12,Email,South,141.62,1354
2026-06-12,Referral,South,114.64,1310
2026-06-12,Organic,East,0.0,329
2026-06-12,Paid,East,814.96,6874
2026-06-12,Email,East,148.34,1643
2026-06-12,Referral,East,93.17,841
2026-06-12,Organic,West,0.0,253
2026-06-12,Paid,West,728.6,8581
2026-06-12,Email,West,139.64,1623
2026-06-12,Referral,West,89.92,901
2026-06-13,Organic,North,0.0,419
2026-06-13,Paid,North,778.57,7767
2026-06-13,Email,North,131.22,1110
2026-06-13,Referral,North,89.48,882
2026-06-13,Organic,South,0.0,297
2026-06-13,Paid,South,816.09,8001
2026-06-13,Email,South,151.32,1749
2026-06-13,Referral,South,89.66,815
2026-06-13,Organic,East,0.0,336
2026-06-13,Paid,East,731.72,7526
2026-06-13,Email,East,152.04,1275
2026-06-13,Referral,East,99.92,1100
2026-06-13,Organic,West,0.0,245
2026-06-13,Paid,West,823.75,7175
2026-06-13,Email,West,157.38,1497
2026-06-13,Referral,West,88.98,777
2026-06-14,Organic,North,0.0,465
2026-06-14,Paid,North,906.74,9394
2026-06-14,Email,North,149.19,1360
2026-06-14,Referral,North,86.59,736
2026-06-14,Organic,South,0.0,435
2026-06-14,Paid,South,908.69,9378
2026-06-14,Email,South,161.77,1895
2026-06-14,Referral,South,95.78,885
2026-06-14,Organic,East,0.0,486
2026-06-14,Paid,East,751.43,8934
2026-06-14,Email,East,144.64,1537
2026-06-14,Referral,East,103.06,845
2026-06-14,Organic,West,0.0,217
2026-06-14,Paid,West,878.94,8810
2026-06-14,Email,West,135.55,1204
2026-06-14,Referral,West,87.13,739
2026-06-15,Organic,North,0.0,332
2026-06-15,Paid,North,888.3,7290
2026-06-15,Email,North,139.63,1575
2026-06-15,Referral,North,100.72,1134
2026-06-15,Organic,South,0.0,487
2026-06-15,Paid,South,799.87,7235
2026-06-15,Email,South,137.45,1425
2026-06-15,Referral,South,108.74,1022
2026-06-15,Organic,East,0.0,292
2026-06-15,Paid,East,742.86,6735
2026-06-15,Email,East,129.59,1355
2026-06-15,Referral,East,88.96,875
2026-06-15,Organic,West,0.0,205
2026-06-15,Paid,West,715.68,6653
2026-06-15,Email,West,166.81,1467
2026-06-15,Referral,West,85.94,781
2026-06-16,Organic,North,0.0,232
2026-06-16,Paid,North,772.07,6349
2026-06-16,Email,North,151.91,1381
2026-06-16,Referral,North,102.18,1154
2026-06-16,Organic,South,0.0,249
2026-06-16,Paid,South,885.18,10297
2026-06-16,Email,South,132.96,1539
2026-06-16,Referral,South,95.32,845
2026-06-16,Organic,East,0.0,428
2026-06-16,Paid,East,770.92,7150
2026-06-16,Email,East,169.95,1539
2026-06-16,Referral,East,98.64,953
2026-06-16,Organic,West,0.0,280
2026-06-16,Paid,West,758.46,6613
2026-06-16,Email,West,130.18,1287
2026-06-16,Referral,West,96.97,1031
2026-06-17,Organic,North,0.0,220
2026-06-17,Paid,North,765.13,8340
2026-06-17,Email,North,149.24,1485
2026-06-17,Referral,North,97.55,1090
2026-06-17,Organic,South,0.0,285
2026-06-17,Paid,South,803.98,8278
2026-06-17,Email,South,152.42,1253
2026-06-17,Referral,South,95.51,894
2026-06-17,Organic,East,0.0,218
2026-06-17,Paid,East,822.43,8931
2026-06-17,Email,East,140.28,1363
2026-06-17,Referral,East,96.21,888
2026-06-17,Organic,West,0.0,362
2026-06-17,Paid,West,789.07,7883
2026-06-17,Email,West,156.06,1786
2026-06-17,Referral,West,86.18,881
2026-06-18,Organic,North,0.0,237
2026-06-18,Paid,North,849.52,8853
2026-06-18,Email,North,145.78,1324
2026-06-18,Referral,North,104.98,858
2026-06-18,Organic,South,0.0,420
2026-06-18,Paid,South,831.83,7494
2026-06-18,Email,South,137.63,1460
2026-06-18,Referral,South,92.05,977
2026-06-18,Organic,East,0.0,343
2026-06-18,Paid,East,800.13,7378
2026-06-18,Email,East,128.81,1183
2026-06-18,Referral,East,112.32,943
2026-06-18,Organic,West,0.0,294
2026-06-18,Paid,West,757.7,6791
2026-06-18,Email,West,145.64,1532
2026-06-18,Referral,West,99.7,808
2026-06-19,Organic,North,0.0,426
2026-06-19,Paid,North,867.05,8360
2026-06-19,Email,North,170.52,1666
2026-06-19,Referral,North,103.34,1144
2026-06-19,Organic,South,0.0,396
2026-06-19,Paid,South,900.47,7498
2026-06-19,Email,South,167.17,1637
2026-06-19,Referral,South,108.84,905
2026-06-19,Organic,East,0.0,493
2026-06-19,Paid,East,896.85,10643
2026-06-19,Email,East,150.02,1663
2026-06-19,Referral,East,85.12,954
2026-06-19,Organic,West,0.0,328
2026-06-19,Paid,West,831.82,7168
2026-06-19,Email,West,146.94,1461
2026-06-19,Referral,West,97.08,1007
2026-06-20,Organic,North,0.0,318
2026-06-20,Paid,North,816.19,8078
2026-06-20,Email,North,139.23,1520
2026-06-20,Referral,North,104.09,1183
2026-06-20,Organic,South,0.0,410
2026-06-20,Paid,South,872.63,10130
2026-06-20,Email,South,165.33,1904
2026-06-20,Referral,South,101.55,1160
2026-06-20,Organic,East,0.0,355
2026-06-20,Paid,East,821.79,8901
2026-06-20,Email,East,129.85,1311
2026-06-20,Referral,East,107.49,1171
2026-06-20,Organic,West,0.0,244
2026-06-20,Paid,West,817.55,8733
2026-06-20,Email,West,161.36,1307
2026-06-20,Referral,West,108.46,1227
2026-06-21,Organic,North,0.0,339
2026-06-21,Paid,North,904.4,7378
2026-06-21,Email,North,141.3,1455
2026-06-21,Referral,North,110.47,937
2026-06-21,Organic,South,0.0,399
2026-06-21,Paid,South,842.25,6916
2026-06-21,Email,South,156.85,1588
2026-06-21,Referral,South,86.04,899
2026-06-21,Organic,East,0.0,480
2026-06-21,Paid,East,916.06,10234
2026-06-21,Email,East,129.81,1450
2026-06-21,Referral,East,88.72,971
2026-06-21,Organic,West,0.0,354
2026-06-21,Paid,West,793.86,8019
2026-06-21,Email,West,152.97,1455
2026-06-21,Referral,West,90.78,769
2026-06-22,Organic,North,0.0,210
2026-06-22,Paid,North,799.5,8217
2026-06-22,Email,North,165.95,1603
2026-06-22,Referral,North,94.1,955
2026-06-22,Organic,South,0.0,331
2026-06-22,Paid,South,790.7,8126
2026-06-22,Email,South,133.44,1505
2026-06-22,Referral,South,100.89,817
2026-06-22,Organic,East,0.0,224
2026-06-22,Paid,East,807.58,8085
2026-06-22,Email,East,133.19,1095
2026-06-22,Referral,East,91.45,1054
2026-06-22,Organic,West,0.0,413
2026-06-22,Paid,West,777.55,7145
2026-06-22,Email,West,157.03,1609
2026-06-22,Referral,West,103.16,1214
2026-06-23,Organic,North,0.0,331
2026-06-23,Paid,North,783.3,9142
2026-06-23,Email,North,161.01,1898
2026-06-23,Referral,North,106.7,1208
2026-06-23,Organic,South,0.0,372
2026-06-23,Paid,South,733.69,8100
2026-06-23,Email,South,151.55,1585
2026-06-23,Referral,South,99.15,942
2026-06-23,Organic,East,0.0,237
2026-06-23,Paid,East,746.8,6195
2026-06-23,Email,East,143.81,1625
2026-06-23,Referral,East,102.82,971
2026-06-23,Organic,West,0.0,382
2026-06-23,Paid,West,767.86,6963
2026-06-23,Email,West,169.64,1638
2026-06-23,Referral,West,99.27,875
2026-06-24,Organic,North,0.0,411
2026-06-24,Paid,North,812.7,8828
2026-06-24,Email,North,142.22,1310
2026-06-24,Referral,North,105.75,1118
2026-06-24,Organic,South,0.0,226
2026-06-24,Paid,South,848.06,9621
2026-06-24,Email,South,137.52,1146
2026-06-24,Referral,South,113.69,1309
2026-06-24,Organic,East,0.0,496
2026-06-24,Paid,East,830.65,9170
2026-06-24,Email,East,160.2,1491
2026-06-24,Referral,East,113.83,984
2026-06-24,Organic,West,0.0,461
2026-06-24,Paid,West,812.67,8249
2026-06-24,Email,West,130.73,1402
2026-06-24,Referral,West,114.51,1057
2026-06-25,Organic,North,0.0,452
2026-06-25,Paid,North,827.15,7797
2026-06-25,Email,North,150.57,1791
2026-06-25,Referral,North,96.99,855
2026-06-25,Organic,South,0.0,449
2026-06-25,Paid,South,753.12,8745
2026-06-25,Email,South,160.6,1732
2026-06-25,Referral,South,103.09,1100
2026-06-25,Organic,East,0.0,457
2026-06-25,Paid,East,879.61,10354
2026-06-25,Email,East,149.44,1215
2026-06-25,Referral,East,101.98,1148
2026-06-25,Organic,West,0.0,455
2026-06-25,Paid,West,761.33,7615
2026-06-25,Email,West,170.37,1382
2026-06-25,Referral,West,114.83,1307
2026-06-26,Organic,North,0.0,396
2026-06-26,Paid,North,855.62,8325
2026-06-26,Email,North,143.73,1643
2026-06-26,Referral,North,106.5,919
2026-06-26,Organic,South,0.0,452
2026-06-26,Paid,South,696.09,6788
2026-06-26,Email,South,156.81,1794
2026-06-26,Referral,South,107.13,1059
2026-06-26,Organic,East,0.0,494
2026-06-26,Paid,East,881.86,9632
2026-06-26,Email,East,145.47,1588
2026-06-26,Referral,East,107.9,1000
2026-06-26,Organic,West,0.0,340
2026-06-26,Paid,West,756.51,6846
2026-06-26,Email,West,159.32,1649
2026-06-26,Referral,West,103.19,1021
2026-06-27,Organic,North,0.0,485
2026-06-27,Paid,North,806.22,7707
2026-06-27,Email,North,159.85,1528
2026-06-27,Referral,North,94.13,1106
2026-06-27,Organic,South,0.0,359
2026-06-27,Paid,South,819.2,8396
2026-06-27,Email,South,148.26,1438
2026-06-27,Referral,South,89.04,716
2026-06-27,Organic,East,0.0,261
2026-06-27,Paid,East,731.03,5882
2026-06-27,Email,East,136.57,1294
2026-06-27,Referral,East,93.62,1102
2026-06-27,Organic,West,0.0,422
2026-06-27,Paid,West,753.51,7169
2026-06-27,Email,West,132.7,1208
2026-06-27,Referral,West,103.95,1195
2026-06-28,Organic,North,0.0,370
2026-06-28,Paid,North,772.97,7513
2026-06-28,Email,North,134.09,1253
2026-06-28,Referral,North,87.82,1007
2026-06-28,Organic,South,0.0,219
2026-06-28,Paid,South,728.57,8390
2026-06-28,Email,South,156.62,1270
2026-06-28,Referral,South,113.56,1350
2026-06-28,Organic,East,0.0,230
2026-06-28,Paid,East,792.81,8795
2026-06-28,Email,East,144.87,1603
2026-06-28,Referral,East,86.47,774
2026-06-28,Organic,West,0.0,295
2026-06-28,Paid,West,683.25,6698
2026-06-28,Email,West,146.37,1732
2026-06-28,Referral,West,99.32,851
2026-06-29,Organic,North,0.0,284
2026-06-29,Paid,North,907.27,10807
2026-06-29,Email,North,168.61,1759
2026-06-29,Referral,North,86.56,759
2026-06-29,Organic,South,0.0,257
2026-06-29,Paid,South,726.71,7103
2026-06-29,Email,South,128.86,1106
2026-06-29,Referral,South,104.38,1041
2026-06-29,Organic,East,0.0,475
2026-06-29,Paid,East,773.45,8627
2026-06-29,Email,East,146.35,1384
2026-06-29,Referral,East,85.85,972
2026-06-29,Organic,West,0.0,389
2026-06-29,Paid,West,699.72,8388
2026-06-29,Email,West,149.38,1423
2026-06-29,Referral,West,96.28,790
2026-06-30,Organic,North,0.0,326
2026-06-30,Paid,North,702.52,7808
2026-06-30,Email,North,132.2,1257
2026-06-30,Referral,North,92.83,820
2026-06-30,Organic,South,0.0,481
2026-06-30,Paid,South,837.68,7126
2026-06-30,Email,South,154.59,1776
2026-06-30,Referral,South,109.0,1223
2026-06-30,Organic,East,0.0,352
2026-06-30,Paid,East,766.92,6179
2026-06-30,Email,East,142.15,1639
2026-06-30,Referral,East,91.83,1049
2026-06-30,Organic,West,0.0,338
2026-06-30,Paid,West,845.96,9777
2026-06-30,Email,West,144.5,1205
2026-06-30,Referral,West,93.44,1062
2026-07-01,Organic,North,0.0,358
2026-07-01,Paid,North,697.01,6804
2026-07-01,Email,North,169.78,1429
2026-07-01,Referral,North,104.41,1105
2026-07-01,Organic,South,0.0,231
2026-07-01,Paid,South,850.45,8492
2026-07-01,Email,South,162.92,1856
2026-07-01,Referral,South,94.34,912
2026-07-01,Organic,East,0.0,386
2026-07-01,Paid,East,741.46,6732
2026-07-01,Email,East,154.5,1363
2026-07-01,Referral,East,88.16,803
2026-07-01,Organic,West,0.0,412
2026-07-01,Paid,West,714.59,8521
2026-07-01,Email,West,139.54,1136
2026-07-01,Referral,West,106.08,924
2026-07-02,Organic,North,0.0,486
2026-07-02,Paid,North,763.63,7584
2026-07-02,Email,North,141.3,1142
2026-07-02,Referral,North,98.93,948
2026-07-02,Organic,South,0.0,290
2026-07-02,Paid,South,914.11,10430
2026-07-02,Email,South,130.8,1466
2026-07-02,Referral,South,109.09,1265
2026-07-02,Organic,East,0.0,239
2026-07-02,Paid,East,740.21,7581
2026-07-02,Email,East,157.58,1694
2026-07-02,Referral,East,98.7,1012
2026-07-02,Organic,West,0.0,374
2026-07-02,Paid,West,795.78,6608
2026-07-02,Email,West,131.43,1350
2026-07-02,Referral,West,105.54,1193
2026-07-03,Organic,North,0.0,423
2026-07-03,Paid,North,683.09,6511
2026-07-03,Email,North,158.98,1686
2026-07-03,Referral,North,97.87,1043
2026-07-03,Organic,South,0.0,492
2026-07-03,Paid,South,727.6,5875
2026-07-03,Email,South,150.35,1768
2026-07-03,Referral,South,111.85,1095
2026-07-03,Organic,East,0.0,432
2026-07-03,Paid,East,731.4,7587
2026-07-03,Email,East,142.12,1661
2026-07-03,Referral,East,96.2,832
2026-07-03,Organic,West,0.0,248
2026-07-03,Paid,West,710.27,8458
2026-07-03,Email,West,172.09,2005
2026-07-03,Referral,West,114.91,1147
2026-07-04,Organic,North,0.0,341
2026-07-04,Paid,North,833.32,7030
2026-07-04,Email,North,168.09,1449
2026-07-04,Referral,North,103.16,892
2026-07-04,Organic,South,0.0,484
2026-07-04,Paid,South,843.83,8779
2026-07-04,Email,South,143.85,1195
2026-07-04,Referral,South,91.36,927
2026-07-04,Organic,East,0.0,208
2026-07-04,Paid,East,711.79,7368
2026-07-04,Email,East,141.06,1308
2026-07-04,Referral,East,109.57,1045
2026-07-04,Organic,West,0.0,240
2026-07-04,Paid,West,863.99,9695
2026-07-04,Email,West,132.96,1077
2026-07-04,Referral,West,91.98,830
2026-07-05,Organic,North,0.0,270
2026-07-05,Paid,North,686.45,6882
2026-07-05,Email,North,157.59,1305
2026-07-05,Referral,North,109.12,930
2026-07-05,Organic,South,0.0,446
2026-07-05,Paid,South,697.16,7227
2026-07-05,Email,South,170.94,1376
2026-07-05,Referral,South,94.36,978
2026-07-05,Organic,East,0.0,439
2026-07-05,Paid,East,685.73,5945
2026-07-05,Email,East,133.16,1551
2026-07-05,Referral,East,113.43,1205
2026-07-05,Organic,West,0.0,236
2026-07-05,Paid,West,726.21,6462
2026-07-05,Email,West,141.27,1552
2026-07-05,Referral,West,94.14,994
2026-07-06,Organic,North,0.0,436
2026-07-06,Paid,North,717.13,6738
2026-07-06,Email,North,139.8,1532
2026-07-06,Referral,North,87.99,829
2026-07-06,Organic,South,0.0,496
2026-07-06,Paid,South,747.69,7168
2026-07-06,Email,South,172.34,1789
2026-07-06,Referral,South,111.69,1138
2026-07-06,Organic,East,0.0,359
2026-07-06,Paid,East,801.37,9475
2026-07-06,Email,East,144.46,1491
2026-07-06,Referral,East,102.47,954
2026-07-06,Organic,West,0.0,221
2026-07-06,Paid,West,761.09,6967
2026-07-06,Email,West,164.32,1949
2026-07-06,Referral,West,107.28,1132
2026-07-07,Organic,North,0.0,259
2026-07-07,Paid,North,775.92,7081
2026-07-07,Email,North,139.17,1344
2026-07-07,Referral,North,88.73,801
2026-07-07,Organic,South,0.0,240
2026-07-07,Paid,South,689.41,5883
2026-07-07,Email,South,151.24,1227
2026-07-07,Referral,South,107.66,1055
2026-07-07,Organic,East,0.0,357
2026-07-07,Paid,East,819.13,8949
2026-07-07,Email,East,165.67,1920
2026-07-07,Referral,East,101.5,1080
2026-07-07,Organic,West,0.0,384
2026-07-07,Paid,West,792.05,7831
2026-07-07,Email,West,169.19,1847
2026-07-07,Referral,West,92.88,837
2026-07-08,Organic,North,0.0,323
2026-07-08,Paid,North,760.11,8892
2026-07-08,Email,North,137.04,1561
2026-07-08,Referral,North,91.19,771
2026-07-08,Organic,South,0.0,432
2026-07-08,Paid,South,712.59,6182
2026-07-08,Email,South,169.84,1793
2026-07-08,Referral,South,107.24,985
2026-07-08,Organic,East,0.0,434
2026-07-08,Paid,East,691.15,7458
2026-07-08,Email,East,139.69,1635
2026-07-08,Referral,East,108.19,1182
2026-07-08,Organic,West,0.0,303
2026-07-08,Paid,West,886.82,7883
2026-07-08,Email,West,171.88,1718
2026-07-08,Referral,West,111.2,1200
2026-07-09,Organic,North,0.0,441
2026-07-09,Paid,North,871.04,7639
2026-07-09,Email,North,156.48,1479
2026-07-09,Referral,North,88.91,992
2026-07-09,Organic,South,0.0,455
2026-07-09,Paid,South,897.31,8042
2026-07-09,Email,South,141.92,1488
2026-07-09,Referral,South,94.32,812
2026-07-09,Organic,East,0.0,277
2026-07-09,Paid,East,857.66,7296
2026-07-09,Email,East,169.27,1467
2026-07-09,Referral,East,87.58,884
2026-07-09,Organic,West,0.0,355
2026-07-09,Paid,West,848.66,9672
2026-07-09,Email,West,132.8,1155
2026-07-09,Referral,West,102.27,1141
2026-07-10,Organic,North,0.0,288
2026-07-10,Paid,North,792.08,7218
2026-07-10,Email,North,128.64,1455
2026-07-10,Referral,North,111.35,1145
2026-07-10,Organic,South,0.0,295
2026-07-10,Paid,South,695.0,6458
2026-07-10,Email,South,144.74,1629
2026-07-10,Referral,South,109.76,927
2026-07-10,Organic,East,0.0,334
2026-07-10,Paid,East,874.03,7509
2026-07-10,Email,East,132.31,1404
2026-07-10,Referral,East,102.9,832
2026-07-10,Organic,West,0.0,299
2026-07-10,Paid,West,685.63,5947
2026-07-10,Email,West,138.55,1435
2026-07-10,Referral,West,94.52,1128
2026-07-11,Organic,North,0.0,206
2026-07-11,Paid,North,867.52,8913
2026-07-11,Email,North,162.45,1336
2026-07-11,Referral,North,100.93,848
2026-07-11,Organic,South,0.0,437
2026-07-11,Paid,South,779.3,8148
2026-07-11,Email,South,148.18,1454
2026-07-11,Referral,South,98.17,902
2026-07-11,Organic,East,0.0,240
2026-07-11,Paid,East,852.64,7395
2026-07-11,Email,East,141.82,1252
2026-07-11,Referral,East,106.37,1044
2026-07-11,Organic,West,0.0,362
2026-07-11,Paid,West,687.63,7959
2026-07-11,Email,West,155.99,1306
2026-07-11,Referral,West,91.08,840
2026-07-12,Organic,North,0.0,443
2026-07-12,Paid,North,919.58,8128
2026-07-12,Email,North,150.36,1713
2026-07-12,Referral,North,109.74,1154
2026-07-12,Organic,South,0.0,450
2026-07-12,Paid,South,773.23,8197
2026-07-12,Email,South,169.39,1485
2026-07-12,Referral,South,111.77,1184
2026-07-12,Organic,East,0.0,334
2026-07-12,Paid,East,714.39,8371
2026-07-12,Email,East,152.41,1737
2026-07-12,Referral,East,102.16,1106
2026-07-12,Organic,West,0.0,334
2026-07-12,Paid,West,836.22,10004
2026-07-12,Email,West,169.73,1681
2026-07-12,Referral,West,107.43,887
2026-07-13,Organic,North,0.0,459
2026-07-13,Paid,North,840.72,9850
2026-07-13,Email,North,155.25,1569
2026-07-13,Referral,North,91.59,893
2026-07-13,Organic,South,0.0,270
2026-07-13,Paid,South,910.97,9023
2026-07-13,Email,South,147.71,1268
2026-07-13,Referral,South,105.5,955
2026-07-13,Organic,East,0.0,312
2026-07-13,Paid,East,852.51,8028
2026-07-13,Email,East,152.61,1713
2026-07-13,Referral,East,102.54,1123
2026-07-13,Organic,West,0.0,348
2026-07-13,Paid,West,820.32,7811
2026-07-13,Email,West,170.07,1972
2026-07-13,Referral,West,96.35,1138
2026-07-14,Organic,North,0.0,271
2026-07-14,Paid,North,795.34,8545
2026-07-14,Email,North,142.46,1485
2026-07-14,Referral,North,101.0,1008
2026-07-14,Organic,South,0.0,442
2026-07-14,Paid,South,917.71,10542
2026-07-14,Email,South,131.2,1115
2026-07-14,Referral,South,114.91,1238
2026-07-14,Organic,East,0.0,325
2026-07-14,Paid,East,909.73,9171
2026-07-14,Email,East,135.68,1315
2026-07-14,Referral,East,114.69,1129
2026-07-14,Organic,West,0.0,441
2026-07-14,Paid,West,846.39,9996
2026-07-14,Email,West,140.52,1388
2026-07-14,Referral,West,110.45,1076
2026-07-15,Organic,North,0.0,448
2026-07-15,Paid,North,900.12,10712
2026-07-15,Email,North,157.42,1296
2026-07-15,Referral,North,108.84,1218
2026-07-15,Organic,South,0.0,238
2026-07-15,Paid,South,902.07,8942
2026-07-15,Email,South,139.36,1389
2026-07-15,Referral,South,89.0,920
2026-07-15,Organic,East,0.0,474
2026-07-15,Paid,East,707.65,8348
2026-07-15,Email,East,140.51,1306
2026-07-15,Referral,East,91.68,859
2026-07-15,Organic,West,0.0,323
2026-07-15,Paid,West,890.81,10010
2026-07-15,Email,West,130.64,1528
2026-07-15,Referral,West,103.98,858
2026-07-16,Organic,North,0.0,243
2026-07-16,Paid,North,756.96,7463
2026-07-16,Email,North,156.06,1338
2026-07-16,Referral,North,104.7,943
2026-07-16,Organic,South,0.0,380
2026-07-16,Paid,South,848.6,6988
2026-07-16,Email,South,168.19,1922
2026-07-16,Referral,South,90.95,1017
2026-07-16,Organic,East,0.0,290
2026-07-16,Paid,East,833.25,9397
2026-07-16,Email,East,164.32,1672
2026-07-16,Referral,East,88.76,726
2026-07-16,Organic,West,0.0,257
2026-07-16,Paid,West,880.88,9049
2026-07-16,Email,West,167.37,1600
2026-07-16,Referral,West,104.59,850
2026-07-17,Organic,North,0.0,369
2026-07-17,Paid,North,845.01,7834
2026-07-17,Email,North,153.7,1593
2026-07-17,Referral,North,106.71,1029
2026-07-17,Organic,South,0.0,254
2026-07-17,Paid,South,707.63,5929
2026-07-17,Email,South,128.82,1069
2026-07-17,Referral,South,102.24,1000
2026-07-17,Organic,East,0.0,378
2026-07-17,Paid,East,754.22,7547
2026-07-17,Email,East,170.91,1994
2026-07-17,Referral,East,105.26,1085
2026-07-17,Organic,West,0.0,491
2026-07-17,Paid,West,809.93,8888
2026-07-17,Email,West,172.26,1786
2026-07-17,Referral,West,85.57,831
2026-07-18,Organic,North,0.0,282
2026-07-18,Paid,North,907.91,10748
2026-07-18,Email,North,155.88,1595
2026-07-18,Referral,North,85.8,985
2026-07-18,Organic,South,0.0,273
2026-07-18,Paid,South,879.01,8883
2026-07-18,Email,South,142.16,1626
2026-07-18,Referral,South,94.47,1130
2026-07-18,Organic,East,0.0,314
2026-07-18,Paid,East,725.75,7065
2026-07-18,Email,East,157.88,1551
2026-07-18,Referral,East,85.39,924
2026-07-18,Organic,West,0.0,285
2026-07-18,Paid,West,695.8,5994
2026-07-18,Email,West,133.99,1393
2026-07-18,Referral,West,101.88,861
2026-07-19,Organic,North,0.0,496
2026-07-19,Paid,North,804.55,8003
2026-07-19,Email,North,133.54,1166
2026-07-19,Referral,North,110.14,1233
2026-07-19,Organic,South,0.0,355
2026-07-19,Paid,South,790.05,8502
2026-07-19,Email,South,155.4,1490
2026-07-19,Referral,South,104.31,1144
2026-07-19,Organic,East,0.0,344
2026-07-19,Paid,East,851.64,9136
2026-07-19,Email,East,147.49,1240
2026-07-19,Referral,East,88.76,822
2026-07-19,Organic,West,0.0,266
2026-07-19,Paid,West,738.75,8660
2026-07-19,Email,West,149.1,1276
2026-07-19,Referral,West,90.89,997
2026-07-20,Organic,North,0.0,428
2026-07-20,Paid,North,907.78,8854
2026-07-20,Email,North,168.57,1363
2026-07-20,Referral,North,90.63,807
2026-07-20,Organic,South,0.0,208
2026-07-20,Paid,South,884.79,8960
2026-07-20,Email,South,162.94,1599
2026-07-20,Referral,South,88.21,955
2026-07-20,Organic,East,0.0,443
2026-07-20,Paid,East,779.37,8432
2026-07-20,Email,East,145.76,1351
2026-07-20,Referral,East,87.7,762
2026-07-20,Organic,West,0.0,291
2026-07-20,Paid,West,693.18,6612
2026-07-20,Email,West,163.86,1580
2026-07-20,Referral,West,109.26,979
2026-07-21,Organic,North,0.0,324
2026-07-21,Paid,North,848.39,7648
2026-07-21,Email,North,140.48,1577
2026-07-21,Referral,North,113.48,1243
2026-07-21,Organic,South,0.0,376
2026-07-21,Paid,South,769.95,7118
2026-07-21,Email,South,166.4,1403
2026-07-21,Referral,South,103.23,940
2026-07-21,Organic,East,0.0,422
2026-07-21,Paid,East,854.63,8968
2026-07-21,Email,East,131.77,1423
2026-07-21,Referral,East,114.06,1302
2026-07-21,Organic,West,0.0,264
2026-07-21,Paid,West,909.33,8981
2026-07-21,Email,West,159.55,1466
2026-07-21,Referral,West,114.4,1098
2026-07-22,Organic,North,0.0,329
2026-07-22,Paid,North,830.62,8987
2026-07-22,Email,North,140.74,1235
2026-07-22,Referral,North,94.3,855
2026-07-22,Organic,South,0.0,266
2026-07-22,Paid,South,854.28,8510
2026-07-22,Email,South,170.48,1516
2026-07-22,Referral,South,114.2,987
2026-07-22,Organic,East,0.0,445
2026-07-22,Paid,East,738.79,8324
2026-07-22,Email,East,167.93,1575
2026-07-22,Referral,East,109.4,1019
2026-07-22,Organic,West,0.0,323
2026-07-22,Paid,West,728.31,5851
2026-07-22,Email,West,158.96,1764
2026-07-22,Referral,West,105.4,1212
2026-07-23,Organic,North,0.0,209
2026-07-23,Paid,North,880.14,8139
2026-07-23,Email,North,158.89,1408
2026-07-23,Referral,North,86.94,757
2026-07-23,Organic,South,0.0,301
2026-07-23,Paid,South,863.13,7676
2026-07-23,Email,South,155.39,1795
2026-07-23,Referral,South,87.55,959
2026-07-23,Organic,East,0.0,254
2026-07-23,Paid,East,873.43,10157
2026-07-23,Email,East,131.96,1298
2026-07-23,Referral,East,90.64,895
2026-07-23,Organic,West,0.0,489
2026-07-23,Paid,West,732.93,6532
2026-07-23,Email,West,128.35,1142
2026-07-23,Referral,West,104.23,943
2026-07-24,Organic,North,0.0,244
2026-07-24,Paid,North,863.8,9957
2026-07-24,Email,North,141.97,1324
2026-07-24,Referral,North,90.65,1033
2026-07-24,Organic,South,0.0,371
2026-07-24,Paid,South,713.48,8059
2026-07-24,Email,South,133.3,1106
2026-07-24,Referral,South,104.93,921
2026-07-24,Organic,East,0.0,391
2026-07-24,Paid,East,828.18,9057
2026-07-24,Email,East,129.9,1526
2026-07-24,Referral,East,101.21,992
2026-07-24,Organic,West,0.0,399
2026-07-24,Paid,West,806.05,7672
2026-07-24,Email,West,140.78,1199
2026-07-24,Referral,West,86.98,825
2026-07-25,Organic,North,0.0,263
2026-07-25,Paid,North,755.01,8095
2026-07-25,Email,North,161.61,1604
2026-07-25,Referral,North,105.31,1186
2026-07-25,Organic,South,0.0,469
2026-07-25,Paid,South,861.55,7126
2026-07-25,Email,South,168.11,1756
2026-07-25,Referral,South,114.25,1222
2026-07-25,Organic,East,0.0,318
2026-07-25,Paid,East,754.24,8053
2026-07-25,Email,East,155.12,1272
2026-07-25,Referral,East,89.37,1037
2026-07-25,Organic,West,0.0,233
2026-07-25,Paid,West,699.76,6250
2026-07-25,Email,West,169.07,1758
2026-07-25,Referral,West,112.44,1277
2026-07-26,Organic,North,0.0,381
2026-07-26,Paid,North,789.26,7650
2026-07-26,Email,North,150.83,1712
2026-07-26,Referral,North,91.44,989
2026-07-26,Organic,South,0.0,496
2026-07-26,Paid,South,913.95,10714
2026-07-26,Email,South,167.76,1796
2026-07-26,Referral,South,112.15,1072
2026-07-26,Organic,East,0.0,445
2026-07-26,Paid,East,692.67,6421
2026-07-26,Email,East,140.97,1475
2026-07-26,Referral,East,92.19,1014
2026-07-26,Organic,West,0.0,231
2026-07-26,Paid,West,859.81,7071
2026-07-26,Email,West,158.15,1766
2026-07-26,Referral,West,112.23,1112
2026-07-27,Organic,North,0.0,400
2026-07-27,Paid,North,872.3,7223
2026-07-27,Email,North,141.14,1335
2026-07-27,Referral,North,101.46,1193
2026-07-27,Organic,South,0.0,317
2026-07-27,Paid,South,809.05,9418
2026-07-27,Email,South,145.71,1359
2026-07-27,Referral,South,86.71,806
2026-07-27,Organic,East,0.0,245
2026-07-27,Paid,East,770.93,6942
2026-07-27,Email,East,170.11,1449
2026-07-27,Referral,East,106.62,1231
2026-07-27,Organic,West,0.0,444
2026-07-27,Paid,West,834.09,9809
2026-07-27,Email,West,165.03,1891
2026-07-27,Referral,West,95.53,1041
2026-07-28,Organic,North,0.0,271
2026-07-28,Paid,North,699.73,6719
2026-07-28,Email,North,169.1,1775
2026-07-28,Referral,North,85.42,869
2026-07-28,Organic,South,0.0,354
2026-07-28,Paid,South,852.08,8565
2026-07-28,Email,South,131.67,1141
2026-07-28,Referral,South,92.53,1063
2026-07-28,Organic,East,0.0,416
2026-07-28,Paid,East,747.05,8735
2026-07-28,Email,East,138.11,1167
2026-07-28,Referral,East,109.04,914
2026-07-28,Organic,West,0.0,446
2026-07-28,Paid,West,918.9,8955
2026-07-28,Email,West,165.58,1636
2026-07-28,Referral,West,87.17,1041
2026-07-29,Organic,North,0.0,441
2026-07-29,Paid,North,812.77,8288
2026-07-29,Email,North,138.65,1353
2026-07-29,Referral,North,112.34,1296
2026-07-29,Organic,South,0.0,212
2026-07-29,Paid,South,793.67,6412
2026-07-29,Email,South,155.63,1625
2026-07-29,Referral,South,100.15,1194
2026-07-29,Organic,East,0.0,209
2026-07-29,Paid,East,919.1,8258
2026-07-29,Email,East,151.22,1396
2026-07-29,Referral,East,85.5,945
2026-07-29,Organic,West,0.0,470
2026-07-29,Paid,West,791.75,8895
2026-07-29,Email,West,171.01,1576
2026-07-29,Referral,West,114.64,1270
2026-07-30,Organic,North,0.0,403
2026-07-30,Paid,North,698.2,8321
2026-07-30,Email,North,171.5,1915
2026-07-30,Referral,North,105.24,1129
2026-07-30,Organic,South,0.0,374
2026-07-30,Paid,South,853.35,8743
2026-07-30,Email,South,144.66,1276
2026-07-30,Referral,South,88.78,825
2026-07-30,Organic,East,0.0,229
2026-07-30,Paid,East,804.49,7609
2026-07-30,Email,East,129.68,1172
2026-07-30,Referral,East,108.81,1145
2026-07-30,Organic,West,0.0,326
2026-07-30,Paid,West,694.6,5572
2026-07-30,Email,West,140.88,1662
2026-07-30,Referral,West,96.44,1114
2026-07-31,Organic,North,0.0,397
2026-07-31,Paid,North,853.7,8086
2026-07-31,Email,North,127.61,1392
2026-07-31,Referral,North,108.35,882
2026-07-31,Organic,South,0.0,243
2026-07-31,Paid,South,825.22,7029
2026-07-31,Email,South,163.09,1906
2026-07-31,Referral,South,111.54,1252
2026-07-31,Organic,East,0.0,237
2026-07-31,Paid,East,827.05,8939
2026-07-31,Email,East,161.33,1440
2026-07-31,Referral,East,91.68,1002
2026-07-31,Organic,West,0.0,279
2026-07-31,Paid,West,687.28,6956
2026-07-31,Email,West,171.74,1844
2026-07-31,Referral,West,113.29,1293
2026-08-01,Organic,North,0.0,350
2026-08-01,Paid,North,726.91,7983
2026-08-01,Email,North,168.71,1395
2026-08-01,Referral,North,105.54,897
2026-08-01,Organic,South,0.0,359
2026-08-01,Paid,South,766.14,6919
2026-08-01,Email,South,157.69,1642
2026-08-01,Referral,South,93.83,953
2026-08-01,Organic,East,0.0,324
2026-08-01,Paid,East,907.18,7584
2026-08-01,Email,East,141.08,1338
2026-08-01,Referral,East,104.87,872
2026-08-01,Organic,West,0.0,255
2026-08-01,Paid,West,756.86,7050
2026-08-01,Email,West,169.64,1914
2026-08-01,Referral,West,87.68,857
2026-08-02,Organic,North,0.0,250
2026-08-02,Paid,North,884.7,10025
2026-08-02,Email,North,170.37,1530
2026-08-02,Referral,North,86.2,997
2026-08-02,Organic,South,0.0,300
2026-08-02,Paid,South,889.5,7428
2026-08-02,Email,South,137.47,1109
2026-08-02,Referral,South,93.37,1008
2026-08-02,Organic,East,0.0,338
2026-08-02,Paid,East,732.99,6018
2026-08-02,Email,East,132.26,1414
2026-08-02,Referral,East,108.91,1097
2026-08-02,Organic,West,0.0,456
2026-08-02,Paid,West,792.26,6888
2026-08-02,Email,West,150.8,1547
2026-08-02,Referral,West,110.33,975
2026-08-03,Organic,North,0.0,462
2026-08-03,Paid,North,758.31,8227
2026-08-03,Email,North,142.17,1261
2026-08-03,Referral,North,94.63,913
2026-08-03,Organic,South,0.0,221
2026-08-03,Paid,South,860.59,7841
2026-08-03,Email,South,142.09,1413
2026-08-03,Referral,South,93.91,839
2026-08-03,Organic,East,0.0,350
2026-08-03,Paid,East,857.05,9651
2026-08-03,Email,East,165.03,1369
2026-08-03,Referral,East,98.13,1166
2026-08-03,Organic,West,0.0,462
2026-08-03,Paid,West,812.17,6585
2026-08-03,Email,West,151.62,1608
2026-08-03,Referral,West,106.2,1152
2026-08-04,Organic,North,0.0,406
2026-08-04,Paid,North,846.38,9140
2026-08-04,Email,North,160.27,1662
2026-08-04,Referral,North,94.76,1108
2026-08-04,Organic,South,0.0,235
2026-08-04,Paid,South,758.63,8035
2026-08-04,Email,South,153.44,1498
2026-08-04,Referral,South,105.65,936
2026-08-04,Organic,East,0.0,296
2026-08-04,Paid,East,693.47,7646
2026-08-04,Email,East,144.62,1707
2026-08-04,Referral,East,107.01,1059
2026-08-04,Organic,West,0.0,416
2026-08-04,Paid,West,865.28,8691
2026-08-04,Email,West,159.1,1573
2026-08-04,Referral,West,108.41,1015
2026-08-05,Organic,North,0.0,337
2026-08-05,Paid,North,899.09,10780
2026-08-05,Email,North,139.31,1592
2026-08-05,Referral,North,102.8,997
2026-08-05,Organic,South,0.0,276
2026-08-05,Paid,South,830.98,7460
2026-08-05,Email,South,151.28,1788
2026-08-05,Referral,South,94.27,824
2026-08-05,Organic,East,0.0,279
2026-08-05,Paid,East,829.07,9632
2026-08-05,Email,East,170.44,1937
2026-08-05,Referral,East,96.63,927
2026-08-05,Organic,West,0.0,281
2026-08-05,Paid,West,901.16,9846
2026-08-05,Email,West,143.7,1289
2026-08-05,Referral,West,106.38,1183
2026-08-06,Organic,North,0.0,415
2026-08-06,Paid,North,860.95,8465
2026-08-06,Email,North,158.26,1302
2026-08-06,Referral,North,101.53,933
2026-08-06,Organic,South,0.0,400
2026-08-06,Paid,South,913.98,7759
2026-08-06,Email,South,144.45,1685
2026-08-06,Referral,South,85.44,895
2026-08-06,Organic,East,0.0,453
2026-08-06,Paid,East,687.65,6899
2026-08-06,Email,East,142.52,1275
2026-08-06,Referral,East,110.09,1144
2026-08-06,Organic,West,0.0,427
2026-08-06,Paid,West,775.96,6508
2026-08-06,Email,West,134.81,1203
2026-08-06,Referral,West,94.07,791
2026-08-07,Organic,North,0.0,353
2026-08-07,Paid,North,850.04,7700
2026-08-07,Email,North,137.81,1559
2026-08-07,Referral,North,95.39,895
2026-08-07,Organic,South,0.0,293
2026-08-07,Paid,South,801.31,8029
2026-08-07,Email,South,149.61,1346
2026-08-07,Referral,South,110.94,1118
2026-08-07,Organic,East,0.0,476
2026-08-07,Paid,East,887.57,7968
2026-08-07,Email,East,144.67,1259
2026-08-07,Referral,East,107.11,1212
2026-08-07,Organic,West,0.0,388
2026-08-07,Paid,West,806.64,8917
2026-08-07,Email,West,170.83,1780
2026-08-07,Referral,West,87.21,881
2026-08-08,Organic,North,0.0,332
2026-08-08,Paid,North,791.97,7897
2026-08-08,Email,North,161.88,1578
2026-08-08,Referral,North,95.71,1074
2026-08-08,Organic,South,0.0,251
2026-08-08,Paid,South,817.8,9508
2026-08-08,Email,South,162.02,1864
2026-08-08,Referral,South,92.87,853
2026-08-08,Organic,East,0.0,266
2026-08-08,Paid,East,877.01,10054
2026-08-08,Email,East,163.63,1526
2026-08-08,Referral,East,96.2,790
2026-08-08,Organic,West,0.0,287
2026-08-08,Paid,West,681.02,8059
2026-08-08,Email,West,160.48,1895
2026-08-08,Referral,West,103.02,1072
2026-08-09,Organic,North,0.0,458
2026-08-09,Paid,North,858.75,8699
2026-08-09,Email,North,148.36,1597
2026-08-09,Referral,North,114.08,1329
2026-08-09,Organic,South,0.0,405
2026-08-09,Paid,South,793.61,7301
2026-08-09,Email,South,155.17,1664
2026-08-09,Referral,South,98.01,1129
2026-08-09,Organic,East,0.0,385
2026-08-09,Paid,East,856.58,7174
2026-08-09,Email,East,164.57,1389
2026-08-09,Referral,East,87.79,1028
2026-08-09,Organic,West,0.0,447
2026-08-09,Paid,West,835.97,7833
2026-08-09,Email,West,138.17,1638
2026-08-09,Referral,West,90.45,758
2026-08-10,Organic,North,0.0,287
2026-08-10,Paid,North,852.39,7477
2026-08-10,Email,North,143.63,1521
2026-08-10,Referral,North,87.5,955
2026-08-10,Organic,South,0.0,251
2026-08-10,Paid,South,706.12,6159
2026-08-10,Email,South,164.47,1663
2026-08-10,Referral,South,99.25,796
2026-08-10,Organic,East,0.0,201
2026-08-10,Paid,East,728.15,6388
2026-08-10,Email,East,128.82,1334
2026-08-10,Referral,East,91.39,735
2026-08-10,Organic,West,0.0,445
2026-08-10,Paid,West,866.81,8887
2026-08-10,Email,West,144.77,1698
2026-08-10,Referral,West,113.27,1055
2026-08-11,Organic,North,0.0,444
2026-08-11,Paid,North,838.22,8007
2026-08-11,Email,North,134.24,1110
2026-08-11,Referral,North,95.14,911
2026-08-11,Organic,South,0.0,268
2026-08-11,Paid,South,887.78,9766
2026-08-11,Email,South,150.64,1792
2026-08-11,Referral,South,103.5,1170
2026-08-11,Organic,East,0.0,205
2026-08-11,Paid,East,751.63,6512
2026-08-11,Email,East,165.91,1501
2026-08-11,Referral,East,93.22,843
2026-08-11,Organic,West,0.0,230
2026-08-11,Paid,West,799.07,9164
2026-08-11,Email,West,147.38,1707
2026-08-11,Referral,West,104.17,949
2026-08-12,Organic,North,0.0,313
2026-08-12,Paid,North,737.18,6768
2026-08-12,Email,North,141.14,1461
2026-08-12,Referral,North,107.44,1142
2026-08-12,Organic,South,0.0,231
2026-08-12,Paid,South,740.63,7419
2026-08-12,Email,South,148.35,1509
2026-08-12,Referral,South,94.54,869
2026-08-12,Organic,East,0.0,478
2026-08-12,Paid,East,755.73,8336
2026-08-12,Email,East,162.81,1370
2026-08-12,Referral,East,90.86,942
2026-08-12,Organic,West,0.0,467
2026-08-12,Paid,West,775.99,8199
2026-08-12,Email,West,144.98,1552
2026-08-12,Referral,West,85.15,772
2026-08-13,Organic,North,0.0,276
2026-08-13,Paid,North,830.91,9206
2026-08-13,Email,North,136.37,1558
2026-08-13,Referral,North,86.29,757
2026-08-13,Organic,South,0.0,497
2026-08-13,Paid,South,740.79,6532
2026-08-13,Email,South,128.01,1391
2026-08-13,Referral,South,108.23,945
2026-08-13,Organic,East,0.0,232
2026-08-13,Paid,East,831.58,9709
2026-08-13,Email,East,168.51,1353
2026-08-13,Referral,East,92.0,935
2026-08-13,Organic,West,0.0,454
2026-08-13,Paid,West,735.14,8696
2026-08-13,Email,West,165.43,1604
2026-08-13,Referral,West,91.25,732
2026-08-14,Organic,North,0.0,386
2026-08-14,Paid,North,751.96,7299
2026-08-14,Email,North,140.94,1362
2026-08-14,Referral,North,96.17,1111
2026-08-14,Organic,South,0.0,359
2026-08-14,Paid,South,849.49,10183
2026-08-14,Email,South,139.59,1391
2026-08-14,Referral,South,100.08,1094
2026-08-14,Organic,East,0.0,334
2026-08-14,Paid,East,832.41,7367
2026-08-14,Email,East,143.24,1224
2026-08-14,Referral,East,111.63,940
2026-08-14,Organic,West,0.0,409
2026-08-14,Paid,West,873.79,8140
2026-08-14,Email,West,149.96,1335
2026-08-14,Referral,West,85.05,809
2026-08-15,Organic,North,0.0,480
2026-08-15,Paid,North,868.56,8853
2026-08-15,Email,North,162.67,1677
2026-08-15,Referral,North,98.39,1005
2026-08-15,Organic,South,0.0,263
2026-08-15,Paid,South,685.07,7065
2026-08-15,Email,South,154.27,1764
2026-08-15,Referral,South,112.13,973
2026-08-15,Organic,East,0.0,472
2026-08-15,Paid,East,778.15,8147
2026-08-15,Email,East,135.66,1354
2026-08-15,Referral,East,112.4,934
2026-08-15,Organic,West,0.0,424
2026-08-15,Paid,West,837.01,7385
2026-08-15,Email,West,156.58,1749
2026-08-15,Referral,West,86.85,865
2026-08-16,Organic,North,0.0,476
2026-08-16,Paid,North,696.7,8260
2026-08-16,Email,North,130.8,1061
2026-08-16,Referral,North,96.67,823
2026-08-16,Organic,South,0.0,388
2026-08-16,Paid,South,690.4,7634
2026-08-16,Email,South,165.85,1349
2026-08-16,Referral,South,102.53,986
2026-08-16,Organic,East,0.0,459
2026-08-16,Paid,East,745.96,8451
2026-08-16,Email,East,140.11,1244
2026-08-16,Referral,East,99.73,1144
2026-08-16,Organic,West,0.0,371
2026-08-16,Paid,West,710.18,6198
2026-08-16,Email,West,159.38,1588
2026-08-16,Referral,West,88.54,774
2026-08-17,Organic,North,0.0,445
2026-08-17,Paid,North,860.43,10228
2026-08-17,Email,North,147.49,1703
2026-08-17,Referral,North,96.38,880
2026-08-17,Organic,South,0.0,234
2026-08-17,Paid,South,754.11,8471
2026-08-17,Email,South,135.23,1185
2026-08-17,Referral,South,105.64,931
2026-08-17,Organic,East,0.0,494
2026-08-17,Paid,East,915.87,10368
2026-08-17,Email,East,129.59,1373
2026-08-17,Referral,East,101.41,1168
2026-08-17,Organic,West,0.0,318
2026-08-17,Paid,West,913.82,9693
2026-08-17,Email,West,136.92,1098
2026-08-17,Referral,West,89.74,991
2026-08-18,Organic,North,0.0,285
2026-08-18,Paid,North,864.69,8413
2026-08-18,Email,North,139.72,1566
2026-08-18,Referral,North,85.86,788
2026-08-18,Organic,South,0.0,394
2026-08-18,Paid,South,771.83,6810
2026-08-18,Email,South,158.42,1542
2026-08-18,Referral,South,96.61,894
2026-08-18,Organic,East,0.0,216
2026-08-18,Paid,East,860.01,10100
2026-08-18,Email,East,162.48,1816
2026-08-18,Referral,East,99.01,1097
2026-08-18,Organic,West,0.0,281
2026-08-18,Paid,West,911.52,9713
2026-08-18,Email,West,142.1,1358
2026-08-18,Referral,West,91.8,944
2026-08-19,Organic,North,0.0,226
2026-08-19,Paid,North,797.11,8544
2026-08-19,Email,North,148.92,1764
2026-08-19,Referral,North,111.59,1174
2026-08-19,Organic,South,0.0,435
2026-08-19,Paid,South,718.71,7542
2026-08-19,Email,South,155.28,1815
2026-08-19,Referral,South,105.99,1212
2026-08-19,Organic,East,0.0,252
2026-08-19,Paid,East,749.51,6916
2026-08-19,Email,East,150.81,1594
2026-08-19,Referral,East,99.0,1182
2026-08-19,Organic,West,0.0,444
2026-08-19,Paid,West,758.55,8779
2026-08-19,Email,West,159.97,1887
2026-08-19,Referral,West,93.13,806
2026-08-20,Organic,North,0.0,204
2026-08-20,Paid,North,844.83,8896
2026-08-20,Email,North,129.64,1175
2026-08-20,Referral,North,89.33,923
2026-08-20,Organic,South,0.0,356
2026-08-20,Paid,South,796.64,7342
2026-08-20,Email,South,142.75,1422
2026-08-20,Referral,South,105.47,1043
2026-08-20,Organic,East,0.0,378
2026-08-20,Paid,East,816.39,7453
2026-08-20,Email,East,133.62,1542
2026-08-20,Referral,East,88.98,1015
2026-08-20,Organic,West,0.0,377
2026-08-20,Paid,West,870.0,8946
2026-08-20,Email,West,153.24,1803
2026-08-20,Referral,West,87.41,800
2026-08-21,Organic,North,0.0,393
2026-08-21,Paid,North,894.53,10592
2026-08-21,Email,North,130.08,1340
2026-08-21,Referral,North,86.5,1011
2026-08-21,Organic,South,0.0,251
2026-08-21,Paid,South,907.42,9447
2026-08-21,Email,South,169.57,1757
2026-08-21,Referral,South,93.5,777
2026-08-21,Organic,East,0.0,391
2026-08-21,Paid,East,817.44,9766
2026-08-21,Email,East,158.89,1483
2026-08-21,Referral,East,97.86,1037
2026-08-21,Organic,West,0.0,242
2026-08-21,Paid,West,705.77,5737
2026-08-21,Email,West,170.32,1682
2026-08-21,Referral,West,103.46,882
2026-08-22,Organic,North,0.0,259
2026-08-22,Paid,North,853.34,8041
2026-08-22,Email,North,168.78,1449
2026-08-22,Referral,North,110.03,1275
2026-08-22,Organic,South,0.0,454
2026-08-22,Paid,South,745.8,7601
2026-08-22,Email,South,129.01,1273
2026-08-22,Referral,South,114.76,1173
2026-08-22,Organic,East,0.0,394
2026-08-22,Paid,East,907.17,10043
2026-08-22,Email,East,160.67,1467
2026-08-22,Referral,East,112.97,955
2026-08-22,Organic,West,0.0,405
2026-08-22,Paid,West,788.35,6485
2026-08-22,Email,West,130.58,1459
2026-08-22,Referral,West,88.57,964
2026-08-23,Organic,North,0.0,296
2026-08-23,Paid,North,762.85,9096
2026-08-23,Email,North,154.88,1695
2026-08-23,Referral,North,110.25,1304
2026-08-23,Organic,South,0.0,201
2026-08-23,Paid,South,805.04,9339
2026-08-23,Email,South,155.33,1546
2026-08-23,Referral,South,89.23,912
2026-08-23,Organic,East,0.0,378
2026-08-23,Paid,East,738.09,8504
2026-08-23,Email,East,145.07,1164
2026-08-23,Referral,East,110.83,1190
2026-08-23,Organic,West,0.0,205
2026-08-23,Paid,West,767.66,6586
2026-08-23,Email,West,130.7,1088
2026-08-23,Referral,West,102.51,1000
2026-08-24,Organic,North,0.0,338
2026-08-24,Paid,North,719.8,8304
2026-08-24,Email,North,136.02,1404
2026-08-24,Referral,North,91.51,899
2026-08-24,Organic,South,0.0,427
2026-08-24,Paid,South,787.59,7934
2026-08-24,Email,South,162.2,1430
2026-08-24,Referral,South,97.42,881
2026-08-24,Organic,East,0.0,495
2026-08-24,Paid,East,876.81,8620
2026-08-24,Email,East,141.62,1189
2026-08-24,Referral,East,94.66,1058
2026-08-24,Organic,West,0.0,496
2026-08-24,Paid,West,896.7,7790
2026-08-24,Email,West,157.08,1454
2026-08-24,Referral,West,90.03,1055
2026-08-25,Organic,North,0.0,230
2026-08-25,Paid,North,861.02,9915
2026-08-25,Email,North,165.31,1715
2026-08-25,Referral,North,108.66,985
2026-08-25,Organic,South,0.0,334
2026-08-25,Paid,South,833.35,8246
2026-08-25,Email,South,129.06,1108
2026-08-25,Referral,South,96.59,978
2026-08-25,Organic,East,0.0,425
2026-08-25,Paid,East,797.98,6579
2026-08-25,Email,East,152.86,1589
2026-08-25,Referral,East,97.36,877
2026-08-25,Organic,West,0.0,469
2026-08-25,Paid,West,798.16,7751
2026-08-25,Email,West,145.14,1547
2026-08-25,Referral,West,92.96,993
2026-08-26,Organic,North,0.0,216
2026-08-26,Paid,North,777.76,8861
2026-08-26,Email,North,137.28,1122
2026-08-26,Referral,North,97.0,1086
2026-08-26,Organic,South,0.0,254
2026-08-26,Paid,South,793.14,8422
2026-08-26,Email,South,160.97,1770
2026-08-26,Referral,South,100.8,840
2026-08-26,Organic,East,0.0,350
2026-08-26,Paid,East,795.7,7598
2026-08-26,Email,East,130.07,1051
2026-08-26,Referral,East,98.62,895
2026-08-26,Organic,West,0.0,417
2026-08-26,Paid,West,702.76,8327
2026-08-26,Email,West,166.88,1692
2026-08-26,Referral,West,113.41,1253
2026-08-27,Organic,North,0.0,258
2026-08-27,Paid,North,829.98,9057
2026-08-27,Email,North,138.43,1248
2026-08-27,Referral,North,114.67,1189
2026-08-27,Organic,South,0.0,358
2026-08-27,Paid,South,862.24,9648
2026-08-27,Email,South,151.65,1549
2026-08-27,Referral,South,110.6,902
2026-08-27,Organic,East,0.0,395
2026-08-27,Paid,East,810.77,7588
2026-08-27,Email,East,135.73,1541
2026-08-27,Referral,East,108.52,1241
2026-08-27,Organic,West,0.0,361
2026-08-27,Paid,West,706.6,7910
2026-08-27,Email,West,140.74,1292
2026-08-27,Referral,West,101.69,881
2026-08-28,Organic,North,0.0,233
2026-08-28,Paid,North,856.97,8367
2026-08-28,Email,North,152.23,1292
2026-08-28,Referral,North,96.38,957
2026-08-28,Organic,South,0.0,481
2026-08-28,Paid,South,742.84,7028
2026-08-28,Email,South,136.07,1433
2026-08-28,Referral,South,101.98,1213
2026-08-28,Organic,East,0.0,206
2026-08-28,Paid,East,701.62,7477
2026-08-28,Email,East,140.55,1298
2026-08-28,Referral,East,114.52,1272
2026-08-28,Organic,West,0.0,454
2026-08-28,Paid,West,707.92,8374
2026-08-28,Email,West,153.83,1384
2026-08-28,Referral,West,88.94,821
2026-08-29,Organic,North,0.0,467
2026-08-29,Paid,North,800.74,7034
2026-08-29,Email,North,170.11,1587
2026-08-29,Referral,North,104.31,1200
2026-08-29,Organic,South,0.0,498
2026-08-29,Paid,South,918.91,7745
2026-08-29,Email,South,150.99,1710
2026-08-29,Referral,South,112.23,1110
2026-08-29,Organic,East,0.0,302
2026-08-29,Paid,East,782.74,7683
2026-08-29,Email,East,162.25,1465
2026-08-29,Referral,East,109.72,878
2026-08-29,Organic,West,0.0,474
2026-08-29,Paid,West,693.32,5629
2026-08-29,Email,West,154.92,1672
2026-08-29,Referral,West,99.0,814
2026-08-30,Organic,North,0.0,263
2026-08-30,Paid,North,706.96,7663
2026-08-30,Email,North,139.83,1571
2026-08-30,Referral,North,113.09,1211
2026-08-30,Organic,South,0.0,272
2026-08-30,Paid,South,764.92,8315
2026-08-30,Email,South,147.4,1405
2026-08-30,Referral,South,88.03,998
2026-08-30,Organic,East,0.0,406
2026-08-30,Paid,East,885.69,8334
2026-08-30,Email,East,170.11,1563
2026-08-30,Referral,East,111.15,1329
2026-08-30,Organic,West,0.0,320
2026-08-30,Paid,West,707.41,7953
2026-08-30,Email,West,151.19,1252
2026-08-30,Referral,West,86.7,990
2026-08-31,Organic,North,0.0,298
2026-08-31,Paid,North,744.27,6287
2026-08-31,Email,North,159.86,1745
2026-08-31,Referral,North,109.67,958
2026-08-31,Organic,South,0.0,434
2026-08-31,Paid,South,899.17,9243
2026-08-31,Email,South,132.2,1580
2026-08-31,Referral,South,103.54,1044
2026-08-31,Organic,East,0.0,319
2026-08-31,Paid,East,749.75,7426
2026-08-31,Email,East,143.63,1505
2026-08-31,Referral,East,98.64,830
2026-08-31,Organic,West,0.0,281
2026-08-31,Paid,West,912.31,7918
2026-08-31,Email,West,168.67,1704
2026-08-31,Referral,West,100.24,861
