order_id,customer_id,product_id,order_date,quantity,revenue,channel
O000001,C0376,P0001,2025-09-01,1,227.02,Referral
O000002,C0474,P0011,2025-09-01,3,93.93,Organic
O000003,C0359,P0010,2025-09-01,3,119.4,Paid
O000004,C0336,P0018,2025-09-01,1,49.19,Paid
O000005,C0675,P0031,2025-09-01,3,114.36,Organic
O000006,C0786,P0034,2025-09-01,3,176.04,Organic
O000007,C0595,P0034,2025-09-01,1,58.68,Paid
O000008,C0328,P0039,2025-09-01,1,103.58,Organic
O000009,C0102,P0008,2025-09-01,3,679.59,Paid
O000010,C0212,P0002,2025-09-01,3,556.2,Organic
O000011,C0484,P0003,2025-09-01,2,394.92,Organic
O000012,C0383,P0005,2025-09-01,2,691.38,Email
O000013,C0309,P0010,2025-09-01,2,79.6,Organic
O000014,C0242,P0019,2025-09-01,2,265.9,Organic
O000015,C0131,P0018,2025-09-01,2,98.38,Paid
O000016,C0620,P0021,2025-09-01,3,179.82,Referral
O000017,C0728,P0024,2025-09-01,3,336.42,Organic
O000018,C0715,P0026,2025-09-01,2,113.22,Paid
O000019,C0202,P0031,2025-09-01,3,114.36,Referral
O000020,C0614,P0038,2025-09-01,1,18.18,Email
O000021,C0096,P0036,2025-09-01,3,216.33,Organic
O000022,C0212,P0035,2025-09-01,2,176.5,Organic
O000023,C0744,P0003,2025-09-01,1,197.46,Organic
O000024,C0593,P0008,2025-09-01,3,679.59,Email
O000025,C0412,P0004,2025-09-01,2,338.46,Paid
O000026,C0154,P0008,2025-09-01,2,453.06,Email
O000027,C0255,P0006,2025-09-01,2,131.6,Organic
O000028,C0084,P0004,2025-09-01,3,507.69,Referral
O000029,C0057,P0009,2025-09-01,2,118.02,Organic
O000030,C0339,P0015,2025-09-01,1,45.92,Organic
O000031,C0252,P0023,2025-09-01,3,275.97,Paid
O000032,C0339,P0034,2025-09-01,2,117.36,Organic
O000033,C0148,P0036,2025-09-01,2,144.22,Organic
O000034,C0467,P0002,2025-09-01,3,556.2,Referral
O000035,C0089,P0003,2025-09-01,3,592.38,Organic
O000036,C0369,P0004,2025-09-01,3,507.69,Paid
O000037,C0519,P0003,2025-09-01,3,592.38,Paid
O000038,C0124,P0015,2025-09-01,1,45.92,Email
O000039,C0462,P0020,2025-09-01,3,238.41,Organic
O000040,C0058,P0021,2025-09-01,2,119.88,Organic
O000041,C0013,P0018,2025-09-01,2,98.38,Email
O000042,C0072,P0019,2025-09-01,3,398.85,Organic
O000043,C0699,P0023,2025-09-01,2,183.98,Email
O000044,C0223,P0040,2025-09-01,3,189.48,Organic
O000045,C0691,P0001,2025-09-02,3,681.06,Organic
O000046,C0268,P0014,2025-09-02,1,23.42,Organic
O000047,C0689,P0016,2025-09-02,2,114.0,Organic
O000048,C0622,P0015,2025-09-02,3,137.76,Paid
O000049,C0552,P0019,2025-09-02,2,265.9,Organic
O000050,C0476,P0020,2025-09-02,2,158.94,Paid
O000051,C0341,P0020,2025-09-02,1,79.47,Referral
O000052,C0532,P0038,2025-09-02,3,54.54,Organic
O000053,C0600,P0040,2025-09-02,3,189.48,Organic
O000054,C0580,P0033,2025-09-02,1,88.25,Paid
O000055,C0778,P0038,2025-09-02,3,54.54,Paid
O000056,C0799,P0001,2025-09-02,1,227.02,Referral
O000057,C0728,P0007,2025-09-02,2,340.62,Referral
O000058,C0483,P0002,2025-09-02,1,185.4,Referral
O000059,C0609,P0002,2025-09-02,3,556.2,Email
O000060,C0361,P0012,2025-09-02,1,82.02,Referral
O000061,C0570,P0011,2025-09-02,1,31.31,Organic
O000062,C0473,P0010,2025-09-02,1,39.8,Referral
O000063,C0730,P0016,2025-09-02,2,114.0,Referral
O000064,C0284,P0025,2025-09-02,3,116.61,Organic
O000065,C0340,P0031,2025-09-02,1,38.12,Email
O000066,C0720,P0027,2025-09-02,3,80.19,Email
O000067,C0596,P0026,2025-09-02,3,169.83,Organic
O000068,C0529,P0034,2025-09-02,3,176.04,Paid
O000069,C0443,P0006,2025-09-02,3,197.4,Email
O000070,C0430,P0015,2025-09-02,1,45.92,Paid
O000071,C0032,P0015,2025-09-02,1,45.92,Referral
O000072,C0412,P0010,2025-09-02,2,79.6,Paid
O000073,C0001,P0020,2025-09-02,1,79.47,Organic
O000074,C0260,P0017,2025-09-02,1,24.68,Paid
O000075,C0373,P0022,2025-09-02,1,50.39,Paid
O000076,C0746,P0020,2025-09-02,3,238.41,Referral
O000077,C0741,P0022,2025-09-02,1,50.39,Email
O000078,C0392,P0032,2025-09-02,3,106.26,Paid
O000079,C0108,P0030,2025-09-02,1,34.69,Organic
O000080,C0445,P0032,2025-09-02,3,106.26,Paid
O000081,C0563,P0037,2025-09-02,3,124.71,Organic
O000082,C0770,P0014,2025-09-02,2,46.84,Paid
O000083,C0650,P0015,2025-09-02,2,91.84,Organic
O000084,C0598,P0024,2025-09-02,3,336.42,Email
O000085,C0519,P0017,2025-09-02,1,24.68,Organic
O000086,C0598,P0034,2025-09-02,1,58.68,Referral
O000087,C0572,P0039,2025-09-02,2,207.16,Paid
O000088,C0471,P0002,2025-09-03,3,556.2,Paid
O000089,C0167,P0008,2025-09-03,3,679.59,Organic
O000090,C0637,P0002,2025-09-03,2,370.8,Paid
O000091,C0112,P0004,2025-09-03,2,338.46,Organic
O000092,C0778,P0004,2025-09-03,3,507.69,Paid
O000093,C0689,P0013,2025-09-03,1,55.7,Organic
O000094,C0787,P0012,2025-09-03,3,246.06,Organic
O000095,C0460,P0010,2025-09-03,2,79.6,Referral
O000096,C0474,P0023,2025-09-03,1,91.99,Organic
O000097,C0476,P0022,2025-09-03,1,50.39,Organic
O000098,C0336,P0031,2025-09-03,3,114.36,Organic
O000099,C0341,P0026,2025-09-03,1,56.61,Paid
O000100,C0588,P0026,2025-09-03,3,169.83,Paid
O000101,C0610,P0028,2025-09-03,2,83.68,Paid
O000102,C0475,P0038,2025-09-03,1,18.18,Organic
O000103,C0532,P0035,2025-09-03,3,264.75,Email
O000104,C0743,P0008,2025-09-03,2,453.06,Organic
O000105,C0473,P0008,2025-09-03,3,679.59,Organic
O000106,C0731,P0001,2025-09-03,3,681.06,Email
O000107,C0317,P0011,2025-09-03,1,31.31,Paid
O000108,C0150,P0015,2025-09-03,1,45.92,Paid
O000109,C0326,P0024,2025-09-03,2,224.28,Paid
O000110,C0245,P0019,2025-09-03,1,132.95,Paid
O000111,C0198,P0023,2025-09-03,3,275.97,Referral
O000112,C0244,P0017,2025-09-03,3,74.04,Paid
O000113,C0216,P0018,2025-09-03,2,98.38,Organic
O000114,C0484,P0029,2025-09-03,1,17.3,Organic
O000115,C0299,P0029,2025-09-03,1,17.3,Email
O000116,C0487,P0036,2025-09-03,3,216.33,Organic
O000117,C0494,P0001,2025-09-03,1,227.02,Organic
O000118,C0199,P0007,2025-09-03,1,170.31,Organic
O000119,C0057,P0012,2025-09-03,3,246.06,Paid
O000120,C0146,P0014,2025-09-03,3,70.26,Paid
O000121,C0701,P0019,2025-09-03,1,132.95,Organic
O000122,C0746,P0023,2025-09-03,1,91.99,Paid
O000123,C0694,P0032,2025-09-03,3,106.26,Email
O000124,C0534,P0040,2025-09-03,2,126.32,Email
O000125,C0625,P0039,2025-09-03,2,207.16,Organic
O000126,C0718,P0006,2025-09-03,3,197.4,Paid
O000127,C0090,P0005,2025-09-03,3,1037.07,Paid
O000128,C0352,P0003,2025-09-03,2,394.92,Email
O000129,C0367,P0006,2025-09-03,1,65.8,Organic
O000130,C0050,P0002,2025-09-03,3,556.2,Paid
O000131,C0692,P0012,2025-09-03,1,82.02,Organic
O000132,C0313,P0020,2025-09-03,3,238.41,Organic
O000133,C0136,P0019,2025-09-03,3,398.85,Organic
O000134,C0679,P0021,2025-09-03,2,119.88,Paid
O000135,C0050,P0027,2025-09-03,3,80.19,Email
O000136,C0436,P0032,2025-09-03,2,70.84,Organic
O000137,C0679,P0026,2025-09-03,1,56.61,Organic
O000138,C0050,P0032,2025-09-03,1,35.42,Email
O000139,C0054,P0031,2025-09-03,2,76.24,Referral
O000140,C0460,P0011,2025-09-04,1,31.31,Email
O000141,C0460,P0011,2025-09-04,3,93.93,Paid
O000142,C0555,P0010,2025-09-04,3,119.4,Organic
O000143,C0749,P0010,2025-09-04,1,39.8,Organic
O000144,C0696,P0017,2025-09-04,2,49.36,Organic
O000145,C0241,P0026,2025-09-04,1,56.61,Referral
O000146,C0622,P0035,2025-09-04,3,264.75,Paid
O000147,C0328,P0037,2025-09-04,3,124.71,Paid
O000148,C0096,P0007,2025-09-04,1,170.31,Email
O000149,C0433,P0004,2025-09-04,3,507.69,Email
O000150,C0333,P0004,2025-09-04,1,169.23,Paid
O000151,C0087,P0007,2025-09-04,1,170.31,Email
O000152,C0722,P0014,2025-09-04,1,23.42,Paid
O000153,C0720,P0013,2025-09-04,1,55.7,Email
O000154,C0728,P0015,2025-09-04,2,91.84,Email
O000155,C0666,P0009,2025-09-04,3,177.03,Referral
O000156,C0311,P0017,2025-09-04,1,24.68,Organic
O000157,C0411,P0018,2025-09-04,2,98.38,Organic
O000158,C0333,P0021,2025-09-04,3,179.82,Paid
O000159,C0640,P0021,2025-09-04,3,179.82,Paid
O000160,C0566,P0029,2025-09-04,2,34.6,Paid
O000161,C0767,P0027,2025-09-04,2,53.46,Organic
O000162,C0771,P0031,2025-09-04,1,38.12,Organic
O000163,C0245,P0033,2025-09-04,3,264.75,Paid
O000164,C0298,P0036,2025-09-04,3,216.33,Paid
O000165,C0083,P0006,2025-09-04,3,197.4,Organic
O000166,C0500,P0019,2025-09-04,1,132.95,Organic
O000167,C0797,P0018,2025-09-04,1,49.19,Organic
O000168,C0443,P0026,2025-09-04,3,169.83,Paid
O000169,C0155,P0031,2025-09-04,3,114.36,Organic
O000170,C0673,P0031,2025-09-04,3,114.36,Organic
O000171,C0393,P0027,2025-09-04,3,80.19,Organic
O000172,C0747,P0036,2025-09-04,2,144.22,Organic
O000173,C0210,P0008,2025-09-04,2,453.06,Paid
O000174,C0072,P0005,2025-09-04,1,345.69,Paid
O000175,C0461,P0005,2025-09-04,1,345.69,Organic
O000176,C0061,P0004,2025-09-04,3,507.69,Referral
O000177,C0626,P0008,2025-09-04,3,679.59,Organic
O000178,C0229,P0008,2025-09-04,2,453.06,Paid
O000179,C0688,P0009,2025-09-04,2,118.02,Paid
O000180,C0050,P0015,2025-09-04,1,45.92,Email
O000181,C0214,P0014,2025-09-04,3,70.26,Paid
O000182,C0024,P0017,2025-09-04,1,24.68,Organic
O000183,C0626,P0026,2025-09-04,3,169.83,Paid
O000184,C0290,P0038,2025-09-04,1,18.18,Paid
O000185,C0387,P0033,2025-09-04,2,176.5,Organic
O000186,C0349,P0038,2025-09-04,3,54.54,Email
O000187,C0336,P0016,2025-09-05,2,114.0,Paid
O000188,C0215,P0013,2025-09-05,1,55.7,Organic
O000189,C0698,P0016,2025-09-05,2,114.0,Organic
O000190,C0193,P0023,2025-09-05,2,183.98,Referral
O000191,C0297,P0031,2025-09-05,3,114.36,Organic
O000192,C0536,P0025,2025-09-05,1,38.87,Paid
O000193,C0007,P0025,2025-09-05,1,38.87,Paid
O000194,C0283,P0040,2025-09-05,3,189.48,Organic
O000195,C0610,P0036,2025-09-05,1,72.11,Referral
O000196,C0386,P0037,2025-09-05,1,41.57,Paid
O000197,C0778,P0040,2025-09-05,2,126.32,Organic
O000198,C0142,P0034,2025-09-05,2,117.36,Paid
O000199,C0776,P0007,2025-09-05,2,340.62,Organic
O000200,C0768,P0005,2025-09-05,2,691.38,Organic
O000201,C0312,P0009,2025-09-05,2,118.02,Paid
O000202,C0566,P0017,2025-09-05,2,49.36,Paid
O000203,C0722,P0019,2025-09-05,2,265.9,Organic
O000204,C0307,P0025,2025-09-05,1,38.87,Organic
O000205,C0668,P0029,2025-09-05,1,17.3,Paid
O000206,C0119,P0025,2025-09-05,3,116.61,Organic
O000207,C0599,P0029,2025-09-05,3,51.9,Organic
O000208,C0101,P0037,2025-09-05,1,41.57,Organic
O000209,C0083,P0005,2025-09-05,2,691.38,Organic
O000210,C0534,P0008,2025-09-05,1,226.53,Organic
O000211,C0199,P0012,2025-09-05,2,164.04,Referral
O000212,C0701,P0018,2025-09-05,3,147.57,Email
O000213,C0711,P0024,2025-09-05,3,336.42,Paid
O000214,C0407,P0024,2025-09-05,2,224.28,Email
O000215,C0152,P0031,2025-09-05,2,76.24,Paid
O000216,C0534,P0030,2025-09-05,3,104.07,Organic
O000217,C0247,P0031,2025-09-05,1,38.12,Organic
O000218,C0001,P0033,2025-09-05,3,264.75,Paid
O000219,C0381,P0039,2025-09-05,1,103.58,Paid
O000220,C0352,P0007,2025-09-05,1,170.31,Paid
O000221,C0606,P0003,2025-09-05,3,592.38,Organic
O000222,C0679,P0003,2025-09-05,3,592.38,Paid
O000223,C0718,P0011,2025-09-05,3,93.93,Paid
O000224,C0645,P0010,2025-09-05,2,79.6,Email
O000225,C0510,P0019,2025-09-05,1,132.95,Paid
O000226,C0762,P0017,2025-09-05,1,24.68,Email
O000227,C0072,P0019,2025-09-05,1,132.95,Referral
O000228,C0574,P0032,2025-09-05,1,35.42,Organic
O000229,C0400,P0028,2025-09-05,1,41.84,Paid
O000230,C0196,P0032,2025-09-05,3,106.26,Organic
O000231,C0514,P0039,2025-09-05,1,103.58,Organic
O000232,C0268,P0002,2025-09-06,1,185.4,Email
O000233,C0595,P0002,2025-09-06,3,556.2,Paid
O000234,C0610,P0007,2025-09-06,3,510.93,Organic
O000235,C0142,P0016,2025-09-06,1,57.0,Organic
O000236,C0610,P0011,2025-09-06,2,62.62,Organic
O000237,C0004,P0022,2025-09-06,1,50.39,Organic
O000238,C0319,P0022,2025-09-06,2,100.78,Referral
O000239,C0230,P0021,2025-09-06,1,59.94,Paid
O000240,C0630,P0028,2025-09-06,1,41.84,Paid
O000241,C0696,P0029,2025-09-06,2,34.6,Organic
O000242,C0548,P0026,2025-09-06,1,56.61,Email
O000243,C0432,P0029,2025-09-06,3,51.9,Email
O000244,C0619,P0034,2025-09-06,3,176.04,Email
O000245,C0760,P0006,2025-09-06,3,197.4,Email
O000246,C0615,P0004,2025-09-06,1,169.23,Paid
O000247,C0195,P0011,2025-09-06,2,62.62,Paid
O000248,C0479,P0014,2025-09-06,2,46.84,Paid
O000249,C0377,P0010,2025-09-06,3,119.4,Organic
O000250,C0487,P0011,2025-09-06,3,93.93,Organic
O000251,C0008,P0019,2025-09-06,2,265.9,Organic
O000252,C0189,P0020,2025-09-06,3,238.41,Paid
O000253,C0728,P0022,2025-09-06,3,151.17,Organic
O000254,C0291,P0032,2025-09-06,1,35.42,Paid
O000255,C0131,P0026,2025-09-06,3,169.83,Paid
O000256,C0287,P0025,2025-09-06,3,116.61,Organic
O000257,C0605,P0037,2025-09-06,3,124.71,Paid
O000258,C0767,P0037,2025-09-06,3,124.71,Organic
O000259,C0151,P0035,2025-09-06,3,264.75,Organic
O000260,C0010,P0015,2025-09-06,3,137.76,Email
O000261,C0083,P0010,2025-09-06,1,39.8,Organic
O000262,C0741,P0019,2025-09-06,1,132.95,Organic
O000263,C0057,P0017,2025-09-06,3,74.04,Organic
O000264,C0559,P0023,2025-09-06,2,183.98,Organic
O000265,C0717,P0030,2025-09-06,3,104.07,Paid
O000266,C0496,P0026,2025-09-06,3,169.83,Paid
O000267,C0694,P0028,2025-09-06,2,83.68,Paid
O000268,C0648,P0032,2025-09-06,2,70.84,Referral
O000269,C0217,P0027,2025-09-06,2,53.46,Organic
O000270,C0357,P0028,2025-09-06,3,125.52,Organic
O000271,C0137,P0025,2025-09-06,3,116.61,Email
O000272,C0127,P0038,2025-09-06,3,54.54,Referral
O000273,C0115,P0038,2025-09-06,3,54.54,Paid
O000274,C0683,P0036,2025-09-06,2,144.22,Referral
O000275,C0012,P0033,2025-09-06,3,264.75,Organic
O000276,C0247,P0040,2025-09-06,2,126.32,Paid
O000277,C0176,P0039,2025-09-06,1,103.58,Paid
O000278,C0587,P0008,2025-09-06,3,679.59,Organic
O000279,C0679,P0006,2025-09-06,1,65.8,Organic
O000280,C0733,P0010,2025-09-06,3,119.4,Email
O000281,C0467,P0009,2025-09-06,3,177.03,Paid
O000282,C0210,P0019,2025-09-06,1,132.95,Organic
O000283,C0402,P0020,2025-09-06,1,79.47,Paid
O000284,C0461,P0024,2025-09-06,1,112.14,Paid
O000285,C0469,P0028,2025-09-06,3,125.52,Paid
O000286,C0301,P0027,2025-09-06,2,53.46,Paid
O000287,C0365,P0027,2025-09-06,2,53.46,Paid
O000288,C0757,P0040,2025-09-06,3,189.48,Paid
O000289,C0367,P0038,2025-09-06,3,54.54,Organic
O000290,C0122,P0038,2025-09-06,2,36.36,Paid
O000291,C0706,P0008,2025-09-07,1,226.53,Organic
O000292,C0346,P0005,2025-09-07,2,691.38,Organic
O000293,C0580,P0018,2025-09-07,2,98.38,Organic
O000294,C0125,P0022,2025-09-07,1,50.39,Paid
O000295,C0405,P0026,2025-09-07,1,56.61,Organic
O000296,C0375,P0031,2025-09-07,2,76.24,Paid
O000297,C0622,P0035,2025-09-07,3,264.75,Paid
O000298,C0231,P0038,2025-09-07,3,54.54,Referral
O000299,C0386,P0038,2025-09-07,2,36.36,Paid
O000300,C0740,P0039,2025-09-07,3,310.74,Referral
O000301,C0771,P0004,2025-09-07,1,169.23,Organic
O000302,C0295,P0008,2025-09-07,2,453.06,Paid
O000303,C0448,P0002,2025-09-07,1,185.4,Organic
O000304,C0502,P0007,2025-09-07,3,510.93,Paid
O000305,C0767,P0002,2025-09-07,1,185.4,Organic
O000306,C0605,P0001,2025-09-07,3,681.06,Email
O000307,C0720,P0010,2025-09-07,2,79.6,Paid
O000308,C0131,P0011,2025-09-07,3,93.93,Email
O000309,C0192,P0012,2025-09-07,1,82.02,Paid
O000310,C0521,P0019,2025-09-07,2,265.9,Organic
O000311,C0543,P0019,2025-09-07,1,132.95,Organic
O000312,C0715,P0018,2025-09-07,2,98.38,Organic
O000313,C0629,P0026,2025-09-07,2,113.22,Organic
O000314,C0799,P0027,2025-09-07,1,26.73,Email
O000315,C0722,P0026,2025-09-07,1,56.61,Referral
O000316,C0632,P0032,2025-09-07,3,106.26,Organic
O000317,C0411,P0027,2025-09-07,3,80.19,Organic
O000318,C0651,P0037,2025-09-07,1,41.57,Paid
O000319,C0239,P0004,2025-09-07,3,507.69,Paid
O000320,C0545,P0002,2025-09-07,3,556.2,Email
O000321,C0100,P0006,2025-09-07,2,131.6,Paid
O000322,C0522,P0002,2025-09-07,2,370.8,Email
O000323,C0282,P0015,2025-09-07,2,91.84,Paid
O000324,C0339,P0018,2025-09-07,1,49.19,Paid
O000325,C0021,P0027,2025-09-07,1,26.73,Email
O000326,C0227,P0036,2025-09-07,3,216.33,Organic
O000327,C0037,P0003,2025-09-07,1,197.46,Organic
O000328,C0542,P0008,2025-09-07,1,226.53,Organic
O000329,C0313,P0001,2025-09-07,3,681.06,Email
O000330,C0394,P0012,2025-09-07,2,164.04,Organic
O000331,C0014,P0012,2025-09-07,2,164.04,Referral
O000332,C0073,P0014,2025-09-07,1,23.42,Organic
O000333,C0643,P0013,2025-09-07,2,111.4,Organic
O000334,C0103,P0014,2025-09-07,2,46.84,Organic
O000335,C0300,P0020,2025-09-07,1,79.47,Organic
O000336,C0013,P0017,2025-09-07,2,49.36,Paid
O000337,C0054,P0018,2025-09-07,3,147.57,Organic
O000338,C0505,P0022,2025-09-07,1,50.39,Referral
O000339,C0435,P0027,2025-09-07,1,26.73,Organic
O000340,C0352,P0031,2025-09-07,2,76.24,Referral
O000341,C0674,P0038,2025-09-07,2,36.36,Email
O000342,C0679,P0036,2025-09-07,3,216.33,Organic
O000343,C0691,P0001,2025-09-08,3,681.06,Organic
O000344,C0749,P0005,2025-09-08,3,1037.07,Paid
O000345,C0414,P0008,2025-09-08,2,453.06,Organic
O000346,C0416,P0012,2025-09-08,1,82.02,Paid
O000347,C0789,P0014,2025-09-08,1,23.42,Paid
O000348,C0011,P0018,2025-09-08,3,147.57,Organic
O000349,C0297,P0022,2025-09-08,1,50.39,Organic
O000350,C0336,P0017,2025-09-08,2,49.36,Organic
O000351,C0078,P0017,2025-09-08,3,74.04,Organic
O000352,C0474,P0021,2025-09-08,2,119.88,Organic
O000353,C0421,P0028,2025-09-08,2,83.68,Organic
O000354,C0678,P0033,2025-09-08,3,264.75,Organic
O000355,C0401,P0039,2025-09-08,2,207.16,Referral
O000356,C0174,P0035,2025-09-08,2,176.5,Referral
O000357,C0521,P0007,2025-09-08,2,340.62,Paid
O000358,C0605,P0004,2025-09-08,1,169.23,Organic
O000359,C0091,P0010,2025-09-08,1,39.8,Organic
O000360,C0117,P0023,2025-09-08,3,275.97,Paid
O000361,C0292,P0024,2025-09-08,2,224.28,Organic
O000362,C0080,P0030,2025-09-08,2,69.38,Organic
O000363,C0520,P0027,2025-09-08,3,80.19,Paid
O000364,C0129,P0038,2025-09-08,2,36.36,Organic
O000365,C0091,P0038,2025-09-08,3,54.54,Paid
O000366,C0731,P0036,2025-09-08,2,144.22,Referral
O000367,C0154,P0001,2025-09-08,3,681.06,Paid
O000368,C0154,P0002,2025-09-08,2,370.8,Paid
O000369,C0464,P0001,2025-09-08,3,681.06,Paid
O000370,C0115,P0015,2025-09-08,2,91.84,Organic
O000371,C0613,P0016,2025-09-08,1,57.0,Paid
O000372,C0001,P0023,2025-09-08,3,275.97,Paid
O000373,C0725,P0021,2025-09-08,2,119.88,Paid
O000374,C0621,P0020,2025-09-08,3,238.41,Organic
O000375,C0407,P0017,2025-09-08,2,49.36,Paid
O000376,C0710,P0025,2025-09-08,3,116.61,Paid
O000377,C0452,P0025,2025-09-08,3,116.61,Paid
O000378,C0207,P0025,2025-09-08,3,116.61,Referral
O000379,C0582,P0031,2025-09-08,3,114.36,Organic
O000380,C0702,P0032,2025-09-08,3,106.26,Organic
O000381,C0207,P0033,2025-09-08,1,88.25,Email
O000382,C0183,P0008,2025-09-08,1,226.53,Organic
O000383,C0197,P0006,2025-09-08,2,131.6,Organic
O000384,C0065,P0006,2025-09-08,1,65.8,Organic
O000385,C0365,P0003,2025-09-08,2,394.92,Paid
O000386,C0650,P0002,2025-09-08,3,556.2,Paid
O000387,C0581,P0013,2025-09-08,2,111.4,Organic
O000388,C0147,P0015,2025-09-08,1,45.92,Paid
O000389,C0546,P0013,2025-09-08,2,111.4,Organic
O000390,C0514,P0017,2025-09-08,3,74.04,Email
O000391,C0156,P0023,2025-09-08,3,275.97,Paid
O000392,C0073,P0025,2025-09-08,3,116.61,Paid
O000393,C0618,P0028,2025-09-08,1,41.84,Paid
O000394,C0022,P0034,2025-09-08,2,117.36,Email
O000395,C0050,P0040,2025-09-08,2,126.32,Email
O000396,C0365,P0033,2025-09-08,1,88.25,Paid
O000397,C0078,P0003,2025-09-09,3,592.38,Paid
O000398,C0002,P0001,2025-09-09,3,681.06,Organic
O000399,C0696,P0030,2025-09-09,2,69.38,Referral
O000400,C0250,P0031,2025-09-09,2,76.24,Paid
O000401,C0386,P0026,2025-09-09,3,169.83,Email
O000402,C0049,P0033,2025-09-09,3,264.75,Organic
O000403,C0215,P0040,2025-09-09,2,126.32,Organic
O000404,C0370,P0001,2025-09-09,2,454.04,Organic
O000405,C0659,P0008,2025-09-09,3,679.59,Organic
O000406,C0162,P0001,2025-09-09,1,227.02,Paid
O000407,C0715,P0009,2025-09-09,3,177.03,Paid
O000408,C0198,P0016,2025-09-09,1,57.0,Paid
O000409,C0566,P0022,2025-09-09,1,50.39,Organic
O000410,C0158,P0028,2025-09-09,3,125.52,Referral
O000411,C0202,P0029,2025-09-09,1,17.3,Organic
O000412,C0609,P0038,2025-09-09,3,54.54,Paid
O000413,C0489,P0035,2025-09-09,1,88.25,Email
O000414,C0143,P0036,2025-09-09,3,216.33,Organic
O000415,C0381,P0005,2025-09-09,1,345.69,Paid
O000416,C0060,P0003,2025-09-09,2,394.92,Organic
O000417,C0634,P0003,2025-09-09,3,592.38,Paid
O000418,C0673,P0007,2025-09-09,1,170.31,Paid
O000419,C0690,P0012,2025-09-09,3,246.06,Organic
O000420,C0635,P0010,2025-09-09,1,39.8,Paid
O000421,C0345,P0012,2025-09-09,3,246.06,Referral
O000422,C0106,P0018,2025-09-09,1,49.19,Paid
O000423,C0408,P0020,2025-09-09,2,158.94,Paid
O000424,C0323,P0032,2025-09-09,1,35.42,Organic
O000425,C0259,P0025,2025-09-09,1,38.87,Organic
O000426,C0148,P0031,2025-09-09,1,38.12,Paid
O000427,C0648,P0030,2025-09-09,2,69.38,Email
O000428,C0445,P0033,2025-09-09,1,88.25,Referral
O000429,C0496,P0033,2025-09-09,3,264.75,Paid
O000430,C0199,P0037,2025-09-09,3,124.71,Paid
O000431,C0506,P0040,2025-09-09,3,189.48,Paid
O000432,C0606,P0006,2025-09-09,1,65.8,Email
O000433,C0367,P0004,2025-09-09,3,507.69,Organic
O000434,C0688,P0007,2025-09-09,1,170.31,Organic
O000435,C0718,P0011,2025-09-09,3,93.93,Organic
O000436,C0646,P0014,2025-09-09,1,23.42,Organic
O000437,C0517,P0021,2025-09-09,2,119.88,Paid
O000438,C0671,P0028,2025-09-09,3,125.52,Organic
O000439,C0581,P0029,2025-09-09,1,17.3,Paid
O000440,C0037,P0025,2025-09-09,2,77.74,Organic
O000441,C0103,P0040,2025-09-09,1,63.16,Organic
O000442,C0358,P0040,2025-09-09,1,63.16,Organic
O000443,C0572,P0040,2025-09-09,2,126.32,Email
O000444,C0695,P0034,2025-09-09,1,58.68,Paid
O000445,C0147,P0037,2025-09-09,3,124.71,Organic
O000446,C0290,P0039,2025-09-09,2,207.16,Email
O000447,C0532,P0002,2025-09-10,3,556.2,Organic
O000448,C0209,P0004,2025-09-10,1,169.23,Organic
O000449,C0386,P0002,2025-09-10,3,556.2,Organic
O000450,C0082,P0014,2025-09-10,1,23.42,Organic
O000451,C0004,P0011,2025-09-10,2,62.62,Organic
O000452,C0552,P0016,2025-09-10,1,57.0,Organic
O000453,C0004,P0014,2025-09-10,1,23.42,Referral
O000454,C0432,P0019,2025-09-10,2,265.9,Email
O000455,C0209,P0018,2025-09-10,3,147.57,Paid
O000456,C0034,P0030,2025-09-10,2,69.38,Paid
O000457,C0110,P0039,2025-09-10,3,310.74,Referral
O000458,C0475,P0040,2025-09-10,2,126.32,Organic
O000459,C0654,P0037,2025-09-10,2,83.14,Organic
O000460,C0571,P0021,2025-09-10,1,59.94,Organic
O000461,C0520,P0030,2025-09-10,3,104.07,Email
O000462,C0489,P0037,2025-09-10,2,83.14,Organic
O000463,C0099,P0036,2025-09-10,2,144.22,Organic
O000464,C0761,P0033,2025-09-10,3,264.75,Organic
O000465,C0771,P0040,2025-09-10,2,126.32,Paid
O000466,C0506,P0008,2025-09-10,3,679.59,Paid
O000467,C0717,P0005,2025-09-10,2,691.38,Email
O000468,C0635,P0002,2025-09-10,1,185.4,Organic
O000469,C0227,P0018,2025-09-10,3,147.57,Paid
O000470,C0508,P0022,2025-09-10,1,50.39,Paid
O000471,C0100,P0020,2025-09-10,2,158.94,Email
O000472,C0545,P0024,2025-09-10,3,336.42,Organic
O000473,C0217,P0029,2025-09-10,2,34.6,Paid
O000474,C0323,P0031,2025-09-10,2,76.24,Organic
O000475,C0323,P0026,2025-09-10,1,56.61,Paid
O000476,C0558,P0028,2025-09-10,3,125.52,Paid
O000477,C0445,P0040,2025-09-10,3,189.48,Organic
O000478,C0717,P0035,2025-09-10,2,176.5,Paid
O000479,C0252,P0033,2025-09-10,3,264.75,Paid
O000480,C0061,P0008,2025-09-10,1,226.53,Referral
O000481,C0290,P0001,2025-09-10,2,454.04,Paid
O000482,C0197,P0012,2025-09-10,1,82.02,Paid
O000483,C0679,P0009,2025-09-10,3,177.03,Organic
O000484,C0265,P0020,2025-09-10,3,238.41,Paid
O000485,C0480,P0023,2025-09-10,1,91.99,Referral
O000486,C0267,P0026,2025-09-10,3,169.83,Organic
O000487,C0062,P0030,2025-09-10,2,69.38,Organic
O000488,C0090,P0038,2025-09-10,2,36.36,Organic
O000489,C0054,P0035,2025-09-10,3,264.75,Organic
O000490,C0525,P0037,2025-09-10,1,41.57,Paid
O000491,C0058,P0039,2025-09-10,3,310.74,Paid
O000492,C0698,P0006,2025-09-11,1,65.8,Paid
O000493,C0548,P0016,2025-09-11,2,114.0,Organic
O000494,C0335,P0013,2025-09-11,2,111.4,Paid
O000495,C0070,P0022,2025-09-11,2,100.78,Email
O000496,C0680,P0021,2025-09-11,1,59.94,Organic
O000497,C0280,P0025,2025-09-11,1,38.87,Organic
O000498,C0440,P0030,2025-09-11,2,69.38,Paid
O000499,C0046,P0029,2025-09-11,2,34.6,Organic
O000500,C0215,P0038,2025-09-11,3,54.54,Organic
O000501,C0246,P0007,2025-09-11,1,170.31,Organic
O000502,C0377,P0015,2025-09-11,3,137.76,Paid
O000503,C0570,P0011,2025-09-11,1,31.31,Organic
O000504,C0308,P0019,2025-09-11,1,132.95,Email
O000505,C0491,P0023,2025-09-11,2,183.98,Organic
O000506,C0483,P0033,2025-09-11,3,264.75,Paid
O000507,C0543,P0033,2025-09-11,1,88.25,Organic
O000508,C0732,P0038,2025-09-11,1,18.18,Organic
O000509,C0131,P0036,2025-09-11,1,72.11,Organic
O000510,C0673,P0006,2025-09-11,2,131.6,Email
O000511,C0763,P0005,2025-09-11,1,345.69,Paid
O000512,C0756,P0015,2025-09-11,1,45.92,Email
O000513,C0408,P0009,2025-09-11,2,118.02,Organic
O000514,C0362,P0010,2025-09-11,1,39.8,Paid
O000515,C0339,P0019,2025-09-11,2,265.9,Referral
O000516,C0616,P0032,2025-09-11,2,70.84,Paid
O000517,C0518,P0025,2025-09-11,1,38.87,Paid
O000518,C0673,P0040,2025-09-11,1,63.16,Paid
O000519,C0086,P0039,2025-09-11,3,310.74,Email
O000520,C0518,P0038,2025-09-11,2,36.36,Organic
O000521,C0670,P0037,2025-09-11,3,124.71,Email
O000522,C0352,P0007,2025-09-11,3,510.93,Email
O000523,C0546,P0001,2025-09-11,3,681.06,Organic
O000524,C0695,P0003,2025-09-11,3,592.38,Organic
O000525,C0267,P0008,2025-09-11,3,679.59,Organic
O000526,C0126,P0002,2025-09-11,3,556.2,Organic
O000527,C0369,P0005,2025-09-11,1,345.69,Referral
O000528,C0511,P0024,2025-09-11,2,224.28,Organic
O000529,C0667,P0017,2025-09-11,2,49.36,Paid
O000530,C0022,P0019,2025-09-11,2,265.9,Referral
O000531,C0229,P0024,2025-09-11,3,336.42,Referral
O000532,C0394,P0023,2025-09-11,1,91.99,Organic
O000533,C0031,P0032,2025-09-11,3,106.26,Organic
O000534,C0387,P0036,2025-09-11,1,72.11,Paid
O000535,C0228,P0033,2025-09-11,3,264.75,Paid
O000536,C0376,P0005,2025-09-12,3,1037.07,Organic
O000537,C0796,P0014,2025-09-12,2,46.84,Organic
O000538,C0777,P0011,2025-09-12,3,93.93,Referral
O000539,C0279,P0020,2025-09-12,1,79.47,Organic
O000540,C0536,P0020,2025-09-12,2,158.94,Email
O000541,C0595,P0030,2025-09-12,1,34.69,Organic
O000542,C0548,P0038,2025-09-12,3,54.54,Referral
O000543,C0334,P0040,2025-09-12,3,189.48,Organic
O000544,C0555,P0034,2025-09-12,3,176.04,Paid
O000545,C0008,P0002,2025-09-12,2,370.8,Paid
O000546,C0608,P0007,2025-09-12,3,510.93,Email
O000547,C0571,P0008,2025-09-12,2,453.06,Email
O000548,C0287,P0006,2025-09-12,3,197.4,Organic
O000549,C0728,P0007,2025-09-12,1,170.31,Organic
O000550,C0257,P0017,2025-09-12,1,24.68,Paid
O000551,C0640,P0022,2025-09-12,2,100.78,Organic
O000552,C0080,P0026,2025-09-12,1,56.61,Organic
O000553,C0767,P0033,2025-09-12,3,264.75,Email
O000554,C0292,P0037,2025-09-12,2,83.14,Organic
O000555,C0009,P0005,2025-09-12,1,345.69,Paid
O000556,C0217,P0006,2025-09-12,2,131.6,Email
O000557,C0148,P0011,2025-09-12,1,31.31,Email
O000558,C0784,P0032,2025-09-12,3,106.26,Email
O000559,C0763,P0032,2025-09-12,2,70.84,Organic
O000560,C0739,P0025,2025-09-12,1,38.87,Paid
O000561,C0679,P0007,2025-09-12,2,340.62,Organic
O000562,C0022,P0004,2025-09-12,2,338.46,Referral
O000563,C0511,P0001,2025-09-12,1,227.02,Paid
O000564,C0541,P0010,2025-09-12,3,119.4,Paid
O000565,C0662,P0014,2025-09-12,2,46.84,Organic
O000566,C0718,P0016,2025-09-12,1,57.0,Referral
O000567,C0770,P0022,2025-09-12,3,151.17,Organic
O000568,C0551,P0017,2025-09-12,3,74.04,Paid
O000569,C0587,P0035,2025-09-12,1,88.25,Organic
O000570,C0618,P0033,2025-09-12,2,176.5,Email
O000571,C0367,P0040,2025-09-12,3,189.48,Organic
O000572,C0268,P0004,2025-09-13,2,338.46,Paid
O000573,C0341,P0005,2025-09-13,2,691.38,Email
O000574,C0193,P0005,2025-09-13,1,345.69,Email
O000575,C0359,P0008,2025-09-13,1,226.53,Organic
O000576,C0474,P0008,2025-09-13,2,453.06,Organic
O000577,C0475,P0001,2025-09-13,2,454.04,Organic
O000578,C0030,P0005,2025-09-13,1,345.69,Email
O000579,C0657,P0015,2025-09-13,1,45.92,Organic
O000580,C0406,P0020,2025-09-13,3,238.41,Organic
O000581,C0123,P0020,2025-09-13,1,79.47,Organic
O000582,C0375,P0020,2025-09-13,1,79.47,Paid
O000583,C0622,P0022,2025-09-13,2,100.78,Email
O000584,C0034,P0029,2025-09-13,1,17.3,Paid
O000585,C0689,P0033,2025-09-13,1,88.25,Organic
O000586,C0730,P0007,2025-09-13,1,170.31,Paid
O000587,C0615,P0007,2025-09-13,2,340.62,Referral
O000588,C0473,P0005,2025-09-13,3,1037.07,Paid
O000589,C0284,P0009,2025-09-13,1,59.01,Organic
O000590,C0571,P0009,2025-09-13,3,177.03,Organic
O000591,C0629,P0014,2025-09-13,2,46.84,Email
O000592,C0759,P0016,2025-09-13,2,114.0,Paid
O000593,C0383,P0014,2025-09-13,1,23.42,Organic
O000594,C0433,P0014,2025-09-13,1,23.42,Organic
O000595,C0158,P0018,2025-09-13,1,49.19,Referral
O000596,C0529,P0023,2025-09-13,3,275.97,Paid
O000597,C0437,P0026,2025-09-13,2,113.22,Paid
O000598,C0326,P0028,2025-09-13,2,83.68,Organic
O000599,C0632,P0029,2025-09-13,3,51.9,Organic
O000600,C0771,P0025,2025-09-13,2,77.74,Organic
O000601,C0575,P0038,2025-09-13,2,36.36,Referral
O000602,C0127,P0001,2025-09-13,1,227.02,Paid
O000603,C0717,P0012,2025-09-13,1,82.02,Organic
O000604,C0012,P0010,2025-09-13,1,39.8,Referral
O000605,C0227,P0011,2025-09-13,3,93.93,Referral
O000606,C0009,P0013,2025-09-13,2,111.4,Paid
O000607,C0373,P0031,2025-09-13,3,114.36,Organic
O000608,C0408,P0025,2025-09-13,1,38.87,Paid
O000609,C0717,P0027,2025-09-13,3,80.19,Paid
O000610,C0005,P0031,2025-09-13,3,114.36,Organic
O000611,C0351,P0033,2025-09-13,3,264.75,Organic
O000612,C0650,P0008,2025-09-13,1,226.53,Organic
O000613,C0160,P0003,2025-09-13,1,197.46,Organic
O000614,C0574,P0015,2025-09-13,3,137.76,Paid
O000615,C0772,P0014,2025-09-13,2,46.84,Organic
O000616,C0572,P0014,2025-09-13,2,46.84,Organic
O000617,C0153,P0019,2025-09-13,3,398.85,Paid
O000618,C0704,P0021,2025-09-13,3,179.82,Organic
O000619,C0511,P0025,2025-09-13,3,116.61,Paid
O000620,C0772,P0030,2025-09-13,3,104.07,Organic
O000621,C0369,P0030,2025-09-13,3,104.07,Email
O000622,C0014,P0032,2025-09-13,2,70.84,Organic
O000623,C0688,P0026,2025-09-13,3,169.83,Paid
O000624,C0435,P0029,2025-09-13,2,34.6,Organic
O000625,C0058,P0035,2025-09-13,2,176.5,Organic
O000626,C0301,P0035,2025-09-13,2,176.5,Paid
O000627,C0400,P0039,2025-09-13,2,207.16,Paid
O000628,C0428,P0035,2025-09-13,1,88.25,Organic
O000629,C0475,P0009,2025-09-14,3,177.03,Organic
O000630,C0120,P0013,2025-09-14,2,111.4,Organic
O000631,C0740,P0021,2025-09-14,3,179.82,Paid
O000632,C0280,P0017,2025-09-14,1,24.68,Email
O000633,C0689,P0025,2025-09-14,1,38.87,Paid
O000634,C0231,P0029,2025-09-14,3,51.9,Organic
O000635,C0456,P0037,2025-09-14,2,83.14,Referral
O000636,C0708,P0037,2025-09-14,3,124.71,Paid
O000637,C0271,P0003,2025-09-14,2,394.92,Paid
O000638,C0543,P0013,2025-09-14,3,167.1,Organic
O000639,C0246,P0015,2025-09-14,2,91.84,Organic
O000640,C0501,P0017,2025-09-14,2,49.36,Paid
O000641,C0780,P0028,2025-09-14,3,125.52,Paid
O000642,C0317,P0038,2025-09-14,2,36.36,Organic
O000643,C0489,P0040,2025-09-14,2,126.32,Organic
O000644,C0340,P0035,2025-09-14,1,88.25,Paid
O000645,C0392,P0006,2025-09-14,3,197.4,Paid
O000646,C0107,P0006,2025-09-14,3,197.4,Paid
O000647,C0032,P0011,2025-09-14,1,31.31,Email
O000648,C0084,P0015,2025-09-14,2,91.84,Organic
O000649,C0385,P0017,2025-09-14,3,74.04,Organic
O000650,C0315,P0024,2025-09-14,1,112.14,Referral
O000651,C0345,P0017,2025-09-14,1,24.68,Email
O000652,C0146,P0022,2025-09-14,1,50.39,Organic
O000653,C0496,P0022,2025-09-14,3,151.17,Organic
O000654,C0500,P0027,2025-09-14,2,53.46,Paid
O000655,C0176,P0026,2025-09-14,1,56.61,Organic
O000656,C0727,P0030,2025-09-14,1,34.69,Organic
O000657,C0783,P0025,2025-09-14,1,38.87,Paid
O000658,C0171,P0032,2025-09-14,2,70.84,Paid
O000659,C0077,P0033,2025-09-14,3,264.75,Referral
O000660,C0719,P0039,2025-09-14,2,207.16,Organic
O000661,C0107,P0035,2025-09-14,3,264.75,Organic
O000662,C0710,P0038,2025-09-14,2,36.36,Organic
O000663,C0634,P0039,2025-09-14,2,207.16,Organic
O000664,C0568,P0037,2025-09-14,3,124.71,Organic
O000665,C0300,P0008,2025-09-14,1,226.53,Email
O000666,C0772,P0015,2025-09-14,1,45.92,Email
O000667,C0278,P0012,2025-09-14,2,164.04,Organic
O000668,C0164,P0011,2025-09-14,3,93.93,Email
O000669,C0310,P0016,2025-09-14,2,114.0,Referral
O000670,C0693,P0014,2025-09-14,2,46.84,Referral
O000671,C0560,P0010,2025-09-14,1,39.8,Organic
O000672,C0222,P0021,2025-09-14,3,179.82,Referral
O000673,C0394,P0024,2025-09-14,2,224.28,Paid
O000674,C0734,P0028,2025-09-14,2,83.68,Organic
O000675,C0347,P0025,2025-09-14,3,116.61,Organic
O000676,C0574,P0037,2025-09-14,3,124.71,Referral
O000677,C0153,P0034,2025-09-14,3,176.04,Organic
O000678,C0476,P0001,2025-09-15,2,454.04,Paid
O000679,C0426,P0014,2025-09-15,2,46.84,Email
O000680,C0167,P0011,2025-09-15,1,31.31,Paid
O000681,C0576,P0009,2025-09-15,3,177.03,Email
O000682,C0426,P0014,2025-09-15,1,23.42,Organic
O000683,C0630,P0015,2025-09-15,1,45.92,Organic
O000684,C0004,P0014,2025-09-15,1,23.42,Paid
O000685,C0664,P0026,2025-09-15,3,169.83,Paid
O000686,C0442,P0039,2025-09-15,1,103.58,Paid
O000687,C0250,P0033,2025-09-15,2,176.5,Email
O000688,C0311,P0006,2025-09-15,1,65.8,Referral
O000689,C0256,P0007,2025-09-15,2,340.62,Paid
O000690,C0383,P0009,2025-09-15,2,118.02,Organic
O000691,C0292,P0015,2025-09-15,2,91.84,Organic
O000692,C0309,P0024,2025-09-15,2,224.28,Paid
O000693,C0521,P0017,2025-09-15,2,49.36,Paid
O000694,C0608,P0019,2025-09-15,3,398.85,Email
O000695,C0640,P0022,2025-09-15,1,50.39,Organic
O000696,C0570,P0026,2025-09-15,1,56.61,Paid
O000697,C0666,P0025,2025-09-15,1,38.87,Paid
O000698,C0799,P0025,2025-09-15,3,116.61,Email
O000699,C0614,P0031,2025-09-15,3,114.36,Organic
O000700,C0284,P0039,2025-09-15,3,310.74,Organic
O000701,C0771,P0038,2025-09-15,2,36.36,Paid
O000702,C0088,P0039,2025-09-15,3,310.74,Paid
O000703,C0673,P0008,2025-09-15,2,453.06,Organic
O000704,C0227,P0004,2025-09-15,1,169.23,Organic
O000705,C0527,P0004,2025-09-15,3,507.69,Email
O000706,C0707,P0008,2025-09-15,3,679.59,Paid
O000707,C0422,P0010,2025-09-15,1,39.8,Organic
O000708,C0701,P0015,2025-09-15,3,137.76,Email
O000709,C0227,P0016,2025-09-15,2,114.0,Paid
O000710,C0556,P0024,2025-09-15,1,112.14,Paid
O000711,C0137,P0031,2025-09-15,2,76.24,Organic
O000712,C0707,P0025,2025-09-15,3,116.61,Organic
O000713,C0339,P0030,2025-09-15,3,104.07,Email
O000714,C0559,P0036,2025-09-15,1,72.11,Paid
O000715,C0054,P0001,2025-09-15,1,227.02,Organic
O000716,C0306,P0004,2025-09-15,1,169.23,Email
O000717,C0435,P0011,2025-09-15,2,62.62,Paid
O000718,C0514,P0016,2025-09-15,1,57.0,Paid
O000719,C0349,P0013,2025-09-15,3,167.1,Organic
O000720,C0206,P0032,2025-09-15,2,70.84,Organic
O000721,C0140,P0007,2025-09-16,3,510.93,Referral
O000722,C0748,P0002,2025-09-16,2,370.8,Email
O000723,C0110,P0006,2025-09-16,2,131.6,Referral
O000724,C0048,P0001,2025-09-16,3,681.06,Email
O000725,C0603,P0012,2025-09-16,2,164.04,Paid
O000726,C0798,P0018,2025-09-16,1,49.19,Referral
O000727,C0432,P0031,2025-09-16,3,114.36,Email
O000728,C0330,P0035,2025-09-16,2,176.5,Paid
O000729,C0789,P0040,2025-09-16,1,63.16,Paid
O000730,C0348,P0033,2025-09-16,1,88.25,Organic
O000731,C0603,P0040,2025-09-16,2,126.32,Organic
O000732,C0609,P0005,2025-09-16,1,345.69,Referral
O000733,C0570,P0004,2025-09-16,3,507.69,Email
O000734,C0129,P0013,2025-09-16,1,55.7,Organic
O000735,C0614,P0018,2025-09-16,1,49.19,Organic
O000736,C0150,P0022,2025-09-16,3,151.17,Paid
O000737,C0743,P0019,2025-09-16,2,265.9,Organic
O000738,C0287,P0027,2025-09-16,2,53.46,Organic
O000739,C0473,P0032,2025-09-16,1,35.42,Paid
O000740,C0312,P0034,2025-09-16,3,176.04,Organic
O000741,C0146,P0015,2025-09-16,1,45.92,Referral
O000742,C0146,P0014,2025-09-16,1,23.42,Organic
O000743,C0318,P0013,2025-09-16,1,55.7,Email
O000744,C0137,P0020,2025-09-16,1,79.47,Organic
O000745,C0493,P0027,2025-09-16,3,80.19,Paid
O000746,C0683,P0040,2025-09-16,3,189.48,Referral
O000747,C0282,P0038,2025-09-16,3,54.54,Referral
O000748,C0254,P0039,2025-09-16,3,310.74,Organic
O000749,C0563,P0037,2025-09-16,3,124.71,Organic
O000750,C0466,P0004,2025-09-16,1,169.23,Referral
O000751,C0054,P0005,2025-09-16,1,345.69,Email
O000752,C0674,P0003,2025-09-16,1,197.46,Organic
O000753,C0285,P0001,2025-09-16,3,681.06,Organic
O000754,C0645,P0009,2025-09-16,1,59.01,Organic
O000755,C0229,P0019,2025-09-16,1,132.95,Email
O000756,C0027,P0024,2025-09-16,3,336.42,Organic
O000757,C0587,P0019,2025-09-16,2,265.9,Referral
O000758,C0546,P0030,2025-09-16,1,34.69,Paid
O000759,C0554,P0031,2025-09-16,2,76.24,Organic
O000760,C0772,P0028,2025-09-16,2,83.68,Email
O000761,C0027,P0028,2025-09-16,1,41.84,Organic
O000762,C0109,P0033,2025-09-16,2,176.5,Organic
O000763,C0536,P0003,2025-09-17,1,197.46,Organic
O000764,C0262,P0002,2025-09-17,3,556.2,Paid
O000765,C0063,P0009,2025-09-17,3,177.03,Organic
O000766,C0348,P0015,2025-09-17,1,45.92,Email
O000767,C0375,P0022,2025-09-17,3,151.17,Paid
O000768,C0376,P0017,2025-09-17,1,24.68,Email
O000769,C0279,P0023,2025-09-17,1,91.99,Organic
O000770,C0595,P0017,2025-09-17,1,24.68,Email
O000771,C0118,P0019,2025-09-17,3,398.85,Organic
O000772,C0552,P0017,2025-09-17,1,24.68,Referral
O000773,C0049,P0021,2025-09-17,1,59.94,Organic
O000774,C0364,P0032,2025-09-17,2,70.84,Paid
O000775,C0283,P0031,2025-09-17,1,38.12,Organic
O000776,C0099,P0005,2025-09-17,3,1037.07,Organic
O000777,C0295,P0008,2025-09-17,3,679.59,Paid
O000778,C0596,P0008,2025-09-17,1,226.53,Paid
O000779,C0299,P0008,2025-09-17,1,226.53,Email
O000780,C0577,P0016,2025-09-17,3,171.0,Organic
O000781,C0307,P0012,2025-09-17,3,246.06,Organic
O000782,C0091,P0022,2025-09-17,1,50.39,Organic
O000783,C0483,P0024,2025-09-17,2,224.28,Organic
O000784,C0632,P0024,2025-09-17,2,224.28,Paid
O000785,C0216,P0032,2025-09-17,1,35.42,Email
O000786,C0501,P0026,2025-09-17,2,113.22,Referral
O000787,C0605,P0027,2025-09-17,3,80.19,Paid
O000788,C0659,P0025,2025-09-17,3,116.61,Organic
O000789,C0521,P0025,2025-09-17,1,38.87,Email
O000790,C0244,P0039,2025-09-17,1,103.58,Paid
O000791,C0200,P0034,2025-09-17,3,176.04,Paid
O000792,C0690,P0005,2025-09-17,1,345.69,Organic
O000793,C0187,P0008,2025-09-17,1,226.53,Organic
O000794,C0252,P0002,2025-09-17,1,185.4,Email
O000795,C0407,P0009,2025-09-17,1,59.01,Paid
O000796,C0601,P0012,2025-09-17,2,164.04,Organic
O000797,C0409,P0018,2025-09-17,1,49.19,Organic
O000798,C0701,P0032,2025-09-17,2,70.84,Organic
O000799,C0057,P0026,2025-09-17,1,56.61,Organic
O000800,C0107,P0031,2025-09-17,1,38.12,Organic
O000801,C0009,P0034,2025-09-17,2,117.36,Organic
O000802,C0388,P0037,2025-09-17,3,124.71,Paid
O000803,C0729,P0036,2025-09-17,1,72.11,Paid
O000804,C0436,P0002,2025-09-17,1,185.4,Organic
O000805,C0695,P0003,2025-09-17,2,394.92,Organic
O000806,C0662,P0010,2025-09-17,2,79.6,Paid
O000807,C0671,P0014,2025-09-17,2,46.84,Organic
O000808,C0598,P0020,2025-09-17,3,238.41,Organic
O000809,C0718,P0022,2025-09-17,1,50.39,Organic
O000810,C0428,P0019,2025-09-17,2,265.9,Organic
O000811,C0036,P0022,2025-09-17,3,151.17,Paid
O000812,C0265,P0018,2025-09-17,2,98.38,Organic
O000813,C0050,P0018,2025-09-17,2,98.38,Paid
O000814,C0367,P0032,2025-09-17,2,70.84,Organic
O000815,C0402,P0026,2025-09-17,3,169.83,Email
O000816,C0689,P0007,2025-09-18,2,340.62,Organic
O000817,C0142,P0003,2025-09-18,3,592.38,Organic
O000818,C0712,P0019,2025-09-18,2,265.9,Organic
O000819,C0552,P0018,2025-09-18,3,147.57,Email
O000820,C0248,P0017,2025-09-18,2,49.36,Paid
O000821,C0379,P0027,2025-09-18,2,53.46,Organic
O000822,C0275,P0026,2025-09-18,2,113.22,Organic
O000823,C0161,P0030,2025-09-18,3,104.07,Organic
O000824,C0354,P0034,2025-09-18,3,176.04,Paid
O000825,C0046,P0034,2025-09-18,1,58.68,Organic
O000826,C0190,P0033,2025-09-18,2,176.5,Organic
O000827,C0246,P0002,2025-09-18,3,556.2,Organic
O000828,C0720,P0009,2025-09-18,1,59.01,Organic
O000829,C0433,P0014,2025-09-18,2,46.84,Organic
O000830,C0340,P0017,2025-09-18,2,49.36,Email
O000831,C0479,P0019,2025-09-18,2,265.9,Referral
O000832,C0080,P0028,2025-09-18,1,41.84,Email
O000833,C0732,P0026,2025-09-18,1,56.61,Organic
O000834,C0317,P0028,2025-09-18,2,83.68,Organic
O000835,C0200,P0025,2025-09-18,1,38.87,Organic
O000836,C0722,P0040,2025-09-18,1,63.16,Paid
O000837,C0716,P0001,2025-09-18,2,454.04,Organic
O000838,C0701,P0008,2025-09-18,3,679.59,Paid
O000839,C0756,P0001,2025-09-18,1,227.02,Organic
O000840,C0247,P0007,2025-09-18,2,340.62,Organic
O000841,C0015,P0015,2025-09-18,1,45.92,Organic
O000842,C0240,P0014,2025-09-18,2,46.84,Referral
O000843,C0010,P0016,2025-09-18,1,57.0,Email
O000844,C0373,P0022,2025-09-18,2,100.78,Paid
O000845,C0739,P0019,2025-09-18,1,132.95,Organic
O000846,C0115,P0018,2025-09-18,2,98.38,Email
O000847,C0057,P0028,2025-09-18,3,125.52,Paid
O000848,C0146,P0035,2025-09-18,2,176.5,Organic
O000849,C0373,P0039,2025-09-18,1,103.58,Organic
O000850,C0613,P0034,2025-09-18,1,58.68,Organic
O000851,C0554,P0008,2025-09-18,1,226.53,Paid
O000852,C0028,P0014,2025-09-18,1,23.42,Organic
O000853,C0510,P0013,2025-09-18,3,167.1,Paid
O000854,C0467,P0016,2025-09-18,2,114.0,Email
O000855,C0435,P0029,2025-09-18,2,34.6,Email
O000856,C0674,P0028,2025-09-18,1,41.84,Organic
O000857,C0228,P0026,2025-09-18,1,56.61,Referral
O000858,C0426,P0016,2025-09-19,2,114.0,Paid
O000859,C0063,P0023,2025-09-19,3,275.97,Paid
O000860,C0748,P0017,2025-09-19,2,49.36,Referral
O000861,C0030,P0019,2025-09-19,3,398.85,Paid
O000862,C0004,P0018,2025-09-19,2,98.38,Organic
O000863,C0319,P0029,2025-09-19,3,51.9,Paid
O000864,C0289,P0026,2025-09-19,1,56.61,Organic
O000865,C0215,P0026,2025-09-19,3,169.83,Organic
O000866,C0706,P0028,2025-09-19,1,41.84,Paid
O000867,C0689,P0032,2025-09-19,3,106.26,Email
O000868,C0569,P0037,2025-09-19,2,83.14,Organic
O000869,C0279,P0037,2025-09-19,3,124.71,Organic
O000870,C0680,P0036,2025-09-19,1,72.11,Organic
O000871,C0046,P0035,2025-09-19,2,176.5,Paid
O000872,C0268,P0039,2025-09-19,2,207.16,Referral
O000873,C0335,P0034,2025-09-19,3,176.04,Organic
O000874,C0498,P0039,2025-09-19,1,103.58,Paid
O000875,C0504,P0016,2025-09-19,2,114.0,Organic
O000876,C0370,P0012,2025-09-19,2,164.04,Organic
O000877,C0566,P0023,2025-09-19,2,183.98,Paid
O000878,C0321,P0020,2025-09-19,2,158.94,Paid
O000879,C0571,P0032,2025-09-19,1,35.42,Organic
O000880,C0212,P0028,2025-09-19,2,83.68,Organic
O000881,C0321,P0031,2025-09-19,1,38.12,Paid
O000882,C0731,P0031,2025-09-19,1,38.12,Organic
O000883,C0115,P0001,2025-09-19,2,454.04,Organic
O000884,C0746,P0012,2025-09-19,1,82.02,Organic
O000885,C0138,P0023,2025-09-19,2,183.98,Paid
O000886,C0563,P0022,2025-09-19,1,50.39,Paid
O000887,C0750,P0018,2025-09-19,2,98.38,Paid
O000888,C0725,P0032,2025-09-19,2,70.84,Paid
O000889,C0217,P0030,2025-09-19,3,104.07,Email
O000890,C0518,P0028,2025-09-19,1,41.84,Organic
O000891,C0628,P0007,2025-09-19,2,340.62,Referral
O000892,C0550,P0011,2025-09-19,3,93.93,Email
O000893,C0542,P0014,2025-09-19,2,46.84,Paid
O000894,C0688,P0021,2025-09-19,3,179.82,Paid
O000895,C0645,P0020,2025-09-19,3,238.41,Paid
O000896,C0160,P0025,2025-09-19,2,77.74,Organic
O000897,C0793,P0032,2025-09-19,3,106.26,Organic
O000898,C0290,P0026,2025-09-19,3,169.83,Organic
O000899,C0671,P0027,2025-09-19,3,80.19,Organic
O000900,C0349,P0037,2025-09-19,3,124.71,Paid
O000901,C0379,P0008,2025-09-20,2,453.06,Organic
O000902,C0786,P0008,2025-09-20,3,679.59,Paid
O000903,C0657,P0008,2025-09-20,1,226.53,Paid
O000904,C0789,P0003,2025-09-20,1,197.46,Referral
O000905,C0082,P0009,2025-09-20,3,177.03,Organic
O000906,C0283,P0012,2025-09-20,3,246.06,Organic
O000907,C0657,P0013,2025-09-20,1,55.7,Email
O000908,C0125,P0024,2025-09-20,3,336.42,Email
O000909,C0778,P0024,2025-09-20,3,336.42,Paid
O000910,C0063,P0021,2025-09-20,1,59.94,Email
O000911,C0019,P0022,2025-09-20,3,151.17,Organic
O000912,C0384,P0028,2025-09-20,3,125.52,Organic
O000913,C0335,P0038,2025-09-20,2,36.36,Paid
O000914,C0537,P0007,2025-09-20,3,510.93,Organic
O000915,C0491,P0008,2025-09-20,1,226.53,Organic
O000916,C0200,P0004,2025-09-20,1,169.23,Organic
O000917,C0479,P0009,2025-09-20,3,177.03,Email
O000918,C0158,P0009,2025-09-20,1,59.01,Referral
O000919,C0608,P0011,2025-09-20,2,62.62,Paid
O000920,C0799,P0009,2025-09-20,1,59.01,Email
O000921,C0224,P0015,2025-09-20,1,45.92,Organic
O000922,C0731,P0024,2025-09-20,2,224.28,Paid
O000923,C0383,P0029,2025-09-20,3,51.9,Paid
O000924,C0198,P0030,2025-09-20,1,34.69,Paid
O000925,C0242,P0030,2025-09-20,3,104.07,Paid
O000926,C0590,P0026,2025-09-20,3,169.83,Organic
O000927,C0261,P0028,2025-09-20,3,125.52,Paid
O000928,C0640,P0037,2025-09-20,3,124.71,Organic
O000929,C0520,P0038,2025-09-20,3,54.54,Paid
O000930,C0741,P0001,2025-09-20,3,681.06,Organic
O000931,C0318,P0001,2025-09-20,2,454.04,Referral
O000932,C0673,P0008,2025-09-20,2,453.06,Paid
O000933,C0522,P0002,2025-09-20,3,556.2,Paid
O000934,C0616,P0020,2025-09-20,3,238.41,Organic
O000935,C0451,P0024,2025-09-20,2,224.28,Email
O000936,C0388,P0024,2025-09-20,1,112.14,Organic
O000937,C0562,P0019,2025-09-20,3,398.85,Paid
O000938,C0663,P0029,2025-09-20,3,51.9,Organic
O000939,C0207,P0029,2025-09-20,1,17.3,Referral
O000940,C0694,P0028,2025-09-20,2,83.68,Referral
O000941,C0582,P0029,2025-09-20,2,34.6,Paid
O000942,C0669,P0025,2025-09-20,1,38.87,Email
O000943,C0032,P0035,2025-09-20,2,176.5,Paid
O000944,C0506,P0040,2025-09-20,3,189.48,Referral
O000945,C0443,P0033,2025-09-20,1,88.25,Paid
O000946,C0290,P0005,2025-09-20,3,1037.07,Organic
O000947,C0467,P0006,2025-09-20,1,65.8,Organic
O000948,C0772,P0014,2025-09-20,1,23.42,Organic
O000949,C0734,P0023,2025-09-20,2,183.98,Email
O000950,C0037,P0020,2025-09-20,2,158.94,Organic
O000951,C0646,P0030,2025-09-20,2,69.38,Email
O000952,C0028,P0033,2025-09-20,2,176.5,Organic
O000953,C0172,P0036,2025-09-20,2,144.22,Referral
O000954,C0704,P0034,2025-09-20,1,58.68,Referral
O000955,C0693,P0038,2025-09-20,3,54.54,Organic
O000956,C0619,P0007,2025-09-21,3,510.93,Email
O000957,C0112,P0009,2025-09-21,1,59.01,Organic
O000958,C0268,P0010,2025-09-21,3,119.4,Referral
O000959,C0268,P0013,2025-09-21,2,111.4,Organic
O000960,C0356,P0012,2025-09-21,2,164.04,Paid
O000961,C0262,P0024,2025-09-21,2,224.28,Email
O000962,C0045,P0024,2025-09-21,2,224.28,Organic
O000963,C0190,P0021,2025-09-21,2,119.88,Organic
O000964,C0657,P0021,2025-09-21,2,119.88,Paid
O000965,C0120,P0022,2025-09-21,3,151.17,Paid
O000966,C0241,P0024,2025-09-21,1,112.14,Email
O000967,C0712,P0028,2025-09-21,3,125.52,Organic
O000968,C0421,P0029,2025-09-21,2,34.6,Organic
O000969,C0678,P0027,2025-09-21,2,53.46,Email
O000970,C0275,P0040,2025-09-21,2,126.32,Organic
O000971,C0121,P0008,2025-09-21,1,226.53,Organic
O000972,C0771,P0013,2025-09-21,3,167.1,Paid
O000973,C0287,P0009,2025-09-21,1,59.01,Referral
O000974,C0246,P0010,2025-09-21,2,79.6,Organic
O000975,C0605,P0013,2025-09-21,1,55.7,Email
O000976,C0410,P0018,2025-09-21,1,49.19,Email
O000977,C0245,P0019,2025-09-21,2,265.9,Organic
O000978,C0099,P0029,2025-09-21,2,34.6,Paid
O000979,C0277,P0028,2025-09-21,3,125.52,Organic
O000980,C0487,P0038,2025-09-21,3,54.54,Organic
O000981,C0448,P0035,2025-09-21,1,88.25,Organic
O000982,C0246,P0040,2025-09-21,3,189.48,Paid
O000983,C0760,P0039,2025-09-21,1,103.58,Paid
O000984,C0333,P0036,2025-09-21,1,72.11,Referral
O000985,C0582,P0008,2025-09-21,3,679.59,Organic
O000986,C0115,P0007,2025-09-21,3,510.93,Referral
O000987,C0137,P0004,2025-09-21,3,507.69,Organic
O000988,C0648,P0007,2025-09-21,1,170.31,Email
O000989,C0451,P0013,2025-09-21,3,167.1,Referral
O000990,C0288,P0014,2025-09-21,3,70.26,Organic
O000991,C0464,P0019,2025-09-21,1,132.95,Organic
O000992,C0445,P0021,2025-09-21,1,59.94,Organic
O000993,C0323,P0032,2025-09-21,2,70.84,Organic
O000994,C0086,P0032,2025-09-21,3,106.26,Organic
O000995,C0582,P0029,2025-09-21,3,51.9,Organic
O000996,C0665,P0028,2025-09-21,1,41.84,Email
O000997,C0126,P0005,2025-09-21,3,1037.07,Email
O000998,C0662,P0008,2025-09-21,1,226.53,Email
O000999,C0514,P0006,2025-09-21,3,197.4,Organic
O001000,C0156,P0011,2025-09-21,2,62.62,Organic
O001001,C0469,P0013,2025-09-21,3,167.1,Organic
O001002,C0472,P0015,2025-09-21,1,45.92,Paid
O001003,C0770,P0011,2025-09-21,1,31.31,Referral
O001004,C0109,P0016,2025-09-21,1,57.0,Organic
O001005,C0064,P0013,2025-09-21,2,111.4,Email
O001006,C0662,P0018,2025-09-21,3,147.57,Organic
O001007,C0126,P0028,2025-09-21,1,41.84,Email
O001008,C0692,P0031,2025-09-21,2,76.24,Email
O001009,C0278,P0031,2025-09-21,1,38.12,Paid
O001010,C0587,P0027,2025-09-21,3,80.19,Organic
O001011,C0762,P0030,2025-09-21,3,104.07,Organic
O001012,C0546,P0033,2025-09-21,2,176.5,Email
O001013,C0550,P0038,2025-09-21,3,54.54,Organic
O001014,C0643,P0036,2025-09-21,3,216.33,Paid
O001015,C0517,P0035,2025-09-21,3,264.75,Organic
O001016,C0314,P0034,2025-09-21,1,58.68,Organic
O001017,C0423,P0003,2025-09-22,3,592.38,Paid
O001018,C0569,P0001,2025-09-22,3,681.06,Referral
O001019,C0070,P0006,2025-09-22,3,197.4,Organic
O001020,C0712,P0015,2025-09-22,3,137.76,Paid
O001021,C0283,P0016,2025-09-22,1,57.0,Email
O001022,C0364,P0024,2025-09-22,2,224.28,Paid
O001023,C0268,P0024,2025-09-22,3,336.42,Organic
O001024,C0359,P0024,2025-09-22,3,336.42,Paid
O001025,C0446,P0026,2025-09-22,2,113.22,Organic
O001026,C0348,P0025,2025-09-22,2,77.74,Paid
O001027,C0536,P0029,2025-09-22,2,34.6,Paid
O001028,C0335,P0027,2025-09-22,1,26.73,Organic
O001029,C0004,P0033,2025-09-22,2,176.5,Organic
O001030,C0411,P0015,2025-09-22,1,45.92,Paid
O001031,C0026,P0016,2025-09-22,3,171.0,Paid
O001032,C0776,P0011,2025-09-22,1,31.31,Email
O001033,C0295,P0017,2025-09-22,3,74.04,Organic
O001034,C0355,P0023,2025-09-22,1,91.99,Referral
O001035,C0629,P0017,2025-09-22,2,49.36,Email
O001036,C0068,P0023,2025-09-22,2,183.98,Email
O001037,C0308,P0031,2025-09-22,2,76.24,Email
O001038,C0640,P0032,2025-09-22,3,106.26,Organic
O001039,C0377,P0036,2025-09-22,1,72.11,Paid
O001040,C0743,P0038,2025-09-22,3,54.54,Paid
O001041,C0057,P0002,2025-09-22,1,185.4,Organic
O001042,C0392,P0012,2025-09-22,3,246.06,Referral
O001043,C0259,P0014,2025-09-22,1,23.42,Email
O001044,C0362,P0021,2025-09-22,1,59.94,Organic
O001045,C0616,P0022,2025-09-22,3,151.17,Organic
O001046,C0559,P0021,2025-09-22,2,119.88,Organic
O001047,C0100,P0021,2025-09-22,1,59.94,Email
O001048,C0388,P0025,2025-09-22,3,116.61,Email
O001049,C0393,P0032,2025-09-22,3,106.26,Paid
O001050,C0636,P0026,2025-09-22,1,56.61,Paid
O001051,C0797,P0033,2025-09-22,1,88.25,Referral
O001052,C0115,P0033,2025-09-22,2,176.5,Referral
O001053,C0587,P0001,2025-09-22,2,454.04,Referral
O001054,C0785,P0007,2025-09-22,3,510.93,Organic
O001055,C0124,P0007,2025-09-22,3,510.93,Email
O001056,C0210,P0006,2025-09-22,3,197.4,Paid
O001057,C0638,P0004,2025-09-22,1,169.23,Paid
O001058,C0306,P0001,2025-09-22,2,454.04,Organic
O001059,C0515,P0016,2025-09-22,1,57.0,Paid
O001060,C0126,P0016,2025-09-22,1,57.0,Referral
O001061,C0800,P0016,2025-09-22,1,57.0,Referral
O001062,C0368,P0010,2025-09-22,2,79.6,Email
O001063,C0546,P0020,2025-09-22,3,238.41,Referral
O001064,C0472,P0019,2025-09-22,3,398.85,Paid
O001065,C0466,P0017,2025-09-22,3,74.04,Paid
O001066,C0667,P0026,2025-09-22,2,113.22,Organic
O001067,C0770,P0028,2025-09-22,2,83.68,Organic
O001068,C0365,P0033,2025-09-22,1,88.25,Paid
O001069,C0147,P0034,2025-09-22,1,58.68,Organic
O001070,C0748,P0006,2025-09-23,2,131.6,Organic
O001071,C0696,P0039,2025-09-23,1,103.58,Organic
O001072,C0359,P0040,2025-09-23,2,126.32,Paid
O001073,C0004,P0040,2025-09-23,3,189.48,Email
O001074,C0289,P0038,2025-09-23,1,18.18,Organic
O001075,C0651,P0007,2025-09-23,3,510.93,Organic
O001076,C0312,P0001,2025-09-23,3,681.06,Email
O001077,C0609,P0011,2025-09-23,2,62.62,Organic
O001078,C0720,P0009,2025-09-23,2,118.02,Email
O001079,C0776,P0020,2025-09-23,1,79.47,Referral
O001080,C0411,P0027,2025-09-23,1,26.73,Paid
O001081,C0489,P0035,2025-09-23,1,88.25,Organic
O001082,C0543,P0038,2025-09-23,2,36.36,Email
O001083,C0608,P0035,2025-09-23,2,176.5,Paid
O001084,C0593,P0008,2025-09-23,2,453.06,Organic
O001085,C0683,P0007,2025-09-23,2,340.62,Paid
O001086,C0171,P0001,2025-09-23,1,227.02,Referral
O001087,C0545,P0006,2025-09-23,2,131.6,Organic
O001088,C0111,P0025,2025-09-23,1,38.87,Paid
O001089,C0450,P0026,2025-09-23,3,169.83,Organic
O001090,C0217,P0035,2025-09-23,1,88.25,Organic
O001091,C0017,P0036,2025-09-23,1,72.11,Organic
O001092,C0254,P0040,2025-09-23,3,189.48,Referral
O001093,C0229,P0001,2025-09-23,2,454.04,Paid
O001094,C0062,P0006,2025-09-23,3,197.4,Paid
O001095,C0679,P0006,2025-09-23,1,65.8,Organic
O001096,C0757,P0007,2025-09-23,1,170.31,Organic
O001097,C0285,P0014,2025-09-23,3,70.26,Organic
O001098,C0699,P0014,2025-09-23,3,70.26,Organic
O001099,C0436,P0015,2025-09-23,1,45.92,Paid
O001100,C0695,P0013,2025-09-23,2,111.4,Organic
O001101,C0197,P0023,2025-09-23,2,183.98,Organic
O001102,C0210,P0019,2025-09-23,3,398.85,Organic
O001103,C0541,P0031,2025-09-23,1,38.12,Paid
O001104,C0628,P0026,2025-09-23,3,169.83,Referral
O001105,C0628,P0025,2025-09-23,1,38.87,Email
O001106,C0228,P0039,2025-09-23,2,207.16,Organic
O001107,C0551,P0038,2025-09-23,3,54.54,Email
O001108,C0169,P0006,2025-09-24,2,131.6,Paid
O001109,C0348,P0014,2025-09-24,2,46.84,Paid
O001110,C0354,P0012,2025-09-24,1,82.02,Organic
O001111,C0403,P0022,2025-09-24,2,100.78,Organic
O001112,C0112,P0025,2025-09-24,3,116.61,Organic
O001113,C0250,P0027,2025-09-24,3,80.19,Paid
O001114,C0178,P0036,2025-09-24,3,216.33,Organic
O001115,C0396,P0039,2025-09-24,2,207.16,Organic
O001116,C0543,P0001,2025-09-24,3,681.06,Paid
O001117,C0091,P0006,2025-09-24,1,65.8,Referral
O001118,C0284,P0021,2025-09-24,3,179.82,Organic
O001119,C0399,P0031,2025-09-24,2,76.24,Email
O001120,C0728,P0029,2025-09-24,3,51.9,Paid
O001121,C0760,P0036,2025-09-24,2,144.22,Email
O001122,C0577,P0035,2025-09-24,1,88.25,Paid
O001123,C0006,P0035,2025-09-24,2,176.5,Organic
O001124,C0260,P0003,2025-09-24,3,592.38,Paid
O001125,C0563,P0002,2025-09-24,2,370.8,Organic
O001126,C0282,P0015,2025-09-24,1,45.92,Paid
O001127,C0747,P0011,2025-09-24,3,93.93,Email
O001128,C0003,P0015,2025-09-24,1,45.92,Organic
O001129,C0325,P0012,2025-09-24,1,82.02,Paid
O001130,C0744,P0017,2025-09-24,1,24.68,Organic
O001131,C0032,P0039,2025-09-24,3,310.74,Organic
O001132,C0663,P0035,2025-09-24,1,88.25,Organic
O001133,C0058,P0006,2025-09-24,2,131.6,Paid
O001134,C0572,P0016,2025-09-24,3,171.0,Organic
O001135,C0606,P0015,2025-09-24,3,137.76,Organic
O001136,C0645,P0021,2025-09-24,2,119.88,Paid
O001137,C0301,P0018,2025-09-24,3,147.57,Organic
O001138,C0541,P0029,2025-09-24,2,34.6,Paid
O001139,C0267,P0029,2025-09-24,3,51.9,Paid
O001140,C0525,P0040,2025-09-24,2,126.32,Organic
O001141,C0310,P0035,2025-09-24,1,88.25,Organic
O001142,C0149,P0039,2025-09-24,3,310.74,Organic
O001143,C0349,P0039,2025-09-24,2,207.16,Organic
O001144,C0704,P0035,2025-09-24,1,88.25,Organic
O001145,C0063,P0003,2025-09-25,2,394.92,Referral
O001146,C0275,P0004,2025-09-25,3,507.69,Organic
O001147,C0364,P0004,2025-09-25,3,507.69,Organic
O001148,C0468,P0015,2025-09-25,2,91.84,Referral
O001149,C0070,P0015,2025-09-25,2,91.84,Organic
O001150,C0642,P0016,2025-09-25,2,114.0,Organic
O001151,C0011,P0018,2025-09-25,1,49.19,Email
O001152,C0263,P0017,2025-09-25,1,24.68,Paid
O001153,C0140,P0019,2025-09-25,1,132.95,Organic
O001154,C0442,P0029,2025-09-25,1,17.3,Organic
O001155,C0289,P0039,2025-09-25,1,103.58,Organic
O001156,C0007,P0038,2025-09-25,3,54.54,Organic
O001157,C0311,P0005,2025-09-25,2,691.38,Organic
O001158,C0383,P0001,2025-09-25,3,681.06,Paid
O001159,C0666,P0006,2025-09-25,3,197.4,Organic
O001160,C0008,P0015,2025-09-25,3,137.76,Organic
O001161,C0608,P0015,2025-09-25,3,137.76,Paid
O001162,C0575,P0012,2025-09-25,1,82.02,Paid
O001163,C0068,P0021,2025-09-25,2,119.88,Organic
O001164,C0340,P0021,2025-09-25,3,179.82,Organic
O001165,C0180,P0020,2025-09-25,1,79.47,Paid
O001166,C0099,P0019,2025-09-25,2,265.9,Organic
O001167,C0326,P0026,2025-09-25,2,113.22,Paid
O001168,C0629,P0028,2025-09-25,1,41.84,Organic
O001169,C0490,P0027,2025-09-25,3,80.19,Organic
O001170,C0730,P0028,2025-09-25,3,125.52,Paid
O001171,C0132,P0026,2025-09-25,3,169.83,Email
O001172,C0383,P0037,2025-09-25,1,41.57,Organic
O001173,C0673,P0006,2025-09-25,3,197.4,Organic
O001174,C0700,P0007,2025-09-25,2,340.62,Paid
O001175,C0057,P0001,2025-09-25,2,454.04,Referral
O001176,C0409,P0015,2025-09-25,2,91.84,Paid
O001177,C0634,P0016,2025-09-25,1,57.0,Email
O001178,C0709,P0011,2025-09-25,3,93.93,Organic
O001179,C0707,P0016,2025-09-25,1,57.0,Organic
O001180,C0783,P0012,2025-09-25,3,246.06,Paid
O001181,C0184,P0022,2025-09-25,1,50.39,Organic
O001182,C0408,P0020,2025-09-25,1,79.47,Organic
O001183,C0255,P0025,2025-09-25,3,116.61,Organic
O001184,C0227,P0036,2025-09-25,3,216.33,Organic
O001185,C0477,P0037,2025-09-25,2,83.14,Email
O001186,C0727,P0039,2025-09-25,2,207.16,Email
O001187,C0430,P0038,2025-09-25,1,18.18,Paid
O001188,C0618,P0008,2025-09-25,1,226.53,Paid
O001189,C0064,P0009,2025-09-25,1,59.01,Organic
O001190,C0733,P0012,2025-09-25,2,164.04,Email
O001191,C0047,P0014,2025-09-25,2,46.84,Paid
O001192,C0618,P0012,2025-09-25,3,246.06,Paid
O001193,C0122,P0015,2025-09-25,1,45.92,Paid
O001194,C0550,P0021,2025-09-25,1,59.94,Email
O001195,C0679,P0018,2025-09-25,3,147.57,Paid
O001196,C0457,P0031,2025-09-25,3,114.36,Organic
O001197,C0024,P0026,2025-09-25,2,113.22,Referral
O001198,C0628,P0040,2025-09-25,1,63.16,Organic
O001199,C0472,P0039,2025-09-25,3,310.74,Paid
O001200,C0313,P0040,2025-09-25,3,189.48,Organic
O001201,C0532,P0004,2025-09-26,3,507.69,Paid
O001202,C0289,P0008,2025-09-26,3,679.59,Email
O001203,C0354,P0002,2025-09-26,2,370.8,Organic
O001204,C0118,P0002,2025-09-26,1,185.4,Organic
O001205,C0118,P0006,2025-09-26,3,197.4,Email
O001206,C0426,P0010,2025-09-26,3,119.4,Organic
O001207,C0657,P0020,2025-09-26,3,238.41,Email
O001208,C0555,P0018,2025-09-26,1,49.19,Organic
O001209,C0356,P0026,2025-09-26,2,113.22,Paid
O001210,C0161,P0038,2025-09-26,1,18.18,Paid
O001211,C0437,P0005,2025-09-26,3,1037.07,Email
O001212,C0599,P0013,2025-09-26,2,111.4,Email
O001213,C0192,P0014,2025-09-26,2,46.84,Organic
O001214,C0245,P0023,2025-09-26,2,183.98,Organic
O001215,C0119,P0025,2025-09-26,3,116.61,Organic
O001216,C0614,P0026,2025-09-26,3,169.83,Organic
O001217,C0333,P0030,2025-09-26,3,104.07,Referral
O001218,C0151,P0035,2025-09-26,2,176.5,Email
O001219,C0761,P0037,2025-09-26,1,41.57,Email
O001220,C0566,P0035,2025-09-26,2,176.5,Referral
O001221,C0537,P0040,2025-09-26,2,126.32,Email
O001222,C0506,P0004,2025-09-26,1,169.23,Organic
O001223,C0315,P0001,2025-09-26,1,227.02,Paid
O001224,C0032,P0013,2025-09-26,3,167.1,Referral
O001225,C0663,P0009,2025-09-26,1,59.01,Paid
O001226,C0417,P0014,2025-09-26,3,70.26,Organic
O001227,C0179,P0022,2025-09-26,3,151.17,Organic
O001228,C0144,P0030,2025-09-26,3,104.07,Organic
O001229,C0451,P0028,2025-09-26,3,125.52,Paid
O001230,C0665,P0028,2025-09-26,2,83.68,Paid
O001231,C0745,P0036,2025-09-26,2,144.22,Email
O001232,C0653,P0036,2025-09-26,2,144.22,Email
O001233,C0408,P0039,2025-09-26,3,310.74,Email
O001234,C0671,P0004,2025-09-26,1,169.23,Paid
O001235,C0645,P0013,2025-09-26,2,111.4,Organic
O001236,C0387,P0016,2025-09-26,2,114.0,Organic
O001237,C0228,P0024,2025-09-26,3,336.42,Email
O001238,C0510,P0031,2025-09-26,3,114.36,Paid
O001239,C0628,P0025,2025-09-26,1,38.87,Email
O001240,C0469,P0033,2025-09-26,2,176.5,Email
O001241,C0330,P0005,2025-09-27,3,1037.07,Paid
O001242,C0169,P0007,2025-09-27,1,170.31,Organic
O001243,C0426,P0002,2025-09-27,3,556.2,Paid
O001244,C0348,P0005,2025-09-27,2,691.38,Organic
O001245,C0664,P0007,2025-09-27,1,170.31,Paid
O001246,C0498,P0001,2025-09-27,3,681.06,Email
O001247,C0335,P0012,2025-09-27,3,246.06,Email
O001248,C0689,P0024,2025-09-27,3,336.42,Email
O001249,C0045,P0024,2025-09-27,3,336.42,Organic
O001250,C0778,P0029,2025-09-27,2,34.6,Paid
O001251,C0708,P0029,2025-09-27,1,17.3,Paid
O001252,C0664,P0032,2025-09-27,2,70.84,Email
O001253,C0689,P0029,2025-09-27,2,34.6,Organic
O001254,C0030,P0037,2025-09-27,1,41.57,Organic
O001255,C0495,P0040,2025-09-27,3,189.48,Paid
O001256,C0532,P0038,2025-09-27,1,18.18,Referral
O001257,C0651,P0004,2025-09-27,3,507.69,Paid
O001258,C0257,P0003,2025-09-27,1,197.46,Organic
O001259,C0242,P0012,2025-09-27,1,82.02,Organic
O001260,C0006,P0021,2025-09-27,1,59.94,Organic
O001261,C0501,P0026,2025-09-27,1,56.61,Referral
O001262,C0761,P0030,2025-09-27,1,34.69,Email
O001263,C0640,P0037,2025-09-27,3,124.71,Organic
O001264,C0732,P0033,2025-09-27,3,264.75,Paid
O001265,C0200,P0038,2025-09-27,1,18.18,Paid
O001266,C0129,P0038,2025-09-27,1,18.18,Paid
O001267,C0616,P0006,2025-09-27,2,131.6,Organic
O001268,C0114,P0004,2025-09-27,2,338.46,Paid
O001269,C0057,P0016,2025-09-27,3,171.0,Paid
O001270,C0144,P0016,2025-09-27,1,57.0,Email
O001271,C0240,P0012,2025-09-27,1,82.02,Organic
O001272,C0716,P0021,2025-09-27,3,179.82,Organic
O001273,C0725,P0020,2025-09-27,2,158.94,Email
O001274,C0108,P0018,2025-09-27,3,147.57,Organic
O001275,C0107,P0028,2025-09-27,2,83.68,Paid
O001276,C0137,P0030,2025-09-27,2,69.38,Referral
O001277,C0665,P0026,2025-09-27,1,56.61,Organic
O001278,C0445,P0028,2025-09-27,1,41.84,Email
O001279,C0362,P0031,2025-09-27,1,38.12,Email
O001280,C0130,P0026,2025-09-27,3,169.83,Paid
O001281,C0719,P0040,2025-09-27,2,126.32,Organic
O001282,C0677,P0035,2025-09-27,3,264.75,Email
O001283,C0582,P0035,2025-09-27,3,264.75,Paid
O001284,C0428,P0007,2025-09-27,1,170.31,Paid
O001285,C0265,P0002,2025-09-27,3,556.2,Paid
O001286,C0480,P0006,2025-09-27,2,131.6,Paid
O001287,C0574,P0006,2025-09-27,3,197.4,Organic
O001288,C0294,P0015,2025-09-27,3,137.76,Paid
O001289,C0054,P0017,2025-09-27,1,24.68,Organic
O001290,C0267,P0018,2025-09-27,3,147.57,Paid
O001291,C0542,P0021,2025-09-27,3,179.82,Organic
O001292,C0581,P0027,2025-09-27,3,80.19,Paid
O001293,C0402,P0027,2025-09-27,1,26.73,Organic
O001294,C0301,P0036,2025-09-27,3,216.33,Organic
O001295,C0172,P0036,2025-09-27,3,216.33,Paid
O001296,C0190,P0004,2025-09-28,1,169.23,Organic
O001297,C0576,P0001,2025-09-28,1,227.02,Organic
O001298,C0048,P0003,2025-09-28,1,197.46,Organic
O001299,C0789,P0003,2025-09-28,3,592.38,Paid
O001300,C0250,P0012,2025-09-28,1,82.02,Organic
O001301,C0475,P0020,2025-09-28,2,158.94,Email
O001302,C0076,P0022,2025-09-28,2,100.78,Paid
O001303,C0123,P0026,2025-09-28,3,169.83,Paid
O001304,C0209,P0027,2025-09-28,3,80.19,Organic
O001305,C0446,P0032,2025-09-28,3,106.26,Organic
O001306,C0384,P0038,2025-09-28,1,18.18,Organic
O001307,C0280,P0038,2025-09-28,1,18.18,Referral
O001308,C0002,P0034,2025-09-28,3,176.04,Paid
O001309,C0712,P0034,2025-09-28,2,117.36,Organic
O001310,C0680,P0040,2025-09-28,1,63.16,Paid
O001311,C0174,P0035,2025-09-28,1,88.25,Organic
O001312,C0341,P0033,2025-09-28,1,88.25,Organic
O001313,C0659,P0005,2025-09-28,2,691.38,Organic
O001314,C0117,P0006,2025-09-28,3,197.4,Paid
O001315,C0121,P0015,2025-09-28,2,91.84,Organic
O001316,C0121,P0026,2025-09-28,2,113.22,Organic
O001317,C0180,P0026,2025-09-28,1,56.61,Paid
O001318,C0644,P0038,2025-09-28,1,18.18,Referral
O001319,C0307,P0038,2025-09-28,1,18.18,Referral
O001320,C0399,P0040,2025-09-28,2,126.32,Organic
O001321,C0431,P0005,2025-09-28,3,1037.07,Organic
O001322,C0417,P0001,2025-09-28,3,681.06,Paid
O001323,C0464,P0008,2025-09-28,2,453.06,Email
O001324,C0563,P0002,2025-09-28,3,556.2,Organic
O001325,C0559,P0012,2025-09-28,1,82.02,Paid
O001326,C0146,P0016,2025-09-28,3,171.0,Organic
O001327,C0057,P0011,2025-09-28,1,31.31,Email
O001328,C0724,P0021,2025-09-28,3,179.82,Organic
O001329,C0393,P0021,2025-09-28,2,119.88,Email
O001330,C0783,P0020,2025-09-28,1,79.47,Organic
O001331,C0339,P0026,2025-09-28,3,169.83,Paid
O001332,C0021,P0039,2025-09-28,2,207.16,Referral
O001333,C0506,P0039,2025-09-28,1,103.58,Organic
O001334,C0404,P0037,2025-09-28,3,124.71,Paid
O001335,C0739,P0036,2025-09-28,3,216.33,Paid
O001336,C0519,P0008,2025-09-28,3,679.59,Referral
O001337,C0090,P0007,2025-09-28,3,510.93,Paid
O001338,C0126,P0004,2025-09-28,2,338.46,Paid
O001339,C0462,P0005,2025-09-28,2,691.38,Paid
O001340,C0785,P0010,2025-09-28,3,119.4,Organic
O001341,C0027,P0012,2025-09-28,3,246.06,Organic
O001342,C0574,P0022,2025-09-28,3,151.17,Paid
O001343,C0024,P0018,2025-09-28,1,49.19,Paid
O001344,C0400,P0021,2025-09-28,2,119.88,Paid
O001345,C0800,P0038,2025-09-28,1,18.18,Paid
O001346,C0637,P0007,2025-09-29,1,170.31,Organic
O001347,C0082,P0004,2025-09-29,3,507.69,Paid
O001348,C0341,P0007,2025-09-29,2,340.62,Paid
O001349,C0230,P0004,2025-09-29,3,507.69,Email
O001350,C0787,P0009,2025-09-29,3,177.03,Organic
O001351,C0142,P0014,2025-09-29,3,70.26,Organic
O001352,C0610,P0010,2025-09-29,1,39.8,Referral
O001353,C0248,P0018,2025-09-29,3,147.57,Paid
O001354,C0070,P0019,2025-09-29,3,398.85,Referral
O001355,C0432,P0030,2025-09-29,1,34.69,Organic
O001356,C0118,P0026,2025-09-29,3,169.83,Organic
O001357,C0597,P0032,2025-09-29,2,70.84,Organic
O001358,C0796,P0028,2025-09-29,2,83.68,Paid
O001359,C0471,P0029,2025-09-29,1,17.3,Paid
O001360,C0664,P0031,2025-09-29,1,38.12,Organic
O001361,C0019,P0039,2025-09-29,1,103.58,Organic
O001362,C0311,P0007,2025-09-29,3,510.93,Organic
O001363,C0192,P0001,2025-09-29,3,681.06,Referral
O001364,C0067,P0004,2025-09-29,1,169.23,Organic
O001365,C0321,P0010,2025-09-29,2,79.6,Email
O001366,C0150,P0013,2025-09-29,1,55.7,Paid
O001367,C0715,P0020,2025-09-29,1,79.47,Referral
O001368,C0529,P0020,2025-09-29,2,158.94,Organic
O001369,C0287,P0026,2025-09-29,2,113.22,Organic
O001370,C0340,P0028,2025-09-29,3,125.52,Organic
O001371,C0195,P0039,2025-09-29,1,103.58,Email
O001372,C0192,P0039,2025-09-29,3,310.74,Paid
O001373,C0431,P0007,2025-09-29,2,340.62,Organic
O001374,C0783,P0012,2025-09-29,1,82.02,Email
O001375,C0255,P0023,2025-09-29,3,275.97,Paid
O001376,C0408,P0028,2025-09-29,3,125.52,Organic
O001377,C0255,P0032,2025-09-29,3,106.26,Referral
O001378,C0059,P0036,2025-09-29,1,72.11,Organic
O001379,C0327,P0002,2025-09-29,3,556.2,Organic
O001380,C0772,P0001,2025-09-29,2,454.04,Organic
O001381,C0679,P0006,2025-09-29,3,197.4,Organic
O001382,C0302,P0010,2025-09-29,2,79.6,Email
O001383,C0136,P0010,2025-09-29,2,79.6,Organic
O001384,C0028,P0024,2025-09-29,2,224.28,Organic
O001385,C0466,P0024,2025-09-29,2,224.28,Paid
O001386,C0515,P0031,2025-09-29,1,38.12,Paid
O001387,C0136,P0030,2025-09-29,1,34.69,Organic
O001388,C0446,P0001,2025-09-30,2,454.04,Paid
O001389,C0580,P0004,2025-09-30,1,169.23,Organic
O001390,C0004,P0007,2025-09-30,3,510.93,Organic
O001391,C0348,P0011,2025-09-30,3,93.93,Organic
O001392,C0125,P0013,2025-09-30,3,167.1,Organic
O001393,C0075,P0012,2025-09-30,3,246.06,Referral
O001394,C0637,P0015,2025-09-30,1,45.92,Organic
O001395,C0468,P0014,2025-09-30,2,46.84,Email
O001396,C0170,P0020,2025-09-30,3,238.41,Organic
O001397,C0597,P0020,2025-09-30,2,158.94,Paid
O001398,C0248,P0017,2025-09-30,1,24.68,Email
O001399,C0474,P0020,2025-09-30,1,79.47,Paid
O001400,C0403,P0018,2025-09-30,1,49.19,Organic
O001401,C0576,P0030,2025-09-30,2,69.38,Organic
O001402,C0786,P0028,2025-09-30,2,83.68,Organic
O001403,C0348,P0026,2025-09-30,3,169.83,Email
O001404,C0297,P0033,2025-09-30,3,264.75,Email
O001405,C0491,P0009,2025-09-30,1,59.01,Organic
O001406,C0295,P0016,2025-09-30,1,57.0,Referral
O001407,C0543,P0016,2025-09-30,3,171.0,Organic
O001408,C0520,P0015,2025-09-30,1,45.92,Organic
O001409,C0780,P0015,2025-09-30,3,137.76,Referral
O001410,C0043,P0016,2025-09-30,3,171.0,Referral
O001411,C0158,P0024,2025-09-30,1,112.14,Paid
O001412,C0006,P0023,2025-09-30,2,183.98,Paid
O001413,C0261,P0020,2025-09-30,3,238.41,Paid
O001414,C0644,P0022,2025-09-30,3,151.17,Organic
O001415,C0410,P0022,2025-09-30,2,100.78,Referral
O001416,C0321,P0023,2025-09-30,3,275.97,Organic
O001417,C0006,P0023,2025-09-30,1,91.99,Referral
O001418,C0759,P0032,2025-09-30,3,106.26,Organic
O001419,C0771,P0031,2025-09-30,3,114.36,Organic
O001420,C0067,P0029,2025-09-30,2,34.6,Organic
O001421,C0676,P0033,2025-09-30,2,176.5,Email
O001422,C0144,P0002,2025-09-30,1,185.4,Referral
O001423,C0711,P0007,2025-09-30,3,510.93,Paid
O001424,C0636,P0005,2025-09-30,1,345.69,Organic
O001425,C0593,P0001,2025-09-30,3,681.06,Organic
O001426,C0148,P0006,2025-09-30,2,131.6,Email
O001427,C0373,P0011,2025-09-30,2,62.62,Paid
O001428,C0496,P0011,2025-09-30,1,31.31,Organic
O001429,C0559,P0012,2025-09-30,3,246.06,Organic
O001430,C0559,P0014,2025-09-30,1,23.42,Referral
O001431,C0254,P0018,2025-09-30,1,49.19,Paid
O001432,C0601,P0023,2025-09-30,3,275.97,Organic
O001433,C0010,P0018,2025-09-30,1,49.19,Referral
O001434,C0534,P0030,2025-09-30,2,69.38,Referral
O001435,C0494,P0028,2025-09-30,1,41.84,Paid
O001436,C0240,P0035,2025-09-30,2,176.5,Organic
O001437,C0677,P0037,2025-09-30,1,41.57,Organic
O001438,C0493,P0036,2025-09-30,2,144.22,Organic
O001439,C0108,P0034,2025-09-30,2,117.36,Referral
O001440,C0459,P0007,2025-09-30,1,170.31,Organic
O001441,C0626,P0006,2025-09-30,1,65.8,Organic
O001442,C0480,P0005,2025-09-30,2,691.38,Paid
O001443,C0054,P0006,2025-09-30,3,197.4,Paid
O001444,C0436,P0006,2025-09-30,2,131.6,Organic
O001445,C0310,P0010,2025-09-30,1,39.8,Organic
O001446,C0074,P0013,2025-09-30,1,55.7,Organic
O001447,C0572,P0019,2025-09-30,3,398.85,Organic
O001448,C0775,P0019,2025-09-30,1,132.95,Email
O001449,C0265,P0032,2025-09-30,1,35.42,Paid
O001450,C0314,P0025,2025-09-30,1,38.87,Organic
O001451,C0541,P0027,2025-09-30,2,53.46,Organic
O001452,C0135,P0033,2025-09-30,1,88.25,Referral
O001453,C0671,P0039,2025-09-30,3,310.74,Referral
O001454,C0349,P0037,2025-09-30,2,83.14,Referral
O001455,C0223,P0035,2025-09-30,2,176.5,Paid
O001456,C0536,P0004,2025-10-01,3,507.69,Organic
O001457,C0532,P0008,2025-10-01,3,679.59,Organic
O001458,C0446,P0001,2025-10-01,2,454.04,Organic
O001459,C0279,P0015,2025-10-01,2,91.84,Organic
O001460,C0007,P0013,2025-10-01,2,111.4,Organic
O001461,C0406,P0009,2025-10-01,2,118.02,Paid
O001462,C0416,P0015,2025-10-01,3,137.76,Paid
O001463,C0631,P0009,2025-10-01,3,177.03,Organic
O001464,C0456,P0020,2025-10-01,1,79.47,Organic
O001465,C0375,P0023,2025-10-01,2,183.98,Organic
O001466,C0468,P0026,2025-10-01,3,169.83,Paid
O001467,C0336,P0026,2025-10-01,2,113.22,Paid
O001468,C0283,P0032,2025-10-01,1,35.42,Paid
O001469,C0250,P0032,2025-10-01,1,35.42,Organic
O001470,C0794,P0027,2025-10-01,2,53.46,Organic
O001471,C0787,P0030,2025-10-01,2,69.38,Paid
O001472,C0346,P0034,2025-10-01,1,58.68,Referral
O001473,C0190,P0038,2025-10-01,3,54.54,Organic
O001474,C0474,P0040,2025-10-01,1,63.16,Paid
O001475,C0456,P0037,2025-10-01,3,124.71,Organic
O001476,C0722,P0007,2025-10-01,1,170.31,Organic
O001477,C0216,P0006,2025-10-01,1,65.8,Email
O001478,C0487,P0015,2025-10-01,3,137.76,Paid
O001479,C0629,P0019,2025-10-01,3,398.85,Organic
O001480,C0596,P0021,2025-10-01,2,119.88,Referral
O001481,C0502,P0028,2025-10-01,2,83.68,Paid
O001482,C0119,P0030,2025-10-01,3,104.07,Email
O001483,C0355,P0031,2025-10-01,3,114.36,Organic
O001484,C0596,P0036,2025-10-01,2,144.22,Referral
O001485,C0669,P0008,2025-10-01,3,679.59,Paid
O001486,C0001,P0004,2025-10-01,1,169.23,Referral
O001487,C0032,P0002,2025-10-01,3,556.2,Organic
O001488,C0144,P0003,2025-10-01,2,394.92,Paid
O001489,C0449,P0016,2025-10-01,2,114.0,Paid
O001490,C0716,P0022,2025-10-01,3,151.17,Organic
O001491,C0660,P0019,2025-10-01,1,132.95,Organic
O001492,C0683,P0023,2025-10-01,3,275.97,Paid
O001493,C0100,P0026,2025-10-01,3,169.83,Organic
O001494,C0388,P0025,2025-10-01,3,116.61,Paid
O001495,C0582,P0025,2025-10-01,3,116.61,Organic
O001496,C0176,P0027,2025-10-01,2,53.46,Email
O001497,C0282,P0037,2025-10-01,2,83.14,Organic
O001498,C0744,P0036,2025-10-01,3,216.33,Paid
O001499,C0727,P0034,2025-10-01,3,176.04,Paid
O001500,C0729,P0040,2025-10-01,1,63.16,Organic
O001501,C0054,P0007,2025-10-01,3,510.93,Paid
O001502,C0550,P0006,2025-10-01,3,197.4,Paid
O001503,C0459,P0001,2025-10-01,3,681.06,Organic
O001504,C0196,P0011,2025-10-01,2,62.62,Organic
O001505,C0272,P0011,2025-10-01,3,93.93,Referral
O001506,C0757,P0013,2025-10-01,3,167.1,Organic
O001507,C0024,P0023,2025-10-01,3,275.97,Paid
O001508,C0800,P0024,2025-10-01,2,224.28,Organic
O001509,C0103,P0030,2025-10-01,3,104.07,Paid
O001510,C0652,P0031,2025-10-01,3,114.36,Organic
O001511,C0785,P0030,2025-10-01,2,69.38,Organic
O001512,C0514,P0036,2025-10-01,1,72.11,Organic
O001513,C0511,P0037,2025-10-01,2,83.14,Referral
O001514,C0469,P0038,2025-10-01,3,54.54,Referral
O001515,C0197,P0035,2025-10-01,3,264.75,Organic
O001516,C0740,P0008,2025-10-02,3,679.59,Organic
O001517,C0120,P0010,2025-10-02,1,39.8,Referral
O001518,C0250,P0013,2025-10-02,2,111.4,Organic
O001519,C0231,P0021,2025-10-02,3,179.82,Paid
O001520,C0401,P0031,2025-10-02,1,38.12,Organic
O001521,C0289,P0027,2025-10-02,2,53.46,Organic
O001522,C0117,P0002,2025-10-02,3,556.2,Email
O001523,C0520,P0007,2025-10-02,1,170.31,Email
O001524,C0309,P0007,2025-10-02,1,170.31,Email
O001525,C0026,P0004,2025-10-02,3,507.69,Organic
O001526,C0489,P0009,2025-10-02,3,177.03,Paid
O001527,C0143,P0016,2025-10-02,1,57.0,Email
O001528,C0132,P0012,2025-10-02,2,164.04,Paid
O001529,C0570,P0016,2025-10-02,3,171.0,Organic
O001530,C0651,P0014,2025-10-02,2,46.84,Referral
O001531,C0224,P0018,2025-10-02,2,98.38,Organic
O001532,C0490,P0031,2025-10-02,2,76.24,Paid
O001533,C0728,P0036,2025-10-02,3,216.33,Organic
O001534,C0154,P0006,2025-10-02,1,65.8,Paid
O001535,C0745,P0013,2025-10-02,3,167.1,Paid
O001536,C0717,P0024,2025-10-02,3,336.42,Referral
O001537,C0001,P0017,2025-10-02,1,24.68,Paid
O001538,C0111,P0022,2025-10-02,1,50.39,Email
O001539,C0739,P0026,2025-10-02,1,56.61,Paid
O001540,C0010,P0032,2025-10-02,2,70.84,Referral
O001541,C0496,P0031,2025-10-02,2,76.24,Paid
O001542,C0127,P0033,2025-10-02,1,88.25,Organic
O001543,C0156,P0009,2025-10-02,2,118.02,Organic
O001544,C0704,P0020,2025-10-02,1,79.47,Email
O001545,C0074,P0021,2025-10-02,1,59.94,Organic
O001546,C0196,P0017,2025-10-02,3,74.04,Email
O001547,C0022,P0031,2025-10-02,2,76.24,Organic
O001548,C0688,P0025,2025-10-02,2,77.74,Paid
O001549,C0064,P0036,2025-10-02,3,216.33,Organic
O001550,C0423,P0001,2025-10-03,2,454.04,Email
O001551,C0049,P0016,2025-10-03,3,171.0,Paid
O001552,C0335,P0011,2025-10-03,1,31.31,Paid
O001553,C0789,P0010,2025-10-03,2,79.6,Paid
O001554,C0414,P0020,2025-10-03,1,79.47,Paid
O001555,C0595,P0023,2025-10-03,3,275.97,Paid
O001556,C0696,P0024,2025-10-03,3,336.42,Paid
O001557,C0696,P0020,2025-10-03,2,158.94,Organic
O001558,C0588,P0020,2025-10-03,3,238.41,Paid
O001559,C0444,P0030,2025-10-03,1,34.69,Organic
O001560,C0248,P0031,2025-10-03,1,38.12,Email
O001561,C0118,P0029,2025-10-03,1,17.3,Paid
O001562,C0353,P0035,2025-10-03,2,176.5,Paid
O001563,C0787,P0040,2025-10-03,1,63.16,Paid
O001564,C0283,P0038,2025-10-03,3,54.54,Paid
O001565,C0780,P0004,2025-10-03,2,338.46,Organic
O001566,C0101,P0003,2025-10-03,3,592.38,Paid
O001567,C0244,P0002,2025-10-03,2,370.8,Paid
O001568,C0131,P0010,2025-10-03,3,119.4,Paid
O001569,C0492,P0016,2025-10-03,2,114.0,Organic
O001570,C0743,P0011,2025-10-03,2,62.62,Referral
O001571,C0151,P0021,2025-10-03,1,59.94,Organic
O001572,C0162,P0027,2025-10-03,2,53.46,Paid
O001573,C0566,P0040,2025-10-03,3,189.48,Organic
O001574,C0605,P0034,2025-10-03,2,117.36,Organic
O001575,C0132,P0037,2025-10-03,2,83.14,Referral
O001576,C0131,P0039,2025-10-03,2,207.16,Organic
O001577,C0431,P0006,2025-10-03,3,197.4,Organic
O001578,C0339,P0007,2025-10-03,2,340.62,Email
O001579,C0417,P0014,2025-10-03,2,46.84,Paid
O001580,C0148,P0018,2025-10-03,2,98.38,Paid
O001581,C0553,P0020,2025-10-03,1,79.47,Referral
O001582,C0683,P0020,2025-10-03,2,158.94,Paid
O001583,C0152,P0019,2025-10-03,3,398.85,Paid
O001584,C0111,P0026,2025-10-03,3,169.83,Paid
O001585,C0673,P0027,2025-10-03,3,80.19,Organic
O001586,C0001,P0027,2025-10-03,2,53.46,Organic
O001587,C0315,P0028,2025-10-03,3,125.52,Organic
O001588,C0616,P0032,2025-10-03,1,35.42,Email
O001589,C0505,P0004,2025-10-03,1,169.23,Organic
O001590,C0024,P0016,2025-10-03,2,114.0,Paid
O001591,C0210,P0015,2025-10-03,3,137.76,Paid
O001592,C0387,P0021,2025-10-03,2,119.88,Paid
O001593,C0367,P0020,2025-10-03,2,158.94,Organic
O001594,C0394,P0028,2025-10-03,2,83.68,Organic
O001595,C0671,P0026,2025-10-03,2,113.22,Organic
O001596,C0514,P0039,2025-10-03,2,207.16,Email
O001597,C0156,P0040,2025-10-03,2,126.32,Organic
O001598,C0547,P0012,2025-10-04,1,82.02,Organic
O001599,C0664,P0011,2025-10-04,2,62.62,Organic
O001600,C0547,P0013,2025-10-04,1,55.7,Email
O001601,C0283,P0025,2025-10-04,3,116.61,Organic
O001602,C0547,P0032,2025-10-04,1,35.42,Paid
O001603,C0708,P0029,2025-10-04,1,17.3,Email
O001604,C0216,P0004,2025-10-04,2,338.46,Organic
O001605,C0180,P0005,2025-10-04,1,345.69,Paid
O001606,C0501,P0003,2025-10-04,3,592.38,Referral
O001607,C0192,P0004,2025-10-04,1,169.23,Organic
O001608,C0615,P0004,2025-10-04,1,169.23,Email
O001609,C0162,P0010,2025-10-04,1,39.8,Organic
O001610,C0287,P0013,2025-10-04,1,55.7,Referral
O001611,C0599,P0015,2025-10-04,2,91.84,Paid
O001612,C0799,P0021,2025-10-04,1,59.94,Organic
O001613,C0490,P0018,2025-10-04,3,147.57,Organic
O001614,C0271,P0021,2025-10-04,3,179.82,Paid
O001615,C0571,P0018,2025-10-04,1,49.19,Paid
O001616,C0780,P0032,2025-10-04,3,106.26,Paid
O001617,C0307,P0025,2025-10-04,3,116.61,Paid
O001618,C0629,P0030,2025-10-04,3,104.07,Organic
O001619,C0244,P0035,2025-10-04,1,88.25,Organic
O001620,C0277,P0040,2025-10-04,1,63.16,Organic
O001621,C0719,P0002,2025-10-04,2,370.8,Organic
O001622,C0506,P0001,2025-10-04,3,681.06,Organic
O001623,C0636,P0011,2025-10-04,3,93.93,Paid
O001624,C0001,P0013,2025-10-04,1,55.7,Email
O001625,C0707,P0025,2025-10-04,3,116.61,Paid
O001626,C0648,P0032,2025-10-04,1,35.42,Referral
O001627,C0010,P0025,2025-10-04,1,38.87,Paid
O001628,C0393,P0028,2025-10-04,2,83.68,Organic
O001629,C0260,P0027,2025-10-04,1,26.73,Referral
O001630,C0362,P0033,2025-10-04,1,88.25,Email
O001631,C0015,P0035,2025-10-04,1,88.25,Email
O001632,C0464,P0037,2025-10-04,1,41.57,Organic
O001633,C0683,P0033,2025-10-04,3,264.75,Email
O001634,C0388,P0034,2025-10-04,1,58.68,Organic
O001635,C0074,P0005,2025-10-04,1,345.69,Email
O001636,C0016,P0006,2025-10-04,1,65.8,Paid
O001637,C0469,P0002,2025-10-04,1,185.4,Paid
O001638,C0222,P0012,2025-10-04,3,246.06,Email
O001639,C0772,P0010,2025-10-04,2,79.6,Organic
O001640,C0301,P0014,2025-10-04,1,23.42,Organic
O001641,C0089,P0009,2025-10-04,2,118.02,Organic
O001642,C0517,P0013,2025-10-04,1,55.7,Paid
O001643,C0367,P0020,2025-10-04,1,79.47,Organic
O001644,C0581,P0021,2025-10-04,2,119.88,Organic
O001645,C0606,P0026,2025-10-04,2,113.22,Paid
O001646,C0036,P0027,2025-10-04,2,53.46,Organic
O001647,C0800,P0028,2025-10-04,2,83.68,Paid
O001648,C0013,P0027,2025-10-04,1,26.73,Paid
O001649,C0652,P0034,2025-10-04,2,117.36,Organic
O001650,C0273,P0036,2025-10-04,1,72.11,Email
O001651,C0552,P0004,2025-10-05,1,169.23,Organic
O001652,C0376,P0005,2025-10-05,1,345.69,Paid
O001653,C0231,P0008,2025-10-05,1,226.53,Email
O001654,C0432,P0004,2025-10-05,3,507.69,Paid
O001655,C0049,P0013,2025-10-05,2,111.4,Paid
O001656,C0548,P0014,2025-10-05,1,23.42,Organic
O001657,C0495,P0013,2025-10-05,3,167.1,Organic
O001658,C0297,P0011,2025-10-05,1,31.31,Paid
O001659,C0444,P0011,2025-10-05,3,93.93,Paid
O001660,C0379,P0022,2025-10-05,3,151.17,Email
O001661,C0706,P0024,2025-10-05,1,112.14,Organic
O001662,C0112,P0032,2025-10-05,1,35.42,Organic
O001663,C0007,P0028,2025-10-05,1,41.84,Paid
O001664,C0603,P0028,2025-10-05,2,83.68,Organic
O001665,C0007,P0038,2025-10-05,2,36.36,Organic
O001666,C0209,P0034,2025-10-05,2,117.36,Organic
O001667,C0575,P0005,2025-10-05,2,691.38,Organic
O001668,C0340,P0006,2025-10-05,3,197.4,Organic
O001669,C0632,P0003,2025-10-05,2,394.92,Organic
O001670,C0150,P0005,2025-10-05,3,1037.07,Paid
O001671,C0781,P0001,2025-10-05,2,454.04,Email
O001672,C0483,P0011,2025-10-05,1,31.31,Organic
O001673,C0644,P0009,2025-10-05,2,118.02,Email
O001674,C0308,P0023,2025-10-05,3,275.97,Organic
O001675,C0326,P0021,2025-10-05,2,119.88,Paid
O001676,C0131,P0024,2025-10-05,1,112.14,Referral
O001677,C0198,P0026,2025-10-05,1,56.61,Organic
O001678,C0761,P0031,2025-10-05,2,76.24,Paid
O001679,C0151,P0038,2025-10-05,2,36.36,Paid
O001680,C0148,P0008,2025-10-05,3,679.59,Email
O001681,C0404,P0004,2025-10-05,3,507.69,Referral
O001682,C0404,P0007,2025-10-05,3,510.93,Email
O001683,C0647,P0019,2025-10-05,1,132.95,Organic
O001684,C0445,P0017,2025-10-05,1,24.68,Paid
O001685,C0648,P0017,2025-10-05,3,74.04,Email
O001686,C0563,P0020,2025-10-05,2,158.94,Organic
O001687,C0155,P0017,2025-10-05,1,24.68,Paid
O001688,C0452,P0022,2025-10-05,3,151.17,Organic
O001689,C0269,P0030,2025-10-05,1,34.69,Paid
O001690,C0152,P0032,2025-10-05,3,106.26,Organic
O001691,C0247,P0028,2025-10-05,1,41.84,Referral
O001692,C0562,P0028,2025-10-05,2,83.68,Referral
O001693,C0005,P0027,2025-10-05,3,80.19,Email
O001694,C0409,P0037,2025-10-05,2,83.14,Paid
O001695,C0239,P0037,2025-10-05,2,83.14,Email
O001696,C0404,P0034,2025-10-05,1,58.68,Paid
O001697,C0616,P0036,2025-10-05,3,216.33,Paid
O001698,C0239,P0039,2025-10-05,3,310.74,Referral
O001699,C0062,P0002,2025-10-05,2,370.8,Email
O001700,C0517,P0008,2025-10-05,3,679.59,Email
O001701,C0074,P0001,2025-10-05,1,227.02,Organic
O001702,C0064,P0002,2025-10-05,1,185.4,Organic
O001703,C0065,P0007,2025-10-05,2,340.62,Organic
O001704,C0183,P0011,2025-10-05,3,93.93,Organic
O001705,C0014,P0012,2025-10-05,3,246.06,Referral
O001706,C0031,P0011,2025-10-05,2,62.62,Referral
O001707,C0306,P0012,2025-10-05,2,164.04,Organic
O001708,C0310,P0017,2025-10-05,2,49.36,Email
O001709,C0313,P0017,2025-10-05,3,74.04,Organic
O001710,C0236,P0026,2025-10-05,3,169.83,Referral
O001711,C0164,P0025,2025-10-05,3,116.61,Paid
O001712,C0394,P0030,2025-10-05,1,34.69,Organic
O001713,C0267,P0026,2025-10-05,1,56.61,Organic
O001714,C0214,P0030,2025-10-05,3,104.07,Referral
O001715,C0581,P0031,2025-10-05,3,114.36,Paid
O001716,C0510,P0034,2025-10-05,2,117.36,Paid
O001717,C0310,P0037,2025-10-05,2,83.14,Referral
O001718,C0074,P0036,2025-10-05,2,144.22,Organic
O001719,C0428,P0034,2025-10-05,3,176.04,Organic
O001720,C0050,P0035,2025-10-05,2,176.5,Organic
O001721,C0712,P0006,2025-10-06,3,197.4,Email
O001722,C0631,P0003,2025-10-06,2,394.92,Referral
O001723,C0030,P0018,2025-10-06,1,49.19,Paid
O001724,C0376,P0024,2025-10-06,3,336.42,Organic
O001725,C0423,P0030,2025-10-06,3,104.07,Organic
O001726,C0209,P0027,2025-10-06,2,53.46,Organic
O001727,C0610,P0029,2025-10-06,1,17.3,Email
O001728,C0654,P0034,2025-10-06,1,58.68,Organic
O001729,C0112,P0038,2025-10-06,1,18.18,Organic
O001730,C0432,P0036,2025-10-06,3,216.33,Organic
O001731,C0242,P0007,2025-10-06,2,340.62,Referral
O001732,C0484,P0004,2025-10-06,1,169.23,Organic
O001733,C0566,P0007,2025-10-06,3,510.93,Paid
O001734,C0537,P0005,2025-10-06,1,345.69,Organic
O001735,C0008,P0006,2025-10-06,3,197.4,Organic
O001736,C0722,P0006,2025-10-06,2,131.6,Organic
O001737,C0292,P0005,2025-10-06,2,691.38,Email
O001738,C0715,P0006,2025-10-06,3,197.4,Referral
O001739,C0212,P0011,2025-10-06,2,62.62,Referral
O001740,C0121,P0013,2025-10-06,1,55.7,Paid
O001741,C0575,P0010,2025-10-06,1,39.8,Organic
O001742,C0596,P0028,2025-10-06,2,83.68,Referral
O001743,C0091,P0026,2025-10-06,1,56.61,Organic
O001744,C0564,P0029,2025-10-06,3,51.9,Paid
O001745,C0454,P0033,2025-10-06,2,176.5,Organic
O001746,C0433,P0033,2025-10-06,3,264.75,Organic
O001747,C0247,P0006,2025-10-06,1,65.8,Organic
O001748,C0138,P0008,2025-10-06,3,679.59,Organic
O001749,C0636,P0002,2025-10-06,3,556.2,Paid
O001750,C0155,P0013,2025-10-06,1,55.7,Organic
O001751,C0199,P0017,2025-10-06,2,49.36,Organic
O001752,C0727,P0020,2025-10-06,1,79.47,Paid
O001753,C0553,P0020,2025-10-06,2,158.94,Organic
O001754,C0784,P0020,2025-10-06,2,158.94,Organic
O001755,C0130,P0024,2025-10-06,2,224.28,Referral
O001756,C0677,P0031,2025-10-06,2,76.24,Organic
O001757,C0601,P0032,2025-10-06,1,35.42,Organic
O001758,C0783,P0040,2025-10-06,1,63.16,Email
O001759,C0144,P0035,2025-10-06,3,264.75,Paid
O001760,C0616,P0039,2025-10-06,2,207.16,Referral
O001761,C0417,P0039,2025-10-06,3,310.74,Email
O001762,C0065,P0001,2025-10-06,1,227.02,Email
O001763,C0551,P0007,2025-10-06,2,340.62,Email
O001764,C0718,P0013,2025-10-06,3,167.1,Organic
O001765,C0310,P0010,2025-10-06,1,39.8,Referral
O001766,C0511,P0012,2025-10-06,2,164.04,Organic
O001767,C0572,P0015,2025-10-06,3,137.76,Referral
O001768,C0290,P0012,2025-10-06,2,164.04,Email
O001769,C0695,P0011,2025-10-06,1,31.31,Referral
O001770,C0466,P0016,2025-10-06,3,171.0,Organic
O001771,C0515,P0010,2025-10-06,2,79.6,Organic
O001772,C0301,P0019,2025-10-06,2,265.9,Email
O001773,C0016,P0017,2025-10-06,1,24.68,Organic
O001774,C0772,P0028,2025-10-06,1,41.84,Organic
O001775,C0016,P0027,2025-10-06,1,26.73,Organic
O001776,C0197,P0029,2025-10-06,1,17.3,Organic
O001777,C0646,P0030,2025-10-06,1,34.69,Referral
O001778,C0073,P0025,2025-10-06,3,116.61,Organic
O001779,C0435,P0033,2025-10-06,1,88.25,Paid
O001780,C0552,P0002,2025-10-07,3,556.2,Organic
O001781,C0440,P0006,2025-10-07,2,131.6,Organic
O001782,C0794,P0014,2025-10-07,3,70.26,Paid
O001783,C0595,P0010,2025-10-07,1,39.8,Organic
O001784,C0297,P0010,2025-10-07,3,119.4,Organic
O001785,C0552,P0021,2025-10-07,2,119.88,Paid
O001786,C0748,P0022,2025-10-07,2,100.78,Paid
O001787,C0396,P0021,2025-10-07,3,179.82,Organic
O001788,C0654,P0032,2025-10-07,3,106.26,Referral
O001789,C0169,P0032,2025-10-07,2,70.84,Paid
O001790,C0406,P0027,2025-10-07,1,26.73,Paid
O001791,C0319,P0033,2025-10-07,2,176.5,Email
O001792,C0657,P0034,2025-10-07,3,176.04,Referral
O001793,C0597,P0040,2025-10-07,1,63.16,Referral
O001794,C0356,P0040,2025-10-07,3,189.48,Referral
O001795,C0311,P0007,2025-10-07,3,510.93,Organic
O001796,C0245,P0004,2025-10-07,1,169.23,Organic
O001797,C0087,P0008,2025-10-07,1,226.53,Organic
O001798,C0317,P0010,2025-10-07,2,79.6,Organic
O001799,C0570,P0019,2025-10-07,2,265.9,Organic
O001800,C0761,P0018,2025-10-07,1,49.19,Email
O001801,C0321,P0024,2025-10-07,2,224.28,Organic
O001802,C0504,P0023,2025-10-07,3,275.97,Organic
O001803,C0564,P0039,2025-10-07,1,103.58,Paid
O001804,C0520,P0040,2025-10-07,2,126.32,Referral
O001805,C0043,P0033,2025-10-07,2,176.5,Organic
O001806,C0701,P0005,2025-10-07,1,345.69,Organic
O001807,C0404,P0011,2025-10-07,3,93.93,Email
O001808,C0083,P0021,2025-10-07,2,119.88,Organic
O001809,C0227,P0017,2025-10-07,2,49.36,Referral
O001810,C0545,P0032,2025-10-07,2,70.84,Organic
O001811,C0670,P0032,2025-10-07,2,70.84,Paid
O001812,C0086,P0029,2025-10-07,3,51.9,Organic
O001813,C0443,P0039,2025-10-07,1,103.58,Organic
O001814,C0677,P0034,2025-10-07,2,117.36,Organic
O001815,C0106,P0040,2025-10-07,1,63.16,Email
O001816,C0745,P0036,2025-10-07,1,72.11,Organic
O001817,C0695,P0007,2025-10-07,1,170.31,Organic
O001818,C0160,P0020,2025-10-07,2,158.94,Paid
O001819,C0466,P0023,2025-10-07,1,91.99,Organic
O001820,C0387,P0019,2025-10-07,3,398.85,Organic
O001821,C0638,P0021,2025-10-07,3,179.82,Organic
O001822,C0122,P0019,2025-10-07,2,265.9,Organic
O001823,C0628,P0031,2025-10-07,3,114.36,Paid
O001824,C0306,P0026,2025-10-07,2,113.22,Paid
O001825,C0349,P0034,2025-10-07,3,176.04,Organic
O001826,C0352,P0038,2025-10-07,1,18.18,Organic
O001827,C0514,P0039,2025-10-07,2,207.16,Organic
O001828,C0406,P0007,2025-10-08,3,510.93,Paid
O001829,C0595,P0005,2025-10-08,2,691.38,Paid
O001830,C0603,P0008,2025-10-08,2,453.06,Paid
O001831,C0576,P0014,2025-10-08,3,70.26,Paid
O001832,C0169,P0023,2025-10-08,1,91.99,Paid
O001833,C0446,P0023,2025-10-08,2,183.98,Paid
O001834,C0082,P0020,2025-10-08,1,79.47,Referral
O001835,C0241,P0022,2025-10-08,3,151.17,Paid
O001836,C0297,P0029,2025-10-08,1,17.3,Organic
O001837,C0603,P0034,2025-10-08,3,176.04,Organic
O001838,C0761,P0007,2025-10-08,2,340.62,Paid
O001839,C0246,P0003,2025-10-08,2,394.92,Referral
O001840,C0615,P0010,2025-10-08,1,39.8,Organic
O001841,C0129,P0011,2025-10-08,1,31.31,Paid
O001842,C0599,P0018,2025-10-08,3,147.57,Paid
O001843,C0491,P0033,2025-10-08,2,176.5,Organic
O001844,C0132,P0033,2025-10-08,1,88.25,Email
O001845,C0609,P0037,2025-10-08,1,41.57,Organic
O001846,C0101,P0035,2025-10-08,2,176.5,Paid
O001847,C0780,P0039,2025-10-08,3,310.74,Organic
O001848,C0648,P0004,2025-10-08,3,507.69,Referral
O001849,C0464,P0004,2025-10-08,1,169.23,Paid
O001850,C0729,P0005,2025-10-08,1,345.69,Email
O001851,C0528,P0002,2025-10-08,3,556.2,Paid
O001852,C0362,P0012,2025-10-08,3,246.06,Email
O001853,C0107,P0010,2025-10-08,1,39.8,Organic
O001854,C0184,P0014,2025-10-08,2,46.84,Paid
O001855,C0694,P0014,2025-10-08,3,70.26,Organic
O001856,C0477,P0015,2025-10-08,3,137.76,Organic
O001857,C0527,P0024,2025-10-08,3,336.42,Paid
O001858,C0635,P0024,2025-10-08,2,224.28,Referral
O001859,C0176,P0024,2025-10-08,3,336.42,Organic
O001860,C0422,P0022,2025-10-08,1,50.39,Paid
O001861,C0254,P0024,2025-10-08,2,224.28,Organic
O001862,C0593,P0027,2025-10-08,1,26.73,Paid
O001863,C0756,P0027,2025-10-08,2,53.46,Paid
O001864,C0393,P0032,2025-10-08,2,70.84,Paid
O001865,C0636,P0031,2025-10-08,2,76.24,Paid
O001866,C0240,P0030,2025-10-08,2,69.38,Referral
O001867,C0001,P0034,2025-10-08,3,176.04,Paid
O001868,C0351,P0035,2025-10-08,2,176.5,Paid
O001869,C0207,P0034,2025-10-08,2,117.36,Paid
O001870,C0757,P0008,2025-10-08,3,679.59,Organic
O001871,C0222,P0013,2025-10-08,1,55.7,Organic
O001872,C0793,P0011,2025-10-08,2,62.62,Paid
O001873,C0394,P0018,2025-10-08,1,49.19,Organic
O001874,C0313,P0019,2025-10-08,2,265.9,Organic
O001875,C0062,P0017,2025-10-08,2,49.36,Paid
O001876,C0366,P0025,2025-10-08,3,116.61,Organic
O001877,C0386,P0001,2025-10-09,2,454.04,Organic
O001878,C0170,P0002,2025-10-09,3,556.2,Paid
O001879,C0356,P0007,2025-10-09,2,340.62,Referral
O001880,C0471,P0013,2025-10-09,2,111.4,Organic
O001881,C0262,P0020,2025-10-09,2,158.94,Paid
O001882,C0706,P0023,2025-10-09,2,183.98,Paid
O001883,C0617,P0017,2025-10-09,1,24.68,Paid
O001884,C0740,P0032,2025-10-09,2,70.84,Organic
O001885,C0063,P0036,2025-10-09,3,216.33,Referral
O001886,C0615,P0013,2025-10-09,2,111.4,Organic
O001887,C0730,P0016,2025-10-09,1,57.0,Referral
O001888,C0644,P0010,2025-10-09,2,79.6,Referral
O001889,C0295,P0018,2025-10-09,3,147.57,Paid
O001890,C0295,P0028,2025-10-09,1,41.84,Organic
O001891,C0566,P0027,2025-10-09,1,26.73,Paid
O001892,C0615,P0026,2025-10-09,2,113.22,Email
O001893,C0659,P0035,2025-10-09,2,176.5,Referral
O001894,C0291,P0039,2025-10-09,2,207.16,Paid
O001895,C0737,P0035,2025-10-09,1,88.25,Organic
O001896,C0701,P0001,2025-10-09,3,681.06,Paid
O001897,C0553,P0004,2025-10-09,3,507.69,Email
O001898,C0083,P0008,2025-10-09,1,226.53,Paid
O001899,C0534,P0015,2025-10-09,2,91.84,Paid
O001900,C0017,P0016,2025-10-09,1,57.0,Paid
O001901,C0059,P0019,2025-10-09,3,398.85,Referral
O001902,C0797,P0020,2025-10-09,1,79.47,Paid
O001903,C0625,P0020,2025-10-09,3,238.41,Organic
O001904,C0496,P0019,2025-10-09,2,265.9,Email
O001905,C0318,P0020,2025-10-09,2,158.94,Organic
O001906,C0528,P0026,2025-10-09,1,56.61,Paid
O001907,C0393,P0030,2025-10-09,3,104.07,Email
O001908,C0417,P0027,2025-10-09,1,26.73,Organic
O001909,C0763,P0030,2025-10-09,1,34.69,Paid
O001910,C0613,P0039,2025-10-09,2,207.16,Referral
O001911,C0282,P0033,2025-10-09,1,88.25,Paid
O001912,C0741,P0039,2025-10-09,2,207.16,Email
O001913,C0086,P0037,2025-10-09,3,124.71,Organic
O001914,C0239,P0038,2025-10-09,2,36.36,Organic
O001915,C0683,P0039,2025-10-09,2,207.16,Paid
O001916,C0469,P0004,2025-10-09,2,338.46,Organic
O001917,C0723,P0003,2025-10-09,1,197.46,Paid
O001918,C0757,P0009,2025-10-09,2,118.02,Organic
O001919,C0024,P0012,2025-10-09,2,164.04,Referral
O001920,C0645,P0012,2025-10-09,3,246.06,Organic
O001921,C0267,P0018,2025-10-09,3,147.57,Organic
O001922,C0064,P0021,2025-10-09,1,59.94,Paid
O001923,C0237,P0020,2025-10-09,2,158.94,Paid
O001924,C0402,P0024,2025-10-09,1,112.14,Organic
O001925,C0688,P0030,2025-10-09,2,69.38,Referral
O001926,C0770,P0028,2025-10-09,1,41.84,Referral
O001927,C0061,P0028,2025-10-09,1,41.84,Referral
O001928,C0014,P0028,2025-10-09,2,83.68,Referral
O001929,C0519,P0025,2025-10-09,3,116.61,Organic
O001930,C0368,P0035,2025-10-09,2,176.5,Paid
O001931,C0387,P0036,2025-10-09,3,216.33,Paid
O001932,C0048,P0002,2025-10-10,2,370.8,Organic
O001933,C0555,P0004,2025-10-10,3,507.69,Email
O001934,C0002,P0016,2025-10-10,3,171.0,Organic
O001935,C0460,P0029,2025-10-10,2,34.6,Organic
O001936,C0019,P0028,2025-10-10,3,125.52,Paid
O001937,C0140,P0028,2025-10-10,3,125.52,Paid
O001938,C0142,P0040,2025-10-10,2,126.32,Organic
O001939,C0140,P0035,2025-10-10,3,264.75,Organic
O001940,C0208,P0034,2025-10-10,3,176.04,Referral
O001941,C0555,P0035,2025-10-10,3,264.75,Organic
O001942,C0326,P0001,2025-10-10,1,227.02,Paid
O001943,C0212,P0003,2025-10-10,2,394.92,Organic
O001944,C0720,P0005,2025-10-10,1,345.69,Paid
O001945,C0411,P0016,2025-10-10,2,114.0,Email
O001946,C0333,P0013,2025-10-10,1,55.7,Referral
O001947,C0633,P0015,2025-10-10,1,45.92,Paid
O001948,C0564,P0016,2025-10-10,3,171.0,Paid
O001949,C0162,P0009,2025-10-10,3,177.03,Paid
O001950,C0768,P0011,2025-10-10,3,93.93,Organic
O001951,C0537,P0020,2025-10-10,3,238.41,Organic
O001952,C0575,P0020,2025-10-10,2,158.94,Paid
O001953,C0771,P0019,2025-10-10,2,265.9,Organic
O001954,C0068,P0030,2025-10-10,3,104.07,Paid
O001955,C0614,P0032,2025-10-10,2,70.84,Organic
O001956,C0198,P0026,2025-10-10,1,56.61,Organic
O001957,C0151,P0028,2025-10-10,3,125.52,Paid
O001958,C0613,P0001,2025-10-10,1,227.02,Paid
O001959,C0545,P0007,2025-10-10,1,170.31,Referral
O001960,C0351,P0012,2025-10-10,2,164.04,Paid
O001961,C0144,P0022,2025-10-10,3,151.17,Organic
O001962,C0318,P0028,2025-10-10,3,125.52,Organic
O001963,C0389,P0039,2025-10-10,2,207.16,Paid
O001964,C0464,P0040,2025-10-10,2,126.32,Organic
O001965,C0493,P0039,2025-10-10,3,310.74,Email
O001966,C0450,P0039,2025-10-10,3,310.74,Organic
O001967,C0461,P0008,2025-10-10,1,226.53,Paid
O001968,C0278,P0001,2025-10-10,3,681.06,Paid
O001969,C0652,P0007,2025-10-10,2,340.62,Organic
O001970,C0541,P0001,2025-10-10,1,227.02,Paid
O001971,C0480,P0005,2025-10-10,3,1037.07,Email
O001972,C0618,P0004,2025-10-10,3,507.69,Email
O001973,C0574,P0016,2025-10-10,3,171.0,Referral
O001974,C0214,P0012,2025-10-10,1,82.02,Paid
O001975,C0197,P0018,2025-10-10,2,98.38,Email
O001976,C0478,P0023,2025-10-10,3,275.97,Paid
O001977,C0667,P0023,2025-10-10,2,183.98,Paid
O001978,C0122,P0026,2025-10-10,3,169.83,Organic
O001979,C0300,P0038,2025-10-10,3,54.54,Organic
O001980,C0699,P0040,2025-10-10,2,126.32,Referral
O001981,C0645,P0033,2025-10-10,2,176.5,Organic
O001982,C0631,P0005,2025-10-11,1,345.69,Email
O001983,C0045,P0012,2025-10-11,2,164.04,Paid
O001984,C0698,P0029,2025-10-11,1,17.3,Organic
O001985,C0777,P0029,2025-10-11,1,17.3,Organic
O001986,C0002,P0025,2025-10-11,3,116.61,Organic
O001987,C0777,P0034,2025-10-11,2,117.36,Organic
O001988,C0335,P0037,2025-10-11,3,124.71,Organic
O001989,C0303,P0038,2025-10-11,1,18.18,Paid
O001990,C0760,P0004,2025-10-11,1,169.23,Organic
O001991,C0487,P0006,2025-10-11,2,131.6,Paid
O001992,C0543,P0004,2025-10-11,1,169.23,Organic
O001993,C0644,P0004,2025-10-11,3,507.69,Referral
O001994,C0067,P0011,2025-10-11,1,31.31,Email
O001995,C0202,P0016,2025-10-11,1,57.0,Organic
O001996,C0632,P0018,2025-10-11,2,98.38,Organic
O001997,C0454,P0020,2025-10-11,2,158.94,Organic
O001998,C0611,P0025,2025-10-11,3,116.61,Organic
O001999,C0212,P0040,2025-10-11,1,63.16,Organic
O002000,C0651,P0040,2025-10-11,2,126.32,Organic
O002001,C0473,P0035,2025-10-11,3,264.75,Paid
O002002,C0609,P0038,2025-10-11,2,36.36,Referral
O002003,C0528,P0005,2025-10-11,3,1037.07,Referral
O002004,C0059,P0004,2025-10-11,3,507.69,Paid
O002005,C0443,P0009,2025-10-11,2,118.02,Organic
O002006,C0518,P0012,2025-10-11,1,82.02,Email
O002007,C0739,P0020,2025-10-11,1,79.47,Referral
O002008,C0217,P0021,2025-10-11,1,59.94,Email
O002009,C0144,P0020,2025-10-11,3,238.41,Referral
O002010,C0755,P0026,2025-10-11,1,56.61,Paid
O002011,C0582,P0031,2025-10-11,1,38.12,Organic
O002012,C0634,P0029,2025-10-11,3,51.9,Email
O002013,C0217,P0027,2025-10-11,3,80.19,Email
O002014,C0660,P0039,2025-10-11,3,310.74,Organic
O002015,C0373,P0034,2025-10-11,2,117.36,Referral
O002016,C0431,P0040,2025-10-11,3,189.48,Organic
O002017,C0417,P0039,2025-10-11,3,310.74,Organic
O002018,C0784,P0039,2025-10-11,1,103.58,Referral
O002019,C0677,P0035,2025-10-11,3,264.75,Organic
O002020,C0228,P0005,2025-10-11,1,345.69,Paid
O002021,C0517,P0007,2025-10-11,3,510.93,Organic
O002022,C0734,P0006,2025-10-11,2,131.6,Organic
O002023,C0036,P0010,2025-10-11,1,39.8,Organic
O002024,C0122,P0015,2025-10-11,2,91.84,Organic
O002025,C0436,P0013,2025-10-11,3,167.1,Email
O002026,C0462,P0017,2025-10-11,1,24.68,Referral
O002027,C0027,P0024,2025-10-11,1,112.14,Referral
O002028,C0546,P0019,2025-10-11,2,265.9,Organic
O002029,C0581,P0026,2025-10-11,1,56.61,Organic
O002030,C0149,P0030,2025-10-11,3,104.07,Referral
O002031,C0387,P0026,2025-10-11,1,56.61,Organic
O002032,C0214,P0028,2025-10-11,1,41.84,Organic
O002033,C0770,P0026,2025-10-11,1,56.61,Paid
O002034,C0793,P0028,2025-10-11,1,41.84,Organic
O002035,C0160,P0032,2025-10-11,1,35.42,Organic
O002036,C0699,P0039,2025-10-11,3,310.74,Email
O002037,C0793,P0037,2025-10-11,1,41.57,Referral
O002038,C0123,P0004,2025-10-12,1,169.23,Email
O002039,C0532,P0004,2025-10-12,2,338.46,Referral
O002040,C0588,P0003,2025-10-12,2,394.92,Organic
O002041,C0167,P0005,2025-10-12,2,691.38,Paid
O002042,C0532,P0011,2025-10-12,2,62.62,Organic
O002043,C0588,P0012,2025-10-12,1,82.02,Organic
O002044,C0070,P0022,2025-10-12,1,50.39,Organic
O002045,C0595,P0018,2025-10-12,3,147.57,Organic
O002046,C0297,P0021,2025-10-12,2,119.88,Organic
O002047,C0786,P0029,2025-10-12,2,34.6,Paid
O002048,C0275,P0026,2025-10-12,3,169.83,Paid
O002049,C0678,P0037,2025-10-12,2,83.14,Organic
O002050,C0749,P0039,2025-10-12,1,103.58,Organic
O002051,C0569,P0034,2025-10-12,2,117.36,Paid
O002052,C0341,P0039,2025-10-12,3,310.74,Email
O002053,C0712,P0033,2025-10-12,3,264.75,Organic
O002054,C0760,P0001,2025-10-12,3,681.06,Paid
O002055,C0340,P0003,2025-10-12,3,592.38,Organic
O002056,C0261,P0005,2025-10-12,3,1037.07,Referral
O002057,C0131,P0003,2025-10-12,3,592.38,Paid
O002058,C0195,P0007,2025-10-12,2,340.62,Organic
O002059,C0564,P0015,2025-10-12,1,45.92,Organic
O002060,C0287,P0020,2025-10-12,2,158.94,Email
O002061,C0340,P0020,2025-10-12,1,79.47,Paid
O002062,C0216,P0025,2025-10-12,2,77.74,Referral
O002063,C0088,P0029,2025-10-12,3,51.9,Organic
O002064,C0292,P0025,2025-10-12,2,77.74,Organic
O002065,C0590,P0027,2025-10-12,3,80.19,Paid
O002066,C0596,P0032,2025-10-12,1,35.42,Referral
O002067,C0216,P0027,2025-10-12,2,53.46,Organic
O002068,C0732,P0034,2025-10-12,3,176.04,Organic
O002069,C0633,P0036,2025-10-12,2,144.22,Paid
O002070,C0728,P0037,2025-10-12,3,124.71,Paid
O002071,C0119,P0033,2025-10-12,3,264.75,Paid
O002072,C0621,P0005,2025-10-12,2,691.38,Organic
O002073,C0797,P0004,2025-10-12,2,338.46,Organic
O002074,C0506,P0001,2025-10-12,2,454.04,Organic
O002075,C0108,P0007,2025-10-12,3,510.93,Paid
O002076,C0431,P0012,2025-10-12,3,246.06,Organic
O002077,C0130,P0023,2025-10-12,3,275.97,Paid
O002078,C0451,P0019,2025-10-12,3,398.85,Organic
O002079,C0060,P0022,2025-10-12,1,50.39,Organic
O002080,C0707,P0020,2025-10-12,2,158.94,Paid
O002081,C0563,P0019,2025-10-12,1,132.95,Organic
O002082,C0038,P0017,2025-10-12,2,49.36,Referral
O002083,C0634,P0031,2025-10-12,3,114.36,Organic
O002084,C0621,P0029,2025-10-12,2,34.6,Organic
O002085,C0464,P0025,2025-10-12,2,77.74,Organic
O002086,C0727,P0040,2025-10-12,3,189.48,Paid
O002087,C0009,P0036,2025-10-12,3,216.33,Organic
O002088,C0357,P0040,2025-10-12,2,126.32,Paid
O002089,C0560,P0007,2025-10-12,3,510.93,Organic
O002090,C0172,P0023,2025-10-12,1,91.99,Email
O002091,C0519,P0021,2025-10-12,3,179.82,Referral
O002092,C0510,P0019,2025-10-12,3,398.85,Organic
O002093,C0757,P0026,2025-10-12,1,56.61,Email
O002094,C0164,P0028,2025-10-12,3,125.52,Paid
O002095,C0027,P0030,2025-10-12,2,69.38,Email
O002096,C0160,P0025,2025-10-12,3,116.61,Organic
O002097,C0278,P0031,2025-10-12,1,38.12,Organic
O002098,C0365,P0029,2025-10-12,2,34.6,Referral
O002099,C0349,P0038,2025-10-12,2,36.36,Organic
O002100,C0662,P0035,2025-10-12,2,176.5,Organic
O002101,C0206,P0040,2025-10-12,3,189.48,Organic
O002102,C0209,P0002,2025-10-13,2,370.8,Paid
O002103,C0552,P0007,2025-10-13,1,170.31,Organic
O002104,C0588,P0002,2025-10-13,2,370.8,Organic
O002105,C0030,P0009,2025-10-13,1,59.01,Organic
O002106,C0512,P0012,2025-10-13,2,164.04,Paid
O002107,C0552,P0021,2025-10-13,3,179.82,Referral
O002108,C0110,P0021,2025-10-13,3,179.82,Email
O002109,C0748,P0017,2025-10-13,2,49.36,Email
O002110,C0140,P0019,2025-10-13,2,265.9,Paid
O002111,C0474,P0029,2025-10-13,3,51.9,Referral
O002112,C0748,P0026,2025-10-13,3,169.83,Organic
O002113,C0348,P0029,2025-10-13,1,17.3,Organic
O002114,C0794,P0031,2025-10-13,1,38.12,Organic
O002115,C0169,P0036,2025-10-13,3,216.33,Paid
O002116,C0771,P0003,2025-10-13,3,592.38,Organic
O002117,C0722,P0009,2025-10-13,3,177.03,Paid
O002118,C0383,P0012,2025-10-13,3,246.06,Organic
O002119,C0659,P0019,2025-10-13,1,132.95,Email
O002120,C0096,P0017,2025-10-13,3,74.04,Paid
O002121,C0295,P0029,2025-10-13,1,17.3,Paid
O002122,C0590,P0025,2025-10-13,1,38.87,Organic
O002123,C0521,P0038,2025-10-13,3,54.54,Organic
O002124,C0677,P0001,2025-10-13,2,454.04,Organic
O002125,C0518,P0005,2025-10-13,3,1037.07,Organic
O002126,C0494,P0003,2025-10-13,3,592.38,Organic
O002127,C0443,P0007,2025-10-13,2,340.62,Paid
O002128,C0227,P0009,2025-10-13,2,118.02,Paid
O002129,C0739,P0016,2025-10-13,3,171.0,Organic
O002130,C0003,P0018,2025-10-13,1,49.19,Paid
O002131,C0665,P0024,2025-10-13,3,336.42,Paid
O002132,C0282,P0035,2025-10-13,1,88.25,Organic
O002133,C0677,P0039,2025-10-13,2,207.16,Paid
O002134,C0554,P0007,2025-10-13,1,170.31,Organic
O002135,C0072,P0006,2025-10-13,2,131.6,Email
O002136,C0734,P0005,2025-10-13,2,691.38,Organic
O002137,C0358,P0011,2025-10-13,1,31.31,Paid
O002138,C0800,P0012,2025-10-13,3,246.06,Referral
O002139,C0369,P0018,2025-10-13,1,49.19,Organic
O002140,C0734,P0018,2025-10-13,3,147.57,Email
O002141,C0387,P0031,2025-10-13,2,76.24,Organic
O002142,C0037,P0035,2025-10-13,3,264.75,Organic
O002143,C0572,P0039,2025-10-13,2,207.16,Paid
O002144,C0206,P0038,2025-10-13,1,18.18,Email
O002145,C0667,P0034,2025-10-13,1,58.68,Organic
O002146,C0403,P0002,2025-10-14,2,370.8,Organic
O002147,C0595,P0006,2025-10-14,1,65.8,Paid
O002148,C0442,P0001,2025-10-14,1,227.02,Paid
O002149,C0268,P0001,2025-10-14,2,454.04,Referral
O002150,C0423,P0020,2025-10-14,3,238.41,Email
O002151,C0600,P0023,2025-10-14,3,275.97,Email
O002152,C0076,P0031,2025-10-14,2,76.24,Organic
O002153,C0631,P0031,2025-10-14,3,114.36,Email
O002154,C0555,P0029,2025-10-14,2,34.6,Email
O002155,C0283,P0031,2025-10-14,3,114.36,Organic
O002156,C0070,P0040,2025-10-14,2,126.32,Organic
O002157,C0777,P0038,2025-10-14,3,54.54,Paid
O002158,C0161,P0035,2025-10-14,1,88.25,Organic
O002159,C0245,P0006,2025-10-14,3,197.4,Paid
O002160,C0291,P0002,2025-10-14,2,370.8,Organic
O002161,C0537,P0006,2025-10-14,1,65.8,Paid
O002162,C0543,P0008,2025-10-14,1,226.53,Organic
O002163,C0355,P0015,2025-10-14,1,45.92,Paid
O002164,C0361,P0011,2025-10-14,1,31.31,Organic
O002165,C0609,P0031,2025-10-14,1,38.12,Paid
O002166,C0543,P0032,2025-10-14,1,35.42,Paid
O002167,C0743,P0030,2025-10-14,3,104.07,Organic
O002168,C0608,P0032,2025-10-14,3,106.26,Paid
O002169,C0501,P0026,2025-10-14,1,56.61,Organic
O002170,C0068,P0032,2025-10-14,2,70.84,Organic
O002171,C0529,P0038,2025-10-14,1,18.18,Organic
O002172,C0760,P0040,2025-10-14,2,126.32,Email
O002173,C0437,P0035,2025-10-14,3,264.75,Email
O002174,C0648,P0001,2025-10-14,2,454.04,Paid
O002175,C0404,P0002,2025-10-14,3,556.2,Email
O002176,C0562,P0001,2025-10-14,3,681.06,Paid
O002177,C0700,P0014,2025-10-14,3,70.26,Organic
O002178,C0077,P0012,2025-10-14,3,246.06,Referral
O002179,C0059,P0021,2025-10-14,3,179.82,Referral
O002180,C0616,P0030,2025-10-14,2,69.38,Organic
O002181,C0152,P0037,2025-10-14,3,124.71,Organic
O002182,C0744,P0038,2025-10-14,1,18.18,Paid
O002183,C0152,P0038,2025-10-14,1,18.18,Paid
O002184,C0626,P0005,2025-10-14,1,345.69,Organic
O002185,C0122,P0004,2025-10-14,1,169.23,Email
O002186,C0402,P0004,2025-10-14,1,169.23,Organic
O002187,C0551,P0003,2025-10-14,1,197.46,Referral
O002188,C0037,P0006,2025-10-14,3,197.4,Organic
O002189,C0369,P0006,2025-10-14,1,65.8,Email
O002190,C0693,P0013,2025-10-14,3,167.1,Paid
O002191,C0394,P0014,2025-10-14,1,23.42,Referral
O002192,C0525,P0020,2025-10-14,2,158.94,Organic
O002193,C0031,P0018,2025-10-14,3,147.57,Organic
O002194,C0367,P0023,2025-10-14,1,91.99,Organic
O002195,C0723,P0022,2025-10-14,2,100.78,Organic
O002196,C0585,P0021,2025-10-14,2,119.88,Organic
O002197,C0793,P0029,2025-10-14,3,51.9,Email
O002198,C0109,P0026,2025-10-14,2,113.22,Organic
O002199,C0646,P0027,2025-10-14,3,80.19,Organic
O002200,C0313,P0027,2025-10-14,3,80.19,Paid
O002201,C0628,P0027,2025-10-14,3,80.19,Referral
O002202,C0723,P0039,2025-10-14,1,103.58,Email
O002203,C0267,P0040,2025-10-14,3,189.48,Paid
O002204,C0268,P0007,2025-10-15,3,510.93,Organic
O002205,C0174,P0015,2025-10-15,3,137.76,Email
O002206,C0421,P0013,2025-10-15,3,167.1,Organic
O002207,C0789,P0021,2025-10-15,1,59.94,Paid
O002208,C0348,P0017,2025-10-15,1,24.68,Paid
O002209,C0030,P0027,2025-10-15,2,53.46,Paid
O002210,C0696,P0026,2025-10-15,1,56.61,Organic
O002211,C0125,P0027,2025-10-15,1,26.73,Organic
O002212,C0566,P0002,2025-10-15,3,556.2,Organic
O002213,C0088,P0015,2025-10-15,1,45.92,Organic
O002214,C0307,P0015,2025-10-15,3,137.76,Email
O002215,C0355,P0016,2025-10-15,1,57.0,Paid
O002216,C0277,P0009,2025-10-15,2,118.02,Paid
O002217,C0087,P0023,2025-10-15,2,183.98,Organic
O002218,C0743,P0018,2025-10-15,3,147.57,Organic
O002219,C0743,P0030,2025-10-15,3,104.07,Paid
O002220,C0632,P0025,2025-10-15,3,116.61,Paid
O002221,C0287,P0033,2025-10-15,2,176.5,Organic
O002222,C0212,P0035,2025-10-15,3,264.75,Paid
O002223,C0192,P0040,2025-10-15,3,189.48,Organic
O002224,C0362,P0006,2025-10-15,1,65.8,Organic
O002225,C0144,P0007,2025-10-15,3,510.93,Organic
O002226,C0449,P0001,2025-10-15,1,227.02,Referral
O002227,C0239,P0004,2025-10-15,3,507.69,Referral
O002228,C0155,P0011,2025-10-15,1,31.31,Organic
O002229,C0130,P0021,2025-10-15,2,119.88,Organic
O002230,C0207,P0029,2025-10-15,3,51.9,Organic
O002231,C0797,P0039,2025-10-15,3,310.74,Organic
O002232,C0559,P0035,2025-10-15,1,88.25,Organic
O002233,C0273,P0004,2025-10-15,1,169.23,Referral
O002234,C0073,P0011,2025-10-15,1,31.31,Paid
O002235,C0074,P0009,2025-10-15,2,118.02,Paid
O002236,C0643,P0027,2025-10-15,3,80.19,Organic
O002237,C0347,P0032,2025-10-15,2,70.84,Organic
O002238,C0196,P0031,2025-10-15,1,38.12,Organic
O002239,C0394,P0030,2025-10-15,1,34.69,Paid
O002240,C0197,P0034,2025-10-15,1,58.68,Organic
O002241,C0550,P0039,2025-10-15,3,310.74,Organic
O002242,C0515,P0037,2025-10-15,1,41.57,Paid
O002243,C0367,P0036,2025-10-15,1,72.11,Organic
O002244,C0600,P0003,2025-10-16,3,592.38,Paid
O002245,C0174,P0008,2025-10-16,3,679.59,Organic
O002246,C0063,P0004,2025-10-16,1,169.23,Organic
O002247,C0011,P0004,2025-10-16,3,507.69,Organic
O002248,C0475,P0010,2025-10-16,3,119.4,Organic
O002249,C0787,P0022,2025-10-16,1,50.39,Organic
O002250,C0335,P0020,2025-10-16,1,79.47,Organic
O002251,C0230,P0027,2025-10-16,2,53.46,Organic
O002252,C0426,P0031,2025-10-16,1,38.12,Organic
O002253,C0330,P0035,2025-10-16,2,176.5,Organic
O002254,C0529,P0006,2025-10-16,1,65.8,Organic
O002255,C0571,P0001,2025-10-16,2,454.04,Organic
O002256,C0502,P0001,2025-10-16,3,681.06,Organic
O002257,C0131,P0016,2025-10-16,1,57.0,Email
O002258,C0490,P0010,2025-10-16,3,119.4,Email
O002259,C0256,P0011,2025-10-16,3,93.93,Referral
O002260,C0728,P0022,2025-10-16,2,100.78,Paid
O002261,C0609,P0021,2025-10-16,2,119.88,Organic
O002262,C0608,P0027,2025-10-16,3,80.19,Organic
O002263,C0291,P0036,2025-10-16,3,216.33,Organic
O002264,C0615,P0036,2025-10-16,3,216.33,Email
O002265,C0799,P0035,2025-10-16,2,176.5,Paid
O002266,C0746,P0007,2025-10-16,2,340.62,Referral
O002267,C0755,P0005,2025-10-16,2,691.38,Paid
O002268,C0430,P0001,2025-10-16,3,681.06,Email
O002269,C0711,P0005,2025-10-16,2,691.38,Organic
O002270,C0077,P0009,2025-10-16,2,118.02,Organic
O002271,C0227,P0014,2025-10-16,2,46.84,Organic
O002272,C0558,P0015,2025-10-16,3,137.76,Organic
O002273,C0021,P0021,2025-10-16,2,119.88,Organic
O002274,C0393,P0024,2025-10-16,2,224.28,Organic
O002275,C0259,P0021,2025-10-16,2,119.88,Organic
O002276,C0259,P0031,2025-10-16,2,76.24,Paid
O002277,C0700,P0032,2025-10-16,2,70.84,Paid
O002278,C0141,P0034,2025-10-16,3,176.04,Organic
O002279,C0746,P0036,2025-10-16,2,144.22,Paid
O002280,C0381,P0034,2025-10-16,1,58.68,Organic
O002281,C0381,P0037,2025-10-16,1,41.57,Organic
O002282,C0469,P0001,2025-10-16,2,454.04,Organic
O002283,C0237,P0002,2025-10-16,3,556.2,Paid
O002284,C0478,P0019,2025-10-16,3,398.85,Organic
O002285,C0124,P0020,2025-10-16,2,158.94,Organic
O002286,C0751,P0023,2025-10-16,2,183.98,Email
O002287,C0645,P0019,2025-10-16,1,132.95,Organic
O002288,C0223,P0032,2025-10-16,3,106.26,Organic
O002289,C0626,P0029,2025-10-16,2,34.6,Organic
O002290,C0237,P0036,2025-10-16,2,144.22,Email
O002291,C0228,P0035,2025-10-16,2,176.5,Organic
O002292,C0313,P0039,2025-10-16,1,103.58,Email
O002293,C0109,P0034,2025-10-16,2,117.36,Referral
O002294,C0498,P0004,2025-10-17,1,169.23,Organic
O002295,C0678,P0013,2025-10-17,1,55.7,Paid
O002296,C0576,P0020,2025-10-17,2,158.94,Paid
O002297,C0603,P0019,2025-10-17,3,398.85,Organic
O002298,C0796,P0021,2025-10-17,1,59.94,Organic
O002299,C0442,P0025,2025-10-17,1,38.87,Organic
O002300,C0289,P0026,2025-10-17,1,56.61,Paid
O002301,C0268,P0035,2025-10-17,2,176.5,Organic
O002302,C0405,P0034,2025-10-17,3,176.04,Organic
O002303,C0787,P0036,2025-10-17,2,144.22,Organic
O002304,C0403,P0037,2025-10-17,2,83.14,Email
O002305,C0261,P0003,2025-10-17,2,394.92,Organic
O002306,C0736,P0003,2025-10-17,2,394.92,Paid
O002307,C0473,P0016,2025-10-17,2,114.0,Organic
O002308,C0216,P0009,2025-10-17,3,177.03,Organic
O002309,C0244,P0020,2025-10-17,3,238.41,Email
O002310,C0200,P0024,2025-10-17,1,112.14,Paid
O002311,C0311,P0018,2025-10-17,3,147.57,Organic
O002312,C0200,P0023,2025-10-17,3,275.97,Organic
O002313,C0256,P0032,2025-10-17,2,70.84,Email
O002314,C0131,P0033,2025-10-17,1,88.25,Organic
O002315,C0501,P0036,2025-10-17,1,72.11,Paid
O002316,C0559,P0014,2025-10-17,1,23.42,Referral
O002317,C0660,P0013,2025-10-17,1,55.7,Organic
O002318,C0709,P0022,2025-10-17,1,50.39,Organic
O002319,C0500,P0024,2025-10-17,3,336.42,Paid
O002320,C0648,P0027,2025-10-17,3,80.19,Organic
O002321,C0318,P0029,2025-10-17,1,17.3,Organic
O002322,C0412,P0032,2025-10-17,1,35.42,Paid
O002323,C0756,P0034,2025-10-17,1,58.68,Paid
O002324,C0443,P0035,2025-10-17,2,176.5,Paid
O002325,C0060,P0037,2025-10-17,2,83.14,Organic
O002326,C0560,P0008,2025-10-17,2,453.06,Paid
O002327,C0073,P0007,2025-10-17,3,510.93,Paid
O002328,C0237,P0015,2025-10-17,1,45.92,Email
O002329,C0650,P0013,2025-10-17,3,167.1,Referral
O002330,C0466,P0013,2025-10-17,2,111.4,Organic
O002331,C0135,P0009,2025-10-17,1,59.01,Organic
O002332,C0237,P0019,2025-10-17,2,265.9,Organic
O002333,C0368,P0027,2025-10-17,1,26.73,Referral
O002334,C0699,P0036,2025-10-17,2,144.22,Organic
O002335,C0515,P0039,2025-10-17,1,103.58,Organic
O002336,C0480,P0036,2025-10-17,3,216.33,Organic
O002337,C0698,P0012,2025-10-18,3,246.06,Organic
O002338,C0696,P0010,2025-10-18,2,79.6,Paid
O002339,C0712,P0018,2025-10-18,3,147.57,Organic
O002340,C0280,P0031,2025-10-18,1,38.12,Referral
O002341,C0475,P0029,2025-10-18,1,17.3,Paid
O002342,C0631,P0028,2025-10-18,1,41.84,Referral
O002343,C0386,P0029,2025-10-18,3,51.9,Paid
O002344,C0049,P0026,2025-10-18,2,113.22,Organic
O002345,C0209,P0025,2025-10-18,3,116.61,Paid
O002346,C0689,P0027,2025-10-18,3,80.19,Organic
O002347,C0512,P0034,2025-10-18,2,117.36,Organic
O002348,C0348,P0040,2025-10-18,2,126.32,Paid
O002349,C0619,P0040,2025-10-18,3,189.48,Organic
O002350,C0091,P0003,2025-10-18,1,197.46,Paid
O002351,C0080,P0006,2025-10-18,3,197.4,Paid
O002352,C0504,P0008,2025-10-18,2,453.06,Organic
O002353,C0256,P0016,2025-10-18,3,171.0,Email
O002354,C0543,P0024,2025-10-18,1,112.14,Organic
O002355,C0640,P0019,2025-10-18,3,398.85,Paid
O002356,C0150,P0029,2025-10-18,2,34.6,Organic
O002357,C0117,P0027,2025-10-18,1,26.73,Paid
O002358,C0216,P0040,2025-10-18,1,63.16,Email
O002359,C0614,P0036,2025-10-18,2,144.22,Email
O002360,C0545,P0004,2025-10-18,3,507.69,Paid
O002361,C0677,P0007,2025-10-18,1,170.31,Organic
O002362,C0176,P0016,2025-10-18,1,57.0,Email
O002363,C0393,P0012,2025-10-18,2,164.04,Email
O002364,C0152,P0013,2025-10-18,2,111.4,Referral
O002365,C0115,P0013,2025-10-18,1,55.7,Paid
O002366,C0783,P0018,2025-10-18,3,147.57,Organic
O002367,C0362,P0019,2025-10-18,1,132.95,Organic
O002368,C0784,P0017,2025-10-18,3,74.04,Referral
O002369,C0010,P0025,2025-10-18,2,77.74,Organic
O002370,C0254,P0030,2025-10-18,3,104.07,Referral
O002371,C0417,P0032,2025-10-18,1,35.42,Organic
O002372,C0100,P0038,2025-10-18,3,54.54,Paid
O002373,C0673,P0036,2025-10-18,2,144.22,Paid
O002374,C0417,P0036,2025-10-18,1,72.11,Organic
O002375,C0746,P0040,2025-10-18,1,63.16,Organic
O002376,C0362,P0035,2025-10-18,1,88.25,Paid
O002377,C0089,P0007,2025-10-18,2,340.62,Referral
O002378,C0047,P0001,2025-10-18,2,454.04,Organic
O002379,C0022,P0005,2025-10-18,3,1037.07,Organic
O002380,C0172,P0004,2025-10-18,3,507.69,Organic
O002381,C0525,P0016,2025-10-18,3,171.0,Organic
O002382,C0124,P0009,2025-10-18,1,59.01,Paid
O002383,C0461,P0014,2025-10-18,2,46.84,Paid
O002384,C0156,P0021,2025-10-18,1,59.94,Organic
O002385,C0671,P0019,2025-10-18,3,398.85,Organic
O002386,C0762,P0018,2025-10-18,1,49.19,Referral
O002387,C0394,P0018,2025-10-18,2,98.38,Email
O002388,C0517,P0026,2025-10-18,3,169.83,Paid
O002389,C0688,P0031,2025-10-18,3,114.36,Email
O002390,C0723,P0027,2025-10-18,3,80.19,Organic
O002391,C0072,P0040,2025-10-18,3,189.48,Organic
O002392,C0172,P0040,2025-10-18,1,63.16,Organic
O002393,C0423,P0007,2025-10-19,2,340.62,Paid
O002394,C0708,P0004,2025-10-19,2,338.46,Organic
O002395,C0654,P0003,2025-10-19,1,197.46,Email
O002396,C0777,P0001,2025-10-19,2,454.04,Organic
O002397,C0798,P0009,2025-10-19,1,59.01,Organic
O002398,C0110,P0017,2025-10-19,2,49.36,Email
O002399,C0576,P0024,2025-10-19,2,224.28,Organic
O002400,C0471,P0029,2025-10-19,3,51.9,Organic
O002401,C0777,P0033,2025-10-19,3,264.75,Email
O002402,C0279,P0033,2025-10-19,2,176.5,Paid
O002403,C0319,P0033,2025-10-19,2,176.5,Paid
O002404,C0799,P0007,2025-10-19,3,510.93,Organic
O002405,C0715,P0005,2025-10-19,3,1037.07,Paid
O002406,C0101,P0005,2025-10-19,1,345.69,Email
O002407,C0736,P0015,2025-10-19,1,45.92,Email
O002408,C0728,P0010,2025-10-19,2,79.6,Organic
O002409,C0640,P0009,2025-10-19,3,177.03,Organic
O002410,C0570,P0011,2025-10-19,1,31.31,Referral
O002411,C0162,P0020,2025-10-19,1,79.47,Referral
O002412,C0728,P0020,2025-10-19,2,158.94,Organic
O002413,C0736,P0027,2025-10-19,1,26.73,Email
O002414,C0599,P0040,2025-10-19,3,189.48,Paid
O002415,C0781,P0039,2025-10-19,1,103.58,Organic
O002416,C0726,P0039,2025-10-19,3,310.74,Organic
O002417,C0670,P0007,2025-10-19,2,340.62,Paid
O002418,C0038,P0012,2025-10-19,3,246.06,Organic
O002419,C0601,P0011,2025-10-19,2,62.62,Referral
O002420,C0373,P0024,2025-10-19,1,112.14,Referral
O002421,C0106,P0024,2025-10-19,1,112.14,Organic
O002422,C0260,P0021,2025-10-19,1,59.94,Email
O002423,C0783,P0028,2025-10-19,1,41.84,Organic
O002424,C0324,P0037,2025-10-19,3,124.71,Organic
O002425,C0095,P0040,2025-10-19,3,189.48,Referral
O002426,C0707,P0035,2025-10-19,1,88.25,Organic
O002427,C0060,P0034,2025-10-19,2,117.36,Paid
O002428,C0587,P0002,2025-10-19,3,556.2,Organic
O002429,C0402,P0009,2025-10-19,2,118.02,Email
O002430,C0367,P0022,2025-10-19,1,50.39,Organic
O002431,C0369,P0019,2025-10-19,1,132.95,Organic
O002432,C0185,P0029,2025-10-19,1,17.3,Organic
O002433,C0581,P0025,2025-10-19,1,38.87,Organic
O002434,C0704,P0032,2025-10-19,2,70.84,Paid
O002435,C0546,P0029,2025-10-19,3,51.9,Referral
O002436,C0265,P0032,2025-10-19,3,106.26,Referral
O002437,C0090,P0033,2025-10-19,3,264.75,Referral
O002438,C0263,P0003,2025-10-20,2,394.92,Organic
O002439,C0002,P0012,2025-10-20,2,164.04,Organic
O002440,C0125,P0014,2025-10-20,3,70.26,Organic
O002441,C0689,P0021,2025-10-20,1,59.94,Paid
O002442,C0319,P0017,2025-10-20,2,49.36,Organic
O002443,C0777,P0024,2025-10-20,1,112.14,Paid
O002444,C0678,P0027,2025-10-20,3,80.19,Paid
O002445,C0794,P0025,2025-10-20,1,38.87,Organic
O002446,C0311,P0005,2025-10-20,1,345.69,Referral
O002447,C0492,P0014,2025-10-20,3,70.26,Email
O002448,C0299,P0009,2025-10-20,3,177.03,Organic
O002449,C0614,P0011,2025-10-20,1,31.31,Paid
O002450,C0629,P0012,2025-10-20,1,82.02,Paid
O002451,C0309,P0016,2025-10-20,3,171.0,Paid
O002452,C0411,P0011,2025-10-20,1,31.31,Paid
O002453,C0232,P0014,2025-10-20,3,70.26,Organic
O002454,C0411,P0023,2025-10-20,3,275.97,Organic
O002455,C0651,P0023,2025-10-20,1,91.99,Organic
O002456,C0312,P0023,2025-10-20,3,275.97,Organic
O002457,C0720,P0023,2025-10-20,1,91.99,Organic
O002458,C0771,P0019,2025-10-20,2,265.9,Organic
O002459,C0676,P0029,2025-10-20,2,34.6,Organic
O002460,C0298,P0031,2025-10-20,1,38.12,Organic
O002461,C0771,P0031,2025-10-20,3,114.36,Paid
O002462,C0212,P0033,2025-10-20,1,88.25,Organic
O002463,C0601,P0004,2025-10-20,3,507.69,Organic
O002464,C0451,P0002,2025-10-20,3,556.2,Referral
O002465,C0357,P0013,2025-10-20,2,111.4,Email
O002466,C0747,P0016,2025-10-20,2,114.0,Paid
O002467,C0707,P0021,2025-10-20,1,59.94,Paid
O002468,C0138,P0022,2025-10-20,1,50.39,Email
O002469,C0060,P0024,2025-10-20,2,224.28,Email
O002470,C0747,P0022,2025-10-20,1,50.39,Paid
O002471,C0389,P0027,2025-10-20,3,80.19,Email
O002472,C0783,P0028,2025-10-20,2,83.68,Paid
O002473,C0005,P0032,2025-10-20,2,70.84,Organic
O002474,C0144,P0028,2025-10-20,2,83.68,Paid
O002475,C0563,P0037,2025-10-20,1,41.57,Referral
O002476,C0558,P0033,2025-10-20,1,88.25,Organic
O002477,C0366,P0004,2025-10-20,1,169.23,Organic
O002478,C0718,P0003,2025-10-20,3,592.38,Organic
O002479,C0031,P0001,2025-10-20,3,681.06,Organic
O002480,C0643,P0001,2025-10-20,2,454.04,Paid
O002481,C0505,P0011,2025-10-20,2,62.62,Organic
O002482,C0109,P0015,2025-10-20,3,137.76,Referral
O002483,C0757,P0014,2025-10-20,3,70.26,Paid
O002484,C0147,P0012,2025-10-20,1,82.02,Organic
O002485,C0510,P0017,2025-10-20,1,24.68,Paid
O002486,C0793,P0021,2025-10-20,2,119.88,Organic
O002487,C0054,P0018,2025-10-20,3,147.57,Organic
O002488,C0567,P0020,2025-10-20,3,238.41,Email
O002489,C0519,P0032,2025-10-20,3,106.26,Organic
O002490,C0667,P0025,2025-10-20,1,38.87,Paid
O002491,C0290,P0029,2025-10-20,3,51.9,Email
O002492,C0472,P0039,2025-10-20,3,310.74,Organic
O002493,C0695,P0036,2025-10-20,2,144.22,Paid
O002494,C0058,P0037,2025-10-20,3,124.71,Organic
O002495,C0365,P0038,2025-10-20,1,18.18,Paid
O002496,C0619,P0001,2025-10-21,2,454.04,Email
O002497,C0622,P0004,2025-10-21,2,338.46,Referral
O002498,C0209,P0005,2025-10-21,3,1037.07,Email
O002499,C0082,P0012,2025-10-21,2,164.04,Paid
O002500,C0334,P0021,2025-10-21,2,119.88,Paid
O002501,C0112,P0019,2025-10-21,3,398.85,Organic
O002502,C0142,P0024,2025-10-21,3,336.42,Email
O002503,C0471,P0019,2025-10-21,3,398.85,Email
O002504,C0283,P0030,2025-10-21,3,104.07,Organic
O002505,C0460,P0034,2025-10-21,2,117.36,Paid
O002506,C0043,P0018,2025-10-21,3,147.57,Email
O002507,C0732,P0019,2025-10-21,3,398.85,Organic
O002508,C0571,P0031,2025-10-21,1,38.12,Organic
O002509,C0131,P0028,2025-10-21,3,125.52,Organic
O002510,C0271,P0037,2025-10-21,1,41.57,Organic
O002511,C0648,P0002,2025-10-21,1,185.4,Organic
O002512,C0431,P0006,2025-10-21,2,131.6,Email
O002513,C0057,P0002,2025-10-21,1,185.4,Organic
O002514,C0017,P0023,2025-10-21,2,183.98,Organic
O002515,C0012,P0028,2025-10-21,3,125.52,Paid
O002516,C0001,P0031,2025-10-21,1,38.12,Paid
O002517,C0269,P0035,2025-10-21,2,176.5,Organic
O002518,C0409,P0036,2025-10-21,3,216.33,Organic
O002519,C0679,P0006,2025-10-21,2,131.6,Organic
O002520,C0369,P0008,2025-10-21,1,226.53,Paid
O002521,C0667,P0003,2025-10-21,3,592.38,Paid
O002522,C0688,P0001,2025-10-21,1,227.02,Email
O002523,C0435,P0006,2025-10-21,2,131.6,Paid
O002524,C0542,P0010,2025-10-21,3,119.4,Paid
O002525,C0567,P0016,2025-10-21,3,171.0,Paid
O002526,C0723,P0012,2025-10-21,3,246.06,Organic
O002527,C0147,P0010,2025-10-21,2,79.6,Organic
O002528,C0065,P0013,2025-10-21,1,55.7,Paid
O002529,C0036,P0009,2025-10-21,1,59.01,Paid
O002530,C0028,P0018,2025-10-21,1,49.19,Paid
O002531,C0109,P0024,2025-10-21,3,336.42,Paid
O002532,C0124,P0023,2025-10-21,2,183.98,Organic
O002533,C0554,P0031,2025-10-21,2,76.24,Paid
O002534,C0467,P0038,2025-10-21,1,18.18,Organic
O002535,C0436,P0033,2025-10-21,3,264.75,Organic
O002536,C0674,P0039,2025-10-21,2,207.16,Paid
O002537,C0442,P0001,2025-10-22,3,681.06,Paid
O002538,C0789,P0014,2025-10-22,2,46.84,Paid
O002539,C0081,P0018,2025-10-22,3,147.57,Organic
O002540,C0495,P0023,2025-10-22,1,91.99,Organic
O002541,C0263,P0019,2025-10-22,1,132.95,Organic
O002542,C0230,P0018,2025-10-22,3,147.57,Referral
O002543,C0131,P0008,2025-10-22,2,453.06,Organic
O002544,C0521,P0006,2025-10-22,2,131.6,Organic
O002545,C0129,P0013,2025-10-22,2,111.4,Organic
O002546,C0244,P0023,2025-10-22,2,183.98,Organic
O002547,C0479,P0024,2025-10-22,1,112.14,Paid
O002548,C0162,P0027,2025-10-22,3,80.19,Paid
O002549,C0410,P0026,2025-10-22,1,56.61,Organic
O002550,C0391,P0025,2025-10-22,3,116.61,Paid
O002551,C0737,P0026,2025-10-22,2,113.22,Email
O002552,C0575,P0037,2025-10-22,3,124.71,Organic
O002553,C0651,P0040,2025-10-22,1,63.16,Organic
O002554,C0407,P0008,2025-10-22,3,679.59,Organic
O002555,C0783,P0001,2025-10-22,2,454.04,Organic
O002556,C0288,P0016,2025-10-22,3,171.0,Paid
O002557,C0464,P0016,2025-10-22,2,114.0,Organic
O002558,C0171,P0015,2025-10-22,2,91.84,Organic
O002559,C0389,P0024,2025-10-22,3,336.42,Referral
O002560,C0477,P0017,2025-10-22,1,24.68,Organic
O002561,C0288,P0026,2025-10-22,3,169.83,Paid
O002562,C0227,P0032,2025-10-22,2,70.84,Paid
O002563,C0451,P0027,2025-10-22,1,26.73,Referral
O002564,C0036,P0006,2025-10-22,1,65.8,Organic
O002565,C0310,P0006,2025-10-22,3,197.4,Email
O002566,C0314,P0002,2025-10-22,2,370.8,Organic
O002567,C0156,P0008,2025-10-22,2,453.06,Email
O002568,C0347,P0010,2025-10-22,2,79.6,Organic
O002569,C0511,P0024,2025-10-22,1,112.14,Organic
O002570,C0365,P0018,2025-10-22,2,98.38,Organic
O002571,C0546,P0023,2025-10-22,3,275.97,Organic
O002572,C0699,P0019,2025-10-22,3,398.85,Email
O002573,C0183,P0029,2025-10-22,3,51.9,Referral
O002574,C0461,P0025,2025-10-22,2,77.74,Organic
O002575,C0777,P0006,2025-10-23,3,197.4,Paid
O002576,C0642,P0002,2025-10-23,1,185.4,Paid
O002577,C0241,P0003,2025-10-23,3,592.38,Paid
O002578,C0248,P0008,2025-10-23,2,453.06,Paid
O002579,C0423,P0003,2025-10-23,1,197.46,Organic
O002580,C0078,P0011,2025-10-23,2,62.62,Email
O002581,C0359,P0016,2025-10-23,3,171.0,Paid
O002582,C0215,P0019,2025-10-23,2,265.9,Paid
O002583,C0696,P0024,2025-10-23,2,224.28,Organic
O002584,C0712,P0023,2025-10-23,3,275.97,Organic
O002585,C0610,P0025,2025-10-23,1,38.87,Paid
O002586,C0384,P0032,2025-10-23,3,106.26,Organic
O002587,C0437,P0006,2025-10-23,1,65.8,Paid
O002588,C0715,P0004,2025-10-23,1,169.23,Email
O002589,C0008,P0015,2025-10-23,1,45.92,Email
O002590,C0596,P0012,2025-10-23,2,164.04,Email
O002591,C0121,P0023,2025-10-23,1,91.99,Paid
O002592,C0620,P0027,2025-10-23,3,80.19,Email
O002593,C0781,P0029,2025-10-23,2,34.6,Paid
O002594,C0355,P0039,2025-10-23,3,310.74,Paid
O002595,C0006,P0034,2025-10-23,3,176.04,Referral
O002596,C0077,P0006,2025-10-23,2,131.6,Organic
O002597,C0784,P0004,2025-10-23,2,338.46,Email
O002598,C0227,P0009,2025-10-23,3,177.03,Paid
O002599,C0114,P0015,2025-10-23,2,91.84,Organic
O002600,C0247,P0011,2025-10-23,2,62.62,Paid
O002601,C0613,P0013,2025-10-23,2,111.4,Organic
O002602,C0323,P0009,2025-10-23,3,177.03,Paid
O002603,C0636,P0019,2025-10-23,3,398.85,Referral
O002604,C0060,P0017,2025-10-23,2,49.36,Paid
O002605,C0282,P0017,2025-10-23,3,74.04,Paid
O002606,C0146,P0021,2025-10-23,2,119.88,Paid
O002607,C0784,P0019,2025-10-23,3,398.85,Organic
O002608,C0187,P0020,2025-10-23,3,238.41,Organic
O002609,C0408,P0030,2025-10-23,3,104.07,Organic
O002610,C0582,P0040,2025-10-23,2,126.32,Email
O002611,C0646,P0008,2025-10-23,3,679.59,Organic
O002612,C0679,P0013,2025-10-23,3,167.1,Email
O002613,C0272,P0009,2025-10-23,1,59.01,Referral
O002614,C0472,P0013,2025-10-23,2,111.4,Organic
O002615,C0511,P0014,2025-10-23,3,70.26,Paid
O002616,C0037,P0025,2025-10-23,2,77.74,Email
O002617,C0510,P0032,2025-10-23,3,106.26,Organic
O002618,C0164,P0034,2025-10-23,2,117.36,Paid
O002619,C0664,P0006,2025-10-24,3,197.4,Paid
O002620,C0664,P0003,2025-10-24,2,394.92,Paid
O002621,C0034,P0004,2025-10-24,1,169.23,Paid
O002622,C0279,P0008,2025-10-24,2,453.06,Organic
O002623,C0749,P0014,2025-10-24,3,70.26,Paid
O002624,C0289,P0014,2025-10-24,2,46.84,Organic
O002625,C0471,P0024,2025-10-24,3,336.42,Paid
O002626,C0476,P0019,2025-10-24,3,398.85,Referral
O002627,C0140,P0028,2025-10-24,2,83.68,Paid
O002628,C0426,P0038,2025-10-24,1,18.18,Referral
O002629,C0396,P0039,2025-10-24,3,310.74,Organic
O002630,C0048,P0036,2025-10-24,3,216.33,Email
O002631,C0195,P0006,2025-10-24,1,65.8,Email
O002632,C0121,P0004,2025-10-24,2,338.46,Organic
O002633,C0781,P0012,2025-10-24,2,164.04,Paid
O002634,C0731,P0023,2025-10-24,1,91.99,Organic
O002635,C0659,P0024,2025-10-24,1,112.14,Organic
O002636,C0200,P0023,2025-10-24,2,183.98,Email
O002637,C0501,P0040,2025-10-24,1,63.16,Paid
O002638,C0492,P0035,2025-10-24,2,176.5,Paid
O002639,C0339,P0004,2025-10-24,2,338.46,Referral
O002640,C0634,P0010,2025-10-24,2,79.6,Email
O002641,C0494,P0009,2025-10-24,1,59.01,Paid
O002642,C0763,P0010,2025-10-24,1,39.8,Organic
O002643,C0176,P0020,2025-10-24,3,238.41,Email
O002644,C0452,P0026,2025-10-24,2,113.22,Paid
O002645,C0755,P0032,2025-10-24,3,106.26,Referral
O002646,C0010,P0028,2025-10-24,2,83.68,Organic
O002647,C0199,P0026,2025-10-24,3,169.83,Organic
O002648,C0012,P0032,2025-10-24,2,70.84,Organic
O002649,C0269,P0040,2025-10-24,3,189.48,Referral
O002650,C0784,P0040,2025-10-24,1,63.16,Paid
O002651,C0179,P0039,2025-10-24,2,207.16,Email
O002652,C0755,P0036,2025-10-24,2,144.22,Organic
O002653,C0259,P0033,2025-10-24,2,176.5,Referral
O002654,C0559,P0040,2025-10-24,3,189.48,Organic
O002655,C0500,P0034,2025-10-24,3,176.04,Paid
O002656,C0273,P0001,2025-10-24,3,681.06,Paid
O002657,C0369,P0016,2025-10-24,1,57.0,Paid
O002658,C0718,P0031,2025-10-24,1,38.12,Email
O002659,C0554,P0026,2025-10-24,3,169.83,Organic
O002660,C0156,P0036,2025-10-24,2,144.22,Paid
O002661,C0401,P0002,2025-10-25,2,370.8,Organic
O002662,C0642,P0010,2025-10-25,1,39.8,Paid
O002663,C0170,P0013,2025-10-25,2,111.4,Organic
O002664,C0548,P0016,2025-10-25,1,57.0,Paid
O002665,C0002,P0024,2025-10-25,3,336.42,Organic
O002666,C0442,P0022,2025-10-25,1,50.39,Paid
O002667,C0319,P0017,2025-10-25,1,24.68,Organic
O002668,C0475,P0021,2025-10-25,3,179.82,Organic
O002669,C0794,P0030,2025-10-25,3,104.07,Organic
O002670,C0637,P0027,2025-10-25,2,53.46,Email
O002671,C0112,P0028,2025-10-25,1,41.84,Organic
O002672,C0595,P0032,2025-10-25,2,70.84,Paid
O002673,C0789,P0032,2025-10-25,2,70.84,Paid
O002674,C0786,P0036,2025-10-25,3,216.33,Organic
O002675,C0096,P0007,2025-10-25,1,170.31,Paid
O002676,C0321,P0003,2025-10-25,1,197.46,Paid
O002677,C0151,P0004,2025-10-25,1,169.23,Organic
O002678,C0520,P0008,2025-10-25,2,453.06,Organic
O002679,C0771,P0004,2025-10-25,1,169.23,Organic
O002680,C0391,P0006,2025-10-25,3,197.4,Organic
O002681,C0615,P0014,2025-10-25,2,46.84,Organic
O002682,C0202,P0012,2025-10-25,3,246.06,Referral
O002683,C0501,P0021,2025-10-25,1,59.94,Organic
O002684,C0317,P0024,2025-10-25,1,112.14,Organic
O002685,C0344,P0023,2025-10-25,3,275.97,Email
O002686,C0129,P0027,2025-10-25,2,53.46,Paid
O002687,C0644,P0033,2025-10-25,2,176.5,Organic
O002688,C0162,P0037,2025-10-25,3,124.71,Paid
O002689,C0521,P0040,2025-10-25,3,189.48,Organic
O002690,C0668,P0034,2025-10-25,3,176.04,Paid
O002691,C0100,P0008,2025-10-25,3,679.59,Paid
O002692,C0494,P0004,2025-10-25,3,507.69,Organic
O002693,C0057,P0002,2025-10-25,3,556.2,Paid
O002694,C0179,P0004,2025-10-25,2,338.46,Organic
O002695,C0450,P0015,2025-10-25,1,45.92,Referral
O002696,C0750,P0016,2025-10-25,2,114.0,Paid
O002697,C0127,P0018,2025-10-25,3,147.57,Paid
O002698,C0625,P0022,2025-10-25,2,100.78,Organic
O002699,C0653,P0029,2025-10-25,3,51.9,Organic
O002700,C0077,P0026,2025-10-25,2,113.22,Organic
O002701,C0154,P0030,2025-10-25,1,34.69,Organic
O002702,C0269,P0033,2025-10-25,3,264.75,Email
O002703,C0107,P0033,2025-10-25,1,88.25,Organic
O002704,C0693,P0008,2025-10-25,2,453.06,Paid
O002705,C0122,P0014,2025-10-25,3,70.26,Referral
O002706,C0314,P0013,2025-10-25,3,167.1,Paid
O002707,C0214,P0019,2025-10-25,1,132.95,Email
O002708,C0510,P0018,2025-10-25,3,147.57,Organic
O002709,C0014,P0022,2025-10-25,1,50.39,Email
O002710,C0368,P0025,2025-10-25,3,116.61,Organic
O002711,C0027,P0026,2025-10-25,3,169.83,Organic
O002712,C0581,P0026,2025-10-25,1,56.61,Organic
O002713,C0643,P0029,2025-10-25,3,51.9,Organic
O002714,C0598,P0034,2025-10-25,1,58.68,Paid
O002715,C0036,P0040,2025-10-25,2,126.32,Referral
O002716,C0618,P0034,2025-10-25,1,58.68,Organic
O002717,C0112,P0004,2025-10-26,2,338.46,Organic
O002718,C0170,P0012,2025-10-26,2,164.04,Email
O002719,C0595,P0011,2025-10-26,2,62.62,Organic
O002720,C0078,P0012,2025-10-26,3,246.06,Organic
O002721,C0379,P0023,2025-10-26,1,91.99,Paid
O002722,C0664,P0017,2025-10-26,3,74.04,Email
O002723,C0048,P0017,2025-10-26,2,49.36,Paid
O002724,C0446,P0020,2025-10-26,3,238.41,Organic
O002725,C0794,P0028,2025-10-26,3,125.52,Organic
O002726,C0794,P0027,2025-10-26,3,80.19,Paid
O002727,C0262,P0030,2025-10-26,3,104.07,Organic
O002728,C0336,P0038,2025-10-26,1,18.18,Organic
O002729,C0495,P0040,2025-10-26,2,126.32,Paid
O002730,C0789,P0036,2025-10-26,1,72.11,Paid
O002731,C0190,P0038,2025-10-26,2,36.36,Organic
O002732,C0794,P0038,2025-10-26,2,36.36,Organic
O002733,C0498,P0033,2025-10-26,1,88.25,Email
O002734,C0777,P0034,2025-10-26,2,117.36,Email
O002735,C0312,P0007,2025-10-26,1,170.31,Referral
O002736,C0068,P0001,2025-10-26,3,681.06,Email
O002737,C0484,P0003,2025-10-26,2,394.92,Organic
O002738,C0640,P0004,2025-10-26,1,169.23,Email
O002739,C0590,P0009,2025-10-26,1,59.01,Organic
O002740,C0212,P0017,2025-10-26,2,49.36,Paid
O002741,C0651,P0025,2025-10-26,3,116.61,Organic
O002742,C0277,P0026,2025-10-26,2,113.22,Paid
O002743,C0659,P0031,2025-10-26,2,76.24,Referral
O002744,C0491,P0034,2025-10-26,1,58.68,Email
O002745,C0152,P0002,2025-10-26,3,556.2,Organic
O002746,C0152,P0003,2025-10-26,2,394.92,Organic
O002747,C0672,P0016,2025-10-26,3,171.0,Organic
O002748,C0106,P0010,2025-10-26,3,119.4,Organic
O002749,C0690,P0016,2025-10-26,2,114.0,Paid
O002750,C0255,P0023,2025-10-26,3,275.97,Organic
O002751,C0148,P0018,2025-10-26,3,147.57,Organic
O002752,C0568,P0029,2025-10-26,3,51.9,Organic
O002753,C0130,P0030,2025-10-26,1,34.69,Paid
O002754,C0144,P0038,2025-10-26,1,18.18,Referral
O002755,C0500,P0035,2025-10-26,2,176.5,Email
O002756,C0373,P0039,2025-10-26,3,310.74,Paid
O002757,C0692,P0003,2025-10-26,1,197.46,Organic
O002758,C0135,P0008,2025-10-26,2,453.06,Organic
O002759,C0436,P0010,2025-10-26,3,119.4,Organic
O002760,C0572,P0011,2025-10-26,1,31.31,Organic
O002761,C0626,P0016,2025-10-26,2,114.0,Paid
O002762,C0103,P0023,2025-10-26,3,275.97,Organic
O002763,C0394,P0024,2025-10-26,1,112.14,Email
O002764,C0285,P0028,2025-10-26,2,83.68,Organic
O002765,C0164,P0025,2025-10-26,1,38.87,Paid
O002766,C0028,P0026,2025-10-26,1,56.61,Organic
O002767,C0695,P0036,2025-10-26,1,72.11,Organic
O002768,C0109,P0035,2025-10-26,2,176.5,Referral
O002769,C0196,P0040,2025-10-26,2,126.32,Paid
O002770,C0356,P0008,2025-10-27,3,679.59,Paid
O002771,C0603,P0002,2025-10-27,2,370.8,Organic
O002772,C0328,P0012,2025-10-27,1,82.02,Paid
O002773,C0631,P0027,2025-10-27,1,26.73,Organic
O002774,C0361,P0001,2025-10-27,1,227.02,Referral
O002775,C0454,P0014,2025-10-27,1,23.42,Organic
O002776,C0521,P0015,2025-10-27,2,91.84,Email
O002777,C0143,P0010,2025-10-27,2,79.6,Organic
O002778,C0355,P0015,2025-10-27,1,45.92,Organic
O002779,C0158,P0020,2025-10-27,3,238.41,Referral
O002780,C0632,P0023,2025-10-27,1,91.99,Organic
O002781,C0143,P0022,2025-10-27,2,100.78,Paid
O002782,C0491,P0023,2025-10-27,1,91.99,Organic
O002783,C0271,P0030,2025-10-27,3,104.07,Organic
O002784,C0491,P0039,2025-10-27,1,103.58,Referral
O002785,C0433,P0034,2025-10-27,2,117.36,Paid
O002786,C0005,P0015,2025-10-27,3,137.76,Organic
O002787,C0318,P0011,2025-10-27,2,62.62,Email
O002788,C0701,P0012,2025-10-27,2,164.04,Organic
O002789,C0111,P0015,2025-10-27,2,91.84,Referral
O002790,C0797,P0023,2025-10-27,2,183.98,Paid
O002791,C0725,P0029,2025-10-27,3,51.9,Organic
O002792,C0339,P0029,2025-10-27,1,17.3,Organic
O002793,C0282,P0033,2025-10-27,1,88.25,Paid
O002794,C0662,P0007,2025-10-27,3,510.93,Paid
O002795,C0352,P0009,2025-10-27,1,59.01,Organic
O002796,C0062,P0015,2025-10-27,2,91.84,Paid
O002797,C0772,P0029,2025-10-27,3,51.9,Paid
O002798,C0542,P0028,2025-10-27,1,41.84,Paid
O002799,C0704,P0040,2025-10-27,1,63.16,Paid
O002800,C0495,P0008,2025-10-28,3,679.59,Organic
O002801,C0595,P0021,2025-10-28,3,179.82,Paid
O002802,C0706,P0027,2025-10-28,1,26.73,Organic
O002803,C0178,P0026,2025-10-28,2,113.22,Paid
O002804,C0076,P0027,2025-10-28,3,80.19,Organic
O002805,C0401,P0031,2025-10-28,1,38.12,Organic
O002806,C0346,P0036,2025-10-28,3,216.33,Email
O002807,C0178,P0036,2025-10-28,3,216.33,Email
O002808,C0619,P0040,2025-10-28,1,63.16,Organic
O002809,C0355,P0006,2025-10-28,2,131.6,Paid
O002810,C0143,P0006,2025-10-28,1,65.8,Organic
O002811,C0454,P0010,2025-10-28,3,119.4,Organic
O002812,C0256,P0009,2025-10-28,1,59.01,Organic
O002813,C0189,P0012,2025-10-28,1,82.02,Email
O002814,C0355,P0019,2025-10-28,3,398.85,Email
O002815,C0566,P0020,2025-10-28,2,158.94,Email
O002816,C0277,P0028,2025-10-28,1,41.84,Organic
O002817,C0611,P0025,2025-10-28,1,38.87,Organic
O002818,C0026,P0033,2025-10-28,3,264.75,Paid
O002819,C0162,P0037,2025-10-28,3,124.71,Organic
O002820,C0780,P0036,2025-10-28,3,216.33,Paid
O002821,C0005,P0001,2025-10-28,1,227.02,Email
O002822,C0412,P0008,2025-10-28,1,226.53,Email
O002823,C0613,P0011,2025-10-28,2,62.62,Paid
O002824,C0672,P0009,2025-10-28,2,118.02,Organic
O002825,C0362,P0022,2025-10-28,1,50.39,Organic
O002826,C0323,P0021,2025-10-28,2,119.88,Paid
O002827,C0260,P0020,2025-10-28,2,158.94,Paid
O002828,C0254,P0024,2025-10-28,3,336.42,Organic
O002829,C0553,P0023,2025-10-28,3,275.97,Paid
O002830,C0458,P0027,2025-10-28,1,26.73,Paid
O002831,C0009,P0033,2025-10-28,1,88.25,Paid
O002832,C0582,P0036,2025-10-28,1,72.11,Organic
O002833,C0407,P0037,2025-10-28,2,83.14,Paid
O002834,C0558,P0036,2025-10-28,2,144.22,Organic
O002835,C0585,P0015,2025-10-28,1,45.92,Organic
O002836,C0306,P0016,2025-10-28,1,57.0,Organic
O002837,C0058,P0022,2025-10-28,3,151.17,Email
O002838,C0751,P0018,2025-10-28,2,98.38,Organic
O002839,C0572,P0019,2025-10-28,1,132.95,Organic
O002840,C0560,P0028,2025-10-28,1,41.84,Organic
O002841,C0109,P0034,2025-10-28,2,117.36,Organic
O002842,C0354,P0004,2025-10-29,2,338.46,Paid
O002843,C0045,P0006,2025-10-29,3,197.4,Organic
O002844,C0303,P0010,2025-10-29,2,79.6,Organic
O002845,C0619,P0012,2025-10-29,1,82.02,Organic
O002846,C0580,P0022,2025-10-29,1,50.39,Referral
O002847,C0386,P0029,2025-10-29,1,17.3,Organic
O002848,C0442,P0025,2025-10-29,2,77.74,Referral
O002849,C0209,P0030,2025-10-29,3,104.07,Organic
O002850,C0120,P0037,2025-10-29,1,41.57,Paid
O002851,C0595,P0034,2025-10-29,1,58.68,Organic
O002852,C0256,P0002,2025-10-29,3,556.2,Organic
O002853,C0731,P0005,2025-10-29,1,345.69,Paid
O002854,C0257,P0004,2025-10-29,3,507.69,Referral
O002855,C0799,P0016,2025-10-29,2,114.0,Organic
O002856,C0295,P0016,2025-10-29,3,171.0,Organic
O002857,C0520,P0015,2025-10-29,3,137.76,Organic
O002858,C0502,P0013,2025-10-29,2,111.4,Organic
O002859,C0483,P0010,2025-10-29,2,79.6,Email
O002860,C0454,P0014,2025-10-29,3,70.26,Referral
O002861,C0383,P0021,2025-10-29,2,119.88,Email
O002862,C0605,P0017,2025-10-29,2,49.36,Email
O002863,C0192,P0027,2025-10-29,2,53.46,Organic
O002864,C0195,P0029,2025-10-29,1,17.3,Organic
O002865,C0653,P0006,2025-10-29,3,197.4,Paid
O002866,C0724,P0005,2025-10-29,1,345.69,Paid
O002867,C0144,P0005,2025-10-29,2,691.38,Paid
O002868,C0269,P0016,2025-10-29,2,114.0,Referral
O002869,C0701,P0009,2025-10-29,1,59.01,Email
O002870,C0673,P0013,2025-10-29,1,55.7,Organic
O002871,C0060,P0013,2025-10-29,2,111.4,Paid
O002872,C0318,P0010,2025-10-29,3,119.4,Organic
O002873,C0259,P0030,2025-10-29,3,104.07,Email
O002874,C0107,P0029,2025-10-29,2,34.6,Referral
O002875,C0392,P0032,2025-10-29,3,106.26,Organic
O002876,C0408,P0028,2025-10-29,1,41.84,Referral
O002877,C0137,P0033,2025-10-29,3,264.75,Paid
O002878,C0179,P0033,2025-10-29,3,264.75,Paid
O002879,C0187,P0036,2025-10-29,3,216.33,Organic
O002880,C0478,P0008,2025-10-29,3,679.59,Organic
O002881,C0394,P0006,2025-10-29,1,65.8,Email
O002882,C0394,P0007,2025-10-29,3,510.93,Organic
O002883,C0366,P0006,2025-10-29,3,197.4,Email
O002884,C0206,P0011,2025-10-29,2,62.62,Referral
O002885,C0572,P0015,2025-10-29,1,45.92,Organic
O002886,C0793,P0011,2025-10-29,2,62.62,Email
O002887,C0327,P0016,2025-10-29,1,57.0,Referral
O002888,C0772,P0022,2025-10-29,3,151.17,Organic
O002889,C0124,P0018,2025-10-29,3,147.57,Paid
O002890,C0800,P0024,2025-10-29,2,224.28,Organic
O002891,C0185,P0021,2025-10-29,2,119.88,Organic
O002892,C0016,P0022,2025-10-29,1,50.39,Organic
O002893,C0064,P0018,2025-10-29,2,98.38,Organic
O002894,C0016,P0026,2025-10-29,1,56.61,Paid
O002895,C0358,P0032,2025-10-29,2,70.84,Paid
O002896,C0302,P0037,2025-10-29,1,41.57,Email
O002897,C0191,P0040,2025-10-29,1,63.16,Paid
O002898,C0279,P0001,2025-10-30,1,227.02,Organic
O002899,C0375,P0007,2025-10-30,3,510.93,Organic
O002900,C0118,P0003,2025-10-30,1,197.46,Organic
O002901,C0600,P0004,2025-10-30,1,169.23,Organic
O002902,C0405,P0007,2025-10-30,2,340.62,Organic
O002903,C0011,P0007,2025-10-30,2,340.62,Referral
O002904,C0796,P0014,2025-10-30,2,46.84,Organic
O002905,C0248,P0017,2025-10-30,3,74.04,Organic
O002906,C0405,P0024,2025-10-30,1,112.14,Organic
O002907,C0630,P0024,2025-10-30,2,224.28,Organic
O002908,C0580,P0021,2025-10-30,3,179.82,Organic
O002909,C0335,P0031,2025-10-30,2,76.24,Organic
O002910,C0532,P0029,2025-10-30,3,51.9,Email
O002911,C0680,P0038,2025-10-30,1,18.18,Referral
O002912,C0218,P0001,2025-10-30,1,227.02,Organic
O002913,C0043,P0006,2025-10-30,3,197.4,Organic
O002914,C0391,P0002,2025-10-30,3,556.2,Referral
O002915,C0216,P0007,2025-10-30,3,510.93,Paid
O002916,C0644,P0013,2025-10-30,2,111.4,Email
O002917,C0682,P0015,2025-10-30,3,137.76,Organic
O002918,C0096,P0019,2025-10-30,3,398.85,Organic
O002919,C0158,P0024,2025-10-30,1,112.14,Organic
O002920,C0682,P0029,2025-10-30,2,34.6,Organic
O002921,C0454,P0039,2025-10-30,1,103.58,Organic
O002922,C0260,P0005,2025-10-30,2,691.38,Referral
O002923,C0106,P0015,2025-10-30,2,91.84,Referral
O002924,C0797,P0027,2025-10-30,3,80.19,Organic
O002925,C0756,P0029,2025-10-30,2,34.6,Organic
O002926,C0009,P0029,2025-10-30,1,17.3,Organic
O002927,C0252,P0031,2025-10-30,1,38.12,Paid
O002928,C0176,P0025,2025-10-30,3,116.61,Organic
O002929,C0005,P0040,2025-10-30,3,189.48,Paid
O002930,C0130,P0040,2025-10-30,2,126.32,Referral
O002931,C0339,P0036,2025-10-30,2,144.22,Organic
O002932,C0089,P0005,2025-10-30,2,691.38,Email
O002933,C0546,P0002,2025-10-30,2,370.8,Organic
O002934,C0031,P0016,2025-10-30,1,57.0,Organic
O002935,C0699,P0015,2025-10-30,1,45.92,Email
O002936,C0073,P0013,2025-10-30,1,55.7,Organic
O002937,C0058,P0016,2025-10-30,3,171.0,Paid
O002938,C0310,P0016,2025-10-30,3,171.0,Organic
O002939,C0126,P0015,2025-10-30,3,137.76,Organic
O002940,C0183,P0013,2025-10-30,3,167.1,Referral
O002941,C0237,P0015,2025-10-30,3,137.76,Paid
O002942,C0314,P0020,2025-10-30,1,79.47,Paid
O002943,C0751,P0018,2025-10-30,3,147.57,Paid
O002944,C0525,P0019,2025-10-30,1,132.95,Paid
O002945,C0265,P0021,2025-10-30,2,119.88,Email
O002946,C0058,P0031,2025-10-30,1,38.12,Organic
O002947,C0525,P0035,2025-10-30,3,264.75,Paid
O002948,C0414,P0008,2025-10-31,3,679.59,Paid
O002949,C0794,P0014,2025-10-31,3,70.26,Organic
O002950,C0619,P0016,2025-10-31,1,57.0,Paid
O002951,C0421,P0017,2025-10-31,1,24.68,Organic
O002952,C0495,P0019,2025-10-31,1,132.95,Email
O002953,C0335,P0018,2025-10-31,2,98.38,Organic
O002954,C0328,P0023,2025-10-31,3,275.97,Paid
O002955,C0161,P0020,2025-10-31,1,79.47,Organic
O002956,C0336,P0025,2025-10-31,1,38.87,Paid
O002957,C0468,P0029,2025-10-31,1,17.3,Paid
O002958,C0706,P0040,2025-10-31,1,63.16,Paid
O002959,C0002,P0036,2025-10-31,3,216.33,Organic
O002960,C0280,P0036,2025-10-31,2,144.22,Organic
O002961,C0048,P0037,2025-10-31,1,41.57,Organic
O002962,C0075,P0038,2025-10-31,3,54.54,Paid
O002963,C0416,P0035,2025-10-31,3,264.75,Email
O002964,C0759,P0004,2025-10-31,1,169.23,Organic
O002965,C0651,P0004,2025-10-31,2,338.46,Email
O002966,C0615,P0011,2025-10-31,1,31.31,Paid
O002967,C0383,P0011,2025-10-31,2,62.62,Email
O002968,C0767,P0013,2025-10-31,2,111.4,Paid
O002969,C0571,P0019,2025-10-31,3,398.85,Email
O002970,C0761,P0032,2025-10-31,2,70.84,Referral
O002971,C0340,P0027,2025-10-31,3,80.19,Referral
O002972,C0731,P0030,2025-10-31,1,34.69,Organic
O002973,C0781,P0035,2025-10-31,3,264.75,Organic
O002974,C0666,P0040,2025-10-31,2,126.32,Organic
O002975,C0043,P0037,2025-10-31,2,83.14,Email
O002976,C0746,P0006,2025-10-31,1,65.8,Email
O002977,C0404,P0001,2025-10-31,3,681.06,Referral
O002978,C0672,P0008,2025-10-31,2,453.06,Organic
O002979,C0086,P0016,2025-10-31,1,57.0,Organic
O002980,C0719,P0015,2025-10-31,3,137.76,Referral
O002981,C0701,P0014,2025-10-31,2,46.84,Organic
O002982,C0494,P0015,2025-10-31,3,137.76,Organic
O002983,C0694,P0012,2025-10-31,2,164.04,Email
O002984,C0060,P0021,2025-10-31,2,119.88,Organic
O002985,C0318,P0017,2025-10-31,1,24.68,Organic
O002986,C0171,P0030,2025-10-31,3,104.07,Organic
O002987,C0508,P0028,2025-10-31,2,83.68,Paid
O002988,C0239,P0033,2025-10-31,1,88.25,Organic
O002989,C0616,P0037,2025-10-31,3,124.71,Email
O002990,C0187,P0037,2025-10-31,2,83.14,Referral
O002991,C0149,P0016,2025-10-31,1,57.0,Organic
O002992,C0036,P0013,2025-10-31,2,111.4,Referral
O002993,C0273,P0010,2025-10-31,1,39.8,Organic
O002994,C0022,P0023,2025-10-31,1,91.99,Organic
O002995,C0751,P0021,2025-10-31,3,179.82,Paid
O002996,C0775,P0030,2025-10-31,1,34.69,Organic
O002997,C0723,P0028,2025-10-31,2,83.68,Paid
O002998,C0024,P0025,2025-10-31,1,38.87,Email
O002999,C0585,P0034,2025-10-31,2,117.36,Email
O003000,C0638,P0039,2025-10-31,3,310.74,Referral
O003001,C0436,P0035,2025-10-31,2,176.5,Organic
O003002,C0600,P0008,2025-11-01,3,679.59,Email
O003003,C0063,P0006,2025-11-01,2,131.6,Organic
O003004,C0712,P0014,2025-11-01,1,23.42,Organic
O003005,C0250,P0010,2025-11-01,1,39.8,Email
O003006,C0396,P0014,2025-11-01,3,70.26,Paid
O003007,C0512,P0017,2025-11-01,1,24.68,Paid
O003008,C0460,P0025,2025-11-01,3,116.61,Organic
O003009,C0698,P0026,2025-11-01,2,113.22,Organic
O003010,C0250,P0039,2025-11-01,3,310.74,Email
O003011,C0319,P0033,2025-11-01,1,88.25,Paid
O003012,C0657,P0038,2025-11-01,2,36.36,Email
O003013,C0552,P0035,2025-11-01,2,176.5,Organic
O003014,C0580,P0038,2025-11-01,1,18.18,Organic
O003015,C0081,P0039,2025-11-01,2,207.16,Paid
O003016,C0532,P0034,2025-11-01,2,117.36,Organic
O003017,C0391,P0016,2025-11-01,1,57.0,Paid
O003018,C0257,P0010,2025-11-01,2,79.6,Paid
O003019,C0659,P0011,2025-11-01,2,62.62,Paid
O003020,C0479,P0014,2025-11-01,3,70.26,Organic
O003021,C0158,P0021,2025-11-01,3,179.82,Organic
O003022,C0232,P0022,2025-11-01,1,50.39,Organic
O003023,C0730,P0022,2025-11-01,1,50.39,Paid
O003024,C0768,P0026,2025-11-01,3,169.83,Organic
O003025,C0218,P0025,2025-11-01,3,116.61,Organic
O003026,C0271,P0039,2025-11-01,2,207.16,Organic
O003027,C0173,P0003,2025-11-01,2,394.92,Email
O003028,C0711,P0005,2025-11-01,3,1037.07,Organic
O003029,C0445,P0002,2025-11-01,2,370.8,Paid
O003030,C0138,P0007,2025-11-01,1,170.31,Organic
O003031,C0493,P0009,2025-11-01,2,118.02,Organic
O003032,C0677,P0010,2025-11-01,3,119.4,Paid
O003033,C0227,P0014,2025-11-01,3,70.26,Paid
O003034,C0148,P0010,2025-11-01,3,119.4,Organic
O003035,C0199,P0024,2025-11-01,2,224.28,Organic
O003036,C0001,P0022,2025-11-01,1,50.39,Paid
O003037,C0032,P0020,2025-11-01,2,158.94,Email
O003038,C0146,P0024,2025-11-01,1,112.14,Organic
O003039,C0057,P0025,2025-11-01,3,116.61,Paid
O003040,C0144,P0027,2025-11-01,3,80.19,Referral
O003041,C0288,P0030,2025-11-01,1,34.69,Paid
O003042,C0130,P0028,2025-11-01,3,125.52,Organic
O003043,C0339,P0028,2025-11-01,2,83.68,Organic
O003044,C0095,P0025,2025-11-01,2,77.74,Organic
O003045,C0083,P0025,2025-11-01,3,116.61,Paid
O003046,C0095,P0035,2025-11-01,1,88.25,Paid
O003047,C0005,P0036,2025-11-01,1,72.11,Referral
O003048,C0445,P0036,2025-11-01,1,72.11,Email
O003049,C0757,P0002,2025-11-01,2,370.8,Paid
O003050,C0313,P0002,2025-11-01,1,185.4,Referral
O003051,C0478,P0005,2025-11-01,3,1037.07,Paid
O003052,C0290,P0006,2025-11-01,2,131.6,Organic
O003053,C0466,P0007,2025-11-01,1,170.31,Referral
O003054,C0306,P0010,2025-11-01,1,39.8,Organic
O003055,C0480,P0016,2025-11-01,3,171.0,Paid
O003056,C0671,P0015,2025-11-01,3,137.76,Referral
O003057,C0228,P0017,2025-11-01,3,74.04,Referral
O003058,C0699,P0026,2025-11-01,1,56.61,Referral
O003059,C0124,P0027,2025-11-01,3,80.19,Organic
O003060,C0793,P0035,2025-11-01,1,88.25,Email
O003061,C0223,P0034,2025-11-01,1,58.68,Organic
O003062,C0675,P0011,2025-11-02,1,31.31,Organic
O003063,C0748,P0012,2025-11-02,3,246.06,Referral
O003064,C0414,P0021,2025-11-02,1,59.94,Email
O003065,C0002,P0021,2025-11-02,2,119.88,Organic
O003066,C0749,P0030,2025-11-02,3,104.07,Organic
O003067,C0348,P0032,2025-11-02,3,106.26,Organic
O003068,C0356,P0030,2025-11-02,1,34.69,Email
O003069,C0099,P0006,2025-11-02,3,197.4,Organic
O003070,C0399,P0002,2025-11-02,1,185.4,Paid
O003071,C0370,P0005,2025-11-02,3,1037.07,Email
O003072,C0256,P0005,2025-11-02,1,345.69,Organic
O003073,C0760,P0016,2025-11-02,2,114.0,Organic
O003074,C0307,P0015,2025-11-02,2,91.84,Organic
O003075,C0129,P0014,2025-11-02,3,70.26,Paid
O003076,C0218,P0017,2025-11-02,3,74.04,Organic
O003077,C0473,P0023,2025-11-02,1,91.99,Organic
O003078,C0564,P0017,2025-11-02,3,74.04,Organic
O003079,C0780,P0031,2025-11-02,3,114.36,Organic
O003080,C0633,P0031,2025-11-02,2,76.24,Paid
O003081,C0261,P0032,2025-11-02,3,106.26,Organic
O003082,C0479,P0028,2025-11-02,3,125.52,Paid
O003083,C0299,P0028,2025-11-02,2,83.68,Referral
O003084,C0676,P0033,2025-11-02,2,176.5,Paid
O003085,C0187,P0007,2025-11-02,2,340.62,Referral
O003086,C0015,P0010,2025-11-02,2,79.6,Paid
O003087,C0385,P0018,2025-11-02,2,98.38,Paid
O003088,C0009,P0019,2025-11-02,1,132.95,Paid
O003089,C0239,P0028,2025-11-02,3,125.52,Referral
O003090,C0282,P0032,2025-11-02,3,106.26,Paid
O003091,C0107,P0031,2025-11-02,1,38.12,Paid
O003092,C0784,P0037,2025-11-02,2,83.14,Organic
O003093,C0254,P0038,2025-11-02,3,54.54,Organic
O003094,C0084,P0036,2025-11-02,2,144.22,Paid
O003095,C0278,P0001,2025-11-02,3,681.06,Organic
O003096,C0302,P0007,2025-11-02,3,510.93,Organic
O003097,C0480,P0001,2025-11-02,1,227.02,Organic
O003098,C0149,P0014,2025-11-02,3,70.26,Paid
O003099,C0183,P0013,2025-11-02,2,111.4,Referral
O003100,C0061,P0010,2025-11-02,1,39.8,Referral
O003101,C0704,P0020,2025-11-02,1,79.47,Paid
O003102,C0265,P0026,2025-11-02,2,113.22,Organic
O003103,C0567,P0033,2025-11-02,2,176.5,Paid
O003104,C0164,P0033,2025-11-02,3,264.75,Organic
O003105,C0156,P0040,2025-11-02,3,189.48,Paid
O003106,C0794,P0011,2025-11-03,2,62.62,Paid
O003107,C0334,P0011,2025-11-03,2,62.62,Paid
O003108,C0078,P0016,2025-11-03,3,171.0,Organic
O003109,C0680,P0024,2025-11-03,1,112.14,Organic
O003110,C0007,P0025,2025-11-03,3,116.61,Organic
O003111,C0268,P0025,2025-11-03,2,77.74,Organic
O003112,C0794,P0029,2025-11-03,2,34.6,Email
O003113,C0379,P0037,2025-11-03,2,83.14,Organic
O003114,C0118,P0033,2025-11-03,1,88.25,Email
O003115,C0046,P0040,2025-11-03,1,63.16,Organic
O003116,C0150,P0005,2025-11-03,2,691.38,Organic
O003117,C0311,P0011,2025-11-03,1,31.31,Organic
O003118,C0245,P0016,2025-11-03,3,171.0,Paid
O003119,C0640,P0016,2025-11-03,3,171.0,Paid
O003120,C0326,P0019,2025-11-03,2,265.9,Organic
O003121,C0291,P0022,2025-11-03,3,151.17,Organic
O003122,C0502,P0023,2025-11-03,2,183.98,Organic
O003123,C0430,P0005,2025-11-03,1,345.69,Organic
O003124,C0700,P0003,2025-11-03,2,394.92,Paid
O003125,C0315,P0007,2025-11-03,2,340.62,Organic
O003126,C0152,P0015,2025-11-03,3,137.76,Organic
O003127,C0187,P0013,2025-11-03,2,111.4,Organic
O003128,C0556,P0012,2025-11-03,1,82.02,Paid
O003129,C0707,P0018,2025-11-03,1,49.19,Organic
O003130,C0106,P0018,2025-11-03,2,98.38,Organic
O003131,C0412,P0036,2025-11-03,1,72.11,Email
O003132,C0717,P0040,2025-11-03,3,189.48,Paid
O003133,C0710,P0034,2025-11-03,1,58.68,Organic
O003134,C0450,P0037,2025-11-03,2,83.14,Email
O003135,C0306,P0004,2025-11-03,2,338.46,Organic
O003136,C0800,P0007,2025-11-03,3,510.93,Organic
O003137,C0770,P0004,2025-11-03,1,169.23,Paid
O003138,C0628,P0015,2025-11-03,1,45.92,Organic
O003139,C0751,P0009,2025-11-03,2,118.02,Paid
O003140,C0013,P0022,2025-11-03,2,100.78,Paid
O003141,C0300,P0019,2025-11-03,1,132.95,Paid
O003142,C0206,P0018,2025-11-03,2,98.38,Paid
O003143,C0172,P0021,2025-11-03,3,179.82,Paid
O003144,C0109,P0027,2025-11-03,3,80.19,Organic
O003145,C0024,P0030,2025-11-03,3,104.07,Organic
O003146,C0058,P0026,2025-11-03,2,113.22,Organic
O003147,C0037,P0038,2025-11-03,1,18.18,Paid
O003148,C0650,P0035,2025-11-03,1,88.25,Paid
O003149,C0037,P0039,2025-11-03,3,310.74,Organic
O003150,C0289,P0004,2025-11-04,2,338.46,Paid
O003151,C0336,P0005,2025-11-04,2,691.38,Organic
O003152,C0547,P0006,2025-11-04,3,197.4,Paid
O003153,C0664,P0014,2025-11-04,2,46.84,Paid
O003154,C0794,P0013,2025-11-04,2,111.4,Organic
O003155,C0691,P0009,2025-11-04,3,177.03,Organic
O003156,C0414,P0019,2025-11-04,3,398.85,Email
O003157,C0749,P0024,2025-11-04,3,336.42,Email
O003158,C0689,P0032,2025-11-04,2,70.84,Organic
O003159,C0631,P0032,2025-11-04,2,70.84,Organic
O003160,C0386,P0025,2025-11-04,1,38.87,Organic
O003161,C0512,P0025,2025-11-04,3,116.61,Email
O003162,C0657,P0039,2025-11-04,3,310.74,Paid
O003163,C0346,P0035,2025-11-04,1,88.25,Organic
O003164,C0311,P0006,2025-11-04,2,131.6,Organic
O003165,C0043,P0012,2025-11-04,2,164.04,Email
O003166,C0131,P0010,2025-11-04,2,79.6,Organic
O003167,C0608,P0022,2025-11-04,1,50.39,Organic
O003168,C0799,P0017,2025-11-04,3,74.04,Organic
O003169,C0596,P0025,2025-11-04,3,116.61,Paid
O003170,C0132,P0040,2025-11-04,3,189.48,Email
O003171,C0409,P0004,2025-11-04,3,507.69,Referral
O003172,C0724,P0005,2025-11-04,3,1037.07,Organic
O003173,C0154,P0006,2025-11-04,2,131.6,Email
O003174,C0534,P0016,2025-11-04,2,114.0,Email
O003175,C0259,P0009,2025-11-04,1,59.01,Organic
O003176,C0670,P0025,2025-11-04,2,77.74,Email
O003177,C0003,P0026,2025-11-04,2,113.22,Email
O003178,C0672,P0025,2025-11-04,1,38.87,Organic
O003179,C0385,P0031,2025-11-04,3,114.36,Organic
O003180,C0709,P0034,2025-11-04,1,58.68,Organic
O003181,C0466,P0007,2025-11-04,2,340.62,Organic
O003182,C0135,P0004,2025-11-04,1,169.23,Paid
O003183,C0191,P0013,2025-11-04,1,55.7,Organic
O003184,C0028,P0019,2025-11-04,1,132.95,Referral
O003185,C0542,P0018,2025-11-04,2,98.38,Referral
O003186,C0214,P0026,2025-11-04,3,169.83,Organic
O003187,C0517,P0032,2025-11-04,1,35.42,Organic
O003188,C0072,P0027,2025-11-04,1,26.73,Organic
O003189,C0302,P0026,2025-11-04,3,169.83,Organic
O003190,C0770,P0040,2025-11-04,3,189.48,Organic
O003191,C0164,P0037,2025-11-04,3,124.71,Email
O003192,C0050,P0039,2025-11-04,1,103.58,Email
O003193,C0740,P0007,2025-11-05,2,340.62,Paid
O003194,C0569,P0016,2025-11-05,3,171.0,Paid
O003195,C0283,P0011,2025-11-05,1,31.31,Email
O003196,C0376,P0019,2025-11-05,1,132.95,Paid
O003197,C0597,P0018,2025-11-05,1,49.19,Organic
O003198,C0231,P0023,2025-11-05,1,91.99,Organic
O003199,C0580,P0020,2025-11-05,3,238.41,Email
O003200,C0353,P0025,2025-11-05,2,77.74,Organic
O003201,C0007,P0026,2025-11-05,1,56.61,Organic
O003202,C0617,P0034,2025-11-05,1,58.68,Organic
O003203,C0275,P0035,2025-11-05,1,88.25,Paid
O003204,C0737,P0004,2025-11-05,1,169.23,Organic
O003205,C0216,P0003,2025-11-05,2,394.92,Paid
O003206,C0666,P0001,2025-11-05,1,227.02,Paid
O003207,C0377,P0007,2025-11-05,2,340.62,Paid
O003208,C0771,P0013,2025-11-05,3,167.1,Organic
O003209,C0437,P0012,2025-11-05,3,246.06,Organic
O003210,C0411,P0023,2025-11-05,3,275.97,Organic
O003211,C0198,P0022,2025-11-05,2,100.78,Paid
O003212,C0771,P0021,2025-11-05,1,59.94,Organic
O003213,C0067,P0025,2025-11-05,3,116.61,Organic
O003214,C0311,P0032,2025-11-05,2,70.84,Email
O003215,C0720,P0029,2025-11-05,1,17.3,Paid
O003216,C0117,P0026,2025-11-05,2,113.22,Referral
O003217,C0132,P0038,2025-11-05,2,36.36,Paid
O003218,C0260,P0005,2025-11-05,2,691.38,Organic
O003219,C0259,P0010,2025-11-05,3,119.4,Organic
O003220,C0141,P0017,2025-11-05,1,24.68,Organic
O003221,C0100,P0023,2025-11-05,1,91.99,Paid
O003222,C0616,P0029,2025-11-05,1,17.3,Organic
O003223,C0187,P0032,2025-11-05,3,106.26,Organic
O003224,C0100,P0032,2025-11-05,1,35.42,Paid
O003225,C0434,P0035,2025-11-05,1,88.25,Organic
O003226,C0054,P0003,2025-11-05,2,394.92,Organic
O003227,C0550,P0012,2025-11-05,1,82.02,Paid
O003228,C0560,P0023,2025-11-05,3,275.97,Organic
O003229,C0183,P0023,2025-11-05,2,183.98,Organic
O003230,C0638,P0040,2025-11-05,3,189.48,Organic
O003231,C0075,P0008,2025-11-06,2,453.06,Organic
O003232,C0691,P0002,2025-11-06,2,370.8,Organic
O003233,C0178,P0001,2025-11-06,2,454.04,Paid
O003234,C0588,P0002,2025-11-06,1,185.4,Organic
O003235,C0297,P0014,2025-11-06,3,70.26,Email
O003236,C0778,P0015,2025-11-06,3,137.76,Email
O003237,C0248,P0010,2025-11-06,1,39.8,Organic
O003238,C0414,P0018,2025-11-06,3,147.57,Email
O003239,C0346,P0017,2025-11-06,1,24.68,Organic
O003240,C0063,P0027,2025-11-06,3,80.19,Organic
O003241,C0289,P0026,2025-11-06,1,56.61,Organic
O003242,C0495,P0032,2025-11-06,3,106.26,Email
O003243,C0359,P0036,2025-11-06,1,72.11,Email
O003244,C0799,P0003,2025-11-06,3,592.38,Referral
O003245,C0218,P0014,2025-11-06,2,46.84,Paid
O003246,C0520,P0012,2025-11-06,3,246.06,Paid
O003247,C0399,P0018,2025-11-06,2,98.38,Organic
O003248,C0291,P0018,2025-11-06,3,147.57,Paid
O003249,C0529,P0029,2025-11-06,3,51.9,Referral
O003250,C0189,P0029,2025-11-06,3,51.9,Paid
O003251,C0091,P0033,2025-11-06,3,264.75,Organic
O003252,C0668,P0034,2025-11-06,2,117.36,Paid
O003253,C0743,P0037,2025-11-06,3,124.71,Organic
O003254,C0392,P0002,2025-11-06,1,185.4,Organic
O003255,C0388,P0001,2025-11-06,3,681.06,Organic
O003256,C0431,P0008,2025-11-06,2,453.06,Organic
O003257,C0060,P0016,2025-11-06,3,171.0,Paid
O003258,C0227,P0010,2025-11-06,2,79.6,Paid
O003259,C0171,P0013,2025-11-06,3,167.1,Paid
O003260,C0009,P0010,2025-11-06,2,79.6,Organic
O003261,C0634,P0018,2025-11-06,1,49.19,Paid
O003262,C0729,P0027,2025-11-06,3,80.19,Email
O003263,C0506,P0030,2025-11-06,2,69.38,Organic
O003264,C0739,P0030,2025-11-06,2,69.38,Organic
O003265,C0616,P0025,2025-11-06,2,77.74,Organic
O003266,C0199,P0037,2025-11-06,3,124.71,Paid
O003267,C0648,P0040,2025-11-06,1,63.16,Organic
O003268,C0179,P0034,2025-11-06,3,176.04,Organic
O003269,C0511,P0004,2025-11-06,3,507.69,Organic
O003270,C0387,P0014,2025-11-06,3,70.26,Organic
O003271,C0313,P0018,2025-11-06,2,98.38,Organic
O003272,C0387,P0018,2025-11-06,1,49.19,Organic
O003273,C0229,P0020,2025-11-06,2,158.94,Organic
O003274,C0109,P0018,2025-11-06,3,147.57,Organic
O003275,C0327,P0032,2025-11-06,2,70.84,Paid
O003276,C0772,P0040,2025-11-06,3,189.48,Paid
O003277,C0406,P0006,2025-11-07,2,131.6,Paid
O003278,C0170,P0007,2025-11-07,3,510.93,Referral
O003279,C0712,P0005,2025-11-07,2,691.38,Paid
O003280,C0376,P0023,2025-11-07,1,91.99,Email
O003281,C0798,P0021,2025-11-07,1,59.94,Email
O003282,C0602,P0020,2025-11-07,3,238.41,Referral
O003283,C0142,P0027,2025-11-07,1,26.73,Organic
O003284,C0112,P0029,2025-11-07,3,51.9,Paid
O003285,C0045,P0031,2025-11-07,3,114.36,Organic
O003286,C0760,P0008,2025-11-07,3,679.59,Paid
O003287,C0487,P0002,2025-11-07,1,185.4,Referral
O003288,C0298,P0008,2025-11-07,2,453.06,Paid
O003289,C0484,P0007,2025-11-07,1,170.31,Organic
O003290,C0308,P0006,2025-11-07,1,65.8,Organic
O003291,C0008,P0013,2025-11-07,2,111.4,Organic
O003292,C0355,P0009,2025-11-07,1,59.01,Organic
O003293,C0333,P0024,2025-11-07,2,224.28,Email
O003294,C0759,P0019,2025-11-07,3,398.85,Organic
O003295,C0158,P0019,2025-11-07,2,265.9,Organic
O003296,C0520,P0017,2025-11-07,1,24.68,Organic
O003297,C0767,P0019,2025-11-07,2,265.9,Organic
O003298,C0131,P0025,2025-11-07,1,38.87,Organic
O003299,C0483,P0030,2025-11-07,2,69.38,Referral
O003300,C0573,P0034,2025-11-07,3,176.04,Organic
O003301,C0068,P0033,2025-11-07,3,264.75,Paid
O003302,C0015,P0005,2025-11-07,3,1037.07,Email
O003303,C0282,P0002,2025-11-07,2,370.8,Paid
O003304,C0707,P0005,2025-11-07,2,691.38,Referral
O003305,C0593,P0013,2025-11-07,2,111.4,Organic
O003306,C0746,P0012,2025-11-07,3,246.06,Organic
O003307,C0409,P0012,2025-11-07,3,246.06,Paid
O003308,C0288,P0009,2025-11-07,1,59.01,Paid
O003309,C0148,P0028,2025-11-07,1,41.84,Referral
O003310,C0059,P0032,2025-11-07,1,35.42,Organic
O003311,C0239,P0038,2025-11-07,2,36.36,Paid
O003312,C0646,P0005,2025-11-07,2,691.38,Paid
O003313,C0065,P0010,2025-11-07,2,79.6,Email
O003314,C0265,P0009,2025-11-07,1,59.01,Organic
O003315,C0598,P0020,2025-11-07,3,238.41,Email
O003316,C0525,P0020,2025-11-07,3,238.41,Organic
O003317,C0109,P0031,2025-11-07,1,38.12,Paid
O003318,C0546,P0030,2025-11-07,1,34.69,Email
O003319,C0054,P0028,2025-11-07,2,83.68,Organic
O003320,C0572,P0031,2025-11-07,2,76.24,Organic
O003321,C0678,P0001,2025-11-08,2,454.04,Organic
O003322,C0283,P0007,2025-11-08,2,340.62,Organic
O003323,C0748,P0006,2025-11-08,1,65.8,Organic
O003324,C0654,P0015,2025-11-08,2,91.84,Paid
O003325,C0268,P0024,2025-11-08,1,112.14,Paid
O003326,C0076,P0023,2025-11-08,1,91.99,Organic
O003327,C0081,P0021,2025-11-08,1,59.94,Paid
O003328,C0403,P0031,2025-11-08,2,76.24,Paid
O003329,C0348,P0037,2025-11-08,2,83.14,Organic
O003330,C0456,P0040,2025-11-08,3,189.48,Organic
O003331,C0799,P0006,2025-11-08,1,65.8,Paid
O003332,C0277,P0007,2025-11-08,1,170.31,Email
O003333,C0043,P0016,2025-11-08,1,57.0,Referral
O003334,C0333,P0009,2025-11-08,3,177.03,Organic
O003335,C0571,P0017,2025-11-08,3,74.04,Paid
O003336,C0261,P0023,2025-11-08,3,275.97,Paid
O003337,C0391,P0025,2025-11-08,1,38.87,Referral
O003338,C0682,P0038,2025-11-08,3,54.54,Referral
O003339,C0317,P0034,2025-11-08,3,176.04,Email
O003340,C0716,P0005,2025-11-08,3,1037.07,Organic
O003341,C0057,P0007,2025-11-08,1,170.31,Organic
O003342,C0625,P0006,2025-11-08,3,197.4,Organic
O003343,C0381,P0004,2025-11-08,2,338.46,Email
O003344,C0702,P0011,2025-11-08,2,62.62,Paid
O003345,C0556,P0014,2025-11-08,3,70.26,Paid
O003346,C0259,P0012,2025-11-08,2,164.04,Paid
O003347,C0601,P0012,2025-11-08,3,246.06,Email
O003348,C0719,P0012,2025-11-08,3,246.06,Paid
O003349,C0754,P0024,2025-11-08,2,224.28,Organic
O003350,C0750,P0021,2025-11-08,3,179.82,Paid
O003351,C0381,P0025,2025-11-08,2,77.74,Organic
O003352,C0500,P0032,2025-11-08,2,70.84,Organic
O003353,C0673,P0036,2025-11-08,3,216.33,Organic
O003354,C0021,P0039,2025-11-08,1,103.58,Organic
O003355,C0434,P0033,2025-11-08,2,176.5,Paid
O003356,C0412,P0036,2025-11-08,1,72.11,Paid
O003357,C0179,P0040,2025-11-08,3,189.48,Referral
O003358,C0462,P0003,2025-11-08,3,592.38,Organic
O003359,C0028,P0008,2025-11-08,1,226.53,Paid
O003360,C0394,P0008,2025-11-08,3,679.59,Email
O003361,C0772,P0009,2025-11-08,3,177.03,Organic
O003362,C0462,P0013,2025-11-08,2,111.4,Organic
O003363,C0265,P0010,2025-11-08,2,79.6,Paid
O003364,C0265,P0018,2025-11-08,1,49.19,Organic
O003365,C0757,P0022,2025-11-08,2,100.78,Paid
O003366,C0327,P0018,2025-11-08,3,147.57,Email
O003367,C0387,P0027,2025-11-08,1,26.73,Organic
O003368,C0314,P0031,2025-11-08,2,76.24,Organic
O003369,C0236,P0034,2025-11-08,3,176.04,Paid
O003370,C0642,P0005,2025-11-09,3,1037.07,Email
O003371,C0631,P0008,2025-11-09,3,679.59,Referral
O003372,C0396,P0004,2025-11-09,1,169.23,Organic
O003373,C0512,P0006,2025-11-09,3,197.4,Organic
O003374,C0595,P0002,2025-11-09,3,556.2,Organic
O003375,C0426,P0006,2025-11-09,1,65.8,Organic
O003376,C0468,P0014,2025-11-09,1,23.42,Paid
O003377,C0475,P0009,2025-11-09,3,177.03,Paid
O003378,C0007,P0017,2025-11-09,3,74.04,Paid
O003379,C0786,P0021,2025-11-09,2,119.88,Organic
O003380,C0280,P0024,2025-11-09,1,112.14,Paid
O003381,C0356,P0020,2025-11-09,1,79.47,Paid
O003382,C0142,P0026,2025-11-09,1,56.61,Organic
O003383,C0423,P0034,2025-11-09,2,117.36,Referral
O003384,C0657,P0036,2025-11-09,1,72.11,Organic
O003385,C0633,P0008,2025-11-09,3,679.59,Organic
O003386,C0489,P0023,2025-11-09,3,275.97,Paid
O003387,C0198,P0024,2025-11-09,3,336.42,Organic
O003388,C0068,P0032,2025-11-09,3,106.26,Paid
O003389,C0504,P0039,2025-11-09,3,310.74,Organic
O003390,C0701,P0002,2025-11-09,3,556.2,Email
O003391,C0254,P0004,2025-11-09,2,338.46,Paid
O003392,C0754,P0007,2025-11-09,3,510.93,Organic
O003393,C0141,P0002,2025-11-09,3,556.2,Organic
O003394,C0083,P0012,2025-11-09,3,246.06,Email
O003395,C0389,P0015,2025-11-09,3,137.76,Paid
O003396,C0556,P0022,2025-11-09,2,100.78,Organic
O003397,C0464,P0021,2025-11-09,2,119.88,Paid
O003398,C0130,P0032,2025-11-09,3,106.26,Referral
O003399,C0114,P0038,2025-11-09,3,54.54,Organic
O003400,C0729,P0039,2025-11-09,3,310.74,Organic
O003401,C0496,P0038,2025-11-09,2,36.36,Paid
O003402,C0647,P0040,2025-11-09,3,189.48,Email
O003403,C0562,P0039,2025-11-09,2,207.16,Paid
O003404,C0499,P0001,2025-11-09,2,454.04,Organic
O003405,C0793,P0002,2025-11-09,1,185.4,Paid
O003406,C0478,P0006,2025-11-09,3,197.4,Paid
O003407,C0036,P0001,2025-11-09,1,227.02,Email
O003408,C0367,P0008,2025-11-09,2,453.06,Referral
O003409,C0505,P0013,2025-11-09,2,111.4,Paid
O003410,C0229,P0009,2025-11-09,3,177.03,Paid
O003411,C0525,P0009,2025-11-09,2,118.02,Email
O003412,C0267,P0017,2025-11-09,1,24.68,Organic
O003413,C0183,P0017,2025-11-09,3,74.04,Paid
O003414,C0546,P0020,2025-11-09,1,79.47,Organic
O003415,C0699,P0021,2025-11-09,1,59.94,Organic
O003416,C0551,P0030,2025-11-09,2,69.38,Paid
O003417,C0306,P0025,2025-11-09,3,116.61,Paid
O003418,C0517,P0032,2025-11-09,3,106.26,Paid
O003419,C0402,P0031,2025-11-09,1,38.12,Paid
O003420,C0196,P0031,2025-11-09,3,114.36,Organic
O003421,C0402,P0028,2025-11-09,1,41.84,Organic
O003422,C0514,P0026,2025-11-09,1,56.61,Paid
O003423,C0679,P0029,2025-11-09,1,17.3,Organic
O003424,C0310,P0031,2025-11-09,3,114.36,Referral
O003425,C0674,P0033,2025-11-09,2,176.5,Organic
O003426,C0748,P0010,2025-11-10,2,79.6,Referral
O003427,C0193,P0010,2025-11-10,3,119.4,Paid
O003428,C0353,P0012,2025-11-10,1,82.02,Referral
O003429,C0664,P0020,2025-11-10,2,158.94,Paid
O003430,C0588,P0031,2025-11-10,1,38.12,Organic
O003431,C0642,P0030,2025-11-10,1,34.69,Paid
O003432,C0193,P0027,2025-11-10,1,26.73,Organic
O003433,C0275,P0029,2025-11-10,3,51.9,Email
O003434,C0161,P0028,2025-11-10,2,83.68,Email
O003435,C0548,P0029,2025-11-10,2,34.6,Organic
O003436,C0208,P0038,2025-11-10,2,36.36,Organic
O003437,C0174,P0036,2025-11-10,1,72.11,Referral
O003438,C0081,P0034,2025-11-10,1,58.68,Organic
O003439,C0279,P0034,2025-11-10,2,117.36,Email
O003440,C0102,P0001,2025-11-10,1,227.02,Paid
O003441,C0131,P0007,2025-11-10,1,170.31,Paid
O003442,C0760,P0014,2025-11-10,1,23.42,Paid
O003443,C0529,P0010,2025-11-10,2,79.6,Organic
O003444,C0087,P0011,2025-11-10,1,31.31,Email
O003445,C0611,P0022,2025-11-10,1,50.39,Paid
O003446,C0781,P0017,2025-11-10,3,74.04,Email
O003447,C0620,P0017,2025-11-10,2,49.36,Paid
O003448,C0218,P0026,2025-11-10,1,56.61,Organic
O003449,C0158,P0038,2025-11-10,3,54.54,Organic
O003450,C0500,P0007,2025-11-10,3,510.93,Email
O003451,C0754,P0004,2025-11-10,2,338.46,Organic
O003452,C0148,P0001,2025-11-10,3,681.06,Paid
O003453,C0747,P0007,2025-11-10,3,510.93,Organic
O003454,C0114,P0008,2025-11-10,3,679.59,Referral
O003455,C0017,P0002,2025-11-10,2,370.8,Paid
O003456,C0445,P0001,2025-11-10,2,454.04,Paid
O003457,C0107,P0006,2025-11-10,2,131.6,Organic
O003458,C0665,P0005,2025-11-10,3,1037.07,Organic
O003459,C0114,P0008,2025-11-10,1,226.53,Paid
O003460,C0545,P0005,2025-11-10,3,1037.07,Organic
O003461,C0653,P0019,2025-11-10,1,132.95,Referral
O003462,C0392,P0029,2025-11-10,1,17.3,Organic
O003463,C0452,P0032,2025-11-10,2,70.84,Paid
O003464,C0621,P0027,2025-11-10,1,26.73,Paid
O003465,C0719,P0038,2025-11-10,3,54.54,Paid
O003466,C0716,P0039,2025-11-10,2,207.16,Organic
O003467,C0059,P0038,2025-11-10,1,18.18,Organic
O003468,C0404,P0040,2025-11-10,2,126.32,Organic
O003469,C0741,P0039,2025-11-10,1,103.58,Email
O003470,C0147,P0015,2025-11-10,1,45.92,Referral
O003471,C0135,P0011,2025-11-10,1,31.31,Paid
O003472,C0626,P0021,2025-11-10,1,59.94,Organic
O003473,C0751,P0018,2025-11-10,2,98.38,Referral
O003474,C0206,P0018,2025-11-10,1,49.19,Paid
O003475,C0400,P0017,2025-11-10,1,24.68,Organic
O003476,C0105,P0023,2025-11-10,3,275.97,Email
O003477,C0016,P0020,2025-11-10,2,158.94,Email
O003478,C0065,P0030,2025-11-10,2,69.38,Paid
O003479,C0461,P0035,2025-11-10,1,88.25,Paid
O003480,C0185,P0033,2025-11-10,3,264.75,Organic
O003481,C0403,P0007,2025-11-11,2,340.62,Paid
O003482,C0081,P0015,2025-11-11,3,137.76,Organic
O003483,C0778,P0012,2025-11-11,1,82.02,Organic
O003484,C0675,P0015,2025-11-11,3,137.76,Organic
O003485,C0178,P0023,2025-11-11,1,91.99,Paid
O003486,C0250,P0021,2025-11-11,2,119.88,Paid
O003487,C0263,P0019,2025-11-11,3,398.85,Email
O003488,C0786,P0021,2025-11-11,3,179.82,Email
O003489,C0353,P0020,2025-11-11,2,158.94,Paid
O003490,C0778,P0027,2025-11-11,2,53.46,Organic
O003491,C0468,P0026,2025-11-11,3,169.83,Email
O003492,C0603,P0029,2025-11-11,1,17.3,Paid
O003493,C0588,P0026,2025-11-11,1,56.61,Paid
O003494,C0341,P0025,2025-11-11,2,77.74,Organic
O003495,C0049,P0034,2025-11-11,1,58.68,Organic
O003496,C0708,P0033,2025-11-11,3,264.75,Organic
O003497,C0743,P0002,2025-11-11,3,556.2,Paid
O003498,C0321,P0009,2025-11-11,3,177.03,Referral
O003499,C0287,P0020,2025-11-11,3,238.41,Referral
O003500,C0212,P0023,2025-11-11,1,91.99,Paid
O003501,C0596,P0024,2025-11-11,1,112.14,Email
O003502,C0284,P0031,2025-11-11,3,114.36,Paid
O003503,C0408,P0006,2025-11-11,3,197.4,Organic
O003504,C0422,P0012,2025-11-11,3,246.06,Organic
O003505,C0582,P0016,2025-11-11,1,57.0,Email
O003506,C0601,P0014,2025-11-11,2,46.84,Organic
O003507,C0672,P0019,2025-11-11,3,398.85,Organic
O003508,C0665,P0020,2025-11-11,2,158.94,Paid
O003509,C0339,P0031,2025-11-11,1,38.12,Organic
O003510,C0412,P0031,2025-11-11,2,76.24,Paid
O003511,C0152,P0035,2025-11-11,3,264.75,Organic
O003512,C0247,P0039,2025-11-11,3,310.74,Paid
O003513,C0499,P0005,2025-11-11,1,345.69,Referral
O003514,C0294,P0015,2025-11-11,1,45.92,Paid
O003515,C0481,P0015,2025-11-11,2,91.84,Organic
O003516,C0210,P0013,2025-11-11,2,111.4,Organic
O003517,C0061,P0021,2025-11-11,2,119.88,Organic
O003518,C0054,P0020,2025-11-11,2,158.94,Referral
O003519,C0191,P0029,2025-11-11,2,34.6,Organic
O003520,C0546,P0031,2025-11-11,1,38.12,Referral
O003521,C0585,P0027,2025-11-11,3,80.19,Email
O003522,C0461,P0035,2025-11-11,2,176.5,Email
O003523,C0650,P0040,2025-11-11,1,63.16,Organic
O003524,C0022,P0034,2025-11-11,2,117.36,Organic
O003525,C0405,P0002,2025-11-12,3,556.2,Organic
O003526,C0241,P0003,2025-11-12,3,592.38,Organic
O003527,C0569,P0007,2025-11-12,3,510.93,Organic
O003528,C0778,P0008,2025-11-12,2,453.06,Organic
O003529,C0475,P0016,2025-11-12,3,171.0,Paid
O003530,C0190,P0016,2025-11-12,3,171.0,Organic
O003531,C0297,P0010,2025-11-12,3,119.4,Referral
O003532,C0076,P0017,2025-11-12,3,74.04,Organic
O003533,C0740,P0017,2025-11-12,2,49.36,Referral
O003534,C0384,P0018,2025-11-12,1,49.19,Organic
O003535,C0330,P0026,2025-11-12,2,113.22,Organic
O003536,C0250,P0040,2025-11-12,3,189.48,Organic
O003537,C0348,P0038,2025-11-12,3,54.54,Organic
O003538,C0401,P0039,2025-11-12,1,103.58,Paid
O003539,C0761,P0008,2025-11-12,3,679.59,Organic
O003540,C0614,P0001,2025-11-12,1,227.02,Paid
O003541,C0726,P0014,2025-11-12,1,23.42,Organic
O003542,C0771,P0010,2025-11-12,3,119.4,Referral
O003543,C0129,P0032,2025-11-12,2,70.84,Referral
O003544,C0448,P0039,2025-11-12,2,207.16,Email
O003545,C0121,P0040,2025-11-12,1,63.16,Paid
O003546,C0763,P0007,2025-11-12,1,170.31,Organic
O003547,C0739,P0004,2025-11-12,1,169.23,Organic
O003548,C0431,P0004,2025-11-12,3,507.69,Organic
O003549,C0647,P0012,2025-11-12,3,246.06,Referral
O003550,C0373,P0012,2025-11-12,3,246.06,Email
O003551,C0709,P0009,2025-11-12,3,177.03,Paid
O003552,C0407,P0019,2025-11-12,3,398.85,Paid
O003553,C0339,P0018,2025-11-12,2,98.38,Organic
O003554,C0015,P0017,2025-11-12,3,74.04,Paid
O003555,C0710,P0029,2025-11-12,2,34.6,Organic
O003556,C0155,P0030,2025-11-12,2,69.38,Paid
O003557,C0593,P0026,2025-11-12,1,56.61,Paid
O003558,C0585,P0014,2025-11-12,2,46.84,Organic
O003559,C0037,P0011,2025-11-12,2,62.62,Organic
O003560,C0692,P0017,2025-11-12,1,24.68,Referral
O003561,C0313,P0019,2025-11-12,3,398.85,Email
O003562,C0064,P0020,2025-11-12,3,238.41,Organic
O003563,C0472,P0031,2025-11-12,2,76.24,Organic
O003564,C0679,P0031,2025-11-12,3,114.36,Organic
O003565,C0628,P0033,2025-11-12,1,88.25,Email
O003566,C0290,P0037,2025-11-12,2,83.14,Referral
O003567,C0704,P0038,2025-11-12,3,54.54,Paid
O003568,C0310,P0034,2025-11-12,3,176.04,Paid
O003569,C0368,P0035,2025-11-12,3,264.75,Paid
O003570,C0796,P0006,2025-11-13,3,197.4,Organic
O003571,C0432,P0010,2025-11-13,2,79.6,Paid
O003572,C0794,P0014,2025-11-13,2,46.84,Paid
O003573,C0444,P0010,2025-11-13,1,39.8,Email
O003574,C0112,P0024,2025-11-13,1,112.14,Email
O003575,C0076,P0018,2025-11-13,1,49.19,Paid
O003576,C0498,P0029,2025-11-13,3,51.9,Organic
O003577,C0698,P0025,2025-11-13,1,38.87,Organic
O003578,C0375,P0037,2025-11-13,2,83.14,Paid
O003579,C0370,P0001,2025-11-13,1,227.02,Organic
O003580,C0295,P0011,2025-11-13,3,93.93,Paid
O003581,C0317,P0011,2025-11-13,1,31.31,Organic
O003582,C0099,P0010,2025-11-13,2,79.6,Paid
O003583,C0573,P0012,2025-11-13,1,82.02,Email
O003584,C0244,P0021,2025-11-13,3,179.82,Paid
O003585,C0309,P0018,2025-11-13,2,98.38,Paid
O003586,C0344,P0023,2025-11-13,2,183.98,Email
O003587,C0308,P0038,2025-11-13,2,36.36,Organic
O003588,C0086,P0008,2025-11-13,3,679.59,Referral
O003589,C0015,P0012,2025-11-13,1,82.02,Paid
O003590,C0430,P0022,2025-11-13,2,100.78,Paid
O003591,C0038,P0017,2025-11-13,2,49.36,Email
O003592,C0625,P0028,2025-11-13,1,41.84,Referral
O003593,C0515,P0005,2025-11-13,3,1037.07,Organic
O003594,C0667,P0006,2025-11-13,2,131.6,Organic
O003595,C0751,P0006,2025-11-13,2,131.6,Paid
O003596,C0265,P0016,2025-11-13,2,114.0,Organic
O003597,C0462,P0009,2025-11-13,3,177.03,Organic
O003598,C0160,P0024,2025-11-13,2,224.28,Organic
O003599,C0598,P0031,2025-11-13,2,76.24,Email
O003600,C0294,P0029,2025-11-13,1,17.3,Email
O003601,C0149,P0027,2025-11-13,1,26.73,Organic
O003602,C0515,P0036,2025-11-13,3,216.33,Organic
O003603,C0353,P0001,2025-11-14,2,454.04,Organic
O003604,C0303,P0007,2025-11-14,2,340.62,Organic
O003605,C0444,P0004,2025-11-14,1,169.23,Paid
O003606,C0004,P0021,2025-11-14,3,179.82,Paid
O003607,C0637,P0017,2025-11-14,1,24.68,Paid
O003608,C0740,P0017,2025-11-14,3,74.04,Paid
O003609,C0178,P0021,2025-11-14,2,119.88,Organic
O003610,C0414,P0029,2025-11-14,2,34.6,Paid
O003611,C0778,P0028,2025-11-14,1,41.84,Organic
O003612,C0034,P0035,2025-11-14,2,176.5,Organic
O003613,C0597,P0040,2025-11-14,1,63.16,Paid
O003614,C0456,P0038,2025-11-14,2,36.36,Organic
O003615,C0344,P0005,2025-11-14,3,1037.07,Paid
O003616,C0564,P0012,2025-11-14,3,246.06,Paid
O003617,C0340,P0015,2025-11-14,3,137.76,Organic
O003618,C0780,P0009,2025-11-14,2,118.02,Organic
O003619,C0633,P0016,2025-11-14,3,171.0,Organic
O003620,C0243,P0022,2025-11-14,1,50.39,Organic
O003621,C0781,P0021,2025-11-14,3,179.82,Organic
O003622,C0131,P0032,2025-11-14,3,106.26,Paid
O003623,C0150,P0038,2025-11-14,1,18.18,Organic
O003624,C0771,P0035,2025-11-14,1,88.25,Organic
O003625,C0254,P0003,2025-11-14,2,394.92,Organic
O003626,C0127,P0003,2025-11-14,3,592.38,Organic
O003627,C0754,P0002,2025-11-14,1,185.4,Paid
O003628,C0173,P0013,2025-11-14,2,111.4,Paid
O003629,C0702,P0022,2025-11-14,2,100.78,Organic
O003630,C0141,P0023,2025-11-14,1,91.99,Paid
O003631,C0260,P0027,2025-11-14,1,26.73,Paid
O003632,C0171,P0027,2025-11-14,1,26.73,Organic
O003633,C0669,P0039,2025-11-14,1,103.58,Paid
O003634,C0673,P0034,2025-11-14,3,176.04,Paid
O003635,C0199,P0037,2025-11-14,1,41.57,Organic
O003636,C0207,P0033,2025-11-14,2,176.5,Organic
O003637,C0643,P0005,2025-11-14,2,691.38,Organic
O003638,C0214,P0010,2025-11-14,3,119.4,Organic
O003639,C0762,P0021,2025-11-14,2,119.88,Organic
O003640,C0367,P0023,2025-11-14,3,275.97,Email
O003641,C0643,P0020,2025-11-14,1,79.47,Organic
O003642,C0022,P0020,2025-11-14,3,238.41,Paid
O003643,C0643,P0030,2025-11-14,3,104.07,Organic
O003644,C0365,P0032,2025-11-14,2,70.84,Paid
O003645,C0031,P0032,2025-11-14,3,106.26,Paid
O003646,C0785,P0033,2025-11-14,2,176.5,Organic
O003647,C0234,P0038,2025-11-14,1,18.18,Referral
O003648,C0478,P0033,2025-11-14,2,176.5,Paid
O003649,C0598,P0037,2025-11-14,2,83.14,Paid
O003650,C0075,P0012,2025-11-15,3,246.06,Paid
O003651,C0376,P0015,2025-11-15,2,91.84,Referral
O003652,C0346,P0010,2025-11-15,3,119.4,Email
O003653,C0630,P0009,2025-11-15,2,118.02,Paid
O003654,C0787,P0021,2025-11-15,2,119.88,Paid
O003655,C0275,P0024,2025-11-15,2,224.28,Organic
O003656,C0512,P0032,2025-11-15,3,106.26,Organic
O003657,C0696,P0030,2025-11-15,2,69.38,Organic
O003658,C0468,P0037,2025-11-15,3,124.71,Paid
O003659,C0070,P0037,2025-11-15,1,41.57,Referral
O003660,C0548,P0035,2025-11-15,3,264.75,Paid
O003661,C0564,P0006,2025-11-15,2,131.6,Organic
O003662,C0232,P0006,2025-11-15,2,131.6,Organic
O003663,C0479,P0001,2025-11-15,2,454.04,Organic
O003664,C0743,P0013,2025-11-15,3,167.1,Organic
O003665,C0760,P0014,2025-11-15,2,46.84,Organic
O003666,C0537,P0017,2025-11-15,2,49.36,Paid
O003667,C0162,P0024,2025-11-15,2,224.28,Email
O003668,C0195,P0036,2025-11-15,1,72.11,Organic
O003669,C0307,P0034,2025-11-15,2,117.36,Email
O003670,C0261,P0033,2025-11-15,1,88.25,Organic
O003671,C0747,P0002,2025-11-15,3,556.2,Email
O003672,C0528,P0003,2025-11-15,2,394.92,Organic
O003673,C0114,P0007,2025-11-15,3,510.93,Paid
O003674,C0408,P0006,2025-11-15,2,131.6,Paid
O003675,C0694,P0003,2025-11-15,2,394.92,Paid
O003676,C0179,P0015,2025-11-15,2,91.84,Paid
O003677,C0345,P0010,2025-11-15,2,79.6,Paid
O003678,C0702,P0014,2025-11-15,1,23.42,Paid
O003679,C0702,P0015,2025-11-15,3,137.76,Organic
O003680,C0005,P0010,2025-11-15,2,79.6,Paid
O003681,C0111,P0016,2025-11-15,2,114.0,Organic
O003682,C0694,P0021,2025-11-15,1,59.94,Paid
O003683,C0582,P0023,2025-11-15,1,91.99,Paid
O003684,C0115,P0023,2025-11-15,1,91.99,Organic
O003685,C0755,P0021,2025-11-15,3,179.82,Paid
O003686,C0445,P0031,2025-11-15,1,38.12,Email
O003687,C0719,P0025,2025-11-15,1,38.87,Organic
O003688,C0362,P0034,2025-11-15,2,117.36,Paid
O003689,C0545,P0033,2025-11-15,1,88.25,Paid
O003690,C0510,P0003,2025-11-15,2,394.92,Organic
O003691,C0770,P0005,2025-11-15,3,1037.07,Organic
O003692,C0435,P0002,2025-11-15,1,185.4,Email
O003693,C0027,P0016,2025-11-15,1,57.0,Organic
O003694,C0486,P0012,2025-11-15,2,164.04,Paid
O003695,C0461,P0016,2025-11-15,3,171.0,Organic
O003696,C0542,P0017,2025-11-15,3,74.04,Organic
O003697,C0368,P0017,2025-11-15,1,24.68,Organic
O003698,C0366,P0025,2025-11-15,1,38.87,Referral
O003699,C0793,P0028,2025-11-15,1,41.84,Organic
O003700,C0542,P0029,2025-11-15,3,51.9,Email
O003701,C0695,P0038,2025-11-15,3,54.54,Paid
O003702,C0654,P0005,2025-11-16,2,691.38,Email
O003703,C0580,P0005,2025-11-16,3,1037.07,Referral
O003704,C0112,P0022,2025-11-16,1,50.39,Organic
O003705,C0610,P0021,2025-11-16,1,59.94,Organic
O003706,C0045,P0022,2025-11-16,2,100.78,Paid
O003707,C0789,P0026,2025-11-16,2,113.22,Referral
O003708,C0262,P0036,2025-11-16,3,216.33,Organic
O003709,C0243,P0002,2025-11-16,3,556.2,Organic
O003710,C0295,P0008,2025-11-16,1,226.53,Organic
O003711,C0644,P0015,2025-11-16,3,137.76,Paid
O003712,C0411,P0009,2025-11-16,2,118.02,Email
O003713,C0232,P0015,2025-11-16,1,45.92,Email
O003714,C0483,P0016,2025-11-16,1,57.0,Organic
O003715,C0198,P0010,2025-11-16,1,39.8,Paid
O003716,C0410,P0017,2025-11-16,2,49.36,Organic
O003717,C0189,P0021,2025-11-16,3,179.82,Organic
O003718,C0411,P0021,2025-11-16,1,59.94,Organic
O003719,C0781,P0023,2025-11-16,3,275.97,Email
O003720,C0566,P0018,2025-11-16,3,147.57,Email
O003721,C0590,P0024,2025-11-16,3,336.42,Email
O003722,C0383,P0018,2025-11-16,1,49.19,Referral
O003723,C0006,P0023,2025-11-16,1,91.99,Paid
O003724,C0307,P0032,2025-11-16,2,70.84,Email
O003725,C0088,P0036,2025-11-16,2,144.22,Email
O003726,C0377,P0036,2025-11-16,3,216.33,Paid
O003727,C0491,P0035,2025-11-16,2,176.5,Organic
O003728,C0127,P0004,2025-11-16,1,169.23,Paid
O003729,C0057,P0007,2025-11-16,2,340.62,Organic
O003730,C0127,P0008,2025-11-16,3,679.59,Paid
O003731,C0669,P0007,2025-11-16,3,510.93,Organic
O003732,C0021,P0011,2025-11-16,3,93.93,Email
O003733,C0060,P0010,2025-11-16,3,119.4,Paid
O003734,C0417,P0015,2025-11-16,2,91.84,Organic
O003735,C0797,P0015,2025-11-16,1,45.92,Organic
O003736,C0672,P0017,2025-11-16,2,49.36,Paid
O003737,C0412,P0024,2025-11-16,3,336.42,Organic
O003738,C0252,P0024,2025-11-16,3,336.42,Paid
O003739,C0625,P0032,2025-11-16,1,35.42,Paid
O003740,C0392,P0035,2025-11-16,2,176.5,Organic
O003741,C0480,P0011,2025-11-16,1,31.31,Paid
O003742,C0267,P0018,2025-11-16,1,49.19,Email
O003743,C0567,P0020,2025-11-16,2,158.94,Organic
O003744,C0327,P0018,2025-11-16,1,49.19,Organic
O003745,C0567,P0029,2025-11-16,2,34.6,Referral
O003746,C0322,P0025,2025-11-16,1,38.87,Paid
O003747,C0285,P0036,2025-11-16,1,72.11,Paid
O003748,C0034,P0005,2025-11-17,1,345.69,Paid
O003749,C0630,P0008,2025-11-17,1,226.53,Organic
O003750,C0359,P0003,2025-11-17,2,394.92,Paid
O003751,C0359,P0005,2025-11-17,3,1037.07,Organic
O003752,C0532,P0015,2025-11-17,1,45.92,Referral
O003753,C0078,P0020,2025-11-17,3,238.41,Organic
O003754,C0110,P0026,2025-11-17,1,56.61,Paid
O003755,C0774,P0030,2025-11-17,2,69.38,Organic
O003756,C0045,P0027,2025-11-17,3,80.19,Referral
O003757,C0689,P0027,2025-11-17,1,26.73,Organic
O003758,C0356,P0030,2025-11-17,3,104.07,Organic
O003759,C0789,P0027,2025-11-17,1,26.73,Organic
O003760,C0682,P0004,2025-11-17,1,169.23,Paid
O003761,C0242,P0004,2025-11-17,3,507.69,Organic
O003762,C0767,P0001,2025-11-17,1,227.02,Organic
O003763,C0189,P0011,2025-11-17,1,31.31,Paid
O003764,C0666,P0016,2025-11-17,3,171.0,Organic
O003765,C0068,P0010,2025-11-17,2,79.6,Paid
O003766,C0764,P0024,2025-11-17,3,336.42,Organic
O003767,C0651,P0020,2025-11-17,1,79.47,Organic
O003768,C0564,P0027,2025-11-17,3,80.19,Organic
O003769,C0277,P0031,2025-11-17,2,76.24,Paid
O003770,C0158,P0040,2025-11-17,1,63.16,Paid
O003771,C0564,P0039,2025-11-17,3,310.74,Paid
O003772,C0202,P0036,2025-11-17,3,216.33,Paid
O003773,C0556,P0008,2025-11-17,2,453.06,Paid
O003774,C0756,P0001,2025-11-17,2,454.04,Paid
O003775,C0683,P0003,2025-11-17,1,197.46,Organic
O003776,C0683,P0001,2025-11-17,1,227.02,Paid
O003777,C0694,P0001,2025-11-17,1,227.02,Paid
O003778,C0057,P0011,2025-11-17,3,93.93,Paid
O003779,C0351,P0014,2025-11-17,3,70.26,Organic
O003780,C0746,P0015,2025-11-17,2,91.84,Email
O003781,C0288,P0017,2025-11-17,3,74.04,Organic
O003782,C0083,P0018,2025-11-17,2,98.38,Organic
O003783,C0500,P0017,2025-11-17,1,24.68,Organic
O003784,C0663,P0029,2025-11-17,1,17.3,Paid
O003785,C0111,P0030,2025-11-17,1,34.69,Organic
O003786,C0635,P0039,2025-11-17,3,310.74,Email
O003787,C0107,P0033,2025-11-17,1,88.25,Paid
O003788,C0729,P0036,2025-11-17,1,72.11,Organic
O003789,C0745,P0038,2025-11-17,2,36.36,Paid
O003790,C0499,P0005,2025-11-17,2,691.38,Email
O003791,C0302,P0002,2025-11-17,3,556.2,Email
O003792,C0368,P0011,2025-11-17,2,62.62,Paid
O003793,C0550,P0020,2025-11-17,2,158.94,Paid
O003794,C0646,P0023,2025-11-17,2,183.98,Organic
O003795,C0466,P0019,2025-11-17,1,132.95,Paid
O003796,C0228,P0032,2025-11-17,3,106.26,Email
O003797,C0650,P0027,2025-11-17,3,80.19,Paid
O003798,C0394,P0039,2025-11-17,3,310.74,Paid
O003799,C0693,P0039,2025-11-17,1,103.58,Email
O003800,C0358,P0040,2025-11-17,2,126.32,Referral
O003801,C0444,P0002,2025-11-18,3,556.2,Organic
O003802,C0118,P0009,2025-11-18,3,177.03,Paid
O003803,C0082,P0036,2025-11-18,1,72.11,Organic
O003804,C0691,P0040,2025-11-18,3,189.48,Organic
O003805,C0231,P0039,2025-11-18,3,310.74,Paid
O003806,C0132,P0002,2025-11-18,3,556.2,Paid
O003807,C0571,P0014,2025-11-18,1,23.42,Organic
O003808,C0242,P0012,2025-11-18,2,164.04,Paid
O003809,C0596,P0010,2025-11-18,2,79.6,Paid
O003810,C0484,P0038,2025-11-18,3,54.54,Organic
O003811,C0325,P0006,2025-11-18,2,131.6,Paid
O003812,C0563,P0001,2025-11-18,1,227.02,Organic
O003813,C0005,P0003,2025-11-18,1,197.46,Organic
O003814,C0138,P0003,2025-11-18,3,592.38,Organic
O003815,C0449,P0014,2025-11-18,1,23.42,Email
O003816,C0707,P0014,2025-11-18,3,70.26,Email
O003817,C0422,P0012,2025-11-18,1,82.02,Organic
O003818,C0179,P0018,2025-11-18,1,49.19,Organic
O003819,C0729,P0018,2025-11-18,1,49.19,Organic
O003820,C0148,P0029,2025-11-18,3,51.9,Organic
O003821,C0445,P0029,2025-11-18,1,17.3,Paid
O003822,C0716,P0030,2025-11-18,1,34.69,Organic
O003823,C0325,P0040,2025-11-18,1,63.16,Paid
O003824,C0559,P0038,2025-11-18,3,54.54,Paid
O003825,C0229,P0006,2025-11-18,3,197.4,Paid
O003826,C0028,P0004,2025-11-18,2,338.46,Organic
O003827,C0674,P0002,2025-11-18,2,370.8,Organic
O003828,C0428,P0012,2025-11-18,2,164.04,Organic
O003829,C0302,P0019,2025-11-18,2,265.9,Organic
O003830,C0511,P0022,2025-11-18,2,100.78,Paid
O003831,C0551,P0017,2025-11-18,1,24.68,Paid
O003832,C0574,P0023,2025-11-18,3,275.97,Referral
O003833,C0172,P0017,2025-11-18,2,49.36,Paid
O003834,C0062,P0032,2025-11-18,2,70.84,Email
O003835,C0290,P0025,2025-11-18,3,116.61,Organic
O003836,C0525,P0031,2025-11-18,3,114.36,Organic
O003837,C0638,P0040,2025-11-18,3,189.48,Organic
O003838,C0567,P0039,2025-11-18,2,207.16,Referral
O003839,C0699,P0038,2025-11-18,2,36.36,Organic
O003840,C0074,P0038,2025-11-18,3,54.54,Organic
O003841,C0335,P0013,2025-11-19,2,111.4,Organic
O003842,C0082,P0018,2025-11-19,3,147.57,Organic
O003843,C0280,P0021,2025-11-19,3,179.82,Organic
O003844,C0209,P0030,2025-11-19,3,104.07,Organic
O003845,C0336,P0030,2025-11-19,1,34.69,Email
O003846,C0346,P0031,2025-11-19,3,114.36,Paid
O003847,C0569,P0038,2025-11-19,3,54.54,Paid
O003848,C0651,P0001,2025-11-19,3,681.06,Paid
O003849,C0737,P0007,2025-11-19,1,170.31,Paid
O003850,C0764,P0012,2025-11-19,1,82.02,Organic
O003851,C0577,P0009,2025-11-19,1,59.01,Organic
O003852,C0102,P0010,2025-11-19,1,39.8,Paid
O003853,C0232,P0024,2025-11-19,1,112.14,Email
O003854,C0256,P0017,2025-11-19,1,24.68,Paid
O003855,C0151,P0023,2025-11-19,1,91.99,Paid
O003856,C0633,P0029,2025-11-19,3,51.9,Paid
O003857,C0771,P0027,2025-11-19,1,26.73,Organic
O003858,C0096,P0031,2025-11-19,2,76.24,Email
O003859,C0240,P0006,2025-11-19,2,131.6,Organic
O003860,C0635,P0001,2025-11-19,2,454.04,Organic
O003861,C0323,P0001,2025-11-19,2,454.04,Email
O003862,C0729,P0010,2025-11-19,1,39.8,Paid
O003863,C0392,P0009,2025-11-19,3,177.03,Paid
O003864,C0127,P0009,2025-11-19,3,177.03,Referral
O003865,C0750,P0016,2025-11-19,1,57.0,Organic
O003866,C0660,P0010,2025-11-19,3,119.4,Paid
O003867,C0003,P0012,2025-11-19,1,82.02,Organic
O003868,C0494,P0017,2025-11-19,2,49.36,Organic
O003869,C0141,P0021,2025-11-19,1,59.94,Paid
O003870,C0148,P0022,2025-11-19,2,100.78,Paid
O003871,C0318,P0031,2025-11-19,2,76.24,Organic
O003872,C0452,P0028,2025-11-19,2,83.68,Paid
O003873,C0452,P0031,2025-11-19,3,114.36,Paid
O003874,C0154,P0036,2025-11-19,2,144.22,Paid
O003875,C0127,P0038,2025-11-19,3,54.54,Paid
O003876,C0366,P0003,2025-11-19,1,197.46,Email
O003877,C0650,P0002,2025-11-19,1,185.4,Paid
O003878,C0149,P0001,2025-11-19,3,681.06,Email
O003879,C0037,P0002,2025-11-19,2,370.8,Organic
O003880,C0054,P0015,2025-11-19,1,45.92,Paid
O003881,C0757,P0024,2025-11-19,3,336.42,Organic
O003882,C0228,P0020,2025-11-19,1,79.47,Paid
O003883,C0646,P0030,2025-11-19,2,69.38,Paid
O003884,C0300,P0028,2025-11-19,3,125.52,Paid
O003885,C0016,P0025,2025-11-19,2,77.74,Paid
O003886,C0036,P0033,2025-11-19,1,88.25,Organic
O003887,C0019,P0003,2025-11-20,1,197.46,Organic
O003888,C0580,P0010,2025-11-20,2,79.6,Paid
O003889,C0123,P0017,2025-11-20,3,74.04,Paid
O003890,C0610,P0021,2025-11-20,1,59.94,Paid
O003891,C0359,P0020,2025-11-20,1,79.47,Paid
O003892,C0406,P0020,2025-11-20,2,158.94,Organic
O003893,C0125,P0024,2025-11-20,3,336.42,Paid
O003894,C0328,P0026,2025-11-20,2,113.22,Paid
O003895,C0161,P0026,2025-11-20,2,113.22,Organic
O003896,C0491,P0002,2025-11-20,3,556.2,Paid
O003897,C0566,P0001,2025-11-20,1,227.02,Paid
O003898,C0284,P0016,2025-11-20,1,57.0,Organic
O003899,C0224,P0009,2025-11-20,3,177.03,Organic
O003900,C0743,P0020,2025-11-20,2,158.94,Organic
O003901,C0342,P0039,2025-11-20,1,103.58,Paid
O003902,C0143,P0034,2025-11-20,3,176.04,Paid
O003903,C0648,P0004,2025-11-20,1,169.23,Paid
O003904,C0393,P0012,2025-11-20,1,82.02,Organic
O003905,C0672,P0012,2025-11-20,1,82.02,Paid
O003906,C0240,P0012,2025-11-20,3,246.06,Organic
O003907,C0744,P0011,2025-11-20,1,31.31,Organic
O003908,C0563,P0023,2025-11-20,2,183.98,Referral
O003909,C0452,P0030,2025-11-20,1,34.69,Referral
O003910,C0747,P0032,2025-11-20,1,35.42,Organic
O003911,C0445,P0040,2025-11-20,3,189.48,Organic
O003912,C0754,P0034,2025-11-20,1,58.68,Email
O003913,C0556,P0034,2025-11-20,3,176.04,Email
O003914,C0739,P0035,2025-11-20,3,264.75,Paid
O003915,C0733,P0004,2025-11-20,3,507.69,Organic
O003916,C0515,P0004,2025-11-20,3,507.69,Paid
O003917,C0347,P0006,2025-11-20,1,65.8,Organic
O003918,C0105,P0006,2025-11-20,3,197.4,Paid
O003919,C0587,P0009,2025-11-20,3,177.03,Organic
O003920,C0014,P0015,2025-11-20,3,137.76,Paid
O003921,C0352,P0012,2025-11-20,1,82.02,Organic
O003922,C0149,P0022,2025-11-20,1,50.39,Paid
O003923,C0775,P0024,2025-11-20,1,112.14,Organic
O003924,C0628,P0020,2025-11-20,3,238.41,Email
O003925,C0525,P0028,2025-11-20,2,83.68,Email
O003926,C0474,P0006,2025-11-21,3,197.4,Organic
O003927,C0250,P0003,2025-11-21,1,197.46,Organic
O003928,C0128,P0004,2025-11-21,1,169.23,Paid
O003929,C0787,P0009,2025-11-21,3,177.03,Paid
O003930,C0548,P0014,2025-11-21,2,46.84,Email
O003931,C0787,P0013,2025-11-21,2,111.4,Email
O003932,C0631,P0009,2025-11-21,1,59.01,Organic
O003933,C0474,P0030,2025-11-21,1,34.69,Paid
O003934,C0446,P0027,2025-11-21,2,53.46,Paid
O003935,C0231,P0032,2025-11-21,3,106.26,Organic
O003936,C0110,P0038,2025-11-21,1,18.18,Organic
O003937,C0471,P0037,2025-11-21,2,83.14,Paid
O003938,C0099,P0002,2025-11-21,2,370.8,Paid
O003939,C0246,P0003,2025-11-21,1,197.46,Email
O003940,C0537,P0006,2025-11-21,2,131.6,Organic
O003941,C0437,P0001,2025-11-21,2,454.04,Referral
O003942,C0242,P0009,2025-11-21,1,59.01,Organic
O003943,C0521,P0016,2025-11-21,1,57.0,Organic
O003944,C0761,P0023,2025-11-21,1,91.99,Organic
O003945,C0720,P0022,2025-11-21,3,151.17,Referral
O003946,C0611,P0028,2025-11-21,3,125.52,Organic
O003947,C0243,P0030,2025-11-21,3,104.07,Organic
O003948,C0665,P0010,2025-11-21,3,119.4,Organic
O003949,C0496,P0016,2025-11-21,2,114.0,Paid
O003950,C0756,P0015,2025-11-21,3,137.76,Paid
O003951,C0741,P0018,2025-11-21,1,49.19,Organic
O003952,C0389,P0021,2025-11-21,2,119.88,Paid
O003953,C0701,P0027,2025-11-21,2,53.46,Paid
O003954,C0621,P0028,2025-11-21,3,125.52,Paid
O003955,C0255,P0027,2025-11-21,2,53.46,Email
O003956,C0449,P0027,2025-11-21,1,26.73,Paid
O003957,C0032,P0035,2025-11-21,3,264.75,Organic
O003958,C0105,P0001,2025-11-21,2,454.04,Organic
O003959,C0313,P0008,2025-11-21,3,679.59,Paid
O003960,C0688,P0010,2025-11-21,1,39.8,Referral
O003961,C0365,P0011,2025-11-21,2,62.62,Organic
O003962,C0785,P0012,2025-11-21,2,164.04,Organic
O003963,C0394,P0018,2025-11-21,3,147.57,Paid
O003964,C0050,P0023,2025-11-21,3,275.97,Email
O003965,C0692,P0022,2025-11-21,3,151.17,Organic
O003966,C0090,P0018,2025-11-21,2,98.38,Organic
O003967,C0645,P0022,2025-11-21,3,151.17,Referral
O003968,C0047,P0032,2025-11-21,1,35.42,Organic
O003969,C0560,P0027,2025-11-21,2,53.46,Paid
O003970,C0514,P0034,2025-11-21,3,176.04,Paid
O003971,C0300,P0039,2025-11-21,1,103.58,Email
O003972,C0072,P0037,2025-11-21,1,41.57,Paid
O003973,C0552,P0005,2025-11-22,2,691.38,Paid
O003974,C0128,P0008,2025-11-22,1,226.53,Referral
O003975,C0786,P0015,2025-11-22,3,137.76,Email
O003976,C0712,P0022,2025-11-22,3,151.17,Paid
O003977,C0335,P0026,2025-11-22,3,169.83,Organic
O003978,C0642,P0027,2025-11-22,1,26.73,Organic
O003979,C0442,P0027,2025-11-22,1,26.73,Organic
O003980,C0610,P0028,2025-11-22,2,83.68,Referral
O003981,C0354,P0039,2025-11-22,1,103.58,Organic
O003982,C0364,P0035,2025-11-22,3,264.75,Paid
O003983,C0777,P0036,2025-11-22,2,144.22,Organic
O003984,C0416,P0035,2025-11-22,2,176.5,Paid
O003985,C0007,P0039,2025-11-22,2,207.16,Paid
O003986,C0720,P0003,2025-11-22,2,394.92,Organic
O003987,C0437,P0001,2025-11-22,1,227.02,Email
O003988,C0232,P0004,2025-11-22,2,338.46,Paid
O003989,C0008,P0014,2025-11-22,1,23.42,Email
O003990,C0529,P0011,2025-11-22,3,93.93,Referral
O003991,C0599,P0020,2025-11-22,3,238.41,Organic
O003992,C0768,P0030,2025-11-22,2,69.38,Organic
O003993,C0287,P0025,2025-11-22,3,116.61,Organic
O003994,C0411,P0038,2025-11-22,1,18.18,Referral
O003995,C0130,P0003,2025-11-22,3,592.38,Paid
O003996,C0144,P0002,2025-11-22,1,185.4,Organic
O003997,C0719,P0008,2025-11-22,2,453.06,Paid
O003998,C0114,P0006,2025-11-22,1,65.8,Organic
O003999,C0613,P0007,2025-11-22,3,510.93,Organic
O004000,C0647,P0012,2025-11-22,1,82.02,Referral
O004001,C0707,P0009,2025-11-22,2,118.02,Referral
O004002,C0702,P0016,2025-11-22,2,114.0,Email
O004003,C0582,P0015,2025-11-22,2,91.84,Paid
O004004,C0750,P0012,2025-11-22,2,164.04,Email
O004005,C0636,P0009,2025-11-22,3,177.03,Paid
O004006,C0670,P0021,2025-11-22,3,179.82,Organic
O004007,C0709,P0032,2025-11-22,3,106.26,Organic
O004008,C0458,P0030,2025-11-22,1,34.69,Referral
O004009,C0323,P0031,2025-11-22,1,38.12,Email
O004010,C0653,P0030,2025-11-22,2,69.38,Organic
O004011,C0012,P0038,2025-11-22,2,36.36,Organic
O004012,C0324,P0039,2025-11-22,1,103.58,Paid
O004013,C0347,P0001,2025-11-22,1,227.02,Referral
O004014,C0551,P0007,2025-11-22,2,340.62,Organic
O004015,C0322,P0008,2025-11-22,2,453.06,Paid
O004016,C0236,P0002,2025-11-22,2,370.8,Organic
O004017,C0800,P0008,2025-11-22,2,453.06,Email
O004018,C0136,P0001,2025-11-22,2,454.04,Email
O004019,C0157,P0002,2025-11-22,2,370.8,Paid
O004020,C0567,P0009,2025-11-22,3,177.03,Organic
O004021,C0124,P0016,2025-11-22,1,57.0,Email
O004022,C0478,P0022,2025-11-22,1,50.39,Organic
O004023,C0466,P0022,2025-11-22,3,151.17,Organic
O004024,C0762,P0021,2025-11-22,3,179.82,Paid
O004025,C0542,P0018,2025-11-22,3,147.57,Email
O004026,C0598,P0017,2025-11-22,2,49.36,Organic
O004027,C0800,P0030,2025-11-22,2,69.38,Paid
O004028,C0646,P0032,2025-11-22,1,35.42,Organic
O004029,C0394,P0025,2025-11-22,3,116.61,Email
O004030,C0662,P0028,2025-11-22,2,83.68,Email
O004031,C0461,P0030,2025-11-22,3,104.07,Referral
O004032,C0770,P0030,2025-11-22,1,34.69,Email
O004033,C0574,P0034,2025-11-22,2,117.36,Paid
O004034,C0045,P0005,2025-11-23,1,345.69,Organic
O004035,C0289,P0006,2025-11-23,2,131.6,Paid
O004036,C0617,P0004,2025-11-23,3,507.69,Paid
O004037,C0208,P0002,2025-11-23,1,185.4,Organic
O004038,C0426,P0010,2025-11-23,2,79.6,Paid
O004039,C0495,P0017,2025-11-23,3,74.04,Organic
O004040,C0547,P0019,2025-11-23,2,265.9,Organic
O004041,C0007,P0017,2025-11-23,2,49.36,Paid
O004042,C0622,P0018,2025-11-23,3,147.57,Paid
O004043,C0379,P0029,2025-11-23,3,51.9,Referral
O004044,C0386,P0031,2025-11-23,3,114.36,Paid
O004045,C0403,P0029,2025-11-23,1,17.3,Referral
O004046,C0796,P0030,2025-11-23,2,69.38,Paid
O004047,C0297,P0036,2025-11-23,1,72.11,Email
O004048,C0396,P0039,2025-11-23,1,103.58,Referral
O004049,C0691,P0040,2025-11-23,2,126.32,Organic
O004050,C0375,P0035,2025-11-23,3,264.75,Organic
O004051,C0536,P0033,2025-11-23,1,88.25,Organic
O004052,C0521,P0002,2025-11-23,1,185.4,Organic
O004053,C0730,P0008,2025-11-23,2,453.06,Organic
O004054,C0629,P0007,2025-11-23,2,340.62,Paid
O004055,C0611,P0010,2025-11-23,3,119.4,Organic
O004056,C0244,P0010,2025-11-23,3,119.4,Paid
O004057,C0129,P0012,2025-11-23,2,164.04,Paid
O004058,C0732,P0010,2025-11-23,2,79.6,Paid
O004059,C0006,P0024,2025-11-23,3,336.42,Organic
O004060,C0760,P0024,2025-11-23,3,336.42,Paid
O004061,C0150,P0030,2025-11-23,1,34.69,Organic
O004062,C0317,P0032,2025-11-23,3,106.26,Organic
O004063,C0132,P0026,2025-11-23,2,113.22,Paid
O004064,C0342,P0032,2025-11-23,3,106.26,Paid
O004065,C0171,P0003,2025-11-23,1,197.46,Organic
O004066,C0179,P0005,2025-11-23,3,1037.07,Organic
O004067,C0141,P0008,2025-11-23,3,679.59,Paid
O004068,C0647,P0009,2025-11-23,2,118.02,Organic
O004069,C0741,P0016,2025-11-23,1,57.0,Organic
O004070,C0146,P0021,2025-11-23,1,59.94,Email
O004071,C0724,P0017,2025-11-23,1,24.68,Organic
O004072,C0683,P0022,2025-11-23,2,100.78,Organic
O004073,C0763,P0020,2025-11-23,1,79.47,Email
O004074,C0729,P0032,2025-11-23,2,70.84,Organic
O004075,C0431,P0040,2025-11-23,2,126.32,Paid
O004076,C0716,P0040,2025-11-23,3,189.48,Organic
O004077,C0727,P0037,2025-11-23,3,124.71,Referral
O004078,C0469,P0005,2025-11-23,2,691.38,Organic
O004079,C0554,P0006,2025-11-23,1,65.8,Paid
O004080,C0462,P0006,2025-11-23,1,65.8,Paid
O004081,C0267,P0005,2025-11-23,3,1037.07,Referral
O004082,C0027,P0014,2025-11-23,3,70.26,Organic
O004083,C0206,P0010,2025-11-23,1,39.8,Organic
O004084,C0105,P0025,2025-11-23,1,38.87,Paid
O004085,C0024,P0029,2025-11-23,1,17.3,Referral
O004086,C0272,P0033,2025-11-23,3,264.75,Paid
O004087,C0519,P0039,2025-11-23,2,207.16,Paid
O004088,C0236,P0036,2025-11-23,2,144.22,Organic
O004089,C0183,P0034,2025-11-23,3,176.04,Referral
O004090,C0123,P0008,2025-11-24,1,226.53,Referral
O004091,C0442,P0002,2025-11-24,2,370.8,Referral
O004092,C0125,P0014,2025-11-24,1,23.42,Organic
O004093,C0359,P0014,2025-11-24,2,46.84,Organic
O004094,C0712,P0009,2025-11-24,1,59.01,Organic
O004095,C0600,P0015,2025-11-24,1,45.92,Email
O004096,C0328,P0009,2025-11-24,1,59.01,Email
O004097,C0580,P0015,2025-11-24,2,91.84,Organic
O004098,C0283,P0021,2025-11-24,1,59.94,Paid
O004099,C0630,P0024,2025-11-24,2,224.28,Paid
O004100,C0275,P0026,2025-11-24,1,56.61,Email
O004101,C0356,P0032,2025-11-24,1,35.42,Paid
O004102,C0268,P0031,2025-11-24,2,76.24,Organic
O004103,C0275,P0029,2025-11-24,2,34.6,Organic
O004104,C0297,P0034,2025-11-24,3,176.04,Paid
O004105,C0597,P0039,2025-11-24,3,310.74,Paid
O004106,C0712,P0038,2025-11-24,3,54.54,Email
O004107,C0689,P0039,2025-11-24,2,207.16,Organic
O004108,C0759,P0004,2025-11-24,1,169.23,Email
O004109,C0189,P0008,2025-11-24,1,226.53,Paid
O004110,C0067,P0016,2025-11-24,3,171.0,Email
O004111,C0216,P0012,2025-11-24,1,82.02,Organic
O004112,C0521,P0012,2025-11-24,2,164.04,Paid
O004113,C0216,P0015,2025-11-24,2,91.84,Referral
O004114,C0410,P0011,2025-11-24,2,62.62,Email
O004115,C0245,P0009,2025-11-24,1,59.01,Organic
O004116,C0308,P0010,2025-11-24,3,119.4,Organic
O004117,C0411,P0018,2025-11-24,1,49.19,Organic
O004118,C0158,P0024,2025-11-24,2,224.28,Paid
O004119,C0101,P0019,2025-11-24,2,265.9,Referral
O004120,C0158,P0021,2025-11-24,2,119.88,Paid
O004121,C0212,P0020,2025-11-24,3,238.41,Paid
O004122,C0244,P0022,2025-11-24,2,100.78,Paid
O004123,C0355,P0032,2025-11-24,2,70.84,Referral
O004124,C0287,P0028,2025-11-24,1,41.84,Referral
O004125,C0767,P0025,2025-11-24,1,38.87,Organic
O004126,C0131,P0038,2025-11-24,2,36.36,Organic
O004127,C0564,P0036,2025-11-24,1,72.11,Email
O004128,C0543,P0033,2025-11-24,1,88.25,Organic
O004129,C0370,P0039,2025-11-24,3,310.74,Email
O004130,C0173,P0004,2025-11-24,1,169.23,Organic
O004131,C0137,P0004,2025-11-24,3,507.69,Organic
O004132,C0184,P0001,2025-11-24,3,681.06,Organic
O004133,C0508,P0008,2025-11-24,1,226.53,Referral
O004134,C0683,P0005,2025-11-24,3,1037.07,Paid
O004135,C0199,P0014,2025-11-24,3,70.26,Paid
O004136,C0494,P0010,2025-11-24,3,119.4,Organic
O004137,C0137,P0022,2025-11-24,1,50.39,Organic
O004138,C0207,P0017,2025-11-24,1,24.68,Organic
O004139,C0500,P0023,2025-11-24,3,275.97,Organic
O004140,C0259,P0026,2025-11-24,1,56.61,Referral
O004141,C0636,P0029,2025-11-24,2,34.6,Organic
O004142,C0458,P0029,2025-11-24,2,34.6,Referral
O004143,C0665,P0025,2025-11-24,1,38.87,Paid
O004144,C0227,P0033,2025-11-24,2,176.5,Organic
O004145,C0756,P0038,2025-11-24,2,36.36,Organic
O004146,C0247,P0039,2025-11-24,3,310.74,Paid
O004147,C0172,P0006,2025-11-24,1,65.8,Organic
O004148,C0273,P0002,2025-11-24,3,556.2,Organic
O004149,C0704,P0005,2025-11-24,3,1037.07,Paid
O004150,C0366,P0015,2025-11-24,2,91.84,Organic
O004151,C0214,P0013,2025-11-24,3,167.1,Organic
O004152,C0072,P0015,2025-11-24,3,137.76,Organic
O004153,C0109,P0024,2025-11-24,2,224.28,Organic
O004154,C0541,P0019,2025-11-24,2,265.9,Organic
O004155,C0499,P0017,2025-11-24,3,74.04,Organic
O004156,C0581,P0019,2025-11-24,1,132.95,Email
O004157,C0294,P0025,2025-11-24,2,77.74,Paid
O004158,C0394,P0029,2025-11-24,1,17.3,Organic
O004159,C0285,P0039,2025-11-24,1,103.58,Organic
O004160,C0498,P0005,2025-11-25,1,345.69,Organic
O004161,C0081,P0005,2025-11-25,3,1037.07,Organic
O004162,C0364,P0007,2025-11-25,1,170.31,Paid
O004163,C0460,P0004,2025-11-25,3,507.69,Paid
O004164,C0555,P0010,2025-11-25,2,79.6,Paid
O004165,C0128,P0009,2025-11-25,1,59.01,Paid
O004166,C0495,P0016,2025-11-25,3,171.0,Organic
O004167,C0630,P0016,2025-11-25,2,114.0,Organic
O004168,C0328,P0022,2025-11-25,2,100.78,Organic
O004169,C0386,P0017,2025-11-25,2,49.36,Paid
O004170,C0208,P0031,2025-11-25,1,38.12,Organic
O004171,C0602,P0027,2025-11-25,3,80.19,Organic
O004172,C0123,P0036,2025-11-25,3,216.33,Paid
O004173,C0055,P0040,2025-11-25,2,126.32,Organic
O004174,C0708,P0035,2025-11-25,1,88.25,Organic
O004175,C0595,P0037,2025-11-25,1,41.57,Organic
O004176,C0112,P0034,2025-11-25,2,117.36,Email
O004177,C0631,P0039,2025-11-25,2,207.16,Email
O004178,C0140,P0040,2025-11-25,3,189.48,Organic
O004179,C0460,P0039,2025-11-25,3,310.74,Referral
O004180,C0244,P0001,2025-11-25,3,681.06,Paid
O004181,C0490,P0006,2025-11-25,1,65.8,Paid
O004182,C0768,P0002,2025-11-25,1,185.4,Paid
O004183,C0526,P0016,2025-11-25,2,114.0,Paid
O004184,C0098,P0015,2025-11-25,3,137.76,Organic
O004185,C0629,P0024,2025-11-25,1,112.14,Organic
O004186,C0410,P0021,2025-11-25,1,59.94,Referral
O004187,C0761,P0021,2025-11-25,2,119.88,Organic
O004188,C0682,P0018,2025-11-25,2,98.38,Organic
O004189,C0026,P0029,2025-11-25,1,17.3,Paid
O004190,C0492,P0031,2025-11-25,2,76.24,Paid
O004191,C0091,P0035,2025-11-25,3,264.75,Organic
O004192,C0521,P0035,2025-11-25,2,176.5,Organic
O004193,C0321,P0039,2025-11-25,2,207.16,Paid
O004194,C0543,P0033,2025-11-25,2,176.5,Paid
O004195,C0568,P0002,2025-11-25,2,370.8,Organic
O004196,C0559,P0005,2025-11-25,1,345.69,Organic
O004197,C0021,P0008,2025-11-25,3,679.59,Organic
O004198,C0393,P0021,2025-11-25,3,179.82,Paid
O004199,C0345,P0023,2025-11-25,3,275.97,Organic
O004200,C0755,P0017,2025-11-25,1,24.68,Referral
O004201,C0709,P0018,2025-11-25,2,98.38,Email
O004202,C0254,P0024,2025-11-25,3,336.42,Paid
O004203,C0021,P0028,2025-11-25,2,83.68,Organic
O004204,C0559,P0034,2025-11-25,2,117.36,Paid
O004205,C0239,P0040,2025-11-25,3,189.48,Organic
O004206,C0553,P0034,2025-11-25,1,58.68,Organic
O004207,C0422,P0033,2025-11-25,3,264.75,Email
O004208,C0003,P0038,2025-11-25,3,54.54,Referral
O004209,C0457,P0002,2025-11-25,1,185.4,Organic
O004210,C0047,P0004,2025-11-25,3,507.69,Organic
O004211,C0103,P0001,2025-11-25,1,227.02,Organic
O004212,C0074,P0015,2025-11-25,2,91.84,Paid
O004213,C0618,P0009,2025-11-25,2,118.02,Organic
O004214,C0428,P0014,2025-11-25,2,46.84,Paid
O004215,C0061,P0014,2025-11-25,2,46.84,Organic
O004216,C0236,P0009,2025-11-25,1,59.01,Paid
O004217,C0073,P0019,2025-11-25,1,132.95,Paid
O004218,C0273,P0018,2025-11-25,1,49.19,Organic
O004219,C0222,P0023,2025-11-25,1,91.99,Email
O004220,C0172,P0024,2025-11-25,1,112.14,Organic
O004221,C0466,P0028,2025-11-25,3,125.52,Organic
O004222,C0022,P0029,2025-11-25,1,17.3,Email
O004223,C0024,P0030,2025-11-25,3,104.07,Referral
O004224,C0376,P0002,2025-11-26,3,556.2,Paid
O004225,C0353,P0006,2025-11-26,3,197.4,Paid
O004226,C0063,P0003,2025-11-26,3,592.38,Paid
O004227,C0231,P0012,2025-11-26,2,164.04,Organic
O004228,C0471,P0020,2025-11-26,1,79.47,Organic
O004229,C0476,P0018,2025-11-26,3,147.57,Organic
O004230,C0796,P0026,2025-11-26,2,113.22,Paid
O004231,C0774,P0030,2025-11-26,1,34.69,Email
O004232,C0471,P0025,2025-11-26,3,116.61,Organic
O004233,C0764,P0008,2025-11-26,2,453.06,Organic
O004234,C0312,P0003,2025-11-26,1,197.46,Organic
O004235,C0216,P0004,2025-11-26,1,169.23,Email
O004236,C0312,P0006,2025-11-26,3,197.4,Organic
O004237,C0629,P0005,2025-11-26,2,691.38,Paid
O004238,C0579,P0016,2025-11-26,1,57.0,Organic
O004239,C0298,P0009,2025-11-26,3,177.03,Paid
O004240,C0629,P0016,2025-11-26,1,57.0,Referral
O004241,C0226,P0018,2025-11-26,1,49.19,Organic
O004242,C0526,P0027,2025-11-26,2,53.46,Organic
O004243,C0151,P0033,2025-11-26,3,264.75,Organic
O004244,C0117,P0040,2025-11-26,2,126.32,Paid
O004245,C0719,P0001,2025-11-26,1,227.02,Paid
O004246,C0744,P0001,2025-11-26,1,227.02,Referral
O004247,C0252,P0003,2025-11-26,2,394.92,Organic
O004248,C0184,P0011,2025-11-26,1,31.31,Email
O004249,C0647,P0020,2025-11-26,3,238.41,Referral
O004250,C0059,P0024,2025-11-26,1,112.14,Paid
O004251,C0582,P0018,2025-11-26,1,49.19,Email
O004252,C0545,P0017,2025-11-26,2,49.36,Organic
O004253,C0613,P0022,2025-11-26,3,151.17,Referral
O004254,C0269,P0035,2025-11-26,2,176.5,Paid
O004255,C0282,P0033,2025-11-26,3,264.75,Organic
O004256,C0060,P0040,2025-11-26,3,189.48,Organic
O004257,C0352,P0005,2025-11-26,1,345.69,Paid
O004258,C0466,P0016,2025-11-26,3,171.0,Email
O004259,C0366,P0013,2025-11-26,3,167.1,Paid
O004260,C0014,P0014,2025-11-26,3,70.26,Paid
O004261,C0267,P0013,2025-11-26,2,111.4,Organic
O004262,C0505,P0024,2025-11-26,3,336.42,Organic
O004263,C0519,P0026,2025-11-26,3,169.83,Organic
O004264,C0461,P0025,2025-11-26,3,116.61,Organic
O004265,C0228,P0030,2025-11-26,2,69.38,Email
O004266,C0126,P0032,2025-11-26,3,106.26,Email
O004267,C0400,P0038,2025-11-26,2,36.36,Email
O004268,C0058,P0039,2025-11-26,2,207.16,Organic
O004269,C0062,P0034,2025-11-26,2,117.36,Email
O004270,C0306,P0036,2025-11-26,1,72.11,Paid
O004271,C0664,P0001,2025-11-27,2,454.04,Referral
O004272,C0078,P0013,2025-11-27,1,55.7,Organic
O004273,C0169,P0009,2025-11-27,2,118.02,Paid
O004274,C0778,P0010,2025-11-27,2,79.6,Organic
O004275,C0167,P0017,2025-11-27,2,49.36,Organic
O004276,C0002,P0023,2025-11-27,3,275.97,Organic
O004277,C0689,P0024,2025-11-27,1,112.14,Referral
O004278,C0580,P0025,2025-11-27,2,77.74,Organic
O004279,C0555,P0030,2025-11-27,3,104.07,Email
O004280,C0328,P0030,2025-11-27,1,34.69,Organic
O004281,C0569,P0026,2025-11-27,1,56.61,Referral
O004282,C0170,P0028,2025-11-27,3,125.52,Paid
O004283,C0087,P0016,2025-11-27,1,57.0,Organic
O004284,C0537,P0015,2025-11-27,1,45.92,Paid
O004285,C0299,P0026,2025-11-27,1,56.61,Referral
O004286,C0489,P0027,2025-11-27,2,53.46,Organic
O004287,C0218,P0027,2025-11-27,1,26.73,Paid
O004288,C0454,P0038,2025-11-27,3,54.54,Referral
O004289,C0119,P0036,2025-11-27,3,216.33,Paid
O004290,C0613,P0004,2025-11-27,1,169.23,Email
O004291,C0665,P0002,2025-11-27,3,556.2,Email
O004292,C0601,P0011,2025-11-27,1,31.31,Organic
O004293,C0345,P0016,2025-11-27,1,57.0,Paid
O004294,C0393,P0032,2025-11-27,1,35.42,Paid
O004295,C0553,P0030,2025-11-27,3,104.07,Organic
O004296,C0750,P0033,2025-11-27,3,264.75,Referral
O004297,C0339,P0034,2025-11-27,2,117.36,Organic
O004298,C0634,P0040,2025-11-27,1,63.16,Organic
O004299,C0762,P0006,2025-11-27,2,131.6,Organic
O004300,C0699,P0004,2025-11-27,3,507.69,Organic
O004301,C0164,P0003,2025-11-27,3,592.38,Paid
O004302,C0050,P0001,2025-11-27,2,454.04,Email
O004303,C0352,P0016,2025-11-27,1,57.0,Organic
O004304,C0352,P0013,2025-11-27,2,111.4,Paid
O004305,C0136,P0011,2025-11-27,2,62.62,Referral
O004306,C0688,P0017,2025-11-27,3,74.04,Email
O004307,C0234,P0017,2025-11-27,1,24.68,Organic
O004308,C0369,P0037,2025-11-27,2,83.14,Organic
O004309,C0387,P0035,2025-11-27,1,88.25,Organic
O004310,C0436,P0038,2025-11-27,3,54.54,Email
O004311,C0157,P0035,2025-11-27,2,176.5,Paid
O004312,C0693,P0040,2025-11-27,1,63.16,Organic
O004313,C0778,P0003,2025-11-28,1,197.46,Organic
O004314,C0279,P0018,2025-11-28,3,147.57,Organic
O004315,C0076,P0021,2025-11-28,3,179.82,Organic
O004316,C0749,P0026,2025-11-28,3,169.83,Referral
O004317,C0303,P0026,2025-11-28,1,56.61,Organic
O004318,C0268,P0029,2025-11-28,1,17.3,Organic
O004319,C0384,P0028,2025-11-28,2,83.68,Organic
O004320,C0174,P0034,2025-11-28,3,176.04,Paid
O004321,C0283,P0033,2025-11-28,2,176.5,Organic
O004322,C0361,P0003,2025-11-28,3,592.38,Email
O004323,C0284,P0005,2025-11-28,3,1037.07,Email
O004324,C0720,P0003,2025-11-28,2,394.92,Paid
O004325,C0311,P0003,2025-11-28,2,394.92,Email
O004326,C0489,P0016,2025-11-28,2,114.0,Paid
O004327,C0316,P0015,2025-11-28,2,91.84,Referral
O004328,C0473,P0021,2025-11-28,3,179.82,Email
O004329,C0288,P0004,2025-11-28,1,169.23,Organic
O004330,C0187,P0001,2025-11-28,2,454.04,Organic
O004331,C0763,P0007,2025-11-28,2,340.62,Paid
O004332,C0673,P0011,2025-11-28,3,93.93,Referral
O004333,C0477,P0017,2025-11-28,1,24.68,Email
O004334,C0745,P0017,2025-11-28,2,49.36,Referral
O004335,C0660,P0023,2025-11-28,3,275.97,Paid
O004336,C0653,P0030,2025-11-28,3,104.07,Organic
O004337,C0449,P0026,2025-11-28,3,169.83,Organic
O004338,C0038,P0037,2025-11-28,2,83.14,Organic
O004339,C0527,P0036,2025-11-28,2,144.22,Email
O004340,C0187,P0037,2025-11-28,2,83.14,Organic
O004341,C0558,P0035,2025-11-28,1,88.25,Email
O004342,C0060,P0035,2025-11-28,2,176.5,Paid
O004343,C0553,P0040,2025-11-28,3,189.48,Email
O004344,C0709,P0033,2025-11-28,2,176.5,Paid
O004345,C0674,P0006,2025-11-28,1,65.8,Organic
O004346,C0103,P0001,2025-11-28,1,227.02,Organic
O004347,C0197,P0008,2025-11-28,3,679.59,Email
O004348,C0679,P0002,2025-11-28,1,185.4,Organic
O004349,C0662,P0016,2025-11-28,2,114.0,Organic
O004350,C0310,P0010,2025-11-28,2,79.6,Email
O004351,C0662,P0012,2025-11-28,3,246.06,Organic
O004352,C0723,P0021,2025-11-28,2,119.88,Organic
O004353,C0036,P0023,2025-11-28,1,91.99,Organic
O004354,C0358,P0023,2025-11-28,1,91.99,Organic
O004355,C0197,P0021,2025-11-28,2,119.88,Organic
O004356,C0314,P0017,2025-11-28,3,74.04,Organic
O004357,C0214,P0023,2025-11-28,2,183.98,Paid
O004358,C0695,P0022,2025-11-28,1,50.39,Organic
O004359,C0016,P0030,2025-11-28,1,34.69,Email
O004360,C0785,P0027,2025-11-28,2,53.46,Organic
O004361,C0800,P0030,2025-11-28,1,34.69,Referral
O004362,C0459,P0035,2025-11-28,2,176.5,Email
O004363,C0301,P0036,2025-11-28,2,144.22,Paid
O004364,C0126,P0036,2025-11-28,1,72.11,Paid
O004365,C0334,P0004,2025-11-29,3,507.69,Organic
O004366,C0007,P0007,2025-11-29,2,340.62,Organic
O004367,C0789,P0015,2025-11-29,1,45.92,Email
O004368,C0082,P0013,2025-11-29,3,167.1,Organic
O004369,C0414,P0020,2025-11-29,1,79.47,Organic
O004370,C0406,P0021,2025-11-29,2,119.88,Paid
O004371,C0580,P0030,2025-11-29,2,69.38,Organic
O004372,C0063,P0025,2025-11-29,2,77.74,Organic
O004373,C0668,P0007,2025-11-29,1,170.31,Organic
O004374,C0158,P0004,2025-11-29,3,507.69,Organic
O004375,C0768,P0006,2025-11-29,3,197.4,Organic
O004376,C0096,P0004,2025-11-29,1,169.23,Organic
O004377,C0298,P0015,2025-11-29,2,91.84,Organic
O004378,C0666,P0021,2025-11-29,3,179.82,Paid
O004379,C0526,P0018,2025-11-29,3,147.57,Email
O004380,C0577,P0017,2025-11-29,2,49.36,Paid
O004381,C0491,P0030,2025-11-29,2,69.38,Organic
O004382,C0068,P0027,2025-11-29,1,26.73,Organic
O004383,C0383,P0031,2025-11-29,3,114.36,Organic
O004384,C0308,P0036,2025-11-29,1,72.11,Organic
O004385,C0224,P0038,2025-11-29,3,54.54,Email
O004386,C0690,P0005,2025-11-29,2,691.38,Email
O004387,C0719,P0006,2025-11-29,3,197.4,Email
O004388,C0154,P0006,2025-11-29,3,197.4,Paid
O004389,C0634,P0011,2025-11-29,3,93.93,Organic
O004390,C0108,P0016,2025-11-29,3,171.0,Paid
O004391,C0100,P0023,2025-11-29,2,183.98,Organic
O004392,C0744,P0024,2025-11-29,1,112.14,Referral
O004393,C0725,P0018,2025-11-29,1,49.19,Paid
O004394,C0060,P0024,2025-11-29,2,224.28,Paid
O004395,C0252,P0019,2025-11-29,2,265.9,Email
O004396,C0601,P0028,2025-11-29,2,83.68,Referral
O004397,C0154,P0029,2025-11-29,1,17.3,Organic
O004398,C0240,P0039,2025-11-29,2,207.16,Organic
O004399,C0084,P0033,2025-11-29,3,264.75,Paid
O004400,C0707,P0039,2025-11-29,2,207.16,Organic
O004401,C0373,P0033,2025-11-29,1,88.25,Organic
O004402,C0036,P0001,2025-11-29,1,227.02,Organic
O004403,C0733,P0014,2025-11-29,1,23.42,Organic
O004404,C0695,P0018,2025-11-29,3,147.57,Paid
O004405,C0667,P0023,2025-11-29,2,183.98,Paid
O004406,C0646,P0017,2025-11-29,1,24.68,Email
O004407,C0105,P0028,2025-11-29,3,125.52,Organic
O004408,C0054,P0028,2025-11-29,3,125.52,Paid
O004409,C0461,P0026,2025-11-29,2,113.22,Referral
O004410,C0314,P0036,2025-11-29,3,216.33,Email
O004411,C0109,P0033,2025-11-29,1,88.25,Paid
O004412,C0022,P0036,2025-11-29,3,216.33,Organic
O004413,C0480,P0036,2025-11-29,2,144.22,Paid
O004414,C0183,P0038,2025-11-29,2,36.36,Paid
O004415,C0444,P0006,2025-11-30,2,131.6,Paid
O004416,C0004,P0002,2025-11-30,2,370.8,Paid
O004417,C0789,P0002,2025-11-30,1,185.4,Email
O004418,C0263,P0008,2025-11-30,3,679.59,Paid
O004419,C0637,P0015,2025-11-30,1,45.92,Organic
O004420,C0597,P0011,2025-11-30,1,31.31,Organic
O004421,C0078,P0018,2025-11-30,1,49.19,Organic
O004422,C0348,P0031,2025-11-30,2,76.24,Paid
O004423,C0063,P0025,2025-11-30,3,116.61,Referral
O004424,C0364,P0030,2025-11-30,2,69.38,Referral
O004425,C0356,P0039,2025-11-30,2,207.16,Paid
O004426,C0476,P0038,2025-11-30,2,36.36,Paid
O004427,C0162,P0001,2025-11-30,3,681.06,Organic
O004428,C0473,P0012,2025-11-30,1,82.02,Paid
O004429,C0189,P0014,2025-11-30,3,70.26,Referral
O004430,C0344,P0015,2025-11-30,2,91.84,Organic
O004431,C0731,P0011,2025-11-30,1,31.31,Email
O004432,C0484,P0017,2025-11-30,1,24.68,Organic
O004433,C0243,P0024,2025-11-30,2,224.28,Referral
O004434,C0119,P0017,2025-11-30,3,74.04,Email
O004435,C0620,P0022,2025-11-30,3,151.17,Email
O004436,C0490,P0018,2025-11-30,3,147.57,Paid
O004437,C0640,P0018,2025-11-30,2,98.38,Organic
O004438,C0491,P0022,2025-11-30,1,50.39,Referral
O004439,C0529,P0030,2025-11-30,2,69.38,Organic
O004440,C0068,P0032,2025-11-30,3,106.26,Referral
O004441,C0355,P0033,2025-11-30,3,264.75,Paid
O004442,C0333,P0033,2025-11-30,2,176.5,Paid
O004443,C0298,P0037,2025-11-30,2,83.14,Organic
O004444,C0596,P0033,2025-11-30,1,88.25,Paid
O004445,C0430,P0004,2025-11-30,1,169.23,Organic
O004446,C0179,P0001,2025-11-30,3,681.06,Referral
O004447,C0086,P0015,2025-11-30,2,91.84,Paid
O004448,C0717,P0015,2025-11-30,1,45.92,Paid
O004449,C0100,P0010,2025-11-30,3,119.4,Referral
O004450,C0690,P0016,2025-11-30,1,57.0,Paid
O004451,C0388,P0018,2025-11-30,3,147.57,Organic
O004452,C0756,P0020,2025-11-30,2,158.94,Paid
O004453,C0450,P0024,2025-11-30,2,224.28,Email
O004454,C0434,P0020,2025-11-30,3,238.41,Email
O004455,C0127,P0019,2025-11-30,1,132.95,Paid
O004456,C0593,P0018,2025-11-30,2,98.38,Referral
O004457,C0032,P0017,2025-11-30,1,24.68,Organic
O004458,C0108,P0018,2025-11-30,1,49.19,Paid
O004459,C0227,P0023,2025-11-30,1,91.99,Paid
O004460,C0083,P0031,2025-11-30,3,114.36,Paid
O004461,C0269,P0032,2025-11-30,1,35.42,Organic
O004462,C0038,P0025,2025-11-30,3,116.61,Paid
O004463,C0677,P0028,2025-11-30,1,41.84,Email
O004464,C0315,P0029,2025-11-30,1,17.3,Email
O004465,C0648,P0030,2025-11-30,1,34.69,Organic
O004466,C0187,P0036,2025-11-30,1,72.11,Paid
O004467,C0700,P0034,2025-11-30,3,176.04,Organic
O004468,C0723,P0002,2025-11-30,3,556.2,Paid
O004469,C0692,P0003,2025-11-30,2,394.92,Organic
O004470,C0775,P0002,2025-11-30,2,370.8,Paid
O004471,C0365,P0015,2025-11-30,3,137.76,Referral
O004472,C0278,P0020,2025-11-30,3,238.41,Organic
O004473,C0369,P0022,2025-11-30,3,151.17,Organic
O004474,C0402,P0027,2025-11-30,3,80.19,Referral
O004475,C0574,P0030,2025-11-30,1,34.69,Referral
O004476,C0290,P0034,2025-11-30,2,117.36,Organic
O004477,C0692,P0037,2025-11-30,1,41.57,Email
O004478,C0160,P0035,2025-11-30,2,176.5,Paid
O004479,C0469,P0037,2025-11-30,3,124.71,Organic
O004480,C0510,P0039,2025-11-30,1,103.58,Paid
O004481,C0167,P0007,2025-12-01,2,340.62,Paid
O004482,C0330,P0004,2025-12-01,1,169.23,Paid
O004483,C0698,P0009,2025-12-01,3,177.03,Organic
O004484,C0208,P0011,2025-12-01,2,62.62,Paid
O004485,C0112,P0020,2025-12-01,2,158.94,Organic
O004486,C0548,P0031,2025-12-01,1,38.12,Paid
O004487,C0076,P0027,2025-12-01,1,26.73,Organic
O004488,C0576,P0036,2025-12-01,2,144.22,Organic
O004489,C0123,P0035,2025-12-01,2,176.5,Organic
O004490,C0426,P0033,2025-12-01,3,264.75,Email
O004491,C0326,P0004,2025-12-01,2,338.46,Organic
O004492,C0764,P0016,2025-12-01,2,114.0,Organic
O004493,C0730,P0010,2025-12-01,1,39.8,Organic
O004494,C0575,P0009,2025-12-01,3,177.03,Organic
O004495,C0682,P0024,2025-12-01,2,224.28,Organic
O004496,C0391,P0017,2025-12-01,2,49.36,Organic
O004497,C0245,P0029,2025-12-01,1,17.3,Organic
O004498,C0521,P0036,2025-12-01,1,72.11,Paid
O004499,C0315,P0004,2025-12-01,2,338.46,Paid
O004500,C0060,P0005,2025-12-01,2,691.38,Organic
O004501,C0017,P0004,2025-12-01,2,338.46,Organic
O004502,C0508,P0001,2025-12-01,1,227.02,Referral
O004503,C0392,P0009,2025-12-01,1,59.01,Referral
O004504,C0496,P0009,2025-12-01,2,118.02,Paid
O004505,C0407,P0015,2025-12-01,2,91.84,Paid
O004506,C0784,P0013,2025-12-01,1,55.7,Email
O004507,C0111,P0024,2025-12-01,1,112.14,Organic
O004508,C0260,P0024,2025-12-01,2,224.28,Organic
O004509,C0240,P0023,2025-12-01,1,91.99,Email
O004510,C0323,P0023,2025-12-01,2,183.98,Referral
O004511,C0114,P0018,2025-12-01,1,49.19,Organic
O004512,C0784,P0017,2025-12-01,1,24.68,Organic
O004513,C0393,P0019,2025-12-01,2,265.9,Organic
O004514,C0701,P0029,2025-12-01,1,17.3,Organic
O004515,C0717,P0030,2025-12-01,1,34.69,Paid
O004516,C0739,P0032,2025-12-01,2,70.84,Paid
O004517,C0417,P0028,2025-12-01,2,83.68,Organic
O004518,C0527,P0033,2025-12-01,1,88.25,Email
O004519,C0404,P0033,2025-12-01,2,176.5,Paid
O004520,C0724,P0033,2025-12-01,1,88.25,Paid
O004521,C0704,P0006,2025-12-01,2,131.6,Email
O004522,C0365,P0010,2025-12-01,1,39.8,Organic
O004523,C0310,P0013,2025-12-01,1,55.7,Organic
O004524,C0560,P0012,2025-12-01,2,164.04,Organic
O004525,C0105,P0009,2025-12-01,3,177.03,Email
O004526,C0499,P0018,2025-12-01,1,49.19,Email
O004527,C0024,P0032,2025-12-01,2,70.84,Organic
O004528,C0191,P0025,2025-12-01,2,77.74,Organic
O004529,C0265,P0027,2025-12-01,2,53.46,Paid
O004530,C0234,P0038,2025-12-01,1,18.18,Paid
O004531,C0090,P0037,2025-12-01,1,41.57,Organic
O004532,C0210,P0039,2025-12-01,2,207.16,Organic
O004533,C0065,P0037,2025-12-01,3,124.71,Organic
O004534,C0369,P0039,2025-12-01,2,207.16,Referral
O004535,C0379,P0012,2025-12-02,1,82.02,Organic
O004536,C0359,P0011,2025-12-02,3,93.93,Paid
O004537,C0386,P0013,2025-12-02,3,167.1,Paid
O004538,C0474,P0009,2025-12-02,3,177.03,Paid
O004539,C0444,P0020,2025-12-02,3,238.41,Paid
O004540,C0390,P0037,2025-12-02,1,41.57,Email
O004541,C0432,P0037,2025-12-02,3,124.71,Paid
O004542,C0489,P0006,2025-12-02,3,197.4,Email
O004543,C0629,P0001,2025-12-02,1,227.02,Paid
O004544,C0101,P0003,2025-12-02,2,394.92,Paid
O004545,C0195,P0020,2025-12-02,3,238.41,Organic
O004546,C0722,P0025,2025-12-02,2,77.74,Organic
O004547,C0570,P0029,2025-12-02,2,34.6,Paid
O004548,C0599,P0028,2025-12-02,3,125.52,Organic
O004549,C0526,P0031,2025-12-02,3,114.36,Organic
O004550,C0150,P0037,2025-12-02,3,124.71,Organic
O004551,C0377,P0037,2025-12-02,3,124.71,Organic
O004552,C0108,P0007,2025-12-02,3,510.93,Organic
O004553,C0672,P0007,2025-12-02,1,170.31,Organic
O004554,C0318,P0003,2025-12-02,1,197.46,Referral
O004555,C0464,P0007,2025-12-02,2,340.62,Email
O004556,C0756,P0015,2025-12-02,3,137.76,Paid
O004557,C0464,P0014,2025-12-02,3,70.26,Paid
O004558,C0616,P0010,2025-12-02,1,39.8,Organic
O004559,C0477,P0016,2025-12-02,3,171.0,Organic
O004560,C0325,P0024,2025-12-02,2,224.28,Organic
O004561,C0653,P0019,2025-12-02,1,132.95,Organic
O004562,C0725,P0025,2025-12-02,2,77.74,Paid
O004563,C0148,P0037,2025-12-02,1,41.57,Paid
O004564,C0404,P0035,2025-12-02,2,176.5,Paid
O004565,C0108,P0034,2025-12-02,3,176.04,Organic
O004566,C0027,P0007,2025-12-02,2,340.62,Organic
O004567,C0103,P0016,2025-12-02,3,171.0,Organic
O004568,C0499,P0010,2025-12-02,2,79.6,Paid
O004569,C0800,P0026,2025-12-02,2,113.22,Organic
O004570,C0695,P0029,2025-12-02,3,51.9,Referral
O004571,C0303,P0007,2025-12-03,2,340.62,Organic
O004572,C0174,P0013,2025-12-03,3,167.1,Organic
O004573,C0678,P0011,2025-12-03,3,93.93,Email
O004574,C0120,P0013,2025-12-03,3,167.1,Organic
O004575,C0637,P0027,2025-12-03,2,53.46,Organic
O004576,C0075,P0028,2025-12-03,2,83.68,Organic
O004577,C0596,P0007,2025-12-03,2,340.62,Organic
O004578,C0609,P0005,2025-12-03,2,691.38,Paid
O004579,C0226,P0015,2025-12-03,1,45.92,Paid
O004580,C0632,P0011,2025-12-03,2,62.62,Referral
O004581,C0218,P0010,2025-12-03,3,119.4,Organic
O004582,C0202,P0016,2025-12-03,3,171.0,Organic
O004583,C0487,P0012,2025-12-03,2,164.04,Paid
O004584,C0676,P0009,2025-12-03,2,118.02,Organic
O004585,C0720,P0012,2025-12-03,1,82.02,Organic
O004586,C0226,P0016,2025-12-03,3,171.0,Paid
O004587,C0195,P0016,2025-12-03,1,57.0,Organic
O004588,C0659,P0031,2025-12-03,2,76.24,Organic
O004589,C0799,P0033,2025-12-03,2,176.5,Organic
O004590,C0361,P0036,2025-12-03,1,72.11,Paid
O004591,C0344,P0033,2025-12-03,3,264.75,Email
O004592,C0226,P0037,2025-12-03,3,124.71,Email
O004593,C0340,P0036,2025-12-03,1,72.11,Organic
O004594,C0287,P0038,2025-12-03,2,36.36,Referral
O004595,C0665,P0010,2025-12-03,1,39.8,Paid
O004596,C0647,P0014,2025-12-03,3,70.26,Paid
O004597,C0741,P0016,2025-12-03,3,171.0,Paid
O004598,C0634,P0015,2025-12-03,2,91.84,Email
O004599,C0729,P0027,2025-12-03,2,53.46,Organic
O004600,C0199,P0030,2025-12-03,3,104.07,Organic
O004601,C0404,P0034,2025-12-03,3,176.04,Email
O004602,C0505,P0007,2025-12-03,1,170.31,Email
O004603,C0302,P0012,2025-12-03,2,164.04,Organic
O004604,C0124,P0010,2025-12-03,1,39.8,Organic
O004605,C0172,P0021,2025-12-03,3,179.82,Referral
O004606,C0517,P0021,2025-12-03,1,59.94,Paid
O004607,C0272,P0023,2025-12-03,2,183.98,Referral
O004608,C0272,P0022,2025-12-03,2,100.78,Organic
O004609,C0775,P0026,2025-12-03,2,113.22,Organic
O004610,C0306,P0031,2025-12-03,3,114.36,Paid
O004611,C0693,P0037,2025-12-03,2,83.14,Email
O004612,C0368,P0039,2025-12-03,3,310.74,Organic
O004613,C0384,P0015,2025-12-04,3,137.76,Paid
O004614,C0603,P0010,2025-12-04,1,39.8,Organic
O004615,C0346,P0016,2025-12-04,3,171.0,Referral
O004616,C0085,P0020,2025-12-04,2,158.94,Organic
O004617,C0319,P0022,2025-12-04,1,50.39,Paid
O004618,C0275,P0023,2025-12-04,2,183.98,Organic
O004619,C0356,P0017,2025-12-04,3,74.04,Organic
O004620,C0423,P0023,2025-12-04,1,91.99,Paid
O004621,C0777,P0024,2025-12-04,3,336.42,Email
O004622,C0034,P0028,2025-12-04,1,41.84,Organic
O004623,C0375,P0037,2025-12-04,1,41.57,Organic
O004624,C0468,P0037,2025-12-04,2,83.14,Paid
O004625,C0257,P0001,2025-12-04,1,227.02,Email
O004626,C0202,P0006,2025-12-04,1,65.8,Organic
O004627,C0361,P0007,2025-12-04,2,340.62,Organic
O004628,C0218,P0024,2025-12-04,1,112.14,Email
O004629,C0484,P0019,2025-12-04,1,132.95,Email
O004630,C0202,P0028,2025-12-04,1,41.84,Paid
O004631,C0256,P0030,2025-12-04,2,69.38,Organic
O004632,C0340,P0026,2025-12-04,2,113.22,Email
O004633,C0180,P0028,2025-12-04,3,125.52,Paid
O004634,C0299,P0033,2025-12-04,1,88.25,Organic
O004635,C0520,P0040,2025-12-04,3,189.48,Organic
O004636,C0083,P0003,2025-12-04,3,592.38,Referral
O004637,C0077,P0012,2025-12-04,3,246.06,Organic
O004638,C0154,P0011,2025-12-04,2,62.62,Referral
O004639,C0508,P0022,2025-12-04,3,151.17,Email
O004640,C0443,P0024,2025-12-04,3,336.42,Paid
O004641,C0756,P0021,2025-12-04,1,59.94,Email
O004642,C0563,P0026,2025-12-04,3,169.83,Referral
O004643,C0137,P0026,2025-12-04,3,169.83,Organic
O004644,C0005,P0029,2025-12-04,3,51.9,Paid
O004645,C0173,P0025,2025-12-04,3,116.61,Paid
O004646,C0207,P0032,2025-12-04,1,35.42,Organic
O004647,C0556,P0034,2025-12-04,1,58.68,Organic
O004648,C0130,P0038,2025-12-04,3,54.54,Referral
O004649,C0525,P0007,2025-12-04,2,340.62,Organic
O004650,C0302,P0004,2025-12-04,2,338.46,Organic
O004651,C0762,P0005,2025-12-04,1,345.69,Paid
O004652,C0775,P0007,2025-12-04,1,170.31,Organic
O004653,C0300,P0017,2025-12-04,1,24.68,Organic
O004654,C0310,P0018,2025-12-04,2,98.38,Paid
O004655,C0135,P0018,2025-12-04,3,147.57,Organic
O004656,C0157,P0028,2025-12-04,1,41.84,Organic
O004657,C0598,P0032,2025-12-04,3,106.26,Email
O004658,C0064,P0027,2025-12-04,1,26.73,Organic
O004659,C0652,P0028,2025-12-04,3,125.52,Paid
O004660,C0358,P0040,2025-12-04,1,63.16,Organic
O004661,C0223,P0040,2025-12-04,2,126.32,Paid
O004662,C0786,P0003,2025-12-05,2,394.92,Organic
O004663,C0696,P0004,2025-12-05,1,169.23,Paid
O004664,C0664,P0004,2025-12-05,2,338.46,Organic
O004665,C0283,P0009,2025-12-05,1,59.01,Email
O004666,C0787,P0012,2025-12-05,3,246.06,Email
O004667,C0019,P0020,2025-12-05,2,158.94,Organic
O004668,C0081,P0023,2025-12-05,1,91.99,Organic
O004669,C0576,P0018,2025-12-05,3,147.57,Organic
O004670,C0030,P0017,2025-12-05,2,49.36,Email
O004671,C0475,P0031,2025-12-05,2,76.24,Organic
O004672,C0617,P0035,2025-12-05,3,264.75,Referral
O004673,C0446,P0034,2025-12-05,2,117.36,Email
O004674,C0354,P0038,2025-12-05,2,36.36,Organic
O004675,C0698,P0034,2025-12-05,1,58.68,Organic
O004676,C0526,P0001,2025-12-05,1,227.02,Referral
O004677,C0501,P0002,2025-12-05,2,370.8,Organic
O004678,C0212,P0003,2025-12-05,2,394.92,Organic
O004679,C0383,P0013,2025-12-05,2,111.4,Organic
O004680,C0492,P0018,2025-12-05,2,98.38,Email
O004681,C0737,P0024,2025-12-05,3,336.42,Paid
O004682,C0043,P0018,2025-12-05,3,147.57,Organic
O004683,C0242,P0028,2025-12-05,1,41.84,Referral
O004684,C0651,P0037,2025-12-05,2,83.14,Paid
O004685,C0096,P0035,2025-12-05,1,88.25,Paid
O004686,C0017,P0006,2025-12-05,2,131.6,Organic
O004687,C0634,P0005,2025-12-05,2,691.38,Email
O004688,C0138,P0005,2025-12-05,3,1037.07,Paid
O004689,C0217,P0009,2025-12-05,3,177.03,Organic
O004690,C0716,P0009,2025-12-05,3,177.03,Organic
O004691,C0747,P0014,2025-12-05,1,23.42,Organic
O004692,C0754,P0020,2025-12-05,1,79.47,Paid
O004693,C0407,P0017,2025-12-05,1,24.68,Organic
O004694,C0700,P0018,2025-12-05,2,98.38,Paid
O004695,C0784,P0017,2025-12-05,3,74.04,Paid
O004696,C0282,P0018,2025-12-05,2,98.38,Organic
O004697,C0388,P0020,2025-12-05,1,79.47,Email
O004698,C0717,P0031,2025-12-05,2,76.24,Paid
O004699,C0138,P0028,2025-12-05,1,41.84,Referral
O004700,C0563,P0026,2025-12-05,1,56.61,Organic
O004701,C0148,P0031,2025-12-05,1,38.12,Paid
O004702,C0059,P0032,2025-12-05,3,106.26,Paid
O004703,C0496,P0026,2025-12-05,1,56.61,Organic
O004704,C0636,P0034,2025-12-05,2,117.36,Paid
O004705,C0417,P0037,2025-12-05,3,124.71,Email
O004706,C0324,P0039,2025-12-05,3,310.74,Organic
O004707,C0408,P0033,2025-12-05,2,176.5,Organic
O004708,C0010,P0033,2025-12-05,3,264.75,Organic
O004709,C0517,P0002,2025-12-05,1,185.4,Organic
O004710,C0394,P0005,2025-12-05,3,1037.07,Organic
O004711,C0466,P0009,2025-12-05,2,118.02,Organic
O004712,C0478,P0016,2025-12-05,2,114.0,Organic
O004713,C0365,P0012,2025-12-05,1,82.02,Email
O004714,C0153,P0010,2025-12-05,3,119.4,Paid
O004715,C0322,P0011,2025-12-05,1,31.31,Paid
O004716,C0772,P0016,2025-12-05,2,114.0,Organic
O004717,C0688,P0023,2025-12-05,1,91.99,Organic
O004718,C0074,P0020,2025-12-05,3,238.41,Paid
O004719,C0519,P0018,2025-12-05,1,49.19,Email
O004720,C0368,P0017,2025-12-05,1,24.68,Organic
O004721,C0016,P0031,2025-12-05,3,114.36,Paid
O004722,C0514,P0031,2025-12-05,3,114.36,Paid
O004723,C0349,P0036,2025-12-05,2,144.22,Organic
O004724,C0511,P0040,2025-12-05,2,126.32,Email
O004725,C0446,P0015,2025-12-06,2,91.84,Organic
O004726,C0230,P0014,2025-12-06,3,70.26,Organic
O004727,C0794,P0020,2025-12-06,2,158.94,Organic
O004728,C0414,P0024,2025-12-06,1,112.14,Organic
O004729,C0403,P0018,2025-12-06,1,49.19,Referral
O004730,C0689,P0023,2025-12-06,3,275.97,Paid
O004731,C0356,P0029,2025-12-06,3,51.9,Paid
O004732,C0070,P0026,2025-12-06,1,56.61,Referral
O004733,C0375,P0025,2025-12-06,3,116.61,Paid
O004734,C0595,P0030,2025-12-06,3,104.07,Organic
O004735,C0169,P0025,2025-12-06,3,116.61,Paid
O004736,C0063,P0033,2025-12-06,3,264.75,Organic
O004737,C0708,P0036,2025-12-06,2,144.22,Paid
O004738,C0405,P0034,2025-12-06,1,58.68,Organic
O004739,C0140,P0037,2025-12-06,2,83.14,Paid
O004740,C0096,P0001,2025-12-06,1,227.02,Paid
O004741,C0377,P0001,2025-12-06,3,681.06,Paid
O004742,C0292,P0002,2025-12-06,3,556.2,Paid
O004743,C0026,P0010,2025-12-06,3,119.4,Organic
O004744,C0287,P0015,2025-12-06,3,137.76,Paid
O004745,C0151,P0010,2025-12-06,1,39.8,Organic
O004746,C0143,P0012,2025-12-06,3,246.06,Paid
O004747,C0743,P0020,2025-12-06,2,158.94,Organic
O004748,C0615,P0026,2025-12-06,3,169.83,Email
O004749,C0590,P0025,2025-12-06,2,77.74,Organic
O004750,C0043,P0028,2025-12-06,3,125.52,Email
O004751,C0760,P0038,2025-12-06,1,18.18,Organic
O004752,C0668,P0033,2025-12-06,1,88.25,Paid
O004753,C0143,P0036,2025-12-06,2,144.22,Organic
O004754,C0727,P0005,2025-12-06,3,1037.07,Referral
O004755,C0747,P0010,2025-12-06,1,39.8,Organic
O004756,C0176,P0011,2025-12-06,3,93.93,Email
O004757,C0430,P0032,2025-12-06,2,70.84,Organic
O004758,C0100,P0029,2025-12-06,2,34.6,Organic
O004759,C0108,P0031,2025-12-06,2,76.24,Organic
O004760,C0443,P0035,2025-12-06,2,176.5,Paid
O004761,C0754,P0039,2025-12-06,2,207.16,Referral
O004762,C0285,P0014,2025-12-06,2,46.84,Email
O004763,C0436,P0011,2025-12-06,1,31.31,Organic
O004764,C0267,P0012,2025-12-06,2,164.04,Organic
O004765,C0322,P0012,2025-12-06,1,82.02,Organic
O004766,C0079,P0016,2025-12-06,3,171.0,Paid
O004767,C0278,P0020,2025-12-06,1,79.47,Paid
O004768,C0481,P0017,2025-12-06,1,24.68,Organic
O004769,C0628,P0021,2025-12-06,1,59.94,Organic
O004770,C0074,P0023,2025-12-06,2,183.98,Email
O004771,C0272,P0031,2025-12-06,2,76.24,Referral
O004772,C0135,P0035,2025-12-06,1,88.25,Organic
O004773,C0105,P0033,2025-12-06,2,176.5,Organic
O004774,C0206,P0035,2025-12-06,1,88.25,Email
O004775,C0542,P0038,2025-12-06,2,36.36,Paid
O004776,C0078,P0008,2025-12-07,1,226.53,Organic
O004777,C0002,P0003,2025-12-07,1,197.46,Paid
O004778,C0610,P0009,2025-12-07,1,59.01,Organic
O004779,C0359,P0023,2025-12-07,1,91.99,Organic
O004780,C0241,P0026,2025-12-07,2,113.22,Referral
O004781,C0289,P0028,2025-12-07,1,41.84,Organic
O004782,C0280,P0030,2025-12-07,3,104.07,Organic
O004783,C0440,P0028,2025-12-07,1,41.84,Organic
O004784,C0547,P0027,2025-12-07,1,26.73,Paid
O004785,C0082,P0030,2025-12-07,2,69.38,Paid
O004786,C0334,P0034,2025-12-07,2,117.36,Referral
O004787,C0125,P0038,2025-12-07,1,18.18,Organic
O004788,C0078,P0037,2025-12-07,3,124.71,Referral
O004789,C0706,P0039,2025-12-07,2,207.16,Organic
O004790,C0063,P0036,2025-12-07,1,72.11,Organic
O004791,C0361,P0006,2025-12-07,3,197.4,Email
O004792,C0026,P0001,2025-12-07,2,454.04,Email
O004793,C0454,P0015,2025-12-07,3,137.76,Organic
O004794,C0099,P0011,2025-12-07,2,62.62,Email
O004795,C0244,P0011,2025-12-07,1,31.31,Referral
O004796,C0355,P0010,2025-12-07,1,39.8,Referral
O004797,C0067,P0009,2025-12-07,3,177.03,Referral
O004798,C0355,P0017,2025-12-07,3,74.04,Organic
O004799,C0776,P0031,2025-12-07,3,114.36,Organic
O004800,C0317,P0027,2025-12-07,2,53.46,Email
O004801,C0099,P0028,2025-12-07,3,125.52,Paid
O004802,C0399,P0036,2025-12-07,3,216.33,Organic
O004803,C0150,P0040,2025-12-07,2,126.32,Organic
O004804,C0009,P0001,2025-12-07,1,227.02,Paid
O004805,C0522,P0016,2025-12-07,2,114.0,Organic
O004806,C0672,P0015,2025-12-07,2,91.84,Paid
O004807,C0493,P0022,2025-12-07,3,151.17,Referral
O004808,C0144,P0022,2025-12-07,1,50.39,Paid
O004809,C0207,P0031,2025-12-07,1,38.12,Organic
O004810,C0260,P0033,2025-12-07,3,264.75,Referral
O004811,C0522,P0037,2025-12-07,1,41.57,Organic
O004812,C0057,P0040,2025-12-07,1,63.16,Paid
O004813,C0269,P0038,2025-12-07,3,54.54,Organic
O004814,C0412,P0039,2025-12-07,1,103.58,Email
O004815,C0322,P0001,2025-12-07,2,454.04,Email
O004816,C0365,P0001,2025-12-07,3,681.06,Organic
O004817,C0751,P0002,2025-12-07,3,556.2,Email
O004818,C0156,P0001,2025-12-07,2,454.04,Referral
O004819,C0688,P0009,2025-12-07,1,59.01,Organic
O004820,C0322,P0014,2025-12-07,3,70.26,Email
O004821,C0514,P0013,2025-12-07,3,167.1,Email
O004822,C0572,P0013,2025-12-07,1,55.7,Organic
O004823,C0645,P0011,2025-12-07,1,31.31,Referral
O004824,C0560,P0021,2025-12-07,2,119.88,Paid
O004825,C0278,P0022,2025-12-07,2,100.78,Organic
O004826,C0147,P0024,2025-12-07,3,336.42,Email
O004827,C0234,P0019,2025-12-07,2,265.9,Referral
O004828,C0387,P0028,2025-12-07,2,83.68,Organic
O004829,C0733,P0032,2025-12-07,3,106.26,Paid
O004830,C0368,P0029,2025-12-07,2,34.6,Referral
O004831,C0014,P0028,2025-12-07,2,83.68,Paid
O004832,C0585,P0032,2025-12-07,3,106.26,Paid
O004833,C0061,P0030,2025-12-07,3,104.07,Referral
O004834,C0366,P0036,2025-12-07,3,216.33,Paid
O004835,C0301,P0040,2025-12-07,2,126.32,Paid
O004836,C0136,P0037,2025-12-07,1,41.57,Organic
O004837,C0222,P0037,2025-12-07,2,83.14,Organic
O004838,C0062,P0039,2025-12-07,1,103.58,Organic
O004839,C0105,P0036,2025-12-07,1,72.11,Paid
O004840,C0190,P0004,2025-12-08,3,507.69,Organic
O004841,C0390,P0003,2025-12-08,2,394.92,Paid
O004842,C0444,P0009,2025-12-08,3,177.03,Paid
O004843,C0555,P0011,2025-12-08,3,93.93,Paid
O004844,C0595,P0024,2025-12-08,3,336.42,Referral
O004845,C0476,P0026,2025-12-08,1,56.61,Email
O004846,C0416,P0028,2025-12-08,2,83.68,Paid
O004847,C0353,P0028,2025-12-08,3,125.52,Paid
O004848,C0474,P0031,2025-12-08,3,114.36,Paid
O004849,C0708,P0036,2025-12-08,2,144.22,Paid
O004850,C0456,P0034,2025-12-08,1,58.68,Organic
O004851,C0442,P0036,2025-12-08,3,216.33,Referral
O004852,C0631,P0034,2025-12-08,2,117.36,Organic
O004853,C0547,P0035,2025-12-08,2,176.5,Organic
O004854,C0629,P0004,2025-12-08,1,169.23,Organic
O004855,C0295,P0008,2025-12-08,1,226.53,Paid
O004856,C0202,P0015,2025-12-08,3,137.76,Organic
O004857,C0080,P0020,2025-12-08,1,79.47,Email
O004858,C0501,P0023,2025-12-08,3,275.97,Organic
O004859,C0246,P0017,2025-12-08,2,49.36,Referral
O004860,C0732,P0030,2025-12-08,1,34.69,Paid
O004861,C0659,P0027,2025-12-08,3,80.19,Referral
O004862,C0543,P0035,2025-12-08,1,88.25,Organic
O004863,C0114,P0001,2025-12-08,1,227.02,Paid
O004864,C0783,P0004,2025-12-08,1,169.23,Paid
O004865,C0527,P0016,2025-12-08,3,171.0,Paid
O004866,C0217,P0021,2025-12-08,1,59.94,Organic
O004867,C0534,P0020,2025-12-08,3,238.41,Organic
O004868,C0393,P0025,2025-12-08,3,116.61,Organic
O004869,C0017,P0039,2025-12-08,3,310.74,Email
O004870,C0260,P0033,2025-12-08,2,176.5,Referral
O004871,C0329,P0033,2025-12-08,2,176.5,Organic
O004872,C0090,P0008,2025-12-08,2,453.06,Referral
O004873,C0643,P0005,2025-12-08,3,1037.07,Paid
O004874,C0643,P0005,2025-12-08,2,691.38,Organic
O004875,C0652,P0018,2025-12-08,3,147.57,Organic
O004876,C0090,P0017,2025-12-08,2,49.36,Organic
O004877,C0050,P0019,2025-12-08,3,398.85,Organic
O004878,C0525,P0021,2025-12-08,3,179.82,Paid
O004879,C0550,P0025,2025-12-08,2,77.74,Organic
O004880,C0514,P0040,2025-12-08,3,189.48,Paid
O004881,C0065,P0034,2025-12-08,3,176.04,Paid
O004882,C0172,P0036,2025-12-08,3,216.33,Organic
O004883,C0515,P0035,2025-12-08,3,264.75,Paid
O004884,C0214,P0038,2025-12-08,3,54.54,Organic
O004885,C0777,P0001,2025-12-09,1,227.02,Organic
O004886,C0263,P0007,2025-12-09,1,170.31,Organic
O004887,C0379,P0005,2025-12-09,2,691.38,Paid
O004888,C0689,P0015,2025-12-09,2,91.84,Referral
O004889,C0330,P0023,2025-12-09,3,275.97,Referral
O004890,C0386,P0021,2025-12-09,3,179.82,Email
O004891,C0004,P0023,2025-12-09,1,91.99,Organic
O004892,C0794,P0032,2025-12-09,1,35.42,Referral
O004893,C0295,P0010,2025-12-09,1,39.8,Paid
O004894,C0659,P0015,2025-12-09,3,137.76,Paid
O004895,C0224,P0014,2025-12-09,1,23.42,Paid
O004896,C0501,P0009,2025-12-09,3,177.03,Paid
O004897,C0599,P0018,2025-12-09,1,49.19,Organic
O004898,C0261,P0024,2025-12-09,3,336.42,Paid
O004899,C0736,P0032,2025-12-09,1,35.42,Organic
O004900,C0410,P0026,2025-12-09,1,56.61,Organic
O004901,C0243,P0028,2025-12-09,2,83.68,Referral
O004902,C0767,P0032,2025-12-09,3,106.26,Paid
O004903,C0543,P0035,2025-12-09,2,176.5,Organic
O004904,C0212,P0035,2025-12-09,1,88.25,Paid
O004905,C0746,P0001,2025-12-09,1,227.02,Organic
O004906,C0184,P0004,2025-12-09,3,507.69,Paid
O004907,C0690,P0003,2025-12-09,3,592.38,Organic
O004908,C0106,P0003,2025-12-09,2,394.92,Paid
O004909,C0434,P0005,2025-12-09,2,691.38,Paid
O004910,C0323,P0012,2025-12-09,2,164.04,Organic
O004911,C0464,P0009,2025-12-09,3,177.03,Organic
O004912,C0783,P0012,2025-12-09,3,246.06,Organic
O004913,C0747,P0009,2025-12-09,3,177.03,Organic
O004914,C0625,P0021,2025-12-09,3,179.82,Organic
O004915,C0329,P0020,2025-12-09,1,79.47,Organic
O004916,C0095,P0024,2025-12-09,1,112.14,Paid
O004917,C0345,P0017,2025-12-09,3,74.04,Paid
O004918,C0493,P0019,2025-12-09,1,132.95,Email
O004919,C0707,P0017,2025-12-09,2,49.36,Organic
O004920,C0717,P0027,2025-12-09,3,80.19,Paid
O004921,C0217,P0030,2025-12-09,2,69.38,Paid
O004922,C0010,P0034,2025-12-09,3,176.04,Paid
O004923,C0247,P0033,2025-12-09,3,264.75,Referral
O004924,C0452,P0035,2025-12-09,2,176.5,Organic
O004925,C0276,P0039,2025-12-09,1,103.58,Paid
O004926,C0725,P0035,2025-12-09,1,88.25,Email
O004927,C0562,P0037,2025-12-09,2,83.14,Referral
O004928,C0229,P0001,2025-12-09,2,454.04,Paid
O004929,C0793,P0005,2025-12-09,3,1037.07,Paid
O004930,C0472,P0004,2025-12-09,3,507.69,Paid
O004931,C0153,P0014,2025-12-09,2,46.84,Paid
O004932,C0079,P0013,2025-12-09,3,167.1,Organic
O004933,C0685,P0028,2025-12-09,1,41.84,Organic
O004934,C0628,P0027,2025-12-09,3,80.19,Organic
O004935,C0365,P0027,2025-12-09,3,80.19,Organic
O004936,C0619,P0005,2025-12-10,1,345.69,Referral
O004937,C0798,P0016,2025-12-10,3,171.0,Organic
O004938,C0140,P0012,2025-12-10,3,246.06,Email
O004939,C0120,P0013,2025-12-10,3,167.1,Referral
O004940,C0787,P0018,2025-12-10,1,49.19,Email
O004941,C0328,P0026,2025-12-10,3,169.83,Organic
O004942,C0569,P0032,2025-12-10,2,70.84,Organic
O004943,C0468,P0029,2025-12-10,1,17.3,Organic
O004944,C0268,P0027,2025-12-10,2,53.46,Organic
O004945,C0630,P0038,2025-12-10,2,36.36,Email
O004946,C0336,P0033,2025-12-10,3,264.75,Organic
O004947,C0246,P0005,2025-12-10,1,345.69,Organic
O004948,C0599,P0008,2025-12-10,1,226.53,Organic
O004949,C0218,P0015,2025-12-10,3,137.76,Email
O004950,C0799,P0019,2025-12-10,2,265.9,Organic
O004951,C0321,P0019,2025-12-10,2,265.9,Paid
O004952,C0143,P0019,2025-12-10,1,132.95,Organic
O004953,C0180,P0027,2025-12-10,1,26.73,Paid
O004954,C0521,P0027,2025-12-10,1,26.73,Organic
O004955,C0084,P0011,2025-12-10,3,93.93,Paid
O004956,C0450,P0022,2025-12-10,2,100.78,Organic
O004957,C0563,P0017,2025-12-10,1,24.68,Organic
O004958,C0672,P0022,2025-12-10,2,100.78,Email
O004959,C0179,P0024,2025-12-10,1,112.14,Paid
O004960,C0754,P0026,2025-12-10,1,56.61,Organic
O004961,C0288,P0028,2025-12-10,3,125.52,Email
O004962,C0508,P0028,2025-12-10,2,83.68,Organic
O004963,C0107,P0035,2025-12-10,3,264.75,Paid
O004964,C0527,P0038,2025-12-10,2,36.36,Organic
O004965,C0412,P0034,2025-12-10,1,58.68,Organic
O004966,C0559,P0037,2025-12-10,3,124.71,Email
O004967,C0017,P0037,2025-12-10,3,124.71,Organic
O004968,C0499,P0006,2025-12-10,2,131.6,Organic
O004969,C0147,P0014,2025-12-10,1,23.42,Email
O004970,C0090,P0011,2025-12-10,3,93.93,Email
O004971,C0273,P0010,2025-12-10,2,79.6,Paid
O004972,C0124,P0011,2025-12-10,2,62.62,Organic
O004973,C0499,P0017,2025-12-10,1,24.68,Organic
O004974,C0546,P0036,2025-12-10,3,216.33,Organic
O004975,C0793,P0036,2025-12-10,1,72.11,Paid
O004976,C0384,P0003,2025-12-11,3,592.38,Organic
O004977,C0208,P0002,2025-12-11,3,556.2,Organic
O004978,C0786,P0010,2025-12-11,1,39.8,Referral
O004979,C0190,P0014,2025-12-11,2,46.84,Organic
O004980,C0379,P0021,2025-12-11,3,179.82,Referral
O004981,C0356,P0029,2025-12-11,1,17.3,Organic
O004982,C0414,P0032,2025-12-11,3,106.26,Organic
O004983,C0280,P0025,2025-12-11,1,38.87,Paid
O004984,C0664,P0036,2025-12-11,1,72.11,Email
O004985,C0346,P0039,2025-12-11,1,103.58,Email
O004986,C0609,P0007,2025-12-11,3,510.93,Organic
O004987,C0391,P0004,2025-12-11,1,169.23,Email
O004988,C0579,P0012,2025-12-11,2,164.04,Organic
O004989,C0491,P0013,2025-12-11,2,111.4,Organic
O004990,C0433,P0021,2025-12-11,3,179.82,Paid
O004991,C0340,P0019,2025-12-11,3,398.85,Organic
O004992,C0312,P0020,2025-12-11,3,238.41,Paid
O004993,C0629,P0025,2025-12-11,1,38.87,Organic
O004994,C0099,P0028,2025-12-11,2,83.68,Paid
O004995,C0720,P0027,2025-12-11,2,53.46,Organic
O004996,C0308,P0033,2025-12-11,2,176.5,Organic
O004997,C0653,P0001,2025-12-11,1,227.02,Organic
O004998,C0084,P0008,2025-12-11,3,679.59,Paid
O004999,C0389,P0003,2025-12-11,2,394.92,Organic
O005000,C0288,P0007,2025-12-11,1,170.31,Paid
O005001,C0500,P0002,2025-12-11,3,556.2,Organic
O005002,C0756,P0009,2025-12-11,3,177.03,Organic
O005003,C0114,P0023,2025-12-11,1,91.99,Email
O005004,C0635,P0017,2025-12-11,1,24.68,Organic
O005005,C0559,P0022,2025-12-11,1,50.39,Organic
O005006,C0717,P0031,2025-12-11,1,38.12,Organic
O005007,C0660,P0036,2025-12-11,3,216.33,Referral
O005008,C0556,P0040,2025-12-11,2,126.32,Referral
O005009,C0724,P0035,2025-12-11,2,176.5,Email
O005010,C0499,P0007,2025-12-11,3,510.93,Paid
O005011,C0638,P0001,2025-12-11,1,227.02,Paid
O005012,C0160,P0012,2025-12-11,3,246.06,Organic
O005013,C0267,P0011,2025-12-11,2,62.62,Email
O005014,C0572,P0013,2025-12-11,3,167.1,Organic
O005015,C0645,P0009,2025-12-11,2,118.02,Referral
O005016,C0574,P0021,2025-12-11,3,179.82,Email
O005017,C0105,P0020,2025-12-11,2,158.94,Paid
O005018,C0674,P0017,2025-12-11,2,49.36,Email
O005019,C0560,P0024,2025-12-11,3,336.42,Organic
O005020,C0103,P0028,2025-12-11,3,125.52,Organic
O005021,C0267,P0027,2025-12-11,3,80.19,Organic
O005022,C0347,P0029,2025-12-11,2,34.6,Organic
O005023,C0770,P0038,2025-12-11,1,18.18,Organic
O005024,C0379,P0005,2025-12-12,2,691.38,Referral
O005025,C0161,P0003,2025-12-12,3,592.38,Email
O005026,C0390,P0011,2025-12-12,3,93.93,Organic
O005027,C0794,P0011,2025-12-12,3,93.93,Organic
O005028,C0794,P0009,2025-12-12,1,59.01,Paid
O005029,C0602,P0013,2025-12-12,2,111.4,Organic
O005030,C0303,P0012,2025-12-12,2,164.04,Paid
O005031,C0004,P0019,2025-12-12,3,398.85,Paid
O005032,C0085,P0021,2025-12-12,1,59.94,Paid
O005033,C0595,P0019,2025-12-12,1,132.95,Paid
O005034,C0468,P0027,2025-12-12,3,80.19,Email
O005035,C0664,P0031,2025-12-12,1,38.12,Email
O005036,C0588,P0025,2025-12-12,2,77.74,Paid
O005037,C0340,P0006,2025-12-12,2,131.6,Organic
O005038,C0644,P0021,2025-12-12,3,179.82,Organic
O005039,C0257,P0023,2025-12-12,2,183.98,Referral
O005040,C0202,P0020,2025-12-12,1,79.47,Referral
O005041,C0726,P0024,2025-12-12,3,336.42,Organic
O005042,C0098,P0030,2025-12-12,1,34.69,Paid
O005043,C0243,P0037,2025-12-12,3,124.71,Paid
O005044,C0218,P0040,2025-12-12,3,189.48,Paid
O005045,C0307,P0035,2025-12-12,2,176.5,Organic
O005046,C0257,P0038,2025-12-12,2,36.36,Organic
O005047,C0665,P0003,2025-12-12,3,592.38,Paid
O005048,C0690,P0002,2025-12-12,2,370.8,Organic
O005049,C0111,P0012,2025-12-12,2,164.04,Paid
O005050,C0745,P0017,2025-12-12,1,24.68,Paid
O005051,C0673,P0020,2025-12-12,3,238.41,Organic
O005052,C0252,P0018,2025-12-12,3,147.57,Paid
O005053,C0010,P0029,2025-12-12,2,34.6,Organic
O005054,C0709,P0030,2025-12-12,1,34.69,Paid
O005055,C0582,P0040,2025-12-12,3,189.48,Paid
O005056,C0154,P0033,2025-12-12,3,264.75,Organic
O005057,C0412,P0038,2025-12-12,1,18.18,Email
O005058,C0362,P0033,2025-12-12,2,176.5,Organic
O005059,C0464,P0040,2025-12-12,3,189.48,Organic
O005060,C0351,P0040,2025-12-12,3,189.48,Organic
O005061,C0050,P0002,2025-12-12,3,556.2,Paid
O005062,C0546,P0007,2025-12-12,2,340.62,Organic
O005063,C0074,P0018,2025-12-12,2,98.38,Email
O005064,C0486,P0021,2025-12-12,2,119.88,Organic
O005065,C0172,P0019,2025-12-12,1,132.95,Organic
O005066,C0347,P0019,2025-12-12,2,265.9,Email
O005067,C0027,P0033,2025-12-12,3,264.75,Organic
O005068,C0030,P0006,2025-12-13,1,65.8,Organic
O005069,C0794,P0006,2025-12-13,1,65.8,Paid
O005070,C0401,P0004,2025-12-13,2,338.46,Organic
O005071,C0241,P0008,2025-12-13,1,226.53,Referral
O005072,C0603,P0014,2025-12-13,3,70.26,Organic
O005073,C0798,P0010,2025-12-13,3,119.4,Organic
O005074,C0512,P0016,2025-12-13,2,114.0,Referral
O005075,C0359,P0021,2025-12-13,3,179.82,Organic
O005076,C0348,P0024,2025-12-13,3,336.42,Organic
O005077,C0231,P0022,2025-12-13,2,100.78,Organic
O005078,C0376,P0018,2025-12-13,3,147.57,Paid
O005079,C0774,P0028,2025-12-13,3,125.52,Organic
O005080,C0442,P0035,2025-12-13,3,264.75,Referral
O005081,C0303,P0038,2025-12-13,2,36.36,Paid
O005082,C0726,P0005,2025-12-13,3,1037.07,Paid
O005083,C0737,P0016,2025-12-13,3,171.0,Organic
O005084,C0590,P0015,2025-12-13,3,137.76,Organic
O005085,C0224,P0018,2025-12-13,2,98.38,Organic
O005086,C0473,P0029,2025-12-13,3,51.9,Paid
O005087,C0437,P0026,2025-12-13,3,169.83,Paid
O005088,C0309,P0037,2025-12-13,1,41.57,Email
O005089,C0340,P0036,2025-12-13,2,144.22,Paid
O005090,C0114,P0006,2025-12-13,2,131.6,Organic
O005091,C0534,P0001,2025-12-13,3,681.06,Paid
O005092,C0434,P0008,2025-12-13,3,679.59,Paid
O005093,C0107,P0005,2025-12-13,3,1037.07,Organic
O005094,C0556,P0013,2025-12-13,3,167.1,Email
O005095,C0084,P0011,2025-12-13,1,31.31,Paid
O005096,C0179,P0022,2025-12-13,2,100.78,Referral
O005097,C0155,P0022,2025-12-13,1,50.39,Organic
O005098,C0443,P0029,2025-12-13,2,34.6,Paid
O005099,C0558,P0025,2025-12-13,2,77.74,Organic
O005100,C0556,P0030,2025-12-13,2,69.38,Organic
O005101,C0711,P0038,2025-12-13,1,18.18,Paid
O005102,C0621,P0039,2025-12-13,1,103.58,Organic
O005103,C0005,P0037,2025-12-13,2,83.14,Organic
O005104,C0717,P0038,2025-12-13,3,54.54,Paid
O005105,C0028,P0002,2025-12-13,3,556.2,Paid
O005106,C0022,P0008,2025-12-13,3,679.59,Referral
O005107,C0028,P0005,2025-12-13,3,1037.07,Organic
O005108,C0394,P0011,2025-12-13,3,93.93,Referral
O005109,C0013,P0012,2025-12-13,2,164.04,Paid
O005110,C0229,P0011,2025-12-13,2,62.62,Email
O005111,C0229,P0012,2025-12-13,1,82.02,Paid
O005112,C0770,P0009,2025-12-13,3,177.03,Email
O005113,C0505,P0016,2025-12-13,1,57.0,Organic
O005114,C0394,P0020,2025-12-13,1,79.47,Organic
O005115,C0699,P0022,2025-12-13,1,50.39,Email
O005116,C0135,P0019,2025-12-13,3,398.85,Email
O005117,C0618,P0020,2025-12-13,2,158.94,Organic
O005118,C0272,P0025,2025-12-13,1,38.87,Organic
O005119,C0105,P0031,2025-12-13,1,38.12,Paid
O005120,C0757,P0039,2025-12-13,2,207.16,Email
O005121,C0157,P0039,2025-12-13,3,310.74,Paid
O005122,C0478,P0039,2025-12-13,1,103.58,Email
O005123,C0122,P0040,2025-12-13,2,126.32,Organic
O005124,C0334,P0002,2025-12-14,1,185.4,Referral
O005125,C0319,P0009,2025-12-14,1,59.01,Email
O005126,C0055,P0020,2025-12-14,2,158.94,Organic
O005127,C0118,P0022,2025-12-14,3,151.17,Organic
O005128,C0675,P0026,2025-12-14,1,56.61,Paid
O005129,C0442,P0029,2025-12-14,2,34.6,Organic
O005130,C0691,P0028,2025-12-14,1,41.84,Paid
O005131,C0161,P0028,2025-12-14,1,41.84,Organic
O005132,C0170,P0030,2025-12-14,2,69.38,Paid
O005133,C0664,P0026,2025-12-14,1,56.61,Organic
O005134,C0364,P0032,2025-12-14,3,106.26,Organic
O005135,C0250,P0040,2025-12-14,1,63.16,Organic
O005136,C0354,P0037,2025-12-14,3,124.71,Organic
O005137,C0748,P0035,2025-12-14,3,264.75,Paid
O005138,C0778,P0040,2025-12-14,3,189.48,Email
O005139,C0651,P0005,2025-12-14,3,1037.07,Paid
O005140,C0633,P0006,2025-12-14,3,197.4,Paid
O005141,C0026,P0005,2025-12-14,3,1037.07,Organic
O005142,C0261,P0001,2025-12-14,3,681.06,Organic
O005143,C0543,P0003,2025-12-14,3,592.38,Organic
O005144,C0491,P0009,2025-12-14,3,177.03,Organic
O005145,C0261,P0014,2025-12-14,3,70.26,Email
O005146,C0611,P0014,2025-12-14,3,70.26,Email
O005147,C0245,P0023,2025-12-14,3,275.97,Paid
O005148,C0666,P0026,2025-12-14,2,113.22,Paid
O005149,C0246,P0029,2025-12-14,2,34.6,Paid
O005150,C0226,P0028,2025-12-14,2,83.68,Organic
O005151,C0192,P0028,2025-12-14,1,41.84,Organic
O005152,C0644,P0032,2025-12-14,2,70.84,Paid
O005153,C0564,P0029,2025-12-14,3,51.9,Email
O005154,C0143,P0033,2025-12-14,1,88.25,Organic
O005155,C0719,P0002,2025-12-14,1,185.4,Referral
O005156,C0534,P0007,2025-12-14,3,510.93,Paid
O005157,C0724,P0009,2025-12-14,2,118.02,Organic
O005158,C0563,P0012,2025-12-14,2,164.04,Paid
O005159,C0388,P0015,2025-12-14,3,137.76,Organic
O005160,C0653,P0012,2025-12-14,3,246.06,Paid
O005161,C0001,P0013,2025-12-14,2,111.4,Organic
O005162,C0669,P0022,2025-12-14,1,50.39,Paid
O005163,C0716,P0020,2025-12-14,2,158.94,Organic
O005164,C0325,P0019,2025-12-14,1,132.95,Organic
O005165,C0750,P0029,2025-12-14,2,34.6,Organic
O005166,C0719,P0025,2025-12-14,1,38.87,Referral
O005167,C0648,P0026,2025-12-14,1,56.61,Paid
O005168,C0670,P0029,2025-12-14,1,17.3,Referral
O005169,C0001,P0030,2025-12-14,3,104.07,Organic
O005170,C0260,P0036,2025-12-14,1,72.11,Referral
O005171,C0496,P0038,2025-12-14,3,54.54,Email
O005172,C0443,P0033,2025-12-14,1,88.25,Organic
O005173,C0662,P0004,2025-12-14,2,338.46,Organic
O005174,C0322,P0006,2025-12-14,3,197.4,Paid
O005175,C0126,P0007,2025-12-14,2,340.62,Paid
O005176,C0400,P0010,2025-12-14,1,39.8,Organic
O005177,C0525,P0012,2025-12-14,2,164.04,Organic
O005178,C0757,P0010,2025-12-14,2,79.6,Organic
O005179,C0466,P0010,2025-12-14,3,119.4,Paid
O005180,C0505,P0018,2025-12-14,3,147.57,Organic
O005181,C0734,P0020,2025-12-14,1,79.47,Email
O005182,C0285,P0019,2025-12-14,3,398.85,Organic
O005183,C0560,P0018,2025-12-14,2,98.38,Organic
O005184,C0054,P0024,2025-12-14,2,224.28,Organic
O005185,C0206,P0027,2025-12-14,2,53.46,Email
O005186,C0210,P0028,2025-12-14,3,125.52,Organic
O005187,C0206,P0031,2025-12-14,2,76.24,Organic
O005188,C0551,P0026,2025-12-14,3,169.83,Email
O005189,C0541,P0035,2025-12-14,1,88.25,Organic
O005190,C0688,P0035,2025-12-14,2,176.5,Email
O005191,C0787,P0003,2025-12-15,1,197.46,Organic
O005192,C0230,P0006,2025-12-15,1,65.8,Organic
O005193,C0364,P0001,2025-12-15,2,454.04,Organic
O005194,C0055,P0016,2025-12-15,3,171.0,Organic
O005195,C0426,P0011,2025-12-15,3,93.93,Paid
O005196,C0637,P0012,2025-12-15,2,164.04,Email
O005197,C0081,P0022,2025-12-15,2,100.78,Organic
O005198,C0190,P0022,2025-12-15,1,50.39,Paid
O005199,C0019,P0017,2025-12-15,2,49.36,Paid
O005200,C0476,P0028,2025-12-15,1,41.84,Email
O005201,C0689,P0037,2025-12-15,1,41.57,Paid
O005202,C0588,P0038,2025-12-15,3,54.54,Organic
O005203,C0383,P0004,2025-12-15,2,338.46,Paid
O005204,C0287,P0002,2025-12-15,1,185.4,Organic
O005205,C0308,P0005,2025-12-15,1,345.69,Paid
O005206,C0129,P0016,2025-12-15,2,114.0,Paid
O005207,C0489,P0009,2025-12-15,1,59.01,Organic
O005208,C0682,P0020,2025-12-15,2,158.94,Organic
O005209,C0564,P0028,2025-12-15,1,41.84,Email
O005210,C0192,P0029,2025-12-15,2,34.6,Organic
O005211,C0200,P0034,2025-12-15,1,58.68,Organic
O005212,C0605,P0035,2025-12-15,1,88.25,Referral
O005213,C0192,P0034,2025-12-15,2,117.36,Organic
O005214,C0666,P0036,2025-12-15,2,144.22,Paid
O005215,C0284,P0039,2025-12-15,3,310.74,Organic
O005216,C0559,P0004,2025-12-15,2,338.46,Email
O005217,C0259,P0006,2025-12-15,3,197.4,Paid
O005218,C0601,P0007,2025-12-15,2,340.62,Referral
O005219,C0568,P0006,2025-12-15,3,197.4,Paid
O005220,C0563,P0005,2025-12-15,2,691.38,Organic
O005221,C0012,P0014,2025-12-15,3,70.26,Email
O005222,C0362,P0012,2025-12-15,2,164.04,Referral
O005223,C0430,P0023,2025-12-15,3,275.97,Paid
O005224,C0445,P0024,2025-12-15,2,224.28,Email
O005225,C0021,P0017,2025-12-15,3,74.04,Organic
O005226,C0409,P0020,2025-12-15,2,158.94,Organic
O005227,C0288,P0032,2025-12-15,1,35.42,Organic
O005228,C0710,P0029,2025-12-15,3,51.9,Organic
O005229,C0077,P0027,2025-12-15,2,53.46,Paid
O005230,C0392,P0035,2025-12-15,3,264.75,Paid
O005231,C0095,P0040,2025-12-15,1,63.16,Referral
O005232,C0663,P0040,2025-12-15,3,189.48,Organic
O005233,C0719,P0036,2025-12-15,3,216.33,Email
O005234,C0173,P0038,2025-12-15,3,54.54,Paid
O005235,C0527,P0034,2025-12-15,2,117.36,Organic
O005236,C0499,P0007,2025-12-15,2,340.62,Paid
O005237,C0461,P0008,2025-12-15,2,453.06,Organic
O005238,C0626,P0003,2025-12-15,1,197.46,Paid
O005239,C0550,P0002,2025-12-15,3,556.2,Organic
O005240,C0014,P0016,2025-12-15,3,171.0,Organic
O005241,C0278,P0017,2025-12-15,3,74.04,Organic
O005242,C0054,P0024,2025-12-15,1,112.14,Paid
O005243,C0160,P0018,2025-12-15,3,147.57,Paid
O005244,C0272,P0021,2025-12-15,1,59.94,Email
O005245,C0204,P0030,2025-12-15,3,104.07,Organic
O005246,C0014,P0039,2025-12-15,1,103.58,Organic
O005247,C0757,P0034,2025-12-15,3,176.04,Organic
O005248,C0289,P0002,2025-12-16,1,185.4,Paid
O005249,C0794,P0005,2025-12-16,3,1037.07,Organic
O005250,C0231,P0012,2025-12-16,3,246.06,Organic
O005251,C0045,P0023,2025-12-16,2,183.98,Email
O005252,C0128,P0018,2025-12-16,3,147.57,Paid
O005253,C0208,P0031,2025-12-16,1,38.12,Organic
O005254,C0708,P0030,2025-12-16,3,104.07,Organic
O005255,C0796,P0038,2025-12-16,1,18.18,Email
O005256,C0406,P0035,2025-12-16,3,264.75,Organic
O005257,C0590,P0001,2025-12-16,3,681.06,Organic
O005258,C0355,P0002,2025-12-16,2,370.8,Organic
O005259,C0216,P0016,2025-12-16,3,171.0,Organic
O005260,C0659,P0013,2025-12-16,1,55.7,Organic
O005261,C0520,P0015,2025-12-16,2,91.84,Organic
O005262,C0760,P0012,2025-12-16,1,82.02,Email
O005263,C0292,P0021,2025-12-16,2,119.88,Organic
O005264,C0470,P0022,2025-12-16,2,100.78,Organic
O005265,C0605,P0023,2025-12-16,1,91.99,Organic
O005266,C0437,P0031,2025-12-16,2,76.24,Paid
O005267,C0195,P0039,2025-12-16,2,207.16,Email
O005268,C0771,P0033,2025-12-16,1,88.25,Paid
O005269,C0132,P0038,2025-12-16,2,36.36,Paid
O005270,C0255,P0005,2025-12-16,3,1037.07,Organic
O005271,C0187,P0003,2025-12-16,1,197.46,Referral
O005272,C0763,P0012,2025-12-16,1,82.02,Email
O005273,C0141,P0022,2025-12-16,2,100.78,Referral
O005274,C0494,P0019,2025-12-16,2,265.9,Paid
O005275,C0719,P0025,2025-12-16,2,77.74,Paid
O005276,C0711,P0027,2025-12-16,1,26.73,Email
O005277,C0207,P0026,2025-12-16,1,56.61,Referral
O005278,C0259,P0034,2025-12-16,1,58.68,Organic
O005279,C0683,P0040,2025-12-16,2,126.32,Email
O005280,C0407,P0038,2025-12-16,1,18.18,Organic
O005281,C0709,P0040,2025-12-16,3,189.48,Organic
O005282,C0005,P0040,2025-12-16,2,126.32,Organic
O005283,C0554,P0005,2025-12-16,2,691.38,Paid
O005284,C0652,P0003,2025-12-16,1,197.46,Paid
O005285,C0692,P0006,2025-12-16,2,131.6,Paid
O005286,C0310,P0010,2025-12-16,1,39.8,Organic
O005287,C0322,P0009,2025-12-16,3,177.03,Organic
O005288,C0214,P0024,2025-12-16,1,112.14,Organic
O005289,C0466,P0018,2025-12-16,1,49.19,Referral
O005290,C0031,P0020,2025-12-16,2,158.94,Referral
O005291,C0062,P0027,2025-12-16,2,53.46,Organic
O005292,C0542,P0035,2025-12-16,2,176.5,Email
O005293,C0065,P0036,2025-12-16,3,216.33,Paid
O005294,C0079,P0037,2025-12-16,3,124.71,Organic
O005295,C0675,P0010,2025-12-17,3,119.4,Organic
O005296,C0030,P0011,2025-12-17,2,62.62,Paid
O005297,C0328,P0017,2025-12-17,2,49.36,Paid
O005298,C0268,P0021,2025-12-17,1,59.94,Email
O005299,C0193,P0024,2025-12-17,1,112.14,Email
O005300,C0046,P0025,2025-12-17,1,38.87,Organic
O005301,C0344,P0012,2025-12-17,1,82.02,Organic
O005302,C0614,P0016,2025-12-17,3,171.0,Organic
O005303,C0277,P0015,2025-12-17,3,137.76,Organic
O005304,C0629,P0020,2025-12-17,3,238.41,Organic
O005305,C0543,P0029,2025-12-17,1,17.3,Organic
O005306,C0771,P0029,2025-12-17,1,17.3,Paid
O005307,C0730,P0035,2025-12-17,3,264.75,Paid
O005308,C0761,P0039,2025-12-17,2,207.16,Organic
O005309,C0087,P0038,2025-12-17,1,18.18,Organic
O005310,C0345,P0007,2025-12-17,3,510.93,Paid
O005311,C0563,P0013,2025-12-17,1,55.7,Email
O005312,C0114,P0011,2025-12-17,2,62.62,Organic
O005313,C0669,P0021,2025-12-17,3,179.82,Organic
O005314,C0351,P0032,2025-12-17,2,70.84,Email
O005315,C0755,P0037,2025-12-17,3,124.71,Referral
O005316,C0443,P0037,2025-12-17,1,41.57,Paid
O005317,C0077,P0035,2025-12-17,3,264.75,Email
O005318,C0496,P0037,2025-12-17,2,83.14,Referral
O005319,C0012,P0033,2025-12-17,3,264.75,Organic
O005320,C0784,P0038,2025-12-17,3,54.54,Paid
O005321,C0065,P0008,2025-12-17,1,226.53,Paid
O005322,C0237,P0003,2025-12-17,3,592.38,Organic
O005323,C0302,P0009,2025-12-17,1,59.01,Organic
O005324,C0089,P0014,2025-12-17,1,23.42,Paid
O005325,C0126,P0017,2025-12-17,2,49.36,Email
O005326,C0027,P0029,2025-12-17,1,17.3,Email
O005327,C0058,P0039,2025-12-17,3,310.74,Paid
O005328,C0416,P0007,2025-12-18,3,510.93,Organic
O005329,C0120,P0009,2025-12-18,2,118.02,Paid
O005330,C0680,P0016,2025-12-18,3,171.0,Email
O005331,C0396,P0019,2025-12-18,3,398.85,Paid
O005332,C0178,P0018,2025-12-18,2,98.38,Referral
O005333,C0749,P0019,2025-12-18,3,398.85,Email
O005334,C0045,P0022,2025-12-18,3,151.17,Email
O005335,C0377,P0002,2025-12-18,1,185.4,Email
O005336,C0383,P0002,2025-12-18,2,370.8,Referral
O005337,C0307,P0024,2025-12-18,1,112.14,Organic
O005338,C0399,P0021,2025-12-18,2,119.88,Paid
O005339,C0771,P0029,2025-12-18,3,51.9,Paid
O005340,C0232,P0031,2025-12-18,2,76.24,Paid
O005341,C0026,P0032,2025-12-18,2,70.84,Referral
O005342,C0180,P0027,2025-12-18,2,53.46,Email
O005343,C0200,P0037,2025-12-18,1,41.57,Email
O005344,C0342,P0040,2025-12-18,3,189.48,Paid
O005345,C0568,P0003,2025-12-18,2,394.92,Organic
O005346,C0021,P0005,2025-12-18,1,345.69,Paid
O005347,C0179,P0006,2025-12-18,1,65.8,Referral
O005348,C0003,P0004,2025-12-18,3,507.69,Paid
O005349,C0700,P0013,2025-12-18,2,111.4,Organic
O005350,C0711,P0017,2025-12-18,3,74.04,Organic
O005351,C0086,P0024,2025-12-18,1,112.14,Organic
O005352,C0683,P0019,2025-12-18,2,265.9,Organic
O005353,C0269,P0030,2025-12-18,2,69.38,Organic
O005354,C0323,P0029,2025-12-18,1,17.3,Paid
O005355,C0450,P0028,2025-12-18,1,41.84,Organic
O005356,C0223,P0006,2025-12-18,3,197.4,Organic
O005357,C0302,P0003,2025-12-18,1,197.46,Organic
O005358,C0387,P0010,2025-12-18,3,119.4,Paid
O005359,C0581,P0013,2025-12-18,1,55.7,Paid
O005360,C0064,P0019,2025-12-18,2,265.9,Paid
O005361,C0585,P0019,2025-12-18,2,265.9,Paid
O005362,C0572,P0025,2025-12-18,2,77.74,Email
O005363,C0037,P0030,2025-12-18,1,34.69,Paid
O005364,C0358,P0029,2025-12-18,2,34.6,Email
O005365,C0126,P0037,2025-12-18,1,41.57,Organic
O005366,C0442,P0002,2025-12-19,2,370.8,Organic
O005367,C0406,P0002,2025-12-19,2,370.8,Referral
O005368,C0406,P0004,2025-12-19,2,338.46,Paid
O005369,C0706,P0011,2025-12-19,3,93.93,Organic
O005370,C0642,P0014,2025-12-19,2,46.84,Email
O005371,C0359,P0012,2025-12-19,2,164.04,Organic
O005372,C0778,P0016,2025-12-19,1,57.0,Referral
O005373,C0161,P0023,2025-12-19,1,91.99,Email
O005374,C0798,P0019,2025-12-19,1,132.95,Organic
O005375,C0468,P0030,2025-12-19,3,104.07,Paid
O005376,C0777,P0034,2025-12-19,3,176.04,Paid
O005377,C0529,P0004,2025-12-19,2,338.46,Organic
O005378,C0243,P0007,2025-12-19,2,340.62,Organic
O005379,C0202,P0002,2025-12-19,3,556.2,Organic
O005380,C0492,P0001,2025-12-19,3,681.06,Paid
O005381,C0121,P0012,2025-12-19,1,82.02,Email
O005382,C0526,P0009,2025-12-19,3,177.03,Organic
O005383,C0316,P0009,2025-12-19,2,118.02,Paid
O005384,C0651,P0009,2025-12-19,2,118.02,Paid
O005385,C0737,P0016,2025-12-19,3,171.0,Email
O005386,C0759,P0012,2025-12-19,1,82.02,Organic
O005387,C0232,P0023,2025-12-19,3,275.97,Paid
O005388,C0502,P0020,2025-12-19,3,238.41,Organic
O005389,C0411,P0027,2025-12-19,1,26.73,Paid
O005390,C0091,P0028,2025-12-19,2,83.68,Organic
O005391,C0605,P0031,2025-12-19,2,76.24,Referral
O005392,C0361,P0029,2025-12-19,2,34.6,Paid
O005393,C0242,P0040,2025-12-19,2,126.32,Organic
O005394,C0344,P0038,2025-12-19,2,36.36,Paid
O005395,C0385,P0002,2025-12-19,3,556.2,Paid
O005396,C0756,P0005,2025-12-19,2,691.38,Paid
O005397,C0625,P0006,2025-12-19,1,65.8,Email
O005398,C0179,P0005,2025-12-19,3,1037.07,Paid
O005399,C0176,P0003,2025-12-19,1,197.46,Paid
O005400,C0784,P0001,2025-12-19,3,681.06,Email
O005401,C0199,P0015,2025-12-19,2,91.84,Organic
O005402,C0012,P0009,2025-12-19,3,177.03,Organic
O005403,C0452,P0016,2025-12-19,3,171.0,Email
O005404,C0138,P0022,2025-12-19,2,100.78,Organic
O005405,C0663,P0028,2025-12-19,1,41.84,Organic
O005406,C0493,P0027,2025-12-19,1,26.73,Paid
O005407,C0154,P0031,2025-12-19,3,114.36,Email
O005408,C0176,P0034,2025-12-19,3,176.04,Organic
O005409,C0001,P0038,2025-12-19,3,54.54,Referral
O005410,C0686,P0013,2025-12-19,1,55.7,Paid
O005411,C0302,P0013,2025-12-19,1,55.7,Email
O005412,C0301,P0022,2025-12-19,3,151.17,Organic
O005413,C0272,P0029,2025-12-19,1,17.3,Organic
O005414,C0688,P0026,2025-12-19,2,113.22,Email
O005415,C0546,P0029,2025-12-19,1,17.3,Email
O005416,C0352,P0035,2025-12-19,3,264.75,Referral
O005417,C0054,P0035,2025-12-19,3,264.75,Organic
O005418,C0514,P0039,2025-12-19,1,103.58,Organic
O005419,C0471,P0004,2025-12-20,2,338.46,Paid
O005420,C0045,P0006,2025-12-20,3,197.4,Organic
O005421,C0120,P0003,2025-12-20,1,197.46,Paid
O005422,C0555,P0016,2025-12-20,3,171.0,Organic
O005423,C0532,P0015,2025-12-20,1,45.92,Organic
O005424,C0617,P0014,2025-12-20,1,23.42,Referral
O005425,C0004,P0022,2025-12-20,2,100.78,Email
O005426,C0495,P0018,2025-12-20,1,49.19,Paid
O005427,C0128,P0022,2025-12-20,1,50.39,Organic
O005428,C0334,P0023,2025-12-20,1,91.99,Organic
O005429,C0405,P0025,2025-12-20,3,116.61,Paid
O005430,C0475,P0027,2025-12-20,1,26.73,Referral
O005431,C0082,P0036,2025-12-20,2,144.22,Organic
O005432,C0622,P0035,2025-12-20,1,88.25,Organic
O005433,C0573,P0004,2025-12-20,3,507.69,Referral
O005434,C0608,P0001,2025-12-20,1,227.02,Organic
O005435,C0277,P0011,2025-12-20,2,62.62,Organic
O005436,C0068,P0009,2025-12-20,3,177.03,Organic
O005437,C0180,P0013,2025-12-20,1,55.7,Organic
O005438,C0651,P0021,2025-12-20,1,59.94,Organic
O005439,C0651,P0021,2025-12-20,1,59.94,Organic
O005440,C0529,P0018,2025-12-20,3,147.57,Paid
O005441,C0284,P0018,2025-12-20,2,98.38,Organic
O005442,C0129,P0031,2025-12-20,1,38.12,Email
O005443,C0232,P0031,2025-12-20,3,114.36,Email
O005444,C0776,P0026,2025-12-20,2,113.22,Paid
O005445,C0399,P0027,2025-12-20,2,53.46,Organic
O005446,C0450,P0003,2025-12-20,2,394.92,Email
O005447,C0115,P0015,2025-12-20,1,45.92,Paid
O005448,C0329,P0011,2025-12-20,1,31.31,Organic
O005449,C0362,P0013,2025-12-20,1,55.7,Organic
O005450,C0636,P0014,2025-12-20,3,70.26,Email
O005451,C0009,P0023,2025-12-20,1,91.99,Organic
O005452,C0144,P0021,2025-12-20,2,119.88,Paid
O005453,C0496,P0023,2025-12-20,3,275.97,Referral
O005454,C0783,P0017,2025-12-20,1,24.68,Organic
O005455,C0012,P0023,2025-12-20,2,183.98,Organic
O005456,C0556,P0033,2025-12-20,2,176.5,Paid
O005457,C0453,P0037,2025-12-20,2,83.14,Paid
O005458,C0084,P0034,2025-12-20,2,117.36,Organic
O005459,C0265,P0006,2025-12-20,3,197.4,Paid
O005460,C0400,P0006,2025-12-20,3,197.4,Organic
O005461,C0210,P0010,2025-12-20,3,119.4,Organic
O005462,C0214,P0016,2025-12-20,3,171.0,Email
O005463,C0302,P0010,2025-12-20,1,39.8,Paid
O005464,C0090,P0010,2025-12-20,1,39.8,Organic
O005465,C0265,P0018,2025-12-20,2,98.38,Organic
O005466,C0598,P0020,2025-12-20,3,238.41,Organic
O005467,C0685,P0019,2025-12-20,3,398.85,Organic
O005468,C0510,P0026,2025-12-20,2,113.22,Organic
O005469,C0785,P0030,2025-12-20,1,34.69,Referral
O005470,C0156,P0031,2025-12-20,2,76.24,Organic
O005471,C0267,P0035,2025-12-20,2,176.5,Email
O005472,C0511,P0037,2025-12-20,3,124.71,Organic
O005473,C0352,P0034,2025-12-20,1,58.68,Referral
O005474,C0384,P0001,2025-12-21,3,681.06,Organic
O005475,C0081,P0014,2025-12-21,3,70.26,Paid
O005476,C0268,P0012,2025-12-21,3,246.06,Organic
O005477,C0275,P0016,2025-12-21,2,114.0,Organic
O005478,C0617,P0023,2025-12-21,1,91.99,Organic
O005479,C0786,P0031,2025-12-21,1,38.12,Paid
O005480,C0778,P0031,2025-12-21,3,114.36,Organic
O005481,C0046,P0025,2025-12-21,1,38.87,Email
O005482,C0495,P0033,2025-12-21,1,88.25,Paid
O005483,C0046,P0040,2025-12-21,2,126.32,Paid
O005484,C0644,P0003,2025-12-21,2,394.92,Organic
O005485,C0537,P0012,2025-12-21,3,246.06,Email
O005486,C0484,P0015,2025-12-21,1,45.92,Organic
O005487,C0143,P0016,2025-12-21,1,57.0,Organic
O005488,C0640,P0030,2025-12-21,3,104.07,Organic
O005489,C0437,P0032,2025-12-21,1,35.42,Paid
O005490,C0391,P0032,2025-12-21,2,70.84,Paid
O005491,C0189,P0030,2025-12-21,3,104.07,Organic
O005492,C0308,P0029,2025-12-21,1,17.3,Email
O005493,C0767,P0037,2025-12-21,2,83.14,Organic
O005494,C0570,P0036,2025-12-21,2,144.22,Organic
O005495,C0570,P0036,2025-12-21,1,72.11,Organic
O005496,C0666,P0034,2025-12-21,3,176.04,Organic
O005497,C0504,P0035,2025-12-21,3,264.75,Organic
O005498,C0284,P0035,2025-12-21,2,176.5,Paid
O005499,C0299,P0033,2025-12-21,3,264.75,Paid
O005500,C0609,P0034,2025-12-21,3,176.04,Organic
O005501,C0100,P0007,2025-12-21,1,170.31,Paid
O005502,C0665,P0005,2025-12-21,1,345.69,Paid
O005503,C0653,P0010,2025-12-21,1,39.8,Organic
O005504,C0663,P0009,2025-12-21,3,177.03,Organic
O005505,C0059,P0014,2025-12-21,1,23.42,Organic
O005506,C0464,P0012,2025-12-21,1,82.02,Organic
O005507,C0259,P0015,2025-12-21,2,91.84,Organic
O005508,C0670,P0016,2025-12-21,3,171.0,Referral
O005509,C0653,P0010,2025-12-21,1,39.8,Organic
O005510,C0144,P0022,2025-12-21,1,50.39,Referral
O005511,C0138,P0021,2025-12-21,3,179.82,Organic
O005512,C0744,P0026,2025-12-21,1,56.61,Organic
O005513,C0032,P0027,2025-12-21,2,53.46,Referral
O005514,C0500,P0027,2025-12-21,2,53.46,Organic
O005515,C0709,P0040,2025-12-21,2,126.32,Organic
O005516,C0084,P0036,2025-12-21,2,144.22,Organic
O005517,C0404,P0037,2025-12-21,2,83.14,Paid
O005518,C0184,P0039,2025-12-21,1,103.58,Organic
O005519,C0282,P0040,2025-12-21,1,63.16,Paid
O005520,C0723,P0001,2025-12-21,1,227.02,Email
O005521,C0462,P0008,2025-12-21,1,226.53,Organic
O005522,C0387,P0007,2025-12-21,2,340.62,Referral
O005523,C0322,P0009,2025-12-21,1,59.01,Referral
O005524,C0626,P0023,2025-12-21,1,91.99,Email
O005525,C0061,P0022,2025-12-21,2,100.78,Organic
O005526,C0197,P0031,2025-12-21,3,114.36,Organic
O005527,C0222,P0029,2025-12-21,2,34.6,Email
O005528,C0679,P0025,2025-12-21,1,38.87,Organic
O005529,C0688,P0027,2025-12-21,1,26.73,Organic
O005530,C0354,P0003,2025-12-22,1,197.46,Paid
O005531,C0335,P0015,2025-12-22,3,137.76,Paid
O005532,C0456,P0009,2025-12-22,2,118.02,Organic
O005533,C0552,P0013,2025-12-22,3,167.1,Organic
O005534,C0140,P0021,2025-12-22,3,179.82,Paid
O005535,C0268,P0023,2025-12-22,3,275.97,Organic
O005536,C0532,P0025,2025-12-22,3,116.61,Paid
O005537,C0678,P0031,2025-12-22,1,38.12,Paid
O005538,C0740,P0035,2025-12-22,3,264.75,Paid
O005539,C0664,P0037,2025-12-22,3,124.71,Email
O005540,C0008,P0004,2025-12-22,3,507.69,Organic
O005541,C0340,P0007,2025-12-22,1,170.31,Organic
O005542,C0410,P0022,2025-12-22,2,100.78,Organic
O005543,C0644,P0031,2025-12-22,1,38.12,Paid
O005544,C0119,P0035,2025-12-22,2,176.5,Referral
O005545,C0091,P0040,2025-12-22,1,63.16,Paid
O005546,C0404,P0004,2025-12-22,2,338.46,Email
O005547,C0677,P0004,2025-12-22,2,338.46,Paid
O005548,C0345,P0005,2025-12-22,3,1037.07,Paid
O005549,C0707,P0017,2025-12-22,1,24.68,Paid
O005550,C0677,P0029,2025-12-22,2,34.6,Paid
O005551,C0677,P0035,2025-12-22,3,264.75,Email
O005552,C0409,P0037,2025-12-22,1,41.57,Paid
O005553,C0367,P0016,2025-12-22,2,114.0,Organic
O005554,C0679,P0012,2025-12-22,2,164.04,Organic
O005555,C0775,P0023,2025-12-22,2,183.98,Organic
O005556,C0027,P0018,2025-12-22,2,98.38,Organic
O005557,C0229,P0023,2025-12-22,1,91.99,Organic
O005558,C0546,P0018,2025-12-22,3,147.57,Organic
O005559,C0349,P0018,2025-12-22,2,98.38,Referral
O005560,C0196,P0033,2025-12-22,1,88.25,Organic
O005561,C0055,P0004,2025-12-23,3,507.69,Email
O005562,C0619,P0013,2025-12-23,2,111.4,Organic
O005563,C0536,P0013,2025-12-23,1,55.7,Paid
O005564,C0319,P0016,2025-12-23,1,57.0,Referral
O005565,C0328,P0015,2025-12-23,3,137.76,Organic
O005566,C0471,P0019,2025-12-23,3,398.85,Organic
O005567,C0787,P0017,2025-12-23,3,74.04,Organic
O005568,C0178,P0023,2025-12-23,1,91.99,Organic
O005569,C0642,P0017,2025-12-23,3,74.04,Organic
O005570,C0603,P0028,2025-12-23,3,125.52,Referral
O005571,C0330,P0028,2025-12-23,2,83.68,Organic
O005572,C0406,P0028,2025-12-23,1,41.84,Email
O005573,C0081,P0026,2025-12-23,2,113.22,Organic
O005574,C0637,P0038,2025-12-23,1,18.18,Referral
O005575,C0125,P0038,2025-12-23,2,36.36,Referral
O005576,C0491,P0004,2025-12-23,1,169.23,Paid
O005577,C0383,P0014,2025-12-23,3,70.26,Paid
O005578,C0340,P0010,2025-12-23,1,39.8,Organic
O005579,C0202,P0009,2025-12-23,2,118.02,Referral
O005580,C0257,P0015,2025-12-23,2,91.84,Referral
O005581,C0316,P0024,2025-12-23,2,224.28,Paid
O005582,C0454,P0022,2025-12-23,3,151.17,Email
O005583,C0216,P0023,2025-12-23,3,275.97,Organic
O005584,C0377,P0020,2025-12-23,2,158.94,Paid
O005585,C0308,P0026,2025-12-23,3,169.83,Organic
O005586,C0780,P0026,2025-12-23,1,56.61,Email
O005587,C0629,P0030,2025-12-23,1,34.69,Organic
O005588,C0729,P0003,2025-12-23,1,197.46,Organic
O005589,C0086,P0005,2025-12-23,3,1037.07,Referral
O005590,C0351,P0004,2025-12-23,3,507.69,Referral
O005591,C0409,P0016,2025-12-23,1,57.0,Paid
O005592,C0763,P0020,2025-12-23,3,238.41,Organic
O005593,C0422,P0022,2025-12-23,3,151.17,Paid
O005594,C0407,P0018,2025-12-23,1,49.19,Organic
O005595,C0747,P0020,2025-12-23,3,238.41,Referral
O005596,C0725,P0030,2025-12-23,1,34.69,Email
O005597,C0601,P0031,2025-12-23,3,114.36,Paid
O005598,C0711,P0038,2025-12-23,2,36.36,Referral
O005599,C0247,P0039,2025-12-23,2,207.16,Referral
O005600,C0719,P0033,2025-12-23,1,88.25,Email
O005601,C0397,P0006,2025-12-23,1,65.8,Paid
O005602,C0037,P0008,2025-12-23,2,453.06,Referral
O005603,C0313,P0004,2025-12-23,3,507.69,Paid
O005604,C0014,P0013,2025-12-23,2,111.4,Referral
O005605,C0550,P0016,2025-12-23,3,171.0,Paid
O005606,C0626,P0010,2025-12-23,1,39.8,Paid
O005607,C0650,P0015,2025-12-23,2,91.84,Organic
O005608,C0481,P0023,2025-12-23,1,91.99,Organic
O005609,C0400,P0017,2025-12-23,2,49.36,Organic
O005610,C0191,P0018,2025-12-23,2,98.38,Organic
O005611,C0397,P0021,2025-12-23,2,119.88,Organic
O005612,C0679,P0030,2025-12-23,1,34.69,Paid
O005613,C0457,P0028,2025-12-23,1,41.84,Email
O005614,C0014,P0037,2025-12-23,3,124.71,Paid
O005615,C0798,P0004,2025-12-24,1,169.23,Organic
O005616,C0055,P0009,2025-12-24,1,59.01,Paid
O005617,C0532,P0013,2025-12-24,2,111.4,Organic
O005618,C0675,P0024,2025-12-24,3,336.42,Paid
O005619,C0630,P0031,2025-12-24,3,114.36,Email
O005620,C0330,P0035,2025-12-24,2,176.5,Organic
O005621,C0232,P0004,2025-12-24,3,507.69,Referral
O005622,C0224,P0013,2025-12-24,1,55.7,Referral
O005623,C0198,P0014,2025-12-24,3,70.26,Email
O005624,C0291,P0009,2025-12-24,2,118.02,Organic
O005625,C0150,P0014,2025-12-24,3,70.26,Organic
O005626,C0224,P0025,2025-12-24,3,116.61,Organic
O005627,C0490,P0033,2025-12-24,1,88.25,Paid
O005628,C0489,P0036,2025-12-24,1,72.11,Paid
O005629,C0609,P0039,2025-12-24,3,310.74,Paid
O005630,C0381,P0001,2025-12-24,1,227.02,Paid
O005631,C0412,P0010,2025-12-24,1,39.8,Email
O005632,C0021,P0014,2025-12-24,2,46.84,Paid
O005633,C0601,P0010,2025-12-24,2,79.6,Email
O005634,C0670,P0020,2025-12-24,2,158.94,Email
O005635,C0254,P0024,2025-12-24,1,112.14,Organic
O005636,C0095,P0020,2025-12-24,3,238.41,Organic
O005637,C0060,P0035,2025-12-24,2,176.5,Email
O005638,C0060,P0036,2025-12-24,1,72.11,Organic
O005639,C0105,P0013,2025-12-24,3,167.1,Organic
O005640,C0214,P0020,2025-12-24,2,158.94,Paid
O005641,C0542,P0022,2025-12-24,1,50.39,Organic
O005642,C0585,P0019,2025-12-24,1,132.95,Paid
O005643,C0014,P0021,2025-12-24,1,59.94,Paid
O005644,C0265,P0017,2025-12-24,1,24.68,Organic
O005645,C0550,P0017,2025-12-24,1,24.68,Organic
O005646,C0204,P0027,2025-12-24,1,26.73,Referral
O005647,C0160,P0040,2025-12-24,2,126.32,Referral
O005648,C0712,P0009,2025-12-25,1,59.01,Organic
O005649,C0118,P0011,2025-12-25,2,62.62,Organic
O005650,C0082,P0030,2025-12-25,3,104.07,Paid
O005651,C0330,P0028,2025-12-25,1,41.84,Organic
O005652,C0231,P0033,2025-12-25,3,264.75,Paid
O005653,C0174,P0039,2025-12-25,3,310.74,Organic
O005654,C0569,P0037,2025-12-25,1,41.57,Paid
O005655,C0002,P0038,2025-12-25,2,36.36,Email
O005656,C0011,P0033,2025-12-25,1,88.25,Organic
O005657,C0632,P0004,2025-12-25,1,169.23,Organic
O005658,C0615,P0007,2025-12-25,2,340.62,Paid
O005659,C0245,P0004,2025-12-25,2,338.46,Paid
O005660,C0760,P0008,2025-12-25,1,226.53,Paid
O005661,C0470,P0016,2025-12-25,2,114.0,Organic
O005662,C0579,P0012,2025-12-25,3,246.06,Paid
O005663,C0132,P0021,2025-12-25,1,59.94,Referral
O005664,C0771,P0021,2025-12-25,2,119.88,Organic
O005665,C0410,P0038,2025-12-25,3,54.54,Referral
O005666,C0634,P0004,2025-12-25,3,507.69,Organic
O005667,C0745,P0001,2025-12-25,2,454.04,Organic
O005668,C0747,P0009,2025-12-25,2,118.02,Paid
O005669,C0288,P0023,2025-12-25,2,183.98,Email
O005670,C0783,P0020,2025-12-25,1,79.47,Organic
O005671,C0127,P0017,2025-12-25,1,24.68,Organic
O005672,C0744,P0024,2025-12-25,1,112.14,Organic
O005673,C0100,P0032,2025-12-25,3,106.26,Paid
O005674,C0665,P0025,2025-12-25,1,38.87,Paid
O005675,C0558,P0040,2025-12-25,3,189.48,Organic
O005676,C0122,P0001,2025-12-25,1,227.02,Email
O005677,C0402,P0007,2025-12-25,2,340.62,Organic
O005678,C0733,P0001,2025-12-25,3,681.06,Organic
O005679,C0693,P0011,2025-12-25,2,62.62,Paid
O005680,C0014,P0011,2025-12-25,1,31.31,Referral
O005681,C0196,P0014,2025-12-25,1,23.42,Paid
O005682,C0772,P0012,2025-12-25,3,246.06,Organic
O005683,C0234,P0016,2025-12-25,2,114.0,Email
O005684,C0228,P0023,2025-12-25,1,91.99,Paid
O005685,C0519,P0022,2025-12-25,3,151.17,Organic
O005686,C0135,P0019,2025-12-25,3,398.85,Email
O005687,C0322,P0026,2025-12-25,3,169.83,Organic
O005688,C0228,P0025,2025-12-25,1,38.87,Organic
O005689,C0136,P0038,2025-12-25,2,36.36,Referral
O005690,C0567,P0037,2025-12-25,2,83.14,Paid
O005691,C0161,P0004,2025-12-26,3,507.69,Paid
O005692,C0076,P0012,2025-12-26,3,246.06,Organic
O005693,C0280,P0021,2025-12-26,1,59.94,Referral
O005694,C0319,P0023,2025-12-26,1,91.99,Organic
O005695,C0442,P0022,2025-12-26,3,151.17,Paid
O005696,C0390,P0019,2025-12-26,1,132.95,Referral
O005697,C0161,P0034,2025-12-26,3,176.04,Paid
O005698,C0120,P0037,2025-12-26,2,83.14,Organic
O005699,C0603,P0038,2025-12-26,2,36.36,Organic
O005700,C0307,P0003,2025-12-26,2,394.92,Organic
O005701,C0676,P0004,2025-12-26,3,507.69,Organic
O005702,C0659,P0004,2025-12-26,1,169.23,Organic
O005703,C0651,P0009,2025-12-26,1,59.01,Email
O005704,C0326,P0017,2025-12-26,3,74.04,Email
O005705,C0743,P0031,2025-12-26,2,76.24,Organic
O005706,C0088,P0025,2025-12-26,2,77.74,Paid
O005707,C0202,P0032,2025-12-26,1,35.42,Organic
O005708,C0522,P0008,2025-12-26,1,226.53,Email
O005709,C0556,P0004,2025-12-26,2,338.46,Organic
O005710,C0669,P0005,2025-12-26,2,691.38,Organic
O005711,C0146,P0004,2025-12-26,1,169.23,Organic
O005712,C0373,P0007,2025-12-26,1,170.31,Email
O005713,C0059,P0014,2025-12-26,2,46.84,Email
O005714,C0077,P0013,2025-12-26,2,111.4,Organic
O005715,C0746,P0015,2025-12-26,2,91.84,Organic
O005716,C0477,P0010,2025-12-26,3,119.4,Paid
O005717,C0010,P0014,2025-12-26,1,23.42,Paid
O005718,C0451,P0018,2025-12-26,2,98.38,Paid
O005719,C0259,P0019,2025-12-26,2,265.9,Organic
O005720,C0430,P0017,2025-12-26,2,49.36,Organic
O005721,C0114,P0025,2025-12-26,1,38.87,Paid
O005722,C0141,P0035,2025-12-26,3,264.75,Organic
O005723,C0618,P0001,2025-12-26,3,681.06,Referral
O005724,C0024,P0002,2025-12-26,2,370.8,Paid
O005725,C0156,P0010,2025-12-26,1,39.8,Organic
O005726,C0223,P0014,2025-12-26,2,46.84,Referral
O005727,C0028,P0019,2025-12-26,1,132.95,Organic
O005728,C0643,P0025,2025-12-26,1,38.87,Organic
O005729,C0153,P0034,2025-12-26,1,58.68,Organic
O005730,C0228,P0033,2025-12-26,1,88.25,Organic
O005731,C0740,P0007,2025-12-27,2,340.62,Organic
O005732,C0619,P0008,2025-12-27,3,679.59,Organic
O005733,C0118,P0010,2025-12-27,3,119.4,Paid
O005734,C0045,P0009,2025-12-27,2,118.02,Email
O005735,C0390,P0020,2025-12-27,3,238.41,Paid
O005736,C0675,P0017,2025-12-27,1,24.68,Paid
O005737,C0376,P0023,2025-12-27,2,183.98,Paid
O005738,C0118,P0029,2025-12-27,2,34.6,Organic
O005739,C0279,P0038,2025-12-27,1,18.18,Paid
O005740,C0355,P0003,2025-12-27,3,592.38,Organic
O005741,C0726,P0009,2025-12-27,1,59.01,Email
O005742,C0192,P0023,2025-12-27,2,183.98,Paid
O005743,C0620,P0023,2025-12-27,2,183.98,Referral
O005744,C0609,P0029,2025-12-27,1,17.3,Paid
O005745,C0150,P0029,2025-12-27,2,34.6,Organic
O005746,C0771,P0026,2025-12-27,3,169.83,Paid
O005747,C0483,P0038,2025-12-27,2,36.36,Organic
O005748,C0212,P0037,2025-12-27,2,83.14,Organic
O005749,C0437,P0038,2025-12-27,3,54.54,Organic
O005750,C0577,P0036,2025-12-27,1,72.11,Organic
O005751,C0152,P0008,2025-12-27,1,226.53,Organic
O005752,C0430,P0004,2025-12-27,3,507.69,Paid
O005753,C0717,P0009,2025-12-27,2,118.02,Organic
O005754,C0562,P0011,2025-12-27,1,31.31,Paid
O005755,C0710,P0013,2025-12-27,2,111.4,Paid
O005756,C0171,P0021,2025-12-27,1,59.94,Email
O005757,C0412,P0018,2025-12-27,2,98.38,Organic
O005758,C0259,P0021,2025-12-27,1,59.94,Email
O005759,C0616,P0030,2025-12-27,3,104.07,Organic
O005760,C0660,P0031,2025-12-27,2,76.24,Paid
O005761,C0724,P0031,2025-12-27,2,76.24,Paid
O005762,C0017,P0027,2025-12-27,3,80.19,Paid
O005763,C0339,P0036,2025-12-27,2,144.22,Paid
O005764,C0173,P0037,2025-12-27,2,83.14,Organic
O005765,C0542,P0003,2025-12-27,2,394.92,Organic
O005766,C0368,P0006,2025-12-27,2,131.6,Organic
O005767,C0016,P0007,2025-12-27,1,170.31,Organic
O005768,C0036,P0004,2025-12-27,1,169.23,Paid
O005769,C0462,P0012,2025-12-27,2,164.04,Paid
O005770,C0024,P0025,2025-12-27,1,38.87,Referral
O005771,C0024,P0025,2025-12-27,3,116.61,Organic
O005772,C0628,P0040,2025-12-27,2,126.32,Organic
O005773,C0103,P0039,2025-12-27,2,207.16,Referral
O005774,C0128,P0007,2025-12-28,3,510.93,Organic
O005775,C0691,P0001,2025-12-28,3,681.06,Paid
O005776,C0406,P0005,2025-12-28,1,345.69,Paid
O005777,C0401,P0004,2025-12-28,1,169.23,Organic
O005778,C0335,P0015,2025-12-28,1,45.92,Organic
O005779,C0019,P0013,2025-12-28,1,55.7,Organic
O005780,C0406,P0022,2025-12-28,2,100.78,Email
O005781,C0396,P0017,2025-12-28,1,24.68,Organic
O005782,C0215,P0023,2025-12-28,3,275.97,Referral
O005783,C0495,P0027,2025-12-28,1,26.73,Organic
O005784,C0335,P0029,2025-12-28,1,17.3,Organic
O005785,C0303,P0025,2025-12-28,2,77.74,Email
O005786,C0657,P0029,2025-12-28,1,17.3,Email
O005787,C0552,P0037,2025-12-28,1,41.57,Paid
O005788,C0142,P0038,2025-12-28,1,18.18,Organic
O005789,C0277,P0006,2025-12-28,1,65.8,Organic
O005790,C0195,P0006,2025-12-28,1,65.8,Paid
O005791,C0261,P0014,2025-12-28,2,46.84,Paid
O005792,C0316,P0011,2025-12-28,1,31.31,Organic
O005793,C0570,P0013,2025-12-28,2,111.4,Organic
O005794,C0380,P0023,2025-12-28,1,91.99,Paid
O005795,C0501,P0023,2025-12-28,1,91.99,Paid
O005796,C0731,P0020,2025-12-28,2,158.94,Email
O005797,C0192,P0018,2025-12-28,3,147.57,Organic
O005798,C0321,P0024,2025-12-28,3,336.42,Referral
O005799,C0433,P0017,2025-12-28,3,74.04,Paid
O005800,C0573,P0021,2025-12-28,2,119.88,Paid
O005801,C0099,P0025,2025-12-28,1,38.87,Organic
O005802,C0291,P0031,2025-12-28,3,114.36,Organic
O005803,C0736,P0037,2025-12-28,3,124.71,Organic
O005804,C0080,P0034,2025-12-28,2,117.36,Paid
O005805,C0117,P0034,2025-12-28,3,176.04,Organic
O005806,C0256,P0038,2025-12-28,3,54.54,Organic
O005807,C0254,P0008,2025-12-28,3,679.59,Email
O005808,C0217,P0005,2025-12-28,1,345.69,Organic
O005809,C0690,P0013,2025-12-28,1,55.7,Email
O005810,C0057,P0011,2025-12-28,2,62.62,Paid
O005811,C0207,P0023,2025-12-28,3,275.97,Paid
O005812,C0227,P0024,2025-12-28,3,336.42,Paid
O005813,C0179,P0020,2025-12-28,3,238.41,Email
O005814,C0745,P0031,2025-12-28,2,76.24,Email
O005815,C0032,P0036,2025-12-28,2,144.22,Paid
O005816,C0318,P0036,2025-12-28,3,216.33,Organic
O005817,C0747,P0035,2025-12-28,3,264.75,Referral
O005818,C0515,P0006,2025-12-28,1,65.8,Paid
O005819,C0733,P0004,2025-12-28,3,507.69,Paid
O005820,C0480,P0010,2025-12-28,3,119.4,Organic
O005821,C0191,P0014,2025-12-28,2,46.84,Email
O005822,C0327,P0013,2025-12-28,2,111.4,Paid
O005823,C0103,P0014,2025-12-28,3,70.26,Organic
O005824,C0546,P0019,2025-12-28,3,398.85,Organic
O005825,C0645,P0023,2025-12-28,2,183.98,Paid
O005826,C0273,P0018,2025-12-28,1,49.19,Paid
O005827,C0775,P0021,2025-12-28,3,179.82,Organic
O005828,C0013,P0026,2025-12-28,1,56.61,Paid
O005829,C0583,P0030,2025-12-28,1,34.69,Organic
O005830,C0751,P0026,2025-12-28,3,169.83,Organic
O005831,C0606,P0031,2025-12-28,2,76.24,Organic
O005832,C0313,P0040,2025-12-28,3,189.48,Organic
O005833,C0206,P0038,2025-12-28,2,36.36,Organic
O005834,C0142,P0005,2025-12-29,1,345.69,Email
O005835,C0403,P0002,2025-12-29,2,370.8,Referral
O005836,C0576,P0001,2025-12-29,2,454.04,Organic
O005837,C0230,P0002,2025-12-29,3,556.2,Organic
O005838,C0588,P0016,2025-12-29,2,114.0,Organic
O005839,C0263,P0015,2025-12-29,3,137.76,Paid
O005840,C0442,P0011,2025-12-29,3,93.93,Organic
O005841,C0209,P0023,2025-12-29,3,275.97,Organic
O005842,C0209,P0024,2025-12-29,1,112.14,Organic
O005843,C0512,P0024,2025-12-29,2,224.28,Organic
O005844,C0405,P0026,2025-12-29,1,56.61,Organic
O005845,C0208,P0031,2025-12-29,2,76.24,Organic
O005846,C0303,P0027,2025-12-29,2,53.46,Organic
O005847,C0174,P0026,2025-12-29,1,56.61,Paid
O005848,C0595,P0038,2025-12-29,2,36.36,Organic
O005849,C0423,P0037,2025-12-29,2,83.14,Paid
O005850,C0008,P0002,2025-12-29,2,370.8,Paid
O005851,C0226,P0002,2025-12-29,3,556.2,Paid
O005852,C0596,P0005,2025-12-29,2,691.38,Organic
O005853,C0067,P0010,2025-12-29,2,79.6,Paid
O005854,C0202,P0018,2025-12-29,3,147.57,Paid
O005855,C0291,P0033,2025-12-29,2,176.5,Organic
O005856,C0487,P0034,2025-12-29,2,117.36,Organic
O005857,C0316,P0036,2025-12-29,2,144.22,Email
O005858,C0410,P0035,2025-12-29,1,88.25,Organic
O005859,C0437,P0035,2025-12-29,1,88.25,Referral
O005860,C0317,P0037,2025-12-29,2,83.14,Organic
O005861,C0357,P0005,2025-12-29,1,345.69,Referral
O005862,C0493,P0014,2025-12-29,1,23.42,Organic
O005863,C0783,P0010,2025-12-29,1,39.8,Organic
O005864,C0001,P0014,2025-12-29,3,70.26,Referral
O005865,C0351,P0010,2025-12-29,2,79.6,Referral
O005866,C0173,P0022,2025-12-29,2,100.78,Organic
O005867,C0086,P0018,2025-12-29,3,147.57,Email
O005868,C0207,P0021,2025-12-29,3,179.82,Paid
O005869,C0508,P0019,2025-12-29,1,132.95,Organic
O005870,C0783,P0023,2025-12-29,3,275.97,Organic
O005871,C0672,P0031,2025-12-29,3,114.36,Organic
O005872,C0613,P0025,2025-12-29,1,38.87,Paid
O005873,C0756,P0034,2025-12-29,2,117.36,Organic
O005874,C0709,P0036,2025-12-29,3,216.33,Paid
O005875,C0339,P0033,2025-12-29,3,264.75,Referral
O005876,C0369,P0007,2025-12-29,1,170.31,Organic
O005877,C0290,P0006,2025-12-29,3,197.4,Organic
O005878,C0517,P0004,2025-12-29,1,169.23,Paid
O005879,C0210,P0012,2025-12-29,1,82.02,Organic
O005880,C0472,P0012,2025-12-29,3,246.06,Paid
O005881,C0510,P0022,2025-12-29,1,50.39,Organic
O005882,C0222,P0029,2025-12-29,3,51.9,Organic
O005883,C0428,P0028,2025-12-29,2,83.68,Email
O005884,C0267,P0034,2025-12-29,2,117.36,Referral
O005885,C0118,P0003,2025-12-30,3,592.38,Organic
O005886,C0328,P0016,2025-12-30,3,171.0,Email
O005887,C0078,P0011,2025-12-30,3,93.93,Referral
O005888,C0364,P0022,2025-12-30,1,50.39,Referral
O005889,C0346,P0024,2025-12-30,1,112.14,Organic
O005890,C0595,P0032,2025-12-30,2,70.84,Organic
O005891,C0708,P0027,2025-12-30,1,26.73,Paid
O005892,C0600,P0039,2025-12-30,3,310.74,Organic
O005893,C0262,P0036,2025-12-30,2,144.22,Paid
O005894,C0192,P0020,2025-12-30,1,79.47,Referral
O005895,C0737,P0025,2025-12-30,1,38.87,Paid
O005896,C0529,P0029,2025-12-30,1,17.3,Paid
O005897,C0615,P0034,2025-12-30,1,58.68,Organic
O005898,C0484,P0034,2025-12-30,2,117.36,Organic
O005899,C0573,P0033,2025-12-30,2,176.5,Paid
O005900,C0593,P0005,2025-12-30,2,691.38,Paid
O005901,C0451,P0007,2025-12-30,3,510.93,Referral
O005902,C0589,P0013,2025-12-30,1,55.7,Referral
O005903,C0518,P0018,2025-12-30,1,49.19,Organic
O005904,C0057,P0024,2025-12-30,2,224.28,Organic
O005905,C0252,P0031,2025-12-30,3,114.36,Organic
O005906,C0404,P0031,2025-12-30,2,76.24,Paid
O005907,C0017,P0039,2025-12-30,3,310.74,Organic
O005908,C0315,P0036,2025-12-30,2,144.22,Organic
O005909,C0457,P0003,2025-12-30,1,197.46,Organic
O005910,C0054,P0007,2025-12-30,2,340.62,Email
O005911,C0542,P0009,2025-12-30,3,177.03,Organic
O005912,C0772,P0024,2025-12-30,2,224.28,Paid
O005913,C0400,P0024,2025-12-30,2,224.28,Email
O005914,C0153,P0030,2025-12-30,2,69.38,Paid
O005915,C0302,P0030,2025-12-30,1,34.69,Organic
O005916,C0402,P0040,2025-12-30,3,189.48,Organic
O005917,C0197,P0034,2025-12-30,3,176.04,Organic
O005918,C0505,P0037,2025-12-30,3,124.71,Paid
O005919,C0793,P0039,2025-12-30,2,207.16,Organic
O005920,C0414,P0006,2025-12-31,2,131.6,Email
O005921,C0603,P0003,2025-12-31,3,592.38,Organic
O005922,C0275,P0003,2025-12-31,2,394.92,Organic
O005923,C0283,P0012,2025-12-31,3,246.06,Organic
O005924,C0250,P0013,2025-12-31,1,55.7,Paid
O005925,C0335,P0021,2025-12-31,2,119.88,Organic
O005926,C0330,P0022,2025-12-31,3,151.17,Paid
O005927,C0444,P0023,2025-12-31,3,275.97,Organic
O005928,C0063,P0028,2025-12-31,3,125.52,Email
O005929,C0416,P0028,2025-12-31,3,125.52,Organic
O005930,C0678,P0033,2025-12-31,1,88.25,Referral
O005931,C0476,P0039,2025-12-31,1,103.58,Organic
O005932,C0063,P0036,2025-12-31,3,216.33,Organic
O005933,C0676,P0016,2025-12-31,3,171.0,Organic
O005934,C0640,P0013,2025-12-31,1,55.7,Paid
O005935,C0722,P0016,2025-12-31,1,57.0,Paid
O005936,C0377,P0024,2025-12-31,2,224.28,Email
O005937,C0180,P0020,2025-12-31,2,158.94,Referral
O005938,C0640,P0023,2025-12-31,3,275.97,Paid
O005939,C0437,P0017,2025-12-31,2,49.36,Paid
O005940,C0326,P0036,2025-12-31,1,72.11,Paid
O005941,C0032,P0002,2025-12-31,3,556.2,Paid
O005942,C0434,P0006,2025-12-31,2,131.6,Referral
O005943,C0563,P0004,2025-12-31,1,169.23,Paid
O005944,C0009,P0010,2025-12-31,2,79.6,Organic
O005945,C0716,P0014,2025-12-31,3,70.26,Paid
O005946,C0173,P0012,2025-12-31,1,82.02,Organic
O005947,C0144,P0014,2025-12-31,2,46.84,Organic
O005948,C0559,P0014,2025-12-31,2,46.84,Organic
O005949,C0038,P0009,2025-12-31,1,59.01,Email
O005950,C0137,P0009,2025-12-31,1,59.01,Organic
O005951,C0616,P0024,2025-12-31,2,224.28,Organic
O005952,C0763,P0023,2025-12-31,3,275.97,Email
O005953,C0553,P0022,2025-12-31,3,151.17,Organic
O005954,C0694,P0024,2025-12-31,2,224.28,Organic
O005955,C0111,P0023,2025-12-31,2,183.98,Referral
O005956,C0038,P0032,2025-12-31,1,35.42,Paid
O005957,C0621,P0027,2025-12-31,1,26.73,Organic
O005958,C0412,P0031,2025-12-31,1,38.12,Organic
O005959,C0430,P0034,2025-12-31,1,58.68,Organic
O005960,C0389,P0034,2025-12-31,1,58.68,Organic
O005961,C0005,P0040,2025-12-31,2,126.32,Paid
O005962,C0725,P0033,2025-12-31,1,88.25,Organic
O005963,C0528,P0039,2025-12-31,2,207.16,Organic
O005964,C0237,P0008,2025-12-31,2,453.06,Email
O005965,C0560,P0003,2025-12-31,1,197.46,Organic
O005966,C0560,P0001,2025-12-31,1,227.02,Paid
O005967,C0147,P0007,2025-12-31,3,510.93,Organic
O005968,C0704,P0010,2025-12-31,3,119.4,Organic
O005969,C0223,P0016,2025-12-31,3,171.0,Paid
O005970,C0435,P0011,2025-12-31,1,31.31,Organic
O005971,C0387,P0019,2025-12-31,1,132.95,Organic
O005972,C0037,P0026,2025-12-31,3,169.83,Organic
O005973,C0197,P0030,2025-12-31,2,69.38,Organic
O005974,C0587,P0032,2025-12-31,2,70.84,Organic
O005975,C0686,P0040,2025-12-31,2,126.32,Organic
O005976,C0587,P0034,2025-12-31,1,58.68,Organic
O005977,C0072,P0039,2025-12-31,3,310.74,Email
O005978,C0603,P0008,2026-01-01,1,226.53,Paid
O005979,C0364,P0009,2026-01-01,2,118.02,Paid
O005980,C0405,P0011,2026-01-01,2,62.62,Paid
O005981,C0536,P0016,2026-01-01,2,114.0,Paid
O005982,C0070,P0014,2026-01-01,1,23.42,Organic
O005983,C0414,P0022,2026-01-01,1,50.39,Paid
O005984,C0346,P0021,2026-01-01,1,59.94,Organic
O005985,C0456,P0029,2026-01-01,2,34.6,Organic
O005986,C0426,P0037,2026-01-01,1,41.57,Organic
O005987,C0142,P0039,2026-01-01,1,103.58,Paid
O005988,C0391,P0004,2026-01-01,1,169.23,Paid
O005989,C0687,P0005,2026-01-01,3,1037.07,Organic
O005990,C0676,P0016,2026-01-01,3,171.0,Organic
O005991,C0490,P0010,2026-01-01,1,39.8,Organic
O005992,C0614,P0009,2026-01-01,1,59.01,Email
O005993,C0117,P0024,2026-01-01,2,224.28,Organic
O005994,C0502,P0018,2026-01-01,3,147.57,Organic
O005995,C0620,P0018,2026-01-01,1,49.19,Referral
O005996,C0731,P0027,2026-01-01,3,80.19,Paid
O005997,C0307,P0033,2026-01-01,2,176.5,Organic
O005998,C0408,P0004,2026-01-01,3,507.69,Paid
O005999,C0754,P0006,2026-01-01,3,197.4,Organic
O006000,C0154,P0005,2026-01-01,2,691.38,Organic
O006001,C0669,P0015,2026-01-01,2,91.84,Paid
O006002,C0729,P0010,2026-01-01,1,39.8,Organic
O006003,C0323,P0018,2026-01-01,3,147.57,Organic
O006004,C0001,P0025,2026-01-01,2,77.74,Organic
O006005,C0711,P0037,2026-01-01,2,83.14,Organic
O006006,C0636,P0035,2026-01-01,3,264.75,Paid
O006007,C0477,P0039,2026-01-01,1,103.58,Organic
O006008,C0628,P0007,2026-01-01,2,340.62,Email
O006009,C0686,P0004,2026-01-01,1,169.23,Organic
O006010,C0574,P0001,2026-01-01,2,454.04,Paid
O006011,C0136,P0013,2026-01-01,2,111.4,Organic
O006012,C0546,P0020,2026-01-01,3,238.41,Paid
O006013,C0461,P0017,2026-01-01,2,49.36,Organic
O006014,C0197,P0028,2026-01-01,3,125.52,Referral
O006015,C0793,P0028,2026-01-01,2,83.68,Paid
O006016,C0016,P0027,2026-01-01,3,80.19,Paid
O006017,C0109,P0037,2026-01-01,1,41.57,Organic
O006018,C0587,P0039,2026-01-01,2,207.16,Referral
O006019,C0050,P0040,2026-01-01,1,63.16,Paid
O006020,C0365,P0038,2026-01-01,3,54.54,Organic
O006021,C0626,P0036,2026-01-01,2,144.22,Organic
O006022,C0617,P0004,2026-01-02,3,507.69,Organic
O006023,C0330,P0003,2026-01-02,3,592.38,Organic
O006024,C0691,P0004,2026-01-02,3,507.69,Referral
O006025,C0555,P0011,2026-01-02,3,93.93,Organic
O006026,C0125,P0014,2026-01-02,3,70.26,Organic
O006027,C0610,P0009,2026-01-02,3,177.03,Organic
O006028,C0142,P0029,2026-01-02,3,51.9,Referral
O006029,C0460,P0029,2026-01-02,3,51.9,Paid
O006030,C0283,P0029,2026-01-02,1,17.3,Organic
O006031,C0405,P0030,2026-01-02,3,104.07,Paid
O006032,C0691,P0034,2026-01-02,3,176.04,Email
O006033,C0348,P0037,2026-01-02,2,83.14,Paid
O006034,C0208,P0040,2026-01-02,2,126.32,Organic
O006035,C0456,P0036,2026-01-02,2,144.22,Organic
O006036,C0501,P0003,2026-01-02,2,394.92,Referral
O006037,C0644,P0015,2026-01-02,2,91.84,Referral
O006038,C0370,P0009,2026-01-02,1,59.01,Paid
O006039,C0355,P0022,2026-01-02,1,50.39,Referral
O006040,C0470,P0023,2026-01-02,1,91.99,Email
O006041,C0307,P0018,2026-01-02,3,147.57,Paid
O006042,C0492,P0035,2026-01-02,1,88.25,Organic
O006043,C0344,P0035,2026-01-02,2,176.5,Organic
O006044,C0780,P0033,2026-01-02,3,264.75,Paid
O006045,C0276,P0004,2026-01-02,3,507.69,Organic
O006046,C0784,P0002,2026-01-02,2,370.8,Organic
O006047,C0389,P0001,2026-01-02,1,227.02,Organic
O006048,C0527,P0008,2026-01-02,3,679.59,Organic
O006049,C0625,P0006,2026-01-02,1,65.8,Referral
O006050,C0010,P0005,2026-01-02,3,1037.07,Paid
O006051,C0324,P0006,2026-01-02,3,197.4,Organic
O006052,C0060,P0013,2026-01-02,2,111.4,Referral
O006053,C0381,P0012,2026-01-02,3,246.06,Organic
O006054,C0187,P0012,2026-01-02,3,246.06,Organic
O006055,C0709,P0016,2026-01-02,2,114.0,Paid
O006056,C0621,P0014,2026-01-02,3,70.26,Paid
O006057,C0522,P0017,2026-01-02,1,24.68,Organic
O006058,C0362,P0023,2026-01-02,2,183.98,Paid
O006059,C0005,P0020,2026-01-02,1,79.47,Organic
O006060,C0464,P0024,2026-01-02,2,224.28,Paid
O006061,C0589,P0028,2026-01-02,2,83.68,Referral
O006062,C0227,P0025,2026-01-02,3,116.61,Organic
O006063,C0288,P0028,2026-01-02,2,83.68,Organic
O006064,C0393,P0026,2026-01-02,3,169.83,Organic
O006065,C0021,P0039,2026-01-02,1,103.58,Referral
O006066,C0724,P0033,2026-01-02,3,264.75,Organic
O006067,C0314,P0006,2026-01-02,1,65.8,Paid
O006068,C0402,P0005,2026-01-02,3,1037.07,Referral
O006069,C0149,P0009,2026-01-02,1,59.01,Organic
O006070,C0469,P0012,2026-01-02,3,246.06,Paid
O006071,C0772,P0010,2026-01-02,3,119.4,Email
O006072,C0574,P0020,2026-01-02,1,79.47,Referral
O006073,C0172,P0031,2026-01-02,2,76.24,Organic
O006074,C0718,P0030,2026-01-02,1,34.69,Paid
O006075,C0397,P0036,2026-01-02,3,216.33,Organic
O006076,C0153,P0034,2026-01-02,2,117.36,Paid
O006077,C0183,P0040,2026-01-02,3,189.48,Organic
O006078,C0157,P0036,2026-01-02,1,72.11,Referral
O006079,C0356,P0002,2026-01-03,3,556.2,Organic
O006080,C0414,P0001,2026-01-03,1,227.02,Organic
O006081,C0379,P0008,2026-01-03,3,679.59,Paid
O006082,C0341,P0006,2026-01-03,1,65.8,Referral
O006083,C0552,P0008,2026-01-03,2,453.06,Organic
O006084,C0617,P0011,2026-01-03,1,31.31,Organic
O006085,C0432,P0013,2026-01-03,2,111.4,Organic
O006086,C0414,P0020,2026-01-03,3,238.41,Organic
O006087,C0569,P0017,2026-01-03,3,74.04,Paid
O006088,C0698,P0028,2026-01-03,3,125.52,Paid
O006089,C0610,P0031,2026-01-03,1,38.12,Email
O006090,C0708,P0032,2026-01-03,3,106.26,Referral
O006091,C0396,P0026,2026-01-03,1,56.61,Email
O006092,C0778,P0035,2026-01-03,2,176.5,Paid
O006093,C0334,P0040,2026-01-03,3,189.48,Paid
O006094,C0002,P0039,2026-01-03,1,103.58,Referral
O006095,C0158,P0003,2026-01-03,2,394.92,Referral
O006096,C0143,P0003,2026-01-03,2,394.92,Organic
O006097,C0715,P0006,2026-01-03,1,65.8,Paid
O006098,C0526,P0001,2026-01-03,2,454.04,Referral
O006099,C0299,P0001,2026-01-03,3,681.06,Paid
O006100,C0767,P0002,2026-01-03,3,556.2,Email
O006101,C0726,P0009,2026-01-03,3,177.03,Email
O006102,C0570,P0014,2026-01-03,1,23.42,Organic
O006103,C0180,P0024,2026-01-03,1,112.14,Paid
O006104,C0316,P0023,2026-01-03,2,183.98,Organic
O006105,C0715,P0021,2026-01-03,1,59.94,Organic
O006106,C0370,P0017,2026-01-03,3,74.04,Organic
O006107,C0720,P0024,2026-01-03,3,336.42,Paid
O006108,C0292,P0021,2026-01-03,1,59.94,Paid
O006109,C0640,P0038,2026-01-03,3,54.54,Paid
O006110,C0292,P0033,2026-01-03,1,88.25,Organic
O006111,C0388,P0004,2026-01-03,2,338.46,Paid
O006112,C0634,P0008,2026-01-03,2,453.06,Referral
O006113,C0417,P0001,2026-01-03,3,681.06,Organic
O006114,C0255,P0006,2026-01-03,3,197.4,Email
O006115,C0173,P0005,2026-01-03,3,1037.07,Organic
O006116,C0083,P0014,2026-01-03,2,46.84,Paid
O006117,C0388,P0009,2026-01-03,2,118.02,Organic
O006118,C0709,P0024,2026-01-03,2,224.28,Referral
O006119,C0173,P0018,2026-01-03,2,98.38,Email
O006120,C0179,P0023,2026-01-03,3,275.97,Organic
O006121,C0003,P0021,2026-01-03,2,119.88,Organic
O006122,C0187,P0031,2026-01-03,1,38.12,Email
O006123,C0138,P0025,2026-01-03,2,77.74,Referral
O006124,C0345,P0031,2026-01-03,1,38.12,Email
O006125,C0747,P0031,2026-01-03,2,76.24,Paid
O006126,C0184,P0029,2026-01-03,2,34.6,Email
O006127,C0017,P0031,2026-01-03,2,76.24,Organic
O006128,C0621,P0040,2026-01-03,2,126.32,Paid
O006129,C0153,P0006,2026-01-03,2,131.6,Paid
O006130,C0290,P0001,2026-01-03,1,227.02,Organic
O006131,C0365,P0010,2026-01-03,3,119.4,Paid
O006132,C0352,P0017,2026-01-03,2,49.36,Organic
O006133,C0313,P0020,2026-01-03,2,158.94,Paid
O006134,C0196,P0027,2026-01-03,2,53.46,Organic
O006135,C0090,P0027,2026-01-03,1,26.73,Paid
O006136,C0153,P0026,2026-01-03,1,56.61,Paid
O006137,C0369,P0034,2026-01-03,3,176.04,Paid
O006138,C0481,P0039,2026-01-03,3,310.74,Paid
O006139,C0785,P0040,2026-01-03,3,189.48,Paid
O006140,C0297,P0007,2026-01-04,3,510.93,Paid
O006141,C0055,P0006,2026-01-04,1,65.8,Email
O006142,C0654,P0009,2026-01-04,2,118.02,Organic
O006143,C0055,P0010,2026-01-04,3,119.4,Paid
O006144,C0209,P0018,2026-01-04,2,98.38,Organic
O006145,C0507,P0028,2026-01-04,2,83.68,Organic
O006146,C0268,P0026,2026-01-04,2,113.22,Organic
O006147,C0208,P0032,2026-01-04,1,35.42,Paid
O006148,C0085,P0034,2026-01-04,2,117.36,Organic
O006149,C0576,P0037,2026-01-04,1,41.57,Organic
O006150,C0341,P0037,2026-01-04,2,83.14,Referral
O006151,C0676,P0005,2026-01-04,2,691.38,Referral
O006152,C0484,P0015,2026-01-04,1,45.92,Organic
O006153,C0504,P0009,2026-01-04,3,177.03,Paid
O006154,C0117,P0019,2026-01-04,2,265.9,Organic
O006155,C0575,P0024,2026-01-04,2,224.28,Organic
O006156,C0448,P0017,2026-01-04,2,49.36,Organic
O006157,C0098,P0021,2026-01-04,2,119.88,Email
O006158,C0333,P0025,2026-01-04,3,116.61,Organic
O006159,C0489,P0036,2026-01-04,1,72.11,Organic
O006160,C0625,P0001,2026-01-04,2,454.04,Paid
O006161,C0660,P0014,2026-01-04,2,46.84,Paid
O006162,C0534,P0017,2026-01-04,1,24.68,Paid
O006163,C0744,P0023,2026-01-04,2,183.98,Organic
O006164,C0739,P0034,2026-01-04,1,58.68,Organic
O006165,C0015,P0040,2026-01-04,1,63.16,Paid
O006166,C0127,P0040,2026-01-04,1,63.16,Paid
O006167,C0558,P0038,2026-01-04,3,54.54,Organic
O006168,C0527,P0039,2026-01-04,1,103.58,Organic
O006169,C0461,P0001,2026-01-04,1,227.02,Organic
O006170,C0499,P0003,2026-01-04,1,197.46,Paid
O006171,C0550,P0013,2026-01-04,2,111.4,Paid
O006172,C0172,P0016,2026-01-04,1,57.0,Organic
O006173,C0214,P0016,2026-01-04,3,171.0,Organic
O006174,C0626,P0018,2026-01-04,2,98.38,Organic
O006175,C0285,P0023,2026-01-04,3,275.97,Paid
O006176,C0014,P0019,2026-01-04,1,132.95,Email
O006177,C0751,P0032,2026-01-04,1,35.42,Organic
O006178,C0478,P0029,2026-01-04,1,17.3,Referral
O006179,C0469,P0025,2026-01-04,2,77.74,Paid
O006180,C0674,P0029,2026-01-04,3,51.9,Paid
O006181,C0014,P0034,2026-01-04,2,117.36,Email
O006182,C0662,P0039,2026-01-04,3,310.74,Organic
O006183,C0499,P0035,2026-01-04,3,264.75,Organic
O006184,C0646,P0035,2026-01-04,1,88.25,Paid
O006185,C0076,P0004,2026-01-05,3,507.69,Email
O006186,C0250,P0002,2026-01-05,2,370.8,Organic
O006187,C0275,P0012,2026-01-05,3,246.06,Email
O006188,C0297,P0028,2026-01-05,1,41.84,Email
O006189,C0178,P0031,2026-01-05,3,114.36,Paid
O006190,C0231,P0039,2026-01-05,3,310.74,Paid
O006191,C0070,P0036,2026-01-05,1,72.11,Paid
O006192,C0091,P0011,2026-01-05,3,93.93,Organic
O006193,C0737,P0012,2026-01-05,3,246.06,Organic
O006194,C0411,P0019,2026-01-05,1,132.95,Organic
O006195,C0570,P0024,2026-01-05,2,224.28,Paid
O006196,C0361,P0017,2026-01-05,2,49.36,Organic
O006197,C0759,P0017,2026-01-05,1,24.68,Organic
O006198,C0454,P0025,2026-01-05,3,116.61,Paid
O006199,C0470,P0029,2026-01-05,3,51.9,Email
O006200,C0333,P0028,2026-01-05,1,41.84,Organic
O006201,C0764,P0030,2026-01-05,3,104.07,Referral
O006202,C0761,P0035,2026-01-05,2,176.5,Paid
O006203,C0383,P0035,2026-01-05,1,88.25,Organic
O006204,C0669,P0002,2026-01-05,3,556.2,Referral
O006205,C0005,P0003,2026-01-05,2,394.92,Organic
O006206,C0522,P0003,2026-01-05,3,592.38,Paid
O006207,C0559,P0001,2026-01-05,1,227.02,Organic
O006208,C0412,P0007,2026-01-05,3,510.93,Organic
O006209,C0010,P0012,2026-01-05,1,82.02,Paid
O006210,C0616,P0009,2026-01-05,2,118.02,Referral
O006211,C0389,P0023,2026-01-05,1,91.99,Paid
O006212,C0451,P0024,2026-01-05,3,336.42,Referral
O006213,C0707,P0026,2026-01-05,3,169.83,Organic
O006214,C0148,P0027,2026-01-05,3,80.19,Organic
O006215,C0032,P0034,2026-01-05,3,176.04,Organic
O006216,C0545,P0036,2026-01-05,1,72.11,Email
O006217,C0273,P0002,2026-01-05,1,185.4,Paid
O006218,C0583,P0005,2026-01-05,2,691.38,Email
O006219,C0160,P0006,2026-01-05,2,131.6,Paid
O006220,C0313,P0001,2026-01-05,3,681.06,Email
O006221,C0469,P0012,2026-01-05,3,246.06,Paid
O006222,C0197,P0023,2026-01-05,1,91.99,Organic
O006223,C0467,P0032,2026-01-05,2,70.84,Organic
O006224,C0519,P0031,2026-01-05,3,114.36,Paid
O006225,C0275,P0003,2026-01-06,2,394.92,Organic
O006226,C0798,P0001,2026-01-06,3,681.06,Paid
O006227,C0335,P0011,2026-01-06,1,31.31,Organic
O006228,C0346,P0011,2026-01-06,1,31.31,Paid
O006229,C0630,P0014,2026-01-06,3,70.26,Paid
O006230,C0396,P0022,2026-01-06,1,50.39,Organic
O006231,C0423,P0023,2026-01-06,3,275.97,Email
O006232,C0774,P0022,2026-01-06,2,100.78,Paid
O006233,C0774,P0021,2026-01-06,1,59.94,Referral
O006234,C0680,P0028,2026-01-06,3,125.52,Organic
O006235,C0125,P0026,2026-01-06,3,169.83,Referral
O006236,C0532,P0039,2026-01-06,2,207.16,Organic
O006237,C0778,P0037,2026-01-06,3,124.71,Organic
O006238,C0174,P0037,2026-01-06,3,124.71,Organic
O006239,C0142,P0035,2026-01-06,2,176.5,Organic
O006240,C0291,P0007,2026-01-06,3,510.93,Paid
O006241,C0566,P0001,2026-01-06,1,227.02,Paid
O006242,C0226,P0012,2026-01-06,1,82.02,Organic
O006243,C0131,P0010,2026-01-06,1,39.8,Paid
O006244,C0491,P0024,2026-01-06,3,336.42,Email
O006245,C0383,P0019,2026-01-06,3,398.85,Organic
O006246,C0521,P0027,2026-01-06,3,80.19,Referral
O006247,C0629,P0028,2026-01-06,2,83.68,Organic
O006248,C0566,P0035,2026-01-06,2,176.5,Email
O006249,C0091,P0034,2026-01-06,1,58.68,Referral
O006250,C0518,P0005,2026-01-06,3,1037.07,Paid
O006251,C0496,P0011,2026-01-06,2,62.62,Paid
O006252,C0545,P0013,2026-01-06,2,111.4,Email
O006253,C0422,P0020,2026-01-06,2,158.94,Paid
O006254,C0017,P0025,2026-01-06,1,38.87,Referral
O006255,C0625,P0030,2026-01-06,1,34.69,Referral
O006256,C0493,P0026,2026-01-06,3,169.83,Email
O006257,C0741,P0025,2026-01-06,3,116.61,Organic
O006258,C0001,P0040,2026-01-06,1,63.16,Email
O006259,C0318,P0033,2026-01-06,1,88.25,Email
O006260,C0324,P0034,2026-01-06,2,117.36,Organic
O006261,C0022,P0002,2026-01-06,3,556.2,Email
O006262,C0050,P0006,2026-01-06,1,65.8,Organic
O006263,C0105,P0013,2026-01-06,3,167.1,Organic
O006264,C0646,P0018,2026-01-06,1,49.19,Email
O006265,C0031,P0020,2026-01-06,2,158.94,Email
O006266,C0679,P0029,2026-01-06,2,34.6,Paid
O006267,C0301,P0025,2026-01-06,2,77.74,Email
O006268,C0699,P0030,2026-01-06,3,104.07,Referral
O006269,C0583,P0036,2026-01-06,1,72.11,Paid
O006270,C0024,P0036,2026-01-06,1,72.11,Paid
O006271,C0643,P0040,2026-01-06,1,63.16,Email
O006272,C0055,P0006,2026-01-07,2,131.6,Paid
O006273,C0034,P0014,2026-01-07,3,70.26,Paid
O006274,C0120,P0015,2026-01-07,2,91.84,Organic
O006275,C0335,P0012,2026-01-07,2,164.04,Paid
O006276,C0774,P0025,2026-01-07,2,77.74,Organic
O006277,C0698,P0031,2026-01-07,1,38.12,Organic
O006278,C0571,P0006,2026-01-07,3,197.4,Organic
O006279,C0291,P0007,2026-01-07,1,170.31,Paid
O006280,C0080,P0002,2026-01-07,3,556.2,Paid
O006281,C0158,P0004,2026-01-07,3,507.69,Organic
O006282,C0151,P0007,2026-01-07,3,510.93,Email
O006283,C0614,P0008,2026-01-07,1,226.53,Organic
O006284,C0537,P0010,2026-01-07,2,79.6,Paid
O006285,C0437,P0023,2026-01-07,1,91.99,Paid
O006286,C0080,P0027,2026-01-07,1,26.73,Organic
O006287,C0087,P0037,2026-01-07,3,124.71,Organic
O006288,C0731,P0036,2026-01-07,1,72.11,Referral
O006289,C0067,P0033,2026-01-07,3,264.75,Email
O006290,C0307,P0034,2026-01-07,3,176.04,Referral
O006291,C0008,P0040,2026-01-07,1,63.16,Referral
O006292,C0256,P0036,2026-01-07,2,144.22,Referral
O006293,C0575,P0034,2026-01-07,3,176.04,Paid
O006294,C0184,P0006,2026-01-07,2,131.6,Referral
O006295,C0323,P0011,2026-01-07,1,31.31,Organic
O006296,C0084,P0016,2026-01-07,2,114.0,Email
O006297,C0017,P0009,2026-01-07,1,59.01,Organic
O006298,C0763,P0023,2026-01-07,1,91.99,Organic
O006299,C0254,P0026,2026-01-07,2,113.22,Paid
O006300,C0184,P0033,2026-01-07,1,88.25,Paid
O006301,C0103,P0001,2026-01-07,3,681.06,Paid
O006302,C0734,P0004,2026-01-07,3,507.69,Paid
O006303,C0109,P0016,2026-01-07,1,57.0,Paid
O006304,C0478,P0009,2026-01-07,1,59.01,Paid
O006305,C0229,P0009,2026-01-07,1,59.01,Organic
O006306,C0800,P0020,2026-01-07,3,238.41,Paid
O006307,C0310,P0025,2026-01-07,1,38.87,Email
O006308,C0103,P0026,2026-01-07,3,169.83,Email
O006309,C0657,P0006,2026-01-08,1,65.8,Referral
O006310,C0600,P0004,2026-01-08,3,507.69,Organic
O006311,C0401,P0011,2026-01-08,1,31.31,Email
O006312,C0576,P0020,2026-01-08,2,158.94,Paid
O006313,C0637,P0031,2026-01-08,2,76.24,Organic
O006314,C0406,P0028,2026-01-08,2,83.68,Organic
O006315,C0617,P0031,2026-01-08,3,114.36,Organic
O006316,C0602,P0040,2026-01-08,1,63.16,Organic
O006317,C0637,P0036,2026-01-08,3,216.33,Referral
O006318,C0490,P0005,2026-01-08,2,691.38,Paid
O006319,C0537,P0004,2026-01-08,1,169.23,Referral
O006320,C0760,P0007,2026-01-08,1,170.31,Paid
O006321,C0411,P0006,2026-01-08,1,65.8,Paid
O006322,C0483,P0028,2026-01-08,2,83.68,Organic
O006323,C0391,P0032,2026-01-08,3,106.26,Paid
O006324,C0501,P0027,2026-01-08,1,26.73,Organic
O006325,C0768,P0040,2026-01-08,3,189.48,Organic
O006326,C0448,P0036,2026-01-08,2,144.22,Organic
O006327,C0529,P0040,2026-01-08,1,63.16,Organic
O006328,C0060,P0004,2026-01-08,2,338.46,Email
O006329,C0729,P0003,2026-01-08,2,394.92,Referral
O006330,C0766,P0022,2026-01-08,2,100.78,Paid
O006331,C0108,P0019,2026-01-08,3,398.85,Email
O006332,C0494,P0020,2026-01-08,2,158.94,Paid
O006333,C0389,P0021,2026-01-08,3,179.82,Paid
O006334,C0707,P0018,2026-01-08,2,98.38,Organic
O006335,C0108,P0028,2026-01-08,2,83.68,Organic
O006336,C0660,P0036,2026-01-08,3,216.33,Organic
O006337,C0239,P0034,2026-01-08,2,117.36,Email
O006338,C0452,P0038,2026-01-08,1,18.18,Paid
O006339,C0562,P0034,2026-01-08,1,58.68,Email
O006340,C0681,P0005,2026-01-08,1,345.69,Paid
O006341,C0306,P0014,2026-01-08,3,70.26,Organic
O006342,C0267,P0011,2026-01-08,2,62.62,Organic
O006343,C0467,P0014,2026-01-08,3,70.26,Email
O006344,C0047,P0024,2026-01-08,1,112.14,Referral
O006345,C0024,P0018,2026-01-08,3,147.57,Organic
O006346,C0671,P0033,2026-01-08,2,176.5,Organic
O006347,C0319,P0004,2026-01-09,2,338.46,Paid
O006348,C0140,P0024,2026-01-09,2,224.28,Email
O006349,C0405,P0017,2026-01-09,1,24.68,Email
O006350,C0423,P0022,2026-01-09,1,50.39,Organic
O006351,C0637,P0023,2026-01-09,1,91.99,Organic
O006352,C0446,P0019,2026-01-09,3,398.85,Paid
O006353,C0414,P0031,2026-01-09,1,38.12,Organic
O006354,C0049,P0037,2026-01-09,2,83.14,Paid
O006355,C0689,P0038,2026-01-09,3,54.54,Organic
O006356,C0336,P0039,2026-01-09,2,207.16,Paid
O006357,C0548,P0040,2026-01-09,1,63.16,Referral
O006358,C0495,P0039,2026-01-09,3,310.74,Paid
O006359,C0348,P0035,2026-01-09,1,88.25,Referral
O006360,C0619,P0033,2026-01-09,2,176.5,Organic
O006361,C0298,P0004,2026-01-09,3,507.69,Paid
O006362,C0473,P0011,2026-01-09,3,93.93,Email
O006363,C0087,P0010,2026-01-09,2,79.6,Organic
O006364,C0311,P0012,2026-01-09,3,246.06,Paid
O006365,C0189,P0010,2026-01-09,1,39.8,Organic
O006366,C0244,P0014,2026-01-09,2,46.84,Organic
O006367,C0043,P0021,2026-01-09,2,119.88,Organic
O006368,C0143,P0020,2026-01-09,3,238.41,Organic
O006369,C0216,P0023,2026-01-09,2,183.98,Paid
O006370,C0564,P0035,2026-01-09,3,264.75,Organic
O006371,C0377,P0036,2026-01-09,3,216.33,Email
O006372,C0389,P0003,2026-01-09,3,592.38,Organic
O006373,C0634,P0004,2026-01-09,1,169.23,Organic
O006374,C0255,P0006,2026-01-09,3,197.4,Email
O006375,C0719,P0001,2026-01-09,3,681.06,Organic
O006376,C0252,P0008,2026-01-09,2,453.06,Paid
O006377,C0518,P0016,2026-01-09,3,171.0,Organic
O006378,C0593,P0012,2026-01-09,3,246.06,Organic
O006379,C0669,P0010,2026-01-09,1,39.8,Paid
O006380,C0252,P0012,2026-01-09,3,246.06,Organic
O006381,C0173,P0019,2026-01-09,3,398.85,Organic
O006382,C0422,P0028,2026-01-09,2,83.68,Referral
O006383,C0700,P0029,2026-01-09,3,51.9,Organic
O006384,C0563,P0025,2026-01-09,3,116.61,Paid
O006385,C0458,P0028,2026-01-09,3,125.52,Paid
O006386,C0663,P0036,2026-01-09,2,144.22,Organic
O006387,C0422,P0040,2026-01-09,2,126.32,Organic
O006388,C0692,P0022,2026-01-09,3,151.17,Email
O006389,C0583,P0036,2026-01-09,3,216.33,Organic
O006390,C0064,P0034,2026-01-09,2,117.36,Organic
O006391,C0643,P0035,2026-01-09,2,176.5,Paid
O006392,C0468,P0003,2026-01-10,1,197.46,Organic
O006393,C0414,P0002,2026-01-10,1,185.4,Organic
O006394,C0034,P0003,2026-01-10,2,394.92,Referral
O006395,C0748,P0006,2026-01-10,2,131.6,Paid
O006396,C0330,P0011,2026-01-10,1,31.31,Organic
O006397,C0789,P0009,2026-01-10,2,118.02,Referral
O006398,C0471,P0014,2026-01-10,2,46.84,Paid
O006399,C0416,P0009,2026-01-10,3,177.03,Organic
O006400,C0341,P0010,2026-01-10,3,119.4,Organic
O006401,C0167,P0021,2026-01-10,3,179.82,Email
O006402,C0698,P0023,2026-01-10,2,183.98,Paid
O006403,C0376,P0021,2026-01-10,2,119.88,Referral
O006404,C0512,P0028,2026-01-10,1,41.84,Organic
O006405,C0123,P0029,2026-01-10,1,17.3,Organic
O006406,C0414,P0031,2026-01-10,2,76.24,Organic
O006407,C0576,P0031,2026-01-10,2,76.24,Organic
O006408,C0698,P0034,2026-01-10,1,58.68,Paid
O006409,C0696,P0034,2026-01-10,2,117.36,Organic
O006410,C0680,P0040,2026-01-10,2,126.32,Paid
O006411,C0637,P0036,2026-01-10,1,72.11,Organic
O006412,C0390,P0035,2026-01-10,3,264.75,Organic
O006413,C0202,P0004,2026-01-10,3,507.69,Organic
O006414,C0579,P0007,2026-01-10,2,340.62,Organic
O006415,C0571,P0003,2026-01-10,1,197.46,Email
O006416,C0098,P0007,2026-01-10,1,170.31,Organic
O006417,C0068,P0007,2026-01-10,3,510.93,Paid
O006418,C0246,P0015,2026-01-10,2,91.84,Referral
O006419,C0087,P0015,2026-01-10,3,137.76,Referral
O006420,C0316,P0015,2026-01-10,3,137.76,Referral
O006421,C0720,P0013,2026-01-10,3,167.1,Organic
O006422,C0759,P0024,2026-01-10,1,112.14,Email
O006423,C0614,P0020,2026-01-10,3,238.41,Organic
O006424,C0299,P0023,2026-01-10,2,183.98,Organic
O006425,C0218,P0026,2026-01-10,3,169.83,Paid
O006426,C0307,P0025,2026-01-10,3,116.61,Paid
O006427,C0415,P0036,2026-01-10,3,216.33,Referral
O006428,C0151,P0039,2026-01-10,1,103.58,Organic
O006429,C0200,P0035,2026-01-10,2,176.5,Organic
O006430,C0315,P0003,2026-01-10,2,394.92,Paid
O006431,C0430,P0003,2026-01-10,1,197.46,Paid
O006432,C0568,P0004,2026-01-10,1,169.23,Email
O006433,C0095,P0005,2026-01-10,2,691.38,Organic
O006434,C0601,P0011,2026-01-10,2,62.62,Paid
O006435,C0154,P0009,2026-01-10,1,59.01,Organic
O006436,C0408,P0020,2026-01-10,1,79.47,Organic
O006437,C0766,P0023,2026-01-10,3,275.97,Organic
O006438,C0106,P0017,2026-01-10,1,24.68,Paid
O006439,C0528,P0024,2026-01-10,1,112.14,Referral
O006440,C0009,P0031,2026-01-10,2,76.24,Organic
O006441,C0663,P0032,2026-01-10,1,35.42,Paid
O006442,C0556,P0035,2026-01-10,1,88.25,Paid
O006443,C0453,P0034,2026-01-10,3,176.04,Paid
O006444,C0137,P0036,2026-01-10,3,216.33,Paid
O006445,C0009,P0033,2026-01-10,3,264.75,Organic
O006446,C0062,P0002,2026-01-10,3,556.2,Referral
O006447,C0214,P0016,2026-01-10,1,57.0,Paid
O006448,C0027,P0014,2026-01-10,1,23.42,Organic
O006449,C0695,P0018,2026-01-10,3,147.57,Paid
O006450,C0574,P0019,2026-01-10,1,132.95,Email
O006451,C0510,P0019,2026-01-10,1,132.95,Email
O006452,C0267,P0023,2026-01-10,2,183.98,Referral
O006453,C0699,P0021,2026-01-10,2,119.88,Paid
O006454,C0585,P0027,2026-01-10,3,80.19,Paid
O006455,C0105,P0029,2026-01-10,3,51.9,Organic
O006456,C0191,P0028,2026-01-10,1,41.84,Organic
O006457,C0058,P0028,2026-01-10,3,125.52,Organic
O006458,C0172,P0032,2026-01-10,1,35.42,Paid
O006459,C0234,P0029,2026-01-10,2,34.6,Referral
O006460,C0387,P0028,2026-01-10,3,125.52,Referral
O006461,C0478,P0027,2026-01-10,2,53.46,Email
O006462,C0734,P0032,2026-01-10,2,70.84,Organic
O006463,C0236,P0031,2026-01-10,2,76.24,Organic
O006464,C0646,P0037,2026-01-10,2,83.14,Organic
O006465,C0027,P0038,2026-01-10,1,18.18,Organic
O006466,C0183,P0036,2026-01-10,1,72.11,Organic
O006467,C0047,P0035,2026-01-10,3,264.75,Organic
O006468,C0515,P0034,2026-01-10,3,176.04,Organic
O006469,C0486,P0034,2026-01-10,1,58.68,Paid
O006470,C0436,P0035,2026-01-10,2,176.5,Referral
O006471,C0678,P0005,2026-01-11,2,691.38,Paid
O006472,C0125,P0016,2026-01-11,3,171.0,Organic
O006473,C0440,P0022,2026-01-11,1,50.39,Email
O006474,C0280,P0024,2026-01-11,3,336.42,Organic
O006475,C0190,P0022,2026-01-11,3,151.17,Paid
O006476,C0680,P0021,2026-01-11,3,179.82,Organic
O006477,C0774,P0020,2026-01-11,1,79.47,Organic
O006478,C0328,P0020,2026-01-11,3,238.41,Organic
O006479,C0708,P0021,2026-01-11,1,59.94,Organic
O006480,C0161,P0023,2026-01-11,2,183.98,Organic
O006481,C0507,P0017,2026-01-11,3,74.04,Organic
O006482,C0248,P0021,2026-01-11,3,179.82,Organic
O006483,C0011,P0023,2026-01-11,3,275.97,Organic
O006484,C0356,P0019,2026-01-11,2,265.9,Organic
O006485,C0475,P0025,2026-01-11,1,38.87,Email
O006486,C0174,P0025,2026-01-11,1,38.87,Email
O006487,C0167,P0032,2026-01-11,2,70.84,Paid
O006488,C0170,P0026,2026-01-11,3,169.83,Email
O006489,C0569,P0036,2026-01-11,3,216.33,Referral
O006490,C0617,P0034,2026-01-11,3,176.04,Paid
O006491,C0075,P0034,2026-01-11,2,117.36,Paid
O006492,C0644,P0003,2026-01-11,3,592.38,Paid
O006493,C0491,P0008,2026-01-11,3,679.59,Paid
O006494,C0067,P0001,2026-01-11,1,227.02,Email
O006495,C0040,P0019,2026-01-11,2,265.9,Organic
O006496,C0566,P0020,2026-01-11,3,238.41,Organic
O006497,C0218,P0023,2026-01-11,1,91.99,Organic
O006498,C0720,P0019,2026-01-11,1,132.95,Organic
O006499,C0410,P0027,2026-01-11,3,80.19,Paid
O006500,C0091,P0028,2026-01-11,2,83.68,Organic
O006501,C0682,P0027,2026-01-11,1,26.73,Referral
O006502,C0006,P0031,2026-01-11,3,114.36,Email
O006503,C0292,P0040,2026-01-11,3,189.48,Paid
O006504,C0243,P0033,2026-01-11,2,176.5,Organic
O006505,C0739,P0003,2026-01-11,3,592.38,Paid
O006506,C0518,P0007,2026-01-11,2,340.62,Paid
O006507,C0351,P0008,2026-01-11,1,226.53,Referral
O006508,C0010,P0013,2026-01-11,2,111.4,Organic
O006509,C0711,P0013,2026-01-11,2,111.4,Organic
O006510,C0021,P0011,2026-01-11,1,31.31,Organic
O006511,C0086,P0010,2026-01-11,2,79.6,Paid
O006512,C0111,P0011,2026-01-11,2,62.62,Organic
O006513,C0496,P0021,2026-01-11,3,179.82,Paid
O006514,C0568,P0018,2026-01-11,2,98.38,Paid
O006515,C0739,P0027,2026-01-11,3,80.19,Organic
O006516,C0288,P0040,2026-01-11,3,189.48,Organic
O006517,C0724,P0036,2026-01-11,2,144.22,Email
O006518,C0318,P0033,2026-01-11,2,176.5,Organic
O006519,C0443,P0034,2026-01-11,3,176.04,Paid
O006520,C0217,P0040,2026-01-11,1,63.16,Paid
O006521,C0089,P0007,2026-01-11,1,170.31,Email
O006522,C0358,P0003,2026-01-11,1,197.46,Referral
O006523,C0551,P0004,2026-01-11,2,338.46,Organic
O006524,C0466,P0009,2026-01-11,3,177.03,Organic
O006525,C0027,P0016,2026-01-11,3,171.0,Referral
O006526,C0461,P0022,2026-01-11,3,151.17,Email
O006527,C0428,P0024,2026-01-11,2,224.28,Paid
O006528,C0349,P0027,2026-01-11,3,80.19,Organic
O006529,C0028,P0028,2026-01-11,2,83.68,Referral
O006530,C0567,P0025,2026-01-11,2,77.74,Organic
O006531,C0228,P0033,2026-01-11,2,176.5,Paid
O006532,C0065,P0034,2026-01-11,1,58.68,Organic
O006533,C0027,P0040,2026-01-11,2,126.32,Email
O006534,C0626,P0037,2026-01-11,3,124.71,Referral
O006535,C0642,P0007,2026-01-12,2,340.62,Paid
O006536,C0444,P0005,2026-01-12,3,1037.07,Organic
O006537,C0082,P0003,2026-01-12,3,592.38,Paid
O006538,C0303,P0010,2026-01-12,3,119.4,Paid
O006539,C0230,P0015,2026-01-12,1,45.92,Organic
O006540,C0406,P0013,2026-01-12,1,55.7,Paid
O006541,C0512,P0019,2026-01-12,3,398.85,Organic
O006542,C0336,P0024,2026-01-12,1,112.14,Referral
O006543,C0498,P0020,2026-01-12,3,238.41,Email
O006544,C0048,P0022,2026-01-12,2,100.78,Organic
O006545,C0202,P0013,2026-01-12,1,55.7,Organic
O006546,C0781,P0022,2026-01-12,3,151.17,Organic
O006547,C0143,P0023,2026-01-12,3,275.97,Organic
O006548,C0355,P0024,2026-01-12,2,224.28,Organic
O006549,C0529,P0027,2026-01-12,2,53.46,Organic
O006550,C0766,P0001,2026-01-12,1,227.02,Paid
O006551,C0021,P0002,2026-01-12,2,370.8,Organic
O006552,C0672,P0010,2026-01-12,1,39.8,Organic
O006553,C0506,P0014,2026-01-12,3,70.26,Paid
O006554,C0453,P0014,2026-01-12,1,23.42,Referral
O006555,C0324,P0023,2026-01-12,1,91.99,Organic
O006556,C0260,P0022,2026-01-12,3,151.17,Referral
O006557,C0176,P0034,2026-01-12,1,58.68,Paid
O006558,C0171,P0038,2026-01-12,2,36.36,Paid
O006559,C0022,P0002,2026-01-12,3,556.2,Organic
O006560,C0310,P0007,2026-01-12,2,340.62,Referral
O006561,C0551,P0006,2026-01-12,3,197.4,Paid
O006562,C0436,P0014,2026-01-12,3,70.26,Organic
O006563,C0400,P0023,2026-01-12,1,91.99,Email
O006564,C0149,P0037,2026-01-12,1,41.57,Organic
O006565,C0037,P0033,2026-01-12,2,176.5,Organic
O006566,C0476,P0004,2026-01-13,2,338.46,Referral
O006567,C0603,P0003,2026-01-13,3,592.38,Paid
O006568,C0552,P0013,2026-01-13,1,55.7,Email
O006569,C0786,P0013,2026-01-13,2,111.4,Paid
O006570,C0125,P0024,2026-01-13,2,224.28,Paid
O006571,C0045,P0025,2026-01-13,3,116.61,Paid
O006572,C0076,P0030,2026-01-13,1,34.69,Organic
O006573,C0170,P0029,2026-01-13,1,17.3,Organic
O006574,C0468,P0031,2026-01-13,2,76.24,Referral
O006575,C0657,P0037,2026-01-13,1,41.57,Organic
O006576,C0386,P0036,2026-01-13,3,216.33,Paid
O006577,C0651,P0016,2026-01-13,3,171.0,Organic
O006578,C0224,P0013,2026-01-13,1,55.7,Organic
O006579,C0261,P0009,2026-01-13,2,118.02,Email
O006580,C0614,P0021,2026-01-13,2,119.88,Organic
O006581,C0730,P0021,2026-01-13,2,119.88,Paid
O006582,C0261,P0023,2026-01-13,2,183.98,Paid
O006583,C0566,P0030,2026-01-13,3,104.07,Organic
O006584,C0399,P0032,2026-01-13,1,35.42,Referral
O006585,C0484,P0030,2026-01-13,2,69.38,Referral
O006586,C0240,P0007,2026-01-13,2,340.62,Organic
O006587,C0690,P0005,2026-01-13,2,691.38,Organic
O006588,C0763,P0006,2026-01-13,3,197.4,Paid
O006589,C0357,P0007,2026-01-13,1,170.31,Organic
O006590,C0339,P0005,2026-01-13,3,1037.07,Paid
O006591,C0709,P0008,2026-01-13,3,679.59,Email
O006592,C0077,P0008,2026-01-13,1,226.53,Email
O006593,C0613,P0016,2026-01-13,1,57.0,Organic
O006594,C0750,P0014,2026-01-13,3,70.26,Referral
O006595,C0635,P0014,2026-01-13,1,23.42,Paid
O006596,C0345,P0024,2026-01-13,1,112.14,Organic
O006597,C0144,P0024,2026-01-13,2,224.28,Organic
O006598,C0323,P0038,2026-01-13,1,18.18,Paid
O006599,C0669,P0033,2026-01-13,3,264.75,Paid
O006600,C0106,P0037,2026-01-13,2,83.14,Paid
O006601,C0785,P0008,2026-01-13,1,226.53,Organic
O006602,C0306,P0005,2026-01-13,3,1037.07,Paid
O006603,C0181,P0014,2026-01-13,3,70.26,Organic
O006604,C0638,P0010,2026-01-13,2,79.6,Organic
O006605,C0074,P0020,2026-01-13,1,79.47,Referral
O006606,C0022,P0024,2026-01-13,3,336.42,Referral
O006607,C0394,P0024,2026-01-13,3,336.42,Organic
O006608,C0681,P0028,2026-01-13,2,83.68,Organic
O006609,C0061,P0026,2026-01-13,3,169.83,Organic
O006610,C0588,P0001,2026-01-14,3,681.06,Organic
O006611,C0622,P0006,2026-01-14,1,65.8,Email
O006612,C0595,P0003,2026-01-14,1,197.46,Organic
O006613,C0289,P0015,2026-01-14,1,45.92,Organic
O006614,C0270,P0024,2026-01-14,1,112.14,Referral
O006615,C0346,P0020,2026-01-14,2,158.94,Organic
O006616,C0353,P0025,2026-01-14,3,116.61,Organic
O006617,C0642,P0038,2026-01-14,2,36.36,Paid
O006618,C0787,P0040,2026-01-14,1,63.16,Paid
O006619,C0289,P0038,2026-01-14,1,18.18,Paid
O006620,C0082,P0036,2026-01-14,3,216.33,Email
O006621,C0321,P0010,2026-01-14,3,119.4,Email
O006622,C0043,P0022,2026-01-14,1,50.39,Organic
O006623,C0620,P0019,2026-01-14,2,265.9,Paid
O006624,C0344,P0029,2026-01-14,1,17.3,Paid
O006625,C0200,P0031,2026-01-14,2,76.24,Organic
O006626,C0487,P0027,2026-01-14,3,80.19,Organic
O006627,C0415,P0036,2026-01-14,2,144.22,Paid
O006628,C0611,P0039,2026-01-14,1,103.58,Email
O006629,C0017,P0015,2026-01-14,1,45.92,Organic
O006630,C0683,P0010,2026-01-14,1,39.8,Organic
O006631,C0669,P0023,2026-01-14,2,183.98,Organic
O006632,C0647,P0027,2026-01-14,2,53.46,Paid
O006633,C0254,P0027,2026-01-14,1,26.73,Paid
O006634,C0638,P0003,2026-01-14,2,394.92,Paid
O006635,C0643,P0004,2026-01-14,3,507.69,Organic
O006636,C0643,P0008,2026-01-14,2,453.06,Paid
O006637,C0024,P0014,2026-01-14,1,23.42,Referral
O006638,C0510,P0011,2026-01-14,2,62.62,Organic
O006639,C0762,P0010,2026-01-14,1,39.8,Referral
O006640,C0122,P0016,2026-01-14,3,171.0,Paid
O006641,C0679,P0020,2026-01-14,2,158.94,Organic
O006642,C0014,P0018,2026-01-14,2,98.38,Organic
O006643,C0693,P0025,2026-01-14,2,77.74,Organic
O006644,C0047,P0035,2026-01-14,1,88.25,Paid
O006645,C0230,P0004,2026-01-15,1,169.23,Organic
O006646,C0125,P0008,2026-01-15,3,679.59,Organic
O006647,C0030,P0001,2026-01-15,3,681.06,Paid
O006648,C0336,P0009,2026-01-15,2,118.02,Organic
O006649,C0769,P0014,2026-01-15,2,46.84,Organic
O006650,C0580,P0019,2026-01-15,3,398.85,Organic
O006651,C0794,P0035,2026-01-15,2,176.5,Referral
O006652,C0078,P0034,2026-01-15,2,117.36,Email
O006653,C0307,P0007,2026-01-15,2,340.62,Organic
O006654,C0521,P0022,2026-01-15,1,50.39,Organic
O006655,C0150,P0018,2026-01-15,1,49.19,Organic
O006656,C0715,P0021,2026-01-15,3,179.82,Organic
O006657,C0737,P0031,2026-01-15,1,38.12,Organic
O006658,C0411,P0029,2026-01-15,2,34.6,Email
O006659,C0615,P0030,2026-01-15,3,104.07,Organic
O006660,C0640,P0036,2026-01-15,3,216.33,Organic
O006661,C0668,P0034,2026-01-15,3,176.04,Referral
O006662,C0012,P0007,2026-01-15,1,170.31,Paid
O006663,C0663,P0006,2026-01-15,1,65.8,Paid
O006664,C0625,P0011,2026-01-15,1,31.31,Organic
O006665,C0613,P0023,2026-01-15,2,183.98,Organic
O006666,C0260,P0023,2026-01-15,3,275.97,Organic
O006667,C0653,P0029,2026-01-15,2,34.6,Organic
O006668,C0431,P0025,2026-01-15,3,116.61,Organic
O006669,C0171,P0026,2026-01-15,1,56.61,Organic
O006670,C0227,P0035,2026-01-15,1,88.25,Referral
O006671,C0499,P0002,2026-01-15,1,185.4,Organic
O006672,C0126,P0001,2026-01-15,3,681.06,Organic
O006673,C0581,P0009,2026-01-15,3,177.03,Email
O006674,C0122,P0017,2026-01-15,1,24.68,Paid
O006675,C0695,P0018,2026-01-15,1,49.19,Organic
O006676,C0638,P0027,2026-01-15,2,53.46,Email
O006677,C0467,P0025,2026-01-15,3,116.61,Organic
O006678,C0662,P0031,2026-01-15,1,38.12,Organic
O006679,C0273,P0038,2026-01-15,3,54.54,Organic
O006680,C0073,P0033,2026-01-15,1,88.25,Email
O006681,C0662,P0037,2026-01-15,3,124.71,Paid
O006682,C0403,P0007,2026-01-16,2,340.62,Organic
O006683,C0262,P0003,2026-01-16,3,592.38,Email
O006684,C0386,P0022,2026-01-16,3,151.17,Organic
O006685,C0250,P0019,2026-01-16,2,265.9,Organic
O006686,C0275,P0024,2026-01-16,3,336.42,Organic
O006687,C0706,P0032,2026-01-16,1,35.42,Paid
O006688,C0123,P0026,2026-01-16,2,113.22,Organic
O006689,C0297,P0029,2026-01-16,1,17.3,Organic
O006690,C0414,P0025,2026-01-16,1,38.87,Organic
O006691,C0778,P0029,2026-01-16,3,51.9,Referral
O006692,C0125,P0025,2026-01-16,2,77.74,Paid
O006693,C0081,P0040,2026-01-16,3,189.48,Organic
O006694,C0599,P0003,2026-01-16,2,394.92,Paid
O006695,C0448,P0012,2026-01-16,3,246.06,Email
O006696,C0492,P0023,2026-01-16,3,275.97,Email
O006697,C0132,P0022,2026-01-16,2,100.78,Paid
O006698,C0566,P0017,2026-01-16,3,74.04,Paid
O006699,C0521,P0027,2026-01-16,3,80.19,Organic
O006700,C0520,P0026,2026-01-16,1,56.61,Paid
O006701,C0256,P0033,2026-01-16,2,176.5,Referral
O006702,C0315,P0004,2026-01-16,2,338.46,Organic
O006703,C0527,P0006,2026-01-16,1,65.8,Organic
O006704,C0711,P0004,2026-01-16,2,338.46,Organic
O006705,C0724,P0005,2026-01-16,1,345.69,Organic
O006706,C0227,P0014,2026-01-16,1,23.42,Organic
O006707,C0152,P0023,2026-01-16,2,183.98,Organic
O006708,C0616,P0021,2026-01-16,3,179.82,Paid
O006709,C0001,P0020,2026-01-16,3,238.41,Paid
O006710,C0393,P0027,2026-01-16,1,26.73,Organic
O006711,C0010,P0025,2026-01-16,2,77.74,Paid
O006712,C0545,P0040,2026-01-16,3,189.48,Email
O006713,C0089,P0006,2026-01-16,3,197.4,Referral
O006714,C0196,P0001,2026-01-16,3,681.06,Referral
O006715,C0366,P0008,2026-01-16,3,679.59,Paid
O006716,C0050,P0001,2026-01-16,2,454.04,Organic
O006717,C0517,P0016,2026-01-16,2,114.0,Paid
O006718,C0228,P0016,2026-01-16,2,114.0,Referral
O006719,C0628,P0019,2026-01-16,3,398.85,Email
O006720,C0551,P0018,2026-01-16,2,98.38,Paid
O006721,C0587,P0020,2026-01-16,3,238.41,Email
O006722,C0367,P0018,2026-01-16,3,147.57,Referral
O006723,C0157,P0027,2026-01-16,3,80.19,Email
O006724,C0515,P0028,2026-01-16,3,125.52,Organic
O006725,C0197,P0027,2026-01-16,3,80.19,Organic
O006726,C0598,P0029,2026-01-16,2,34.6,Organic
O006727,C0646,P0039,2026-01-16,1,103.58,Organic
O006728,C0313,P0036,2026-01-16,3,216.33,Organic
O006729,C0466,P0036,2026-01-16,3,216.33,Paid
O006730,C0650,P0035,2026-01-16,3,264.75,Email
O006731,C0505,P0039,2026-01-16,2,207.16,Organic
O006732,C0142,P0003,2026-01-17,3,592.38,Organic
O006733,C0336,P0001,2026-01-17,1,227.02,Paid
O006734,C0346,P0012,2026-01-17,1,82.02,Referral
O006735,C0330,P0012,2026-01-17,3,246.06,Organic
O006736,C0078,P0031,2026-01-17,2,76.24,Organic
O006737,C0401,P0031,2026-01-17,1,38.12,Organic
O006738,C0761,P0008,2026-01-17,1,226.53,Organic
O006739,C0261,P0004,2026-01-17,2,338.46,Organic
O006740,C0091,P0015,2026-01-17,3,137.76,Organic
O006741,C0629,P0010,2026-01-17,1,39.8,Organic
O006742,C0370,P0010,2026-01-17,1,39.8,Organic
O006743,C0295,P0009,2026-01-17,1,59.01,Paid
O006744,C0433,P0020,2026-01-17,3,238.41,Organic
O006745,C0433,P0022,2026-01-17,1,50.39,Paid
O006746,C0287,P0019,2026-01-17,3,398.85,Organic
O006747,C0676,P0022,2026-01-17,3,151.17,Organic
O006748,C0577,P0022,2026-01-17,3,151.17,Paid
O006749,C0767,P0023,2026-01-17,1,91.99,Organic
O006750,C0333,P0019,2026-01-17,2,265.9,Organic
O006751,C0008,P0023,2026-01-17,2,183.98,Email
O006752,C0087,P0029,2026-01-17,3,51.9,Organic
O006753,C0573,P0035,2026-01-17,3,264.75,Organic
O006754,C0158,P0037,2026-01-17,1,41.57,Organic
O006755,C0496,P0001,2026-01-17,3,681.06,Referral
O006756,C0059,P0001,2026-01-17,1,227.02,Email
O006757,C0716,P0003,2026-01-17,1,197.46,Referral
O006758,C0663,P0015,2026-01-17,2,91.84,Email
O006759,C0453,P0011,2026-01-17,3,93.93,Paid
O006760,C0648,P0012,2026-01-17,1,82.02,Email
O006761,C0690,P0022,2026-01-17,1,50.39,Paid
O006762,C0184,P0019,2026-01-17,3,398.85,Organic
O006763,C0701,P0020,2026-01-17,3,238.41,Organic
O006764,C0582,P0028,2026-01-17,3,125.52,Paid
O006765,C0660,P0028,2026-01-17,2,83.68,Organic
O006766,C0452,P0030,2026-01-17,1,34.69,Email
O006767,C0707,P0032,2026-01-17,3,106.26,Paid
O006768,C0114,P0033,2026-01-17,1,88.25,Email
O006769,C0003,P0034,2026-01-17,3,176.04,Paid
O006770,C0517,P0004,2026-01-17,3,507.69,Organic
O006771,C0313,P0014,2026-01-17,2,46.84,Organic
O006772,C0365,P0013,2026-01-17,1,55.7,Paid
O006773,C0469,P0012,2026-01-17,2,164.04,Email
O006774,C0185,P0022,2026-01-17,3,151.17,Email
O006775,C0718,P0024,2026-01-17,1,112.14,Organic
O006776,C0785,P0024,2026-01-17,1,112.14,Paid
O006777,C0542,P0031,2026-01-17,1,38.12,Email
O006778,C0581,P0027,2026-01-17,1,26.73,Organic
O006779,C0572,P0030,2026-01-17,3,104.07,Organic
O006780,C0024,P0036,2026-01-17,2,144.22,Referral
O006781,C0016,P0034,2026-01-17,2,117.36,Email
O006782,C0136,P0033,2026-01-17,2,176.5,Organic
O006783,C0423,P0001,2026-01-18,1,227.02,Paid
O006784,C0386,P0001,2026-01-18,3,681.06,Organic
O006785,C0401,P0005,2026-01-18,1,345.69,Email
O006786,C0178,P0001,2026-01-18,3,681.06,Referral
O006787,C0384,P0004,2026-01-18,3,507.69,Paid
O006788,C0396,P0023,2026-01-18,1,91.99,Organic
O006789,C0390,P0022,2026-01-18,3,151.17,Organic
O006790,C0536,P0023,2026-01-18,1,91.99,Organic
O006791,C0642,P0028,2026-01-18,3,125.52,Email
O006792,C0396,P0037,2026-01-18,2,83.14,Paid
O006793,C0698,P0036,2026-01-18,3,216.33,Paid
O006794,C0696,P0035,2026-01-18,2,176.5,Paid
O006795,C0698,P0037,2026-01-18,3,124.71,Organic
O006796,C0364,P0039,2026-01-18,2,207.16,Paid
O006797,C0736,P0008,2026-01-18,3,679.59,Paid
O006798,C0726,P0008,2026-01-18,3,679.59,Organic
O006799,C0543,P0001,2026-01-18,3,681.06,Organic
O006800,C0487,P0007,2026-01-18,2,340.62,Organic
O006801,C0737,P0003,2026-01-18,1,197.46,Organic
O006802,C0575,P0001,2026-01-18,2,454.04,Paid
O006803,C0292,P0001,2026-01-18,1,227.02,Organic
O006804,C0189,P0004,2026-01-18,3,507.69,Paid
O006805,C0759,P0015,2026-01-18,2,91.84,Paid
O006806,C0768,P0013,2026-01-18,1,55.7,Email
O006807,C0096,P0019,2026-01-18,1,132.95,Organic
O006808,C0340,P0017,2026-01-18,2,49.36,Paid
O006809,C0433,P0019,2026-01-18,1,132.95,Paid
O006810,C0162,P0020,2026-01-18,1,79.47,Email
O006811,C0271,P0025,2026-01-18,3,116.61,Referral
O006812,C0129,P0027,2026-01-18,2,53.46,Organic
O006813,C0491,P0031,2026-01-18,1,38.12,Organic
O006814,C0570,P0027,2026-01-18,1,26.73,Paid
O006815,C0659,P0040,2026-01-18,3,189.48,Paid
O006816,C0611,P0038,2026-01-18,2,36.36,Organic
O006817,C0490,P0035,2026-01-18,2,176.5,Organic
O006818,C0187,P0005,2026-01-18,2,691.38,Organic
O006819,C0217,P0008,2026-01-18,1,226.53,Paid
O006820,C0269,P0007,2026-01-18,1,170.31,Paid
O006821,C0357,P0001,2026-01-18,1,227.02,Organic
O006822,C0739,P0003,2026-01-18,2,394.92,Organic
O006823,C0146,P0002,2026-01-18,1,185.4,Organic
O006824,C0562,P0011,2026-01-18,1,31.31,Organic
O006825,C0545,P0017,2026-01-18,1,24.68,Organic
O006826,C0724,P0023,2026-01-18,2,183.98,Referral
O006827,C0059,P0020,2026-01-18,3,238.41,Paid
O006828,C0783,P0017,2026-01-18,2,49.36,Organic
O006829,C0741,P0017,2026-01-18,2,49.36,Organic
O006830,C0616,P0017,2026-01-18,1,24.68,Email
O006831,C0729,P0028,2026-01-18,2,83.68,Email
O006832,C0707,P0031,2026-01-18,2,76.24,Referral
O006833,C0187,P0033,2026-01-18,3,264.75,Organic
O006834,C0451,P0035,2026-01-18,3,264.75,Paid
O006835,C0105,P0008,2026-01-18,1,226.53,Organic
O006836,C0662,P0004,2026-01-18,1,169.23,Paid
O006837,C0567,P0008,2026-01-18,2,453.06,Email
O006838,C0567,P0005,2026-01-18,2,691.38,Organic
O006839,C0313,P0015,2026-01-18,1,45.92,Organic
O006840,C0472,P0009,2026-01-18,3,177.03,Email
O006841,C0718,P0013,2026-01-18,1,55.7,Organic
O006842,C0104,P0011,2026-01-18,2,62.62,Organic
O006843,C0024,P0011,2026-01-18,2,62.62,Paid
O006844,C0486,P0022,2026-01-18,2,100.78,Paid
O006845,C0149,P0024,2026-01-18,3,336.42,Organic
O006846,C0103,P0024,2026-01-18,1,112.14,Organic
O006847,C0695,P0024,2026-01-18,1,112.14,Referral
O006848,C0229,P0023,2026-01-18,2,183.98,Organic
O006849,C0718,P0018,2026-01-18,3,147.57,Organic
O006850,C0662,P0021,2026-01-18,1,59.94,Paid
O006851,C0191,P0029,2026-01-18,2,34.6,Organic
O006852,C0147,P0030,2026-01-18,3,104.07,Paid
O006853,C0047,P0035,2026-01-18,2,176.5,Paid
O006854,C0486,P0035,2026-01-18,3,264.75,Organic
O006855,C0511,P0037,2026-01-18,3,124.71,Paid
O006856,C0147,P0034,2026-01-18,1,58.68,Email
O006857,C0696,P0001,2026-01-19,2,454.04,Email
O006858,C0552,P0006,2026-01-19,1,65.8,Email
O006859,C0335,P0004,2026-01-19,2,338.46,Organic
O006860,C0696,P0003,2026-01-19,1,197.46,Organic
O006861,C0215,P0010,2026-01-19,1,39.8,Organic
O006862,C0081,P0012,2026-01-19,3,246.06,Paid
O006863,C0548,P0015,2026-01-19,2,91.84,Organic
O006864,C0619,P0012,2026-01-19,3,246.06,Paid
O006865,C0030,P0015,2026-01-19,1,45.92,Organic
O006866,C0595,P0017,2026-01-19,3,74.04,Paid
O006867,C0002,P0017,2026-01-19,1,24.68,Organic
O006868,C0125,P0022,2026-01-19,2,100.78,Organic
O006869,C0657,P0023,2026-01-19,3,275.97,Organic
O006870,C0748,P0025,2026-01-19,3,116.61,Paid
O006871,C0336,P0029,2026-01-19,1,17.3,Organic
O006872,C0588,P0027,2026-01-19,2,53.46,Paid
O006873,C0507,P0032,2026-01-19,1,35.42,Organic
O006874,C0595,P0033,2026-01-19,2,176.5,Email
O006875,C0353,P0038,2026-01-19,3,54.54,Referral
O006876,C0125,P0034,2026-01-19,1,58.68,Organic
O006877,C0085,P0037,2026-01-19,3,124.71,Referral
O006878,C0076,P0040,2026-01-19,2,126.32,Email
O006879,C0617,P0040,2026-01-19,1,63.16,Paid
O006880,C0380,P0006,2026-01-19,3,197.4,Organic
O006881,C0119,P0010,2026-01-19,1,39.8,Email
O006882,C0226,P0022,2026-01-19,3,151.17,Organic
O006883,C0599,P0024,2026-01-19,2,224.28,Organic
O006884,C0026,P0019,2026-01-19,2,265.9,Organic
O006885,C0399,P0026,2026-01-19,3,169.83,Organic
O006886,C0212,P0033,2026-01-19,1,88.25,Organic
O006887,C0256,P0033,2026-01-19,3,264.75,Referral
O006888,C0732,P0040,2026-01-19,3,189.48,Paid
O006889,C0620,P0033,2026-01-19,2,176.5,Paid
O006890,C0747,P0002,2026-01-19,1,185.4,Paid
O006891,C0701,P0006,2026-01-19,1,65.8,Email
O006892,C0038,P0012,2026-01-19,1,82.02,Paid
O006893,C0553,P0010,2026-01-19,1,39.8,Organic
O006894,C0015,P0011,2026-01-19,2,62.62,Organic
O006895,C0625,P0021,2026-01-19,3,179.82,Organic
O006896,C0582,P0020,2026-01-19,2,158.94,Paid
O006897,C0458,P0017,2026-01-19,3,74.04,Organic
O006898,C0496,P0028,2026-01-19,2,83.68,Organic
O006899,C0741,P0029,2026-01-19,1,17.3,Organic
O006900,C0665,P0025,2026-01-19,3,116.61,Organic
O006901,C0276,P0026,2026-01-19,3,169.83,Paid
O006902,C0683,P0032,2026-01-19,1,35.42,Organic
O006903,C0111,P0032,2026-01-19,3,106.26,Paid
O006904,C0451,P0032,2026-01-19,2,70.84,Email
O006905,C0797,P0030,2026-01-19,3,104.07,Organic
O006906,C0724,P0037,2026-01-19,3,124.71,Organic
O006907,C0227,P0037,2026-01-19,1,41.57,Paid
O006908,C0302,P0001,2026-01-19,3,681.06,Email
O006909,C0618,P0006,2026-01-19,1,65.8,Organic
O006910,C0457,P0012,2026-01-19,1,82.02,Organic
O006911,C0643,P0012,2026-01-19,1,82.02,Organic
O006912,C0572,P0017,2026-01-19,2,49.36,Paid
O006913,C0103,P0019,2026-01-19,1,132.95,Organic
O006914,C0671,P0019,2026-01-19,1,132.95,Email
O006915,C0606,P0024,2026-01-19,1,112.14,Organic
O006916,C0183,P0021,2026-01-19,2,119.88,Paid
O006917,C0135,P0031,2026-01-19,2,76.24,Referral
O006918,C0525,P0029,2026-01-19,1,17.3,Referral
O006919,C0461,P0025,2026-01-19,3,116.61,Organic
O006920,C0517,P0027,2026-01-19,1,26.73,Paid
O006921,C0156,P0029,2026-01-19,1,17.3,Paid
O006922,C0469,P0034,2026-01-19,2,117.36,Organic
O006923,C0250,P0004,2026-01-20,2,338.46,Organic
O006924,C0297,P0006,2026-01-20,3,197.4,Organic
O006925,C0512,P0006,2026-01-20,1,65.8,Organic
O006926,C0070,P0013,2026-01-20,2,111.4,Email
O006927,C0708,P0013,2026-01-20,3,167.1,Paid
O006928,C0359,P0022,2026-01-20,3,151.17,Paid
O006929,C0548,P0028,2026-01-20,1,41.84,Organic
O006930,C0580,P0029,2026-01-20,2,34.6,Organic
O006931,C0678,P0033,2026-01-20,1,88.25,Paid
O006932,C0292,P0001,2026-01-20,3,681.06,Organic
O006933,C0768,P0011,2026-01-20,2,62.62,Organic
O006934,C0131,P0016,2026-01-20,1,57.0,Organic
O006935,C0526,P0011,2026-01-20,3,93.93,Email
O006936,C0668,P0022,2026-01-20,1,50.39,Email
O006937,C0321,P0023,2026-01-20,1,91.99,Paid
O006938,C0411,P0018,2026-01-20,2,98.38,Organic
O006939,C0605,P0032,2026-01-20,3,106.26,Email
O006940,C0129,P0025,2026-01-20,3,116.61,Paid
O006941,C0380,P0031,2026-01-20,3,114.36,Organic
O006942,C0483,P0034,2026-01-20,1,58.68,Paid
O006943,C0522,P0002,2026-01-20,3,556.2,Organic
O006944,C0199,P0002,2026-01-20,1,185.4,Organic
O006945,C0318,P0010,2026-01-20,3,119.4,Referral
O006946,C0148,P0013,2026-01-20,1,55.7,Referral
O006947,C0445,P0018,2026-01-20,3,147.57,Email
O006948,C0508,P0020,2026-01-20,3,238.41,Organic
O006949,C0324,P0037,2026-01-20,1,41.57,Paid
O006950,C0616,P0036,2026-01-20,1,72.11,Email
O006951,C0153,P0003,2026-01-20,2,394.92,Organic
O006952,C0206,P0005,2026-01-20,1,345.69,Organic
O006953,C0147,P0001,2026-01-20,3,681.06,Paid
O006954,C0770,P0021,2026-01-20,3,179.82,Referral
O006955,C0327,P0018,2026-01-20,2,98.38,Organic
O006956,C0785,P0019,2026-01-20,1,132.95,Email
O006957,C0643,P0021,2026-01-20,1,59.94,Organic
O006958,C0237,P0030,2026-01-20,1,34.69,Paid
O006959,C0285,P0028,2026-01-20,1,41.84,Organic
O006960,C0210,P0034,2026-01-20,3,176.04,Paid
O006961,C0105,P0035,2026-01-20,2,176.5,Organic
O006962,C0265,P0038,2026-01-20,3,54.54,Organic
O006963,C0650,P0040,2026-01-20,2,126.32,Referral
O006964,C0476,P0013,2026-01-21,2,111.4,Referral
O006965,C0474,P0009,2026-01-21,3,177.03,Organic
O006966,C0372,P0010,2026-01-21,1,39.8,Organic
O006967,C0712,P0017,2026-01-21,3,74.04,Organic
O006968,C0471,P0038,2026-01-21,1,18.18,Paid
O006969,C0749,P0039,2026-01-21,3,310.74,Organic
O006970,C0605,P0001,2026-01-21,3,681.06,Referral
O006971,C0340,P0006,2026-01-21,3,197.4,Organic
O006972,C0715,P0007,2026-01-21,3,510.93,Organic
O006973,C0491,P0015,2026-01-21,2,91.84,Referral
O006974,C0479,P0017,2026-01-21,3,74.04,Paid
O006975,C0242,P0017,2026-01-21,3,74.04,Organic
O006976,C0158,P0030,2026-01-21,1,34.69,Referral
O006977,C0326,P0031,2026-01-21,3,114.36,Paid
O006978,C0383,P0028,2026-01-21,3,125.52,Referral
O006979,C0571,P0040,2026-01-21,3,189.48,Organic
O006980,C0232,P0040,2026-01-21,1,63.16,Organic
O006981,C0549,P0033,2026-01-21,2,176.5,Organic
O006982,C0527,P0001,2026-01-21,3,681.06,Organic
O006983,C0741,P0012,2026-01-21,2,164.04,Paid
O006984,C0755,P0013,2026-01-21,2,111.4,Organic
O006985,C0154,P0010,2026-01-21,1,39.8,Paid
O006986,C0750,P0023,2026-01-21,3,275.97,Organic
O006987,C0522,P0027,2026-01-21,2,53.46,Paid
O006988,C0381,P0030,2026-01-21,3,104.07,Paid
O006989,C0445,P0036,2026-01-21,2,144.22,Paid
O006990,C0315,P0038,2026-01-21,3,54.54,Organic
O006991,C0660,P0035,2026-01-21,1,88.25,Paid
O006992,C0031,P0001,2026-01-21,1,227.02,Organic
O006993,C0122,P0017,2026-01-21,2,49.36,Referral
O006994,C0618,P0023,2026-01-21,1,91.99,Email
O006995,C0204,P0018,2026-01-21,1,49.19,Email
O006996,C0583,P0030,2026-01-21,1,34.69,Organic
O006997,C0505,P0030,2026-01-21,1,34.69,Paid
O006998,C0478,P0032,2026-01-21,3,106.26,Paid
O006999,C0185,P0036,2026-01-21,3,216.33,Referral
O007000,C0574,P0040,2026-01-21,1,63.16,Organic
O007001,C0560,P0039,2026-01-21,2,207.16,Organic
O007002,C0365,P0035,2026-01-21,1,88.25,Paid
O007003,C0674,P0033,2026-01-21,3,264.75,Organic
O007004,C0390,P0006,2026-01-22,2,131.6,Organic
O007005,C0416,P0008,2026-01-22,1,226.53,Referral
O007006,C0540,P0016,2026-01-22,1,57.0,Organic
O007007,C0786,P0023,2026-01-22,1,91.99,Organic
O007008,C0740,P0017,2026-01-22,2,49.36,Organic
O007009,C0270,P0025,2026-01-22,1,38.87,Organic
O007010,C0002,P0039,2026-01-22,1,103.58,Organic
O007011,C0444,P0038,2026-01-22,3,54.54,Paid
O007012,C0121,P0005,2026-01-22,2,691.38,Organic
O007013,C0067,P0006,2026-01-22,2,131.6,Organic
O007014,C0520,P0017,2026-01-22,3,74.04,Paid
O007015,C0271,P0017,2026-01-22,1,24.68,Paid
O007016,C0640,P0024,2026-01-22,1,112.14,Paid
O007017,C0143,P0027,2026-01-22,1,26.73,Referral
O007018,C0238,P0031,2026-01-22,1,38.12,Organic
O007019,C0731,P0037,2026-01-22,2,83.14,Email
O007020,C0577,P0039,2026-01-22,2,207.16,Referral
O007021,C0573,P0035,2026-01-22,2,176.5,Email
O007022,C0333,P0035,2026-01-22,2,176.5,Referral
O007023,C0527,P0004,2026-01-22,1,169.23,Organic
O007024,C0518,P0010,2026-01-22,1,39.8,Paid
O007025,C0453,P0014,2026-01-22,2,46.84,Organic
O007026,C0154,P0024,2026-01-22,1,112.14,Organic
O007027,C0663,P0019,2026-01-22,1,132.95,Organic
O007028,C0663,P0026,2026-01-22,3,169.83,Organic
O007029,C0393,P0027,2026-01-22,2,53.46,Email
O007030,C0527,P0031,2026-01-22,2,76.24,Email
O007031,C0103,P0005,2026-01-22,2,691.38,Paid
O007032,C0065,P0014,2026-01-22,1,23.42,Email
O007033,C0327,P0030,2026-01-22,1,34.69,Paid
O007034,C0037,P0030,2026-01-22,2,69.38,Paid
O007035,C0222,P0029,2026-01-22,1,17.3,Organic
O007036,C0671,P0027,2026-01-22,2,53.46,Email
O007037,C0031,P0028,2026-01-22,2,83.68,Paid
O007038,C0574,P0040,2026-01-22,3,189.48,Organic
O007039,C0552,P0003,2026-01-23,3,592.38,Organic
O007040,C0697,P0015,2026-01-23,1,45.92,Email
O007041,C0555,P0023,2026-01-23,3,275.97,Organic
O007042,C0140,P0028,2026-01-23,1,41.84,Paid
O007043,C0055,P0029,2026-01-23,3,51.9,Organic
O007044,C0283,P0040,2026-01-23,3,189.48,Paid
O007045,C0055,P0035,2026-01-23,1,88.25,Email
O007046,C0433,P0010,2026-01-23,1,39.8,Paid
O007047,C0224,P0010,2026-01-23,3,119.4,Organic
O007048,C0564,P0017,2026-01-23,1,24.68,Organic
O007049,C0659,P0020,2026-01-23,1,79.47,Paid
O007050,C0659,P0026,2026-01-23,2,113.22,Paid
O007051,C0722,P0027,2026-01-23,3,80.19,Referral
O007052,C0224,P0029,2026-01-23,1,17.3,Email
O007053,C0633,P0030,2026-01-23,1,34.69,Email
O007054,C0202,P0034,2026-01-23,2,117.36,Email
O007055,C0781,P0034,2026-01-23,1,58.68,Email
O007056,C0298,P0037,2026-01-23,1,41.57,Paid
O007057,C0522,P0008,2026-01-23,1,226.53,Paid
O007058,C0613,P0003,2026-01-23,1,197.46,Referral
O007059,C0095,P0006,2026-01-23,1,65.8,Organic
O007060,C0449,P0016,2026-01-23,3,171.0,Referral
O007061,C0010,P0013,2026-01-23,2,111.4,Organic
O007062,C0488,P0021,2026-01-23,2,119.88,Paid
O007063,C0422,P0020,2026-01-23,2,158.94,Referral
O007064,C0146,P0021,2026-01-23,2,119.88,Organic
O007065,C0562,P0021,2026-01-23,1,59.94,Organic
O007066,C0325,P0029,2026-01-23,3,51.9,Organic
O007067,C0146,P0027,2026-01-23,2,53.46,Paid
O007068,C0693,P0003,2026-01-23,2,394.92,Paid
O007069,C0387,P0010,2026-01-23,1,39.8,Organic
O007070,C0047,P0009,2026-01-23,2,118.02,Referral
O007071,C0692,P0015,2026-01-23,1,45.92,Email
O007072,C0583,P0010,2026-01-23,1,39.8,Organic
O007073,C0234,P0015,2026-01-23,3,137.76,Paid
O007074,C0546,P0020,2026-01-23,1,79.47,Referral
O007075,C0105,P0019,2026-01-23,1,132.95,Paid
O007076,C0598,P0017,2026-01-23,3,74.04,Email
O007077,C0652,P0026,2026-01-23,3,169.83,Paid
O007078,C0352,P0028,2026-01-23,1,41.84,Paid
O007079,C0697,P0003,2026-01-24,3,592.38,Organic
O007080,C0622,P0010,2026-01-24,3,119.4,Paid
O007081,C0507,P0009,2026-01-24,2,118.02,Paid
O007082,C0631,P0011,2026-01-24,1,31.31,Organic
O007083,C0328,P0020,2026-01-24,1,79.47,Paid
O007084,C0631,P0024,2026-01-24,2,224.28,Organic
O007085,C0230,P0030,2026-01-24,1,34.69,Email
O007086,C0405,P0026,2026-01-24,2,113.22,Organic
O007087,C0336,P0031,2026-01-24,1,38.12,Paid
O007088,C0697,P0032,2026-01-24,1,35.42,Organic
O007089,C0019,P0026,2026-01-24,2,113.22,Organic
O007090,C0263,P0032,2026-01-24,2,70.84,Organic
O007091,C0330,P0033,2026-01-24,3,264.75,Organic
O007092,C0498,P0040,2026-01-24,2,126.32,Organic
O007093,C0270,P0035,2026-01-24,3,264.75,Organic
O007094,C0379,P0040,2026-01-24,1,63.16,Email
O007095,C0415,P0002,2026-01-24,2,370.8,Email
O007096,C0605,P0009,2026-01-24,3,177.03,Organic
O007097,C0246,P0013,2026-01-24,2,111.4,Organic
O007098,C0150,P0012,2026-01-24,2,164.04,Organic
O007099,C0008,P0010,2026-01-24,3,119.4,Organic
O007100,C0040,P0010,2026-01-24,1,39.8,Organic
O007101,C0599,P0018,2026-01-24,2,98.38,Organic
O007102,C0579,P0021,2026-01-24,1,59.94,Organic
O007103,C0309,P0019,2026-01-24,3,398.85,Referral
O007104,C0722,P0017,2026-01-24,3,74.04,Email
O007105,C0433,P0018,2026-01-24,2,98.38,Paid
O007106,C0487,P0019,2026-01-24,3,398.85,Organic
O007107,C0151,P0034,2026-01-24,2,117.36,Organic
O007108,C0399,P0035,2026-01-24,1,88.25,Email
O007109,C0728,P0033,2026-01-24,1,88.25,Email
O007110,C0370,P0040,2026-01-24,3,189.48,Referral
O007111,C0410,P0037,2026-01-24,1,41.57,Email
O007112,C0240,P0006,2026-01-24,1,65.8,Organic
O007113,C0217,P0002,2026-01-24,3,556.2,Email
O007114,C0634,P0009,2026-01-24,3,177.03,Paid
O007115,C0259,P0016,2026-01-24,1,57.0,Referral
O007116,C0385,P0013,2026-01-24,2,111.4,Organic
O007117,C0385,P0009,2026-01-24,3,177.03,Paid
O007118,C0558,P0014,2026-01-24,3,70.26,Organic
O007119,C0017,P0017,2026-01-24,3,74.04,Paid
O007120,C0114,P0022,2026-01-24,2,100.78,Paid
O007121,C0115,P0018,2026-01-24,3,147.57,Organic
O007122,C0259,P0022,2026-01-24,2,100.78,Organic
O007123,C0021,P0026,2026-01-24,2,113.22,Email
O007124,C0059,P0026,2026-01-24,3,169.83,Paid
O007125,C0393,P0039,2026-01-24,2,207.16,Organic
O007126,C0750,P0034,2026-01-24,3,176.04,Paid
O007127,C0551,P0007,2026-01-24,3,510.93,Organic
O007128,C0368,P0006,2026-01-24,3,197.4,Organic
O007129,C0073,P0005,2026-01-24,3,1037.07,Paid
O007130,C0265,P0016,2026-01-24,1,57.0,Organic
O007131,C0650,P0013,2026-01-24,2,111.4,Organic
O007132,C0387,P0011,2026-01-24,2,62.62,Email
O007133,C0197,P0018,2026-01-24,3,147.57,Organic
O007134,C0278,P0021,2026-01-24,2,119.88,Email
O007135,C0031,P0019,2026-01-24,1,132.95,Email
O007136,C0638,P0024,2026-01-24,1,112.14,Referral
O007137,C0181,P0025,2026-01-24,3,116.61,Email
O007138,C0272,P0030,2026-01-24,1,34.69,Paid
O007139,C0587,P0028,2026-01-24,2,83.68,Email
O007140,C0024,P0040,2026-01-24,3,189.48,Paid
O007141,C0688,P0040,2026-01-24,2,126.32,Paid
O007142,C0457,P0039,2026-01-24,1,103.58,Email
O007143,C0310,P0037,2026-01-24,1,41.57,Referral
O007144,C0231,P0005,2026-01-25,2,691.38,Paid
O007145,C0597,P0008,2026-01-25,1,226.53,Email
O007146,C0675,P0007,2026-01-25,3,510.93,Organic
O007147,C0167,P0005,2026-01-25,2,691.38,Organic
O007148,C0749,P0014,2026-01-25,2,46.84,Paid
O007149,C0476,P0016,2026-01-25,1,57.0,Referral
O007150,C0118,P0018,2026-01-25,1,49.19,Email
O007151,C0442,P0023,2026-01-25,3,275.97,Organic
O007152,C0642,P0020,2026-01-25,2,158.94,Paid
O007153,C0786,P0026,2026-01-25,1,56.61,Email
O007154,C0476,P0038,2026-01-25,1,18.18,Paid
O007155,C0354,P0033,2026-01-25,2,176.5,Referral
O007156,C0421,P0037,2026-01-25,3,124.71,Organic
O007157,C0030,P0037,2026-01-25,2,83.14,Organic
O007158,C0078,P0038,2026-01-25,1,18.18,Paid
O007159,C0379,P0037,2026-01-25,2,83.14,Referral
O007160,C0284,P0008,2026-01-25,3,679.59,Organic
O007161,C0470,P0001,2026-01-25,3,681.06,Organic
O007162,C0342,P0010,2026-01-25,3,119.4,Paid
O007163,C0520,P0011,2026-01-25,2,62.62,Paid
O007164,C0257,P0013,2026-01-25,3,167.1,Email
O007165,C0730,P0024,2026-01-25,2,224.28,Organic
O007166,C0483,P0030,2026-01-25,2,69.38,Referral
O007167,C0043,P0031,2026-01-25,2,76.24,Organic
O007168,C0633,P0027,2026-01-25,1,26.73,Organic
O007169,C0651,P0040,2026-01-25,1,63.16,Organic
O007170,C0526,P0039,2026-01-25,3,310.74,Paid
O007171,C0797,P0001,2026-01-25,2,454.04,Paid
O007172,C0518,P0003,2026-01-25,1,197.46,Paid
O007173,C0739,P0014,2026-01-25,2,46.84,Organic
O007174,C0389,P0014,2026-01-25,3,70.26,Referral
O007175,C0020,P0021,2026-01-25,2,119.88,Organic
O007176,C0747,P0023,2026-01-25,1,91.99,Organic
O007177,C0563,P0032,2026-01-25,1,35.42,Email
O007178,C0534,P0028,2026-01-25,1,41.84,Organic
O007179,C0417,P0027,2026-01-25,3,80.19,Organic
O007180,C0710,P0032,2026-01-25,2,70.84,Organic
O007181,C0647,P0026,2026-01-25,3,169.83,Organic
O007182,C0719,P0034,2026-01-25,2,117.36,Organic
O007183,C0757,P0003,2026-01-25,3,592.38,Email
O007184,C0472,P0005,2026-01-25,3,1037.07,Paid
O007185,C0267,P0013,2026-01-25,2,111.4,Organic
O007186,C0499,P0018,2026-01-25,3,147.57,Organic
O007187,C0478,P0021,2026-01-25,1,59.94,Organic
O007188,C0397,P0025,2026-01-25,2,77.74,Organic
O007189,C0785,P0030,2026-01-25,2,69.38,Organic
O007190,C0643,P0033,2026-01-25,3,264.75,Paid
O007191,C0104,P0036,2026-01-25,1,72.11,Organic
O007192,C0442,P0002,2026-01-26,1,185.4,Organic
O007193,C0384,P0001,2026-01-26,2,454.04,Organic
O007194,C0664,P0006,2026-01-26,2,131.6,Paid
O007195,C0414,P0008,2026-01-26,2,453.06,Paid
O007196,C0076,P0006,2026-01-26,2,131.6,Paid
O007197,C0603,P0015,2026-01-26,3,137.76,Paid
O007198,C0319,P0016,2026-01-26,1,57.0,Paid
O007199,C0580,P0012,2026-01-26,3,246.06,Organic
O007200,C0396,P0013,2026-01-26,1,55.7,Referral
O007201,C0076,P0014,2026-01-26,2,46.84,Organic
O007202,C0460,P0020,2026-01-26,1,79.47,Paid
O007203,C0328,P0026,2026-01-26,3,169.83,Organic
O007204,C0749,P0032,2026-01-26,1,35.42,Paid
O007205,C0048,P0034,2026-01-26,1,58.68,Organic
O007206,C0063,P0033,2026-01-26,3,264.75,Organic
O007207,C0536,P0039,2026-01-26,2,207.16,Organic
O007208,C0708,P0033,2026-01-26,3,264.75,Paid
O007209,C0076,P0037,2026-01-26,3,124.71,Paid
O007210,C0295,P0006,2026-01-26,2,131.6,Organic
O007211,C0410,P0006,2026-01-26,2,131.6,Paid
O007212,C0537,P0005,2026-01-26,3,1037.07,Organic
O007213,C0121,P0007,2026-01-26,1,170.31,Paid
O007214,C0549,P0012,2026-01-26,3,246.06,Paid
O007215,C0198,P0009,2026-01-26,2,118.02,Email
O007216,C0609,P0009,2026-01-26,1,59.01,Paid
O007217,C0676,P0009,2026-01-26,2,118.02,Paid
O007218,C0198,P0023,2026-01-26,2,183.98,Referral
O007219,C0340,P0026,2026-01-26,3,169.83,Organic
O007220,C0298,P0027,2026-01-26,2,53.46,Organic
O007221,C0212,P0032,2026-01-26,1,35.42,Paid
O007222,C0676,P0037,2026-01-26,1,41.57,Organic
O007223,C0722,P0035,2026-01-26,2,176.5,Paid
O007224,C0521,P0039,2026-01-26,3,310.74,Referral
O007225,C0295,P0039,2026-01-26,3,310.74,Paid
O007226,C0783,P0005,2026-01-26,1,345.69,Organic
O007227,C0754,P0005,2026-01-26,1,345.69,Email
O007228,C0107,P0016,2026-01-26,2,114.0,Email
O007229,C0329,P0014,2026-01-26,2,46.84,Organic
O007230,C0260,P0015,2026-01-26,3,137.76,Referral
O007231,C0669,P0017,2026-01-26,3,74.04,Email
O007232,C0559,P0038,2026-01-26,3,54.54,Paid
O007233,C0138,P0033,2026-01-26,2,176.5,Organic
O007234,C0747,P0038,2026-01-26,2,36.36,Paid
O007235,C0449,P0038,2026-01-26,2,36.36,Paid
O007236,C0700,P0037,2026-01-26,2,83.14,Paid
O007237,C0407,P0036,2026-01-26,3,216.33,Paid
O007238,C0772,P0007,2026-01-26,2,340.62,Organic
O007239,C0628,P0001,2026-01-26,1,227.02,Organic
O007240,C0699,P0005,2026-01-26,3,1037.07,Paid
O007241,C0124,P0006,2026-01-26,3,197.4,Organic
O007242,C0294,P0013,2026-01-26,1,55.7,Organic
O007243,C0515,P0010,2026-01-26,2,79.6,Organic
O007244,C0285,P0018,2026-01-26,2,98.38,Organic
O007245,C0164,P0024,2026-01-26,1,112.14,Organic
O007246,C0685,P0022,2026-01-26,1,50.39,Referral
O007247,C0349,P0028,2026-01-26,2,83.68,Organic
O007248,C0065,P0025,2026-01-26,3,116.61,Organic
O007249,C0400,P0027,2026-01-26,3,80.19,Paid
O007250,C0519,P0033,2026-01-26,3,264.75,Organic
O007251,C0402,P0037,2026-01-26,3,124.71,Paid
O007252,C0013,P0038,2026-01-26,1,18.18,Paid
O007253,C0229,P0033,2026-01-26,1,88.25,Organic
O007254,C0793,P0034,2026-01-26,2,117.36,Paid
O007255,C0046,P0010,2026-01-27,1,39.8,Organic
O007256,C0045,P0013,2026-01-27,1,55.7,Paid
O007257,C0092,P0016,2026-01-27,2,114.0,Organic
O007258,C0161,P0010,2026-01-27,3,119.4,Organic
O007259,C0748,P0012,2026-01-27,3,246.06,Organic
O007260,C0275,P0016,2026-01-27,1,57.0,Referral
O007261,C0769,P0015,2026-01-27,1,45.92,Organic
O007262,C0376,P0022,2026-01-27,2,100.78,Email
O007263,C0341,P0029,2026-01-27,1,17.3,Email
O007264,C0657,P0025,2026-01-27,2,77.74,Email
O007265,C0011,P0031,2026-01-27,1,38.12,Organic
O007266,C0007,P0032,2026-01-27,3,106.26,Organic
O007267,C0034,P0031,2026-01-27,1,38.12,Paid
O007268,C0034,P0040,2026-01-27,2,126.32,Organic
O007269,C0174,P0034,2026-01-27,2,117.36,Organic
O007270,C0609,P0005,2026-01-27,1,345.69,Organic
O007271,C0355,P0007,2026-01-27,1,170.31,Paid
O007272,C0218,P0004,2026-01-27,3,507.69,Paid
O007273,C0180,P0024,2026-01-27,1,112.14,Paid
O007274,C0767,P0024,2026-01-27,3,336.42,Email
O007275,C0731,P0023,2026-01-27,2,183.98,Referral
O007276,C0226,P0023,2026-01-27,3,275.97,Organic
O007277,C0737,P0017,2026-01-27,2,49.36,Organic
O007278,C0501,P0019,2026-01-27,1,132.95,Email
O007279,C0573,P0029,2026-01-27,2,34.6,Paid
O007280,C0761,P0032,2026-01-27,3,106.26,Paid
O007281,C0008,P0029,2026-01-27,2,34.6,Paid
O007282,C0768,P0035,2026-01-27,3,264.75,Organic
O007283,C0490,P0039,2026-01-27,3,310.74,Organic
O007284,C0579,P0040,2026-01-27,3,189.48,Organic
O007285,C0373,P0008,2026-01-27,2,453.06,Email
O007286,C0260,P0005,2026-01-27,2,691.38,Email
O007287,C0077,P0003,2026-01-27,3,592.38,Organic
O007288,C0351,P0003,2026-01-27,2,394.92,Paid
O007289,C0393,P0016,2026-01-27,2,114.0,Organic
O007290,C0744,P0015,2026-01-27,2,91.84,Email
O007291,C0625,P0016,2026-01-27,2,114.0,Organic
O007292,C0130,P0018,2026-01-27,3,147.57,Paid
O007293,C0329,P0019,2026-01-27,1,132.95,Organic
O007294,C0746,P0023,2026-01-27,3,275.97,Organic
O007295,C0148,P0024,2026-01-27,3,336.42,Paid
O007296,C0625,P0027,2026-01-27,2,53.46,Email
O007297,C0647,P0031,2026-01-27,2,76.24,Paid
O007298,C0430,P0027,2026-01-27,1,26.73,Email
O007299,C0409,P0037,2026-01-27,3,124.71,Paid
O007300,C0146,P0034,2026-01-27,3,176.04,Organic
O007301,C0673,P0039,2026-01-27,2,207.16,Paid
O007302,C0462,P0003,2026-01-27,2,394.92,Email
O007303,C0223,P0021,2026-01-27,3,179.82,Email
O007304,C0089,P0019,2026-01-27,2,265.9,Paid
O007305,C0349,P0017,2026-01-27,3,74.04,Organic
O007306,C0197,P0019,2026-01-27,2,265.9,Organic
O007307,C0567,P0024,2026-01-27,2,224.28,Organic
O007308,C0671,P0033,2026-01-27,1,88.25,Paid
O007309,C0185,P0034,2026-01-27,3,176.04,Paid
O007310,C0290,P0040,2026-01-27,1,63.16,Organic
O007311,C0704,P0039,2026-01-27,3,310.74,Referral
O007312,C0105,P0033,2026-01-27,3,264.75,Paid
O007313,C0505,P0038,2026-01-27,3,54.54,Organic
O007314,C0390,P0009,2026-01-28,3,177.03,Paid
O007315,C0075,P0010,2026-01-28,2,79.6,Organic
O007316,C0270,P0022,2026-01-28,2,100.78,Paid
O007317,C0231,P0018,2026-01-28,2,98.38,Organic
O007318,C0468,P0028,2026-01-28,2,83.68,Organic
O007319,C0161,P0038,2026-01-28,1,18.18,Organic
O007320,C0297,P0033,2026-01-28,2,176.5,Organic
O007321,C0246,P0008,2026-01-28,2,453.06,Paid
O007322,C0380,P0010,2026-01-28,3,119.4,Paid
O007323,C0479,P0029,2026-01-28,3,51.9,Organic
O007324,C0501,P0026,2026-01-28,2,113.22,Organic
O007325,C0242,P0028,2026-01-28,3,125.52,Organic
O007326,C0644,P0036,2026-01-28,3,216.33,Paid
O007327,C0780,P0033,2026-01-28,1,88.25,Referral
O007328,C0361,P0039,2026-01-28,3,310.74,Organic
O007329,C0295,P0037,2026-01-28,2,83.14,Referral
O007330,C0506,P0002,2026-01-28,3,556.2,Referral
O007331,C0663,P0008,2026-01-28,2,453.06,Paid
O007332,C0754,P0004,2026-01-28,1,169.23,Organic
O007333,C0739,P0002,2026-01-28,1,185.4,Paid
O007334,C0003,P0003,2026-01-28,2,394.92,Referral
O007335,C0252,P0014,2026-01-28,2,46.84,Organic
O007336,C0176,P0018,2026-01-28,3,147.57,Referral
O007337,C0017,P0020,2026-01-28,1,79.47,Organic
O007338,C0176,P0023,2026-01-28,1,91.99,Paid
O007339,C0106,P0024,2026-01-28,1,112.14,Referral
O007340,C0635,P0022,2026-01-28,1,50.39,Email
O007341,C0148,P0024,2026-01-28,1,112.14,Paid
O007342,C0184,P0024,2026-01-28,2,224.28,Paid
O007343,C0152,P0029,2026-01-28,3,51.9,Organic
O007344,C0669,P0040,2026-01-28,1,63.16,Paid
O007345,C0729,P0035,2026-01-28,3,264.75,Paid
O007346,C0582,P0039,2026-01-28,2,207.16,Paid
O007347,C0517,P0007,2026-01-28,2,340.62,Organic
O007348,C0486,P0001,2026-01-28,1,227.02,Organic
O007349,C0122,P0015,2026-01-28,3,137.76,Organic
O007350,C0265,P0014,2026-01-28,3,70.26,Organic
O007351,C0196,P0023,2026-01-28,2,183.98,Email
O007352,C0459,P0024,2026-01-28,3,336.42,Paid
O007353,C0234,P0019,2026-01-28,1,132.95,Organic
O007354,C0050,P0020,2026-01-28,3,238.41,Paid
O007355,C0210,P0023,2026-01-28,2,183.98,Paid
O007356,C0505,P0022,2026-01-28,1,50.39,Referral
O007357,C0172,P0031,2026-01-28,2,76.24,Paid
O007358,C0301,P0037,2026-01-28,3,124.71,Organic
O007359,C0054,P0033,2026-01-28,3,264.75,Organic
O007360,C0126,P0034,2026-01-28,2,117.36,Organic
O007361,C0028,P0034,2026-01-28,3,176.04,Organic
O007362,C0268,P0006,2026-01-29,3,197.4,Organic
O007363,C0600,P0008,2026-01-29,1,226.53,Organic
O007364,C0748,P0002,2026-01-29,3,556.2,Organic
O007365,C0011,P0014,2026-01-29,3,70.26,Paid
O007366,C0460,P0017,2026-01-29,3,74.04,Organic
O007367,C0372,P0024,2026-01-29,3,336.42,Email
O007368,C0193,P0027,2026-01-29,1,26.73,Paid
O007369,C0691,P0039,2026-01-29,3,310.74,Organic
O007370,C0489,P0008,2026-01-29,3,679.59,Paid
O007371,C0490,P0008,2026-01-29,1,226.53,Paid
O007372,C0543,P0005,2026-01-29,3,1037.07,Organic
O007373,C0771,P0011,2026-01-29,3,93.93,Email
O007374,C0575,P0015,2026-01-29,3,137.76,Organic
O007375,C0726,P0021,2026-01-29,2,119.88,Organic
O007376,C0521,P0020,2026-01-29,1,79.47,Organic
O007377,C0768,P0024,2026-01-29,2,224.28,Organic
O007378,C0200,P0019,2026-01-29,2,265.9,Organic
O007379,C0479,P0024,2026-01-29,1,112.14,Paid
O007380,C0491,P0030,2026-01-29,2,69.38,Paid
O007381,C0573,P0026,2026-01-29,3,169.83,Organic
O007382,C0484,P0034,2026-01-29,2,117.36,Paid
O007383,C0504,P0037,2026-01-29,2,83.14,Paid
O007384,C0570,P0039,2026-01-29,2,207.16,Paid
O007385,C0522,P0006,2026-01-29,3,197.4,Organic
O007386,C0672,P0007,2026-01-29,1,170.31,Paid
O007387,C0269,P0012,2026-01-29,2,164.04,Organic
O007388,C0060,P0010,2026-01-29,3,119.4,Referral
O007389,C0744,P0019,2026-01-29,3,398.85,Paid
O007390,C0404,P0020,2026-01-29,3,238.41,Organic
O007391,C0351,P0019,2026-01-29,1,132.95,Organic
O007392,C0553,P0032,2026-01-29,3,106.26,Paid
O007393,C0009,P0025,2026-01-29,3,116.61,Organic
O007394,C0407,P0037,2026-01-29,2,83.14,Referral
O007395,C0430,P0038,2026-01-29,1,18.18,Referral
O007396,C0534,P0033,2026-01-29,3,264.75,Referral
O007397,C0770,P0002,2026-01-29,1,185.4,Organic
O007398,C0772,P0008,2026-01-29,1,226.53,Organic
O007399,C0278,P0001,2026-01-29,2,454.04,Organic
O007400,C0585,P0014,2026-01-29,1,23.42,Organic
O007401,C0574,P0011,2026-01-29,3,93.93,Email
O007402,C0265,P0014,2026-01-29,3,70.26,Paid
O007403,C0686,P0014,2026-01-29,1,23.42,Paid
O007404,C0079,P0022,2026-01-29,3,151.17,Referral
O007405,C0699,P0029,2026-01-29,3,51.9,Email
O007406,C0024,P0034,2026-01-29,1,58.68,Organic
O007407,C0734,P0033,2026-01-29,1,88.25,Paid
O007408,C0536,P0005,2026-01-30,2,691.38,Referral
O007409,C0128,P0007,2026-01-30,2,340.62,Organic
O007410,C0602,P0006,2026-01-30,3,197.4,Organic
O007411,C0396,P0002,2026-01-30,1,185.4,Paid
O007412,C0712,P0010,2026-01-30,3,119.4,Paid
O007413,C0353,P0014,2026-01-30,2,46.84,Organic
O007414,C0335,P0014,2026-01-30,1,23.42,Organic
O007415,C0049,P0018,2026-01-30,2,98.38,Paid
O007416,C0283,P0019,2026-01-30,3,398.85,Organic
O007417,C0011,P0026,2026-01-30,3,169.83,Organic
O007418,C0498,P0028,2026-01-30,2,83.68,Organic
O007419,C0341,P0040,2026-01-30,1,63.16,Paid
O007420,C0609,P0008,2026-01-30,1,226.53,Organic
O007421,C0399,P0005,2026-01-30,2,691.38,Paid
O007422,C0771,P0002,2026-01-30,1,185.4,Paid
O007423,C0659,P0009,2026-01-30,3,177.03,Paid
O007424,C0726,P0016,2026-01-30,2,114.0,Paid
O007425,C0117,P0013,2026-01-30,1,55.7,Organic
O007426,C0605,P0021,2026-01-30,3,179.82,Paid
O007427,C0131,P0018,2026-01-30,1,49.19,Referral
O007428,C0761,P0039,2026-01-30,1,103.58,Paid
O007429,C0489,P0036,2026-01-30,3,216.33,Email
O007430,C0308,P0037,2026-01-30,3,124.71,Paid
O007431,C0763,P0003,2026-01-30,2,394.92,Paid
O007432,C0357,P0004,2026-01-30,2,338.46,Organic
O007433,C0727,P0011,2026-01-30,2,62.62,Organic
O007434,C0746,P0016,2026-01-30,1,57.0,Organic
O007435,C0146,P0016,2026-01-30,1,57.0,Paid
O007436,C0408,P0021,2026-01-30,3,179.82,Paid
O007437,C0434,P0017,2026-01-30,3,74.04,Organic
O007438,C0506,P0021,2026-01-30,3,179.82,Organic
O007439,C0559,P0026,2026-01-30,1,56.61,Organic
O007440,C0453,P0025,2026-01-30,2,77.74,Organic
O007441,C0700,P0027,2026-01-30,2,53.46,Paid
O007442,C0351,P0038,2026-01-30,2,36.36,Organic
O007443,C0173,P0035,2026-01-30,2,176.5,Paid
O007444,C0436,P0002,2026-01-30,1,185.4,Organic
O007445,C0347,P0002,2026-01-30,1,185.4,Organic
O007446,C0183,P0007,2026-01-30,3,510.93,Organic
O007447,C0135,P0017,2026-01-30,1,24.68,Paid
O007448,C0228,P0037,2026-01-30,3,124.71,Email
O007449,C0191,P0037,2026-01-30,3,124.71,Organic
O007450,C0446,P0004,2026-01-31,1,169.23,Organic
O007451,C0231,P0008,2026-01-31,1,226.53,Organic
O007452,C0375,P0002,2026-01-31,3,556.2,Organic
O007453,C0354,P0002,2026-01-31,1,185.4,Paid
O007454,C0142,P0008,2026-01-31,2,453.06,Organic
O007455,C0471,P0003,2026-01-31,2,394.92,Paid
O007456,C0076,P0001,2026-01-31,2,454.04,Organic
O007457,C0379,P0013,2026-01-31,3,167.1,Organic
O007458,C0580,P0015,2026-01-31,3,137.76,Organic
O007459,C0375,P0016,2026-01-31,3,171.0,Referral
O007460,C0230,P0014,2026-01-31,2,46.84,Paid
O007461,C0401,P0012,2026-01-31,1,82.02,Organic
O007462,C0076,P0014,2026-01-31,1,23.42,Paid
O007463,C0279,P0022,2026-01-31,3,151.17,Organic
O007464,C0303,P0022,2026-01-31,3,151.17,Email
O007465,C0379,P0030,2026-01-31,3,104.07,Paid
O007466,C0769,P0025,2026-01-31,2,77.74,Referral
O007467,C0092,P0029,2026-01-31,3,51.9,Email
O007468,C0697,P0028,2026-01-31,1,41.84,Organic
O007469,C0603,P0025,2026-01-31,2,77.74,Organic
O007470,C0401,P0028,2026-01-31,2,83.68,Organic
O007471,C0128,P0040,2026-01-31,1,63.16,Organic
O007472,C0308,P0005,2026-01-31,2,691.38,Paid
O007473,C0759,P0002,2026-01-31,3,556.2,Organic
O007474,C0415,P0004,2026-01-31,2,338.46,Organic
O007475,C0571,P0015,2026-01-31,3,137.76,Organic
O007476,C0200,P0020,2026-01-31,2,158.94,Organic
O007477,C0102,P0024,2026-01-31,1,112.14,Organic
O007478,C0484,P0027,2026-01-31,3,80.19,Organic
O007479,C0344,P0032,2026-01-31,2,70.84,Paid
O007480,C0529,P0038,2026-01-31,2,36.36,Paid
O007481,C0067,P0038,2026-01-31,3,54.54,Organic
O007482,C0277,P0036,2026-01-31,1,72.11,Organic
O007483,C0200,P0035,2026-01-31,1,88.25,Organic
O007484,C0719,P0004,2026-01-31,1,169.23,Organic
O007485,C0522,P0004,2026-01-31,3,507.69,Paid
O007486,C0453,P0002,2026-01-31,1,185.4,Organic
O007487,C0582,P0008,2026-01-31,3,679.59,Email
O007488,C0187,P0006,2026-01-31,3,197.4,Organic
O007489,C0729,P0015,2026-01-31,2,91.84,Email
O007490,C0412,P0014,2026-01-31,2,46.84,Organic
O007491,C0613,P0014,2026-01-31,1,23.42,Organic
O007492,C0559,P0012,2026-01-31,2,164.04,Organic
O007493,C0443,P0029,2026-01-31,3,51.9,Organic
O007494,C0173,P0026,2026-01-31,2,113.22,Referral
O007495,C0106,P0029,2026-01-31,2,34.6,Paid
O007496,C0453,P0031,2026-01-31,1,38.12,Email
O007497,C0784,P0025,2026-01-31,1,38.87,Referral
O007498,C0417,P0029,2026-01-31,1,17.3,Referral
O007499,C0464,P0030,2026-01-31,1,34.69,Organic
O007500,C0325,P0032,2026-01-31,3,106.26,Organic
O007501,C0422,P0031,2026-01-31,3,114.36,Organic
O007502,C0127,P0037,2026-01-31,1,41.57,Paid
O007503,C0683,P0036,2026-01-31,3,216.33,Email
O007504,C0589,P0037,2026-01-31,3,124.71,Organic
O007505,C0318,P0035,2026-01-31,1,88.25,Organic
O007506,C0108,P0038,2026-01-31,2,36.36,Organic
O007507,C0021,P0035,2026-01-31,1,88.25,Organic
O007508,C0553,P0040,2026-01-31,1,63.16,Organic
O007509,C0459,P0010,2026-01-31,1,39.8,Organic
O007510,C0157,P0022,2026-01-31,3,151.17,Referral
O007511,C0574,P0024,2026-01-31,3,336.42,Organic
O007512,C0457,P0024,2026-01-31,1,112.14,Organic
O007513,C0775,P0018,2026-01-31,3,147.57,Paid
O007514,C0122,P0025,2026-01-31,3,116.61,Paid
O007515,C0206,P0027,2026-01-31,2,53.46,Email
O007516,C0800,P0027,2026-01-31,2,53.46,Referral
O007517,C0515,P0030,2026-01-31,1,34.69,Organic
O007518,C0065,P0039,2026-01-31,3,310.74,Referral
O007519,C0223,P0035,2026-01-31,3,264.75,Email
O007520,C0109,P0040,2026-01-31,3,189.48,Email
O007521,C0751,P0034,2026-01-31,1,58.68,Paid
O007522,C0499,P0033,2026-01-31,1,88.25,Organic
O007523,C0777,P0006,2026-02-01,1,65.8,Referral
O007524,C0548,P0002,2026-02-01,1,185.4,Organic
O007525,C0364,P0003,2026-02-01,3,592.38,Referral
O007526,C0706,P0003,2026-02-01,3,592.38,Organic
O007527,C0603,P0016,2026-02-01,2,114.0,Organic
O007528,C0698,P0019,2026-02-01,3,398.85,Paid
O007529,C0777,P0021,2026-02-01,3,179.82,Paid
O007530,C0405,P0028,2026-02-01,3,125.52,Paid
O007531,C0540,P0033,2026-02-01,2,176.5,Organic
O007532,C0471,P0035,2026-02-01,2,176.5,Email
O007533,C0726,P0016,2026-02-01,3,171.0,Organic
O007534,C0117,P0011,2026-02-01,3,93.93,Email
O007535,C0383,P0012,2026-02-01,3,246.06,Organic
O007536,C0218,P0016,2026-02-01,2,114.0,Referral
O007537,C0312,P0011,2026-02-01,1,31.31,Organic
O007538,C0218,P0012,2026-02-01,3,246.06,Organic
O007539,C0726,P0016,2026-02-01,3,171.0,Referral
O007540,C0609,P0015,2026-02-01,1,45.92,Organic
O007541,C0728,P0018,2026-02-01,3,147.57,Organic
O007542,C0355,P0017,2026-02-01,1,24.68,Organic
O007543,C0490,P0024,2026-02-01,3,336.42,Paid
O007544,C0722,P0022,2026-02-01,3,151.17,Paid
O007545,C0659,P0028,2026-02-01,1,41.84,Paid
O007546,C0102,P0031,2026-02-01,3,114.36,Organic
O007547,C0470,P0032,2026-02-01,2,70.84,Paid
O007548,C0780,P0030,2026-02-01,2,69.38,Email
O007549,C0224,P0030,2026-02-01,3,104.07,Referral
O007550,C0119,P0026,2026-02-01,2,113.22,Paid
O007551,C0577,P0036,2026-02-01,2,144.22,Email
O007552,C0298,P0036,2026-02-01,1,72.11,Organic
O007553,C0605,P0040,2026-02-01,3,189.48,Email
O007554,C0173,P0003,2026-02-01,3,592.38,Organic
O007555,C0057,P0006,2026-02-01,1,65.8,Organic
O007556,C0735,P0016,2026-02-01,3,171.0,Paid
O007557,C0392,P0013,2026-02-01,1,55.7,Organic
O007558,C0107,P0021,2026-02-01,1,59.94,Paid
O007559,C0528,P0017,2026-02-01,2,49.36,Organic
O007560,C0663,P0022,2026-02-01,3,151.17,Organic
O007561,C0389,P0030,2026-02-01,2,69.38,Paid
O007562,C0494,P0031,2026-02-01,1,38.12,Organic
O007563,C0141,P0028,2026-02-01,2,83.68,Paid
O007564,C0184,P0029,2026-02-01,3,51.9,Email
O007565,C0745,P0029,2026-02-01,3,51.9,Email
O007566,C0558,P0035,2026-02-01,1,88.25,Organic
O007567,C0260,P0035,2026-02-01,1,88.25,Email
O007568,C0766,P0034,2026-02-01,3,176.04,Paid
O007569,C0519,P0003,2026-02-01,3,592.38,Paid
O007570,C0313,P0007,2026-02-01,2,340.62,Paid
O007571,C0074,P0011,2026-02-01,3,93.93,Organic
O007572,C0652,P0016,2026-02-01,1,57.0,Organic
O007573,C0587,P0016,2026-02-01,2,114.0,Email
O007574,C0358,P0014,2026-02-01,2,46.84,Email
O007575,C0172,P0019,2026-02-01,3,398.85,Paid
O007576,C0065,P0024,2026-02-01,1,112.14,Organic
O007577,C0314,P0024,2026-02-01,2,224.28,Referral
O007578,C0645,P0023,2026-02-01,1,91.99,Paid
O007579,C0024,P0021,2026-02-01,1,59.94,Organic
O007580,C0054,P0017,2026-02-01,3,74.04,Organic
O007581,C0481,P0031,2026-02-01,1,38.12,Email
O007582,C0462,P0032,2026-02-01,1,35.42,Paid
O007583,C0352,P0028,2026-02-01,1,41.84,Referral
O007584,C0058,P0030,2026-02-01,1,34.69,Organic
O007585,C0435,P0032,2026-02-01,1,35.42,Email
O007586,C0542,P0032,2026-02-01,2,70.84,Organic
O007587,C0650,P0025,2026-02-01,3,116.61,Paid
O007588,C0674,P0039,2026-02-01,2,207.16,Paid
O007589,C0290,P0033,2026-02-01,2,176.5,Paid
O007590,C0125,P0013,2026-02-02,3,167.1,Organic
O007591,C0319,P0015,2026-02-02,2,91.84,Paid
O007592,C0364,P0013,2026-02-02,1,55.7,Organic
O007593,C0507,P0009,2026-02-02,2,118.02,Organic
O007594,C0597,P0018,2026-02-02,1,49.19,Organic
O007595,C0048,P0018,2026-02-02,3,147.57,Organic
O007596,C0547,P0030,2026-02-02,2,69.38,Organic
O007597,C0208,P0030,2026-02-02,3,104.07,Organic
O007598,C0610,P0037,2026-02-02,3,124.71,Email
O007599,C0263,P0039,2026-02-02,3,310.74,Organic
O007600,C0651,P0005,2026-02-02,3,1037.07,Paid
O007601,C0676,P0015,2026-02-02,2,91.84,Paid
O007602,C0257,P0020,2026-02-02,2,158.94,Organic
O007603,C0129,P0028,2026-02-02,1,41.84,Organic
O007604,C0192,P0025,2026-02-02,3,116.61,Email
O007605,C0493,P0008,2026-02-02,3,679.59,Paid
O007606,C0563,P0001,2026-02-02,1,227.02,Paid
O007607,C0325,P0014,2026-02-02,2,46.84,Email
O007608,C0663,P0012,2026-02-02,2,164.04,Email
O007609,C0496,P0022,2026-02-02,2,100.78,Paid
O007610,C0171,P0019,2026-02-02,1,132.95,Organic
O007611,C0005,P0028,2026-02-02,1,41.84,Organic
O007612,C0389,P0032,2026-02-02,1,35.42,Paid
O007613,C0318,P0029,2026-02-02,2,34.6,Organic
O007614,C0315,P0033,2026-02-02,3,264.75,Paid
O007615,C0458,P0038,2026-02-02,3,54.54,Paid
O007616,C0719,P0040,2026-02-02,3,189.48,Email
O007617,C0677,P0033,2026-02-02,1,88.25,Paid
O007618,C0692,P0008,2026-02-02,2,453.06,Paid
O007619,C0214,P0020,2026-02-02,3,238.41,Referral
O007620,C0510,P0020,2026-02-02,2,158.94,Organic
O007621,C0322,P0023,2026-02-02,1,91.99,Paid
O007622,C0581,P0024,2026-02-02,3,336.42,Organic
O007623,C0511,P0025,2026-02-02,2,77.74,Paid
O007624,C0310,P0036,2026-02-02,1,72.11,Paid
O007625,C0478,P0036,2026-02-02,3,216.33,Organic
O007626,C0693,P0035,2026-02-02,2,176.5,Paid
O007627,C0406,P0003,2026-02-03,3,592.38,Organic
O007628,C0426,P0012,2026-02-03,1,82.02,Organic
O007629,C0215,P0016,2026-02-03,3,171.0,Referral
O007630,C0631,P0009,2026-02-03,2,118.02,Email
O007631,C0421,P0016,2026-02-03,3,171.0,Email
O007632,C0076,P0012,2026-02-03,2,164.04,Organic
O007633,C0547,P0018,2026-02-03,3,147.57,Organic
O007634,C0263,P0027,2026-02-03,2,53.46,Paid
O007635,C0460,P0026,2026-02-03,1,56.61,Email
O007636,C0619,P0033,2026-02-03,1,88.25,Organic
O007637,C0046,P0034,2026-02-03,2,117.36,Organic
O007638,C0218,P0008,2026-02-03,2,453.06,Referral
O007639,C0292,P0010,2026-02-03,2,79.6,Organic
O007640,C0484,P0015,2026-02-03,2,91.84,Email
O007641,C0722,P0016,2026-02-03,2,114.0,Paid
O007642,C0470,P0026,2026-02-03,3,169.83,Organic
O007643,C0131,P0029,2026-02-03,1,17.3,Paid
O007644,C0448,P0027,2026-02-03,2,53.46,Organic
O007645,C0342,P0032,2026-02-03,1,35.42,Organic
O007646,C0491,P0034,2026-02-03,1,58.68,Organic
O007647,C0470,P0033,2026-02-03,2,176.5,Paid
O007648,C0577,P0040,2026-02-03,3,189.48,Organic
O007649,C0756,P0011,2026-02-03,1,31.31,Organic
O007650,C0429,P0014,2026-02-03,1,23.42,Organic
O007651,C0559,P0020,2026-02-03,1,79.47,Organic
O007652,C0003,P0024,2026-02-03,1,112.14,Organic
O007653,C0745,P0030,2026-02-03,2,69.38,Organic
O007654,C0783,P0025,2026-02-03,3,116.61,Paid
O007655,C0392,P0028,2026-02-03,1,41.84,Paid
O007656,C0494,P0029,2026-02-03,1,17.3,Paid
O007657,C0345,P0025,2026-02-03,2,77.74,Organic
O007658,C0010,P0034,2026-02-03,1,58.68,Paid
O007659,C0325,P0038,2026-02-03,3,54.54,Organic
O007660,C0005,P0037,2026-02-03,1,41.57,Organic
O007661,C0147,P0008,2026-02-03,1,226.53,Paid
O007662,C0294,P0006,2026-02-03,2,131.6,Email
O007663,C0136,P0006,2026-02-03,3,197.4,Email
O007664,C0581,P0023,2026-02-03,1,91.99,Organic
O007665,C0397,P0021,2026-02-03,2,119.88,Email
O007666,C0560,P0018,2026-02-03,1,49.19,Organic
O007667,C0686,P0028,2026-02-03,2,83.68,Email
O007668,C0314,P0032,2026-02-03,3,106.26,Organic
O007669,C0436,P0026,2026-02-03,3,169.83,Email
O007670,C0064,P0040,2026-02-03,1,63.16,Paid
O007671,C0618,P0033,2026-02-03,3,264.75,Organic
O007672,C0787,P0008,2026-02-04,3,679.59,Paid
O007673,C0341,P0007,2026-02-04,2,340.62,Organic
O007674,C0426,P0006,2026-02-04,1,65.8,Organic
O007675,C0617,P0021,2026-02-04,1,59.94,Referral
O007676,C0011,P0017,2026-02-04,1,24.68,Organic
O007677,C0617,P0023,2026-02-04,1,91.99,Paid
O007678,C0081,P0030,2026-02-04,2,69.38,Organic
O007679,C0622,P0031,2026-02-04,3,114.36,Organic
O007680,C0167,P0030,2026-02-04,1,34.69,Organic
O007681,C0637,P0038,2026-02-04,2,36.36,Organic
O007682,C0386,P0034,2026-02-04,3,176.04,Referral
O007683,C0055,P0037,2026-02-04,1,41.57,Email
O007684,C0004,P0034,2026-02-04,2,117.36,Organic
O007685,C0414,P0039,2026-02-04,1,103.58,Paid
O007686,C0691,P0038,2026-02-04,3,54.54,Paid
O007687,C0484,P0005,2026-02-04,2,691.38,Email
O007688,C0737,P0010,2026-02-04,3,119.4,Paid
O007689,C0504,P0013,2026-02-04,1,55.7,Organic
O007690,C0308,P0017,2026-02-04,2,49.36,Organic
O007691,C0760,P0025,2026-02-04,1,38.87,Referral
O007692,C0132,P0026,2026-02-04,1,56.61,Paid
O007693,C0238,P0034,2026-02-04,3,176.04,Email
O007694,C0132,P0034,2026-02-04,2,117.36,Organic
O007695,C0568,P0004,2026-02-04,3,507.69,Referral
O007696,C0146,P0003,2026-02-04,3,592.38,Referral
O007697,C0199,P0018,2026-02-04,3,147.57,Paid
O007698,C0060,P0023,2026-02-04,2,183.98,Paid
O007699,C0522,P0027,2026-02-04,2,53.46,Referral
O007700,C0137,P0032,2026-02-04,3,106.26,Paid
O007701,C0393,P0032,2026-02-04,3,106.26,Paid
O007702,C0282,P0031,2026-02-04,1,38.12,Referral
O007703,C0635,P0036,2026-02-04,1,72.11,Paid
O007704,C0452,P0036,2026-02-04,2,144.22,Paid
O007705,C0273,P0001,2026-02-04,1,227.02,Paid
O007706,C0058,P0001,2026-02-04,1,227.02,Paid
O007707,C0103,P0015,2026-02-04,1,45.92,Organic
O007708,C0397,P0022,2026-02-04,1,50.39,Organic
O007709,C0397,P0023,2026-02-04,2,183.98,Email
O007710,C0554,P0019,2026-02-04,2,265.9,Organic
O007711,C0022,P0031,2026-02-04,2,76.24,Referral
O007712,C0186,P0025,2026-02-04,1,38.87,Paid
O007713,C0303,P0005,2026-02-05,1,345.69,Organic
O007714,C0044,P0005,2026-02-05,1,345.69,Email
O007715,C0161,P0012,2026-02-05,1,82.02,Paid
O007716,C0474,P0011,2026-02-05,3,93.93,Paid
O007717,C0552,P0020,2026-02-05,3,238.41,Paid
O007718,C0049,P0019,2026-02-05,2,265.9,Organic
O007719,C0354,P0021,2026-02-05,2,119.88,Organic
O007720,C0034,P0021,2026-02-05,3,179.82,Organic
O007721,C0336,P0023,2026-02-05,1,91.99,Paid
O007722,C0403,P0037,2026-02-05,1,41.57,Organic
O007723,C0295,P0001,2026-02-05,3,681.06,Organic
O007724,C0131,P0014,2026-02-05,2,46.84,Referral
O007725,C0257,P0014,2026-02-05,2,46.84,Paid
O007726,C0377,P0010,2026-02-05,3,119.4,Organic
O007727,C0463,P0022,2026-02-05,2,100.78,Organic
O007728,C0764,P0022,2026-02-05,1,50.39,Paid
O007729,C0577,P0031,2026-02-05,1,38.12,Organic
O007730,C0232,P0028,2026-02-05,2,83.68,Paid
O007731,C0287,P0039,2026-02-05,2,207.16,Email
O007732,C0764,P0039,2026-02-05,2,207.16,Organic
O007733,C0032,P0005,2026-02-05,1,345.69,Organic
O007734,C0701,P0004,2026-02-05,2,338.46,Email
O007735,C0259,P0009,2026-02-05,1,59.01,Email
O007736,C0357,P0009,2026-02-05,3,177.03,Referral
O007737,C0719,P0015,2026-02-05,1,45.92,Email
O007738,C0647,P0024,2026-02-05,3,336.42,Organic
O007739,C0784,P0020,2026-02-05,3,238.41,Paid
O007740,C0269,P0020,2026-02-05,1,79.47,Organic
O007741,C0683,P0024,2026-02-05,1,112.14,Organic
O007742,C0719,P0029,2026-02-05,3,51.9,Organic
O007743,C0434,P0027,2026-02-05,1,26.73,Organic
O007744,C0059,P0032,2026-02-05,1,35.42,Organic
O007745,C0084,P0027,2026-02-05,1,26.73,Paid
O007746,C0694,P0037,2026-02-05,2,83.14,Referral
O007747,C0179,P0033,2026-02-05,1,88.25,Paid
O007748,C0702,P0033,2026-02-05,2,176.5,Organic
O007749,C0351,P0035,2026-02-05,2,176.5,Email
O007750,C0022,P0001,2026-02-05,3,681.06,Referral
O007751,C0327,P0004,2026-02-05,3,507.69,Paid
O007752,C0310,P0008,2026-02-05,2,453.06,Organic
O007753,C0126,P0009,2026-02-05,3,177.03,Organic
O007754,C0688,P0021,2026-02-05,3,179.82,Paid
O007755,C0800,P0019,2026-02-05,3,398.85,Organic
O007756,C0109,P0031,2026-02-05,2,76.24,Paid
O007757,C0182,P0030,2026-02-05,1,34.69,Organic
O007758,C0456,P0007,2026-02-06,1,170.31,Organic
O007759,C0540,P0015,2026-02-06,1,45.92,Paid
O007760,C0034,P0010,2026-02-06,3,119.4,Referral
O007761,C0215,P0014,2026-02-06,2,46.84,Paid
O007762,C0432,P0020,2026-02-06,2,158.94,Organic
O007763,C0414,P0017,2026-02-06,1,24.68,Referral
O007764,C0002,P0017,2026-02-06,3,74.04,Paid
O007765,C0498,P0024,2026-02-06,3,336.42,Organic
O007766,C0048,P0030,2026-02-06,3,104.07,Paid
O007767,C0002,P0028,2026-02-06,1,41.84,Paid
O007768,C0045,P0026,2026-02-06,1,56.61,Referral
O007769,C0426,P0028,2026-02-06,2,83.68,Organic
O007770,C0046,P0039,2026-02-06,3,310.74,Email
O007771,C0548,P0039,2026-02-06,1,103.58,Referral
O007772,C0344,P0001,2026-02-06,3,681.06,Paid
O007773,C0615,P0004,2026-02-06,1,169.23,Paid
O007774,C0771,P0004,2026-02-06,3,507.69,Paid
O007775,C0609,P0004,2026-02-06,2,338.46,Email
O007776,C0344,P0009,2026-02-06,3,177.03,Organic
O007777,C0098,P0021,2026-02-06,3,179.82,Paid
O007778,C0261,P0030,2026-02-06,2,69.38,Organic
O007779,C0043,P0027,2026-02-06,1,26.73,Referral
O007780,C0080,P0031,2026-02-06,3,114.36,Referral
O007781,C0006,P0035,2026-02-06,2,176.5,Organic
O007782,C0477,P0007,2026-02-06,1,170.31,Referral
O007783,C0148,P0005,2026-02-06,1,345.69,Organic
O007784,C0240,P0008,2026-02-06,2,453.06,Paid
O007785,C0527,P0001,2026-02-06,1,227.02,Paid
O007786,C0148,P0005,2026-02-06,2,691.38,Paid
O007787,C0127,P0008,2026-02-06,2,453.06,Email
O007788,C0173,P0012,2026-02-06,1,82.02,Organic
O007789,C0409,P0010,2026-02-06,2,79.6,Paid
O007790,C0003,P0020,2026-02-06,2,158.94,Email
O007791,C0282,P0023,2026-02-06,3,275.97,Referral
O007792,C0351,P0024,2026-02-06,3,336.42,Organic
O007793,C0184,P0020,2026-02-06,1,79.47,Paid
O007794,C0325,P0017,2026-02-06,3,74.04,Paid
O007795,C0562,P0022,2026-02-06,1,50.39,Paid
O007796,C0451,P0029,2026-02-06,1,17.3,Referral
O007797,C0015,P0037,2026-02-06,3,124.71,Organic
O007798,C0634,P0035,2026-02-06,1,88.25,Organic
O007799,C0585,P0011,2026-02-06,1,31.31,Organic
O007800,C0089,P0019,2026-02-06,3,398.85,Organic
O007801,C0688,P0018,2026-02-06,3,147.57,Organic
O007802,C0685,P0023,2026-02-06,2,183.98,Organic
O007803,C0237,P0027,2026-02-06,1,26.73,Organic
O007804,C0436,P0031,2026-02-06,2,76.24,Organic
O007805,C0182,P0031,2026-02-06,3,114.36,Paid
O007806,C0519,P0038,2026-02-06,1,18.18,Organic
O007807,C0036,P0036,2026-02-06,3,216.33,Referral
O007808,C0769,P0003,2026-02-07,1,197.46,Organic
O007809,C0190,P0012,2026-02-07,1,82.02,Organic
O007810,C0460,P0015,2026-02-07,3,137.76,Referral
O007811,C0375,P0020,2026-02-07,3,238.41,Email
O007812,C0689,P0018,2026-02-07,1,49.19,Organic
O007813,C0048,P0027,2026-02-07,2,53.46,Organic
O007814,C0691,P0030,2026-02-07,1,34.69,Paid
O007815,C0787,P0027,2026-02-07,3,80.19,Organic
O007816,C0749,P0032,2026-02-07,3,106.26,Paid
O007817,C0356,P0033,2026-02-07,3,264.75,Organic
O007818,C0456,P0034,2026-02-07,1,58.68,Organic
O007819,C0275,P0034,2026-02-07,1,58.68,Organic
O007820,C0123,P0040,2026-02-07,3,189.48,Organic
O007821,C0682,P0003,2026-02-07,1,197.46,Email
O007822,C0370,P0003,2026-02-07,3,592.38,Organic
O007823,C0287,P0001,2026-02-07,3,681.06,Organic
O007824,C0483,P0010,2026-02-07,1,39.8,Organic
O007825,C0629,P0024,2026-02-07,2,224.28,Referral
O007826,C0410,P0020,2026-02-07,2,158.94,Email
O007827,C0666,P0022,2026-02-07,3,151.17,Organic
O007828,C0473,P0019,2026-02-07,2,265.9,Organic
O007829,C0502,P0019,2026-02-07,1,132.95,Organic
O007830,C0537,P0020,2026-02-07,3,238.41,Organic
O007831,C0504,P0026,2026-02-07,1,56.61,Organic
O007832,C0200,P0031,2026-02-07,2,76.24,Organic
O007833,C0192,P0026,2026-02-07,1,56.61,Paid
O007834,C0308,P0034,2026-02-07,2,117.36,Paid
O007835,C0224,P0039,2026-02-07,3,310.74,Organic
O007836,C0102,P0034,2026-02-07,2,117.36,Organic
O007837,C0746,P0006,2026-02-07,3,197.4,Email
O007838,C0613,P0007,2026-02-07,1,170.31,Organic
O007839,C0716,P0006,2026-02-07,2,131.6,Email
O007840,C0252,P0011,2026-02-07,1,31.31,Email
O007841,C0506,P0012,2026-02-07,1,82.02,Organic
O007842,C0744,P0010,2026-02-07,3,119.4,Paid
O007843,C0138,P0019,2026-02-07,3,398.85,Referral
O007844,C0351,P0026,2026-02-07,1,56.61,Organic
O007845,C0582,P0027,2026-02-07,3,80.19,Referral
O007846,C0133,P0033,2026-02-07,3,264.75,Referral
O007847,C0450,P0037,2026-02-07,2,83.14,Paid
O007848,C0648,P0039,2026-02-07,3,310.74,Organic
O007849,C0182,P0001,2026-02-07,1,227.02,Email
O007850,C0124,P0001,2026-02-07,1,227.02,Organic
O007851,C0652,P0008,2026-02-07,3,679.59,Paid
O007852,C0692,P0008,2026-02-07,1,226.53,Paid
O007853,C0229,P0009,2026-02-07,1,59.01,Referral
O007854,C0186,P0018,2026-02-07,2,98.38,Paid
O007855,C0681,P0017,2026-02-07,1,24.68,Paid
O007856,C0164,P0022,2026-02-07,3,151.17,Organic
O007857,C0135,P0018,2026-02-07,2,98.38,Referral
O007858,C0327,P0022,2026-02-07,2,100.78,Organic
O007859,C0650,P0029,2026-02-07,1,17.3,Email
O007860,C0587,P0030,2026-02-07,3,104.07,Paid
O007861,C0397,P0027,2026-02-07,2,53.46,Email
O007862,C0641,P0039,2026-02-07,3,310.74,Email
O007863,C0525,P0036,2026-02-07,2,144.22,Paid
O007864,C0772,P0036,2026-02-07,3,216.33,Paid
O007865,C0004,P0038,2026-02-08,2,36.36,Email
O007866,C0356,P0040,2026-02-08,3,189.48,Referral
O007867,C0169,P0035,2026-02-08,3,264.75,Organic
O007868,C0075,P0036,2026-02-08,3,216.33,Organic
O007869,C0312,P0008,2026-02-08,3,679.59,Organic
O007870,C0226,P0008,2026-02-08,3,679.59,Paid
O007871,C0448,P0001,2026-02-08,1,227.02,Referral
O007872,C0091,P0003,2026-02-08,3,592.38,Organic
O007873,C0764,P0004,2026-02-08,2,338.46,Email
O007874,C0151,P0010,2026-02-08,1,39.8,Organic
O007875,C0682,P0012,2026-02-08,2,164.04,Organic
O007876,C0212,P0012,2026-02-08,3,246.06,Paid
O007877,C0321,P0012,2026-02-08,1,82.02,Paid
O007878,C0158,P0019,2026-02-08,2,265.9,Organic
O007879,C0309,P0020,2026-02-08,3,238.41,Organic
O007880,C0573,P0024,2026-02-08,2,224.28,Organic
O007881,C0311,P0021,2026-02-08,3,179.82,Organic
O007882,C0257,P0022,2026-02-08,2,100.78,Email
O007883,C0277,P0024,2026-02-08,1,112.14,Email
O007884,C0596,P0025,2026-02-08,1,38.87,Paid
O007885,C0722,P0034,2026-02-08,1,58.68,Email
O007886,C0119,P0036,2026-02-08,3,216.33,Organic
O007887,C0099,P0034,2026-02-08,3,176.04,Organic
O007888,C0521,P0035,2026-02-08,1,88.25,Organic
O007889,C0059,P0002,2026-02-08,1,185.4,Organic
O007890,C0393,P0003,2026-02-08,2,394.92,Paid
O007891,C0451,P0013,2026-02-08,2,111.4,Organic
O007892,C0325,P0014,2026-02-08,2,46.84,Organic
O007893,C0138,P0011,2026-02-08,1,31.31,Organic
O007894,C0582,P0020,2026-02-08,2,158.94,Referral
O007895,C0173,P0018,2026-02-08,3,147.57,Email
O007896,C0083,P0019,2026-02-08,2,265.9,Paid
O007897,C0562,P0022,2026-02-08,1,50.39,Organic
O007898,C0339,P0026,2026-02-08,2,113.22,Referral
O007899,C0653,P0026,2026-02-08,2,113.22,Paid
O007900,C0783,P0026,2026-02-08,1,56.61,Email
O007901,C0385,P0026,2026-02-08,3,169.83,Organic
O007902,C0719,P0025,2026-02-08,2,77.74,Organic
O007903,C0653,P0037,2026-02-08,3,124.71,Paid
O007904,C0179,P0040,2026-02-08,2,126.32,Email
O007905,C0186,P0001,2026-02-08,1,227.02,Paid
O007906,C0028,P0007,2026-02-08,2,340.62,Referral
O007907,C0652,P0015,2026-02-08,3,137.76,Email
O007908,C0560,P0014,2026-02-08,1,23.42,Organic
O007909,C0499,P0019,2026-02-08,1,132.95,Paid
O007910,C0585,P0027,2026-02-08,3,80.19,Organic
O007911,C0302,P0031,2026-02-08,3,114.36,Email
O007912,C0751,P0025,2026-02-08,1,38.87,Email
O007913,C0674,P0028,2026-02-08,1,41.84,Organic
O007914,C0124,P0035,2026-02-08,2,176.5,Paid
O007915,C0210,P0040,2026-02-08,1,63.16,Referral
O007916,C0626,P0034,2026-02-08,2,117.36,Organic
O007917,C0358,P0037,2026-02-08,2,83.14,Organic
O007918,C0706,P0015,2026-02-09,1,45.92,Email
O007919,C0063,P0024,2026-02-09,2,224.28,Organic
O007920,C0547,P0030,2026-02-09,1,34.69,Organic
O007921,C0552,P0029,2026-02-09,3,51.9,Organic
O007922,C0654,P0037,2026-02-09,2,83.14,Referral
O007923,C0231,P0036,2026-02-09,3,216.33,Organic
O007924,C0460,P0040,2026-02-09,3,189.48,Paid
O007925,C0212,P0007,2026-02-09,2,340.62,Organic
O007926,C0026,P0008,2026-02-09,2,453.06,Organic
O007927,C0433,P0002,2026-02-09,1,185.4,Email
O007928,C0333,P0001,2026-02-09,1,227.02,Email
O007929,C0728,P0037,2026-02-09,2,83.14,Paid
O007930,C0261,P0035,2026-02-09,1,88.25,Organic
O007931,C0096,P0035,2026-02-09,3,264.75,Email
O007932,C0141,P0003,2026-02-09,2,394.92,Paid
O007933,C0563,P0002,2026-02-09,3,556.2,Organic
O007934,C0745,P0008,2026-02-09,2,453.06,Email
O007935,C0755,P0010,2026-02-09,3,119.4,Email
O007936,C0154,P0014,2026-02-09,2,46.84,Email
O007937,C0593,P0022,2026-02-09,2,100.78,Organic
O007938,C0134,P0020,2026-02-09,3,238.41,Organic
O007939,C0107,P0021,2026-02-09,2,119.88,Organic
O007940,C0362,P0018,2026-02-09,3,147.57,Paid
O007941,C0001,P0018,2026-02-09,2,98.38,Paid
O007942,C0227,P0020,2026-02-09,1,79.47,Organic
O007943,C0589,P0031,2026-02-09,1,38.12,Organic
O007944,C0558,P0025,2026-02-09,2,77.74,Organic
O007945,C0707,P0030,2026-02-09,3,104.07,Paid
O007946,C0417,P0036,2026-02-09,2,144.22,Email
O007947,C0443,P0035,2026-02-09,3,264.75,Organic
O007948,C0646,P0002,2026-02-09,3,556.2,Paid
O007949,C0585,P0004,2026-02-09,2,338.46,Email
O007950,C0511,P0003,2026-02-09,1,197.46,Organic
O007951,C0505,P0012,2026-02-09,2,164.04,Organic
O007952,C0037,P0028,2026-02-09,3,125.52,Paid
O007953,C0572,P0040,2026-02-09,3,189.48,Organic
O007954,C0104,P0040,2026-02-09,2,126.32,Paid
O007955,C0643,P0036,2026-02-09,3,216.33,Organic
O007956,C0204,P0033,2026-02-09,1,88.25,Referral
O007957,C0706,P0008,2026-02-10,3,679.59,Referral
O007958,C0595,P0004,2026-02-10,2,338.46,Organic
O007959,C0401,P0006,2026-02-10,3,197.4,Paid
O007960,C0460,P0006,2026-02-10,1,65.8,Organic
O007961,C0456,P0016,2026-02-10,2,114.0,Paid
O007962,C0011,P0023,2026-02-10,3,275.97,Email
O007963,C0712,P0022,2026-02-10,2,100.78,Paid
O007964,C0075,P0032,2026-02-10,3,106.26,Organic
O007965,C0384,P0034,2026-02-10,3,176.04,Organic
O007966,C0529,P0003,2026-02-10,3,592.38,Referral
O007967,C0312,P0005,2026-02-10,3,1037.07,Organic
O007968,C0504,P0006,2026-02-10,3,197.4,Organic
O007969,C0308,P0003,2026-02-10,1,197.46,Paid
O007970,C0492,P0008,2026-02-10,3,679.59,Paid
O007971,C0316,P0005,2026-02-10,3,1037.07,Organic
O007972,C0760,P0004,2026-02-10,2,338.46,Organic
O007973,C0098,P0016,2026-02-10,2,114.0,Paid
O007974,C0246,P0015,2026-02-10,3,137.76,Paid
O007975,C0399,P0024,2026-02-10,3,336.42,Organic
O007976,C0383,P0023,2026-02-10,3,275.97,Organic
O007977,C0564,P0021,2026-02-10,3,179.82,Paid
O007978,C0101,P0024,2026-02-10,1,112.14,Referral
O007979,C0483,P0020,2026-02-10,1,79.47,Organic
O007980,C0504,P0023,2026-02-10,2,183.98,Paid
O007981,C0599,P0029,2026-02-10,2,34.6,Organic
O007982,C0682,P0026,2026-02-10,1,56.61,Email
O007983,C0564,P0026,2026-02-10,1,56.61,Email
O007984,C0131,P0032,2026-02-10,3,106.26,Organic
O007985,C0615,P0029,2026-02-10,2,34.6,Organic
O007986,C0121,P0035,2026-02-10,1,88.25,Organic
O007987,C0492,P0033,2026-02-10,1,88.25,Organic
O007988,C0399,P0040,2026-02-10,2,126.32,Paid
O007989,C0725,P0004,2026-02-10,3,507.69,Referral
O007990,C0797,P0008,2026-02-10,2,453.06,Paid
O007991,C0488,P0023,2026-02-10,2,183.98,Organic
O007992,C0388,P0018,2026-02-10,2,98.38,Referral
O007993,C0665,P0020,2026-02-10,3,238.41,Email
O007994,C0020,P0025,2026-02-10,3,116.61,Organic
O007995,C0254,P0031,2026-02-10,3,114.36,Organic
O007996,C0106,P0025,2026-02-10,1,38.87,Organic
O007997,C0613,P0026,2026-02-10,1,56.61,Organic
O007998,C0111,P0027,2026-02-10,1,26.73,Email
O007999,C0146,P0037,2026-02-10,1,41.57,Referral
O008000,C0388,P0038,2026-02-10,3,54.54,Organic
O008001,C0412,P0035,2026-02-10,1,88.25,Paid
O008002,C0133,P0033,2026-02-10,3,264.75,Paid
O008003,C0733,P0006,2026-02-10,2,131.6,Organic
O008004,C0103,P0002,2026-02-10,1,185.4,Email
O008005,C0347,P0012,2026-02-10,1,82.02,Email
O008006,C0157,P0016,2026-02-10,1,57.0,Email
O008007,C0585,P0010,2026-02-10,3,119.4,Paid
O008008,C0024,P0013,2026-02-10,3,167.1,Email
O008009,C0775,P0023,2026-02-10,1,91.99,Organic
O008010,C0036,P0024,2026-02-10,3,336.42,Paid
O008011,C0072,P0024,2026-02-10,1,112.14,Organic
O008012,C0058,P0024,2026-02-10,1,112.14,Organic
O008013,C0514,P0030,2026-02-10,1,34.69,Organic
O008014,C0598,P0025,2026-02-10,2,77.74,Email
O008015,C0185,P0035,2026-02-10,1,88.25,Paid
O008016,C0354,P0009,2026-02-11,1,59.01,Paid
O008017,C0353,P0026,2026-02-11,3,169.83,Email
O008018,C0049,P0039,2026-02-11,2,207.16,Organic
O008019,C0085,P0036,2026-02-11,2,144.22,Paid
O008020,C0423,P0033,2026-02-11,2,176.5,Organic
O008021,C0474,P0039,2026-02-11,2,207.16,Organic
O008022,C0468,P0034,2026-02-11,3,176.04,Organic
O008023,C0289,P0039,2026-02-11,1,103.58,Organic
O008024,C0433,P0014,2026-02-11,1,23.42,Organic
O008025,C0244,P0012,2026-02-11,1,82.02,Email
O008026,C0768,P0022,2026-02-11,1,50.39,Email
O008027,C0195,P0022,2026-02-11,1,50.39,Paid
O008028,C0620,P0032,2026-02-11,3,106.26,Organic
O008029,C0143,P0031,2026-02-11,3,114.36,Paid
O008030,C0284,P0031,2026-02-11,2,76.24,Email
O008031,C0776,P0034,2026-02-11,2,117.36,Paid
O008032,C0198,P0039,2026-02-11,1,103.58,Paid
O008033,C0589,P0015,2026-02-11,1,45.92,Organic
O008034,C0255,P0012,2026-02-11,2,164.04,Email
O008035,C0144,P0012,2026-02-11,3,246.06,Email
O008036,C0227,P0024,2026-02-11,3,336.42,Email
O008037,C0634,P0024,2026-02-11,2,224.28,Organic
O008038,C0701,P0025,2026-02-11,2,77.74,Paid
O008039,C0636,P0025,2026-02-11,2,77.74,Paid
O008040,C0582,P0032,2026-02-11,2,70.84,Email
O008041,C0660,P0034,2026-02-11,3,176.04,Organic
O008042,C0114,P0033,2026-02-11,1,88.25,Paid
O008043,C0739,P0040,2026-02-11,1,63.16,Organic
O008044,C0038,P0036,2026-02-11,2,144.22,Organic
O008045,C0197,P0001,2026-02-11,1,227.02,Organic
O008046,C0505,P0014,2026-02-11,2,46.84,Paid
O008047,C0400,P0015,2026-02-11,1,45.92,Referral
O008048,C0592,P0010,2026-02-11,1,39.8,Organic
O008049,C0072,P0023,2026-02-11,2,183.98,Email
O008050,C0223,P0020,2026-02-11,3,238.41,Organic
O008051,C0237,P0023,2026-02-11,1,91.99,Organic
O008052,C0313,P0022,2026-02-11,3,151.17,Organic
O008053,C0135,P0026,2026-02-11,1,56.61,Paid
O008054,C0693,P0028,2026-02-11,2,83.68,Paid
O008055,C0185,P0035,2026-02-11,3,264.75,Email
O008056,C0681,P0034,2026-02-11,3,176.04,Referral
O008057,C0706,P0005,2026-02-12,3,1037.07,Email
O008058,C0279,P0006,2026-02-12,2,131.6,Organic
O008059,C0654,P0013,2026-02-12,2,111.4,Email
O008060,C0691,P0024,2026-02-12,2,224.28,Organic
O008061,C0208,P0021,2026-02-12,1,59.94,Organic
O008062,C0082,P0022,2026-02-12,1,50.39,Paid
O008063,C0125,P0023,2026-02-12,1,91.99,Organic
O008064,C0118,P0027,2026-02-12,1,26.73,Email
O008065,C0678,P0028,2026-02-12,1,41.84,Organic
O008066,C0406,P0025,2026-02-12,2,77.74,Paid
O008067,C0476,P0040,2026-02-12,3,189.48,Referral
O008068,C0110,P0033,2026-02-12,1,88.25,Organic
O008069,C0532,P0036,2026-02-12,2,144.22,Paid
O008070,C0787,P0037,2026-02-12,1,41.57,Organic
O008071,C0764,P0008,2026-02-12,3,679.59,Paid
O008072,C0726,P0004,2026-02-12,2,338.46,Referral
O008073,C0743,P0014,2026-02-12,2,46.84,Paid
O008074,C0333,P0010,2026-02-12,1,39.8,Organic
O008075,C0316,P0016,2026-02-12,2,114.0,Referral
O008076,C0659,P0018,2026-02-12,1,49.19,Referral
O008077,C0298,P0020,2026-02-12,3,238.41,Paid
O008078,C0720,P0018,2026-02-12,2,98.38,Referral
O008079,C0629,P0022,2026-02-12,2,100.78,Organic
O008080,C0287,P0023,2026-02-12,3,275.97,Organic
O008081,C0238,P0019,2026-02-12,2,265.9,Organic
O008082,C0726,P0039,2026-02-12,3,310.74,Paid
O008083,C0086,P0001,2026-02-12,3,681.06,Paid
O008084,C0673,P0014,2026-02-12,2,46.84,Paid
O008085,C0527,P0018,2026-02-12,3,147.57,Paid
O008086,C0127,P0019,2026-02-12,1,132.95,Paid
O008087,C0663,P0019,2026-02-12,2,265.9,Email
O008088,C0057,P0030,2026-02-12,1,34.69,Organic
O008089,C0171,P0039,2026-02-12,3,310.74,Organic
O008090,C0739,P0036,2026-02-12,1,72.11,Organic
O008091,C0783,P0033,2026-02-12,2,176.5,Referral
O008092,C0016,P0003,2026-02-12,3,592.38,Organic
O008093,C0136,P0001,2026-02-12,1,227.02,Paid
O008094,C0016,P0008,2026-02-12,3,679.59,Organic
O008095,C0013,P0011,2026-02-12,3,93.93,Organic
O008096,C0236,P0021,2026-02-12,3,179.82,Paid
O008097,C0478,P0026,2026-02-12,2,113.22,Email
O008098,C0147,P0040,2026-02-12,2,126.32,Email
O008099,C0532,P0008,2026-02-13,3,679.59,Paid
O008100,C0708,P0004,2026-02-13,3,507.69,Referral
O008101,C0289,P0006,2026-02-13,1,65.8,Organic
O008102,C0798,P0004,2026-02-13,1,169.23,Paid
O008103,C0580,P0001,2026-02-13,2,454.04,Paid
O008104,C0786,P0010,2026-02-13,3,119.4,Paid
O008105,C0297,P0021,2026-02-13,3,179.82,Paid
O008106,C0334,P0018,2026-02-13,2,98.38,Organic
O008107,C0749,P0020,2026-02-13,2,158.94,Referral
O008108,C0619,P0030,2026-02-13,3,104.07,Paid
O008109,C0512,P0027,2026-02-13,1,26.73,Organic
O008110,C0046,P0040,2026-02-13,1,63.16,Paid
O008111,C0275,P0036,2026-02-13,3,216.33,Organic
O008112,C0377,P0004,2026-02-13,1,169.23,Email
O008113,C0549,P0009,2026-02-13,1,59.01,Organic
O008114,C0238,P0012,2026-02-13,1,82.02,Organic
O008115,C0520,P0015,2026-02-13,2,91.84,Organic
O008116,C0088,P0023,2026-02-13,2,183.98,Organic
O008117,C0415,P0026,2026-02-13,2,113.22,Email
O008118,C0246,P0034,2026-02-13,3,176.04,Paid
O008119,C0277,P0039,2026-02-13,2,207.16,Organic
O008120,C0239,P0003,2026-02-13,3,592.38,Organic
O008121,C0496,P0001,2026-02-13,1,227.02,Organic
O008122,C0672,P0014,2026-02-13,3,70.26,Organic
O008123,C0669,P0009,2026-02-13,1,59.01,Paid
O008124,C0660,P0010,2026-02-13,1,39.8,Organic
O008125,C0450,P0011,2026-02-13,2,62.62,Organic
O008126,C0114,P0024,2026-02-13,3,336.42,Organic
O008127,C0665,P0024,2026-02-13,3,336.42,Organic
O008128,C0176,P0023,2026-02-13,1,91.99,Email
O008129,C0108,P0017,2026-02-13,1,24.68,Email
O008130,C0582,P0032,2026-02-13,1,35.42,Organic
O008131,C0060,P0032,2026-02-13,2,70.84,Organic
O008132,C0255,P0031,2026-02-13,2,76.24,Paid
O008133,C0155,P0034,2026-02-13,1,58.68,Organic
O008134,C0546,P0008,2026-02-13,1,226.53,Paid
O008135,C0626,P0009,2026-02-13,3,177.03,Email
O008136,C0542,P0014,2026-02-13,1,23.42,Email
O008137,C0734,P0012,2026-02-13,3,246.06,Referral
O008138,C0478,P0017,2026-02-13,3,74.04,Organic
O008139,C0462,P0019,2026-02-13,3,398.85,Organic
O008140,C0772,P0023,2026-02-13,3,275.97,Organic
O008141,C0733,P0017,2026-02-13,1,24.68,Organic
O008142,C0394,P0021,2026-02-13,2,119.88,Organic
O008143,C0036,P0024,2026-02-13,1,112.14,Paid
O008144,C0402,P0017,2026-02-13,3,74.04,Paid
O008145,C0327,P0031,2026-02-13,1,38.12,Referral
O008146,C0153,P0029,2026-02-13,2,34.6,Organic
O008147,C0358,P0036,2026-02-13,3,216.33,Paid
O008148,C0686,P0033,2026-02-13,1,88.25,Paid
O008149,C0712,P0016,2026-02-14,2,114.0,Referral
O008150,C0125,P0009,2026-02-14,1,59.01,Organic
O008151,C0423,P0022,2026-02-14,3,151.17,Paid
O008152,C0460,P0022,2026-02-14,1,50.39,Organic
O008153,C0597,P0020,2026-02-14,2,158.94,Paid
O008154,C0471,P0022,2026-02-14,3,151.17,Organic
O008155,C0364,P0037,2026-02-14,3,124.71,Organic
O008156,C0081,P0038,2026-02-14,1,18.18,Organic
O008157,C0170,P0039,2026-02-14,2,207.16,Paid
O008158,C0326,P0008,2026-02-14,3,679.59,Referral
O008159,C0767,P0005,2026-02-14,1,345.69,Paid
O008160,C0256,P0015,2026-02-14,2,91.84,Paid
O008161,C0150,P0013,2026-02-14,1,55.7,Paid
O008162,C0564,P0024,2026-02-14,1,112.14,Organic
O008163,C0292,P0019,2026-02-14,1,132.95,Referral
O008164,C0212,P0020,2026-02-14,1,79.47,Organic
O008165,C0615,P0022,2026-02-14,3,151.17,Organic
O008166,C0299,P0022,2026-02-14,3,151.17,Email
O008167,C0730,P0018,2026-02-14,1,49.19,Organic
O008168,C0295,P0020,2026-02-14,1,79.47,Organic
O008169,C0448,P0026,2026-02-14,2,113.22,Organic
O008170,C0131,P0026,2026-02-14,1,56.61,Organic
O008171,C0316,P0031,2026-02-14,2,76.24,Paid
O008172,C0132,P0025,2026-02-14,3,116.61,Organic
O008173,C0463,P0033,2026-02-14,2,176.5,Organic
O008174,C0391,P0039,2026-02-14,2,207.16,Organic
O008175,C0491,P0033,2026-02-14,3,264.75,Organic
O008176,C0615,P0040,2026-02-14,2,126.32,Email
O008177,C0269,P0005,2026-02-14,2,691.38,Organic
O008178,C0187,P0001,2026-02-14,3,681.06,Organic
O008179,C0404,P0008,2026-02-14,2,453.06,Referral
O008180,C0464,P0001,2026-02-14,1,227.02,Organic
O008181,C0690,P0002,2026-02-14,2,370.8,Organic
O008182,C0451,P0010,2026-02-14,2,79.6,Email
O008183,C0393,P0010,2026-02-14,1,39.8,Email
O008184,C0493,P0014,2026-02-14,1,23.42,Organic
O008185,C0763,P0011,2026-02-14,2,62.62,Organic
O008186,C0130,P0021,2026-02-14,2,119.88,Organic
O008187,C0315,P0031,2026-02-14,3,114.36,Organic
O008188,C0021,P0031,2026-02-14,2,76.24,Referral
O008189,C0339,P0030,2026-02-14,2,69.38,Referral
O008190,C0020,P0028,2026-02-14,3,125.52,Organic
O008191,C0199,P0037,2026-02-14,1,41.57,Organic
O008192,C0214,P0006,2026-02-14,2,131.6,Organic
O008193,C0327,P0001,2026-02-14,3,681.06,Paid
O008194,C0397,P0006,2026-02-14,2,131.6,Referral
O008195,C0236,P0001,2026-02-14,3,681.06,Organic
O008196,C0793,P0016,2026-02-14,1,57.0,Referral
O008197,C0109,P0012,2026-02-14,2,164.04,Paid
O008198,C0105,P0015,2026-02-14,2,91.84,Referral
O008199,C0723,P0014,2026-02-14,2,46.84,Organic
O008200,C0233,P0015,2026-02-14,1,45.92,Organic
O008201,C0302,P0032,2026-02-14,3,106.26,Organic
O008202,C0466,P0028,2026-02-14,3,125.52,Email
O008203,C0560,P0039,2026-02-14,2,207.16,Organic
O008204,C0466,P0033,2026-02-14,2,176.5,Paid
O008205,C0322,P0040,2026-02-14,3,189.48,Paid
O008206,C0214,P0040,2026-02-14,1,63.16,Paid
O008207,C0241,P0004,2026-02-15,2,338.46,Email
O008208,C0657,P0002,2026-02-15,3,556.2,Organic
O008209,C0030,P0011,2026-02-15,3,93.93,Email
O008210,C0622,P0011,2026-02-15,3,93.93,Paid
O008211,C0161,P0024,2026-02-15,3,336.42,Paid
O008212,C0512,P0023,2026-02-15,1,91.99,Email
O008213,C0471,P0018,2026-02-15,2,98.38,Paid
O008214,C0230,P0024,2026-02-15,1,112.14,Organic
O008215,C0468,P0032,2026-02-15,3,106.26,Organic
O008216,C0442,P0030,2026-02-15,1,34.69,Paid
O008217,C0740,P0031,2026-02-15,3,114.36,Organic
O008218,C0123,P0035,2026-02-15,1,88.25,Organic
O008219,C0405,P0033,2026-02-15,2,176.5,Email
O008220,C0748,P0036,2026-02-15,3,216.33,Paid
O008221,C0102,P0006,2026-02-15,1,65.8,Email
O008222,C0242,P0008,2026-02-15,1,226.53,Organic
O008223,C0162,P0004,2026-02-15,1,169.23,Email
O008224,C0470,P0003,2026-02-15,3,592.38,Organic
O008225,C0776,P0001,2026-02-15,2,454.04,Paid
O008226,C0158,P0010,2026-02-15,2,79.6,Referral
O008227,C0340,P0014,2026-02-15,1,23.42,Paid
O008228,C0340,P0022,2026-02-15,2,100.78,Paid
O008229,C0299,P0019,2026-02-15,1,132.95,Email
O008230,C0537,P0022,2026-02-15,1,50.39,Organic
O008231,C0609,P0023,2026-02-15,2,183.98,Paid
O008232,C0463,P0038,2026-02-15,2,36.36,Paid
O008233,C0399,P0036,2026-02-15,1,72.11,Paid
O008234,C0151,P0034,2026-02-15,2,117.36,Organic
O008235,C0180,P0037,2026-02-15,3,124.71,Organic
O008236,C0158,P0036,2026-02-15,2,144.22,Referral
O008237,C0207,P0004,2026-02-15,1,169.23,Paid
O008238,C0670,P0007,2026-02-15,2,340.62,Organic
O008239,C0059,P0005,2026-02-15,3,1037.07,Paid
O008240,C0660,P0002,2026-02-15,1,185.4,Paid
O008241,C0709,P0024,2026-02-15,3,336.42,Referral
O008242,C0741,P0024,2026-02-15,2,224.28,Paid
O008243,C0176,P0026,2026-02-15,2,113.22,Organic
O008244,C0568,P0028,2026-02-15,1,41.84,Organic
O008245,C0003,P0027,2026-02-15,3,80.19,Organic
O008246,C0429,P0029,2026-02-15,1,17.3,Email
O008247,C0392,P0026,2026-02-15,2,113.22,Organic
O008248,C0148,P0030,2026-02-15,3,104.07,Organic
O008249,C0001,P0035,2026-02-15,2,176.5,Referral
O008250,C0453,P0034,2026-02-15,3,176.04,Paid
O008251,C0683,P0034,2026-02-15,2,117.36,Organic
O008252,C0613,P0038,2026-02-15,2,36.36,Organic
O008253,C0352,P0004,2026-02-15,3,507.69,Paid
O008254,C0228,P0006,2026-02-15,1,65.8,Paid
O008255,C0641,P0007,2026-02-15,2,340.62,Organic
O008256,C0583,P0003,2026-02-15,2,394.92,Organic
O008257,C0352,P0006,2026-02-15,3,197.4,Organic
O008258,C0695,P0016,2026-02-15,1,57.0,Organic
O008259,C0626,P0009,2026-02-15,3,177.03,Organic
O008260,C0182,P0016,2026-02-15,1,57.0,Organic
O008261,C0122,P0011,2026-02-15,2,62.62,Email
O008262,C0667,P0022,2026-02-15,1,50.39,Organic
O008263,C0572,P0017,2026-02-15,2,49.36,Organic
O008264,C0183,P0019,2026-02-15,1,132.95,Paid
O008265,C0272,P0028,2026-02-15,1,41.84,Organic
O008266,C0397,P0028,2026-02-15,1,41.84,Organic
O008267,C0511,P0029,2026-02-15,1,17.3,Organic
O008268,C0061,P0026,2026-02-15,1,56.61,Paid
O008269,C0699,P0040,2026-02-15,2,126.32,Organic
O008270,C0036,P0037,2026-02-15,3,124.71,Organic
O008271,C0183,P0040,2026-02-15,2,126.32,Organic
O008272,C0136,P0039,2026-02-15,3,310.74,Organic
O008273,C0335,P0008,2026-02-16,2,453.06,Organic
O008274,C0019,P0006,2026-02-16,1,65.8,Organic
O008275,C0289,P0019,2026-02-16,1,132.95,Organic
O008276,C0384,P0024,2026-02-16,1,112.14,Paid
O008277,C0030,P0021,2026-02-16,1,59.94,Organic
O008278,C0749,P0017,2026-02-16,3,74.04,Organic
O008279,C0416,P0032,2026-02-16,1,35.42,Organic
O008280,C0432,P0030,2026-02-16,1,34.69,Organic
O008281,C0405,P0026,2026-02-16,3,169.83,Paid
O008282,C0319,P0028,2026-02-16,2,83.68,Referral
O008283,C0442,P0034,2026-02-16,3,176.04,Paid
O008284,C0675,P0036,2026-02-16,2,144.22,Paid
O008285,C0599,P0006,2026-02-16,1,65.8,Organic
O008286,C0295,P0003,2026-02-16,3,592.38,Organic
O008287,C0040,P0005,2026-02-16,3,1037.07,Email
O008288,C0245,P0012,2026-02-16,3,246.06,Organic
O008289,C0026,P0011,2026-02-16,1,31.31,Paid
O008290,C0200,P0016,2026-02-16,1,57.0,Organic
O008291,C0728,P0010,2026-02-16,3,119.4,Organic
O008292,C0287,P0018,2026-02-16,3,147.57,Organic
O008293,C0722,P0020,2026-02-16,2,158.94,Referral
O008294,C0571,P0024,2026-02-16,1,112.14,Paid
O008295,C0415,P0026,2026-02-16,3,169.83,Paid
O008296,C0261,P0026,2026-02-16,3,169.83,Organic
O008297,C0083,P0005,2026-02-16,3,1037.07,Organic
O008298,C0464,P0002,2026-02-16,1,185.4,Email
O008299,C0488,P0001,2026-02-16,1,227.02,Paid
O008300,C0500,P0006,2026-02-16,2,131.6,Email
O008301,C0086,P0011,2026-02-16,1,31.31,Organic
O008302,C0724,P0015,2026-02-16,3,137.76,Referral
O008303,C0661,P0009,2026-02-16,3,177.03,Organic
O008304,C0443,P0010,2026-02-16,1,39.8,Organic
O008305,C0702,P0018,2026-02-16,3,147.57,Referral
O008306,C0568,P0023,2026-02-16,1,91.99,Paid
O008307,C0783,P0023,2026-02-16,3,275.97,Paid
O008308,C0452,P0031,2026-02-16,1,38.12,Organic
O008309,C0452,P0031,2026-02-16,1,38.12,Email
O008310,C0701,P0029,2026-02-16,3,51.9,Email
O008311,C0746,P0028,2026-02-16,1,41.84,Organic
O008312,C0449,P0036,2026-02-16,2,144.22,Paid
O008313,C0388,P0038,2026-02-16,1,18.18,Organic
O008314,C0373,P0033,2026-02-16,3,264.75,Organic
O008315,C0111,P0038,2026-02-16,1,18.18,Organic
O008316,C0259,P0033,2026-02-16,3,264.75,Paid
O008317,C0452,P0040,2026-02-16,2,126.32,Organic
O008318,C0407,P0035,2026-02-16,1,88.25,Paid
O008319,C0662,P0002,2026-02-16,3,556.2,Referral
O008320,C0671,P0001,2026-02-16,3,681.06,Paid
O008321,C0478,P0010,2026-02-16,2,79.6,Email
O008322,C0349,P0014,2026-02-16,2,46.84,Referral
O008323,C0023,P0020,2026-02-16,1,79.47,Organic
O008324,C0514,P0017,2026-02-16,3,74.04,Email
O008325,C0031,P0032,2026-02-16,3,106.26,Email
O008326,C0027,P0027,2026-02-16,1,26.73,Email
O008327,C0685,P0031,2026-02-16,3,114.36,Email
O008328,C0272,P0028,2026-02-16,3,125.52,Email
O008329,C0679,P0039,2026-02-16,1,103.58,Referral
O008330,C0028,P0034,2026-02-16,2,117.36,Email
O008331,C0112,P0004,2026-02-17,2,338.46,Referral
O008332,C0263,P0007,2026-02-17,1,170.31,Organic
O008333,C0597,P0006,2026-02-17,1,65.8,Organic
O008334,C0426,P0011,2026-02-17,2,62.62,Paid
O008335,C0263,P0016,2026-02-17,1,57.0,Organic
O008336,C0354,P0009,2026-02-17,2,118.02,Email
O008337,C0796,P0009,2026-02-17,2,118.02,Email
O008338,C0044,P0018,2026-02-17,3,147.57,Paid
O008339,C0076,P0020,2026-02-17,2,158.94,Paid
O008340,C0507,P0030,2026-02-17,2,69.38,Paid
O008341,C0007,P0032,2026-02-17,1,35.42,Paid
O008342,C0675,P0032,2026-02-17,1,35.42,Email
O008343,C0697,P0031,2026-02-17,3,114.36,Paid
O008344,C0092,P0029,2026-02-17,3,51.9,Organic
O008345,C0468,P0037,2026-02-17,3,124.71,Organic
O008346,C0796,P0040,2026-02-17,2,126.32,Referral
O008347,C0359,P0034,2026-02-17,3,176.04,Organic
O008348,C0120,P0037,2026-02-17,2,83.14,Organic
O008349,C0195,P0004,2026-02-17,3,507.69,Organic
O008350,C0355,P0008,2026-02-17,3,679.59,Organic
O008351,C0659,P0001,2026-02-17,2,454.04,Paid
O008352,C0632,P0013,2026-02-17,1,55.7,Organic
O008353,C0633,P0010,2026-02-17,3,119.4,Email
O008354,C0180,P0031,2026-02-17,2,76.24,Organic
O008355,C0483,P0040,2026-02-17,2,126.32,Paid
O008356,C0747,P0002,2026-02-17,1,185.4,Referral
O008357,C0665,P0003,2026-02-17,2,394.92,Referral
O008358,C0518,P0002,2026-02-17,3,556.2,Email
O008359,C0422,P0001,2026-02-17,2,454.04,Email
O008360,C0059,P0014,2026-02-17,2,46.84,Organic
O008361,C0783,P0014,2026-02-17,2,46.84,Organic
O008362,C0173,P0009,2026-02-17,1,59.01,Organic
O008363,C0707,P0022,2026-02-17,1,50.39,Paid
O008364,C0784,P0021,2026-02-17,2,119.88,Organic
O008365,C0179,P0017,2026-02-17,2,49.36,Paid
O008366,C0357,P0020,2026-02-17,3,238.41,Paid
O008367,C0673,P0031,2026-02-17,1,38.12,Email
O008368,C0690,P0030,2026-02-17,2,69.38,Email
O008369,C0488,P0032,2026-02-17,3,106.26,Paid
O008370,C0173,P0031,2026-02-17,1,38.12,Organic
O008371,C0747,P0038,2026-02-17,1,18.18,Paid
O008372,C0661,P0036,2026-02-17,2,144.22,Email
O008373,C0392,P0040,2026-02-17,2,126.32,Referral
O008374,C0179,P0035,2026-02-17,1,88.25,Paid
O008375,C0204,P0001,2026-02-17,1,227.02,Organic
O008376,C0023,P0007,2026-02-17,2,340.62,Paid
O008377,C0160,P0023,2026-02-17,3,275.97,Paid
O008378,C0369,P0018,2026-02-17,2,98.38,Email
O008379,C0469,P0017,2026-02-17,1,24.68,Organic
O008380,C0031,P0029,2026-02-17,3,51.9,Paid
O008381,C0153,P0030,2026-02-17,2,69.38,Organic
O008382,C0036,P0026,2026-02-17,2,113.22,Email
O008383,C0793,P0031,2026-02-17,3,114.36,Email
O008384,C0734,P0037,2026-02-17,3,124.71,Referral
O008385,C0444,P0003,2026-02-18,3,592.38,Paid
O008386,C0004,P0007,2026-02-18,2,340.62,Organic
O008387,C0787,P0014,2026-02-18,3,70.26,Organic
O008388,C0011,P0014,2026-02-18,3,70.26,Paid
O008389,C0777,P0019,2026-02-18,3,398.85,Paid
O008390,C0678,P0021,2026-02-18,2,119.88,Organic
O008391,C0140,P0026,2026-02-18,2,113.22,Organic
O008392,C0280,P0027,2026-02-18,3,80.19,Email
O008393,C0446,P0027,2026-02-18,3,80.19,Organic
O008394,C0044,P0035,2026-02-18,2,176.5,Organic
O008395,C0608,P0004,2026-02-18,3,507.69,Organic
O008396,C0238,P0021,2026-02-18,1,59.94,Email
O008397,C0200,P0024,2026-02-18,2,224.28,Paid
O008398,C0391,P0040,2026-02-18,2,126.32,Organic
O008399,C0083,P0007,2026-02-18,3,510.93,Email
O008400,C0148,P0007,2026-02-18,1,170.31,Email
O008401,C0199,P0015,2026-02-18,3,137.76,Organic
O008402,C0385,P0010,2026-02-18,3,119.4,Organic
O008403,C0115,P0016,2026-02-18,2,114.0,Organic
O008404,C0017,P0031,2026-02-18,3,114.36,Paid
O008405,C0634,P0032,2026-02-18,1,35.42,Organic
O008406,C0493,P0030,2026-02-18,2,69.38,Paid
O008407,C0727,P0037,2026-02-18,2,83.14,Organic
O008408,C0453,P0036,2026-02-18,1,72.11,Organic
O008409,C0621,P0034,2026-02-18,3,176.04,Organic
O008410,C0385,P0035,2026-02-18,3,264.75,Organic
O008411,C0325,P0033,2026-02-18,2,176.5,Referral
O008412,C0062,P0001,2026-02-18,2,454.04,Email
O008413,C0525,P0023,2026-02-18,1,91.99,Referral
O008414,C0310,P0023,2026-02-18,1,91.99,Email
O008415,C0322,P0026,2026-02-18,3,169.83,Referral
O008416,C0265,P0030,2026-02-18,1,34.69,Paid
O008417,C0327,P0028,2026-02-18,3,125.52,Organic
O008418,C0511,P0039,2026-02-18,2,207.16,Referral
O008419,C0356,P0002,2026-02-19,1,185.4,Organic
O008420,C0789,P0006,2026-02-19,3,197.4,Organic
O008421,C0241,P0002,2026-02-19,1,185.4,Email
O008422,C0440,P0013,2026-02-19,3,167.1,Email
O008423,C0416,P0012,2026-02-19,2,164.04,Organic
O008424,C0569,P0023,2026-02-19,3,275.97,Organic
O008425,C0120,P0024,2026-02-19,1,112.14,Organic
O008426,C0774,P0021,2026-02-19,2,119.88,Email
O008427,C0740,P0029,2026-02-19,2,34.6,Referral
O008428,C0034,P0025,2026-02-19,2,77.74,Organic
O008429,C0468,P0032,2026-02-19,3,106.26,Referral
O008430,C0241,P0027,2026-02-19,1,26.73,Email
O008431,C0078,P0036,2026-02-19,2,144.22,Organic
O008432,C0230,P0040,2026-02-19,1,63.16,Paid
O008433,C0416,P0040,2026-02-19,2,126.32,Referral
O008434,C0566,P0005,2026-02-19,3,1037.07,Email
O008435,C0549,P0013,2026-02-19,3,167.1,Email
O008436,C0781,P0012,2026-02-19,1,82.02,Email
O008437,C0599,P0013,2026-02-19,2,111.4,Email
O008438,C0132,P0015,2026-02-19,2,91.84,Paid
O008439,C0195,P0010,2026-02-19,3,119.4,Organic
O008440,C0238,P0012,2026-02-19,1,82.02,Organic
O008441,C0117,P0024,2026-02-19,3,336.42,Paid
O008442,C0321,P0018,2026-02-19,1,49.19,Organic
O008443,C0659,P0032,2026-02-19,2,70.84,Email
O008444,C0309,P0038,2026-02-19,2,36.36,Paid
O008445,C0571,P0039,2026-02-19,3,310.74,Paid
O008446,C0605,P0037,2026-02-19,3,124.71,Organic
O008447,C0038,P0004,2026-02-19,1,169.23,Paid
O008448,C0325,P0002,2026-02-19,2,370.8,Organic
O008449,C0381,P0014,2026-02-19,1,23.42,Email
O008450,C0453,P0015,2026-02-19,1,45.92,Organic
O008451,C0107,P0015,2026-02-19,2,91.84,Email
O008452,C0385,P0012,2026-02-19,1,82.02,Organic
O008453,C0755,P0011,2026-02-19,3,93.93,Paid
O008454,C0763,P0009,2026-02-19,2,118.02,Organic
O008455,C0323,P0020,2026-02-19,2,158.94,Paid
O008456,C0010,P0023,2026-02-19,1,91.99,Paid
O008457,C0563,P0021,2026-02-19,2,119.88,Organic
O008458,C0009,P0027,2026-02-19,3,80.19,Email
O008459,C0276,P0038,2026-02-19,3,54.54,Paid
O008460,C0464,P0040,2026-02-19,2,126.32,Paid
O008461,C0527,P0037,2026-02-19,3,124.71,Organic
O008462,C0185,P0004,2026-02-19,3,507.69,Organic
O008463,C0285,P0002,2026-02-19,1,185.4,Paid
O008464,C0461,P0008,2026-02-19,3,679.59,Paid
O008465,C0692,P0010,2026-02-19,1,39.8,Email
O008466,C0126,P0011,2026-02-19,1,31.31,Email
O008467,C0695,P0011,2026-02-19,3,93.93,Organic
O008468,C0638,P0016,2026-02-19,2,114.0,Paid
O008469,C0652,P0014,2026-02-19,2,46.84,Paid
O008470,C0574,P0023,2026-02-19,1,91.99,Paid
O008471,C0486,P0018,2026-02-19,1,49.19,Paid
O008472,C0641,P0019,2026-02-19,2,265.9,Paid
O008473,C0122,P0017,2026-02-19,2,49.36,Organic
O008474,C0237,P0030,2026-02-19,1,34.69,Organic
O008475,C0164,P0028,2026-02-19,2,83.68,Organic
O008476,C0036,P0040,2026-02-19,3,189.48,Organic
O008477,C0775,P0036,2026-02-19,1,72.11,Email
O008478,C0541,P0039,2026-02-19,3,310.74,Paid
O008479,C0603,P0011,2026-02-20,1,31.31,Email
O008480,C0595,P0024,2026-02-20,2,224.28,Paid
O008481,C0046,P0020,2026-02-20,2,158.94,Organic
O008482,C0416,P0031,2026-02-20,1,38.12,Organic
O008483,C0085,P0035,2026-02-20,2,176.5,Organic
O008484,C0603,P0038,2026-02-20,3,54.54,Organic
O008485,C0799,P0006,2026-02-20,1,65.8,Organic
O008486,C0579,P0013,2026-02-20,3,167.1,Organic
O008487,C0383,P0014,2026-02-20,3,70.26,Referral
O008488,C0040,P0012,2026-02-20,1,82.02,Organic
O008489,C0244,P0020,2026-02-20,2,158.94,Paid
O008490,C0216,P0027,2026-02-20,1,26.73,Email
O008491,C0298,P0026,2026-02-20,2,113.22,Email
O008492,C0579,P0039,2026-02-20,2,207.16,Organic
O008493,C0422,P0002,2026-02-20,2,370.8,Organic
O008494,C0707,P0016,2026-02-20,1,57.0,Paid
O008495,C0325,P0015,2026-02-20,1,45.92,Paid
O008496,C0154,P0019,2026-02-20,3,398.85,Organic
O008497,C0506,P0019,2026-02-20,3,398.85,Paid
O008498,C0171,P0025,2026-02-20,1,38.87,Organic
O008499,C0430,P0030,2026-02-20,2,69.38,Paid
O008500,C0488,P0025,2026-02-20,2,77.74,Organic
O008501,C0407,P0026,2026-02-20,1,56.61,Paid
O008502,C0171,P0034,2026-02-20,3,176.04,Organic
O008503,C0677,P0039,2026-02-20,1,103.58,Referral
O008504,C0352,P0006,2026-02-20,1,65.8,Organic
O008505,C0679,P0003,2026-02-20,3,592.38,Paid
O008506,C0065,P0011,2026-02-20,3,93.93,Referral
O008507,C0124,P0016,2026-02-20,2,114.0,Organic
O008508,C0652,P0017,2026-02-20,1,24.68,Organic
O008509,C0365,P0032,2026-02-20,2,70.84,Paid
O008510,C0314,P0033,2026-02-20,2,176.5,Organic
O008511,C0384,P0001,2026-02-21,3,681.06,Referral
O008512,C0675,P0007,2026-02-21,1,170.31,Paid
O008513,C0657,P0001,2026-02-21,3,681.06,Paid
O008514,C0446,P0007,2026-02-21,3,510.93,Paid
O008515,C0161,P0015,2026-02-21,2,91.84,Paid
O008516,C0580,P0019,2026-02-21,2,265.9,Organic
O008517,C0664,P0023,2026-02-21,2,183.98,Organic
O008518,C0123,P0023,2026-02-21,1,91.99,Email
O008519,C0190,P0019,2026-02-21,3,398.85,Organic
O008520,C0678,P0023,2026-02-21,2,183.98,Email
O008521,C0334,P0024,2026-02-21,3,336.42,Paid
O008522,C0748,P0018,2026-02-21,3,147.57,Referral
O008523,C0416,P0020,2026-02-21,3,238.41,Email
O008524,C0081,P0027,2026-02-21,2,53.46,Referral
O008525,C0777,P0025,2026-02-21,3,116.61,Email
O008526,C0552,P0026,2026-02-21,1,56.61,Organic
O008527,C0002,P0033,2026-02-21,2,176.5,Email
O008528,C0471,P0039,2026-02-21,1,103.58,Organic
O008529,C0774,P0040,2026-02-21,3,189.48,Paid
O008530,C0590,P0001,2026-02-21,2,454.04,Email
O008531,C0277,P0004,2026-02-21,1,169.23,Organic
O008532,C0377,P0002,2026-02-21,3,556.2,Referral
O008533,C0767,P0004,2026-02-21,2,338.46,Organic
O008534,C0479,P0012,2026-02-21,2,164.04,Organic
O008535,C0326,P0010,2026-02-21,2,79.6,Paid
O008536,C0198,P0010,2026-02-21,2,79.6,Paid
O008537,C0242,P0012,2026-02-21,1,82.02,Email
O008538,C0470,P0017,2026-02-21,1,24.68,Paid
O008539,C0292,P0024,2026-02-21,1,112.14,Organic
O008540,C0380,P0022,2026-02-21,1,50.39,Organic
O008541,C0383,P0017,2026-02-21,2,49.36,Referral
O008542,C0257,P0024,2026-02-21,1,112.14,Email
O008543,C0131,P0018,2026-02-21,3,147.57,Organic
O008544,C0295,P0017,2026-02-21,3,74.04,Organic
O008545,C0298,P0030,2026-02-21,2,69.38,Email
O008546,C0668,P0028,2026-02-21,3,125.52,Organic
O008547,C0410,P0032,2026-02-21,2,70.84,Email
O008548,C0344,P0040,2026-02-21,2,126.32,Organic
O008549,C0575,P0035,2026-02-21,2,176.5,Paid
O008550,C0431,P0002,2026-02-21,3,556.2,Organic
O008551,C0458,P0003,2026-02-21,3,592.38,Organic
O008552,C0700,P0004,2026-02-21,2,338.46,Organic
O008553,C0381,P0002,2026-02-21,2,370.8,Organic
O008554,C0134,P0008,2026-02-21,2,453.06,Organic
O008555,C0288,P0001,2026-02-21,1,227.02,Organic
O008556,C0601,P0014,2026-02-21,1,23.42,Paid
O008557,C0709,P0009,2026-02-21,1,59.01,Paid
O008558,C0443,P0016,2026-02-21,2,114.0,Organic
O008559,C0429,P0010,2026-02-21,1,39.8,Referral
O008560,C0373,P0013,2026-02-21,2,111.4,Paid
O008561,C0362,P0021,2026-02-21,3,179.82,Paid
O008562,C0496,P0021,2026-02-21,3,179.82,Organic
O008563,C0449,P0021,2026-02-21,3,179.82,Organic
O008564,C0173,P0024,2026-02-21,1,112.14,Email
O008565,C0500,P0022,2026-02-21,1,50.39,Paid
O008566,C0661,P0022,2026-02-21,1,50.39,Organic
O008567,C0247,P0019,2026-02-21,3,398.85,Organic
O008568,C0381,P0032,2026-02-21,2,70.84,Organic
O008569,C0373,P0032,2026-02-21,1,35.42,Email
O008570,C0450,P0038,2026-02-21,1,18.18,Paid
O008571,C0751,P0003,2026-02-21,2,394.92,Organic
O008572,C0650,P0001,2026-02-21,1,227.02,Organic
O008573,C0652,P0014,2026-02-21,2,46.84,Paid
O008574,C0185,P0015,2026-02-21,1,45.92,Email
O008575,C0300,P0019,2026-02-21,1,132.95,Organic
O008576,C0156,P0024,2026-02-21,3,336.42,Organic
O008577,C0793,P0029,2026-02-21,3,51.9,Paid
O008578,C0658,P0032,2026-02-21,3,106.26,Paid
O008579,C0036,P0032,2026-02-21,1,35.42,Email
O008580,C0149,P0028,2026-02-21,2,83.68,Email
O008581,C0210,P0035,2026-02-21,3,264.75,Paid
O008582,C0263,P0007,2026-02-22,2,340.62,Organic
O008583,C0796,P0007,2026-02-22,1,170.31,Organic
O008584,C0426,P0003,2026-02-22,2,394.92,Organic
O008585,C0372,P0020,2026-02-22,3,238.41,Organic
O008586,C0675,P0029,2026-02-22,2,34.6,Organic
O008587,C0532,P0025,2026-02-22,3,116.61,Paid
O008588,C0330,P0038,2026-02-22,2,36.36,Organic
O008589,C0580,P0038,2026-02-22,3,54.54,Paid
O008590,C0120,P0039,2026-02-22,2,207.16,Paid
O008591,C0353,P0035,2026-02-22,1,88.25,Organic
O008592,C0682,P0006,2026-02-22,2,131.6,Paid
O008593,C0298,P0007,2026-02-22,2,340.62,Organic
O008594,C0132,P0008,2026-02-22,3,679.59,Organic
O008595,C0489,P0005,2026-02-22,2,691.38,Paid
O008596,C0216,P0013,2026-02-22,3,167.1,Organic
O008597,C0433,P0024,2026-02-22,3,336.42,Referral
O008598,C0759,P0020,2026-02-22,1,79.47,Organic
O008599,C0411,P0021,2026-02-22,2,119.88,Organic
O008600,C0080,P0017,2026-02-22,2,49.36,Organic
O008601,C0311,P0019,2026-02-22,2,265.9,Organic
O008602,C0287,P0026,2026-02-22,1,56.61,Email
O008603,C0317,P0026,2026-02-22,3,169.83,Organic
O008604,C0764,P0032,2026-02-22,2,70.84,Email
O008605,C0096,P0029,2026-02-22,1,17.3,Organic
O008606,C0433,P0035,2026-02-22,2,176.5,Paid
O008607,C0454,P0033,2026-02-22,3,264.75,Organic
O008608,C0756,P0004,2026-02-22,3,507.69,Email
O008609,C0464,P0005,2026-02-22,2,691.38,Referral
O008610,C0750,P0005,2026-02-22,3,1037.07,Referral
O008611,C0288,P0004,2026-02-22,2,338.46,Paid
O008612,C0351,P0007,2026-02-22,2,340.62,Organic
O008613,C0739,P0006,2026-02-22,2,131.6,Paid
O008614,C0763,P0007,2026-02-22,2,340.62,Referral
O008615,C0741,P0001,2026-02-22,1,227.02,Referral
O008616,C0173,P0005,2026-02-22,2,691.38,Paid
O008617,C0392,P0010,2026-02-22,2,79.6,Organic
O008618,C0707,P0012,2026-02-22,3,246.06,Paid
O008619,C0716,P0014,2026-02-22,3,70.26,Organic
O008620,C0727,P0014,2026-02-22,3,70.26,Organic
O008621,C0431,P0016,2026-02-22,2,114.0,Paid
O008622,C0252,P0022,2026-02-22,3,151.17,Organic
O008623,C0453,P0023,2026-02-22,2,183.98,Paid
O008624,C0032,P0031,2026-02-22,2,76.24,Organic
O008625,C0430,P0040,2026-02-22,3,189.48,Organic
O008626,C0017,P0039,2026-02-22,2,207.16,Paid
O008627,C0351,P0035,2026-02-22,1,88.25,Paid
O008628,C0674,P0007,2026-02-22,1,170.31,Paid
O008629,C0233,P0006,2026-02-22,1,65.8,Referral
O008630,C0626,P0002,2026-02-22,2,370.8,Paid
O008631,C0023,P0005,2026-02-22,1,345.69,Organic
O008632,C0183,P0012,2026-02-22,2,164.04,Email
O008633,C0481,P0010,2026-02-22,3,119.4,Paid
O008634,C0065,P0016,2026-02-22,3,171.0,Paid
O008635,C0436,P0011,2026-02-22,1,31.31,Organic
O008636,C0515,P0011,2026-02-22,1,31.31,Organic
O008637,C0387,P0023,2026-02-22,1,91.99,Paid
O008638,C0581,P0018,2026-02-22,3,147.57,Organic
O008639,C0191,P0027,2026-02-22,1,26.73,Referral
O008640,C0349,P0026,2026-02-22,2,113.22,Paid
O008641,C0157,P0026,2026-02-22,1,56.61,Email
O008642,C0646,P0027,2026-02-22,3,80.19,Organic
O008643,C0027,P0040,2026-02-22,2,126.32,Organic
O008644,C0048,P0005,2026-02-23,3,1037.07,Paid
O008645,C0689,P0006,2026-02-23,3,197.4,Referral
O008646,C0396,P0006,2026-02-23,1,65.8,Organic
O008647,C0011,P0002,2026-02-23,2,370.8,Organic
O008648,C0161,P0010,2026-02-23,2,79.6,Organic
O008649,C0654,P0013,2026-02-23,3,167.1,Organic
O008650,C0432,P0018,2026-02-23,3,147.57,Organic
O008651,C0201,P0021,2026-02-23,3,179.82,Referral
O008652,C0740,P0020,2026-02-23,1,79.47,Organic
O008653,C0303,P0031,2026-02-23,3,114.36,Paid
O008654,C0030,P0030,2026-02-23,3,104.07,Email
O008655,C0631,P0026,2026-02-23,1,56.61,Email
O008656,C0603,P0034,2026-02-23,3,176.04,Paid
O008657,C0376,P0036,2026-02-23,2,144.22,Referral
O008658,C0777,P0034,2026-02-23,3,176.04,Organic
O008659,C0760,P0010,2026-02-23,2,79.6,Email
O008660,C0571,P0016,2026-02-23,2,114.0,Organic
O008661,C0633,P0019,2026-02-23,1,132.95,Paid
O008662,C0780,P0020,2026-02-23,2,158.94,Organic
O008663,C0437,P0025,2026-02-23,3,116.61,Referral
O008664,C0308,P0030,2026-02-23,2,69.38,Organic
O008665,C0743,P0025,2026-02-23,1,38.87,Paid
O008666,C0615,P0033,2026-02-23,3,264.75,Organic
O008667,C0453,P0006,2026-02-23,2,131.6,Email
O008668,C0453,P0003,2026-02-23,1,197.46,Organic
O008669,C0059,P0013,2026-02-23,3,167.1,Organic
O008670,C0171,P0019,2026-02-23,1,132.95,Organic
O008671,C0710,P0019,2026-02-23,1,132.95,Paid
O008672,C0613,P0019,2026-02-23,3,398.85,Organic
O008673,C0451,P0032,2026-02-23,1,35.42,Organic
O008674,C0154,P0027,2026-02-23,1,26.73,Paid
O008675,C0282,P0030,2026-02-23,3,104.07,Organic
O008676,C0477,P0036,2026-02-23,1,72.11,Organic
O008677,C0306,P0008,2026-02-23,2,453.06,Paid
O008678,C0234,P0006,2026-02-23,3,197.4,Organic
O008679,C0054,P0001,2026-02-23,3,681.06,Organic
O008680,C0685,P0015,2026-02-23,2,91.84,Organic
O008681,C0054,P0011,2026-02-23,2,62.62,Referral
O008682,C0402,P0012,2026-02-23,2,164.04,Organic
O008683,C0592,P0014,2026-02-23,1,23.42,Paid
O008684,C0519,P0009,2026-02-23,2,118.02,Organic
O008685,C0459,P0020,2026-02-23,1,79.47,Organic
O008686,C0461,P0031,2026-02-23,1,38.12,Organic
O008687,C0237,P0027,2026-02-23,1,26.73,Email
O008688,C0499,P0035,2026-02-23,1,88.25,Paid
O008689,C0332,P0004,2026-02-24,1,169.23,Email
O008690,C0696,P0001,2026-02-24,1,227.02,Email
O008691,C0403,P0002,2026-02-24,1,185.4,Paid
O008692,C0689,P0008,2026-02-24,1,226.53,Paid
O008693,C0231,P0002,2026-02-24,1,185.4,Email
O008694,C0787,P0003,2026-02-24,2,394.92,Organic
O008695,C0283,P0015,2026-02-24,2,91.84,Organic
O008696,C0456,P0010,2026-02-24,1,39.8,Organic
O008697,C0474,P0009,2026-02-24,1,59.01,Organic
O008698,C0280,P0035,2026-02-24,1,88.25,Organic
O008699,C0577,P0007,2026-02-24,1,170.31,Organic
O008700,C0759,P0010,2026-02-24,3,119.4,Organic
O008701,C0067,P0021,2026-02-24,1,59.94,Email
O008702,C0040,P0020,2026-02-24,3,238.41,Referral
O008703,C0287,P0031,2026-02-24,1,38.12,Paid
O008704,C0099,P0028,2026-02-24,2,83.68,Organic
O008705,C0609,P0039,2026-02-24,2,207.16,Organic
O008706,C0644,P0033,2026-02-24,3,264.75,Paid
O008707,C0102,P0033,2026-02-24,3,264.75,Referral
O008708,C0564,P0037,2026-02-24,2,83.14,Organic
O008709,C0538,P0005,2026-02-24,2,691.38,Paid
O008710,C0217,P0001,2026-02-24,1,227.02,Email
O008711,C0568,P0005,2026-02-24,3,1037.07,Organic
O008712,C0276,P0006,2026-02-24,1,65.8,Paid
O008713,C0269,P0008,2026-02-24,3,679.59,Referral
O008714,C0562,P0011,2026-02-24,2,62.62,Organic
O008715,C0702,P0013,2026-02-24,2,111.4,Paid
O008716,C0148,P0015,2026-02-24,2,91.84,Organic
O008717,C0254,P0013,2026-02-24,3,167.1,Organic
O008718,C0716,P0024,2026-02-24,2,224.28,Organic
O008719,C0750,P0017,2026-02-24,2,49.36,Paid
O008720,C0127,P0020,2026-02-24,3,238.41,Organic
O008721,C0430,P0027,2026-02-24,1,26.73,Organic
O008722,C0141,P0035,2026-02-24,1,88.25,Organic
O008723,C0646,P0003,2026-02-24,3,592.38,Organic
O008724,C0352,P0003,2026-02-24,3,592.38,Referral
O008725,C0122,P0016,2026-02-24,3,171.0,Referral
O008726,C0695,P0013,2026-02-24,1,55.7,Organic
O008727,C0314,P0021,2026-02-24,3,179.82,Organic
O008728,C0650,P0017,2026-02-24,3,74.04,Paid
O008729,C0581,P0025,2026-02-24,1,38.87,Paid
O008730,C0645,P0032,2026-02-24,1,35.42,Organic
O008731,C0567,P0028,2026-02-24,1,41.84,Paid
O008732,C0772,P0027,2026-02-24,1,26.73,Organic
O008733,C0718,P0035,2026-02-24,3,264.75,Organic
O008734,C0328,P0008,2026-02-25,3,679.59,Paid
O008735,C0386,P0001,2026-02-25,3,681.06,Organic
O008736,C0178,P0006,2026-02-25,2,131.6,Organic
O008737,C0283,P0011,2026-02-25,1,31.31,Paid
O008738,C0602,P0014,2026-02-25,3,70.26,Email
O008739,C0474,P0017,2026-02-25,2,49.36,Paid
O008740,C0330,P0019,2026-02-25,2,265.9,Paid
O008741,C0048,P0026,2026-02-25,1,56.61,Organic
O008742,C0696,P0025,2026-02-25,1,38.87,Organic
O008743,C0696,P0025,2026-02-25,3,116.61,Organic
O008744,C0046,P0032,2026-02-25,2,70.84,Organic
O008745,C0423,P0034,2026-02-25,1,58.68,Organic
O008746,C0120,P0038,2026-02-25,2,36.36,Organic
O008747,C0760,P0008,2026-02-25,2,453.06,Organic
O008748,C0605,P0005,2026-02-25,2,691.38,Organic
O008749,C0370,P0004,2026-02-25,1,169.23,Paid
O008750,C0470,P0006,2026-02-25,3,197.4,Email
O008751,C0080,P0013,2026-02-25,2,111.4,Organic
O008752,C0520,P0023,2026-02-25,3,275.97,Email
O008753,C0119,P0025,2026-02-25,2,77.74,Paid
O008754,C0195,P0040,2026-02-25,1,63.16,Paid
O008755,C0582,P0008,2026-02-25,2,453.06,Organic
O008756,C0625,P0007,2026-02-25,2,340.62,Organic
O008757,C0108,P0021,2026-02-25,1,59.94,Email
O008758,C0538,P0020,2026-02-25,2,158.94,Organic
O008759,C0754,P0023,2026-02-25,3,275.97,Email
O008760,C0477,P0024,2026-02-25,3,336.42,Paid
O008761,C0404,P0024,2026-02-25,3,336.42,Referral
O008762,C0449,P0028,2026-02-25,1,41.84,Paid
O008763,C0362,P0029,2026-02-25,3,51.9,Email
O008764,C0515,P0005,2026-02-25,2,691.38,Paid
O008765,C0109,P0007,2026-02-25,2,340.62,Email
O008766,C0572,P0001,2026-02-25,3,681.06,Organic
O008767,C0210,P0020,2026-02-25,2,158.94,Paid
O008768,C0327,P0019,2026-02-25,1,132.95,Organic
O008769,C0050,P0019,2026-02-25,3,398.85,Organic
O008770,C0695,P0029,2026-02-25,2,34.6,Organic
O008771,C0598,P0036,2026-02-25,3,216.33,Organic
O008772,C0650,P0039,2026-02-25,1,103.58,Organic
O008773,C0153,P0040,2026-02-25,1,63.16,Paid
O008774,C0414,P0008,2026-02-26,3,679.59,Organic
O008775,C0085,P0001,2026-02-26,3,681.06,Email
O008776,C0125,P0003,2026-02-26,2,394.92,Paid
O008777,C0426,P0014,2026-02-26,3,70.26,Organic
O008778,C0334,P0013,2026-02-26,3,167.1,Organic
O008779,C0444,P0012,2026-02-26,3,246.06,Organic
O008780,C0193,P0010,2026-02-26,1,39.8,Organic
O008781,C0201,P0018,2026-02-26,2,98.38,Organic
O008782,C0353,P0028,2026-02-26,1,41.84,Organic
O008783,C0536,P0029,2026-02-26,2,34.6,Paid
O008784,C0405,P0030,2026-02-26,2,69.38,Paid
O008785,C0696,P0038,2026-02-26,2,36.36,Paid
O008786,C0048,P0036,2026-02-26,1,72.11,Organic
O008787,C0691,P0039,2026-02-26,2,207.16,Email
O008788,C0708,P0034,2026-02-26,2,117.36,Organic
O008789,C0198,P0001,2026-02-26,2,454.04,Email
O008790,C0502,P0004,2026-02-26,3,507.69,Organic
O008791,C0308,P0009,2026-02-26,2,118.02,Organic
O008792,C0732,P0023,2026-02-26,1,91.99,Paid
O008793,C0578,P0021,2026-02-26,2,119.88,Email
O008794,C0599,P0023,2026-02-26,1,91.99,Organic
O008795,C0131,P0031,2026-02-26,1,38.12,Email
O008796,C0102,P0031,2026-02-26,2,76.24,Referral
O008797,C0768,P0029,2026-02-26,2,34.6,Organic
O008798,C0739,P0007,2026-02-26,2,340.62,Referral
O008799,C0754,P0006,2026-02-26,1,65.8,Email
O008800,C0038,P0011,2026-02-26,1,31.31,Email
O008801,C0434,P0011,2026-02-26,2,62.62,Paid
O008802,C0647,P0016,2026-02-26,3,171.0,Paid
O008803,C0500,P0014,2026-02-26,3,70.26,Organic
O008804,C0717,P0014,2026-02-26,1,23.42,Email
O008805,C0496,P0010,2026-02-26,1,39.8,Paid
O008806,C0351,P0022,2026-02-26,3,151.17,Paid
O008807,C0184,P0019,2026-02-26,1,132.95,Organic
O008808,C0494,P0019,2026-02-26,2,265.9,Paid
O008809,C0318,P0026,2026-02-26,1,56.61,Paid
O008810,C0647,P0035,2026-02-26,2,176.5,Organic
O008811,C0724,P0038,2026-02-26,1,18.18,Organic
O008812,C0325,P0040,2026-02-26,2,126.32,Email
O008813,C0458,P0040,2026-02-26,3,189.48,Organic
O008814,C0318,P0034,2026-02-26,1,58.68,Email
O008815,C0511,P0016,2026-02-26,3,171.0,Organic
O008816,C0618,P0012,2026-02-26,2,164.04,Paid
O008817,C0074,P0010,2026-02-26,3,119.4,Referral
O008818,C0459,P0029,2026-02-26,3,51.9,Referral
O008819,C0236,P0031,2026-02-26,2,76.24,Paid
O008820,C0072,P0033,2026-02-26,3,264.75,Organic
O008821,C0466,P0036,2026-02-26,1,72.11,Organic
O008822,C0423,P0003,2026-02-27,3,592.38,Organic
O008823,C0406,P0009,2026-02-27,1,59.01,Organic
O008824,C0471,P0016,2026-02-27,3,171.0,Referral
O008825,C0019,P0009,2026-02-27,3,177.03,Organic
O008826,C0161,P0019,2026-02-27,3,398.85,Paid
O008827,C0622,P0021,2026-02-27,3,179.82,Organic
O008828,C0268,P0026,2026-02-27,1,56.61,Paid
O008829,C0507,P0035,2026-02-27,2,176.5,Organic
O008830,C0620,P0015,2026-02-27,1,45.92,Paid
O008831,C0668,P0022,2026-02-27,2,100.78,Organic
O008832,C0370,P0020,2026-02-27,1,79.47,Referral
O008833,C0720,P0024,2026-02-27,1,112.14,Organic
O008834,C0043,P0021,2026-02-27,1,59.94,Paid
O008835,C0501,P0025,2026-02-27,3,116.61,Referral
O008836,C0312,P0028,2026-02-27,3,125.52,Paid
O008837,C0312,P0039,2026-02-27,3,310.74,Paid
O008838,C0244,P0036,2026-02-27,3,216.33,Referral
O008839,C0613,P0003,2026-02-27,2,394.92,Paid
O008840,C0493,P0010,2026-02-27,2,79.6,Paid
O008841,C0351,P0018,2026-02-27,2,98.38,Organic
O008842,C0388,P0023,2026-02-27,1,91.99,Email
O008843,C0559,P0019,2026-02-27,3,398.85,Paid
O008844,C0500,P0031,2026-02-27,1,38.12,Referral
O008845,C0727,P0029,2026-02-27,2,34.6,Organic
O008846,C0458,P0032,2026-02-27,3,106.26,Paid
O008847,C0621,P0040,2026-02-27,1,63.16,Email
O008848,C0031,P0003,2026-02-27,2,394.92,Email
O008849,C0457,P0003,2026-02-27,1,197.46,Organic
O008850,C0267,P0006,2026-02-27,3,197.4,Organic
O008851,C0014,P0004,2026-02-27,1,169.23,Referral
O008852,C0090,P0010,2026-02-27,1,39.8,Organic
O008853,C0667,P0010,2026-02-27,3,119.4,Paid
O008854,C0519,P0009,2026-02-27,2,118.02,Referral
O008855,C0592,P0009,2026-02-27,1,59.01,Organic
O008856,C0164,P0021,2026-02-27,3,179.82,Organic
O008857,C0016,P0020,2026-02-27,3,238.41,Organic
O008858,C0515,P0032,2026-02-27,2,70.84,Paid
O008859,C0785,P0027,2026-02-27,1,26.73,Organic
O008860,C0560,P0035,2026-02-27,1,88.25,Paid
O008861,C0016,P0039,2026-02-27,1,103.58,Paid
O008862,C0182,P0034,2026-02-27,3,176.04,Referral
O008863,C0446,P0006,2026-02-28,3,197.4,Organic
O008864,C0460,P0007,2026-02-28,2,340.62,Paid
O008865,C0769,P0003,2026-02-28,1,197.46,Organic
O008866,C0631,P0006,2026-02-28,3,197.4,Email
O008867,C0319,P0001,2026-02-28,2,454.04,Paid
O008868,C0319,P0013,2026-02-28,2,111.4,Email
O008869,C0275,P0014,2026-02-28,2,46.84,Referral
O008870,C0475,P0018,2026-02-28,1,49.19,Organic
O008871,C0569,P0021,2026-02-28,1,59.94,Organic
O008872,C0468,P0027,2026-02-28,1,26.73,Organic
O008873,C0359,P0031,2026-02-28,2,76.24,Organic
O008874,C0376,P0029,2026-02-28,2,34.6,Organic
O008875,C0161,P0026,2026-02-28,1,56.61,Paid
O008876,C0555,P0035,2026-02-28,2,176.5,Email
O008877,C0081,P0036,2026-02-28,2,144.22,Email
O008878,C0280,P0033,2026-02-28,1,88.25,Paid
O008879,C0426,P0036,2026-02-28,2,144.22,Paid
O008880,C0151,P0004,2026-02-28,3,507.69,Organic
O008881,C0526,P0007,2026-02-28,3,510.93,Referral
O008882,C0218,P0004,2026-02-28,2,338.46,Organic
O008883,C0312,P0007,2026-02-28,3,510.93,Email
O008884,C0200,P0004,2026-02-28,1,169.23,Organic
O008885,C0732,P0015,2026-02-28,1,45.92,Organic
O008886,C0410,P0010,2026-02-28,1,39.8,Paid
O008887,C0608,P0023,2026-02-28,3,275.97,Organic
O008888,C0799,P0024,2026-02-28,1,112.14,Organic
O008889,C0614,P0018,2026-02-28,1,49.19,Email
O008890,C0088,P0026,2026-02-28,3,169.83,Organic
O008891,C0311,P0036,2026-02-28,2,144.22,Paid
O008892,C0665,P0001,2026-02-28,3,681.06,Organic
O008893,C0709,P0010,2026-02-28,1,39.8,Referral
O008894,C0727,P0014,2026-02-28,1,23.42,Organic
O008895,C0449,P0010,2026-02-28,3,119.4,Organic
O008896,C0660,P0017,2026-02-28,1,24.68,Email
O008897,C0746,P0030,2026-02-28,1,34.69,Email
O008898,C0724,P0026,2026-02-28,3,169.83,Organic
O008899,C0276,P0034,2026-02-28,2,117.36,Paid
O008900,C0735,P0034,2026-02-28,3,176.04,Organic
O008901,C0710,P0034,2026-02-28,1,58.68,Organic
O008902,C0626,P0001,2026-02-28,1,227.02,Organic
O008903,C0016,P0008,2026-02-28,1,226.53,Referral
O008904,C0775,P0009,2026-02-28,1,59.01,Organic
O008905,C0587,P0013,2026-02-28,1,55.7,Email
O008906,C0400,P0010,2026-02-28,2,79.6,Paid
O008907,C0650,P0015,2026-02-28,1,45.92,Organic
O008908,C0310,P0021,2026-02-28,3,179.82,Organic
O008909,C0574,P0017,2026-02-28,1,24.68,Organic
O008910,C0074,P0021,2026-02-28,3,179.82,Organic
O008911,C0036,P0027,2026-02-28,2,53.46,Organic
O008912,C0428,P0039,2026-02-28,3,310.74,Email
O008913,C0581,P0036,2026-02-28,2,144.22,Organic
O008914,C0798,P0004,2026-03-01,3,507.69,Email
O008915,C0120,P0012,2026-03-01,1,82.02,Organic
O008916,C0353,P0013,2026-03-01,3,167.1,Paid
O008917,C0049,P0011,2026-03-01,2,62.62,Organic
O008918,C0654,P0009,2026-03-01,2,118.02,Organic
O008919,C0348,P0024,2026-03-01,2,224.28,Paid
O008920,C0619,P0029,2026-03-01,1,17.3,Organic
O008921,C0498,P0027,2026-03-01,1,26.73,Organic
O008922,C0334,P0028,2026-03-01,3,125.52,Email
O008923,C0123,P0031,2026-03-01,1,38.12,Paid
O008924,C0468,P0034,2026-03-01,1,58.68,Organic
O008925,C0580,P0035,2026-03-01,3,264.75,Paid
O008926,C0068,P0003,2026-03-01,3,592.38,Organic
O008927,C0080,P0002,2026-03-01,1,185.4,Referral
O008928,C0492,P0005,2026-03-01,3,1037.07,Email
O008929,C0441,P0003,2026-03-01,3,592.38,Paid
O008930,C0087,P0014,2026-03-01,1,23.42,Organic
O008931,C0768,P0016,2026-03-01,2,114.0,Organic
O008932,C0564,P0011,2026-03-01,2,62.62,Paid
O008933,C0609,P0021,2026-03-01,3,179.82,Organic
O008934,C0760,P0021,2026-03-01,2,119.88,Email
O008935,C0463,P0020,2026-03-01,1,79.47,Organic
O008936,C0298,P0020,2026-03-01,2,158.94,Email
O008937,C0441,P0021,2026-03-01,1,59.94,Organic
O008938,C0728,P0029,2026-03-01,3,51.9,Paid
O008939,C0609,P0027,2026-03-01,2,53.46,Paid
O008940,C0299,P0027,2026-03-01,2,53.46,Paid
O008941,C0087,P0035,2026-03-01,2,176.5,Paid
O008942,C0720,P0034,2026-03-01,3,176.04,Organic
O008943,C0672,P0007,2026-03-01,1,170.31,Paid
O008944,C0647,P0001,2026-03-01,2,454.04,Paid
O008945,C0255,P0004,2026-03-01,2,338.46,Organic
O008946,C0086,P0011,2026-03-01,2,62.62,Paid
O008947,C0086,P0016,2026-03-01,2,114.0,Paid
O008948,C0739,P0013,2026-03-01,2,111.4,Email
O008949,C0589,P0022,2026-03-01,3,151.17,Organic
O008950,C0114,P0019,2026-03-01,2,265.9,Referral
O008951,C0318,P0026,2026-03-01,3,169.83,Organic
O008952,C0005,P0029,2026-03-01,3,51.9,Paid
O008953,C0735,P0027,2026-03-01,3,80.19,Organic
O008954,C0636,P0037,2026-03-01,2,83.14,Email
O008955,C0673,P0035,2026-03-01,1,88.25,Paid
O008956,C0137,P0039,2026-03-01,3,310.74,Paid
O008957,C0134,P0033,2026-03-01,3,264.75,Paid
O008958,C0362,P0036,2026-03-01,3,216.33,Email
O008959,C0486,P0004,2026-03-01,1,169.23,Paid
O008960,C0800,P0008,2026-03-01,2,453.06,Paid
O008961,C0699,P0015,2026-03-01,2,91.84,Paid
O008962,C0400,P0011,2026-03-01,3,93.93,Organic
O008963,C0206,P0019,2026-03-01,3,398.85,Paid
O008964,C0109,P0023,2026-03-01,2,183.98,Paid
O008965,C0156,P0022,2026-03-01,2,100.78,Email
O008966,C0352,P0021,2026-03-01,2,119.88,Email
O008967,C0160,P0032,2026-03-01,3,106.26,Organic
O008968,C0462,P0028,2026-03-01,1,41.84,Email
O008969,C0237,P0030,2026-03-01,2,69.38,Organic
O008970,C0402,P0032,2026-03-01,2,70.84,Email
O008971,C0554,P0040,2026-03-01,2,126.32,Referral
O008972,C0698,P0006,2026-03-02,1,65.8,Email
O008973,C0230,P0002,2026-03-02,1,185.4,Paid
O008974,C0630,P0013,2026-03-02,2,111.4,Organic
O008975,C0576,P0015,2026-03-02,2,91.84,Paid
O008976,C0548,P0024,2026-03-02,1,112.14,Paid
O008977,C0622,P0017,2026-03-02,1,24.68,Paid
O008978,C0657,P0017,2026-03-02,2,49.36,Organic
O008979,C0460,P0032,2026-03-02,1,35.42,Paid
O008980,C0446,P0030,2026-03-02,2,69.38,Organic
O008981,C0678,P0040,2026-03-02,3,189.48,Organic
O008982,C0275,P0036,2026-03-02,2,144.22,Paid
O008983,C0490,P0003,2026-03-02,1,197.46,Paid
O008984,C0333,P0008,2026-03-02,2,453.06,Email
O008985,C0245,P0013,2026-03-02,3,167.1,Organic
O008986,C0448,P0023,2026-03-02,2,183.98,Organic
O008987,C0131,P0025,2026-03-02,1,38.87,Organic
O008988,C0162,P0025,2026-03-02,3,116.61,Organic
O008989,C0391,P0030,2026-03-02,3,104.07,Email
O008990,C0434,P0005,2026-03-02,1,345.69,Paid
O008991,C0634,P0012,2026-03-02,3,246.06,Organic
O008992,C0707,P0013,2026-03-02,3,167.1,Organic
O008993,C0187,P0019,2026-03-02,2,265.9,Paid
O008994,C0452,P0024,2026-03-02,1,112.14,Paid
O008995,C0137,P0032,2026-03-02,3,106.26,Referral
O008996,C0746,P0029,2026-03-02,1,17.3,Email
O008997,C0127,P0038,2026-03-02,3,54.54,Organic
O008998,C0770,P0005,2026-03-02,1,345.69,Referral
O008999,C0061,P0016,2026-03-02,3,171.0,Referral
O009000,C0462,P0016,2026-03-02,1,57.0,Organic
O009001,C0016,P0010,2026-03-02,2,79.6,Paid
O009002,C0551,P0023,2026-03-02,3,275.97,Organic
O009003,C0300,P0020,2026-03-02,2,158.94,Paid
O009004,C0031,P0025,2026-03-02,3,116.61,Email
O009005,C0126,P0027,2026-03-02,3,80.19,Organic
O009006,C0306,P0029,2026-03-02,1,17.3,Referral
O009007,C0536,P0007,2026-03-03,2,340.62,Organic
O009008,C0030,P0005,2026-03-03,2,691.38,Paid
O009009,C0740,P0012,2026-03-03,3,246.06,Email
O009010,C0120,P0018,2026-03-03,2,98.38,Organic
O009011,C0289,P0021,2026-03-03,1,59.94,Paid
O009012,C0289,P0029,2026-03-03,1,17.3,Organic
O009013,C0280,P0034,2026-03-03,2,117.36,Organic
O009014,C0615,P0004,2026-03-03,1,169.23,Paid
O009015,C0317,P0001,2026-03-03,1,227.02,Paid
O009016,C0632,P0004,2026-03-03,1,169.23,Email
O009017,C0577,P0014,2026-03-03,1,23.42,Organic
O009018,C0284,P0010,2026-03-03,2,79.6,Organic
O009019,C0799,P0015,2026-03-03,1,45.92,Paid
O009020,C0599,P0024,2026-03-03,3,336.42,Organic
O009021,C0399,P0019,2026-03-03,2,265.9,Organic
O009022,C0158,P0018,2026-03-03,1,49.19,Referral
O009023,C0143,P0022,2026-03-03,3,151.17,Paid
O009024,C0611,P0028,2026-03-03,2,83.68,Paid
O009025,C0479,P0025,2026-03-03,3,116.61,Email
O009026,C0189,P0030,2026-03-03,1,34.69,Paid
O009027,C0121,P0033,2026-03-03,2,176.5,Paid
O009028,C0119,P0033,2026-03-03,1,88.25,Organic
O009029,C0570,P0040,2026-03-03,3,189.48,Organic
O009030,C0660,P0004,2026-03-03,1,169.23,Organic
O009031,C0625,P0005,2026-03-03,1,345.69,Paid
O009032,C0527,P0007,2026-03-03,3,510.93,Organic
O009033,C0133,P0007,2026-03-03,2,340.62,Paid
O009034,C0488,P0004,2026-03-03,1,169.23,Paid
O009035,C0635,P0001,2026-03-03,2,454.04,Organic
O009036,C0729,P0026,2026-03-03,1,56.61,Referral
O009037,C0010,P0032,2026-03-03,3,106.26,Organic
O009038,C0217,P0035,2026-03-03,2,176.5,Email
O009039,C0717,P0033,2026-03-03,2,176.5,Organic
O009040,C0735,P0039,2026-03-03,2,207.16,Paid
O009041,C0184,P0038,2026-03-03,3,54.54,Email
O009042,C0587,P0003,2026-03-03,1,197.46,Paid
O009043,C0481,P0016,2026-03-03,1,57.0,Paid
O009044,C0014,P0009,2026-03-03,2,118.02,Paid
O009045,C0272,P0014,2026-03-03,2,46.84,Paid
O009046,C0554,P0014,2026-03-03,3,70.26,Organic
O009047,C0688,P0018,2026-03-03,2,98.38,Email
O009048,C0028,P0028,2026-03-03,3,125.52,Organic
O009049,C0466,P0028,2026-03-03,3,125.52,Email
O009050,C0302,P0033,2026-03-03,2,176.5,Paid
O009051,C0262,P0003,2026-03-04,1,197.46,Email
O009052,C0786,P0005,2026-03-04,1,345.69,Paid
O009053,C0442,P0004,2026-03-04,1,169.23,Organic
O009054,C0446,P0008,2026-03-04,1,226.53,Organic
O009055,C0512,P0013,2026-03-04,1,55.7,Organic
O009056,C0004,P0011,2026-03-04,1,31.31,Paid
O009057,C0657,P0018,2026-03-04,1,49.19,Referral
O009058,C0654,P0023,2026-03-04,1,91.99,Email
O009059,C0174,P0022,2026-03-04,3,151.17,Organic
O009060,C0401,P0020,2026-03-04,1,79.47,Email
O009061,C0167,P0027,2026-03-04,2,53.46,Email
O009062,C0341,P0030,2026-03-04,3,104.07,Organic
O009063,C0390,P0040,2026-03-04,3,189.48,Organic
O009064,C0030,P0033,2026-03-04,3,264.75,Email
O009065,C0678,P0034,2026-03-04,1,58.68,Referral
O009066,C0344,P0004,2026-03-04,1,169.23,Email
O009067,C0640,P0007,2026-03-04,3,510.93,Organic
O009068,C0687,P0001,2026-03-04,3,681.06,Organic
O009069,C0087,P0002,2026-03-04,1,185.4,Email
O009070,C0520,P0011,2026-03-04,1,31.31,Email
O009071,C0202,P0032,2026-03-04,3,106.26,Organic
O009072,C0575,P0025,2026-03-04,3,116.61,Organic
O009073,C0224,P0032,2026-03-04,3,106.26,Organic
O009074,C0578,P0030,2026-03-04,1,34.69,Referral
O009075,C0566,P0037,2026-03-04,1,41.57,Organic
O009076,C0566,P0038,2026-03-04,1,18.18,Organic
O009077,C0553,P0005,2026-03-04,3,1037.07,Organic
O009078,C0727,P0006,2026-03-04,3,197.4,Organic
O009079,C0660,P0007,2026-03-04,3,510.93,Paid
O009080,C0453,P0012,2026-03-04,2,164.04,Organic
O009081,C0254,P0015,2026-03-04,2,91.84,Paid
O009082,C0259,P0009,2026-03-04,3,177.03,Organic
O009083,C0021,P0014,2026-03-04,2,46.84,Organic
O009084,C0152,P0011,2026-03-04,3,93.93,Organic
O009085,C0137,P0019,2026-03-04,1,132.95,Referral
O009086,C0452,P0030,2026-03-04,2,69.38,Organic
O009087,C0254,P0030,2026-03-04,1,34.69,Email
O009088,C0134,P0030,2026-03-04,1,34.69,Email
O009089,C0488,P0028,2026-03-04,3,125.52,Organic
O009090,C0155,P0037,2026-03-04,1,41.57,Paid
O009091,C0282,P0040,2026-03-04,1,63.16,Paid
O009092,C0010,P0035,2026-03-04,3,264.75,Organic
O009093,C0012,P0036,2026-03-04,1,72.11,Email
O009094,C0598,P0003,2026-03-04,3,592.38,Paid
O009095,C0514,P0003,2026-03-04,2,394.92,Organic
O009096,C0560,P0012,2026-03-04,2,164.04,Paid
O009097,C0486,P0009,2026-03-04,1,59.01,Paid
O009098,C0368,P0014,2026-03-04,3,70.26,Email
O009099,C0074,P0016,2026-03-04,2,114.0,Paid
O009100,C0313,P0010,2026-03-04,2,79.6,Paid
O009101,C0525,P0014,2026-03-04,3,70.26,Email
O009102,C0322,P0022,2026-03-04,1,50.39,Paid
O009103,C0136,P0033,2026-03-04,1,88.25,Organic
O009104,C0268,P0008,2026-03-05,3,679.59,Organic
O009105,C0475,P0016,2026-03-05,3,171.0,Email
O009106,C0576,P0022,2026-03-05,2,100.78,Paid
O009107,C0165,P0031,2026-03-05,1,38.12,Organic
O009108,C0786,P0030,2026-03-05,2,69.38,Referral
O009109,C0330,P0038,2026-03-05,3,54.54,Organic
O009110,C0532,P0039,2026-03-05,1,103.58,Organic
O009111,C0128,P0033,2026-03-05,2,176.5,Paid
O009112,C0143,P0005,2026-03-05,2,691.38,Organic
O009113,C0579,P0010,2026-03-05,3,119.4,Organic
O009114,C0441,P0011,2026-03-05,1,31.31,Email
O009115,C0317,P0029,2026-03-05,3,51.9,Paid
O009116,C0470,P0035,2026-03-05,1,88.25,Organic
O009117,C0187,P0005,2026-03-05,1,345.69,Referral
O009118,C0565,P0002,2026-03-05,3,556.2,Paid
O009119,C0673,P0008,2026-03-05,2,453.06,Organic
O009120,C0345,P0007,2026-03-05,3,510.93,Email
O009121,C0677,P0008,2026-03-05,1,226.53,Paid
O009122,C0345,P0003,2026-03-05,2,394.92,Paid
O009123,C0115,P0011,2026-03-05,1,31.31,Paid
O009124,C0171,P0013,2026-03-05,1,55.7,Email
O009125,C0783,P0019,2026-03-05,1,132.95,Email
O009126,C0095,P0020,2026-03-05,2,158.94,Organic
O009127,C0500,P0033,2026-03-05,3,264.75,Organic
O009128,C0747,P0036,2026-03-05,3,216.33,Organic
O009129,C0452,P0034,2026-03-05,3,176.04,Organic
O009130,C0106,P0037,2026-03-05,2,83.14,Organic
O009131,C0294,P0001,2026-03-05,3,681.06,Referral
O009132,C0135,P0006,2026-03-05,2,131.6,Referral
O009133,C0772,P0012,2026-03-05,2,164.04,Organic
O009134,C0733,P0017,2026-03-05,1,24.68,Paid
O009135,C0793,P0018,2026-03-05,1,49.19,Paid
O009136,C0294,P0018,2026-03-05,1,49.19,Referral
O009137,C0467,P0022,2026-03-05,3,151.17,Organic
O009138,C0054,P0029,2026-03-05,2,34.6,Organic
O009139,C0567,P0028,2026-03-05,1,41.84,Paid
O009140,C0472,P0038,2026-03-05,1,18.18,Organic
O009141,C0237,P0039,2026-03-05,3,310.74,Referral
O009142,C0109,P0038,2026-03-05,1,18.18,Organic
O009143,C0267,P0037,2026-03-05,1,41.57,Organic
O009144,C0642,P0002,2026-03-06,1,185.4,Organic
O009145,C0580,P0006,2026-03-06,1,65.8,Email
O009146,C0082,P0002,2026-03-06,2,370.8,Organic
O009147,C0092,P0003,2026-03-06,3,592.38,Organic
O009148,C0125,P0004,2026-03-06,1,169.23,Organic
O009149,C0123,P0010,2026-03-06,3,119.4,Paid
O009150,C0680,P0015,2026-03-06,1,45.92,Organic
O009151,C0664,P0010,2026-03-06,2,79.6,Email
O009152,C0128,P0024,2026-03-06,3,336.42,Paid
O009153,C0675,P0021,2026-03-06,2,119.88,Referral
O009154,C0174,P0020,2026-03-06,3,238.41,Paid
O009155,C0748,P0032,2026-03-06,3,106.26,Paid
O009156,C0308,P0006,2026-03-06,2,131.6,Paid
O009157,C0479,P0008,2026-03-06,3,679.59,Organic
O009158,C0151,P0006,2026-03-06,1,65.8,Email
O009159,C0040,P0011,2026-03-06,2,62.62,Organic
O009160,C0730,P0011,2026-03-06,2,62.62,Organic
O009161,C0479,P0019,2026-03-06,1,132.95,Referral
O009162,C0492,P0029,2026-03-06,2,34.6,Organic
O009163,C0609,P0030,2026-03-06,1,34.69,Organic
O009164,C0162,P0029,2026-03-06,2,34.6,Organic
O009165,C0216,P0036,2026-03-06,2,144.22,Paid
O009166,C0254,P0005,2026-03-06,3,1037.07,Organic
O009167,C0494,P0001,2026-03-06,3,681.06,Organic
O009168,C0084,P0015,2026-03-06,3,137.76,Organic
O009169,C0766,P0018,2026-03-06,1,49.19,Organic
O009170,C0288,P0023,2026-03-06,1,91.99,Email
O009171,C0345,P0020,2026-03-06,2,158.94,Paid
O009172,C0412,P0024,2026-03-06,2,224.28,Organic
O009173,C0199,P0018,2026-03-06,2,98.38,Organic
O009174,C0259,P0020,2026-03-06,1,79.47,Paid
O009175,C0176,P0026,2026-03-06,3,169.83,Email
O009176,C0381,P0029,2026-03-06,1,17.3,Email
O009177,C0445,P0027,2026-03-06,1,26.73,Organic
O009178,C0450,P0025,2026-03-06,3,116.61,Organic
O009179,C0239,P0034,2026-03-06,2,117.36,Organic
O009180,C0625,P0037,2026-03-06,3,124.71,Email
O009181,C0247,P0033,2026-03-06,1,88.25,Paid
O009182,C0288,P0033,2026-03-06,2,176.5,Referral
O009183,C0429,P0039,2026-03-06,1,103.58,Email
O009184,C0652,P0006,2026-03-06,3,197.4,Organic
O009185,C0234,P0006,2026-03-06,3,197.4,Referral
O009186,C0572,P0005,2026-03-06,1,345.69,Organic
O009187,C0211,P0006,2026-03-06,1,65.8,Organic
O009188,C0278,P0016,2026-03-06,2,114.0,Organic
O009189,C0551,P0011,2026-03-06,3,93.93,Paid
O009190,C0037,P0011,2026-03-06,3,93.93,Paid
O009191,C0693,P0017,2026-03-06,1,24.68,Organic
O009192,C0036,P0023,2026-03-06,3,275.97,Organic
O009193,C0157,P0023,2026-03-06,2,183.98,Paid
O009194,C0646,P0035,2026-03-06,1,88.25,Email
O009195,C0161,P0013,2026-03-07,3,167.1,Organic
O009196,C0118,P0011,2026-03-07,3,93.93,Referral
O009197,C0630,P0009,2026-03-07,2,118.02,Referral
O009198,C0706,P0022,2026-03-07,3,151.17,Referral
O009199,C0125,P0018,2026-03-07,3,147.57,Email
O009200,C0330,P0032,2026-03-07,1,35.42,Organic
O009201,C0798,P0039,2026-03-07,1,103.58,Paid
O009202,C0372,P0039,2026-03-07,3,310.74,Organic
O009203,C0460,P0039,2026-03-07,1,103.58,Referral
O009204,C0577,P0007,2026-03-07,3,510.93,Organic
O009205,C0158,P0001,2026-03-07,2,454.04,Email
O009206,C0192,P0004,2026-03-07,3,507.69,Organic
O009207,C0611,P0003,2026-03-07,2,394.92,Paid
O009208,C0448,P0026,2026-03-07,1,56.61,Paid
O009209,C0761,P0032,2026-03-07,1,35.42,Organic
O009210,C0644,P0026,2026-03-07,1,56.61,Organic
O009211,C0040,P0034,2026-03-07,3,176.04,Organic
O009212,C0291,P0039,2026-03-07,3,310.74,Email
O009213,C0106,P0005,2026-03-07,3,1037.07,Paid
O009214,C0115,P0003,2026-03-07,2,394.92,Paid
O009215,C0707,P0010,2026-03-07,1,39.8,Organic
O009216,C0449,P0011,2026-03-07,1,31.31,Paid
O009217,C0709,P0009,2026-03-07,2,118.02,Email
O009218,C0553,P0023,2026-03-07,3,275.97,Paid
O009219,C0493,P0022,2026-03-07,3,151.17,Referral
O009220,C0373,P0022,2026-03-07,3,151.17,Referral
O009221,C0601,P0020,2026-03-07,3,238.41,Paid
O009222,C0179,P0020,2026-03-07,1,79.47,Organic
O009223,C0528,P0023,2026-03-07,3,275.97,Organic
O009224,C0744,P0030,2026-03-07,2,69.38,Paid
O009225,C0060,P0029,2026-03-07,2,34.6,Paid
O009226,C0741,P0026,2026-03-07,2,113.22,Paid
O009227,C0412,P0026,2026-03-07,2,113.22,Organic
O009228,C0665,P0040,2026-03-07,1,63.16,Referral
O009229,C0050,P0008,2026-03-07,1,226.53,Organic
O009230,C0013,P0007,2026-03-07,3,510.93,Organic
O009231,C0222,P0005,2026-03-07,1,345.69,Organic
O009232,C0074,P0001,2026-03-07,1,227.02,Paid
O009233,C0183,P0001,2026-03-07,1,227.02,Paid
O009234,C0122,P0007,2026-03-07,3,510.93,Paid
O009235,C0294,P0015,2026-03-07,1,45.92,Email
O009236,C0704,P0013,2026-03-07,3,167.1,Paid
O009237,C0785,P0012,2026-03-07,2,164.04,Paid
O009238,C0652,P0022,2026-03-07,1,50.39,Organic
O009239,C0598,P0021,2026-03-07,1,59.94,Organic
O009240,C0592,P0020,2026-03-07,3,238.41,Paid
O009241,C0469,P0018,2026-03-07,2,98.38,Organic
O009242,C0772,P0020,2026-03-07,1,79.47,Organic
O009243,C0191,P0029,2026-03-07,1,17.3,Referral
O009244,C0435,P0031,2026-03-07,2,76.24,Paid
O009245,C0135,P0034,2026-03-07,3,176.04,Email
O009246,C0236,P0037,2026-03-07,2,83.14,Email
O009247,C0103,P0034,2026-03-07,2,117.36,Organic
O009248,C0787,P0006,2026-03-08,1,65.8,Organic
O009249,C0540,P0010,2026-03-08,1,39.8,Organic
O009250,C0432,P0012,2026-03-08,3,246.06,Paid
O009251,C0468,P0009,2026-03-08,3,177.03,Referral
O009252,C0540,P0020,2026-03-08,1,79.47,Organic
O009253,C0642,P0024,2026-03-08,1,112.14,Organic
O009254,C0689,P0022,2026-03-08,3,151.17,Paid
O009255,C0280,P0018,2026-03-08,2,98.38,Referral
O009256,C0118,P0030,2026-03-08,3,104.07,Paid
O009257,C0297,P0032,2026-03-08,1,35.42,Paid
O009258,C0118,P0029,2026-03-08,3,51.9,Email
O009259,C0268,P0031,2026-03-08,3,114.36,Email
O009260,C0595,P0032,2026-03-08,1,35.42,Organic
O009261,C0019,P0037,2026-03-08,1,41.57,Organic
O009262,C0696,P0033,2026-03-08,1,88.25,Email
O009263,C0740,P0036,2026-03-08,1,72.11,Email
O009264,C0666,P0008,2026-03-08,1,226.53,Paid
O009265,C0096,P0008,2026-03-08,3,679.59,Email
O009266,C0212,P0011,2026-03-08,3,93.93,Email
O009267,C0470,P0009,2026-03-08,1,59.01,Paid
O009268,C0192,P0023,2026-03-08,2,183.98,Organic
O009269,C0726,P0027,2026-03-08,3,80.19,Organic
O009270,C0736,P0026,2026-03-08,3,169.83,Email
O009271,C0298,P0027,2026-03-08,3,80.19,Organic
O009272,C0570,P0029,2026-03-08,1,17.3,Organic
O009273,C0130,P0004,2026-03-08,3,507.69,Organic
O009274,C0381,P0008,2026-03-08,1,226.53,Referral
O009275,C0660,P0002,2026-03-08,3,556.2,Organic
O009276,C0152,P0014,2026-03-08,3,70.26,Organic
O009277,C0100,P0011,2026-03-08,3,93.93,Referral
O009278,C0756,P0011,2026-03-08,1,31.31,Organic
O009279,C0660,P0020,2026-03-08,3,238.41,Paid
O009280,C0477,P0022,2026-03-08,1,50.39,Organic
O009281,C0582,P0017,2026-03-08,2,49.36,Email
O009282,C0719,P0018,2026-03-08,2,98.38,Paid
O009283,C0269,P0030,2026-03-08,2,69.38,Organic
O009284,C0430,P0030,2026-03-08,2,69.38,Paid
O009285,C0171,P0031,2026-03-08,2,76.24,Paid
O009286,C0593,P0033,2026-03-08,3,264.75,Organic
O009287,C0206,P0013,2026-03-08,3,167.1,Organic
O009288,C0723,P0016,2026-03-08,2,114.0,Organic
O009289,C0505,P0019,2026-03-08,3,398.85,Organic
O009290,C0397,P0017,2026-03-08,3,74.04,Organic
O009291,C0510,P0021,2026-03-08,1,59.94,Organic
O009292,C0650,P0032,2026-03-08,2,70.84,Paid
O009293,C0234,P0029,2026-03-08,1,17.3,Organic
O009294,C0054,P0029,2026-03-08,3,51.9,Paid
O009295,C0733,P0029,2026-03-08,1,17.3,Organic
O009296,C0183,P0033,2026-03-08,1,88.25,Referral
O009297,C0499,P0035,2026-03-08,2,176.5,Paid
O009298,C0567,P0040,2026-03-08,1,63.16,Organic
O009299,C0580,P0005,2026-03-09,2,691.38,Referral
O009300,C0125,P0007,2026-03-09,3,510.93,Email
O009301,C0631,P0010,2026-03-09,3,119.4,Organic
O009302,C0456,P0013,2026-03-09,1,55.7,Organic
O009303,C0215,P0010,2026-03-09,1,39.8,Organic
O009304,C0289,P0021,2026-03-09,3,179.82,Organic
O009305,C0346,P0017,2026-03-09,2,49.36,Organic
O009306,C0120,P0023,2026-03-09,2,183.98,Organic
O009307,C0706,P0021,2026-03-09,2,119.88,Organic
O009308,C0446,P0025,2026-03-09,1,38.87,Paid
O009309,C0063,P0028,2026-03-09,1,41.84,Paid
O009310,C0123,P0039,2026-03-09,2,207.16,Organic
O009311,C0617,P0033,2026-03-09,3,264.75,Organic
O009312,C0696,P0039,2026-03-09,3,310.74,Organic
O009313,C0151,P0001,2026-03-09,3,681.06,Organic
O009314,C0614,P0004,2026-03-09,1,169.23,Email
O009315,C0256,P0004,2026-03-09,2,338.46,Paid
O009316,C0088,P0004,2026-03-09,1,169.23,Paid
O009317,C0101,P0003,2026-03-09,2,394.92,Referral
O009318,C0479,P0012,2026-03-09,2,164.04,Organic
O009319,C0644,P0019,2026-03-09,2,265.9,Paid
O009320,C0666,P0021,2026-03-09,1,59.94,Organic
O009321,C0132,P0018,2026-03-09,3,147.57,Paid
O009322,C0391,P0024,2026-03-09,3,336.42,Email
O009323,C0651,P0031,2026-03-09,3,114.36,Paid
O009324,C0043,P0029,2026-03-09,2,34.6,Organic
O009325,C0575,P0031,2026-03-09,2,76.24,Organic
O009326,C0437,P0031,2026-03-09,3,114.36,Referral
O009327,C0566,P0038,2026-03-09,3,54.54,Email
O009328,C0590,P0033,2026-03-09,2,176.5,Paid
O009329,C0243,P0033,2026-03-09,1,88.25,Email
O009330,C0543,P0040,2026-03-09,3,189.48,Paid
O009331,C0276,P0003,2026-03-09,1,197.46,Organic
O009332,C0412,P0003,2026-03-09,1,197.46,Paid
O009333,C0621,P0002,2026-03-09,1,185.4,Organic
O009334,C0677,P0014,2026-03-09,3,70.26,Organic
O009335,C0408,P0010,2026-03-09,3,119.4,Paid
O009336,C0683,P0014,2026-03-09,3,70.26,Email
O009337,C0171,P0013,2026-03-09,3,167.1,Email
O009338,C0665,P0019,2026-03-09,3,398.85,Organic
O009339,C0449,P0021,2026-03-09,3,179.82,Referral
O009340,C0716,P0029,2026-03-09,2,34.6,Organic
O009341,C0020,P0030,2026-03-09,2,69.38,Organic
O009342,C0404,P0025,2026-03-09,2,77.74,Email
O009343,C0747,P0032,2026-03-09,1,35.42,Organic
O009344,C0086,P0033,2026-03-09,1,88.25,Organic
O009345,C0694,P0040,2026-03-09,1,63.16,Organic
O009346,C0747,P0033,2026-03-09,3,264.75,Organic
O009347,C0677,P0033,2026-03-09,2,176.5,Organic
O009348,C0724,P0039,2026-03-09,3,310.74,Organic
O009349,C0661,P0034,2026-03-09,2,117.36,Paid
O009350,C0024,P0013,2026-03-09,2,111.4,Paid
O009351,C0031,P0013,2026-03-09,3,167.1,Organic
O009352,C0064,P0013,2026-03-09,3,167.1,Organic
O009353,C0641,P0010,2026-03-09,1,39.8,Email
O009354,C0550,P0013,2026-03-09,2,111.4,Organic
O009355,C0462,P0019,2026-03-09,1,132.95,Email
O009356,C0352,P0024,2026-03-09,1,112.14,Referral
O009357,C0310,P0017,2026-03-09,2,49.36,Organic
O009358,C0510,P0021,2026-03-09,1,59.94,Referral
O009359,C0585,P0017,2026-03-09,1,24.68,Organic
O009360,C0583,P0021,2026-03-09,2,119.88,Paid
O009361,C0461,P0026,2026-03-09,1,56.61,Email
O009362,C0662,P0035,2026-03-09,1,88.25,Organic
O009363,C0037,P0033,2026-03-09,2,176.5,Email
O009364,C0481,P0034,2026-03-09,3,176.04,Organic
O009365,C0712,P0007,2026-03-10,2,340.62,Paid
O009366,C0444,P0009,2026-03-10,3,177.03,Organic
O009367,C0372,P0016,2026-03-10,2,114.0,Paid
O009368,C0600,P0009,2026-03-10,2,118.02,Paid
O009369,C0680,P0019,2026-03-10,2,265.9,Organic
O009370,C0414,P0023,2026-03-10,1,91.99,Organic
O009371,C0468,P0020,2026-03-10,1,79.47,Email
O009372,C0446,P0031,2026-03-10,2,76.24,Organic
O009373,C0354,P0030,2026-03-10,1,34.69,Email
O009374,C0432,P0026,2026-03-10,1,56.61,Paid
O009375,C0778,P0026,2026-03-10,1,56.61,Paid
O009376,C0580,P0038,2026-03-10,2,36.36,Email
O009377,C0547,P0038,2026-03-10,3,54.54,Email
O009378,C0289,P0036,2026-03-10,1,72.11,Organic
O009379,C0543,P0004,2026-03-10,3,507.69,Paid
O009380,C0308,P0012,2026-03-10,3,246.06,Email
O009381,C0158,P0014,2026-03-10,3,70.26,Referral
O009382,C0316,P0014,2026-03-10,3,70.26,Organic
O009383,C0791,P0014,2026-03-10,1,23.42,Email
O009384,C0256,P0019,2026-03-10,1,132.95,Organic
O009385,C0088,P0031,2026-03-10,1,38.12,Organic
O009386,C0099,P0034,2026-03-10,2,117.36,Organic
O009387,C0577,P0035,2026-03-10,1,88.25,Email
O009388,C0575,P0033,2026-03-10,3,264.75,Paid
O009389,C0783,P0006,2026-03-10,2,131.6,Organic
O009390,C0522,P0006,2026-03-10,1,65.8,Organic
O009391,C0057,P0013,2026-03-10,3,167.1,Paid
O009392,C0669,P0015,2026-03-10,2,91.84,Organic
O009393,C0381,P0014,2026-03-10,1,23.42,Paid
O009394,C0508,P0022,2026-03-10,1,50.39,Organic
O009395,C0589,P0031,2026-03-10,3,114.36,Organic
O009396,C0558,P0027,2026-03-10,2,53.46,Organic
O009397,C0568,P0034,2026-03-10,1,58.68,Organic
O009398,C0176,P0038,2026-03-10,3,54.54,Organic
O009399,C0716,P0038,2026-03-10,3,54.54,Organic
O009400,C0229,P0007,2026-03-10,3,510.93,Paid
O009401,C0156,P0001,2026-03-10,3,681.06,Organic
O009402,C0054,P0009,2026-03-10,1,59.01,Organic
O009403,C0074,P0024,2026-03-10,3,336.42,Organic
O009404,C0459,P0031,2026-03-10,2,76.24,Paid
O009405,C0228,P0026,2026-03-10,2,113.22,Organic
O009406,C0064,P0035,2026-03-10,1,88.25,Organic
O009407,C0135,P0039,2026-03-10,3,310.74,Organic
O009408,C0234,P0037,2026-03-10,1,41.57,Paid
O009409,C0675,P0004,2026-03-11,3,507.69,Paid
O009410,C0076,P0003,2026-03-11,3,592.38,Paid
O009411,C0456,P0004,2026-03-11,1,169.23,Organic
O009412,C0379,P0006,2026-03-11,3,197.4,Paid
O009413,C0795,P0016,2026-03-11,3,171.0,Paid
O009414,C0085,P0012,2026-03-11,1,82.02,Organic
O009415,C0446,P0012,2026-03-11,1,82.02,Paid
O009416,C0796,P0013,2026-03-11,3,167.1,Organic
O009417,C0555,P0021,2026-03-11,3,179.82,Organic
O009418,C0414,P0038,2026-03-11,1,18.18,Organic
O009419,C0334,P0034,2026-03-11,3,176.04,Paid
O009420,C0644,P0008,2026-03-11,2,453.06,Paid
O009421,C0448,P0009,2026-03-11,1,59.01,Paid
O009422,C0311,P0009,2026-03-11,2,118.02,Organic
O009423,C0212,P0024,2026-03-11,3,336.42,Organic
O009424,C0040,P0025,2026-03-11,1,38.87,Email
O009425,C0573,P0034,2026-03-11,2,117.36,Paid
O009426,C0173,P0007,2026-03-11,2,340.62,Organic
O009427,C0247,P0004,2026-03-11,1,169.23,Referral
O009428,C0500,P0001,2026-03-11,3,681.06,Paid
O009429,C0634,P0009,2026-03-11,3,177.03,Paid
O009430,C0783,P0016,2026-03-11,2,114.0,Email
O009431,C0562,P0012,2026-03-11,2,164.04,Organic
O009432,C0060,P0014,2026-03-11,2,46.84,Organic
O009433,C0559,P0017,2026-03-11,2,49.36,Organic
O009434,C0392,P0018,2026-03-11,3,147.57,Organic
O009435,C0207,P0019,2026-03-11,2,265.9,Paid
O009436,C0009,P0030,2026-03-11,1,34.69,Email
O009437,C0010,P0035,2026-03-11,1,88.25,Organic
O009438,C0060,P0038,2026-03-11,1,18.18,Organic
O009439,C0558,P0038,2026-03-11,3,54.54,Organic
O009440,C0196,P0002,2026-03-11,2,370.8,Organic
O009441,C0478,P0002,2026-03-11,2,370.8,Referral
O009442,C0327,P0008,2026-03-11,2,453.06,Organic
O009443,C0645,P0015,2026-03-11,3,137.76,Organic
O009444,C0515,P0010,2026-03-11,2,79.6,Paid
O009445,C0124,P0017,2026-03-11,2,49.36,Referral
O009446,C0358,P0026,2026-03-11,3,169.83,Email
O009447,C0054,P0025,2026-03-11,2,77.74,Referral
O009448,C0089,P0036,2026-03-11,3,216.33,Organic
O009449,C0628,P0039,2026-03-11,3,310.74,Paid
O009450,C0442,P0006,2026-03-12,1,65.8,Organic
O009451,C0617,P0002,2026-03-12,3,556.2,Paid
O009452,C0283,P0005,2026-03-12,3,1037.07,Organic
O009453,C0712,P0017,2026-03-12,3,74.04,Paid
O009454,C0076,P0032,2026-03-12,3,106.26,Paid
O009455,C0142,P0028,2026-03-12,2,83.68,Email
O009456,C0262,P0026,2026-03-12,3,169.83,Email
O009457,C0002,P0030,2026-03-12,3,104.07,Organic
O009458,C0011,P0040,2026-03-12,3,189.48,Organic
O009459,C0092,P0040,2026-03-12,1,63.16,Email
O009460,C0640,P0002,2026-03-12,2,370.8,Organic
O009461,C0226,P0003,2026-03-12,2,394.92,Email
O009462,C0644,P0008,2026-03-12,3,679.59,Organic
O009463,C0720,P0027,2026-03-12,3,80.19,Paid
O009464,C0463,P0025,2026-03-12,2,77.74,Email
O009465,C0326,P0032,2026-03-12,1,35.42,Email
O009466,C0309,P0026,2026-03-12,1,56.61,Referral
O009467,C0099,P0036,2026-03-12,3,216.33,Organic
O009468,C0176,P0003,2026-03-12,2,394.92,Email
O009469,C0276,P0010,2026-03-12,2,79.6,Paid
O009470,C0154,P0010,2026-03-12,3,119.4,Organic
O009471,C0647,P0032,2026-03-12,2,70.84,Paid
O009472,C0635,P0040,2026-03-12,3,189.48,Organic
O009473,C0528,P0039,2026-03-12,1,103.58,Organic
O009474,C0181,P0006,2026-03-12,2,131.6,Paid
O009475,C0164,P0006,2026-03-12,2,131.6,Organic
O009476,C0105,P0010,2026-03-12,2,79.6,Organic
O009477,C0662,P0009,2026-03-12,1,59.01,Paid
O009478,C0064,P0017,2026-03-12,3,74.04,Referral
O009479,C0126,P0019,2026-03-12,2,265.9,Paid
O009480,C0718,P0021,2026-03-12,3,179.82,Paid
O009481,C0358,P0024,2026-03-12,2,224.28,Paid
O009482,C0733,P0021,2026-03-12,1,59.94,Organic
O009483,C0062,P0020,2026-03-12,1,79.47,Paid
O009484,C0285,P0018,2026-03-12,3,147.57,Referral
O009485,C0023,P0029,2026-03-12,1,17.3,Referral
O009486,C0294,P0030,2026-03-12,2,69.38,Referral
O009487,C0705,P0033,2026-03-12,1,88.25,Email
O009488,C0645,P0040,2026-03-12,1,63.16,Organic
O009489,C0061,P0035,2026-03-12,3,264.75,Email
O009490,C0030,P0006,2026-03-13,3,197.4,Email
O009491,C0664,P0005,2026-03-13,1,345.69,Referral
O009492,C0070,P0009,2026-03-13,1,59.01,Referral
O009493,C0444,P0013,2026-03-13,2,111.4,Organic
O009494,C0125,P0023,2026-03-13,1,91.99,Email
O009495,C0603,P0017,2026-03-13,2,49.36,Organic
O009496,C0140,P0018,2026-03-13,1,49.19,Referral
O009497,C0354,P0022,2026-03-13,2,100.78,Paid
O009498,C0263,P0018,2026-03-13,1,49.19,Paid
O009499,C0007,P0026,2026-03-13,1,56.61,Paid
O009500,C0796,P0031,2026-03-13,3,114.36,Paid
O009501,C0348,P0039,2026-03-13,2,207.16,Organic
O009502,C0380,P0001,2026-03-13,2,454.04,Organic
O009503,C0487,P0016,2026-03-13,1,57.0,Organic
O009504,C0728,P0014,2026-03-13,1,23.42,Organic
O009505,C0087,P0009,2026-03-13,1,59.01,Paid
O009506,C0246,P0023,2026-03-13,2,183.98,Organic
O009507,C0780,P0019,2026-03-13,1,132.95,Organic
O009508,C0242,P0017,2026-03-13,1,24.68,Referral
O009509,C0659,P0020,2026-03-13,2,158.94,Email
O009510,C0728,P0021,2026-03-13,2,119.88,Paid
O009511,C0526,P0030,2026-03-13,3,104.07,Email
O009512,C0355,P0026,2026-03-13,2,113.22,Organic
O009513,C0644,P0032,2026-03-13,3,106.26,Organic
O009514,C0586,P0026,2026-03-13,2,113.22,Paid
O009515,C0491,P0029,2026-03-13,1,17.3,Paid
O009516,C0006,P0037,2026-03-13,2,83.14,Paid
O009517,C0009,P0003,2026-03-13,3,592.38,Paid
O009518,C0134,P0005,2026-03-13,2,691.38,Referral
O009519,C0494,P0009,2026-03-13,3,177.03,Organic
O009520,C0593,P0010,2026-03-13,1,39.8,Paid
O009521,C0239,P0022,2026-03-13,3,151.17,Email
O009522,C0392,P0021,2026-03-13,1,59.94,Paid
O009523,C0635,P0023,2026-03-13,2,183.98,Paid
O009524,C0496,P0019,2026-03-13,1,132.95,Referral
O009525,C0616,P0023,2026-03-13,1,91.99,Organic
O009526,C0458,P0027,2026-03-13,2,53.46,Organic
O009527,C0562,P0025,2026-03-13,1,38.87,Organic
O009528,C0634,P0028,2026-03-13,1,41.84,Organic
O009529,C0020,P0025,2026-03-13,3,116.61,Paid
O009530,C0324,P0038,2026-03-13,3,54.54,Referral
O009531,C0179,P0033,2026-03-13,1,88.25,Paid
O009532,C0598,P0006,2026-03-13,3,197.4,Organic
O009533,C0368,P0016,2026-03-13,2,114.0,Email
O009534,C0222,P0012,2026-03-13,3,246.06,Paid
O009535,C0037,P0016,2026-03-13,1,57.0,Organic
O009536,C0214,P0017,2026-03-13,2,49.36,Organic
O009537,C0650,P0018,2026-03-13,3,147.57,Organic
O009538,C0322,P0017,2026-03-13,3,74.04,Referral
O009539,C0251,P0026,2026-03-13,1,56.61,Email
O009540,C0359,P0003,2026-03-14,1,197.46,Paid
O009541,C0280,P0008,2026-03-14,2,453.06,Referral
O009542,C0118,P0006,2026-03-14,1,65.8,Organic
O009543,C0128,P0006,2026-03-14,3,197.4,Organic
O009544,C0657,P0005,2026-03-14,3,1037.07,Paid
O009545,C0678,P0015,2026-03-14,1,45.92,Paid
O009546,C0319,P0015,2026-03-14,1,45.92,Organic
O009547,C0795,P0013,2026-03-14,3,167.1,Paid
O009548,C0602,P0021,2026-03-14,3,179.82,Paid
O009549,C0414,P0017,2026-03-14,3,74.04,Email
O009550,C0787,P0017,2026-03-14,1,24.68,Paid
O009551,C0446,P0017,2026-03-14,1,24.68,Organic
O009552,C0140,P0024,2026-03-14,1,112.14,Paid
O009553,C0680,P0021,2026-03-14,2,119.88,Organic
O009554,C0375,P0021,2026-03-14,3,179.82,Paid
O009555,C0346,P0026,2026-03-14,3,169.83,Paid
O009556,C0167,P0031,2026-03-14,2,76.24,Referral
O009557,C0142,P0027,2026-03-14,1,26.73,Paid
O009558,C0270,P0027,2026-03-14,1,26.73,Referral
O009559,C0740,P0028,2026-03-14,1,41.84,Email
O009560,C0330,P0038,2026-03-14,2,36.36,Paid
O009561,C0448,P0003,2026-03-14,1,197.46,Organic
O009562,C0502,P0003,2026-03-14,1,197.46,Organic
O009563,C0121,P0002,2026-03-14,2,370.8,Organic
O009564,C0287,P0013,2026-03-14,2,111.4,Organic
O009565,C0415,P0016,2026-03-14,1,57.0,Email
O009566,C0487,P0021,2026-03-14,1,59.94,Organic
O009567,C0200,P0018,2026-03-14,2,98.38,Paid
O009568,C0091,P0017,2026-03-14,1,24.68,Organic
O009569,C0380,P0032,2026-03-14,3,106.26,Paid
O009570,C0781,P0029,2026-03-14,2,34.6,Organic
O009571,C0129,P0025,2026-03-14,3,116.61,Organic
O009572,C0575,P0040,2026-03-14,1,63.16,Referral
O009573,C0220,P0036,2026-03-14,1,72.11,Organic
O009574,C0309,P0033,2026-03-14,2,176.5,Organic
O009575,C0377,P0036,2026-03-14,3,216.33,Organic
O009576,C0383,P0037,2026-03-14,2,83.14,Organic
O009577,C0611,P0034,2026-03-14,1,58.68,Paid
O009578,C0312,P0038,2026-03-14,3,54.54,Organic
O009579,C0767,P0038,2026-03-14,2,36.36,Paid
O009580,C0647,P0002,2026-03-14,2,370.8,Organic
O009581,C0754,P0006,2026-03-14,2,131.6,Paid
O009582,C0493,P0002,2026-03-14,1,185.4,Organic
O009583,C0276,P0011,2026-03-14,1,31.31,Referral
O009584,C0339,P0016,2026-03-14,1,57.0,Email
O009585,C0443,P0020,2026-03-14,3,238.41,Organic
O009586,C0735,P0018,2026-03-14,1,49.19,Paid
O009587,C0393,P0021,2026-03-14,1,59.94,Email
O009588,C0038,P0024,2026-03-14,2,224.28,Paid
O009589,C0766,P0023,2026-03-14,3,275.97,Referral
O009590,C0568,P0020,2026-03-14,1,79.47,Organic
O009591,C0766,P0019,2026-03-14,3,398.85,Organic
O009592,C0450,P0036,2026-03-14,1,72.11,Organic
O009593,C0392,P0034,2026-03-14,3,176.04,Email
O009594,C0527,P0039,2026-03-14,2,207.16,Organic
O009595,C0032,P0036,2026-03-14,1,72.11,Organic
O009596,C0144,P0038,2026-03-14,3,54.54,Email
O009597,C0288,P0033,2026-03-14,1,88.25,Paid
O009598,C0646,P0007,2026-03-14,3,510.93,Organic
O009599,C0436,P0002,2026-03-14,2,370.8,Organic
O009600,C0037,P0008,2026-03-14,2,453.06,Referral
O009601,C0480,P0013,2026-03-14,2,111.4,Referral
O009602,C0369,P0012,2026-03-14,3,246.06,Email
O009603,C0186,P0012,2026-03-14,1,82.02,Paid
O009604,C0428,P0011,2026-03-14,2,62.62,Organic
O009605,C0136,P0016,2026-03-14,3,171.0,Organic
O009606,C0157,P0014,2026-03-14,2,46.84,Paid
O009607,C0486,P0022,2026-03-14,2,100.78,Paid
O009608,C0136,P0021,2026-03-14,1,59.94,Organic
O009609,C0618,P0023,2026-03-14,3,275.97,Organic
O009610,C0681,P0031,2026-03-14,2,76.24,Organic
O009611,C0031,P0028,2026-03-14,3,125.52,Organic
O009612,C0347,P0028,2026-03-14,2,83.68,Organic
O009613,C0327,P0032,2026-03-14,1,35.42,Organic
O009614,C0164,P0040,2026-03-14,3,189.48,Paid
O009615,C0706,P0005,2026-03-15,3,1037.07,Organic
O009616,C0118,P0007,2026-03-15,2,340.62,Email
O009617,C0019,P0015,2026-03-15,2,91.84,Organic
O009618,C0332,P0009,2026-03-15,2,118.02,Organic
O009619,C0456,P0017,2026-03-15,2,49.36,Referral
O009620,C0019,P0024,2026-03-15,2,224.28,Email
O009621,C0283,P0021,2026-03-15,2,119.88,Paid
O009622,C0474,P0019,2026-03-15,1,132.95,Organic
O009623,C0386,P0024,2026-03-15,2,224.28,Organic
O009624,C0178,P0029,2026-03-15,2,34.6,Organic
O009625,C0664,P0040,2026-03-15,3,189.48,Paid
O009626,C0193,P0038,2026-03-15,2,36.36,Organic
O009627,C0599,P0007,2026-03-15,3,510.93,Paid
O009628,C0292,P0010,2026-03-15,1,39.8,Organic
O009629,C0150,P0013,2026-03-15,1,55.7,Paid
O009630,C0566,P0015,2026-03-15,3,137.76,Email
O009631,C0737,P0011,2026-03-15,1,31.31,Organic
O009632,C0099,P0019,2026-03-15,1,132.95,Email
O009633,C0342,P0024,2026-03-15,1,112.14,Email
O009634,C0119,P0019,2026-03-15,3,398.85,Paid
O009635,C0143,P0027,2026-03-15,3,80.19,Paid
O009636,C0295,P0039,2026-03-15,2,207.16,Organic
O009637,C0298,P0038,2026-03-15,2,36.36,Paid
O009638,C0100,P0007,2026-03-15,1,170.31,Paid
O009639,C0670,P0003,2026-03-15,2,394.92,Paid
O009640,C0254,P0007,2026-03-15,2,340.62,Organic
O009641,C0217,P0005,2026-03-15,2,691.38,Paid
O009642,C0373,P0006,2026-03-15,2,131.6,Organic
O009643,C0528,P0007,2026-03-15,2,340.62,Referral
O009644,C0445,P0009,2026-03-15,3,177.03,Organic
O009645,C0797,P0009,2026-03-15,2,118.02,Paid
O009646,C0528,P0013,2026-03-15,1,55.7,Paid
O009647,C0184,P0018,2026-03-15,3,147.57,Paid
O009648,C0670,P0020,2026-03-15,3,238.41,Email
O009649,C0719,P0024,2026-03-15,2,224.28,Organic
O009650,C0100,P0024,2026-03-15,1,112.14,Paid
O009651,C0247,P0026,2026-03-15,1,56.61,Referral
O009652,C0683,P0028,2026-03-15,1,41.84,Organic
O009653,C0252,P0030,2026-03-15,3,104.07,Organic
O009654,C0059,P0026,2026-03-15,2,113.22,Paid
O009655,C0187,P0038,2026-03-15,2,36.36,Organic
O009656,C0702,P0035,2026-03-15,2,176.5,Organic
O009657,C0693,P0002,2026-03-15,1,185.4,Referral
O009658,C0054,P0011,2026-03-15,3,93.93,Paid
O009659,C0514,P0010,2026-03-15,2,79.6,Organic
O009660,C0210,P0011,2026-03-15,2,62.62,Organic
O009661,C0645,P0012,2026-03-15,3,246.06,Organic
O009662,C0278,P0019,2026-03-15,3,398.85,Email
O009663,C0104,P0018,2026-03-15,2,98.38,Paid
O009664,C0428,P0018,2026-03-15,1,49.19,Email
O009665,C0136,P0021,2026-03-15,1,59.94,Organic
O009666,C0366,P0017,2026-03-15,3,74.04,Organic
O009667,C0058,P0029,2026-03-15,2,34.6,Organic
O009668,C0074,P0032,2026-03-15,2,70.84,Organic
O009669,C0554,P0031,2026-03-15,2,76.24,Paid
O009670,C0517,P0025,2026-03-15,3,116.61,Organic
O009671,C0358,P0029,2026-03-15,3,51.9,Email
O009672,C0542,P0039,2026-03-15,1,103.58,Organic
O009673,C0211,P0036,2026-03-15,1,72.11,Email
O009674,C0585,P0035,2026-03-15,2,176.5,Email
O009675,C0551,P0037,2026-03-15,3,124.71,Referral
O009676,C0440,P0003,2026-03-16,2,394.92,Paid
O009677,C0076,P0006,2026-03-16,3,197.4,Organic
O009678,C0348,P0001,2026-03-16,1,227.02,Organic
O009679,C0689,P0009,2026-03-16,1,59.01,Email
O009680,C0341,P0015,2026-03-16,1,45.92,Organic
O009681,C0512,P0020,2026-03-16,1,79.47,Organic
O009682,C0406,P0032,2026-03-16,2,70.84,Email
O009683,C0597,P0032,2026-03-16,3,106.26,Email
O009684,C0334,P0033,2026-03-16,1,88.25,Organic
O009685,C0096,P0005,2026-03-16,2,691.38,Organic
O009686,C0608,P0004,2026-03-16,2,338.46,Email
O009687,C0249,P0012,2026-03-16,2,164.04,Paid
O009688,C0342,P0014,2026-03-16,1,23.42,Email
O009689,C0287,P0015,2026-03-16,1,45.92,Organic
O009690,C0644,P0024,2026-03-16,3,336.42,Paid
O009691,C0220,P0029,2026-03-16,3,51.9,Organic
O009692,C0100,P0008,2026-03-16,2,453.06,Organic
O009693,C0393,P0008,2026-03-16,3,679.59,Paid
O009694,C0500,P0007,2026-03-16,1,170.31,Email
O009695,C0176,P0011,2026-03-16,2,62.62,Organic
O009696,C0288,P0011,2026-03-16,3,93.93,Paid
O009697,C0084,P0010,2026-03-16,1,39.8,Paid
O009698,C0710,P0024,2026-03-16,2,224.28,Paid
O009699,C0747,P0024,2026-03-16,3,336.42,Organic
O009700,C0393,P0030,2026-03-16,2,69.38,Organic
O009701,C0108,P0027,2026-03-16,2,53.46,Organic
O009702,C0431,P0034,2026-03-16,1,58.68,Referral
O009703,C0324,P0038,2026-03-16,1,18.18,Email
O009704,C0065,P0008,2026-03-16,3,679.59,Organic
O009705,C0183,P0013,2026-03-16,3,167.1,Referral
O009706,C0467,P0014,2026-03-16,3,70.26,Organic
O009707,C0718,P0024,2026-03-16,2,224.28,Referral
O009708,C0237,P0019,2026-03-16,2,265.9,Organic
O009709,C0519,P0018,2026-03-16,1,49.19,Email
O009710,C0273,P0031,2026-03-16,2,76.24,Organic
O009711,C0645,P0035,2026-03-16,1,88.25,Email
O009712,C0034,P0009,2026-03-17,2,118.02,Organic
O009713,C0142,P0021,2026-03-17,3,179.82,Paid
O009714,C0498,P0029,2026-03-17,2,34.6,Email
O009715,C0536,P0028,2026-03-17,1,41.84,Paid
O009716,C0769,P0040,2026-03-17,3,189.48,Paid
O009717,C0706,P0034,2026-03-17,1,58.68,Paid
O009718,C0708,P0034,2026-03-17,1,58.68,Paid
O009719,C0759,P0003,2026-03-17,2,394.92,Paid
O009720,C0659,P0004,2026-03-17,2,338.46,Organic
O009721,C0309,P0003,2026-03-17,1,197.46,Organic
O009722,C0180,P0003,2026-03-17,2,394.92,Paid
O009723,C0292,P0014,2026-03-17,3,70.26,Paid
O009724,C0659,P0009,2026-03-17,1,59.01,Organic
O009725,C0768,P0016,2026-03-17,1,57.0,Referral
O009726,C0243,P0016,2026-03-17,2,114.0,Organic
O009727,C0326,P0022,2026-03-17,2,100.78,Organic
O009728,C0226,P0019,2026-03-17,1,132.95,Organic
O009729,C0277,P0028,2026-03-17,3,125.52,Organic
O009730,C0722,P0038,2026-03-17,2,36.36,Paid
O009731,C0609,P0038,2026-03-17,1,18.18,Organic
O009732,C0590,P0034,2026-03-17,2,117.36,Email
O009733,C0026,P0039,2026-03-17,3,310.74,Organic
O009734,C0017,P0004,2026-03-17,1,169.23,Paid
O009735,C0589,P0006,2026-03-17,2,131.6,Email
O009736,C0677,P0002,2026-03-17,3,556.2,Email
O009737,C0381,P0007,2026-03-17,3,510.93,Organic
O009738,C0729,P0016,2026-03-17,1,57.0,Organic
O009739,C0184,P0037,2026-03-17,2,83.14,Organic
O009740,C0392,P0036,2026-03-17,3,216.33,Paid
O009741,C0222,P0007,2026-03-17,1,170.31,Email
O009742,C0486,P0008,2026-03-17,3,679.59,Email
O009743,C0462,P0008,2026-03-17,3,679.59,Paid
O009744,C0469,P0004,2026-03-17,3,507.69,Email
O009745,C0105,P0012,2026-03-17,1,82.02,Paid
O009746,C0278,P0009,2026-03-17,2,118.02,Email
O009747,C0459,P0015,2026-03-17,1,45.92,Organic
O009748,C0517,P0012,2026-03-17,2,164.04,Organic
O009749,C0472,P0017,2026-03-17,3,74.04,Email
O009750,C0064,P0017,2026-03-17,3,74.04,Paid
O009751,C0387,P0028,2026-03-17,3,125.52,Organic
O009752,C0628,P0035,2026-03-17,3,264.75,Email
O009753,C0062,P0034,2026-03-17,2,117.36,Organic
O009754,C0058,P0034,2026-03-17,1,58.68,Paid
O009755,C0034,P0006,2026-03-18,3,197.4,Paid
O009756,C0165,P0002,2026-03-18,2,370.8,Email
O009757,C0078,P0007,2026-03-18,3,510.93,Paid
O009758,C0588,P0002,2026-03-18,2,370.8,Organic
O009759,C0263,P0001,2026-03-18,1,227.02,Paid
O009760,C0617,P0006,2026-03-18,1,65.8,Email
O009761,C0691,P0004,2026-03-18,2,338.46,Organic
O009762,C0335,P0013,2026-03-18,2,111.4,Paid
O009763,C0471,P0023,2026-03-18,3,275.97,Email
O009764,C0076,P0030,2026-03-18,1,34.69,Paid
O009765,C0289,P0026,2026-03-18,3,169.83,Paid
O009766,C0696,P0030,2026-03-18,2,69.38,Paid
O009767,C0376,P0028,2026-03-18,2,83.68,Organic
O009768,C0209,P0025,2026-03-18,3,116.61,Organic
O009769,C0507,P0027,2026-03-18,3,80.19,Organic
O009770,C0190,P0029,2026-03-18,2,34.6,Organic
O009771,C0691,P0035,2026-03-18,3,264.75,Paid
O009772,C0045,P0036,2026-03-18,3,216.33,Paid
O009773,C0356,P0035,2026-03-18,1,88.25,Email
O009774,C0299,P0002,2026-03-18,3,556.2,Organic
O009775,C0202,P0024,2026-03-18,1,112.14,Referral
O009776,C0212,P0022,2026-03-18,2,100.78,Paid
O009777,C0068,P0030,2026-03-18,1,34.69,Paid
O009778,C0640,P0028,2026-03-18,2,83.68,Organic
O009779,C0326,P0031,2026-03-18,2,76.24,Organic
O009780,C0566,P0030,2026-03-18,2,69.38,Organic
O009781,C0492,P0032,2026-03-18,1,35.42,Paid
O009782,C0720,P0028,2026-03-18,1,41.84,Organic
O009783,C0243,P0033,2026-03-18,1,88.25,Organic
O009784,C0753,P0033,2026-03-18,2,176.5,Paid
O009785,C0017,P0007,2026-03-18,3,510.93,Paid
O009786,C0199,P0002,2026-03-18,1,185.4,Referral
O009787,C0259,P0008,2026-03-18,2,453.06,Paid
O009788,C0184,P0003,2026-03-18,2,394.92,Paid
O009789,C0453,P0015,2026-03-18,1,45.92,Paid
O009790,C0021,P0020,2026-03-18,3,238.41,Paid
O009791,C0001,P0017,2026-03-18,2,49.36,Referral
O009792,C0496,P0030,2026-03-18,1,34.69,Paid
O009793,C0130,P0027,2026-03-18,1,26.73,Paid
O009794,C0012,P0030,2026-03-18,3,104.07,Referral
O009795,C0713,P0032,2026-03-18,3,106.26,Organic
O009796,C0527,P0030,2026-03-18,3,104.07,Referral
O009797,C0783,P0039,2026-03-18,2,207.16,Referral
O009798,C0701,P0035,2026-03-18,3,264.75,Email
O009799,C0770,P0001,2026-03-18,3,681.06,Referral
O009800,C0064,P0005,2026-03-18,3,1037.07,Paid
O009801,C0662,P0007,2026-03-18,1,170.31,Organic
O009802,C0550,P0005,2026-03-18,3,1037.07,Email
O009803,C0366,P0018,2026-03-18,2,98.38,Email
O009804,C0525,P0032,2026-03-18,3,106.26,Paid
O009805,C0511,P0035,2026-03-18,2,176.5,Paid
O009806,C0641,P0035,2026-03-18,3,264.75,Organic
O009807,C0278,P0034,2026-03-18,2,117.36,Email
O009808,C0142,P0001,2026-03-19,1,227.02,Organic
O009809,C0507,P0012,2026-03-19,1,82.02,Email
O009810,C0241,P0011,2026-03-19,1,31.31,Paid
O009811,C0364,P0011,2026-03-19,1,31.31,Organic
O009812,C0007,P0020,2026-03-19,3,238.41,Organic
O009813,C0622,P0019,2026-03-19,3,398.85,Email
O009814,C0403,P0024,2026-03-19,2,224.28,Paid
O009815,C0474,P0032,2026-03-19,2,70.84,Organic
O009816,C0268,P0027,2026-03-19,1,26.73,Organic
O009817,C0622,P0038,2026-03-19,1,18.18,Referral
O009818,C0410,P0004,2026-03-19,3,507.69,Organic
O009819,C0295,P0010,2026-03-19,2,79.6,Organic
O009820,C0490,P0010,2026-03-19,3,119.4,Paid
O009821,C0232,P0027,2026-03-19,2,53.46,Organic
O009822,C0218,P0028,2026-03-19,1,41.84,Referral
O009823,C0287,P0031,2026-03-19,3,114.36,Paid
O009824,C0277,P0028,2026-03-19,1,41.84,Email
O009825,C0437,P0032,2026-03-19,2,70.84,Paid
O009826,C0202,P0040,2026-03-19,3,189.48,Organic
O009827,C0333,P0036,2026-03-19,3,216.33,Email
O009828,C0385,P0002,2026-03-19,3,556.2,Email
O009829,C0130,P0007,2026-03-19,1,170.31,Organic
O009830,C0239,P0004,2026-03-19,3,507.69,Paid
O009831,C0247,P0006,2026-03-19,3,197.4,Paid
O009832,C0385,P0016,2026-03-19,2,114.0,Email
O009833,C0647,P0011,2026-03-19,3,93.93,Email
O009834,C0601,P0009,2026-03-19,1,59.01,Organic
O009835,C0528,P0012,2026-03-19,3,246.06,Organic
O009836,C0538,P0016,2026-03-19,2,114.0,Paid
O009837,C0137,P0021,2026-03-19,1,59.94,Referral
O009838,C0692,P0003,2026-03-19,2,394.92,Paid
O009839,C0626,P0013,2026-03-19,3,167.1,Referral
O009840,C0652,P0021,2026-03-19,3,179.82,Organic
O009841,C0062,P0019,2026-03-19,1,132.95,Paid
O009842,C0157,P0024,2026-03-19,1,112.14,Organic
O009843,C0236,P0024,2026-03-19,3,336.42,Referral
O009844,C0047,P0030,2026-03-19,1,34.69,Organic
O009845,C0024,P0032,2026-03-19,1,35.42,Email
O009846,C0675,P0007,2026-03-20,2,340.62,Paid
O009847,C0376,P0008,2026-03-20,2,453.06,Email
O009848,C0280,P0014,2026-03-20,1,23.42,Organic
O009849,C0165,P0011,2026-03-20,2,62.62,Organic
O009850,C0654,P0019,2026-03-20,3,398.85,Organic
O009851,C0691,P0023,2026-03-20,1,91.99,Organic
O009852,C0007,P0021,2026-03-20,3,179.82,Paid
O009853,C0328,P0024,2026-03-20,2,224.28,Organic
O009854,C0547,P0030,2026-03-20,3,104.07,Organic
O009855,C0030,P0025,2026-03-20,3,116.61,Referral
O009856,C0330,P0031,2026-03-20,1,38.12,Email
O009857,C0193,P0036,2026-03-20,1,72.11,Organic
O009858,C0081,P0033,2026-03-20,2,176.5,Email
O009859,C0208,P0039,2026-03-20,3,310.74,Organic
O009860,C0463,P0003,2026-03-20,1,197.46,Paid
O009861,C0198,P0004,2026-03-20,2,338.46,Paid
O009862,C0768,P0009,2026-03-20,2,118.02,Organic
O009863,C0520,P0013,2026-03-20,3,167.1,Organic
O009864,C0490,P0009,2026-03-20,1,59.01,Organic
O009865,C0311,P0019,2026-03-20,2,265.9,Email
O009866,C0571,P0021,2026-03-20,3,179.82,Organic
O009867,C0361,P0028,2026-03-20,3,125.52,Organic
O009868,C0226,P0030,2026-03-20,1,34.69,Organic
O009869,C0380,P0031,2026-03-20,1,38.12,Organic
O009870,C0242,P0025,2026-03-20,1,38.87,Paid
O009871,C0470,P0027,2026-03-20,1,26.73,Paid
O009872,C0102,P0029,2026-03-20,2,34.6,Organic
O009873,C0080,P0032,2026-03-20,2,70.84,Referral
O009874,C0096,P0034,2026-03-20,1,58.68,Referral
O009875,C0648,P0004,2026-03-20,2,338.46,Organic
O009876,C0127,P0003,2026-03-20,2,394.92,Paid
O009877,C0247,P0006,2026-03-20,2,131.6,Email
O009878,C0038,P0009,2026-03-20,1,59.01,Paid
O009879,C0373,P0020,2026-03-20,1,79.47,Organic
O009880,C0716,P0021,2026-03-20,1,59.94,Referral
O009881,C0184,P0017,2026-03-20,3,74.04,Paid
O009882,C0146,P0018,2026-03-20,1,49.19,Organic
O009883,C0288,P0021,2026-03-20,1,59.94,Organic
O009884,C0060,P0032,2026-03-20,1,35.42,Organic
O009885,C0527,P0029,2026-03-20,1,17.3,Paid
O009886,C0269,P0033,2026-03-20,1,88.25,Paid
O009887,C0663,P0039,2026-03-20,3,310.74,Paid
O009888,C0563,P0035,2026-03-20,3,264.75,Organic
O009889,C0458,P0037,2026-03-20,3,124.71,Referral
O009890,C0352,P0008,2026-03-20,2,453.06,Organic
O009891,C0290,P0010,2026-03-20,2,79.6,Referral
O009892,C0480,P0020,2026-03-20,2,158.94,Organic
O009893,C0149,P0023,2026-03-20,1,91.99,Organic
O009894,C0104,P0023,2026-03-20,2,183.98,Paid
O009895,C0065,P0028,2026-03-20,1,41.84,Paid
O009896,C0314,P0033,2026-03-20,1,88.25,Organic
O009897,C0478,P0039,2026-03-20,3,310.74,Email
O009898,C0160,P0040,2026-03-20,1,63.16,Paid
O009899,C0280,P0001,2026-03-21,3,681.06,Referral
O009900,C0055,P0015,2026-03-21,2,91.84,Email
O009901,C0603,P0012,2026-03-21,2,164.04,Paid
O009902,C0193,P0011,2026-03-21,1,31.31,Paid
O009903,C0689,P0010,2026-03-21,2,79.6,Paid
O009904,C0120,P0015,2026-03-21,1,45.92,Email
O009905,C0178,P0017,2026-03-21,2,49.36,Organic
O009906,C0547,P0022,2026-03-21,1,50.39,Organic
O009907,C0354,P0018,2026-03-21,1,49.19,Organic
O009908,C0444,P0020,2026-03-21,1,79.47,Organic
O009909,C0432,P0020,2026-03-21,1,79.47,Paid
O009910,C0778,P0031,2026-03-21,1,38.12,Email
O009911,C0498,P0029,2026-03-21,2,34.6,Paid
O009912,C0576,P0029,2026-03-21,2,34.6,Organic
O009913,C0536,P0028,2026-03-21,3,125.52,Paid
O009914,C0468,P0033,2026-03-21,1,88.25,Paid
O009915,C0167,P0034,2026-03-21,1,58.68,Email
O009916,C0749,P0035,2026-03-21,3,264.75,Referral
O009917,C0299,P0001,2026-03-21,2,454.04,Paid
O009918,C0220,P0012,2026-03-21,3,246.06,Paid
O009919,C0577,P0015,2026-03-21,1,45.92,Paid
O009920,C0119,P0024,2026-03-21,1,112.14,Organic
O009921,C0411,P0021,2026-03-21,2,119.88,Referral
O009922,C0043,P0022,2026-03-21,1,50.39,Referral
O009923,C0256,P0024,2026-03-21,3,336.42,Paid
O009924,C0340,P0029,2026-03-21,2,34.6,Paid
O009925,C0043,P0025,2026-03-21,3,116.61,Referral
O009926,C0768,P0039,2026-03-21,1,103.58,Paid
O009927,C0370,P0040,2026-03-21,3,189.48,Organic
O009928,C0370,P0034,2026-03-21,2,117.36,Organic
O009929,C0239,P0002,2026-03-21,3,556.2,Paid
O009930,C0144,P0005,2026-03-21,2,691.38,Referral
O009931,C0443,P0002,2026-03-21,3,556.2,Organic
O009932,C0409,P0008,2026-03-21,2,453.06,Organic
O009933,C0357,P0008,2026-03-21,1,226.53,Paid
O009934,C0558,P0004,2026-03-21,3,507.69,Paid
O009935,C0084,P0016,2026-03-21,3,171.0,Organic
O009936,C0452,P0022,2026-03-21,3,151.17,Organic
O009937,C0339,P0020,2026-03-21,1,79.47,Organic
O009938,C0458,P0017,2026-03-21,2,49.36,Organic
O009939,C0404,P0026,2026-03-21,2,113.22,Email
O009940,C0621,P0027,2026-03-21,2,53.46,Organic
O009941,C0127,P0029,2026-03-21,3,51.9,Referral
O009942,C0496,P0040,2026-03-21,3,189.48,Email
O009943,C0558,P0038,2026-03-21,1,18.18,Organic
O009944,C0325,P0036,2026-03-21,2,144.22,Organic
O009945,C0554,P0003,2026-03-21,1,197.46,Email
O009946,C0229,P0001,2026-03-21,3,681.06,Organic
O009947,C0022,P0014,2026-03-21,1,23.42,Paid
O009948,C0402,P0009,2026-03-21,2,118.02,Email
O009949,C0519,P0009,2026-03-21,3,177.03,Email
O009950,C0541,P0015,2026-03-21,1,45.92,Email
O009951,C0751,P0020,2026-03-21,3,238.41,Referral
O009952,C0387,P0019,2026-03-21,3,398.85,Paid
O009953,C0164,P0032,2026-03-21,1,35.42,Email
O009954,C0090,P0034,2026-03-21,2,117.36,Organic
O009955,C0598,P0037,2026-03-21,3,124.71,Organic
O009956,C0515,P0036,2026-03-21,3,216.33,Paid
O009957,C0396,P0002,2026-03-22,3,556.2,Organic
O009958,C0610,P0008,2026-03-22,3,679.59,Email
O009959,C0471,P0011,2026-03-22,2,62.62,Organic
O009960,C0201,P0016,2026-03-22,3,171.0,Organic
O009961,C0297,P0018,2026-03-22,3,147.57,Organic
O009962,C0475,P0025,2026-03-22,3,116.61,Paid
O009963,C0063,P0026,2026-03-22,3,169.83,Email
O009964,C0262,P0026,2026-03-22,2,113.22,Organic
O009965,C0405,P0029,2026-03-22,3,51.9,Organic
O009966,C0055,P0032,2026-03-22,1,35.42,Paid
O009967,C0654,P0038,2026-03-22,3,54.54,Email
O009968,C0248,P0040,2026-03-22,2,126.32,Paid
O009969,C0004,P0038,2026-03-22,3,54.54,Paid
O009970,C0730,P0004,2026-03-22,1,169.23,Organic
O009971,C0484,P0007,2026-03-22,2,340.62,Organic
O009972,C0492,P0010,2026-03-22,3,119.4,Email
O009973,C0295,P0016,2026-03-22,2,114.0,Referral
O009974,C0399,P0020,2026-03-22,1,79.47,Email
O009975,C0632,P0030,2026-03-22,2,69.38,Organic
O009976,C0316,P0025,2026-03-22,2,77.74,Organic
O009977,C0760,P0026,2026-03-22,3,169.83,Paid
O009978,C0629,P0035,2026-03-22,1,88.25,Email
O009979,C0198,P0035,2026-03-22,3,264.75,Paid
O009980,C0018,P0037,2026-03-22,2,83.14,Organic
O009981,C0077,P0005,2026-03-22,2,691.38,Organic
O009982,C0635,P0007,2026-03-22,1,170.31,Organic
O009983,C0558,P0008,2026-03-22,1,226.53,Paid
O009984,C0661,P0007,2026-03-22,2,340.62,Referral
O009985,C0111,P0006,2026-03-22,2,131.6,Organic
O009986,C0434,P0011,2026-03-22,2,62.62,Paid
O009987,C0199,P0013,2026-03-22,1,55.7,Organic
O009988,C0240,P0023,2026-03-22,2,183.98,Email
O009989,C0015,P0022,2026-03-22,3,151.17,Organic
O009990,C0589,P0021,2026-03-22,2,119.88,Paid
O009991,C0670,P0026,2026-03-22,2,113.22,Paid
O009992,C0783,P0030,2026-03-22,1,34.69,Paid
O009993,C0144,P0027,2026-03-22,2,53.46,Referral
O009994,C0565,P0027,2026-03-22,1,26.73,Referral
O009995,C0458,P0037,2026-03-22,1,41.57,Organic
O009996,C0724,P0036,2026-03-22,3,216.33,Organic
O009997,C0431,P0037,2026-03-22,1,41.57,Organic
O009998,C0766,P0034,2026-03-22,3,176.04,Organic
O009999,C0138,P0038,2026-03-22,1,18.18,Paid
O010000,C0015,P0040,2026-03-22,3,189.48,Organic
O010001,C0551,P0006,2026-03-22,2,131.6,Organic
O010002,C0314,P0004,2026-03-22,3,507.69,Paid
O010003,C0587,P0004,2026-03-22,1,169.23,Organic
O010004,C0074,P0005,2026-03-22,3,1037.07,Paid
O010005,C0061,P0013,2026-03-22,3,167.1,Organic
O010006,C0058,P0015,2026-03-22,3,137.76,Email
O010007,C0519,P0013,2026-03-22,3,167.1,Referral
O010008,C0394,P0012,2026-03-22,3,246.06,Email
O010009,C0667,P0029,2026-03-22,3,51.9,Email
O010010,C0223,P0027,2026-03-22,2,53.46,Organic
O010011,C0228,P0037,2026-03-22,1,41.57,Paid
O010012,C0064,P0040,2026-03-22,3,189.48,Referral
O010013,C0515,P0039,2026-03-22,2,207.16,Email
O010014,C0774,P0003,2026-03-23,2,394.92,Paid
O010015,C0384,P0005,2026-03-23,2,691.38,Paid
O010016,C0390,P0003,2026-03-23,3,592.38,Referral
O010017,C0120,P0002,2026-03-23,3,556.2,Paid
O010018,C0697,P0007,2026-03-23,3,510.93,Paid
O010019,C0675,P0010,2026-03-23,3,119.4,Referral
O010020,C0048,P0012,2026-03-23,1,82.02,Email
O010021,C0552,P0013,2026-03-23,1,55.7,Paid
O010022,C0403,P0024,2026-03-23,2,224.28,Email
O010023,C0007,P0025,2026-03-23,2,77.74,Email
O010024,C0664,P0032,2026-03-23,2,70.84,Email
O010025,C0446,P0029,2026-03-23,1,17.3,Referral
O010026,C0595,P0035,2026-03-23,3,264.75,Organic
O010027,C0002,P0036,2026-03-23,1,72.11,Organic
O010028,C0411,P0006,2026-03-23,1,65.8,Paid
O010029,C0577,P0002,2026-03-23,1,185.4,Organic
O010030,C0759,P0014,2026-03-23,3,70.26,Paid
O010031,C0731,P0009,2026-03-23,3,177.03,Email
O010032,C0490,P0022,2026-03-23,3,151.17,Organic
O010033,C0726,P0022,2026-03-23,3,151.17,Organic
O010034,C0257,P0028,2026-03-23,3,125.52,Organic
O010035,C0433,P0035,2026-03-23,1,88.25,Organic
O010036,C0570,P0036,2026-03-23,3,216.33,Organic
O010037,C0434,P0007,2026-03-23,1,170.31,Organic
O010038,C0694,P0007,2026-03-23,2,340.62,Email
O010039,C0556,P0004,2026-03-23,1,169.23,Email
O010040,C0694,P0007,2026-03-23,1,170.31,Organic
O010041,C0534,P0004,2026-03-23,1,169.23,Organic
O010042,C0252,P0002,2026-03-23,2,370.8,Paid
O010043,C0701,P0002,2026-03-23,2,370.8,Paid
O010044,C0477,P0016,2026-03-23,2,114.0,Organic
O010045,C0107,P0024,2026-03-23,3,336.42,Organic
O010046,C0589,P0030,2026-03-23,2,69.38,Organic
O010047,C0260,P0026,2026-03-23,1,56.61,Referral
O010048,C0130,P0030,2026-03-23,3,104.07,Paid
O010049,C0323,P0031,2026-03-23,3,114.36,Email
O010050,C0324,P0035,2026-03-23,3,264.75,Organic
O010051,C0196,P0002,2026-03-23,2,370.8,Organic
O010052,C0598,P0006,2026-03-23,1,65.8,Paid
O010053,C0109,P0006,2026-03-23,1,65.8,Organic
O010054,C0027,P0017,2026-03-23,1,24.68,Email
O010055,C0567,P0022,2026-03-23,1,50.39,Paid
O010056,C0699,P0027,2026-03-23,3,80.19,Organic
O010057,C0478,P0031,2026-03-23,2,76.24,Paid
O010058,C0136,P0037,2026-03-23,3,124.71,Paid
O010059,C0167,P0008,2026-03-24,3,679.59,Organic
O010060,C0580,P0002,2026-03-24,2,370.8,Organic
O010061,C0426,P0007,2026-03-24,1,170.31,Organic
O010062,C0208,P0012,2026-03-24,2,164.04,Referral
O010063,C0789,P0023,2026-03-24,2,183.98,Paid
O010064,C0341,P0017,2026-03-24,1,24.68,Email
O010065,C0796,P0030,2026-03-24,1,34.69,Paid
O010066,C0796,P0028,2026-03-24,3,125.52,Referral
O010067,C0167,P0030,2026-03-24,3,104.07,Paid
O010068,C0749,P0035,2026-03-24,3,264.75,Organic
O010069,C0521,P0001,2026-03-24,2,454.04,Referral
O010070,C0644,P0003,2026-03-24,1,197.46,Paid
O010071,C0737,P0001,2026-03-24,3,681.06,Referral
O010072,C0590,P0013,2026-03-24,1,55.7,Organic
O010073,C0245,P0024,2026-03-24,1,112.14,Paid
O010074,C0473,P0019,2026-03-24,1,132.95,Email
O010075,C0596,P0019,2026-03-24,1,132.95,Paid
O010076,C0377,P0021,2026-03-24,1,59.94,Referral
O010077,C0687,P0026,2026-03-24,2,113.22,Organic
O010078,C0776,P0035,2026-03-24,3,264.75,Paid
O010079,C0151,P0040,2026-03-24,1,63.16,Organic
O010080,C0615,P0034,2026-03-24,1,58.68,Email
O010081,C0593,P0003,2026-03-24,3,592.38,Organic
O010082,C0199,P0005,2026-03-24,3,1037.07,Paid
O010083,C0060,P0004,2026-03-24,3,507.69,Organic
O010084,C0107,P0006,2026-03-24,3,197.4,Organic
O010085,C0252,P0006,2026-03-24,2,131.6,Email
O010086,C0721,P0006,2026-03-24,3,197.4,Referral
O010087,C0315,P0011,2026-03-24,2,62.62,Organic
O010088,C0496,P0032,2026-03-24,3,106.26,Organic
O010089,C0003,P0032,2026-03-24,3,106.26,Organic
O010090,C0660,P0032,2026-03-24,1,35.42,Paid
O010091,C0724,P0030,2026-03-24,1,34.69,Organic
O010092,C0323,P0027,2026-03-24,3,80.19,Organic
O010093,C0766,P0033,2026-03-24,1,88.25,Organic
O010094,C0725,P0034,2026-03-24,2,117.36,Organic
O010095,C0663,P0038,2026-03-24,1,18.18,Organic
O010096,C0301,P0002,2026-03-24,2,370.8,Email
O010097,C0223,P0011,2026-03-24,2,62.62,Organic
O010098,C0024,P0015,2026-03-24,1,45.92,Email
O010099,C0519,P0024,2026-03-24,1,112.14,Paid
O010100,C0072,P0020,2026-03-24,1,79.47,Organic
O010101,C0387,P0025,2026-03-24,1,38.87,Organic
O010102,C0686,P0027,2026-03-24,3,80.19,Organic
O010103,C0674,P0038,2026-03-24,3,54.54,Organic
O010104,C0555,P0014,2026-03-25,3,70.26,Paid
O010105,C0548,P0023,2026-03-25,3,275.97,Email
O010106,C0597,P0024,2026-03-25,1,112.14,Paid
O010107,C0049,P0029,2026-03-25,2,34.6,Paid
O010108,C0498,P0028,2026-03-25,3,125.52,Paid
O010109,C0507,P0032,2026-03-25,1,35.42,Organic
O010110,C0403,P0039,2026-03-25,3,310.74,Paid
O010111,C0680,P0034,2026-03-25,3,176.04,Paid
O010112,C0602,P0036,2026-03-25,1,72.11,Organic
O010113,C0617,P0036,2026-03-25,3,216.33,Paid
O010114,C0311,P0008,2026-03-25,1,226.53,Paid
O010115,C0195,P0002,2026-03-25,1,185.4,Organic
O010116,C0129,P0004,2026-03-25,1,169.23,Organic
O010117,C0150,P0005,2026-03-25,3,1037.07,Paid
O010118,C0454,P0002,2026-03-25,3,556.2,Organic
O010119,C0644,P0012,2026-03-25,2,164.04,Referral
O010120,C0088,P0021,2026-03-25,2,119.88,Organic
O010121,C0232,P0021,2026-03-25,3,179.82,Organic
O010122,C0728,P0026,2026-03-25,2,113.22,Paid
O010123,C0791,P0031,2026-03-25,3,114.36,Paid
O010124,C0096,P0037,2026-03-25,2,83.14,Paid
O010125,C0537,P0036,2026-03-25,3,216.33,Email
O010126,C0492,P0034,2026-03-25,3,176.04,Organic
O010127,C0543,P0034,2026-03-25,2,117.36,Paid
O010128,C0391,P0039,2026-03-25,1,103.58,Paid
O010129,C0629,P0040,2026-03-25,2,126.32,Organic
O010130,C0155,P0002,2026-03-25,1,185.4,Email
O010131,C0735,P0002,2026-03-25,3,556.2,Email
O010132,C0553,P0005,2026-03-25,3,1037.07,Paid
O010133,C0582,P0004,2026-03-25,1,169.23,Paid
O010134,C0683,P0011,2026-03-25,3,93.93,Organic
O010135,C0127,P0011,2026-03-25,2,62.62,Organic
O010136,C0739,P0011,2026-03-25,1,31.31,Organic
O010137,C0601,P0016,2026-03-25,1,57.0,Paid
O010138,C0114,P0021,2026-03-25,1,59.94,Referral
O010139,C0247,P0020,2026-03-25,1,79.47,Paid
O010140,C0593,P0020,2026-03-25,2,158.94,Paid
O010141,C0323,P0023,2026-03-25,1,91.99,Organic
O010142,C0647,P0026,2026-03-25,1,56.61,Referral
O010143,C0288,P0032,2026-03-25,2,70.84,Organic
O010144,C0562,P0030,2026-03-25,2,69.38,Organic
O010145,C0784,P0029,2026-03-25,1,17.3,Organic
O010146,C0407,P0034,2026-03-25,1,58.68,Paid
O010147,C0429,P0040,2026-03-25,3,189.48,Referral
O010148,C0693,P0004,2026-03-25,2,338.46,Paid
O010149,C0514,P0014,2026-03-25,1,23.42,Email
O010150,C0515,P0026,2026-03-25,3,169.83,Organic
O010151,C0481,P0028,2026-03-25,3,125.52,Paid
O010152,C0461,P0026,2026-03-25,3,169.83,Email
O010153,C0515,P0029,2026-03-25,2,34.6,Paid
O010154,C0466,P0040,2026-03-25,2,126.32,Paid
O010155,C0592,P0037,2026-03-25,2,83.14,Paid
O010156,C0552,P0001,2026-03-26,1,227.02,Organic
O010157,C0495,P0005,2026-03-26,3,1037.07,Organic
O010158,C0622,P0029,2026-03-26,2,34.6,Email
O010159,C0726,P0008,2026-03-26,1,226.53,Referral
O010160,C0257,P0003,2026-03-26,2,394.92,Paid
O010161,C0410,P0011,2026-03-26,3,93.93,Organic
O010162,C0257,P0012,2026-03-26,3,246.06,Organic
O010163,C0715,P0017,2026-03-26,3,74.04,Organic
O010164,C0340,P0024,2026-03-26,3,336.42,Organic
O010165,C0202,P0028,2026-03-26,1,41.84,Paid
O010166,C0158,P0030,2026-03-26,2,69.38,Organic
O010167,C0006,P0029,2026-03-26,1,17.3,Paid
O010168,C0162,P0033,2026-03-26,3,264.75,Organic
O010169,C0566,P0037,2026-03-26,3,124.71,Paid
O010170,C0521,P0040,2026-03-26,3,189.48,Referral
O010171,C0422,P0006,2026-03-26,1,65.8,Email
O010172,C0488,P0016,2026-03-26,2,114.0,Organic
O010173,C0430,P0020,2026-03-26,3,238.41,Referral
O010174,C0408,P0019,2026-03-26,3,398.85,Email
O010175,C0003,P0019,2026-03-26,2,265.9,Organic
O010176,C0756,P0027,2026-03-26,1,26.73,Paid
O010177,C0672,P0032,2026-03-26,1,35.42,Organic
O010178,C0636,P0028,2026-03-26,2,83.68,Paid
O010179,C0357,P0034,2026-03-26,1,58.68,Email
O010180,C0207,P0033,2026-03-26,1,88.25,Paid
O010181,C0625,P0038,2026-03-26,1,18.18,Organic
O010182,C0032,P0040,2026-03-26,3,189.48,Email
O010183,C0572,P0008,2026-03-26,1,226.53,Organic
O010184,C0302,P0011,2026-03-26,1,31.31,Organic
O010185,C0704,P0019,2026-03-26,1,132.95,Paid
O010186,C0546,P0018,2026-03-26,3,147.57,Organic
O010187,C0170,P0009,2026-03-27,1,59.01,Email
O010188,C0552,P0011,2026-03-27,1,31.31,Email
O010189,C0081,P0017,2026-03-27,2,49.36,Organic
O010190,C0297,P0017,2026-03-27,1,24.68,Referral
O010191,C0405,P0030,2026-03-27,3,104.07,Email
O010192,C0209,P0026,2026-03-27,1,56.61,Paid
O010193,C0460,P0037,2026-03-27,1,41.57,Paid
O010194,C0048,P0033,2026-03-27,2,176.5,Email
O010195,C0552,P0038,2026-03-27,2,36.36,Paid
O010196,C0614,P0008,2026-03-27,3,679.59,Paid
O010197,C0099,P0014,2026-03-27,2,46.84,Organic
O010198,C0753,P0018,2026-03-27,3,147.57,Organic
O010199,C0309,P0017,2026-03-27,3,74.04,Organic
O010200,C0473,P0020,2026-03-27,1,79.47,Organic
O010201,C0340,P0020,2026-03-27,2,158.94,Organic
O010202,C0761,P0032,2026-03-27,3,106.26,Organic
O010203,C0605,P0032,2026-03-27,2,70.84,Organic
O010204,C0008,P0034,2026-03-27,3,176.04,Paid
O010205,C0084,P0001,2026-03-27,3,681.06,Paid
O010206,C0138,P0008,2026-03-27,1,226.53,Referral
O010207,C0404,P0008,2026-03-27,3,679.59,Organic
O010208,C0207,P0002,2026-03-27,1,185.4,Organic
O010209,C0148,P0015,2026-03-27,1,45.92,Organic
O010210,C0060,P0014,2026-03-27,3,70.26,Paid
O010211,C0719,P0017,2026-03-27,2,49.36,Referral
O010212,C0452,P0017,2026-03-27,2,49.36,Organic
O010213,C0187,P0030,2026-03-27,1,34.69,Email
O010214,C0083,P0039,2026-03-27,1,103.58,Organic
O010215,C0020,P0037,2026-03-27,1,41.57,Paid
O010216,C0551,P0013,2026-03-27,1,55.7,Organic
O010217,C0681,P0016,2026-03-27,1,57.0,Paid
O010218,C0457,P0026,2026-03-27,1,56.61,Organic
O010219,C0014,P0031,2026-03-27,2,76.24,Organic
O010220,C0028,P0035,2026-03-27,3,264.75,Organic
O010221,C0678,P0005,2026-03-28,2,691.38,Paid
O010222,C0004,P0015,2026-03-28,2,91.84,Email
O010223,C0209,P0015,2026-03-28,3,137.76,Paid
O010224,C0270,P0009,2026-03-28,2,118.02,Paid
O010225,C0678,P0012,2026-03-28,3,246.06,Organic
O010226,C0595,P0012,2026-03-28,1,82.02,Organic
O010227,C0085,P0020,2026-03-28,2,158.94,Organic
O010228,C0279,P0027,2026-03-28,3,80.19,Email
O010229,C0698,P0025,2026-03-28,3,116.61,Paid
O010230,C0335,P0030,2026-03-28,1,34.69,Organic
O010231,C0161,P0027,2026-03-28,3,80.19,Organic
O010232,C0161,P0027,2026-03-28,3,80.19,Email
O010233,C0595,P0035,2026-03-28,2,176.5,Paid
O010234,C0283,P0033,2026-03-28,3,264.75,Organic
O010235,C0498,P0033,2026-03-28,3,264.75,Referral
O010236,C0423,P0034,2026-03-28,1,58.68,Paid
O010237,C0416,P0034,2026-03-28,2,117.36,Organic
O010238,C0760,P0007,2026-03-28,2,340.62,Organic
O010239,C0087,P0002,2026-03-28,1,185.4,Email
O010240,C0632,P0006,2026-03-28,3,197.4,Organic
O010241,C0479,P0004,2026-03-28,1,169.23,Organic
O010242,C0370,P0004,2026-03-28,2,338.46,Organic
O010243,C0162,P0003,2026-03-28,1,197.46,Organic
O010244,C0295,P0016,2026-03-28,2,114.0,Organic
O010245,C0226,P0018,2026-03-28,2,98.38,Organic
O010246,C0232,P0018,2026-03-28,3,147.57,Referral
O010247,C0088,P0019,2026-03-28,2,265.9,Organic
O010248,C0256,P0024,2026-03-28,2,224.28,Organic
O010249,C0726,P0018,2026-03-28,1,49.19,Organic
O010250,C0200,P0029,2026-03-28,1,17.3,Email
O010251,C0192,P0026,2026-03-28,1,56.61,Organic
O010252,C0605,P0032,2026-03-28,2,70.84,Paid
O010253,C0611,P0026,2026-03-28,3,169.83,Organic
O010254,C0218,P0028,2026-03-28,1,41.84,Organic
O010255,C0571,P0030,2026-03-28,3,104.07,Paid
O010256,C0489,P0038,2026-03-28,3,54.54,Organic
O010257,C0121,P0039,2026-03-28,3,310.74,Organic
O010258,C0001,P0001,2026-03-28,1,227.02,Paid
O010259,C0148,P0007,2026-03-28,1,170.31,Paid
O010260,C0114,P0016,2026-03-28,1,57.0,Organic
O010261,C0388,P0013,2026-03-28,3,167.1,Organic
O010262,C0017,P0009,2026-03-28,3,177.03,Paid
O010263,C0729,P0012,2026-03-28,2,164.04,Paid
O010264,C0339,P0010,2026-03-28,2,79.6,Organic
O010265,C0106,P0010,2026-03-28,1,39.8,Organic
O010266,C0636,P0015,2026-03-28,2,91.84,Paid
O010267,C0225,P0012,2026-03-28,3,246.06,Paid
O010268,C0373,P0021,2026-03-28,2,119.88,Referral
O010269,C0171,P0023,2026-03-28,1,91.99,Paid
O010270,C0187,P0017,2026-03-28,1,24.68,Organic
O010271,C0407,P0024,2026-03-28,2,224.28,Organic
O010272,C0148,P0017,2026-03-28,1,24.68,Email
O010273,C0148,P0028,2026-03-28,1,41.84,Organic
O010274,C0318,P0026,2026-03-28,2,113.22,Organic
O010275,C0409,P0026,2026-03-28,1,56.61,Referral
O010276,C0038,P0037,2026-03-28,3,124.71,Referral
O010277,C0389,P0033,2026-03-28,3,264.75,Organic
O010278,C0551,P0011,2026-03-28,3,93.93,Paid
O010279,C0718,P0024,2026-03-28,3,336.42,Referral
O010280,C0645,P0022,2026-03-28,1,50.39,Paid
O010281,C0028,P0017,2026-03-28,2,49.36,Organic
O010282,C0267,P0024,2026-03-28,2,224.28,Organic
O010283,C0036,P0030,2026-03-28,3,104.07,Email
O010284,C0658,P0025,2026-03-28,1,38.87,Organic
O010285,C0222,P0031,2026-03-28,1,38.12,Organic
O010286,C0156,P0026,2026-03-28,2,113.22,Organic
O010287,C0366,P0040,2026-03-28,3,189.48,Organic
O010288,C0285,P0035,2026-03-28,1,88.25,Paid
O010289,C0140,P0008,2026-03-29,2,453.06,Organic
O010290,C0118,P0002,2026-03-29,1,185.4,Organic
O010291,C0600,P0003,2026-03-29,2,394.92,Paid
O010292,C0169,P0005,2026-03-29,3,1037.07,Organic
O010293,C0602,P0014,2026-03-29,1,23.42,Paid
O010294,C0475,P0011,2026-03-29,2,62.62,Organic
O010295,C0085,P0016,2026-03-29,1,57.0,Organic
O010296,C0004,P0013,2026-03-29,3,167.1,Paid
O010297,C0384,P0021,2026-03-29,1,59.94,Paid
O010298,C0778,P0028,2026-03-29,3,125.52,Email
O010299,C0076,P0025,2026-03-29,1,38.87,Organic
O010300,C0092,P0034,2026-03-29,1,58.68,Organic
O010301,C0326,P0008,2026-03-29,2,453.06,Paid
O010302,C0737,P0006,2026-03-29,1,65.8,Paid
O010303,C0743,P0015,2026-03-29,1,45.92,Paid
O010304,C0399,P0011,2026-03-29,1,31.31,Organic
O010305,C0143,P0014,2026-03-29,1,23.42,Organic
O010306,C0715,P0013,2026-03-29,3,167.1,Organic
O010307,C0759,P0013,2026-03-29,2,111.4,Organic
O010308,C0026,P0014,2026-03-29,2,46.84,Paid
O010309,C0682,P0017,2026-03-29,1,24.68,Organic
O010310,C0441,P0024,2026-03-29,1,112.14,Email
O010311,C0006,P0024,2026-03-29,3,336.42,Organic
O010312,C0212,P0019,2026-03-29,2,265.9,Referral
O010313,C0722,P0031,2026-03-29,2,76.24,Organic
O010314,C0152,P0005,2026-03-29,2,691.38,Email
O010315,C0155,P0005,2026-03-29,2,691.38,Paid
O010316,C0717,P0004,2026-03-29,1,169.23,Email
O010317,C0107,P0004,2026-03-29,1,169.23,Email
O010318,C0412,P0003,2026-03-29,1,197.46,Email
O010319,C0783,P0016,2026-03-29,3,171.0,Organic
O010320,C0553,P0013,2026-03-29,3,167.1,Email
O010321,C0339,P0016,2026-03-29,2,114.0,Organic
O010322,C0260,P0020,2026-03-29,1,79.47,Organic
O010323,C0138,P0019,2026-03-29,3,398.85,Paid
O010324,C0020,P0023,2026-03-29,2,183.98,Organic
O010325,C0661,P0020,2026-03-29,3,238.41,Paid
O010326,C0713,P0023,2026-03-29,3,275.97,Paid
O010327,C0717,P0023,2026-03-29,3,275.97,Organic
O010328,C0260,P0024,2026-03-29,1,112.14,Referral
O010329,C0717,P0020,2026-03-29,1,79.47,Paid
O010330,C0556,P0021,2026-03-29,1,59.94,Organic
O010331,C0318,P0024,2026-03-29,3,336.42,Paid
O010332,C0315,P0027,2026-03-29,2,53.46,Organic
O010333,C0134,P0032,2026-03-29,2,70.84,Paid
O010334,C0721,P0026,2026-03-29,1,56.61,Paid
O010335,C0756,P0033,2026-03-29,2,176.5,Organic
O010336,C0100,P0035,2026-03-29,3,264.75,Paid
O010337,C0741,P0033,2026-03-29,2,176.5,Organic
O010338,C0207,P0037,2026-03-29,1,41.57,Paid
O010339,C0017,P0035,2026-03-29,3,264.75,Paid
O010340,C0020,P0038,2026-03-29,2,36.36,Organic
O010341,C0027,P0006,2026-03-29,1,65.8,Paid
O010342,C0285,P0007,2026-03-29,1,170.31,Organic
O010343,C0214,P0003,2026-03-29,1,197.46,Organic
O010344,C0367,P0006,2026-03-29,1,65.8,Email
O010345,C0652,P0005,2026-03-29,1,345.69,Organic
O010346,C0482,P0009,2026-03-29,2,118.02,Organic
O010347,C0036,P0012,2026-03-29,2,164.04,Organic
O010348,C0273,P0017,2026-03-29,1,24.68,Organic
O010349,C0551,P0020,2026-03-29,1,79.47,Organic
O010350,C0581,P0023,2026-03-29,1,91.99,Email
O010351,C0587,P0019,2026-03-29,2,265.9,Organic
O010352,C0472,P0023,2026-03-29,2,183.98,Paid
O010353,C0211,P0032,2026-03-29,1,35.42,Referral
O010354,C0300,P0032,2026-03-29,1,35.42,Organic
O010355,C0550,P0029,2026-03-29,1,17.3,Email
O010356,C0486,P0030,2026-03-29,2,69.38,Paid
O010357,C0414,P0004,2026-03-30,2,338.46,Organic
O010358,C0081,P0014,2026-03-30,1,23.42,Organic
O010359,C0034,P0015,2026-03-30,3,137.76,Organic
O010360,C0708,P0010,2026-03-30,1,39.8,Email
O010361,C0379,P0019,2026-03-30,1,132.95,Organic
O010362,C0330,P0017,2026-03-30,3,74.04,Email
O010363,C0007,P0026,2026-03-30,3,169.83,Email
O010364,C0474,P0031,2026-03-30,2,76.24,Organic
O010365,C0215,P0035,2026-03-30,1,88.25,Organic
O010366,C0170,P0034,2026-03-30,2,117.36,Organic
O010367,C0597,P0036,2026-03-30,1,72.11,Organic
O010368,C0209,P0033,2026-03-30,3,264.75,Organic
O010369,C0748,P0039,2026-03-30,3,310.74,Organic
O010370,C0321,P0007,2026-03-30,3,510.93,Email
O010371,C0791,P0002,2026-03-30,1,185.4,Email
O010372,C0753,P0002,2026-03-30,3,556.2,Organic
O010373,C0520,P0001,2026-03-30,3,681.06,Organic
O010374,C0730,P0005,2026-03-30,1,345.69,Paid
O010375,C0470,P0006,2026-03-30,1,65.8,Paid
O010376,C0131,P0014,2026-03-30,3,70.26,Paid
O010377,C0687,P0013,2026-03-30,1,55.7,Paid
O010378,C0053,P0010,2026-03-30,3,119.4,Paid
O010379,C0192,P0026,2026-03-30,1,56.61,Email
O010380,C0441,P0027,2026-03-30,1,26.73,Organic
O010381,C0355,P0034,2026-03-30,2,117.36,Organic
O010382,C0244,P0037,2026-03-30,3,124.71,Email
O010383,C0408,P0005,2026-03-30,1,345.69,Organic
O010384,C0227,P0011,2026-03-30,3,93.93,Referral
O010385,C0412,P0019,2026-03-30,1,132.95,Organic
O010386,C0451,P0018,2026-03-30,2,98.38,Paid
O010387,C0562,P0018,2026-03-30,3,147.57,Paid
O010388,C0254,P0023,2026-03-30,3,275.97,Paid
O010389,C0130,P0018,2026-03-30,3,147.57,Organic
O010390,C0060,P0028,2026-03-30,2,83.68,Organic
O010391,C0404,P0037,2026-03-30,3,124.71,Email
O010392,C0313,P0004,2026-03-30,1,169.23,Organic
O010393,C0228,P0006,2026-03-30,3,197.4,Email
O010394,C0136,P0018,2026-03-30,3,147.57,Organic
O010395,C0285,P0020,2026-03-30,1,79.47,Paid
O010396,C0387,P0019,2026-03-30,2,265.9,Referral
O010397,C0185,P0018,2026-03-30,3,147.57,Email
O010398,C0089,P0026,2026-03-30,1,56.61,Email
O010399,C0028,P0029,2026-03-30,2,34.6,Email
O010400,C0402,P0028,2026-03-30,1,41.84,Organic
O010401,C0058,P0026,2026-03-30,2,113.22,Email
O010402,C0638,P0033,2026-03-30,1,88.25,Organic
O010403,C0785,P0033,2026-03-30,1,88.25,Organic
O010404,C0285,P0035,2026-03-30,2,176.5,Email
O010405,C0472,P0038,2026-03-30,2,36.36,Organic
O010406,C0681,P0038,2026-03-30,2,36.36,Organic
O010407,C0278,P0035,2026-03-30,2,176.5,Organic
O010408,C0300,P0039,2026-03-30,2,207.16,Email
O010409,C0013,P0036,2026-03-30,2,144.22,Paid
O010410,C0289,P0006,2026-03-31,2,131.6,Organic
O010411,C0689,P0006,2026-03-31,1,65.8,Organic
O010412,C0691,P0014,2026-03-31,2,46.84,Referral
O010413,C0335,P0015,2026-03-31,2,91.84,Paid
O010414,C0708,P0023,2026-03-31,1,91.99,Email
O010415,C0085,P0020,2026-03-31,1,79.47,Paid
O010416,C0258,P0027,2026-03-31,3,80.19,Organic
O010417,C0495,P0030,2026-03-31,1,34.69,Email
O010418,C0266,P0026,2026-03-31,2,113.22,Organic
O010419,C0128,P0030,2026-03-31,1,34.69,Paid
O010420,C0112,P0038,2026-03-31,3,54.54,Organic
O010421,C0030,P0037,2026-03-31,2,83.14,Organic
O010422,C0336,P0039,2026-03-31,3,310.74,Organic
O010423,C0437,P0006,2026-03-31,3,197.4,Paid
O010424,C0383,P0002,2026-03-31,1,185.4,Organic
O010425,C0370,P0002,2026-03-31,2,370.8,Organic
O010426,C0286,P0010,2026-03-31,3,119.4,Organic
O010427,C0722,P0021,2026-03-31,1,59.94,Paid
O010428,C0299,P0023,2026-03-31,2,183.98,Paid
O010429,C0226,P0018,2026-03-31,1,49.19,Email
O010430,C0529,P0028,2026-03-31,3,125.52,Organic
O010431,C0151,P0031,2026-03-31,3,114.36,Paid
O010432,C0463,P0031,2026-03-31,3,114.36,Organic
O010433,C0483,P0031,2026-03-31,2,76.24,Organic
O010434,C0633,P0035,2026-03-31,1,88.25,Paid
O010435,C0586,P0040,2026-03-31,2,126.32,Email
O010436,C0564,P0033,2026-03-31,3,264.75,Organic
O010437,C0767,P0034,2026-03-31,2,117.36,Organic
O010438,C0340,P0034,2026-03-31,2,117.36,Organic
O010439,C0098,P0039,2026-03-31,2,207.16,Organic
O010440,C0003,P0004,2026-03-31,3,507.69,Referral
O010441,C0001,P0013,2026-03-31,2,111.4,Paid
O010442,C0362,P0012,2026-03-31,1,82.02,Organic
O010443,C0496,P0014,2026-03-31,3,70.26,Organic
O010444,C0009,P0010,2026-03-31,2,79.6,Email
O010445,C0647,P0017,2026-03-31,1,24.68,Referral
O010446,C0187,P0022,2026-03-31,1,50.39,Paid
O010447,C0152,P0025,2026-03-31,2,77.74,Paid
O010448,C0451,P0027,2026-03-31,1,26.73,Organic
O010449,C0057,P0030,2026-03-31,1,34.69,Email
O010450,C0559,P0028,2026-03-31,1,41.84,Organic
O010451,C0005,P0033,2026-03-31,3,264.75,Organic
O010452,C0747,P0037,2026-03-31,1,41.57,Paid
O010453,C0077,P0038,2026-03-31,1,18.18,Organic
O010454,C0233,P0003,2026-03-31,2,394.92,Organic
O010455,C0322,P0004,2026-03-31,2,338.46,Paid
O010456,C0074,P0016,2026-03-31,3,171.0,Organic
O010457,C0236,P0009,2026-03-31,3,177.03,Email
O010458,C0306,P0012,2026-03-31,1,82.02,Organic
O010459,C0172,P0012,2026-03-31,1,82.02,Organic
O010460,C0294,P0021,2026-03-31,2,119.88,Organic
O010461,C0581,P0019,2026-03-31,1,132.95,Paid
O010462,C0310,P0027,2026-03-31,2,53.46,Email
O010463,C0681,P0028,2026-03-31,2,83.68,Referral
O010464,C0352,P0025,2026-03-31,3,116.61,Referral
O010465,C0022,P0037,2026-03-31,2,83.14,Paid
O010466,C0109,P0033,2026-03-31,2,176.5,Organic
O010467,C0375,P0005,2026-04-01,1,345.69,Paid
O010468,C0190,P0001,2026-04-01,1,227.02,Paid
O010469,C0475,P0009,2026-04-01,3,177.03,Organic
O010470,C0044,P0011,2026-04-01,3,93.93,Paid
O010471,C0330,P0010,2026-04-01,1,39.8,Email
O010472,C0007,P0018,2026-04-01,3,147.57,Organic
O010473,C0540,P0019,2026-04-01,1,132.95,Organic
O010474,C0283,P0031,2026-04-01,1,38.12,Organic
O010475,C0248,P0040,2026-04-01,3,189.48,Organic
O010476,C0676,P0002,2026-04-01,1,185.4,Paid
O010477,C0564,P0008,2026-04-01,1,226.53,Organic
O010478,C0198,P0008,2026-04-01,3,679.59,Organic
O010479,C0143,P0005,2026-04-01,3,1037.07,Email
O010480,C0162,P0002,2026-04-01,3,556.2,Paid
O010481,C0737,P0014,2026-04-01,2,46.84,Paid
O010482,C0454,P0015,2026-04-01,2,91.84,Referral
O010483,C0659,P0022,2026-04-01,3,151.17,Paid
O010484,C0614,P0028,2026-04-01,2,83.68,Organic
O010485,C0096,P0040,2026-04-01,2,126.32,Paid
O010486,C0117,P0038,2026-04-01,2,36.36,Email
O010487,C0184,P0007,2026-04-01,3,510.93,Paid
O010488,C0114,P0007,2026-04-01,1,170.31,Organic
O010489,C0717,P0008,2026-04-01,1,226.53,Email
O010490,C0707,P0015,2026-04-01,1,45.92,Referral
O010491,C0247,P0020,2026-04-01,3,238.41,Organic
O010492,C0021,P0017,2026-04-01,2,49.36,Email
O010493,C0417,P0021,2026-04-01,2,119.88,Organic
O010494,C0453,P0024,2026-04-01,2,224.28,Organic
O010495,C0449,P0029,2026-04-01,3,51.9,Paid
O010496,C0449,P0028,2026-04-01,2,83.68,Referral
O010497,C0362,P0031,2026-04-01,2,76.24,Organic
O010498,C0009,P0027,2026-04-01,1,26.73,Paid
O010499,C0648,P0037,2026-04-01,3,124.71,Referral
O010500,C0735,P0034,2026-04-01,3,176.04,Organic
O010501,C0014,P0004,2026-04-01,1,169.23,Paid
O010502,C0058,P0002,2026-04-01,3,556.2,Paid
O010503,C0126,P0006,2026-04-01,3,197.4,Organic
O010504,C0581,P0001,2026-04-01,2,454.04,Paid
O010505,C0322,P0014,2026-04-01,3,70.26,Organic
O010506,C0365,P0009,2026-04-01,1,59.01,Paid
O010507,C0550,P0016,2026-04-01,3,171.0,Referral
O010508,C0572,P0010,2026-04-01,1,39.8,Organic
O010509,C0278,P0018,2026-04-01,3,147.57,Paid
O010510,C0785,P0019,2026-04-01,3,398.85,Paid
O010511,C0466,P0028,2026-04-01,3,125.52,Paid
O010512,C0222,P0028,2026-04-01,3,125.52,Organic
O010513,C0400,P0026,2026-04-01,2,113.22,Organic
O010514,C0064,P0025,2026-04-01,1,38.87,Organic
O010515,C0301,P0031,2026-04-01,2,76.24,Organic
O010516,C0704,P0028,2026-04-01,1,41.84,Referral
O010517,C0688,P0029,2026-04-01,1,17.3,Organic
O010518,C0467,P0038,2026-04-01,2,36.36,Organic
O010519,C0229,P0039,2026-04-01,1,103.58,Organic
O010520,C0368,P0036,2026-04-01,2,144.22,Organic
O010521,C0215,P0001,2026-04-02,1,227.02,Organic
O010522,C0691,P0009,2026-04-02,1,59.01,Paid
O010523,C0680,P0011,2026-04-02,3,93.93,Paid
O010524,C0336,P0016,2026-04-02,2,114.0,Paid
O010525,C0678,P0020,2026-04-02,3,238.41,Paid
O010526,C0597,P0018,2026-04-02,2,98.38,Organic
O010527,C0642,P0024,2026-04-02,2,224.28,Organic
O010528,C0335,P0017,2026-04-02,1,24.68,Email
O010529,C0512,P0029,2026-04-02,2,34.6,Organic
O010530,C0268,P0025,2026-04-02,3,116.61,Paid
O010531,C0161,P0032,2026-04-02,1,35.42,Referral
O010532,C0536,P0037,2026-04-02,3,124.71,Organic
O010533,C0520,P0007,2026-04-02,2,340.62,Email
O010534,C0487,P0008,2026-04-02,2,453.06,Email
O010535,C0566,P0010,2026-04-02,1,39.8,Organic
O010536,C0586,P0018,2026-04-02,1,49.19,Organic
O010537,C0151,P0030,2026-04-02,1,34.69,Paid
O010538,C0504,P0037,2026-04-02,2,83.14,Paid
O010539,C0441,P0037,2026-04-02,2,83.14,Email
O010540,C0596,P0039,2026-04-02,2,207.16,Organic
O010541,C0115,P0005,2026-04-02,3,1037.07,Paid
O010542,C0240,P0005,2026-04-02,1,345.69,Organic
O010543,C0500,P0009,2026-04-02,1,59.01,Paid
O010544,C0568,P0017,2026-04-02,1,24.68,Organic
O010545,C0114,P0020,2026-04-02,3,238.41,Organic
O010546,C0677,P0019,2026-04-02,3,398.85,Email
O010547,C0784,P0028,2026-04-02,1,41.84,Email
O010548,C0565,P0028,2026-04-02,3,125.52,Organic
O010549,C0059,P0039,2026-04-02,1,103.58,Organic
O010550,C0568,P0038,2026-04-02,2,36.36,Paid
O010551,C0670,P0035,2026-04-02,3,264.75,Email
O010552,C0010,P0037,2026-04-02,2,83.14,Paid
O010553,C0625,P0039,2026-04-02,3,310.74,Organic
O010554,C0428,P0005,2026-04-02,3,1037.07,Email
O010555,C0467,P0010,2026-04-02,1,39.8,Organic
O010556,C0027,P0016,2026-04-02,1,57.0,Organic
O010557,C0233,P0024,2026-04-02,1,112.14,Organic
O010558,C0686,P0023,2026-04-02,2,183.98,Organic
O010559,C0229,P0040,2026-04-02,1,63.16,Paid
O010560,C0723,P0035,2026-04-02,2,176.5,Paid
O010561,C0472,P0033,2026-04-02,3,264.75,Organic
O010562,C0183,P0035,2026-04-02,1,88.25,Organic
O010563,C0353,P0004,2026-04-03,3,507.69,Organic
O010564,C0297,P0001,2026-04-03,2,454.04,Organic
O010565,C0364,P0006,2026-04-03,3,197.4,Referral
O010566,C0569,P0001,2026-04-03,3,681.06,Referral
O010567,C0230,P0001,2026-04-03,2,454.04,Email
O010568,C0600,P0002,2026-04-03,3,556.2,Organic
O010569,C0209,P0018,2026-04-03,1,49.19,Organic
O010570,C0712,P0017,2026-04-03,3,74.04,Email
O010571,C0432,P0032,2026-04-03,3,106.26,Organic
O010572,C0617,P0026,2026-04-03,2,113.22,Organic
O010573,C0689,P0031,2026-04-03,2,76.24,Referral
O010574,C0411,P0004,2026-04-03,2,338.46,Email
O010575,C0760,P0004,2026-04-03,3,507.69,Paid
O010576,C0256,P0014,2026-04-03,3,70.26,Organic
O010577,C0226,P0012,2026-04-03,1,82.02,Paid
O010578,C0411,P0010,2026-04-03,1,39.8,Organic
O010579,C0361,P0016,2026-04-03,2,114.0,Paid
O010580,C0212,P0022,2026-04-03,3,151.17,Email
O010581,C0035,P0021,2026-04-03,1,59.94,Organic
O010582,C0295,P0024,2026-04-03,1,112.14,Paid
O010583,C0490,P0028,2026-04-03,1,41.84,Paid
O010584,C0119,P0025,2026-04-03,3,116.61,Email
O010585,C0571,P0039,2026-04-03,1,103.58,Organic
O010586,C0380,P0035,2026-04-03,1,88.25,Email
O010587,C0434,P0003,2026-04-03,2,394.92,Paid
O010588,C0434,P0009,2026-04-03,1,59.01,Referral
O010589,C0593,P0015,2026-04-03,1,45.92,Organic
O010590,C0563,P0018,2026-04-03,2,98.38,Referral
O010591,C0141,P0022,2026-04-03,3,151.17,Organic
O010592,C0700,P0020,2026-04-03,1,79.47,Paid
O010593,C0434,P0022,2026-04-03,2,100.78,Email
O010594,C0357,P0019,2026-04-03,2,265.9,Email
O010595,C0522,P0029,2026-04-03,2,34.6,Email
O010596,C0225,P0025,2026-04-03,3,116.61,Paid
O010597,C0711,P0028,2026-04-03,3,125.52,Organic
O010598,C0772,P0008,2026-04-03,1,226.53,Organic
O010599,C0210,P0003,2026-04-03,1,197.46,Referral
O010600,C0581,P0016,2026-04-03,2,114.0,Paid
O010601,C0469,P0014,2026-04-03,3,70.26,Paid
O010602,C0387,P0022,2026-04-03,1,50.39,Organic
O010603,C0674,P0022,2026-04-03,1,50.39,Organic
O010604,C0285,P0018,2026-04-03,2,98.38,Paid
O010605,C0692,P0022,2026-04-03,2,100.78,Paid
O010606,C0064,P0025,2026-04-03,3,116.61,Organic
O010607,C0397,P0031,2026-04-03,2,76.24,Email
O010608,C0581,P0033,2026-04-03,1,88.25,Email
O010609,C0499,P0035,2026-04-03,1,88.25,Referral
O010610,C0167,P0004,2026-04-04,3,507.69,Paid
O010611,C0128,P0006,2026-04-04,3,197.4,Email
O010612,C0303,P0005,2026-04-04,3,1037.07,Organic
O010613,C0619,P0015,2026-04-04,2,91.84,Paid
O010614,C0552,P0014,2026-04-04,1,23.42,Email
O010615,C0547,P0012,2026-04-04,3,246.06,Paid
O010616,C0548,P0023,2026-04-04,1,91.99,Organic
O010617,C0696,P0031,2026-04-04,2,76.24,Referral
O010618,C0332,P0029,2026-04-04,1,17.3,Organic
O010619,C0161,P0029,2026-04-04,3,51.9,Organic
O010620,C0595,P0029,2026-04-04,3,51.9,Paid
O010621,C0170,P0032,2026-04-04,2,70.84,Paid
O010622,C0275,P0033,2026-04-04,2,176.5,Referral
O010623,C0777,P0036,2026-04-04,3,216.33,Organic
O010624,C0781,P0007,2026-04-04,2,340.62,Organic
O010625,C0008,P0005,2026-04-04,3,1037.07,Organic
O010626,C0121,P0003,2026-04-04,3,592.38,Email
O010627,C0091,P0014,2026-04-04,3,70.26,Email
O010628,C0299,P0016,2026-04-04,3,171.0,Organic
O010629,C0743,P0011,2026-04-04,3,93.93,Paid
O010630,C0256,P0030,2026-04-04,2,69.38,Paid
O010631,C0292,P0027,2026-04-04,2,53.46,Paid
O010632,C0117,P0039,2026-04-04,2,207.16,Organic
O010633,C0520,P0034,2026-04-04,3,176.04,Referral
O010634,C0254,P0008,2026-04-04,2,453.06,Email
O010635,C0179,P0007,2026-04-04,1,170.31,Organic
O010636,C0127,P0004,2026-04-04,1,169.23,Paid
O010637,C0739,P0011,2026-04-04,2,62.62,Paid
O010638,C0373,P0011,2026-04-04,3,93.93,Referral
O010639,C0392,P0013,2026-04-04,1,55.7,Email
O010640,C0724,P0011,2026-04-04,3,93.93,Organic
O010641,C0345,P0024,2026-04-04,3,336.42,Organic
O010642,C0729,P0019,2026-04-04,3,398.85,Paid
O010643,C0445,P0040,2026-04-04,1,63.16,Organic
O010644,C0582,P0039,2026-04-04,2,207.16,Organic
O010645,C0477,P0037,2026-04-04,1,41.57,Paid
O010646,C0108,P0036,2026-04-04,1,72.11,Paid
O010647,C0038,P0039,2026-04-04,3,310.74,Paid
O010648,C0506,P0033,2026-04-04,2,176.5,Paid
O010649,C0179,P0036,2026-04-04,3,216.33,Organic
O010650,C0251,P0004,2026-04-04,3,507.69,Organic
O010651,C0352,P0007,2026-04-04,1,170.31,Organic
O010652,C0428,P0002,2026-04-04,2,370.8,Organic
O010653,C0072,P0003,2026-04-04,2,394.92,Referral
O010654,C0172,P0005,2026-04-04,3,1037.07,Organic
O010655,C0047,P0016,2026-04-04,2,114.0,Paid
O010656,C0469,P0011,2026-04-04,2,62.62,Organic
O010657,C0704,P0014,2026-04-04,1,23.42,Paid
O010658,C0457,P0016,2026-04-04,2,114.0,Email
O010659,C0206,P0018,2026-04-04,1,49.19,Organic
O010660,C0598,P0018,2026-04-04,3,147.57,Organic
O010661,C0686,P0031,2026-04-04,1,38.12,Paid
O010662,C0514,P0031,2026-04-04,2,76.24,Organic
O010663,C0397,P0028,2026-04-04,2,83.68,Organic
O010664,C0265,P0038,2026-04-04,1,18.18,Organic
O010665,C0089,P0036,2026-04-04,2,144.22,Paid
O010666,C0164,P0036,2026-04-04,1,72.11,Organic
O010667,C0785,P0038,2026-04-04,1,18.18,Paid
O010668,C0014,P0039,2026-04-04,3,310.74,Organic
O010669,C0583,P0036,2026-04-04,1,72.11,Email
O010670,C0081,P0004,2026-04-05,1,169.23,Referral
O010671,C0081,P0005,2026-04-05,1,345.69,Paid
O010672,C0359,P0010,2026-04-05,2,79.6,Organic
O010673,C0539,P0021,2026-04-05,3,179.82,Referral
O010674,C0619,P0018,2026-04-05,1,49.19,Organic
O010675,C0063,P0022,2026-04-05,1,50.39,Organic
O010676,C0270,P0019,2026-04-05,1,132.95,Email
O010677,C0007,P0026,2026-04-05,3,169.83,Organic
O010678,C0120,P0036,2026-04-05,3,216.33,Organic
O010679,C0403,P0035,2026-04-05,1,88.25,Referral
O010680,C0088,P0007,2026-04-05,1,170.31,Organic
O010681,C0620,P0006,2026-04-05,2,131.6,Email
O010682,C0492,P0006,2026-04-05,3,197.4,Paid
O010683,C0771,P0007,2026-04-05,1,170.31,Paid
O010684,C0340,P0009,2026-04-05,3,177.03,Organic
O010685,C0764,P0014,2026-04-05,1,23.42,Organic
O010686,C0035,P0012,2026-04-05,3,246.06,Paid
O010687,C0326,P0013,2026-04-05,1,55.7,Organic
O010688,C0502,P0031,2026-04-05,1,38.12,Organic
O010689,C0737,P0025,2026-04-05,2,77.74,Paid
O010690,C0361,P0028,2026-04-05,2,83.68,Organic
O010691,C0158,P0029,2026-04-05,1,17.3,Email
O010692,C0682,P0040,2026-04-05,3,189.48,Email
O010693,C0501,P0037,2026-04-05,3,124.71,Organic
O010694,C0629,P0040,2026-04-05,2,126.32,Organic
O010695,C0747,P0001,2026-04-05,2,454.04,Paid
O010696,C0647,P0005,2026-04-05,3,1037.07,Organic
O010697,C0407,P0015,2026-04-05,2,91.84,Paid
O010698,C0269,P0012,2026-04-05,2,164.04,Organic
O010699,C0445,P0020,2026-04-05,2,158.94,Organic
O010700,C0660,P0025,2026-04-05,3,116.61,Paid
O010701,C0766,P0029,2026-04-05,1,17.3,Paid
O010702,C0038,P0031,2026-04-05,3,114.36,Organic
O010703,C0713,P0027,2026-04-05,3,80.19,Paid
O010704,C0494,P0038,2026-04-05,2,36.36,Paid
O010705,C0211,P0001,2026-04-05,2,454.04,Organic
O010706,C0147,P0005,2026-04-05,1,345.69,Organic
O010707,C0775,P0011,2026-04-05,3,93.93,Organic
O010708,C0583,P0010,2026-04-05,1,39.8,Referral
O010709,C0214,P0015,2026-04-05,2,91.84,Paid
O010710,C0310,P0023,2026-04-05,3,275.97,Referral
O010711,C0302,P0022,2026-04-05,2,100.78,Paid
O010712,C0136,P0032,2026-04-05,3,106.26,Organic
O010713,C0757,P0030,2026-04-05,2,69.38,Email
O010714,C0050,P0031,2026-04-05,2,76.24,Organic
O010715,C0394,P0031,2026-04-05,1,38.12,Paid
O010716,C0054,P0035,2026-04-05,2,176.5,Organic
O010717,C0667,P0038,2026-04-05,3,54.54,Organic
O010718,C0251,P0039,2026-04-05,1,103.58,Organic
O010719,C0064,P0034,2026-04-05,2,117.36,Organic
O010720,C0250,P0008,2026-04-06,1,226.53,Paid
O010721,C0675,P0003,2026-04-06,2,394.92,Organic
O010722,C0576,P0003,2026-04-06,2,394.92,Organic
O010723,C0193,P0014,2026-04-06,3,70.26,Paid
O010724,C0619,P0009,2026-04-06,1,59.01,Paid
O010725,C0078,P0032,2026-04-06,2,70.84,Paid
O010726,C0289,P0035,2026-04-06,1,88.25,Email
O010727,C0353,P0033,2026-04-06,2,176.5,Paid
O010728,C0212,P0002,2026-04-06,3,556.2,Paid
O010729,C0117,P0006,2026-04-06,3,197.4,Paid
O010730,C0760,P0007,2026-04-06,2,340.62,Referral
O010731,C0224,P0007,2026-04-06,2,340.62,Organic
O010732,C0286,P0001,2026-04-06,1,227.02,Referral
O010733,C0377,P0012,2026-04-06,3,246.06,Paid
O010734,C0737,P0024,2026-04-06,1,112.14,Email
O010735,C0781,P0021,2026-04-06,1,59.94,Referral
O010736,C0599,P0023,2026-04-06,3,275.97,Paid
O010737,C0243,P0026,2026-04-06,2,113.22,Paid
O010738,C0791,P0037,2026-04-06,2,83.14,Paid
O010739,C0342,P0040,2026-04-06,1,63.16,Paid
O010740,C0570,P0037,2026-04-06,3,124.71,Organic
O010741,C0099,P0034,2026-04-06,2,117.36,Paid
O010742,C0713,P0005,2026-04-06,3,1037.07,Organic
O010743,C0729,P0002,2026-04-06,2,370.8,Paid
O010744,C0159,P0008,2026-04-06,1,226.53,Organic
O010745,C0155,P0016,2026-04-06,3,171.0,Referral
O010746,C0187,P0009,2026-04-06,2,118.02,Email
O010747,C0725,P0011,2026-04-06,1,31.31,Paid
O010748,C0739,P0009,2026-04-06,2,118.02,Organic
O010749,C0108,P0013,2026-04-06,2,111.4,Organic
O010750,C0260,P0024,2026-04-06,2,224.28,Paid
O010751,C0127,P0030,2026-04-06,1,34.69,Paid
O010752,C0508,P0032,2026-04-06,2,70.84,Organic
O010753,C0276,P0034,2026-04-06,3,176.04,Email
O010754,C0381,P0040,2026-04-06,3,189.48,Organic
O010755,C0114,P0036,2026-04-06,2,144.22,Organic
O010756,C0318,P0038,2026-04-06,3,54.54,Email
O010757,C0429,P0037,2026-04-06,2,83.14,Referral
O010758,C0260,P0035,2026-04-06,2,176.5,Paid
O010759,C0662,P0001,2026-04-06,1,227.02,Organic
O010760,C0671,P0010,2026-04-06,3,119.4,Organic
O010761,C0762,P0013,2026-04-06,1,55.7,Organic
O010762,C0014,P0016,2026-04-06,2,114.0,Paid
O010763,C0585,P0016,2026-04-06,1,57.0,Organic
O010764,C0704,P0013,2026-04-06,2,111.4,Organic
O010765,C0480,P0014,2026-04-06,2,46.84,Paid
O010766,C0457,P0028,2026-04-06,2,83.68,Paid
O010767,C0762,P0039,2026-04-06,3,310.74,Paid
O010768,C0679,P0037,2026-04-06,3,124.71,Paid
O010769,C0695,P0034,2026-04-06,3,176.04,Organic
O010770,C0356,P0007,2026-04-07,3,510.93,Paid
O010771,C0082,P0018,2026-04-07,1,49.19,Paid
O010772,C0498,P0021,2026-04-07,1,59.94,Email
O010773,C0268,P0036,2026-04-07,2,144.22,Paid
O010774,C0600,P0033,2026-04-07,2,176.5,Paid
O010775,C0359,P0035,2026-04-07,1,88.25,Organic
O010776,C0696,P0034,2026-04-07,1,58.68,Organic
O010777,C0289,P0035,2026-04-07,2,176.5,Paid
O010778,C0261,P0006,2026-04-07,3,197.4,Organic
O010779,C0340,P0012,2026-04-07,2,164.04,Referral
O010780,C0317,P0015,2026-04-07,3,137.76,Organic
O010781,C0728,P0018,2026-04-07,2,98.38,Organic
O010782,C0483,P0019,2026-04-07,2,265.9,Paid
O010783,C0473,P0028,2026-04-07,1,41.84,Paid
O010784,C0246,P0026,2026-04-07,1,56.61,Organic
O010785,C0254,P0001,2026-04-07,3,681.06,Organic
O010786,C0323,P0012,2026-04-07,2,164.04,Organic
O010787,C0713,P0013,2026-04-07,3,167.1,Organic
O010788,C0005,P0020,2026-04-07,2,158.94,Email
O010789,C0134,P0020,2026-04-07,1,79.47,Organic
O010790,C0084,P0018,2026-04-07,3,147.57,Organic
O010791,C0709,P0024,2026-04-07,3,336.42,Organic
O010792,C0621,P0019,2026-04-07,3,398.85,Organic
O010793,C0747,P0020,2026-04-07,2,158.94,Paid
O010794,C0329,P0017,2026-04-07,3,74.04,Email
O010795,C0171,P0025,2026-04-07,1,38.87,Organic
O010796,C0114,P0031,2026-04-07,2,76.24,Email
O010797,C0784,P0031,2026-04-07,3,114.36,Paid
O010798,C0538,P0030,2026-04-07,3,104.07,Organic
O010799,C0556,P0029,2026-04-07,1,17.3,Organic
O010800,C0635,P0039,2026-04-07,2,207.16,Organic
O010801,C0556,P0038,2026-04-07,1,18.18,Paid
O010802,C0060,P0033,2026-04-07,2,176.5,Referral
O010803,C0013,P0007,2026-04-07,1,170.31,Organic
O010804,C0273,P0008,2026-04-07,3,679.59,Email
O010805,C0028,P0022,2026-04-07,2,100.78,Organic
O010806,C0775,P0018,2026-04-07,2,98.38,Paid
O010807,C0457,P0017,2026-04-07,1,24.68,Organic
O010808,C0402,P0018,2026-04-07,2,98.38,Email
O010809,C0674,P0020,2026-04-07,3,238.41,Organic
O010810,C0103,P0030,2026-04-07,3,104.07,Paid
O010811,C0352,P0028,2026-04-07,2,83.68,Organic
O010812,C0733,P0025,2026-04-07,3,116.61,Organic
O010813,C0671,P0025,2026-04-07,2,77.74,Paid
O010814,C0206,P0034,2026-04-07,1,58.68,Paid
O010815,C0511,P0038,2026-04-07,2,36.36,Organic
O010816,C0482,P0034,2026-04-07,3,176.04,Organic
O010817,C0587,P0033,2026-04-07,2,176.5,Organic
O010818,C0619,P0006,2026-04-08,2,131.6,Referral
O010819,C0070,P0006,2026-04-08,3,197.4,Email
O010820,C0341,P0001,2026-04-08,2,454.04,Organic
O010821,C0034,P0011,2026-04-08,2,62.62,Paid
O010822,C0070,P0010,2026-04-08,1,39.8,Organic
O010823,C0610,P0012,2026-04-08,3,246.06,Organic
O010824,C0190,P0013,2026-04-08,3,167.1,Paid
O010825,C0421,P0020,2026-04-08,1,79.47,Referral
O010826,C0421,P0021,2026-04-08,3,179.82,Organic
O010827,C0414,P0021,2026-04-08,1,59.94,Organic
O010828,C0787,P0020,2026-04-08,3,238.41,Paid
O010829,C0353,P0018,2026-04-08,2,98.38,Organic
O010830,C0118,P0018,2026-04-08,2,98.38,Paid
O010831,C0045,P0022,2026-04-08,2,100.78,Paid
O010832,C0082,P0027,2026-04-08,3,80.19,Organic
O010833,C0622,P0033,2026-04-08,2,176.5,Paid
O010834,C0386,P0039,2026-04-08,1,103.58,Paid
O010835,C0579,P0014,2026-04-08,3,70.26,Organic
O010836,C0277,P0016,2026-04-08,1,57.0,Paid
O010837,C0295,P0009,2026-04-08,1,59.01,Organic
O010838,C0484,P0018,2026-04-08,1,49.19,Email
O010839,C0615,P0026,2026-04-08,1,56.61,Referral
O010840,C0799,P0027,2026-04-08,1,26.73,Organic
O010841,C0067,P0031,2026-04-08,1,38.12,Referral
O010842,C0666,P0034,2026-04-08,2,117.36,Email
O010843,C0277,P0037,2026-04-08,3,124.71,Organic
O010844,C0291,P0039,2026-04-08,3,310.74,Organic
O010845,C0224,P0038,2026-04-08,3,54.54,Paid
O010846,C0766,P0001,2026-04-08,3,681.06,Organic
O010847,C0709,P0006,2026-04-08,1,65.8,Email
O010848,C0239,P0019,2026-04-08,2,265.9,Organic
O010849,C0538,P0024,2026-04-08,3,336.42,Organic
O010850,C0582,P0020,2026-04-08,1,79.47,Organic
O010851,C0556,P0025,2026-04-08,2,77.74,Organic
O010852,C0252,P0028,2026-04-08,1,41.84,Referral
O010853,C0144,P0029,2026-04-08,3,51.9,Paid
O010854,C0381,P0036,2026-04-08,1,72.11,Organic
O010855,C0762,P0001,2026-04-08,2,454.04,Organic
O010856,C0652,P0007,2026-04-08,2,340.62,Organic
O010857,C0073,P0008,2026-04-08,2,453.06,Paid
O010858,C0461,P0011,2026-04-08,2,62.62,Referral
O010859,C0265,P0010,2026-04-08,2,79.6,Referral
O010860,C0172,P0013,2026-04-08,1,55.7,Email
O010861,C0517,P0022,2026-04-08,1,50.39,Referral
O010862,C0583,P0019,2026-04-08,2,265.9,Organic
O010863,C0472,P0027,2026-04-08,2,53.46,Organic
O010864,C0606,P0026,2026-04-08,3,169.83,Paid
O010865,C0546,P0029,2026-04-08,2,34.6,Referral
O010866,C0267,P0036,2026-04-08,3,216.33,Organic
O010867,C0671,P0038,2026-04-08,2,36.36,Organic
O010868,C0280,P0005,2026-04-09,2,691.38,Email
O010869,C0691,P0002,2026-04-09,3,556.2,Organic
O010870,C0190,P0024,2026-04-09,1,112.14,Paid
O010871,C0421,P0030,2026-04-09,2,69.38,Organic
O010872,C0076,P0037,2026-04-09,2,83.14,Organic
O010873,C0287,P0015,2026-04-09,1,45.92,Paid
O010874,C0067,P0030,2026-04-09,2,69.38,Paid
O010875,C0096,P0037,2026-04-09,1,41.57,Referral
O010876,C0746,P0008,2026-04-09,3,679.59,Email
O010877,C0709,P0006,2026-04-09,1,65.8,Paid
O010878,C0362,P0001,2026-04-09,3,681.06,Paid
O010879,C0130,P0011,2026-04-09,1,31.31,Organic
O010880,C0754,P0013,2026-04-09,3,167.1,Organic
O010881,C0673,P0023,2026-04-09,3,275.97,Organic
O010882,C0452,P0022,2026-04-09,3,151.17,Organic
O010883,C0187,P0021,2026-04-09,2,119.88,Email
O010884,C0282,P0031,2026-04-09,1,38.12,Paid
O010885,C0445,P0026,2026-04-09,2,113.22,Organic
O010886,C0057,P0032,2026-04-09,3,106.26,Email
O010887,C0417,P0027,2026-04-09,1,26.73,Paid
O010888,C0269,P0038,2026-04-09,2,36.36,Organic
O010889,C0783,P0034,2026-04-09,2,117.36,Organic
O010890,C0173,P0038,2026-04-09,1,18.18,Email
O010891,C0459,P0001,2026-04-09,1,227.02,Paid
O010892,C0072,P0001,2026-04-09,1,227.02,Organic
O010893,C0058,P0015,2026-04-09,2,91.84,Referral
O010894,C0054,P0010,2026-04-09,3,119.4,Organic
O010895,C0079,P0014,2026-04-09,3,70.26,Organic
O010896,C0394,P0012,2026-04-09,2,164.04,Organic
O010897,C0459,P0016,2026-04-09,2,114.0,Organic
O010898,C0425,P0018,2026-04-09,2,98.38,Organic
O010899,C0327,P0039,2026-04-09,2,207.16,Organic
O010900,C0368,P0039,2026-04-09,2,207.16,Organic
O010901,C0641,P0034,2026-04-09,2,117.36,Paid
O010902,C0792,P0038,2026-04-09,3,54.54,Organic
O010903,C0706,P0008,2026-04-10,2,453.06,Organic
O010904,C0049,P0013,2026-04-10,2,111.4,Organic
O010905,C0536,P0022,2026-04-10,1,50.39,Paid
O010906,C0396,P0018,2026-04-10,2,98.38,Referral
O010907,C0678,P0022,2026-04-10,3,151.17,Paid
O010908,C0540,P0022,2026-04-10,2,100.78,Paid
O010909,C0346,P0031,2026-04-10,2,76.24,Organic
O010910,C0030,P0030,2026-04-10,1,34.69,Organic
O010911,C0190,P0034,2026-04-10,1,58.68,Paid
O010912,C0270,P0037,2026-04-10,1,41.57,Organic
O010913,C0600,P0033,2026-04-10,3,264.75,Organic
O010914,C0490,P0006,2026-04-10,1,65.8,Referral
O010915,C0295,P0003,2026-04-10,1,197.46,Paid
O010916,C0216,P0001,2026-04-10,1,227.02,Organic
O010917,C0099,P0005,2026-04-10,3,1037.07,Email
O010918,C0463,P0010,2026-04-10,3,119.4,Paid
O010919,C0682,P0015,2026-04-10,2,91.84,Organic
O010920,C0383,P0015,2026-04-10,3,137.76,Paid
O010921,C0441,P0016,2026-04-10,2,114.0,Referral
O010922,C0492,P0018,2026-04-10,1,49.19,Paid
O010923,C0676,P0019,2026-04-10,3,398.85,Referral
O010924,C0489,P0031,2026-04-10,2,76.24,Organic
O010925,C0295,P0025,2026-04-10,3,116.61,Referral
O010926,C0035,P0038,2026-04-10,3,54.54,Paid
O010927,C0226,P0033,2026-04-10,3,264.75,Referral
O010928,C0017,P0006,2026-04-10,3,197.4,Email
O010929,C0660,P0013,2026-04-10,2,111.4,Paid
O010930,C0660,P0010,2026-04-10,3,119.4,Paid
O010931,C0636,P0020,2026-04-10,3,238.41,Email
O010932,C0247,P0030,2026-04-10,2,69.38,Paid
O010933,C0601,P0028,2026-04-10,3,125.52,Paid
O010934,C0506,P0031,2026-04-10,2,76.24,Organic
O010935,C0711,P0032,2026-04-10,1,35.42,Organic
O010936,C0154,P0040,2026-04-10,1,63.16,Paid
O010937,C0106,P0036,2026-04-10,1,72.11,Email
O010938,C0514,P0002,2026-04-10,3,556.2,Email
O010939,C0023,P0004,2026-04-10,2,338.46,Organic
O010940,C0089,P0005,2026-04-10,3,1037.07,Organic
O010941,C0785,P0008,2026-04-10,2,453.06,Paid
O010942,C0643,P0006,2026-04-10,3,197.4,Paid
O010943,C0064,P0002,2026-04-10,1,185.4,Organic
O010944,C0031,P0013,2026-04-10,2,111.4,Email
O010945,C0124,P0009,2026-04-10,1,59.01,Paid
O010946,C0514,P0019,2026-04-10,2,265.9,Email
O010947,C0734,P0018,2026-04-10,1,49.19,Organic
O010948,C0347,P0026,2026-04-10,1,56.61,Paid
O010949,C0519,P0032,2026-04-10,2,70.84,Organic
O010950,C0486,P0032,2026-04-10,3,106.26,Organic
O010951,C0185,P0030,2026-04-10,1,34.69,Organic
O010952,C0016,P0036,2026-04-10,1,72.11,Organic
O010953,C0062,P0039,2026-04-10,3,310.74,Organic
O010954,C0425,P0040,2026-04-10,3,189.48,Referral
O010955,C0403,P0015,2026-04-11,3,137.76,Organic
O010956,C0706,P0011,2026-04-11,2,62.62,Organic
O010957,C0118,P0016,2026-04-11,2,114.0,Paid
O010958,C0602,P0022,2026-04-11,3,151.17,Referral
O010959,C0406,P0028,2026-04-11,1,41.84,Paid
O010960,C0555,P0028,2026-04-11,1,41.84,Organic
O010961,C0547,P0029,2026-04-11,3,51.9,Organic
O010962,C0250,P0038,2026-04-11,2,36.36,Paid
O010963,C0364,P0037,2026-04-11,2,83.14,Paid
O010964,C0599,P0003,2026-04-11,2,394.92,Organic
O010965,C0728,P0011,2026-04-11,2,62.62,Email
O010966,C0566,P0010,2026-04-11,3,119.4,Paid
O010967,C0473,P0014,2026-04-11,1,23.42,Referral
O010968,C0298,P0015,2026-04-11,2,91.84,Organic
O010969,C0321,P0015,2026-04-11,1,45.92,Email
O010970,C0577,P0012,2026-04-11,2,164.04,Email
O010971,C0771,P0021,2026-04-11,3,179.82,Organic
O010972,C0344,P0024,2026-04-11,3,336.42,Organic
O010973,C0578,P0023,2026-04-11,3,275.97,Referral
O010974,C0753,P0021,2026-04-11,1,59.94,Organic
O010975,C0543,P0018,2026-04-11,3,147.57,Organic
O010976,C0529,P0032,2026-04-11,2,70.84,Email
O010977,C0249,P0026,2026-04-11,3,169.83,Organic
O010978,C0715,P0033,2026-04-11,2,176.5,Email
O010979,C0434,P0001,2026-04-11,1,227.02,Organic
O010980,C0009,P0006,2026-04-11,1,65.8,Paid
O010981,C0709,P0001,2026-04-11,1,227.02,Organic
O010982,C0357,P0003,2026-04-11,3,592.38,Paid
O010983,C0021,P0012,2026-04-11,3,246.06,Referral
O010984,C0616,P0014,2026-04-11,3,70.26,Organic
O010985,C0700,P0014,2026-04-11,3,70.26,Paid
O010986,C0345,P0024,2026-04-11,3,336.42,Organic
O010987,C0127,P0017,2026-04-11,2,49.36,Paid
O010988,C0362,P0017,2026-04-11,3,74.04,Organic
O010989,C0755,P0023,2026-04-11,1,91.99,Email
O010990,C0528,P0025,2026-04-11,1,38.87,Referral
O010991,C0323,P0027,2026-04-11,3,80.19,Email
O010992,C0009,P0037,2026-04-11,1,41.57,Organic
O010993,C0288,P0038,2026-04-11,2,36.36,Organic
O010994,C0635,P0037,2026-04-11,1,41.57,Email
O010995,C0211,P0007,2026-04-11,2,340.62,Paid
O010996,C0211,P0012,2026-04-11,3,246.06,Paid
O010997,C0272,P0009,2026-04-11,2,118.02,Paid
O010998,C0618,P0024,2026-04-11,1,112.14,Paid
O010999,C0592,P0023,2026-04-11,3,275.97,Organic
O011000,C0058,P0021,2026-04-11,3,179.82,Organic
O011001,C0435,P0022,2026-04-11,3,151.17,Email
O011002,C0686,P0021,2026-04-11,3,179.82,Organic
O011003,C0581,P0023,2026-04-11,2,183.98,Email
O011004,C0457,P0023,2026-04-11,2,183.98,Email
O011005,C0149,P0030,2026-04-11,1,34.69,Organic
O011006,C0109,P0040,2026-04-11,1,63.16,Organic
O011007,C0772,P0037,2026-04-11,2,83.14,Organic
O011008,C0302,P0037,2026-04-11,1,41.57,Organic
O011009,C0251,P0038,2026-04-11,2,36.36,Paid
O011010,C0486,P0037,2026-04-11,3,124.71,Organic
O011011,C0777,P0006,2026-04-12,1,65.8,Organic
O011012,C0364,P0007,2026-04-12,3,510.93,Paid
O011013,C0789,P0006,2026-04-12,1,65.8,Organic
O011014,C0266,P0010,2026-04-12,3,119.4,Paid
O011015,C0384,P0009,2026-04-12,1,59.01,Organic
O011016,C0774,P0013,2026-04-12,3,167.1,Organic
O011017,C0332,P0010,2026-04-12,1,39.8,Organic
O011018,C0474,P0021,2026-04-12,2,119.88,Organic
O011019,C0346,P0032,2026-04-12,2,70.84,Paid
O011020,C0774,P0029,2026-04-12,2,34.6,Referral
O011021,C0230,P0028,2026-04-12,2,83.68,Organic
O011022,C0426,P0038,2026-04-12,3,54.54,Email
O011023,C0341,P0033,2026-04-12,2,176.5,Organic
O011024,C0048,P0034,2026-04-12,1,58.68,Organic
O011025,C0169,P0033,2026-04-12,1,88.25,Email
O011026,C0426,P0033,2026-04-12,2,176.5,Organic
O011027,C0309,P0008,2026-04-12,2,453.06,Paid
O011028,C0666,P0004,2026-04-12,3,507.69,Email
O011029,C0577,P0007,2026-04-12,3,510.93,Organic
O011030,C0067,P0002,2026-04-12,3,556.2,Email
O011031,C0632,P0014,2026-04-12,1,23.42,Organic
O011032,C0570,P0016,2026-04-12,2,114.0,Paid
O011033,C0321,P0009,2026-04-12,1,59.01,Organic
O011034,C0566,P0011,2026-04-12,3,93.93,Referral
O011035,C0537,P0013,2026-04-12,3,167.1,Paid
O011036,C0537,P0022,2026-04-12,2,100.78,Paid
O011037,C0640,P0019,2026-04-12,2,265.9,Paid
O011038,C0295,P0024,2026-04-12,2,224.28,Organic
O011039,C0246,P0020,2026-04-12,2,158.94,Organic
O011040,C0722,P0020,2026-04-12,2,158.94,Paid
O011041,C0473,P0018,2026-04-12,2,98.38,Organic
O011042,C0768,P0027,2026-04-12,1,26.73,Paid
O011043,C0533,P0027,2026-04-12,2,53.46,Email
O011044,C0682,P0030,2026-04-12,1,34.69,Referral
O011045,C0415,P0029,2026-04-12,1,17.3,Organic
O011046,C0767,P0034,2026-04-12,2,117.36,Paid
O011047,C0676,P0037,2026-04-12,1,41.57,Organic
O011048,C0756,P0006,2026-04-12,1,65.8,Paid
O011049,C0114,P0002,2026-04-12,1,185.4,Email
O011050,C0001,P0004,2026-04-12,1,169.23,Paid
O011051,C0562,P0010,2026-04-12,2,79.6,Organic
O011052,C0015,P0015,2026-04-12,1,45.92,Paid
O011053,C0450,P0012,2026-04-12,2,164.04,Referral
O011054,C0589,P0017,2026-04-12,1,24.68,Paid
O011055,C0562,P0021,2026-04-12,2,119.88,Organic
O011056,C0700,P0022,2026-04-12,3,151.17,Email
O011057,C0683,P0022,2026-04-12,3,151.17,Paid
O011058,C0339,P0032,2026-04-12,3,106.26,Email
O011059,C0389,P0026,2026-04-12,3,169.83,Paid
O011060,C0288,P0027,2026-04-12,2,53.46,Organic
O011061,C0635,P0027,2026-04-12,3,80.19,Paid
O011062,C0171,P0025,2026-04-12,2,77.74,Paid
O011063,C0784,P0031,2026-04-12,3,114.36,Organic
O011064,C0100,P0034,2026-04-12,2,117.36,Email
O011065,C0648,P0039,2026-04-12,2,207.16,Email
O011066,C0766,P0038,2026-04-12,3,54.54,Paid
O011067,C0210,P0005,2026-04-12,1,345.69,Organic
O011068,C0368,P0006,2026-04-12,3,197.4,Email
O011069,C0367,P0014,2026-04-12,3,70.26,Organic
O011070,C0686,P0024,2026-04-12,2,224.28,Organic
O011071,C0466,P0024,2026-04-12,1,112.14,Email
O011072,C0156,P0023,2026-04-12,1,91.99,Organic
O011073,C0074,P0032,2026-04-12,3,106.26,Paid
O011074,C0762,P0030,2026-04-12,3,104.07,Email
O011075,C0204,P0026,2026-04-12,2,113.22,Paid
O011076,C0024,P0031,2026-04-12,3,114.36,Organic
O011077,C0733,P0026,2026-04-12,1,56.61,Email
O011078,C0204,P0030,2026-04-12,3,104.07,Organic
O011079,C0228,P0027,2026-04-12,1,26.73,Organic
O011080,C0515,P0028,2026-04-12,3,125.52,Email
O011081,C0592,P0040,2026-04-12,3,189.48,Email
O011082,C0515,P0034,2026-04-12,3,176.04,Paid
O011083,C0082,P0007,2026-04-13,2,340.62,Organic
O011084,C0231,P0003,2026-04-13,2,394.92,Organic
O011085,C0712,P0003,2026-04-13,1,197.46,Paid
O011086,C0330,P0004,2026-04-13,2,338.46,Organic
O011087,C0712,P0004,2026-04-13,1,169.23,Paid
O011088,C0475,P0002,2026-04-13,1,185.4,Email
O011089,C0440,P0001,2026-04-13,3,681.06,Organic
O011090,C0303,P0012,2026-04-13,2,164.04,Email
O011091,C0078,P0019,2026-04-13,2,265.9,Organic
O011092,C0426,P0018,2026-04-13,3,147.57,Email
O011093,C0356,P0022,2026-04-13,2,100.78,Organic
O011094,C0642,P0017,2026-04-13,3,74.04,Organic
O011095,C0118,P0024,2026-04-13,1,112.14,Organic
O011096,C0773,P0023,2026-04-13,3,275.97,Email
O011097,C0376,P0033,2026-04-13,1,88.25,Paid
O011098,C0786,P0035,2026-04-13,2,176.5,Organic
O011099,C0375,P0039,2026-04-13,2,207.16,Email
O011100,C0748,P0037,2026-04-13,1,41.57,Organic
O011101,C0287,P0003,2026-04-13,3,592.38,Organic
O011102,C0753,P0007,2026-04-13,2,340.62,Paid
O011103,C0242,P0006,2026-04-13,1,65.8,Organic
O011104,C0080,P0015,2026-04-13,3,137.76,Paid
O011105,C0080,P0016,2026-04-13,3,171.0,Paid
O011106,C0053,P0024,2026-04-13,3,336.42,Organic
O011107,C0192,P0018,2026-04-13,3,147.57,Paid
O011108,C0463,P0024,2026-04-13,2,224.28,Email
O011109,C0676,P0024,2026-04-13,2,224.28,Organic
O011110,C0483,P0018,2026-04-13,2,98.38,Paid
O011111,C0370,P0029,2026-04-13,1,17.3,Email
O011112,C0730,P0040,2026-04-13,3,189.48,Organic
O011113,C0342,P0033,2026-04-13,2,176.5,Paid
O011114,C0754,P0014,2026-04-13,2,46.84,Referral
O011115,C0001,P0016,2026-04-13,2,114.0,Organic
O011116,C0038,P0009,2026-04-13,3,177.03,Organic
O011117,C0318,P0015,2026-04-13,2,91.84,Organic
O011118,C0725,P0013,2026-04-13,3,167.1,Organic
O011119,C0385,P0015,2026-04-13,2,91.84,Organic
O011120,C0559,P0016,2026-04-13,1,57.0,Organic
O011121,C0500,P0010,2026-04-13,3,119.4,Email
O011122,C0534,P0021,2026-04-13,2,119.88,Email
O011123,C0522,P0021,2026-04-13,1,59.94,Referral
O011124,C0407,P0025,2026-04-13,3,116.61,Paid
O011125,C0086,P0026,2026-04-13,3,169.83,Paid
O011126,C0255,P0039,2026-04-13,3,310.74,Organic
O011127,C0251,P0002,2026-04-13,1,185.4,Organic
O011128,C0031,P0016,2026-04-13,3,171.0,Organic
O011129,C0560,P0010,2026-04-13,2,79.6,Paid
O011130,C0772,P0012,2026-04-13,3,246.06,Organic
O011131,C0347,P0019,2026-04-13,3,398.85,Paid
O011132,C0606,P0025,2026-04-13,2,77.74,Paid
O011133,C0347,P0030,2026-04-13,1,34.69,Organic
O011134,C0031,P0027,2026-04-13,1,26.73,Paid
O011135,C0290,P0029,2026-04-13,3,51.9,Paid
O011136,C0798,P0010,2026-04-14,2,79.6,Organic
O011137,C0789,P0011,2026-04-14,2,62.62,Paid
O011138,C0769,P0023,2026-04-14,1,91.99,Referral
O011139,C0675,P0021,2026-04-14,1,59.94,Paid
O011140,C0167,P0031,2026-04-14,1,38.12,Paid
O011141,C0548,P0030,2026-04-14,2,69.38,Email
O011142,C0169,P0030,2026-04-14,1,34.69,Organic
O011143,C0165,P0039,2026-04-14,2,207.16,Organic
O011144,C0289,P0036,2026-04-14,2,144.22,Organic
O011145,C0080,P0008,2026-04-14,1,226.53,Paid
O011146,C0520,P0008,2026-04-14,2,453.06,Paid
O011147,C0091,P0004,2026-04-14,3,507.69,Email
O011148,C0640,P0012,2026-04-14,2,164.04,Referral
O011149,C0200,P0009,2026-04-14,2,118.02,Organic
O011150,C0736,P0013,2026-04-14,1,55.7,Organic
O011151,C0632,P0014,2026-04-14,1,23.42,Referral
O011152,C0245,P0022,2026-04-14,3,151.17,Paid
O011153,C0380,P0022,2026-04-14,1,50.39,Paid
O011154,C0447,P0019,2026-04-14,2,265.9,Organic
O011155,C0448,P0027,2026-04-14,2,53.46,Organic
O011156,C0490,P0034,2026-04-14,3,176.04,Paid
O011157,C0162,P0040,2026-04-14,2,126.32,Organic
O011158,C0256,P0040,2026-04-14,1,63.16,Paid
O011159,C0133,P0002,2026-04-14,1,185.4,Email
O011160,C0724,P0012,2026-04-14,1,82.02,Organic
O011161,C0111,P0012,2026-04-14,3,246.06,Email
O011162,C0429,P0014,2026-04-14,1,23.42,Organic
O011163,C0458,P0009,2026-04-14,3,177.03,Paid
O011164,C0661,P0023,2026-04-14,2,183.98,Paid
O011165,C0754,P0026,2026-04-14,3,169.83,Paid
O011166,C0003,P0028,2026-04-14,3,125.52,Email
O011167,C0138,P0027,2026-04-14,3,80.19,Email
O011168,C0005,P0028,2026-04-14,3,125.52,Email
O011169,C0563,P0030,2026-04-14,1,34.69,Organic
O011170,C0701,P0029,2026-04-14,3,51.9,Email
O011171,C0187,P0025,2026-04-14,3,116.61,Organic
O011172,C0453,P0038,2026-04-14,2,36.36,Referral
O011173,C0648,P0038,2026-04-14,2,36.36,Paid
O011174,C0392,P0037,2026-04-14,2,83.14,Email
O011175,C0124,P0006,2026-04-14,3,197.4,Organic
O011176,C0058,P0005,2026-04-14,3,1037.07,Organic
O011177,C0514,P0003,2026-04-14,3,592.38,Email
O011178,C0273,P0014,2026-04-14,1,23.42,Referral
O011179,C0301,P0014,2026-04-14,1,23.42,Email
O011180,C0267,P0011,2026-04-14,2,62.62,Paid
O011181,C0172,P0013,2026-04-14,1,55.7,Organic
O011182,C0480,P0017,2026-04-14,2,49.36,Organic
O011183,C0397,P0025,2026-04-14,3,116.61,Paid
O011184,C0027,P0032,2026-04-14,2,70.84,Referral
O011185,C0273,P0038,2026-04-14,2,36.36,Organic
O011186,C0273,P0033,2026-04-14,3,264.75,Organic
O011187,C0369,P0036,2026-04-14,2,144.22,Referral
O011188,C0541,P0037,2026-04-14,3,124.71,Paid
O011189,C0428,P0038,2026-04-14,3,54.54,Organic
O011190,C0092,P0006,2026-04-15,3,197.4,Organic
O011191,C0426,P0006,2026-04-15,1,65.8,Email
O011192,C0778,P0007,2026-04-15,2,340.62,Organic
O011193,C0536,P0009,2026-04-15,3,177.03,Paid
O011194,C0680,P0021,2026-04-15,1,59.94,Email
O011195,C0076,P0029,2026-04-15,3,51.9,Paid
O011196,C0794,P0036,2026-04-15,3,216.33,Paid
O011197,C0691,P0034,2026-04-15,3,176.04,Organic
O011198,C0720,P0002,2026-04-15,1,185.4,Organic
O011199,C0573,P0001,2026-04-15,1,227.02,Paid
O011200,C0121,P0008,2026-04-15,1,226.53,Paid
O011201,C0768,P0001,2026-04-15,3,681.06,Paid
O011202,C0520,P0015,2026-04-15,1,45.92,Organic
O011203,C0609,P0024,2026-04-15,1,112.14,Paid
O011204,C0447,P0023,2026-04-15,3,275.97,Organic
O011205,C0632,P0023,2026-04-15,3,275.97,Organic
O011206,C0570,P0024,2026-04-15,3,336.42,Email
O011207,C0212,P0029,2026-04-15,3,51.9,Email
O011208,C0437,P0032,2026-04-15,2,70.84,Email
O011209,C0091,P0030,2026-04-15,3,104.07,Organic
O011210,C0713,P0008,2026-04-15,3,679.59,Organic
O011211,C0565,P0015,2026-04-15,2,91.84,Organic
O011212,C0553,P0009,2026-04-15,2,118.02,Organic
O011213,C0754,P0013,2026-04-15,3,167.1,Organic
O011214,C0114,P0016,2026-04-15,1,57.0,Referral
O011215,C0173,P0011,2026-04-15,1,31.31,Paid
O011216,C0739,P0010,2026-04-15,1,39.8,Referral
O011217,C0357,P0024,2026-04-15,2,224.28,Organic
O011218,C0083,P0022,2026-04-15,2,100.78,Organic
O011219,C0240,P0017,2026-04-15,3,74.04,Paid
O011220,C0318,P0021,2026-04-15,2,119.88,Paid
O011221,C0005,P0022,2026-04-15,1,50.39,Organic
O011222,C0453,P0033,2026-04-15,1,88.25,Paid
O011223,C0431,P0034,2026-04-15,1,58.68,Paid
O011224,C0229,P0003,2026-04-15,3,592.38,Paid
O011225,C0679,P0016,2026-04-15,2,114.0,Paid
O011226,C0626,P0013,2026-04-15,1,55.7,Paid
O011227,C0541,P0020,2026-04-15,1,79.47,Email
O011228,C0478,P0022,2026-04-15,2,100.78,Organic
O011229,C0369,P0018,2026-04-15,2,98.38,Organic
O011230,C0554,P0018,2026-04-15,1,49.19,Email
O011231,C0027,P0030,2026-04-15,1,34.69,Organic
O011232,C0186,P0036,2026-04-15,1,72.11,Paid
O011233,C0748,P0005,2026-04-16,2,691.38,Referral
O011234,C0426,P0008,2026-04-16,1,226.53,Referral
O011235,C0112,P0002,2026-04-16,3,556.2,Paid
O011236,C0334,P0004,2026-04-16,1,169.23,Organic
O011237,C0328,P0007,2026-04-16,1,170.31,Organic
O011238,C0328,P0002,2026-04-16,1,185.4,Email
O011239,C0354,P0005,2026-04-16,3,1037.07,Organic
O011240,C0209,P0015,2026-04-16,1,45.92,Referral
O011241,C0432,P0015,2026-04-16,1,45.92,Organic
O011242,C0297,P0015,2026-04-16,3,137.76,Organic
O011243,C0356,P0017,2026-04-16,3,74.04,Referral
O011244,C0356,P0018,2026-04-16,3,147.57,Email
O011245,C0642,P0021,2026-04-16,1,59.94,Paid
O011246,C0423,P0018,2026-04-16,1,49.19,Referral
O011247,C0170,P0025,2026-04-16,2,77.74,Organic
O011248,C0161,P0029,2026-04-16,3,51.9,Email
O011249,C0396,P0032,2026-04-16,1,35.42,Organic
O011250,C0092,P0033,2026-04-16,2,176.5,Organic
O011251,C0602,P0039,2026-04-16,2,207.16,Email
O011252,C0174,P0040,2026-04-16,1,63.16,Referral
O011253,C0502,P0011,2026-04-16,1,31.31,Paid
O011254,C0586,P0012,2026-04-16,3,246.06,Referral
O011255,C0629,P0010,2026-04-16,3,119.4,Organic
O011256,C0043,P0012,2026-04-16,3,246.06,Email
O011257,C0317,P0024,2026-04-16,1,112.14,Paid
O011258,C0226,P0031,2026-04-16,1,38.12,Email
O011259,C0659,P0036,2026-04-16,1,72.11,Referral
O011260,C0596,P0040,2026-04-16,3,189.48,Email
O011261,C0038,P0005,2026-04-16,1,345.69,Paid
O011262,C0709,P0007,2026-04-16,2,340.62,Organic
O011263,C0362,P0015,2026-04-16,2,91.84,Paid
O011264,C0015,P0027,2026-04-16,1,26.73,Paid
O011265,C0409,P0030,2026-04-16,2,69.38,Paid
O011266,C0434,P0030,2026-04-16,3,104.07,Paid
O011267,C0496,P0036,2026-04-16,1,72.11,Organic
O011268,C0154,P0035,2026-04-16,1,88.25,Organic
O011269,C0702,P0035,2026-04-16,1,88.25,Organic
O011270,C0343,P0006,2026-04-16,2,131.6,Organic
O011271,C0251,P0008,2026-04-16,2,453.06,Paid
O011272,C0197,P0001,2026-04-16,3,681.06,Organic
O011273,C0236,P0001,2026-04-16,1,227.02,Organic
O011274,C0770,P0006,2026-04-16,3,197.4,Organic
O011275,C0626,P0015,2026-04-16,3,137.76,Paid
O011276,C0435,P0015,2026-04-16,2,91.84,Paid
O011277,C0674,P0021,2026-04-16,2,119.88,Organic
O011278,C0671,P0030,2026-04-16,2,69.38,Paid
O011279,C0436,P0032,2026-04-16,1,35.42,Organic
O011280,C0197,P0030,2026-04-16,2,69.38,Organic
O011281,C0047,P0035,2026-04-16,3,264.75,Organic
O011282,C0285,P0036,2026-04-16,2,144.22,Organic
O011283,C0678,P0007,2026-04-17,3,510.93,Paid
O011284,C0619,P0006,2026-04-17,1,65.8,Organic
O011285,C0170,P0014,2026-04-17,2,46.84,Paid
O011286,C0602,P0009,2026-04-17,2,118.02,Organic
O011287,C0740,P0013,2026-04-17,2,111.4,Email
O011288,C0034,P0023,2026-04-17,1,91.99,Email
O011289,C0401,P0021,2026-04-17,3,179.82,Email
O011290,C0055,P0017,2026-04-17,1,24.68,Referral
O011291,C0230,P0026,2026-04-17,3,169.83,Organic
O011292,C0372,P0032,2026-04-17,2,70.84,Organic
O011293,C0657,P0037,2026-04-17,2,83.14,Paid
O011294,C0046,P0040,2026-04-17,3,189.48,Email
O011295,C0781,P0006,2026-04-17,3,197.4,Organic
O011296,C0216,P0002,2026-04-17,2,370.8,Organic
O011297,C0249,P0012,2026-04-17,2,164.04,Paid
O011298,C0271,P0017,2026-04-17,3,74.04,Paid
O011299,C0040,P0021,2026-04-17,1,59.94,Paid
O011300,C0570,P0018,2026-04-17,1,49.19,Paid
O011301,C0632,P0017,2026-04-17,1,24.68,Referral
O011302,C0687,P0029,2026-04-17,2,34.6,Email
O011303,C0730,P0029,2026-04-17,1,17.3,Email
O011304,C0776,P0031,2026-04-17,3,114.36,Paid
O011305,C0119,P0032,2026-04-17,1,35.42,Email
O011306,C0484,P0036,2026-04-17,1,72.11,Paid
O011307,C0492,P0034,2026-04-17,3,176.04,Organic
O011308,C0732,P0039,2026-04-17,3,310.74,Paid
O011309,C0408,P0010,2026-04-17,3,119.4,Paid
O011310,C0527,P0032,2026-04-17,3,106.26,Organic
O011311,C0797,P0032,2026-04-17,3,106.26,Paid
O011312,C0015,P0032,2026-04-17,3,106.26,Organic
O011313,C0563,P0037,2026-04-17,3,124.71,Organic
O011314,C0393,P0036,2026-04-17,2,144.22,Organic
O011315,C0407,P0034,2026-04-17,3,176.04,Email
O011316,C0064,P0007,2026-04-17,2,340.62,Organic
O011317,C0265,P0004,2026-04-17,3,507.69,Paid
O011318,C0183,P0012,2026-04-17,1,82.02,Paid
O011319,C0541,P0014,2026-04-17,2,46.84,Paid
O011320,C0592,P0023,2026-04-17,3,275.97,Organic
O011321,C0368,P0028,2026-04-17,3,125.52,Email
O011322,C0800,P0032,2026-04-17,2,70.84,Organic
O011323,C0542,P0027,2026-04-17,1,26.73,Paid
O011324,C0692,P0036,2026-04-17,2,144.22,Paid
O011325,C0156,P0036,2026-04-17,3,216.33,Paid
O011326,C0387,P0035,2026-04-17,3,264.75,Organic
O011327,C0498,P0008,2026-04-18,1,226.53,Paid
O011328,C0376,P0004,2026-04-18,1,169.23,Organic
O011329,C0416,P0008,2026-04-18,3,679.59,Organic
O011330,C0283,P0007,2026-04-18,1,170.31,Paid
O011331,C0547,P0006,2026-04-18,3,197.4,Referral
O011332,C0004,P0013,2026-04-18,1,55.7,Organic
O011333,C0548,P0024,2026-04-18,2,224.28,Paid
O011334,C0174,P0021,2026-04-18,3,179.82,Paid
O011335,C0004,P0038,2026-04-18,2,36.36,Organic
O011336,C0161,P0040,2026-04-18,1,63.16,Organic
O011337,C0460,P0040,2026-04-18,1,63.16,Referral
O011338,C0441,P0006,2026-04-18,2,131.6,Organic
O011339,C0764,P0014,2026-04-18,1,23.42,Organic
O011340,C0099,P0019,2026-04-18,2,265.9,Paid
O011341,C0316,P0017,2026-04-18,2,49.36,Paid
O011342,C0454,P0024,2026-04-18,2,224.28,Referral
O011343,C0238,P0036,2026-04-18,3,216.33,Referral
O011344,C0121,P0039,2026-04-18,1,103.58,Organic
O011345,C0483,P0038,2026-04-18,1,18.18,Email
O011346,C0102,P0038,2026-04-18,1,18.18,Paid
O011347,C0669,P0006,2026-04-18,1,65.8,Referral
O011348,C0015,P0010,2026-04-18,2,79.6,Paid
O011349,C0670,P0015,2026-04-18,3,137.76,Email
O011350,C0616,P0015,2026-04-18,1,45.92,Email
O011351,C0003,P0023,2026-04-18,2,183.98,Organic
O011352,C0252,P0017,2026-04-18,3,74.04,Paid
O011353,C0670,P0018,2026-04-18,2,98.38,Organic
O011354,C0464,P0028,2026-04-18,1,41.84,Organic
O011355,C0171,P0027,2026-04-18,3,80.19,Paid
O011356,C0653,P0038,2026-04-18,1,18.18,Organic
O011357,C0015,P0037,2026-04-18,1,41.57,Paid
O011358,C0217,P0039,2026-04-18,3,310.74,Organic
O011359,C0522,P0040,2026-04-18,1,63.16,Organic
O011360,C0734,P0009,2026-04-18,3,177.03,Organic
O011361,C0402,P0036,2026-04-18,2,144.22,Organic
O011362,C0050,P0033,2026-04-18,3,264.75,Organic
O011363,C0662,P0033,2026-04-18,1,88.25,Paid
O011364,C0603,P0009,2026-04-19,3,177.03,Organic
O011365,C0364,P0010,2026-04-19,3,119.4,Organic
O011366,C0712,P0012,2026-04-19,3,246.06,Organic
O011367,C0384,P0014,2026-04-19,3,70.26,Organic
O011368,C0468,P0023,2026-04-19,3,275.97,Email
O011369,C0328,P0021,2026-04-19,1,59.94,Organic
O011370,C0375,P0028,2026-04-19,3,125.52,Paid
O011371,C0044,P0027,2026-04-19,2,53.46,Organic
O011372,C0540,P0026,2026-04-19,2,113.22,Referral
O011373,C0696,P0036,2026-04-19,3,216.33,Paid
O011374,C0706,P0034,2026-04-19,2,117.36,Paid
O011375,C0614,P0007,2026-04-19,3,510.93,Paid
O011376,C0377,P0006,2026-04-19,1,65.8,Organic
O011377,C0596,P0005,2026-04-19,3,1037.07,Organic
O011378,C0295,P0014,2026-04-19,3,70.26,Organic
O011379,C0526,P0013,2026-04-19,1,55.7,Paid
O011380,C0615,P0013,2026-04-19,1,55.7,Organic
O011381,C0257,P0014,2026-04-19,3,70.26,Paid
O011382,C0578,P0023,2026-04-19,3,275.97,Paid
O011383,C0129,P0019,2026-04-19,3,398.85,Organic
O011384,C0101,P0019,2026-04-19,2,265.9,Organic
O011385,C0117,P0020,2026-04-19,2,158.94,Referral
O011386,C0780,P0024,2026-04-19,2,224.28,Paid
O011387,C0760,P0024,2026-04-19,3,336.42,Referral
O011388,C0676,P0027,2026-04-19,2,53.46,Organic
O011389,C0543,P0030,2026-04-19,2,69.38,Email
O011390,C0771,P0028,2026-04-19,2,83.68,Organic
O011391,C0220,P0029,2026-04-19,3,51.9,Organic
O011392,C0202,P0030,2026-04-19,3,104.07,Paid
O011393,C0433,P0039,2026-04-19,2,207.16,Organic
O011394,C0728,P0035,2026-04-19,2,176.5,Email
O011395,C0577,P0040,2026-04-19,1,63.16,Referral
O011396,C0464,P0006,2026-04-19,2,131.6,Organic
O011397,C0744,P0007,2026-04-19,3,510.93,Email
O011398,C0038,P0007,2026-04-19,3,510.93,Email
O011399,C0565,P0005,2026-04-19,1,345.69,Organic
O011400,C0184,P0012,2026-04-19,2,164.04,Organic
O011401,C0508,P0011,2026-04-19,1,31.31,Paid
O011402,C0155,P0009,2026-04-19,2,118.02,Paid
O011403,C0797,P0013,2026-04-19,1,55.7,Organic
O011404,C0493,P0021,2026-04-19,3,179.82,Organic
O011405,C0227,P0017,2026-04-19,3,74.04,Paid
O011406,C0010,P0022,2026-04-19,1,50.39,Organic
O011407,C0450,P0029,2026-04-19,2,34.6,Paid
O011408,C0741,P0030,2026-04-19,2,69.38,Email
O011409,C0381,P0025,2026-04-19,3,116.61,Paid
O011410,C0452,P0035,2026-04-19,3,264.75,Organic
O011411,C0060,P0036,2026-04-19,1,72.11,Paid
O011412,C0021,P0035,2026-04-19,2,176.5,Email
O011413,C0562,P0037,2026-04-19,3,124.71,Email
O011414,C0323,P0036,2026-04-19,2,144.22,Paid
O011415,C0582,P0039,2026-04-19,2,207.16,Organic
O011416,C0362,P0033,2026-04-19,1,88.25,Paid
O011417,C0558,P0035,2026-04-19,2,176.5,Referral
O011418,C0061,P0006,2026-04-19,2,131.6,Email
O011419,C0467,P0003,2026-04-19,2,394.92,Email
O011420,C0499,P0002,2026-04-19,1,185.4,Organic
O011421,C0047,P0014,2026-04-19,3,70.26,Paid
O011422,C0047,P0016,2026-04-19,1,57.0,Paid
O011423,C0645,P0016,2026-04-19,1,57.0,Referral
O011424,C0462,P0016,2026-04-19,2,114.0,Organic
O011425,C0461,P0017,2026-04-19,3,74.04,Paid
O011426,C0775,P0024,2026-04-19,1,112.14,Organic
O011427,C0105,P0022,2026-04-19,3,151.17,Email
O011428,C0606,P0022,2026-04-19,2,100.78,Paid
O011429,C0618,P0020,2026-04-19,3,238.41,Organic
O011430,C0645,P0024,2026-04-19,2,224.28,Organic
O011431,C0024,P0031,2026-04-19,3,114.36,Paid
O011432,C0482,P0030,2026-04-19,1,34.69,Paid
O011433,C0028,P0031,2026-04-19,2,76.24,Referral
O011434,C0322,P0032,2026-04-19,2,70.84,Organic
O011435,C0704,P0028,2026-04-19,1,41.84,Paid
O011436,C0160,P0036,2026-04-19,3,216.33,Organic
O011437,C0618,P0036,2026-04-19,1,72.11,Organic
O011438,C0505,P0033,2026-04-19,2,176.5,Referral
O011439,C0147,P0040,2026-04-19,3,189.48,Organic
O011440,C0047,P0033,2026-04-19,2,176.5,Paid
O011441,C0376,P0005,2026-04-20,1,345.69,Organic
O011442,C0142,P0002,2026-04-20,1,185.4,Organic
O011443,C0076,P0005,2026-04-20,1,345.69,Organic
O011444,C0161,P0015,2026-04-20,3,137.76,Paid
O011445,C0004,P0009,2026-04-20,3,177.03,Organic
O011446,C0070,P0009,2026-04-20,2,118.02,Organic
O011447,C0631,P0018,2026-04-20,2,98.38,Organic
O011448,C0078,P0020,2026-04-20,2,158.94,Referral
O011449,C0044,P0018,2026-04-20,3,147.57,Email
O011450,C0603,P0019,2026-04-20,2,265.9,Organic
O011451,C0167,P0019,2026-04-20,1,132.95,Email
O011452,C0049,P0030,2026-04-20,1,34.69,Paid
O011453,C0789,P0038,2026-04-20,2,36.36,Organic
O011454,C0588,P0037,2026-04-20,2,83.14,Organic
O011455,C0678,P0033,2026-04-20,3,264.75,Organic
O011456,C0261,P0007,2026-04-20,2,340.62,Paid
O011457,C0521,P0009,2026-04-20,1,59.01,Organic
O011458,C0151,P0012,2026-04-20,3,246.06,Organic
O011459,C0151,P0019,2026-04-20,2,265.9,Organic
O011460,C0333,P0019,2026-04-20,1,132.95,Organic
O011461,C0573,P0023,2026-04-20,2,183.98,Organic
O011462,C0715,P0032,2026-04-20,3,106.26,Paid
O011463,C0743,P0030,2026-04-20,3,104.07,Organic
O011464,C0286,P0025,2026-04-20,3,116.61,Organic
O011465,C0791,P0032,2026-04-20,3,106.26,Paid
O011466,C0091,P0027,2026-04-20,2,53.46,Paid
O011467,C0232,P0040,2026-04-20,1,63.16,Paid
O011468,C0121,P0039,2026-04-20,2,207.16,Organic
O011469,C0492,P0040,2026-04-20,2,126.32,Organic
O011470,C0506,P0005,2026-04-20,1,345.69,Organic
O011471,C0700,P0003,2026-04-20,1,197.46,Organic
O011472,C0750,P0009,2026-04-20,2,118.02,Paid
O011473,C0582,P0021,2026-04-20,3,179.82,Paid
O011474,C0060,P0028,2026-04-20,1,41.84,Organic
O011475,C0766,P0028,2026-04-20,2,83.68,Organic
O011476,C0582,P0036,2026-04-20,1,72.11,Paid
O011477,C0585,P0008,2026-04-20,2,453.06,Email
O011478,C0122,P0009,2026-04-20,3,177.03,Paid
O011479,C0734,P0014,2026-04-20,2,46.84,Paid
O011480,C0481,P0020,2026-04-20,2,158.94,Organic
O011481,C0104,P0030,2026-04-20,3,104.07,Organic
O011482,C0022,P0031,2026-04-20,1,38.12,Email
O011483,C0302,P0031,2026-04-20,1,38.12,Email
O011484,C0147,P0025,2026-04-20,2,77.74,Email
O011485,C0301,P0029,2026-04-20,1,17.3,Referral
O011486,C0467,P0034,2026-04-20,1,58.68,Email
O011487,C0229,P0037,2026-04-20,3,124.71,Email
O011488,C0515,P0033,2026-04-20,3,264.75,Organic
O011489,C0273,P0038,2026-04-20,2,36.36,Organic
O011490,C0567,P0035,2026-04-20,1,88.25,Email
O011491,C0426,P0008,2026-04-21,3,679.59,Paid
O011492,C0354,P0008,2026-04-21,1,226.53,Paid
O011493,C0075,P0012,2026-04-21,3,246.06,Organic
O011494,C0416,P0021,2026-04-21,3,179.82,Paid
O011495,C0476,P0032,2026-04-21,2,70.84,Organic
O011496,C0241,P0028,2026-04-21,1,41.84,Organic
O011497,C0283,P0035,2026-04-21,3,264.75,Paid
O011498,C0309,P0006,2026-04-21,2,131.6,Referral
O011499,C0244,P0004,2026-04-21,1,169.23,Paid
O011500,C0590,P0005,2026-04-21,3,1037.07,Organic
O011501,C0529,P0023,2026-04-21,3,275.97,Organic
O011502,C0158,P0030,2026-04-21,3,104.07,Email
O011503,C0277,P0035,2026-04-21,1,88.25,Paid
O011504,C0415,P0035,2026-04-21,2,176.5,Organic
O011505,C0148,P0009,2026-04-21,3,177.03,Organic
O011506,C0259,P0014,2026-04-21,1,23.42,Organic
O011507,C0107,P0011,2026-04-21,3,93.93,Paid
O011508,C0239,P0018,2026-04-21,2,98.38,Referral
O011509,C0634,P0017,2026-04-21,3,74.04,Organic
O011510,C0111,P0027,2026-04-21,2,53.46,Referral
O011511,C0445,P0028,2026-04-21,2,83.68,Paid
O011512,C0084,P0037,2026-04-21,3,124.71,Paid
O011513,C0324,P0034,2026-04-21,2,117.36,Organic
O011514,C0373,P0040,2026-04-21,1,63.16,Referral
O011515,C0793,P0007,2026-04-21,2,340.62,Referral
O011516,C0481,P0010,2026-04-21,1,39.8,Paid
O011517,C0027,P0011,2026-04-21,1,31.31,Organic
O011518,C0652,P0028,2026-04-21,2,83.68,Paid
O011519,C0135,P0029,2026-04-21,1,17.3,Organic
O011520,C0785,P0029,2026-04-21,3,51.9,Paid
O011521,C0685,P0033,2026-04-21,2,176.5,Organic
O011522,C0480,P0036,2026-04-21,1,72.11,Paid
O011523,C0347,P0033,2026-04-21,3,264.75,Organic
O011524,C0459,P0038,2026-04-21,3,54.54,Email
O011525,C0794,P0007,2026-04-22,3,510.93,Email
O011526,C0576,P0007,2026-04-22,3,510.93,Referral
O011527,C0664,P0010,2026-04-22,2,79.6,Organic
O011528,C0250,P0012,2026-04-22,2,164.04,Organic
O011529,C0657,P0014,2026-04-22,2,46.84,Referral
O011530,C0468,P0015,2026-04-22,2,91.84,Organic
O011531,C0789,P0020,2026-04-22,3,238.41,Paid
O011532,C0708,P0020,2026-04-22,2,158.94,Paid
O011533,C0405,P0031,2026-04-22,1,38.12,Organic
O011534,C0619,P0030,2026-04-22,3,104.07,Paid
O011535,C0046,P0039,2026-04-22,2,207.16,Organic
O011536,C0292,P0007,2026-04-22,1,170.31,Email
O011537,C0668,P0002,2026-04-22,2,370.8,Email
O011538,C0501,P0006,2026-04-22,3,197.4,Organic
O011539,C0370,P0016,2026-04-22,3,171.0,Referral
O011540,C0575,P0019,2026-04-22,1,132.95,Organic
O011541,C0715,P0018,2026-04-22,1,49.19,Organic
O011542,C0720,P0032,2026-04-22,2,70.84,Email
O011543,C0212,P0028,2026-04-22,1,41.84,Paid
O011544,C0578,P0032,2026-04-22,2,70.84,Referral
O011545,C0096,P0033,2026-04-22,3,264.75,Organic
O011546,C0026,P0038,2026-04-22,1,18.18,Organic
O011547,C0620,P0035,2026-04-22,1,88.25,Paid
O011548,C0108,P0006,2026-04-22,3,197.4,Organic
O011549,C0673,P0013,2026-04-22,1,55.7,Paid
O011550,C0545,P0010,2026-04-22,3,119.4,Paid
O011551,C0114,P0017,2026-04-22,3,74.04,Organic
O011552,C0725,P0020,2026-04-22,3,238.41,Organic
O011553,C0562,P0017,2026-04-22,2,49.36,Paid
O011554,C0453,P0023,2026-04-22,2,183.98,Organic
O011555,C0672,P0025,2026-04-22,1,38.87,Paid
O011556,C0154,P0037,2026-04-22,2,83.14,Organic
O011557,C0422,P0038,2026-04-22,2,36.36,Email
O011558,C0681,P0005,2026-04-22,2,691.38,Organic
O011559,C0027,P0004,2026-04-22,1,169.23,Organic
O011560,C0638,P0016,2026-04-22,3,171.0,Organic
O011561,C0050,P0018,2026-04-22,2,98.38,Organic
O011562,C0792,P0021,2026-04-22,1,59.94,Organic
O011563,C0674,P0025,2026-04-22,2,77.74,Organic
O011564,C0229,P0026,2026-04-22,1,56.61,Organic
O011565,C0136,P0026,2026-04-22,1,56.61,Email
O011566,C0705,P0029,2026-04-22,1,17.3,Paid
O011567,C0645,P0032,2026-04-22,3,106.26,Paid
O011568,C0233,P0030,2026-04-22,3,104.07,Organic
O011569,C0301,P0030,2026-04-22,2,69.38,Organic
O011570,C0733,P0034,2026-04-22,2,117.36,Organic
O011571,C0178,P0005,2026-04-23,1,345.69,Organic
O011572,C0675,P0005,2026-04-23,1,345.69,Organic
O011573,C0319,P0001,2026-04-23,3,681.06,Paid
O011574,C0081,P0003,2026-04-23,1,197.46,Organic
O011575,C0270,P0004,2026-04-23,2,338.46,Organic
O011576,C0280,P0013,2026-04-23,3,167.1,Organic
O011577,C0786,P0014,2026-04-23,1,23.42,Organic
O011578,C0698,P0009,2026-04-23,2,118.02,Organic
O011579,C0540,P0012,2026-04-23,2,164.04,Organic
O011580,C0055,P0014,2026-04-23,3,70.26,Paid
O011581,C0706,P0022,2026-04-23,1,50.39,Organic
O011582,C0769,P0025,2026-04-23,3,116.61,Organic
O011583,C0769,P0026,2026-04-23,1,56.61,Email
O011584,C0384,P0031,2026-04-23,3,114.36,Organic
O011585,C0364,P0029,2026-04-23,3,51.9,Organic
O011586,C0403,P0030,2026-04-23,1,34.69,Referral
O011587,C0675,P0027,2026-04-23,1,26.73,Organic
O011588,C0396,P0040,2026-04-23,2,126.32,Paid
O011589,C0319,P0038,2026-04-23,3,54.54,Email
O011590,C0076,P0033,2026-04-23,3,264.75,Organic
O011591,C0170,P0034,2026-04-23,1,58.68,Organic
O011592,C0354,P0037,2026-04-23,1,41.57,Organic
O011593,C0614,P0003,2026-04-23,1,197.46,Paid
O011594,C0212,P0005,2026-04-23,2,691.38,Organic
O011595,C0586,P0015,2026-04-23,3,137.76,Paid
O011596,C0087,P0023,2026-04-23,3,275.97,Organic
O011597,C0308,P0020,2026-04-23,1,79.47,Organic
O011598,C0307,P0024,2026-04-23,1,112.14,Organic
O011599,C0257,P0019,2026-04-23,1,132.95,Organic
O011600,C0271,P0019,2026-04-23,3,398.85,Organic
O011601,C0212,P0024,2026-04-23,1,112.14,Paid
O011602,C0609,P0018,2026-04-23,3,147.57,Email
O011603,C0243,P0029,2026-04-23,3,51.9,Organic
O011604,C0640,P0026,2026-04-23,3,169.83,Paid
O011605,C0380,P0034,2026-04-23,2,117.36,Organic
O011606,C0666,P0034,2026-04-23,1,58.68,Referral
O011607,C0067,P0035,2026-04-23,3,264.75,Paid
O011608,C0682,P0039,2026-04-23,2,207.16,Organic
O011609,C0010,P0004,2026-04-23,2,338.46,Email
O011610,C0464,P0003,2026-04-23,3,592.38,Organic
O011611,C0288,P0007,2026-04-23,3,510.93,Paid
O011612,C0716,P0007,2026-04-23,1,170.31,Referral
O011613,C0107,P0007,2026-04-23,1,170.31,Paid
O011614,C0506,P0011,2026-04-23,2,62.62,Email
O011615,C0351,P0010,2026-04-23,1,39.8,Organic
O011616,C0392,P0015,2026-04-23,3,137.76,Organic
O011617,C0362,P0014,2026-04-23,1,23.42,Email
O011618,C0538,P0011,2026-04-23,1,31.31,Organic
O011619,C0556,P0014,2026-04-23,2,46.84,Organic
O011620,C0138,P0018,2026-04-23,1,49.19,Paid
O011621,C0451,P0031,2026-04-23,2,76.24,Organic
O011622,C0144,P0031,2026-04-23,1,38.12,Organic
O011623,C0009,P0035,2026-04-23,2,176.5,Organic
O011624,C0673,P0034,2026-04-23,3,176.04,Referral
O011625,C0288,P0033,2026-04-23,3,264.75,Email
O011626,C0362,P0034,2026-04-23,2,117.36,Email
O011627,C0149,P0003,2026-04-23,3,592.38,Email
O011628,C0581,P0006,2026-04-23,2,131.6,Paid
O011629,C0347,P0005,2026-04-23,1,345.69,Email
O011630,C0301,P0002,2026-04-23,2,370.8,Organic
O011631,C0079,P0013,2026-04-23,3,167.1,Email
O011632,C0285,P0016,2026-04-23,2,114.0,Organic
O011633,C0574,P0015,2026-04-23,3,137.76,Paid
O011634,C0037,P0018,2026-04-23,1,49.19,Organic
O011635,C0792,P0020,2026-04-23,3,238.41,Paid
O011636,C0089,P0028,2026-04-23,1,41.84,Paid
O011637,C0365,P0027,2026-04-23,3,80.19,Organic
O011638,C0314,P0030,2026-04-23,1,34.69,Organic
O011639,C0482,P0032,2026-04-23,1,35.42,Email
O011640,C0061,P0025,2026-04-23,2,77.74,Paid
O011641,C0587,P0030,2026-04-23,2,69.38,Organic
O011642,C0024,P0032,2026-04-23,2,70.84,Paid
O011643,C0197,P0037,2026-04-23,2,83.14,Email
O011644,C0228,P0039,2026-04-23,1,103.58,Paid
O011645,C0193,P0001,2026-04-24,3,681.06,Email
O011646,C0706,P0008,2026-04-24,3,679.59,Referral
O011647,C0539,P0008,2026-04-24,1,226.53,Organic
O011648,C0335,P0004,2026-04-24,2,338.46,Paid
O011649,C0250,P0008,2026-04-24,3,679.59,Referral
O011650,C0607,P0013,2026-04-24,3,167.1,Email
O011651,C0691,P0012,2026-04-24,2,164.04,Email
O011652,C0055,P0024,2026-04-24,2,224.28,Email
O011653,C0740,P0024,2026-04-24,2,224.28,Organic
O011654,C0123,P0021,2026-04-24,3,179.82,Email
O011655,C0474,P0028,2026-04-24,1,41.84,Organic
O011656,C0675,P0032,2026-04-24,1,35.42,Paid
O011657,C0075,P0025,2026-04-24,3,116.61,Paid
O011658,C0421,P0034,2026-04-24,2,117.36,Email
O011659,C0795,P0038,2026-04-24,1,18.18,Organic
O011660,C0600,P0034,2026-04-24,3,176.04,Paid
O011661,C0131,P0006,2026-04-24,1,65.8,Organic
O011662,C0586,P0018,2026-04-24,2,98.38,Email
O011663,C0605,P0021,2026-04-24,1,59.94,Organic
O011664,C0463,P0027,2026-04-24,3,80.19,Email
O011665,C0399,P0030,2026-04-24,3,104.07,Referral
O011666,C0151,P0030,2026-04-24,1,34.69,Email
O011667,C0212,P0039,2026-04-24,3,310.74,Paid
O011668,C0651,P0037,2026-04-24,2,83.14,Paid
O011669,C0445,P0005,2026-04-24,2,691.38,Referral
O011670,C0003,P0003,2026-04-24,2,394.92,Organic
O011671,C0427,P0008,2026-04-24,1,226.53,Paid
O011672,C0138,P0003,2026-04-24,2,394.92,Email
O011673,C0199,P0015,2026-04-24,1,45.92,Email
O011674,C0660,P0020,2026-04-24,1,79.47,Paid
O011675,C0329,P0018,2026-04-24,2,98.38,Email
O011676,C0282,P0029,2026-04-24,3,51.9,Organic
O011677,C0247,P0029,2026-04-24,1,17.3,Organic
O011678,C0451,P0039,2026-04-24,2,207.16,Organic
O011679,C0626,P0003,2026-04-24,2,394.92,Paid
O011680,C0367,P0006,2026-04-24,1,65.8,Paid
O011681,C0234,P0007,2026-04-24,2,340.62,Organic
O011682,C0686,P0008,2026-04-24,1,226.53,Email
O011683,C0343,P0011,2026-04-24,1,31.31,Paid
O011684,C0313,P0015,2026-04-24,1,45.92,Organic
O011685,C0237,P0012,2026-04-24,2,164.04,Organic
O011686,C0688,P0018,2026-04-24,3,147.57,Paid
O011687,C0800,P0017,2026-04-24,3,74.04,Organic
O011688,C0183,P0024,2026-04-24,2,224.28,Organic
O011689,C0519,P0023,2026-04-24,2,183.98,Organic
O011690,C0598,P0030,2026-04-24,2,69.38,Organic
O011691,C0705,P0027,2026-04-24,1,26.73,Referral
O011692,C0124,P0039,2026-04-24,3,310.74,Organic
O011693,C0664,P0004,2026-04-25,2,338.46,Organic
O011694,C0341,P0005,2026-04-25,1,345.69,Organic
O011695,C0548,P0008,2026-04-25,1,226.53,Organic
O011696,C0334,P0011,2026-04-25,2,62.62,Referral
O011697,C0680,P0012,2026-04-25,1,82.02,Organic
O011698,C0034,P0018,2026-04-25,2,98.38,Email
O011699,C0075,P0037,2026-04-25,3,124.71,Organic
O011700,C0085,P0038,2026-04-25,3,54.54,Organic
O011701,C0569,P0033,2026-04-25,3,264.75,Paid
O011702,C0297,P0039,2026-04-25,2,207.16,Referral
O011703,C0326,P0002,2026-04-25,1,185.4,Organic
O011704,C0151,P0003,2026-04-25,3,592.38,Organic
O011705,C0586,P0005,2026-04-25,1,345.69,Paid
O011706,C0447,P0002,2026-04-25,2,370.8,Referral
O011707,C0753,P0008,2026-04-25,2,453.06,Organic
O011708,C0091,P0002,2026-04-25,2,370.8,Paid
O011709,C0043,P0011,2026-04-25,3,93.93,Paid
O011710,C0096,P0009,2026-04-25,2,118.02,Paid
O011711,C0767,P0024,2026-04-25,3,336.42,Paid
O011712,C0342,P0022,2026-04-25,2,100.78,Referral
O011713,C0243,P0032,2026-04-25,3,106.26,Organic
O011714,C0549,P0034,2026-04-25,1,58.68,Referral
O011715,C0571,P0039,2026-04-25,3,310.74,Paid
O011716,C0043,P0035,2026-04-25,3,264.75,Paid
O011717,C0736,P0039,2026-04-25,3,310.74,Paid
O011718,C0001,P0002,2026-04-25,1,185.4,Organic
O011719,C0138,P0009,2026-04-25,2,118.02,Paid
O011720,C0357,P0013,2026-04-25,1,55.7,Paid
O011721,C0412,P0009,2026-04-25,2,118.02,Paid
O011722,C0477,P0018,2026-04-25,1,49.19,Email
O011723,C0739,P0020,2026-04-25,3,238.41,Referral
O011724,C0458,P0018,2026-04-25,3,147.57,Paid
O011725,C0724,P0019,2026-04-25,3,398.85,Paid
O011726,C0171,P0032,2026-04-25,2,70.84,Paid
O011727,C0669,P0030,2026-04-25,1,34.69,Organic
O011728,C0719,P0030,2026-04-25,3,104.07,Email
O011729,C0001,P0032,2026-04-25,1,35.42,Organic
O011730,C0389,P0026,2026-04-25,1,56.61,Organic
O011731,C0725,P0035,2026-04-25,2,176.5,Paid
O011732,C0183,P0007,2026-04-25,2,340.62,Referral
O011733,C0251,P0008,2026-04-25,2,453.06,Organic
O011734,C0478,P0007,2026-04-25,3,510.93,Organic
O011735,C0525,P0016,2026-04-25,3,171.0,Organic
O011736,C0191,P0015,2026-04-25,2,91.84,Organic
O011737,C0400,P0013,2026-04-25,3,167.1,Organic
O011738,C0206,P0023,2026-04-25,1,91.99,Email
O011739,C0667,P0024,2026-04-25,3,336.42,Organic
O011740,C0065,P0027,2026-04-25,2,53.46,Paid
O011741,C0222,P0032,2026-04-25,3,106.26,Paid
O011742,C0800,P0026,2026-04-25,2,113.22,Paid
O011743,C0294,P0034,2026-04-25,1,58.68,Paid
O011744,C0681,P0034,2026-04-25,3,176.04,Referral
O011745,C0602,P0005,2026-04-26,1,345.69,Email
O011746,C0576,P0005,2026-04-26,1,345.69,Organic
O011747,C0630,P0013,2026-04-26,1,55.7,Paid
O011748,C0654,P0018,2026-04-26,2,98.38,Organic
O011749,C0215,P0036,2026-04-26,2,144.22,Organic
O011750,C0018,P0007,2026-04-26,2,340.62,Organic
O011751,C0521,P0011,2026-04-26,1,31.31,Paid
O011752,C0377,P0018,2026-04-26,2,98.38,Email
O011753,C0728,P0023,2026-04-26,3,275.97,Organic
O011754,C0220,P0018,2026-04-26,1,49.19,Organic
O011755,C0257,P0019,2026-04-26,1,132.95,Organic
O011756,C0232,P0028,2026-04-26,1,41.84,Organic
O011757,C0441,P0032,2026-04-26,2,70.84,Paid
O011758,C0659,P0039,2026-04-26,1,103.58,Organic
O011759,C0026,P0034,2026-04-26,2,117.36,Organic
O011760,C0635,P0006,2026-04-26,3,197.4,Email
O011761,C0269,P0003,2026-04-26,3,592.38,Email
O011762,C0553,P0002,2026-04-26,3,556.2,Email
O011763,C0155,P0001,2026-04-26,3,681.06,Referral
O011764,C0670,P0016,2026-04-26,3,171.0,Organic
O011765,C0747,P0010,2026-04-26,1,39.8,Organic
O011766,C0133,P0022,2026-04-26,2,100.78,Organic
O011767,C0661,P0018,2026-04-26,2,98.38,Organic
O011768,C0059,P0031,2026-04-26,1,38.12,Referral
O011769,C0450,P0029,2026-04-26,1,17.3,Organic
O011770,C0707,P0026,2026-04-26,3,169.83,Email
O011771,C0716,P0031,2026-04-26,1,38.12,Organic
O011772,C0156,P0004,2026-04-26,1,169.23,Organic
O011773,C0172,P0008,2026-04-26,3,679.59,Paid
O011774,C0751,P0020,2026-04-26,1,79.47,Organic
O011775,C0428,P0017,2026-04-26,3,74.04,Organic
O011776,C0237,P0021,2026-04-26,2,119.88,Organic
O011777,C0104,P0032,2026-04-26,2,70.84,Organic
O011778,C0542,P0028,2026-04-26,2,83.68,Email
O011779,C0560,P0033,2026-04-26,3,264.75,Paid
O011780,C0778,P0002,2026-04-27,1,185.4,Organic
O011781,C0401,P0005,2026-04-27,2,691.38,Paid
O011782,C0642,P0002,2026-04-27,3,556.2,Organic
O011783,C0348,P0002,2026-04-27,1,185.4,Referral
O011784,C0046,P0001,2026-04-27,1,227.02,Organic
O011785,C0248,P0015,2026-04-27,2,91.84,Email
O011786,C0416,P0012,2026-04-27,1,82.02,Paid
O011787,C0011,P0012,2026-04-27,3,246.06,Referral
O011788,C0588,P0016,2026-04-27,3,171.0,Organic
O011789,C0588,P0015,2026-04-27,1,45.92,Organic
O011790,C0708,P0030,2026-04-27,2,69.38,Email
O011791,C0475,P0032,2026-04-27,2,70.84,Organic
O011792,C0284,P0008,2026-04-27,1,226.53,Referral
O011793,C0101,P0012,2026-04-27,1,82.02,Paid
O011794,C0463,P0019,2026-04-27,1,132.95,Paid
O011795,C0566,P0020,2026-04-27,1,79.47,Organic
O011796,C0620,P0029,2026-04-27,1,17.3,Paid
O011797,C0791,P0029,2026-04-27,3,51.9,Paid
O011798,C0613,P0005,2026-04-27,3,1037.07,Paid
O011799,C0010,P0002,2026-04-27,2,370.8,Organic
O011800,C0392,P0016,2026-04-27,1,57.0,Organic
O011801,C0288,P0019,2026-04-27,2,265.9,Organic
O011802,C0670,P0018,2026-04-27,2,98.38,Organic
O011803,C0254,P0017,2026-04-27,1,24.68,Organic
O011804,C0434,P0032,2026-04-27,2,70.84,Paid
O011805,C0239,P0031,2026-04-27,1,38.12,Email
O011806,C0449,P0033,2026-04-27,2,176.5,Paid
O011807,C0306,P0008,2026-04-27,1,226.53,Organic
O011808,C0037,P0009,2026-04-27,3,177.03,Paid
O011809,C0515,P0012,2026-04-27,3,246.06,Organic
O011810,C0228,P0009,2026-04-27,2,118.02,Paid
O011811,C0365,P0022,2026-04-27,3,151.17,Paid
O011812,C0671,P0021,2026-04-27,3,179.82,Organic
O011813,C0541,P0017,2026-04-27,3,74.04,Organic
O011814,C0462,P0032,2026-04-27,3,106.26,Paid
O011815,C0050,P0028,2026-04-27,3,125.52,Organic
O011816,C0585,P0033,2026-04-27,2,176.5,Referral
O011817,C0581,P0033,2026-04-27,3,264.75,Organic
O011818,C0695,P0035,2026-04-27,3,264.75,Organic
O011819,C0674,P0036,2026-04-27,2,144.22,Paid
O011820,C0142,P0002,2026-04-28,1,185.4,Email
O011821,C0165,P0016,2026-04-28,2,114.0,Organic
O011822,C0262,P0013,2026-04-28,3,167.1,Paid
O011823,C0303,P0010,2026-04-28,2,79.6,Paid
O011824,C0048,P0014,2026-04-28,2,46.84,Organic
O011825,C0576,P0021,2026-04-28,2,119.88,Email
O011826,C0657,P0026,2026-04-28,3,169.83,Paid
O011827,C0631,P0030,2026-04-28,2,69.38,Organic
O011828,C0091,P0005,2026-04-28,1,345.69,Email
O011829,C0687,P0002,2026-04-28,3,556.2,Paid
O011830,C0198,P0007,2026-04-28,3,510.93,Organic
O011831,C0098,P0009,2026-04-28,2,118.02,Organic
O011832,C0760,P0012,2026-04-28,3,246.06,Email
O011833,C0326,P0010,2026-04-28,3,119.4,Email
O011834,C0249,P0010,2026-04-28,2,79.6,Organic
O011835,C0281,P0010,2026-04-28,3,119.4,Organic
O011836,C0132,P0009,2026-04-28,2,118.02,Referral
O011837,C0158,P0017,2026-04-28,2,49.36,Email
O011838,C0008,P0023,2026-04-28,2,183.98,Paid
O011839,C0651,P0027,2026-04-28,3,80.19,Organic
O011840,C0312,P0027,2026-04-28,1,26.73,Paid
O011841,C0776,P0034,2026-04-28,3,176.04,Paid
O011842,C0730,P0034,2026-04-28,2,117.36,Paid
O011843,C0121,P0040,2026-04-28,1,63.16,Paid
O011844,C0269,P0003,2026-04-28,3,592.38,Email
O011845,C0148,P0007,2026-04-28,2,340.62,Paid
O011846,C0057,P0005,2026-04-28,3,1037.07,Organic
O011847,C0288,P0009,2026-04-28,1,59.01,Referral
O011848,C0171,P0014,2026-04-28,1,23.42,Organic
O011849,C0464,P0023,2026-04-28,2,183.98,Email
O011850,C0669,P0023,2026-04-28,3,275.97,Organic
O011851,C0672,P0019,2026-04-28,1,132.95,Organic
O011852,C0477,P0018,2026-04-28,3,147.57,Paid
O011853,C0152,P0021,2026-04-28,3,179.82,Organic
O011854,C0107,P0025,2026-04-28,2,77.74,Organic
O011855,C0009,P0032,2026-04-28,3,106.26,Organic
O011856,C0500,P0040,2026-04-28,2,126.32,Organic
O011857,C0141,P0037,2026-04-28,2,83.14,Paid
O011858,C0625,P0038,2026-04-28,2,36.36,Organic
O011859,C0240,P0037,2026-04-28,3,124.71,Referral
O011860,C0278,P0002,2026-04-28,2,370.8,Organic
O011861,C0598,P0005,2026-04-28,3,1037.07,Paid
O011862,C0186,P0005,2026-04-28,2,691.38,Referral
O011863,C0136,P0001,2026-04-28,3,681.06,Organic
O011864,C0306,P0012,2026-04-28,2,164.04,Paid
O011865,C0037,P0013,2026-04-28,2,111.4,Paid
O011866,C0645,P0018,2026-04-28,2,98.38,Paid
O011867,C0511,P0019,2026-04-28,1,132.95,Organic
O011868,C0472,P0025,2026-04-28,1,38.87,Paid
O011869,C0478,P0031,2026-04-28,1,38.12,Email
O011870,C0643,P0038,2026-04-28,1,18.18,Paid
O011871,C0204,P0035,2026-04-28,1,88.25,Email
O011872,C0467,P0037,2026-04-28,2,83.14,Email
O011873,C0128,P0008,2026-04-29,3,679.59,Email
O011874,C0597,P0006,2026-04-29,3,197.4,Paid
O011875,C0359,P0001,2026-04-29,1,227.02,Email
O011876,C0297,P0013,2026-04-29,1,55.7,Email
O011877,C0555,P0012,2026-04-29,3,246.06,Organic
O011878,C0540,P0019,2026-04-29,2,265.9,Organic
O011879,C0085,P0019,2026-04-29,3,398.85,Email
O011880,C0444,P0023,2026-04-29,1,91.99,Organic
O011881,C0190,P0021,2026-04-29,1,59.94,Email
O011882,C0046,P0023,2026-04-29,3,275.97,Organic
O011883,C0687,P0015,2026-04-29,3,137.76,Paid
O011884,C0764,P0020,2026-04-29,3,238.41,Organic
O011885,C0355,P0021,2026-04-29,2,119.88,Paid
O011886,C0491,P0025,2026-04-29,3,116.61,Organic
O011887,C0232,P0032,2026-04-29,3,106.26,Paid
O011888,C0129,P0034,2026-04-29,1,58.68,Organic
O011889,C0187,P0001,2026-04-29,3,681.06,Paid
O011890,C0381,P0007,2026-04-29,3,510.93,Organic
O011891,C0754,P0007,2026-04-29,1,170.31,Paid
O011892,C0254,P0010,2026-04-29,3,119.4,Email
O011893,C0144,P0022,2026-04-29,2,100.78,Organic
O011894,C0783,P0017,2026-04-29,3,74.04,Referral
O011895,C0493,P0022,2026-04-29,3,151.17,Paid
O011896,C0247,P0029,2026-04-29,1,17.3,Organic
O011897,C0750,P0031,2026-04-29,3,114.36,Paid
O011898,C0621,P0034,2026-04-29,2,117.36,Paid
O011899,C0171,P0040,2026-04-29,2,126.32,Paid
O011900,C0028,P0001,2026-04-29,1,227.02,Paid
O011901,C0734,P0008,2026-04-29,1,226.53,Email
O011902,C0036,P0012,2026-04-29,2,164.04,Paid
O011903,C0229,P0014,2026-04-29,2,46.84,Organic
O011904,C0136,P0014,2026-04-29,3,70.26,Organic
O011905,C0467,P0014,2026-04-29,2,46.84,Email
O011906,C0785,P0013,2026-04-29,1,55.7,Email
O011907,C0546,P0024,2026-04-29,2,224.28,Referral
O011908,C0054,P0031,2026-04-29,2,76.24,Organic
O011909,C0197,P0029,2026-04-29,1,17.3,Organic
O011910,C0285,P0026,2026-04-29,2,113.22,Paid
O011911,C0290,P0035,2026-04-29,2,176.5,Organic
O011912,C0685,P0035,2026-04-29,3,264.75,Paid
O011913,C0460,P0016,2026-04-30,2,114.0,Paid
O011914,C0476,P0014,2026-04-30,3,70.26,Paid
O011915,C0597,P0015,2026-04-30,1,45.92,Email
O011916,C0209,P0022,2026-04-30,2,100.78,Email
O011917,C0610,P0024,2026-04-30,1,112.14,Organic
O011918,C0270,P0032,2026-04-30,2,70.84,Referral
O011919,C0055,P0033,2026-04-30,2,176.5,Paid
O011920,C0044,P0035,2026-04-30,1,88.25,Organic
O011921,C0798,P0035,2026-04-30,3,264.75,Organic
O011922,C0309,P0008,2026-04-30,3,679.59,Paid
O011923,C0764,P0004,2026-04-30,2,338.46,Organic
O011924,C0216,P0008,2026-04-30,2,453.06,Paid
O011925,C0586,P0024,2026-04-30,3,336.42,Paid
O011926,C0249,P0018,2026-04-30,1,49.19,Referral
O011927,C0731,P0020,2026-04-30,3,238.41,Referral
O011928,C0212,P0026,2026-04-30,2,113.22,Organic
O011929,C0238,P0034,2026-04-30,2,117.36,Organic
O011930,C0441,P0035,2026-04-30,3,264.75,Email
O011931,C0768,P0038,2026-04-30,3,54.54,Paid
O011932,C0411,P0033,2026-04-30,2,176.5,Organic
O011933,C0660,P0002,2026-04-30,3,556.2,Referral
O011934,C0613,P0002,2026-04-30,3,556.2,Paid
O011935,C0086,P0007,2026-04-30,1,170.31,Paid
O011936,C0225,P0007,2026-04-30,2,340.62,Organic
O011937,C0339,P0008,2026-04-30,3,679.59,Referral
O011938,C0012,P0012,2026-04-30,1,82.02,Referral
O011939,C0389,P0009,2026-04-30,3,177.03,Paid
O011940,C0134,P0019,2026-04-30,3,398.85,Organic
O011941,C0059,P0031,2026-04-30,2,76.24,Paid
O011942,C0324,P0026,2026-04-30,2,113.22,Email
O011943,C0077,P0031,2026-04-30,2,76.24,Referral
O011944,C0254,P0028,2026-04-30,3,125.52,Email
O011945,C0001,P0027,2026-04-30,3,80.19,Organic
O011946,C0148,P0034,2026-04-30,2,117.36,Email
O011947,C0060,P0035,2026-04-30,2,176.5,Organic
O011948,C0393,P0038,2026-04-30,1,18.18,Email
O011949,C0159,P0033,2026-04-30,1,88.25,Paid
O011950,C0229,P0001,2026-04-30,1,227.02,Organic
O011951,C0394,P0010,2026-04-30,3,119.4,Referral
O011952,C0054,P0013,2026-04-30,3,167.1,Organic
O011953,C0718,P0010,2026-04-30,2,79.6,Paid
O011954,C0267,P0012,2026-04-30,3,246.06,Email
O011955,C0511,P0015,2026-04-30,2,91.84,Organic
O011956,C0229,P0022,2026-04-30,3,151.17,Paid
O011957,C0196,P0019,2026-04-30,3,398.85,Organic
O011958,C0704,P0031,2026-04-30,1,38.12,Organic
O011959,C0322,P0025,2026-04-30,3,116.61,Organic
O011960,C0585,P0025,2026-04-30,1,38.87,Referral
O011961,C0089,P0028,2026-04-30,3,125.52,Organic
O011962,C0019,P0027,2026-05-01,2,53.46,Referral
O011963,C0379,P0029,2026-05-01,2,34.6,Email
O011964,C0328,P0036,2026-05-01,3,216.33,Organic
O011965,C0328,P0033,2026-05-01,1,88.25,Organic
O011966,C0512,P0033,2026-05-01,1,88.25,Paid
O011967,C0341,P0037,2026-05-01,1,41.57,Organic
O011968,C0651,P0004,2026-05-01,1,169.23,Organic
O011969,C0799,P0001,2026-05-01,1,227.02,Paid
O011970,C0415,P0003,2026-05-01,2,394.92,Paid
O011971,C0383,P0008,2026-05-01,2,453.06,Paid
O011972,C0470,P0015,2026-05-01,2,91.84,Paid
O011973,C0666,P0024,2026-05-01,1,112.14,Paid
O011974,C0307,P0026,2026-05-01,3,169.83,Organic
O011975,C0101,P0027,2026-05-01,3,80.19,Paid
O011976,C0776,P0040,2026-05-01,3,189.48,Organic
O011977,C0791,P0039,2026-05-01,2,207.16,Paid
O011978,C0121,P0040,2026-05-01,3,189.48,Email
O011979,C0321,P0033,2026-05-01,3,264.75,Email
O011980,C0543,P0037,2026-05-01,3,124.71,Referral
O011981,C0010,P0004,2026-05-01,3,507.69,Organic
O011982,C0739,P0015,2026-05-01,3,137.76,Paid
O011983,C0187,P0009,2026-05-01,3,177.03,Organic
O011984,C0412,P0024,2026-05-01,3,336.42,Email
O011985,C0318,P0018,2026-05-01,3,147.57,Paid
O011986,C0450,P0036,2026-05-01,1,72.11,Email
O011987,C0199,P0037,2026-05-01,2,83.14,Organic
O011988,C0701,P0033,2026-05-01,2,176.5,Paid
O011989,C0164,P0006,2026-05-01,2,131.6,Organic
O011990,C0031,P0004,2026-05-01,2,338.46,Referral
O011991,C0699,P0007,2026-05-01,2,340.62,Organic
O011992,C0300,P0013,2026-05-01,2,111.4,Email
O011993,C0028,P0018,2026-05-01,1,49.19,Paid
O011994,C0462,P0018,2026-05-01,3,147.57,Organic
O011995,C0251,P0023,2026-05-01,2,183.98,Organic
O011996,C0014,P0024,2026-05-01,2,224.28,Organic
O011997,C0699,P0030,2026-05-01,2,69.38,Paid
O011998,C0251,P0027,2026-05-01,3,80.19,Referral
O011999,C0251,P0029,2026-05-01,3,51.9,Email
O012000,C0136,P0036,2026-05-01,3,216.33,Paid
O012001,C0514,P0037,2026-05-01,1,41.57,Paid
O012002,C0062,P0038,2026-05-01,3,54.54,Organic
O012003,C0622,P0007,2026-05-02,2,340.62,Email
O012004,C0045,P0008,2026-05-02,3,679.59,Organic
O012005,C0773,P0002,2026-05-02,2,370.8,Organic
O012006,C0169,P0013,2026-05-02,2,111.4,Organic
O012007,C0512,P0012,2026-05-02,3,246.06,Paid
O012008,C0034,P0019,2026-05-02,2,265.9,Referral
O012009,C0330,P0031,2026-05-02,1,38.12,Email
O012010,C0030,P0030,2026-05-02,2,69.38,Email
O012011,C0798,P0032,2026-05-02,3,106.26,Paid
O012012,C0456,P0029,2026-05-02,1,17.3,Organic
O012013,C0125,P0033,2026-05-02,3,264.75,Paid
O012014,C0270,P0033,2026-05-02,3,264.75,Organic
O012015,C0657,P0035,2026-05-02,3,264.75,Organic
O012016,C0615,P0002,2026-05-02,1,185.4,Organic
O012017,C0575,P0007,2026-05-02,2,340.62,Organic
O012018,C0504,P0008,2026-05-02,2,453.06,Paid
O012019,C0192,P0006,2026-05-02,3,197.4,Organic
O012020,C0715,P0002,2026-05-02,2,370.8,Organic
O012021,C0102,P0005,2026-05-02,1,345.69,Organic
O012022,C0158,P0015,2026-05-02,2,91.84,Paid
O012023,C0448,P0009,2026-05-02,3,177.03,Organic
O012024,C0316,P0014,2026-05-02,1,23.42,Organic
O012025,C0080,P0013,2026-05-02,2,111.4,Organic
O012026,C0088,P0015,2026-05-02,3,137.76,Email
O012027,C0200,P0019,2026-05-02,2,265.9,Referral
O012028,C0218,P0021,2026-05-02,1,59.94,Organic
O012029,C0102,P0027,2026-05-02,3,80.19,Paid
O012030,C0570,P0035,2026-05-02,1,88.25,Paid
O012031,C0217,P0003,2026-05-02,3,592.38,Organic
O012032,C0127,P0012,2026-05-02,1,82.02,Paid
O012033,C0324,P0010,2026-05-02,3,119.4,Referral
O012034,C0616,P0021,2026-05-02,1,59.94,Paid
O012035,C0797,P0022,2026-05-02,3,151.17,Email
O012036,C0721,P0023,2026-05-02,3,275.97,Email
O012037,C0653,P0029,2026-05-02,2,34.6,Organic
O012038,C0711,P0025,2026-05-02,1,38.87,Paid
O012039,C0634,P0026,2026-05-02,1,56.61,Email
O012040,C0729,P0025,2026-05-02,1,38.87,Email
O012041,C0613,P0035,2026-05-02,2,176.5,Organic
O012042,C0366,P0006,2026-05-02,2,131.6,Organic
O012043,C0723,P0006,2026-05-02,3,197.4,Paid
O012044,C0349,P0001,2026-05-02,1,227.02,Referral
O012045,C0585,P0002,2026-05-02,2,370.8,Organic
O012046,C0233,P0012,2026-05-02,3,246.06,Paid
O012047,C0278,P0015,2026-05-02,1,45.92,Organic
O012048,C0024,P0018,2026-05-02,2,98.38,Email
O012049,C0223,P0019,2026-05-02,3,398.85,Email
O012050,C0457,P0025,2026-05-02,1,38.87,Organic
O012051,C0511,P0032,2026-05-02,3,106.26,Paid
O012052,C0028,P0034,2026-05-02,3,176.04,Organic
O012053,C0686,P0033,2026-05-02,1,88.25,Paid
O012054,C0511,P0033,2026-05-02,2,176.5,Email
O012055,C0061,P0034,2026-05-02,1,58.68,Email
O012056,C0547,P0006,2026-05-03,3,197.4,Paid
O012057,C0174,P0006,2026-05-03,3,197.4,Organic
O012058,C0395,P0002,2026-05-03,2,370.8,Referral
O012059,C0474,P0005,2026-05-03,3,1037.07,Paid
O012060,C0384,P0008,2026-05-03,2,453.06,Organic
O012061,C0622,P0014,2026-05-03,1,23.42,Email
O012062,C0446,P0012,2026-05-03,3,246.06,Organic
O012063,C0395,P0011,2026-05-03,1,31.31,Organic
O012064,C0078,P0010,2026-05-03,1,39.8,Referral
O012065,C0263,P0014,2026-05-03,2,46.84,Organic
O012066,C0691,P0010,2026-05-03,2,79.6,Organic
O012067,C0798,P0013,2026-05-03,1,55.7,Organic
O012068,C0740,P0018,2026-05-03,3,147.57,Paid
O012069,C0390,P0024,2026-05-03,1,112.14,Organic
O012070,C0749,P0023,2026-05-03,1,91.99,Email
O012071,C0778,P0018,2026-05-03,2,98.38,Paid
O012072,C0283,P0024,2026-05-03,3,336.42,Paid
O012073,C0536,P0030,2026-05-03,3,104.07,Referral
O012074,C0712,P0025,2026-05-03,1,38.87,Email
O012075,C0076,P0029,2026-05-03,3,51.9,Organic
O012076,C0208,P0030,2026-05-03,3,104.07,Organic
O012077,C0011,P0029,2026-05-03,3,51.9,Referral
O012078,C0266,P0039,2026-05-03,2,207.16,Organic
O012079,C0552,P0035,2026-05-03,1,88.25,Organic
O012080,C0605,P0002,2026-05-03,3,556.2,Organic
O012081,C0715,P0012,2026-05-03,3,246.06,Paid
O012082,C0437,P0015,2026-05-03,2,91.84,Organic
O012083,C0224,P0009,2026-05-03,2,118.02,Paid
O012084,C0143,P0009,2026-05-03,1,59.01,Email
O012085,C0383,P0015,2026-05-03,2,91.84,Paid
O012086,C0101,P0018,2026-05-03,3,147.57,Paid
O012087,C0121,P0029,2026-05-03,1,17.3,Email
O012088,C0479,P0034,2026-05-03,2,117.36,Paid
O012089,C0726,P0039,2026-05-03,3,310.74,Organic
O012090,C0566,P0034,2026-05-03,2,117.36,Organic
O012091,C0298,P0037,2026-05-03,3,124.71,Referral
O012092,C0043,P0039,2026-05-03,3,310.74,Referral
O012093,C0601,P0003,2026-05-03,3,592.38,Organic
O012094,C0111,P0015,2026-05-03,3,137.76,Paid
O012095,C0021,P0012,2026-05-03,1,82.02,Email
O012096,C0388,P0020,2026-05-03,1,79.47,Paid
O012097,C0635,P0022,2026-05-03,3,151.17,Organic
O012098,C0115,P0028,2026-05-03,3,125.52,Paid
O012099,C0252,P0031,2026-05-03,2,76.24,Paid
O012100,C0318,P0033,2026-05-03,3,264.75,Organic
O012101,C0450,P0038,2026-05-03,1,18.18,Organic
O012102,C0700,P0034,2026-05-03,3,176.04,Organic
O012103,C0197,P0005,2026-05-03,3,1037.07,Email
O012104,C0515,P0002,2026-05-03,2,370.8,Paid
O012105,C0757,P0001,2026-05-03,2,454.04,Paid
O012106,C0090,P0013,2026-05-03,3,167.1,Paid
O012107,C0681,P0023,2026-05-03,2,183.98,Organic
O012108,C0186,P0020,2026-05-03,3,238.41,Paid
O012109,C0124,P0031,2026-05-03,2,76.24,Email
O012110,C0074,P0027,2026-05-03,1,26.73,Organic
O012111,C0285,P0030,2026-05-03,1,34.69,Email
O012112,C0153,P0030,2026-05-03,3,104.07,Paid
O012113,C0109,P0031,2026-05-03,2,76.24,Organic
O012114,C0013,P0036,2026-05-03,2,144.22,Organic
O012115,C0800,P0039,2026-05-03,1,103.58,Email
O012116,C0459,P0038,2026-05-03,1,18.18,Paid
O012117,C0478,P0040,2026-05-03,2,126.32,Referral
O012118,C0569,P0005,2026-05-04,1,345.69,Email
O012119,C0475,P0014,2026-05-04,2,46.84,Organic
O012120,C0421,P0018,2026-05-04,3,147.57,Organic
O012121,C0642,P0026,2026-05-04,2,113.22,Organic
O012122,C0691,P0025,2026-05-04,1,38.87,Paid
O012123,C0165,P0033,2026-05-04,2,176.5,Organic
O012124,C0076,P0037,2026-05-04,2,83.14,Organic
O012125,C0123,P0039,2026-05-04,1,103.58,Referral
O012126,C0654,P0040,2026-05-04,1,63.16,Paid
O012127,C0198,P0002,2026-05-04,2,370.8,Organic
O012128,C0743,P0008,2026-05-04,3,679.59,Paid
O012129,C0726,P0012,2026-05-04,2,164.04,Paid
O012130,C0326,P0010,2026-05-04,2,79.6,Referral
O012131,C0158,P0015,2026-05-04,3,137.76,Organic
O012132,C0549,P0020,2026-05-04,2,158.94,Email
O012133,C0470,P0019,2026-05-04,2,265.9,Referral
O012134,C0256,P0020,2026-05-04,1,79.47,Email
O012135,C0370,P0030,2026-05-04,1,34.69,Paid
O012136,C0760,P0026,2026-05-04,2,113.22,Email
O012137,C0026,P0031,2026-05-04,3,114.36,Organic
O012138,C0447,P0025,2026-05-04,2,77.74,Email
O012139,C0080,P0031,2026-05-04,3,114.36,Paid
O012140,C0736,P0027,2026-05-04,3,80.19,Referral
O012141,C0760,P0039,2026-05-04,2,207.16,Organic
O012142,C0091,P0035,2026-05-04,3,264.75,Organic
O012143,C0383,P0037,2026-05-04,3,124.71,Organic
O012144,C0173,P0006,2026-05-04,1,65.8,Organic
O012145,C0146,P0016,2026-05-04,3,171.0,Paid
O012146,C0315,P0013,2026-05-04,2,111.4,Organic
O012147,C0741,P0012,2026-05-04,3,246.06,Organic
O012148,C0724,P0015,2026-05-04,1,45.92,Organic
O012149,C0225,P0021,2026-05-04,1,59.94,Email
O012150,C0565,P0030,2026-05-04,2,69.38,Organic
O012151,C0725,P0028,2026-05-04,1,41.84,Organic
O012152,C0176,P0025,2026-05-04,3,116.61,Organic
O012153,C0563,P0032,2026-05-04,2,70.84,Organic
O012154,C0445,P0035,2026-05-04,3,264.75,Paid
O012155,C0658,P0005,2026-05-04,1,345.69,Paid
O012156,C0222,P0011,2026-05-04,2,62.62,Organic
O012157,C0643,P0015,2026-05-04,1,45.92,Paid
O012158,C0461,P0011,2026-05-04,2,62.62,Email
O012159,C0762,P0009,2026-05-04,1,59.01,Referral
O012160,C0301,P0021,2026-05-04,3,179.82,Organic
O012161,C0435,P0024,2026-05-04,2,224.28,Email
O012162,C0718,P0027,2026-05-04,3,80.19,Paid
O012163,C0775,P0034,2026-05-04,3,176.04,Referral
O012164,C0555,P0001,2026-05-05,1,227.02,Organic
O012165,C0250,P0006,2026-05-05,3,197.4,Organic
O012166,C0364,P0006,2026-05-05,2,131.6,Organic
O012167,C0004,P0001,2026-05-05,2,454.04,Organic
O012168,C0174,P0016,2026-05-05,2,114.0,Organic
O012169,C0631,P0013,2026-05-05,2,111.4,Email
O012170,C0092,P0016,2026-05-05,2,114.0,Organic
O012171,C0082,P0014,2026-05-05,3,70.26,Organic
O012172,C0174,P0023,2026-05-05,1,91.99,Organic
O012173,C0354,P0018,2026-05-05,1,49.19,Email
O012174,C0423,P0025,2026-05-05,1,38.87,Email
O012175,C0215,P0031,2026-05-05,3,114.36,Organic
O012176,C0044,P0031,2026-05-05,1,38.12,Referral
O012177,C0471,P0032,2026-05-05,2,70.84,Paid
O012178,C0580,P0028,2026-05-05,3,125.52,Paid
O012179,C0030,P0035,2026-05-05,2,176.5,Paid
O012180,C0579,P0014,2026-05-05,1,23.42,Organic
O012181,C0575,P0014,2026-05-05,1,23.42,Organic
O012182,C0131,P0013,2026-05-05,3,167.1,Email
O012183,C0768,P0021,2026-05-05,3,179.82,Organic
O012184,C0760,P0018,2026-05-05,3,147.57,Referral
O012185,C0575,P0018,2026-05-05,3,147.57,Paid
O012186,C0119,P0022,2026-05-05,1,50.39,Paid
O012187,C0340,P0023,2026-05-05,2,183.98,Paid
O012188,C0317,P0024,2026-05-05,1,112.14,Paid
O012189,C0484,P0027,2026-05-05,2,53.46,Paid
O012190,C0720,P0029,2026-05-05,1,17.3,Organic
O012191,C0380,P0028,2026-05-05,3,125.52,Paid
O012192,C0150,P0037,2026-05-05,1,41.57,Paid
O012193,C0162,P0036,2026-05-05,2,144.22,Email
O012194,C0143,P0038,2026-05-05,2,36.36,Organic
O012195,C0727,P0001,2026-05-05,3,681.06,Email
O012196,C0694,P0002,2026-05-05,1,185.4,Referral
O012197,C0443,P0004,2026-05-05,2,338.46,Email
O012198,C0634,P0007,2026-05-05,2,340.62,Organic
O012199,C0449,P0011,2026-05-05,2,62.62,Email
O012200,C0670,P0014,2026-05-05,1,23.42,Organic
O012201,C0744,P0015,2026-05-05,3,137.76,Organic
O012202,C0159,P0009,2026-05-05,2,118.02,Paid
O012203,C0038,P0029,2026-05-05,2,34.6,Email
O012204,C0661,P0031,2026-05-05,2,76.24,Organic
O012205,C0647,P0027,2026-05-05,3,80.19,Paid
O012206,C0744,P0031,2026-05-05,3,114.36,Email
O012207,C0038,P0029,2026-05-05,1,17.3,Referral
O012208,C0452,P0030,2026-05-05,3,104.07,Organic
O012209,C0381,P0037,2026-05-05,2,83.14,Referral
O012210,C0430,P0034,2026-05-05,1,58.68,Organic
O012211,C0187,P0033,2026-05-05,1,88.25,Paid
O012212,C0565,P0034,2026-05-05,1,58.68,Organic
O012213,C0587,P0002,2026-05-05,3,556.2,Organic
O012214,C0469,P0006,2026-05-05,3,197.4,Organic
O012215,C0693,P0009,2026-05-05,2,118.02,Organic
O012216,C0031,P0012,2026-05-05,2,164.04,Paid
O012217,C0136,P0012,2026-05-05,1,82.02,Paid
O012218,C0585,P0019,2026-05-05,1,132.95,Organic
O012219,C0482,P0019,2026-05-05,3,398.85,Organic
O012220,C0542,P0025,2026-05-05,3,116.61,Paid
O012221,C0793,P0036,2026-05-05,2,144.22,Organic
O012222,C0306,P0036,2026-05-05,1,72.11,Organic
O012223,C0712,P0005,2026-05-06,2,691.38,Paid
O012224,C0356,P0011,2026-05-06,2,62.62,Referral
O012225,C0372,P0017,2026-05-06,2,49.36,Email
O012226,C0405,P0018,2026-05-06,2,98.38,Organic
O012227,C0631,P0021,2026-05-06,3,179.82,Organic
O012228,C0034,P0032,2026-05-06,2,70.84,Paid
O012229,C0539,P0032,2026-05-06,1,35.42,Paid
O012230,C0602,P0029,2026-05-06,1,17.3,Email
O012231,C0048,P0029,2026-05-06,3,51.9,Organic
O012232,C0552,P0030,2026-05-06,1,34.69,Paid
O012233,C0444,P0037,2026-05-06,1,41.57,Paid
O012234,C0019,P0037,2026-05-06,2,83.14,Organic
O012235,C0396,P0038,2026-05-06,3,54.54,Organic
O012236,C0760,P0008,2026-05-06,1,226.53,Organic
O012237,C0799,P0001,2026-05-06,2,454.04,Referral
O012238,C0799,P0008,2026-05-06,3,679.59,Email
O012239,C0158,P0009,2026-05-06,2,118.02,Organic
O012240,C0243,P0012,2026-05-06,3,246.06,Organic
O012241,C0578,P0025,2026-05-06,1,38.87,Referral
O012242,C0524,P0038,2026-05-06,3,54.54,Email
O012243,C0579,P0038,2026-05-06,2,36.36,Organic
O012244,C0730,P0039,2026-05-06,3,310.74,Organic
O012245,C0388,P0007,2026-05-06,3,510.93,Paid
O012246,C0431,P0007,2026-05-06,3,510.93,Referral
O012247,C0744,P0001,2026-05-06,2,454.04,Email
O012248,C0107,P0007,2026-05-06,1,170.31,Referral
O012249,C0449,P0008,2026-05-06,3,679.59,Paid
O012250,C0527,P0012,2026-05-06,2,164.04,Email
O012251,C0754,P0016,2026-05-06,2,114.0,Organic
O012252,C0083,P0014,2026-05-06,2,46.84,Organic
O012253,C0496,P0017,2026-05-06,3,74.04,Paid
O012254,C0324,P0021,2026-05-06,2,119.88,Organic
O012255,C0146,P0024,2026-05-06,3,336.42,Organic
O012256,C0107,P0018,2026-05-06,1,49.19,Organic
O012257,C0648,P0025,2026-05-06,3,116.61,Organic
O012258,C0127,P0028,2026-05-06,3,125.52,Organic
O012259,C0790,P0026,2026-05-06,1,56.61,Paid
O012260,C0010,P0039,2026-05-06,1,103.58,Paid
O012261,C0663,P0038,2026-05-06,2,36.36,Paid
O012262,C0663,P0034,2026-05-06,1,58.68,Paid
O012263,C0060,P0040,2026-05-06,1,63.16,Paid
O012264,C0477,P0036,2026-05-06,2,144.22,Organic
O012265,C0156,P0005,2026-05-06,3,1037.07,Paid
O012266,C0400,P0006,2026-05-06,3,197.4,Paid
O012267,C0402,P0009,2026-05-06,1,59.01,Referral
O012268,C0592,P0015,2026-05-06,3,137.76,Paid
O012269,C0024,P0014,2026-05-06,3,70.26,Referral
O012270,C0800,P0020,2026-05-06,3,238.41,Referral
O012271,C0074,P0020,2026-05-06,1,79.47,Organic
O012272,C0196,P0022,2026-05-06,2,100.78,Organic
O012273,C0592,P0026,2026-05-06,2,113.22,Organic
O012274,C0222,P0027,2026-05-06,3,80.19,Paid
O012275,C0343,P0032,2026-05-06,1,35.42,Referral
O012276,C0103,P0025,2026-05-06,3,116.61,Paid
O012277,C0024,P0037,2026-05-06,1,41.57,Organic
O012278,C0223,P0034,2026-05-06,1,58.68,Organic
O012279,C0191,P0039,2026-05-06,2,207.16,Paid
O012280,C0467,P0040,2026-05-06,2,126.32,Organic
O012281,C0397,P0034,2026-05-06,1,58.68,Organic
O012282,C0708,P0004,2026-05-07,1,169.23,Paid
O012283,C0075,P0001,2026-05-07,1,227.02,Paid
O012284,C0201,P0001,2026-05-07,3,681.06,Organic
O012285,C0796,P0013,2026-05-07,3,167.1,Referral
O012286,C0580,P0011,2026-05-07,3,93.93,Paid
O012287,C0193,P0015,2026-05-07,1,45.92,Organic
O012288,C0794,P0011,2026-05-07,3,93.93,Organic
O012289,C0631,P0011,2026-05-07,2,62.62,Organic
O012290,C0749,P0010,2026-05-07,2,79.6,Referral
O012291,C0048,P0014,2026-05-07,1,23.42,Paid
O012292,C0248,P0017,2026-05-07,1,24.68,Organic
O012293,C0774,P0019,2026-05-07,3,398.85,Paid
O012294,C0112,P0031,2026-05-07,3,114.36,Organic
O012295,C0044,P0025,2026-05-07,3,116.61,Email
O012296,C0442,P0031,2026-05-07,2,76.24,Referral
O012297,C0691,P0025,2026-05-07,3,116.61,Paid
O012298,C0555,P0031,2026-05-07,1,38.12,Organic
O012299,C0078,P0040,2026-05-07,3,189.48,Paid
O012300,C0776,P0008,2026-05-07,2,453.06,Referral
O012301,C0299,P0002,2026-05-07,2,370.8,Organic
O012302,C0768,P0004,2026-05-07,3,507.69,Paid
O012303,C0257,P0009,2026-05-07,3,177.03,Organic
O012304,C0501,P0013,2026-05-07,2,111.4,Organic
O012305,C0760,P0012,2026-05-07,1,82.02,Organic
O012306,C0286,P0017,2026-05-07,1,24.68,Paid
O012307,C0720,P0017,2026-05-07,1,24.68,Paid
O012308,C0651,P0024,2026-05-07,2,224.28,Paid
O012309,C0570,P0025,2026-05-07,2,77.74,Organic
O012310,C0604,P0030,2026-05-07,3,104.07,Paid
O012311,C0768,P0030,2026-05-07,1,34.69,Organic
O012312,C0448,P0032,2026-05-07,3,106.26,Organic
O012313,C0611,P0030,2026-05-07,2,69.38,Paid
O012314,C0489,P0026,2026-05-07,3,169.83,Paid
O012315,C0768,P0040,2026-05-07,1,63.16,Paid
O012316,C0006,P0038,2026-05-07,3,54.54,Organic
O012317,C0244,P0039,2026-05-07,3,310.74,Referral
O012318,C0385,P0003,2026-05-07,1,197.46,Paid
O012319,C0663,P0002,2026-05-07,3,556.2,Paid
O012320,C0563,P0010,2026-05-07,2,79.6,Organic
O012321,C0010,P0012,2026-05-07,1,82.02,Paid
O012322,C0373,P0016,2026-05-07,3,171.0,Organic
O012323,C0562,P0010,2026-05-07,1,39.8,Paid
O012324,C0385,P0021,2026-05-07,2,119.88,Referral
O012325,C0458,P0017,2026-05-07,1,24.68,Organic
O012326,C0247,P0023,2026-05-07,1,91.99,Organic
O012327,C0173,P0025,2026-05-07,3,116.61,Referral
O012328,C0434,P0029,2026-05-07,1,17.3,Referral
O012329,C0647,P0027,2026-05-07,1,26.73,Paid
O012330,C0254,P0026,2026-05-07,3,169.83,Organic
O012331,C0714,P0026,2026-05-07,2,113.22,Organic
O012332,C0152,P0035,2026-05-07,3,264.75,Organic
O012333,C0466,P0005,2026-05-07,1,345.69,Referral
O012334,C0186,P0015,2026-05-07,3,137.76,Organic
O012335,C0425,P0016,2026-05-07,2,114.0,Paid
O012336,C0757,P0015,2026-05-07,2,91.84,Organic
O012337,C0343,P0023,2026-05-07,3,275.97,Organic
O012338,C0267,P0023,2026-05-07,1,91.99,Email
O012339,C0047,P0017,2026-05-07,3,74.04,Email
O012340,C0314,P0018,2026-05-07,1,49.19,Organic
O012341,C0587,P0023,2026-05-07,3,275.97,Organic
O012342,C0073,P0028,2026-05-07,1,41.84,Organic
O012343,C0435,P0030,2026-05-07,3,104.07,Organic
O012344,C0124,P0026,2026-05-07,3,169.83,Organic
O012345,C0400,P0025,2026-05-07,1,38.87,Organic
O012346,C0186,P0039,2026-05-07,3,310.74,Referral
O012347,C0772,P0033,2026-05-07,1,88.25,Email
O012348,C0211,P0038,2026-05-07,3,54.54,Email
O012349,C0628,P0033,2026-05-07,3,264.75,Organic
O012350,C0016,P0038,2026-05-07,2,36.36,Email
O012351,C0140,P0008,2026-05-08,1,226.53,Email
O012352,C0532,P0003,2026-05-08,1,197.46,Paid
O012353,C0055,P0010,2026-05-08,2,79.6,Email
O012354,C0372,P0018,2026-05-08,2,98.38,Organic
O012355,C0303,P0018,2026-05-08,1,49.19,Organic
O012356,C0773,P0024,2026-05-08,2,224.28,Organic
O012357,C0215,P0022,2026-05-08,2,100.78,Organic
O012358,C0657,P0022,2026-05-08,2,100.78,Referral
O012359,C0375,P0028,2026-05-08,1,41.84,Referral
O012360,C0231,P0040,2026-05-08,1,63.16,Organic
O012361,C0590,P0011,2026-05-08,1,31.31,Paid
O012362,C0180,P0012,2026-05-08,3,246.06,Email
O012363,C0180,P0009,2026-05-08,3,177.03,Organic
O012364,C0238,P0016,2026-05-08,1,57.0,Referral
O012365,C0291,P0022,2026-05-08,1,50.39,Email
O012366,C0529,P0027,2026-05-08,3,80.19,Referral
O012367,C0261,P0030,2026-05-08,2,69.38,Organic
O012368,C0732,P0034,2026-05-08,3,176.04,Paid
O012369,C0003,P0005,2026-05-08,1,345.69,Referral
O012370,C0672,P0003,2026-05-08,2,394.92,Email
O012371,C0763,P0005,2026-05-08,3,1037.07,Organic
O012372,C0784,P0012,2026-05-08,3,246.06,Organic
O012373,C0427,P0011,2026-05-08,1,31.31,Organic
O012374,C0111,P0011,2026-05-08,1,31.31,Email
O012375,C0750,P0012,2026-05-08,2,164.04,Paid
O012376,C0735,P0012,2026-05-08,3,246.06,Organic
O012377,C0239,P0019,2026-05-08,3,398.85,Organic
O012378,C0323,P0028,2026-05-08,1,41.84,Paid
O012379,C0494,P0026,2026-05-08,2,113.22,Paid
O012380,C0086,P0028,2026-05-08,2,83.68,Organic
O012381,C0115,P0029,2026-05-08,3,51.9,Organic
O012382,C0746,P0036,2026-05-08,1,72.11,Paid
O012383,C0392,P0033,2026-05-08,3,264.75,Organic
O012384,C0207,P0035,2026-05-08,3,264.75,Organic
O012385,C0705,P0004,2026-05-08,3,507.69,Organic
O012386,C0358,P0001,2026-05-08,1,227.02,Organic
O012387,C0402,P0010,2026-05-08,2,79.6,Email
O012388,C0505,P0028,2026-05-08,2,83.68,Organic
O012389,C0016,P0028,2026-05-08,2,83.68,Organic
O012390,C0089,P0039,2026-05-08,2,207.16,Paid
O012391,C0618,P0039,2026-05-08,3,310.74,Referral
O012392,C0397,P0033,2026-05-08,2,176.5,Paid
O012393,C0481,P0038,2026-05-08,1,18.18,Paid
O012394,C0120,P0011,2026-05-09,1,31.31,Referral
O012395,C0205,P0016,2026-05-09,1,57.0,Paid
O012396,C0283,P0014,2026-05-09,2,46.84,Paid
O012397,C0777,P0019,2026-05-09,1,132.95,Organic
O012398,C0547,P0018,2026-05-09,2,98.38,Organic
O012399,C0405,P0017,2026-05-09,2,49.36,Organic
O012400,C0120,P0025,2026-05-09,3,116.61,Paid
O012401,C0075,P0028,2026-05-09,3,125.52,Paid
O012402,C0619,P0033,2026-05-09,3,264.75,Paid
O012403,C0708,P0040,2026-05-09,2,126.32,Organic
O012404,C0359,P0033,2026-05-09,3,264.75,Organic
O012405,C0377,P0004,2026-05-09,3,507.69,Email
O012406,C0768,P0003,2026-05-09,2,394.92,Organic
O012407,C0566,P0015,2026-05-09,2,91.84,Paid
O012408,C0391,P0011,2026-05-09,3,93.93,Organic
O012409,C0287,P0009,2026-05-09,3,177.03,Paid
O012410,C0479,P0022,2026-05-09,3,151.17,Paid
O012411,C0644,P0026,2026-05-09,2,113.22,Organic
O012412,C0780,P0025,2026-05-09,2,77.74,Organic
O012413,C0249,P0029,2026-05-09,3,51.9,Paid
O012414,C0162,P0031,2026-05-09,2,76.24,Organic
O012415,C0026,P0038,2026-05-09,1,18.18,Organic
O012416,C0340,P0033,2026-05-09,2,176.5,Organic
O012417,C0151,P0038,2026-05-09,2,36.36,Paid
O012418,C0710,P0008,2026-05-09,2,453.06,Paid
O012419,C0563,P0001,2026-05-09,3,681.06,Paid
O012420,C0225,P0004,2026-05-09,1,169.23,Organic
O012421,C0095,P0006,2026-05-09,1,65.8,Email
O012422,C0137,P0007,2026-05-09,1,170.31,Referral
O012423,C0152,P0009,2026-05-09,1,59.01,Referral
O012424,C0766,P0010,2026-05-09,2,79.6,Organic
O012425,C0318,P0020,2026-05-09,2,158.94,Paid
O012426,C0152,P0024,2026-05-09,2,224.28,Paid
O012427,C0329,P0023,2026-05-09,3,275.97,Organic
O012428,C0260,P0017,2026-05-09,3,74.04,Organic
O012429,C0660,P0019,2026-05-09,3,398.85,Organic
O012430,C0362,P0028,2026-05-09,2,83.68,Referral
O012431,C0179,P0025,2026-05-09,1,38.87,Paid
O012432,C0059,P0028,2026-05-09,1,41.84,Paid
O012433,C0003,P0027,2026-05-09,1,26.73,Paid
O012434,C0528,P0040,2026-05-09,3,189.48,Email
O012435,C0589,P0037,2026-05-09,2,83.14,Organic
O012436,C0402,P0003,2026-05-09,3,592.38,Paid
O012437,C0751,P0001,2026-05-09,2,454.04,Referral
O012438,C0322,P0003,2026-05-09,2,394.92,Paid
O012439,C0365,P0002,2026-05-09,3,556.2,Paid
O012440,C0482,P0008,2026-05-09,2,453.06,Paid
O012441,C0397,P0015,2026-05-09,3,137.76,Organic
O012442,C0236,P0011,2026-05-09,2,62.62,Organic
O012443,C0466,P0011,2026-05-09,3,93.93,Organic
O012444,C0014,P0016,2026-05-09,1,57.0,Paid
O012445,C0515,P0013,2026-05-09,2,111.4,Paid
O012446,C0164,P0017,2026-05-09,3,74.04,Organic
O012447,C0036,P0026,2026-05-09,2,113.22,Organic
O012448,C0643,P0027,2026-05-09,1,26.73,Paid
O012449,C0186,P0039,2026-05-09,3,310.74,Paid
O012450,C0222,P0034,2026-05-09,1,58.68,Organic
O012451,C0587,P0033,2026-05-09,2,176.5,Paid
O012452,C0795,P0006,2026-05-10,1,65.8,Organic
O012453,C0359,P0002,2026-05-10,2,370.8,Paid
O012454,C0169,P0001,2026-05-10,3,681.06,Organic
O012455,C0390,P0008,2026-05-10,2,453.06,Organic
O012456,C0125,P0002,2026-05-10,3,556.2,Paid
O012457,C0595,P0009,2026-05-10,2,118.02,Organic
O012458,C0603,P0010,2026-05-10,1,39.8,Paid
O012459,C0384,P0016,2026-05-10,1,57.0,Paid
O012460,C0654,P0012,2026-05-10,3,246.06,Email
O012461,C0201,P0016,2026-05-10,1,57.0,Organic
O012462,C0263,P0017,2026-05-10,3,74.04,Organic
O012463,C0569,P0022,2026-05-10,2,100.78,Paid
O012464,C0423,P0023,2026-05-10,1,91.99,Organic
O012465,C0359,P0019,2026-05-10,2,265.9,Organic
O012466,C0075,P0024,2026-05-10,1,112.14,Organic
O012467,C0201,P0030,2026-05-10,3,104.07,Referral
O012468,C0536,P0032,2026-05-10,1,35.42,Organic
O012469,C0798,P0035,2026-05-10,3,264.75,Organic
O012470,C0384,P0033,2026-05-10,3,264.75,Paid
O012471,C0333,P0002,2026-05-10,3,556.2,Organic
O012472,C0246,P0003,2026-05-10,1,197.46,Organic
O012473,C0676,P0016,2026-05-10,2,114.0,Paid
O012474,C0277,P0015,2026-05-10,2,91.84,Email
O012475,C0096,P0010,2026-05-10,3,119.4,Email
O012476,C0232,P0019,2026-05-10,2,265.9,Organic
O012477,C0687,P0018,2026-05-10,1,49.19,Organic
O012478,C0578,P0018,2026-05-10,3,147.57,Organic
O012479,C0361,P0019,2026-05-10,2,265.9,Organic
O012480,C0780,P0032,2026-05-10,2,70.84,Organic
O012481,C0129,P0031,2026-05-10,2,76.24,Paid
O012482,C0218,P0031,2026-05-10,3,114.36,Paid
O012483,C0151,P0030,2026-05-10,2,69.38,Paid
O012484,C0006,P0030,2026-05-10,3,104.07,Paid
O012485,C0080,P0036,2026-05-10,1,72.11,Paid
O012486,C0198,P0040,2026-05-10,3,189.48,Organic
O012487,C0490,P0036,2026-05-10,1,72.11,Paid
O012488,C0409,P0007,2026-05-10,3,510.93,Referral
O012489,C0506,P0010,2026-05-10,3,119.4,Paid
O012490,C0276,P0015,2026-05-10,1,45.92,Paid
O012491,C0636,P0016,2026-05-10,1,57.0,Email
O012492,C0389,P0012,2026-05-10,2,164.04,Organic
O012493,C0653,P0009,2026-05-10,1,59.01,Email
O012494,C0381,P0015,2026-05-10,2,91.84,Organic
O012495,C0558,P0013,2026-05-10,1,55.7,Paid
O012496,C0493,P0021,2026-05-10,3,179.82,Organic
O012497,C0744,P0031,2026-05-10,1,38.12,Organic
O012498,C0694,P0027,2026-05-10,1,26.73,Email
O012499,C0225,P0034,2026-05-10,2,117.36,Email
O012500,C0746,P0034,2026-05-10,1,58.68,Paid
O012501,C0389,P0034,2026-05-10,2,117.36,Organic
O012502,C0021,P0033,2026-05-10,2,176.5,Organic
O012503,C0084,P0038,2026-05-10,3,54.54,Referral
O012504,C0240,P0038,2026-05-10,2,36.36,Organic
O012505,C0428,P0006,2026-05-10,3,197.4,Organic
O012506,C0027,P0001,2026-05-10,3,681.06,Email
O012507,C0313,P0010,2026-05-10,2,79.6,Paid
O012508,C0367,P0014,2026-05-10,1,23.42,Paid
O012509,C0272,P0017,2026-05-10,1,24.68,Organic
O012510,C0072,P0024,2026-05-10,1,112.14,Paid
O012511,C0511,P0025,2026-05-10,2,77.74,Organic
O012512,C0662,P0031,2026-05-10,3,114.36,Organic
O012513,C0792,P0025,2026-05-10,3,116.61,Paid
O012514,C0465,P0029,2026-05-10,3,51.9,Organic
O012515,C0310,P0039,2026-05-10,3,310.74,Referral
O012516,C0322,P0036,2026-05-10,1,72.11,Organic
O012517,C0365,P0036,2026-05-10,3,216.33,Referral
O012518,C0367,P0039,2026-05-10,3,310.74,Email
O012519,C0423,P0005,2026-05-11,2,691.38,Organic
O012520,C0330,P0003,2026-05-11,1,197.46,Referral
O012521,C0580,P0008,2026-05-11,2,453.06,Organic
O012522,C0353,P0001,2026-05-11,2,454.04,Organic
O012523,C0034,P0012,2026-05-11,2,164.04,Paid
O012524,C0330,P0016,2026-05-11,3,171.0,Paid
O012525,C0081,P0009,2026-05-11,3,177.03,Paid
O012526,C0201,P0021,2026-05-11,3,179.82,Paid
O012527,C0548,P0018,2026-05-11,3,147.57,Organic
O012528,C0555,P0028,2026-05-11,3,125.52,Referral
O012529,C0375,P0027,2026-05-11,2,53.46,Email
O012530,C0319,P0025,2026-05-11,2,77.74,Organic
O012531,C0597,P0029,2026-05-11,2,34.6,Organic
O012532,C0341,P0040,2026-05-11,3,189.48,Email
O012533,C0712,P0036,2026-05-11,1,72.11,Paid
O012534,C0576,P0035,2026-05-11,1,88.25,Organic
O012535,C0112,P0040,2026-05-11,3,189.48,Organic
O012536,C0256,P0008,2026-05-11,3,679.59,Organic
O012537,C0761,P0005,2026-05-11,1,345.69,Email
O012538,C0720,P0012,2026-05-11,1,82.02,Referral
O012539,C0317,P0015,2026-05-11,2,91.84,Email
O012540,C0307,P0012,2026-05-11,3,246.06,Organic
O012541,C0326,P0023,2026-05-11,3,275.97,Referral
O012542,C0088,P0030,2026-05-11,3,104.07,Paid
O012543,C0284,P0032,2026-05-11,1,35.42,Organic
O012544,C0590,P0031,2026-05-11,3,114.36,Paid
O012545,C0609,P0039,2026-05-11,3,310.74,Referral
O012546,C0627,P0004,2026-05-11,1,169.23,Referral
O012547,C0635,P0007,2026-05-11,2,340.62,Organic
O012548,C0534,P0015,2026-05-11,2,91.84,Email
O012549,C0690,P0009,2026-05-11,2,118.02,Organic
O012550,C0134,P0009,2026-05-11,1,59.01,Email
O012551,C0746,P0011,2026-05-11,2,62.62,Paid
O012552,C0584,P0023,2026-05-11,3,275.97,Organic
O012553,C0714,P0024,2026-05-11,1,112.14,Paid
O012554,C0029,P0021,2026-05-11,1,59.94,Organic
O012555,C0003,P0018,2026-05-11,2,98.38,Organic
O012556,C0534,P0017,2026-05-11,3,74.04,Organic
O012557,C0114,P0028,2026-05-11,3,125.52,Email
O012558,C0015,P0025,2026-05-11,3,116.61,Organic
O012559,C0217,P0031,2026-05-11,3,114.36,Paid
O012560,C0407,P0029,2026-05-11,2,34.6,Paid
O012561,C0017,P0029,2026-05-11,1,17.3,Referral
O012562,C0677,P0037,2026-05-11,3,124.71,Paid
O012563,C0790,P0038,2026-05-11,3,54.54,Paid
O012564,C0541,P0001,2026-05-11,2,454.04,Paid
O012565,C0172,P0002,2026-05-11,1,185.4,Paid
O012566,C0047,P0011,2026-05-11,2,62.62,Paid
O012567,C0186,P0013,2026-05-11,2,111.4,Referral
O012568,C0347,P0019,2026-05-11,2,265.9,Organic
O012569,C0136,P0018,2026-05-11,2,98.38,Paid
O012570,C0210,P0023,2026-05-11,3,275.97,Paid
O012571,C0662,P0023,2026-05-11,1,91.99,Organic
O012572,C0229,P0027,2026-05-11,3,80.19,Email
O012573,C0358,P0030,2026-05-11,3,104.07,Paid
O012574,C0671,P0026,2026-05-11,1,56.61,Organic
O012575,C0188,P0037,2026-05-11,1,41.57,Paid
O012576,C0153,P0034,2026-05-11,2,117.36,Paid
O012577,C0712,P0003,2026-05-12,3,592.38,Organic
O012578,C0078,P0008,2026-05-12,3,679.59,Referral
O012579,C0610,P0003,2026-05-12,1,197.46,Organic
O012580,C0769,P0003,2026-05-12,2,394.92,Organic
O012581,C0348,P0013,2026-05-12,2,111.4,Organic
O012582,C0617,P0023,2026-05-12,1,91.99,Organic
O012583,C0384,P0028,2026-05-12,3,125.52,Organic
O012584,C0668,P0002,2026-05-12,2,370.8,Organic
O012585,C0590,P0007,2026-05-12,2,340.62,Paid
O012586,C0311,P0003,2026-05-12,1,197.46,Paid
O012587,C0529,P0005,2026-05-12,1,345.69,Organic
O012588,C0131,P0004,2026-05-12,1,169.23,Organic
O012589,C0326,P0011,2026-05-12,1,31.31,Organic
O012590,C0202,P0018,2026-05-12,2,98.38,Email
O012591,C0309,P0023,2026-05-12,2,183.98,Organic
O012592,C0383,P0024,2026-05-12,2,224.28,Email
O012593,C0232,P0030,2026-05-12,3,104.07,Paid
O012594,C0307,P0037,2026-05-12,3,124.71,Organic
O012595,C0355,P0039,2026-05-12,2,207.16,Paid
O012596,C0244,P0039,2026-05-12,3,310.74,Email
O012597,C0244,P0036,2026-05-12,1,72.11,Organic
O012598,C0682,P0039,2026-05-12,1,103.58,Paid
O012599,C0106,P0004,2026-05-12,3,507.69,Email
O012600,C0763,P0004,2026-05-12,3,507.69,Organic
O012601,C0568,P0001,2026-05-12,3,681.06,Paid
O012602,C0392,P0004,2026-05-12,1,169.23,Email
O012603,C0339,P0010,2026-05-12,3,119.4,Organic
O012604,C0393,P0009,2026-05-12,3,177.03,Organic
O012605,C0783,P0016,2026-05-12,2,114.0,Organic
O012606,C0351,P0015,2026-05-12,1,45.92,Paid
O012607,C0443,P0012,2026-05-12,2,164.04,Referral
O012608,C0453,P0017,2026-05-12,3,74.04,Organic
O012609,C0694,P0023,2026-05-12,3,275.97,Email
O012610,C0450,P0024,2026-05-12,1,112.14,Referral
O012611,C0323,P0027,2026-05-12,1,26.73,Organic
O012612,C0138,P0028,2026-05-12,2,83.68,Paid
O012613,C0710,P0028,2026-05-12,3,125.52,Organic
O012614,C0422,P0027,2026-05-12,1,26.73,Paid
O012615,C0709,P0035,2026-05-12,3,264.75,Paid
O012616,C0083,P0038,2026-05-12,2,36.36,Organic
O012617,C0499,P0004,2026-05-12,3,507.69,Paid
O012618,C0172,P0006,2026-05-12,2,131.6,Email
O012619,C0467,P0012,2026-05-12,1,82.02,Organic
O012620,C0290,P0010,2026-05-12,1,39.8,Paid
O012621,C0367,P0020,2026-05-12,1,79.47,Email
O012622,C0793,P0024,2026-05-12,3,336.42,Email
O012623,C0126,P0029,2026-05-12,1,17.3,Organic
O012624,C0469,P0029,2026-05-12,1,17.3,Email
O012625,C0600,P0008,2026-05-13,2,453.06,Paid
O012626,C0475,P0003,2026-05-13,1,197.46,Referral
O012627,C0689,P0005,2026-05-13,3,1037.07,Paid
O012628,C0787,P0006,2026-05-13,1,65.8,Paid
O012629,C0319,P0006,2026-05-13,3,197.4,Email
O012630,C0748,P0011,2026-05-13,3,93.93,Organic
O012631,C0359,P0013,2026-05-13,2,111.4,Email
O012632,C0364,P0012,2026-05-13,3,246.06,Referral
O012633,C0774,P0011,2026-05-13,1,31.31,Paid
O012634,C0786,P0021,2026-05-13,2,119.88,Organic
O012635,C0241,P0030,2026-05-13,1,34.69,Paid
O012636,C0773,P0029,2026-05-13,3,51.9,Organic
O012637,C0170,P0030,2026-05-13,2,69.38,Referral
O012638,C0346,P0027,2026-05-13,1,26.73,Paid
O012639,C0786,P0038,2026-05-13,1,18.18,Organic
O012640,C0537,P0002,2026-05-13,3,556.2,Organic
O012641,C0501,P0008,2026-05-13,3,679.59,Email
O012642,C0132,P0012,2026-05-13,2,164.04,Paid
O012643,C0202,P0020,2026-05-13,2,158.94,Paid
O012644,C0448,P0031,2026-05-13,3,114.36,Paid
O012645,C0249,P0039,2026-05-13,3,310.74,Referral
O012646,C0668,P0040,2026-05-13,1,63.16,Paid
O012647,C0612,P0002,2026-05-13,3,556.2,Organic
O012648,C0663,P0005,2026-05-13,2,691.38,Referral
O012649,C0060,P0002,2026-05-13,2,370.8,Paid
O012650,C0412,P0001,2026-05-13,1,227.02,Referral
O012651,C0766,P0007,2026-05-13,2,340.62,Organic
O012652,C0716,P0013,2026-05-13,1,55.7,Organic
O012653,C0032,P0011,2026-05-13,1,31.31,Referral
O012654,C0407,P0014,2026-05-13,1,23.42,Paid
O012655,C0766,P0011,2026-05-13,2,62.62,Paid
O012656,C0711,P0010,2026-05-13,3,119.4,Email
O012657,C0451,P0015,2026-05-13,2,91.84,Paid
O012658,C0010,P0022,2026-05-13,1,50.39,Organic
O012659,C0719,P0031,2026-05-13,2,76.24,Paid
O012660,C0017,P0031,2026-05-13,1,38.12,Organic
O012661,C0108,P0030,2026-05-13,1,34.69,Referral
O012662,C0133,P0030,2026-05-13,2,69.38,Paid
O012663,C0012,P0039,2026-05-13,1,103.58,Paid
O012664,C0260,P0036,2026-05-13,2,144.22,Paid
O012665,C0519,P0008,2026-05-13,2,453.06,Email
O012666,C0369,P0001,2026-05-13,3,681.06,Organic
O012667,C0103,P0013,2026-05-13,3,167.1,Paid
O012668,C0196,P0027,2026-05-13,3,80.19,Paid
O012669,C0519,P0032,2026-05-13,2,70.84,Organic
O012670,C0638,P0028,2026-05-13,3,125.52,Organic
O012671,C0064,P0029,2026-05-13,2,34.6,Referral
O012672,C0031,P0034,2026-05-13,2,117.36,Organic
O012673,C0583,P0039,2026-05-13,2,207.16,Organic
O012674,C0510,P0037,2026-05-13,1,41.57,Organic
O012675,C0075,P0006,2026-05-14,2,131.6,Referral
O012676,C0476,P0008,2026-05-14,2,453.06,Organic
O012677,C0532,P0014,2026-05-14,1,23.42,Organic
O012678,C0348,P0009,2026-05-14,1,59.01,Paid
O012679,C0125,P0011,2026-05-14,3,93.93,Paid
O012680,C0092,P0020,2026-05-14,2,158.94,Organic
O012681,C0070,P0028,2026-05-14,1,41.84,Paid
O012682,C0241,P0026,2026-05-14,1,56.61,Organic
O012683,C0607,P0030,2026-05-14,1,34.69,Organic
O012684,C0532,P0040,2026-05-14,1,63.16,Organic
O012685,C0491,P0007,2026-05-14,1,170.31,Paid
O012686,C0026,P0003,2026-05-14,3,592.38,Organic
O012687,C0246,P0012,2026-05-14,1,82.02,Referral
O012688,C0151,P0016,2026-05-14,1,57.0,Email
O012689,C0492,P0030,2026-05-14,2,69.38,Organic
O012690,C0578,P0035,2026-05-14,1,88.25,Paid
O012691,C0380,P0033,2026-05-14,3,264.75,Organic
O012692,C0502,P0040,2026-05-14,3,189.48,Email
O012693,C0781,P0039,2026-05-14,2,207.16,Organic
O012694,C0601,P0010,2026-05-14,2,79.6,Organic
O012695,C0568,P0011,2026-05-14,3,93.93,Paid
O012696,C0171,P0021,2026-05-14,1,59.94,Paid
O012697,C0450,P0017,2026-05-14,3,74.04,Paid
O012698,C0021,P0022,2026-05-14,3,151.17,Organic
O012699,C0422,P0030,2026-05-14,2,69.38,Organic
O012700,C0217,P0025,2026-05-14,2,77.74,Organic
O012701,C0669,P0030,2026-05-14,3,104.07,Organic
O012702,C0660,P0030,2026-05-14,1,34.69,Organic
O012703,C0714,P0028,2026-05-14,2,83.68,Paid
O012704,C0518,P0033,2026-05-14,1,88.25,Organic
O012705,C0621,P0039,2026-05-14,3,310.74,Paid
O012706,C0734,P0001,2026-05-14,2,454.04,Organic
O012707,C0592,P0007,2026-05-14,3,510.93,Email
O012708,C0073,P0007,2026-05-14,2,340.62,Organic
O012709,C0234,P0012,2026-05-14,3,246.06,Paid
O012710,C0638,P0013,2026-05-14,1,55.7,Organic
O012711,C0072,P0020,2026-05-14,1,79.47,Organic
O012712,C0229,P0028,2026-05-14,1,41.84,Organic
O012713,C0723,P0037,2026-05-14,1,41.57,Organic
O012714,C0442,P0007,2026-05-15,3,510.93,Referral
O012715,C0379,P0002,2026-05-15,3,556.2,Paid
O012716,C0289,P0011,2026-05-15,1,31.31,Email
O012717,C0330,P0012,2026-05-15,1,82.02,Paid
O012718,C0386,P0021,2026-05-15,2,119.88,Organic
O012719,C0081,P0017,2026-05-15,3,74.04,Paid
O012720,C0110,P0019,2026-05-15,1,132.95,Email
O012721,C0664,P0017,2026-05-15,2,49.36,Email
O012722,C0384,P0035,2026-05-15,1,88.25,Organic
O012723,C0158,P0011,2026-05-15,1,31.31,Organic
O012724,C0080,P0013,2026-05-15,2,111.4,Organic
O012725,C0687,P0018,2026-05-15,2,98.38,Organic
O012726,C0728,P0036,2026-05-15,3,216.33,Referral
O012727,C0633,P0035,2026-05-15,2,176.5,Email
O012728,C0312,P0039,2026-05-15,1,103.58,Organic
O012729,C0593,P0001,2026-05-15,1,227.02,Email
O012730,C0107,P0005,2026-05-15,2,691.38,Referral
O012731,C0711,P0001,2026-05-15,2,454.04,Organic
O012732,C0702,P0009,2026-05-15,3,177.03,Organic
O012733,C0152,P0013,2026-05-15,2,111.4,Organic
O012734,C0450,P0014,2026-05-15,3,70.26,Referral
O012735,C0683,P0022,2026-05-15,3,151.17,Paid
O012736,C0115,P0024,2026-05-15,2,224.28,Paid
O012737,C0127,P0026,2026-05-15,1,56.61,Organic
O012738,C0534,P0029,2026-05-15,3,51.9,Paid
O012739,C0494,P0025,2026-05-15,3,116.61,Paid
O012740,C0747,P0034,2026-05-15,3,176.04,Referral
O012741,C0136,P0002,2026-05-15,3,556.2,Organic
O012742,C0064,P0001,2026-05-15,2,454.04,Referral
O012743,C0367,P0004,2026-05-15,2,338.46,Referral
O012744,C0347,P0007,2026-05-15,2,340.62,Organic
O012745,C0352,P0002,2026-05-15,3,556.2,Paid
O012746,C0347,P0011,2026-05-15,2,62.62,Paid
O012747,C0481,P0031,2026-05-15,3,114.36,Email
O012748,C0686,P0035,2026-05-15,1,88.25,Organic
O012749,C0161,P0006,2026-05-16,2,131.6,Organic
O012750,C0319,P0016,2026-05-16,2,114.0,Referral
O012751,C0336,P0016,2026-05-16,1,57.0,Email
O012752,C0476,P0024,2026-05-16,3,336.42,Paid
O012753,C0474,P0018,2026-05-16,1,49.19,Organic
O012754,C0169,P0024,2026-05-16,2,224.28,Organic
O012755,C0475,P0019,2026-05-16,3,398.85,Organic
O012756,C0617,P0017,2026-05-16,2,49.36,Organic
O012757,C0607,P0031,2026-05-16,1,38.12,Paid
O012758,C0112,P0026,2026-05-16,3,169.83,Organic
O012759,C0118,P0030,2026-05-16,2,69.38,Organic
O012760,C0597,P0035,2026-05-16,1,88.25,Paid
O012761,C0774,P0038,2026-05-16,2,36.36,Paid
O012762,C0794,P0037,2026-05-16,2,83.14,Paid
O012763,C0361,P0005,2026-05-16,1,345.69,Organic
O012764,C0687,P0001,2026-05-16,3,681.06,Organic
O012765,C0564,P0014,2026-05-16,3,70.26,Organic
O012766,C0501,P0014,2026-05-16,3,70.26,Organic
O012767,C0586,P0010,2026-05-16,1,39.8,Organic
O012768,C0080,P0011,2026-05-16,3,93.93,Organic
O012769,C0244,P0017,2026-05-16,2,49.36,Email
O012770,C0726,P0019,2026-05-16,3,398.85,Paid
O012771,C0720,P0031,2026-05-16,1,38.12,Organic
O012772,C0776,P0025,2026-05-16,2,77.74,Organic
O012773,C0350,P0030,2026-05-16,1,34.69,Organic
O012774,C0520,P0038,2026-05-16,1,18.18,Organic
O012775,C0226,P0040,2026-05-16,1,63.16,Paid
O012776,C0344,P0034,2026-05-16,3,176.04,Organic
O012777,C0621,P0008,2026-05-16,2,453.06,Paid
O012778,C0634,P0003,2026-05-16,3,592.38,Paid
O012779,C0159,P0007,2026-05-16,2,340.62,Paid
O012780,C0701,P0004,2026-05-16,2,338.46,Organic
O012781,C0584,P0016,2026-05-16,2,114.0,Referral
O012782,C0741,P0012,2026-05-16,2,164.04,Referral
O012783,C0763,P0014,2026-05-16,3,70.26,Organic
O012784,C0744,P0011,2026-05-16,1,31.31,Organic
O012785,C0254,P0016,2026-05-16,3,171.0,Email
O012786,C0408,P0010,2026-05-16,3,119.4,Organic
O012787,C0318,P0023,2026-05-16,3,275.97,Organic
O012788,C0523,P0019,2026-05-16,1,132.95,Organic
O012789,C0106,P0030,2026-05-16,1,34.69,Paid
O012790,C0276,P0034,2026-05-16,1,58.68,Email
O012791,C0114,P0034,2026-05-16,3,176.04,Paid
O012792,C0223,P0012,2026-05-16,3,246.06,Organic
O012793,C0234,P0016,2026-05-16,2,114.0,Organic
O012794,C0757,P0014,2026-05-16,2,46.84,Organic
O012795,C0294,P0022,2026-05-16,3,151.17,Paid
O012796,C0124,P0018,2026-05-16,2,98.38,Organic
O012797,C0273,P0023,2026-05-16,3,275.97,Referral
O012798,C0645,P0028,2026-05-16,1,41.84,Organic
O012799,C0785,P0029,2026-05-16,1,17.3,Paid
O012800,C0014,P0028,2026-05-16,1,41.84,Referral
O012801,C0024,P0035,2026-05-16,1,88.25,Email
O012802,C0465,P0040,2026-05-16,1,63.16,Paid
O012803,C0757,P0038,2026-05-16,3,54.54,Email
O012804,C0044,P0008,2026-05-17,3,679.59,Email
O012805,C0230,P0006,2026-05-17,2,131.6,Referral
O012806,C0193,P0010,2026-05-17,2,79.6,Referral
O012807,C0787,P0009,2026-05-17,1,59.01,Email
O012808,C0270,P0011,2026-05-17,2,62.62,Organic
O012809,C0125,P0013,2026-05-17,1,55.7,Paid
O012810,C0539,P0024,2026-05-17,3,336.42,Email
O012811,C0215,P0018,2026-05-17,2,98.38,Organic
O012812,C0263,P0030,2026-05-17,3,104.07,Organic
O012813,C0468,P0025,2026-05-17,1,38.87,Referral
O012814,C0092,P0033,2026-05-17,1,88.25,Referral
O012815,C0312,P0005,2026-05-17,3,1037.07,Paid
O012816,C0067,P0011,2026-05-17,2,62.62,Organic
O012817,C0730,P0013,2026-05-17,1,55.7,Organic
O012818,C0479,P0011,2026-05-17,3,93.93,Organic
O012819,C0722,P0021,2026-05-17,2,119.88,Referral
O012820,C0342,P0023,2026-05-17,2,183.98,Organic
O012821,C0317,P0029,2026-05-17,3,51.9,Email
O012822,C0615,P0031,2026-05-17,2,76.24,Organic
O012823,C0730,P0026,2026-05-17,2,113.22,Organic
O012824,C0249,P0039,2026-05-17,2,207.16,Organic
O012825,C0571,P0035,2026-05-17,1,88.25,Organic
O012826,C0737,P0033,2026-05-17,3,264.75,Organic
O012827,C0538,P0005,2026-05-17,2,691.38,Paid
O012828,C0725,P0007,2026-05-17,2,340.62,Organic
O012829,C0339,P0013,2026-05-17,1,55.7,Paid
O012830,C0634,P0014,2026-05-17,2,46.84,Organic
O012831,C0438,P0011,2026-05-17,1,31.31,Paid
O012832,C0083,P0024,2026-05-17,1,112.14,Paid
O012833,C0429,P0023,2026-05-17,1,91.99,Organic
O012834,C0134,P0023,2026-05-17,3,275.97,Paid
O012835,C0385,P0022,2026-05-17,3,151.17,Referral
O012836,C0107,P0023,2026-05-17,1,91.99,Email
O012837,C0445,P0021,2026-05-17,3,179.82,Email
O012838,C0001,P0025,2026-05-17,2,77.74,Email
O012839,C0727,P0032,2026-05-17,3,106.26,Organic
O012840,C0453,P0034,2026-05-17,1,58.68,Email
O012841,C0443,P0033,2026-05-17,2,176.5,Paid
O012842,C0750,P0037,2026-05-17,1,41.57,Paid
O012843,C0428,P0002,2026-05-17,2,370.8,Organic
O012844,C0290,P0016,2026-05-17,2,114.0,Email
O012845,C0581,P0013,2026-05-17,2,111.4,Organic
O012846,C0047,P0015,2026-05-17,2,91.84,Organic
O012847,C0272,P0010,2026-05-17,2,79.6,Organic
O012848,C0229,P0016,2026-05-17,1,57.0,Organic
O012849,C0191,P0027,2026-05-17,2,53.46,Paid
O012850,C0183,P0032,2026-05-17,1,35.42,Organic
O012851,C0301,P0027,2026-05-17,1,26.73,Organic
O012852,C0699,P0031,2026-05-17,1,38.12,Email
O012853,C0467,P0034,2026-05-17,3,176.04,Organic
O012854,C0554,P0038,2026-05-17,2,36.36,Email
O012855,C0061,P0040,2026-05-17,1,63.16,Paid
O012856,C0036,P0037,2026-05-17,2,83.14,Organic
O012857,C0007,P0002,2026-05-18,2,370.8,Paid
O012858,C0297,P0005,2026-05-18,2,691.38,Email
O012859,C0201,P0002,2026-05-18,1,185.4,Email
O012860,C0372,P0008,2026-05-18,2,453.06,Referral
O012861,C0561,P0012,2026-05-18,2,164.04,Paid
O012862,C0063,P0021,2026-05-18,2,119.88,Referral
O012863,C0030,P0020,2026-05-18,1,79.47,Paid
O012864,C0769,P0033,2026-05-18,2,176.5,Paid
O012865,C0617,P0036,2026-05-18,3,216.33,Email
O012866,C0019,P0034,2026-05-18,1,58.68,Organic
O012867,C0446,P0035,2026-05-18,3,264.75,Paid
O012868,C0698,P0038,2026-05-18,1,18.18,Organic
O012869,C0780,P0005,2026-05-18,1,345.69,Organic
O012870,C0299,P0010,2026-05-18,1,39.8,Organic
O012871,C0549,P0013,2026-05-18,2,111.4,Organic
O012872,C0220,P0013,2026-05-18,2,111.4,Organic
O012873,C0309,P0021,2026-05-18,3,179.82,Paid
O012874,C0448,P0023,2026-05-18,3,275.97,Organic
O012875,C0415,P0017,2026-05-18,1,24.68,Referral
O012876,C0596,P0028,2026-05-18,1,41.84,Email
O012877,C0286,P0029,2026-05-18,2,34.6,Organic
O012878,C0737,P0026,2026-05-18,1,56.61,Organic
O012879,C0053,P0035,2026-05-18,2,176.5,Referral
O012880,C0644,P0035,2026-05-18,3,264.75,Organic
O012881,C0527,P0007,2026-05-18,3,510.93,Email
O012882,C0155,P0004,2026-05-18,2,338.46,Paid
O012883,C0020,P0002,2026-05-18,3,556.2,Organic
O012884,C0269,P0009,2026-05-18,2,118.02,Email
O012885,C0357,P0009,2026-05-18,3,177.03,Organic
O012886,C0750,P0022,2026-05-18,3,151.17,Organic
O012887,C0362,P0018,2026-05-18,3,147.57,Organic
O012888,C0252,P0018,2026-05-18,2,98.38,Paid
O012889,C0683,P0031,2026-05-18,3,114.36,Email
O012890,C0408,P0030,2026-05-18,3,104.07,Organic
O012891,C0003,P0032,2026-05-18,1,35.42,Paid
O012892,C0690,P0031,2026-05-18,3,114.36,Organic
O012893,C0710,P0028,2026-05-18,3,125.52,Paid
O012894,C0276,P0035,2026-05-18,2,176.5,Email
O012895,C0525,P0005,2026-05-18,2,691.38,Organic
O012896,C0272,P0011,2026-05-18,3,93.93,Organic
O012897,C0211,P0016,2026-05-18,1,57.0,Email
O012898,C0047,P0013,2026-05-18,3,167.1,Organic
O012899,C0058,P0019,2026-05-18,3,398.85,Paid
O012900,C0367,P0025,2026-05-18,3,116.61,Referral
O012901,C0109,P0025,2026-05-18,3,116.61,Organic
O012902,C0204,P0027,2026-05-18,1,26.73,Organic
O012903,C0546,P0036,2026-05-18,2,144.22,Organic
O012904,C0505,P0035,2026-05-18,3,264.75,Paid
O012905,C0164,P0035,2026-05-18,1,88.25,Email
O012906,C0241,P0006,2026-05-19,3,197.4,Paid
O012907,C0283,P0001,2026-05-19,1,227.02,Organic
O012908,C0078,P0005,2026-05-19,2,691.38,Referral
O012909,C0335,P0022,2026-05-19,1,50.39,Organic
O012910,C0230,P0026,2026-05-19,1,56.61,Email
O012911,C0495,P0029,2026-05-19,1,17.3,Organic
O012912,C0555,P0028,2026-05-19,2,83.68,Organic
O012913,C0334,P0040,2026-05-19,2,126.32,Organic
O012914,C0359,P0038,2026-05-19,3,54.54,Organic
O012915,C0602,P0038,2026-05-19,3,54.54,Email
O012916,C0355,P0010,2026-05-19,3,119.4,Email
O012917,C0501,P0022,2026-05-19,3,151.17,Organic
O012918,C0224,P0017,2026-05-19,2,49.36,Paid
O012919,C0287,P0030,2026-05-19,2,69.38,Paid
O012920,C0479,P0036,2026-05-19,3,216.33,Organic
O012921,C0087,P0039,2026-05-19,1,103.58,Paid
O012922,C0239,P0002,2026-05-19,2,370.8,Organic
O012923,C0409,P0007,2026-05-19,3,510.93,Organic
O012924,C0690,P0016,2026-05-19,3,171.0,Organic
O012925,C0409,P0011,2026-05-19,1,31.31,Email
O012926,C0707,P0021,2026-05-19,2,119.88,Organic
O012927,C0797,P0017,2026-05-19,2,49.36,Paid
O012928,C0653,P0020,2026-05-19,1,79.47,Referral
O012929,C0134,P0027,2026-05-19,2,53.46,Organic
O012930,C0033,P0025,2026-05-19,1,38.87,Organic
O012931,C0005,P0027,2026-05-19,2,53.46,Organic
O012932,C0017,P0026,2026-05-19,1,56.61,Referral
O012933,C0108,P0040,2026-05-19,1,63.16,Organic
O012934,C0727,P0036,2026-05-19,2,144.22,Referral
O012935,C0059,P0040,2026-05-19,3,189.48,Organic
O012936,C0014,P0006,2026-05-19,2,131.6,Organic
O012937,C0064,P0003,2026-05-19,2,394.92,Organic
O012938,C0290,P0002,2026-05-19,1,185.4,Organic
O012939,C0027,P0018,2026-05-19,1,49.19,Organic
O012940,C0358,P0020,2026-05-19,1,79.47,Paid
O012941,C0606,P0019,2026-05-19,3,398.85,Paid
O012942,C0013,P0030,2026-05-19,1,34.69,Organic
O012943,C0358,P0028,2026-05-19,1,41.84,Paid
O012944,C0574,P0029,2026-05-19,3,51.9,Paid
O012945,C0542,P0035,2026-05-19,2,176.5,Organic
O012946,C0532,P0004,2026-05-20,2,338.46,Organic
O012947,C0375,P0003,2026-05-20,3,592.38,Paid
O012948,C0346,P0001,2026-05-20,3,681.06,Paid
O012949,C0610,P0016,2026-05-20,3,171.0,Organic
O012950,C0456,P0009,2026-05-20,1,59.01,Email
O012951,C0110,P0009,2026-05-20,2,118.02,Referral
O012952,C0580,P0023,2026-05-20,3,275.97,Organic
O012953,C0348,P0021,2026-05-20,2,119.88,Paid
O012954,C0548,P0021,2026-05-20,3,179.82,Organic
O012955,C0706,P0032,2026-05-20,2,70.84,Referral
O012956,C0263,P0038,2026-05-20,3,54.54,Organic
O012957,C0379,P0035,2026-05-20,2,176.5,Email
O012958,C0476,P0036,2026-05-20,2,144.22,Organic
O012959,C0248,P0038,2026-05-20,3,54.54,Email
O012960,C0334,P0034,2026-05-20,2,117.36,Organic
O012961,C0376,P0034,2026-05-20,1,58.68,Organic
O012962,C0093,P0008,2026-05-20,2,453.06,Organic
O012963,C0753,P0008,2026-05-20,1,226.53,Organic
O012964,C0150,P0002,2026-05-20,2,370.8,Organic
O012965,C0578,P0012,2026-05-20,2,164.04,Organic
O012966,C0487,P0012,2026-05-20,2,164.04,Organic
O012967,C0355,P0017,2026-05-20,2,49.36,Organic
O012968,C0340,P0019,2026-05-20,1,132.95,Referral
O012969,C0524,P0022,2026-05-20,2,100.78,Paid
O012970,C0526,P0022,2026-05-20,3,151.17,Organic
O012971,C0162,P0030,2026-05-20,1,34.69,Paid
O012972,C0150,P0026,2026-05-20,2,113.22,Paid
O012973,C0180,P0028,2026-05-20,2,83.68,Email
O012974,C0212,P0027,2026-05-20,3,80.19,Organic
O012975,C0640,P0039,2026-05-20,1,103.58,Paid
O012976,C0668,P0033,2026-05-20,2,176.5,Organic
O012977,C0417,P0005,2026-05-20,1,345.69,Email
O012978,C0159,P0004,2026-05-20,1,169.23,Organic
O012979,C0673,P0005,2026-05-20,2,691.38,Paid
O012980,C0252,P0009,2026-05-20,2,118.02,Referral
O012981,C0717,P0024,2026-05-20,1,112.14,Email
O012982,C0240,P0025,2026-05-20,1,38.87,Email
O012983,C0745,P0025,2026-05-20,2,77.74,Referral
O012984,C0134,P0039,2026-05-20,2,207.16,Organic
O012985,C0612,P0038,2026-05-20,1,18.18,Organic
O012986,C0480,P0003,2026-05-20,1,197.46,Organic
O012987,C0290,P0004,2026-05-20,3,507.69,Referral
O012988,C0686,P0012,2026-05-20,1,82.02,Paid
O012989,C0016,P0012,2026-05-20,2,164.04,Email
O012990,C0472,P0014,2026-05-20,2,46.84,Email
O012991,C0649,P0013,2026-05-20,1,55.7,Paid
O012992,C0554,P0015,2026-05-20,3,137.76,Paid
O012993,C0079,P0013,2026-05-20,3,167.1,Paid
O012994,C0519,P0022,2026-05-20,3,151.17,Paid
O012995,C0704,P0021,2026-05-20,2,119.88,Referral
O012996,C0233,P0028,2026-05-20,2,83.68,Organic
O012997,C0658,P0030,2026-05-20,3,104.07,Paid
O012998,C0016,P0027,2026-05-20,1,26.73,Organic
O012999,C0368,P0036,2026-05-20,1,72.11,Referral
O013000,C0369,P0034,2026-05-20,1,58.68,Paid
O013001,C0800,P0039,2026-05-20,2,207.16,Referral
O013002,C0262,P0013,2026-05-21,2,111.4,Paid
O013003,C0268,P0016,2026-05-21,3,171.0,Email
O013004,C0773,P0014,2026-05-21,3,70.26,Email
O013005,C0474,P0012,2026-05-21,2,164.04,Paid
O013006,C0330,P0018,2026-05-21,2,98.38,Organic
O013007,C0697,P0024,2026-05-21,3,336.42,Paid
O013008,C0664,P0026,2026-05-21,2,113.22,Email
O013009,C0555,P0030,2026-05-21,1,34.69,Paid
O013010,C0548,P0025,2026-05-21,1,38.87,Paid
O013011,C0420,P0029,2026-05-21,1,17.3,Organic
O013012,C0167,P0028,2026-05-21,3,125.52,Paid
O013013,C0128,P0026,2026-05-21,1,56.61,Organic
O013014,C0698,P0035,2026-05-21,3,264.75,Organic
O013015,C0241,P0040,2026-05-21,2,126.32,Paid
O013016,C0497,P0035,2026-05-21,1,88.25,Organic
O013017,C0548,P0038,2026-05-21,1,18.18,Organic
O013018,C0370,P0002,2026-05-21,1,185.4,Paid
O013019,C0520,P0004,2026-05-21,1,169.23,Referral
O013020,C0132,P0002,2026-05-21,1,185.4,Organic
O013021,C0533,P0004,2026-05-21,2,338.46,Paid
O013022,C0781,P0005,2026-05-21,1,345.69,Paid
O013023,C0736,P0011,2026-05-21,1,31.31,Organic
O013024,C0570,P0011,2026-05-21,3,93.93,Organic
O013025,C0605,P0014,2026-05-21,1,23.42,Paid
O013026,C0180,P0016,2026-05-21,2,114.0,Email
O013027,C0764,P0021,2026-05-21,1,59.94,Paid
O013028,C0271,P0022,2026-05-21,3,151.17,Paid
O013029,C0726,P0030,2026-05-21,2,69.38,Paid
O013030,C0244,P0031,2026-05-21,1,38.12,Organic
O013031,C0537,P0039,2026-05-21,1,103.58,Paid
O013032,C0443,P0002,2026-05-21,2,370.8,Organic
O013033,C0527,P0004,2026-05-21,2,338.46,Organic
O013034,C0010,P0015,2026-05-21,3,137.76,Paid
O013035,C0438,P0015,2026-05-21,3,137.76,Paid
O013036,C0033,P0011,2026-05-21,3,93.93,Paid
O013037,C0252,P0021,2026-05-21,3,179.82,Organic
O013038,C0255,P0020,2026-05-21,1,79.47,Organic
O013039,C0683,P0021,2026-05-21,3,179.82,Paid
O013040,C0755,P0020,2026-05-21,2,158.94,Organic
O013041,C0207,P0027,2026-05-21,1,26.73,Email
O013042,C0790,P0035,2026-05-21,1,88.25,Organic
O013043,C0315,P0039,2026-05-21,1,103.58,Email
O013044,C0565,P0035,2026-05-21,2,176.5,Organic
O013045,C0515,P0002,2026-05-21,2,370.8,Paid
O013046,C0551,P0008,2026-05-21,2,453.06,Paid
O013047,C0704,P0006,2026-05-21,1,65.8,Organic
O013048,C0310,P0003,2026-05-21,3,592.38,Organic
O013049,C0525,P0005,2026-05-21,2,691.38,Paid
O013050,C0066,P0001,2026-05-21,3,681.06,Referral
O013051,C0013,P0003,2026-05-21,1,197.46,Paid
O013052,C0435,P0009,2026-05-21,3,177.03,Organic
O013053,C0587,P0023,2026-05-21,1,91.99,Paid
O013054,C0214,P0019,2026-05-21,2,265.9,Paid
O013055,C0073,P0028,2026-05-21,3,125.52,Paid
O013056,C0367,P0025,2026-05-21,3,116.61,Paid
O013057,C0147,P0039,2026-05-21,3,310.74,Email
O013058,C0785,P0038,2026-05-21,1,18.18,Paid
O013059,C0228,P0038,2026-05-21,2,36.36,Paid
O013060,C0444,P0003,2026-05-22,3,592.38,Organic
O013061,C0610,P0002,2026-05-22,2,370.8,Organic
O013062,C0270,P0008,2026-05-22,1,226.53,Referral
O013063,C0536,P0010,2026-05-22,1,39.8,Paid
O013064,C0386,P0012,2026-05-22,3,246.06,Referral
O013065,C0600,P0020,2026-05-22,2,158.94,Organic
O013066,C0610,P0018,2026-05-22,2,98.38,Paid
O013067,C0205,P0022,2026-05-22,3,151.17,Organic
O013068,C0498,P0037,2026-05-22,2,83.14,Organic
O013069,C0262,P0040,2026-05-22,3,189.48,Organic
O013070,C0495,P0036,2026-05-22,3,216.33,Paid
O013071,C0080,P0007,2026-05-22,2,340.62,Paid
O013072,C0200,P0003,2026-05-22,2,394.92,Organic
O013073,C0490,P0009,2026-05-22,2,118.02,Email
O013074,C0256,P0012,2026-05-22,3,246.06,Paid
O013075,C0151,P0021,2026-05-22,3,179.82,Organic
O013076,C0441,P0023,2026-05-22,3,275.97,Email
O013077,C0491,P0025,2026-05-22,3,116.61,Email
O013078,C0526,P0029,2026-05-22,2,34.6,Organic
O013079,C0799,P0037,2026-05-22,2,83.14,Organic
O013080,C0537,P0033,2026-05-22,2,176.5,Paid
O013081,C0487,P0035,2026-05-22,2,176.5,Organic
O013082,C0477,P0003,2026-05-22,2,394.92,Organic
O013083,C0269,P0004,2026-05-22,2,338.46,Organic
O013084,C0735,P0012,2026-05-22,2,164.04,Organic
O013085,C0634,P0010,2026-05-22,1,39.8,Email
O013086,C0282,P0014,2026-05-22,1,23.42,Referral
O013087,C0445,P0009,2026-05-22,1,59.01,Paid
O013088,C0750,P0014,2026-05-22,2,46.84,Organic
O013089,C0700,P0015,2026-05-22,2,91.84,Organic
O013090,C0255,P0029,2026-05-22,3,51.9,Paid
O013091,C0373,P0031,2026-05-22,1,38.12,Organic
O013092,C0217,P0029,2026-05-22,2,34.6,Organic
O013093,C0458,P0032,2026-05-22,3,106.26,Organic
O013094,C0107,P0038,2026-05-22,1,18.18,Paid
O013095,C0522,P0039,2026-05-22,1,103.58,Email
O013096,C0148,P0033,2026-05-22,2,176.5,Organic
O013097,C0362,P0035,2026-05-22,3,264.75,Referral
O013098,C0300,P0004,2026-05-22,1,169.23,Email
O013099,C0149,P0003,2026-05-22,3,592.38,Referral
O013100,C0367,P0012,2026-05-22,1,82.02,Referral
O013101,C0016,P0011,2026-05-22,1,31.31,Organic
O013102,C0734,P0012,2026-05-22,3,246.06,Organic
O013103,C0188,P0018,2026-05-22,1,49.19,Referral
O013104,C0638,P0019,2026-05-22,3,398.85,Organic
O013105,C0050,P0021,2026-05-22,3,179.82,Organic
O013106,C0734,P0017,2026-05-22,3,74.04,Email
O013107,C0785,P0019,2026-05-22,1,132.95,Referral
O013108,C0457,P0022,2026-05-22,2,100.78,Organic
O013109,C0061,P0032,2026-05-22,3,106.26,Paid
O013110,C0265,P0038,2026-05-22,2,36.36,Paid
O013111,C0770,P0038,2026-05-22,1,18.18,Paid
O013112,C0405,P0005,2026-05-23,1,345.69,Referral
O013113,C0552,P0010,2026-05-23,2,79.6,Organic
O013114,C0167,P0016,2026-05-23,1,57.0,Organic
O013115,C0769,P0023,2026-05-23,2,183.98,Organic
O013116,C0474,P0021,2026-05-23,1,59.94,Paid
O013117,C0283,P0028,2026-05-23,3,125.52,Email
O013118,C0341,P0031,2026-05-23,2,76.24,Organic
O013119,C0423,P0029,2026-05-23,1,17.3,Paid
O013120,C0167,P0040,2026-05-23,3,189.48,Email
O013121,C0740,P0033,2026-05-23,3,264.75,Paid
O013122,C0007,P0037,2026-05-23,2,83.14,Email
O013123,C0242,P0008,2026-05-23,3,679.59,Email
O013124,C0753,P0001,2026-05-23,3,681.06,Paid
O013125,C0101,P0002,2026-05-23,1,185.4,Organic
O013126,C0098,P0002,2026-05-23,2,370.8,Organic
O013127,C0737,P0015,2026-05-23,2,91.84,Organic
O013128,C0768,P0011,2026-05-23,2,62.62,Organic
O013129,C0590,P0011,2026-05-23,3,93.93,Email
O013130,C0502,P0016,2026-05-23,3,171.0,Referral
O013131,C0767,P0022,2026-05-23,2,100.78,Referral
O013132,C0596,P0017,2026-05-23,1,24.68,Organic
O013133,C0573,P0032,2026-05-23,2,70.84,Email
O013134,C0768,P0030,2026-05-23,2,69.38,Email
O013135,C0761,P0039,2026-05-23,2,207.16,Organic
O013136,C0410,P0038,2026-05-23,1,18.18,Organic
O013137,C0192,P0035,2026-05-23,1,88.25,Email
O013138,C0791,P0040,2026-05-23,3,189.48,Organic
O013139,C0005,P0003,2026-05-23,2,394.92,Email
O013140,C0584,P0005,2026-05-23,3,1037.07,Organic
O013141,C0133,P0001,2026-05-23,3,681.06,Paid
O013142,C0357,P0008,2026-05-23,2,453.06,Email
O013143,C0422,P0016,2026-05-23,2,114.0,Organic
O013144,C0538,P0016,2026-05-23,1,57.0,Organic
O013145,C0155,P0014,2026-05-23,3,70.26,Paid
O013146,C0146,P0024,2026-05-23,2,224.28,Organic
O013147,C0130,P0021,2026-05-23,1,59.94,Referral
O013148,C0173,P0022,2026-05-23,1,50.39,Organic
O013149,C0393,P0034,2026-05-23,3,176.04,Organic
O013150,C0001,P0036,2026-05-23,1,72.11,Paid
O013151,C0154,P0033,2026-05-23,1,88.25,Referral
O013152,C0434,P0034,2026-05-23,2,117.36,Organic
O013153,C0155,P0037,2026-05-23,3,124.71,Email
O013154,C0457,P0009,2026-05-23,1,59.01,Paid
O013155,C0136,P0010,2026-05-23,1,39.8,Organic
O013156,C0638,P0012,2026-05-23,2,164.04,Email
O013157,C0343,P0011,2026-05-23,1,31.31,Organic
O013158,C0204,P0014,2026-05-23,1,23.42,Email
O013159,C0514,P0015,2026-05-23,1,45.92,Organic
O013160,C0775,P0021,2026-05-23,3,179.82,Referral
O013161,C0358,P0021,2026-05-23,2,119.88,Organic
O013162,C0398,P0021,2026-05-23,1,59.94,Organic
O013163,C0183,P0032,2026-05-23,1,35.42,Referral
O013164,C0135,P0029,2026-05-23,3,51.9,Email
O013165,C0486,P0029,2026-05-23,1,17.3,Paid
O013166,C0172,P0028,2026-05-23,3,125.52,Email
O013167,C0014,P0033,2026-05-23,1,88.25,Organic
O013168,C0688,P0039,2026-05-23,2,207.16,Referral
O013169,C0285,P0037,2026-05-23,3,124.71,Organic
O013170,C0270,P0003,2026-05-24,3,592.38,Organic
O013171,C0798,P0002,2026-05-24,2,370.8,Paid
O013172,C0423,P0006,2026-05-24,1,65.8,Organic
O013173,C0654,P0003,2026-05-24,2,394.92,Referral
O013174,C0396,P0004,2026-05-24,1,169.23,Paid
O013175,C0167,P0004,2026-05-24,1,169.23,Organic
O013176,C0230,P0010,2026-05-24,3,119.4,Organic
O013177,C0588,P0015,2026-05-24,1,45.92,Paid
O013178,C0004,P0014,2026-05-24,1,23.42,Organic
O013179,C0125,P0017,2026-05-24,2,49.36,Organic
O013180,C0175,P0029,2026-05-24,1,17.3,Organic
O013181,C0696,P0030,2026-05-24,1,34.69,Paid
O013182,C0165,P0035,2026-05-24,3,264.75,Paid
O013183,C0476,P0036,2026-05-24,2,144.22,Organic
O013184,C0142,P0036,2026-05-24,2,144.22,Organic
O013185,C0102,P0001,2026-05-24,1,227.02,Organic
O013186,C0513,P0008,2026-05-24,2,453.06,Paid
O013187,C0666,P0009,2026-05-24,2,118.02,Organic
O013188,C0098,P0016,2026-05-24,3,171.0,Organic
O013189,C0238,P0019,2026-05-24,3,398.85,Email
O013190,C0102,P0022,2026-05-24,2,100.78,Paid
O013191,C0676,P0021,2026-05-24,1,59.94,Paid
O013192,C0571,P0027,2026-05-24,1,26.73,Organic
O013193,C0521,P0031,2026-05-24,1,38.12,Organic
O013194,C0355,P0032,2026-05-24,3,106.26,Organic
O013195,C0158,P0037,2026-05-24,2,83.14,Email
O013196,C0543,P0033,2026-05-24,1,88.25,Organic
O013197,C0491,P0040,2026-05-24,1,63.16,Organic
O013198,C0067,P0040,2026-05-24,2,126.32,Organic
O013199,C0433,P0035,2026-05-24,1,88.25,Organic
O013200,C0648,P0003,2026-05-24,2,394.92,Organic
O013201,C0522,P0001,2026-05-24,2,454.04,Organic
O013202,C0782,P0015,2026-05-24,2,91.84,Email
O013203,C0700,P0011,2026-05-24,1,31.31,Organic
O013204,C0134,P0014,2026-05-24,2,46.84,Organic
O013205,C0003,P0019,2026-05-24,1,132.95,Organic
O013206,C0458,P0032,2026-05-24,1,35.42,Organic
O013207,C0086,P0029,2026-05-24,2,34.6,Email
O013208,C0690,P0028,2026-05-24,3,125.52,Organic
O013209,C0563,P0029,2026-05-24,3,51.9,Paid
O013210,C0407,P0037,2026-05-24,2,83.14,Referral
O013211,C0104,P0007,2026-05-24,3,510.93,Organic
O013212,C0387,P0008,2026-05-24,2,453.06,Paid
O013213,C0772,P0013,2026-05-24,1,55.7,Paid
O013214,C0671,P0013,2026-05-24,1,55.7,Organic
O013215,C0686,P0014,2026-05-24,2,46.84,Paid
O013216,C0104,P0021,2026-05-24,3,179.82,Paid
O013217,C0185,P0019,2026-05-24,1,132.95,Paid
O013218,C0347,P0019,2026-05-24,3,398.85,Email
O013219,C0347,P0021,2026-05-24,1,59.94,Paid
O013220,C0785,P0018,2026-05-24,3,147.57,Organic
O013221,C0626,P0031,2026-05-24,3,114.36,Paid
O013222,C0686,P0032,2026-05-24,1,35.42,Email
O013223,C0164,P0026,2026-05-24,3,169.83,Organic
O013224,C0366,P0032,2026-05-24,3,106.26,Email
O013225,C0792,P0026,2026-05-24,1,56.61,Organic
O013226,C0050,P0030,2026-05-24,1,34.69,Paid
O013227,C0762,P0030,2026-05-24,3,104.07,Paid
O013228,C0062,P0035,2026-05-24,3,264.75,Paid
O013229,C0310,P0034,2026-05-24,2,117.36,Organic
O013230,C0014,P0034,2026-05-24,2,117.36,Organic
O013231,C0174,P0010,2026-05-25,2,79.6,Paid
O013232,C0085,P0009,2026-05-25,2,118.02,Organic
O013233,C0442,P0011,2026-05-25,2,62.62,Organic
O013234,C0175,P0009,2026-05-25,1,59.01,Paid
O013235,C0376,P0010,2026-05-25,1,39.8,Paid
O013236,C0420,P0028,2026-05-25,1,41.84,Email
O013237,C0497,P0032,2026-05-25,3,106.26,Referral
O013238,C0474,P0030,2026-05-25,2,69.38,Referral
O013239,C0691,P0028,2026-05-25,2,83.68,Referral
O013240,C0600,P0040,2026-05-25,3,189.48,Organic
O013241,C0092,P0033,2026-05-25,2,176.5,Organic
O013242,C0748,P0036,2026-05-25,1,72.11,Organic
O013243,C0778,P0040,2026-05-25,3,189.48,Referral
O013244,C0460,P0036,2026-05-25,3,216.33,Paid
O013245,C0703,P0005,2026-05-25,2,691.38,Email
O013246,C0311,P0012,2026-05-25,3,246.06,Paid
O013247,C0590,P0018,2026-05-25,3,147.57,Paid
O013248,C0764,P0017,2026-05-25,2,49.36,Organic
O013249,C0513,P0019,2026-05-25,2,265.9,Paid
O013250,C0180,P0018,2026-05-25,2,98.38,Organic
O013251,C0614,P0019,2026-05-25,1,132.95,Organic
O013252,C0238,P0030,2026-05-25,3,104.07,Referral
O013253,C0722,P0031,2026-05-25,1,38.12,Paid
O013254,C0317,P0037,2026-05-25,1,41.57,Organic
O013255,C0244,P0034,2026-05-25,3,176.04,Paid
O013256,C0059,P0007,2026-05-25,2,340.62,Organic
O013257,C0750,P0005,2026-05-25,3,1037.07,Organic
O013258,C0422,P0010,2026-05-25,1,39.8,Organic
O013259,C0318,P0011,2026-05-25,3,93.93,Email
O013260,C0677,P0017,2026-05-25,2,49.36,Paid
O013261,C0146,P0017,2026-05-25,3,74.04,Organic
O013262,C0032,P0022,2026-05-25,3,151.17,Email
O013263,C0059,P0028,2026-05-25,3,125.52,Organic
O013264,C0747,P0029,2026-05-25,1,17.3,Organic
O013265,C0012,P0039,2026-05-25,2,207.16,Organic
O013266,C0445,P0033,2026-05-25,2,176.5,Referral
O013267,C0559,P0035,2026-05-25,2,176.5,Email
O013268,C0033,P0039,2026-05-25,1,103.58,Paid
O013269,C0734,P0007,2026-05-25,1,170.31,Organic
O013270,C0467,P0001,2026-05-25,3,681.06,Organic
O013271,C0183,P0007,2026-05-25,1,170.31,Referral
O013272,C0365,P0002,2026-05-25,3,556.2,Organic
O013273,C0013,P0006,2026-05-25,3,197.4,Organic
O013274,C0031,P0016,2026-05-25,2,114.0,Organic
O013275,C0352,P0015,2026-05-25,2,91.84,Referral
O013276,C0064,P0012,2026-05-25,2,164.04,Email
O013277,C0031,P0011,2026-05-25,1,31.31,Paid
O013278,C0061,P0019,2026-05-25,3,398.85,Referral
O013279,C0369,P0023,2026-05-25,3,275.97,Paid
O013280,C0122,P0024,2026-05-25,2,224.28,Organic
O013281,C0023,P0017,2026-05-25,2,49.36,Organic
O013282,C0466,P0030,2026-05-25,1,34.69,Email
O013283,C0681,P0026,2026-05-25,1,56.61,Paid
O013284,C0327,P0033,2026-05-25,3,264.75,Paid
O013285,C0560,P0035,2026-05-25,3,264.75,Paid
O013286,C0241,P0003,2026-05-26,2,394.92,Referral
O013287,C0167,P0005,2026-05-26,2,691.38,Email
O013288,C0283,P0010,2026-05-26,1,39.8,Organic
O013289,C0423,P0013,2026-05-26,3,167.1,Organic
O013290,C0341,P0018,2026-05-26,3,147.57,Email
O013291,C0280,P0019,2026-05-26,3,398.85,Organic
O013292,C0328,P0019,2026-05-26,3,398.85,Organic
O013293,C0678,P0023,2026-05-26,1,91.99,Paid
O013294,C0289,P0024,2026-05-26,1,112.14,Paid
O013295,C0328,P0031,2026-05-26,3,114.36,Organic
O013296,C0142,P0032,2026-05-26,3,106.26,Organic
O013297,C0446,P0027,2026-05-26,2,53.46,Organic
O013298,C0631,P0026,2026-05-26,1,56.61,Paid
O013299,C0178,P0040,2026-05-26,1,63.16,Referral
O013300,C0076,P0033,2026-05-26,3,264.75,Organic
O013301,C0332,P0034,2026-05-26,3,176.04,Paid
O013302,C0473,P0001,2026-05-26,2,454.04,Referral
O013303,C0666,P0009,2026-05-26,2,118.02,Organic
O013304,C0383,P0019,2026-05-26,2,265.9,Organic
O013305,C0433,P0035,2026-05-26,1,88.25,Email
O013306,C0470,P0039,2026-05-26,2,207.16,Email
O013307,C0008,P0037,2026-05-26,2,83.14,Paid
O013308,C0238,P0033,2026-05-26,3,264.75,Organic
O013309,C0017,P0003,2026-05-26,3,592.38,Paid
O013310,C0029,P0003,2026-05-26,1,197.46,Organic
O013311,C0100,P0011,2026-05-26,2,62.62,Referral
O013312,C0635,P0015,2026-05-26,3,137.76,Referral
O013313,C0060,P0013,2026-05-26,1,55.7,Organic
O013314,C0010,P0012,2026-05-26,3,246.06,Paid
O013315,C0385,P0018,2026-05-26,3,147.57,Organic
O013316,C0563,P0019,2026-05-26,3,398.85,Paid
O013317,C0345,P0029,2026-05-26,3,51.9,Paid
O013318,C0111,P0029,2026-05-26,2,34.6,Paid
O013319,C0339,P0031,2026-05-26,2,76.24,Organic
O013320,C0681,P0005,2026-05-26,1,345.69,Organic
O013321,C0482,P0010,2026-05-26,2,79.6,Organic
O013322,C0050,P0014,2026-05-26,3,70.26,Paid
O013323,C0461,P0016,2026-05-26,1,57.0,Referral
O013324,C0517,P0024,2026-05-26,1,112.14,Organic
O013325,C0679,P0017,2026-05-26,1,24.68,Organic
O013326,C0074,P0024,2026-05-26,3,336.42,Organic
O013327,C0322,P0021,2026-05-26,1,59.94,Paid
O013328,C0109,P0020,2026-05-26,1,79.47,Paid
O013329,C0398,P0025,2026-05-26,3,116.61,Paid
O013330,C0047,P0030,2026-05-26,2,69.38,Email
O013331,C0402,P0027,2026-05-26,1,26.73,Organic
O013332,C0692,P0036,2026-05-26,1,72.11,Email
O013333,C0360,P0038,2026-05-26,2,36.36,Email
O013334,C0397,P0038,2026-05-26,2,36.36,Organic
O013335,C0105,P0039,2026-05-26,1,103.58,Email
O013336,C0233,P0040,2026-05-26,3,189.48,Organic
O013337,C0303,P0005,2026-05-27,1,345.69,Referral
O013338,C0258,P0014,2026-05-27,1,23.42,Organic
O013339,C0125,P0021,2026-05-27,2,119.88,Paid
O013340,C0547,P0021,2026-05-27,3,179.82,Paid
O013341,C0085,P0019,2026-05-27,1,132.95,Referral
O013342,C0698,P0031,2026-05-27,2,76.24,Organic
O013343,C0034,P0030,2026-05-27,1,34.69,Organic
O013344,C0049,P0027,2026-05-27,1,26.73,Paid
O013345,C0375,P0030,2026-05-27,3,104.07,Paid
O013346,C0270,P0030,2026-05-27,2,69.38,Organic
O013347,C0123,P0025,2026-05-27,2,77.74,Organic
O013348,C0270,P0034,2026-05-27,1,58.68,Paid
O013349,C0794,P0038,2026-05-27,2,36.36,Referral
O013350,C0497,P0038,2026-05-27,2,36.36,Paid
O013351,C0120,P0036,2026-05-27,1,72.11,Organic
O013352,C0490,P0023,2026-05-27,2,183.98,Referral
O013353,C0676,P0018,2026-05-27,1,49.19,Referral
O013354,C0008,P0017,2026-05-27,3,74.04,Organic
O013355,C0682,P0029,2026-05-27,2,34.6,Paid
O013356,C0198,P0025,2026-05-27,1,38.87,Paid
O013357,C0212,P0038,2026-05-27,2,36.36,Email
O013358,C0727,P0006,2026-05-27,3,197.4,Paid
O013359,C0717,P0002,2026-05-27,3,556.2,Organic
O013360,C0345,P0001,2026-05-27,1,227.02,Paid
O013361,C0677,P0004,2026-05-27,3,507.69,Paid
O013362,C0225,P0005,2026-05-27,3,1037.07,Paid
O013363,C0464,P0012,2026-05-27,3,246.06,Organic
O013364,C0782,P0016,2026-05-27,2,114.0,Paid
O013365,C0427,P0024,2026-05-27,3,336.42,Organic
O013366,C0179,P0024,2026-05-27,1,112.14,Organic
O013367,C0754,P0021,2026-05-27,1,59.94,Organic
O013368,C0672,P0028,2026-05-27,1,41.84,Email
O013369,C0528,P0025,2026-05-27,2,77.74,Organic
O013370,C0716,P0030,2026-05-27,3,104.07,Paid
O013371,C0458,P0026,2026-05-27,3,169.83,Organic
O013372,C0422,P0037,2026-05-27,3,124.71,Referral
O013373,C0393,P0033,2026-05-27,1,88.25,Organic
O013374,C0750,P0040,2026-05-27,3,189.48,Organic
O013375,C0074,P0009,2026-05-27,3,177.03,Organic
O013376,C0013,P0010,2026-05-27,1,39.8,Organic
O013377,C0686,P0010,2026-05-27,3,119.4,Paid
O013378,C0368,P0021,2026-05-27,2,119.88,Organic
O013379,C0598,P0027,2026-05-27,3,80.19,Paid
O013380,C0222,P0032,2026-05-27,3,106.26,Organic
O013381,C0551,P0032,2026-05-27,1,35.42,Paid
O013382,C0027,P0026,2026-05-27,1,56.61,Paid
O013383,C0061,P0028,2026-05-27,2,83.68,Paid
O013384,C0365,P0031,2026-05-27,3,114.36,Organic
O013385,C0567,P0026,2026-05-27,2,113.22,Email
O013386,C0785,P0038,2026-05-27,1,18.18,Paid
O013387,C0459,P0034,2026-05-27,1,58.68,Paid
O013388,C0468,P0007,2026-05-28,2,340.62,Email
O013389,C0004,P0027,2026-05-28,2,53.46,Referral
O013390,C0081,P0036,2026-05-28,1,72.11,Paid
O013391,C0258,P0038,2026-05-28,2,36.36,Email
O013392,C0607,P0035,2026-05-28,2,176.5,Paid
O013393,C0590,P0002,2026-05-28,3,556.2,Paid
O013394,C0286,P0005,2026-05-28,2,691.38,Paid
O013395,C0355,P0002,2026-05-28,3,556.2,Referral
O013396,C0759,P0012,2026-05-28,2,164.04,Organic
O013397,C0771,P0011,2026-05-28,3,93.93,Organic
O013398,C0743,P0016,2026-05-28,3,171.0,Organic
O013399,C0053,P0017,2026-05-28,1,24.68,Paid
O013400,C0720,P0031,2026-05-28,1,38.12,Paid
O013401,C0501,P0037,2026-05-28,2,83.14,Paid
O013402,C0086,P0008,2026-05-28,1,226.53,Organic
O013403,C0255,P0006,2026-05-28,3,197.4,Organic
O013404,C0528,P0006,2026-05-28,1,65.8,Referral
O013405,C0565,P0008,2026-05-28,1,226.53,Referral
O013406,C0673,P0014,2026-05-28,2,46.84,Paid
O013407,C0694,P0015,2026-05-28,1,45.92,Organic
O013408,C0430,P0009,2026-05-28,1,59.01,Paid
O013409,C0173,P0021,2026-05-28,2,119.88,Organic
O013410,C0627,P0019,2026-05-28,3,398.85,Paid
O013411,C0130,P0020,2026-05-28,1,79.47,Organic
O013412,C0527,P0020,2026-05-28,2,158.94,Paid
O013413,C0429,P0018,2026-05-28,2,98.38,Paid
O013414,C0488,P0031,2026-05-28,1,38.12,Paid
O013415,C0325,P0040,2026-05-28,1,63.16,Paid
O013416,C0339,P0038,2026-05-28,2,36.36,Organic
O013417,C0685,P0001,2026-05-28,3,681.06,Paid
O013418,C0211,P0005,2026-05-28,1,345.69,Organic
O013419,C0478,P0006,2026-05-28,3,197.4,Paid
O013420,C0181,P0014,2026-05-28,3,70.26,Organic
O013421,C0718,P0017,2026-05-28,2,49.36,Organic
O013422,C0023,P0019,2026-05-28,3,398.85,Paid
O013423,C0301,P0018,2026-05-28,2,98.38,Email
O013424,C0681,P0021,2026-05-28,3,179.82,Paid
O013425,C0671,P0027,2026-05-28,2,53.46,Organic
O013426,C0650,P0025,2026-05-28,1,38.87,Paid
O013427,C0585,P0026,2026-05-28,3,169.83,Email
O013428,C0149,P0037,2026-05-28,1,41.57,Paid
O013429,C0646,P0036,2026-05-28,1,72.11,Email
O013430,C0165,P0006,2026-05-29,1,65.8,Organic
O013431,C0262,P0002,2026-05-29,2,370.8,Organic
O013432,C0297,P0009,2026-05-29,3,177.03,Organic
O013433,C0262,P0017,2026-05-29,2,49.36,Organic
O013434,C0266,P0022,2026-05-29,3,151.17,Organic
O013435,C0178,P0023,2026-05-29,1,91.99,Organic
O013436,C0248,P0018,2026-05-29,1,49.19,Paid
O013437,C0697,P0031,2026-05-29,3,114.36,Referral
O013438,C0675,P0025,2026-05-29,3,116.61,Paid
O013439,C0547,P0035,2026-05-29,3,264.75,Paid
O013440,C0297,P0040,2026-05-29,2,126.32,Organic
O013441,C0569,P0033,2026-05-29,3,264.75,Paid
O013442,C0167,P0034,2026-05-29,1,58.68,Referral
O013443,C0299,P0005,2026-05-29,3,1037.07,Organic
O013444,C0088,P0006,2026-05-29,1,65.8,Organic
O013445,C0764,P0004,2026-05-29,3,507.69,Paid
O013446,C0344,P0009,2026-05-29,1,59.01,Referral
O013447,C0411,P0013,2026-05-29,1,55.7,Paid
O013448,C0006,P0010,2026-05-29,3,119.4,Organic
O013449,C0098,P0012,2026-05-29,2,164.04,Organic
O013450,C0520,P0012,2026-05-29,2,164.04,Organic
O013451,C0308,P0022,2026-05-29,3,151.17,Email
O013452,C0586,P0028,2026-05-29,2,83.68,Organic
O013453,C0629,P0031,2026-05-29,1,38.12,Organic
O013454,C0321,P0033,2026-05-29,1,88.25,Paid
O013455,C0029,P0008,2026-05-29,3,679.59,Paid
O013456,C0255,P0004,2026-05-29,2,338.46,Organic
O013457,C0021,P0009,2026-05-29,3,177.03,Organic
O013458,C0409,P0022,2026-05-29,3,151.17,Paid
O013459,C0393,P0021,2026-05-29,3,179.82,Referral
O013460,C0746,P0028,2026-05-29,3,125.52,Paid
O013461,C0005,P0027,2026-05-29,1,26.73,Paid
O013462,C0276,P0031,2026-05-29,3,114.36,Referral
O013463,C0534,P0027,2026-05-29,2,53.46,Organic
O013464,C0478,P0002,2026-05-29,1,185.4,Email
O013465,C0310,P0012,2026-05-29,1,82.02,Paid
O013466,C0800,P0009,2026-05-29,2,118.02,Organic
O013467,C0499,P0033,2026-05-29,3,264.75,Organic
O013468,C0065,P0038,2026-05-29,3,54.54,Organic
O013469,C0499,P0033,2026-05-29,3,264.75,Paid
O013470,C0446,P0002,2026-05-30,3,556.2,Paid
O013471,C0215,P0011,2026-05-30,3,93.93,Organic
O013472,C0046,P0014,2026-05-30,2,46.84,Email
O013473,C0209,P0023,2026-05-30,1,91.99,Paid
O013474,C0201,P0021,2026-05-30,3,179.82,Organic
O013475,C0110,P0023,2026-05-30,1,91.99,Organic
O013476,C0468,P0028,2026-05-30,1,41.84,Paid
O013477,C0536,P0030,2026-05-30,2,69.38,Organic
O013478,C0684,P0032,2026-05-30,1,35.42,Organic
O013479,C0769,P0029,2026-05-30,1,17.3,Organic
O013480,C0165,P0027,2026-05-30,3,80.19,Organic
O013481,C0170,P0034,2026-05-30,2,117.36,Organic
O013482,C0266,P0036,2026-05-30,2,144.22,Paid
O013483,C0316,P0001,2026-05-30,3,681.06,Organic
O013484,C0224,P0015,2026-05-30,2,91.84,Organic
O013485,C0342,P0011,2026-05-30,1,31.31,Organic
O013486,C0102,P0009,2026-05-30,3,177.03,Email
O013487,C0093,P0011,2026-05-30,3,93.93,Organic
O013488,C0520,P0016,2026-05-30,1,57.0,Organic
O013489,C0529,P0017,2026-05-30,2,49.36,Organic
O013490,C0198,P0020,2026-05-30,3,238.41,Organic
O013491,C0307,P0027,2026-05-30,2,53.46,Organic
O013492,C0629,P0027,2026-05-30,1,26.73,Organic
O013493,C0537,P0026,2026-05-30,1,56.61,Paid
O013494,C0006,P0025,2026-05-30,3,116.61,Paid
O013495,C0162,P0026,2026-05-30,3,169.83,Organic
O013496,C0731,P0032,2026-05-30,1,35.42,Paid
O013497,C0129,P0026,2026-05-30,2,113.22,Organic
O013498,C0720,P0037,2026-05-30,3,124.71,Paid
O013499,C0243,P0035,2026-05-30,3,264.75,Paid
O013500,C0326,P0040,2026-05-30,2,126.32,Referral
O013501,C0533,P0035,2026-05-30,2,176.5,Email
O013502,C0370,P0034,2026-05-30,2,117.36,Paid
O013503,C0570,P0040,2026-05-30,1,63.16,Referral
O013504,C0412,P0008,2026-05-30,2,453.06,Paid
O013505,C0407,P0003,2026-05-30,1,197.46,Organic
O013506,C0647,P0003,2026-05-30,2,394.92,Paid
O013507,C0739,P0016,2026-05-30,1,57.0,Organic
O013508,C0389,P0016,2026-05-30,2,114.0,Paid
O013509,C0385,P0015,2026-05-30,1,45.92,Organic
O013510,C0727,P0022,2026-05-30,2,100.78,Paid
O013511,C0672,P0018,2026-05-30,1,49.19,Referral
O013512,C0187,P0020,2026-05-30,2,158.94,Organic
O013513,C0255,P0022,2026-05-30,2,100.78,Organic
O013514,C0488,P0025,2026-05-30,2,77.74,Email
O013515,C0389,P0029,2026-05-30,3,51.9,Paid
O013516,C0227,P0026,2026-05-30,2,113.22,Organic
O013517,C0445,P0029,2026-05-30,1,17.3,Email
O013518,C0276,P0026,2026-05-30,3,169.83,Organic
O013519,C0450,P0033,2026-05-30,1,88.25,Organic
O013520,C0747,P0037,2026-05-30,1,41.57,Organic
O013521,C0159,P0035,2026-05-30,2,176.5,Referral
O013522,C0152,P0040,2026-05-30,3,189.48,Paid
O013523,C0725,P0035,2026-05-30,3,264.75,Email
O013524,C0233,P0003,2026-05-30,3,592.38,Organic
O013525,C0402,P0008,2026-05-30,2,453.06,Organic
O013526,C0058,P0016,2026-05-30,1,57.0,Organic
O013527,C0368,P0013,2026-05-30,3,167.1,Paid
O013528,C0643,P0015,2026-05-30,1,45.92,Organic
O013529,C0482,P0009,2026-05-30,2,118.02,Organic
O013530,C0598,P0020,2026-05-30,3,238.41,Paid
O013531,C0387,P0024,2026-05-30,3,336.42,Organic
O013532,C0465,P0032,2026-05-30,3,106.26,Email
O013533,C0347,P0026,2026-05-30,2,113.22,Organic
O013534,C0014,P0037,2026-05-30,2,83.14,Organic
O013535,C0775,P0034,2026-05-30,3,176.04,Organic
O013536,C0058,P0036,2026-05-30,1,72.11,Organic
O013537,C0354,P0004,2026-05-31,2,338.46,Organic
O013538,C0379,P0001,2026-05-31,3,681.06,Referral
O013539,C0678,P0003,2026-05-31,2,394.92,Organic
O013540,C0063,P0014,2026-05-31,1,23.42,Organic
O013541,C0241,P0023,2026-05-31,2,183.98,Organic
O013542,C0011,P0024,2026-05-31,2,224.28,Organic
O013543,C0498,P0023,2026-05-31,1,91.99,Paid
O013544,C0376,P0021,2026-05-31,1,59.94,Organic
O013545,C0262,P0025,2026-05-31,1,38.87,Email
O013546,C0637,P0032,2026-05-31,1,35.42,Paid
O013547,C0395,P0030,2026-05-31,3,104.07,Organic
O013548,C0006,P0007,2026-05-31,2,340.62,Organic
O013549,C0102,P0005,2026-05-31,1,345.69,Paid
O013550,C0720,P0008,2026-05-31,1,226.53,Paid
O013551,C0479,P0015,2026-05-31,3,137.76,Organic
O013552,C0162,P0012,2026-05-31,1,82.02,Organic
O013553,C0520,P0016,2026-05-31,1,57.0,Organic
O013554,C0570,P0020,2026-05-31,3,238.41,Organic
O013555,C0321,P0023,2026-05-31,1,91.99,Paid
O013556,C0608,P0030,2026-05-31,1,34.69,Organic
O013557,C0573,P0025,2026-05-31,2,77.74,Paid
O013558,C0722,P0029,2026-05-31,2,34.6,Organic
O013559,C0008,P0026,2026-05-31,2,113.22,Paid
O013560,C0570,P0027,2026-05-31,3,80.19,Paid
O013561,C0224,P0032,2026-05-31,2,70.84,Organic
O013562,C0256,P0032,2026-05-31,2,70.84,Organic
O013563,C0737,P0034,2026-05-31,3,176.04,Organic
O013564,C0682,P0040,2026-05-31,1,63.16,Paid
O013565,C0797,P0002,2026-05-31,3,556.2,Organic
O013566,C0464,P0001,2026-05-31,1,227.02,Email
O013567,C0038,P0003,2026-05-31,2,394.92,Referral
O013568,C0755,P0004,2026-05-31,1,169.23,Organic
O013569,C0100,P0004,2026-05-31,3,507.69,Referral
O013570,C0282,P0012,2026-05-31,3,246.06,Referral
O013571,C0260,P0015,2026-05-31,1,45.92,Organic
O013572,C0562,P0022,2026-05-31,2,100.78,Organic
O013573,C0553,P0024,2026-05-31,3,336.42,Paid
O013574,C0783,P0019,2026-05-31,2,265.9,Organic
O013575,C0563,P0024,2026-05-31,3,336.42,Paid
O013576,C0523,P0027,2026-05-31,2,53.46,Email
O013577,C0670,P0032,2026-05-31,2,70.84,Organic
O013578,C0276,P0025,2026-05-31,2,77.74,Paid
O013579,C0254,P0039,2026-05-31,2,207.16,Organic
O013580,C0083,P0036,2026-05-31,3,216.33,Organic
O013581,C0452,P0037,2026-05-31,2,83.14,Organic
O013582,C0412,P0039,2026-05-31,1,103.58,Referral
O013583,C0024,P0005,2026-05-31,1,345.69,Paid
O013584,C0023,P0007,2026-05-31,2,340.62,Organic
O013585,C0050,P0001,2026-05-31,2,454.04,Organic
O013586,C0036,P0009,2026-05-31,3,177.03,Organic
O013587,C0515,P0013,2026-05-31,3,167.1,Organic
O013588,C0546,P0009,2026-05-31,3,177.03,Paid
O013589,C0598,P0024,2026-05-31,3,336.42,Paid
O013590,C0457,P0025,2026-05-31,2,77.74,Paid
O013591,C0294,P0029,2026-05-31,2,34.6,Organic
O013592,C0546,P0027,2026-05-31,1,26.73,Paid
O013593,C0792,P0031,2026-05-31,3,114.36,Email
O013594,C0211,P0036,2026-05-31,3,216.33,Organic
O013595,C0365,P0035,2026-05-31,3,264.75,Email
O013596,C0465,P0035,2026-05-31,3,264.75,Paid
O013597,C0149,P0035,2026-05-31,2,176.5,Organic
O013598,C0079,P0038,2026-05-31,1,18.18,Organic
O013599,C0369,P0035,2026-05-31,2,176.5,Paid
O013600,C0547,P0003,2026-06-01,1,197.46,Paid
O013601,C0414,P0014,2026-06-01,3,70.26,Referral
O013602,C0607,P0011,2026-06-01,3,93.93,Paid
O013603,C0426,P0025,2026-06-01,1,38.87,Referral
O013604,C0070,P0027,2026-06-01,1,26.73,Organic
O013605,C0044,P0030,2026-06-01,2,69.38,Organic
O013606,C0555,P0038,2026-06-01,2,36.36,Email
O013607,C0180,P0005,2026-06-01,1,345.69,Referral
O013608,C0053,P0006,2026-06-01,3,197.4,Email
O013609,C0726,P0012,2026-06-01,3,246.06,Email
O013610,C0521,P0015,2026-06-01,1,45.92,Organic
O013611,C0549,P0022,2026-06-01,3,151.17,Email
O013612,C0018,P0024,2026-06-01,3,336.42,Organic
O013613,C0596,P0021,2026-06-01,1,59.94,Organic
O013614,C0284,P0031,2026-06-01,2,76.24,Email
O013615,C0644,P0030,2026-06-01,1,34.69,Email
O013616,C0150,P0037,2026-06-01,3,124.71,Organic
O013617,C0443,P0007,2026-06-01,1,170.31,Referral
O013618,C0240,P0006,2026-06-01,3,197.4,Organic
O013619,C0661,P0006,2026-06-01,2,131.6,Organic
O013620,C0763,P0008,2026-06-01,3,679.59,Organic
O013621,C0534,P0011,2026-06-01,2,62.62,Organic
O013622,C0593,P0015,2026-06-01,2,91.84,Organic
O013623,C0012,P0016,2026-06-01,2,114.0,Paid
O013624,C0744,P0012,2026-06-01,2,164.04,Email
O013625,C0184,P0022,2026-06-01,1,50.39,Paid
O013626,C0239,P0018,2026-06-01,2,98.38,Organic
O013627,C0702,P0022,2026-06-01,1,50.39,Organic
O013628,C0496,P0028,2026-06-01,2,83.68,Paid
O013629,C0500,P0035,2026-06-01,2,176.5,Paid
O013630,C0783,P0040,2026-06-01,1,63.16,Organic
O013631,C0255,P0039,2026-06-01,2,207.16,Paid
O013632,C0417,P0034,2026-06-01,1,58.68,Referral
O013633,C0583,P0019,2026-06-01,1,132.95,Paid
O013634,C0073,P0026,2026-06-01,1,56.61,Paid
O013635,C0777,P0007,2026-06-02,1,170.31,Paid
O013636,C0049,P0004,2026-06-02,3,507.69,Email
O013637,C0595,P0007,2026-06-02,1,170.31,Organic
O013638,C0007,P0003,2026-06-02,1,197.46,Paid
O013639,C0498,P0007,2026-06-02,2,340.62,Paid
O013640,C0263,P0014,2026-06-02,2,46.84,Email
O013641,C0416,P0017,2026-06-02,1,24.68,Organic
O013642,C0170,P0020,2026-06-02,2,158.94,Organic
O013643,C0356,P0030,2026-06-02,1,34.69,Organic
O013644,C0432,P0037,2026-06-02,3,124.71,Email
O013645,C0620,P0005,2026-06-02,2,691.38,Paid
O013646,C0441,P0010,2026-06-02,2,79.6,Email
O013647,C0632,P0017,2026-06-02,1,24.68,Organic
O013648,C0099,P0020,2026-06-02,1,79.47,Organic
O013649,C0768,P0025,2026-06-02,3,116.61,Organic
O013650,C0132,P0029,2026-06-02,2,34.6,Paid
O013651,C0026,P0032,2026-06-02,2,70.84,Organic
O013652,C0317,P0026,2026-06-02,3,169.83,Paid
O013653,C0640,P0028,2026-06-02,2,83.68,Organic
O013654,C0731,P0038,2026-06-02,3,54.54,Paid
O013655,C0479,P0038,2026-06-02,1,18.18,Organic
O013656,C0080,P0037,2026-06-02,3,124.71,Organic
O013657,C0282,P0002,2026-06-02,3,556.2,Paid
O013658,C0522,P0002,2026-06-02,1,185.4,Organic
O013659,C0648,P0003,2026-06-02,1,197.46,Email
O013660,C0518,P0004,2026-06-02,1,169.23,Paid
O013661,C0747,P0005,2026-06-02,3,1037.07,Organic
O013662,C0721,P0002,2026-06-02,3,556.2,Paid
O013663,C0357,P0015,2026-06-02,1,45.92,Organic
O013664,C0783,P0013,2026-06-02,2,111.4,Paid
O013665,C0593,P0011,2026-06-02,1,31.31,Organic
O013666,C0724,P0014,2026-06-02,1,23.42,Organic
O013667,C0694,P0023,2026-06-02,3,275.97,Paid
O013668,C0538,P0031,2026-06-02,3,114.36,Organic
O013669,C0247,P0030,2026-06-02,2,69.38,Organic
O013670,C0673,P0034,2026-06-02,3,176.04,Organic
O013671,C0385,P0035,2026-06-02,3,264.75,Organic
O013672,C0147,P0005,2026-06-02,3,1037.07,Organic
O013673,C0398,P0009,2026-06-02,2,118.02,Organic
O013674,C0233,P0014,2026-06-02,3,70.26,Email
O013675,C0047,P0018,2026-06-02,3,147.57,Paid
O013676,C0466,P0018,2026-06-02,3,147.57,Organic
O013677,C0368,P0019,2026-06-02,3,398.85,Email
O013678,C0366,P0019,2026-06-02,3,398.85,Paid
O013679,C0054,P0029,2026-06-02,1,17.3,Organic
O013680,C0688,P0026,2026-06-02,2,113.22,Organic
O013681,C0650,P0036,2026-06-02,3,216.33,Paid
O013682,C0699,P0034,2026-06-02,2,117.36,Organic
O013683,C0536,P0005,2026-06-03,3,1037.07,Paid
O013684,C0007,P0006,2026-06-03,1,65.8,Organic
O013685,C0794,P0013,2026-06-03,2,111.4,Paid
O013686,C0654,P0013,2026-06-03,1,55.7,Email
O013687,C0696,P0010,2026-06-03,3,119.4,Paid
O013688,C0561,P0021,2026-06-03,3,179.82,Organic
O013689,C0215,P0018,2026-06-03,3,147.57,Paid
O013690,C0364,P0020,2026-06-03,3,238.41,Organic
O013691,C0346,P0033,2026-06-03,3,264.75,Organic
O013692,C0193,P0036,2026-06-03,1,72.11,Paid
O013693,C0600,P0036,2026-06-03,1,72.11,Organic
O013694,C0158,P0005,2026-06-03,2,691.38,Email
O013695,C0238,P0005,2026-06-03,1,345.69,Referral
O013696,C0117,P0004,2026-06-03,1,169.23,Referral
O013697,C0577,P0007,2026-06-03,3,510.93,Paid
O013698,C0150,P0005,2026-06-03,3,1037.07,Paid
O013699,C0687,P0010,2026-06-03,1,39.8,Email
O013700,C0035,P0011,2026-06-03,2,62.62,Organic
O013701,C0377,P0012,2026-06-03,2,164.04,Organic
O013702,C0611,P0013,2026-06-03,1,55.7,Paid
O013703,C0504,P0012,2026-06-03,2,164.04,Organic
O013704,C0249,P0017,2026-06-03,1,24.68,Paid
O013705,C0682,P0019,2026-06-03,3,398.85,Organic
O013706,C0091,P0024,2026-06-03,1,112.14,Paid
O013707,C0249,P0029,2026-06-03,1,17.3,Referral
O013708,C0483,P0025,2026-06-03,3,116.61,Referral
O013709,C0799,P0033,2026-06-03,2,176.5,Organic
O013710,C0720,P0038,2026-06-03,1,18.18,Organic
O013711,C0246,P0038,2026-06-03,2,36.36,Paid
O013712,C0409,P0005,2026-06-03,2,691.38,Email
O013713,C0100,P0003,2026-06-03,3,592.38,Referral
O013714,C0506,P0002,2026-06-03,1,185.4,Organic
O013715,C0385,P0002,2026-06-03,2,370.8,Organic
O013716,C0077,P0006,2026-06-03,3,197.4,Paid
O013717,C0625,P0014,2026-06-03,2,46.84,Organic
O013718,C0255,P0017,2026-06-03,2,49.36,Referral
O013719,C0001,P0022,2026-06-03,3,151.17,Referral
O013720,C0558,P0026,2026-06-03,3,169.83,Organic
O013721,C0431,P0030,2026-06-03,2,69.38,Organic
O013722,C0009,P0039,2026-06-03,2,207.16,Paid
O013723,C0392,P0033,2026-06-03,2,176.5,Organic
O013724,C0744,P0035,2026-06-03,1,88.25,Organic
O013725,C0467,P0007,2026-06-03,3,510.93,Organic
O013726,C0560,P0008,2026-06-03,3,679.59,Email
O013727,C0459,P0014,2026-06-03,1,23.42,Paid
O013728,C0104,P0014,2026-06-03,3,70.26,Referral
O013729,C0196,P0020,2026-06-03,3,238.41,Email
O013730,C0674,P0026,2026-06-03,3,169.83,Email
O013731,C0122,P0028,2026-06-03,1,41.84,Paid
O013732,C0482,P0028,2026-06-03,1,41.84,Email
O013733,C0347,P0029,2026-06-03,1,17.3,Organic
O013734,C0290,P0026,2026-06-03,2,113.22,Organic
O013735,C0147,P0032,2026-06-03,1,35.42,Referral
O013736,C0606,P0040,2026-06-03,3,189.48,Referral
O013737,C0511,P0033,2026-06-03,2,176.5,Referral
O013738,C0554,P0035,2026-06-03,2,176.5,Organic
O013739,C0787,P0007,2026-06-04,3,510.93,Email
O013740,C0664,P0023,2026-06-04,1,91.99,Email
O013741,C0030,P0023,2026-06-04,2,183.98,Paid
O013742,C0555,P0018,2026-06-04,1,49.19,Organic
O013743,C0332,P0038,2026-06-04,1,18.18,Organic
O013744,C0180,P0001,2026-06-04,3,681.06,Referral
O013745,C0026,P0003,2026-06-04,2,394.92,Organic
O013746,C0483,P0006,2026-06-04,2,131.6,Paid
O013747,C0620,P0002,2026-06-04,2,370.8,Organic
O013748,C0776,P0002,2026-06-04,3,556.2,Organic
O013749,C0117,P0010,2026-06-04,1,39.8,Paid
O013750,C0220,P0016,2026-06-04,1,57.0,Email
O013751,C0599,P0017,2026-06-04,2,49.36,Organic
O013752,C0479,P0018,2026-06-04,1,49.19,Organic
O013753,C0743,P0024,2026-06-04,2,224.28,Paid
O013754,C0579,P0018,2026-06-04,3,147.57,Referral
O013755,C0340,P0032,2026-06-04,2,70.84,Email
O013756,C0529,P0032,2026-06-04,2,70.84,Referral
O013757,C0470,P0026,2026-06-04,2,113.22,Organic
O013758,C0736,P0032,2026-06-04,2,70.84,Organic
O013759,C0043,P0038,2026-06-04,2,36.36,Referral
O013760,C0760,P0037,2026-06-04,3,124.71,Email
O013761,C0143,P0040,2026-06-04,1,63.16,Email
O013762,C0006,P0033,2026-06-04,3,264.75,Organic
O013763,C0355,P0038,2026-06-04,3,54.54,Organic
O013764,C0113,P0035,2026-06-04,3,264.75,Paid
O013765,C0503,P0004,2026-06-04,2,338.46,Organic
O013766,C0393,P0006,2026-06-04,3,197.4,Organic
O013767,C0694,P0016,2026-06-04,1,57.0,Paid
O013768,C0797,P0010,2026-06-04,1,39.8,Organic
O013769,C0739,P0022,2026-06-04,1,50.39,Organic
O013770,C0095,P0017,2026-06-04,2,49.36,Organic
O013771,C0788,P0019,2026-06-04,3,398.85,Paid
O013772,C0783,P0032,2026-06-04,3,106.26,Referral
O013773,C0003,P0027,2026-06-04,2,53.46,Organic
O013774,C0647,P0025,2026-06-04,1,38.87,Paid
O013775,C0100,P0035,2026-06-04,1,88.25,Organic
O013776,C0228,P0004,2026-06-04,2,338.46,Paid
O013777,C0402,P0008,2026-06-04,1,226.53,Email
O013778,C0646,P0005,2026-06-04,3,1037.07,Email
O013779,C0572,P0016,2026-06-04,3,171.0,Email
O013780,C0482,P0014,2026-06-04,1,23.42,Organic
O013781,C0273,P0009,2026-06-04,2,118.02,Organic
O013782,C0360,P0015,2026-06-04,2,91.84,Paid
O013783,C0027,P0011,2026-06-04,1,31.31,Organic
O013784,C0628,P0024,2026-06-04,2,224.28,Referral
O013785,C0480,P0020,2026-06-04,2,158.94,Organic
O013786,C0695,P0021,2026-06-04,3,179.82,Organic
O013787,C0481,P0019,2026-06-04,2,265.9,Paid
O013788,C0394,P0034,2026-06-04,2,117.36,Paid
O013789,C0420,P0001,2026-06-05,3,681.06,Organic
O013790,C0248,P0010,2026-06-05,2,79.6,Email
O013791,C0078,P0010,2026-06-05,3,119.4,Email
O013792,C0289,P0023,2026-06-05,1,91.99,Organic
O013793,C0786,P0032,2026-06-05,1,35.42,Organic
O013794,C0113,P0014,2026-06-05,2,46.84,Paid
O013795,C0761,P0019,2026-06-05,2,265.9,Paid
O013796,C0087,P0026,2026-06-05,3,169.83,Organic
O013797,C0131,P0031,2026-06-05,2,76.24,Paid
O013798,C0006,P0025,2026-06-05,3,116.61,Paid
O013799,C0243,P0035,2026-06-05,2,176.5,Paid
O013800,C0735,P0003,2026-06-05,2,394.92,Organic
O013801,C0451,P0008,2026-06-05,3,679.59,Organic
O013802,C0616,P0002,2026-06-05,3,556.2,Email
O013803,C0115,P0005,2026-06-05,3,1037.07,Organic
O013804,C0453,P0014,2026-06-05,2,46.84,Paid
O013805,C0522,P0014,2026-06-05,2,46.84,Paid
O013806,C0351,P0024,2026-06-05,1,112.14,Paid
O013807,C0672,P0031,2026-06-05,2,76.24,Email
O013808,C0582,P0031,2026-06-05,3,114.36,Paid
O013809,C0496,P0026,2026-06-05,3,169.83,Organic
O013810,C0057,P0036,2026-06-05,3,216.33,Organic
O013811,C0237,P0014,2026-06-05,1,23.42,Organic
O013812,C0482,P0030,2026-06-05,2,69.38,Referral
O013813,C0367,P0028,2026-06-05,3,125.52,Paid
O013814,C0469,P0035,2026-06-05,3,264.75,Organic
O013815,C0800,P0036,2026-06-05,3,216.33,Paid
O013816,C0210,P0038,2026-06-05,3,54.54,Organic
O013817,C0541,P0036,2026-06-05,3,216.33,Paid
O013818,C0191,P0040,2026-06-05,3,189.48,Organic
O013819,C0769,P0001,2026-06-06,3,681.06,Email
O013820,C0356,P0007,2026-06-06,3,510.93,Organic
O013821,C0354,P0016,2026-06-06,2,114.0,Paid
O013822,C0336,P0011,2026-06-06,1,31.31,Paid
O013823,C0078,P0014,2026-06-06,3,70.26,Organic
O013824,C0205,P0014,2026-06-06,2,46.84,Organic
O013825,C0691,P0021,2026-06-06,1,59.94,Organic
O013826,C0405,P0021,2026-06-06,3,179.82,Paid
O013827,C0258,P0017,2026-06-06,2,49.36,Organic
O013828,C0405,P0017,2026-06-06,1,24.68,Paid
O013829,C0205,P0018,2026-06-06,1,49.19,Organic
O013830,C0268,P0031,2026-06-06,1,38.12,Referral
O013831,C0270,P0028,2026-06-06,1,41.84,Organic
O013832,C0297,P0025,2026-06-06,1,38.87,Paid
O013833,C0011,P0038,2026-06-06,1,18.18,Organic
O013834,C0125,P0036,2026-06-06,2,144.22,Organic
O013835,C0209,P0039,2026-06-06,1,103.58,Paid
O013836,C0691,P0035,2026-06-06,1,88.25,Paid
O013837,C0759,P0008,2026-06-06,1,226.53,Paid
O013838,C0350,P0005,2026-06-06,3,1037.07,Paid
O013839,C0781,P0008,2026-06-06,2,453.06,Referral
O013840,C0308,P0001,2026-06-06,3,681.06,Organic
O013841,C0098,P0002,2026-06-06,2,370.8,Organic
O013842,C0308,P0014,2026-06-06,3,70.26,Email
O013843,C0383,P0015,2026-06-06,2,91.84,Paid
O013844,C0192,P0017,2026-06-06,2,49.36,Email
O013845,C0380,P0017,2026-06-06,3,74.04,Referral
O013846,C0573,P0019,2026-06-06,2,265.9,Email
O013847,C0340,P0030,2026-06-06,1,34.69,Organic
O013848,C0244,P0025,2026-06-06,2,77.74,Organic
O013849,C0544,P0028,2026-06-06,3,125.52,Email
O013850,C0271,P0026,2026-06-06,2,113.22,Paid
O013851,C0736,P0037,2026-06-06,1,41.57,Organic
O013852,C0526,P0039,2026-06-06,2,207.16,Paid
O013853,C0415,P0039,2026-06-06,2,207.16,Organic
O013854,C0732,P0034,2026-06-06,2,117.36,Paid
O013855,C0269,P0004,2026-06-06,3,507.69,Email
O013856,C0458,P0008,2026-06-06,2,453.06,Referral
O013857,C0565,P0001,2026-06-06,3,681.06,Paid
O013858,C0009,P0007,2026-06-06,3,510.93,Email
O013859,C0443,P0002,2026-06-06,3,556.2,Organic
O013860,C0713,P0005,2026-06-06,3,1037.07,Organic
O013861,C0621,P0012,2026-06-06,3,246.06,Organic
O013862,C0496,P0011,2026-06-06,3,93.93,Organic
O013863,C0059,P0013,2026-06-06,3,167.1,Organic
O013864,C0663,P0018,2026-06-06,3,147.57,Organic
O013865,C0318,P0024,2026-06-06,3,336.42,Organic
O013866,C0407,P0018,2026-06-06,3,147.57,Organic
O013867,C0496,P0032,2026-06-06,3,106.26,Paid
O013868,C0247,P0027,2026-06-06,1,26.73,Email
O013869,C0409,P0040,2026-06-06,2,126.32,Organic
O013870,C0086,P0035,2026-06-06,2,176.5,Organic
O013871,C0345,P0034,2026-06-06,1,58.68,Paid
O013872,C0010,P0037,2026-06-06,1,41.57,Paid
O013873,C0739,P0040,2026-06-06,3,189.48,Email
O013874,C0065,P0003,2026-06-06,1,197.46,Paid
O013875,C0466,P0002,2026-06-06,1,185.4,Paid
O013876,C0135,P0007,2026-06-06,3,510.93,Referral
O013877,C0402,P0008,2026-06-06,3,679.59,Paid
O013878,C0785,P0002,2026-06-06,2,370.8,Organic
O013879,C0368,P0016,2026-06-06,2,114.0,Referral
O013880,C0792,P0024,2026-06-06,3,336.42,Paid
O013881,C0387,P0023,2026-06-06,2,183.98,Paid
O013882,C0734,P0019,2026-06-06,2,265.9,Paid
O013883,C0606,P0021,2026-06-06,3,179.82,Organic
O013884,C0459,P0018,2026-06-06,1,49.19,Paid
O013885,C0679,P0032,2026-06-06,1,35.42,Paid
O013886,C0191,P0027,2026-06-06,1,26.73,Paid
O013887,C0211,P0029,2026-06-06,3,51.9,Paid
O013888,C0472,P0032,2026-06-06,2,70.84,Organic
O013889,C0153,P0031,2026-06-06,3,114.36,Email
O013890,C0072,P0033,2026-06-06,3,264.75,Paid
O013891,C0024,P0038,2026-06-06,3,54.54,Organic
O013892,C0560,P0034,2026-06-06,3,176.04,Organic
O013893,C0302,P0038,2026-06-06,2,36.36,Referral
O013894,C0234,P0034,2026-06-06,3,176.04,Paid
O013895,C0723,P0034,2026-06-06,1,58.68,Email
O013896,C0592,P0034,2026-06-06,2,117.36,Organic
O013897,C0386,P0006,2026-06-07,3,197.4,Organic
O013898,C0063,P0012,2026-06-07,1,82.02,Paid
O013899,C0603,P0016,2026-06-07,2,114.0,Organic
O013900,C0607,P0016,2026-06-07,3,171.0,Paid
O013901,C0359,P0016,2026-06-07,1,57.0,Organic
O013902,C0548,P0016,2026-06-07,2,114.0,Organic
O013903,C0642,P0021,2026-06-07,1,59.94,Organic
O013904,C0602,P0020,2026-06-07,3,238.41,Email
O013905,C0230,P0020,2026-06-07,3,238.41,Referral
O013906,C0414,P0032,2026-06-07,3,106.26,Referral
O013907,C0386,P0029,2026-06-07,2,34.6,Email
O013908,C0175,P0031,2026-06-07,3,114.36,Referral
O013909,C0474,P0027,2026-06-07,2,53.46,Paid
O013910,C0384,P0030,2026-06-07,3,104.07,Paid
O013911,C0007,P0032,2026-06-07,1,35.42,Paid
O013912,C0364,P0032,2026-06-07,1,35.42,Email
O013913,C0460,P0033,2026-06-07,3,264.75,Organic
O013914,C0283,P0035,2026-06-07,1,88.25,Referral
O013915,C0773,P0039,2026-06-07,1,103.58,Email
O013916,C0262,P0039,2026-06-07,1,103.58,Organic
O013917,C0776,P0004,2026-06-07,1,169.23,Email
O013918,C0098,P0001,2026-06-07,1,227.02,Paid
O013919,C0040,P0002,2026-06-07,3,556.2,Paid
O013920,C0271,P0015,2026-06-07,3,137.76,Paid
O013921,C0298,P0013,2026-06-07,1,55.7,Paid
O013922,C0632,P0011,2026-06-07,3,93.93,Email
O013923,C0212,P0010,2026-06-07,2,79.6,Organic
O013924,C0632,P0009,2026-06-07,3,177.03,Organic
O013925,C0312,P0021,2026-06-07,2,119.88,Paid
O013926,C0195,P0018,2026-06-07,3,147.57,Organic
O013927,C0524,P0017,2026-06-07,1,24.68,Organic
O013928,C0768,P0026,2026-06-07,1,56.61,Organic
O013929,C0344,P0025,2026-06-07,3,116.61,Organic
O013930,C0119,P0030,2026-06-07,1,34.69,Paid
O013931,C0797,P0001,2026-06-07,1,227.02,Organic
O013932,C0714,P0001,2026-06-07,3,681.06,Email
O013933,C0616,P0002,2026-06-07,2,370.8,Paid
O013934,C0665,P0011,2026-06-07,3,93.93,Organic
O013935,C0621,P0019,2026-06-07,1,132.95,Organic
O013936,C0528,P0021,2026-06-07,1,59.94,Organic
O013937,C0021,P0024,2026-06-07,1,112.14,Email
O013938,C0111,P0020,2026-06-07,3,238.41,Email
O013939,C0351,P0024,2026-06-07,1,112.14,Organic
O013940,C0741,P0020,2026-06-07,2,158.94,Paid
O013941,C0260,P0025,2026-06-07,1,38.87,Paid
O013942,C0225,P0030,2026-06-07,2,69.38,Organic
O013943,C0033,P0030,2026-06-07,3,104.07,Organic
O013944,C0747,P0040,2026-06-07,2,126.32,Email
O013945,C0184,P0034,2026-06-07,2,117.36,Email
O013946,C0154,P0034,2026-06-07,2,117.36,Organic
O013947,C0062,P0004,2026-06-07,2,338.46,Paid
O013948,C0583,P0002,2026-06-07,3,556.2,Paid
O013949,C0050,P0002,2026-06-07,1,185.4,Organic
O013950,C0301,P0002,2026-06-07,2,370.8,Paid
O013951,C0191,P0012,2026-06-07,2,164.04,Paid
O013952,C0124,P0009,2026-06-07,3,177.03,Paid
O013953,C0310,P0011,2026-06-07,3,93.93,Organic
O013954,C0394,P0018,2026-06-07,2,98.38,Organic
O013955,C0062,P0028,2026-06-07,1,41.84,Email
O013956,C0229,P0030,2026-06-07,1,34.69,Organic
O013957,C0645,P0030,2026-06-07,3,104.07,Organic
O013958,C0233,P0040,2026-06-07,1,63.16,Organic
O013959,C0476,P0013,2026-06-08,3,167.1,Organic
O013960,C0654,P0019,2026-06-08,3,398.85,Organic
O013961,C0569,P0021,2026-06-08,3,179.82,Email
O013962,C0372,P0023,2026-06-08,1,91.99,Organic
O013963,C0680,P0029,2026-06-08,2,34.6,Paid
O013964,C0161,P0032,2026-06-08,3,106.26,Email
O013965,C0364,P0035,2026-06-08,3,264.75,Organic
O013966,C0258,P0035,2026-06-08,1,88.25,Email
O013967,C0570,P0005,2026-06-08,3,1037.07,Paid
O013968,C0633,P0008,2026-06-08,1,226.53,Paid
O013969,C0271,P0012,2026-06-08,2,164.04,Paid
O013970,C0192,P0024,2026-06-08,3,336.42,Paid
O013971,C0768,P0017,2026-06-08,1,24.68,Organic
O013972,C0586,P0019,2026-06-08,1,132.95,Organic
O013973,C0117,P0024,2026-06-08,3,336.42,Organic
O013974,C0483,P0032,2026-06-08,1,35.42,Organic
O013975,C0383,P0026,2026-06-08,2,113.22,Paid
O013976,C0317,P0025,2026-06-08,1,38.87,Referral
O013977,C0644,P0040,2026-06-08,1,63.16,Organic
O013978,C0287,P0034,2026-06-08,3,176.04,Organic
O013979,C0424,P0014,2026-06-08,3,70.26,Organic
O013980,C0138,P0012,2026-06-08,1,82.02,Organic
O013981,C0647,P0010,2026-06-08,2,79.6,Organic
O013982,C0647,P0009,2026-06-08,3,177.03,Paid
O013983,C0389,P0018,2026-06-08,1,49.19,Email
O013984,C0494,P0019,2026-06-08,3,398.85,Organic
O013985,C0672,P0022,2026-06-08,1,50.39,Referral
O013986,C0452,P0025,2026-06-08,2,77.74,Organic
O013987,C0213,P0028,2026-06-08,1,41.84,Email
O013988,C0558,P0030,2026-06-08,3,104.07,Paid
O013989,C0159,P0025,2026-06-08,3,116.61,Paid
O013990,C0417,P0033,2026-06-08,3,264.75,Organic
O013991,C0541,P0002,2026-06-08,2,370.8,Organic
O013992,C0626,P0008,2026-06-08,3,679.59,Referral
O013993,C0618,P0002,2026-06-08,1,185.4,Referral
O013994,C0772,P0008,2026-06-08,2,453.06,Email
O013995,C0510,P0017,2026-06-08,2,49.36,Organic
O013996,C0306,P0018,2026-06-08,2,98.38,Email
O013997,C0674,P0024,2026-06-08,1,112.14,Referral
O013998,C0061,P0034,2026-06-08,1,58.68,Paid
O013999,C0054,P0039,2026-06-08,2,207.16,Organic
O014000,C0514,P0034,2026-06-08,2,117.36,Paid
O014001,C0798,P0007,2026-06-09,3,510.93,Paid
O014002,C0476,P0007,2026-06-09,3,510.93,Paid
O014003,C0471,P0003,2026-06-09,3,592.38,Paid
O014004,C0346,P0005,2026-06-09,1,345.69,Paid
O014005,C0691,P0002,2026-06-09,1,185.4,Organic
O014006,C0118,P0009,2026-06-09,2,118.02,Paid
O014007,C0085,P0016,2026-06-09,3,171.0,Referral
O014008,C0442,P0011,2026-06-09,1,31.31,Organic
O014009,C0263,P0017,2026-06-09,1,24.68,Email
O014010,C0297,P0025,2026-06-09,1,38.87,Email
O014011,C0708,P0037,2026-06-09,2,83.14,Paid
O014012,C0375,P0040,2026-06-09,1,63.16,Paid
O014013,C0303,P0037,2026-06-09,3,124.71,Organic
O014014,C0261,P0005,2026-06-09,1,345.69,Organic
O014015,C0599,P0005,2026-06-09,2,691.38,Organic
O014016,C0212,P0002,2026-06-09,3,556.2,Paid
O014017,C0287,P0014,2026-06-09,3,70.26,Organic
O014018,C0615,P0011,2026-06-09,2,62.62,Organic
O014019,C0113,P0023,2026-06-09,3,275.97,Organic
O014020,C0767,P0031,2026-06-09,2,76.24,Paid
O014021,C0615,P0031,2026-06-09,2,76.24,Organic
O014022,C0344,P0038,2026-06-09,1,18.18,Organic
O014023,C0771,P0038,2026-06-09,2,36.36,Organic
O014024,C0189,P0034,2026-06-09,1,58.68,Organic
O014025,C0033,P0014,2026-06-09,1,23.42,Paid
O014026,C0247,P0012,2026-06-09,2,164.04,Paid
O014027,C0077,P0011,2026-06-09,1,31.31,Organic
O014028,C0108,P0015,2026-06-09,1,45.92,Organic
O014029,C0756,P0017,2026-06-09,1,24.68,Email
O014030,C0184,P0023,2026-06-09,2,183.98,Organic
O014031,C0318,P0022,2026-06-09,3,151.17,Organic
O014032,C0269,P0021,2026-06-09,1,59.94,Paid
O014033,C0146,P0020,2026-06-09,2,158.94,Organic
O014034,C0010,P0019,2026-06-09,3,398.85,Organic
O014035,C0020,P0027,2026-06-09,1,26.73,Organic
O014036,C0661,P0026,2026-06-09,2,113.22,Organic
O014037,C0783,P0039,2026-06-09,1,103.58,Referral
O014038,C0345,P0039,2026-06-09,3,310.74,Organic
O014039,C0472,P0003,2026-06-09,3,592.38,Email
O014040,C0793,P0008,2026-06-09,1,226.53,Referral
O014041,C0478,P0008,2026-06-09,3,679.59,Organic
O014042,C0028,P0007,2026-06-09,1,170.31,Email
O014043,C0124,P0003,2026-06-09,3,592.38,Organic
O014044,C0514,P0002,2026-06-09,2,370.8,Organic
O014045,C0686,P0015,2026-06-09,1,45.92,Paid
O014046,C0466,P0012,2026-06-09,3,246.06,Paid
O014047,C0692,P0014,2026-06-09,3,70.26,Organic
O014048,C0104,P0017,2026-06-09,2,49.36,Referral
O014049,C0302,P0031,2026-06-09,3,114.36,Email
O014050,C0618,P0034,2026-06-09,2,117.36,Organic
O014051,C0402,P0033,2026-06-09,2,176.5,Email
O014052,C0196,P0038,2026-06-09,3,54.54,Referral
O014053,C0691,P0008,2026-06-10,3,679.59,Paid
O014054,C0004,P0006,2026-06-10,1,65.8,Organic
O014055,C0468,P0010,2026-06-10,1,39.8,Paid
O014056,C0178,P0014,2026-06-10,2,46.84,Organic
O014057,C0346,P0010,2026-06-10,1,39.8,Referral
O014058,C0372,P0023,2026-06-10,2,183.98,Paid
O014059,C0341,P0030,2026-06-10,1,34.69,Organic
O014060,C0617,P0035,2026-06-10,3,264.75,Organic
O014061,C0165,P0035,2026-06-10,3,264.75,Paid
O014062,C0697,P0037,2026-06-10,2,83.14,Organic
O014063,C0619,P0038,2026-06-10,3,54.54,Paid
O014064,C0577,P0003,2026-06-10,1,197.46,Email
O014065,C0437,P0004,2026-06-10,1,169.23,Organic
O014066,C0399,P0006,2026-06-10,1,65.8,Organic
O014067,C0321,P0007,2026-06-10,3,510.93,Paid
O014068,C0526,P0012,2026-06-10,2,164.04,Referral
O014069,C0454,P0024,2026-06-10,3,336.42,Organic
O014070,C0212,P0025,2026-06-10,2,77.74,Organic
O014071,C0753,P0027,2026-06-10,3,80.19,Referral
O014072,C0245,P0025,2026-06-10,1,38.87,Paid
O014073,C0761,P0031,2026-06-10,3,114.36,Paid
O014074,C0311,P0030,2026-06-10,2,69.38,Referral
O014075,C0736,P0036,2026-06-10,1,72.11,Organic
O014076,C0113,P0033,2026-06-10,3,264.75,Organic
O014077,C0199,P0011,2026-06-10,3,93.93,Paid
O014078,C0735,P0016,2026-06-10,1,57.0,Organic
O014079,C0146,P0021,2026-06-10,2,119.88,Organic
O014080,C0207,P0028,2026-06-10,2,83.68,Paid
O014081,C0107,P0027,2026-06-10,3,80.19,Organic
O014082,C0009,P0031,2026-06-10,2,76.24,Email
O014083,C0500,P0029,2026-06-10,3,51.9,Organic
O014084,C0636,P0040,2026-06-10,2,126.32,Email
O014085,C0670,P0036,2026-06-10,2,144.22,Organic
O014086,C0486,P0006,2026-06-10,2,131.6,Email
O014087,C0704,P0007,2026-06-10,2,340.62,Email
O014088,C0511,P0006,2026-06-10,1,65.8,Paid
O014089,C0066,P0006,2026-06-10,1,65.8,Email
O014090,C0089,P0013,2026-06-10,3,167.1,Organic
O014091,C0681,P0010,2026-06-10,3,119.4,Paid
O014092,C0074,P0012,2026-06-10,1,82.02,Organic
O014093,C0300,P0017,2026-06-10,3,74.04,Organic
O014094,C0546,P0028,2026-06-10,1,41.84,Paid
O014095,C0105,P0029,2026-06-10,2,34.6,Email
O014096,C0360,P0037,2026-06-10,2,83.14,Organic
O014097,C0785,P0035,2026-06-10,2,176.5,Referral
O014098,C0555,P0003,2026-06-11,3,592.38,Email
O014099,C0110,P0004,2026-06-11,2,338.46,Organic
O014100,C0773,P0002,2026-06-11,1,185.4,Organic
O014101,C0569,P0012,2026-06-11,3,246.06,Email
O014102,C0786,P0013,2026-06-11,2,111.4,Organic
O014103,C0561,P0015,2026-06-11,3,137.76,Organic
O014104,C0297,P0012,2026-06-11,1,82.02,Organic
O014105,C0657,P0017,2026-06-11,2,49.36,Referral
O014106,C0777,P0028,2026-06-11,2,83.68,Email
O014107,C0789,P0027,2026-06-11,2,53.46,Email
O014108,C0698,P0032,2026-06-11,2,70.84,Paid
O014109,C0092,P0032,2026-06-11,2,70.84,Organic
O014110,C0070,P0039,2026-06-11,3,310.74,Email
O014111,C0796,P0033,2026-06-11,1,88.25,Organic
O014112,C0350,P0007,2026-06-11,1,170.31,Paid
O014113,C0355,P0004,2026-06-11,2,338.46,Paid
O014114,C0644,P0001,2026-06-11,2,454.04,Paid
O014115,C0238,P0011,2026-06-11,2,62.62,Organic
O014116,C0454,P0012,2026-06-11,3,246.06,Referral
O014117,C0570,P0021,2026-06-11,2,119.88,Paid
O014118,C0410,P0018,2026-06-11,2,98.38,Email
O014119,C0295,P0029,2026-06-11,2,34.6,Email
O014120,C0487,P0029,2026-06-11,1,17.3,Organic
O014121,C0320,P0028,2026-06-11,2,83.68,Paid
O014122,C0320,P0037,2026-06-11,2,83.14,Paid
O014123,C0767,P0034,2026-06-11,2,117.36,Email
O014124,C0240,P0003,2026-06-11,2,394.92,Paid
O014125,C0621,P0005,2026-06-11,3,1037.07,Organic
O014126,C0012,P0007,2026-06-11,3,510.93,Email
O014127,C0227,P0016,2026-06-11,1,57.0,Organic
O014128,C0783,P0015,2026-06-11,1,45.92,Organic
O014129,C0152,P0018,2026-06-11,2,98.38,Paid
O014130,C0260,P0022,2026-06-11,3,151.17,Organic
O014131,C0660,P0027,2026-06-11,1,26.73,Organic
O014132,C0601,P0030,2026-06-11,2,69.38,Organic
O014133,C0154,P0025,2026-06-11,3,116.61,Paid
O014134,C0392,P0032,2026-06-11,3,106.26,Paid
O014135,C0009,P0029,2026-06-11,2,34.6,Organic
O014136,C0373,P0038,2026-06-11,3,54.54,Organic
O014137,C0010,P0035,2026-06-11,3,264.75,Paid
O014138,C0388,P0034,2026-06-11,3,176.04,Paid
O014139,C0412,P0033,2026-06-11,2,176.5,Referral
O014140,C0746,P0039,2026-06-11,1,103.58,Paid
O014141,C0157,P0007,2026-06-11,2,340.62,Referral
O014142,C0223,P0005,2026-06-11,1,345.69,Organic
O014143,C0650,P0002,2026-06-11,3,556.2,Organic
O014144,C0658,P0008,2026-06-11,1,226.53,Organic
O014145,C0090,P0008,2026-06-11,3,679.59,Organic
O014146,C0718,P0003,2026-06-11,1,197.46,Paid
O014147,C0322,P0006,2026-06-11,1,65.8,Organic
O014148,C0349,P0011,2026-06-11,1,31.31,Organic
O014149,C0228,P0016,2026-06-11,3,171.0,Organic
O014150,C0643,P0029,2026-06-11,3,51.9,Organic
O014151,C0147,P0035,2026-06-11,2,176.5,Paid
O014152,C0037,P0040,2026-06-11,3,189.48,Organic
O014153,C0283,P0001,2026-06-12,1,227.02,Paid
O014154,C0375,P0001,2026-06-12,1,227.02,Referral
O014155,C0773,P0009,2026-06-12,3,177.03,Referral
O014156,C0654,P0016,2026-06-12,2,114.0,Paid
O014157,C0248,P0020,2026-06-12,2,158.94,Organic
O014158,C0610,P0020,2026-06-12,3,238.41,Organic
O014159,C0297,P0020,2026-06-12,3,238.41,Email
O014160,C0030,P0031,2026-06-12,1,38.12,Organic
O014161,C0262,P0028,2026-06-12,1,41.84,Paid
O014162,C0354,P0032,2026-06-12,1,35.42,Paid
O014163,C0044,P0027,2026-06-12,1,26.73,Referral
O014164,C0405,P0033,2026-06-12,1,88.25,Organic
O014165,C0195,P0004,2026-06-12,2,338.46,Organic
O014166,C0256,P0008,2026-06-12,2,453.06,Organic
O014167,C0791,P0004,2026-06-12,3,507.69,Organic
O014168,C0006,P0002,2026-06-12,2,370.8,Organic
O014169,C0180,P0007,2026-06-12,1,170.31,Paid
O014170,C0732,P0015,2026-06-12,3,137.76,Email
O014171,C0715,P0009,2026-06-12,2,118.02,Organic
O014172,C0524,P0023,2026-06-12,2,183.98,Email
O014173,C0220,P0026,2026-06-12,2,113.22,Paid
O014174,C0568,P0005,2026-06-12,3,1037.07,Email
O014175,C0613,P0011,2026-06-12,2,62.62,Referral
O014176,C0392,P0009,2026-06-12,2,118.02,Paid
O014177,C0553,P0012,2026-06-12,1,82.02,Paid
O014178,C0430,P0013,2026-06-12,2,111.4,Email
O014179,C0015,P0012,2026-06-12,2,164.04,Referral
O014180,C0750,P0012,2026-06-12,1,82.02,Paid
O014181,C0559,P0018,2026-06-12,2,98.38,Organic
O014182,C0534,P0020,2026-06-12,2,158.94,Organic
O014183,C0111,P0027,2026-06-12,1,26.73,Organic
O014184,C0404,P0032,2026-06-12,3,106.26,Paid
O014185,C0694,P0032,2026-06-12,3,106.26,Email
O014186,C0782,P0040,2026-06-12,3,189.48,Paid
O014187,C0325,P0035,2026-06-12,3,264.75,Paid
O014188,C0677,P0034,2026-06-12,1,58.68,Organic
O014189,C0371,P0007,2026-06-12,1,170.31,Organic
O014190,C0525,P0004,2026-06-12,3,507.69,Referral
O014191,C0164,P0008,2026-06-12,3,679.59,Referral
O014192,C0347,P0012,2026-06-12,1,82.02,Paid
O014193,C0156,P0019,2026-06-12,1,132.95,Paid
O014194,C0514,P0024,2026-06-12,1,112.14,Paid
O014195,C0435,P0026,2026-06-12,3,169.83,Organic
O014196,C0090,P0029,2026-06-12,2,34.6,Paid
O014197,C0327,P0032,2026-06-12,2,70.84,Referral
O014198,C0228,P0028,2026-06-12,3,125.52,Organic
O014199,C0667,P0032,2026-06-12,3,106.26,Organic
O014200,C0236,P0033,2026-06-12,2,176.5,Paid
O014201,C0692,P0037,2026-06-12,3,124.71,Organic
O014202,C0211,P0036,2026-06-12,3,216.33,Organic
O014203,C0469,P0039,2026-06-12,1,103.58,Organic
O014204,C0360,P0033,2026-06-12,1,88.25,Paid
O014205,C0294,P0040,2026-06-12,1,63.16,Organic
O014206,C0539,P0006,2026-06-13,2,131.6,Organic
O014207,C0712,P0004,2026-06-13,1,169.23,Email
O014208,C0142,P0005,2026-06-13,1,345.69,Paid
O014209,C0193,P0001,2026-06-13,3,681.06,Organic
O014210,C0789,P0008,2026-06-13,2,453.06,Organic
O014211,C0356,P0019,2026-06-13,3,398.85,Paid
O014212,C0039,P0024,2026-06-13,1,112.14,Organic
O014213,C0475,P0028,2026-06-13,3,125.52,Organic
O014214,C0476,P0027,2026-06-13,1,26.73,Organic
O014215,C0532,P0032,2026-06-13,2,70.84,Organic
O014216,C0495,P0029,2026-06-13,2,34.6,Organic
O014217,C0773,P0029,2026-06-13,1,17.3,Organic
O014218,C0610,P0032,2026-06-13,2,70.84,Organic
O014219,C0475,P0034,2026-06-13,2,117.36,Paid
O014220,C0706,P0034,2026-06-13,1,58.68,Organic
O014221,C0063,P0034,2026-06-13,1,58.68,Organic
O014222,C0644,P0004,2026-06-13,1,169.23,Referral
O014223,C0053,P0008,2026-06-13,1,226.53,Organic
O014224,C0087,P0007,2026-06-13,2,340.62,Email
O014225,C0604,P0002,2026-06-13,2,370.8,Organic
O014226,C0202,P0012,2026-06-13,1,82.02,Paid
O014227,C0162,P0016,2026-06-13,3,171.0,Organic
O014228,C0216,P0013,2026-06-13,1,55.7,Organic
O014229,C0212,P0023,2026-06-13,3,275.97,Paid
O014230,C0317,P0021,2026-06-13,3,179.82,Organic
O014231,C0614,P0022,2026-06-13,1,50.39,Organic
O014232,C0521,P0031,2026-06-13,3,114.36,Email
O014233,C0307,P0032,2026-06-13,1,35.42,Referral
O014234,C0490,P0026,2026-06-13,3,169.83,Paid
O014235,C0676,P0032,2026-06-13,2,70.84,Organic
O014236,C0504,P0028,2026-06-13,3,125.52,Referral
O014237,C0659,P0037,2026-06-13,2,83.14,Email
O014238,C0447,P0037,2026-06-13,3,124.71,Organic
O014239,C0609,P0036,2026-06-13,2,144.22,Organic
O014240,C0033,P0005,2026-06-13,2,691.38,Paid
O014241,C0282,P0008,2026-06-13,3,679.59,Organic
O014242,C0665,P0013,2026-06-13,2,111.4,Organic
O014243,C0445,P0011,2026-06-13,2,62.62,Email
O014244,C0589,P0009,2026-06-13,1,59.01,Organic
O014245,C0443,P0015,2026-06-13,3,137.76,Referral
O014246,C0408,P0018,2026-06-13,3,147.57,Organic
O014247,C0086,P0024,2026-06-13,3,336.42,Organic
O014248,C0393,P0020,2026-06-13,1,79.47,Referral
O014249,C0051,P0022,2026-06-13,1,50.39,Organic
O014250,C0763,P0026,2026-06-13,3,169.83,Referral
O014251,C0522,P0030,2026-06-13,1,34.69,Organic
O014252,C0111,P0029,2026-06-13,2,34.6,Paid
O014253,C0015,P0031,2026-06-13,2,76.24,Referral
O014254,C0755,P0026,2026-06-13,1,56.61,Paid
O014255,C0727,P0035,2026-06-13,1,88.25,Email
O014256,C0672,P0037,2026-06-13,2,83.14,Referral
O014257,C0074,P0005,2026-06-13,2,691.38,Organic
O014258,C0136,P0003,2026-06-13,1,197.46,Referral
O014259,C0785,P0003,2026-06-13,2,394.92,Organic
O014260,C0686,P0006,2026-06-13,2,131.6,Organic
O014261,C0126,P0012,2026-06-13,3,246.06,Organic
O014262,C0027,P0011,2026-06-13,2,62.62,Organic
O014263,C0546,P0009,2026-06-13,2,118.02,Email
O014264,C0278,P0015,2026-06-13,2,91.84,Email
O014265,C0793,P0013,2026-06-13,1,55.7,Paid
O014266,C0306,P0014,2026-06-13,2,46.84,Organic
O014267,C0064,P0013,2026-06-13,1,55.7,Organic
O014268,C0300,P0019,2026-06-13,1,132.95,Organic
O014269,C0467,P0021,2026-06-13,2,119.88,Email
O014270,C0550,P0032,2026-06-13,2,70.84,Email
O014271,C0135,P0028,2026-06-13,1,41.84,Referral
O014272,C0036,P0032,2026-06-13,2,70.84,Paid
O014273,C0546,P0031,2026-06-13,2,76.24,Organic
O014274,C0365,P0026,2026-06-13,1,56.61,Email
O014275,C0671,P0034,2026-06-13,3,176.04,Paid
O014276,C0090,P0038,2026-06-13,3,54.54,Email
O014277,C0109,P0035,2026-06-13,1,88.25,Organic
O014278,C0472,P0040,2026-06-13,3,189.48,Email
O014279,C0013,P0033,2026-06-13,1,88.25,Paid
O014280,C0266,P0008,2026-06-14,1,226.53,Organic
O014281,C0359,P0004,2026-06-14,2,338.46,Organic
O014282,C0279,P0005,2026-06-14,2,691.38,Referral
O014283,C0708,P0014,2026-06-14,3,70.26,Paid
O014284,C0403,P0014,2026-06-14,1,23.42,Paid
O014285,C0123,P0009,2026-06-14,3,177.03,Organic
O014286,C0548,P0016,2026-06-14,2,114.0,Email
O014287,C0258,P0009,2026-06-14,2,118.02,Paid
O014288,C0712,P0009,2026-06-14,2,118.02,Paid
O014289,C0708,P0012,2026-06-14,2,164.04,Organic
O014290,C0039,P0012,2026-06-14,2,164.04,Paid
O014291,C0440,P0011,2026-06-14,3,93.93,Email
O014292,C0376,P0013,2026-06-14,3,167.1,Organic
O014293,C0654,P0022,2026-06-14,1,50.39,Organic
O014294,C0348,P0020,2026-06-14,1,79.47,Paid
O014295,C0085,P0028,2026-06-14,2,83.68,Organic
O014296,C0712,P0025,2026-06-14,2,77.74,Referral
O014297,C0120,P0039,2026-06-14,3,310.74,Paid
O014298,C0654,P0037,2026-06-14,2,83.14,Paid
O014299,C0011,P0033,2026-06-14,3,264.75,Paid
O014300,C0748,P0037,2026-06-14,1,41.57,Paid
O014301,C0263,P0036,2026-06-14,1,72.11,Email
O014302,C0454,P0007,2026-06-14,3,510.93,Paid
O014303,C0629,P0004,2026-06-14,1,169.23,Paid
O014304,C0487,P0012,2026-06-14,2,164.04,Referral
O014305,C0008,P0009,2026-06-14,2,118.02,Organic
O014306,C0529,P0020,2026-06-14,1,79.47,Email
O014307,C0454,P0022,2026-06-14,3,151.17,Referral
O014308,C0195,P0029,2026-06-14,1,17.3,Referral
O014309,C0232,P0028,2026-06-14,3,125.52,Organic
O014310,C0311,P0035,2026-06-14,2,176.5,Paid
O014311,C0573,P0039,2026-06-14,3,310.74,Organic
O014312,C0433,P0038,2026-06-14,1,18.18,Paid
O014313,C0108,P0006,2026-06-14,2,131.6,Organic
O014314,C0568,P0004,2026-06-14,1,169.23,Organic
O014315,C0003,P0007,2026-06-14,1,170.31,Organic
O014316,C0225,P0006,2026-06-14,3,197.4,Organic
O014317,C0527,P0003,2026-06-14,1,197.46,Paid
O014318,C0690,P0014,2026-06-14,1,23.42,Organic
O014319,C0438,P0014,2026-06-14,2,46.84,Paid
O014320,C0694,P0023,2026-06-14,1,91.99,Email
O014321,C0148,P0017,2026-06-14,3,74.04,Email
O014322,C0714,P0027,2026-06-14,2,53.46,Referral
O014323,C0665,P0028,2026-06-14,2,83.68,Paid
O014324,C0017,P0030,2026-06-14,1,34.69,Paid
O014325,C0427,P0026,2026-06-14,3,169.83,Organic
O014326,C0247,P0025,2026-06-14,1,38.87,Organic
O014327,C0661,P0034,2026-06-14,3,176.04,Organic
O014328,C0499,P0003,2026-06-14,2,394.92,Email
O014329,C0638,P0008,2026-06-14,2,453.06,Paid
O014330,C0472,P0002,2026-06-14,2,370.8,Organic
O014331,C0574,P0002,2026-06-14,2,370.8,Organic
O014332,C0581,P0003,2026-06-14,3,592.38,Referral
O014333,C0136,P0005,2026-06-14,3,1037.07,Email
O014334,C0688,P0016,2026-06-14,3,171.0,Email
O014335,C0301,P0022,2026-06-14,1,50.39,Paid
O014336,C0693,P0028,2026-06-14,1,41.84,Organic
O014337,C0775,P0026,2026-06-14,2,113.22,Organic
O014338,C0164,P0031,2026-06-14,2,76.24,Organic
O014339,C0457,P0031,2026-06-14,3,114.36,Paid
O014340,C0514,P0031,2026-06-14,2,76.24,Organic
O014341,C0153,P0025,2026-06-14,3,116.61,Paid
O014342,C0310,P0030,2026-06-14,2,69.38,Paid
O014343,C0762,P0040,2026-06-14,1,63.16,Paid
O014344,C0585,P0037,2026-06-14,3,124.71,Organic
O014345,C0740,P0003,2026-06-15,2,394.92,Email
O014346,C0034,P0017,2026-06-15,1,24.68,Organic
O014347,C0205,P0020,2026-06-15,1,79.47,Organic
O014348,C0208,P0027,2026-06-15,1,26.73,Paid
O014349,C0576,P0038,2026-06-15,1,18.18,Organic
O014350,C0395,P0038,2026-06-15,2,36.36,Organic
O014351,C0308,P0007,2026-06-15,3,510.93,Referral
O014352,C0399,P0001,2026-06-15,3,681.06,Paid
O014353,C0490,P0002,2026-06-15,1,185.4,Organic
O014354,C0151,P0001,2026-06-15,3,681.06,Referral
O014355,C0035,P0015,2026-06-15,3,137.76,Paid
O014356,C0655,P0010,2026-06-15,1,39.8,Paid
O014357,C0732,P0018,2026-06-15,2,98.38,Organic
O014358,C0342,P0017,2026-06-15,1,24.68,Paid
O014359,C0586,P0019,2026-06-15,1,132.95,Email
O014360,C0391,P0027,2026-06-15,1,26.73,Organic
O014361,C0726,P0027,2026-06-15,3,80.19,Paid
O014362,C0728,P0033,2026-06-15,1,88.25,Organic
O014363,C0111,P0002,2026-06-15,3,556.2,Organic
O014364,C0173,P0007,2026-06-15,2,340.62,Email
O014365,C0713,P0006,2026-06-15,2,131.6,Organic
O014366,C0797,P0015,2026-06-15,3,137.76,Organic
O014367,C0538,P0013,2026-06-15,3,167.1,Organic
O014368,C0503,P0016,2026-06-15,3,171.0,Organic
O014369,C0021,P0023,2026-06-15,1,91.99,Paid
O014370,C0114,P0018,2026-06-15,2,98.38,Paid
O014371,C0127,P0020,2026-06-15,2,158.94,Organic
O014372,C0264,P0027,2026-06-15,1,26.73,Paid
O014373,C0329,P0025,2026-06-15,1,38.87,Paid
O014374,C0694,P0032,2026-06-15,1,35.42,Organic
O014375,C0269,P0030,2026-06-15,2,69.38,Paid
O014376,C0408,P0037,2026-06-15,2,83.14,Organic
O014377,C0724,P0034,2026-06-15,1,58.68,Paid
O014378,C0028,P0001,2026-06-15,3,681.06,Organic
O014379,C0592,P0005,2026-06-15,3,1037.07,Paid
O014380,C0310,P0005,2026-06-15,2,691.38,Paid
O014381,C0285,P0009,2026-06-15,2,118.02,Email
O014382,C0551,P0016,2026-06-15,3,171.0,Paid
O014383,C0064,P0021,2026-06-15,2,119.88,Organic
O014384,C0182,P0024,2026-06-15,1,112.14,Paid
O014385,C0517,P0020,2026-06-15,3,238.41,Email
O014386,C0237,P0028,2026-06-15,1,41.84,Paid
O014387,C0436,P0032,2026-06-15,3,106.26,Organic
O014388,C0685,P0029,2026-06-15,1,17.3,Organic
O014389,C0164,P0027,2026-06-15,3,80.19,Organic
O014390,C0734,P0039,2026-06-15,3,310.74,Paid
O014391,C0405,P0004,2026-06-16,2,338.46,Organic
O014392,C0263,P0011,2026-06-16,1,31.31,Email
O014393,C0444,P0017,2026-06-16,1,24.68,Paid
O014394,C0507,P0021,2026-06-16,3,179.82,Paid
O014395,C0205,P0023,2026-06-16,3,275.97,Organic
O014396,C0348,P0022,2026-06-16,1,50.39,Paid
O014397,C0039,P0030,2026-06-16,2,69.38,Organic
O014398,C0423,P0029,2026-06-16,2,34.6,Organic
O014399,C0495,P0027,2026-06-16,3,80.19,Paid
O014400,C0603,P0034,2026-06-16,1,58.68,Paid
O014401,C0241,P0034,2026-06-16,3,176.04,Referral
O014402,C0205,P0038,2026-06-16,1,18.18,Email
O014403,C0117,P0016,2026-06-16,2,114.0,Paid
O014404,C0483,P0011,2026-06-16,2,62.62,Organic
O014405,C0006,P0022,2026-06-16,3,151.17,Paid
O014406,C0308,P0018,2026-06-16,3,147.57,Organic
O014407,C0088,P0030,2026-06-16,3,104.07,Referral
O014408,C0666,P0030,2026-06-16,3,104.07,Paid
O014409,C0320,P0029,2026-06-16,2,34.6,Organic
O014410,C0666,P0027,2026-06-16,3,80.19,Organic
O014411,C0715,P0034,2026-06-16,2,117.36,Organic
O014412,C0154,P0003,2026-06-16,3,592.38,Paid
O014413,C0033,P0006,2026-06-16,3,197.4,Organic
O014414,C0060,P0014,2026-06-16,2,46.84,Organic
O014415,C0133,P0013,2026-06-16,3,167.1,Paid
O014416,C0508,P0031,2026-06-16,3,114.36,Organic
O014417,C0438,P0030,2026-06-16,2,69.38,Referral
O014418,C0716,P0029,2026-06-16,3,51.9,Email
O014419,C0155,P0025,2026-06-16,3,116.61,Paid
O014420,C0797,P0038,2026-06-16,3,54.54,Paid
O014421,C0152,P0039,2026-06-16,3,310.74,Paid
O014422,C0636,P0035,2026-06-16,3,264.75,Organic
O014423,C0160,P0008,2026-06-16,1,226.53,Email
O014424,C0478,P0002,2026-06-16,2,370.8,Paid
O014425,C0061,P0012,2026-06-16,2,164.04,Email
O014426,C0104,P0013,2026-06-16,1,55.7,Paid
O014427,C0592,P0009,2026-06-16,2,118.02,Organic
O014428,C0182,P0020,2026-06-16,2,158.94,Organic
O014429,C0425,P0017,2026-06-16,3,74.04,Paid
O014430,C0156,P0027,2026-06-16,2,53.46,Email
O014431,C0465,P0036,2026-06-16,3,216.33,Organic
O014432,C0214,P0035,2026-06-16,3,264.75,Organic
O014433,C0301,P0039,2026-06-16,3,310.74,Paid
O014434,C0774,P0003,2026-06-17,3,592.38,Paid
O014435,C0178,P0003,2026-06-17,2,394.92,Organic
O014436,C0390,P0006,2026-06-17,3,197.4,Email
O014437,C0248,P0011,2026-06-17,1,31.31,Paid
O014438,C0283,P0010,2026-06-17,3,119.4,Organic
O014439,C0444,P0017,2026-06-17,2,49.36,Paid
O014440,C0019,P0028,2026-06-17,2,83.68,Referral
O014441,C0346,P0025,2026-06-17,1,38.87,Organic
O014442,C0128,P0026,2026-06-17,1,56.61,Organic
O014443,C0471,P0027,2026-06-17,2,53.46,Organic
O014444,C0190,P0027,2026-06-17,2,53.46,Paid
O014445,C0330,P0036,2026-06-17,3,216.33,Email
O014446,C0579,P0005,2026-06-17,1,345.69,Organic
O014447,C0243,P0003,2026-06-17,1,197.46,Email
O014448,C0035,P0004,2026-06-17,2,338.46,Paid
O014449,C0666,P0004,2026-06-17,3,507.69,Referral
O014450,C0238,P0015,2026-06-17,1,45.92,Organic
O014451,C0564,P0020,2026-06-17,1,79.47,Organic
O014452,C0087,P0018,2026-06-17,1,49.19,Referral
O014453,C0180,P0018,2026-06-17,3,147.57,Email
O014454,C0326,P0023,2026-06-17,1,91.99,Organic
O014455,C0097,P0032,2026-06-17,1,35.42,Referral
O014456,C0134,P0002,2026-06-17,1,185.4,Organic
O014457,C0417,P0001,2026-06-17,2,454.04,Paid
O014458,C0670,P0007,2026-06-17,3,510.93,Paid
O014459,C0710,P0005,2026-06-17,2,691.38,Organic
O014460,C0500,P0011,2026-06-17,2,62.62,Organic
O014461,C0003,P0020,2026-06-17,1,79.47,Email
O014462,C0318,P0017,2026-06-17,2,49.36,Paid
O014463,C0199,P0035,2026-06-17,3,264.75,Organic
O014464,C0392,P0039,2026-06-17,2,207.16,Organic
O014465,C0217,P0039,2026-06-17,3,310.74,Email
O014466,C0582,P0040,2026-06-17,2,126.32,Organic
O014467,C0518,P0034,2026-06-17,1,58.68,Organic
O014468,C0704,P0006,2026-06-17,2,131.6,Referral
O014469,C0469,P0008,2026-06-17,2,453.06,Organic
O014470,C0343,P0021,2026-06-17,2,119.88,Organic
O014471,C0472,P0022,2026-06-17,1,50.39,Organic
O014472,C0541,P0024,2026-06-17,2,224.28,Referral
O014473,C0486,P0029,2026-06-17,2,34.6,Email
O014474,C0472,P0030,2026-06-17,3,104.07,Paid
O014475,C0499,P0032,2026-06-17,1,35.42,Organic
O014476,C0679,P0035,2026-06-17,2,176.5,Email
O014477,C0762,P0034,2026-06-17,2,117.36,Paid
O014478,C0480,P0040,2026-06-17,1,63.16,Organic
O014479,C0697,P0004,2026-06-18,1,169.23,Organic
O014480,C0576,P0013,2026-06-18,3,167.1,Paid
O014481,C0335,P0024,2026-06-18,2,224.28,Organic
O014482,C0075,P0021,2026-06-18,2,119.88,Organic
O014483,C0190,P0018,2026-06-18,3,147.57,Organic
O014484,C0749,P0018,2026-06-18,2,98.38,Email
O014485,C0208,P0027,2026-06-18,2,53.46,Organic
O014486,C0193,P0030,2026-06-18,1,34.69,Paid
O014487,C0002,P0026,2026-06-18,1,56.61,Organic
O014488,C0178,P0038,2026-06-18,2,36.36,Paid
O014489,C0401,P0039,2026-06-18,2,207.16,Organic
O014490,C0676,P0007,2026-06-18,1,170.31,Referral
O014491,C0291,P0014,2026-06-18,2,46.84,Organic
O014492,C0180,P0023,2026-06-18,2,183.98,Paid
O014493,C0776,P0020,2026-06-18,2,158.94,Organic
O014494,C0131,P0023,2026-06-18,3,275.97,Email
O014495,C0759,P0018,2026-06-18,1,49.19,Organic
O014496,C0448,P0022,2026-06-18,3,151.17,Paid
O014497,C0340,P0032,2026-06-18,2,70.84,Organic
O014498,C0715,P0027,2026-06-18,1,26.73,Paid
O014499,C0198,P0037,2026-06-18,3,124.71,Paid
O014500,C0415,P0034,2026-06-18,3,176.04,Paid
O014501,C0127,P0006,2026-06-18,1,65.8,Paid
O014502,C0009,P0003,2026-06-18,3,592.38,Organic
O014503,C0568,P0002,2026-06-18,1,185.4,Referral
O014504,C0381,P0009,2026-06-18,3,177.03,Paid
O014505,C0259,P0009,2026-06-18,1,59.01,Paid
O014506,C0488,P0021,2026-06-18,3,179.82,Organic
O014507,C0288,P0021,2026-06-18,3,179.82,Paid
O014508,C0260,P0021,2026-06-18,1,59.94,Organic
O014509,C0130,P0024,2026-06-18,1,112.14,Paid
O014510,C0538,P0027,2026-06-18,3,80.19,Referral
O014511,C0613,P0028,2026-06-18,1,41.84,Paid
O014512,C0500,P0036,2026-06-18,3,216.33,Organic
O014513,C0310,P0006,2026-06-18,3,197.4,Paid
O014514,C0658,P0003,2026-06-18,3,592.38,Referral
O014515,C0023,P0003,2026-06-18,3,592.38,Paid
O014516,C0481,P0014,2026-06-18,3,70.26,Paid
O014517,C0770,P0017,2026-06-18,2,49.36,Organic
O014518,C0229,P0020,2026-06-18,1,79.47,Paid
O014519,C0079,P0025,2026-06-18,2,77.74,Organic
O014520,C0734,P0032,2026-06-18,2,70.84,Organic
O014521,C0671,P0025,2026-06-18,1,38.87,Email
O014522,C0693,P0032,2026-06-18,2,70.84,Paid
O014523,C0294,P0031,2026-06-18,2,76.24,Email
O014524,C0191,P0039,2026-06-18,3,310.74,Organic
O014525,C0313,P0039,2026-06-18,1,103.58,Email
O014526,C0792,P0036,2026-06-18,1,72.11,Referral
O014527,C0440,P0005,2026-06-19,1,345.69,Paid
O014528,C0120,P0015,2026-06-19,3,137.76,Organic
O014529,C0118,P0013,2026-06-19,1,55.7,Organic
O014530,C0471,P0012,2026-06-19,3,246.06,Paid
O014531,C0426,P0014,2026-06-19,2,46.84,Paid
O014532,C0471,P0021,2026-06-19,3,179.82,Organic
O014533,C0774,P0024,2026-06-19,2,224.28,Paid
O014534,C0335,P0024,2026-06-19,1,112.14,Paid
O014535,C0540,P0018,2026-06-19,2,98.38,Referral
O014536,C0118,P0032,2026-06-19,3,106.26,Paid
O014537,C0044,P0031,2026-06-19,2,76.24,Organic
O014538,C0619,P0025,2026-06-19,2,77.74,Paid
O014539,C0248,P0036,2026-06-19,2,144.22,Organic
O014540,C0275,P0039,2026-06-19,2,207.16,Organic
O014541,C0633,P0006,2026-06-19,2,131.6,Organic
O014542,C0281,P0006,2026-06-19,1,65.8,Organic
O014543,C0249,P0005,2026-06-19,1,345.69,Organic
O014544,C0226,P0021,2026-06-19,3,179.82,Organic
O014545,C0257,P0024,2026-06-19,1,112.14,Referral
O014546,C0760,P0022,2026-06-19,3,151.17,Paid
O014547,C0608,P0021,2026-06-19,2,119.88,Paid
O014548,C0101,P0019,2026-06-19,2,265.9,Organic
O014549,C0506,P0005,2026-06-19,1,345.69,Paid
O014550,C0741,P0015,2026-06-19,1,45.92,Organic
O014551,C0669,P0018,2026-06-19,2,98.38,Paid
O014552,C0329,P0028,2026-06-19,1,41.84,Email
O014553,C0559,P0028,2026-06-19,2,83.68,Paid
O014554,C0033,P0038,2026-06-19,3,54.54,Organic
O014555,C0032,P0034,2026-06-19,2,117.36,Organic
O014556,C0429,P0040,2026-06-19,3,189.48,Organic
O014557,C0744,P0035,2026-06-19,3,264.75,Paid
O014558,C0584,P0038,2026-06-19,3,54.54,Organic
O014559,C0503,P0035,2026-06-19,1,88.25,Organic
O014560,C0171,P0040,2026-06-19,3,189.48,Paid
O014561,C0164,P0005,2026-06-19,1,345.69,Organic
O014562,C0459,P0010,2026-06-19,2,79.6,Referral
O014563,C0511,P0012,2026-06-19,3,246.06,Email
O014564,C0028,P0013,2026-06-19,3,167.1,Paid
O014565,C0641,P0020,2026-06-19,2,158.94,Paid
O014566,C0302,P0019,2026-06-19,1,132.95,Organic
O014567,C0643,P0031,2026-06-19,2,76.24,Email
O014568,C0662,P0034,2026-06-19,1,58.68,Paid
O014569,C0196,P0035,2026-06-19,2,176.5,Organic
O014570,C0723,P0037,2026-06-19,3,124.71,Email
O014571,C0266,P0006,2026-06-20,1,65.8,Referral
O014572,C0142,P0002,2026-06-20,1,185.4,Organic
O014573,C0642,P0003,2026-06-20,1,197.46,Email
O014574,C0495,P0002,2026-06-20,1,185.4,Organic
O014575,C0076,P0007,2026-06-20,1,170.31,Paid
O014576,C0396,P0002,2026-06-20,2,370.8,Organic
O014577,C0030,P0009,2026-06-20,2,118.02,Organic
O014578,C0007,P0012,2026-06-20,2,164.04,Organic
O014579,C0002,P0017,2026-06-20,2,49.36,Organic
O014580,C0678,P0036,2026-06-20,2,144.22,Organic
O014581,C0591,P0040,2026-06-20,2,126.32,Paid
O014582,C0070,P0035,2026-06-20,2,176.5,Referral
O014583,C0698,P0039,2026-06-20,3,310.74,Organic
O014584,C0629,P0005,2026-06-20,1,345.69,Referral
O014585,C0257,P0007,2026-06-20,3,510.93,Organic
O014586,C0620,P0016,2026-06-20,2,114.0,Paid
O014587,C0344,P0016,2026-06-20,1,57.0,Paid
O014588,C0361,P0012,2026-06-20,3,246.06,Email
O014589,C0764,P0021,2026-06-20,2,119.88,Referral
O014590,C0068,P0021,2026-06-20,3,179.82,Paid
O014591,C0342,P0022,2026-06-20,3,151.17,Organic
O014592,C0380,P0037,2026-06-20,2,83.14,Organic
O014593,C0632,P0033,2026-06-20,3,264.75,Organic
O014594,C0187,P0005,2026-06-20,2,691.38,Organic
O014595,C0392,P0001,2026-06-20,1,227.02,Paid
O014596,C0324,P0016,2026-06-20,1,57.0,Referral
O014597,C0661,P0021,2026-06-20,3,179.82,Paid
O014598,C0563,P0031,2026-06-20,1,38.12,Organic
O014599,C0227,P0030,2026-06-20,3,104.07,Organic
O014600,C0500,P0037,2026-06-20,2,83.14,Organic
O014601,C0329,P0039,2026-06-20,3,310.74,Email
O014602,C0111,P0038,2026-06-20,2,36.36,Organic
O014603,C0126,P0001,2026-06-20,2,454.04,Paid
O014604,C0510,P0007,2026-06-20,3,510.93,Organic
O014605,C0592,P0002,2026-06-20,2,370.8,Paid
O014606,C0104,P0006,2026-06-20,1,65.8,Paid
O014607,C0641,P0011,2026-06-20,1,31.31,Organic
O014608,C0478,P0017,2026-06-20,3,74.04,Organic
O014609,C0652,P0022,2026-06-20,2,100.78,Paid
O014610,C0757,P0017,2026-06-20,2,49.36,Paid
O014611,C0692,P0032,2026-06-20,1,35.42,Paid
O014612,C0076,P0007,2026-06-21,1,170.31,Paid
O014613,C0555,P0004,2026-06-21,3,507.69,Organic
O014614,C0266,P0002,2026-06-21,2,370.8,Paid
O014615,C0696,P0008,2026-06-21,1,226.53,Organic
O014616,C0231,P0001,2026-06-21,2,454.04,Email
O014617,C0796,P0001,2026-06-21,1,227.02,Paid
O014618,C0795,P0011,2026-06-21,3,93.93,Organic
O014619,C0569,P0010,2026-06-21,2,79.6,Paid
O014620,C0794,P0011,2026-06-21,2,62.62,Organic
O014621,C0712,P0019,2026-06-21,2,265.9,Organic
O014622,C0697,P0022,2026-06-21,1,50.39,Organic
O014623,C0591,P0031,2026-06-21,2,76.24,Organic
O014624,C0442,P0025,2026-06-21,2,77.74,Organic
O014625,C0795,P0028,2026-06-21,1,41.84,Referral
O014626,C0390,P0028,2026-06-21,2,83.68,Organic
O014627,C0696,P0029,2026-06-21,1,17.3,Paid
O014628,C0468,P0036,2026-06-21,2,144.22,Organic
O014629,C0011,P0036,2026-06-21,1,72.11,Organic
O014630,C0423,P0034,2026-06-21,2,117.36,Organic
O014631,C0781,P0006,2026-06-21,3,197.4,Organic
O014632,C0781,P0008,2026-06-21,1,226.53,Organic
O014633,C0317,P0002,2026-06-21,2,370.8,Email
O014634,C0629,P0001,2026-06-21,3,681.06,Paid
O014635,C0571,P0003,2026-06-21,2,394.92,Organic
O014636,C0244,P0006,2026-06-21,3,197.4,Paid
O014637,C0454,P0001,2026-06-21,3,681.06,Referral
O014638,C0715,P0010,2026-06-21,3,119.4,Referral
O014639,C0298,P0012,2026-06-21,3,246.06,Organic
O014640,C0200,P0013,2026-06-21,2,111.4,Email
O014641,C0216,P0015,2026-06-21,3,137.76,Organic
O014642,C0093,P0011,2026-06-21,2,62.62,Organic
O014643,C0244,P0016,2026-06-21,3,171.0,Email
O014644,C0620,P0020,2026-06-21,1,79.47,Organic
O014645,C0454,P0028,2026-06-21,3,125.52,Paid
O014646,C0342,P0031,2026-06-21,3,114.36,Organic
O014647,C0687,P0032,2026-06-21,3,106.26,Organic
O014648,C0246,P0025,2026-06-21,2,77.74,Organic
O014649,C0291,P0029,2026-06-21,2,34.6,Organic
O014650,C0534,P0006,2026-06-21,1,65.8,Email
O014651,C0711,P0006,2026-06-21,1,65.8,Organic
O014652,C0756,P0004,2026-06-21,2,338.46,Organic
O014653,C0276,P0007,2026-06-21,3,510.93,Organic
O014654,C0716,P0021,2026-06-21,3,179.82,Paid
O014655,C0700,P0018,2026-06-21,3,147.57,Organic
O014656,C0163,P0031,2026-06-21,3,114.36,Organic
O014657,C0763,P0027,2026-06-21,1,26.73,Email
O014658,C0017,P0037,2026-06-21,2,83.14,Organic
O014659,C0247,P0033,2026-06-21,1,88.25,Organic
O014660,C0518,P0035,2026-06-21,1,88.25,Organic
O014661,C0560,P0006,2026-06-21,2,131.6,Organic
O014662,C0223,P0003,2026-06-21,2,394.92,Referral
O014663,C0650,P0005,2026-06-21,1,345.69,Organic
O014664,C0360,P0012,2026-06-21,2,164.04,Organic
O014665,C0310,P0010,2026-06-21,2,79.6,Paid
O014666,C0550,P0016,2026-06-21,3,171.0,Organic
O014667,C0775,P0012,2026-06-21,1,82.02,Organic
O014668,C0369,P0012,2026-06-21,1,82.02,Organic
O014669,C0511,P0016,2026-06-21,1,57.0,Organic
O014670,C0290,P0011,2026-06-21,1,31.31,Organic
O014671,C0658,P0016,2026-06-21,1,57.0,Paid
O014672,C0685,P0020,2026-06-21,3,238.41,Paid
O014673,C0481,P0023,2026-06-21,1,91.99,Referral
O014674,C0124,P0030,2026-06-21,3,104.07,Organic
O014675,C0638,P0025,2026-06-21,2,77.74,Paid
O014676,C0050,P0030,2026-06-21,1,34.69,Organic
O014677,C0273,P0027,2026-06-21,2,53.46,Organic
O014678,C0671,P0032,2026-06-21,1,35.42,Organic
O014679,C0398,P0037,2026-06-21,3,124.71,Email
O014680,C0583,P0038,2026-06-21,3,54.54,Organic
O014681,C0546,P0034,2026-06-21,2,117.36,Paid
O014682,C0024,P0035,2026-06-21,1,88.25,Email
O014683,C0263,P0005,2026-06-22,1,345.69,Organic
O014684,C0258,P0007,2026-06-22,3,510.93,Referral
O014685,C0336,P0005,2026-06-22,3,1037.07,Email
O014686,C0706,P0004,2026-06-22,2,338.46,Paid
O014687,C0390,P0002,2026-06-22,3,556.2,Email
O014688,C0048,P0016,2026-06-22,3,171.0,Email
O014689,C0708,P0017,2026-06-22,3,74.04,Organic
O014690,C0268,P0018,2026-06-22,2,98.38,Organic
O014691,C0359,P0017,2026-06-22,2,49.36,Referral
O014692,C0070,P0021,2026-06-22,1,59.94,Organic
O014693,C0279,P0029,2026-06-22,2,34.6,Email
O014694,C0403,P0026,2026-06-22,1,56.61,Organic
O014695,C0602,P0040,2026-06-22,3,189.48,Organic
O014696,C0364,P0037,2026-06-22,3,124.71,Organic
O014697,C0190,P0035,2026-06-22,2,176.5,Paid
O014698,C0353,P0040,2026-06-22,2,126.32,Organic
O014699,C0110,P0033,2026-06-22,1,88.25,Organic
O014700,C0781,P0006,2026-06-22,2,131.6,Email
O014701,C0286,P0001,2026-06-22,3,681.06,Organic
O014702,C0192,P0008,2026-06-22,2,453.06,Organic
O014703,C0520,P0006,2026-06-22,2,131.6,Paid
O014704,C0566,P0014,2026-06-22,1,23.42,Organic
O014705,C0521,P0009,2026-06-22,3,177.03,Organic
O014706,C0291,P0015,2026-06-22,3,137.76,Email
O014707,C0195,P0019,2026-06-22,2,265.9,Paid
O014708,C0150,P0031,2026-06-22,2,76.24,Organic
O014709,C0218,P0030,2026-06-22,3,104.07,Organic
O014710,C0502,P0035,2026-06-22,1,88.25,Paid
O014711,C0218,P0037,2026-06-22,1,41.57,Paid
O014712,C0212,P0039,2026-06-22,3,310.74,Organic
O014713,C0151,P0040,2026-06-22,1,63.16,Organic
O014714,C0668,P0033,2026-06-22,2,176.5,Paid
O014715,C0385,P0004,2026-06-22,1,169.23,Paid
O014716,C0763,P0014,2026-06-22,2,46.84,Referral
O014717,C0351,P0013,2026-06-22,2,111.4,Organic
O014718,C0179,P0018,2026-06-22,1,49.19,Organic
O014719,C0797,P0032,2026-06-22,2,70.84,Organic
O014720,C0477,P0028,2026-06-22,2,83.68,Paid
O014721,C0663,P0029,2026-06-22,1,17.3,Organic
O014722,C0562,P0030,2026-06-22,2,69.38,Paid
O014723,C0021,P0038,2026-06-22,3,54.54,Paid
O014724,C0185,P0006,2026-06-22,1,65.8,Referral
O014725,C0704,P0006,2026-06-22,2,131.6,Organic
O014726,C0058,P0012,2026-06-22,2,164.04,Email
O014727,C0196,P0012,2026-06-22,3,246.06,Email
O014728,C0061,P0013,2026-06-22,3,167.1,Organic
O014729,C0486,P0009,2026-06-22,3,177.03,Email
O014730,C0073,P0029,2026-06-22,3,51.9,Email
O014731,C0643,P0030,2026-06-22,3,104.07,Email
O014732,C0061,P0036,2026-06-22,1,72.11,Paid
O014733,C0365,P0039,2026-06-22,3,310.74,Paid
O014734,C0352,P0033,2026-06-22,3,264.75,Email
O014735,C0482,P0039,2026-06-22,3,310.74,Email
O014736,C0359,P0007,2026-06-23,2,340.62,Paid
O014737,C0600,P0001,2026-06-23,2,454.04,Paid
O014738,C0675,P0006,2026-06-23,2,131.6,Paid
O014739,C0372,P0002,2026-06-23,1,185.4,Organic
O014740,C0642,P0011,2026-06-23,1,31.31,Organic
O014741,C0390,P0013,2026-06-23,3,167.1,Paid
O014742,C0680,P0014,2026-06-23,3,70.26,Paid
O014743,C0128,P0017,2026-06-23,2,49.36,Paid
O014744,C0353,P0020,2026-06-23,1,79.47,Organic
O014745,C0421,P0025,2026-06-23,2,77.74,Organic
O014746,C0471,P0039,2026-06-23,3,310.74,Organic
O014747,C0600,P0035,2026-06-23,3,264.75,Organic
O014748,C0088,P0004,2026-06-23,1,169.23,Referral
O014749,C0091,P0002,2026-06-23,3,556.2,Paid
O014750,C0192,P0001,2026-06-23,2,454.04,Organic
O014751,C0216,P0014,2026-06-23,2,46.84,Organic
O014752,C0578,P0012,2026-06-23,1,82.02,Organic
O014753,C0720,P0022,2026-06-23,3,151.17,Paid
O014754,C0093,P0023,2026-06-23,3,275.97,Referral
O014755,C0391,P0024,2026-06-23,2,224.28,Paid
O014756,C0139,P0024,2026-06-23,3,336.42,Organic
O014757,C0099,P0018,2026-06-23,1,49.19,Organic
O014758,C0577,P0038,2026-06-23,1,18.18,Organic
O014759,C0067,P0036,2026-06-23,1,72.11,Organic
O014760,C0589,P0005,2026-06-23,3,1037.07,Paid
O014761,C0339,P0006,2026-06-23,2,131.6,Organic
O014762,C0015,P0002,2026-06-23,2,370.8,Paid
O014763,C0115,P0008,2026-06-23,1,226.53,Referral
O014764,C0707,P0010,2026-06-23,3,119.4,Organic
O014765,C0138,P0015,2026-06-23,3,137.76,Organic
O014766,C0589,P0011,2026-06-23,1,31.31,Paid
O014767,C0545,P0018,2026-06-23,2,98.38,Organic
O014768,C0635,P0032,2026-06-23,1,35.42,Email
O014769,C0154,P0032,2026-06-23,3,106.26,Paid
O014770,C0408,P0033,2026-06-23,2,176.5,Paid
O014771,C0329,P0039,2026-06-23,1,103.58,Organic
O014772,C0741,P0039,2026-06-23,1,103.58,Organic
O014773,C0408,P0037,2026-06-23,3,124.71,Paid
O014774,C0392,P0039,2026-06-23,2,207.16,Organic
O014775,C0222,P0004,2026-06-23,1,169.23,Organic
O014776,C0122,P0008,2026-06-23,2,453.06,Organic
O014777,C0014,P0015,2026-06-23,1,45.92,Paid
O014778,C0265,P0021,2026-06-23,3,179.82,Email
O014779,C0065,P0021,2026-06-23,3,179.82,Paid
O014780,C0646,P0029,2026-06-23,1,17.3,Organic
O014781,C0466,P0029,2026-06-23,1,17.3,Organic
O014782,C0704,P0039,2026-06-23,2,207.16,Email
O014783,C0478,P0034,2026-06-23,2,117.36,Paid
O014784,C0058,P0037,2026-06-23,3,124.71,Paid
O014785,C0208,P0003,2026-06-24,2,394.92,Organic
O014786,C0603,P0006,2026-06-24,1,65.8,Paid
O014787,C0045,P0002,2026-06-24,1,185.4,Paid
O014788,C0263,P0007,2026-06-24,1,170.31,Organic
O014789,C0471,P0005,2026-06-24,3,1037.07,Paid
O014790,C0081,P0011,2026-06-24,3,93.93,Organic
O014791,C0030,P0015,2026-06-24,2,91.84,Organic
O014792,C0118,P0024,2026-06-24,2,224.28,Organic
O014793,C0603,P0023,2026-06-24,1,91.99,Email
O014794,C0787,P0017,2026-06-24,1,24.68,Paid
O014795,C0748,P0029,2026-06-24,1,17.3,Organic
O014796,C0561,P0025,2026-06-24,1,38.87,Organic
O014797,C0697,P0034,2026-06-24,3,176.04,Organic
O014798,C0675,P0040,2026-06-24,2,126.32,Organic
O014799,C0476,P0034,2026-06-24,3,176.04,Organic
O014800,C0070,P0038,2026-06-24,2,36.36,Organic
O014801,C0008,P0002,2026-06-24,1,185.4,Email
O014802,C0544,P0008,2026-06-24,2,453.06,Referral
O014803,C0659,P0006,2026-06-24,3,197.4,Email
O014804,C0743,P0023,2026-06-24,3,275.97,Organic
O014805,C0242,P0026,2026-06-24,2,113.22,Paid
O014806,C0543,P0030,2026-06-24,1,34.69,Paid
O014807,C0728,P0034,2026-06-24,3,176.04,Email
O014808,C0344,P0035,2026-06-24,1,88.25,Organic
O014809,C0604,P0039,2026-06-24,1,103.58,Paid
O014810,C0001,P0002,2026-06-24,3,556.2,Paid
O014811,C0324,P0010,2026-06-24,2,79.6,Organic
O014812,C0534,P0011,2026-06-24,3,93.93,Organic
O014813,C0254,P0012,2026-06-24,3,246.06,Paid
O014814,C0329,P0023,2026-06-24,3,275.97,Organic
O014815,C0431,P0022,2026-06-24,1,50.39,Referral
O014816,C0621,P0018,2026-06-24,3,147.57,Organic
O014817,C0601,P0026,2026-06-24,3,169.83,Paid
O014818,C0783,P0029,2026-06-24,2,34.6,Email
O014819,C0545,P0025,2026-06-24,1,38.87,Organic
O014820,C0264,P0027,2026-06-24,3,80.19,Paid
O014821,C0227,P0038,2026-06-24,1,18.18,Organic
O014822,C0717,P0034,2026-06-24,2,117.36,Referral
O014823,C0422,P0034,2026-06-24,1,58.68,Paid
O014824,C0648,P0039,2026-06-24,3,310.74,Organic
O014825,C0436,P0004,2026-06-24,3,507.69,Email
O014826,C0210,P0004,2026-06-24,3,507.69,Paid
O014827,C0800,P0001,2026-06-24,1,227.02,Organic
O014828,C0064,P0003,2026-06-24,2,394.92,Paid
O014829,C0387,P0024,2026-06-24,2,224.28,Organic
O014830,C0692,P0022,2026-06-24,1,50.39,Organic
O014831,C0681,P0019,2026-06-24,3,398.85,Organic
O014832,C0510,P0026,2026-06-24,3,169.83,Organic
O014833,C0585,P0028,2026-06-24,3,125.52,Paid
O014834,C0428,P0028,2026-06-24,3,125.52,Paid
O014835,C0188,P0039,2026-06-24,2,207.16,Paid
O014836,C0066,P0033,2026-06-24,3,264.75,Referral
O014837,C0062,P0040,2026-06-24,1,63.16,Organic
O014838,C0550,P0039,2026-06-24,3,310.74,Paid
O014839,C0118,P0008,2026-06-25,2,453.06,Email
O014840,C0749,P0008,2026-06-25,2,453.06,Organic
O014841,C0334,P0003,2026-06-25,2,394.92,Organic
O014842,C0440,P0004,2026-06-25,1,169.23,Email
O014843,C0796,P0016,2026-06-25,1,57.0,Organic
O014844,C0432,P0017,2026-06-25,3,74.04,Paid
O014845,C0275,P0017,2026-06-25,2,49.36,Organic
O014846,C0174,P0020,2026-06-25,3,238.41,Organic
O014847,C0794,P0034,2026-06-25,1,58.68,Paid
O014848,C0250,P0037,2026-06-25,1,41.57,Email
O014849,C0777,P0037,2026-06-25,2,83.14,Organic
O014850,C0603,P0036,2026-06-25,2,144.22,Organic
O014851,C0708,P0039,2026-06-25,1,103.58,Organic
O014852,C0286,P0011,2026-06-25,1,31.31,Paid
O014853,C0246,P0013,2026-06-25,3,167.1,Organic
O014854,C0537,P0024,2026-06-25,2,224.28,Organic
O014855,C0575,P0021,2026-06-25,1,59.94,Email
O014856,C0291,P0019,2026-06-25,3,398.85,Organic
O014857,C0333,P0031,2026-06-25,1,38.12,Paid
O014858,C0620,P0030,2026-06-25,2,69.38,Referral
O014859,C0484,P0025,2026-06-25,2,77.74,Paid
O014860,C0101,P0039,2026-06-25,1,103.58,Organic
O014861,C0527,P0008,2026-06-25,2,453.06,Paid
O014862,C0021,P0004,2026-06-25,2,338.46,Paid
O014863,C0508,P0011,2026-06-25,2,62.62,Organic
O014864,C0584,P0010,2026-06-25,2,79.6,Paid
O014865,C0670,P0012,2026-06-25,1,82.02,Paid
O014866,C0127,P0011,2026-06-25,2,62.62,Paid
O014867,C0409,P0024,2026-06-25,2,224.28,Organic
O014868,C0059,P0023,2026-06-25,2,183.98,Organic
O014869,C0176,P0017,2026-06-25,2,49.36,Paid
O014870,C0500,P0019,2026-06-25,2,265.9,Organic
O014871,C0669,P0025,2026-06-25,3,116.61,Organic
O014872,C0252,P0026,2026-06-25,3,169.83,Paid
O014873,C0707,P0029,2026-06-25,3,51.9,Organic
O014874,C0746,P0038,2026-06-25,1,18.18,Paid
O014875,C0029,P0035,2026-06-25,1,88.25,Organic
O014876,C0741,P0038,2026-06-25,1,18.18,Referral
O014877,C0186,P0004,2026-06-25,2,338.46,Paid
O014878,C0294,P0003,2026-06-25,1,197.46,Organic
O014879,C0762,P0003,2026-06-25,2,394.92,Paid
O014880,C0772,P0022,2026-06-25,1,50.39,Paid
O014881,C0089,P0032,2026-06-25,1,35.42,Organic
O014882,C0223,P0040,2026-06-25,1,63.16,Email
O014883,C0686,P0037,2026-06-25,3,124.71,Email
O014884,C0280,P0006,2026-06-26,3,197.4,Email
O014885,C0167,P0001,2026-06-26,1,227.02,Organic
O014886,C0476,P0008,2026-06-26,3,679.59,Organic
O014887,C0512,P0011,2026-06-26,3,93.93,Organic
O014888,C0748,P0011,2026-06-26,1,31.31,Paid
O014889,C0497,P0039,2026-06-26,1,103.58,Referral
O014890,C0547,P0036,2026-06-26,1,72.11,Organic
O014891,C0244,P0006,2026-06-26,1,65.8,Organic
O014892,C0736,P0004,2026-06-26,2,338.46,Organic
O014893,C0291,P0008,2026-06-26,3,679.59,Referral
O014894,C0473,P0009,2026-06-26,2,118.02,Email
O014895,C0604,P0015,2026-06-26,2,91.84,Paid
O014896,C0761,P0013,2026-06-26,1,55.7,Email
O014897,C0520,P0017,2026-06-26,2,49.36,Organic
O014898,C0776,P0023,2026-06-26,3,275.97,Organic
O014899,C0537,P0028,2026-06-26,2,83.68,Paid
O014900,C0101,P0028,2026-06-26,2,83.68,Organic
O014901,C0732,P0026,2026-06-26,1,56.61,Organic
O014902,C0633,P0027,2026-06-26,2,53.46,Paid
O014903,C0224,P0039,2026-06-26,1,103.58,Email
O014904,C0305,P0033,2026-06-26,2,176.5,Paid
O014905,C0526,P0035,2026-06-26,3,264.75,Email
O014906,C0393,P0002,2026-06-26,3,556.2,Organic
O014907,C0329,P0012,2026-06-26,3,246.06,Organic
O014908,C0613,P0010,2026-06-26,3,119.4,Paid
O014909,C0276,P0012,2026-06-26,1,82.02,Organic
O014910,C0766,P0012,2026-06-26,1,82.02,Paid
O014911,C0744,P0015,2026-06-26,2,91.84,Organic
O014912,C0393,P0021,2026-06-26,1,59.94,Organic
O014913,C0677,P0020,2026-06-26,3,238.41,Email
O014914,C0735,P0019,2026-06-26,1,132.95,Organic
O014915,C0269,P0026,2026-06-26,1,56.61,Paid
O014916,C0060,P0039,2026-06-26,3,310.74,Email
O014917,C0086,P0036,2026-06-26,2,144.22,Paid
O014918,C0351,P0037,2026-06-26,2,83.14,Organic
O014919,C0784,P0039,2026-06-26,2,207.16,Paid
O014920,C0058,P0012,2026-06-26,1,82.02,Organic
O014921,C0236,P0018,2026-06-26,2,98.38,Email
O014922,C0064,P0032,2026-06-26,1,35.42,Paid
O014923,C0643,P0031,2026-06-26,3,114.36,Paid
O014924,C0398,P0038,2026-06-26,2,36.36,Organic
O014925,C0266,P0007,2026-06-27,3,510.93,Paid
O014926,C0617,P0004,2026-06-27,3,507.69,Organic
O014927,C0161,P0001,2026-06-27,1,227.02,Email
O014928,C0034,P0004,2026-06-27,1,169.23,Organic
O014929,C0795,P0008,2026-06-27,3,679.59,Organic
O014930,C0250,P0014,2026-06-27,2,46.84,Paid
O014931,C0539,P0016,2026-06-27,2,114.0,Paid
O014932,C0049,P0010,2026-06-27,2,79.6,Referral
O014933,C0532,P0009,2026-06-27,2,118.02,Email
O014934,C0414,P0013,2026-06-27,2,111.4,Email
O014935,C0283,P0010,2026-06-27,3,119.4,Referral
O014936,C0376,P0012,2026-06-27,3,246.06,Paid
O014937,C0637,P0021,2026-06-27,3,179.82,Organic
O014938,C0341,P0018,2026-06-27,2,98.38,Email
O014939,C0209,P0032,2026-06-27,1,35.42,Organic
O014940,C0748,P0033,2026-06-27,2,176.5,Organic
O014941,C0011,P0035,2026-06-27,3,264.75,Paid
O014942,C0421,P0033,2026-06-27,3,264.75,Paid
O014943,C0476,P0035,2026-06-27,3,264.75,Email
O014944,C0189,P0008,2026-06-27,3,679.59,Referral
O014945,C0676,P0016,2026-06-27,2,114.0,Referral
O014946,C0232,P0022,2026-06-27,1,50.39,Organic
O014947,C0655,P0030,2026-06-27,1,34.69,Organic
O014948,C0490,P0028,2026-06-27,1,41.84,Paid
O014949,C0018,P0031,2026-06-27,1,38.12,Organic
O014950,C0006,P0026,2026-06-27,3,169.83,Email
O014951,C0220,P0031,2026-06-27,1,38.12,Organic
O014952,C0463,P0037,2026-06-27,2,83.14,Email
O014953,C0284,P0040,2026-06-27,3,189.48,Organic
O014954,C0670,P0001,2026-06-27,2,454.04,Referral
O014955,C0741,P0008,2026-06-27,1,226.53,Paid
O014956,C0059,P0002,2026-06-27,3,556.2,Organic
O014957,C0782,P0001,2026-06-27,1,227.02,Paid
O014958,C0373,P0006,2026-06-27,3,197.4,Email
O014959,C0565,P0001,2026-06-27,3,681.06,Paid
O014960,C0264,P0009,2026-06-27,1,59.01,Paid
O014961,C0528,P0012,2026-06-27,3,246.06,Referral
O014962,C0672,P0011,2026-06-27,3,93.93,Referral
O014963,C0710,P0012,2026-06-27,1,82.02,Organic
O014964,C0051,P0017,2026-06-27,2,49.36,Organic
O014965,C0700,P0018,2026-06-27,1,49.19,Organic
O014966,C0669,P0027,2026-06-27,2,53.46,Paid
O014967,C0152,P0032,2026-06-27,1,35.42,Paid
O014968,C0176,P0035,2026-06-27,1,88.25,Organic
O014969,C0213,P0037,2026-06-27,1,41.57,Organic
O014970,C0314,P0001,2026-06-27,3,681.06,Email
O014971,C0592,P0007,2026-06-27,2,340.62,Organic
O014972,C0679,P0006,2026-06-27,1,65.8,Referral
O014973,C0515,P0016,2026-06-27,2,114.0,Paid
O014974,C0467,P0011,2026-06-27,3,93.93,Organic
O014975,C0510,P0024,2026-06-27,3,336.42,Referral
O014976,C0525,P0024,2026-06-27,3,336.42,Referral
O014977,C0425,P0023,2026-06-27,2,183.98,Paid
O014978,C0692,P0019,2026-06-27,3,398.85,Organic
O014979,C0705,P0017,2026-06-27,2,49.36,Organic
O014980,C0574,P0017,2026-06-27,2,49.36,Paid
O014981,C0103,P0027,2026-06-27,3,80.19,Paid
O014982,C0667,P0029,2026-06-27,2,34.6,Email
O014983,C0338,P0027,2026-06-27,1,26.73,Organic
O014984,C0188,P0037,2026-06-27,2,83.14,Referral
O014985,C0638,P0035,2026-06-27,1,88.25,Paid
O014986,C0785,P0037,2026-06-27,3,124.71,Paid
O014987,C0598,P0037,2026-06-27,1,41.57,Organic
O014988,C0536,P0008,2026-06-28,1,226.53,Paid
O014989,C0569,P0008,2026-06-28,3,679.59,Paid
O014990,C0112,P0004,2026-06-28,3,507.69,Organic
O014991,C0112,P0014,2026-06-28,2,46.84,Referral
O014992,C0253,P0010,2026-06-28,3,119.4,Paid
O014993,C0603,P0015,2026-06-28,3,137.76,Paid
O014994,C0396,P0022,2026-06-28,2,100.78,Paid
O014995,C0279,P0019,2026-06-28,2,265.9,Email
O014996,C0353,P0023,2026-06-28,1,91.99,Organic
O014997,C0353,P0017,2026-06-28,3,74.04,Organic
O014998,C0190,P0020,2026-06-28,1,79.47,Paid
O014999,C0607,P0031,2026-06-28,2,76.24,Email
O015000,C0794,P0026,2026-06-28,1,56.61,Paid
O015001,C0118,P0027,2026-06-28,2,53.46,Organic
O015002,C0250,P0028,2026-06-28,1,41.84,Paid
O015003,C0631,P0040,2026-06-28,2,126.32,Referral
O015004,C0218,P0007,2026-06-28,2,340.62,Organic
O015005,C0295,P0003,2026-06-28,2,394.92,Paid
O015006,C0771,P0006,2026-06-28,2,131.6,Paid
O015007,C0633,P0016,2026-06-28,1,57.0,Email
O015008,C0043,P0012,2026-06-28,3,246.06,Organic
O015009,C0244,P0018,2026-06-28,2,98.38,Referral
O015010,C0257,P0023,2026-06-28,1,91.99,Email
O015011,C0151,P0019,2026-06-28,1,132.95,Referral
O015012,C0121,P0020,2026-06-28,1,79.47,Organic
O015013,C0487,P0023,2026-06-28,1,91.99,Organic
O015014,C0590,P0022,2026-06-28,2,100.78,Paid
O015015,C0521,P0026,2026-06-28,2,113.22,Organic
O015016,C0651,P0030,2026-06-28,1,34.69,Organic
O015017,C0292,P0032,2026-06-28,2,70.84,Paid
O015018,C0391,P0029,2026-06-28,3,51.9,Paid
O015019,C0281,P0027,2026-06-28,2,53.46,Email
O015020,C0590,P0029,2026-06-28,1,17.3,Paid
O015021,C0722,P0037,2026-06-28,1,41.57,Organic
O015022,C0308,P0040,2026-06-28,1,63.16,Paid
O015023,C0040,P0033,2026-06-28,1,88.25,Organic
O015024,C0791,P0040,2026-06-28,3,189.48,Paid
O015025,C0422,P0006,2026-06-28,1,65.8,Email
O015026,C0528,P0003,2026-06-28,1,197.46,Organic
O015027,C0694,P0014,2026-06-28,1,23.42,Paid
O015028,C0431,P0016,2026-06-28,3,171.0,Referral
O015029,C0255,P0016,2026-06-28,3,171.0,Email
O015030,C0754,P0012,2026-06-28,1,82.02,Organic
O015031,C0021,P0019,2026-06-28,2,265.9,Email
O015032,C0443,P0019,2026-06-28,2,265.9,Organic
O015033,C0563,P0024,2026-06-28,3,336.42,Organic
O015034,C0665,P0020,2026-06-28,2,158.94,Email
O015035,C0661,P0017,2026-06-28,3,74.04,Paid
O015036,C0451,P0020,2026-06-28,2,158.94,Email
O015037,C0719,P0025,2026-06-28,3,116.61,Paid
O015038,C0060,P0032,2026-06-28,3,106.26,Organic
O015039,C0339,P0039,2026-06-28,1,103.58,Organic
O015040,C0252,P0037,2026-06-28,3,124.71,Email
O015041,C0017,P0040,2026-06-28,1,63.16,Referral
O015042,C0477,P0040,2026-06-28,2,126.32,Organic
O015043,C0519,P0008,2026-06-28,1,226.53,Paid
O015044,C0036,P0002,2026-06-28,2,370.8,Referral
O015045,C0546,P0007,2026-06-28,3,510.93,Paid
O015046,C0237,P0007,2026-06-28,3,510.93,Organic
O015047,C0554,P0008,2026-06-28,1,226.53,Organic
O015048,C0646,P0006,2026-06-28,1,65.8,Paid
O015049,C0050,P0009,2026-06-28,2,118.02,Referral
O015050,C0757,P0011,2026-06-28,3,93.93,Organic
O015051,C0290,P0011,2026-06-28,3,93.93,Organic
O015052,C0036,P0024,2026-06-28,2,224.28,Email
O015053,C0210,P0026,2026-06-28,1,56.61,Paid
O015054,C0681,P0027,2026-06-28,3,80.19,Email
O015055,C0688,P0025,2026-06-28,3,116.61,Paid
O015056,C0685,P0026,2026-06-28,3,169.83,Organic
O015057,C0461,P0027,2026-06-28,2,53.46,Paid
O015058,C0135,P0033,2026-06-28,3,264.75,Organic
O015059,C0542,P0033,2026-06-28,3,264.75,Referral
O015060,C0267,P0039,2026-06-28,2,207.16,Organic
O015061,C0036,P0034,2026-06-28,1,58.68,Organic
O015062,C0467,P0039,2026-06-28,2,207.16,Organic
O015063,C0300,P0033,2026-06-28,1,88.25,Organic
O015064,C0440,P0002,2026-06-29,3,556.2,Email
O015065,C0048,P0012,2026-06-29,3,246.06,Organic
O015066,C0654,P0015,2026-06-29,1,45.92,Paid
O015067,C0142,P0017,2026-06-29,2,49.36,Paid
O015068,C0507,P0022,2026-06-29,1,50.39,Organic
O015069,C0468,P0020,2026-06-29,3,238.41,Referral
O015070,C0330,P0017,2026-06-29,2,49.36,Organic
O015071,C0110,P0028,2026-06-29,2,83.68,Organic
O015072,C0539,P0028,2026-06-29,2,83.68,Referral
O015073,C0067,P0002,2026-06-29,1,185.4,Organic
O015074,C0651,P0001,2026-06-29,2,454.04,Email
O015075,C0261,P0001,2026-06-29,1,227.02,Organic
O015076,C0287,P0006,2026-06-29,3,197.4,Email
O015077,C0212,P0014,2026-06-29,3,70.26,Paid
O015078,C0099,P0024,2026-06-29,2,224.28,Referral
O015079,C0281,P0024,2026-06-29,3,336.42,Organic
O015080,C0295,P0025,2026-06-29,1,38.87,Paid
O015081,C0218,P0039,2026-06-29,1,103.58,Email
O015082,C0271,P0040,2026-06-29,2,126.32,Email
O015083,C0632,P0039,2026-06-29,1,103.58,Organic
O015084,C0578,P0037,2026-06-29,3,124.71,Referral
O015085,C0739,P0008,2026-06-29,2,453.06,Email
O015086,C0669,P0001,2026-06-29,3,681.06,Paid
O015087,C0240,P0003,2026-06-29,1,197.46,Email
O015088,C0351,P0005,2026-06-29,2,691.38,Paid
O015089,C0392,P0001,2026-06-29,1,227.02,Organic
O015090,C0639,P0021,2026-06-29,2,119.88,Email
O015091,C0702,P0019,2026-06-29,1,132.95,Email
O015092,C0647,P0018,2026-06-29,1,49.19,Organic
O015093,C0449,P0019,2026-06-29,3,398.85,Organic
O015094,C0719,P0032,2026-06-29,2,70.84,Email
O015095,C0766,P0031,2026-06-29,2,76.24,Paid
O015096,C0788,P0026,2026-06-29,2,113.22,Paid
O015097,C0217,P0034,2026-06-29,1,58.68,Email
O015098,C0452,P0040,2026-06-29,2,126.32,Organic
O015099,C0506,P0039,2026-06-29,3,310.74,Organic
O015100,C0130,P0038,2026-06-29,2,36.36,Organic
O015101,C0144,P0035,2026-06-29,1,88.25,Organic
O015102,C0672,P0036,2026-06-29,1,72.11,Organic
O015103,C0598,P0001,2026-06-29,3,681.06,Referral
O015104,C0073,P0004,2026-06-29,2,338.46,Paid
O015105,C0671,P0011,2026-06-29,1,31.31,Referral
O015106,C0206,P0014,2026-06-29,2,46.84,Organic
O015107,C0734,P0012,2026-06-29,2,164.04,Email
O015108,C0160,P0014,2026-06-29,2,46.84,Organic
O015109,C0681,P0023,2026-06-29,2,183.98,Organic
O015110,C0103,P0017,2026-06-29,1,24.68,Organic
O015111,C0686,P0020,2026-06-29,3,238.41,Referral
O015112,C0066,P0023,2026-06-29,2,183.98,Paid
O015113,C0054,P0025,2026-06-29,1,38.87,Organic
O015114,C0116,P0036,2026-06-29,2,144.22,Organic
O015115,C0785,P0040,2026-06-29,3,189.48,Paid
O015116,C0569,P0005,2026-06-30,1,345.69,Organic
O015117,C0319,P0010,2026-06-30,1,39.8,Organic
O015118,C0142,P0009,2026-06-30,1,59.01,Referral
O015119,C0030,P0024,2026-06-30,2,224.28,Paid
O015120,C0335,P0017,2026-06-30,1,24.68,Organic
O015121,C0794,P0029,2026-06-30,2,34.6,Organic
O015122,C0696,P0027,2026-06-30,2,53.46,Referral
O015123,C0096,P0008,2026-06-30,3,679.59,Organic
O015124,C0615,P0006,2026-06-30,3,197.4,Paid
O015125,C0311,P0006,2026-06-30,2,131.6,Paid
O015126,C0320,P0002,2026-06-30,2,370.8,Email
O015127,C0189,P0015,2026-06-30,3,137.76,Paid
O015128,C0544,P0010,2026-06-30,3,119.4,Organic
O015129,C0437,P0012,2026-06-30,2,164.04,Organic
O015130,C0611,P0014,2026-06-30,2,46.84,Email
O015131,C0299,P0012,2026-06-30,2,164.04,Paid
O015132,C0119,P0023,2026-06-30,3,275.97,Organic
O015133,C0286,P0026,2026-06-30,2,113.22,Organic
O015134,C0189,P0032,2026-06-30,3,106.26,Organic
O015135,C0668,P0025,2026-06-30,2,77.74,Paid
O015136,C0137,P0006,2026-06-30,2,131.6,Organic
O015137,C0252,P0004,2026-06-30,1,169.23,Email
O015138,C0173,P0007,2026-06-30,3,510.93,Organic
O015139,C0449,P0012,2026-06-30,2,164.04,Paid
O015140,C0568,P0015,2026-06-30,1,45.92,Email
O015141,C0269,P0016,2026-06-30,2,114.0,Paid
O015142,C0438,P0016,2026-06-30,2,114.0,Paid
O015143,C0351,P0017,2026-06-30,2,49.36,Email
O015144,C0452,P0023,2026-06-30,3,275.97,Organic
O015145,C0388,P0017,2026-06-30,1,24.68,Referral
O015146,C0155,P0031,2026-06-30,2,76.24,Email
O015147,C0012,P0029,2026-06-30,2,34.6,Paid
O015148,C0144,P0030,2026-06-30,1,34.69,Paid
O015149,C0534,P0030,2026-06-30,2,69.38,Organic
O015150,C0661,P0027,2026-06-30,3,80.19,Email
O015151,C0389,P0026,2026-06-30,2,113.22,Paid
O015152,C0700,P0037,2026-06-30,2,83.14,Organic
O015153,C0032,P0034,2026-06-30,2,117.36,Organic
O015154,C0273,P0005,2026-06-30,2,691.38,Paid
O015155,C0327,P0005,2026-06-30,2,691.38,Organic
O015156,C0022,P0005,2026-06-30,1,345.69,Email
O015157,C0272,P0011,2026-06-30,1,31.31,Organic
O015158,C0182,P0009,2026-06-30,2,118.02,Organic
O015159,C0036,P0010,2026-06-30,1,39.8,Referral
O015160,C0013,P0023,2026-06-30,2,183.98,Organic
O015161,C0156,P0018,2026-06-30,1,49.19,Paid
O015162,C0365,P0021,2026-06-30,3,179.82,Organic
O015163,C0079,P0030,2026-06-30,1,34.69,Organic
O015164,C0542,P0026,2026-06-30,3,169.83,Email
O015165,C0519,P0025,2026-06-30,3,116.61,Organic
O015166,C0124,P0036,2026-06-30,2,144.22,Email
O015167,C0075,P0005,2026-07-01,2,691.38,Paid
O015168,C0002,P0012,2026-07-01,1,82.02,Organic
O015169,C0512,P0011,2026-07-01,1,31.31,Organic
O015170,C0460,P0023,2026-07-01,2,183.98,Organic
O015171,C0289,P0019,2026-07-01,1,132.95,Organic
O015172,C0468,P0029,2026-07-01,3,51.9,Organic
O015173,C0774,P0035,2026-07-01,1,88.25,Organic
O015174,C0654,P0035,2026-07-01,2,176.5,Email
O015175,C0238,P0016,2026-07-01,2,114.0,Organic
O015176,C0728,P0009,2026-07-01,1,59.01,Organic
O015177,C0410,P0018,2026-07-01,1,49.19,Organic
O015178,C0026,P0019,2026-07-01,3,398.85,Email
O015179,C0799,P0024,2026-07-01,2,224.28,Organic
O015180,C0604,P0022,2026-07-01,1,50.39,Referral
O015181,C0743,P0025,2026-07-01,3,116.61,Organic
O015182,C0099,P0025,2026-07-01,3,116.61,Organic
O015183,C0470,P0039,2026-07-01,1,103.58,Email
O015184,C0246,P0038,2026-07-01,3,54.54,Email
O015185,C0503,P0007,2026-07-01,1,170.31,Paid
O015186,C0518,P0014,2026-07-01,3,70.26,Organic
O015187,C0601,P0011,2026-07-01,3,93.93,Referral
O015188,C0144,P0010,2026-07-01,2,79.6,Organic
O015189,C0756,P0015,2026-07-01,1,45.92,Organic
O015190,C0711,P0010,2026-07-01,3,119.4,Organic
O015191,C0562,P0018,2026-07-01,2,98.38,Organic
O015192,C0407,P0025,2026-07-01,3,116.61,Email
O015193,C0636,P0027,2026-07-01,1,26.73,Email
O015194,C0318,P0026,2026-07-01,3,169.83,Referral
O015195,C0522,P0039,2026-07-01,2,207.16,Referral
O015196,C0107,P0037,2026-07-01,1,41.57,Paid
O015197,C0184,P0040,2026-07-01,3,189.48,Paid
O015198,C0036,P0015,2026-07-01,3,137.76,Referral
O015199,C0197,P0020,2026-07-01,3,238.41,Organic
O015200,C0645,P0019,2026-07-01,1,132.95,Organic
O015201,C0089,P0027,2026-07-01,3,80.19,Paid
O015202,C0400,P0028,2026-07-01,1,41.84,Email
O015203,C0367,P0025,2026-07-01,3,116.61,Paid
O015204,C0061,P0031,2026-07-01,3,114.36,Organic
O015205,C0122,P0031,2026-07-01,2,76.24,Paid
O015206,C0482,P0031,2026-07-01,3,114.36,Organic
O015207,C0124,P0037,2026-07-01,3,124.71,Organic
O015208,C0197,P0039,2026-07-01,2,207.16,Paid
O015209,C0446,P0001,2026-07-02,2,454.04,Paid
O015210,C0034,P0003,2026-07-02,3,592.38,Organic
O015211,C0607,P0016,2026-07-02,2,114.0,Email
O015212,C0019,P0016,2026-07-02,2,114.0,Organic
O015213,C0334,P0010,2026-07-02,1,39.8,Organic
O015214,C0512,P0014,2026-07-02,1,23.42,Email
O015215,C0262,P0012,2026-07-02,3,246.06,Email
O015216,C0011,P0024,2026-07-02,3,336.42,Organic
O015217,C0190,P0022,2026-07-02,3,151.17,Organic
O015218,C0749,P0028,2026-07-02,2,83.68,Organic
O015219,C0631,P0025,2026-07-02,3,116.61,Paid
O015220,C0011,P0039,2026-07-02,1,103.58,Organic
O015221,C0205,P0036,2026-07-02,2,144.22,Organic
O015222,C0178,P0036,2026-07-02,3,216.33,Paid
O015223,C0298,P0004,2026-07-02,2,338.46,Email
O015224,C0321,P0001,2026-07-02,3,681.06,Organic
O015225,C0570,P0013,2026-07-02,1,55.7,Organic
O015226,C0232,P0016,2026-07-02,2,114.0,Referral
O015227,C0586,P0009,2026-07-02,3,177.03,Organic
O015228,C0271,P0011,2026-07-02,1,31.31,Organic
O015229,C0487,P0023,2026-07-02,3,275.97,Organic
O015230,C0491,P0025,2026-07-02,2,77.74,Email
O015231,C0281,P0032,2026-07-02,1,35.42,Organic
O015232,C0768,P0025,2026-07-02,3,116.61,Organic
O015233,C0491,P0036,2026-07-02,3,216.33,Paid
O015234,C0454,P0033,2026-07-02,2,176.5,Paid
O015235,C0312,P0038,2026-07-02,1,18.18,Organic
O015236,C0059,P0001,2026-07-02,2,454.04,Organic
O015237,C0207,P0007,2026-07-02,3,510.93,Email
O015238,C0438,P0007,2026-07-02,2,340.62,Organic
O015239,C0154,P0004,2026-07-02,1,169.23,Organic
O015240,C0227,P0003,2026-07-02,3,592.38,Email
O015241,C0613,P0004,2026-07-02,1,169.23,Referral
O015242,C0653,P0011,2026-07-02,2,62.62,Paid
O015243,C0408,P0015,2026-07-02,1,45.92,Email
O015244,C0407,P0012,2026-07-02,1,82.02,Organic
O015245,C0059,P0022,2026-07-02,2,100.78,Organic
O015246,C0450,P0022,2026-07-02,1,50.39,Organic
O015247,C0616,P0028,2026-07-02,3,125.52,Organic
O015248,C0329,P0035,2026-07-02,3,264.75,Organic
O015249,C0452,P0033,2026-07-02,3,264.75,Referral
O015250,C0318,P0033,2026-07-02,1,88.25,Paid
O015251,C0793,P0006,2026-07-02,2,131.6,Organic
O015252,C0327,P0006,2026-07-02,1,65.8,Organic
O015253,C0016,P0015,2026-07-02,3,137.76,Referral
O015254,C0153,P0009,2026-07-02,2,118.02,Paid
O015255,C0027,P0012,2026-07-02,2,164.04,Paid
O015256,C0352,P0016,2026-07-02,1,57.0,Paid
O015257,C0645,P0030,2026-07-02,2,69.38,Organic
O015258,C0228,P0035,2026-07-02,3,264.75,Organic
O015259,C0214,P0039,2026-07-02,2,207.16,Email
O015260,C0161,P0008,2026-07-03,3,679.59,Organic
O015261,C0376,P0005,2026-07-03,1,345.69,Organic
O015262,C0680,P0005,2026-07-03,3,1037.07,Organic
O015263,C0330,P0018,2026-07-03,2,98.38,Referral
O015264,C0046,P0034,2026-07-03,3,176.04,Email
O015265,C0311,P0007,2026-07-03,2,340.62,Organic
O015266,C0666,P0012,2026-07-03,2,164.04,Organic
O015267,C0632,P0010,2026-07-03,1,39.8,Email
O015268,C0608,P0021,2026-07-03,1,59.94,Organic
O015269,C0767,P0021,2026-07-03,3,179.82,Paid
O015270,C0180,P0024,2026-07-03,1,112.14,Paid
O015271,C0463,P0023,2026-07-03,3,275.97,Paid
O015272,C0437,P0031,2026-07-03,1,38.12,Referral
O015273,C0521,P0028,2026-07-03,1,41.84,Organic
O015274,C0121,P0034,2026-07-03,2,117.36,Paid
O015275,C0114,P0007,2026-07-03,2,340.62,Organic
O015276,C0613,P0006,2026-07-03,1,65.8,Email
O015277,C0713,P0012,2026-07-03,1,82.02,Paid
O015278,C0506,P0011,2026-07-03,2,62.62,Organic
O015279,C0523,P0028,2026-07-03,3,125.52,Paid
O015280,C0408,P0031,2026-07-03,3,114.36,Organic
O015281,C0709,P0036,2026-07-03,2,144.22,Organic
O015282,C0107,P0035,2026-07-03,3,264.75,Paid
O015283,C0724,P0040,2026-07-03,2,126.32,Paid
O015284,C0066,P0001,2026-07-03,1,227.02,Organic
O015285,C0290,P0016,2026-07-03,2,114.0,Organic
O015286,C0785,P0013,2026-07-03,3,167.1,Organic
O015287,C0515,P0010,2026-07-03,3,119.4,Organic
O015288,C0183,P0018,2026-07-03,3,147.57,Email
O015289,C0366,P0030,2026-07-03,3,104.07,Paid
O015290,C0234,P0032,2026-07-03,3,106.26,Paid
O015291,C0210,P0027,2026-07-03,3,80.19,Organic
O015292,C0387,P0036,2026-07-03,1,72.11,Email
O015293,C0466,P0036,2026-07-03,3,216.33,Paid
O015294,C0265,P0038,2026-07-03,2,36.36,Email
O015295,C0183,P0037,2026-07-03,3,124.71,Organic
O015296,C0646,P0034,2026-07-03,3,176.04,Referral
O015297,C0289,P0005,2026-07-04,3,1037.07,Paid
O015298,C0289,P0006,2026-07-04,1,65.8,Organic
O015299,C0680,P0011,2026-07-04,1,31.31,Organic
O015300,C0248,P0011,2026-07-04,2,62.62,Organic
O015301,C0201,P0014,2026-07-04,1,23.42,Organic
O015302,C0205,P0009,2026-07-04,3,177.03,Organic
O015303,C0591,P0011,2026-07-04,2,62.62,Organic
O015304,C0495,P0011,2026-07-04,2,62.62,Email
O015305,C0297,P0016,2026-07-04,3,171.0,Email
O015306,C0346,P0019,2026-07-04,1,132.95,Email
O015307,C0328,P0017,2026-07-04,3,74.04,Paid
O015308,C0019,P0018,2026-07-04,2,98.38,Paid
O015309,C0406,P0023,2026-07-04,2,183.98,Organic
O015310,C0512,P0030,2026-07-04,1,34.69,Organic
O015311,C0190,P0032,2026-07-04,3,106.26,Organic
O015312,C0019,P0037,2026-07-04,3,124.71,Paid
O015313,C0034,P0040,2026-07-04,1,63.16,Email
O015314,C0597,P0036,2026-07-04,2,144.22,Organic
O015315,C0796,P0040,2026-07-04,2,126.32,Email
O015316,C0776,P0002,2026-07-04,1,185.4,Organic
O015317,C0682,P0006,2026-07-04,2,131.6,Referral
O015318,C0513,P0002,2026-07-04,3,556.2,Organic
O015319,C0764,P0013,2026-07-04,1,55.7,Paid
O015320,C0620,P0013,2026-07-04,1,55.7,Paid
O015321,C0202,P0010,2026-07-04,3,119.4,Referral
O015322,C0463,P0024,2026-07-04,1,112.14,Organic
O015323,C0715,P0024,2026-07-04,2,224.28,Email
O015324,C0317,P0030,2026-07-04,2,69.38,Organic
O015325,C0350,P0031,2026-07-04,1,38.12,Paid
O015326,C0097,P0029,2026-07-04,3,51.9,Paid
O015327,C0093,P0031,2026-07-04,2,76.24,Paid
O015328,C0781,P0030,2026-07-04,3,104.07,Organic
O015329,C0195,P0029,2026-07-04,3,51.9,Referral
O015330,C0633,P0034,2026-07-04,3,176.04,Organic
O015331,C0291,P0035,2026-07-04,2,176.5,Paid
O015332,C0615,P0033,2026-07-04,2,176.5,Organic
O015333,C0534,P0003,2026-07-04,3,592.38,Organic
O015334,C0033,P0009,2026-07-04,3,177.03,Referral
O015335,C0747,P0013,2026-07-04,2,111.4,Organic
O015336,C0240,P0012,2026-07-04,1,82.02,Paid
O015337,C0766,P0019,2026-07-04,2,265.9,Organic
O015338,C0179,P0017,2026-07-04,1,24.68,Email
O015339,C0199,P0021,2026-07-04,1,59.94,Paid
O015340,C0148,P0028,2026-07-04,1,41.84,Organic
O015341,C0100,P0028,2026-07-04,2,83.68,Organic
O015342,C0106,P0025,2026-07-04,1,38.87,Organic
O015343,C0086,P0031,2026-07-04,2,76.24,Organic
O015344,C0095,P0027,2026-07-04,1,26.73,Paid
O015345,C0108,P0026,2026-07-04,2,113.22,Paid
O015346,C0589,P0030,2026-07-04,3,104.07,Paid
O015347,C0710,P0028,2026-07-04,2,83.68,Paid
O015348,C0154,P0038,2026-07-04,1,18.18,Organic
O015349,C0721,P0037,2026-07-04,1,41.57,Paid
O015350,C0103,P0006,2026-07-04,1,65.8,Organic
O015351,C0285,P0007,2026-07-04,1,170.31,Referral
O015352,C0223,P0002,2026-07-04,2,370.8,Organic
O015353,C0314,P0008,2026-07-04,3,679.59,Referral
O015354,C0688,P0012,2026-07-04,2,164.04,Paid
O015355,C0116,P0023,2026-07-04,1,91.99,Organic
O015356,C0074,P0024,2026-07-04,1,112.14,Paid
O015357,C0592,P0021,2026-07-04,3,179.82,Organic
O015358,C0581,P0019,2026-07-04,3,398.85,Email
O015359,C0272,P0023,2026-07-04,2,183.98,Email
O015360,C0273,P0031,2026-07-04,2,76.24,Email
O015361,C0574,P0028,2026-07-04,3,125.52,Organic
O015362,C0592,P0039,2026-07-04,3,310.74,Organic
O015363,C0800,P0034,2026-07-04,2,117.36,Referral
O015364,C0757,P0034,2026-07-04,2,117.36,Paid
O015365,C0681,P0036,2026-07-04,3,216.33,Paid
O015366,C0164,P0040,2026-07-04,2,126.32,Organic
O015367,C0142,P0006,2026-07-05,1,65.8,Paid
O015368,C0552,P0008,2026-07-05,1,226.53,Email
O015369,C0432,P0008,2026-07-05,2,453.06,Organic
O015370,C0708,P0010,2026-07-05,3,119.4,Paid
O015371,C0532,P0019,2026-07-05,3,398.85,Organic
O015372,C0297,P0031,2026-07-05,1,38.12,Organic
O015373,C0691,P0026,2026-07-05,2,113.22,Organic
O015374,C0432,P0030,2026-07-05,1,34.69,Paid
O015375,C0319,P0031,2026-07-05,3,114.36,Paid
O015376,C0335,P0027,2026-07-05,2,53.46,Paid
O015377,C0007,P0039,2026-07-05,1,103.58,Paid
O015378,C0476,P0040,2026-07-05,2,126.32,Organic
O015379,C0076,P0033,2026-07-05,3,264.75,Organic
O015380,C0098,P0004,2026-07-05,3,507.69,Paid
O015381,C0570,P0005,2026-07-05,3,1037.07,Organic
O015382,C0232,P0007,2026-07-05,3,510.93,Organic
O015383,C0180,P0007,2026-07-05,3,510.93,Organic
O015384,C0470,P0002,2026-07-05,3,556.2,Organic
O015385,C0097,P0017,2026-07-05,3,74.04,Organic
O015386,C0722,P0019,2026-07-05,1,132.95,Paid
O015387,C0242,P0029,2026-07-05,1,17.3,Organic
O015388,C0737,P0039,2026-07-05,3,310.74,Paid
O015389,C0088,P0034,2026-07-05,3,176.04,Organic
O015390,C0101,P0035,2026-07-05,3,264.75,Organic
O015391,C0437,P0040,2026-07-05,2,126.32,Referral
O015392,C0200,P0039,2026-07-05,3,310.74,Organic
O015393,C0450,P0007,2026-07-05,1,170.31,Organic
O015394,C0315,P0007,2026-07-05,1,170.31,Paid
O015395,C0665,P0002,2026-07-05,3,556.2,Email
O015396,C0508,P0013,2026-07-05,3,167.1,Paid
O015397,C0683,P0013,2026-07-05,3,167.1,Paid
O015398,C0010,P0013,2026-07-05,1,55.7,Organic
O015399,C0670,P0009,2026-07-05,2,118.02,Paid
O015400,C0032,P0012,2026-07-05,2,164.04,Organic
O015401,C0029,P0015,2026-07-05,2,91.84,Organic
O015402,C0496,P0017,2026-07-05,3,74.04,Referral
O015403,C0345,P0027,2026-07-05,1,26.73,Paid
O015404,C0449,P0025,2026-07-05,1,38.87,Organic
O015405,C0144,P0029,2026-07-05,3,51.9,Paid
O015406,C0670,P0031,2026-07-05,1,38.12,Paid
O015407,C0339,P0030,2026-07-05,3,104.07,Organic
O015408,C0412,P0032,2026-07-05,2,70.84,Organic
O015409,C0381,P0035,2026-07-05,3,264.75,Email
O015410,C0239,P0038,2026-07-05,1,18.18,Paid
O015411,C0784,P0039,2026-07-05,2,207.16,Paid
O015412,C0278,P0002,2026-07-05,2,370.8,Paid
O015413,C0435,P0002,2026-07-05,3,556.2,Referral
O015414,C0234,P0001,2026-07-05,1,227.02,Paid
O015415,C0541,P0005,2026-07-05,3,1037.07,Referral
O015416,C0073,P0004,2026-07-05,3,507.69,Paid
O015417,C0695,P0004,2026-07-05,2,338.46,Paid
O015418,C0542,P0011,2026-07-05,2,62.62,Organic
O015419,C0757,P0014,2026-07-05,2,46.84,Organic
O015420,C0650,P0015,2026-07-05,1,45.92,Organic
O015421,C0462,P0015,2026-07-05,3,137.76,Organic
O015422,C0560,P0023,2026-07-05,1,91.99,Paid
O015423,C0327,P0025,2026-07-05,3,116.61,Organic
O015424,C0358,P0030,2026-07-05,3,104.07,Organic
O015425,C0214,P0027,2026-07-05,1,26.73,Organic
O015426,C0467,P0030,2026-07-05,1,34.69,Organic
O015427,C0649,P0036,2026-07-05,2,144.22,Paid
O015428,C0718,P0037,2026-07-05,2,83.14,Organic
O015429,C0044,P0005,2026-07-06,3,1037.07,Organic
O015430,C0468,P0021,2026-07-06,3,179.82,Referral
O015431,C0474,P0020,2026-07-06,2,158.94,Organic
O015432,C0795,P0021,2026-07-06,3,179.82,Referral
O015433,C0675,P0020,2026-07-06,1,79.47,Paid
O015434,C0602,P0020,2026-07-06,1,79.47,Organic
O015435,C0778,P0038,2026-07-06,2,36.36,Referral
O015436,C0085,P0037,2026-07-06,1,41.57,Organic
O015437,C0442,P0035,2026-07-06,1,88.25,Referral
O015438,C0640,P0006,2026-07-06,2,131.6,Organic
O015439,C0586,P0003,2026-07-06,2,394.92,Organic
O015440,C0257,P0004,2026-07-06,3,507.69,Referral
O015441,C0629,P0024,2026-07-06,2,224.28,Paid
O015442,C0633,P0026,2026-07-06,2,113.22,Paid
O015443,C0549,P0030,2026-07-06,3,104.07,Referral
O015444,C0311,P0026,2026-07-06,1,56.61,Organic
O015445,C0799,P0036,2026-07-06,1,72.11,Paid
O015446,C0163,P0006,2026-07-06,3,197.4,Paid
O015447,C0496,P0008,2026-07-06,2,453.06,Paid
O015448,C0647,P0008,2026-07-06,2,453.06,Paid
O015449,C0797,P0013,2026-07-06,1,55.7,Referral
O015450,C0276,P0016,2026-07-06,3,171.0,Paid
O015451,C0155,P0012,2026-07-06,2,164.04,Organic
O015452,C0562,P0012,2026-07-06,3,246.06,Organic
O015453,C0647,P0014,2026-07-06,2,46.84,Organic
O015454,C0449,P0010,2026-07-06,3,119.4,Organic
O015455,C0434,P0022,2026-07-06,2,100.78,Email
O015456,C0672,P0032,2026-07-06,1,35.42,Paid
O015457,C0750,P0033,2026-07-06,3,264.75,Organic
O015458,C0647,P0033,2026-07-06,2,176.5,Referral
O015459,C0750,P0039,2026-07-06,1,103.58,Email
O015460,C0467,P0006,2026-07-06,2,131.6,Organic
O015461,C0236,P0002,2026-07-06,3,556.2,Organic
O015462,C0182,P0006,2026-07-06,3,197.4,Organic
O015463,C0058,P0015,2026-07-06,1,45.92,Organic
O015464,C0485,P0022,2026-07-06,2,100.78,Organic
O015465,C0058,P0017,2026-07-06,3,74.04,Email
O015466,C0204,P0028,2026-07-06,1,41.84,Organic
O015467,C0567,P0026,2026-07-06,2,113.22,Organic
O015468,C0368,P0026,2026-07-06,3,169.83,Paid
O015469,C0402,P0030,2026-07-06,2,69.38,Organic
O015470,C0197,P0026,2026-07-06,2,113.22,Paid
O015471,C0054,P0026,2026-07-06,3,169.83,Referral
O015472,C0028,P0037,2026-07-06,2,83.14,Referral
O015473,C0197,P0035,2026-07-06,1,88.25,Paid
O015474,C0695,P0038,2026-07-06,3,54.54,Organic
O015475,C0263,P0003,2026-07-07,3,592.38,Organic
O015476,C0708,P0013,2026-07-07,2,111.4,Organic
O015477,C0048,P0014,2026-07-07,1,23.42,Referral
O015478,C0297,P0009,2026-07-07,2,118.02,Email
O015479,C0495,P0013,2026-07-07,2,111.4,Organic
O015480,C0675,P0012,2026-07-07,2,164.04,Email
O015481,C0774,P0024,2026-07-07,3,336.42,Organic
O015482,C0085,P0022,2026-07-07,2,100.78,Referral
O015483,C0474,P0023,2026-07-07,3,275.97,Paid
O015484,C0303,P0029,2026-07-07,1,17.3,Organic
O015485,C0678,P0025,2026-07-07,2,77.74,Email
O015486,C0456,P0040,2026-07-07,1,63.16,Email
O015487,C0795,P0038,2026-07-07,2,36.36,Paid
O015488,C0401,P0037,2026-07-07,3,124.71,Email
O015489,C0780,P0004,2026-07-07,3,507.69,Organic
O015490,C0158,P0009,2026-07-07,2,118.02,Email
O015491,C0298,P0021,2026-07-07,2,119.88,Organic
O015492,C0277,P0019,2026-07-07,1,132.95,Referral
O015493,C0564,P0029,2026-07-07,3,51.9,Paid
O015494,C0611,P0026,2026-07-07,1,56.61,Organic
O015495,C0575,P0032,2026-07-07,1,35.42,Email
O015496,C0666,P0040,2026-07-07,2,126.32,Paid
O015497,C0644,P0033,2026-07-07,3,264.75,Referral
O015498,C0143,P0035,2026-07-07,2,176.5,Paid
O015499,C0084,P0003,2026-07-07,1,197.46,Organic
O015500,C0613,P0006,2026-07-07,1,65.8,Organic
O015501,C0339,P0027,2026-07-07,1,26.73,Referral
O015502,C0373,P0031,2026-07-07,3,114.36,Organic
O015503,C0155,P0027,2026-07-07,3,80.19,Organic
O015504,C0636,P0033,2026-07-07,2,176.5,Organic
O015505,C0032,P0037,2026-07-07,3,124.71,Paid
O015506,C0635,P0040,2026-07-07,1,63.16,Organic
O015507,C0358,P0009,2026-07-07,1,59.01,Referral
O015508,C0014,P0010,2026-07-07,1,39.8,Organic
O015509,C0734,P0011,2026-07-07,2,62.62,Paid
O015510,C0343,P0017,2026-07-07,2,49.36,Paid
O015511,C0300,P0032,2026-07-07,3,106.26,Organic
O015512,C0598,P0037,2026-07-07,2,83.14,Organic
O015513,C0705,P0035,2026-07-07,1,88.25,Organic
O015514,C0031,P0033,2026-07-07,2,176.5,Email
O015515,C0514,P0040,2026-07-07,1,63.16,Paid
O015516,C0459,P0037,2026-07-07,2,83.14,Paid
O015517,C0044,P0019,2026-07-08,2,265.9,Email
O015518,C0354,P0019,2026-07-08,2,265.9,Organic
O015519,C0082,P0025,2026-07-08,1,38.87,Organic
O015520,C0442,P0027,2026-07-08,2,53.46,Paid
O015521,C0498,P0039,2026-07-08,3,310.74,Organic
O015522,C0120,P0038,2026-07-08,1,18.18,Referral
O015523,C0447,P0001,2026-07-08,3,681.06,Referral
O015524,C0380,P0008,2026-07-08,1,226.53,Organic
O015525,C0526,P0019,2026-07-08,1,132.95,Organic
O015526,C0232,P0026,2026-07-08,2,113.22,Organic
O015527,C0220,P0027,2026-07-08,3,80.19,Organic
O015528,C0129,P0029,2026-07-08,1,17.3,Organic
O015529,C0399,P0038,2026-07-08,1,18.18,Organic
O015530,C0586,P0038,2026-07-08,2,36.36,Organic
O015531,C0668,P0037,2026-07-08,2,83.14,Email
O015532,C0077,P0007,2026-07-08,3,510.93,Email
O015533,C0144,P0003,2026-07-08,3,592.38,Paid
O015534,C0727,P0006,2026-07-08,3,197.4,Organic
O015535,C0239,P0006,2026-07-08,1,65.8,Organic
O015536,C0015,P0002,2026-07-08,3,556.2,Organic
O015537,C0154,P0014,2026-07-08,3,70.26,Referral
O015538,C0385,P0015,2026-07-08,3,137.76,Organic
O015539,C0392,P0022,2026-07-08,2,100.78,Paid
O015540,C0741,P0020,2026-07-08,3,238.41,Referral
O015541,C0021,P0017,2026-07-08,2,49.36,Organic
O015542,C0323,P0019,2026-07-08,2,265.9,Email
O015543,C0721,P0029,2026-07-08,2,34.6,Referral
O015544,C0528,P0031,2026-07-08,1,38.12,Email
O015545,C0702,P0037,2026-07-08,1,41.57,Organic
O015546,C0239,P0037,2026-07-08,1,41.57,Organic
O015547,C0508,P0039,2026-07-08,1,103.58,Organic
O015548,C0057,P0035,2026-07-08,3,264.75,Organic
O015549,C0639,P0040,2026-07-08,2,126.32,Email
O015550,C0428,P0009,2026-07-08,1,59.01,Paid
O015551,C0294,P0021,2026-07-08,1,59.94,Paid
O015552,C0285,P0020,2026-07-08,1,79.47,Email
O015553,C0301,P0030,2026-07-08,1,34.69,Paid
O015554,C0036,P0025,2026-07-08,3,116.61,Organic
O015555,C0643,P0038,2026-07-08,2,36.36,Referral
O015556,C0105,P0033,2026-07-08,1,88.25,Paid
O015557,C0583,P0034,2026-07-08,3,176.04,Organic
O015558,C0390,P0010,2026-07-09,2,79.6,Referral
O015559,C0697,P0021,2026-07-09,1,59.94,Organic
O015560,C0619,P0018,2026-07-09,3,147.57,Referral
O015561,C0279,P0017,2026-07-09,3,74.04,Organic
O015562,C0241,P0031,2026-07-09,1,38.12,Referral
O015563,C0432,P0032,2026-07-09,2,70.84,Email
O015564,C0654,P0027,2026-07-09,1,26.73,Email
O015565,C0169,P0033,2026-07-09,2,176.5,Organic
O015566,C0440,P0037,2026-07-09,3,124.71,Email
O015567,C0190,P0036,2026-07-09,1,72.11,Organic
O015568,C0536,P0038,2026-07-09,3,54.54,Email
O015569,C0098,P0010,2026-07-09,1,39.8,Organic
O015570,C0305,P0015,2026-07-09,1,45.92,Organic
O015571,C0463,P0019,2026-07-09,3,398.85,Email
O015572,C0448,P0021,2026-07-09,3,179.82,Organic
O015573,C0620,P0025,2026-07-09,3,116.61,Organic
O015574,C0139,P0028,2026-07-09,1,41.84,Organic
O015575,C0720,P0039,2026-07-09,2,207.16,Organic
O015576,C0651,P0037,2026-07-09,3,124.71,Email
O015577,C0522,P0003,2026-07-09,2,394.92,Referral
O015578,C0523,P0013,2026-07-09,1,55.7,Paid
O015579,C0503,P0014,2026-07-09,1,23.42,Email
O015580,C0612,P0012,2026-07-09,2,164.04,Organic
O015581,C0665,P0023,2026-07-09,1,91.99,Email
O015582,C0797,P0024,2026-07-09,2,224.28,Referral
O015583,C0038,P0021,2026-07-09,1,59.94,Paid
O015584,C0782,P0026,2026-07-09,1,56.61,Organic
O015585,C0077,P0027,2026-07-09,1,26.73,Referral
O015586,C0477,P0036,2026-07-09,2,144.22,Paid
O015587,C0713,P0039,2026-07-09,3,310.74,Organic
O015588,C0800,P0006,2026-07-09,2,131.6,Paid
O015589,C0126,P0009,2026-07-09,3,177.03,Organic
O015590,C0517,P0009,2026-07-09,2,118.02,Paid
O015591,C0462,P0023,2026-07-09,1,91.99,Referral
O015592,C0103,P0022,2026-07-09,3,151.17,Paid
O015593,C0214,P0019,2026-07-09,2,265.9,Referral
O015594,C0574,P0032,2026-07-09,1,35.42,Email
O015595,C0223,P0027,2026-07-09,3,80.19,Organic
O015596,C0643,P0029,2026-07-09,2,34.6,Paid
O015597,C0147,P0035,2026-07-09,3,264.75,Organic
O015598,C0505,P0036,2026-07-09,2,144.22,Organic
O015599,C0364,P0007,2026-07-10,1,170.31,Organic
O015600,C0607,P0013,2026-07-10,1,55.7,Paid
O015601,C0354,P0018,2026-07-10,2,98.38,Organic
O015602,C0664,P0018,2026-07-10,3,147.57,Organic
O015603,C0617,P0022,2026-07-10,3,151.17,Organic
O015604,C0507,P0029,2026-07-10,1,17.3,Organic
O015605,C0440,P0028,2026-07-10,3,125.52,Organic
O015606,C0475,P0035,2026-07-10,1,88.25,Paid
O015607,C0798,P0034,2026-07-10,2,117.36,Organic
O015608,C0232,P0008,2026-07-10,2,453.06,Referral
O015609,C0380,P0010,2026-07-10,3,119.4,Organic
O015610,C0244,P0018,2026-07-10,1,49.19,Email
O015611,C0249,P0024,2026-07-10,2,224.28,Paid
O015612,C0119,P0023,2026-07-10,3,275.97,Organic
O015613,C0791,P0027,2026-07-10,3,80.19,Referral
O015614,C0730,P0028,2026-07-10,1,41.84,Email
O015615,C0447,P0033,2026-07-10,1,88.25,Organic
O015616,C0728,P0038,2026-07-10,1,18.18,Referral
O015617,C0410,P0038,2026-07-10,3,54.54,Organic
O015618,C0220,P0036,2026-07-10,3,216.33,Paid
O015619,C0032,P0007,2026-07-10,1,170.31,Paid
O015620,C0012,P0008,2026-07-10,3,679.59,Paid
O015621,C0700,P0019,2026-07-10,2,265.9,Organic
O015622,C0304,P0036,2026-07-10,1,72.11,Organic
O015623,C0739,P0033,2026-07-10,2,176.5,Paid
O015624,C0745,P0039,2026-07-10,2,207.16,Organic
O015625,C0392,P0038,2026-07-10,3,54.54,Organic
O015626,C0462,P0005,2026-07-10,2,691.38,Referral
O015627,C0347,P0013,2026-07-10,3,167.1,Organic
O015628,C0734,P0012,2026-07-10,2,164.04,Email
O015629,C0285,P0010,2026-07-10,3,119.4,Organic
O015630,C0785,P0018,2026-07-10,1,49.19,Paid
O015631,C0116,P0017,2026-07-10,3,74.04,Organic
O015632,C0398,P0022,2026-07-10,1,50.39,Organic
O015633,C0172,P0029,2026-07-10,1,17.3,Organic
O015634,C0435,P0027,2026-07-10,2,53.46,Paid
O015635,C0196,P0032,2026-07-10,3,106.26,Organic
O015636,C0550,P0025,2026-07-10,3,116.61,Organic
O015637,C0116,P0037,2026-07-10,1,41.57,Referral
O015638,C0073,P0035,2026-07-10,2,176.5,Paid
O015639,C0160,P0033,2026-07-10,3,264.75,Paid
O015640,C0624,P0036,2026-07-10,1,72.11,Paid
O015641,C0630,P0011,2026-07-11,2,62.62,Email
O015642,C0076,P0015,2026-07-11,1,45.92,Organic
O015643,C0045,P0011,2026-07-11,3,93.93,Paid
O015644,C0631,P0015,2026-07-11,3,137.76,Paid
O015645,C0740,P0010,2026-07-11,1,39.8,Organic
O015646,C0082,P0012,2026-07-11,3,246.06,Referral
O015647,C0495,P0021,2026-07-11,2,119.88,Paid
O015648,C0045,P0018,2026-07-11,1,49.19,Email
O015649,C0142,P0023,2026-07-11,3,275.97,Paid
O015650,C0112,P0031,2026-07-11,1,38.12,Paid
O015651,C0497,P0036,2026-07-11,1,72.11,Email
O015652,C0689,P0036,2026-07-11,1,72.11,Organic
O015653,C0396,P0037,2026-07-11,1,41.57,Organic
O015654,C0602,P0040,2026-07-11,3,189.48,Paid
O015655,C0629,P0002,2026-07-11,1,185.4,Email
O015656,C0484,P0003,2026-07-11,1,197.46,Paid
O015657,C0333,P0003,2026-07-11,2,394.92,Paid
O015658,C0006,P0006,2026-07-11,1,65.8,Organic
O015659,C0489,P0014,2026-07-11,2,46.84,Organic
O015660,C0189,P0019,2026-07-11,1,132.95,Organic
O015661,C0292,P0022,2026-07-11,1,50.39,Paid
O015662,C0195,P0022,2026-07-11,2,100.78,Organic
O015663,C0728,P0024,2026-07-11,1,112.14,Email
O015664,C0791,P0017,2026-07-11,1,24.68,Organic
O015665,C0370,P0028,2026-07-11,2,83.68,Email
O015666,C0286,P0032,2026-07-11,1,35.42,Organic
O015667,C0333,P0032,2026-07-11,3,106.26,Paid
O015668,C0307,P0027,2026-07-11,1,26.73,Organic
O015669,C0768,P0028,2026-07-11,2,83.68,Email
O015670,C0309,P0034,2026-07-11,1,58.68,Organic
O015671,C0260,P0006,2026-07-11,3,197.4,Referral
O015672,C0783,P0003,2026-07-11,3,592.38,Organic
O015673,C0239,P0007,2026-07-11,1,170.31,Organic
O015674,C0527,P0024,2026-07-11,2,224.28,Organic
O015675,C0558,P0019,2026-07-11,3,398.85,Organic
O015676,C0660,P0020,2026-07-11,1,79.47,Email
O015677,C0790,P0022,2026-07-11,1,50.39,Paid
O015678,C0171,P0023,2026-07-11,1,91.99,Referral
O015679,C0523,P0028,2026-07-11,2,83.68,Organic
O015680,C0318,P0032,2026-07-11,2,70.84,Organic
O015681,C0412,P0026,2026-07-11,3,169.83,Organic
O015682,C0458,P0031,2026-07-11,1,38.12,Organic
O015683,C0565,P0038,2026-07-11,3,54.54,Organic
O015684,C0636,P0035,2026-07-11,3,264.75,Organic
O015685,C0452,P0040,2026-07-11,1,63.16,Organic
O015686,C0445,P0035,2026-07-11,3,264.75,Organic
O015687,C0187,P0038,2026-07-11,1,18.18,Email
O015688,C0443,P0037,2026-07-11,2,83.14,Organic
O015689,C0429,P0036,2026-07-11,1,72.11,Organic
O015690,C0397,P0008,2026-07-11,1,226.53,Referral
O015691,C0183,P0006,2026-07-11,2,131.6,Referral
O015692,C0327,P0005,2026-07-11,1,345.69,Paid
O015693,C0481,P0008,2026-07-11,3,679.59,Referral
O015694,C0394,P0017,2026-07-11,1,24.68,Organic
O015695,C0222,P0020,2026-07-11,3,238.41,Paid
O015696,C0400,P0023,2026-07-11,1,91.99,Paid
O015697,C0466,P0027,2026-07-11,1,26.73,Organic
O015698,C0047,P0029,2026-07-11,2,34.6,Email
O015699,C0779,P0029,2026-07-11,2,34.6,Email
O015700,C0056,P0035,2026-07-11,1,88.25,Organic
O015701,C0598,P0034,2026-07-11,3,176.04,Paid
O015702,C0228,P0035,2026-07-11,2,176.5,Email
O015703,C0476,P0003,2026-07-12,2,394.92,Paid
O015704,C0356,P0003,2026-07-12,1,197.46,Organic
O015705,C0552,P0002,2026-07-12,2,370.8,Paid
O015706,C0689,P0012,2026-07-12,3,246.06,Email
O015707,C0266,P0018,2026-07-12,3,147.57,Referral
O015708,C0442,P0020,2026-07-12,1,79.47,Paid
O015709,C0002,P0023,2026-07-12,2,183.98,Organic
O015710,C0765,P0020,2026-07-12,2,158.94,Paid
O015711,C0516,P0019,2026-07-12,2,265.9,Paid
O015712,C0297,P0022,2026-07-12,2,100.78,Organic
O015713,C0765,P0031,2026-07-12,1,38.12,Email
O015714,C0226,P0002,2026-07-12,3,556.2,Organic
O015715,C0342,P0004,2026-07-12,2,338.46,Referral
O015716,C0736,P0015,2026-07-12,3,137.76,Organic
O015717,C0321,P0011,2026-07-12,2,62.62,Email
O015718,C0526,P0014,2026-07-12,1,23.42,Organic
O015719,C0703,P0019,2026-07-12,3,398.85,Organic
O015720,C0776,P0025,2026-07-12,2,77.74,Paid
O015721,C0151,P0026,2026-07-12,1,56.61,Organic
O015722,C0596,P0025,2026-07-12,1,38.87,Organic
O015723,C0715,P0036,2026-07-12,2,144.22,Organic
O015724,C0321,P0038,2026-07-12,2,36.36,Organic
O015725,C0008,P0035,2026-07-12,2,176.5,Organic
O015726,C0139,P0033,2026-07-12,2,176.5,Organic
O015727,C0083,P0006,2026-07-12,3,197.4,Paid
O015728,C0788,P0006,2026-07-12,1,65.8,Organic
O015729,C0038,P0014,2026-07-12,3,70.26,Referral
O015730,C0412,P0020,2026-07-12,2,158.94,Paid
O015731,C0636,P0019,2026-07-12,1,132.95,Paid
O015732,C0601,P0018,2026-07-12,1,49.19,Organic
O015733,C0127,P0027,2026-07-12,2,53.46,Paid
O015734,C0077,P0025,2026-07-12,1,38.87,Organic
O015735,C0060,P0030,2026-07-12,1,34.69,Email
O015736,C0635,P0025,2026-07-12,1,38.87,Email
O015737,C0477,P0029,2026-07-12,2,34.6,Referral
O015738,C0621,P0033,2026-07-12,3,264.75,Email
O015739,C0422,P0039,2026-07-12,2,207.16,Email
O015740,C0716,P0034,2026-07-12,2,117.36,Email
O015741,C0106,P0034,2026-07-12,2,117.36,Organic
O015742,C0032,P0036,2026-07-12,1,72.11,Organic
O015743,C0465,P0004,2026-07-12,1,169.23,Organic
O015744,C0510,P0005,2026-07-12,3,1037.07,Email
O015745,C0157,P0016,2026-07-12,2,114.0,Paid
O015746,C0517,P0016,2026-07-12,3,171.0,Paid
O015747,C0643,P0016,2026-07-12,1,57.0,Organic
O015748,C0185,P0019,2026-07-12,3,398.85,Paid
O015749,C0079,P0021,2026-07-12,1,59.94,Organic
O015750,C0300,P0023,2026-07-12,1,91.99,Email
O015751,C0360,P0018,2026-07-12,3,147.57,Email
O015752,C0197,P0026,2026-07-12,3,169.83,Organic
O015753,C0016,P0030,2026-07-12,3,104.07,Organic
O015754,C0560,P0028,2026-07-12,2,83.68,Email
O015755,C0047,P0029,2026-07-12,2,34.6,Paid
O015756,C0211,P0025,2026-07-12,2,77.74,Organic
O015757,C0236,P0031,2026-07-12,2,76.24,Organic
O015758,C0181,P0037,2026-07-12,2,83.14,Referral
O015759,C0343,P0033,2026-07-12,2,176.5,Referral
O015760,C0206,P0036,2026-07-12,3,216.33,Referral
O015761,C0120,P0008,2026-07-13,1,226.53,Paid
O015762,C0580,P0001,2026-07-13,1,227.02,Organic
O015763,C0476,P0007,2026-07-13,3,510.93,Organic
O015764,C0336,P0008,2026-07-13,3,679.59,Paid
O015765,C0414,P0010,2026-07-13,2,79.6,Paid
O015766,C0498,P0014,2026-07-13,3,70.26,Paid
O015767,C0471,P0024,2026-07-13,3,336.42,Paid
O015768,C0063,P0031,2026-07-13,2,76.24,Email
O015769,C0796,P0037,2026-07-13,3,124.71,Organic
O015770,C0085,P0040,2026-07-13,2,126.32,Paid
O015771,C0769,P0034,2026-07-13,1,58.68,Paid
O015772,C0244,P0003,2026-07-13,2,394.92,Paid
O015773,C0261,P0010,2026-07-13,3,119.4,Organic
O015774,C0537,P0012,2026-07-13,3,246.06,Organic
O015775,C0521,P0021,2026-07-13,3,179.82,Referral
O015776,C0243,P0020,2026-07-13,3,238.41,Paid
O015777,C0377,P0023,2026-07-13,1,91.99,Organic
O015778,C0093,P0032,2026-07-13,1,35.42,Paid
O015779,C0286,P0033,2026-07-13,3,264.75,Paid
O015780,C0522,P0006,2026-07-13,2,131.6,Paid
O015781,C0747,P0002,2026-07-13,2,370.8,Organic
O015782,C0453,P0007,2026-07-13,2,340.62,Email
O015783,C0763,P0012,2026-07-13,3,246.06,Referral
O015784,C0797,P0014,2026-07-13,1,23.42,Paid
O015785,C0351,P0011,2026-07-13,2,62.62,Organic
O015786,C0114,P0011,2026-07-13,1,31.31,Organic
O015787,C0464,P0014,2026-07-13,3,70.26,Email
O015788,C0756,P0023,2026-07-13,2,183.98,Organic
O015789,C0269,P0029,2026-07-13,2,34.6,Email
O015790,C0647,P0027,2026-07-13,1,26.73,Email
O015791,C0790,P0029,2026-07-13,3,51.9,Organic
O015792,C0404,P0040,2026-07-13,3,189.48,Organic
O015793,C0623,P0040,2026-07-13,3,189.48,Paid
O015794,C0775,P0004,2026-07-13,3,507.69,Paid
O015795,C0699,P0008,2026-07-13,3,679.59,Paid
O015796,C0733,P0013,2026-07-13,1,55.7,Organic
O015797,C0013,P0009,2026-07-13,3,177.03,Email
O015798,C0156,P0011,2026-07-13,1,31.31,Referral
O015799,C0514,P0018,2026-07-13,1,49.19,Paid
O015800,C0027,P0019,2026-07-13,3,398.85,Email
O015801,C0136,P0032,2026-07-13,1,35.42,Organic
O015802,C0785,P0027,2026-07-13,2,53.46,Email
O015803,C0800,P0033,2026-07-13,2,176.5,Organic
O015804,C0105,P0033,2026-07-13,1,88.25,Paid
O015805,C0519,P0034,2026-07-13,3,176.04,Paid
O015806,C0794,P0004,2026-07-14,1,169.23,Organic
O015807,C0675,P0006,2026-07-14,3,197.4,Paid
O015808,C0076,P0006,2026-07-14,2,131.6,Organic
O015809,C0177,P0003,2026-07-14,1,197.46,Organic
O015810,C0787,P0011,2026-07-14,2,62.62,Organic
O015811,C0270,P0016,2026-07-14,3,171.0,Referral
O015812,C0123,P0022,2026-07-14,2,100.78,Email
O015813,C0241,P0028,2026-07-14,3,125.52,Referral
O015814,C0080,P0006,2026-07-14,3,197.4,Email
O015815,C0529,P0008,2026-07-14,3,679.59,Paid
O015816,C0502,P0014,2026-07-14,1,23.42,Referral
O015817,C0098,P0015,2026-07-14,3,137.76,Organic
O015818,C0557,P0020,2026-07-14,2,158.94,Paid
O015819,C0053,P0017,2026-07-14,2,49.36,Organic
O015820,C0150,P0021,2026-07-14,3,179.82,Organic
O015821,C0245,P0027,2026-07-14,3,80.19,Paid
O015822,C0732,P0034,2026-07-14,2,117.36,Organic
O015823,C0388,P0004,2026-07-14,3,507.69,Organic
O015824,C0409,P0003,2026-07-14,2,394.92,Organic
O015825,C0744,P0012,2026-07-14,2,164.04,Paid
O015826,C0783,P0014,2026-07-14,3,70.26,Organic
O015827,C0553,P0011,2026-07-14,1,31.31,Paid
O015828,C0017,P0009,2026-07-14,3,177.03,Organic
O015829,C0227,P0011,2026-07-14,3,93.93,Email
O015830,C0417,P0020,2026-07-14,1,79.47,Paid
O015831,C0621,P0031,2026-07-14,1,38.12,Organic
O015832,C0744,P0029,2026-07-14,1,17.3,Paid
O015833,C0508,P0040,2026-07-14,2,126.32,Referral
O015834,C0059,P0037,2026-07-14,3,124.71,Paid
O015835,C0003,P0040,2026-07-14,2,126.32,Organic
O015836,C0211,P0005,2026-07-14,2,691.38,Referral
O015837,C0541,P0003,2026-07-14,2,394.92,Paid
O015838,C0560,P0005,2026-07-14,1,345.69,Organic
O015839,C0037,P0014,2026-07-14,3,70.26,Paid
O015840,C0646,P0016,2026-07-14,3,171.0,Paid
O015841,C0436,P0010,2026-07-14,2,79.6,Organic
O015842,C0679,P0011,2026-07-14,3,93.93,Organic
O015843,C0645,P0020,2026-07-14,2,158.94,Organic
O015844,C0267,P0020,2026-07-14,2,158.94,Paid
O015845,C0572,P0026,2026-07-14,2,113.22,Organic
O015846,C0800,P0033,2026-07-14,3,264.75,Paid
O015847,C0056,P0039,2026-07-14,3,310.74,Email
O015848,C0681,P0040,2026-07-14,2,126.32,Organic
O015849,C0359,P0009,2026-07-15,1,59.01,Email
O015850,C0617,P0010,2026-07-15,2,79.6,Email
O015851,C0118,P0015,2026-07-15,3,137.76,Email
O015852,C0045,P0012,2026-07-15,1,82.02,Organic
O015853,C0600,P0024,2026-07-15,2,224.28,Organic
O015854,C0588,P0023,2026-07-15,2,183.98,Organic
O015855,C0406,P0023,2026-07-15,2,183.98,Email
O015856,C0540,P0027,2026-07-15,2,53.46,Email
O015857,C0332,P0028,2026-07-15,1,41.84,Paid
O015858,C0513,P0004,2026-07-15,2,338.46,Paid
O015859,C0415,P0007,2026-07-15,2,340.62,Paid
O015860,C0286,P0015,2026-07-15,2,91.84,Organic
O015861,C0088,P0013,2026-07-15,1,55.7,Paid
O015862,C0151,P0015,2026-07-15,2,91.84,Organic
O015863,C0504,P0023,2026-07-15,1,91.99,Organic
O015864,C0489,P0031,2026-07-15,2,76.24,Email
O015865,C0087,P0034,2026-07-15,1,58.68,Paid
O015866,C0179,P0010,2026-07-15,2,79.6,Paid
O015867,C0563,P0012,2026-07-15,3,246.06,Organic
O015868,C0741,P0023,2026-07-15,3,275.97,Referral
O015869,C0100,P0018,2026-07-15,3,147.57,Organic
O015870,C0727,P0019,2026-07-15,2,265.9,Organic
O015871,C0137,P0032,2026-07-15,3,106.26,Organic
O015872,C0021,P0033,2026-07-15,1,88.25,Organic
O015873,C0782,P0036,2026-07-15,1,72.11,Organic
O015874,C0784,P0034,2026-07-15,1,58.68,Paid
O015875,C0282,P0034,2026-07-15,1,58.68,Organic
O015876,C0146,P0040,2026-07-15,3,189.48,Organic
O015877,C0572,P0004,2026-07-15,1,169.23,Organic
O015878,C0072,P0007,2026-07-15,1,170.31,Organic
O015879,C0196,P0005,2026-07-15,1,345.69,Organic
O015880,C0294,P0024,2026-07-15,3,336.42,Organic
O015881,C0718,P0028,2026-07-15,1,41.84,Referral
O015882,C0550,P0030,2026-07-15,3,104.07,Organic
O015883,C0186,P0028,2026-07-15,3,125.52,Organic
O015884,C0688,P0027,2026-07-15,2,53.46,Paid
O015885,C0079,P0038,2026-07-15,3,54.54,Referral
O015886,C0196,P0039,2026-07-15,2,207.16,Paid
O015887,C0028,P0035,2026-07-15,1,88.25,Organic
O015888,C0030,P0014,2026-07-16,1,23.42,Paid
O015889,C0110,P0022,2026-07-16,1,50.39,Organic
O015890,C0561,P0019,2026-07-16,1,132.95,Referral
O015891,C0401,P0023,2026-07-16,2,183.98,Referral
O015892,C0456,P0026,2026-07-16,2,113.22,Organic
O015893,C0039,P0031,2026-07-16,2,76.24,Paid
O015894,C0532,P0030,2026-07-16,3,104.07,Organic
O015895,C0341,P0026,2026-07-16,2,113.22,Email
O015896,C0174,P0030,2026-07-16,3,104.07,Paid
O015897,C0390,P0040,2026-07-16,3,189.48,Referral
O015898,C0740,P0040,2026-07-16,3,189.48,Paid
O015899,C0359,P0033,2026-07-16,2,176.5,Organic
O015900,C0504,P0002,2026-07-16,2,370.8,Email
O015901,C0608,P0004,2026-07-16,3,507.69,Paid
O015902,C0759,P0006,2026-07-16,3,197.4,Paid
O015903,C0722,P0007,2026-07-16,2,340.62,Email
O015904,C0726,P0012,2026-07-16,2,164.04,Organic
O015905,C0150,P0030,2026-07-16,3,104.07,Organic
O015906,C0791,P0027,2026-07-16,3,80.19,Email
O015907,C0557,P0040,2026-07-16,1,63.16,Organic
O015908,C0243,P0033,2026-07-16,3,264.75,Organic
O015909,C0716,P0003,2026-07-16,1,197.46,Organic
O015910,C0173,P0003,2026-07-16,1,197.46,Organic
O015911,C0264,P0005,2026-07-16,2,691.38,Organic
O015912,C0612,P0007,2026-07-16,3,510.93,Organic
O015913,C0584,P0022,2026-07-16,1,50.39,Referral
O015914,C0784,P0026,2026-07-16,1,56.61,Referral
O015915,C0452,P0026,2026-07-16,3,169.83,Paid
O015916,C0661,P0035,2026-07-16,3,264.75,Email
O015917,C0106,P0038,2026-07-16,1,18.18,Organic
O015918,C0163,P0040,2026-07-16,3,189.48,Referral
O015919,C0255,P0036,2026-07-16,2,144.22,Email
O015920,C0009,P0035,2026-07-16,1,88.25,Referral
O015921,C0711,P0036,2026-07-16,3,216.33,Paid
O015922,C0254,P0040,2026-07-16,1,63.16,Referral
O015923,C0398,P0008,2026-07-16,3,679.59,Paid
O015924,C0160,P0021,2026-07-16,3,179.82,Referral
O015925,C0126,P0022,2026-07-16,1,50.39,Organic
O015926,C0338,P0023,2026-07-16,1,91.99,Email
O015927,C0153,P0024,2026-07-16,1,112.14,Referral
O015928,C0188,P0025,2026-07-16,2,77.74,Organic
O015929,C0105,P0036,2026-07-16,1,72.11,Organic
O015930,C0343,P0039,2026-07-16,1,103.58,Email
O015931,C0554,P0039,2026-07-16,3,310.74,Paid
O015932,C0230,P0006,2026-07-17,1,65.8,Organic
O015933,C0600,P0001,2026-07-17,2,454.04,Organic
O015934,C0334,P0015,2026-07-17,2,91.84,Referral
O015935,C0588,P0009,2026-07-17,3,177.03,Email
O015936,C0795,P0020,2026-07-17,3,238.41,Organic
O015937,C0034,P0030,2026-07-17,2,69.38,Organic
O015938,C0603,P0029,2026-07-17,3,51.9,Paid
O015939,C0279,P0030,2026-07-17,2,69.38,Email
O015940,C0241,P0029,2026-07-17,3,51.9,Paid
O015941,C0471,P0038,2026-07-17,3,54.54,Paid
O015942,C0359,P0037,2026-07-17,3,124.71,Organic
O015943,C0231,P0038,2026-07-17,3,54.54,Organic
O015944,C0684,P0033,2026-07-17,2,176.5,Organic
O015945,C0261,P0004,2026-07-17,2,338.46,Organic
O015946,C0096,P0006,2026-07-17,2,131.6,Organic
O015947,C0566,P0012,2026-07-17,1,82.02,Organic
O015948,C0608,P0013,2026-07-17,1,55.7,Email
O015949,C0305,P0024,2026-07-17,1,112.14,Organic
O015950,C0312,P0019,2026-07-17,2,265.9,Paid
O015951,C0026,P0019,2026-07-17,2,265.9,Organic
O015952,C0411,P0029,2026-07-17,3,51.9,Organic
O015953,C0286,P0025,2026-07-17,2,77.74,Organic
O015954,C0483,P0026,2026-07-17,1,56.61,Organic
O015955,C0218,P0029,2026-07-17,2,34.6,Email
O015956,C0180,P0036,2026-07-17,1,72.11,Organic
O015957,C0295,P0034,2026-07-17,2,117.36,Organic
O015958,C0754,P0006,2026-07-17,1,65.8,Paid
O015959,C0373,P0007,2026-07-17,1,170.31,Referral
O015960,C0154,P0008,2026-07-17,1,226.53,Referral
O015961,C0673,P0002,2026-07-17,1,185.4,Referral
O015962,C0443,P0011,2026-07-17,1,31.31,Email
O015963,C0385,P0013,2026-07-17,2,111.4,Organic
O015964,C0528,P0018,2026-07-17,1,49.19,Paid
O015965,C0021,P0019,2026-07-17,1,132.95,Email
O015966,C0763,P0022,2026-07-17,1,50.39,Email
O015967,C0711,P0025,2026-07-17,1,38.87,Paid
O015968,C0739,P0032,2026-07-17,3,106.26,Organic
O015969,C0430,P0037,2026-07-17,3,124.71,Organic
O015970,C0176,P0036,2026-07-17,2,144.22,Paid
O015971,C0318,P0034,2026-07-17,3,176.04,Organic
O015972,C0429,P0039,2026-07-17,2,207.16,Paid
O015973,C0672,P0038,2026-07-17,3,54.54,Paid
O015974,C0775,P0003,2026-07-17,1,197.46,Email
O015975,C0758,P0008,2026-07-17,1,226.53,Email
O015976,C0481,P0010,2026-07-17,1,39.8,Paid
O015977,C0465,P0025,2026-07-17,2,77.74,Referral
O015978,C0400,P0026,2026-07-17,2,113.22,Referral
O015979,C0679,P0032,2026-07-17,3,106.26,Organic
O015980,C0037,P0029,2026-07-17,1,17.3,Referral
O015981,C0592,P0027,2026-07-17,3,80.19,Organic
O015982,C0514,P0032,2026-07-17,2,70.84,Organic
O015983,C0368,P0038,2026-07-17,1,18.18,Organic
O015984,C0343,P0038,2026-07-17,2,36.36,Email
O015985,C0022,P0035,2026-07-17,1,88.25,Organic
O015986,C0574,P0036,2026-07-17,1,72.11,Organic
O015987,C0581,P0039,2026-07-17,1,103.58,Organic
O015988,C0386,P0015,2026-07-18,1,45.92,Organic
O015989,C0215,P0012,2026-07-18,2,164.04,Paid
O015990,C0386,P0013,2026-07-18,1,55.7,Organic
O015991,C0610,P0024,2026-07-18,1,112.14,Organic
O015992,C0395,P0032,2026-07-18,2,70.84,Paid
O015993,C0034,P0037,2026-07-18,3,124.71,Paid
O015994,C0471,P0035,2026-07-18,1,88.25,Organic
O015995,C0070,P0034,2026-07-18,2,117.36,Paid
O015996,C0317,P0006,2026-07-18,2,131.6,Organic
O015997,C0333,P0006,2026-07-18,3,197.4,Email
O015998,C0609,P0009,2026-07-18,1,59.01,Paid
O015999,C0633,P0019,2026-07-18,1,132.95,Email
O016000,C0780,P0027,2026-07-18,3,80.19,Referral
O016001,C0411,P0032,2026-07-18,1,35.42,Paid
O016002,C0463,P0026,2026-07-18,2,113.22,Organic
O016003,C0761,P0031,2026-07-18,2,76.24,Email
O016004,C0487,P0035,2026-07-18,1,88.25,Organic
O016005,C0333,P0040,2026-07-18,3,189.48,Organic
O016006,C0415,P0039,2026-07-18,2,207.16,Email
O016007,C0739,P0007,2026-07-18,3,510.93,Organic
O016008,C0057,P0001,2026-07-18,3,681.06,Paid
O016009,C0077,P0014,2026-07-18,3,70.26,Paid
O016010,C0003,P0016,2026-07-18,3,171.0,Paid
O016011,C0141,P0023,2026-07-18,3,275.97,Paid
O016012,C0133,P0023,2026-07-18,1,91.99,Organic
O016013,C0534,P0017,2026-07-18,3,74.04,Paid
O016014,C0154,P0019,2026-07-18,3,398.85,Organic
O016015,C0725,P0021,2026-07-18,1,59.94,Referral
O016016,C0725,P0021,2026-07-18,3,179.82,Organic
O016017,C0329,P0030,2026-07-18,2,69.38,Referral
O016018,C0388,P0032,2026-07-18,3,106.26,Organic
O016019,C0627,P0031,2026-07-18,2,76.24,Paid
O016020,C0247,P0027,2026-07-18,2,53.46,Organic
O016021,C0304,P0037,2026-07-18,1,41.57,Organic
O016022,C0528,P0034,2026-07-18,1,58.68,Email
O016023,C0451,P0040,2026-07-18,3,189.48,Organic
O016024,C0593,P0035,2026-07-18,2,176.5,Organic
O016025,C0724,P0037,2026-07-18,3,124.71,Paid
O016026,C0559,P0034,2026-07-18,2,117.36,Paid
O016027,C0445,P0040,2026-07-18,3,189.48,Paid
O016028,C0338,P0016,2026-07-18,1,57.0,Organic
O016029,C0229,P0010,2026-07-18,3,119.4,Email
O016030,C0679,P0009,2026-07-18,1,59.01,Paid
O016031,C0204,P0016,2026-07-18,3,171.0,Email
O016032,C0554,P0010,2026-07-18,2,79.6,Organic
O016033,C0658,P0012,2026-07-18,3,246.06,Organic
O016034,C0349,P0023,2026-07-18,3,275.97,Organic
O016035,C0428,P0023,2026-07-18,2,183.98,Paid
O016036,C0705,P0018,2026-07-18,3,147.57,Referral
O016037,C0482,P0018,2026-07-18,3,147.57,Organic
O016038,C0062,P0032,2026-07-18,3,106.26,Paid
O016039,C0236,P0029,2026-07-18,1,17.3,Paid
O016040,C0302,P0030,2026-07-18,1,34.69,Paid
O016041,C0679,P0027,2026-07-18,1,26.73,Organic
O016042,C0478,P0039,2026-07-18,1,103.58,Email
O016043,C0135,P0035,2026-07-18,2,176.5,Paid
O016044,C0165,P0003,2026-07-19,2,394.92,Organic
O016045,C0258,P0012,2026-07-19,3,246.06,Organic
O016046,C0070,P0009,2026-07-19,3,177.03,Organic
O016047,C0085,P0020,2026-07-19,3,238.41,Organic
O016048,C0262,P0031,2026-07-19,3,114.36,Paid
O016049,C0248,P0031,2026-07-19,3,114.36,Organic
O016050,C0004,P0028,2026-07-19,3,125.52,Email
O016051,C0444,P0040,2026-07-19,1,63.16,Organic
O016052,C0749,P0039,2026-07-19,2,207.16,Paid
O016053,C0034,P0037,2026-07-19,3,124.71,Organic
O016054,C0078,P0040,2026-07-19,3,189.48,Paid
O016055,C0112,P0038,2026-07-19,1,18.18,Organic
O016056,C0548,P0034,2026-07-19,1,58.68,Referral
O016057,C0731,P0002,2026-07-19,1,185.4,Paid
O016058,C0722,P0008,2026-07-19,1,226.53,Organic
O016059,C0080,P0002,2026-07-19,3,556.2,Referral
O016060,C0720,P0014,2026-07-19,2,46.84,Email
O016061,C0668,P0016,2026-07-19,1,57.0,Paid
O016062,C0577,P0009,2026-07-19,1,59.01,Paid
O016063,C0226,P0023,2026-07-19,3,275.97,Organic
O016064,C0533,P0020,2026-07-19,1,79.47,Paid
O016065,C0096,P0021,2026-07-19,2,119.88,Organic
O016066,C0644,P0026,2026-07-19,1,56.61,Paid
O016067,C0257,P0027,2026-07-19,3,80.19,Email
O016068,C0132,P0031,2026-07-19,1,38.12,Organic
O016069,C0238,P0026,2026-07-19,1,56.61,Referral
O016070,C0533,P0032,2026-07-19,1,35.42,Organic
O016071,C0611,P0026,2026-07-19,1,56.61,Email
O016072,C0391,P0039,2026-07-19,1,103.58,Organic
O016073,C0212,P0039,2026-07-19,3,310.74,Email
O016074,C0464,P0003,2026-07-19,3,592.38,Paid
O016075,C0133,P0004,2026-07-19,3,507.69,Paid
O016076,C0493,P0006,2026-07-19,2,131.6,Organic
O016077,C0713,P0009,2026-07-19,3,177.03,Paid
O016078,C0683,P0015,2026-07-19,3,137.76,Organic
O016079,C0114,P0009,2026-07-19,2,118.02,Referral
O016080,C0563,P0013,2026-07-19,3,167.1,Organic
O016081,C0518,P0014,2026-07-19,2,46.84,Organic
O016082,C0163,P0013,2026-07-19,3,167.1,Organic
O016083,C0784,P0024,2026-07-19,2,224.28,Organic
O016084,C0339,P0022,2026-07-19,1,50.39,Organic
O016085,C0424,P0017,2026-07-19,2,49.36,Paid
O016086,C0589,P0025,2026-07-19,1,38.87,Paid
O016087,C0782,P0026,2026-07-19,1,56.61,Organic
O016088,C0716,P0030,2026-07-19,3,104.07,Paid
O016089,C0017,P0039,2026-07-19,1,103.58,Organic
O016090,C0739,P0036,2026-07-19,3,216.33,Paid
O016091,C0649,P0006,2026-07-19,3,197.4,Organic
O016092,C0485,P0007,2026-07-19,3,510.93,Email
O016093,C0296,P0007,2026-07-19,2,340.62,Email
O016094,C0349,P0006,2026-07-19,2,131.6,Organic
O016095,C0785,P0002,2026-07-19,2,370.8,Paid
O016096,C0147,P0016,2026-07-19,1,57.0,Paid
O016097,C0210,P0012,2026-07-19,3,246.06,Organic
O016098,C0214,P0015,2026-07-19,3,137.76,Referral
O016099,C0480,P0013,2026-07-19,2,111.4,Paid
O016100,C0136,P0010,2026-07-19,2,79.6,Organic
O016101,C0718,P0017,2026-07-19,2,49.36,Referral
O016102,C0135,P0019,2026-07-19,1,132.95,Organic
O016103,C0358,P0022,2026-07-19,1,50.39,Email
O016104,C0478,P0032,2026-07-19,2,70.84,Paid
O016105,C0472,P0026,2026-07-19,1,56.61,Paid
O016106,C0112,P0003,2026-07-20,3,592.38,Organic
O016107,C0034,P0012,2026-07-20,1,82.02,Paid
O016108,C0334,P0011,2026-07-20,1,31.31,Organic
O016109,C0280,P0021,2026-07-20,2,119.88,Email
O016110,C0774,P0019,2026-07-20,3,398.85,Paid
O016111,C0297,P0018,2026-07-20,3,147.57,Referral
O016112,C0495,P0025,2026-07-20,3,116.61,Organic
O016113,C0507,P0026,2026-07-20,1,56.61,Paid
O016114,C0561,P0034,2026-07-20,1,58.68,Organic
O016115,C0295,P0006,2026-07-20,1,65.8,Organic
O016116,C0121,P0007,2026-07-20,3,510.93,Paid
O016117,C0736,P0013,2026-07-20,2,111.4,Organic
O016118,C0257,P0024,2026-07-20,2,224.28,Paid
O016119,C0632,P0017,2026-07-20,3,74.04,Organic
O016120,C0316,P0032,2026-07-20,2,70.84,Organic
O016121,C0441,P0036,2026-07-20,3,216.33,Organic
O016122,C0255,P0002,2026-07-20,2,370.8,Organic
O016123,C0408,P0002,2026-07-20,2,370.8,Organic
O016124,C0404,P0008,2026-07-20,2,453.06,Organic
O016125,C0670,P0005,2026-07-20,1,345.69,Organic
O016126,C0488,P0005,2026-07-20,3,1037.07,Referral
O016127,C0057,P0005,2026-07-20,1,345.69,Organic
O016128,C0225,P0015,2026-07-20,1,45.92,Referral
O016129,C0613,P0013,2026-07-20,2,111.4,Organic
O016130,C0351,P0012,2026-07-20,2,164.04,Email
O016131,C0494,P0023,2026-07-20,2,183.98,Organic
O016132,C0389,P0022,2026-07-20,3,151.17,Organic
O016133,C0673,P0030,2026-07-20,1,34.69,Organic
O016134,C0763,P0025,2026-07-20,2,77.74,Email
O016135,C0710,P0032,2026-07-20,1,35.42,Email
O016136,C0717,P0031,2026-07-20,1,38.12,Organic
O016137,C0589,P0036,2026-07-20,3,216.33,Email
O016138,C0222,P0001,2026-07-20,2,454.04,Organic
O016139,C0514,P0008,2026-07-20,2,453.06,Email
O016140,C0347,P0003,2026-07-20,1,197.46,Paid
O016141,C0646,P0002,2026-07-20,1,185.4,Organic
O016142,C0306,P0009,2026-07-20,3,177.03,Referral
O016143,C0775,P0014,2026-07-20,2,46.84,Email
O016144,C0574,P0012,2026-07-20,3,246.06,Paid
O016145,C0064,P0021,2026-07-20,1,59.94,Referral
O016146,C0066,P0029,2026-07-20,1,17.3,Organic
O016147,C0045,P0012,2026-07-21,2,164.04,Paid
O016148,C0637,P0013,2026-07-21,2,111.4,Organic
O016149,C0787,P0012,2026-07-21,2,164.04,Paid
O016150,C0372,P0013,2026-07-21,1,55.7,Organic
O016151,C0432,P0015,2026-07-21,3,137.76,Organic
O016152,C0664,P0021,2026-07-21,1,59.94,Organic
O016153,C0161,P0032,2026-07-21,2,70.84,Paid
O016154,C0777,P0029,2026-07-21,3,51.9,Paid
O016155,C0140,P0034,2026-07-21,2,117.36,Organic
O016156,C0600,P0036,2026-07-21,1,72.11,Referral
O016157,C0637,P0040,2026-07-21,2,126.32,Email
O016158,C0048,P0035,2026-07-21,2,176.5,Paid
O016159,C0529,P0016,2026-07-21,3,171.0,Organic
O016160,C0605,P0014,2026-07-21,3,70.26,Organic
O016161,C0608,P0013,2026-07-21,2,111.4,Organic
O016162,C0307,P0020,2026-07-21,3,238.41,Email
O016163,C0380,P0039,2026-07-21,3,310.74,Paid
O016164,C0151,P0038,2026-07-21,2,36.36,Organic
O016165,C0672,P0016,2026-07-21,3,171.0,Organic
O016166,C0784,P0022,2026-07-21,3,151.17,Referral
O016167,C0527,P0024,2026-07-21,3,336.42,Organic
O016168,C0020,P0019,2026-07-21,1,132.95,Organic
O016169,C0452,P0028,2026-07-21,3,125.52,Organic
O016170,C0095,P0029,2026-07-21,3,51.9,Organic
O016171,C0745,P0030,2026-07-21,1,34.69,Paid
O016172,C0017,P0034,2026-07-21,1,58.68,Organic
O016173,C0554,P0001,2026-07-21,2,454.04,Organic
O016174,C0400,P0013,2026-07-21,3,167.1,Email
O016175,C0016,P0022,2026-07-21,3,151.17,Paid
O016176,C0436,P0022,2026-07-21,2,100.78,Organic
O016177,C0237,P0024,2026-07-21,3,336.42,Organic
O016178,C0272,P0020,2026-07-21,1,79.47,Organic
O016179,C0104,P0019,2026-07-21,1,132.95,Organic
O016180,C0196,P0018,2026-07-21,3,147.57,Organic
O016181,C0368,P0017,2026-07-21,2,49.36,Email
O016182,C0758,P0032,2026-07-21,2,70.84,Paid
O016183,C0367,P0025,2026-07-21,2,77.74,Paid
O016184,C0352,P0029,2026-07-21,2,34.6,Organic
O016185,C0770,P0028,2026-07-21,3,125.52,Paid
O016186,C0793,P0032,2026-07-21,1,35.42,Organic
O016187,C0347,P0036,2026-07-21,2,144.22,Organic
O016188,C0066,P0040,2026-07-21,3,189.48,Email
O016189,C0301,P0038,2026-07-21,2,36.36,Organic
O016190,C0664,P0008,2026-07-22,2,453.06,Paid
O016191,C0619,P0006,2026-07-22,3,197.4,Organic
O016192,C0697,P0004,2026-07-22,3,507.69,Email
O016193,C0421,P0002,2026-07-22,1,185.4,Paid
O016194,C0390,P0012,2026-07-22,1,82.02,Organic
O016195,C0675,P0013,2026-07-22,2,111.4,Organic
O016196,C0654,P0010,2026-07-22,1,39.8,Referral
O016197,C0112,P0019,2026-07-22,2,265.9,Paid
O016198,C0794,P0018,2026-07-22,3,147.57,Organic
O016199,C0778,P0018,2026-07-22,2,98.38,Organic
O016200,C0749,P0017,2026-07-22,1,24.68,Organic
O016201,C0123,P0021,2026-07-22,3,179.82,Organic
O016202,C0039,P0031,2026-07-22,2,76.24,Organic
O016203,C0426,P0028,2026-07-22,3,125.52,Organic
O016204,C0258,P0030,2026-07-22,3,104.07,Organic
O016205,C0547,P0038,2026-07-22,1,18.18,Referral
O016206,C0263,P0039,2026-07-22,2,207.16,Paid
O016207,C0123,P0036,2026-07-22,1,72.11,Organic
O016208,C0320,P0002,2026-07-22,1,185.4,Referral
O016209,C0529,P0020,2026-07-22,2,158.94,Paid
O016210,C0218,P0023,2026-07-22,3,275.97,Paid
O016211,C0577,P0032,2026-07-22,2,70.84,Organic
O016212,C0644,P0027,2026-07-22,1,26.73,Referral
O016213,C0284,P0029,2026-07-22,3,51.9,Email
O016214,C0218,P0025,2026-07-22,3,116.61,Paid
O016215,C0644,P0033,2026-07-22,2,176.5,Organic
O016216,C0430,P0001,2026-07-22,3,681.06,Paid
O016217,C0176,P0001,2026-07-22,2,454.04,Paid
O016218,C0702,P0014,2026-07-22,3,70.26,Organic
O016219,C0635,P0016,2026-07-22,3,171.0,Organic
O016220,C0086,P0013,2026-07-22,2,111.4,Organic
O016221,C0453,P0012,2026-07-22,2,164.04,Referral
O016222,C0653,P0011,2026-07-22,1,31.31,Paid
O016223,C0665,P0020,2026-07-22,2,158.94,Email
O016224,C0700,P0020,2026-07-22,1,79.47,Paid
O016225,C0648,P0030,2026-07-22,1,34.69,Organic
O016226,C0729,P0029,2026-07-22,1,17.3,Paid
O016227,C0677,P0027,2026-07-22,2,53.46,Organic
O016228,C0247,P0040,2026-07-22,2,126.32,Organic
O016229,C0782,P0036,2026-07-22,2,144.22,Referral
O016230,C0755,P0038,2026-07-22,2,36.36,Organic
O016231,C0793,P0001,2026-07-22,2,454.04,Email
O016232,C0387,P0002,2026-07-22,3,556.2,Paid
O016233,C0036,P0003,2026-07-22,1,197.46,Email
O016234,C0037,P0007,2026-07-22,1,170.31,Paid
O016235,C0116,P0006,2026-07-22,3,197.4,Organic
O016236,C0505,P0016,2026-07-22,1,57.0,Organic
O016237,C0762,P0016,2026-07-22,2,114.0,Organic
O016238,C0027,P0016,2026-07-22,2,114.0,Paid
O016239,C0103,P0018,2026-07-22,1,49.19,Organic
O016240,C0185,P0020,2026-07-22,2,158.94,Paid
O016241,C0066,P0024,2026-07-22,2,224.28,Paid
O016242,C0366,P0017,2026-07-22,1,24.68,Organic
O016243,C0273,P0027,2026-07-22,1,26.73,Email
O016244,C0645,P0037,2026-07-22,3,124.71,Paid
O016245,C0541,P0040,2026-07-22,2,126.32,Paid
O016246,C0024,P0035,2026-07-22,1,88.25,Referral
O016247,C0126,P0035,2026-07-22,2,176.5,Organic
O016248,C0610,P0001,2026-07-23,2,454.04,Organic
O016249,C0375,P0004,2026-07-23,2,338.46,Paid
O016250,C0497,P0002,2026-07-23,3,556.2,Organic
O016251,C0142,P0003,2026-07-23,2,394.92,Email
O016252,C0406,P0010,2026-07-23,3,119.4,Organic
O016253,C0044,P0021,2026-07-23,3,179.82,Paid
O016254,C0471,P0022,2026-07-23,1,50.39,Organic
O016255,C0712,P0021,2026-07-23,1,59.94,Organic
O016256,C0085,P0024,2026-07-23,1,112.14,Organic
O016257,C0696,P0025,2026-07-23,3,116.61,Organic
O016258,C0123,P0038,2026-07-23,3,54.54,Email
O016259,C0256,P0001,2026-07-23,1,227.02,Email
O016260,C0355,P0039,2026-07-23,1,103.58,Organic
O016261,C0722,P0038,2026-07-23,1,18.18,Organic
O016262,C0029,P0001,2026-07-23,1,227.02,Referral
O016263,C0388,P0004,2026-07-23,2,338.46,Paid
O016264,C0404,P0001,2026-07-23,1,227.02,Email
O016265,C0735,P0012,2026-07-23,2,164.04,Organic
O016266,C0616,P0024,2026-07-23,1,112.14,Organic
O016267,C0625,P0019,2026-07-23,2,265.9,Organic
O016268,C0225,P0020,2026-07-23,2,158.94,Email
O016269,C0029,P0019,2026-07-23,3,398.85,Organic
O016270,C0522,P0027,2026-07-23,3,80.19,Paid
O016271,C0451,P0027,2026-07-23,3,80.19,Paid
O016272,C0304,P0030,2026-07-23,2,69.38,Organic
O016273,C0665,P0038,2026-07-23,2,36.36,Organic
O016274,C0462,P0006,2026-07-23,3,197.4,Paid
O016275,C0692,P0008,2026-07-23,2,453.06,Paid
O016276,C0065,P0002,2026-07-23,1,185.4,Organic
O016277,C0465,P0004,2026-07-23,1,169.23,Paid
O016278,C0779,P0020,2026-07-23,3,238.41,Paid
O016279,C0585,P0020,2026-07-23,1,79.47,Email
O016280,C0164,P0023,2026-07-23,2,183.98,Organic
O016281,C0692,P0024,2026-07-23,2,224.28,Paid
O016282,C0149,P0019,2026-07-23,1,132.95,Organic
O016283,C0072,P0019,2026-07-23,2,265.9,Email
O016284,C0554,P0026,2026-07-23,2,113.22,Organic
O016285,C0197,P0031,2026-07-23,3,114.36,Paid
O016286,C0517,P0036,2026-07-23,1,72.11,Email
O016287,C0208,P0003,2026-07-24,3,592.38,Paid
O016288,C0512,P0011,2026-07-24,2,62.62,Organic
O016289,C0275,P0010,2026-07-24,2,79.6,Organic
O016290,C0209,P0021,2026-07-24,3,179.82,Organic
O016291,C0798,P0019,2026-07-24,1,132.95,Paid
O016292,C0654,P0030,2026-07-24,1,34.69,Organic
O016293,C0631,P0040,2026-07-24,1,63.16,Referral
O016294,C0099,P0005,2026-07-24,1,345.69,Referral
O016295,C0524,P0016,2026-07-24,3,171.0,Paid
O016296,C0242,P0012,2026-07-24,2,164.04,Organic
O016297,C0687,P0010,2026-07-24,1,39.8,Referral
O016298,C0564,P0019,2026-07-24,3,398.85,Paid
O016299,C0220,P0024,2026-07-24,2,224.28,Organic
O016300,C0035,P0026,2026-07-24,1,56.61,Organic
O016301,C0040,P0026,2026-07-24,1,56.61,Organic
O016302,C0244,P0030,2026-07-24,3,104.07,Email
O016303,C0483,P0033,2026-07-24,1,88.25,Paid
O016304,C0005,P0011,2026-07-24,2,62.62,Paid
O016305,C0304,P0011,2026-07-24,2,62.62,Organic
O016306,C0627,P0023,2026-07-24,1,91.99,Organic
O016307,C0672,P0023,2026-07-24,1,91.99,Organic
O016308,C0225,P0017,2026-07-24,3,74.04,Paid
O016309,C0225,P0026,2026-07-24,1,56.61,Organic
O016310,C0111,P0025,2026-07-24,3,116.61,Organic
O016311,C0716,P0036,2026-07-24,2,144.22,Email
O016312,C0217,P0035,2026-07-24,2,176.5,Organic
O016313,C0627,P0038,2026-07-24,1,18.18,Organic
O016314,C0488,P0033,2026-07-24,3,264.75,Organic
O016315,C0658,P0007,2026-07-24,1,170.31,Paid
O016316,C0646,P0001,2026-07-24,1,227.02,Paid
O016317,C0302,P0005,2026-07-24,2,691.38,Organic
O016318,C0598,P0003,2026-07-24,2,394.92,Organic
O016319,C0618,P0014,2026-07-24,2,46.84,Organic
O016320,C0062,P0016,2026-07-24,3,171.0,Organic
O016321,C0124,P0015,2026-07-24,2,91.84,Paid
O016322,C0574,P0018,2026-07-24,3,147.57,Email
O016323,C0016,P0021,2026-07-24,3,179.82,Paid
O016324,C0398,P0018,2026-07-24,3,147.57,Email
O016325,C0480,P0020,2026-07-24,2,158.94,Email
O016326,C0358,P0027,2026-07-24,2,53.46,Paid
O016327,C0360,P0029,2026-07-24,2,34.6,Organic
O016328,C0338,P0040,2026-07-24,1,63.16,Paid
O016329,C0251,P0039,2026-07-24,1,103.58,Organic
O016330,C0650,P0035,2026-07-24,2,176.5,Organic
O016331,C0681,P0036,2026-07-24,3,216.33,Paid
O016332,C0603,P0002,2026-07-25,3,556.2,Email
O016333,C0637,P0008,2026-07-25,3,679.59,Organic
O016334,C0696,P0012,2026-07-25,3,246.06,Paid
O016335,C0019,P0010,2026-07-25,3,119.4,Email
O016336,C0002,P0016,2026-07-25,3,171.0,Paid
O016337,C0359,P0009,2026-07-25,2,118.02,Paid
O016338,C0708,P0024,2026-07-25,2,224.28,Paid
O016339,C0795,P0020,2026-07-25,3,238.41,Paid
O016340,C0142,P0026,2026-07-25,2,113.22,Organic
O016341,C0372,P0025,2026-07-25,3,116.61,Paid
O016342,C0600,P0033,2026-07-25,3,264.75,Organic
O016343,C0319,P0034,2026-07-25,3,176.04,Email
O016344,C0474,P0034,2026-07-25,3,176.04,Referral
O016345,C0055,P0038,2026-07-25,2,36.36,Paid
O016346,C0321,P0001,2026-07-25,2,454.04,Paid
O016347,C0316,P0004,2026-07-25,1,169.23,Referral
O016348,C0633,P0004,2026-07-25,1,169.23,Organic
O016349,C0311,P0002,2026-07-25,2,370.8,Email
O016350,C0355,P0012,2026-07-25,3,246.06,Organic
O016351,C0415,P0011,2026-07-25,3,93.93,Paid
O016352,C0501,P0012,2026-07-25,1,82.02,Organic
O016353,C0380,P0022,2026-07-25,1,50.39,Organic
O016354,C0596,P0023,2026-07-25,1,91.99,Referral
O016355,C0299,P0030,2026-07-25,1,34.69,Paid
O016356,C0578,P0027,2026-07-25,3,80.19,Organic
O016357,C0312,P0027,2026-07-25,1,26.73,Email
O016358,C0307,P0040,2026-07-25,2,126.32,Organic
O016359,C0308,P0035,2026-07-25,1,88.25,Organic
O016360,C0470,P0037,2026-07-25,1,41.57,Paid
O016361,C0091,P0035,2026-07-25,2,176.5,Paid
O016362,C0098,P0033,2026-07-25,3,264.75,Paid
O016363,C0021,P0005,2026-07-25,3,1037.07,Paid
O016364,C0445,P0008,2026-07-25,2,453.06,Organic
O016365,C0713,P0007,2026-07-25,2,340.62,Organic
O016366,C0001,P0007,2026-07-25,1,170.31,Organic
O016367,C0665,P0009,2026-07-25,2,118.02,Paid
O016368,C0783,P0015,2026-07-25,2,91.84,Paid
O016369,C0744,P0012,2026-07-25,3,246.06,Organic
O016370,C0784,P0022,2026-07-25,1,50.39,Paid
O016371,C0152,P0018,2026-07-25,2,98.38,Referral
O016372,C0213,P0024,2026-07-25,2,224.28,Organic
O016373,C0373,P0026,2026-07-25,3,169.83,Paid
O016374,C0152,P0031,2026-07-25,3,114.36,Referral
O016375,C0345,P0033,2026-07-25,3,264.75,Organic
O016376,C0351,P0038,2026-07-25,2,36.36,Paid
O016377,C0763,P0038,2026-07-25,1,18.18,Paid
O016378,C0503,P0037,2026-07-25,2,83.14,Organic
O016379,C0036,P0003,2026-07-25,1,197.46,Organic
O016380,C0505,P0008,2026-07-25,2,453.06,Paid
O016381,C0023,P0003,2026-07-25,3,592.38,Organic
O016382,C0762,P0003,2026-07-25,2,394.92,Referral
O016383,C0585,P0001,2026-07-25,1,227.02,Organic
O016384,C0574,P0010,2026-07-25,3,119.4,Organic
O016385,C0723,P0013,2026-07-25,2,111.4,Organic
O016386,C0300,P0019,2026-07-25,2,265.9,Organic
O016387,C0704,P0019,2026-07-25,3,398.85,Organic
O016388,C0515,P0017,2026-07-25,2,49.36,Organic
O016389,C0369,P0019,2026-07-25,2,265.9,Paid
O016390,C0505,P0025,2026-07-25,2,77.74,Organic
O016391,C0327,P0027,2026-07-25,1,26.73,Email
O016392,C0267,P0033,2026-07-25,1,88.25,Referral
O016393,C0164,P0036,2026-07-25,3,216.33,Email
O016394,C0481,P0037,2026-07-25,1,41.57,Organic
O016395,C0581,P0037,2026-07-25,1,41.57,Paid
O016396,C0081,P0002,2026-07-26,3,556.2,Organic
O016397,C0691,P0013,2026-07-26,1,55.7,Referral
O016398,C0332,P0013,2026-07-26,2,111.4,Paid
O016399,C0794,P0016,2026-07-26,3,171.0,Organic
O016400,C0536,P0020,2026-07-26,3,238.41,Referral
O016401,C0698,P0023,2026-07-26,1,91.99,Organic
O016402,C0708,P0024,2026-07-26,3,336.42,Organic
O016403,C0348,P0029,2026-07-26,1,17.3,Referral
O016404,C0595,P0026,2026-07-26,3,169.83,Organic
O016405,C0416,P0031,2026-07-26,1,38.12,Paid
O016406,C0289,P0032,2026-07-26,1,35.42,Organic
O016407,C0263,P0025,2026-07-26,2,77.74,Email
O016408,C0597,P0033,2026-07-26,1,88.25,Referral
O016409,C0330,P0035,2026-07-26,2,176.5,Organic
O016410,C0395,P0040,2026-07-26,1,63.16,Referral
O016411,C0281,P0006,2026-07-26,1,65.8,Paid
O016412,C0361,P0003,2026-07-26,2,394.92,Organic
O016413,C0504,P0001,2026-07-26,1,227.02,Referral
O016414,C0730,P0006,2026-07-26,1,65.8,Paid
O016415,C0437,P0003,2026-07-26,3,592.38,Paid
O016416,C0102,P0013,2026-07-26,3,167.1,Referral
O016417,C0277,P0012,2026-07-26,1,82.02,Email
O016418,C0151,P0011,2026-07-26,2,62.62,Paid
O016419,C0573,P0011,2026-07-26,1,31.31,Organic
O016420,C0018,P0021,2026-07-26,2,119.88,Paid
O016421,C0767,P0019,2026-07-26,1,132.95,Email
O016422,C0521,P0021,2026-07-26,3,179.82,Paid
O016423,C0730,P0020,2026-07-26,1,79.47,Paid
O016424,C0612,P0005,2026-07-26,2,691.38,Email
O016425,C0424,P0001,2026-07-26,1,227.02,Referral
O016426,C0255,P0007,2026-07-26,3,510.93,Organic
O016427,C0601,P0002,2026-07-26,3,556.2,Organic
O016428,C0665,P0003,2026-07-26,3,592.38,Paid
O016429,C0534,P0004,2026-07-26,1,169.23,Email
O016430,C0148,P0016,2026-07-26,1,57.0,Paid
O016431,C0647,P0015,2026-07-26,2,91.84,Paid
O016432,C0522,P0012,2026-07-26,1,82.02,Organic
O016433,C0010,P0009,2026-07-26,2,118.02,Paid
O016434,C0735,P0018,2026-07-26,2,98.38,Organic
O016435,C0130,P0020,2026-07-26,1,79.47,Organic
O016436,C0450,P0023,2026-07-26,3,275.97,Paid
O016437,C0538,P0018,2026-07-26,1,49.19,Organic
O016438,C0709,P0026,2026-07-26,3,169.83,Paid
O016439,C0554,P0001,2026-07-26,1,227.02,Organic
O016440,C0510,P0016,2026-07-26,3,171.0,Organic
O016441,C0772,P0010,2026-07-26,3,119.4,Organic
O016442,C0592,P0009,2026-07-26,2,118.02,Organic
O016443,C0090,P0015,2026-07-26,3,137.76,Referral
O016444,C0028,P0014,2026-07-26,2,46.84,Paid
O016445,C0387,P0019,2026-07-26,3,398.85,Paid
O016446,C0641,P0021,2026-07-26,3,179.82,Organic
O016447,C0757,P0029,2026-07-26,3,51.9,Referral
O016448,C0560,P0026,2026-07-26,2,113.22,Organic
O016449,C0301,P0025,2026-07-26,3,116.61,Organic
O016450,C0775,P0029,2026-07-26,1,17.3,Organic
O016451,C0183,P0027,2026-07-26,1,26.73,Paid
O016452,C0646,P0027,2026-07-26,3,80.19,Organic
O016453,C0692,P0031,2026-07-26,1,38.12,Paid
O016454,C0185,P0026,2026-07-26,3,169.83,Paid
O016455,C0650,P0031,2026-07-26,1,38.12,Organic
O016456,C0124,P0034,2026-07-26,1,58.68,Organic
O016457,C0058,P0033,2026-07-26,3,264.75,Paid
O016458,C0104,P0036,2026-07-26,1,72.11,Referral
O016459,C0089,P0040,2026-07-26,3,189.48,Paid
O016460,C0695,P0033,2026-07-26,3,264.75,Paid
O016461,C0426,P0007,2026-07-27,3,510.93,Paid
O016462,C0471,P0008,2026-07-27,2,453.06,Organic
O016463,C0742,P0004,2026-07-27,1,169.23,Paid
O016464,C0569,P0013,2026-07-27,2,111.4,Organic
O016465,C0170,P0021,2026-07-27,1,59.94,Referral
O016466,C0348,P0039,2026-07-27,2,207.16,Email
O016467,C0193,P0037,2026-07-27,2,83.14,Organic
O016468,C0557,P0006,2026-07-27,3,197.4,Paid
O016469,C0202,P0002,2026-07-27,3,556.2,Organic
O016470,C0096,P0007,2026-07-27,3,510.93,Organic
O016471,C0281,P0014,2026-07-27,3,70.26,Organic
O016472,C0780,P0013,2026-07-27,2,111.4,Organic
O016473,C0295,P0032,2026-07-27,2,70.84,Email
O016474,C0780,P0030,2026-07-27,1,34.69,Organic
O016475,C0586,P0030,2026-07-27,2,69.38,Organic
O016476,C0422,P0003,2026-07-27,1,197.46,Paid
O016477,C0714,P0008,2026-07-27,1,226.53,Paid
O016478,C0381,P0008,2026-07-27,2,453.06,Organic
O016479,C0315,P0013,2026-07-27,2,111.4,Organic
O016480,C0639,P0012,2026-07-27,3,246.06,Organic
O016481,C0159,P0009,2026-07-27,2,118.02,Organic
O016482,C0077,P0021,2026-07-27,3,179.82,Organic
O016483,C0247,P0019,2026-07-27,2,265.9,Organic
O016484,C0032,P0021,2026-07-27,2,119.88,Referral
O016485,C0553,P0033,2026-07-27,1,88.25,Organic
O016486,C0021,P0038,2026-07-27,2,36.36,Email
O016487,C0366,P0002,2026-07-27,3,556.2,Organic
O016488,C0300,P0006,2026-07-27,1,65.8,Organic
O016489,C0105,P0007,2026-07-27,2,340.62,Paid
O016490,C0233,P0005,2026-07-27,3,1037.07,Email
O016491,C0314,P0016,2026-07-27,3,171.0,Email
O016492,C0751,P0017,2026-07-27,3,74.04,Paid
O016493,C0645,P0027,2026-07-27,1,26.73,Organic
O016494,C0061,P0030,2026-07-27,2,69.38,Paid
O016495,C0525,P0030,2026-07-27,2,69.38,Paid
O016496,C0606,P0025,2026-07-27,2,77.74,Organic
O016497,C0583,P0040,2026-07-27,2,126.32,Paid
O016498,C0398,P0035,2026-07-27,1,88.25,Paid
O016499,C0467,P0033,2026-07-27,3,264.75,Email
O016500,C0147,P0040,2026-07-27,3,189.48,Email
O016501,C0328,P0011,2026-07-28,3,93.93,Organic
O016502,C0384,P0013,2026-07-28,3,167.1,Organic
O016503,C0749,P0010,2026-07-28,3,119.4,Email
O016504,C0169,P0024,2026-07-28,1,112.14,Paid
O016505,C0201,P0019,2026-07-28,3,398.85,Paid
O016506,C0774,P0022,2026-07-28,3,151.17,Organic
O016507,C0359,P0019,2026-07-28,3,398.85,Organic
O016508,C0280,P0027,2026-07-28,1,26.73,Paid
O016509,C0622,P0032,2026-07-28,1,35.42,Paid
O016510,C0548,P0025,2026-07-28,2,77.74,Organic
O016511,C0209,P0028,2026-07-28,2,83.68,Organic
O016512,C0283,P0030,2026-07-28,3,104.07,Organic
O016513,C0423,P0040,2026-07-28,2,126.32,Email
O016514,C0320,P0008,2026-07-28,3,679.59,Email
O016515,C0102,P0005,2026-07-28,1,345.69,Email
O016516,C0101,P0021,2026-07-28,1,59.94,Referral
O016517,C0006,P0019,2026-07-28,3,398.85,Email
O016518,C0502,P0027,2026-07-28,3,80.19,Organic
O016519,C0492,P0032,2026-07-28,2,70.84,Organic
O016520,C0760,P0035,2026-07-28,3,264.75,Organic
O016521,C0521,P0037,2026-07-28,3,124.71,Organic
O016522,C0281,P0037,2026-07-28,3,124.71,Organic
O016523,C0407,P0004,2026-07-28,3,507.69,Email
O016524,C0217,P0006,2026-07-28,2,131.6,Organic
O016525,C0152,P0016,2026-07-28,1,57.0,Organic
O016526,C0784,P0016,2026-07-28,3,171.0,Referral
O016527,C0240,P0009,2026-07-28,3,177.03,Email
O016528,C0559,P0010,2026-07-28,2,79.6,Paid
O016529,C0389,P0017,2026-07-28,1,24.68,Organic
O016530,C0453,P0019,2026-07-28,1,132.95,Referral
O016531,C0721,P0023,2026-07-28,3,275.97,Organic
O016532,C0477,P0031,2026-07-28,1,38.12,Email
O016533,C0601,P0031,2026-07-28,1,38.12,Organic
O016534,C0304,P0028,2026-07-28,1,41.84,Paid
O016535,C0429,P0031,2026-07-28,3,114.36,Email
O016536,C0563,P0038,2026-07-28,2,36.36,Email
O016537,C0727,P0040,2026-07-28,2,126.32,Organic
O016538,C0766,P0035,2026-07-28,1,88.25,Paid
O016539,C0717,P0040,2026-07-28,1,63.16,Paid
O016540,C0404,P0036,2026-07-28,1,72.11,Organic
O016541,C0528,P0038,2026-07-28,3,54.54,Paid
O016542,C0511,P0002,2026-07-28,1,185.4,Paid
O016543,C0037,P0015,2026-07-28,3,137.76,Email
O016544,C0222,P0015,2026-07-28,3,137.76,Email
O016545,C0103,P0031,2026-07-28,2,76.24,Referral
O016546,C0204,P0025,2026-07-28,3,116.61,Paid
O016547,C0650,P0039,2026-07-28,3,310.74,Email
O016548,C0371,P0036,2026-07-28,2,144.22,Organic
O016549,C0546,P0033,2026-07-28,2,176.5,Organic
O016550,C0546,P0040,2026-07-28,3,189.48,Email
O016551,C0270,P0006,2026-07-29,3,197.4,Email
O016552,C0749,P0004,2026-07-29,1,169.23,Email
O016553,C0749,P0005,2026-07-29,3,1037.07,Email
O016554,C0002,P0006,2026-07-29,3,197.4,Referral
O016555,C0401,P0002,2026-07-29,2,370.8,Organic
O016556,C0165,P0011,2026-07-29,2,62.62,Organic
O016557,C0423,P0015,2026-07-29,2,91.84,Referral
O016558,C0011,P0010,2026-07-29,1,39.8,Paid
O016559,C0170,P0021,2026-07-29,1,59.94,Paid
O016560,C0497,P0020,2026-07-29,1,79.47,Organic
O016561,C0642,P0024,2026-07-29,3,336.42,Referral
O016562,C0193,P0018,2026-07-29,2,98.38,Paid
O016563,C0600,P0017,2026-07-29,1,24.68,Referral
O016564,C0684,P0019,2026-07-29,1,132.95,Referral
O016565,C0169,P0028,2026-07-29,3,125.52,Organic
O016566,C0798,P0027,2026-07-29,2,53.46,Organic
O016567,C0637,P0031,2026-07-29,1,38.12,Paid
O016568,C0622,P0029,2026-07-29,1,17.3,Organic
O016569,C0039,P0031,2026-07-29,3,114.36,Organic
O016570,C0081,P0038,2026-07-29,3,54.54,Paid
O016571,C0332,P0039,2026-07-29,3,310.74,Paid
O016572,C0495,P0033,2026-07-29,3,264.75,Email
O016573,C0354,P0038,2026-07-29,1,18.18,Organic
O016574,C0600,P0039,2026-07-29,3,310.74,Organic
O016575,C0752,P0037,2026-07-29,3,124.71,Referral
O016576,C0292,P0007,2026-07-29,2,340.62,Paid
O016577,C0287,P0006,2026-07-29,2,131.6,Paid
O016578,C0192,P0002,2026-07-29,1,185.4,Paid
O016579,C0743,P0007,2026-07-29,3,510.93,Paid
O016580,C0633,P0011,2026-07-29,3,93.93,Email
O016581,C0093,P0012,2026-07-29,3,246.06,Organic
O016582,C0099,P0016,2026-07-29,1,57.0,Organic
O016583,C0537,P0017,2026-07-29,3,74.04,Paid
O016584,C0726,P0028,2026-07-29,1,41.84,Organic
O016585,C0218,P0031,2026-07-29,1,38.12,Organic
O016586,C0043,P0040,2026-07-29,1,63.16,Email
O016587,C0307,P0040,2026-07-29,3,189.48,Referral
O016588,C0324,P0015,2026-07-29,2,91.84,Paid
O016589,C0137,P0015,2026-07-29,2,91.84,Referral
O016590,C0051,P0015,2026-07-29,2,91.84,Organic
O016591,C0535,P0018,2026-07-29,1,49.19,Referral
O016592,C0500,P0018,2026-07-29,2,98.38,Organic
O016593,C0788,P0020,2026-07-29,1,79.47,Organic
O016594,C0621,P0024,2026-07-29,3,336.42,Organic
O016595,C0264,P0021,2026-07-29,2,119.88,Paid
O016596,C0385,P0018,2026-07-29,1,49.19,Referral
O016597,C0721,P0019,2026-07-29,3,398.85,Paid
O016598,C0556,P0028,2026-07-29,1,41.84,Organic
O016599,C0417,P0026,2026-07-29,3,169.83,Referral
O016600,C0106,P0040,2026-07-29,2,126.32,Organic
O016601,C0054,P0004,2026-07-29,2,338.46,Email
O016602,C0182,P0007,2026-07-29,1,170.31,Referral
O016603,C0183,P0012,2026-07-29,1,82.02,Paid
O016604,C0251,P0012,2026-07-29,3,246.06,Paid
O016605,C0360,P0012,2026-07-29,2,164.04,Email
O016606,C0027,P0019,2026-07-29,2,265.9,Paid
O016607,C0699,P0018,2026-07-29,2,98.38,Organic
O016608,C0089,P0020,2026-07-29,3,238.41,Organic
O016609,C0704,P0019,2026-07-29,2,265.9,Email
O016610,C0762,P0040,2026-07-29,1,63.16,Organic
O016611,C0561,P0003,2026-07-30,2,394.92,Organic
O016612,C0497,P0011,2026-07-30,3,93.93,Email
O016613,C0455,P0015,2026-07-30,1,45.92,Referral
O016614,C0778,P0009,2026-07-30,1,59.01,Email
O016615,C0039,P0018,2026-07-30,1,49.19,Email
O016616,C0125,P0032,2026-07-30,2,70.84,Organic
O016617,C0262,P0027,2026-07-30,1,26.73,Organic
O016618,C0332,P0033,2026-07-30,3,264.75,Organic
O016619,C0150,P0001,2026-07-30,2,454.04,Referral
O016620,C0307,P0014,2026-07-30,2,46.84,Organic
O016621,C0277,P0022,2026-07-30,3,151.17,Referral
O016622,C0759,P0017,2026-07-30,3,74.04,Paid
O016623,C0200,P0022,2026-07-30,1,50.39,Paid
O016624,C0087,P0028,2026-07-30,1,41.84,Paid
O016625,C0257,P0031,2026-07-30,2,76.24,Organic
O016626,C0764,P0038,2026-07-30,2,36.36,Organic
O016627,C0370,P0035,2026-07-30,2,176.5,Referral
O016628,C0291,P0039,2026-07-30,2,207.16,Organic
O016629,C0722,P0034,2026-07-30,2,117.36,Email
O016630,C0227,P0007,2026-07-30,1,170.31,Paid
O016631,C0719,P0001,2026-07-30,2,454.04,Email
O016632,C0725,P0004,2026-07-30,2,338.46,Organic
O016633,C0141,P0007,2026-07-30,1,170.31,Paid
O016634,C0739,P0005,2026-07-30,2,691.38,Organic
O016635,C0260,P0008,2026-07-30,2,453.06,Organic
O016636,C0702,P0013,2026-07-30,1,55.7,Paid
O016637,C0239,P0014,2026-07-30,3,70.26,Referral
O016638,C0221,P0019,2026-07-30,1,132.95,Organic
O016639,C0288,P0021,2026-07-30,1,59.94,Referral
O016640,C0647,P0019,2026-07-30,1,132.95,Organic
O016641,C0727,P0020,2026-07-30,2,158.94,Organic
O016642,C0254,P0032,2026-07-30,3,106.26,Organic
O016643,C0635,P0029,2026-07-30,1,17.3,Referral
O016644,C0725,P0034,2026-07-30,1,58.68,Referral
O016645,C0240,P0033,2026-07-30,1,88.25,Paid
O016646,C0133,P0034,2026-07-30,1,58.68,Organic
O016647,C0522,P0035,2026-07-30,2,176.5,Paid
O016648,C0734,P0021,2026-07-30,1,59.94,Organic
O016649,C0072,P0019,2026-07-30,1,132.95,Email
O016650,C0560,P0027,2026-07-30,2,53.46,Email
O016651,C0214,P0040,2026-07-30,3,189.48,Organic
O016652,C0253,P0009,2026-07-31,1,59.01,Organic
O016653,C0319,P0016,2026-07-31,2,114.0,Paid
O016654,C0752,P0022,2026-07-31,1,50.39,Organic
O016655,C0395,P0022,2026-07-31,2,100.78,Organic
O016656,C0348,P0032,2026-07-31,3,106.26,Email
O016657,C0231,P0029,2026-07-31,1,17.3,Organic
O016658,C0334,P0039,2026-07-31,2,207.16,Organic
O016659,C0440,P0033,2026-07-31,2,176.5,Organic
O016660,C0162,P0005,2026-07-31,1,345.69,Organic
O016661,C0549,P0005,2026-07-31,2,691.38,Organic
O016662,C0305,P0001,2026-07-31,2,454.04,Organic
O016663,C0101,P0014,2026-07-31,1,23.42,Referral
O016664,C0437,P0014,2026-07-31,2,46.84,Email
O016665,C0526,P0009,2026-07-31,1,59.01,Organic
O016666,C0529,P0013,2026-07-31,1,55.7,Referral
O016667,C0198,P0018,2026-07-31,3,147.57,Referral
O016668,C0410,P0023,2026-07-31,2,183.98,Organic
O016669,C0764,P0025,2026-07-31,3,116.61,Email
O016670,C0245,P0025,2026-07-31,3,116.61,Organic
O016671,C0151,P0029,2026-07-31,2,34.6,Email
O016672,C0101,P0030,2026-07-31,1,34.69,Organic
O016673,C0781,P0033,2026-07-31,1,88.25,Paid
O016674,C0489,P0036,2026-07-31,2,144.22,Organic
O016675,C0635,P0005,2026-07-31,2,691.38,Organic
O016676,C0431,P0002,2026-07-31,2,370.8,Email
O016677,C0522,P0004,2026-07-31,3,507.69,Email
O016678,C0020,P0009,2026-07-31,3,177.03,Organic
O016679,C0264,P0013,2026-07-31,3,167.1,Paid
O016680,C0634,P0020,2026-07-31,3,238.41,Paid
O016681,C0427,P0027,2026-07-31,1,26.73,Paid
O016682,C0756,P0032,2026-07-31,1,35.42,Paid
O016683,C0694,P0026,2026-07-31,1,56.61,Referral
O016684,C0184,P0032,2026-07-31,3,106.26,Organic
O016685,C0184,P0038,2026-07-31,1,18.18,Email
O016686,C0153,P0007,2026-07-31,3,510.93,Referral
O016687,C0228,P0006,2026-07-31,1,65.8,Referral
O016688,C0327,P0008,2026-07-31,3,679.59,Paid
O016689,C0360,P0002,2026-07-31,1,185.4,Organic
O016690,C0598,P0010,2026-07-31,1,39.8,Paid
O016691,C0650,P0010,2026-07-31,1,39.8,Paid
O016692,C0228,P0015,2026-07-31,3,137.76,Paid
O016693,C0160,P0014,2026-07-31,3,70.26,Organic
O016694,C0347,P0020,2026-07-31,3,238.41,Referral
O016695,C0124,P0021,2026-07-31,1,59.94,Email
O016696,C0313,P0024,2026-07-31,3,336.42,Email
O016697,C0465,P0019,2026-07-31,2,265.9,Email
O016698,C0574,P0017,2026-07-31,2,49.36,Organic
O016699,C0061,P0032,2026-07-31,1,35.42,Paid
O016700,C0398,P0031,2026-07-31,2,76.24,Email
O016701,C0436,P0033,2026-07-31,3,264.75,Organic
O016702,C0236,P0040,2026-07-31,1,63.16,Organic
O016703,C0585,P0040,2026-07-31,2,126.32,Email
O016704,C0461,P0034,2026-07-31,1,58.68,Organic
O016705,C0371,P0033,2026-07-31,1,88.25,Referral
O016706,C0075,P0002,2026-08-01,3,556.2,Email
O016707,C0446,P0014,2026-08-01,1,23.42,Organic
O016708,C0617,P0011,2026-08-01,1,31.31,Referral
O016709,C0165,P0022,2026-08-01,3,151.17,Paid
O016710,C0248,P0030,2026-08-01,1,34.69,Organic
O016711,C0787,P0030,2026-08-01,1,34.69,Paid
O016712,C0497,P0031,2026-08-01,2,76.24,Paid
O016713,C0048,P0032,2026-08-01,1,35.42,Referral
O016714,C0303,P0032,2026-08-01,3,106.26,Referral
O016715,C0600,P0033,2026-08-01,1,88.25,Referral
O016716,C0597,P0036,2026-08-01,2,144.22,Paid
O016717,C0289,P0039,2026-08-01,1,103.58,Email
O016718,C0082,P0033,2026-08-01,3,264.75,Paid
O016719,C0787,P0039,2026-08-01,3,310.74,Paid
O016720,C0165,P0038,2026-08-01,2,36.36,Email
O016721,C0383,P0002,2026-08-01,1,185.4,Organic
O016722,C0463,P0001,2026-08-01,2,454.04,Paid
O016723,C0632,P0008,2026-08-01,1,226.53,Paid
O016724,C0242,P0007,2026-08-01,2,340.62,Organic
O016725,C0162,P0004,2026-08-01,3,507.69,Organic
O016726,C0377,P0015,2026-08-01,2,91.84,Organic
O016727,C0644,P0016,2026-08-01,2,114.0,Organic
O016728,C0139,P0021,2026-08-01,1,59.94,Organic
O016729,C0018,P0021,2026-08-01,1,59.94,Email
O016730,C0340,P0020,2026-08-01,3,238.41,Organic
O016731,C0312,P0031,2026-08-01,2,76.24,Organic
O016732,C0277,P0034,2026-08-01,2,117.36,Paid
O016733,C0640,P0036,2026-08-01,1,72.11,Organic
O016734,C0644,P0037,2026-08-01,3,124.71,Paid
O016735,C0672,P0006,2026-08-01,3,197.4,Organic
O016736,C0001,P0012,2026-08-01,2,164.04,Organic
O016737,C0763,P0011,2026-08-01,3,93.93,Referral
O016738,C0717,P0012,2026-08-01,1,82.02,Organic
O016739,C0745,P0009,2026-08-01,1,59.01,Paid
O016740,C0213,P0013,2026-08-01,1,55.7,Organic
O016741,C0029,P0013,2026-08-01,1,55.7,Email
O016742,C0506,P0023,2026-08-01,3,275.97,Organic
O016743,C0051,P0022,2026-08-01,2,100.78,Organic
O016744,C0134,P0023,2026-08-01,1,91.99,Paid
O016745,C0404,P0022,2026-08-01,3,151.17,Paid
O016746,C0138,P0018,2026-08-01,3,147.57,Organic
O016747,C0694,P0028,2026-08-01,2,83.68,Organic
O016748,C0553,P0027,2026-08-01,3,80.19,Organic
O016749,C0701,P0025,2026-08-01,1,38.87,Email
O016750,C0755,P0029,2026-08-01,2,34.6,Organic
O016751,C0493,P0036,2026-08-01,2,144.22,Paid
O016752,C0134,P0036,2026-08-01,3,216.33,Paid
O016753,C0154,P0033,2026-08-01,2,176.5,Email
O016754,C0783,P0034,2026-08-01,3,176.04,Organic
O016755,C0323,P0039,2026-08-01,1,103.58,Organic
O016756,C0693,P0001,2026-08-01,2,454.04,Paid
O016757,C0486,P0007,2026-08-01,1,170.31,Paid
O016758,C0156,P0008,2026-08-01,3,679.59,Referral
O016759,C0013,P0007,2026-08-01,2,340.62,Paid
O016760,C0210,P0013,2026-08-01,3,167.1,Organic
O016761,C0222,P0011,2026-08-01,3,93.93,Organic
O016762,C0160,P0019,2026-08-01,3,398.85,Organic
O016763,C0461,P0022,2026-08-01,3,151.17,Paid
O016764,C0182,P0017,2026-08-01,1,24.68,Organic
O016765,C0371,P0032,2026-08-01,1,35.42,Paid
O016766,C0338,P0027,2026-08-01,1,26.73,Email
O016767,C0699,P0029,2026-08-01,3,51.9,Organic
O016768,C0251,P0025,2026-08-01,2,77.74,Email
O016769,C0681,P0031,2026-08-01,3,114.36,Organic
O016770,C0515,P0032,2026-08-01,3,106.26,Email
O016771,C0058,P0025,2026-08-01,3,116.61,Organic
O016772,C0229,P0032,2026-08-01,3,106.26,Paid
O016773,C0265,P0030,2026-08-01,3,104.07,Email
O016774,C0462,P0038,2026-08-01,1,18.18,Organic
O016775,C0376,P0003,2026-08-02,1,197.46,Organic
O016776,C0025,P0005,2026-08-02,3,1037.07,Email
O016777,C0516,P0014,2026-08-02,1,23.42,Paid
O016778,C0075,P0021,2026-08-02,1,59.94,Paid
O016779,C0540,P0023,2026-08-02,1,91.99,Paid
O016780,C0025,P0031,2026-08-02,3,114.36,Paid
O016781,C0039,P0032,2026-08-02,1,35.42,Organic
O016782,C0208,P0031,2026-08-02,1,38.12,Paid
O016783,C0395,P0039,2026-08-02,3,310.74,Organic
O016784,C0193,P0040,2026-08-02,1,63.16,Paid
O016785,C0474,P0034,2026-08-02,3,176.04,Organic
O016786,C0437,P0009,2026-08-02,2,118.02,Paid
O016787,C0615,P0022,2026-08-02,3,151.17,Organic
O016788,C0490,P0022,2026-08-02,1,50.39,Paid
O016789,C0158,P0019,2026-08-02,2,265.9,Referral
O016790,C0767,P0023,2026-08-02,2,183.98,Organic
O016791,C0098,P0024,2026-08-02,1,112.14,Email
O016792,C0410,P0023,2026-08-02,3,275.97,Paid
O016793,C0454,P0027,2026-08-02,3,80.19,Paid
O016794,C0759,P0030,2026-08-02,1,34.69,Referral
O016795,C0162,P0026,2026-08-02,1,56.61,Referral
O016796,C0158,P0037,2026-08-02,3,124.71,Organic
O016797,C0771,P0033,2026-08-02,1,88.25,Organic
O016798,C0579,P0038,2026-08-02,1,18.18,Organic
O016799,C0430,P0006,2026-08-02,3,197.4,Organic
O016800,C0707,P0002,2026-08-02,3,556.2,Organic
O016801,C0518,P0008,2026-08-02,3,679.59,Organic
O016802,C0254,P0003,2026-08-02,1,197.46,Paid
O016803,C0108,P0013,2026-08-02,3,167.1,Organic
O016804,C0636,P0029,2026-08-02,1,17.3,Organic
O016805,C0100,P0029,2026-08-02,2,34.6,Organic
O016806,C0424,P0026,2026-08-02,2,113.22,Organic
O016807,C0148,P0040,2026-08-02,3,189.48,Paid
O016808,C0385,P0036,2026-08-02,2,144.22,Paid
O016809,C0782,P0040,2026-08-02,1,63.16,Paid
O016810,C0347,P0004,2026-08-02,1,169.23,Organic
O016811,C0135,P0016,2026-08-02,3,171.0,Paid
O016812,C0762,P0009,2026-08-02,3,177.03,Organic
O016813,C0186,P0023,2026-08-02,2,183.98,Referral
O016814,C0387,P0017,2026-08-02,2,49.36,Referral
O016815,C0779,P0017,2026-08-02,1,24.68,Organic
O016816,C0366,P0019,2026-08-02,1,132.95,Organic
O016817,C0310,P0017,2026-08-02,1,24.68,Organic
O016818,C0074,P0022,2026-08-02,3,151.17,Organic
O016819,C0210,P0025,2026-08-02,1,38.87,Paid
O016820,C0322,P0026,2026-08-02,1,56.61,Organic
O016821,C0695,P0038,2026-08-02,1,18.18,Email
O016822,C0167,P0007,2026-08-03,2,340.62,Paid
O016823,C0752,P0003,2026-08-03,1,197.46,Organic
O016824,C0128,P0014,2026-08-03,1,23.42,Email
O016825,C0426,P0012,2026-08-03,3,246.06,Paid
O016826,C0110,P0013,2026-08-03,1,55.7,Organic
O016827,C0600,P0024,2026-08-03,2,224.28,Email
O016828,C0303,P0021,2026-08-03,2,119.88,Referral
O016829,C0547,P0027,2026-08-03,2,53.46,Referral
O016830,C0283,P0026,2026-08-03,2,113.22,Organic
O016831,C0516,P0026,2026-08-03,3,169.83,Email
O016832,C0476,P0034,2026-08-03,1,58.68,Paid
O016833,C0651,P0004,2026-08-03,1,169.23,Paid
O016834,C0703,P0005,2026-08-03,2,691.38,Email
O016835,C0448,P0015,2026-08-03,2,91.84,Paid
O016836,C0537,P0013,2026-08-03,2,111.4,Organic
O016837,C0299,P0012,2026-08-03,3,246.06,Paid
O016838,C0292,P0011,2026-08-03,3,93.93,Organic
O016839,C0732,P0011,2026-08-03,2,62.62,Organic
O016840,C0502,P0016,2026-08-03,3,171.0,Organic
O016841,C0180,P0010,2026-08-03,1,39.8,Organic
O016842,C0605,P0015,2026-08-03,3,137.76,Paid
O016843,C0307,P0024,2026-08-03,1,112.14,Paid
O016844,C0344,P0021,2026-08-03,2,119.88,Email
O016845,C0198,P0023,2026-08-03,3,275.97,Paid
O016846,C0113,P0025,2026-08-03,2,77.74,Organic
O016847,C0544,P0031,2026-08-03,2,76.24,Email
O016848,C0292,P0038,2026-08-03,1,18.18,Organic
O016849,C0117,P0035,2026-08-03,1,88.25,Paid
O016850,C0316,P0036,2026-08-03,2,144.22,Organic
O016851,C0570,P0035,2026-08-03,2,176.5,Organic
O016852,C0032,P0003,2026-08-03,2,394.92,Paid
O016853,C0589,P0002,2026-08-03,1,185.4,Paid
O016854,C0445,P0007,2026-08-03,3,510.93,Organic
O016855,C0700,P0012,2026-08-03,1,82.02,Paid
O016856,C0500,P0011,2026-08-03,3,93.93,Organic
O016857,C0714,P0015,2026-08-03,2,91.84,Paid
O016858,C0407,P0023,2026-08-03,2,183.98,Organic
O016859,C0438,P0024,2026-08-03,3,336.42,Paid
O016860,C0137,P0025,2026-08-03,2,77.74,Organic
O016861,C0339,P0031,2026-08-03,3,114.36,Organic
O016862,C0389,P0027,2026-08-03,3,80.19,Referral
O016863,C0724,P0029,2026-08-03,1,17.3,Organic
O016864,C0199,P0038,2026-08-03,1,18.18,Email
O016865,C0711,P0040,2026-08-03,2,126.32,Organic
O016866,C0467,P0001,2026-08-03,3,681.06,Email
O016867,C0222,P0005,2026-08-03,2,691.38,Referral
O016868,C0300,P0010,2026-08-03,1,39.8,Organic
O016869,C0367,P0013,2026-08-03,3,167.1,Email
O016870,C0705,P0010,2026-08-03,1,39.8,Paid
O016871,C0064,P0011,2026-08-03,1,31.31,Email
O016872,C0465,P0020,2026-08-03,3,238.41,Organic
O016873,C0278,P0019,2026-08-03,1,132.95,Referral
O016874,C0365,P0020,2026-08-03,3,238.41,Paid
O016875,C0056,P0017,2026-08-03,1,24.68,Paid
O016876,C0679,P0022,2026-08-03,1,50.39,Organic
O016877,C0459,P0029,2026-08-03,2,34.6,Paid
O016878,C0400,P0030,2026-08-03,1,34.69,Organic
O016879,C0272,P0033,2026-08-03,1,88.25,Organic
O016880,C0283,P0005,2026-08-04,1,345.69,Referral
O016881,C0046,P0001,2026-08-04,3,681.06,Organic
O016882,C0263,P0005,2026-08-04,1,345.69,Email
O016883,C0789,P0003,2026-08-04,2,394.92,Paid
O016884,C0456,P0016,2026-08-04,1,57.0,Paid
O016885,C0063,P0012,2026-08-04,1,82.02,Email
O016886,C0777,P0014,2026-08-04,3,70.26,Organic
O016887,C0532,P0009,2026-08-04,2,118.02,Organic
O016888,C0356,P0027,2026-08-04,3,80.19,Email
O016889,C0241,P0025,2026-08-04,3,116.61,Paid
O016890,C0034,P0028,2026-08-04,1,41.84,Referral
O016891,C0774,P0040,2026-08-04,2,126.32,Organic
O016892,C0081,P0038,2026-08-04,2,36.36,Paid
O016893,C0308,P0001,2026-08-04,1,227.02,Organic
O016894,C0703,P0006,2026-08-04,1,65.8,Paid
O016895,C0333,P0011,2026-08-04,2,62.62,Referral
O016896,C0113,P0022,2026-08-04,2,100.78,Email
O016897,C0312,P0024,2026-08-04,2,224.28,Paid
O016898,C0132,P0031,2026-08-04,1,38.12,Referral
O016899,C0298,P0025,2026-08-04,3,116.61,Email
O016900,C0350,P0032,2026-08-04,3,106.26,Paid
O016901,C0448,P0033,2026-08-04,1,88.25,Email
O016902,C0776,P0034,2026-08-04,1,58.68,Email
O016903,C0557,P0034,2026-08-04,3,176.04,Organic
O016904,C0710,P0004,2026-08-04,2,338.46,Paid
O016905,C0717,P0005,2026-08-04,3,1037.07,Email
O016906,C0443,P0004,2026-08-04,2,338.46,Paid
O016907,C0173,P0010,2026-08-04,1,39.8,Paid
O016908,C0130,P0010,2026-08-04,3,119.4,Organic
O016909,C0636,P0010,2026-08-04,1,39.8,Email
O016910,C0710,P0023,2026-08-04,2,183.98,Referral
O016911,C0015,P0031,2026-08-04,1,38.12,Organic
O016912,C0179,P0033,2026-08-04,3,264.75,Email
O016913,C0106,P0040,2026-08-04,1,63.16,Email
O016914,C0658,P0006,2026-08-04,2,131.6,Organic
O016915,C0267,P0001,2026-08-04,2,454.04,Organic
O016916,C0485,P0004,2026-08-04,1,169.23,Organic
O016917,C0436,P0002,2026-08-04,1,185.4,Organic
O016918,C0028,P0011,2026-08-04,3,93.93,Organic
O016919,C0014,P0018,2026-08-04,3,147.57,Referral
O016920,C0023,P0020,2026-08-04,1,79.47,Organic
O016921,C0124,P0028,2026-08-04,1,41.84,Organic
O016922,C0658,P0030,2026-08-04,1,34.69,Paid
O016923,C0554,P0031,2026-08-04,3,114.36,Email
O016924,C0712,P0003,2026-08-05,1,197.46,Email
O016925,C0335,P0008,2026-08-05,1,226.53,Referral
O016926,C0110,P0003,2026-08-05,3,592.38,Referral
O016927,C0576,P0015,2026-08-05,3,137.76,Paid
O016928,C0354,P0015,2026-08-05,1,45.92,Paid
O016929,C0696,P0014,2026-08-05,2,46.84,Paid
O016930,C0798,P0014,2026-08-05,1,23.42,Paid
O016931,C0263,P0010,2026-08-05,2,79.6,Referral
O016932,C0547,P0019,2026-08-05,1,132.95,Paid
O016933,C0696,P0017,2026-08-05,2,49.36,Organic
O016934,C0253,P0030,2026-08-05,3,104.07,Organic
O016935,C0413,P0036,2026-08-05,1,72.11,Paid
O016936,C0082,P0037,2026-08-05,1,41.57,Paid
O016937,C0242,P0004,2026-08-05,2,338.46,Organic
O016938,C0162,P0003,2026-08-05,3,592.38,Organic
O016939,C0737,P0004,2026-08-05,1,169.23,Organic
O016940,C0590,P0013,2026-08-05,3,167.1,Paid
O016941,C0189,P0018,2026-08-05,3,147.57,Paid
O016942,C0759,P0023,2026-08-05,3,275.97,Email
O016943,C0730,P0024,2026-08-05,1,112.14,Email
O016944,C0759,P0030,2026-08-05,2,69.38,Paid
O016945,C0666,P0031,2026-08-05,2,76.24,Organic
O016946,C0180,P0031,2026-08-05,2,76.24,Email
O016947,C0150,P0035,2026-08-05,1,88.25,Paid
O016948,C0033,P0002,2026-08-05,1,185.4,Organic
O016949,C0106,P0012,2026-08-05,2,164.04,Email
O016950,C0744,P0016,2026-08-05,2,114.0,Organic
O016951,C0763,P0009,2026-08-05,3,177.03,Organic
O016952,C0260,P0020,2026-08-05,2,158.94,Paid
O016953,C0783,P0022,2026-08-05,2,100.78,Organic
O016954,C0184,P0026,2026-08-05,3,169.83,Paid
O016955,C0518,P0029,2026-08-05,3,51.9,Organic
O016956,C0494,P0027,2026-08-05,1,26.73,Organic
O016957,C0362,P0029,2026-08-05,2,34.6,Email
O016958,C0496,P0034,2026-08-05,3,176.04,Organic
O016959,C0766,P0040,2026-08-05,1,63.16,Organic
O016960,C0747,P0039,2026-08-05,2,207.16,Organic
O016961,C0723,P0001,2026-08-05,1,227.02,Paid
O016962,C0643,P0004,2026-08-05,2,338.46,Organic
O016963,C0197,P0009,2026-08-05,3,177.03,Paid
O016964,C0267,P0012,2026-08-05,1,82.02,Paid
O016965,C0153,P0009,2026-08-05,3,177.03,Email
O016966,C0149,P0010,2026-08-05,2,79.6,Email
O016967,C0371,P0019,2026-08-05,2,265.9,Paid
O016968,C0153,P0017,2026-08-05,2,49.36,Email
O016969,C0031,P0022,2026-08-05,3,151.17,Email
O016970,C0775,P0021,2026-08-05,3,179.82,Organic
O016971,C0237,P0023,2026-08-05,2,183.98,Organic
O016972,C0598,P0028,2026-08-05,2,83.68,Paid
O016973,C0587,P0031,2026-08-05,3,114.36,Paid
O016974,C0300,P0026,2026-08-05,2,113.22,Paid
O016975,C0223,P0033,2026-08-05,2,176.5,Organic
O016976,C0258,P0002,2026-08-06,1,185.4,Organic
O016977,C0664,P0008,2026-08-06,1,226.53,Organic
O016978,C0070,P0013,2026-08-06,3,167.1,Paid
O016979,C0341,P0016,2026-08-06,2,114.0,Referral
O016980,C0708,P0024,2026-08-06,2,224.28,Organic
O016981,C0082,P0020,2026-08-06,2,158.94,Paid
O016982,C0334,P0030,2026-08-06,2,69.38,Paid
O016983,C0169,P0031,2026-08-06,2,76.24,Referral
O016984,C0241,P0026,2026-08-06,2,113.22,Email
O016985,C0696,P0034,2026-08-06,1,58.68,Organic
O016986,C0307,P0007,2026-08-06,3,510.93,Email
O016987,C0097,P0012,2026-08-06,2,164.04,Organic
O016988,C0731,P0011,2026-08-06,3,93.93,Organic
O016989,C0287,P0010,2026-08-06,3,119.4,Organic
O016990,C0131,P0010,2026-08-06,3,119.4,Paid
O016991,C0448,P0023,2026-08-06,3,275.97,Organic
O016992,C0611,P0017,2026-08-06,2,49.36,Paid
O016993,C0218,P0019,2026-08-06,3,398.85,Referral
O016994,C0238,P0040,2026-08-06,3,189.48,Paid
O016995,C0564,P0040,2026-08-06,2,126.32,Email
O016996,C0350,P0035,2026-08-06,3,264.75,Organic
O016997,C0391,P0038,2026-08-06,2,36.36,Paid
O016998,C0189,P0035,2026-08-06,2,176.5,Organic
O016999,C0059,P0005,2026-08-06,3,1037.07,Organic
O017000,C0407,P0005,2026-08-06,1,345.69,Organic
O017001,C0038,P0014,2026-08-06,1,23.42,Email
O017002,C0381,P0016,2026-08-06,2,114.0,Organic
O017003,C0677,P0019,2026-08-06,2,265.9,Email
O017004,C0431,P0018,2026-08-06,1,49.19,Paid
O017005,C0690,P0023,2026-08-06,3,275.97,Organic
O017006,C0553,P0022,2026-08-06,1,50.39,Referral
O017007,C0763,P0017,2026-08-06,1,24.68,Organic
O017008,C0107,P0028,2026-08-06,1,41.84,Organic
O017009,C0276,P0031,2026-08-06,3,114.36,Paid
O017010,C0711,P0030,2026-08-06,3,104.07,Email
O017011,C0318,P0030,2026-08-06,2,69.38,Organic
O017012,C0563,P0026,2026-08-06,2,113.22,Paid
O017013,C0635,P0032,2026-08-06,3,106.26,Referral
O017014,C0523,P0029,2026-08-06,1,17.3,Paid
O017015,C0623,P0034,2026-08-06,1,58.68,Organic
O017016,C0458,P0039,2026-08-06,3,310.74,Referral
O017017,C0508,P0039,2026-08-06,3,310.74,Organic
O017018,C0792,P0006,2026-08-06,1,65.8,Organic
O017019,C0459,P0002,2026-08-06,3,556.2,Paid
O017020,C0061,P0006,2026-08-06,3,197.4,Organic
O017021,C0645,P0007,2026-08-06,1,170.31,Organic
O017022,C0290,P0004,2026-08-06,1,169.23,Organic
O017023,C0723,P0012,2026-08-06,1,82.02,Organic
O017024,C0349,P0014,2026-08-06,2,46.84,Email
O017025,C0343,P0011,2026-08-06,3,93.93,Organic
O017026,C0546,P0014,2026-08-06,3,70.26,Organic
O017027,C0294,P0010,2026-08-06,2,79.6,Referral
O017028,C0296,P0018,2026-08-06,3,147.57,Paid
O017029,C0530,P0023,2026-08-06,2,183.98,Organic
O017030,C0352,P0022,2026-08-06,3,151.17,Referral
O017031,C0160,P0022,2026-08-06,3,151.17,Organic
O017032,C0646,P0027,2026-08-06,3,80.19,Organic
O017033,C0469,P0032,2026-08-06,3,106.26,Organic
O017034,C0031,P0032,2026-08-06,2,70.84,Paid
O017035,C0157,P0035,2026-08-06,1,88.25,Organic
O017036,C0272,P0035,2026-08-06,2,176.5,Paid
O017037,C0588,P0003,2026-08-07,1,197.46,Organic
O017038,C0205,P0004,2026-08-07,2,338.46,Organic
O017039,C0174,P0016,2026-08-07,3,171.0,Organic
O017040,C0795,P0016,2026-08-07,2,114.0,Email
O017041,C0175,P0016,2026-08-07,3,171.0,Paid
O017042,C0118,P0024,2026-08-07,2,224.28,Organic
O017043,C0078,P0024,2026-08-07,1,112.14,Paid
O017044,C0359,P0018,2026-08-07,3,147.57,Referral
O017045,C0706,P0027,2026-08-07,2,53.46,Paid
O017046,C0280,P0037,2026-08-07,2,83.14,Email
O017047,C0190,P0035,2026-08-07,3,264.75,Paid
O017048,C0561,P0036,2026-08-07,1,72.11,Paid
O017049,C0268,P0034,2026-08-07,3,176.04,Organic
O017050,C0548,P0033,2026-08-07,3,264.75,Paid
O017051,C0321,P0007,2026-08-07,2,340.62,Email
O017052,C0484,P0011,2026-08-07,2,62.62,Referral
O017053,C0202,P0018,2026-08-07,3,147.57,Email
O017054,C0586,P0020,2026-08-07,1,79.47,Paid
O017055,C0761,P0027,2026-08-07,1,26.73,Referral
O017056,C0101,P0031,2026-08-07,1,38.12,Email
O017057,C0720,P0025,2026-08-07,1,38.87,Paid
O017058,C0117,P0028,2026-08-07,2,83.68,Paid
O017059,C0501,P0034,2026-08-07,1,58.68,Paid
O017060,C0216,P0034,2026-08-07,1,58.68,Email
O017061,C0163,P0002,2026-08-07,3,556.2,Referral
O017062,C0388,P0001,2026-08-07,2,454.04,Organic
O017063,C0450,P0003,2026-08-07,1,197.46,Paid
O017064,C0288,P0001,2026-08-07,3,681.06,Referral
O017065,C0719,P0008,2026-08-07,1,226.53,Referral
O017066,C0593,P0003,2026-08-07,2,394.92,Organic
O017067,C0464,P0005,2026-08-07,3,1037.07,Email
O017068,C0719,P0009,2026-08-07,3,177.03,Organic
O017069,C0518,P0020,2026-08-07,2,158.94,Paid
O017070,C0213,P0023,2026-08-07,3,275.97,Paid
O017071,C0443,P0018,2026-08-07,2,98.38,Paid
O017072,C0199,P0021,2026-08-07,3,179.82,Paid
O017073,C0408,P0023,2026-08-07,2,183.98,Email
O017074,C0665,P0019,2026-08-07,2,265.9,Paid
O017075,C0393,P0025,2026-08-07,1,38.87,Organic
O017076,C0163,P0031,2026-08-07,3,114.36,Paid
O017077,C0451,P0040,2026-08-07,1,63.16,Email
O017078,C0464,P0038,2026-08-07,1,18.18,Referral
O017079,C0338,P0006,2026-08-07,2,131.6,Organic
O017080,C0704,P0001,2026-08-07,2,454.04,Organic
O017081,C0056,P0005,2026-08-07,2,691.38,Paid
O017082,C0062,P0004,2026-08-07,3,507.69,Referral
O017083,C0541,P0012,2026-08-07,2,164.04,Email
O017084,C0581,P0012,2026-08-07,1,82.02,Organic
O017085,C0182,P0014,2026-08-07,3,70.26,Email
O017086,C0136,P0010,2026-08-07,2,79.6,Paid
O017087,C0368,P0011,2026-08-07,2,62.62,Paid
O017088,C0674,P0013,2026-08-07,1,55.7,Organic
O017089,C0157,P0017,2026-08-07,1,24.68,Referral
O017090,C0267,P0024,2026-08-07,2,224.28,Referral
O017091,C0645,P0030,2026-08-07,3,104.07,Email
O017092,C0302,P0028,2026-08-07,2,83.68,Referral
O017093,C0650,P0037,2026-08-07,1,41.57,Organic
O017094,C0626,P0036,2026-08-07,1,72.11,Organic
O017095,C0587,P0036,2026-08-07,3,216.33,Email
O017096,C0330,P0006,2026-08-08,2,131.6,Organic
O017097,C0372,P0005,2026-08-08,1,345.69,Referral
O017098,C0002,P0002,2026-08-08,2,370.8,Email
O017099,C0174,P0010,2026-08-08,3,119.4,Paid
O017100,C0789,P0009,2026-08-08,3,177.03,Paid
O017101,C0078,P0012,2026-08-08,1,82.02,Referral
O017102,C0356,P0009,2026-08-08,1,59.01,Paid
O017103,C0773,P0017,2026-08-08,3,74.04,Organic
O017104,C0706,P0021,2026-08-08,1,59.94,Organic
O017105,C0552,P0020,2026-08-08,1,79.47,Organic
O017106,C0063,P0023,2026-08-08,1,91.99,Paid
O017107,C0011,P0030,2026-08-08,3,104.07,Paid
O017108,C0406,P0036,2026-08-08,3,216.33,Paid
O017109,C0070,P0040,2026-08-08,1,63.16,Organic
O017110,C0743,P0007,2026-08-08,3,510.93,Organic
O017111,C0096,P0015,2026-08-08,2,91.84,Paid
O017112,C0753,P0010,2026-08-08,3,119.4,Organic
O017113,C0101,P0015,2026-08-08,1,45.92,Organic
O017114,C0687,P0012,2026-08-08,2,164.04,Organic
O017115,C0242,P0012,2026-08-08,3,246.06,Paid
O017116,C0533,P0012,2026-08-08,3,246.06,Organic
O017117,C0651,P0014,2026-08-08,2,46.84,Referral
O017118,C0232,P0022,2026-08-08,1,50.39,Organic
O017119,C0040,P0024,2026-08-08,3,336.42,Organic
O017120,C0018,P0018,2026-08-08,2,98.38,Email
O017121,C0238,P0037,2026-08-08,2,83.14,Referral
O017122,C0557,P0034,2026-08-08,3,176.04,Paid
O017123,C0101,P0036,2026-08-08,2,144.22,Organic
O017124,C0226,P0038,2026-08-08,3,54.54,Paid
O017125,C0350,P0037,2026-08-08,3,124.71,Paid
O017126,C0599,P0037,2026-08-08,1,41.57,Organic
O017127,C0703,P0036,2026-08-08,2,144.22,Organic
O017128,C0242,P0036,2026-08-08,1,72.11,Paid
O017129,C0392,P0004,2026-08-08,1,169.23,Paid
O017130,C0173,P0001,2026-08-08,1,227.02,Organic
O017131,C0134,P0004,2026-08-08,3,507.69,Paid
O017132,C0443,P0007,2026-08-08,2,340.62,Paid
O017133,C0240,P0015,2026-08-08,1,45.92,Organic
O017134,C0563,P0009,2026-08-08,1,59.01,Organic
O017135,C0392,P0012,2026-08-08,3,246.06,Email
O017136,C0015,P0012,2026-08-08,1,82.02,Organic
O017137,C0255,P0026,2026-08-08,1,56.61,Organic
O017138,C0429,P0032,2026-08-08,3,106.26,Paid
O017139,C0154,P0032,2026-08-08,1,35.42,Paid
O017140,C0702,P0034,2026-08-08,3,176.04,Paid
O017141,C0171,P0034,2026-08-08,1,58.68,Email
O017142,C0724,P0039,2026-08-08,3,310.74,Organic
O017143,C0191,P0002,2026-08-08,3,556.2,Organic
O017144,C0779,P0008,2026-08-08,3,679.59,Organic
O017145,C0367,P0003,2026-08-08,3,592.38,Paid
O017146,C0650,P0005,2026-08-08,3,1037.07,Organic
O017147,C0480,P0007,2026-08-08,3,510.93,Paid
O017148,C0509,P0004,2026-08-08,1,169.23,Email
O017149,C0485,P0006,2026-08-08,2,131.6,Paid
O017150,C0435,P0006,2026-08-08,3,197.4,Organic
O017151,C0369,P0003,2026-08-08,3,592.38,Referral
O017152,C0517,P0009,2026-08-08,3,177.03,Referral
O017153,C0023,P0016,2026-08-08,3,171.0,Organic
O017154,C0066,P0013,2026-08-08,3,167.1,Organic
O017155,C0646,P0011,2026-08-08,3,93.93,Organic
O017156,C0785,P0017,2026-08-08,3,74.04,Paid
O017157,C0486,P0018,2026-08-08,3,147.57,Paid
O017158,C0313,P0029,2026-08-08,1,17.3,Paid
O017159,C0278,P0032,2026-08-08,1,35.42,Paid
O017160,C0554,P0027,2026-08-08,1,26.73,Organic
O017161,C0347,P0031,2026-08-08,3,114.36,Organic
O017162,C0028,P0033,2026-08-08,1,88.25,Organic
O017163,C0505,P0035,2026-08-08,3,264.75,Paid
O017164,C0765,P0003,2026-08-09,2,394.92,Referral
O017165,C0617,P0010,2026-08-09,2,79.6,Email
O017166,C0440,P0010,2026-08-09,3,119.4,Email
O017167,C0773,P0010,2026-08-09,3,119.4,Organic
O017168,C0774,P0014,2026-08-09,1,23.42,Organic
O017169,C0007,P0010,2026-08-09,3,119.4,Organic
O017170,C0125,P0015,2026-08-09,1,45.92,Organic
O017171,C0386,P0014,2026-08-09,1,23.42,Paid
O017172,C0414,P0014,2026-08-09,1,23.42,Paid
O017173,C0019,P0019,2026-08-09,3,398.85,Organic
O017174,C0540,P0021,2026-08-09,1,59.94,Email
O017175,C0248,P0018,2026-08-09,2,98.38,Email
O017176,C0507,P0030,2026-08-09,1,34.69,Paid
O017177,C0052,P0027,2026-08-09,1,26.73,Paid
O017178,C0120,P0032,2026-08-09,2,70.84,Organic
O017179,C0081,P0031,2026-08-09,1,38.12,Organic
O017180,C0607,P0038,2026-08-09,3,54.54,Organic
O017181,C0675,P0036,2026-08-09,3,216.33,Paid
O017182,C0414,P0040,2026-08-09,2,126.32,Email
O017183,C0279,P0040,2026-08-09,1,63.16,Paid
O017184,C0799,P0003,2026-08-09,2,394.92,Organic
O017185,C0102,P0014,2026-08-09,2,46.84,Email
O017186,C0308,P0016,2026-08-09,3,171.0,Email
O017187,C0093,P0009,2026-08-09,2,118.02,Paid
O017188,C0720,P0014,2026-08-09,1,23.42,Organic
O017189,C0470,P0013,2026-08-09,3,167.1,Email
O017190,C0150,P0020,2026-08-09,2,158.94,Paid
O017191,C0590,P0021,2026-08-09,2,119.88,Organic
O017192,C0415,P0028,2026-08-09,1,41.84,Referral
O017193,C0668,P0032,2026-08-09,2,70.84,Paid
O017194,C0399,P0040,2026-08-09,1,63.16,Organic
O017195,C0299,P0039,2026-08-09,3,310.74,Paid
O017196,C0018,P0040,2026-08-09,1,63.16,Organic
O017197,C0575,P0038,2026-08-09,2,36.36,Organic
O017198,C0299,P0035,2026-08-09,2,176.5,Paid
O017199,C0315,P0004,2026-08-09,1,169.23,Organic
O017200,C0005,P0005,2026-08-09,3,1037.07,Organic
O017201,C0558,P0006,2026-08-09,3,197.4,Organic
O017202,C0227,P0013,2026-08-09,2,111.4,Referral
O017203,C0522,P0014,2026-08-09,2,46.84,Organic
O017204,C0127,P0014,2026-08-09,2,46.84,Paid
O017205,C0304,P0018,2026-08-09,1,49.19,Referral
O017206,C0464,P0024,2026-08-09,3,336.42,Organic
O017207,C0616,P0036,2026-08-09,2,144.22,Paid
O017208,C0550,P0005,2026-08-09,1,345.69,Referral
O017209,C0229,P0001,2026-08-09,2,454.04,Email
O017210,C0116,P0001,2026-08-09,1,227.02,Organic
O017211,C0327,P0002,2026-08-09,3,556.2,Organic
O017212,C0147,P0004,2026-08-09,2,338.46,Organic
O017213,C0349,P0009,2026-08-09,1,59.01,Organic
O017214,C0037,P0014,2026-08-09,3,70.26,Referral
O017215,C0024,P0009,2026-08-09,1,59.01,Paid
O017216,C0265,P0018,2026-08-09,2,98.38,Organic
O017217,C0692,P0019,2026-08-09,1,132.95,Organic
O017218,C0147,P0022,2026-08-09,3,151.17,Email
O017219,C0352,P0018,2026-08-09,3,147.57,Organic
O017220,C0156,P0028,2026-08-09,2,83.68,Paid
O017221,C0122,P0032,2026-08-09,1,35.42,Organic
O017222,C0587,P0040,2026-08-09,2,126.32,Paid
O017223,C0758,P0039,2026-08-09,2,207.16,Paid
O017224,C0126,P0039,2026-08-09,3,310.74,Referral
O017225,C0641,P0033,2026-08-09,3,264.75,Paid
O017226,C0303,P0003,2026-08-10,2,394.92,Referral
O017227,C0468,P0002,2026-08-10,2,370.8,Organic
O017228,C0396,P0003,2026-08-10,3,592.38,Paid
O017229,C0569,P0010,2026-08-10,2,79.6,Organic
O017230,C0379,P0013,2026-08-10,2,111.4,Paid
O017231,C0049,P0014,2026-08-10,1,23.42,Organic
O017232,C0657,P0021,2026-08-10,3,179.82,Email
O017233,C0266,P0028,2026-08-10,2,83.68,Organic
O017234,C0002,P0034,2026-08-10,1,58.68,Email
O017235,C0125,P0040,2026-08-10,1,63.16,Organic
O017236,C0630,P0038,2026-08-10,3,54.54,Organic
O017237,C0129,P0015,2026-08-10,1,45.92,Paid
O017238,C0490,P0010,2026-08-10,2,79.6,Email
O017239,C0526,P0016,2026-08-10,2,114.0,Organic
O017240,C0131,P0023,2026-08-10,3,275.97,Paid
O017241,C0629,P0026,2026-08-10,3,169.83,Paid
O017242,C0350,P0039,2026-08-10,2,207.16,Organic
O017243,C0006,P0037,2026-08-10,3,124.71,Paid
O017244,C0422,P0001,2026-08-10,2,454.04,Referral
O017245,C0012,P0006,2026-08-10,1,65.8,Email
O017246,C0660,P0006,2026-08-10,1,65.8,Paid
O017247,C0427,P0004,2026-08-10,2,338.46,Organic
O017248,C0106,P0009,2026-08-10,2,118.02,Paid
O017249,C0707,P0015,2026-08-10,2,91.84,Referral
O017250,C0584,P0021,2026-08-10,2,119.88,Organic
O017251,C0635,P0040,2026-08-10,3,189.48,Paid
O017252,C0505,P0006,2026-08-10,3,197.4,Organic
O017253,C0775,P0004,2026-08-10,1,169.23,Referral
O017254,C0481,P0023,2026-08-10,1,91.99,Organic
O017255,C0182,P0018,2026-08-10,1,49.19,Organic
O017256,C0699,P0017,2026-08-10,3,74.04,Organic
O017257,C0439,P0031,2026-08-10,3,114.36,Paid
O017258,C0185,P0026,2026-08-10,2,113.22,Referral
O017259,C0300,P0027,2026-08-10,2,53.46,Referral
O017260,C0062,P0036,2026-08-10,1,72.11,Organic
O017261,C0366,P0037,2026-08-10,1,41.57,Paid
O017262,C0551,P0038,2026-08-10,3,54.54,Paid
O017263,C0631,P0003,2026-08-11,2,394.92,Organic
O017264,C0076,P0008,2026-08-11,2,453.06,Organic
O017265,C0637,P0013,2026-08-11,3,167.1,Email
O017266,C0303,P0010,2026-08-11,1,39.8,Organic
O017267,C0795,P0024,2026-08-11,2,224.28,Referral
O017268,C0631,P0028,2026-08-11,3,125.52,Organic
O017269,C0749,P0030,2026-08-11,2,69.38,Organic
O017270,C0386,P0036,2026-08-11,3,216.33,Paid
O017271,C0678,P0040,2026-08-11,3,189.48,Organic
O017272,C0238,P0007,2026-08-11,1,170.31,Referral
O017273,C0399,P0008,2026-08-11,1,226.53,Organic
O017274,C0192,P0023,2026-08-11,3,275.97,Email
O017275,C0614,P0025,2026-08-11,3,116.61,Paid
O017276,C0256,P0040,2026-08-11,2,126.32,Email
O017277,C0286,P0034,2026-08-11,1,58.68,Email
O017278,C0543,P0035,2026-08-11,1,88.25,Organic
O017279,C0682,P0038,2026-08-11,3,54.54,Organic
O017280,C0754,P0001,2026-08-11,2,454.04,Organic
O017281,C0627,P0006,2026-08-11,1,65.8,Organic
O017282,C0613,P0008,2026-08-11,3,679.59,Referral
O017283,C0095,P0001,2026-08-11,3,681.06,Organic
O017284,C0744,P0012,2026-08-11,3,246.06,Paid
O017285,C0452,P0011,2026-08-11,3,93.93,Paid
O017286,C0138,P0013,2026-08-11,3,167.1,Organic
O017287,C0003,P0024,2026-08-11,3,336.42,Paid
O017288,C0601,P0017,2026-08-11,1,24.68,Paid
O017289,C0565,P0032,2026-08-11,1,35.42,Organic
O017290,C0673,P0029,2026-08-11,2,34.6,Paid
O017291,C0430,P0029,2026-08-11,1,17.3,Organic
O017292,C0443,P0031,2026-08-11,3,114.36,Paid
O017293,C0523,P0040,2026-08-11,1,63.16,Email
O017294,C0345,P0033,2026-08-11,3,264.75,Organic
O017295,C0255,P0039,2026-08-11,3,310.74,Organic
O017296,C0558,P0038,2026-08-11,1,18.18,Organic
O017297,C0677,P0039,2026-08-11,2,207.16,Organic
O017298,C0445,P0034,2026-08-11,3,176.04,Organic
O017299,C0663,P0040,2026-08-11,1,63.16,Email
O017300,C0393,P0037,2026-08-11,1,41.57,Organic
O017301,C0467,P0005,2026-08-11,1,345.69,Organic
O017302,C0352,P0001,2026-08-11,3,681.06,Organic
O017303,C0546,P0001,2026-08-11,3,681.06,Organic
O017304,C0567,P0016,2026-08-11,3,171.0,Email
O017305,C0313,P0016,2026-08-11,1,57.0,Email
O017306,C0185,P0009,2026-08-11,1,59.01,Paid
O017307,C0182,P0014,2026-08-11,2,46.84,Organic
O017308,C0310,P0012,2026-08-11,2,164.04,Organic
O017309,C0482,P0010,2026-08-11,2,79.6,Organic
O017310,C0641,P0013,2026-08-11,3,167.1,Email
O017311,C0671,P0023,2026-08-11,2,183.98,Email
O017312,C0658,P0021,2026-08-11,3,179.82,Organic
O017313,C0191,P0018,2026-08-11,3,147.57,Organic
O017314,C0480,P0030,2026-08-11,2,69.38,Organic
O017315,C0367,P0025,2026-08-11,2,77.74,Organic
O017316,C0530,P0037,2026-08-11,2,83.14,Paid
O017317,C0031,P0037,2026-08-11,2,83.14,Email
O017318,C0610,P0005,2026-08-12,1,345.69,Organic
O017319,C0248,P0001,2026-08-12,2,454.04,Organic
O017320,C0796,P0003,2026-08-12,1,197.46,Email
O017321,C0046,P0014,2026-08-12,3,70.26,Referral
O017322,C0414,P0016,2026-08-12,2,114.0,Organic
O017323,C0765,P0009,2026-08-12,2,118.02,Email
O017324,C0082,P0016,2026-08-12,2,114.0,Paid
O017325,C0112,P0010,2026-08-12,2,79.6,Paid
O017326,C0548,P0023,2026-08-12,2,183.98,Email
O017327,C0765,P0024,2026-08-12,1,112.14,Paid
O017328,C0253,P0023,2026-08-12,3,275.97,Referral
O017329,C0123,P0021,2026-08-12,1,59.94,Paid
O017330,C0082,P0020,2026-08-12,2,158.94,Paid
O017331,C0401,P0028,2026-08-12,3,125.52,Organic
O017332,C0279,P0031,2026-08-12,3,114.36,Email
O017333,C0120,P0031,2026-08-12,1,38.12,Paid
O017334,C0125,P0028,2026-08-12,1,41.84,Paid
O017335,C0289,P0031,2026-08-12,1,38.12,Organic
O017336,C0390,P0036,2026-08-12,3,216.33,Organic
O017337,C0002,P0038,2026-08-12,2,36.36,Paid
O017338,C0208,P0035,2026-08-12,2,176.5,Organic
O017339,C0564,P0008,2026-08-12,1,226.53,Paid
O017340,C0102,P0014,2026-08-12,3,70.26,Paid
O017341,C0448,P0021,2026-08-12,2,119.88,Paid
O017342,C0504,P0018,2026-08-12,2,98.38,Organic
O017343,C0676,P0022,2026-08-12,1,50.39,Organic
O017344,C0655,P0022,2026-08-12,2,100.78,Paid
O017345,C0437,P0031,2026-08-12,2,76.24,Organic
O017346,C0781,P0027,2026-08-12,2,53.46,Organic
O017347,C0470,P0028,2026-08-12,2,83.68,Organic
O017348,C0488,P0007,2026-08-12,3,510.93,Paid
O017349,C0729,P0004,2026-08-12,2,338.46,Paid
O017350,C0582,P0010,2026-08-12,2,79.6,Organic
O017351,C0393,P0013,2026-08-12,3,167.1,Paid
O017352,C0672,P0009,2026-08-12,3,177.03,Referral
O017353,C0534,P0012,2026-08-12,2,164.04,Organic
O017354,C0259,P0019,2026-08-12,2,265.9,Referral
O017355,C0207,P0022,2026-08-12,1,50.39,Email
O017356,C0269,P0017,2026-08-12,2,49.36,Organic
O017357,C0616,P0029,2026-08-12,2,34.6,Organic
O017358,C0325,P0026,2026-08-12,3,169.83,Paid
O017359,C0108,P0032,2026-08-12,1,35.42,Email
O017360,C0362,P0033,2026-08-12,1,88.25,Organic
O017361,C0285,P0004,2026-08-12,3,507.69,Email
O017362,C0206,P0002,2026-08-12,3,556.2,Email
O017363,C0587,P0002,2026-08-12,2,370.8,Paid
O017364,C0649,P0012,2026-08-12,3,246.06,Paid
O017365,C0695,P0013,2026-08-12,3,167.1,Email
O017366,C0028,P0018,2026-08-12,2,98.38,Organic
O017367,C0428,P0024,2026-08-12,3,336.42,Paid
O017368,C0770,P0021,2026-08-12,2,119.88,Organic
O017369,C0592,P0023,2026-08-12,3,275.97,Organic
O017370,C0265,P0027,2026-08-12,3,80.19,Organic
O017371,C0367,P0033,2026-08-12,2,176.5,Paid
O017372,C0013,P0037,2026-08-12,2,83.14,Organic
O017373,C0229,P0039,2026-08-12,3,310.74,Email
O017374,C0322,P0035,2026-08-12,2,176.5,Referral
O017375,C0007,P0006,2026-08-13,1,65.8,Organic
O017376,C0697,P0006,2026-08-13,3,197.4,Paid
O017377,C0475,P0008,2026-08-13,3,679.59,Organic
O017378,C0396,P0002,2026-08-13,1,185.4,Organic
O017379,C0552,P0014,2026-08-13,2,46.84,Organic
O017380,C0654,P0011,2026-08-13,3,93.93,Organic
O017381,C0052,P0026,2026-08-13,1,56.61,Organic
O017382,C0664,P0027,2026-08-13,1,26.73,Referral
O017383,C0348,P0031,2026-08-13,3,114.36,Email
O017384,C0078,P0033,2026-08-13,3,264.75,Paid
O017385,C0291,P0008,2026-08-13,2,453.06,Paid
O017386,C0703,P0007,2026-08-13,3,510.93,Paid
O017387,C0470,P0007,2026-08-13,1,170.31,Organic
O017388,C0676,P0002,2026-08-13,2,370.8,Paid
O017389,C0380,P0015,2026-08-13,2,91.84,Organic
O017390,C0305,P0009,2026-08-13,1,59.01,Organic
O017391,C0198,P0013,2026-08-13,2,111.4,Paid
O017392,C0666,P0022,2026-08-13,3,151.17,Referral
O017393,C0771,P0030,2026-08-13,2,69.38,Email
O017394,C0399,P0031,2026-08-13,1,38.12,Email
O017395,C0158,P0026,2026-08-13,3,169.83,Paid
O017396,C0454,P0035,2026-08-13,1,88.25,Referral
O017397,C0407,P0005,2026-08-13,3,1037.07,Paid
O017398,C0663,P0008,2026-08-13,3,679.59,Organic
O017399,C0636,P0001,2026-08-13,3,681.06,Email
O017400,C0683,P0015,2026-08-13,3,137.76,Paid
O017401,C0115,P0018,2026-08-13,2,98.38,Paid
O017402,C0407,P0029,2026-08-13,1,17.3,Organic
O017403,C0430,P0027,2026-08-13,1,26.73,Paid
O017404,C0171,P0029,2026-08-13,2,34.6,Email
O017405,C0438,P0026,2026-08-13,3,169.83,Organic
O017406,C0095,P0030,2026-08-13,3,104.07,Organic
O017407,C0173,P0033,2026-08-13,1,88.25,Organic
O017408,C0528,P0033,2026-08-13,3,264.75,Organic
O017409,C0187,P0036,2026-08-13,1,72.11,Organic
O017410,C0146,P0038,2026-08-13,1,18.18,Paid
O017411,C0451,P0036,2026-08-13,2,144.22,Email
O017412,C0020,P0036,2026-08-13,2,144.22,Organic
O017413,C0058,P0003,2026-08-13,2,394.92,Organic
O017414,C0164,P0006,2026-08-13,3,197.4,Organic
O017415,C0400,P0011,2026-08-13,1,31.31,Referral
O017416,C0023,P0015,2026-08-13,2,91.84,Paid
O017417,C0758,P0015,2026-08-13,1,45.92,Organic
O017418,C0480,P0010,2026-08-13,2,79.6,Organic
O017419,C0236,P0016,2026-08-13,1,57.0,Organic
O017420,C0695,P0017,2026-08-13,3,74.04,Organic
O017421,C0572,P0026,2026-08-13,3,169.83,Paid
O017422,C0515,P0031,2026-08-13,3,114.36,Organic
O017423,C0037,P0028,2026-08-13,2,83.68,Organic
O017424,C0022,P0031,2026-08-13,2,76.24,Organic
O017425,C0013,P0040,2026-08-13,3,189.48,Paid
O017426,C0618,P0038,2026-08-13,3,54.54,Paid
O017427,C0263,P0003,2026-08-14,1,197.46,Paid
O017428,C0547,P0003,2026-08-14,3,592.38,Paid
O017429,C0046,P0011,2026-08-14,1,31.31,Email
O017430,C0177,P0016,2026-08-14,2,114.0,Organic
O017431,C0471,P0009,2026-08-14,3,177.03,Organic
O017432,C0328,P0014,2026-08-14,1,23.42,Paid
O017433,C0696,P0016,2026-08-14,1,57.0,Organic
O017434,C0319,P0020,2026-08-14,1,79.47,Paid
O017435,C0654,P0026,2026-08-14,1,56.61,Organic
O017436,C0406,P0029,2026-08-14,2,34.6,Organic
O017437,C0386,P0035,2026-08-14,1,88.25,Referral
O017438,C0340,P0006,2026-08-14,1,65.8,Paid
O017439,C0537,P0003,2026-08-14,1,197.46,Paid
O017440,C0305,P0003,2026-08-14,3,592.38,Organic
O017441,C0307,P0016,2026-08-14,2,114.0,Organic
O017442,C0504,P0030,2026-08-14,3,104.07,Referral
O017443,C0132,P0032,2026-08-14,2,70.84,Organic
O017444,C0599,P0028,2026-08-14,3,125.52,Organic
O017445,C0728,P0036,2026-08-14,1,72.11,Email
O017446,C0333,P0035,2026-08-14,1,88.25,Organic
O017447,C0484,P0037,2026-08-14,2,83.14,Organic
O017448,C0345,P0003,2026-08-14,1,197.46,Paid
O017449,C0373,P0005,2026-08-14,1,345.69,Organic
O017450,C0038,P0015,2026-08-14,2,91.84,Organic
O017451,C0138,P0013,2026-08-14,3,167.1,Organic
O017452,C0745,P0010,2026-08-14,1,39.8,Referral
O017453,C0227,P0016,2026-08-14,1,57.0,Organic
O017454,C0107,P0009,2026-08-14,3,177.03,Organic
O017455,C0582,P0024,2026-08-14,1,112.14,Referral
O017456,C0562,P0017,2026-08-14,3,74.04,Organic
O017457,C0015,P0017,2026-08-14,2,49.36,Organic
O017458,C0784,P0024,2026-08-14,2,224.28,Organic
O017459,C0137,P0030,2026-08-14,3,104.07,Paid
O017460,C0187,P0028,2026-08-14,3,125.52,Organic
O017461,C0373,P0028,2026-08-14,2,83.68,Email
O017462,C0003,P0025,2026-08-14,2,77.74,Organic
O017463,C0225,P0030,2026-08-14,2,69.38,Referral
O017464,C0694,P0036,2026-08-14,3,216.33,Organic
O017465,C0639,P0039,2026-08-14,2,207.16,Email
O017466,C0669,P0038,2026-08-14,2,36.36,Organic
O017467,C0775,P0006,2026-08-14,2,131.6,Paid
O017468,C0542,P0005,2026-08-14,1,345.69,Email
O017469,C0679,P0007,2026-08-14,3,510.93,Paid
O017470,C0103,P0002,2026-08-14,3,556.2,Paid
O017471,C0457,P0001,2026-08-14,3,681.06,Referral
O017472,C0290,P0005,2026-08-14,2,691.38,Organic
O017473,C0149,P0013,2026-08-14,1,55.7,Referral
O017474,C0530,P0011,2026-08-14,3,93.93,Paid
O017475,C0064,P0024,2026-08-14,3,336.42,Paid
O017476,C0499,P0030,2026-08-14,2,69.38,Paid
O017477,C0785,P0029,2026-08-14,2,34.6,Organic
O017478,C0693,P0028,2026-08-14,1,41.84,Email
O017479,C0206,P0035,2026-08-14,2,176.5,Paid
O017480,C0751,P0034,2026-08-14,1,58.68,Organic
O017481,C0598,P0037,2026-08-14,1,41.57,Paid
O017482,C0681,P0034,2026-08-14,3,176.04,Referral
O017483,C0167,P0004,2026-08-15,2,338.46,Paid
O017484,C0423,P0007,2026-08-15,2,340.62,Email
O017485,C0375,P0008,2026-08-15,2,453.06,Organic
O017486,C0341,P0002,2026-08-15,2,370.8,Organic
O017487,C0140,P0009,2026-08-15,3,177.03,Organic
O017488,C0205,P0016,2026-08-15,2,114.0,Organic
O017489,C0696,P0010,2026-08-15,1,39.8,Organic
O017490,C0070,P0016,2026-08-15,3,171.0,Paid
O017491,C0622,P0009,2026-08-15,2,118.02,Organic
O017492,C0081,P0020,2026-08-15,3,238.41,Referral
O017493,C0597,P0017,2026-08-15,2,49.36,Organic
O017494,C0654,P0020,2026-08-15,2,158.94,Organic
O017495,C0536,P0021,2026-08-15,2,119.88,Organic
O017496,C0118,P0032,2026-08-15,2,70.84,Paid
O017497,C0359,P0027,2026-08-15,3,80.19,Organic
O017498,C0698,P0032,2026-08-15,3,106.26,Paid
O017499,C0548,P0034,2026-08-15,1,58.68,Organic
O017500,C0526,P0004,2026-08-15,1,169.23,Paid
O017501,C0399,P0015,2026-08-15,2,91.84,Email
O017502,C0150,P0016,2026-08-15,3,171.0,Paid
O017503,C0632,P0011,2026-08-15,1,31.31,Organic
O017504,C0098,P0009,2026-08-15,2,118.02,Referral
O017505,C0470,P0010,2026-08-15,3,119.4,Email
O017506,C0131,P0020,2026-08-15,2,158.94,Organic
O017507,C0489,P0020,2026-08-15,1,79.47,Paid
O017508,C0257,P0018,2026-08-15,2,98.38,Organic
O017509,C0629,P0026,2026-08-15,1,56.61,Paid
O017510,C0093,P0031,2026-08-15,3,114.36,Email
O017511,C0490,P0040,2026-08-15,1,63.16,Paid
O017512,C0141,P0006,2026-08-15,1,65.8,Paid
O017513,C0404,P0007,2026-08-15,3,510.93,Paid
O017514,C0107,P0004,2026-08-15,3,507.69,Email
O017515,C0134,P0005,2026-08-15,1,345.69,Email
O017516,C0721,P0001,2026-08-15,2,454.04,Email
O017517,C0173,P0008,2026-08-15,1,226.53,Email
O017518,C0137,P0010,2026-08-15,1,39.8,Email
O017519,C0710,P0009,2026-08-15,3,177.03,Organic
O017520,C0009,P0012,2026-08-15,1,82.02,Paid
O017521,C0389,P0011,2026-08-15,1,31.31,Paid
O017522,C0506,P0019,2026-08-15,2,265.9,Email
O017523,C0260,P0026,2026-08-15,2,113.22,Paid
O017524,C0409,P0036,2026-08-15,3,216.33,Organic
O017525,C0638,P0005,2026-08-15,3,1037.07,Organic
O017526,C0402,P0006,2026-08-15,2,131.6,Organic
O017527,C0662,P0009,2026-08-15,1,59.01,Organic
O017528,C0467,P0015,2026-08-15,2,91.84,Organic
O017529,C0301,P0019,2026-08-15,1,132.95,Paid
O017530,C0147,P0021,2026-08-15,1,59.94,Paid
O017531,C0480,P0021,2026-08-15,1,59.94,Organic
O017532,C0181,P0022,2026-08-15,1,50.39,Paid
O017533,C0322,P0019,2026-08-15,2,265.9,Paid
O017534,C0014,P0032,2026-08-15,2,70.84,Email
O017535,C0191,P0031,2026-08-15,2,76.24,Paid
O017536,C0688,P0031,2026-08-15,3,114.36,Organic
O017537,C0335,P0001,2026-08-16,2,454.04,Organic
O017538,C0128,P0004,2026-08-16,3,507.69,Organic
O017539,C0610,P0005,2026-08-16,1,345.69,Paid
O017540,C0004,P0015,2026-08-16,2,91.84,Paid
O017541,C0603,P0013,2026-08-16,2,111.4,Paid
O017542,C0468,P0014,2026-08-16,1,23.42,Paid
O017543,C0512,P0016,2026-08-16,3,171.0,Referral
O017544,C0778,P0023,2026-08-16,1,91.99,Referral
O017545,C0354,P0024,2026-08-16,2,224.28,Organic
O017546,C0263,P0022,2026-08-16,1,50.39,Email
O017547,C0250,P0031,2026-08-16,3,114.36,Organic
O017548,C0706,P0032,2026-08-16,2,70.84,Paid
O017549,C0637,P0038,2026-08-16,3,54.54,Paid
O017550,C0696,P0033,2026-08-16,2,176.5,Organic
O017551,C0656,P0033,2026-08-16,2,176.5,Organic
O017552,C0607,P0036,2026-08-16,3,216.33,Organic
O017553,C0403,P0034,2026-08-16,2,117.36,Paid
O017554,C0268,P0039,2026-08-16,2,207.16,Referral
O017555,C0549,P0005,2026-08-16,1,345.69,Organic
O017556,C0212,P0002,2026-08-16,3,556.2,Paid
O017557,C0492,P0013,2026-08-16,2,111.4,Organic
O017558,C0537,P0009,2026-08-16,1,59.01,Paid
O017559,C0238,P0010,2026-08-16,2,79.6,Paid
O017560,C0520,P0013,2026-08-16,1,55.7,Organic
O017561,C0281,P0013,2026-08-16,2,111.4,Organic
O017562,C0604,P0024,2026-08-16,1,112.14,Referral
O017563,C0043,P0017,2026-08-16,2,49.36,Organic
O017564,C0611,P0024,2026-08-16,3,336.42,Organic
O017565,C0666,P0017,2026-08-16,2,49.36,Email
O017566,C0501,P0025,2026-08-16,2,77.74,Referral
O017567,C0245,P0026,2026-08-16,3,169.83,Paid
O017568,C0139,P0028,2026-08-16,2,83.68,Organic
O017569,C0399,P0035,2026-08-16,3,264.75,Organic
O017570,C0616,P0004,2026-08-16,2,338.46,Organic
O017571,C0755,P0001,2026-08-16,2,454.04,Referral
O017572,C0325,P0006,2026-08-16,1,65.8,Organic
O017573,C0562,P0014,2026-08-16,1,23.42,Organic
O017574,C0683,P0020,2026-08-16,1,79.47,Organic
O017575,C0005,P0021,2026-08-16,1,59.94,Organic
O017576,C0710,P0023,2026-08-16,2,183.98,Organic
O017577,C0719,P0022,2026-08-16,2,100.78,Email
O017578,C0323,P0020,2026-08-16,1,79.47,Organic
O017579,C0001,P0019,2026-08-16,2,265.9,Paid
O017580,C0020,P0029,2026-08-16,1,17.3,Paid
O017581,C0702,P0027,2026-08-16,2,53.46,Organic
O017582,C0017,P0031,2026-08-16,3,114.36,Organic
O017583,C0518,P0025,2026-08-16,3,116.61,Paid
O017584,C0255,P0029,2026-08-16,2,34.6,Organic
O017585,C0114,P0033,2026-08-16,1,88.25,Paid
O017586,C0754,P0040,2026-08-16,3,189.48,Organic
O017587,C0592,P0003,2026-08-16,1,197.46,Organic
O017588,C0349,P0009,2026-08-16,3,177.03,Referral
O017589,C0056,P0016,2026-08-16,3,171.0,Organic
O017590,C0686,P0010,2026-08-16,1,39.8,Paid
O017591,C0574,P0013,2026-08-16,1,55.7,Referral
O017592,C0066,P0018,2026-08-16,2,98.38,Organic
O017593,C0105,P0024,2026-08-16,3,336.42,Paid
O017594,C0050,P0024,2026-08-16,3,336.42,Paid
O017595,C0196,P0028,2026-08-16,3,125.52,Paid
O017596,C0313,P0031,2026-08-16,3,114.36,Email
O017597,C0301,P0026,2026-08-16,1,56.61,Paid
O017598,C0135,P0029,2026-08-16,3,51.9,Organic
O017599,C0425,P0032,2026-08-16,3,106.26,Paid
O017600,C0160,P0031,2026-08-16,1,38.12,Email
O017601,C0560,P0039,2026-08-16,1,103.58,Organic
O017602,C0302,P0040,2026-08-16,1,63.16,Organic
O017603,C0476,P0001,2026-08-17,1,227.02,Organic
O017604,C0118,P0001,2026-08-17,3,681.06,Organic
O017605,C0401,P0015,2026-08-17,3,137.76,Paid
O017606,C0474,P0009,2026-08-17,2,118.02,Email
O017607,C0696,P0018,2026-08-17,3,147.57,Paid
O017608,C0263,P0022,2026-08-17,1,50.39,Organic
O017609,C0253,P0021,2026-08-17,3,179.82,Paid
O017610,C0049,P0027,2026-08-17,1,26.73,Email
O017611,C0209,P0029,2026-08-17,2,34.6,Organic
O017612,C0536,P0031,2026-08-17,3,114.36,Organic
O017613,C0548,P0025,2026-08-17,2,77.74,Paid
O017614,C0112,P0039,2026-08-17,3,310.74,Referral
O017615,C0395,P0035,2026-08-17,1,88.25,Paid
O017616,C0379,P0039,2026-08-17,1,103.58,Organic
O017617,C0287,P0003,2026-08-17,3,592.38,Organic
O017618,C0573,P0006,2026-08-17,2,131.6,Referral
O017619,C0732,P0015,2026-08-17,1,45.92,Paid
O017620,C0753,P0012,2026-08-17,3,246.06,Email
O017621,C0759,P0016,2026-08-17,2,114.0,Organic
O017622,C0305,P0024,2026-08-17,2,224.28,Organic
O017623,C0596,P0027,2026-08-17,1,26.73,Email
O017624,C0726,P0032,2026-08-17,1,35.42,Referral
O017625,C0243,P0040,2026-08-17,3,189.48,Paid
O017626,C0431,P0004,2026-08-17,1,169.23,Paid
O017627,C0450,P0005,2026-08-17,3,1037.07,Organic
O017628,C0744,P0006,2026-08-17,1,65.8,Paid
O017629,C0155,P0003,2026-08-17,1,197.46,Email
O017630,C0713,P0009,2026-08-17,2,118.02,Organic
O017631,C0710,P0014,2026-08-17,1,23.42,Referral
O017632,C0623,P0009,2026-08-17,3,177.03,Organic
O017633,C0108,P0010,2026-08-17,2,79.6,Paid
O017634,C0534,P0016,2026-08-17,1,57.0,Organic
O017635,C0788,P0018,2026-08-17,3,147.57,Organic
O017636,C0431,P0018,2026-08-17,3,147.57,Organic
O017637,C0095,P0028,2026-08-17,2,83.68,Email
O017638,C0535,P0039,2026-08-17,2,207.16,Organic
O017639,C0494,P0033,2026-08-17,3,264.75,Email
O017640,C0351,P0036,2026-08-17,3,216.33,Email
O017641,C0237,P0003,2026-08-17,1,197.46,Organic
O017642,C0686,P0007,2026-08-17,1,170.31,Paid
O017643,C0658,P0003,2026-08-17,1,197.46,Referral
O017644,C0157,P0009,2026-08-17,2,118.02,Email
O017645,C0061,P0021,2026-08-17,3,179.82,Paid
O017646,C0572,P0026,2026-08-17,3,169.83,Paid
O017647,C0762,P0032,2026-08-17,2,70.84,Organic
O017648,C0031,P0036,2026-08-17,1,72.11,Paid
O017649,C0073,P0036,2026-08-17,2,144.22,Paid
O017650,C0270,P0002,2026-08-18,2,370.8,Organic
O017651,C0622,P0003,2026-08-18,2,394.92,Referral
O017652,C0401,P0008,2026-08-18,1,226.53,Organic
O017653,C0708,P0007,2026-08-18,2,340.62,Paid
O017654,C0444,P0011,2026-08-18,3,93.93,Referral
O017655,C0364,P0017,2026-08-18,1,24.68,Organic
O017656,C0706,P0024,2026-08-18,3,336.42,Organic
O017657,C0019,P0020,2026-08-18,1,79.47,Paid
O017658,C0777,P0017,2026-08-18,3,74.04,Paid
O017659,C0740,P0022,2026-08-18,1,50.39,Organic
O017660,C0063,P0031,2026-08-18,1,38.12,Organic
O017661,C0512,P0038,2026-08-18,3,54.54,Paid
O017662,C0611,P0007,2026-08-18,3,510.93,Referral
O017663,C0326,P0003,2026-08-18,2,394.92,Email
O017664,C0447,P0005,2026-08-18,3,1037.07,Referral
O017665,C0151,P0010,2026-08-18,1,39.8,Organic
O017666,C0575,P0009,2026-08-18,2,118.02,Organic
O017667,C0609,P0017,2026-08-18,2,49.36,Organic
O017668,C0767,P0019,2026-08-18,2,265.9,Organic
O017669,C0121,P0019,2026-08-18,2,265.9,Paid
O017670,C0571,P0023,2026-08-18,3,275.97,Paid
O017671,C0590,P0028,2026-08-18,3,125.52,Organic
O017672,C0308,P0032,2026-08-18,1,35.42,Email
O017673,C0726,P0026,2026-08-18,3,169.83,Organic
O017674,C0557,P0025,2026-08-18,3,116.61,Referral
O017675,C0261,P0037,2026-08-18,1,41.57,Paid
O017676,C0463,P0039,2026-08-18,1,103.58,Email
O017677,C0383,P0039,2026-08-18,3,310.74,Paid
O017678,C0312,P0036,2026-08-18,2,144.22,Organic
O017679,C0032,P0013,2026-08-18,2,111.4,Paid
O017680,C0756,P0012,2026-08-18,3,246.06,Organic
O017681,C0452,P0024,2026-08-18,1,112.14,Organic
O017682,C0538,P0022,2026-08-18,1,50.39,Referral
O017683,C0032,P0028,2026-08-18,2,83.68,Organic
O017684,C0660,P0030,2026-08-18,1,34.69,Organic
O017685,C0021,P0030,2026-08-18,1,34.69,Organic
O017686,C0254,P0031,2026-08-18,2,76.24,Paid
O017687,C0345,P0025,2026-08-18,2,77.74,Paid
O017688,C0669,P0025,2026-08-18,3,116.61,Email
O017689,C0264,P0033,2026-08-18,2,176.5,Organic
O017690,C0417,P0037,2026-08-18,1,41.57,Organic
O017691,C0739,P0040,2026-08-18,3,189.48,Paid
O017692,C0385,P0038,2026-08-18,1,18.18,Organic
O017693,C0587,P0002,2026-08-18,2,370.8,Organic
O017694,C0327,P0005,2026-08-18,1,345.69,Organic
O017695,C0306,P0001,2026-08-18,1,227.02,Organic
O017696,C0469,P0006,2026-08-18,3,197.4,Email
O017697,C0104,P0013,2026-08-18,3,167.1,Paid
O017698,C0671,P0009,2026-08-18,1,59.01,Email
O017699,C0047,P0014,2026-08-18,3,70.26,Paid
O017700,C0459,P0011,2026-08-18,2,62.62,Organic
O017701,C0641,P0017,2026-08-18,2,49.36,Organic
O017702,C0466,P0028,2026-08-18,3,125.52,Paid
O017703,C0066,P0030,2026-08-18,2,69.38,Paid
O017704,C0183,P0036,2026-08-18,3,216.33,Referral
O017705,C0285,P0033,2026-08-18,3,264.75,Email
O017706,C0421,P0002,2026-08-19,2,370.8,Paid
O017707,C0474,P0001,2026-08-19,2,454.04,Organic
O017708,C0353,P0008,2026-08-19,3,679.59,Referral
O017709,C0637,P0004,2026-08-19,3,507.69,Email
O017710,C0112,P0010,2026-08-19,2,79.6,Organic
O017711,C0765,P0024,2026-08-19,2,224.28,Paid
O017712,C0610,P0021,2026-08-19,1,59.94,Referral
O017713,C0742,P0027,2026-08-19,1,26.73,Paid
O017714,C0283,P0034,2026-08-19,1,58.68,Email
O017715,C0501,P0001,2026-08-19,1,227.02,Email
O017716,C0245,P0004,2026-08-19,1,169.23,Organic
O017717,C0271,P0013,2026-08-19,3,167.1,Paid
O017718,C0370,P0024,2026-08-19,3,336.42,Organic
O017719,C0768,P0023,2026-08-19,2,183.98,Paid
O017720,C0543,P0017,2026-08-19,2,49.36,Paid
O017721,C0490,P0017,2026-08-19,2,49.36,Organic
O017722,C0761,P0028,2026-08-19,1,41.84,Referral
O017723,C0042,P0036,2026-08-19,3,216.33,Organic
O017724,C0529,P0036,2026-08-19,3,216.33,Referral
O017725,C0703,P0036,2026-08-19,2,144.22,Organic
O017726,C0377,P0035,2026-08-19,1,88.25,Email
O017727,C0388,P0003,2026-08-19,1,197.46,Organic
O017728,C0148,P0003,2026-08-19,2,394.92,Paid
O017729,C0127,P0003,2026-08-19,1,197.46,Paid
O017730,C0166,P0005,2026-08-19,2,691.38,Organic
O017731,C0324,P0008,2026-08-19,3,679.59,Paid
O017732,C0434,P0028,2026-08-19,2,83.68,Paid
O017733,C0503,P0029,2026-08-19,2,34.6,Organic
O017734,C0315,P0029,2026-08-19,2,34.6,Email
O017735,C0360,P0002,2026-08-19,2,370.8,Organic
O017736,C0103,P0003,2026-08-19,2,394.92,Organic
O017737,C0757,P0016,2026-08-19,1,57.0,Organic
O017738,C0685,P0034,2026-08-19,1,58.68,Organic
O017739,C0338,P0040,2026-08-19,3,189.48,Organic
O017740,C0387,P0039,2026-08-19,2,207.16,Organic
O017741,C0181,P0038,2026-08-19,1,18.18,Referral
O017742,C0030,P0004,2026-08-20,3,507.69,Organic
O017743,C0495,P0012,2026-08-20,2,164.04,Paid
O017744,C0765,P0024,2026-08-20,2,224.28,Organic
O017745,C0678,P0032,2026-08-20,3,106.26,Organic
O017746,C0395,P0027,2026-08-20,3,80.19,Paid
O017747,C0421,P0033,2026-08-20,1,88.25,Paid
O017748,C0305,P0006,2026-08-20,2,131.6,Paid
O017749,C0411,P0007,2026-08-20,3,510.93,Organic
O017750,C0651,P0006,2026-08-20,2,131.6,Email
O017751,C0586,P0014,2026-08-20,2,46.84,Paid
O017752,C0501,P0016,2026-08-20,3,171.0,Organic
O017753,C0526,P0016,2026-08-20,3,171.0,Paid
O017754,C0139,P0018,2026-08-20,2,98.38,Paid
O017755,C0487,P0023,2026-08-20,3,275.97,Email
O017756,C0121,P0022,2026-08-20,2,100.78,Organic
O017757,C0447,P0017,2026-08-20,3,74.04,Organic
O017758,C0286,P0017,2026-08-20,2,49.36,Email
O017759,C0180,P0022,2026-08-20,2,100.78,Paid
O017760,C0261,P0026,2026-08-20,3,169.83,Organic
O017761,C0659,P0027,2026-08-20,1,26.73,Organic
O017762,C0771,P0037,2026-08-20,1,41.57,Email
O017763,C0776,P0035,2026-08-20,3,264.75,Referral
O017764,C0703,P0037,2026-08-20,2,83.14,Organic
O017765,C0570,P0036,2026-08-20,1,72.11,Organic
O017766,C0408,P0005,2026-08-20,1,345.69,Email
O017767,C0660,P0015,2026-08-20,2,91.84,Paid
O017768,C0745,P0015,2026-08-20,2,91.84,Email
O017769,C0362,P0020,2026-08-20,2,158.94,Email
O017770,C0443,P0019,2026-08-20,3,398.85,Organic
O017771,C0374,P0022,2026-08-20,2,100.78,Paid
O017772,C0797,P0017,2026-08-20,3,74.04,Organic
O017773,C0100,P0031,2026-08-20,3,114.36,Organic
O017774,C0144,P0028,2026-08-20,3,125.52,Email
O017775,C0443,P0030,2026-08-20,2,69.38,Organic
O017776,C0003,P0032,2026-08-20,2,70.84,Paid
O017777,C0719,P0027,2026-08-20,3,80.19,Organic
O017778,C0060,P0030,2026-08-20,3,104.07,Organic
O017779,C0324,P0038,2026-08-20,1,18.18,Organic
O017780,C0724,P0038,2026-08-20,2,36.36,Paid
O017781,C0445,P0037,2026-08-20,3,124.71,Email
O017782,C0677,P0037,2026-08-20,1,41.57,Paid
O017783,C0144,P0040,2026-08-20,3,189.48,Referral
O017784,C0105,P0008,2026-08-20,1,226.53,Organic
O017785,C0365,P0003,2026-08-20,3,592.38,Paid
O017786,C0679,P0008,2026-08-20,1,226.53,Organic
O017787,C0267,P0005,2026-08-20,2,691.38,Organic
O017788,C0723,P0007,2026-08-20,3,510.93,Organic
O017789,C0592,P0003,2026-08-20,1,197.46,Organic
O017790,C0302,P0009,2026-08-20,3,177.03,Paid
O017791,C0462,P0014,2026-08-20,2,46.84,Paid
O017792,C0606,P0011,2026-08-20,2,62.62,Email
O017793,C0061,P0016,2026-08-20,1,57.0,Email
O017794,C0704,P0024,2026-08-20,1,112.14,Email
O017795,C0066,P0024,2026-08-20,3,336.42,Organic
O017796,C0542,P0024,2026-08-20,3,336.42,Referral
O017797,C0581,P0019,2026-08-20,3,398.85,Organic
O017798,C0662,P0029,2026-08-20,3,51.9,Organic
O017799,C0762,P0027,2026-08-20,1,26.73,Organic
O017800,C0641,P0028,2026-08-20,2,83.68,Paid
O017801,C0462,P0025,2026-08-20,1,38.87,Email
O017802,C0103,P0028,2026-08-20,1,41.84,Paid
O017803,C0685,P0026,2026-08-20,3,169.83,Paid
O017804,C0718,P0033,2026-08-20,1,88.25,Paid
O017805,C0481,P0040,2026-08-20,2,126.32,Paid
O017806,C0597,P0008,2026-08-21,1,226.53,Organic
O017807,C0193,P0003,2026-08-21,1,197.46,Paid
O017808,C0552,P0010,2026-08-21,2,79.6,Paid
O017809,C0423,P0010,2026-08-21,1,39.8,Paid
O017810,C0786,P0022,2026-08-21,2,100.78,Organic
O017811,C0268,P0021,2026-08-21,3,179.82,Organic
O017812,C0656,P0028,2026-08-21,3,125.52,Referral
O017813,C0539,P0029,2026-08-21,2,34.6,Organic
O017814,C0536,P0027,2026-08-21,1,26.73,Paid
O017815,C0416,P0025,2026-08-21,2,77.74,Email
O017816,C0283,P0026,2026-08-21,3,169.83,Organic
O017817,C0170,P0028,2026-08-21,3,125.52,Organic
O017818,C0531,P0034,2026-08-21,2,117.36,Organic
O017819,C0063,P0034,2026-08-21,2,117.36,Paid
O017820,C0049,P0036,2026-08-21,1,72.11,Referral
O017821,C0063,P0040,2026-08-21,1,63.16,Email
O017822,C0244,P0004,2026-08-21,1,169.23,Organic
O017823,C0293,P0002,2026-08-21,1,185.4,Organic
O017824,C0238,P0001,2026-08-21,3,681.06,Organic
O017825,C0249,P0011,2026-08-21,2,62.62,Organic
O017826,C0492,P0009,2026-08-21,1,59.01,Organic
O017827,C0202,P0024,2026-08-21,3,336.42,Organic
O017828,C0202,P0030,2026-08-21,3,104.07,Paid
O017829,C0249,P0028,2026-08-21,3,125.52,Paid
O017830,C0119,P0035,2026-08-21,2,176.5,Organic
O017831,C0768,P0036,2026-08-21,3,216.33,Referral
O017832,C0194,P0036,2026-08-21,2,144.22,Organic
O017833,C0728,P0040,2026-08-21,3,189.48,Organic
O017834,C0729,P0005,2026-08-21,1,345.69,Referral
O017835,C0431,P0014,2026-08-21,1,23.42,Email
O017836,C0783,P0015,2026-08-21,1,45.92,Organic
O017837,C0417,P0011,2026-08-21,1,31.31,Organic
O017838,C0639,P0016,2026-08-21,1,57.0,Organic
O017839,C0015,P0009,2026-08-21,1,59.01,Organic
O017840,C0106,P0020,2026-08-21,1,79.47,Referral
O017841,C0154,P0024,2026-08-21,3,336.42,Organic
O017842,C0593,P0018,2026-08-21,2,98.38,Referral
O017843,C0784,P0024,2026-08-21,3,336.42,Organic
O017844,C0702,P0033,2026-08-21,3,264.75,Email
O017845,C0660,P0039,2026-08-21,1,103.58,Paid
O017846,C0247,P0033,2026-08-21,1,88.25,Organic
O017847,C0434,P0037,2026-08-21,2,83.14,Email
O017848,C0365,P0002,2026-08-21,1,185.4,Paid
O017849,C0485,P0003,2026-08-21,2,394.92,Email
O017850,C0013,P0003,2026-08-21,2,394.92,Organic
O017851,C0402,P0012,2026-08-21,1,82.02,Organic
O017852,C0679,P0012,2026-08-21,1,82.02,Organic
O017853,C0638,P0011,2026-08-21,3,93.93,Organic
O017854,C0185,P0020,2026-08-21,3,238.41,Organic
O017855,C0122,P0018,2026-08-21,2,98.38,Paid
O017856,C0686,P0022,2026-08-21,2,100.78,Referral
O017857,C0662,P0019,2026-08-21,1,132.95,Paid
O017858,C0181,P0019,2026-08-21,3,398.85,Email
O017859,C0428,P0027,2026-08-21,3,80.19,Email
O017860,C0089,P0030,2026-08-21,2,69.38,Email
O017861,C0583,P0036,2026-08-21,2,144.22,Organic
O017862,C0751,P0035,2026-08-21,3,264.75,Organic
O017863,C0073,P0038,2026-08-21,1,18.18,Organic
O017864,C0241,P0006,2026-08-22,2,131.6,Paid
O017865,C0303,P0008,2026-08-22,1,226.53,Paid
O017866,C0654,P0002,2026-08-22,1,185.4,Paid
O017867,C0603,P0016,2026-08-22,2,114.0,Email
O017868,C0208,P0013,2026-08-22,3,167.1,Organic
O017869,C0262,P0016,2026-08-22,2,114.0,Organic
O017870,C0019,P0017,2026-08-22,1,24.68,Organic
O017871,C0268,P0022,2026-08-22,2,100.78,Paid
O017872,C0798,P0024,2026-08-22,1,112.14,Email
O017873,C0536,P0026,2026-08-22,2,113.22,Organic
O017874,C0019,P0032,2026-08-22,1,35.42,Email
O017875,C0576,P0028,2026-08-22,2,83.68,Paid
O017876,C0140,P0027,2026-08-22,1,26.73,Email
O017877,C0395,P0031,2026-08-22,2,76.24,Paid
O017878,C0642,P0027,2026-08-22,2,53.46,Email
O017879,C0495,P0029,2026-08-22,1,17.3,Email
O017880,C0507,P0034,2026-08-22,1,58.68,Paid
O017881,C0637,P0033,2026-08-22,2,176.5,Paid
O017882,C0540,P0035,2026-08-22,2,176.5,Paid
O017883,C0410,P0008,2026-08-22,3,679.59,Email
O017884,C0504,P0006,2026-08-22,1,65.8,Organic
O017885,C0337,P0014,2026-08-22,1,23.42,Organic
O017886,C0018,P0012,2026-08-22,1,82.02,Paid
O017887,C0337,P0038,2026-08-22,1,18.18,Organic
O017888,C0320,P0040,2026-08-22,3,189.48,Email
O017889,C0719,P0003,2026-08-22,1,197.46,Organic
O017890,C0508,P0004,2026-08-22,1,169.23,Paid
O017891,C0790,P0004,2026-08-22,2,338.46,Organic
O017892,C0744,P0004,2026-08-22,3,507.69,Paid
O017893,C0141,P0002,2026-08-22,2,370.8,Organic
O017894,C0438,P0001,2026-08-22,2,454.04,Organic
O017895,C0616,P0003,2026-08-22,2,394.92,Email
O017896,C0221,P0008,2026-08-22,3,679.59,Referral
O017897,C0565,P0015,2026-08-22,3,137.76,Organic
O017898,C0138,P0016,2026-08-22,1,57.0,Email
O017899,C0627,P0015,2026-08-22,2,91.84,Email
O017900,C0565,P0010,2026-08-22,1,39.8,Organic
O017901,C0221,P0012,2026-08-22,3,246.06,Paid
O017902,C0083,P0023,2026-08-22,2,183.98,Organic
O017903,C0015,P0017,2026-08-22,1,24.68,Organic
O017904,C0508,P0017,2026-08-22,3,74.04,Paid
O017905,C0345,P0032,2026-08-22,1,35.42,Organic
O017906,C0141,P0027,2026-08-22,1,26.73,Paid
O017907,C0315,P0029,2026-08-22,2,34.6,Paid
O017908,C0127,P0025,2026-08-22,1,38.87,Organic
O017909,C0783,P0027,2026-08-22,2,53.46,Paid
O017910,C0677,P0033,2026-08-22,2,176.5,Paid
O017911,C0741,P0039,2026-08-22,2,207.16,Organic
O017912,C0718,P0004,2026-08-22,2,338.46,Paid
O017913,C0704,P0006,2026-08-22,1,65.8,Organic
O017914,C0233,P0001,2026-08-22,2,454.04,Organic
O017915,C0211,P0015,2026-08-22,2,91.84,Organic
O017916,C0024,P0016,2026-08-22,3,171.0,Referral
O017917,C0023,P0014,2026-08-22,2,46.84,Paid
O017918,C0486,P0011,2026-08-22,3,93.93,Organic
O017919,C0751,P0014,2026-08-22,1,23.42,Organic
O017920,C0164,P0012,2026-08-22,1,82.02,Organic
O017921,C0400,P0015,2026-08-22,1,45.92,Email
O017922,C0347,P0018,2026-08-22,1,49.19,Email
O017923,C0598,P0018,2026-08-22,2,98.38,Organic
O017924,C0273,P0023,2026-08-22,1,91.99,Paid
O017925,C0072,P0030,2026-08-22,1,34.69,Referral
O017926,C0650,P0029,2026-08-22,3,51.9,Email
O017927,C0652,P0025,2026-08-22,2,77.74,Organic
O017928,C0233,P0037,2026-08-22,3,124.71,Paid
O017929,C0800,P0039,2026-08-22,1,103.58,Organic
O017930,C0457,P0033,2026-08-22,2,176.5,Organic
O017931,C0585,P0034,2026-08-22,1,58.68,Paid
O017932,C0234,P0033,2026-08-22,3,264.75,Referral
O017933,C0446,P0004,2026-08-23,3,507.69,Organic
O017934,C0642,P0003,2026-08-23,1,197.46,Organic
O017935,C0241,P0002,2026-08-23,3,556.2,Organic
O017936,C0396,P0008,2026-08-23,3,679.59,Paid
O017937,C0600,P0009,2026-08-23,1,59.01,Paid
O017938,C0597,P0010,2026-08-23,2,79.6,Referral
O017939,C0112,P0021,2026-08-23,2,119.88,Organic
O017940,C0516,P0024,2026-08-23,2,224.28,Email
O017941,C0025,P0018,2026-08-23,2,98.38,Organic
O017942,C0684,P0028,2026-08-23,1,41.84,Organic
O017943,C0030,P0028,2026-08-23,1,41.84,Paid
O017944,C0795,P0036,2026-08-23,3,216.33,Referral
O017945,C0617,P0040,2026-08-23,2,126.32,Paid
O017946,C0444,P0040,2026-08-23,1,63.16,Paid
O017947,C0070,P0037,2026-08-23,3,124.71,Organic
O017948,C0364,P0036,2026-08-23,2,144.22,Email
O017949,C0340,P0007,2026-08-23,2,340.62,Paid
O017950,C0720,P0006,2026-08-23,3,197.4,Paid
O017951,C0520,P0004,2026-08-23,2,338.46,Referral
O017952,C0549,P0016,2026-08-23,3,171.0,Organic
O017953,C0380,P0011,2026-08-23,2,62.62,Organic
O017954,C0668,P0018,2026-08-23,1,49.19,Paid
O017955,C0791,P0020,2026-08-23,1,79.47,Email
O017956,C0305,P0021,2026-08-23,3,179.82,Paid
O017957,C0151,P0032,2026-08-23,2,70.84,Email
O017958,C0068,P0031,2026-08-23,2,76.24,Paid
O017959,C0799,P0031,2026-08-23,2,76.24,Organic
O017960,C0753,P0028,2026-08-23,2,83.68,Paid
O017961,C0571,P0029,2026-08-23,1,17.3,Organic
O017962,C0759,P0040,2026-08-23,1,63.16,Organic
O017963,C0780,P0033,2026-08-23,3,264.75,Paid
O017964,C0260,P0008,2026-08-23,2,453.06,Organic
O017965,C0711,P0001,2026-08-23,2,454.04,Paid
O017966,C0716,P0008,2026-08-23,3,679.59,Organic
O017967,C0221,P0001,2026-08-23,1,227.02,Organic
O017968,C0324,P0010,2026-08-23,1,39.8,Organic
O017969,C0032,P0014,2026-08-23,3,70.26,Organic
O017970,C0713,P0019,2026-08-23,1,132.95,Organic
O017971,C0756,P0017,2026-08-23,2,49.36,Referral
O017972,C0134,P0020,2026-08-23,3,238.41,Organic
O017973,C0559,P0017,2026-08-23,1,24.68,Organic
O017974,C0729,P0023,2026-08-23,2,183.98,Organic
O017975,C0508,P0028,2026-08-23,2,83.68,Email
O017976,C0710,P0036,2026-08-23,3,216.33,Referral
O017977,C0047,P0005,2026-08-23,3,1037.07,Paid
O017978,C0718,P0005,2026-08-23,1,345.69,Organic
O017979,C0400,P0014,2026-08-23,1,23.42,Organic
O017980,C0109,P0011,2026-08-23,2,62.62,Paid
O017981,C0210,P0015,2026-08-23,1,45.92,Organic
O017982,C0641,P0018,2026-08-23,2,98.38,Organic
O017983,C0314,P0021,2026-08-23,1,59.94,Paid
O017984,C0237,P0026,2026-08-23,1,56.61,Referral
O017985,C0267,P0031,2026-08-23,3,114.36,Email
O017986,C0646,P0027,2026-08-23,2,53.46,Paid
O017987,C0692,P0032,2026-08-23,3,106.26,Paid
O017988,C0457,P0038,2026-08-23,2,36.36,Paid
O017989,C0331,P0040,2026-08-23,1,63.16,Paid
O017990,C0191,P0033,2026-08-23,1,88.25,Referral
O017991,C0602,P0006,2026-08-24,1,65.8,Organic
O017992,C0140,P0004,2026-08-24,2,338.46,Paid
O017993,C0110,P0003,2026-08-24,1,197.46,Organic
O017994,C0630,P0004,2026-08-24,2,338.46,Organic
O017995,C0262,P0015,2026-08-24,2,91.84,Email
O017996,C0495,P0011,2026-08-24,2,62.62,Email
O017997,C0019,P0014,2026-08-24,3,70.26,Organic
O017998,C0423,P0013,2026-08-24,3,167.1,Paid
O017999,C0697,P0012,2026-08-24,2,164.04,Email
O018000,C0069,P0021,2026-08-24,2,119.88,Paid
O018001,C0125,P0020,2026-08-24,2,158.94,Organic
O018002,C0748,P0028,2026-08-24,1,41.84,Email
O018003,C0268,P0036,2026-08-24,3,216.33,Paid
O018004,C0390,P0035,2026-08-24,2,176.5,Paid
O018005,C0230,P0040,2026-08-24,1,63.16,Paid
O018006,C0520,P0005,2026-08-24,1,345.69,Organic
O018007,C0473,P0004,2026-08-24,3,507.69,Referral
O018008,C0305,P0003,2026-08-24,3,592.38,Organic
O018009,C0441,P0001,2026-08-24,1,227.02,Referral
O018010,C0096,P0011,2026-08-24,1,31.31,Email
O018011,C0113,P0011,2026-08-24,3,93.93,Organic
O018012,C0566,P0016,2026-08-24,3,171.0,Paid
O018013,C0776,P0014,2026-08-24,1,23.42,Paid
O018014,C0526,P0017,2026-08-24,3,74.04,Organic
O018015,C0557,P0023,2026-08-24,3,275.97,Referral
O018016,C0655,P0027,2026-08-24,3,80.19,Email
O018017,C0586,P0034,2026-08-24,2,117.36,Paid
O018018,C0068,P0037,2026-08-24,3,124.71,Referral
O018019,C0344,P0039,2026-08-24,2,207.16,Paid
O018020,C0494,P0002,2026-08-24,1,185.4,Paid
O018021,C0392,P0006,2026-08-24,3,197.4,Email
O018022,C0374,P0007,2026-08-24,3,510.93,Referral
O018023,C0060,P0007,2026-08-24,1,170.31,Email
O018024,C0015,P0001,2026-08-24,1,227.02,Referral
O018025,C0508,P0015,2026-08-24,2,91.84,Organic
O018026,C0077,P0021,2026-08-24,2,119.88,Paid
O018027,C0130,P0018,2026-08-24,1,49.19,Paid
O018028,C0496,P0021,2026-08-24,1,59.94,Paid
O018029,C0409,P0027,2026-08-24,2,53.46,Organic
O018030,C0240,P0025,2026-08-24,3,116.61,Paid
O018031,C0709,P0029,2026-08-24,3,51.9,Referral
O018032,C0535,P0039,2026-08-24,1,103.58,Organic
O018033,C0558,P0035,2026-08-24,2,176.5,Referral
O018034,C0628,P0002,2026-08-24,1,185.4,Paid
O018035,C0646,P0012,2026-08-24,1,82.02,Paid
O018036,C0027,P0011,2026-08-24,2,62.62,Referral
O018037,C0278,P0023,2026-08-24,3,275.97,Referral
O018038,C0618,P0023,2026-08-24,3,275.97,Paid
O018039,C0371,P0038,2026-08-24,3,54.54,Paid
O018040,C0149,P0036,2026-08-24,2,144.22,Organic
O018041,C0546,P0037,2026-08-24,2,83.14,Organic
O018042,C0740,P0006,2026-08-25,3,197.4,Email
O018043,C0019,P0014,2026-08-25,1,23.42,Organic
O018044,C0258,P0015,2026-08-25,2,91.84,Referral
O018045,C0444,P0016,2026-08-25,3,171.0,Organic
O018046,C0536,P0012,2026-08-25,3,246.06,Paid
O018047,C0174,P0015,2026-08-25,2,91.84,Paid
O018048,C0165,P0009,2026-08-25,3,177.03,Referral
O018049,C0769,P0025,2026-08-25,1,38.87,Organic
O018050,C0678,P0026,2026-08-25,3,169.83,Email
O018051,C0275,P0034,2026-08-25,1,58.68,Organic
O018052,C0235,P0037,2026-08-25,1,41.57,Referral
O018053,C0787,P0033,2026-08-25,2,176.5,Organic
O018054,C0287,P0001,2026-08-25,2,454.04,Organic
O018055,C0340,P0008,2026-08-25,2,453.06,Organic
O018056,C0433,P0016,2026-08-25,3,171.0,Referral
O018057,C0715,P0017,2026-08-25,1,24.68,Email
O018058,C0026,P0021,2026-08-25,2,119.88,Organic
O018059,C0026,P0017,2026-08-25,1,24.68,Email
O018060,C0119,P0029,2026-08-25,1,17.3,Organic
O018061,C0564,P0034,2026-08-25,1,58.68,Organic
O018062,C0277,P0033,2026-08-25,3,264.75,Organic
O018063,C0670,P0002,2026-08-25,2,370.8,Organic
O018064,C0458,P0013,2026-08-25,1,55.7,Email
O018065,C0729,P0018,2026-08-25,2,98.38,Referral
O018066,C0134,P0018,2026-08-25,2,98.38,Paid
O018067,C0616,P0028,2026-08-25,3,125.52,Email
O018068,C0612,P0025,2026-08-25,3,116.61,Paid
O018069,C0041,P0033,2026-08-25,1,88.25,Organic
O018070,C0538,P0040,2026-08-25,2,126.32,Organic
O018071,C0149,P0003,2026-08-25,3,592.38,Paid
O018072,C0530,P0001,2026-08-25,3,681.06,Referral
O018073,C0718,P0013,2026-08-25,2,111.4,Organic
O018074,C0733,P0022,2026-08-25,3,151.17,Organic
O018075,C0517,P0017,2026-08-25,2,49.36,Email
O018076,C0300,P0029,2026-08-25,2,34.6,Paid
O018077,C0511,P0031,2026-08-25,2,76.24,Paid
O018078,C0585,P0036,2026-08-25,2,144.22,Paid
O018079,C0617,P0001,2026-08-26,2,454.04,Paid
O018080,C0231,P0003,2026-08-26,3,592.38,Referral
O018081,C0580,P0011,2026-08-26,3,93.93,Organic
O018082,C0455,P0010,2026-08-26,2,79.6,Organic
O018083,C0414,P0016,2026-08-26,2,114.0,Organic
O018084,C0786,P0020,2026-08-26,3,238.41,Paid
O018085,C0319,P0019,2026-08-26,3,398.85,Paid
O018086,C0055,P0040,2026-08-26,1,63.16,Organic
O018087,C0190,P0037,2026-08-26,2,83.14,Referral
O018088,C0691,P0033,2026-08-26,1,88.25,Paid
O018089,C0132,P0004,2026-08-26,3,507.69,Paid
O018090,C0361,P0007,2026-08-26,3,510.93,Organic
O018091,C0119,P0015,2026-08-26,3,137.76,Referral
O018092,C0220,P0010,2026-08-26,3,119.4,Organic
O018093,C0479,P0022,2026-08-26,1,50.39,Organic
O018094,C0659,P0021,2026-08-26,3,179.82,Organic
O018095,C0732,P0017,2026-08-26,2,49.36,Organic
O018096,C0799,P0019,2026-08-26,2,265.9,Organic
O018097,C0145,P0023,2026-08-26,3,275.97,Organic
O018098,C0651,P0024,2026-08-26,2,224.28,Paid
O018099,C0676,P0026,2026-08-26,3,169.83,Paid
O018100,C0006,P0032,2026-08-26,3,106.26,Paid
O018101,C0447,P0037,2026-08-26,2,83.14,Organic
O018102,C0575,P0038,2026-08-26,2,36.36,Paid
O018103,C0477,P0008,2026-08-26,2,453.06,Paid
O018104,C0556,P0006,2026-08-26,2,131.6,Organic
O018105,C0227,P0001,2026-08-26,2,454.04,Organic
O018106,C0276,P0011,2026-08-26,1,31.31,Email
O018107,C0199,P0016,2026-08-26,2,114.0,Organic
O018108,C0351,P0009,2026-08-26,3,177.03,Organic
O018109,C0488,P0021,2026-08-26,3,179.82,Organic
O018110,C0152,P0021,2026-08-26,3,179.82,Email
O018111,C0010,P0023,2026-08-26,1,91.99,Paid
O018112,C0783,P0017,2026-08-26,3,74.04,Organic
O018113,C0318,P0026,2026-08-26,3,169.83,Paid
O018114,C0431,P0039,2026-08-26,1,103.58,Referral
O018115,C0613,P0040,2026-08-26,3,189.48,Organic
O018116,C0427,P0034,2026-08-26,1,58.68,Organic
O018117,C0028,P0006,2026-08-26,1,65.8,Paid
O018118,C0758,P0001,2026-08-26,3,681.06,Paid
O018119,C0074,P0015,2026-08-26,3,137.76,Email
O018120,C0486,P0014,2026-08-26,3,70.26,Email
O018121,C0061,P0021,2026-08-26,1,59.94,Paid
O018122,C0692,P0025,2026-08-26,1,38.87,Paid
O018123,C0779,P0030,2026-08-26,2,69.38,Organic
O018124,C0550,P0028,2026-08-26,1,41.84,Email
O018125,C0027,P0039,2026-08-26,2,207.16,Email
O018126,C0751,P0033,2026-08-26,2,176.5,Referral
O018127,C0777,P0002,2026-08-27,2,370.8,Organic
O018128,C0796,P0010,2026-08-27,2,79.6,Paid
O018129,C0120,P0013,2026-08-27,3,167.1,Email
O018130,C0341,P0016,2026-08-27,3,171.0,Paid
O018131,C0474,P0009,2026-08-27,2,118.02,Referral
O018132,C0201,P0009,2026-08-27,1,59.01,Paid
O018133,C0118,P0015,2026-08-27,2,91.84,Organic
O018134,C0123,P0017,2026-08-27,2,49.36,Organic
O018135,C0708,P0022,2026-08-27,3,151.17,Email
O018136,C0044,P0028,2026-08-27,3,125.52,Organic
O018137,C0742,P0032,2026-08-27,3,106.26,Paid
O018138,C0413,P0030,2026-08-27,2,69.38,Email
O018139,C0456,P0030,2026-08-27,2,69.38,Organic
O018140,C0019,P0039,2026-08-27,2,207.16,Paid
O018141,C0250,P0033,2026-08-27,3,264.75,Referral
O018142,C0118,P0036,2026-08-27,2,144.22,Paid
O018143,C0442,P0034,2026-08-27,1,58.68,Referral
O018144,C0019,P0035,2026-08-27,1,88.25,Paid
O018145,C0378,P0034,2026-08-27,3,176.04,Paid
O018146,C0232,P0008,2026-08-27,3,679.59,Paid
O018147,C0730,P0008,2026-08-27,2,453.06,Organic
O018148,C0192,P0009,2026-08-27,2,118.02,Organic
O018149,C0342,P0013,2026-08-27,1,55.7,Referral
O018150,C0293,P0016,2026-08-27,2,114.0,Organic
O018151,C0102,P0013,2026-08-27,1,55.7,Organic
O018152,C0609,P0020,2026-08-27,1,79.47,Paid
O018153,C0244,P0028,2026-08-27,1,41.84,Paid
O018154,C0344,P0030,2026-08-27,2,69.38,Email
O018155,C0218,P0030,2026-08-27,3,104.07,Organic
O018156,C0093,P0028,2026-08-27,1,41.84,Email
O018157,C0040,P0027,2026-08-27,1,26.73,Paid
O018158,C0097,P0036,2026-08-27,1,72.11,Referral
O018159,C0212,P0035,2026-08-27,1,88.25,Organic
O018160,C0669,P0003,2026-08-27,2,394.92,Organic
O018161,C0001,P0016,2026-08-27,2,114.0,Organic
O018162,C0714,P0012,2026-08-27,1,82.02,Email
O018163,C0255,P0013,2026-08-27,3,167.1,Organic
O018164,C0716,P0015,2026-08-27,1,45.92,Paid
O018165,C0108,P0013,2026-08-27,3,167.1,Email
O018166,C0589,P0027,2026-08-27,1,26.73,Email
O018167,C0207,P0030,2026-08-27,2,69.38,Organic
O018168,C0324,P0032,2026-08-27,1,35.42,Paid
O018169,C0519,P0001,2026-08-27,1,227.02,Referral
O018170,C0182,P0001,2026-08-27,1,227.02,Paid
O018171,C0196,P0009,2026-08-27,3,177.03,Organic
O018172,C0387,P0009,2026-08-27,3,177.03,Paid
O018173,C0472,P0009,2026-08-27,2,118.02,Referral
O018174,C0233,P0011,2026-08-27,2,62.62,Paid
O018175,C0425,P0015,2026-08-27,2,91.84,Paid
O018176,C0459,P0016,2026-08-27,1,57.0,Paid
O018177,C0296,P0023,2026-08-27,2,183.98,Organic
O018178,C0770,P0020,2026-08-27,2,158.94,Email
O018179,C0511,P0020,2026-08-27,1,79.47,Organic
O018180,C0314,P0020,2026-08-27,1,79.47,Email
O018181,C0233,P0028,2026-08-27,2,83.68,Referral
O018182,C0542,P0035,2026-08-27,3,264.75,Organic
O018183,C0353,P0005,2026-08-28,1,345.69,Organic
O018184,C0078,P0008,2026-08-28,2,453.06,Email
O018185,C0348,P0002,2026-08-28,1,185.4,Organic
O018186,C0446,P0005,2026-08-28,1,345.69,Email
O018187,C0708,P0003,2026-08-28,3,592.38,Referral
O018188,C0413,P0011,2026-08-28,1,31.31,Organic
O018189,C0241,P0026,2026-08-28,2,113.22,Organic
O018190,C0769,P0028,2026-08-28,1,41.84,Referral
O018191,C0275,P0040,2026-08-28,2,126.32,Paid
O018192,C0401,P0040,2026-08-28,3,189.48,Organic
O018193,C0619,P0037,2026-08-28,2,83.14,Paid
O018194,C0706,P0036,2026-08-28,2,144.22,Organic
O018195,C0123,P0034,2026-08-28,3,176.04,Paid
O018196,C0216,P0006,2026-08-28,2,131.6,Paid
O018197,C0284,P0013,2026-08-28,3,167.1,Organic
O018198,C0579,P0014,2026-08-28,3,70.26,Organic
O018199,C0571,P0015,2026-08-28,2,91.84,Email
O018200,C0006,P0029,2026-08-28,2,34.6,Organic
O018201,C0771,P0031,2026-08-28,2,76.24,Paid
O018202,C0573,P0028,2026-08-28,1,41.84,Paid
O018203,C0337,P0033,2026-08-28,2,176.5,Paid
O018204,C0623,P0007,2026-08-28,2,340.62,Referral
O018205,C0154,P0007,2026-08-28,1,170.31,Paid
O018206,C0430,P0006,2026-08-28,1,65.8,Paid
O018207,C0392,P0012,2026-08-28,1,82.02,Email
O018208,C0138,P0021,2026-08-28,2,119.88,Organic
O018209,C0114,P0024,2026-08-28,3,336.42,Organic
O018210,C0627,P0032,2026-08-28,1,35.42,Referral
O018211,C0434,P0032,2026-08-28,2,70.84,Paid
O018212,C0329,P0029,2026-08-28,2,34.6,Organic
O018213,C0694,P0040,2026-08-28,3,189.48,Organic
O018214,C0670,P0033,2026-08-28,3,264.75,Organic
O018215,C0685,P0007,2026-08-28,2,340.62,Organic
O018216,C0214,P0004,2026-08-28,2,338.46,Organic
O018217,C0734,P0012,2026-08-28,1,82.02,Organic
O018218,C0301,P0014,2026-08-28,1,23.42,Organic
O018219,C0072,P0012,2026-08-28,3,246.06,Organic
O018220,C0013,P0021,2026-08-28,1,59.94,Email
O018221,C0693,P0018,2026-08-28,3,147.57,Organic
O018222,C0505,P0021,2026-08-28,3,179.82,Email
O018223,C0499,P0020,2026-08-28,3,238.41,Paid
O018224,C0624,P0023,2026-08-28,1,91.99,Paid
O018225,C0234,P0032,2026-08-28,1,35.42,Organic
O018226,C0387,P0035,2026-08-28,1,88.25,Organic
O018227,C0428,P0039,2026-08-28,3,310.74,Organic
O018228,C0689,P0014,2026-08-29,2,46.84,Referral
O018229,C0539,P0021,2026-08-29,3,179.82,Organic
O018230,C0531,P0017,2026-08-29,2,49.36,Organic
O018231,C0386,P0028,2026-08-29,1,41.84,Paid
O018232,C0769,P0026,2026-08-29,2,113.22,Organic
O018233,C0678,P0031,2026-08-29,1,38.12,Paid
O018234,C0536,P0040,2026-08-29,2,126.32,Paid
O018235,C0682,P0008,2026-08-29,2,453.06,Referral
O018236,C0194,P0002,2026-08-29,1,185.4,Email
O018237,C0726,P0008,2026-08-29,1,226.53,Organic
O018238,C0224,P0013,2026-08-29,3,167.1,Paid
O018239,C0771,P0012,2026-08-29,1,82.02,Organic
O018240,C0767,P0009,2026-08-29,1,59.01,Referral
O018241,C0292,P0010,2026-08-29,1,39.8,Paid
O018242,C0521,P0010,2026-08-29,1,39.8,Paid
O018243,C0682,P0020,2026-08-29,3,238.41,Paid
O018244,C0238,P0018,2026-08-29,2,98.38,Referral
O018245,C0326,P0018,2026-08-29,3,147.57,Organic
O018246,C0609,P0023,2026-08-29,2,183.98,Paid
O018247,C0776,P0023,2026-08-29,1,91.99,Paid
O018248,C0099,P0022,2026-08-29,3,151.17,Organic
O018249,C0291,P0030,2026-08-29,3,104.07,Paid
O018250,C0743,P0025,2026-08-29,3,116.61,Paid
O018251,C0088,P0026,2026-08-29,1,56.61,Paid
O018252,C0198,P0032,2026-08-29,2,70.84,Referral
O018253,C0096,P0032,2026-08-29,1,35.42,Paid
O018254,C0281,P0033,2026-08-29,3,264.75,Paid
O018255,C0544,P0040,2026-08-29,1,63.16,Organic
O018256,C0180,P0040,2026-08-29,3,189.48,Organic
O018257,C0141,P0002,2026-08-29,3,556.2,Organic
O018258,C0739,P0003,2026-08-29,2,394.92,Organic
O018259,C0412,P0003,2026-08-29,3,592.38,Email
O018260,C0155,P0008,2026-08-29,1,226.53,Email
O018261,C0077,P0016,2026-08-29,1,57.0,Organic
O018262,C0154,P0010,2026-08-29,1,39.8,Referral
O018263,C0672,P0011,2026-08-29,2,62.62,Referral
O018264,C0408,P0023,2026-08-29,1,91.99,Paid
O018265,C0166,P0020,2026-08-29,2,158.94,Organic
O018266,C0538,P0021,2026-08-29,2,119.88,Organic
O018267,C0503,P0017,2026-08-29,2,49.36,Organic
O018268,C0017,P0020,2026-08-29,1,79.47,Organic
O018269,C0589,P0017,2026-08-29,2,49.36,Organic
O018270,C0621,P0032,2026-08-29,2,70.84,Organic
O018271,C0616,P0038,2026-08-29,1,18.18,Paid
O018272,C0457,P0003,2026-08-29,2,394.92,Organic
O018273,C0314,P0001,2026-08-29,2,454.04,Organic
O018274,C0587,P0001,2026-08-29,1,227.02,Referral
O018275,C0394,P0007,2026-08-29,2,340.62,Organic
O018276,C0517,P0004,2026-08-29,2,338.46,Referral
O018277,C0228,P0013,2026-08-29,2,111.4,Organic
O018278,C0234,P0010,2026-08-29,1,39.8,Organic
O018279,C0024,P0012,2026-08-29,1,82.02,Paid
O018280,C0514,P0011,2026-08-29,2,62.62,Organic
O018281,C0211,P0021,2026-08-29,1,59.94,Email
O018282,C0302,P0018,2026-08-29,2,98.38,Organic
O018283,C0294,P0017,2026-08-29,2,49.36,Organic
O018284,C0352,P0028,2026-08-29,2,83.68,Referral
O018285,C0223,P0031,2026-08-29,3,114.36,Paid
O018286,C0585,P0027,2026-08-29,1,26.73,Organic
O018287,C0168,P0025,2026-08-29,2,77.74,Paid
O018288,C0439,P0028,2026-08-29,3,125.52,Paid
O018289,C0525,P0028,2026-08-29,3,125.52,Paid
O018290,C0514,P0039,2026-08-29,1,103.58,Organic
O018291,C0530,P0038,2026-08-29,1,18.18,Organic
O018292,C0606,P0038,2026-08-29,2,36.36,Organic
O018293,C0561,P0002,2026-08-30,2,370.8,Organic
O018294,C0354,P0005,2026-08-30,2,691.38,Email
O018295,C0161,P0006,2026-08-30,1,65.8,Organic
O018296,C0512,P0005,2026-08-30,1,345.69,Paid
O018297,C0591,P0013,2026-08-30,2,111.4,Organic
O018298,C0536,P0011,2026-08-30,1,31.31,Email
O018299,C0070,P0020,2026-08-30,2,158.94,Paid
O018300,C0603,P0020,2026-08-30,3,238.41,Paid
O018301,C0110,P0017,2026-08-30,2,49.36,Referral
O018302,C0442,P0020,2026-08-30,1,79.47,Organic
O018303,C0070,P0022,2026-08-30,1,50.39,Email
O018304,C0476,P0026,2026-08-30,2,113.22,Organic
O018305,C0539,P0037,2026-08-30,1,41.57,Paid
O018306,C0069,P0039,2026-08-30,2,207.16,Paid
O018307,C0390,P0035,2026-08-30,1,88.25,Email
O018308,C0303,P0038,2026-08-30,1,18.18,Organic
O018309,C0346,P0033,2026-08-30,3,264.75,Email
O018310,C0076,P0039,2026-08-30,3,310.74,Organic
O018311,C0092,P0035,2026-08-30,1,88.25,Organic
O018312,C0046,P0033,2026-08-30,3,264.75,Paid
O018313,C0712,P0037,2026-08-30,1,41.57,Email
O018314,C0158,P0004,2026-08-30,3,507.69,Paid
O018315,C0291,P0008,2026-08-30,1,226.53,Paid
O018316,C0151,P0006,2026-08-30,3,197.4,Organic
O018317,C0473,P0005,2026-08-30,3,1037.07,Organic
O018318,C0256,P0002,2026-08-30,2,370.8,Referral
O018319,C0320,P0017,2026-08-30,2,49.36,Organic
O018320,C0344,P0020,2026-08-30,3,238.41,Paid
O018321,C0644,P0022,2026-08-30,2,100.78,Paid
O018322,C0437,P0021,2026-08-30,3,179.82,Organic
O018323,C0238,P0019,2026-08-30,3,398.85,Paid
O018324,C0537,P0027,2026-08-30,3,80.19,Email
O018325,C0018,P0026,2026-08-30,1,56.61,Paid
O018326,C0370,P0027,2026-08-30,3,80.19,Organic
O018327,C0411,P0031,2026-08-30,1,38.12,Organic
O018328,C0640,P0028,2026-08-30,2,83.68,Organic
O018329,C0615,P0037,2026-08-30,1,41.57,Organic
O018330,C0088,P0038,2026-08-30,2,36.36,Organic
O018331,C0502,P0034,2026-08-30,3,176.04,Organic
O018332,C0479,P0037,2026-08-30,2,83.14,Organic
O018333,C0616,P0005,2026-08-30,2,691.38,Organic
O018334,C0373,P0002,2026-08-30,1,185.4,Paid
O018335,C0393,P0008,2026-08-30,2,453.06,Email
O018336,C0357,P0002,2026-08-30,3,556.2,Email
O018337,C0255,P0002,2026-08-30,1,185.4,Organic
O018338,C0318,P0008,2026-08-30,3,679.59,Organic
O018339,C0166,P0001,2026-08-30,1,227.02,Organic
O018340,C0700,P0004,2026-08-30,2,338.46,Organic
O018341,C0709,P0012,2026-08-30,1,82.02,Paid
O018342,C0621,P0015,2026-08-30,1,45.92,Organic
O018343,C0133,P0018,2026-08-30,2,98.38,Paid
O018344,C0756,P0021,2026-08-30,3,179.82,Organic
O018345,C0176,P0019,2026-08-30,3,398.85,Paid
O018346,C0318,P0024,2026-08-30,2,224.28,Paid
O018347,C0029,P0026,2026-08-30,2,113.22,Paid
O018348,C0627,P0038,2026-08-30,3,54.54,Organic
O018349,C0797,P0035,2026-08-30,3,264.75,Organic
O018350,C0788,P0040,2026-08-30,3,189.48,Paid
O018351,C0264,P0036,2026-08-30,1,72.11,Paid
O018352,C0784,P0033,2026-08-30,1,88.25,Organic
O018353,C0147,P0004,2026-08-30,1,169.23,Referral
O018354,C0228,P0008,2026-08-30,2,453.06,Email
O018355,C0466,P0006,2026-08-30,1,65.8,Organic
O018356,C0058,P0002,2026-08-30,2,370.8,Paid
O018357,C0124,P0013,2026-08-30,2,111.4,Referral
O018358,C0775,P0010,2026-08-30,3,119.4,Organic
O018359,C0723,P0010,2026-08-30,2,79.6,Organic
O018360,C0285,P0020,2026-08-30,2,158.94,Organic
O018361,C0056,P0026,2026-08-30,3,169.83,Email
O018362,C0646,P0027,2026-08-30,1,26.73,Organic
O018363,C0062,P0039,2026-08-30,3,310.74,Referral
O018364,C0525,P0039,2026-08-30,3,310.74,Organic
O018365,C0515,P0035,2026-08-30,2,176.5,Organic
O018366,C0459,P0040,2026-08-30,3,189.48,Paid
O018367,C0024,P0034,2026-08-30,2,117.36,Organic
O018368,C0686,P0033,2026-08-30,1,88.25,Organic
O018369,C0442,P0014,2026-08-31,3,70.26,Paid
O018370,C0576,P0020,2026-08-31,3,238.41,Paid
O018371,C0748,P0024,2026-08-31,2,224.28,Paid
O018372,C0512,P0032,2026-08-31,1,35.42,Organic
O018373,C0069,P0028,2026-08-31,3,125.52,Organic
O018374,C0046,P0032,2026-08-31,1,35.42,Organic
O018375,C0275,P0026,2026-08-31,2,113.22,Paid
O018376,C0328,P0039,2026-08-31,3,310.74,Organic
O018377,C0372,P0037,2026-08-31,3,124.71,Paid
O018378,C0640,P0004,2026-08-31,3,507.69,Organic
O018379,C0096,P0008,2026-08-31,1,226.53,Organic
O018380,C0243,P0007,2026-08-31,2,340.62,Organic
O018381,C0520,P0010,2026-08-31,1,39.8,Organic
O018382,C0489,P0015,2026-08-31,1,45.92,Organic
O018383,C0244,P0013,2026-08-31,1,55.7,Organic
O018384,C0291,P0013,2026-08-31,3,167.1,Organic
O018385,C0659,P0014,2026-08-31,3,70.26,Organic
O018386,C0633,P0013,2026-08-31,2,111.4,Referral
O018387,C0575,P0013,2026-08-31,2,111.4,Paid
O018388,C0441,P0012,2026-08-31,3,246.06,Organic
O018389,C0604,P0019,2026-08-31,3,398.85,Organic
O018390,C0257,P0031,2026-08-31,3,114.36,Organic
O018391,C0091,P0028,2026-08-31,2,83.68,Organic
O018392,C0604,P0040,2026-08-31,2,126.32,Paid
O018393,C0491,P0039,2026-08-31,3,310.74,Organic
O018394,C0159,P0003,2026-08-31,2,394.92,Referral
O018395,C0701,P0008,2026-08-31,3,679.59,Organic
O018396,C0707,P0004,2026-08-31,3,507.69,Paid
O018397,C0138,P0012,2026-08-31,1,82.02,Paid
O018398,C0616,P0011,2026-08-31,3,93.93,Organic
O018399,C0114,P0014,2026-08-31,1,23.42,Organic
O018400,C0199,P0010,2026-08-31,2,79.6,Organic
O018401,C0010,P0017,2026-08-31,1,24.68,Paid
O018402,C0407,P0022,2026-08-31,3,151.17,Paid
O018403,C0710,P0021,2026-08-31,3,179.82,Paid
O018404,C0255,P0025,2026-08-31,1,38.87,Paid
O018405,C0029,P0029,2026-08-31,2,34.6,Organic
O018406,C0739,P0026,2026-08-31,3,169.83,Paid
O018407,C0163,P0032,2026-08-31,1,35.42,Paid
O018408,C0545,P0034,2026-08-31,1,58.68,Organic
O018409,C0665,P0035,2026-08-31,2,176.5,Organic
O018410,C0036,P0007,2026-08-31,1,170.31,Organic
O018411,C0016,P0013,2026-08-31,3,167.1,Organic
O018412,C0223,P0016,2026-08-31,1,57.0,Organic
O018413,C0779,P0010,2026-08-31,1,39.8,Organic
O018414,C0486,P0018,2026-08-31,1,49.19,Organic
O018415,C0294,P0019,2026-08-31,1,132.95,Paid
O018416,C0027,P0018,2026-08-31,3,147.57,Organic
O018417,C0371,P0020,2026-08-31,1,79.47,Paid
O018418,C0285,P0025,2026-08-31,2,77.74,Organic
O018419,C0530,P0028,2026-08-31,3,125.52,Paid
O018420,C0685,P0028,2026-08-31,1,41.84,Paid
O018421,C0574,P0032,2026-08-31,1,35.42,Paid
O018422,C0164,P0039,2026-08-31,1,103.58,Organic
