date,channel,region,spend,impressions
2025-09-01,Organic,North,0.0,410
2025-09-01,Paid,North,884.04,7146
2025-09-01,Email,North,166.11,1419
2025-09-01,Referral,North,107.37,887
2025-09-01,Organic,South,0.0,241
2025-09-01,Paid,South,886.89,7159
2025-09-01,Email,South,138.91,1373
2025-09-01,Referral,South,111.39,1300
2025-09-01,Organic,East,0.0,239
2025-09-01,Paid,East,801.37,8428
2025-09-01,Email,East,130.43,1401
2025-09-01,Referral,East,95.51,1139
2025-09-01,Organic,West,0.0,408
2025-09-01,Paid,West,848.09,8521
2025-09-01,Email,West,156.78,1268
2025-09-01,Referral,West,97.62,921
2025-09-02,Organic,North,0.0,421
2025-09-02,Paid,North,735.28,7118
2025-09-02,Email,North,166.32,1664
2025-09-02,Referral,North,103.26,1131
2025-09-02,Organic,South,0.0,432
2025-09-02,Paid,South,765.59,8178
2025-09-02,Email,South,166.78,1914
2025-09-02,Referral,South,89.83,1069
2025-09-02,Organic,East,0.0,211
2025-09-02,Paid,East,731.25,6577
2025-09-02,Email,East,157.05,1445
2025-09-02,Referral,East,92.0,1075
2025-09-02,Organic,West,0.0,326
2025-09-02,Paid,West,898.9,9114
2025-09-02,Email,West,155.45,1858
2025-09-02,Referral,West,90.72,757
2025-09-03,Organic,North,0.0,222
2025-09-03,Paid,North,774.76,8711
2025-09-03,Email,North,132.28,1468
2025-09-03,Referral,North,107.74,865
2025-09-03,Organic,South,0.0,223
2025-09-03,Paid,South,915.85,9874
2025-09-03,Email,South,136.0,1428
2025-09-03,Referral,South,105.38,889
2025-09-03,Organic,East,0.0,292
2025-09-03,Paid,East,807.89,9571
2025-09-03,Email,East,135.4,1150
2025-09-03,Referral,East,100.55,918
2025-09-03,Organic,West,0.0,462
2025-09-03,Paid,West,809.77,8377
2025-09-03,Email,West,135.93,1347
2025-09-03,Referral,West,93.42,948
2025-09-04,Organic,North,0.0,338
2025-09-04,Paid,North,806.37,8466
2025-09-04,Email,North,169.75,1864
2025-09-04,Referral,North,111.48,988
2025-09-04,Organic,South,0.0,207
2025-09-04,Paid,South,806.19,9548
2025-09-04,Email,South,153.14,1509
2025-09-04,Referral,South,107.47,1105
2025-09-04,Organic,East,0.0,317
2025-09-04,Paid,East,850.78,7547
2025-09-04,Email,East,144.94,1200
2025-09-04,Referral,East,104.28,1088
2025-09-04,Organic,West,0.0,389
2025-09-04,Paid,West,909.01,10028
2025-09-04,Email,West,161.82,1378
2025-09-04,Referral,West,109.48,1310
2025-09-05,Organic,North,0.0,478
2025-09-05,Paid,North,857.21,9928
2025-09-05,Email,North,155.6,1684
2025-09-05,Referral,North,88.05,795
2025-09-05,Organic,South,0.0,269
2025-09-05,Paid,South,766.48,8695
2025-09-05,Email,South,128.96,1043
2025-09-05,Referral,South,85.77,984
2025-09-05,Organic,East,0.0,226
2025-09-05,Paid,East,734.75,6765
2025-09-05,Email,East,136.94,1541
2025-09-05,Referral,East,114.09,1249
2025-09-05,Organic,West,0.0,397
2025-09-05,Paid,West,836.48,8051
2025-09-05,Email,West,151.4,1713
2025-09-05,Referral,West,104.31,1130
2025-09-06,Organic,North,0.0,201
2025-09-06,Paid,North,886.73,9940
2025-09-06,Email,North,166.33,1948
2025-09-06,Referral,North,100.65,1206
2025-09-06,Organic,South,0.0,209
2025-09-06,Paid,South,883.33,10307
2025-09-06,Email,South,150.37,1261
2025-09-06,Referral,South,101.01,1181
2025-09-06,Organic,East,0.0,456
2025-09-06,Paid,East,701.22,8412
2025-09-06,Email,East,144.76,1687
2025-09-06,Referral,East,103.27,1017
2025-09-06,Organic,West,0.0,395
2025-09-06,Paid,West,802.39,6888
2025-09-06,Email,West,146.52,1557
2025-09-06,Referral,West,92.05,955
2025-09-07,Organic,North,0.0,493
2025-09-07,Paid,North,843.56,7945
2025-09-07,Email,North,169.39,1585
2025-09-07,Referral,North,90.02,862
2025-09-07,Organic,South,0.0,386
2025-09-07,Paid,South,918.71,8639
2025-09-07,Email,South,163.99,1542
2025-09-07,Referral,South,100.02,982
2025-09-07,Organic,East,0.0,287
2025-09-07,Paid,East,718.72,6322
2025-09-07,Email,East,142.98,1509
2025-09-07,Referral,East,90.17,769
2025-09-07,Organic,West,0.0,216
2025-09-07,Paid,West,767.42,8502
2025-09-07,Email,West,143.82,1545
2025-09-07,Referral,West,109.58,1229
2025-09-08,Organic,North,0.0,430
2025-09-08,Paid,North,821.08,7725
2025-09-08,Email,North,164.21,1323
2025-09-08,Referral,North,87.85,872
2025-09-08,Organic,South,0.0,261
2025-09-08,Paid,South,842.23,8804
2025-09-08,Email,South,141.66,1603
2025-09-08,Referral,South,87.78,1021
2025-09-08,Organic,East,0.0,453
2025-09-08,Paid,East,732.85,8791
2025-09-08,Email,East,145.8,1463
2025-09-08,Referral,East,90.73,836
2025-09-08,Organic,West,0.0,457
2025-09-08,Paid,West,850.2,8279
2025-09-08,Email,West,145.48,1239
2025-09-08,Referral,West,89.55,1066
2025-09-09,Organic,North,0.0,361
2025-09-09,Paid,North,855.91,7447
2025-09-09,Email,North,166.21,1867
2025-09-09,Referral,North,101.17,1024
2025-09-09,Organic,South,0.0,358
2025-09-09,Paid,South,901.78,10017
2025-09-09,Email,South,145.43,1272
2025-09-09,Referral,South,100.65,993
2025-09-09,Organic,East,0.0,287
2025-09-09,Paid,East,868.39,8941
2025-09-09,Email,East,166.71,1592
2025-09-09,Referral,East,86.51,1032
2025-09-09,Organic,West,0.0,328
2025-09-09,Paid,West,701.23,7955
2025-09-09,Email,West,142.43,1211
2025-09-09,Referral,West,98.36,1034
2025-09-10,Organic,North,0.0,206
2025-09-10,Paid,North,701.26,7205
2025-09-10,Email,North,132.66,1160
2025-09-10,Referral,North,88.77,962
2025-09-10,Organic,South,0.0,237
2025-09-10,Paid,South,711.47,8459
2025-09-10,Email,South,158.59,1467
2025-09-10,Referral,South,91.59,771
2025-09-10,Organic,East,0.0,211
2025-09-10,Paid,East,704.75,7346
2025-09-10,Email,East,136.66,1313
2025-09-10,Referral,East,86.07,729
2025-09-10,Organic,West,0.0,252
2025-09-10,Paid,West,850.67,10195
2025-09-10,Email,West,130.74,1499
2025-09-10,Referral,West,92.42,882
2025-09-11,Organic,North,0.0,313
2025-09-11,Paid,North,720.12,8287
2025-09-11,Email,North,160.32,1840
2025-09-11,Referral,North,111.99,1311
2025-09-11,Organic,South,0.0,279
2025-09-11,Paid,South,862.52,10073
2025-09-11,Email,South,154.52,1521
2025-09-11,Referral,South,114.57,1213
2025-09-11,Organic,East,0.0,496
2025-09-11,Paid,East,838.43,8517
2025-09-11,Email,East,130.83,1351
2025-09-11,Referral,East,86.74,980
2025-09-11,Organic,West,0.0,382
2025-09-11,Paid,West,718.7,6830
2025-09-11,Email,West,160.56,1832
2025-09-11,Referral,West,100.96,969
2025-09-12,Organic,North,0.0,325
2025-09-12,Paid,North,756.78,7823
2025-09-12,Email,North,130.86,1224
2025-09-12,Referral,North,87.63,811
2025-09-12,Organic,South,0.0,201
2025-09-12,Paid,South,784.04,7603
2025-09-12,Email,South,165.29,1675
2025-09-12,Referral,South,104.53,884
2025-09-12,Organic,East,0.0,387
2025-09-12,Paid,East,695.01,7602
2025-09-12,Email,East,166.73,1522
2025-09-12,Referral,East,106.79,906
2025-09-12,Organic,West,0.0,474
2025-09-12,Paid,West,690.6,7809
2025-09-12,Email,West,136.32,1602
2025-09-12,Referral,West,91.66,798
2025-09-13,Organic,North,0.0,312
2025-09-13,Paid,North,874.28,8950
2025-09-13,Email,North,157.17,1451
2025-09-13,Referral,North,90.03,927
2025-09-13,Organic,South,0.0,271
2025-09-13,Paid,South,732.92,5970
2025-09-13,Email,South,146.11,1238
2025-09-13,Referral,South,102.9,935
2025-09-13,Organic,East,0.0,344
2025-09-13,Paid,East,696.17,5598
2025-09-13,Email,East,128.07,1315
2025-09-13,Referral,East,106.28,1015
2025-09-13,Organic,West,0.0,402
2025-09-13,Paid,West,862.12,8668
2025-09-13,Email,West,131.56,1470
2025-09-13,Referral,West,114.15,1320
2025-09-14,Organic,North,0.0,306
2025-09-14,Paid,North,712.84,6610
2025-09-14,Email,North,128.78,1226
2025-09-14,Referral,North,111.06,1309
2025-09-14,Organic,South,0.0,459
2025-09-14,Paid,South,883.94,8023
2025-09-14,Email,South,156.72,1425
2025-09-14,Referral,South,102.2,1115
2025-09-14,Organic,East,0.0,442
2025-09-14,Paid,East,799.96,8573
2025-09-14,Email,East,141.33,1559
2025-09-14,Referral,East,103.15,1055
2025-09-14,Organic,West,0.0,357
2025-09-14,Paid,West,788.14,6797
2025-09-14,Email,West,162.69,1688
2025-09-14,Referral,West,90.76,819
2025-09-15,Organic,North,0.0,446
2025-09-15,Paid,North,837.62,6863
2025-09-15,Email,North,153.35,1608
2025-09-15,Referral,North,111.03,1107
2025-09-15,Organic,South,0.0,466
2025-09-15,Paid,South,792.08,8299
2025-09-15,Email,South,164.75,1318
2025-09-15,Referral,South,86.22,712
2025-09-15,Organic,East,0.0,345
2025-09-15,Paid,East,684.56,5532
2025-09-15,Email,East,164.63,1380
2025-09-15,Referral,East,97.61,1058
2025-09-15,Organic,West,0.0,470
2025-09-15,Paid,West,830.99,7032
2025-09-15,Email,West,152.23,1760
2025-09-15,Referral,West,100.89,808
2025-09-16,Organic,North,0.0,315
2025-09-16,Paid,North,720.36,7843
2025-09-16,Email,North,151.22,1440
2025-09-16,Referral,North,100.1,875
2025-09-16,Organic,South,0.0,342
2025-09-16,Paid,South,879.33,7868
2025-09-16,Email,South,161.43,1798
2025-09-16,Referral,South,93.22,766
2025-09-16,Organic,East,0.0,401
2025-09-16,Paid,East,794.32,6855
2025-09-16,Email,East,144.59,1711
2025-09-16,Referral,East,107.46,1287
2025-09-16,Organic,West,0.0,357
2025-09-16,Paid,West,721.35,7412
2025-09-16,Email,West,147.23,1368
2025-09-16,Referral,West,86.9,1041
2025-09-17,Organic,North,0.0,296
2025-09-17,Paid,North,808.27,7434
2025-09-17,Email,North,144.45,1500
2025-09-17,Referral,North,101.98,1051
2025-09-17,Organic,South,0.0,372
2025-09-17,Paid,South,707.75,7717
2025-09-17,Email,South,140.36,1648
2025-09-17,Referral,South,89.99,723
2025-09-17,Organic,East,0.0,320
2025-09-17,Paid,East,878.93,10284
2025-09-17,Email,East,149.52,1433
2025-09-17,Referral,East,89.73,1031
2025-09-17,Organic,West,0.0,366
2025-09-17,Paid,West,868.62,7176
2025-09-17,Email,West,170.07,1797
2025-09-17,Referral,West,110.95,940
2025-09-18,Organic,North,0.0,298
2025-09-18,Paid,North,705.31,6180
2025-09-18,Email,North,141.1,1559
2025-09-18,Referral,North,104.7,1051
2025-09-18,Organic,South,0.0,322
2025-09-18,Paid,South,778.41,9336
2025-09-18,Email,South,135.18,1098
2025-09-18,Referral,South,98.72,881
2025-09-18,Organic,East,0.0,347
2025-09-18,Paid,East,807.59,8627
2025-09-18,Email,East,145.43,1476
2025-09-18,Referral,East,97.35,881
2025-09-18,Organic,West,0.0,328
2025-09-18,Paid,West,827.72,6782
2025-09-18,Email,West,160.53,1475
2025-09-18,Referral,West,113.32,1001
2025-09-19,Organic,North,0.0,305
2025-09-19,Paid,North,729.15,7133
2025-09-19,Email,North,154.84,1290
2025-09-19,Referral,North,101.92,1065
2025-09-19,Organic,South,0.0,449
2025-09-19,Paid,South,876.41,7507
2025-09-19,Email,South,154.47,1376
2025-09-19,Referral,South,112.73,1177
2025-09-19,Organic,East,0.0,424
2025-09-19,Paid,East,915.6,7463
2025-09-19,Email,East,130.98,1100
2025-09-19,Referral,East,97.31,1051
2025-09-19,Organic,West,0.0,480
2025-09-19,Paid,West,821.72,8649
2025-09-19,Email,West,134.36,1420
2025-09-19,Referral,West,91.47,835
2025-09-20,Organic,North,0.0,335
2025-09-20,Paid,North,732.27,6574
2025-09-20,Email,North,164.08,1394
2025-09-20,Referral,North,85.31,914
2025-09-20,Organic,South,0.0,245
2025-09-20,Paid,South,854.09,7053
2025-09-20,Email,South,150.47,1549
2025-09-20,Referral,South,101.34,811
2025-09-20,Organic,East,0.0,300
2025-09-20,Paid,East,696.74,5984
2025-09-20,Email,East,172.16,1991
2025-09-20,Referral,East,96.77,927
2025-09-20,Organic,West,0.0,312
2025-09-20,Paid,West,906.86,9383
2025-09-20,Email,West,148.95,1536
2025-09-20,Referral,West,88.46,821
2025-09-21,Organic,North,0.0,345
2025-09-21,Paid,North,892.5,8971
2025-09-21,Email,North,172.33,1418
2025-09-21,Referral,North,107.19,925
2025-09-21,Organic,South,0.0,392
2025-09-21,Paid,South,824.06,8677
2025-09-21,Email,South,164.58,1633
2025-09-21,Referral,South,93.11,1110
2025-09-21,Organic,East,0.0,280
2025-09-21,Paid,East,854.34,9450
2025-09-21,Email,East,166.29,1915
2025-09-21,Referral,East,98.36,1012
2025-09-21,Organic,West,0.0,241
2025-09-21,Paid,West,733.63,7546
2025-09-21,Email,West,146.29,1294
2025-09-21,Referral,West,89.8,947
2025-09-22,Organic,North,0.0,443
2025-09-22,Paid,North,870.45,8292
2025-09-22,Email,North,150.18,1682
2025-09-22,Referral,North,88.03,983
2025-09-22,Organic,South,0.0,492
2025-09-22,Paid,South,722.0,6169
2025-09-22,Email,South,163.54,1601
2025-09-22,Referral,South,101.84,1022
2025-09-22,Organic,East,0.0,258
2025-09-22,Paid,East,691.79,6880
2025-09-22,Email,East,131.12,1154
2025-09-22,Referral,East,94.32,889
2025-09-22,Organic,West,0.0,428
2025-09-22,Paid,West,758.84,8606
2025-09-22,Email,West,149.96,1281
2025-09-22,Referral,West,85.3,929
2025-09-23,Organic,North,0.0,201
2025-09-23,Paid,North,733.42,6474
2025-09-23,Email,North,152.11,1457
2025-09-23,Referral,North,89.57,899
2025-09-23,Organic,South,0.0,218
2025-09-23,Paid,South,691.2,5552
2025-09-23,Email,South,160.33,1442
2025-09-23,Referral,South,105.34,893
2025-09-23,Organic,East,0.0,405
2025-09-23,Paid,East,757.12,8607
2025-09-23,Email,East,166.27,1396
2025-09-23,Referral,East,100.15,1172
2025-09-23,Organic,West,0.0,483
2025-09-23,Paid,West,873.48,8068
2025-09-23,Email,West,171.18,1847
2025-09-23,Referral,West,99.61,1039
2025-09-24,Organic,North,0.0,453
2025-09-24,Paid,North,694.93,5794
2025-09-24,Email,North,164.95,1735
2025-09-24,Referral,North,101.93,1181
2025-09-24,Organic,South,0.0,243
2025-09-24,Paid,South,755.8,6826
2025-09-24,Email,South,128.02,1230
2025-09-24,Referral,South,92.24,751
2025-09-24,Organic,East,0.0,439
2025-09-24,Paid,East,850.69,8437
2025-09-24,Email,East,151.39,1733
2025-09-24,Referral,East,107.17,1265
2025-09-24,Organic,West,0.0,229
2025-09-24,Paid,West,849.09,7879
2025-09-24,Email,West,154.41,1447
2025-09-24,Referral,West,104.48,1108
2025-09-25,Organic,North,0.0,366
2025-09-25,Paid,North,803.03,8373
2025-09-25,Email,North,154.04,1670
2025-09-25,Referral,North,87.48,751
2025-09-25,Organic,South,0.0,485
2025-09-25,Paid,South,700.04,7777
2025-09-25,Email,South,167.94,1687
2025-09-25,Referral,South,110.61,890
2025-09-25,Organic,East,0.0,286
2025-09-25,Paid,East,847.34,7074
2025-09-25,Email,East,159.18,1484
2025-09-25,Referral,East,89.77,1075
2025-09-25,Organic,West,0.0,499
2025-09-25,Paid,West,682.11,7212
2025-09-25,Email,West,130.4,1220
2025-09-25,Referral,West,88.15,1012
2025-09-26,Organic,North,0.0,219
2025-09-26,Paid,North,804.41,7686
2025-09-26,Email,North,157.5,1319
2025-09-26,Referral,North,109.45,1133
2025-09-26,Organic,South,0.0,362
2025-09-26,Paid,South,919.4,9551
2025-09-26,Email,South,143.6,1470
2025-09-26,Referral,South,110.14,1042
2025-09-26,Organic,East,0.0,405
2025-09-26,Paid,East,711.85,5757
2025-09-26,Email,East,149.39,1578
2025-09-26,Referral,East,110.18,954
2025-09-26,Organic,West,0.0,251
2025-09-26,Paid,West,798.22,7546
2025-09-26,Email,West,129.52,1433
2025-09-26,Referral,West,85.36,977
2025-09-27,Organic,North,0.0,317
2025-09-27,Paid,North,705.49,6167
2025-09-27,Email,North,163.98,1410
2025-09-27,Referral,North,101.25,1170
2025-09-27,Organic,South,0.0,397
2025-09-27,Paid,South,820.21,8465
2025-09-27,Email,South,128.37,1450
2025-09-27,Referral,South,112.74,1134
2025-09-27,Organic,East,0.0,435
2025-09-27,Paid,East,857.74,9198
2025-09-27,Email,East,163.62,1345
2025-09-27,Referral,East,96.81,847
2025-09-27,Organic,West,0.0,336
2025-09-27,Paid,West,805.86,8859
2025-09-27,Email,West,161.03,1434
2025-09-27,Referral,West,103.34,854
2025-09-28,Organic,North,0.0,332
2025-09-28,Paid,North,706.56,5829
2025-09-28,Email,North,151.46,1253
2025-09-28,Referral,North,107.59,867
2025-09-28,Organic,South,0.0,229
2025-09-28,Paid,South,693.75,6551
2025-09-28,Email,South,148.0,1601
2025-09-28,Referral,South,109.02,1040
2025-09-28,Organic,East,0.0,387
2025-09-28,Paid,East,800.58,6729
2025-09-28,Email,East,165.8,1608
2025-09-28,Referral,East,110.06,1258
2025-09-28,Organic,West,0.0,261
2025-09-28,Paid,West,772.09,8492
2025-09-28,Email,West,159.43,1511
2025-09-28,Referral,West,100.39,846
2025-09-29,Organic,North,0.0,261
2025-09-29,Paid,North,867.7,7826
2025-09-29,Email,North,168.33,1673
2025-09-29,Referral,North,100.33,946
2025-09-29,Organic,South,0.0,461
2025-09-29,Paid,South,695.02,6885
2025-09-29,Email,South,141.81,1668
2025-09-29,Referral,South,85.84,947
2025-09-29,Organic,East,0.0,370
2025-09-29,Paid,East,798.93,6724
2025-09-29,Email,East,142.23,1348
2025-09-29,Referral,East,89.47,844
2025-09-29,Organic,West,0.0,413
2025-09-29,Paid,West,691.3,5839
2025-09-29,Email,West,152.02,1734
2025-09-29,Referral,West,104.52,983
2025-09-30,Organic,North,0.0,216
2025-09-30,Paid,North,726.15,6398
2025-09-30,Email,North,163.17,1737
2025-09-30,Referral,North,105.91,1067
2025-09-30,Organic,South,0.0,230
2025-09-30,Paid,South,902.56,8657
2025-09-30,Email,South,171.81,2046
2025-09-30,Referral,South,104.91,1193
2025-09-30,Organic,East,0.0,274
2025-09-30,Paid,East,841.18,8314
2025-09-30,Email,East,136.59,1575
2025-09-30,Referral,East,104.42,903
2025-09-30,Organic,West,0.0,371
2025-09-30,Paid,West,712.86,7694
2025-09-30,Email,West,159.82,1567
2025-09-30,Referral,West,113.21,1106
2025-10-01,Organic,North,0.0,497
2025-10-01,Paid,North,903.26,8993
2025-10-01,Email,North,147.49,1584
2025-10-01,Referral,North,101.58,1174
2025-10-01,Organic,South,0.0,258
2025-10-01,Paid,South,790.52,8195
2025-10-01,Email,South,162.71,1583
2025-10-01,Referral,South,106.92,1039
2025-10-01,Organic,East,0.0,417
2025-10-01,Paid,East,805.7,8989
2025-10-01,Email,East,146.4,1397
2025-10-01,Referral,East,96.76,825
2025-10-01,Organic,West,0.0,447
2025-10-01,Paid,West,838.98,8834
2025-10-01,Email,West,142.71,1189
2025-10-01,Referral,West,96.43,926
2025-10-02,Organic,North,0.0,467
2025-10-02,Paid,North,800.82,6789
2025-10-02,Email,North,135.83,1274
2025-10-02,Referral,North,99.14,1114
2025-10-02,Organic,South,0.0,213
2025-10-02,Paid,South,823.85,8091
2025-10-02,Email,South,138.3,1402
2025-10-02,Referral,South,87.84,1011
2025-10-02,Organic,East,0.0,312
2025-10-02,Paid,East,872.13,8244
2025-10-02,Email,East,157.9,1709
2025-10-02,Referral,East,113.81,1328
2025-10-02,Organic,West,0.0,393
2025-10-02,Paid,West,831.81,6902
2025-10-02,Email,West,128.49,1120
2025-10-02,Referral,West,85.3,731
2025-10-03,Organic,North,0.0,472
2025-10-03,Paid,North,706.62,6470
2025-10-03,Email,North,138.36,1253
2025-10-03,Referral,North,111.74,1119
2025-10-03,Organic,South,0.0,470
2025-10-03,Paid,South,802.93,9040
2025-10-03,Email,South,163.52,1594
2025-10-03,Referral,South,97.71,1132
2025-10-03,Organic,East,0.0,470
2025-10-03,Paid,East,705.2,8428
2025-10-03,Email,East,169.68,1528
2025-10-03,Referral,East,99.62,992
2025-10-03,Organic,West,0.0,386
2025-10-03,Paid,West,740.81,8485
2025-10-03,Email,West,128.67,1152
2025-10-03,Referral,West,102.77,1145
2025-10-04,Organic,North,0.0,292
2025-10-04,Paid,North,785.72,8288
2025-10-04,Email,North,148.0,1736
2025-10-04,Referral,North,96.19,1125
2025-10-04,Organic,South,0.0,489
2025-10-04,Paid,South,887.44,9945
2025-10-04,Email,South,146.25,1326
2025-10-04,Referral,South,96.03,1091
2025-10-04,Organic,East,0.0,317
2025-10-04,Paid,East,781.54,7778
2025-10-04,Email,East,159.64,1446
2025-10-04,Referral,East,109.88,1039
2025-10-04,Organic,West,0.0,239
2025-10-04,Paid,West,685.6,5996
2025-10-04,Email,West,135.89,1600
2025-10-04,Referral,West,114.85,1264
2025-10-05,Organic,North,0.0,479
2025-10-05,Paid,North,793.4,6514
2025-10-05,Email,North,145.41,1708
2025-10-05,Referral,North,87.81,895
2025-10-05,Organic,South,0.0,295
2025-10-05,Paid,South,690.16,6955
2025-10-05,Email,South,144.4,1227
2025-10-05,Referral,South,107.91,1060
2025-10-05,Organic,East,0.0,237
2025-10-05,Paid,East,905.61,7813
2025-10-05,Email,East,134.69,1391
2025-10-05,Referral,East,101.76,900
2025-10-05,Organic,West,0.0,330
2025-10-05,Paid,West,752.93,7825
2025-10-05,Email,West,153.65,1665
2025-10-05,Referral,West,112.6,1162
2025-10-06,Organic,North,0.0,293
2025-10-06,Paid,North,682.92,6600
2025-10-06,Email,North,172.42,1726
2025-10-06,Referral,North,91.78,792
2025-10-06,Organic,South,0.0,489
2025-10-06,Paid,South,739.58,6612
2025-10-06,Email,South,159.33,1780
2025-10-06,Referral,South,103.89,965
2025-10-06,Organic,East,0.0,269
2025-10-06,Paid,East,817.63,9799
2025-10-06,Email,East,155.8,1758
2025-10-06,Referral,East,92.07,994
2025-10-06,Organic,West,0.0,225
2025-10-06,Paid,West,680.43,5554
2025-10-06,Email,West,151.57,1359
2025-10-06,Referral,West,96.53,998
2025-10-07,Organic,North,0.0,438
2025-10-07,Paid,North,829.82,8192
2025-10-07,Email,North,128.07,1304
2025-10-07,Referral,North,105.49,1182
2025-10-07,Organic,South,0.0,453
2025-10-07,Paid,South,748.13,7213
2025-10-07,Email,South,155.84,1646
2025-10-07,Referral,South,91.04,813
2025-10-07,Organic,East,0.0,391
2025-10-07,Paid,East,721.24,6465
2025-10-07,Email,East,136.2,1287
2025-10-07,Referral,East,114.56,1118
2025-10-07,Organic,West,0.0,390
2025-10-07,Paid,West,783.07,7803
2025-10-07,Email,West,150.14,1747
2025-10-07,Referral,West,93.61,859
2025-10-08,Organic,North,0.0,492
2025-10-08,Paid,North,788.04,8703
2025-10-08,Email,North,130.83,1190
2025-10-08,Referral,North,104.78,1223
2025-10-08,Organic,South,0.0,421
2025-10-08,Paid,South,699.64,7821
2025-10-08,Email,South,141.61,1584
2025-10-08,Referral,South,90.18,844
2025-10-08,Organic,East,0.0,473
2025-10-08,Paid,East,868.83,9955
2025-10-08,Email,East,135.47,1343
2025-10-08,Referral,East,110.96,1045
2025-10-08,Organic,West,0.0,283
2025-10-08,Paid,West,747.57,6873
2025-10-08,Email,West,161.37,1816
2025-10-08,Referral,West,88.89,832
2025-10-09,Organic,North,0.0,238
2025-10-09,Paid,North,718.17,7025
2025-10-09,Email,North,127.52,1471
2025-10-09,Referral,North,97.56,1055
2025-10-09,Organic,South,0.0,444
2025-10-09,Paid,South,749.02,8019
2025-10-09,Email,South,163.76,1916
2025-10-09,Referral,South,114.31,999
2025-10-09,Organic,East,0.0,234
2025-10-09,Paid,East,691.62,6817
2025-10-09,Email,East,138.44,1465
2025-10-09,Referral,East,88.71,809
2025-10-09,Organic,West,0.0,438
2025-10-09,Paid,West,710.89,8498
2025-10-09,Email,West,154.61,1447
2025-10-09,Referral,West,106.94,892
2025-10-10,Organic,North,0.0,203
2025-10-10,Paid,North,850.04,9667
2025-10-10,Email,North,153.28,1409
2025-10-10,Referral,North,107.67,905
2025-10-10,Organic,South,0.0,250
2025-10-10,Paid,South,830.26,7771
2025-10-10,Email,South,164.18,1568
2025-10-10,Referral,South,106.22,1099
2025-10-10,Organic,East,0.0,280
2025-10-10,Paid,East,714.87,8154
2025-10-10,Email,East,131.54,1228
2025-10-10,Referral,East,86.8,800
2025-10-10,Organic,West,0.0,405
2025-10-10,Paid,West,898.58,8211
2025-10-10,Email,West,148.95,1756
2025-10-10,Referral,West,112.63,1225
2025-10-11,Organic,North,0.0,226
2025-10-11,Paid,North,698.7,6551
2025-10-11,Email,North,132.88,1409
2025-10-11,Referral,North,110.78,1234
2025-10-11,Organic,South,0.0,385
2025-10-11,Paid,South,792.34,8346
2025-10-11,Email,South,146.25,1626
2025-10-11,Referral,South,107.22,1000
2025-10-11,Organic,East,0.0,278
2025-10-11,Paid,East,901.1,10432
2025-10-11,Email,East,151.47,1625
2025-10-11,Referral,East,89.27,907
2025-10-11,Organic,West,0.0,435
2025-10-11,Paid,West,684.06,7378
2025-10-11,Email,West,155.44,1663
2025-10-11,Referral,West,95.84,1118
2025-10-12,Organic,North,0.0,323
2025-10-12,Paid,North,898.91,7258
2025-10-12,Email,North,148.77,1582
2025-10-12,Referral,North,107.11,1256
2025-10-12,Organic,South,0.0,294
2025-10-12,Paid,South,775.55,8731
2025-10-12,Email,South,151.96,1518
2025-10-12,Referral,South,86.33,944
2025-10-12,Organic,East,0.0,431
2025-10-12,Paid,East,766.19,6164
2025-10-12,Email,East,152.31,1678
2025-10-12,Referral,East,102.67,1014
2025-10-12,Organic,West,0.0,361
2025-10-12,Paid,West,906.77,7276
2025-10-12,Email,West,129.24,1498
2025-10-12,Referral,West,104.01,1023
2025-10-13,Organic,North,0.0,349
2025-10-13,Paid,North,852.83,9262
2025-10-13,Email,North,163.18,1775
2025-10-13,Referral,North,114.56,1169
2025-10-13,Organic,South,0.0,349
2025-10-13,Paid,South,700.34,5731
2025-10-13,Email,South,151.26,1374
2025-10-13,Referral,South,105.57,1044
2025-10-13,Organic,East,0.0,454
2025-10-13,Paid,East,898.69,7689
2025-10-13,Email,East,141.86,1575
2025-10-13,Referral,East,98.84,1046
2025-10-13,Organic,West,0.0,315
2025-10-13,Paid,West,740.06,6370
2025-10-13,Email,West,170.64,1709
2025-10-13,Referral,West,90.78,911
2025-10-14,Organic,North,0.0,418
2025-10-14,Paid,North,865.82,9137
2025-10-14,Email,North,152.38,1262
2025-10-14,Referral,North,95.68,884
2025-10-14,Organic,South,0.0,385
2025-10-14,Paid,South,891.21,9104
2025-10-14,Email,South,159.56,1337
2025-10-14,Referral,South,95.62,1120
2025-10-14,Organic,East,0.0,345
2025-10-14,Paid,East,707.41,6687
2025-10-14,Email,East,148.41,1577
2025-10-14,Referral,East,103.39,1207
2025-10-14,Organic,West,0.0,306
2025-10-14,Paid,West,691.17,7029
2025-10-14,Email,West,145.19,1560
2025-10-14,Referral,West,98.96,912
2025-10-15,Organic,North,0.0,218
2025-10-15,Paid,North,854.41,9850
2025-10-15,Email,North,161.89,1657
2025-10-15,Referral,North,102.12,927
2025-10-15,Organic,South,0.0,262
2025-10-15,Paid,South,776.75,6430
2025-10-15,Email,South,141.16,1158
2025-10-15,Referral,South,92.45,963
2025-10-15,Organic,East,0.0,380
2025-10-15,Paid,East,852.6,8319
2025-10-15,Email,East,163.85,1900
2025-10-15,Referral,East,107.22,1053
2025-10-15,Organic,West,0.0,352
2025-10-15,Paid,West,694.55,7376
2025-10-15,Email,West,144.68,1714
2025-10-15,Referral,West,100.09,865
2025-10-16,Organic,North,0.0,318
2025-10-16,Paid,North,753.6,7764
2025-10-16,Email,North,158.1,1584
2025-10-16,Referral,North,102.62,935
2025-10-16,Organic,South,0.0,228
2025-10-16,Paid,South,859.55,9050
2025-10-16,Email,South,134.45,1132
2025-10-16,Referral,South,98.57,1178
2025-10-16,Organic,East,0.0,232
2025-10-16,Paid,East,916.29,7471
2025-10-16,Email,East,152.6,1614
2025-10-16,Referral,East,108.88,1192
2025-10-16,Organic,West,0.0,243
2025-10-16,Paid,West,907.23,8578
2025-10-16,Email,West,136.04,1342
2025-10-16,Referral,West,89.61,831
2025-10-17,Organic,North,0.0,454
2025-10-17,Paid,North,752.91,6564
2025-10-17,Email,North,166.86,1576
2025-10-17,Referral,North,85.86,735
2025-10-17,Organic,South,0.0,397
2025-10-17,Paid,South,734.04,7460
2025-10-17,Email,South,145.6,1494
2025-10-17,Referral,South,90.8,766
2025-10-17,Organic,East,0.0,292
2025-10-17,Paid,East,837.78,9602
2025-10-17,Email,East,169.7,1645
2025-10-17,Referral,East,90.01,1013
2025-10-17,Organic,West,0.0,283
2025-10-17,Paid,West,876.68,7066
2025-10-17,Email,West,161.07,1436
2025-10-17,Referral,West,90.51,944
2025-10-18,Organic,North,0.0,324
2025-10-18,Paid,North,796.16,8278
2025-10-18,Email,North,155.77,1682
2025-10-18,Referral,North,101.08,1189
2025-10-18,Organic,South,0.0,427
2025-10-18,Paid,South,843.86,7482
2025-10-18,Email,South,166.31,1872
2025-10-18,Referral,South,97.31,806
2025-10-18,Organic,East,0.0,425
2025-10-18,Paid,East,720.4,5878
2025-10-18,Email,East,171.33,1641
2025-10-18,Referral,East,99.05,967
2025-10-18,Organic,West,0.0,360
2025-10-18,Paid,West,708.06,5887
2025-10-18,Email,West,129.85,1552
2025-10-18,Referral,West,114.77,1330
2025-10-19,Organic,North,0.0,383
2025-10-19,Paid,North,724.42,7739
2025-10-19,Email,North,137.9,1561
2025-10-19,Referral,North,97.1,985
2025-10-19,Organic,South,0.0,346
2025-10-19,Paid,South,766.87,6868
2025-10-19,Email,South,134.28,1285
2025-10-19,Referral,South,86.79,1016
2025-10-19,Organic,East,0.0,234
2025-10-19,Paid,East,901.71,10156
2025-10-19,Email,East,165.61,1338
2025-10-19,Referral,East,90.57,857
2025-10-19,Organic,West,0.0,230
2025-10-19,Paid,West,842.64,7553
2025-10-19,Email,West,143.74,1449
2025-10-19,Referral,West,97.57,1097
2025-10-20,Organic,North,0.0,491
2025-10-20,Paid,North,909.01,10537
2025-10-20,Email,North,139.72,1544
2025-10-20,Referral,North,87.77,990
2025-10-20,Organic,South,0.0,351
2025-10-20,Paid,South,856.16,9509
2025-10-20,Email,South,160.09,1746
2025-10-20,Referral,South,110.06,1284
2025-10-20,Organic,East,0.0,294
2025-10-20,Paid,East,776.04,6681
2025-10-20,Email,East,136.65,1476
2025-10-20,Referral,East,99.07,798
2025-10-20,Organic,West,0.0,416
2025-10-20,Paid,West,830.39,7279
2025-10-20,Email,West,129.97,1311
2025-10-20,Referral,West,94.41,898
2025-10-21,Organic,North,0.0,322
2025-10-21,Paid,North,871.73,9155
2025-10-21,Email,North,138.01,1481
2025-10-21,Referral,North,87.11,895
2025-10-21,Organic,South,0.0,363
2025-10-21,Paid,South,694.34,8144
2025-10-21,Email,South,144.26,1455
2025-10-21,Referral,South,108.13,1087
2025-10-21,Organic,East,0.0,424
2025-10-21,Paid,East,879.0,8162
2025-10-21,Email,East,157.7,1456
2025-10-21,Referral,East,113.62,1095
2025-10-21,Organic,West,0.0,300
2025-10-21,Paid,West,702.91,6620
2025-10-21,Email,West,130.82,1267
2025-10-21,Referral,West,96.71,953
2025-10-22,Organic,North,0.0,437
2025-10-22,Paid,North,801.28,8118
2025-10-22,Email,North,129.56,1061
2025-10-22,Referral,North,101.87,938
2025-10-22,Organic,South,0.0,335
2025-10-22,Paid,South,904.66,9905
2025-10-22,Email,South,161.23,1637
2025-10-22,Referral,South,108.62,885
2025-10-22,Organic,East,0.0,383
2025-10-22,Paid,East,745.26,7679
2025-10-22,Email,East,164.27,1337
2025-10-22,Referral,East,98.67,1143
2025-10-22,Organic,West,0.0,460
2025-10-22,Paid,West,684.26,7886
2025-10-22,Email,West,144.14,1161
2025-10-22,Referral,West,113.73,1029
2025-10-23,Organic,North,0.0,239
2025-10-23,Paid,North,735.4,6031
2025-10-23,Email,North,136.18,1380
2025-10-23,Referral,North,96.59,978
2025-10-23,Organic,South,0.0,388
2025-10-23,Paid,South,744.72,8378
2025-10-23,Email,South,165.97,1627
2025-10-23,Referral,South,97.61,879
2025-10-23,Organic,East,0.0,429
2025-10-23,Paid,East,897.08,9588
2025-10-23,Email,East,168.92,1895
2025-10-23,Referral,East,109.31,1150
2025-10-23,Organic,West,0.0,372
2025-10-23,Paid,West,792.21,8311
2025-10-23,Email,West,149.79,1633
2025-10-23,Referral,West,87.35,988
2025-10-24,Organic,North,0.0,383
2025-10-24,Paid,North,787.44,7411
2025-10-24,Email,North,132.24,1214
2025-10-24,Referral,North,96.76,814
2025-10-24,Organic,South,0.0,380
2025-10-24,Paid,South,765.03,7481
2025-10-24,Email,South,130.35,1474
2025-10-24,Referral,South,100.59,1172
2025-10-24,Organic,East,0.0,461
2025-10-24,Paid,East,776.01,8482
2025-10-24,Email,East,146.63,1495
2025-10-24,Referral,East,101.67,1163
2025-10-24,Organic,West,0.0,499
2025-10-24,Paid,West,835.65,9651
2025-10-24,Email,West,138.26,1156
2025-10-24,Referral,West,86.06,865
2025-10-25,Organic,North,0.0,255
2025-10-25,Paid,North,809.48,9258
2025-10-25,Email,North,153.86,1237
2025-10-25,Referral,North,104.69,1032
2025-10-25,Organic,South,0.0,485
2025-10-25,Paid,South,792.9,7573
2025-10-25,Email,South,131.96,1282
2025-10-25,Referral,South,109.43,1248
2025-10-25,Organic,East,0.0,217
2025-10-25,Paid,East,867.76,8936
2025-10-25,Email,East,129.04,1484
2025-10-25,Referral,East,106.62,1121
2025-10-25,Organic,West,0.0,223
2025-10-25,Paid,West,682.7,6561
2025-10-25,Email,West,169.76,1976
2025-10-25,Referral,West,85.2,1002
2025-10-26,Organic,North,0.0,314
2025-10-26,Paid,North,809.11,8454
2025-10-26,Email,North,141.98,1200
2025-10-26,Referral,North,97.85,915
2025-10-26,Organic,South,0.0,496
2025-10-26,Paid,South,807.95,6769
2025-10-26,Email,South,150.59,1681
2025-10-26,Referral,South,99.18,1174
2025-10-26,Organic,East,0.0,226
2025-10-26,Paid,East,858.5,7583
2025-10-26,Email,East,145.64,1492
2025-10-26,Referral,East,112.69,948
2025-10-26,Organic,West,0.0,353
2025-10-26,Paid,West,764.85,6624
2025-10-26,Email,West,140.44,1331
2025-10-26,Referral,West,93.19,906
2025-10-27,Organic,North,0.0,297
2025-10-27,Paid,North,705.49,5875
2025-10-27,Email,North,139.42,1563
2025-10-27,Referral,North,104.59,992
2025-10-27,Organic,South,0.0,462
2025-10-27,Paid,South,851.18,8207
2025-10-27,Email,South,148.24,1329
2025-10-27,Referral,South,103.56,1238
2025-10-27,Organic,East,0.0,490
2025-10-27,Paid,East,884.4,7809
2025-10-27,Email,East,148.05,1302
2025-10-27,Referral,East,92.21,1076
2025-10-27,Organic,West,0.0,325
2025-10-27,Paid,West,680.46,6268
2025-10-27,Email,West,142.27,1284
2025-10-27,Referral,West,95.1,909
2025-10-28,Organic,North,0.0,343
2025-10-28,Paid,North,887.96,7308
2025-10-28,Email,North,164.34,1903
2025-10-28,Referral,North,86.98,1025
2025-10-28,Organic,South,0.0,308
2025-10-28,Paid,South,889.36,8658
2025-10-28,Email,South,146.14,1236
2025-10-28,Referral,South,114.54,1129
2025-10-28,Organic,East,0.0,387
2025-10-28,Paid,East,755.86,7813
2025-10-28,Email,East,163.07,1720
2025-10-28,Referral,East,110.18,1249
2025-10-28,Organic,West,0.0,482
2025-10-28,Paid,West,896.19,8116
2025-10-28,Email,West,159.91,1802
2025-10-28,Referral,West,108.66,938
2025-10-29,Organic,North,0.0,290
2025-10-29,Paid,North,833.31,9009
2025-10-29,Email,North,157.14,1577
2025-10-29,Referral,North,102.33,1015
2025-10-29,Organic,South,0.0,485
2025-10-29,Paid,South,904.16,10643
2025-10-29,Email,South,130.22,1318
2025-10-29,Referral,South,100.11,1049
2025-10-29,Organic,East,0.0,457
2025-10-29,Paid,East,719.79,8125
2025-10-29,Email,East,162.13,1314
2025-10-29,Referral,East,98.56,1118
2025-10-29,Organic,West,0.0,252
2025-10-29,Paid,West,799.52,6422
2025-10-29,Email,West,139.64,1628
2025-10-29,Referral,West,94.85,1132
2025-10-30,Organic,North,0.0,488
2025-10-30,Paid,North,726.17,7558
2025-10-30,Email,North,171.22,1604
2025-10-30,Referral,North,92.91,924
2025-10-30,Organic,South,0.0,203
2025-10-30,Paid,South,771.84,8599
2025-10-30,Email,South,130.99,1303
2025-10-30,Referral,South,103.27,1150
2025-10-30,Organic,East,0.0,409
2025-10-30,Paid,East,830.09,9379
2025-10-30,Email,East,135.36,1137
2025-10-30,Referral,East,101.84,1211
2025-10-30,Organic,West,0.0,269
2025-10-30,Paid,West,782.65,7022
2025-10-30,Email,West,161.26,1516
2025-10-30,Referral,West,112.84,1175
2025-10-31,Organic,North,0.0,275
2025-10-31,Paid,North,903.18,7829
2025-10-31,Email,North,149.27,1681
2025-10-31,Referral,North,109.52,966
2025-10-31,Organic,South,0.0,404
2025-10-31,Paid,South,792.7,8382
2025-10-31,Email,South,171.61,1447
2025-10-31,Referral,South,98.74,860
2025-10-31,Organic,East,0.0,405
2025-10-31,Paid,East,892.56,7866
2025-10-31,Email,East,167.46,1559
2025-10-31,Referral,East,86.22,953
2025-10-31,Organic,West,0.0,383
2025-10-31,Paid,West,919.99,9717
2025-10-31,Email,West,135.03,1153
2025-10-31,Referral,West,89.44,719
2025-11-01,Organic,North,0.0,455
2025-11-01,Paid,North,892.97,7233
2025-11-01,Email,North,134.37,1424
2025-11-01,Referral,North,91.18,1034
2025-11-01,Organic,South,0.0,240
2025-11-01,Paid,South,774.87,6861
2025-11-01,Email,South,139.39,1346
2025-11-01,Referral,South,107.68,988
2025-11-01,Organic,East,0.0,367
2025-11-01,Paid,East,898.01,9160
2025-11-01,Email,East,136.65,1096
2025-11-01,Referral,East,109.8,1033
2025-11-01,Organic,West,0.0,430
2025-11-01,Paid,West,777.12,6560
2025-11-01,Email,West,133.7,1268
2025-11-01,Referral,West,87.04,912
2025-11-02,Organic,North,0.0,280
2025-11-02,Paid,North,831.9,9491
2025-11-02,Email,North,166.09,1390
2025-11-02,Referral,North,99.36,1161
2025-11-02,Organic,South,0.0,453
2025-11-02,Paid,South,804.22,8524
2025-11-02,Email,South,131.54,1354
2025-11-02,Referral,South,113.49,1210
2025-11-02,Organic,East,0.0,259
2025-11-02,Paid,East,867.0,7165
2025-11-02,Email,East,149.53,1553
2025-11-02,Referral,East,100.33,896
2025-11-02,Organic,West,0.0,250
2025-11-02,Paid,West,737.09,8101
2025-11-02,Email,West,170.08,1503
2025-11-02,Referral,West,110.07,1136
2025-11-03,Organic,North,0.0,491
2025-11-03,Paid,North,919.03,8189
2025-11-03,Email,North,160.58,1849
2025-11-03,Referral,North,93.4,851
2025-11-03,Organic,South,0.0,394
2025-11-03,Paid,South,884.61,9058
2025-11-03,Email,South,162.71,1733
2025-11-03,Referral,South,103.26,885
2025-11-03,Organic,East,0.0,415
2025-11-03,Paid,East,780.57,9243
2025-11-03,Email,East,131.54,1380
2025-11-03,Referral,East,108.07,1115
2025-11-03,Organic,West,0.0,474
2025-11-03,Paid,West,918.66,7611
2025-11-03,Email,West,164.04,1683
2025-11-03,Referral,West,99.76,977
2025-11-04,Organic,North,0.0,493
2025-11-04,Paid,North,818.05,9095
2025-11-04,Email,North,157.62,1588
2025-11-04,Referral,North,96.15,795
2025-11-04,Organic,South,0.0,314
2025-11-04,Paid,South,734.26,7422
2025-11-04,Email,South,147.33,1709
2025-11-04,Referral,South,104.14,930
2025-11-04,Organic,East,0.0,217
2025-11-04,Paid,East,799.37,7306
2025-11-04,Email,East,170.79,1485
2025-11-04,Referral,East,106.14,1147
2025-11-04,Organic,West,0.0,251
2025-11-04,Paid,West,795.89,7385
2025-11-04,Email,West,166.32,1750
2025-11-04,Referral,West,90.24,781
2025-11-05,Organic,North,0.0,271
2025-11-05,Paid,North,807.59,8335
2025-11-05,Email,North,130.48,1526
2025-11-05,Referral,North,88.85,936
2025-11-05,Organic,South,0.0,372
2025-11-05,Paid,South,918.57,7687
2025-11-05,Email,South,153.47,1736
2025-11-05,Referral,South,95.65,991
2025-11-05,Organic,East,0.0,340
2025-11-05,Paid,East,741.97,7365
2025-11-05,Email,East,138.07,1315
2025-11-05,Referral,East,100.48,887
2025-11-05,Organic,West,0.0,451
2025-11-05,Paid,West,806.65,8773
2025-11-05,Email,West,165.58,1543
2025-11-05,Referral,West,87.98,887
2025-11-06,Organic,North,0.0,463
2025-11-06,Paid,North,841.55,10073
2025-11-06,Email,North,162.37,1829
2025-11-06,Referral,North,109.42,987
2025-11-06,Organic,South,0.0,327
2025-11-06,Paid,South,869.13,9431
2025-11-06,Email,South,162.23,1312
2025-11-06,Referral,South,103.13,1096
2025-11-06,Organic,East,0.0,261
2025-11-06,Paid,East,695.07,8144
2025-11-06,Email,East,130.06,1255
2025-11-06,Referral,East,106.62,978
2025-11-06,Organic,West,0.0,317
2025-11-06,Paid,West,883.72,8258
2025-11-06,Email,West,142.75,1696
2025-11-06,Referral,West,106.12,1180
2025-11-07,Organic,North,0.0,398
2025-11-07,Paid,North,798.18,7118
2025-11-07,Email,North,162.09,1471
2025-11-07,Referral,North,99.8,1005
2025-11-07,Organic,South,0.0,266
2025-11-07,Paid,South,796.29,7384
2025-11-07,Email,South,160.45,1542
2025-11-07,Referral,South,92.73,801
2025-11-07,Organic,East,0.0,303
2025-11-07,Paid,East,731.19,7516
2025-11-07,Email,East,152.41,1323
2025-11-07,Referral,East,85.22,764
2025-11-07,Organic,West,0.0,473
2025-11-07,Paid,West,788.66,7297
2025-11-07,Email,West,166.81,1376
2025-11-07,Referral,West,100.33,1099
2025-11-08,Organic,North,0.0,442
2025-11-08,Paid,North,722.48,6049
2025-11-08,Email,North,169.64,1902
2025-11-08,Referral,North,98.98,1028
2025-11-08,Organic,South,0.0,201
2025-11-08,Paid,South,770.62,8022
2025-11-08,Email,South,151.33,1279
2025-11-08,Referral,South,93.12,917
2025-11-08,Organic,East,0.0,378
2025-11-08,Paid,East,680.25,8144
2025-11-08,Email,East,127.68,1125
2025-11-08,Referral,East,85.3,822
2025-11-08,Organic,West,0.0,413
2025-11-08,Paid,West,851.38,7439
2025-11-08,Email,West,140.98,1512
2025-11-08,Referral,West,87.53,752
2025-11-09,Organic,North,0.0,274
2025-11-09,Paid,North,870.83,9608
2025-11-09,Email,North,164.47,1413
2025-11-09,Referral,North,101.73,920
2025-11-09,Organic,South,0.0,257
2025-11-09,Paid,South,748.15,7145
2025-11-09,Email,South,132.07,1465
2025-11-09,Referral,South,93.14,863
2025-11-09,Organic,East,0.0,484
2025-11-09,Paid,East,686.72,6872
2025-11-09,Email,East,151.2,1568
2025-11-09,Referral,East,96.96,882
2025-11-09,Organic,West,0.0,365
2025-11-09,Paid,West,686.66,8234
2025-11-09,Email,West,150.83,1795
2025-11-09,Referral,West,88.02,921
2025-11-10,Organic,North,0.0,422
2025-11-10,Paid,North,912.0,9527
2025-11-10,Email,North,170.81,1698
2025-11-10,Referral,North,100.88,923
2025-11-10,Organic,South,0.0,484
2025-11-10,Paid,South,808.69,6624
2025-11-10,Email,South,134.63,1459
2025-11-10,Referral,South,92.85,752
2025-11-10,Organic,East,0.0,346
2025-11-10,Paid,East,778.11,7342
2025-11-10,Email,East,138.68,1343
2025-11-10,Referral,East,103.38,1134
2025-11-10,Organic,West,0.0,333
2025-11-10,Paid,West,840.78,8574
2025-11-10,Email,West,135.44,1145
2025-11-10,Referral,West,97.07,959
2025-11-11,Organic,North,0.0,333
2025-11-11,Paid,North,784.11,7270
2025-11-11,Email,North,161.16,1786
2025-11-11,Referral,North,107.76,1272
2025-11-11,Organic,South,0.0,390
2025-11-11,Paid,South,714.05,6848
2025-11-11,Email,South,129.72,1458
2025-11-11,Referral,South,92.71,770
2025-11-11,Organic,East,0.0,492
2025-11-11,Paid,East,680.87,7371
2025-11-11,Email,East,155.62,1413
2025-11-11,Referral,East,91.54,947
2025-11-11,Organic,West,0.0,329
2025-11-11,Paid,West,726.68,5982
2025-11-11,Email,West,144.54,1442
2025-11-11,Referral,West,89.95,847
2025-11-12,Organic,North,0.0,477
2025-11-12,Paid,North,708.63,7093
2025-11-12,Email,North,144.7,1265
2025-11-12,Referral,North,106.86,925
2025-11-12,Organic,South,0.0,451
2025-11-12,Paid,South,870.08,7332
2025-11-12,Email,South,160.12,1564
2025-11-12,Referral,South,91.95,945
2025-11-12,Organic,East,0.0,398
2025-11-12,Paid,East,701.17,8365
2025-11-12,Email,East,156.56,1520
2025-11-12,Referral,East,103.6,1224
2025-11-12,Organic,West,0.0,386
2025-11-12,Paid,West,855.86,7302
2025-11-12,Email,West,140.99,1224
2025-11-12,Referral,West,103.8,896
2025-11-13,Organic,North,0.0,415
2025-11-13,Paid,North,887.99,9227
2025-11-13,Email,North,155.8,1755
2025-11-13,Referral,North,112.08,946
2025-11-13,Organic,South,0.0,393
2025-11-13,Paid,South,779.34,7912
2025-11-13,Email,South,136.76,1630
2025-11-13,Referral,South,109.91,911
2025-11-13,Organic,East,0.0,358
2025-11-13,Paid,East,914.7,10970
2025-11-13,Email,East,147.22,1559
2025-11-13,Referral,East,101.5,927
2025-11-13,Organic,West,0.0,316
2025-11-13,Paid,West,688.87,5528
2025-11-13,Email,West,170.68,1696
2025-11-13,Referral,West,106.98,933
2025-11-14,Organic,North,0.0,248
2025-11-14,Paid,North,744.35,8917
2025-11-14,Email,North,142.95,1248
2025-11-14,Referral,North,105.21,1212
2025-11-14,Organic,South,0.0,420
2025-11-14,Paid,South,746.16,6750
2025-11-14,Email,South,131.19,1144
2025-11-14,Referral,South,91.04,730
2025-11-14,Organic,East,0.0,362
2025-11-14,Paid,East,843.98,8963
2025-11-14,Email,East,146.7,1569
2025-11-14,Referral,East,99.86,975
2025-11-14,Organic,West,0.0,306
2025-11-14,Paid,West,786.34,7095
2025-11-14,Email,West,159.61,1539
2025-11-14,Referral,West,102.27,1167
2025-11-15,Organic,North,0.0,237
2025-11-15,Paid,North,804.56,9087
2025-11-15,Email,North,131.31,1295
2025-11-15,Referral,North,112.86,1316
2025-11-15,Organic,South,0.0,417
2025-11-15,Paid,South,806.57,8043
2025-11-15,Email,South,134.49,1535
2025-11-15,Referral,South,110.82,1031
2025-11-15,Organic,East,0.0,268
2025-11-15,Paid,East,743.36,7968
2025-11-15,Email,East,150.36,1449
2025-11-15,Referral,East,97.02,1138
2025-11-15,Organic,West,0.0,200
2025-11-15,Paid,West,791.15,9461
2025-11-15,Email,West,163.36,1341
2025-11-15,Referral,West,103.21,1131
2025-11-16,Organic,North,0.0,458
2025-11-16,Paid,North,726.76,6293
2025-11-16,Email,North,150.6,1413
2025-11-16,Referral,North,91.73,906
2025-11-16,Organic,South,0.0,422
2025-11-16,Paid,South,857.37,7572
2025-11-16,Email,South,164.9,1378
2025-11-16,Referral,South,108.07,1035
2025-11-16,Organic,East,0.0,402
2025-11-16,Paid,East,774.92,9192
2025-11-16,Email,East,156.71,1487
2025-11-16,Referral,East,95.97,1097
2025-11-16,Organic,West,0.0,266
2025-11-16,Paid,West,793.55,7078
2025-11-16,Email,West,134.11,1423
2025-11-16,Referral,West,97.34,922
2025-11-17,Organic,North,0.0,212
2025-11-17,Paid,North,707.56,7904
2025-11-17,Email,North,130.04,1188
2025-11-17,Referral,North,105.85,1025
2025-11-17,Organic,South,0.0,492
2025-11-17,Paid,South,850.48,9829
2025-11-17,Email,South,135.28,1331
2025-11-17,Referral,South,98.24,1152
2025-11-17,Organic,East,0.0,206
2025-11-17,Paid,East,742.16,5999
2025-11-17,Email,East,150.37,1770
2025-11-17,Referral,East,98.58,844
2025-11-17,Organic,West,0.0,320
2025-11-17,Paid,West,909.85,10482
2025-11-17,Email,West,134.88,1309
2025-11-17,Referral,West,114.65,937
2025-11-18,Organic,North,0.0,384
2025-11-18,Paid,North,841.46,9866
2025-11-18,Email,North,168.47,1347
2025-11-18,Referral,North,106.76,1219
2025-11-18,Organic,South,0.0,246
2025-11-18,Paid,South,718.39,7145
2025-11-18,Email,South,172.32,2054
2025-11-18,Referral,South,90.17,1028
2025-11-18,Organic,East,0.0,251
2025-11-18,Paid,East,906.08,7627
2025-11-18,Email,East,160.06,1809
2025-11-18,Referral,East,94.27,868
2025-11-18,Organic,West,0.0,481
2025-11-18,Paid,West,835.81,8600
2025-11-18,Email,West,151.78,1230
2025-11-18,Referral,West,114.59,1196
2025-11-19,Organic,North,0.0,453
2025-11-19,Paid,North,919.5,10848
2025-11-19,Email,North,136.91,1111
2025-11-19,Referral,North,102.22,1159
2025-11-19,Organic,South,0.0,303
2025-11-19,Paid,South,875.82,7719
2025-11-19,Email,South,132.31,1401
2025-11-19,Referral,South,90.06,949
2025-11-19,Organic,East,0.0,465
2025-11-19,Paid,East,706.68,6671
2025-11-19,Email,East,133.8,1476
2025-11-19,Referral,East,109.75,1201
2025-11-19,Organic,West,0.0,455
2025-11-19,Paid,West,819.9,6647
2025-11-19,Email,West,167.17,1878
2025-11-19,Referral,West,107.47,861
2025-11-20,Organic,North,0.0,271
2025-11-20,Paid,North,894.97,7982
2025-11-20,Email,North,153.35,1228
2025-11-20,Referral,North,109.22,1147
2025-11-20,Organic,South,0.0,421
2025-11-20,Paid,South,686.84,8208
2025-11-20,Email,South,134.21,1360
2025-11-20,Referral,South,105.9,997
2025-11-20,Organic,East,0.0,271
2025-11-20,Paid,East,781.52,7754
2025-11-20,Email,East,142.92,1527
2025-11-20,Referral,East,98.25,943
2025-11-20,Organic,West,0.0,221
2025-11-20,Paid,West,713.72,7380
2025-11-20,Email,West,152.95,1499
2025-11-20,Referral,West,89.23,1001
2025-11-21,Organic,North,0.0,413
2025-11-21,Paid,North,775.63,7366
2025-11-21,Email,North,172.32,1940
2025-11-21,Referral,North,107.93,1200
2025-11-21,Organic,South,0.0,283
2025-11-21,Paid,South,897.06,10403
2025-11-21,Email,South,166.33,1465
2025-11-21,Referral,South,114.78,1226
2025-11-21,Organic,East,0.0,390
2025-11-21,Paid,East,890.51,7872
2025-11-21,Email,East,166.51,1834
2025-11-21,Referral,East,97.09,1096
2025-11-21,Organic,West,0.0,411
2025-11-21,Paid,West,862.65,7826
2025-11-21,Email,West,143.63,1597
2025-11-21,Referral,West,92.96,791
2025-11-22,Organic,North,0.0,442
2025-11-22,Paid,North,715.76,5790
2025-11-22,Email,North,133.94,1573
2025-11-22,Referral,North,87.23,738
2025-11-22,Organic,South,0.0,203
2025-11-22,Paid,South,688.31,7361
2025-11-22,Email,South,130.22,1070
2025-11-22,Referral,South,109.2,1194
2025-11-22,Organic,East,0.0,355
2025-11-22,Paid,East,897.63,9258
2025-11-22,Email,East,132.85,1090
2025-11-22,Referral,East,98.17,1096
2025-11-22,Organic,West,0.0,347
2025-11-22,Paid,West,916.4,10847
2025-11-22,Email,West,165.17,1572
2025-11-22,Referral,West,102.61,1040
2025-11-23,Organic,North,0.0,365
2025-11-23,Paid,North,867.09,9585
2025-11-23,Email,North,133.6,1202
2025-11-23,Referral,North,89.22,899
2025-11-23,Organic,South,0.0,420
2025-11-23,Paid,South,694.2,5878
2025-11-23,Email,South,158.7,1502
2025-11-23,Referral,South,95.81,1098
2025-11-23,Organic,East,0.0,363
2025-11-23,Paid,East,796.5,9411
2025-11-23,Email,East,139.79,1233
2025-11-23,Referral,East,113.25,1064
2025-11-23,Organic,West,0.0,444
2025-11-23,Paid,West,919.74,9331
2025-11-23,Email,West,139.38,1207
2025-11-23,Referral,West,85.45,905
2025-11-24,Organic,North,0.0,437
2025-11-24,Paid,North,680.58,6932
2025-11-24,Email,North,154.95,1624
2025-11-24,Referral,North,104.74,1153
2025-11-24,Organic,South,0.0,365
2025-11-24,Paid,South,702.92,8332
2025-11-24,Email,South,164.71,1679
2025-11-24,Referral,South,92.23,1043
2025-11-24,Organic,East,0.0,265
2025-11-24,Paid,East,877.43,8348
2025-11-24,Email,East,147.93,1515
2025-11-24,Referral,East,87.2,896
2025-11-24,Organic,West,0.0,341
2025-11-24,Paid,West,797.07,7510
2025-11-24,Email,West,138.44,1373
2025-11-24,Referral,West,113.8,941
2025-11-25,Organic,North,0.0,465
2025-11-25,Paid,North,801.13,7065
2025-11-25,Email,North,133.15,1437
2025-11-25,Referral,North,93.7,981
2025-11-25,Organic,South,0.0,458
2025-11-25,Paid,South,908.83,7691
2025-11-25,Email,South,139.13,1526
2025-11-25,Referral,South,101.15,873
2025-11-25,Organic,East,0.0,473
2025-11-25,Paid,East,781.14,7002
2025-11-25,Email,East,148.77,1463
2025-11-25,Referral,East,102.32,834
2025-11-25,Organic,West,0.0,445
2025-11-25,Paid,West,724.43,8547
2025-11-25,Email,West,172.09,1950
2025-11-25,Referral,West,98.53,869
2025-11-26,Organic,North,0.0,385
2025-11-26,Paid,North,845.0,9180
2025-11-26,Email,North,143.32,1586
2025-11-26,Referral,North,90.4,772
2025-11-26,Organic,South,0.0,453
2025-11-26,Paid,South,692.62,7709
2025-11-26,Email,South,133.22,1234
2025-11-26,Referral,South,112.4,1296
2025-11-26,Organic,East,0.0,483
2025-11-26,Paid,East,784.73,9334
2025-11-26,Email,East,157.6,1329
2025-11-26,Referral,East,109.78,905
2025-11-26,Organic,West,0.0,246
2025-11-26,Paid,West,689.07,5576
2025-11-26,Email,West,129.11,1328
2025-11-26,Referral,West,86.96,1028
2025-11-27,Organic,North,0.0,415
2025-11-27,Paid,North,790.69,7362
2025-11-27,Email,North,165.22,1640
2025-11-27,Referral,North,105.28,965
2025-11-27,Organic,South,0.0,393
2025-11-27,Paid,South,835.21,9930
2025-11-27,Email,South,133.69,1357
2025-11-27,Referral,South,95.6,968
2025-11-27,Organic,East,0.0,456
2025-11-27,Paid,East,893.18,7560
2025-11-27,Email,East,143.23,1184
2025-11-27,Referral,East,109.29,1085
2025-11-27,Organic,West,0.0,355
2025-11-27,Paid,West,882.28,8517
2025-11-27,Email,West,162.0,1570
2025-11-27,Referral,West,91.79,886
2025-11-28,Organic,North,0.0,442
2025-11-28,Paid,North,813.48,7680
2025-11-28,Email,North,150.43,1306
2025-11-28,Referral,North,114.95,970
2025-11-28,Organic,South,0.0,222
2025-11-28,Paid,South,772.99,6324
2025-11-28,Email,South,147.28,1413
2025-11-28,Referral,South,103.29,1161
2025-11-28,Organic,East,0.0,311
2025-11-28,Paid,East,891.44,9449
2025-11-28,Email,East,129.83,1172
2025-11-28,Referral,East,86.05,1006
2025-11-28,Organic,West,0.0,454
2025-11-28,Paid,West,857.75,8180
2025-11-28,Email,West,131.66,1106
2025-11-28,Referral,West,110.95,1112
2025-11-29,Organic,North,0.0,251
2025-11-29,Paid,North,913.8,9543
2025-11-29,Email,North,158.27,1891
2025-11-29,Referral,North,87.48,996
2025-11-29,Organic,South,0.0,226
2025-11-29,Paid,South,859.35,8099
2025-11-29,Email,South,134.47,1369
2025-11-29,Referral,South,111.53,1212
2025-11-29,Organic,East,0.0,430
2025-11-29,Paid,East,686.45,7530
2025-11-29,Email,East,156.16,1692
2025-11-29,Referral,East,101.07,1107
2025-11-29,Organic,West,0.0,279
2025-11-29,Paid,West,790.37,9313
2025-11-29,Email,West,142.02,1523
2025-11-29,Referral,West,99.14,916
2025-11-30,Organic,North,0.0,202
2025-11-30,Paid,North,782.03,6732
2025-11-30,Email,North,147.67,1423
2025-11-30,Referral,North,97.98,989
2025-11-30,Organic,South,0.0,303
2025-11-30,Paid,South,721.29,6281
2025-11-30,Email,South,135.04,1611
2025-11-30,Referral,South,101.36,1202
2025-11-30,Organic,East,0.0,293
2025-11-30,Paid,East,720.85,8149
2025-11-30,Email,East,134.65,1273
2025-11-30,Referral,East,103.23,1155
2025-11-30,Organic,West,0.0,225
2025-11-30,Paid,West,740.06,7807
2025-11-30,Email,West,132.11,1402
2025-11-30,Referral,West,104.21,912
2025-12-01,Organic,North,0.0,390
2025-12-01,Paid,North,835.87,8081
2025-12-01,Email,North,132.71,1251
2025-12-01,Referral,North,87.81,892
2025-12-01,Organic,South,0.0,248
2025-12-01,Paid,South,787.19,7626
2025-12-01,Email,South,144.68,1377
2025-12-01,Referral,South,109.7,1254
2025-12-01,Organic,East,0.0,237
2025-12-01,Paid,East,713.08,8470
2025-12-01,Email,East,151.94,1816
2025-12-01,Referral,East,105.79,860
2025-12-01,Organic,West,0.0,236
2025-12-01,Paid,West,876.43,8442
2025-12-01,Email,West,166.82,1702
2025-12-01,Referral,West,114.77,1048
2025-12-02,Organic,North,0.0,228
2025-12-02,Paid,North,894.32,9001
2025-12-02,Email,North,160.61,1864
2025-12-02,Referral,North,102.9,1025
2025-12-02,Organic,South,0.0,287
2025-12-02,Paid,South,884.44,8775
2025-12-02,Email,South,131.41,1323
2025-12-02,Referral,South,89.71,740
2025-12-02,Organic,East,0.0,230
2025-12-02,Paid,East,724.03,6831
2025-12-02,Email,East,162.79,1762
2025-12-02,Referral,East,101.94,971
2025-12-02,Organic,West,0.0,456
2025-12-02,Paid,West,873.8,8111
2025-12-02,Email,West,138.24,1427
2025-12-02,Referral,West,100.95,824
2025-12-03,Organic,North,0.0,469
2025-12-03,Paid,North,720.41,7943
2025-12-03,Email,North,162.73,1445
2025-12-03,Referral,North,104.44,876
2025-12-03,Organic,South,0.0,347
2025-12-03,Paid,South,685.04,6349
2025-12-03,Email,South,133.15,1151
2025-12-03,Referral,South,111.77,1268
2025-12-03,Organic,East,0.0,388
2025-12-03,Paid,East,805.75,8559
2025-12-03,Email,East,134.15,1590
2025-12-03,Referral,East,100.48,1119
2025-12-03,Organic,West,0.0,317
2025-12-03,Paid,West,721.35,8494
2025-12-03,Email,West,166.44,1478
2025-12-03,Referral,West,113.89,1279
2025-12-04,Organic,North,0.0,240
2025-12-04,Paid,North,693.17,8086
2025-12-04,Email,North,155.82,1254
2025-12-04,Referral,North,93.35,1079
2025-12-04,Organic,South,0.0,276
2025-12-04,Paid,South,730.62,6736
2025-12-04,Email,South,160.34,1785
2025-12-04,Referral,South,110.64,1121
2025-12-04,Organic,East,0.0,212
2025-12-04,Paid,East,855.66,7972
2025-12-04,Email,East,130.05,1151
2025-12-04,Referral,East,113.47,921
2025-12-04,Organic,West,0.0,456
2025-12-04,Paid,West,758.16,6096
2025-12-04,Email,West,144.4,1378
2025-12-04,Referral,West,98.51,1063
2025-12-05,Organic,North,0.0,276
2025-12-05,Paid,North,696.81,7500
2025-12-05,Email,North,134.16,1182
2025-12-05,Referral,North,111.9,1196
2025-12-05,Organic,South,0.0,329
2025-12-05,Paid,South,866.37,7371
2025-12-05,Email,South,165.91,1451
2025-12-05,Referral,South,93.65,891
2025-12-05,Organic,East,0.0,464
2025-12-05,Paid,East,823.42,8632
2025-12-05,Email,East,144.52,1712
2025-12-05,Referral,East,105.34,1134
2025-12-05,Organic,West,0.0,437
2025-12-05,Paid,West,858.34,8144
2025-12-05,Email,West,157.77,1552
2025-12-05,Referral,West,102.85,1040
2025-12-06,Organic,North,0.0,249
2025-12-06,Paid,North,901.34,7237
2025-12-06,Email,North,130.2,1182
2025-12-06,Referral,North,94.72,808
2025-12-06,Organic,South,0.0,402
2025-12-06,Paid,South,862.75,8296
2025-12-06,Email,South,149.31,1371
2025-12-06,Referral,South,96.4,1036
2025-12-06,Organic,East,0.0,291
2025-12-06,Paid,East,723.18,8668
2025-12-06,Email,East,152.55,1617
2025-12-06,Referral,East,87.93,843
2025-12-06,Organic,West,0.0,499
2025-12-06,Paid,West,862.34,8461
2025-12-06,Email,West,158.62,1564
2025-12-06,Referral,West,85.01,954
2025-12-07,Organic,North,0.0,343
2025-12-07,Paid,North,770.67,8627
2025-12-07,Email,North,149.06,1783
2025-12-07,Referral,North,99.5,842
2025-12-07,Organic,South,0.0,288
2025-12-07,Paid,South,846.85,10156
2025-12-07,Email,South,144.69,1636
2025-12-07,Referral,South,93.02,1060
2025-12-07,Organic,East,0.0,450
2025-12-07,Paid,East,782.91,8054
2025-12-07,Email,East,152.86,1709
2025-12-07,Referral,East,97.6,1133
2025-12-07,Organic,West,0.0,427
2025-12-07,Paid,West,753.75,8883
2025-12-07,Email,West,165.41,1901
2025-12-07,Referral,West,93.14,1073
2025-12-08,Organic,North,0.0,380
2025-12-08,Paid,North,788.82,7925
2025-12-08,Email,North,168.43,1566
2025-12-08,Referral,North,87.85,715
2025-12-08,Organic,South,0.0,457
2025-12-08,Paid,South,758.65,7152
2025-12-08,Email,South,155.16,1711
2025-12-08,Referral,South,89.47,930
2025-12-08,Organic,East,0.0,392
2025-12-08,Paid,East,888.0,9350
2025-12-08,Email,East,142.04,1399
2025-12-08,Referral,East,85.3,864
2025-12-08,Organic,West,0.0,226
2025-12-08,Paid,West,700.13,5813
2025-12-08,Email,West,169.49,1657
2025-12-08,Referral,West,86.11,875
2025-12-09,Organic,North,0.0,471
2025-12-09,Paid,North,808.56,8226
2025-12-09,Email,North,154.05,1591
2025-12-09,Referral,North,111.46,981
2025-12-09,Organic,South,0.0,270
2025-12-09,Paid,South,814.73,8835
2025-12-09,Email,South,137.09,1524
2025-12-09,Referral,South,102.63,1065
2025-12-09,Organic,East,0.0,277
2025-12-09,Paid,East,878.3,9890
2025-12-09,Email,East,163.98,1635
2025-12-09,Referral,East,89.04,743
2025-12-09,Organic,West,0.0,480
2025-12-09,Paid,West,789.47,8323
2025-12-09,Email,West,153.81,1703
2025-12-09,Referral,West,96.68,1028
2025-12-10,Organic,North,0.0,440
2025-12-10,Paid,North,705.36,6193
2025-12-10,Email,North,138.12,1283
2025-12-10,Referral,North,109.86,905
2025-12-10,Organic,South,0.0,225
2025-12-10,Paid,South,721.63,6628
2025-12-10,Email,South,171.06,1973
2025-12-10,Referral,South,114.87,1100
2025-12-10,Organic,East,0.0,430
2025-12-10,Paid,East,893.27,7162
2025-12-10,Email,East,131.25,1360
2025-12-10,Referral,East,95.46,962
2025-12-10,Organic,West,0.0,267
2025-12-10,Paid,West,799.9,7674
2025-12-10,Email,West,158.24,1455
2025-12-10,Referral,West,105.06,1251
2025-12-11,Organic,North,0.0,366
2025-12-11,Paid,North,812.96,7102
2025-12-11,Email,North,164.09,1543
2025-12-11,Referral,North,91.54,878
2025-12-11,Organic,South,0.0,380
2025-12-11,Paid,South,787.23,8682
2025-12-11,Email,South,164.72,1709
2025-12-11,Referral,South,102.89,1084
2025-12-11,Organic,East,0.0,225
2025-12-11,Paid,East,812.21,8764
2025-12-11,Email,East,154.33,1765
2025-12-11,Referral,East,100.44,951
2025-12-11,Organic,West,0.0,422
2025-12-11,Paid,West,820.96,7308
2025-12-11,Email,West,137.0,1569
2025-12-11,Referral,West,87.2,1024
2025-12-12,Organic,North,0.0,439
2025-12-12,Paid,North,739.79,6523
2025-12-12,Email,North,135.01,1517
2025-12-12,Referral,North,114.61,1190
2025-12-12,Organic,South,0.0,362
2025-12-12,Paid,South,911.34,8832
2025-12-12,Email,South,145.77,1360
2025-12-12,Referral,South,106.55,1051
2025-12-12,Organic,East,0.0,403
2025-12-12,Paid,East,841.03,8780
2025-12-12,Email,East,162.88,1631
2025-12-12,Referral,East,96.54,927
2025-12-12,Organic,West,0.0,421
2025-12-12,Paid,West,684.98,6732
2025-12-12,Email,West,134.51,1319
2025-12-12,Referral,West,95.44,949
2025-12-13,Organic,North,0.0,413
2025-12-13,Paid,North,861.25,7258
2025-12-13,Email,North,153.24,1358
2025-12-13,Referral,North,107.48,1018
2025-12-13,Organic,South,0.0,498
2025-12-13,Paid,South,841.0,8459
2025-12-13,Email,South,158.09,1689
2025-12-13,Referral,South,86.54,809
2025-12-13,Organic,East,0.0,326
2025-12-13,Paid,East,776.26,8252
2025-12-13,Email,East,132.78,1409
2025-12-13,Referral,East,98.8,1100
2025-12-13,Organic,West,0.0,289
2025-12-13,Paid,West,789.48,8503
2025-12-13,Email,West,138.92,1572
2025-12-13,Referral,West,91.43,787
2025-12-14,Organic,North,0.0,209
2025-12-14,Paid,North,734.7,6625
2025-12-14,Email,North,169.49,1913
2025-12-14,Referral,North,89.94,758
2025-12-14,Organic,South,0.0,463
2025-12-14,Paid,South,763.23,7219
2025-12-14,Email,South,163.99,1798
2025-12-14,Referral,South,95.89,951
2025-12-14,Organic,East,0.0,353
2025-12-14,Paid,East,793.96,7864
2025-12-14,Email,East,152.52,1349
2025-12-14,Referral,East,98.05,917
2025-12-14,Organic,West,0.0,306
2025-12-14,Paid,West,794.7,7019
2025-12-14,Email,West,162.91,1933
2025-12-14,Referral,West,88.15,733
2025-12-15,Organic,North,0.0,478
2025-12-15,Paid,North,792.37,7631
2025-12-15,Email,North,166.04,1453
2025-12-15,Referral,North,89.71,774
2025-12-15,Organic,South,0.0,237
2025-12-15,Paid,South,826.13,7536
2025-12-15,Email,South,155.02,1249
2025-12-15,Referral,South,99.84,1173
2025-12-15,Organic,East,0.0,457
2025-12-15,Paid,East,781.78,7953
2025-12-15,Email,East,148.53,1266
2025-12-15,Referral,East,93.0,1048
2025-12-15,Organic,West,0.0,373
2025-12-15,Paid,West,910.22,10368
2025-12-15,Email,West,167.86,1790
2025-12-15,Referral,West,110.75,1099
2025-12-16,Organic,North,0.0,314
2025-12-16,Paid,North,873.63,7247
2025-12-16,Email,North,167.18,1479
2025-12-16,Referral,North,87.99,787
2025-12-16,Organic,South,0.0,440
2025-12-16,Paid,South,846.87,9166
2025-12-16,Email,South,170.11,1996
2025-12-16,Referral,South,104.73,933
2025-12-16,Organic,East,0.0,454
2025-12-16,Paid,East,824.16,9700
2025-12-16,Email,East,142.7,1194
2025-12-16,Referral,East,91.14,853
2025-12-16,Organic,West,0.0,317
2025-12-16,Paid,West,763.17,8843
2025-12-16,Email,West,161.66,1744
2025-12-16,Referral,West,91.76,761
2025-12-17,Organic,North,0.0,480
2025-12-17,Paid,North,757.57,7005
2025-12-17,Email,North,160.82,1352
2025-12-17,Referral,North,106.85,1016
2025-12-17,Organic,South,0.0,227
2025-12-17,Paid,South,716.4,8184
2025-12-17,Email,South,169.41,1546
2025-12-17,Referral,South,98.75,909
2025-12-17,Organic,East,0.0,489
2025-12-17,Paid,East,737.34,6656
2025-12-17,Email,East,134.25,1518
2025-12-17,Referral,East,112.62,1250
2025-12-17,Organic,West,0.0,372
2025-12-17,Paid,West,717.92,6065
2025-12-17,Email,West,134.24,1320
2025-12-17,Referral,West,103.15,1018
2025-12-18,Organic,North,0.0,489
2025-12-18,Paid,North,796.27,6697
2025-12-18,Email,North,148.5,1770
2025-12-18,Referral,North,110.07,1134
2025-12-18,Organic,South,0.0,288
2025-12-18,Paid,South,782.57,8830
2025-12-18,Email,South,133.21,1111
2025-12-18,Referral,South,107.39,951
2025-12-18,Organic,East,0.0,357
2025-12-18,Paid,East,781.53,7362
2025-12-18,Email,East,161.49,1679
2025-12-18,Referral,East,86.32,933
2025-12-18,Organic,West,0.0,483
2025-12-18,Paid,West,907.83,9886
2025-12-18,Email,West,166.83,1556
2025-12-18,Referral,West,100.5,861
2025-12-19,Organic,North,0.0,212
2025-12-19,Paid,North,911.94,10706
2025-12-19,Email,North,157.23,1576
2025-12-19,Referral,North,107.55,1002
2025-12-19,Organic,South,0.0,460
2025-12-19,Paid,South,856.26,8751
2025-12-19,Email,South,135.91,1370
2025-12-19,Referral,South,113.66,981
2025-12-19,Organic,East,0.0,453
2025-12-19,Paid,East,914.49,7818
2025-12-19,Email,East,138.91,1217
2025-12-19,Referral,East,90.67,975
2025-12-19,Organic,West,0.0,272
2025-12-19,Paid,West,696.56,6570
2025-12-19,Email,West,166.04,1944
2025-12-19,Referral,West,104.95,983
2025-12-20,Organic,North,0.0,326
2025-12-20,Paid,North,703.13,7010
2025-12-20,Email,North,136.31,1563
2025-12-20,Referral,North,89.47,858
2025-12-20,Organic,South,0.0,405
2025-12-20,Paid,South,768.62,6468
2025-12-20,Email,South,134.24,1389
2025-12-20,Referral,South,94.32,896
2025-12-20,Organic,East,0.0,491
2025-12-20,Paid,East,896.06,7236
2025-12-20,Email,East,138.67,1296
2025-12-20,Referral,East,106.55,1224
2025-12-20,Organic,West,0.0,244
2025-12-20,Paid,West,721.75,6881
2025-12-20,Email,West,145.19,1165
2025-12-20,Referral,West,103.54,938
2025-12-21,Organic,North,0.0,207
2025-12-21,Paid,North,827.75,6756
2025-12-21,Email,North,156.46,1866
2025-12-21,Referral,North,113.0,1162
2025-12-21,Organic,South,0.0,224
2025-12-21,Paid,South,913.2,9201
2025-12-21,Email,South,172.39,1813
2025-12-21,Referral,South,90.65,963
2025-12-21,Organic,East,0.0,455
2025-12-21,Paid,East,910.19,9188
2025-12-21,Email,East,171.09,1728
2025-12-21,Referral,East,97.15,1002
2025-12-21,Organic,West,0.0,335
2025-12-21,Paid,West,905.83,7273
2025-12-21,Email,West,145.54,1616
2025-12-21,Referral,West,87.18,781
2025-12-22,Organic,North,0.0,264
2025-12-22,Paid,North,787.59,7697
2025-12-22,Email,North,155.76,1673
2025-12-22,Referral,North,87.9,942
2025-12-22,Organic,South,0.0,289
2025-12-22,Paid,South,725.64,6114
2025-12-22,Email,South,153.83,1840
2025-12-22,Referral,South,113.96,1213
2025-12-22,Organic,East,0.0,349
2025-12-22,Paid,East,868.9,8473
2025-12-22,Email,East,130.15,1269
2025-12-22,Referral,East,105.32,1263
2025-12-22,Organic,West,0.0,443
2025-12-22,Paid,West,801.65,8565
2025-12-22,Email,West,156.01,1758
2025-12-22,Referral,West,90.63,946
2025-12-23,Organic,North,0.0,324
2025-12-23,Paid,North,853.53,9440
2025-12-23,Email,North,134.7,1174
2025-12-23,Referral,North,90.09,915
2025-12-23,Organic,South,0.0,487
2025-12-23,Paid,South,886.31,8341
2025-12-23,Email,South,151.02,1704
2025-12-23,Referral,South,105.19,1157
2025-12-23,Organic,East,0.0,261
2025-12-23,Paid,East,862.8,8446
2025-12-23,Email,East,143.63,1608
2025-12-23,Referral,East,88.64,732
2025-12-23,Organic,West,0.0,342
2025-12-23,Paid,West,703.47,7275
2025-12-23,Email,West,136.73,1244
2025-12-23,Referral,West,96.75,852
2025-12-24,Organic,North,0.0,401
2025-12-24,Paid,North,784.64,6472
2025-12-24,Email,North,147.33,1540
2025-12-24,Referral,North,105.91,1114
2025-12-24,Organic,South,0.0,320
2025-12-24,Paid,South,718.64,6788
2025-12-24,Email,South,140.94,1154
2025-12-24,Referral,South,105.28,1015
2025-12-24,Organic,East,0.0,478
2025-12-24,Paid,East,846.31,8045
2025-12-24,Email,East,149.35,1290
2025-12-24,Referral,East,85.62,847
2025-12-24,Organic,West,0.0,309
2025-12-24,Paid,West,809.11,7513
2025-12-24,Email,West,133.94,1232
2025-12-24,Referral,West,107.24,1211
2025-12-25,Organic,North,0.0,359
2025-12-25,Paid,North,824.96,7998
2025-12-25,Email,North,142.82,1625
2025-12-25,Referral,North,95.72,848
2025-12-25,Organic,South,0.0,333
2025-12-25,Paid,South,827.06,8884
2025-12-25,Email,South,170.53,1574
2025-12-25,Referral,South,112.11,1033
2025-12-25,Organic,East,0.0,478
2025-12-25,Paid,East,694.69,6847
2025-12-25,Email,East,134.96,1415
2025-12-25,Referral,East,106.81,1171
2025-12-25,Organic,West,0.0,205
2025-12-25,Paid,West,884.27,8160
2025-12-25,Email,West,149.31,1382
2025-12-25,Referral,West,90.43,895
2025-12-26,Organic,North,0.0,427
2025-12-26,Paid,North,860.57,10168
2025-12-26,Email,North,128.93,1153
2025-12-26,Referral,North,113.53,1236
2025-12-26,Organic,South,0.0,492
2025-12-26,Paid,South,756.11,7911
2025-12-26,Email,South,141.33,1409
2025-12-26,Referral,South,88.58,1051
2025-12-26,Organic,East,0.0,399
2025-12-26,Paid,East,915.89,7655
2025-12-26,Email,East,157.83,1670
2025-12-26,Referral,East,103.03,923
2025-12-26,Organic,West,0.0,438
2025-12-26,Paid,West,894.74,9565
2025-12-26,Email,West,161.67,1423
2025-12-26,Referral,West,91.24,1045
2025-12-27,Organic,North,0.0,481
2025-12-27,Paid,North,756.92,7120
2025-12-27,Email,North,128.74,1447
2025-12-27,Referral,North,104.03,1108
2025-12-27,Organic,South,0.0,381
2025-12-27,Paid,South,812.48,8801
2025-12-27,Email,South,172.1,1631
2025-12-27,Referral,South,105.75,868
2025-12-27,Organic,East,0.0,434
2025-12-27,Paid,East,915.73,9276
2025-12-27,Email,East,168.52,1862
2025-12-27,Referral,East,113.74,1320
2025-12-27,Organic,West,0.0,403
2025-12-27,Paid,West,873.68,9371
2025-12-27,Email,West,152.19,1639
2025-12-27,Referral,West,96.48,837
2025-12-28,Organic,North,0.0,240
2025-12-28,Paid,North,766.63,7467
2025-12-28,Email,North,162.01,1602
2025-12-28,Referral,North,109.99,926
2025-12-28,Organic,South,0.0,464
2025-12-28,Paid,South,901.36,7625
2025-12-28,Email,South,130.42,1281
2025-12-28,Referral,South,102.52,968
2025-12-28,Organic,East,0.0,264
2025-12-28,Paid,East,774.66,9278
2025-12-28,Email,East,138.49,1185
2025-12-28,Referral,East,88.72,978
2025-12-28,Organic,West,0.0,261
2025-12-28,Paid,West,895.41,7572
2025-12-28,Email,West,149.86,1327
2025-12-28,Referral,West,87.69,812
2025-12-29,Organic,North,0.0,403
2025-12-29,Paid,North,749.82,8569
2025-12-29,Email,North,158.86,1505
2025-12-29,Referral,North,97.16,863
2025-12-29,Organic,South,0.0,240
2025-12-29,Paid,South,782.93,6607
2025-12-29,Email,South,163.62,1563
2025-12-29,Referral,South,88.81,928
2025-12-29,Organic,East,0.0,289
2025-12-29,Paid,East,872.62,8748
2025-12-29,Email,East,162.63,1640
2025-12-29,Referral,East,110.63,1104
2025-12-29,Organic,West,0.0,404
2025-12-29,Paid,West,740.16,8009
2025-12-29,Email,West,169.77,1973
2025-12-29,Referral,West,89.87,927
2025-12-30,Organic,North,0.0,442
2025-12-30,Paid,North,687.02,7440
2025-12-30,Email,North,166.88,1497
2025-12-30,Referral,North,91.34,1032
2025-12-30,Organic,South,0.0,352
2025-12-30,Paid,South,697.02,6046
2025-12-30,Email,South,132.24,1241
2025-12-30,Referral,South,105.85,886
2025-12-30,Organic,East,0.0,214
2025-12-30,Paid,East,786.87,9132
2025-12-30,Email,East,143.82,1313
2025-12-30,Referral,East,108.79,1053
2025-12-30,Organic,West,0.0,299
2025-12-30,Paid,West,849.3,8421
2025-12-30,Email,West,159.67,1834
2025-12-30,Referral,West,114.5,978
2025-12-31,Organic,North,0.0,225
2025-12-31,Paid,North,690.42,5656
2025-12-31,Email,North,160.57,1895
2025-12-31,Referral,North,99.91,1121
2025-12-31,Organic,South,0.0,366
2025-12-31,Paid,South,882.03,7171
2025-12-31,Email,South,156.58,1763
2025-12-31,Referral,South,103.23,888
2025-12-31,Organic,East,0.0,381
2025-12-31,Paid,East,732.14,8181
2025-12-31,Email,East,162.2,1793
2025-12-31,Referral,East,110.54,1126
2025-12-31,Organic,West,0.0,374
2025-12-31,Paid,West,697.19,6324
2025-12-31,Email,West,148.58,1462
2025-12-31,Referral,West,111.65,946
2026-01-01,Organic,North,0.0,316
2026-01-01,Paid,North,909.15,10230
2026-01-01,Email,North,135.96,1378
2026-01-01,Referral,North,104.09,1075
2026-01-01,Organic,South,0.0,361
2026-01-01,Paid,South,842.6,9971
2026-01-01,Email,South,163.89,1861
2026-01-01,Referral,South,112.99,937
2026-01-01,Organic,East,0.0,271
2026-01-01,Paid,East,876.52,8377
2026-01-01,Email,East,151.8,1446
2026-01-01,Referral,East,91.47,765
2026-01-01,Organic,West,0.0,244
2026-01-01,Paid,West,713.35,7567
2026-01-01,Email,West,169.42,1841
2026-01-01,Referral,West,102.79,928
2026-01-02,Organic,North,0.0,336
2026-01-02,Paid,North,858.56,7804
2026-01-02,Email,North,159.17,1640
2026-01-02,Referral,North,95.29,866
2026-01-02,Organic,South,0.0,366
2026-01-02,Paid,South,873.1,8809
2026-01-02,Email,South,136.49,1585
2026-01-02,Referral,South,98.4,848
2026-01-02,Organic,East,0.0,444
2026-01-02,Paid,East,870.16,10189
2026-01-02,Email,East,157.16,1783
2026-01-02,Referral,East,96.06,1016
2026-01-02,Organic,West,0.0,228
2026-01-02,Paid,West,875.48,10501
2026-01-02,Email,West,155.31,1450
2026-01-02,Referral,West,113.0,1105
2026-01-03,Organic,North,0.0,201
2026-01-03,Paid,North,784.05,7285
2026-01-03,Email,North,162.92,1598
2026-01-03,Referral,North,110.97,967
2026-01-03,Organic,South,0.0,498
2026-01-03,Paid,South,834.13,8927
2026-01-03,Email,South,155.26,1566
2026-01-03,Referral,South,114.3,1022
2026-01-03,Organic,East,0.0,452
2026-01-03,Paid,East,851.84,9590
2026-01-03,Email,East,149.73,1656
2026-01-03,Referral,East,91.4,890
2026-01-03,Organic,West,0.0,288
2026-01-03,Paid,West,704.26,6485
2026-01-03,Email,West,170.53,1796
2026-01-03,Referral,West,93.86,953
2026-01-04,Organic,North,0.0,454
2026-01-04,Paid,North,844.58,8582
2026-01-04,Email,North,146.65,1504
2026-01-04,Referral,North,106.82,944
2026-01-04,Organic,South,0.0,222
2026-01-04,Paid,South,706.34,7203
2026-01-04,Email,South,148.63,1237
2026-01-04,Referral,South,108.47,1028
2026-01-04,Organic,East,0.0,290
2026-01-04,Paid,East,748.63,7591
2026-01-04,Email,East,151.32,1399
2026-01-04,Referral,East,107.02,938
2026-01-04,Organic,West,0.0,323
2026-01-04,Paid,West,906.07,9917
2026-01-04,Email,West,141.6,1617
2026-01-04,Referral,West,103.4,915
2026-01-05,Organic,North,0.0,345
2026-01-05,Paid,North,754.59,6709
2026-01-05,Email,North,131.41,1280
2026-01-05,Referral,North,100.55,1014
2026-01-05,Organic,South,0.0,496
2026-01-05,Paid,South,784.64,7649
2026-01-05,Email,South,166.87,1521
2026-01-05,Referral,South,106.61,1001
2026-01-05,Organic,East,0.0,492
2026-01-05,Paid,East,700.73,5617
2026-01-05,Email,East,159.18,1489
2026-01-05,Referral,East,100.78,873
2026-01-05,Organic,West,0.0,466
2026-01-05,Paid,West,843.66,7330
2026-01-05,Email,West,131.53,1376
2026-01-05,Referral,West,111.87,1307
2026-01-06,Organic,North,0.0,298
2026-01-06,Paid,North,825.14,9029
2026-01-06,Email,North,162.44,1683
2026-01-06,Referral,North,101.25,1138
2026-01-06,Organic,South,0.0,467
2026-01-06,Paid,South,879.77,7971
2026-01-06,Email,South,127.63,1318
2026-01-06,Referral,South,100.4,1094
2026-01-06,Organic,East,0.0,320
2026-01-06,Paid,East,719.73,7506
2026-01-06,Email,East,153.87,1551
2026-01-06,Referral,East,91.24,747
2026-01-06,Organic,West,0.0,340
2026-01-06,Paid,West,836.57,7995
2026-01-06,Email,West,138.39,1326
2026-01-06,Referral,West,100.48,1042
2026-01-07,Organic,North,0.0,428
2026-01-07,Paid,North,752.2,8638
2026-01-07,Email,North,158.69,1869
2026-01-07,Referral,North,95.68,1054
2026-01-07,Organic,South,0.0,233
2026-01-07,Paid,South,799.8,6492
2026-01-07,Email,South,166.75,1504
2026-01-07,Referral,South,89.55,982
2026-01-07,Organic,East,0.0,420
2026-01-07,Paid,East,856.15,7332
2026-01-07,Email,East,169.1,1775
2026-01-07,Referral,East,89.01,753
2026-01-07,Organic,West,0.0,256
2026-01-07,Paid,West,818.56,9637
2026-01-07,Email,West,151.25,1300
2026-01-07,Referral,West,101.63,970
2026-01-08,Organic,North,0.0,379
2026-01-08,Paid,North,818.06,8559
2026-01-08,Email,North,165.54,1646
2026-01-08,Referral,North,109.78,1149
2026-01-08,Organic,South,0.0,481
2026-01-08,Paid,South,720.45,6337
2026-01-08,Email,South,138.66,1405
2026-01-08,Referral,South,91.71,1026
2026-01-08,Organic,East,0.0,244
2026-01-08,Paid,East,810.06,7423
2026-01-08,Email,East,156.26,1584
2026-01-08,Referral,East,112.57,976
2026-01-08,Organic,West,0.0,247
2026-01-08,Paid,West,801.04,8083
2026-01-08,Email,West,159.91,1478
2026-01-08,Referral,West,111.65,1324
2026-01-09,Organic,North,0.0,407
2026-01-09,Paid,North,915.96,8502
2026-01-09,Email,North,157.56,1724
2026-01-09,Referral,North,103.21,1225
2026-01-09,Organic,South,0.0,436
2026-01-09,Paid,South,797.48,8733
2026-01-09,Email,South,133.71,1479
2026-01-09,Referral,South,107.75,1173
2026-01-09,Organic,East,0.0,446
2026-01-09,Paid,East,780.66,6548
2026-01-09,Email,East,160.93,1884
2026-01-09,Referral,East,104.55,916
2026-01-09,Organic,West,0.0,495
2026-01-09,Paid,West,773.16,8199
2026-01-09,Email,West,164.15,1566
2026-01-09,Referral,West,101.58,1108
2026-01-10,Organic,North,0.0,278
2026-01-10,Paid,North,731.62,6865
2026-01-10,Email,North,166.11,1396
2026-01-10,Referral,North,103.9,1023
2026-01-10,Organic,South,0.0,235
2026-01-10,Paid,South,896.64,10338
2026-01-10,Email,South,158.26,1595
2026-01-10,Referral,South,113.25,1255
2026-01-10,Organic,East,0.0,474
2026-01-10,Paid,East,779.13,8458
2026-01-10,Email,East,150.52,1503
2026-01-10,Referral,East,85.29,752
2026-01-10,Organic,West,0.0,372
2026-01-10,Paid,West,762.39,6699
2026-01-10,Email,West,143.71,1250
2026-01-10,Referral,West,95.39,832
2026-01-11,Organic,North,0.0,495
2026-01-11,Paid,North,698.81,7641
2026-01-11,Email,North,135.09,1565
2026-01-11,Referral,North,114.66,1256
2026-01-11,Organic,South,0.0,321
2026-01-11,Paid,South,864.33,8187
2026-01-11,Email,South,139.62,1471
2026-01-11,Referral,South,91.06,963
2026-01-11,Organic,East,0.0,358
2026-01-11,Paid,East,914.48,10760
2026-01-11,Email,East,157.8,1443
2026-01-11,Referral,East,98.14,989
2026-01-11,Organic,West,0.0,277
2026-01-11,Paid,West,828.76,7211
2026-01-11,Email,West,150.21,1545
2026-01-11,Referral,West,91.56,824
2026-01-12,Organic,North,0.0,483
2026-01-12,Paid,North,880.36,7591
2026-01-12,Email,North,143.74,1610
2026-01-12,Referral,North,86.88,1025
2026-01-12,Organic,South,0.0,404
2026-01-12,Paid,South,704.29,8375
2026-01-12,Email,South,141.93,1540
2026-01-12,Referral,South,90.55,797
2026-01-12,Organic,East,0.0,462
2026-01-12,Paid,East,864.06,8060
2026-01-12,Email,East,127.55,1085
2026-01-12,Referral,East,110.27,1320
2026-01-12,Organic,West,0.0,248
2026-01-12,Paid,West,774.19,8767
2026-01-12,Email,West,159.25,1310
2026-01-12,Referral,West,109.38,1068
2026-01-13,Organic,North,0.0,304
2026-01-13,Paid,North,781.0,7183
2026-01-13,Email,North,151.21,1754
2026-01-13,Referral,North,87.37,921
2026-01-13,Organic,South,0.0,394
2026-01-13,Paid,South,832.44,9070
2026-01-13,Email,South,138.1,1307
2026-01-13,Referral,South,94.79,926
2026-01-13,Organic,East,0.0,463
2026-01-13,Paid,East,686.44,6867
2026-01-13,Email,East,139.72,1127
2026-01-13,Referral,East,104.17,1016
2026-01-13,Organic,West,0.0,256
2026-01-13,Paid,West,861.81,9862
2026-01-13,Email,West,152.69,1335
2026-01-13,Referral,West,89.59,861
2026-01-14,Organic,North,0.0,302
2026-01-14,Paid,North,886.22,8891
2026-01-14,Email,North,160.89,1647
2026-01-14,Referral,North,107.01,974
2026-01-14,Organic,South,0.0,467
2026-01-14,Paid,South,701.07,8045
2026-01-14,Email,South,137.89,1394
2026-01-14,Referral,South,88.25,779
2026-01-14,Organic,East,0.0,302
2026-01-14,Paid,East,797.1,6683
2026-01-14,Email,East,159.04,1675
2026-01-14,Referral,East,91.65,1008
2026-01-14,Organic,West,0.0,260
2026-01-14,Paid,West,793.27,7465
2026-01-14,Email,West,164.56,1846
2026-01-14,Referral,West,89.89,880
2026-01-15,Organic,North,0.0,351
2026-01-15,Paid,North,789.91,8934
2026-01-15,Email,North,155.94,1489
2026-01-15,Referral,North,89.35,756
2026-01-15,Organic,South,0.0,277
2026-01-15,Paid,South,706.92,8446
2026-01-15,Email,South,137.29,1448
2026-01-15,Referral,South,98.22,971
2026-01-15,Organic,East,0.0,353
2026-01-15,Paid,East,784.52,7083
2026-01-15,Email,East,163.15,1947
2026-01-15,Referral,East,104.47,1010
2026-01-15,Organic,West,0.0,348
2026-01-15,Paid,West,831.53,9217
2026-01-15,Email,West,161.16,1801
2026-01-15,Referral,West,85.28,980
2026-01-16,Organic,North,0.0,307
2026-01-16,Paid,North,686.51,6226
2026-01-16,Email,North,145.57,1626
2026-01-16,Referral,North,94.88,1019
2026-01-16,Organic,South,0.0,498
2026-01-16,Paid,South,691.34,7595
2026-01-16,Email,South,156.83,1645
2026-01-16,Referral,South,97.5,906
2026-01-16,Organic,East,0.0,444
2026-01-16,Paid,East,865.32,9919
2026-01-16,Email,East,148.81,1542
2026-01-16,Referral,East,102.65,1044
2026-01-16,Organic,West,0.0,466
2026-01-16,Paid,West,733.21,6667
2026-01-16,Email,West,151.47,1484
2026-01-16,Referral,West,110.49,988
2026-01-17,Organic,North,0.0,298
2026-01-17,Paid,North,850.91,8637
2026-01-17,Email,North,136.42,1257
2026-01-17,Referral,North,106.99,1104
2026-01-17,Organic,South,0.0,467
2026-01-17,Paid,South,915.6,10168
2026-01-17,Email,South,150.41,1328
2026-01-17,Referral,South,86.33,905
2026-01-17,Organic,East,0.0,451
2026-01-17,Paid,East,807.84,8137
2026-01-17,Email,East,158.45,1847
2026-01-17,Referral,East,106.74,1273
2026-01-17,Organic,West,0.0,296
2026-01-17,Paid,West,723.66,6081
2026-01-17,Email,West,155.1,1541
2026-01-17,Referral,West,102.05,900
2026-01-18,Organic,North,0.0,347
2026-01-18,Paid,North,852.42,7675
2026-01-18,Email,North,154.14,1373
2026-01-18,Referral,North,108.39,1234
2026-01-18,Organic,South,0.0,449
2026-01-18,Paid,South,831.5,9058
2026-01-18,Email,South,130.34,1526
2026-01-18,Referral,South,111.4,1158
2026-01-18,Organic,East,0.0,295
2026-01-18,Paid,East,870.91,10416
2026-01-18,Email,East,171.86,1564
2026-01-18,Referral,East,114.83,1375
2026-01-18,Organic,West,0.0,446
2026-01-18,Paid,West,831.15,6778
2026-01-18,Email,West,132.12,1515
2026-01-18,Referral,West,94.13,1002
2026-01-19,Organic,North,0.0,306
2026-01-19,Paid,North,782.1,8893
2026-01-19,Email,North,149.38,1215
2026-01-19,Referral,North,94.32,910
2026-01-19,Organic,South,0.0,322
2026-01-19,Paid,South,865.52,7318
2026-01-19,Email,South,157.09,1550
2026-01-19,Referral,South,113.73,1212
2026-01-19,Organic,East,0.0,261
2026-01-19,Paid,East,858.96,8539
2026-01-19,Email,East,132.83,1228
2026-01-19,Referral,East,86.28,756
2026-01-19,Organic,West,0.0,421
2026-01-19,Paid,West,746.61,8398
2026-01-19,Email,West,166.42,1777
2026-01-19,Referral,West,88.26,1032
2026-01-20,Organic,North,0.0,474
2026-01-20,Paid,North,840.44,8583
2026-01-20,Email,North,130.58,1474
2026-01-20,Referral,North,113.82,1022
2026-01-20,Organic,South,0.0,445
2026-01-20,Paid,South,812.18,8717
2026-01-20,Email,South,132.99,1268
2026-01-20,Referral,South,103.23,927
2026-01-20,Organic,East,0.0,401
2026-01-20,Paid,East,816.18,8184
2026-01-20,Email,East,169.46,1756
2026-01-20,Referral,East,89.39,1030
2026-01-20,Organic,West,0.0,440
2026-01-20,Paid,West,864.36,10315
2026-01-20,Email,West,153.3,1379
2026-01-20,Referral,West,104.83,1036
2026-01-21,Organic,North,0.0,230
2026-01-21,Paid,North,786.09,6311
2026-01-21,Email,North,145.71,1290
2026-01-21,Referral,North,92.17,991
2026-01-21,Organic,South,0.0,385
2026-01-21,Paid,South,894.08,8169
2026-01-21,Email,South,134.31,1418
2026-01-21,Referral,South,87.76,847
2026-01-21,Organic,East,0.0,462
2026-01-21,Paid,East,818.29,9443
2026-01-21,Email,East,135.2,1255
2026-01-21,Referral,East,93.14,811
2026-01-21,Organic,West,0.0,423
2026-01-21,Paid,West,915.3,8520
2026-01-21,Email,West,170.13,1659
2026-01-21,Referral,West,108.57,972
2026-01-22,Organic,North,0.0,442
2026-01-22,Paid,North,794.8,8983
2026-01-22,Email,North,168.64,1522
2026-01-22,Referral,North,90.75,839
2026-01-22,Organic,South,0.0,320
2026-01-22,Paid,South,791.49,7968
2026-01-22,Email,South,163.06,1669
2026-01-22,Referral,South,112.0,1205
2026-01-22,Organic,East,0.0,208
2026-01-22,Paid,East,832.55,9453
2026-01-22,Email,East,168.39,1433
2026-01-22,Referral,East,95.4,846
2026-01-22,Organic,West,0.0,239
2026-01-22,Paid,West,893.62,8598
2026-01-22,Email,West,146.74,1234
2026-01-22,Referral,West,96.71,899
2026-01-23,Organic,North,0.0,477
2026-01-23,Paid,North,914.08,7834
2026-01-23,Email,North,132.09,1521
2026-01-23,Referral,North,108.68,1077
2026-01-23,Organic,South,0.0,420
2026-01-23,Paid,South,854.44,7271
2026-01-23,Email,South,136.2,1235
2026-01-23,Referral,South,97.75,886
2026-01-23,Organic,East,0.0,310
2026-01-23,Paid,East,690.05,7094
2026-01-23,Email,East,145.53,1498
2026-01-23,Referral,East,97.84,1078
2026-01-23,Organic,West,0.0,406
2026-01-23,Paid,West,786.26,8677
2026-01-23,Email,West,148.99,1743
2026-01-23,Referral,West,98.72,870
2026-01-24,Organic,North,0.0,365
2026-01-24,Paid,North,691.54,7590
2026-01-24,Email,North,147.94,1583
2026-01-24,Referral,North,104.32,1029
2026-01-24,Organic,South,0.0,381
2026-01-24,Paid,South,680.32,7897
2026-01-24,Email,South,159.21,1701
2026-01-24,Referral,South,100.08,1197
2026-01-24,Organic,East,0.0,401
2026-01-24,Paid,East,891.27,9597
2026-01-24,Email,East,132.85,1541
2026-01-24,Referral,East,110.23,1074
2026-01-24,Organic,West,0.0,320
2026-01-24,Paid,West,778.14,6905
2026-01-24,Email,West,142.1,1273
2026-01-24,Referral,West,96.44,926
2026-01-25,Organic,North,0.0,203
2026-01-25,Paid,North,857.42,6916
2026-01-25,Email,North,163.98,1586
2026-01-25,Referral,North,105.84,1089
2026-01-25,Organic,South,0.0,463
2026-01-25,Paid,South,699.56,7504
2026-01-25,Email,South,131.34,1276
2026-01-25,Referral,South,105.22,1091
2026-01-25,Organic,East,0.0,299
2026-01-25,Paid,East,775.44,7635
2026-01-25,Email,East,163.74,1596
2026-01-25,Referral,East,111.82,1160
2026-01-25,Organic,West,0.0,204
2026-01-25,Paid,West,845.74,9258
2026-01-25,Email,West,131.74,1419
2026-01-25,Referral,West,86.0,909
2026-01-26,Organic,North,0.0,430
2026-01-26,Paid,North,871.52,10391
2026-01-26,Email,North,163.04,1332
2026-01-26,Referral,North,110.55,884
2026-01-26,Organic,South,0.0,286
2026-01-26,Paid,South,875.55,7524
2026-01-26,Email,South,150.2,1694
2026-01-26,Referral,South,90.05,900
2026-01-26,Organic,East,0.0,455
2026-01-26,Paid,East,709.89,8291
2026-01-26,Email,East,162.51,1437
2026-01-26,Referral,East,105.92,1029
2026-01-26,Organic,West,0.0,394
2026-01-26,Paid,West,724.52,8225
2026-01-26,Email,West,143.59,1235
2026-01-26,Referral,West,112.61,1227
2026-01-27,Organic,North,0.0,368
2026-01-27,Paid,North,693.4,7357
2026-01-27,Email,North,148.54,1691
2026-01-27,Referral,North,85.75,1001
2026-01-27,Organic,South,0.0,254
2026-01-27,Paid,South,895.21,10565
2026-01-27,Email,South,148.07,1402
2026-01-27,Referral,South,93.55,1006
2026-01-27,Organic,East,0.0,458
2026-01-27,Paid,East,898.46,7700
2026-01-27,Email,East,164.49,1948
2026-01-27,Referral,East,96.05,1107
2026-01-27,Organic,West,0.0,338
2026-01-27,Paid,West,870.74,7041
2026-01-27,Email,West,157.36,1864
2026-01-27,Referral,West,101.08,1157
2026-01-28,Organic,North,0.0,260
2026-01-28,Paid,North,835.94,8619
2026-01-28,Email,North,136.48,1246
2026-01-28,Referral,North,87.44,912
2026-01-28,Organic,South,0.0,310
2026-01-28,Paid,South,833.57,7381
2026-01-28,Email,South,140.05,1479
2026-01-28,Referral,South,99.87,940
2026-01-28,Organic,East,0.0,405
2026-01-28,Paid,East,761.16,7075
2026-01-28,Email,East,153.38,1737
2026-01-28,Referral,East,103.39,895
2026-01-28,Organic,West,0.0,200
2026-01-28,Paid,West,685.91,7954
2026-01-28,Email,West,168.97,1843
2026-01-28,Referral,West,96.54,1146
2026-01-29,Organic,North,0.0,463
2026-01-29,Paid,North,758.75,8707
2026-01-29,Email,North,150.76,1566
2026-01-29,Referral,North,100.55,1193
2026-01-29,Organic,South,0.0,219
2026-01-29,Paid,South,781.29,6513
2026-01-29,Email,South,147.62,1241
2026-01-29,Referral,South,98.86,1106
2026-01-29,Organic,East,0.0,408
2026-01-29,Paid,East,782.0,8792
2026-01-29,Email,East,137.98,1653
2026-01-29,Referral,East,91.9,1061
2026-01-29,Organic,West,0.0,379
2026-01-29,Paid,West,803.66,9376
2026-01-29,Email,West,163.94,1819
2026-01-29,Referral,West,86.2,750
2026-01-30,Organic,North,0.0,229
2026-01-30,Paid,North,902.52,9441
2026-01-30,Email,North,151.79,1433
2026-01-30,Referral,North,103.52,866
2026-01-30,Organic,South,0.0,396
2026-01-30,Paid,South,744.32,8852
2026-01-30,Email,South,151.48,1681
2026-01-30,Referral,South,114.75,1251
2026-01-30,Organic,East,0.0,349
2026-01-30,Paid,East,843.43,9211
2026-01-30,Email,East,146.14,1500
2026-01-30,Referral,East,101.01,898
2026-01-30,Organic,West,0.0,469
2026-01-30,Paid,West,890.07,7479
2026-01-30,Email,West,137.12,1537
2026-01-30,Referral,West,100.72,892
2026-01-31,Organic,North,0.0,474
2026-01-31,Paid,North,790.26,9361
2026-01-31,Email,North,128.3,1487
2026-01-31,Referral,North,110.67,994
2026-01-31,Organic,South,0.0,262
2026-01-31,Paid,South,885.03,9529
2026-01-31,Email,South,143.98,1375
2026-01-31,Referral,South,88.99,1062
2026-01-31,Organic,East,0.0,216
2026-01-31,Paid,East,776.04,9216
2026-01-31,Email,East,166.16,1539
2026-01-31,Referral,East,95.3,818
2026-01-31,Organic,West,0.0,237
2026-01-31,Paid,West,902.43,7923
2026-01-31,Email,West,134.36,1280
2026-01-31,Referral,West,114.33,1264
2026-02-01,Organic,North,0.0,387
2026-02-01,Paid,North,724.99,7409
2026-02-01,Email,North,156.5,1424
2026-02-01,Referral,North,86.3,780
2026-02-01,Organic,South,0.0,334
2026-02-01,Paid,South,738.12,6176
2026-02-01,Email,South,157.63,1697
2026-02-01,Referral,South,97.89,961
2026-02-01,Organic,East,0.0,499
2026-02-01,Paid,East,809.44,6876
2026-02-01,Email,East,157.08,1616
2026-02-01,Referral,East,103.13,1060
2026-02-01,Organic,West,0.0,350
2026-02-01,Paid,West,866.09,7253
2026-02-01,Email,West,142.86,1277
2026-02-01,Referral,West,108.08,1265
2026-02-02,Organic,North,0.0,291
2026-02-02,Paid,North,900.67,9610
2026-02-02,Email,North,172.08,1606
2026-02-02,Referral,North,95.66,1108
2026-02-02,Organic,South,0.0,456
2026-02-02,Paid,South,821.81,7804
2026-02-02,Email,South,128.17,1053
2026-02-02,Referral,South,99.69,878
2026-02-02,Organic,East,0.0,308
2026-02-02,Paid,East,805.86,7106
2026-02-02,Email,East,148.9,1414
2026-02-02,Referral,East,112.71,1308
2026-02-02,Organic,West,0.0,442
2026-02-02,Paid,West,813.34,6723
2026-02-02,Email,West,148.56,1339
2026-02-02,Referral,West,112.03,1033
2026-02-03,Organic,North,0.0,389
2026-02-03,Paid,North,896.47,7252
2026-02-03,Email,North,149.87,1508
2026-02-03,Referral,North,87.31,842
2026-02-03,Organic,South,0.0,209
2026-02-03,Paid,South,840.39,9447
2026-02-03,Email,South,149.09,1339
2026-02-03,Referral,South,93.64,784
2026-02-03,Organic,East,0.0,462
2026-02-03,Paid,East,767.35,7798
2026-02-03,Email,East,153.11,1768
2026-02-03,Referral,East,88.29,879
2026-02-03,Organic,West,0.0,475
2026-02-03,Paid,West,909.12,7452
2026-02-03,Email,West,131.5,1517
2026-02-03,Referral,West,86.5,1034
2026-02-04,Organic,North,0.0,390
2026-02-04,Paid,North,910.94,9562
2026-02-04,Email,North,151.87,1509
2026-02-04,Referral,North,114.24,1310
2026-02-04,Organic,South,0.0,292
2026-02-04,Paid,South,856.3,7559
2026-02-04,Email,South,161.97,1526
2026-02-04,Referral,South,114.09,1276
2026-02-04,Organic,East,0.0,481
2026-02-04,Paid,East,763.4,7690
2026-02-04,Email,East,137.45,1467
2026-02-04,Referral,East,103.96,1182
2026-02-04,Organic,West,0.0,422
2026-02-04,Paid,West,914.28,9318
2026-02-04,Email,West,140.13,1127
2026-02-04,Referral,West,102.12,850
2026-02-05,Organic,North,0.0,488
2026-02-05,Paid,North,861.59,7582
2026-02-05,Email,North,160.19,1554
2026-02-05,Referral,North,102.67,844
2026-02-05,Organic,South,0.0,333
2026-02-05,Paid,South,747.23,6312
2026-02-05,Email,South,136.92,1160
2026-02-05,Referral,South,111.43,990
2026-02-05,Organic,East,0.0,268
2026-02-05,Paid,East,727.67,8471
2026-02-05,Email,East,156.83,1293
2026-02-05,Referral,East,98.26,929
2026-02-05,Organic,West,0.0,293
2026-02-05,Paid,West,876.42,9550
2026-02-05,Email,West,168.41,1595
2026-02-05,Referral,West,105.76,1049
2026-02-06,Organic,North,0.0,272
2026-02-06,Paid,North,708.17,7500
2026-02-06,Email,North,164.35,1434
2026-02-06,Referral,North,97.52,892
2026-02-06,Organic,South,0.0,324
2026-02-06,Paid,South,895.57,7270
2026-02-06,Email,South,171.84,1468
2026-02-06,Referral,South,95.86,1046
2026-02-06,Organic,East,0.0,465
2026-02-06,Paid,East,842.06,7323
2026-02-06,Email,East,139.31,1447
2026-02-06,Referral,East,100.8,1047
2026-02-06,Organic,West,0.0,431
2026-02-06,Paid,West,699.67,6325
2026-02-06,Email,West,137.29,1476
2026-02-06,Referral,West,97.37,929
2026-02-07,Organic,North,0.0,213
2026-02-07,Paid,North,907.82,9444
2026-02-07,Email,North,165.22,1688
2026-02-07,Referral,North,110.39,1260
2026-02-07,Organic,South,0.0,442
2026-02-07,Paid,South,680.38,5506
2026-02-07,Email,South,128.21,1120
2026-02-07,Referral,South,86.19,812
2026-02-07,Organic,East,0.0,488
2026-02-07,Paid,East,770.81,7538
2026-02-07,Email,East,130.77,1407
2026-02-07,Referral,East,103.13,931
2026-02-07,Organic,West,0.0,368
2026-02-07,Paid,West,918.44,9578
2026-02-07,Email,West,130.67,1552
2026-02-07,Referral,West,100.57,902
2026-02-08,Organic,North,0.0,411
2026-02-08,Paid,North,746.5,6074
2026-02-08,Email,North,127.52,1273
2026-02-08,Referral,North,92.53,1025
2026-02-08,Organic,South,0.0,372
2026-02-08,Paid,South,729.6,6068
2026-02-08,Email,South,143.35,1359
2026-02-08,Referral,South,91.36,1007
2026-02-08,Organic,East,0.0,429
2026-02-08,Paid,East,766.11,8751
2026-02-08,Email,East,130.99,1553
2026-02-08,Referral,East,88.29,991
2026-02-08,Organic,West,0.0,444
2026-02-08,Paid,West,871.01,9025
2026-02-08,Email,West,139.5,1292
2026-02-08,Referral,West,103.49,986
2026-02-09,Organic,North,0.0,426
2026-02-09,Paid,North,762.44,7874
2026-02-09,Email,North,152.99,1351
2026-02-09,Referral,North,89.92,913
2026-02-09,Organic,South,0.0,482
2026-02-09,Paid,South,857.56,10147
2026-02-09,Email,South,160.04,1906
2026-02-09,Referral,South,113.92,1215
2026-02-09,Organic,East,0.0,368
2026-02-09,Paid,East,719.25,6269
2026-02-09,Email,East,165.61,1627
2026-02-09,Referral,East,88.99,860
2026-02-09,Organic,West,0.0,408
2026-02-09,Paid,West,680.71,5950
2026-02-09,Email,West,170.99,1986
2026-02-09,Referral,West,106.49,921
2026-02-10,Organic,North,0.0,291
2026-02-10,Paid,North,828.11,6853
2026-02-10,Email,North,154.96,1779
2026-02-10,Referral,North,114.83,1176
2026-02-10,Organic,South,0.0,200
2026-02-10,Paid,South,915.94,8751
2026-02-10,Email,South,141.59,1636
2026-02-10,Referral,South,99.15,1108
2026-02-10,Organic,East,0.0,243
2026-02-10,Paid,East,869.23,9442
2026-02-10,Email,East,136.99,1231
2026-02-10,Referral,East,97.65,1029
2026-02-10,Organic,West,0.0,368
2026-02-10,Paid,West,916.82,7397
2026-02-10,Email,West,158.21,1805
2026-02-10,Referral,West,107.42,890
2026-02-11,Organic,North,0.0,406
2026-02-11,Paid,North,898.95,8376
2026-02-11,Email,North,156.8,1521
2026-02-11,Referral,North,92.15,919
2026-02-11,Organic,South,0.0,223
2026-02-11,Paid,South,693.83,7998
2026-02-11,Email,South,130.42,1476
2026-02-11,Referral,South,114.56,1330
2026-02-11,Organic,East,0.0,219
2026-02-11,Paid,East,701.44,6375
2026-02-11,Email,East,159.27,1332
2026-02-11,Referral,East,98.51,1076
2026-02-11,Organic,West,0.0,242
2026-02-11,Paid,West,716.26,7175
2026-02-11,Email,West,149.08,1296
2026-02-11,Referral,West,108.99,915
2026-02-12,Organic,North,0.0,415
2026-02-12,Paid,North,911.72,10784
2026-02-12,Email,North,131.47,1461
2026-02-12,Referral,North,98.87,1174
2026-02-12,Organic,South,0.0,446
2026-02-12,Paid,South,826.56,7844
2026-02-12,Email,South,151.09,1591
2026-02-12,Referral,South,111.82,1151
2026-02-12,Organic,East,0.0,219
2026-02-12,Paid,East,801.04,9504
2026-02-12,Email,East,139.26,1343
2026-02-12,Referral,East,92.75,831
2026-02-12,Organic,West,0.0,314
2026-02-12,Paid,West,889.52,7438
2026-02-12,Email,West,165.54,1546
2026-02-12,Referral,West,107.16,1011
2026-02-13,Organic,North,0.0,298
2026-02-13,Paid,North,888.17,9597
2026-02-13,Email,North,129.67,1148
2026-02-13,Referral,North,100.87,975
2026-02-13,Organic,South,0.0,392
2026-02-13,Paid,South,709.27,8391
2026-02-13,Email,South,152.2,1305
2026-02-13,Referral,South,86.01,936
2026-02-13,Organic,East,0.0,217
2026-02-13,Paid,East,868.68,7361
2026-02-13,Email,East,147.81,1531
2026-02-13,Referral,East,112.27,1316
2026-02-13,Organic,West,0.0,271
2026-02-13,Paid,West,845.6,9125
2026-02-13,Email,West,140.12,1184
2026-02-13,Referral,West,86.09,961
2026-02-14,Organic,North,0.0,331
2026-02-14,Paid,North,736.22,7448
2026-02-14,Email,North,141.72,1180
2026-02-14,Referral,North,85.66,745
2026-02-14,Organic,South,0.0,355
2026-02-14,Paid,South,843.63,9607
2026-02-14,Email,South,143.48,1503
2026-02-14,Referral,South,86.3,945
2026-02-14,Organic,East,0.0,220
2026-02-14,Paid,East,745.42,7080
2026-02-14,Email,East,158.49,1572
2026-02-14,Referral,East,114.69,1044
2026-02-14,Organic,West,0.0,310
2026-02-14,Paid,West,777.25,7076
2026-02-14,Email,West,167.73,1854
2026-02-14,Referral,West,93.66,844
2026-02-15,Organic,North,0.0,369
2026-02-15,Paid,North,840.06,7308
2026-02-15,Email,North,169.59,1972
2026-02-15,Referral,North,108.62,1245
2026-02-15,Organic,South,0.0,280
2026-02-15,Paid,South,845.36,7952
2026-02-15,Email,South,153.73,1534
2026-02-15,Referral,South,100.1,1046
2026-02-15,Organic,East,0.0,459
2026-02-15,Paid,East,740.45,7225
2026-02-15,Email,East,149.06,1541
2026-02-15,Referral,East,89.78,1058
2026-02-15,Organic,West,0.0,286
2026-02-15,Paid,West,773.33,6572
2026-02-15,Email,West,143.42,1187
2026-02-15,Referral,West,88.54,1029
2026-02-16,Organic,North,0.0,429
2026-02-16,Paid,North,796.02,7248
2026-02-16,Email,North,151.64,1370
2026-02-16,Referral,North,112.38,944
2026-02-16,Organic,South,0.0,411
2026-02-16,Paid,South,720.33,6632
2026-02-16,Email,South,169.06,1403
2026-02-16,Referral,South,110.26,984
2026-02-16,Organic,East,0.0,441
2026-02-16,Paid,East,745.4,8449
2026-02-16,Email,East,169.63,1985
2026-02-16,Referral,East,89.87,890
2026-02-16,Organic,West,0.0,364
2026-02-16,Paid,West,849.42,7259
2026-02-16,Email,West,169.16,1750
2026-02-16,Referral,West,93.33,1023
2026-02-17,Organic,North,0.0,404
2026-02-17,Paid,North,803.84,6905
2026-02-17,Email,North,138.56,1334
2026-02-17,Referral,North,100.1,827
2026-02-17,Organic,South,0.0,335
2026-02-17,Paid,South,687.47,5628
2026-02-17,Email,South,132.16,1585
2026-02-17,Referral,South,112.38,1135
2026-02-17,Organic,East,0.0,468
2026-02-17,Paid,East,861.74,8643
2026-02-17,Email,East,148.38,1232
2026-02-17,Referral,East,114.5,1268
2026-02-17,Organic,West,0.0,400
2026-02-17,Paid,West,883.79,10252
2026-02-17,Email,West,144.71,1669
2026-02-17,Referral,West,109.06,890
2026-02-18,Organic,North,0.0,487
2026-02-18,Paid,North,798.63,6480
2026-02-18,Email,North,168.74,1510
2026-02-18,Referral,North,95.33,927
2026-02-18,Organic,South,0.0,247
2026-02-18,Paid,South,824.63,9655
2026-02-18,Email,South,140.74,1223
2026-02-18,Referral,South,101.48,1179
2026-02-18,Organic,East,0.0,419
2026-02-18,Paid,East,809.88,6899
2026-02-18,Email,East,153.49,1348
2026-02-18,Referral,East,103.93,1079
2026-02-18,Organic,West,0.0,291
2026-02-18,Paid,West,783.16,7063
2026-02-18,Email,West,138.23,1522
2026-02-18,Referral,West,103.21,1120
2026-02-19,Organic,North,0.0,268
2026-02-19,Paid,North,867.73,9032
2026-02-19,Email,North,163.28,1882
2026-02-19,Referral,North,114.77,1185
2026-02-19,Organic,South,0.0,309
2026-02-19,Paid,South,828.44,7608
2026-02-19,Email,South,148.72,1201
2026-02-19,Referral,South,112.45,1165
2026-02-19,Organic,East,0.0,241
2026-02-19,Paid,East,775.32,7738
2026-02-19,Email,East,138.5,1609
2026-02-19,Referral,East,98.74,1016
2026-02-19,Organic,West,0.0,204
2026-02-19,Paid,West,885.33,9983
2026-02-19,Email,West,171.71,1890
2026-02-19,Referral,West,99.63,853
2026-02-20,Organic,North,0.0,283
2026-02-20,Paid,North,720.82,7613
2026-02-20,Email,North,161.56,1337
2026-02-20,Referral,North,109.34,1204
2026-02-20,Organic,South,0.0,476
2026-02-20,Paid,South,760.4,6417
2026-02-20,Email,South,151.22,1528
2026-02-20,Referral,South,93.42,1047
2026-02-20,Organic,East,0.0,406
2026-02-20,Paid,East,896.3,8596
2026-02-20,Email,East,166.09,1370
2026-02-20,Referral,East,110.48,950
2026-02-20,Organic,West,0.0,264
2026-02-20,Paid,West,915.97,8885
2026-02-20,Email,West,157.73,1298
2026-02-20,Referral,West,94.1,1092
2026-02-21,Organic,North,0.0,322
2026-02-21,Paid,North,828.41,9273
2026-02-21,Email,North,139.75,1509
2026-02-21,Referral,North,109.66,1145
2026-02-21,Organic,South,0.0,409
2026-02-21,Paid,South,856.63,7678
2026-02-21,Email,South,152.89,1403
2026-02-21,Referral,South,91.92,1039
2026-02-21,Organic,East,0.0,458
2026-02-21,Paid,East,732.59,8597
2026-02-21,Email,East,134.0,1339
2026-02-21,Referral,East,108.51,869
2026-02-21,Organic,West,0.0,446
2026-02-21,Paid,West,910.12,10698
2026-02-21,Email,West,128.09,1072
2026-02-21,Referral,West,92.28,754
2026-02-22,Organic,North,0.0,245
2026-02-22,Paid,North,882.95,7066
2026-02-22,Email,North,135.56,1386
2026-02-22,Referral,North,111.71,904
2026-02-22,Organic,South,0.0,260
2026-02-22,Paid,South,887.72,10584
2026-02-22,Email,South,136.19,1469
2026-02-22,Referral,South,102.11,1094
2026-02-22,Organic,East,0.0,223
2026-02-22,Paid,East,847.78,9099
2026-02-22,Email,East,131.95,1458
2026-02-22,Referral,East,111.01,1263
2026-02-22,Organic,West,0.0,349
2026-02-22,Paid,West,822.54,7205
2026-02-22,Email,West,171.91,1401
2026-02-22,Referral,West,88.67,718
2026-02-23,Organic,North,0.0,295
2026-02-23,Paid,North,717.88,6940
2026-02-23,Email,North,152.08,1302
2026-02-23,Referral,North,100.84,1178
2026-02-23,Organic,South,0.0,465
2026-02-23,Paid,South,878.58,8392
2026-02-23,Email,South,159.84,1660
2026-02-23,Referral,South,110.19,891
2026-02-23,Organic,East,0.0,439
2026-02-23,Paid,East,859.5,10196
2026-02-23,Email,East,132.43,1316
2026-02-23,Referral,East,96.37,801
2026-02-23,Organic,West,0.0,372
2026-02-23,Paid,West,722.17,8376
2026-02-23,Email,West,131.26,1454
2026-02-23,Referral,West,110.35,1147
2026-02-24,Organic,North,0.0,411
2026-02-24,Paid,North,801.73,8575
2026-02-24,Email,North,135.81,1276
2026-02-24,Referral,North,110.41,1166
2026-02-24,Organic,South,0.0,362
2026-02-24,Paid,South,714.07,7214
2026-02-24,Email,South,142.09,1451
2026-02-24,Referral,South,114.19,1347
2026-02-24,Organic,East,0.0,356
2026-02-24,Paid,East,778.08,8516
2026-02-24,Email,East,134.28,1599
2026-02-24,Referral,East,97.08,970
2026-02-24,Organic,West,0.0,365
2026-02-24,Paid,West,825.44,8725
2026-02-24,Email,West,128.0,1135
2026-02-24,Referral,West,101.85,901
2026-02-25,Organic,North,0.0,496
2026-02-25,Paid,North,887.97,10036
2026-02-25,Email,North,154.1,1326
2026-02-25,Referral,North,85.55,884
2026-02-25,Organic,South,0.0,281
2026-02-25,Paid,South,704.22,6371
2026-02-25,Email,South,138.92,1373
2026-02-25,Referral,South,94.79,904
2026-02-25,Organic,East,0.0,375
2026-02-25,Paid,East,733.46,6664
2026-02-25,Email,East,163.23,1914
2026-02-25,Referral,East,103.69,1242
2026-02-25,Organic,West,0.0,341
2026-02-25,Paid,West,794.9,6491
2026-02-25,Email,West,135.91,1220
2026-02-25,Referral,West,97.27,873
2026-02-26,Organic,North,0.0,469
2026-02-26,Paid,North,723.36,5937
2026-02-26,Email,North,156.85,1552
2026-02-26,Referral,North,94.82,788
2026-02-26,Organic,South,0.0,341
2026-02-26,Paid,South,858.01,9923
2026-02-26,Email,South,169.12,1365
2026-02-26,Referral,South,106.94,1221
2026-02-26,Organic,East,0.0,390
2026-02-26,Paid,East,801.51,7215
2026-02-26,Email,East,156.08,1528
2026-02-26,Referral,East,93.62,1118
2026-02-26,Organic,West,0.0,221
2026-02-26,Paid,West,885.86,10194
2026-02-26,Email,West,143.38,1497
2026-02-26,Referral,West,96.01,810
2026-02-27,Organic,North,0.0,290
2026-02-27,Paid,North,884.69,7577
2026-02-27,Email,North,133.34,1528
2026-02-27,Referral,North,93.6,758
2026-02-27,Organic,South,0.0,440
2026-02-27,Paid,South,696.83,7211
2026-02-27,Email,South,164.24,1333
2026-02-27,Referral,South,106.96,1020
2026-02-27,Organic,East,0.0,456
2026-02-27,Paid,East,883.71,7945
2026-02-27,Email,East,128.59,1450
2026-02-27,Referral,East,92.21,806
2026-02-27,Organic,West,0.0,274
2026-02-27,Paid,West,770.53,6416
2026-02-27,Email,West,137.6,1544
2026-02-27,Referral,West,103.36,1051
2026-02-28,Organic,North,0.0,207
2026-02-28,Paid,North,835.46,8936
2026-02-28,Email,North,164.62,1766
2026-02-28,Referral,North,95.81,835
2026-02-28,Organic,South,0.0,346
2026-02-28,Paid,South,808.62,6693
2026-02-28,Email,South,165.92,1635
2026-02-28,Referral,South,101.48,1159
2026-02-28,Organic,East,0.0,447
2026-02-28,Paid,East,896.58,7706
2026-02-28,Email,East,132.32,1240
2026-02-28,Referral,East,104.33,943
2026-02-28,Organic,West,0.0,206
2026-02-28,Paid,West,815.91,7474
2026-02-28,Email,West,156.09,1612
2026-02-28,Referral,West,99.42,1169
2026-03-01,Organic,North,0.0,387
2026-03-01,Paid,North,751.44,8095
2026-03-01,Email,North,172.11,1401
2026-03-01,Referral,North,105.53,1111
2026-03-01,Organic,South,0.0,305
2026-03-01,Paid,South,878.36,9333
2026-03-01,Email,South,144.68,1458
2026-03-01,Referral,South,88.67,1011
2026-03-01,Organic,East,0.0,271
2026-03-01,Paid,East,716.55,6276
2026-03-01,Email,East,135.95,1374
2026-03-01,Referral,East,111.42,1069
2026-03-01,Organic,West,0.0,221
2026-03-01,Paid,West,905.51,7803
2026-03-01,Email,West,132.35,1120
2026-03-01,Referral,West,88.86,1051
2026-03-02,Organic,North,0.0,472
2026-03-02,Paid,North,795.59,8168
2026-03-02,Email,North,131.61,1277
2026-03-02,Referral,North,97.22,1029
2026-03-02,Organic,South,0.0,262
2026-03-02,Paid,South,871.49,7714
2026-03-02,Email,South,150.56,1284
2026-03-02,Referral,South,114.03,1298
2026-03-02,Organic,East,0.0,497
2026-03-02,Paid,East,913.72,8647
2026-03-02,Email,East,140.29,1181
2026-03-02,Referral,East,99.88,1185
2026-03-02,Organic,West,0.0,383
2026-03-02,Paid,West,732.04,6111
2026-03-02,Email,West,129.41,1412
2026-03-02,Referral,West,96.13,1147
2026-03-03,Organic,North,0.0,368
2026-03-03,Paid,North,800.52,8478
2026-03-03,Email,North,160.8,1901
2026-03-03,Referral,North,104.91,1096
2026-03-03,Organic,South,0.0,348
2026-03-03,Paid,South,719.92,6166
2026-03-03,Email,South,134.2,1222
2026-03-03,Referral,South,92.03,1001
2026-03-03,Organic,East,0.0,475
2026-03-03,Paid,East,874.15,8402
2026-03-03,Email,East,169.24,1859
2026-03-03,Referral,East,114.68,1186
2026-03-03,Organic,West,0.0,245
2026-03-03,Paid,West,907.97,9885
2026-03-03,Email,West,148.36,1191
2026-03-03,Referral,West,85.59,769
2026-03-04,Organic,North,0.0,278
2026-03-04,Paid,North,815.28,7298
2026-03-04,Email,North,134.86,1105
2026-03-04,Referral,North,113.4,1123
2026-03-04,Organic,South,0.0,412
2026-03-04,Paid,South,764.99,7885
2026-03-04,Email,South,164.31,1928
2026-03-04,Referral,South,85.26,915
2026-03-04,Organic,East,0.0,499
2026-03-04,Paid,East,699.84,7631
2026-03-04,Email,East,149.2,1348
2026-03-04,Referral,East,102.78,1205
2026-03-04,Organic,West,0.0,290
2026-03-04,Paid,West,816.21,7961
2026-03-04,Email,West,133.34,1073
2026-03-04,Referral,West,96.88,981
2026-03-05,Organic,North,0.0,481
2026-03-05,Paid,North,758.51,6314
2026-03-05,Email,North,136.89,1306
2026-03-05,Referral,North,112.84,977
2026-03-05,Organic,South,0.0,244
2026-03-05,Paid,South,705.57,7963
2026-03-05,Email,South,168.84,1962
2026-03-05,Referral,South,99.15,1129
2026-03-05,Organic,East,0.0,252
2026-03-05,Paid,East,914.01,9214
2026-03-05,Email,East,145.16,1497
2026-03-05,Referral,East,98.25,1009
2026-03-05,Organic,West,0.0,493
2026-03-05,Paid,West,697.36,6670
2026-03-05,Email,West,165.08,1508
2026-03-05,Referral,West,94.35,1013
2026-03-06,Organic,North,0.0,371
2026-03-06,Paid,North,793.56,9105
2026-03-06,Email,North,145.72,1502
2026-03-06,Referral,North,96.44,832
2026-03-06,Organic,South,0.0,467
2026-03-06,Paid,South,908.49,10266
2026-03-06,Email,South,160.87,1711
2026-03-06,Referral,South,111.66,1244
2026-03-06,Organic,East,0.0,214
2026-03-06,Paid,East,710.79,7849
2026-03-06,Email,East,152.13,1354
2026-03-06,Referral,East,107.77,1008
2026-03-06,Organic,West,0.0,448
2026-03-06,Paid,West,785.49,6787
2026-03-06,Email,West,164.29,1490
2026-03-06,Referral,West,95.58,828
2026-03-07,Organic,North,0.0,233
2026-03-07,Paid,North,721.97,6216
2026-03-07,Email,North,170.06,1818
2026-03-07,Referral,North,90.72,1027
2026-03-07,Organic,South,0.0,298
2026-03-07,Paid,South,683.58,7994
2026-03-07,Email,South,138.21,1139
2026-03-07,Referral,South,97.36,1098
2026-03-07,Organic,East,0.0,345
2026-03-07,Paid,East,779.32,8791
2026-03-07,Email,East,137.75,1314
2026-03-07,Referral,East,95.36,830
2026-03-07,Organic,West,0.0,218
2026-03-07,Paid,West,846.9,7054
2026-03-07,Email,West,152.97,1455
2026-03-07,Referral,West,90.96,734
2026-03-08,Organic,North,0.0,407
2026-03-08,Paid,North,845.6,8122
2026-03-08,Email,North,127.99,1169
2026-03-08,Referral,North,89.95,895
2026-03-08,Organic,South,0.0,365
2026-03-08,Paid,South,785.25,7325
2026-03-08,Email,South,144.88,1339
2026-03-08,Referral,South,96.08,864
2026-03-08,Organic,East,0.0,437
2026-03-08,Paid,East,759.25,6258
2026-03-08,Email,East,167.79,1484
2026-03-08,Referral,East,105.91,1239
2026-03-08,Organic,West,0.0,432
2026-03-08,Paid,West,763.91,7788
2026-03-08,Email,West,167.22,1572
2026-03-08,Referral,West,109.24,1288
2026-03-09,Organic,North,0.0,335
2026-03-09,Paid,North,710.91,7121
2026-03-09,Email,North,139.68,1642
2026-03-09,Referral,North,92.55,904
2026-03-09,Organic,South,0.0,264
2026-03-09,Paid,South,804.36,8146
2026-03-09,Email,South,137.41,1540
2026-03-09,Referral,South,99.39,874
2026-03-09,Organic,East,0.0,296
2026-03-09,Paid,East,831.58,9179
2026-03-09,Email,East,144.97,1598
2026-03-09,Referral,East,88.89,983
2026-03-09,Organic,West,0.0,218
2026-03-09,Paid,West,827.36,8075
2026-03-09,Email,West,143.75,1283
2026-03-09,Referral,West,103.14,1183
2026-03-10,Organic,North,0.0,495
2026-03-10,Paid,North,841.02,9355
2026-03-10,Email,North,143.26,1560
2026-03-10,Referral,North,104.09,1070
2026-03-10,Organic,South,0.0,444
2026-03-10,Paid,South,712.19,6839
2026-03-10,Email,South,158.29,1716
2026-03-10,Referral,South,91.62,785
2026-03-10,Organic,East,0.0,412
2026-03-10,Paid,East,765.01,8576
2026-03-10,Email,East,135.94,1478
2026-03-10,Referral,East,110.12,996
2026-03-10,Organic,West,0.0,225
2026-03-10,Paid,West,914.3,9780
2026-03-10,Email,West,141.47,1486
2026-03-10,Referral,West,92.72,1050
2026-03-11,Organic,North,0.0,202
2026-03-11,Paid,North,845.29,7474
2026-03-11,Email,North,152.25,1223
2026-03-11,Referral,North,110.45,1011
2026-03-11,Organic,South,0.0,382
2026-03-11,Paid,South,752.06,6043
2026-03-11,Email,South,160.6,1314
2026-03-11,Referral,South,108.97,933
2026-03-11,Organic,East,0.0,476
2026-03-11,Paid,East,877.07,10324
2026-03-11,Email,East,131.15,1300
2026-03-11,Referral,East,87.24,730
2026-03-11,Organic,West,0.0,244
2026-03-11,Paid,West,686.52,6126
2026-03-11,Email,West,163.3,1412
2026-03-11,Referral,West,101.11,1163
2026-03-12,Organic,North,0.0,236
2026-03-12,Paid,North,809.17,9331
2026-03-12,Email,North,158.98,1675
2026-03-12,Referral,North,103.63,989
2026-03-12,Organic,South,0.0,289
2026-03-12,Paid,South,711.95,7177
2026-03-12,Email,South,134.2,1100
2026-03-12,Referral,South,87.65,841
2026-03-12,Organic,East,0.0,257
2026-03-12,Paid,East,794.08,7979
2026-03-12,Email,East,149.93,1228
2026-03-12,Referral,East,85.11,1015
2026-03-12,Organic,West,0.0,468
2026-03-12,Paid,West,875.7,9988
2026-03-12,Email,West,140.05,1311
2026-03-12,Referral,West,106.31,944
2026-03-13,Organic,North,0.0,416
2026-03-13,Paid,North,863.27,9613
2026-03-13,Email,North,165.14,1758
2026-03-13,Referral,North,101.66,997
2026-03-13,Organic,South,0.0,283
2026-03-13,Paid,South,746.42,6226
2026-03-13,Email,South,163.07,1508
2026-03-13,Referral,South,96.86,823
2026-03-13,Organic,East,0.0,236
2026-03-13,Paid,East,788.95,6466
2026-03-13,Email,East,132.26,1350
2026-03-13,Referral,East,87.08,886
2026-03-13,Organic,West,0.0,216
2026-03-13,Paid,West,829.67,6975
2026-03-13,Email,West,127.97,1069
2026-03-13,Referral,West,102.3,1044
2026-03-14,Organic,North,0.0,461
2026-03-14,Paid,North,887.24,8230
2026-03-14,Email,North,135.17,1548
2026-03-14,Referral,North,90.89,966
2026-03-14,Organic,South,0.0,346
2026-03-14,Paid,South,839.49,8550
2026-03-14,Email,South,128.09,1065
2026-03-14,Referral,South,85.84,840
2026-03-14,Organic,East,0.0,482
2026-03-14,Paid,East,823.12,7426
2026-03-14,Email,East,131.07,1366
2026-03-14,Referral,East,90.43,891
2026-03-14,Organic,West,0.0,275
2026-03-14,Paid,West,840.41,7498
2026-03-14,Email,West,168.72,1478
2026-03-14,Referral,West,96.29,817
2026-03-15,Organic,North,0.0,437
2026-03-15,Paid,North,865.63,8570
2026-03-15,Email,North,137.1,1408
2026-03-15,Referral,North,101.08,1140
2026-03-15,Organic,South,0.0,415
2026-03-15,Paid,South,709.8,5798
2026-03-15,Email,South,161.11,1702
2026-03-15,Referral,South,88.89,798
2026-03-15,Organic,East,0.0,347
2026-03-15,Paid,East,899.87,8196
2026-03-15,Email,East,171.83,1381
2026-03-15,Referral,East,85.14,883
2026-03-15,Organic,West,0.0,440
2026-03-15,Paid,West,796.1,8973
2026-03-15,Email,West,136.95,1413
2026-03-15,Referral,West,110.99,965
2026-03-16,Organic,North,0.0,469
2026-03-16,Paid,North,899.54,8796
2026-03-16,Email,North,171.02,1548
2026-03-16,Referral,North,91.22,736
2026-03-16,Organic,South,0.0,228
2026-03-16,Paid,South,697.2,7510
2026-03-16,Email,South,161.31,1329
2026-03-16,Referral,South,92.2,846
2026-03-16,Organic,East,0.0,380
2026-03-16,Paid,East,906.37,7518
2026-03-16,Email,East,160.65,1469
2026-03-16,Referral,East,86.19,745
2026-03-16,Organic,West,0.0,475
2026-03-16,Paid,West,810.72,9308
2026-03-16,Email,West,138.81,1282
2026-03-16,Referral,West,106.9,1026
2026-03-17,Organic,North,0.0,328
2026-03-17,Paid,North,709.05,7495
2026-03-17,Email,North,134.6,1263
2026-03-17,Referral,North,102.65,1188
2026-03-17,Organic,South,0.0,291
2026-03-17,Paid,South,685.17,6044
2026-03-17,Email,South,141.72,1472
2026-03-17,Referral,South,106.67,871
2026-03-17,Organic,East,0.0,403
2026-03-17,Paid,East,855.18,9777
2026-03-17,Email,East,170.62,1668
2026-03-17,Referral,East,114.67,1277
2026-03-17,Organic,West,0.0,241
2026-03-17,Paid,West,739.18,5974
2026-03-17,Email,West,163.93,1370
2026-03-17,Referral,West,101.52,832
2026-03-18,Organic,North,0.0,433
2026-03-18,Paid,North,887.98,9319
2026-03-18,Email,North,133.89,1232
2026-03-18,Referral,North,97.07,888
2026-03-18,Organic,South,0.0,268
2026-03-18,Paid,South,852.21,7462
2026-03-18,Email,South,151.28,1810
2026-03-18,Referral,South,94.16,996
2026-03-18,Organic,East,0.0,429
2026-03-18,Paid,East,701.36,5947
2026-03-18,Email,East,157.28,1304
2026-03-18,Referral,East,96.68,1001
2026-03-18,Organic,West,0.0,281
2026-03-18,Paid,West,803.08,8343
2026-03-18,Email,West,160.85,1734
2026-03-18,Referral,West,91.11,924
2026-03-19,Organic,North,0.0,360
2026-03-19,Paid,North,716.6,7390
2026-03-19,Email,North,165.6,1646
2026-03-19,Referral,North,96.93,792
2026-03-19,Organic,South,0.0,402
2026-03-19,Paid,South,816.28,7693
2026-03-19,Email,South,150.38,1319
2026-03-19,Referral,South,90.25,859
2026-03-19,Organic,East,0.0,258
2026-03-19,Paid,East,810.33,8716
2026-03-19,Email,East,161.41,1430
2026-03-19,Referral,East,109.5,1038
2026-03-19,Organic,West,0.0,433
2026-03-19,Paid,West,773.47,7813
2026-03-19,Email,West,147.91,1211
2026-03-19,Referral,West,109.05,1277
2026-03-20,Organic,North,0.0,317
2026-03-20,Paid,North,895.99,9383
2026-03-20,Email,North,170.05,1792
2026-03-20,Referral,North,107.07,1050
2026-03-20,Organic,South,0.0,389
2026-03-20,Paid,South,799.33,8319
2026-03-20,Email,South,160.67,1845
2026-03-20,Referral,South,88.89,751
2026-03-20,Organic,East,0.0,450
2026-03-20,Paid,East,731.51,7286
2026-03-20,Email,East,152.11,1399
2026-03-20,Referral,East,95.44,879
2026-03-20,Organic,West,0.0,224
2026-03-20,Paid,West,910.95,7556
2026-03-20,Email,West,139.37,1230
2026-03-20,Referral,West,87.83,917
2026-03-21,Organic,North,0.0,477
2026-03-21,Paid,North,713.07,7876
2026-03-21,Email,North,146.76,1221
2026-03-21,Referral,North,93.88,911
2026-03-21,Organic,South,0.0,385
2026-03-21,Paid,South,772.11,6208
2026-03-21,Email,South,140.31,1495
2026-03-21,Referral,South,89.61,948
2026-03-21,Organic,East,0.0,433
2026-03-21,Paid,East,875.89,9039
2026-03-21,Email,East,133.85,1221
2026-03-21,Referral,East,102.47,1190
2026-03-21,Organic,West,0.0,321
2026-03-21,Paid,West,908.12,10135
2026-03-21,Email,West,147.05,1571
2026-03-21,Referral,West,89.66,861
2026-03-22,Organic,North,0.0,268
2026-03-22,Paid,North,831.6,7680
2026-03-22,Email,North,152.99,1340
2026-03-22,Referral,North,113.27,1106
2026-03-22,Organic,South,0.0,256
2026-03-22,Paid,South,860.36,8009
2026-03-22,Email,South,155.76,1585
2026-03-22,Referral,South,92.3,768
2026-03-22,Organic,East,0.0,318
2026-03-22,Paid,East,836.51,7041
2026-03-22,Email,East,149.96,1311
2026-03-22,Referral,East,97.2,860
2026-03-22,Organic,West,0.0,214
2026-03-22,Paid,West,820.58,8755
2026-03-22,Email,West,147.44,1607
2026-03-22,Referral,West,108.79,1171
2026-03-23,Organic,North,0.0,473
2026-03-23,Paid,North,866.68,8621
2026-03-23,Email,North,137.79,1458
2026-03-23,Referral,North,85.26,974
2026-03-23,Organic,South,0.0,415
2026-03-23,Paid,South,862.14,7631
2026-03-23,Email,South,149.63,1292
2026-03-23,Referral,South,95.81,832
2026-03-23,Organic,East,0.0,307
2026-03-23,Paid,East,688.44,7653
2026-03-23,Email,East,137.66,1264
2026-03-23,Referral,East,90.86,896
2026-03-23,Organic,West,0.0,467
2026-03-23,Paid,West,707.79,7362
2026-03-23,Email,West,150.55,1509
2026-03-23,Referral,West,99.13,1082
2026-03-24,Organic,North,0.0,340
2026-03-24,Paid,North,908.72,10575
2026-03-24,Email,North,149.83,1203
2026-03-24,Referral,North,90.31,825
2026-03-24,Organic,South,0.0,277
2026-03-24,Paid,South,741.58,8598
2026-03-24,Email,South,157.48,1729
2026-03-24,Referral,South,101.56,1187
2026-03-24,Organic,East,0.0,220
2026-03-24,Paid,East,841.62,9102
2026-03-24,Email,East,161.51,1729
2026-03-24,Referral,East,109.17,1226
2026-03-24,Organic,West,0.0,208
2026-03-24,Paid,West,704.52,6471
2026-03-24,Email,West,164.03,1553
2026-03-24,Referral,West,104.55,1129
2026-03-25,Organic,North,0.0,457
2026-03-25,Paid,North,719.62,7813
2026-03-25,Email,North,168.66,1787
2026-03-25,Referral,North,110.57,1050
2026-03-25,Organic,South,0.0,375
2026-03-25,Paid,South,753.21,8148
2026-03-25,Email,South,170.32,1487
2026-03-25,Referral,South,94.59,1122
2026-03-25,Organic,East,0.0,317
2026-03-25,Paid,East,790.81,6969
2026-03-25,Email,East,162.78,1691
2026-03-25,Referral,East,100.17,848
2026-03-25,Organic,West,0.0,417
2026-03-25,Paid,West,861.82,8462
2026-03-25,Email,West,154.62,1805
2026-03-25,Referral,West,113.18,1316
2026-03-26,Organic,North,0.0,326
2026-03-26,Paid,North,792.85,7034
2026-03-26,Email,North,170.58,1778
2026-03-26,Referral,North,88.36,913
2026-03-26,Organic,South,0.0,360
2026-03-26,Paid,South,824.37,8566
2026-03-26,Email,South,157.75,1567
2026-03-26,Referral,South,99.08,993
2026-03-26,Organic,East,0.0,452
2026-03-26,Paid,East,709.2,8059
2026-03-26,Email,East,128.95,1144
2026-03-26,Referral,East,106.7,1154
2026-03-26,Organic,West,0.0,467
2026-03-26,Paid,West,887.17,9679
2026-03-26,Email,West,129.16,1176
2026-03-26,Referral,West,101.15,959
2026-03-27,Organic,North,0.0,458
2026-03-27,Paid,North,913.15,9612
2026-03-27,Email,North,130.87,1417
2026-03-27,Referral,North,96.95,1162
2026-03-27,Organic,South,0.0,334
2026-03-27,Paid,South,736.6,7094
2026-03-27,Email,South,168.49,1468
2026-03-27,Referral,South,104.22,1047
2026-03-27,Organic,East,0.0,263
2026-03-27,Paid,East,789.68,8680
2026-03-27,Email,East,143.98,1270
2026-03-27,Referral,East,108.2,1263
2026-03-27,Organic,West,0.0,417
2026-03-27,Paid,West,862.95,9021
2026-03-27,Email,West,155.52,1523
2026-03-27,Referral,West,106.71,863
2026-03-28,Organic,North,0.0,351
2026-03-28,Paid,North,834.35,9133
2026-03-28,Email,North,165.38,1913
2026-03-28,Referral,North,97.31,833
2026-03-28,Organic,South,0.0,367
2026-03-28,Paid,South,812.76,9393
2026-03-28,Email,South,130.06,1529
2026-03-28,Referral,South,91.76,792
2026-03-28,Organic,East,0.0,310
2026-03-28,Paid,East,779.36,7755
2026-03-28,Email,East,128.57,1371
2026-03-28,Referral,East,93.01,1056
2026-03-28,Organic,West,0.0,248
2026-03-28,Paid,West,909.92,10108
2026-03-28,Email,West,146.04,1371
2026-03-28,Referral,West,92.53,1027
2026-03-29,Organic,North,0.0,229
2026-03-29,Paid,North,753.58,6311
2026-03-29,Email,North,139.08,1434
2026-03-29,Referral,North,105.75,1153
2026-03-29,Organic,South,0.0,440
2026-03-29,Paid,South,841.01,6821
2026-03-29,Email,South,148.87,1479
2026-03-29,Referral,South,109.04,979
2026-03-29,Organic,East,0.0,234
2026-03-29,Paid,East,686.91,7949
2026-03-29,Email,East,143.82,1330
2026-03-29,Referral,East,90.3,988
2026-03-29,Organic,West,0.0,449
2026-03-29,Paid,West,803.55,8214
2026-03-29,Email,West,142.56,1448
2026-03-29,Referral,West,90.03,815
2026-03-30,Organic,North,0.0,456
2026-03-30,Paid,North,875.49,9355
2026-03-30,Email,North,154.73,1642
2026-03-30,Referral,North,89.2,1025
2026-03-30,Organic,South,0.0,479
2026-03-30,Paid,South,766.9,7922
2026-03-30,Email,South,168.45,1993
2026-03-30,Referral,South,101.74,875
2026-03-30,Organic,East,0.0,234
2026-03-30,Paid,East,824.87,7035
2026-03-30,Email,East,144.14,1399
2026-03-30,Referral,East,86.2,798
2026-03-30,Organic,West,0.0,439
2026-03-30,Paid,West,809.18,8202
2026-03-30,Email,West,170.87,1580
2026-03-30,Referral,West,103.66,967
2026-03-31,Organic,North,0.0,394
2026-03-31,Paid,North,695.15,6324
2026-03-31,Email,North,148.27,1433
2026-03-31,Referral,North,90.21,996
2026-03-31,Organic,South,0.0,239
2026-03-31,Paid,South,777.51,9183
2026-03-31,Email,South,148.87,1457
2026-03-31,Referral,South,99.9,885
2026-03-31,Organic,East,0.0,321
2026-03-31,Paid,East,914.7,7692
2026-03-31,Email,East,134.4,1243
2026-03-31,Referral,East,99.09,799
2026-03-31,Organic,West,0.0,204
2026-03-31,Paid,West,703.91,5658
2026-03-31,Email,West,156.42,1259
2026-03-31,Referral,West,105.15,1102
2026-04-01,Organic,North,0.0,294
2026-04-01,Paid,North,899.85,8569
2026-04-01,Email,North,127.83,1050
2026-04-01,Referral,North,106.5,1140
2026-04-01,Organic,South,0.0,267
2026-04-01,Paid,South,756.56,7945
2026-04-01,Email,South,162.86,1569
2026-04-01,Referral,South,110.74,968
2026-04-01,Organic,East,0.0,382
2026-04-01,Paid,East,897.3,10762
2026-04-01,Email,East,168.6,1662
2026-04-01,Referral,East,92.21,774
2026-04-01,Organic,West,0.0,316
2026-04-01,Paid,West,694.14,6575
2026-04-01,Email,West,162.81,1711
2026-04-01,Referral,West,88.61,788
2026-04-02,Organic,North,0.0,239
2026-04-02,Paid,North,897.0,9591
2026-04-02,Email,North,129.75,1088
2026-04-02,Referral,North,113.87,1298
2026-04-02,Organic,South,0.0,377
2026-04-02,Paid,South,688.62,5911
2026-04-02,Email,South,153.37,1479
2026-04-02,Referral,South,101.76,1009
2026-04-02,Organic,East,0.0,357
2026-04-02,Paid,East,696.76,6550
2026-04-02,Email,East,141.61,1426
2026-04-02,Referral,East,97.16,814
2026-04-02,Organic,West,0.0,356
2026-04-02,Paid,West,894.42,8902
2026-04-02,Email,West,137.2,1559
2026-04-02,Referral,West,108.38,912
2026-04-03,Organic,North,0.0,414
2026-04-03,Paid,North,790.8,7925
2026-04-03,Email,North,156.15,1374
2026-04-03,Referral,North,106.07,1140
2026-04-03,Organic,South,0.0,415
2026-04-03,Paid,South,891.66,8292
2026-04-03,Email,South,161.21,1756
2026-04-03,Referral,South,90.77,918
2026-04-03,Organic,East,0.0,467
2026-04-03,Paid,East,776.75,8104
2026-04-03,Email,East,148.14,1464
2026-04-03,Referral,East,110.24,1213
2026-04-03,Organic,West,0.0,222
2026-04-03,Paid,West,804.12,9074
2026-04-03,Email,West,130.18,1447
2026-04-03,Referral,West,112.03,1190
2026-04-04,Organic,North,0.0,229
2026-04-04,Paid,North,749.62,6945
2026-04-04,Email,North,131.33,1270
2026-04-04,Referral,North,88.58,812
2026-04-04,Organic,South,0.0,430
2026-04-04,Paid,South,770.52,8753
2026-04-04,Email,South,166.65,1444
2026-04-04,Referral,South,102.5,1134
2026-04-04,Organic,East,0.0,354
2026-04-04,Paid,East,848.03,9740
2026-04-04,Email,East,163.36,1749
2026-04-04,Referral,East,93.1,758
2026-04-04,Organic,West,0.0,394
2026-04-04,Paid,West,775.95,8397
2026-04-04,Email,West,129.13,1356
2026-04-04,Referral,West,96.9,826
2026-04-05,Organic,North,0.0,489
2026-04-05,Paid,North,711.78,6076
2026-04-05,Email,North,136.34,1182
2026-04-05,Referral,North,107.24,909
2026-04-05,Organic,South,0.0,357
2026-04-05,Paid,South,763.76,8159
2026-04-05,Email,South,155.78,1673
2026-04-05,Referral,South,102.05,1073
2026-04-05,Organic,East,0.0,319
2026-04-05,Paid,East,743.38,6767
2026-04-05,Email,East,172.04,1772
2026-04-05,Referral,East,92.46,880
2026-04-05,Organic,West,0.0,435
2026-04-05,Paid,West,848.82,9550
2026-04-05,Email,West,153.17,1308
2026-04-05,Referral,West,88.42,995
2026-04-06,Organic,North,0.0,308
2026-04-06,Paid,North,805.61,8172
2026-04-06,Email,North,130.34,1148
2026-04-06,Referral,North,93.23,892
2026-04-06,Organic,South,0.0,444
2026-04-06,Paid,South,794.95,8147
2026-04-06,Email,South,164.05,1540
2026-04-06,Referral,South,89.47,888
2026-04-06,Organic,East,0.0,243
2026-04-06,Paid,East,708.99,6080
2026-04-06,Email,East,165.54,1644
2026-04-06,Referral,East,106.48,1219
2026-04-06,Organic,West,0.0,398
2026-04-06,Paid,West,749.12,7848
2026-04-06,Email,West,139.98,1598
2026-04-06,Referral,West,101.01,1061
2026-04-07,Organic,North,0.0,330
2026-04-07,Paid,North,914.61,10471
2026-04-07,Email,North,163.01,1728
2026-04-07,Referral,North,93.82,1062
2026-04-07,Organic,South,0.0,326
2026-04-07,Paid,South,700.96,6630
2026-04-07,Email,South,139.99,1338
2026-04-07,Referral,South,94.76,1041
2026-04-07,Organic,East,0.0,271
2026-04-07,Paid,East,720.65,8212
2026-04-07,Email,East,131.97,1216
2026-04-07,Referral,East,87.32,820
2026-04-07,Organic,West,0.0,220
2026-04-07,Paid,West,862.84,8215
2026-04-07,Email,West,170.91,1411
2026-04-07,Referral,West,98.47,1069
2026-04-08,Organic,North,0.0,496
2026-04-08,Paid,North,860.33,8948
2026-04-08,Email,North,165.62,1631
2026-04-08,Referral,North,89.87,977
2026-04-08,Organic,South,0.0,224
2026-04-08,Paid,South,917.43,8577
2026-04-08,Email,South,167.74,1897
2026-04-08,Referral,South,93.5,1097
2026-04-08,Organic,East,0.0,368
2026-04-08,Paid,East,792.84,8742
2026-04-08,Email,East,129.01,1187
2026-04-08,Referral,East,104.38,891
2026-04-08,Organic,West,0.0,381
2026-04-08,Paid,West,682.43,6585
2026-04-08,Email,West,165.81,1624
2026-04-08,Referral,West,98.21,1123
2026-04-09,Organic,North,0.0,486
2026-04-09,Paid,North,790.78,9178
2026-04-09,Email,North,154.06,1623
2026-04-09,Referral,North,113.69,920
2026-04-09,Organic,South,0.0,477
2026-04-09,Paid,South,806.95,7077
2026-04-09,Email,South,137.16,1319
2026-04-09,Referral,South,101.23,929
2026-04-09,Organic,East,0.0,281
2026-04-09,Paid,East,691.31,6363
2026-04-09,Email,East,151.82,1453
2026-04-09,Referral,East,86.32,808
2026-04-09,Organic,West,0.0,451
2026-04-09,Paid,West,753.24,6956
2026-04-09,Email,West,169.71,1977
2026-04-09,Referral,West,104.9,939
2026-04-10,Organic,North,0.0,395
2026-04-10,Paid,North,779.16,6266
2026-04-10,Email,North,131.54,1541
2026-04-10,Referral,North,103.07,1197
2026-04-10,Organic,South,0.0,309
2026-04-10,Paid,South,684.68,8153
2026-04-10,Email,South,148.51,1510
2026-04-10,Referral,South,113.83,1171
2026-04-10,Organic,East,0.0,252
2026-04-10,Paid,East,829.46,7623
2026-04-10,Email,East,139.92,1567
2026-04-10,Referral,East,108.36,1214
2026-04-10,Organic,West,0.0,402
2026-04-10,Paid,West,856.62,7969
2026-04-10,Email,West,148.44,1195
2026-04-10,Referral,West,93.22,969
2026-04-11,Organic,North,0.0,388
2026-04-11,Paid,North,752.24,6149
2026-04-11,Email,North,142.28,1581
2026-04-11,Referral,North,107.42,976
2026-04-11,Organic,South,0.0,457
2026-04-11,Paid,South,742.34,6618
2026-04-11,Email,South,137.81,1150
2026-04-11,Referral,South,93.09,1094
2026-04-11,Organic,East,0.0,282
2026-04-11,Paid,East,793.26,9475
2026-04-11,Email,East,141.98,1226
2026-04-11,Referral,East,98.19,954
2026-04-11,Organic,West,0.0,338
2026-04-11,Paid,West,682.06,6355
2026-04-11,Email,West,156.57,1736
2026-04-11,Referral,West,102.48,1004
2026-04-12,Organic,North,0.0,439
2026-04-12,Paid,North,737.78,6163
2026-04-12,Email,North,131.46,1108
2026-04-12,Referral,North,95.72,1064
2026-04-12,Organic,South,0.0,244
2026-04-12,Paid,South,715.3,7773
2026-04-12,Email,South,168.33,1664
2026-04-12,Referral,South,92.41,744
2026-04-12,Organic,East,0.0,224
2026-04-12,Paid,East,712.97,6462
2026-04-12,Email,East,156.79,1456
2026-04-12,Referral,East,106.8,1074
2026-04-12,Organic,West,0.0,289
2026-04-12,Paid,West,805.15,7897
2026-04-12,Email,West,171.19,1701
2026-04-12,Referral,West,91.63,905
2026-04-13,Organic,North,0.0,384
2026-04-13,Paid,North,686.02,6170
2026-04-13,Email,North,166.04,1761
2026-04-13,Referral,North,95.74,1117
2026-04-13,Organic,South,0.0,440
2026-04-13,Paid,South,774.07,8805
2026-04-13,Email,South,155.95,1417
2026-04-13,Referral,South,92.06,870
2026-04-13,Organic,East,0.0,449
2026-04-13,Paid,East,694.89,6985
2026-04-13,Email,East,150.27,1531
2026-04-13,Referral,East,113.66,990
2026-04-13,Organic,West,0.0,432
2026-04-13,Paid,West,826.35,8996
2026-04-13,Email,West,162.43,1840
2026-04-13,Referral,West,87.31,730
2026-04-14,Organic,North,0.0,204
2026-04-14,Paid,North,918.2,9847
2026-04-14,Email,North,164.39,1688
2026-04-14,Referral,North,114.03,1332
2026-04-14,Organic,South,0.0,252
2026-04-14,Paid,South,783.77,9201
2026-04-14,Email,South,137.39,1485
2026-04-14,Referral,South,87.98,784
2026-04-14,Organic,East,0.0,476
2026-04-14,Paid,East,904.32,9410
2026-04-14,Email,East,143.21,1629
2026-04-14,Referral,East,102.46,1047
2026-04-14,Organic,West,0.0,378
2026-04-14,Paid,West,709.48,6003
2026-04-14,Email,West,150.19,1492
2026-04-14,Referral,West,104.29,1123
2026-04-15,Organic,North,0.0,313
2026-04-15,Paid,North,774.73,6254
2026-04-15,Email,North,142.64,1588
2026-04-15,Referral,North,89.68,865
2026-04-15,Organic,South,0.0,369
2026-04-15,Paid,South,716.55,8057
2026-04-15,Email,South,151.52,1623
2026-04-15,Referral,South,104.74,972
2026-04-15,Organic,East,0.0,327
2026-04-15,Paid,East,741.48,7517
2026-04-15,Email,East,130.67,1158
2026-04-15,Referral,East,101.5,1067
2026-04-15,Organic,West,0.0,463
2026-04-15,Paid,West,851.94,7375
2026-04-15,Email,West,133.39,1429
2026-04-15,Referral,West,97.22,1077
2026-04-16,Organic,North,0.0,419
2026-04-16,Paid,North,698.35,6361
2026-04-16,Email,North,153.12,1557
2026-04-16,Referral,North,91.31,1038
2026-04-16,Organic,South,0.0,210
2026-04-16,Paid,South,912.5,7957
2026-04-16,Email,South,138.2,1608
2026-04-16,Referral,South,99.33,875
2026-04-16,Organic,East,0.0,250
2026-04-16,Paid,East,794.18,7342
2026-04-16,Email,East,165.64,1401
2026-04-16,Referral,East,103.22,1081
2026-04-16,Organic,West,0.0,297
2026-04-16,Paid,West,853.9,8879
2026-04-16,Email,West,157.63,1625
2026-04-16,Referral,West,90.4,735
2026-04-17,Organic,North,0.0,219
2026-04-17,Paid,North,780.74,8664
2026-04-17,Email,North,137.49,1351
2026-04-17,Referral,North,111.21,1001
2026-04-17,Organic,South,0.0,461
2026-04-17,Paid,South,880.8,7698
2026-04-17,Email,South,133.54,1543
2026-04-17,Referral,South,109.07,1220
2026-04-17,Organic,East,0.0,225
2026-04-17,Paid,East,789.68,7324
2026-04-17,Email,East,134.91,1345
2026-04-17,Referral,East,109.21,891
2026-04-17,Organic,West,0.0,434
2026-04-17,Paid,West,702.3,6541
2026-04-17,Email,West,150.26,1617
2026-04-17,Referral,West,109.23,963
2026-04-18,Organic,North,0.0,447
2026-04-18,Paid,North,840.09,8704
2026-04-18,Email,North,134.76,1154
2026-04-18,Referral,North,103.26,1136
2026-04-18,Organic,South,0.0,300
2026-04-18,Paid,South,832.61,7447
2026-04-18,Email,South,162.13,1488
2026-04-18,Referral,South,89.77,749
2026-04-18,Organic,East,0.0,264
2026-04-18,Paid,East,890.04,8263
2026-04-18,Email,East,146.47,1525
2026-04-18,Referral,East,92.75,845
2026-04-18,Organic,West,0.0,218
2026-04-18,Paid,West,785.12,7523
2026-04-18,Email,West,161.95,1329
2026-04-18,Referral,West,106.17,1164
2026-04-19,Organic,North,0.0,331
2026-04-19,Paid,North,761.54,8651
2026-04-19,Email,North,157.39,1843
2026-04-19,Referral,North,99.33,992
2026-04-19,Organic,South,0.0,364
2026-04-19,Paid,South,736.48,7438
2026-04-19,Email,South,147.18,1285
2026-04-19,Referral,South,113.46,1117
2026-04-19,Organic,East,0.0,397
2026-04-19,Paid,East,843.8,7495
2026-04-19,Email,East,158.83,1489
2026-04-19,Referral,East,89.54,932
2026-04-19,Organic,West,0.0,470
2026-04-19,Paid,West,865.75,8376
2026-04-19,Email,West,169.1,1458
2026-04-19,Referral,West,100.98,1113
2026-04-20,Organic,North,0.0,224
2026-04-20,Paid,North,892.89,9767
2026-04-20,Email,North,170.17,1420
2026-04-20,Referral,North,88.84,742
2026-04-20,Organic,South,0.0,459
2026-04-20,Paid,South,728.12,6991
2026-04-20,Email,South,170.78,1797
2026-04-20,Referral,South,103.49,1131
2026-04-20,Organic,East,0.0,256
2026-04-20,Paid,East,715.23,7076
2026-04-20,Email,East,134.89,1546
2026-04-20,Referral,East,86.09,1001
2026-04-20,Organic,West,0.0,261
2026-04-20,Paid,West,840.14,9135
2026-04-20,Email,West,142.1,1270
2026-04-20,Referral,West,102.86,1028
2026-04-21,Organic,North,0.0,472
2026-04-21,Paid,North,750.24,6235
2026-04-21,Email,North,165.19,1620
2026-04-21,Referral,North,95.37,768
2026-04-21,Organic,South,0.0,497
2026-04-21,Paid,South,877.53,8822
2026-04-21,Email,South,168.2,1699
2026-04-21,Referral,South,88.12,752
2026-04-21,Organic,East,0.0,346
2026-04-21,Paid,East,860.87,9186
2026-04-21,Email,East,134.33,1452
2026-04-21,Referral,East,87.5,945
2026-04-21,Organic,West,0.0,243
2026-04-21,Paid,West,714.98,6355
2026-04-21,Email,West,147.73,1475
2026-04-21,Referral,West,106.76,915
2026-04-22,Organic,North,0.0,324
2026-04-22,Paid,North,903.5,8324
2026-04-22,Email,North,133.84,1117
2026-04-22,Referral,North,103.72,844
2026-04-22,Organic,South,0.0,266
2026-04-22,Paid,South,802.48,8420
2026-04-22,Email,South,168.34,1942
2026-04-22,Referral,South,103.79,924
2026-04-22,Organic,East,0.0,275
2026-04-22,Paid,East,829.58,9077
2026-04-22,Email,East,166.31,1684
2026-04-22,Referral,East,106.43,1241
2026-04-22,Organic,West,0.0,430
2026-04-22,Paid,West,786.23,7963
2026-04-22,Email,West,139.68,1389
2026-04-22,Referral,West,108.51,1173
2026-04-23,Organic,North,0.0,455
2026-04-23,Paid,North,760.73,6314
2026-04-23,Email,North,147.59,1733
2026-04-23,Referral,North,88.34,1047
2026-04-23,Organic,South,0.0,225
2026-04-23,Paid,South,724.49,7731
2026-04-23,Email,South,160.93,1800
2026-04-23,Referral,South,104.43,1169
2026-04-23,Organic,East,0.0,325
2026-04-23,Paid,East,753.08,7641
2026-04-23,Email,East,171.34,1827
2026-04-23,Referral,East,106.75,943
2026-04-23,Organic,West,0.0,448
2026-04-23,Paid,West,793.84,6809
2026-04-23,Email,West,168.15,1784
2026-04-23,Referral,West,95.09,825
2026-04-24,Organic,North,0.0,263
2026-04-24,Paid,North,863.98,7562
2026-04-24,Email,North,170.88,1779
2026-04-24,Referral,North,104.51,1063
2026-04-24,Organic,South,0.0,207
2026-04-24,Paid,South,697.0,6647
2026-04-24,Email,South,138.28,1322
2026-04-24,Referral,South,99.37,1134
2026-04-24,Organic,East,0.0,477
2026-04-24,Paid,East,739.12,6711
2026-04-24,Email,East,156.69,1399
2026-04-24,Referral,East,88.3,811
2026-04-24,Organic,West,0.0,225
2026-04-24,Paid,West,705.02,6818
2026-04-24,Email,West,152.98,1781
2026-04-24,Referral,West,110.4,1143
2026-04-25,Organic,North,0.0,364
2026-04-25,Paid,North,903.91,8226
2026-04-25,Email,North,136.15,1490
2026-04-25,Referral,North,91.63,790
2026-04-25,Organic,South,0.0,428
2026-04-25,Paid,South,917.68,9376
2026-04-25,Email,South,160.18,1671
2026-04-25,Referral,South,100.53,1205
2026-04-25,Organic,East,0.0,314
2026-04-25,Paid,East,821.53,9850
2026-04-25,Email,East,145.39,1601
2026-04-25,Referral,East,107.68,903
2026-04-25,Organic,West,0.0,389
2026-04-25,Paid,West,690.14,5918
2026-04-25,Email,West,159.22,1443
2026-04-25,Referral,West,88.31,868
2026-04-26,Organic,North,0.0,367
2026-04-26,Paid,North,884.85,10296
2026-04-26,Email,North,166.67,1643
2026-04-26,Referral,North,107.89,1152
2026-04-26,Organic,South,0.0,304
2026-04-26,Paid,South,900.02,9981
2026-04-26,Email,South,132.94,1297
2026-04-26,Referral,South,108.65,888
2026-04-26,Organic,East,0.0,269
2026-04-26,Paid,East,865.82,9094
2026-04-26,Email,East,168.53,1692
2026-04-26,Referral,East,114.26,982
2026-04-26,Organic,West,0.0,253
2026-04-26,Paid,West,694.33,7935
2026-04-26,Email,West,139.0,1495
2026-04-26,Referral,West,88.81,834
2026-04-27,Organic,North,0.0,493
2026-04-27,Paid,North,902.21,10552
2026-04-27,Email,North,163.52,1800
2026-04-27,Referral,North,86.66,934
2026-04-27,Organic,South,0.0,359
2026-04-27,Paid,South,739.26,7108
2026-04-27,Email,South,171.72,1585
2026-04-27,Referral,South,103.69,1118
2026-04-27,Organic,East,0.0,405
2026-04-27,Paid,East,868.09,10031
2026-04-27,Email,East,161.35,1556
2026-04-27,Referral,East,86.21,821
2026-04-27,Organic,West,0.0,403
2026-04-27,Paid,West,805.61,9266
2026-04-27,Email,West,168.09,1603
2026-04-27,Referral,West,85.94,892
2026-04-28,Organic,North,0.0,283
2026-04-28,Paid,North,838.15,8912
2026-04-28,Email,North,158.81,1767
2026-04-28,Referral,North,102.07,821
2026-04-28,Organic,South,0.0,347
2026-04-28,Paid,South,895.87,9625
2026-04-28,Email,South,139.4,1657
2026-04-28,Referral,South,103.23,937
2026-04-28,Organic,East,0.0,432
2026-04-28,Paid,East,784.41,9090
2026-04-28,Email,East,144.66,1508
2026-04-28,Referral,East,90.11,1045
2026-04-28,Organic,West,0.0,321
2026-04-28,Paid,West,846.31,8156
2026-04-28,Email,West,163.59,1866
2026-04-28,Referral,West,89.08,756
2026-04-29,Organic,North,0.0,421
2026-04-29,Paid,North,785.07,7477
2026-04-29,Email,North,136.15,1625
2026-04-29,Referral,North,109.76,1174
2026-04-29,Organic,South,0.0,489
2026-04-29,Paid,South,807.5,9009
2026-04-29,Email,South,138.35,1186
2026-04-29,Referral,South,111.9,1204
2026-04-29,Organic,East,0.0,445
2026-04-29,Paid,East,705.19,6619
2026-04-29,Email,East,133.88,1452
2026-04-29,Referral,East,88.73,964
2026-04-29,Organic,West,0.0,209
2026-04-29,Paid,West,704.72,7306
2026-04-29,Email,West,160.91,1835
2026-04-29,Referral,West,97.57,982
2026-04-30,Organic,North,0.0,341
2026-04-30,Paid,North,757.3,6208
2026-04-30,Email,North,142.81,1489
2026-04-30,Referral,North,94.74,898
2026-04-30,Organic,South,0.0,212
2026-04-30,Paid,South,761.62,7098
2026-04-30,Email,South,156.08,1825
2026-04-30,Referral,South,93.34,1067
2026-04-30,Organic,East,0.0,351
2026-04-30,Paid,East,810.24,8200
2026-04-30,Email,East,151.39,1723
2026-04-30,Referral,East,91.28,946
2026-04-30,Organic,West,0.0,242
2026-04-30,Paid,West,893.09,7179
2026-04-30,Email,West,143.03,1495
2026-04-30,Referral,West,92.79,848
2026-05-01,Organic,North,0.0,475
2026-05-01,Paid,North,706.9,8410
2026-05-01,Email,North,165.83,1776
2026-05-01,Referral,North,99.81,890
2026-05-01,Organic,South,0.0,475
2026-05-01,Paid,South,914.43,10598
2026-05-01,Email,South,144.01,1167
2026-05-01,Referral,South,106.25,1077
2026-05-01,Organic,East,0.0,310
2026-05-01,Paid,East,807.74,9360
2026-05-01,Email,East,158.62,1714
2026-05-01,Referral,East,89.78,765
2026-05-01,Organic,West,0.0,263
2026-05-01,Paid,West,815.93,8352
2026-05-01,Email,West,165.46,1509
2026-05-01,Referral,West,96.99,1049
2026-05-02,Organic,North,0.0,319
2026-05-02,Paid,North,843.65,7818
2026-05-02,Email,North,153.19,1530
2026-05-02,Referral,North,106.31,988
2026-05-02,Organic,South,0.0,458
2026-05-02,Paid,South,688.48,6837
2026-05-02,Email,South,148.38,1187
2026-05-02,Referral,South,91.02,1009
2026-05-02,Organic,East,0.0,226
2026-05-02,Paid,East,809.91,9548
2026-05-02,Email,East,131.66,1466
2026-05-02,Referral,East,99.08,949
2026-05-02,Organic,West,0.0,435
2026-05-02,Paid,West,767.78,7875
2026-05-02,Email,West,129.78,1330
2026-05-02,Referral,West,89.72,937
2026-05-03,Organic,North,0.0,410
2026-05-03,Paid,North,757.59,7944
2026-05-03,Email,North,157.9,1501
2026-05-03,Referral,North,91.42,833
2026-05-03,Organic,South,0.0,213
2026-05-03,Paid,South,694.56,6492
2026-05-03,Email,South,165.23,1478
2026-05-03,Referral,South,90.99,760
2026-05-03,Organic,East,0.0,479
2026-05-03,Paid,East,846.85,7129
2026-05-03,Email,East,159.03,1641
2026-05-03,Referral,East,107.36,942
2026-05-03,Organic,West,0.0,498
2026-05-03,Paid,West,896.95,9788
2026-05-03,Email,West,162.55,1910
2026-05-03,Referral,West,109.56,1218
2026-05-04,Organic,North,0.0,445
2026-05-04,Paid,North,726.53,5975
2026-05-04,Email,North,153.58,1790
2026-05-04,Referral,North,86.22,968
2026-05-04,Organic,South,0.0,227
2026-05-04,Paid,South,891.05,8236
2026-05-04,Email,South,147.73,1191
2026-05-04,Referral,South,95.18,1055
2026-05-04,Organic,East,0.0,322
2026-05-04,Paid,East,846.45,9098
2026-05-04,Email,East,128.47,1467
2026-05-04,Referral,East,101.21,1145
2026-05-04,Organic,West,0.0,320
2026-05-04,Paid,West,883.64,8523
2026-05-04,Email,West,143.3,1342
2026-05-04,Referral,West,107.15,1042
2026-05-05,Organic,North,0.0,492
2026-05-05,Paid,North,889.84,9246
2026-05-05,Email,North,163.21,1684
2026-05-05,Referral,North,100.82,927
2026-05-05,Organic,South,0.0,253
2026-05-05,Paid,South,751.26,6851
2026-05-05,Email,South,144.67,1593
2026-05-05,Referral,South,101.77,824
2026-05-05,Organic,East,0.0,482
2026-05-05,Paid,East,898.63,10489
2026-05-05,Email,East,166.7,1732
2026-05-05,Referral,East,87.59,732
2026-05-05,Organic,West,0.0,402
2026-05-05,Paid,West,728.42,7893
2026-05-05,Email,West,129.55,1377
2026-05-05,Referral,West,96.07,894
2026-05-06,Organic,North,0.0,329
2026-05-06,Paid,North,767.38,6993
2026-05-06,Email,North,153.29,1775
2026-05-06,Referral,North,114.82,1294
2026-05-06,Organic,South,0.0,488
2026-05-06,Paid,South,814.53,6812
2026-05-06,Email,South,159.4,1860
2026-05-06,Referral,South,104.93,1135
2026-05-06,Organic,East,0.0,218
2026-05-06,Paid,East,895.01,10190
2026-05-06,Email,East,155.96,1358
2026-05-06,Referral,East,89.56,971
2026-05-06,Organic,West,0.0,405
2026-05-06,Paid,West,724.81,7959
2026-05-06,Email,West,148.48,1754
2026-05-06,Referral,West,102.28,1148
2026-05-07,Organic,North,0.0,479
2026-05-07,Paid,North,799.37,9275
2026-05-07,Email,North,166.02,1370
2026-05-07,Referral,North,96.96,775
2026-05-07,Organic,South,0.0,381
2026-05-07,Paid,South,801.7,7354
2026-05-07,Email,South,158.11,1627
2026-05-07,Referral,South,113.25,1234
2026-05-07,Organic,East,0.0,404
2026-05-07,Paid,East,764.88,7463
2026-05-07,Email,East,128.85,1479
2026-05-07,Referral,East,96.33,1079
2026-05-07,Organic,West,0.0,488
2026-05-07,Paid,West,841.01,8135
2026-05-07,Email,West,153.57,1338
2026-05-07,Referral,West,101.61,992
2026-05-08,Organic,North,0.0,404
2026-05-08,Paid,North,817.45,8839
2026-05-08,Email,North,161.65,1931
2026-05-08,Referral,North,99.77,1059
2026-05-08,Organic,South,0.0,434
2026-05-08,Paid,South,875.13,9954
2026-05-08,Email,South,131.59,1519
2026-05-08,Referral,South,113.32,968
2026-05-08,Organic,East,0.0,213
2026-05-08,Paid,East,684.3,7757
2026-05-08,Email,East,141.77,1256
2026-05-08,Referral,East,98.09,862
2026-05-08,Organic,West,0.0,335
2026-05-08,Paid,West,815.74,8219
2026-05-08,Email,West,135.96,1206
2026-05-08,Referral,West,106.25,891
2026-05-09,Organic,North,0.0,496
2026-05-09,Paid,North,731.28,5910
2026-05-09,Email,North,132.28,1168
2026-05-09,Referral,North,102.18,863
2026-05-09,Organic,South,0.0,405
2026-05-09,Paid,South,820.61,7004
2026-05-09,Email,South,159.01,1759
2026-05-09,Referral,South,107.28,998
2026-05-09,Organic,East,0.0,307
2026-05-09,Paid,East,744.1,7488
2026-05-09,Email,East,171.47,1417
2026-05-09,Referral,East,87.04,732
2026-05-09,Organic,West,0.0,311
2026-05-09,Paid,West,777.51,9285
2026-05-09,Email,West,143.39,1372
2026-05-09,Referral,West,91.74,829
2026-05-10,Organic,North,0.0,288
2026-05-10,Paid,North,857.1,8416
2026-05-10,Email,North,134.36,1376
2026-05-10,Referral,North,91.47,821
2026-05-10,Organic,South,0.0,415
2026-05-10,Paid,South,897.39,8014
2026-05-10,Email,South,135.42,1304
2026-05-10,Referral,South,87.56,762
2026-05-10,Organic,East,0.0,319
2026-05-10,Paid,East,908.46,9288
2026-05-10,Email,East,162.64,1493
2026-05-10,Referral,East,95.03,1103
2026-05-10,Organic,West,0.0,447
2026-05-10,Paid,West,904.42,9884
2026-05-10,Email,West,128.34,1446
2026-05-10,Referral,West,103.32,826
2026-05-11,Organic,North,0.0,473
2026-05-11,Paid,North,768.31,8613
2026-05-11,Email,North,159.24,1279
2026-05-11,Referral,North,111.78,1210
2026-05-11,Organic,South,0.0,362
2026-05-11,Paid,South,904.1,9518
2026-05-11,Email,South,154.66,1344
2026-05-11,Referral,South,96.52,905
2026-05-11,Organic,East,0.0,460
2026-05-11,Paid,East,701.3,7488
2026-05-11,Email,East,139.92,1601
2026-05-11,Referral,East,113.57,1159
2026-05-11,Organic,West,0.0,448
2026-05-11,Paid,West,862.8,7856
2026-05-11,Email,West,154.23,1635
2026-05-11,Referral,West,108.07,1067
2026-05-12,Organic,North,0.0,255
2026-05-12,Paid,North,796.92,8410
2026-05-12,Email,North,163.78,1444
2026-05-12,Referral,North,98.21,800
2026-05-12,Organic,South,0.0,402
2026-05-12,Paid,South,695.38,7426
2026-05-12,Email,South,149.88,1334
2026-05-12,Referral,South,86.28,992
2026-05-12,Organic,East,0.0,360
2026-05-12,Paid,East,781.09,9259
2026-05-12,Email,East,147.36,1657
2026-05-12,Referral,East,103.24,1013
2026-05-12,Organic,West,0.0,317
2026-05-12,Paid,West,690.13,6471
2026-05-12,Email,West,137.55,1212
2026-05-12,Referral,West,97.68,961
2026-05-13,Organic,North,0.0,444
2026-05-13,Paid,North,821.7,7642
2026-05-13,Email,North,134.22,1564
2026-05-13,Referral,North,86.17,856
2026-05-13,Organic,South,0.0,264
2026-05-13,Paid,South,785.31,8204
2026-05-13,Email,South,140.82,1383
2026-05-13,Referral,South,99.63,1101
2026-05-13,Organic,East,0.0,360
2026-05-13,Paid,East,766.62,7397
2026-05-13,Email,East,172.23,1494
2026-05-13,Referral,East,108.47,1031
2026-05-13,Organic,West,0.0,425
2026-05-13,Paid,West,792.07,9339
2026-05-13,Email,West,167.53,1474
2026-05-13,Referral,West,114.3,953
2026-05-14,Organic,North,0.0,200
2026-05-14,Paid,North,907.63,8000
2026-05-14,Email,North,163.04,1752
2026-05-14,Referral,North,99.52,925
2026-05-14,Organic,South,0.0,232
2026-05-14,Paid,South,687.73,6331
2026-05-14,Email,South,133.35,1436
2026-05-14,Referral,South,90.22,838
2026-05-14,Organic,East,0.0,452
2026-05-14,Paid,East,697.23,5949
2026-05-14,Email,East,158.77,1654
2026-05-14,Referral,East,108.43,1123
2026-05-14,Organic,West,0.0,210
2026-05-14,Paid,West,716.03,7121
2026-05-14,Email,West,156.52,1396
2026-05-14,Referral,West,102.16,839
2026-05-15,Organic,North,0.0,440
2026-05-15,Paid,North,696.43,7882
2026-05-15,Email,North,164.07,1794
2026-05-15,Referral,North,101.24,1030
2026-05-15,Organic,South,0.0,415
2026-05-15,Paid,South,891.2,7339
2026-05-15,Email,South,160.22,1697
2026-05-15,Referral,South,107.43,1037
2026-05-15,Organic,East,0.0,251
2026-05-15,Paid,East,732.09,8208
2026-05-15,Email,East,137.34,1402
2026-05-15,Referral,East,100.28,884
2026-05-15,Organic,West,0.0,486
2026-05-15,Paid,West,900.8,8468
2026-05-15,Email,West,169.61,1714
2026-05-15,Referral,West,92.67,1047
2026-05-16,Organic,North,0.0,264
2026-05-16,Paid,North,699.04,7182
2026-05-16,Email,North,153.24,1461
2026-05-16,Referral,North,106.71,1050
2026-05-16,Organic,South,0.0,356
2026-05-16,Paid,South,724.86,6711
2026-05-16,Email,South,130.58,1287
2026-05-16,Referral,South,92.49,857
2026-05-16,Organic,East,0.0,494
2026-05-16,Paid,East,855.25,7564
2026-05-16,Email,East,146.62,1370
2026-05-16,Referral,East,98.28,878
2026-05-16,Organic,West,0.0,204
2026-05-16,Paid,West,787.6,8118
2026-05-16,Email,West,144.68,1703
2026-05-16,Referral,West,95.72,935
2026-05-17,Organic,North,0.0,229
2026-05-17,Paid,North,899.19,8550
2026-05-17,Email,North,142.75,1513
2026-05-17,Referral,North,88.91,919
2026-05-17,Organic,South,0.0,310
2026-05-17,Paid,South,722.68,6541
2026-05-17,Email,South,128.16,1301
2026-05-17,Referral,South,89.4,1031
2026-05-17,Organic,East,0.0,279
2026-05-17,Paid,East,770.82,6171
2026-05-17,Email,East,168.43,1368
2026-05-17,Referral,East,86.29,845
2026-05-17,Organic,West,0.0,277
2026-05-17,Paid,West,796.14,8978
2026-05-17,Email,West,144.65,1327
2026-05-17,Referral,West,102.37,952
2026-05-18,Organic,North,0.0,378
2026-05-18,Paid,North,749.6,6997
2026-05-18,Email,North,148.9,1398
2026-05-18,Referral,North,85.73,779
2026-05-18,Organic,South,0.0,428
2026-05-18,Paid,South,848.1,7680
2026-05-18,Email,South,167.16,1600
2026-05-18,Referral,South,104.11,1240
2026-05-18,Organic,East,0.0,258
2026-05-18,Paid,East,797.06,6899
2026-05-18,Email,East,143.72,1151
2026-05-18,Referral,East,111.43,915
2026-05-18,Organic,West,0.0,252
2026-05-18,Paid,West,832.91,8665
2026-05-18,Email,West,162.8,1428
2026-05-18,Referral,West,99.93,861
2026-05-19,Organic,North,0.0,241
2026-05-19,Paid,North,770.57,7357
2026-05-19,Email,North,146.05,1718
2026-05-19,Referral,North,109.86,1270
2026-05-19,Organic,South,0.0,495
2026-05-19,Paid,South,875.84,8055
2026-05-19,Email,South,130.54,1436
2026-05-19,Referral,South,97.03,868
2026-05-19,Organic,East,0.0,298
2026-05-19,Paid,East,682.26,7397
2026-05-19,Email,East,165.9,1822
2026-05-19,Referral,East,106.39,970
2026-05-19,Organic,West,0.0,499
2026-05-19,Paid,West,906.81,8016
2026-05-19,Email,West,168.5,1828
2026-05-19,Referral,West,112.82,1323
2026-05-20,Organic,North,0.0,257
2026-05-20,Paid,North,792.27,7689
2026-05-20,Email,North,153.18,1229
2026-05-20,Referral,North,112.2,1345
2026-05-20,Organic,South,0.0,429
2026-05-20,Paid,South,765.88,8002
2026-05-20,Email,South,171.1,1448
2026-05-20,Referral,South,109.17,899
2026-05-20,Organic,East,0.0,299
2026-05-20,Paid,East,681.12,6317
2026-05-20,Email,East,161.53,1820
2026-05-20,Referral,East,114.76,1050
2026-05-20,Organic,West,0.0,212
2026-05-20,Paid,West,749.2,7679
2026-05-20,Email,West,144.65,1246
2026-05-20,Referral,West,112.4,1021
2026-05-21,Organic,North,0.0,491
2026-05-21,Paid,North,748.02,8568
2026-05-21,Email,North,159.75,1866
2026-05-21,Referral,North,85.33,820
2026-05-21,Organic,South,0.0,232
2026-05-21,Paid,South,818.31,9628
2026-05-21,Email,South,152.0,1718
2026-05-21,Referral,South,96.38,885
2026-05-21,Organic,East,0.0,251
2026-05-21,Paid,East,850.85,7987
2026-05-21,Email,East,164.18,1537
2026-05-21,Referral,East,113.25,1149
2026-05-21,Organic,West,0.0,238
2026-05-21,Paid,West,773.7,8304
2026-05-21,Email,West,141.73,1382
2026-05-21,Referral,West,90.25,926
2026-05-22,Organic,North,0.0,447
2026-05-22,Paid,North,736.14,7381
2026-05-22,Email,North,145.96,1474
2026-05-22,Referral,North,112.79,961
2026-05-22,Organic,South,0.0,496
2026-05-22,Paid,South,788.8,6841
2026-05-22,Email,South,167.6,1947
2026-05-22,Referral,South,103.08,1216
2026-05-22,Organic,East,0.0,249
2026-05-22,Paid,East,817.41,7621
2026-05-22,Email,East,158.54,1268
2026-05-22,Referral,East,112.44,933
2026-05-22,Organic,West,0.0,400
2026-05-22,Paid,West,833.15,9470
2026-05-22,Email,West,144.05,1524
2026-05-22,Referral,West,107.34,1283
2026-05-23,Organic,North,0.0,358
2026-05-23,Paid,North,774.76,9239
2026-05-23,Email,North,133.09,1147
2026-05-23,Referral,North,104.24,981
2026-05-23,Organic,South,0.0,411
2026-05-23,Paid,South,895.92,7237
2026-05-23,Email,South,165.55,1905
2026-05-23,Referral,South,99.94,960
2026-05-23,Organic,East,0.0,397
2026-05-23,Paid,East,754.47,8906
2026-05-23,Email,East,168.51,1558
2026-05-23,Referral,East,107.01,872
2026-05-23,Organic,West,0.0,339
2026-05-23,Paid,West,758.93,8292
2026-05-23,Email,West,163.25,1661
2026-05-23,Referral,West,91.81,813
2026-05-24,Organic,North,0.0,209
2026-05-24,Paid,North,881.22,7250
2026-05-24,Email,North,158.44,1380
2026-05-24,Referral,North,86.42,729
2026-05-24,Organic,South,0.0,218
2026-05-24,Paid,South,850.13,9906
2026-05-24,Email,South,133.77,1358
2026-05-24,Referral,South,114.33,1223
2026-05-24,Organic,East,0.0,273
2026-05-24,Paid,East,772.24,7063
2026-05-24,Email,East,162.85,1558
2026-05-24,Referral,East,103.15,984
2026-05-24,Organic,West,0.0,461
2026-05-24,Paid,West,808.28,8695
2026-05-24,Email,West,129.51,1286
2026-05-24,Referral,West,99.94,961
2026-05-25,Organic,North,0.0,340
2026-05-25,Paid,North,821.91,9228
2026-05-25,Email,North,154.3,1567
2026-05-25,Referral,North,110.98,1100
2026-05-25,Organic,South,0.0,410
2026-05-25,Paid,South,853.25,8246
2026-05-25,Email,South,135.1,1105
2026-05-25,Referral,South,88.2,801
2026-05-25,Organic,East,0.0,382
2026-05-25,Paid,East,841.27,10066
2026-05-25,Email,East,154.95,1803
2026-05-25,Referral,East,86.44,993
2026-05-25,Organic,West,0.0,306
2026-05-25,Paid,West,741.36,7508
2026-05-25,Email,West,168.64,1844
2026-05-25,Referral,West,90.83,922
2026-05-26,Organic,North,0.0,391
2026-05-26,Paid,North,833.02,7431
2026-05-26,Email,North,135.62,1375
2026-05-26,Referral,North,87.13,838
2026-05-26,Organic,South,0.0,388
2026-05-26,Paid,South,810.26,7224
2026-05-26,Email,South,167.56,1910
2026-05-26,Referral,South,106.17,1182
2026-05-26,Organic,East,0.0,405
2026-05-26,Paid,East,722.66,5781
2026-05-26,Email,East,145.0,1522
2026-05-26,Referral,East,109.55,991
2026-05-26,Organic,West,0.0,481
2026-05-26,Paid,West,759.76,8789
2026-05-26,Email,West,165.88,1653
2026-05-26,Referral,West,112.81,999
2026-05-27,Organic,North,0.0,460
2026-05-27,Paid,North,732.27,6258
2026-05-27,Email,North,170.93,1961
2026-05-27,Referral,North,112.83,1293
2026-05-27,Organic,South,0.0,270
2026-05-27,Paid,South,779.04,6998
2026-05-27,Email,South,138.37,1610
2026-05-27,Referral,South,106.2,1258
2026-05-27,Organic,East,0.0,320
2026-05-27,Paid,East,683.11,6916
2026-05-27,Email,East,129.02,1527
2026-05-27,Referral,East,85.43,750
2026-05-27,Organic,West,0.0,320
2026-05-27,Paid,West,814.78,7050
2026-05-27,Email,West,167.41,1487
2026-05-27,Referral,West,112.54,1008
2026-05-28,Organic,North,0.0,470
2026-05-28,Paid,North,807.65,6861
2026-05-28,Email,North,161.14,1680
2026-05-28,Referral,North,99.94,1083
2026-05-28,Organic,South,0.0,373
2026-05-28,Paid,South,840.44,7050
2026-05-28,Email,South,172.01,1499
2026-05-28,Referral,South,96.31,910
2026-05-28,Organic,East,0.0,341
2026-05-28,Paid,East,811.33,8908
2026-05-28,Email,East,155.08,1841
2026-05-28,Referral,East,104.95,1174
2026-05-28,Organic,West,0.0,306
2026-05-28,Paid,West,843.1,9724
2026-05-28,Email,West,161.92,1544
2026-05-28,Referral,West,87.11,734
2026-05-29,Organic,North,0.0,206
2026-05-29,Paid,North,785.04,9025
2026-05-29,Email,North,152.09,1626
2026-05-29,Referral,North,92.84,892
2026-05-29,Organic,South,0.0,420
2026-05-29,Paid,South,753.64,8699
2026-05-29,Email,South,162.99,1507
2026-05-29,Referral,South,88.97,904
2026-05-29,Organic,East,0.0,322
2026-05-29,Paid,East,753.2,6983
2026-05-29,Email,East,149.24,1389
2026-05-29,Referral,East,93.53,921
2026-05-29,Organic,West,0.0,369
2026-05-29,Paid,West,812.36,6803
2026-05-29,Email,West,159.09,1487
2026-05-29,Referral,West,91.66,863
2026-05-30,Organic,North,0.0,378
2026-05-30,Paid,North,762.83,8854
2026-05-30,Email,North,151.53,1351
2026-05-30,Referral,North,104.83,1256
2026-05-30,Organic,South,0.0,439
2026-05-30,Paid,South,762.08,7640
2026-05-30,Email,South,166.22,1683
2026-05-30,Referral,South,100.41,820
2026-05-30,Organic,East,0.0,235
2026-05-30,Paid,East,731.78,8067
2026-05-30,Email,East,134.92,1364
2026-05-30,Referral,East,97.7,1074
2026-05-30,Organic,West,0.0,221
2026-05-30,Paid,West,807.37,7472
2026-05-30,Email,West,165.01,1887
2026-05-30,Referral,West,107.76,1019
2026-05-31,Organic,North,0.0,237
2026-05-31,Paid,North,805.95,9629
2026-05-31,Email,North,144.32,1489
2026-05-31,Referral,North,102.25,1115
2026-05-31,Organic,South,0.0,348
2026-05-31,Paid,South,728.44,6855
2026-05-31,Email,South,136.79,1612
2026-05-31,Referral,South,108.35,920
2026-05-31,Organic,East,0.0,485
2026-05-31,Paid,East,795.53,9270
2026-05-31,Email,East,131.6,1299
2026-05-31,Referral,East,106.43,951
2026-05-31,Organic,West,0.0,492
2026-05-31,Paid,West,871.34,9201
2026-05-31,Email,West,169.36,1369
2026-05-31,Referral,West,105.18,1166
2026-06-01,Organic,North,0.0,328
2026-06-01,Paid,North,803.11,7129
2026-06-01,Email,North,146.1,1643
2026-06-01,Referral,North,92.31,988
2026-06-01,Organic,South,0.0,462
2026-06-01,Paid,South,804.11,9057
2026-06-01,Email,South,141.5,1457
2026-06-01,Referral,South,109.43,1009
2026-06-01,Organic,East,0.0,272
2026-06-01,Paid,East,917.47,9423
2026-06-01,Email,East,170.5,1585
2026-06-01,Referral,East,92.39,1074
2026-06-01,Organic,West,0.0,399
2026-06-01,Paid,West,710.99,7301
2026-06-01,Email,West,142.89,1196
2026-06-01,Referral,West,99.95,802
2026-06-02,Organic,North,0.0,274
2026-06-02,Paid,North,914.73,7881
2026-06-02,Email,North,157.23,1494
2026-06-02,Referral,North,88.07,849
2026-06-02,Organic,South,0.0,294
2026-06-02,Paid,South,714.08,8127
2026-06-02,Email,South,153.18,1774
2026-06-02,Referral,South,91.23,998
2026-06-02,Organic,East,0.0,235
2026-06-02,Paid,East,916.58,7682
2026-06-02,Email,East,128.27,1199
2026-06-02,Referral,East,101.57,882
2026-06-02,Organic,West,0.0,302
2026-06-02,Paid,West,919.56,9383
2026-06-02,Email,West,147.48,1452
2026-06-02,Referral,West,105.25,1148
2026-06-03,Organic,North,0.0,461
2026-06-03,Paid,North,869.43,8231
2026-06-03,Email,North,143.95,1354
2026-06-03,Referral,North,104.98,1033
2026-06-03,Organic,South,0.0,491
2026-06-03,Paid,South,830.45,8997
2026-06-03,Email,South,163.63,1696
2026-06-03,Referral,South,113.69,1009
2026-06-03,Organic,East,0.0,289
2026-06-03,Paid,East,865.09,9789
2026-06-03,Email,East,149.71,1388
2026-06-03,Referral,East,91.4,756
2026-06-03,Organic,West,0.0,219
2026-06-03,Paid,West,750.81,6387
2026-06-03,Email,West,166.34,1552
2026-06-03,Referral,West,87.89,756
2026-06-04,Organic,North,0.0,265
2026-06-04,Paid,North,787.99,7425
2026-06-04,Email,North,143.87,1644
2026-06-04,Referral,North,88.04,812
2026-06-04,Organic,South,0.0,397
2026-06-04,Paid,South,737.9,8566
2026-06-04,Email,South,161.8,1299
2026-06-04,Referral,South,97.12,963
2026-06-04,Organic,East,0.0,319
2026-06-04,Paid,East,887.65,8326
2026-06-04,Email,East,153.14,1385
2026-06-04,Referral,East,91.29,877
2026-06-04,Organic,West,0.0,424
2026-06-04,Paid,West,823.55,7419
2026-06-04,Email,West,158.49,1733
2026-06-04,Referral,West,86.61,873
2026-06-05,Organic,North,0.0,404
2026-06-05,Paid,North,786.6,6725
2026-06-05,Email,North,137.44,1251
2026-06-05,Referral,North,98.84,1144
2026-06-05,Organic,South,0.0,230
2026-06-05,Paid,South,844.92,9310
2026-06-05,Email,South,148.51,1271
2026-06-05,Referral,South,92.49,768
2026-06-05,Organic,East,0.0,440
2026-06-05,Paid,East,863.94,9016
2026-06-05,Email,East,155.15,1432
2026-06-05,Referral,East,97.49,1062
2026-06-05,Organic,West,0.0,323
2026-06-05,Paid,West,699.57,7598
2026-06-05,Email,West,162.66,1508
2026-06-05,Referral,West,98.25,804
2026-06-06,Organic,North,0.0,434
2026-06-06,Paid,North,851.68,7006
2026-06-06,Email,North,147.58,1389
2026-06-06,Referral,North,113.83,1252
2026-06-06,Organic,South,0.0,453
2026-06-06,Paid,South,878.72,10382
2026-06-06,Email,South,140.0,1503
2026-06-06,Referral,South,93.08,752
2026-06-06,Organic,East,0.0,365
2026-06-06,Paid,East,900.99,8013
2026-06-06,Email,East,152.3,1221
2026-06-06,Referral,East,111.89,1098
2026-06-06,Organic,West,0.0,228
2026-06-06,Paid,West,684.51,8031
2026-06-06,Email,West,131.13,1558
2026-06-06,Referral,West,111.44,1070
2026-06-07,Organic,North,0.0,326
2026-06-07,Paid,North,740.27,8121
2026-06-07,Email,North,144.07,1539
2026-06-07,Referral,North,101.93,883
2026-06-07,Organic,South,0.0,413
2026-06-07,Paid,South,798.9,9211
2026-06-07,Email,South,149.79,1318
2026-06-07,Referral,South,86.29,824
2026-06-07,Organic,East,0.0,240
2026-06-07,Paid,East,696.71,7732
2026-06-07,Email,East,143.97,1661
2026-06-07,Referral,East,100.2,1159
2026-06-07,Organic,West,0.0,266
2026-06-07,Paid,West,757.85,7269
2026-06-07,Email,West,160.61,1748
2026-06-07,Referral,West,102.71,1163
2026-06-08,Organic,North,0.0,375
2026-06-08,Paid,North,770.9,6420
2026-06-08,Email,North,163.23,1819
2026-06-08,Referral,North,103.31,984
2026-06-08,Organic,South,0.0,350
2026-06-08,Paid,South,737.99,7039
2026-06-08,Email,South,131.61,1272
2026-06-08,Referral,South,112.05,1310
2026-06-08,Organic,East,0.0,262
2026-06-08,Paid,East,713.21,6422
2026-06-08,Email,East,171.39,1423
2026-06-08,Referral,East,88.01,924
2026-06-08,Organic,West,0.0,246
2026-06-08,Paid,West,780.77,9367
2026-06-08,Email,West,151.14,1243
2026-06-08,Referral,West,91.39,733
2026-06-09,Organic,North,0.0,268
2026-06-09,Paid,North,704.7,6252
2026-06-09,Email,North,151.72,1513
2026-06-09,Referral,North,107.49,1160
2026-06-09,Organic,South,0.0,220
2026-06-09,Paid,South,828.37,7940
2026-06-09,Email,South,139.28,1198
2026-06-09,Referral,South,92.68,946
2026-06-09,Organic,East,0.0,479
2026-06-09,Paid,East,839.66,7418
2026-06-09,Email,East,143.53,1637
2026-06-09,Referral,East,104.15,1046
2026-06-09,Organic,West,0.0,298
2026-06-09,Paid,West,876.59,9876
2026-06-09,Email,West,152.99,1564
2026-06-09,Referral,West,95.63,898
2026-06-10,Organic,North,0.0,413
2026-06-10,Paid,North,700.38,7764
2026-06-10,Email,North,146.8,1269
2026-06-10,Referral,North,104.36,1189
2026-06-10,Organic,South,0.0,226
2026-06-10,Paid,South,740.67,6372
2026-06-10,Email,South,128.84,1419
2026-06-10,Referral,South,88.17,1013
2026-06-10,Organic,East,0.0,463
2026-06-10,Paid,East,749.62,7766
2026-06-10,Email,East,170.28,1742
2026-06-10,Referral,East,94.84,829
2026-06-10,Organic,West,0.0,418
2026-06-10,Paid,West,774.71,6294
2026-06-10,Email,West,169.92,1716
2026-06-10,Referral,West,114.36,1019
2026-06-11,Organic,North,0.0,238
2026-06-11,Paid,North,793.15,8251
2026-06-11,Email,North,156.89,1784
2026-06-11,Referral,North,109.41,1046
2026-06-11,Organic,South,0.0,376
2026-06-11,Paid,South,809.55,7453
2026-06-11,Email,South,152.28,1485
2026-06-11,Referral,South,112.17,953
2026-06-11,Organic,East,0.0,418
2026-06-11,Paid,East,692.47,7693
2026-06-11,Email,East,144.67,1437
2026-06-11,Referral,East,102.73,898
2026-06-11,Organic,West,0.0,287
2026-06-11,Paid,West,756.59,6910
2026-06-11,Email,West,152.37,1643
2026-06-11,Referral,West,107.03,1200
2026-06-12,Organic,North,0.0,346
2026-06-12,Paid,North,837.54,6877
2026-06-12,Email,North,134.3,1078
2026-06-12,Referral,North,107.0,1132
2026-06-12,Organic,South,0.0,355
2026-06-12,Paid,South,715.77,6364
2026-06-12,Email,South,141.46,1669
2026-06-12,Referral,South,94.57,938
2026-06-12,Organic,East,0.0,449
2026-06-12,Paid,East,696.42,7849
2026-06-12,Email,East,154.71,1353
2026-06-12,Referral,East,101.07,1005
2026-06-12,Organic,West,0.0,330
2026-06-12,Paid,West,756.4,6057
2026-06-12,Email,West,167.11,1428
2026-06-12,Referral,West,100.69,1092
2026-06-13,Organic,North,0.0,440
2026-06-13,Paid,North,756.64,8331
2026-06-13,Email,North,165.01,1466
2026-06-13,Referral,North,99.19,1173
2026-06-13,Organic,South,0.0,235
2026-06-13,Paid,South,688.52,7413
2026-06-13,Email,South,159.85,1843
2026-06-13,Referral,South,103.77,1227
2026-06-13,Organic,East,0.0,221
2026-06-13,Paid,East,884.04,10184
2026-06-13,Email,East,153.98,1792
2026-06-13,Referral,East,107.26,1107
2026-06-13,Organic,West,0.0,405
2026-06-13,Paid,West,912.7,7651
2026-06-13,Email,West,133.87,1407
2026-06-13,Referral,West,88.32,883
2026-06-14,Organic,North,0.0,356
2026-06-14,Paid,North,760.43,6704
2026-06-14,Email,North,141.81,1173
2026-06-14,Referral,North,87.75,890
2026-06-14,Organic,South,0.0,422
2026-06-14,Paid,South,719.61,6678
2026-06-14,Email,South,172.22,2013
2026-06-14,Referral,South,94.29,843
2026-06-14,Organic,East,0.0,352
2026-06-14,Paid,East,760.55,7659
2026-06-14,Email,East,140.81,1212
2026-06-14,Referral,East,87.83,1037
2026-06-14,Organic,West,0.0,401
2026-06-14,Paid,West,801.62,9400
2026-06-14,Email,West,163.61,1461
2026-06-14,Referral,West,112.34,946
2026-06-15,Organic,North,0.0,357
2026-06-15,Paid,North,879.74,7155
2026-06-15,Email,North,150.44,1429
2026-06-15,Referral,North,113.38,1145
2026-06-15,Organic,South,0.0,301
2026-06-15,Paid,South,680.87,6942
2026-06-15,Email,South,145.51,1361
2026-06-15,Referral,South,105.33,1089
2026-06-15,Organic,East,0.0,348
2026-06-15,Paid,East,767.78,8085
2026-06-15,Email,East,138.28,1651
2026-06-15,Referral,East,86.11,955
2026-06-15,Organic,West,0.0,228
2026-06-15,Paid,West,732.86,6387
2026-06-15,Email,West,156.07,1449
2026-06-15,Referral,West,94.1,770
2026-06-16,Organic,North,0.0,290
2026-06-16,Paid,North,779.83,6648
2026-06-16,Email,North,153.94,1625
2026-06-16,Referral,North,88.43,958
2026-06-16,Organic,South,0.0,281
2026-06-16,Paid,South,879.79,9792
2026-06-16,Email,South,138.15,1138
2026-06-16,Referral,South,101.62,837
2026-06-16,Organic,East,0.0,256
2026-06-16,Paid,East,908.57,8783
2026-06-16,Email,East,145.79,1636
2026-06-16,Referral,East,112.41,1207
2026-06-16,Organic,West,0.0,217
2026-06-16,Paid,West,885.25,9116
2026-06-16,Email,West,164.84,1815
2026-06-16,Referral,West,103.13,972
2026-06-17,Organic,North,0.0,321
2026-06-17,Paid,North,860.4,8437
2026-06-17,Email,North,169.92,1581
2026-06-17,Referral,North,87.01,988
2026-06-17,Organic,South,0.0,275
2026-06-17,Paid,South,849.79,7827
2026-06-17,Email,South,149.91,1317
2026-06-17,Referral,South,98.91,1063
2026-06-17,Organic,East,0.0,230
2026-06-17,Paid,East,820.99,9167
2026-06-17,Email,East,151.95,1265
2026-06-17,Referral,East,93.58,986
2026-06-17,Organic,West,0.0,499
2026-06-17,Paid,West,758.47,8554
2026-06-17,Email,West,138.85,1115
2026-06-17,Referral,West,91.65,1002
2026-06-18,Organic,North,0.0,265
2026-06-18,Paid,North,884.54,10380
2026-06-18,Email,North,156.78,1312
2026-06-18,Referral,North,85.66,690
2026-06-18,Organic,South,0.0,303
2026-06-18,Paid,South,863.87,8119
2026-06-18,Email,South,129.56,1142
2026-06-18,Referral,South,109.62,1156
2026-06-18,Organic,East,0.0,251
2026-06-18,Paid,East,792.24,8836
2026-06-18,Email,East,159.61,1462
2026-06-18,Referral,East,94.4,788
2026-06-18,Organic,West,0.0,356
2026-06-18,Paid,West,727.34,8709
2026-06-18,Email,West,156.26,1382
2026-06-18,Referral,West,93.86,1018
2026-06-19,Organic,North,0.0,363
2026-06-19,Paid,North,907.5,8792
2026-06-19,Email,North,148.13,1478
2026-06-19,Referral,North,109.06,1014
2026-06-19,Organic,South,0.0,291
2026-06-19,Paid,South,749.15,7866
2026-06-19,Email,South,160.29,1495
2026-06-19,Referral,South,111.53,974
2026-06-19,Organic,East,0.0,421
2026-06-19,Paid,East,848.38,7751
2026-06-19,Email,East,143.11,1457
2026-06-19,Referral,East,111.55,963
2026-06-19,Organic,West,0.0,494
2026-06-19,Paid,West,789.29,6500
2026-06-19,Email,West,134.54,1374
2026-06-19,Referral,West,101.42,824
2026-06-20,Organic,North,0.0,241
2026-06-20,Paid,North,740.84,6078
2026-06-20,Email,North,160.48,1829
2026-06-20,Referral,North,113.62,1126
2026-06-20,Organic,South,0.0,398
2026-06-20,Paid,South,789.87,8025
2026-06-20,Email,South,159.68,1663
2026-06-20,Referral,South,85.6,853
2026-06-20,Organic,East,0.0,464
2026-06-20,Paid,East,744.04,8214
2026-06-20,Email,East,154.32,1654
2026-06-20,Referral,East,111.18,987
2026-06-20,Organic,West,0.0,411
2026-06-20,Paid,West,682.06,7324
2026-06-20,Email,West,149.65,1604
2026-06-20,Referral,West,100.21,1000
2026-06-21,Organic,North,0.0,330
2026-06-21,Paid,North,823.61,7574
2026-06-21,Email,North,150.1,1300
2026-06-21,Referral,North,101.54,821
2026-06-21,Organic,South,0.0,358
2026-06-21,Paid,South,869.54,7305
2026-06-21,Email,South,142.93,1296
2026-06-21,Referral,South,87.77,833
2026-06-21,Organic,East,0.0,498
2026-06-21,Paid,East,808.21,7748
2026-06-21,Email,East,156.77,1658
2026-06-21,Referral,East,93.72,983
2026-06-21,Organic,West,0.0,340
2026-06-21,Paid,West,845.47,8387
2026-06-21,Email,West,168.67,1667
2026-06-21,Referral,West,93.0,782
2026-06-22,Organic,North,0.0,397
2026-06-22,Paid,North,875.92,7813
2026-06-22,Email,North,132.7,1215
2026-06-22,Referral,North,106.7,1112
2026-06-22,Organic,South,0.0,277
2026-06-22,Paid,South,881.92,9462
2026-06-22,Email,South,165.97,1422
2026-06-22,Referral,South,90.58,1006
2026-06-22,Organic,East,0.0,303
2026-06-22,Paid,East,719.98,6483
2026-06-22,Email,East,160.32,1473
2026-06-22,Referral,East,88.18,762
2026-06-22,Organic,West,0.0,374
2026-06-22,Paid,West,710.28,7693
2026-06-22,Email,West,157.9,1810
2026-06-22,Referral,West,98.22,1173
2026-06-23,Organic,North,0.0,391
2026-06-23,Paid,North,858.15,8756
2026-06-23,Email,North,128.55,1047
2026-06-23,Referral,North,106.47,860
2026-06-23,Organic,South,0.0,417
2026-06-23,Paid,South,851.19,7851
2026-06-23,Email,South,146.5,1565
2026-06-23,Referral,South,108.94,907
2026-06-23,Organic,East,0.0,237
2026-06-23,Paid,East,885.2,8293
2026-06-23,Email,East,141.64,1461
2026-06-23,Referral,East,114.31,1326
2026-06-23,Organic,West,0.0,489
2026-06-23,Paid,West,719.66,6090
2026-06-23,Email,West,137.09,1637
2026-06-23,Referral,West,97.61,916
2026-06-24,Organic,North,0.0,241
2026-06-24,Paid,North,830.39,7120
2026-06-24,Email,North,163.37,1319
2026-06-24,Referral,North,95.91,1028
2026-06-24,Organic,South,0.0,310
2026-06-24,Paid,South,908.0,10893
2026-06-24,Email,South,154.0,1813
2026-06-24,Referral,South,108.24,1240
2026-06-24,Organic,East,0.0,427
2026-06-24,Paid,East,728.01,8258
2026-06-24,Email,East,170.94,1789
2026-06-24,Referral,East,101.91,852
2026-06-24,Organic,West,0.0,219
2026-06-24,Paid,West,817.24,8633
2026-06-24,Email,West,137.94,1404
2026-06-24,Referral,West,109.64,968
2026-06-25,Organic,North,0.0,472
2026-06-25,Paid,North,746.34,6752
2026-06-25,Email,North,129.61,1332
2026-06-25,Referral,North,88.82,1011
2026-06-25,Organic,South,0.0,307
2026-06-25,Paid,South,867.88,9446
2026-06-25,Email,South,144.47,1173
2026-06-25,Referral,South,111.96,948
2026-06-25,Organic,East,0.0,339
2026-06-25,Paid,East,762.29,8562
2026-06-25,Email,East,154.1,1670
2026-06-25,Referral,East,90.8,743
2026-06-25,Organic,West,0.0,464
2026-06-25,Paid,West,681.75,8016
2026-06-25,Email,West,131.25,1270
2026-06-25,Referral,West,105.32,963
2026-06-26,Organic,North,0.0,384
2026-06-26,Paid,North,761.12,6888
2026-06-26,Email,North,130.84,1463
2026-06-26,Referral,North,103.53,1106
2026-06-26,Organic,South,0.0,480
2026-06-26,Paid,South,826.36,9666
2026-06-26,Email,South,149.7,1687
2026-06-26,Referral,South,92.66,911
2026-06-26,Organic,East,0.0,425
2026-06-26,Paid,East,861.73,9580
2026-06-26,Email,East,135.37,1361
2026-06-26,Referral,East,91.3,851
2026-06-26,Organic,West,0.0,421
2026-06-26,Paid,West,805.63,6559
2026-06-26,Email,West,146.94,1187
2026-06-26,Referral,West,101.02,1204
2026-06-27,Organic,North,0.0,418
2026-06-27,Paid,North,833.37,8219
2026-06-27,Email,North,145.85,1171
2026-06-27,Referral,North,111.3,1132
2026-06-27,Organic,South,0.0,457
2026-06-27,Paid,South,705.29,8031
2026-06-27,Email,South,163.6,1310
2026-06-27,Referral,South,94.64,1128
2026-06-27,Organic,East,0.0,247
2026-06-27,Paid,East,804.67,7788
2026-06-27,Email,East,171.83,1894
2026-06-27,Referral,East,85.58,945
2026-06-27,Organic,West,0.0,307
2026-06-27,Paid,West,890.57,8495
2026-06-27,Email,West,171.29,1671
2026-06-27,Referral,West,107.16,1224
2026-06-28,Organic,North,0.0,201
2026-06-28,Paid,North,858.69,8965
2026-06-28,Email,North,171.67,1935
2026-06-28,Referral,North,86.6,857
2026-06-28,Organic,South,0.0,414
2026-06-28,Paid,South,870.43,8800
2026-06-28,Email,South,149.92,1408
2026-06-28,Referral,South,101.06,883
2026-06-28,Organic,East,0.0,268
2026-06-28,Paid,East,826.74,7129
2026-06-28,Email,East,169.68,1730
2026-06-28,Referral,East,94.17,954
2026-06-28,Organic,West,0.0,457
2026-06-28,Paid,West,746.94,7603
2026-06-28,Email,West,168.67,1701
2026-06-28,Referral,West,100.02,1139
2026-06-29,Organic,North,0.0,490
2026-06-29,Paid,North,725.71,6993
2026-06-29,Email,North,138.05,1219
2026-06-29,Referral,North,94.47,881
2026-06-29,Organic,South,0.0,292
2026-06-29,Paid,South,841.09,8910
2026-06-29,Email,South,155.7,1451
2026-06-29,Referral,South,102.19,1059
2026-06-29,Organic,East,0.0,446
2026-06-29,Paid,East,848.49,7941
2026-06-29,Email,East,147.77,1621
2026-06-29,Referral,East,93.49,820
2026-06-29,Organic,West,0.0,344
2026-06-29,Paid,West,737.75,8449
2026-06-29,Email,West,170.76,1842
2026-06-29,Referral,West,104.61,1159
2026-06-30,Organic,North,0.0,204
2026-06-30,Paid,North,880.41,9069
2026-06-30,Email,North,146.11,1207
2026-06-30,Referral,North,99.82,909
2026-06-30,Organic,South,0.0,216
2026-06-30,Paid,South,877.3,7843
2026-06-30,Email,South,149.6,1197
2026-06-30,Referral,South,94.55,983
2026-06-30,Organic,East,0.0,417
2026-06-30,Paid,East,796.28,8246
2026-06-30,Email,East,140.9,1378
2026-06-30,Referral,East,113.5,1067
2026-06-30,Organic,West,0.0,359
2026-06-30,Paid,West,758.1,7136
2026-06-30,Email,West,147.33,1613
2026-06-30,Referral,West,112.39,942
2026-07-01,Organic,North,0.0,406
2026-07-01,Paid,North,777.25,8412
2026-07-01,Email,North,145.32,1596
2026-07-01,Referral,North,87.37,934
2026-07-01,Organic,South,0.0,289
2026-07-01,Paid,South,812.16,7389
2026-07-01,Email,South,166.57,1487
2026-07-01,Referral,South,93.88,816
2026-07-01,Organic,East,0.0,345
2026-07-01,Paid,East,680.59,5723
2026-07-01,Email,East,142.47,1193
2026-07-01,Referral,East,109.28,1015
2026-07-01,Organic,West,0.0,462
2026-07-01,Paid,West,914.85,9692
2026-07-01,Email,West,149.69,1304
2026-07-01,Referral,West,112.36,1124
2026-07-02,Organic,North,0.0,370
2026-07-02,Paid,North,819.21,8493
2026-07-02,Email,North,159.27,1572
2026-07-02,Referral,North,106.14,1027
2026-07-02,Organic,South,0.0,491
2026-07-02,Paid,South,790.19,7015
2026-07-02,Email,South,129.4,1155
2026-07-02,Referral,South,90.98,906
2026-07-02,Organic,East,0.0,399
2026-07-02,Paid,East,750.68,6141
2026-07-02,Email,East,140.99,1217
2026-07-02,Referral,East,98.89,816
2026-07-02,Organic,West,0.0,387
2026-07-02,Paid,West,885.85,9150
2026-07-02,Email,West,133.99,1292
2026-07-02,Referral,West,98.09,1007
2026-07-03,Organic,North,0.0,351
2026-07-03,Paid,North,903.11,8453
2026-07-03,Email,North,170.91,1706
2026-07-03,Referral,North,101.05,860
2026-07-03,Organic,South,0.0,349
2026-07-03,Paid,South,786.15,8884
2026-07-03,Email,South,133.02,1420
2026-07-03,Referral,South,107.66,1183
2026-07-03,Organic,East,0.0,494
2026-07-03,Paid,East,817.72,7674
2026-07-03,Email,East,142.45,1270
2026-07-03,Referral,East,91.51,1004
2026-07-03,Organic,West,0.0,227
2026-07-03,Paid,West,841.15,9965
2026-07-03,Email,West,169.64,1746
2026-07-03,Referral,West,114.1,938
2026-07-04,Organic,North,0.0,489
2026-07-04,Paid,North,757.13,8867
2026-07-04,Email,North,128.05,1303
2026-07-04,Referral,North,87.25,834
2026-07-04,Organic,South,0.0,396
2026-07-04,Paid,South,858.18,6897
2026-07-04,Email,South,156.47,1615
2026-07-04,Referral,South,88.5,853
2026-07-04,Organic,East,0.0,411
2026-07-04,Paid,East,830.47,9333
2026-07-04,Email,East,161.47,1630
2026-07-04,Referral,East,98.91,918
2026-07-04,Organic,West,0.0,372
2026-07-04,Paid,West,859.99,8958
2026-07-04,Email,West,161.36,1485
2026-07-04,Referral,West,101.03,841
2026-07-05,Organic,North,0.0,365
2026-07-05,Paid,North,819.29,6986
2026-07-05,Email,North,157.74,1833
2026-07-05,Referral,North,86.39,893
2026-07-05,Organic,South,0.0,375
2026-07-05,Paid,South,899.07,9642
2026-07-05,Email,South,157.35,1869
2026-07-05,Referral,South,107.16,1162
2026-07-05,Organic,East,0.0,212
2026-07-05,Paid,East,792.69,7556
2026-07-05,Email,East,139.93,1397
2026-07-05,Referral,East,88.14,946
2026-07-05,Organic,West,0.0,366
2026-07-05,Paid,West,910.62,7393
2026-07-05,Email,West,154.44,1383
2026-07-05,Referral,West,110.09,1138
2026-07-06,Organic,North,0.0,365
2026-07-06,Paid,North,738.7,7289
2026-07-06,Email,North,135.05,1466
2026-07-06,Referral,North,86.43,738
2026-07-06,Organic,South,0.0,207
2026-07-06,Paid,South,722.44,6498
2026-07-06,Email,South,171.78,2024
2026-07-06,Referral,South,86.96,1013
2026-07-06,Organic,East,0.0,290
2026-07-06,Paid,East,893.15,7273
2026-07-06,Email,East,159.66,1728
2026-07-06,Referral,East,87.05,941
2026-07-06,Organic,West,0.0,350
2026-07-06,Paid,West,879.61,8580
2026-07-06,Email,West,134.8,1182
2026-07-06,Referral,West,104.83,1203
2026-07-07,Organic,North,0.0,449
2026-07-07,Paid,North,803.46,9069
2026-07-07,Email,North,140.76,1618
2026-07-07,Referral,North,105.16,978
2026-07-07,Organic,South,0.0,448
2026-07-07,Paid,South,690.59,6190
2026-07-07,Email,South,166.05,1806
2026-07-07,Referral,South,93.63,894
2026-07-07,Organic,East,0.0,234
2026-07-07,Paid,East,902.54,7520
2026-07-07,Email,East,151.24,1261
2026-07-07,Referral,East,93.36,889
2026-07-07,Organic,West,0.0,380
2026-07-07,Paid,West,914.38,8936
2026-07-07,Email,West,153.43,1735
2026-07-07,Referral,West,104.66,1052
2026-07-08,Organic,North,0.0,417
2026-07-08,Paid,North,795.94,6805
2026-07-08,Email,North,154.15,1656
2026-07-08,Referral,North,87.03,915
2026-07-08,Organic,South,0.0,277
2026-07-08,Paid,South,700.63,6832
2026-07-08,Email,South,137.89,1192
2026-07-08,Referral,South,99.44,854
2026-07-08,Organic,East,0.0,205
2026-07-08,Paid,East,807.37,7277
2026-07-08,Email,East,154.77,1507
2026-07-08,Referral,East,109.91,1216
2026-07-08,Organic,West,0.0,357
2026-07-08,Paid,West,815.52,9058
2026-07-08,Email,West,151.08,1257
2026-07-08,Referral,West,98.46,1118
2026-07-09,Organic,North,0.0,319
2026-07-09,Paid,North,682.41,8051
2026-07-09,Email,North,158.46,1739
2026-07-09,Referral,North,94.84,873
2026-07-09,Organic,South,0.0,392
2026-07-09,Paid,South,905.05,10136
2026-07-09,Email,South,136.53,1491
2026-07-09,Referral,South,112.91,1109
2026-07-09,Organic,East,0.0,487
2026-07-09,Paid,East,877.46,7881
2026-07-09,Email,East,165.27,1444
2026-07-09,Referral,East,103.19,1209
2026-07-09,Organic,West,0.0,351
2026-07-09,Paid,West,890.71,7443
2026-07-09,Email,West,172.13,1796
2026-07-09,Referral,West,113.42,984
2026-07-10,Organic,North,0.0,324
2026-07-10,Paid,North,797.48,6920
2026-07-10,Email,North,156.13,1691
2026-07-10,Referral,North,90.78,873
2026-07-10,Organic,South,0.0,284
2026-07-10,Paid,South,770.96,8236
2026-07-10,Email,South,146.7,1219
2026-07-10,Referral,South,99.83,1040
2026-07-10,Organic,East,0.0,342
2026-07-10,Paid,East,823.39,8764
2026-07-10,Email,East,150.52,1637
2026-07-10,Referral,East,86.49,891
2026-07-10,Organic,West,0.0,488
2026-07-10,Paid,West,745.62,7338
2026-07-10,Email,West,150.02,1317
2026-07-10,Referral,West,92.08,754
2026-07-11,Organic,North,0.0,404
2026-07-11,Paid,North,814.16,8422
2026-07-11,Email,North,167.7,1457
2026-07-11,Referral,North,92.89,822
2026-07-11,Organic,South,0.0,315
2026-07-11,Paid,South,715.09,8440
2026-07-11,Email,South,142.88,1316
2026-07-11,Referral,South,87.77,980
2026-07-11,Organic,East,0.0,407
2026-07-11,Paid,East,775.34,8689
2026-07-11,Email,East,154.11,1802
2026-07-11,Referral,East,112.32,958
2026-07-11,Organic,West,0.0,369
2026-07-11,Paid,West,799.26,9517
2026-07-11,Email,West,147.13,1386
2026-07-11,Referral,West,99.26,817
2026-07-12,Organic,North,0.0,452
2026-07-12,Paid,North,716.84,5908
2026-07-12,Email,North,159.41,1895
2026-07-12,Referral,North,104.48,854
2026-07-12,Organic,South,0.0,454
2026-07-12,Paid,South,907.77,9743
2026-07-12,Email,South,131.46,1196
2026-07-12,Referral,South,114.6,1075
2026-07-12,Organic,East,0.0,248
2026-07-12,Paid,East,724.54,6336
2026-07-12,Email,East,161.97,1302
2026-07-12,Referral,East,113.22,1159
2026-07-12,Organic,West,0.0,454
2026-07-12,Paid,West,695.29,5964
2026-07-12,Email,West,139.05,1415
2026-07-12,Referral,West,106.58,968
2026-07-13,Organic,North,0.0,479
2026-07-13,Paid,North,861.64,7195
2026-07-13,Email,North,155.72,1261
2026-07-13,Referral,North,98.73,1028
2026-07-13,Organic,South,0.0,231
2026-07-13,Paid,South,908.41,7975
2026-07-13,Email,South,158.68,1482
2026-07-13,Referral,South,88.7,977
2026-07-13,Organic,East,0.0,385
2026-07-13,Paid,East,909.4,10805
2026-07-13,Email,East,131.43,1110
2026-07-13,Referral,East,85.1,938
2026-07-13,Organic,West,0.0,426
2026-07-13,Paid,West,847.65,9400
2026-07-13,Email,West,135.13,1578
2026-07-13,Referral,West,92.67,990
2026-07-14,Organic,North,0.0,242
2026-07-14,Paid,North,738.41,6966
2026-07-14,Email,North,136.63,1131
2026-07-14,Referral,North,92.84,925
2026-07-14,Organic,South,0.0,486
2026-07-14,Paid,South,888.56,8322
2026-07-14,Email,South,138.02,1171
2026-07-14,Referral,South,103.38,996
2026-07-14,Organic,East,0.0,212
2026-07-14,Paid,East,912.2,9257
2026-07-14,Email,East,141.04,1377
2026-07-14,Referral,East,106.5,1194
2026-07-14,Organic,West,0.0,452
2026-07-14,Paid,West,783.13,7608
2026-07-14,Email,West,146.86,1308
2026-07-14,Referral,West,114.14,1170
2026-07-15,Organic,North,0.0,415
2026-07-15,Paid,North,680.68,5790
2026-07-15,Email,North,167.91,1969
2026-07-15,Referral,North,102.1,991
2026-07-15,Organic,South,0.0,360
2026-07-15,Paid,South,747.66,8802
2026-07-15,Email,South,156.71,1716
2026-07-15,Referral,South,96.26,1096
2026-07-15,Organic,East,0.0,266
2026-07-15,Paid,East,722.57,6445
2026-07-15,Email,East,127.61,1423
2026-07-15,Referral,East,94.08,1059
2026-07-15,Organic,West,0.0,492
2026-07-15,Paid,West,710.29,6723
2026-07-15,Email,West,132.29,1094
2026-07-15,Referral,West,101.89,957
2026-07-16,Organic,North,0.0,368
2026-07-16,Paid,North,780.59,7313
2026-07-16,Email,North,155.73,1829
2026-07-16,Referral,North,90.59,985
2026-07-16,Organic,South,0.0,430
2026-07-16,Paid,South,899.9,10013
2026-07-16,Email,South,154.34,1621
2026-07-16,Referral,South,94.52,765
2026-07-16,Organic,East,0.0,318
2026-07-16,Paid,East,822.07,9306
2026-07-16,Email,East,142.11,1361
2026-07-16,Referral,East,100.62,858
2026-07-16,Organic,West,0.0,219
2026-07-16,Paid,West,858.36,10092
2026-07-16,Email,West,146.79,1285
2026-07-16,Referral,West,103.97,898
2026-07-17,Organic,North,0.0,277
2026-07-17,Paid,North,890.84,10003
2026-07-17,Email,North,138.47,1253
2026-07-17,Referral,North,96.33,790
2026-07-17,Organic,South,0.0,221
2026-07-17,Paid,South,705.12,6908
2026-07-17,Email,South,154.5,1503
2026-07-17,Referral,South,105.27,1061
2026-07-17,Organic,East,0.0,326
2026-07-17,Paid,East,702.6,7520
2026-07-17,Email,East,160.17,1719
2026-07-17,Referral,East,88.47,797
2026-07-17,Organic,West,0.0,216
2026-07-17,Paid,West,746.71,8513
2026-07-17,Email,West,150.95,1490
2026-07-17,Referral,West,107.09,1223
2026-07-18,Organic,North,0.0,486
2026-07-18,Paid,North,809.37,7970
2026-07-18,Email,North,149.81,1405
2026-07-18,Referral,North,111.96,1292
2026-07-18,Organic,South,0.0,376
2026-07-18,Paid,South,753.71,8873
2026-07-18,Email,South,144.03,1522
2026-07-18,Referral,South,87.26,917
2026-07-18,Organic,East,0.0,439
2026-07-18,Paid,East,913.25,8856
2026-07-18,Email,East,155.76,1268
2026-07-18,Referral,East,90.79,900
2026-07-18,Organic,West,0.0,432
2026-07-18,Paid,West,831.69,9868
2026-07-18,Email,West,146.73,1262
2026-07-18,Referral,West,94.95,767
2026-07-19,Organic,North,0.0,397
2026-07-19,Paid,North,743.0,8206
2026-07-19,Email,North,167.68,1566
2026-07-19,Referral,North,105.29,1114
2026-07-19,Organic,South,0.0,273
2026-07-19,Paid,South,706.91,6742
2026-07-19,Email,South,131.35,1150
2026-07-19,Referral,South,93.63,830
2026-07-19,Organic,East,0.0,356
2026-07-19,Paid,East,809.94,7406
2026-07-19,Email,East,158.69,1901
2026-07-19,Referral,East,102.42,1031
2026-07-19,Organic,West,0.0,362
2026-07-19,Paid,West,900.34,9244
2026-07-19,Email,West,171.11,1651
2026-07-19,Referral,West,90.57,885
2026-07-20,Organic,North,0.0,494
2026-07-20,Paid,North,909.84,9739
2026-07-20,Email,North,143.01,1366
2026-07-20,Referral,North,102.53,1152
2026-07-20,Organic,South,0.0,313
2026-07-20,Paid,South,702.92,5790
2026-07-20,Email,South,134.13,1136
2026-07-20,Referral,South,99.5,969
2026-07-20,Organic,East,0.0,333
2026-07-20,Paid,East,796.84,6424
2026-07-20,Email,East,133.0,1437
2026-07-20,Referral,East,109.22,1028
2026-07-20,Organic,West,0.0,291
2026-07-20,Paid,West,789.0,6612
2026-07-20,Email,West,153.73,1509
2026-07-20,Referral,West,98.68,924
2026-07-21,Organic,North,0.0,469
2026-07-21,Paid,North,809.45,8835
2026-07-21,Email,North,167.91,1799
2026-07-21,Referral,North,100.28,805
2026-07-21,Organic,South,0.0,404
2026-07-21,Paid,South,841.2,8986
2026-07-21,Email,South,165.72,1685
2026-07-21,Referral,South,95.07,1129
2026-07-21,Organic,East,0.0,302
2026-07-21,Paid,East,722.88,6531
2026-07-21,Email,East,162.3,1307
2026-07-21,Referral,East,98.88,968
2026-07-21,Organic,West,0.0,263
2026-07-21,Paid,West,725.2,6549
2026-07-21,Email,West,172.31,2042
2026-07-21,Referral,West,110.92,1276
2026-07-22,Organic,North,0.0,395
2026-07-22,Paid,North,897.81,8857
2026-07-22,Email,North,166.51,1804
2026-07-22,Referral,North,96.72,775
2026-07-22,Organic,South,0.0,474
2026-07-22,Paid,South,743.15,6426
2026-07-22,Email,South,138.17,1584
2026-07-22,Referral,South,100.03,964
2026-07-22,Organic,East,0.0,362
2026-07-22,Paid,East,840.14,10076
2026-07-22,Email,East,129.05,1453
2026-07-22,Referral,East,87.99,933
2026-07-22,Organic,West,0.0,343
2026-07-22,Paid,West,755.27,8456
2026-07-22,Email,West,161.38,1641
2026-07-22,Referral,West,101.84,1188
2026-07-23,Organic,North,0.0,405
2026-07-23,Paid,North,815.04,8985
2026-07-23,Email,North,159.67,1751
2026-07-23,Referral,North,110.0,1272
2026-07-23,Organic,South,0.0,427
2026-07-23,Paid,South,818.1,7083
2026-07-23,Email,South,130.78,1114
2026-07-23,Referral,South,85.93,870
2026-07-23,Organic,East,0.0,455
2026-07-23,Paid,East,873.39,9759
2026-07-23,Email,East,161.36,1728
2026-07-23,Referral,East,102.33,1122
2026-07-23,Organic,West,0.0,352
2026-07-23,Paid,West,806.91,9038
2026-07-23,Email,West,170.16,1784
2026-07-23,Referral,West,86.15,772
2026-07-24,Organic,North,0.0,420
2026-07-24,Paid,North,855.57,7256
2026-07-24,Email,North,128.68,1234
2026-07-24,Referral,North,107.02,1216
2026-07-24,Organic,South,0.0,209
2026-07-24,Paid,South,897.25,9457
2026-07-24,Email,South,155.03,1617
2026-07-24,Referral,South,108.98,1243
2026-07-24,Organic,East,0.0,296
2026-07-24,Paid,East,700.66,5708
2026-07-24,Email,East,163.97,1711
2026-07-24,Referral,East,89.79,997
2026-07-24,Organic,West,0.0,441
2026-07-24,Paid,West,869.62,8012
2026-07-24,Email,West,137.08,1103
2026-07-24,Referral,West,88.8,712
2026-07-25,Organic,North,0.0,206
2026-07-25,Paid,North,706.31,8180
2026-07-25,Email,North,165.01,1925
2026-07-25,Referral,North,105.14,1148
2026-07-25,Organic,South,0.0,359
2026-07-25,Paid,South,776.63,8046
2026-07-25,Email,South,146.26,1697
2026-07-25,Referral,South,110.35,1215
2026-07-25,Organic,East,0.0,428
2026-07-25,Paid,East,894.32,8569
2026-07-25,Email,East,135.68,1481
2026-07-25,Referral,East,102.52,1136
2026-07-25,Organic,West,0.0,309
2026-07-25,Paid,West,703.98,8240
2026-07-25,Email,West,169.39,2016
2026-07-25,Referral,West,103.75,1053
2026-07-26,Organic,North,0.0,485
2026-07-26,Paid,North,863.21,7237
2026-07-26,Email,North,160.52,1286
2026-07-26,Referral,North,112.69,977
2026-07-26,Organic,South,0.0,480
2026-07-26,Paid,South,877.04,7132
2026-07-26,Email,South,151.08,1349
2026-07-26,Referral,South,113.93,1361
2026-07-26,Organic,East,0.0,213
2026-07-26,Paid,East,859.79,7982
2026-07-26,Email,East,165.66,1557
2026-07-26,Referral,East,113.72,1102
2026-07-26,Organic,West,0.0,271
2026-07-26,Paid,West,726.4,8094
2026-07-26,Email,West,144.64,1266
2026-07-26,Referral,West,104.86,1233
2026-07-27,Organic,North,0.0,392
2026-07-27,Paid,North,836.94,9878
2026-07-27,Email,North,159.14,1572
2026-07-27,Referral,North,88.75,853
2026-07-27,Organic,South,0.0,373
2026-07-27,Paid,South,919.88,7407
2026-07-27,Email,South,161.7,1793
2026-07-27,Referral,South,114.34,939
2026-07-27,Organic,East,0.0,471
2026-07-27,Paid,East,778.27,6579
2026-07-27,Email,East,166.34,1722
2026-07-27,Referral,East,114.94,1056
2026-07-27,Organic,West,0.0,358
2026-07-27,Paid,West,822.85,8788
2026-07-27,Email,West,160.0,1414
2026-07-27,Referral,West,86.54,852
2026-07-28,Organic,North,0.0,365
2026-07-28,Paid,North,880.89,8598
2026-07-28,Email,North,142.58,1674
2026-07-28,Referral,North,102.84,1165
2026-07-28,Organic,South,0.0,446
2026-07-28,Paid,South,762.33,8250
2026-07-28,Email,South,149.51,1696
2026-07-28,Referral,South,110.59,905
2026-07-28,Organic,East,0.0,395
2026-07-28,Paid,East,849.48,9047
2026-07-28,Email,East,145.07,1615
2026-07-28,Referral,East,110.98,1164
2026-07-28,Organic,West,0.0,477
2026-07-28,Paid,West,811.65,7040
2026-07-28,Email,West,167.85,1711
2026-07-28,Referral,West,94.8,780
2026-07-29,Organic,North,0.0,408
2026-07-29,Paid,North,691.12,7786
2026-07-29,Email,North,136.25,1355
2026-07-29,Referral,North,99.77,967
2026-07-29,Organic,South,0.0,278
2026-07-29,Paid,South,825.32,6608
2026-07-29,Email,South,143.67,1366
2026-07-29,Referral,South,96.53,992
2026-07-29,Organic,East,0.0,383
2026-07-29,Paid,East,825.21,9369
2026-07-29,Email,East,152.64,1701
2026-07-29,Referral,East,111.69,1068
2026-07-29,Organic,West,0.0,418
2026-07-29,Paid,West,721.62,6514
2026-07-29,Email,West,131.43,1426
2026-07-29,Referral,West,109.67,1287
2026-07-30,Organic,North,0.0,314
2026-07-30,Paid,North,914.81,10861
2026-07-30,Email,North,136.71,1432
2026-07-30,Referral,North,90.47,1053
2026-07-30,Organic,South,0.0,255
2026-07-30,Paid,South,689.74,6758
2026-07-30,Email,South,170.37,1812
2026-07-30,Referral,South,111.8,977
2026-07-30,Organic,East,0.0,438
2026-07-30,Paid,East,715.92,7294
2026-07-30,Email,East,168.97,1625
2026-07-30,Referral,East,112.95,1151
2026-07-30,Organic,West,0.0,255
2026-07-30,Paid,West,701.61,8327
2026-07-30,Email,West,146.48,1178
2026-07-30,Referral,West,86.37,946
2026-07-31,Organic,North,0.0,209
2026-07-31,Paid,North,700.69,5692
2026-07-31,Email,North,138.63,1420
2026-07-31,Referral,North,101.21,1160
2026-07-31,Organic,South,0.0,429
2026-07-31,Paid,South,718.82,8570
2026-07-31,Email,South,153.96,1295
2026-07-31,Referral,South,89.79,918
2026-07-31,Organic,East,0.0,471
2026-07-31,Paid,East,830.63,9393
2026-07-31,Email,East,145.1,1486
2026-07-31,Referral,East,104.08,877
2026-07-31,Organic,West,0.0,382
2026-07-31,Paid,West,745.21,8173
2026-07-31,Email,West,138.7,1551
2026-07-31,Referral,West,113.11,1259
2026-08-01,Organic,North,0.0,342
2026-08-01,Paid,North,917.11,10883
2026-08-01,Email,North,132.85,1133
2026-08-01,Referral,North,109.7,1044
2026-08-01,Organic,South,0.0,494
2026-08-01,Paid,South,856.5,8230
2026-08-01,Email,South,170.0,1904
2026-08-01,Referral,South,98.47,1128
2026-08-01,Organic,East,0.0,327
2026-08-01,Paid,East,805.05,7271
2026-08-01,Email,East,150.72,1577
2026-08-01,Referral,East,88.98,1042
2026-08-01,Organic,West,0.0,326
2026-08-01,Paid,West,269.08,3208
2026-08-01,Email,West,134.12,1146
2026-08-01,Referral,West,87.65,982
2026-08-02,Organic,North,0.0,325
2026-08-02,Paid,North,884.74,8927
2026-08-02,Email,North,167.76,1602
2026-08-02,Referral,North,104.08,1076
2026-08-02,Organic,South,0.0,449
2026-08-02,Paid,South,772.06,8371
2026-08-02,Email,South,131.77,1446
2026-08-02,Referral,South,91.55,801
2026-08-02,Organic,East,0.0,265
2026-08-02,Paid,East,895.58,8647
2026-08-02,Email,East,163.33,1649
2026-08-02,Referral,East,88.54,790
2026-08-02,Organic,West,0.0,372
2026-08-02,Paid,West,234.79,2285
2026-08-02,Email,West,150.39,1461
2026-08-02,Referral,West,95.83,1105
2026-08-03,Organic,North,0.0,317
2026-08-03,Paid,North,737.18,8169
2026-08-03,Email,North,149.16,1778
2026-08-03,Referral,North,93.77,1031
2026-08-03,Organic,South,0.0,402
2026-08-03,Paid,South,740.8,6599
2026-08-03,Email,South,150.95,1686
2026-08-03,Referral,South,92.14,946
2026-08-03,Organic,East,0.0,279
2026-08-03,Paid,East,904.73,9159
2026-08-03,Email,East,135.2,1492
2026-08-03,Referral,East,98.81,1037
2026-08-03,Organic,West,0.0,362
2026-08-03,Paid,West,255.13,2246
2026-08-03,Email,West,149.36,1596
2026-08-03,Referral,West,94.62,1041
2026-08-04,Organic,North,0.0,295
2026-08-04,Paid,North,681.77,6249
2026-08-04,Email,North,133.7,1197
2026-08-04,Referral,North,104.23,928
2026-08-04,Organic,South,0.0,291
2026-08-04,Paid,South,915.13,7438
2026-08-04,Email,South,128.9,1303
2026-08-04,Referral,South,110.02,1255
2026-08-04,Organic,East,0.0,227
2026-08-04,Paid,East,796.82,7742
2026-08-04,Email,East,134.75,1484
2026-08-04,Referral,East,87.34,754
2026-08-04,Organic,West,0.0,468
2026-08-04,Paid,West,218.22,2368
2026-08-04,Email,West,138.32,1595
2026-08-04,Referral,West,113.67,1155
2026-08-05,Organic,North,0.0,425
2026-08-05,Paid,North,784.39,9353
2026-08-05,Email,North,157.35,1700
2026-08-05,Referral,North,86.84,809
2026-08-05,Organic,South,0.0,489
2026-08-05,Paid,South,722.22,7248
2026-08-05,Email,South,141.39,1596
2026-08-05,Referral,South,94.97,1084
2026-08-05,Organic,East,0.0,402
2026-08-05,Paid,East,893.13,8733
2026-08-05,Email,East,166.29,1946
2026-08-05,Referral,East,101.91,1147
2026-08-05,Organic,West,0.0,288
2026-08-05,Paid,West,248.45,2250
2026-08-05,Email,West,145.31,1653
2026-08-05,Referral,West,95.09,949
2026-08-06,Organic,North,0.0,295
2026-08-06,Paid,North,699.6,6121
2026-08-06,Email,North,129.41,1077
2026-08-06,Referral,North,111.37,1118
2026-08-06,Organic,South,0.0,344
2026-08-06,Paid,South,844.85,8647
2026-08-06,Email,South,156.42,1794
2026-08-06,Referral,South,87.08,705
2026-08-06,Organic,East,0.0,202
2026-08-06,Paid,East,818.68,7043
2026-08-06,Email,East,152.63,1244
2026-08-06,Referral,East,114.64,1124
2026-08-06,Organic,West,0.0,314
2026-08-06,Paid,West,213.71,2321
2026-08-06,Email,West,150.95,1565
2026-08-06,Referral,West,110.0,1018
2026-08-07,Organic,North,0.0,370
2026-08-07,Paid,North,796.26,6896
2026-08-07,Email,North,130.11,1156
2026-08-07,Referral,North,89.02,923
2026-08-07,Organic,South,0.0,419
2026-08-07,Paid,South,769.2,6278
2026-08-07,Email,South,169.82,1435
2026-08-07,Referral,South,101.39,1112
2026-08-07,Organic,East,0.0,346
2026-08-07,Paid,East,702.34,7416
2026-08-07,Email,East,157.76,1715
2026-08-07,Referral,East,100.26,1055
2026-08-07,Organic,West,0.0,489
2026-08-07,Paid,West,227.14,2436
2026-08-07,Email,West,170.34,1576
2026-08-07,Referral,West,107.92,1126
2026-08-08,Organic,North,0.0,296
2026-08-08,Paid,North,768.79,6763
2026-08-08,Email,North,165.02,1816
2026-08-08,Referral,North,88.17,814
2026-08-08,Organic,South,0.0,486
2026-08-08,Paid,South,880.0,10271
2026-08-08,Email,South,142.45,1197
2026-08-08,Referral,South,87.39,838
2026-08-08,Organic,East,0.0,360
2026-08-08,Paid,East,788.33,9333
2026-08-08,Email,East,165.77,1589
2026-08-08,Referral,East,114.78,1015
2026-08-08,Organic,West,0.0,200
2026-08-08,Paid,West,239.78,2108
2026-08-08,Email,West,152.04,1786
2026-08-08,Referral,West,96.74,1153
2026-08-09,Organic,North,0.0,495
2026-08-09,Paid,North,823.71,9423
2026-08-09,Email,North,165.52,1874
2026-08-09,Referral,North,106.4,1017
2026-08-09,Organic,South,0.0,433
2026-08-09,Paid,South,728.69,5976
2026-08-09,Email,South,134.0,1580
2026-08-09,Referral,South,93.5,835
2026-08-09,Organic,East,0.0,301
2026-08-09,Paid,East,865.29,7568
2026-08-09,Email,East,135.93,1191
2026-08-09,Referral,East,98.6,994
2026-08-09,Organic,West,0.0,251
2026-08-09,Paid,West,275.37,2359
2026-08-09,Email,West,138.55,1150
2026-08-09,Referral,West,89.43,1038
2026-08-10,Organic,North,0.0,279
2026-08-10,Paid,North,777.34,6771
2026-08-10,Email,North,155.09,1571
2026-08-10,Referral,North,86.84,905
2026-08-10,Organic,South,0.0,430
2026-08-10,Paid,South,711.65,5696
2026-08-10,Email,South,168.25,1852
2026-08-10,Referral,South,88.63,930
2026-08-10,Organic,East,0.0,203
2026-08-10,Paid,East,796.68,8720
2026-08-10,Email,East,132.35,1343
2026-08-10,Referral,East,102.8,913
2026-08-10,Organic,West,0.0,391
2026-08-10,Paid,West,212.65,1800
2026-08-10,Email,West,135.58,1235
2026-08-10,Referral,West,92.86,1028
2026-08-11,Organic,North,0.0,247
2026-08-11,Paid,North,788.89,8022
2026-08-11,Email,North,168.41,1462
2026-08-11,Referral,North,102.78,888
2026-08-11,Organic,South,0.0,208
2026-08-11,Paid,South,769.24,8830
2026-08-11,Email,South,152.71,1346
2026-08-11,Referral,South,100.19,1164
2026-08-11,Organic,East,0.0,379
2026-08-11,Paid,East,917.36,10259
2026-08-11,Email,East,131.89,1499
2026-08-11,Referral,East,88.34,1047
2026-08-11,Organic,West,0.0,292
2026-08-11,Paid,West,271.15,2583
2026-08-11,Email,West,167.63,1536
2026-08-11,Referral,West,100.26,1173
2026-08-12,Organic,North,0.0,471
2026-08-12,Paid,North,734.77,8018
2026-08-12,Email,North,152.94,1359
2026-08-12,Referral,North,100.95,997
2026-08-12,Organic,South,0.0,399
2026-08-12,Paid,South,878.08,10497
2026-08-12,Email,South,147.26,1311
2026-08-12,Referral,South,94.19,790
2026-08-12,Organic,East,0.0,304
2026-08-12,Paid,East,734.92,6060
2026-08-12,Email,East,144.38,1169
2026-08-12,Referral,East,86.12,916
2026-08-12,Organic,West,0.0,202
2026-08-12,Paid,West,267.22,2138
2026-08-12,Email,West,133.43,1118
2026-08-12,Referral,West,94.72,1133
2026-08-13,Organic,North,0.0,297
2026-08-13,Paid,North,867.57,8986
2026-08-13,Email,North,151.61,1332
2026-08-13,Referral,North,102.45,887
2026-08-13,Organic,South,0.0,430
2026-08-13,Paid,South,773.49,6954
2026-08-13,Email,South,150.77,1676
2026-08-13,Referral,South,86.29,1031
2026-08-13,Organic,East,0.0,336
2026-08-13,Paid,East,905.78,9252
2026-08-13,Email,East,141.66,1629
2026-08-13,Referral,East,87.65,879
2026-08-13,Organic,West,0.0,343
2026-08-13,Paid,West,254.09,2438
2026-08-13,Email,West,165.14,1854
2026-08-13,Referral,West,107.05,1049
2026-08-14,Organic,North,0.0,474
2026-08-14,Paid,North,816.4,7882
2026-08-14,Email,North,141.63,1508
2026-08-14,Referral,North,89.93,871
2026-08-14,Organic,South,0.0,427
2026-08-14,Paid,South,797.11,8849
2026-08-14,Email,South,152.83,1618
2026-08-14,Referral,South,91.32,970
2026-08-14,Organic,East,0.0,345
2026-08-14,Paid,East,708.62,8347
2026-08-14,Email,East,149.15,1576
2026-08-14,Referral,East,99.39,992
2026-08-14,Organic,West,0.0,285
2026-08-14,Paid,West,243.62,2871
2026-08-14,Email,West,131.75,1382
2026-08-14,Referral,West,108.84,1153
2026-08-15,Organic,North,0.0,222
2026-08-15,Paid,North,887.78,8845
2026-08-15,Email,North,155.69,1860
2026-08-15,Referral,North,108.33,1065
2026-08-15,Organic,South,0.0,239
2026-08-15,Paid,South,754.81,8695
2026-08-15,Email,South,145.86,1359
2026-08-15,Referral,South,95.26,1056
2026-08-15,Organic,East,0.0,383
2026-08-15,Paid,East,731.12,8652
2026-08-15,Email,East,131.25,1232
2026-08-15,Referral,East,107.55,1118
2026-08-15,Organic,West,0.0,211
2026-08-15,Paid,West,210.53,2428
2026-08-15,Email,West,139.8,1540
2026-08-15,Referral,West,111.65,1126
2026-08-16,Organic,North,0.0,222
2026-08-16,Paid,North,713.39,6036
2026-08-16,Email,North,165.02,1618
2026-08-16,Referral,North,95.66,773
2026-08-16,Organic,South,0.0,240
2026-08-16,Paid,South,759.68,7427
2026-08-16,Email,South,166.54,1847
2026-08-16,Referral,South,105.39,859
2026-08-16,Organic,East,0.0,242
2026-08-16,Paid,East,810.35,8719
2026-08-16,Email,East,144.4,1506
2026-08-16,Referral,East,91.58,986
2026-08-16,Organic,West,0.0,334
2026-08-16,Paid,West,211.3,2330
2026-08-16,Email,West,160.46,1496
2026-08-16,Referral,West,114.23,915
2026-08-17,Organic,North,0.0,412
2026-08-17,Paid,North,800.91,8685
2026-08-17,Email,North,129.74,1103
2026-08-17,Referral,North,94.21,868
2026-08-17,Organic,South,0.0,324
2026-08-17,Paid,South,699.41,6342
2026-08-17,Email,South,161.35,1526
2026-08-17,Referral,South,89.9,848
2026-08-17,Organic,East,0.0,331
2026-08-17,Paid,East,872.32,8983
2026-08-17,Email,East,168.82,1761
2026-08-17,Referral,East,98.38,943
2026-08-17,Organic,West,0.0,298
2026-08-17,Paid,West,229.15,2358
2026-08-17,Email,West,153.99,1236
2026-08-17,Referral,West,92.25,1048
2026-08-18,Organic,North,0.0,388
2026-08-18,Paid,North,764.16,6560
2026-08-18,Email,North,132.33,1546
2026-08-18,Referral,North,101.11,1198
2026-08-18,Organic,South,0.0,430
2026-08-18,Paid,South,848.27,8843
2026-08-18,Email,South,170.89,2047
2026-08-18,Referral,South,93.31,1096
2026-08-18,Organic,East,0.0,234
2026-08-18,Paid,East,780.68,7812
2026-08-18,Email,East,166.9,1342
2026-08-18,Referral,East,99.03,974
2026-08-18,Organic,West,0.0,308
2026-08-18,Paid,West,266.53,2824
2026-08-18,Email,West,164.86,1592
2026-08-18,Referral,West,109.04,1257
2026-08-19,Organic,North,0.0,240
2026-08-19,Paid,North,761.71,8092
2026-08-19,Email,North,169.19,1817
2026-08-19,Referral,North,93.72,1021
2026-08-19,Organic,South,0.0,436
2026-08-19,Paid,South,774.57,9035
2026-08-19,Email,South,150.05,1366
2026-08-19,Referral,South,107.91,1164
2026-08-19,Organic,East,0.0,263
2026-08-19,Paid,East,863.39,10294
2026-08-19,Email,East,166.98,1627
2026-08-19,Referral,East,105.26,1149
2026-08-19,Organic,West,0.0,393
2026-08-19,Paid,West,223.52,2246
2026-08-19,Email,West,145.33,1337
2026-08-19,Referral,West,85.27,894
2026-08-20,Organic,North,0.0,348
2026-08-20,Paid,North,785.73,6349
2026-08-20,Email,North,154.98,1651
2026-08-20,Referral,North,93.66,860
2026-08-20,Organic,South,0.0,252
2026-08-20,Paid,South,822.4,9535
2026-08-20,Email,South,133.11,1589
2026-08-20,Referral,South,100.13,906
2026-08-20,Organic,East,0.0,359
2026-08-20,Paid,East,793.86,9017
2026-08-20,Email,East,163.3,1838
2026-08-20,Referral,East,105.25,1022
2026-08-20,Organic,West,0.0,396
2026-08-20,Paid,West,245.36,2774
2026-08-20,Email,West,148.75,1552
2026-08-20,Referral,West,100.81,968
2026-08-21,Organic,North,0.0,204
2026-08-21,Paid,North,707.18,6842
2026-08-21,Email,North,140.56,1310
2026-08-21,Referral,North,95.52,844
2026-08-21,Organic,South,0.0,346
2026-08-21,Paid,South,909.9,8985
2026-08-21,Email,South,150.77,1601
2026-08-21,Referral,South,91.57,1093
2026-08-21,Organic,East,0.0,234
2026-08-21,Paid,East,889.61,9426
2026-08-21,Email,East,133.61,1284
2026-08-21,Referral,East,102.5,1008
2026-08-21,Organic,West,0.0,366
2026-08-21,Paid,West,238.52,2279
2026-08-21,Email,West,139.22,1426
2026-08-21,Referral,West,86.01,1010
2026-08-22,Organic,North,0.0,232
2026-08-22,Paid,North,682.34,5812
2026-08-22,Email,North,149.07,1439
2026-08-22,Referral,North,109.25,1171
2026-08-22,Organic,South,0.0,469
2026-08-22,Paid,South,871.77,7769
2026-08-22,Email,South,157.85,1415
2026-08-22,Referral,South,88.01,783
2026-08-22,Organic,East,0.0,251
2026-08-22,Paid,East,727.4,8117
2026-08-22,Email,East,152.33,1680
2026-08-22,Referral,East,110.88,1094
2026-08-22,Organic,West,0.0,303
2026-08-22,Paid,West,209.18,2065
2026-08-22,Email,West,164.34,1841
2026-08-22,Referral,West,103.99,983
2026-08-23,Organic,North,0.0,315
2026-08-23,Paid,North,790.33,6942
2026-08-23,Email,North,149.69,1199
2026-08-23,Referral,North,97.77,1006
2026-08-23,Organic,South,0.0,369
2026-08-23,Paid,South,843.74,7292
2026-08-23,Email,South,145.44,1212
2026-08-23,Referral,South,111.42,1296
2026-08-23,Organic,East,0.0,292
2026-08-23,Paid,East,695.81,7639
2026-08-23,Email,East,172.18,1500
2026-08-23,Referral,East,111.01,1158
2026-08-23,Organic,West,0.0,414
2026-08-23,Paid,West,264.38,2522
2026-08-23,Email,West,155.66,1597
2026-08-23,Referral,West,93.99,1049
2026-08-24,Organic,North,0.0,327
2026-08-24,Paid,North,850.31,7270
2026-08-24,Email,North,162.22,1824
2026-08-24,Referral,North,104.08,1200
2026-08-24,Organic,South,0.0,307
2026-08-24,Paid,South,884.81,8439
2026-08-24,Email,South,140.53,1354
2026-08-24,Referral,South,112.44,1118
2026-08-24,Organic,East,0.0,397
2026-08-24,Paid,East,725.1,6179
2026-08-24,Email,East,143.85,1331
2026-08-24,Referral,East,113.2,1074
2026-08-24,Organic,West,0.0,315
2026-08-24,Paid,West,260.51,2086
2026-08-24,Email,West,136.64,1619
2026-08-24,Referral,West,110.55,1218
2026-08-25,Organic,North,0.0,349
2026-08-25,Paid,North,729.15,7289
2026-08-25,Email,North,135.83,1165
2026-08-25,Referral,North,103.73,950
2026-08-25,Organic,South,0.0,499
2026-08-25,Paid,South,753.5,7144
2026-08-25,Email,South,143.16,1646
2026-08-25,Referral,South,103.5,839
2026-08-25,Organic,East,0.0,465
2026-08-25,Paid,East,894.98,7668
2026-08-25,Email,East,151.92,1251
2026-08-25,Referral,East,106.85,1153
2026-08-25,Organic,West,0.0,358
2026-08-25,Paid,West,218.44,2056
2026-08-25,Email,West,168.3,1434
2026-08-25,Referral,West,113.33,1156
2026-08-26,Organic,North,0.0,338
2026-08-26,Paid,North,843.27,9852
2026-08-26,Email,North,127.87,1313
2026-08-26,Referral,North,104.88,1011
2026-08-26,Organic,South,0.0,213
2026-08-26,Paid,South,885.42,7356
2026-08-26,Email,South,132.89,1353
2026-08-26,Referral,South,88.76,811
2026-08-26,Organic,East,0.0,408
2026-08-26,Paid,East,880.6,7728
2026-08-26,Email,East,160.66,1710
2026-08-26,Referral,East,90.1,845
2026-08-26,Organic,West,0.0,406
2026-08-26,Paid,West,235.14,2792
2026-08-26,Email,West,164.51,1404
2026-08-26,Referral,West,106.4,1243
2026-08-27,Organic,North,0.0,478
2026-08-27,Paid,North,799.66,9110
2026-08-27,Email,North,133.95,1579
2026-08-27,Referral,North,91.05,1091
2026-08-27,Organic,South,0.0,252
2026-08-27,Paid,South,703.35,5917
2026-08-27,Email,South,169.62,1650
2026-08-27,Referral,South,104.62,1000
2026-08-27,Organic,East,0.0,268
2026-08-27,Paid,East,828.42,7906
2026-08-27,Email,East,135.24,1506
2026-08-27,Referral,East,101.35,897
2026-08-27,Organic,West,0.0,257
2026-08-27,Paid,West,221.14,2647
2026-08-27,Email,West,146.82,1200
2026-08-27,Referral,West,108.24,1225
2026-08-28,Organic,North,0.0,348
2026-08-28,Paid,North,844.61,7792
2026-08-28,Email,North,148.96,1243
2026-08-28,Referral,North,89.5,759
2026-08-28,Organic,South,0.0,323
2026-08-28,Paid,South,909.86,9079
2026-08-28,Email,South,164.12,1639
2026-08-28,Referral,South,109.25,1124
2026-08-28,Organic,East,0.0,281
2026-08-28,Paid,East,838.68,8387
2026-08-28,Email,East,163.9,1943
2026-08-28,Referral,East,109.19,1055
2026-08-28,Organic,West,0.0,384
2026-08-28,Paid,West,251.89,2064
2026-08-28,Email,West,154.16,1671
2026-08-28,Referral,West,113.45,1342
2026-08-29,Organic,North,0.0,445
2026-08-29,Paid,North,756.17,7775
2026-08-29,Email,North,155.52,1454
2026-08-29,Referral,North,94.07,1087
2026-08-29,Organic,South,0.0,319
2026-08-29,Paid,South,688.6,7673
2026-08-29,Email,South,137.44,1185
2026-08-29,Referral,South,112.81,1220
2026-08-29,Organic,East,0.0,304
2026-08-29,Paid,East,820.09,9295
2026-08-29,Email,East,135.26,1362
2026-08-29,Referral,East,110.68,1298
2026-08-29,Organic,West,0.0,220
2026-08-29,Paid,West,234.61,2231
2026-08-29,Email,West,138.09,1428
2026-08-29,Referral,West,102.73,1177
2026-08-30,Organic,North,0.0,414
2026-08-30,Paid,North,866.23,8715
2026-08-30,Email,North,159.91,1693
2026-08-30,Referral,North,92.65,1095
2026-08-30,Organic,South,0.0,383
2026-08-30,Paid,South,891.43,10377
2026-08-30,Email,South,152.98,1325
2026-08-30,Referral,South,104.33,1242
2026-08-30,Organic,East,0.0,355
2026-08-30,Paid,East,707.04,7683
2026-08-30,Email,East,136.21,1101
2026-08-30,Referral,East,89.27,822
2026-08-30,Organic,West,0.0,293
2026-08-30,Paid,West,235.2,2687
2026-08-30,Email,West,163.85,1953
2026-08-30,Referral,West,93.81,1053
2026-08-31,Organic,North,0.0,350
2026-08-31,Paid,North,721.41,7664
2026-08-31,Email,North,171.21,1379
2026-08-31,Referral,North,92.46,828
2026-08-31,Organic,South,0.0,202
2026-08-31,Paid,South,882.42,7673
2026-08-31,Email,South,158.89,1869
2026-08-31,Referral,South,108.6,931
2026-08-31,Organic,East,0.0,426
2026-08-31,Paid,East,697.18,7247
2026-08-31,Email,East,168.68,1621
2026-08-31,Referral,East,95.28,836
2026-08-31,Organic,West,0.0,278
2026-08-31,Paid,West,219.41,2298
2026-08-31,Email,West,162.64,1821
2026-08-31,Referral,West,106.96,908
