order_id,customer_id,product_id,order_date,quantity,revenue,channel
O000001,C0212,P0007,2025-09-01,2,123.96,Email
O000002,C0280,P0004,2025-09-01,2,235.4,Email
O000003,C0768,P0010,2025-09-01,3,109.59,Paid
O000004,C0303,P0015,2025-09-01,1,52.3,Organic
O000005,C0164,P0012,2025-09-01,2,79.86,Paid
O000006,C0332,P0012,2025-09-01,1,39.93,Organic
O000007,C0675,P0018,2025-09-01,3,260.13,Paid
O000008,C0203,P0021,2025-09-01,1,117.78,Paid
O000009,C0473,P0024,2025-09-01,3,320.91,Paid
O000010,C0724,P0032,2025-09-01,1,10.99,Email
O000011,C0644,P0001,2025-09-01,3,941.58,Paid
O000012,C0773,P0002,2025-09-01,1,224.66,Email
O000013,C0261,P0009,2025-09-01,2,97.3,Organic
O000014,C0721,P0023,2025-09-01,2,250.92,Paid
O000015,C0557,P0021,2025-09-01,2,235.56,Paid
O000016,C0699,P0028,2025-09-01,2,45.44,Organic
O000017,C0719,P0038,2025-09-01,3,309.06,Paid
O000018,C0300,P0003,2025-09-01,2,195.94,Email
O000019,C0668,P0019,2025-09-01,3,238.77,Email
O000020,C0496,P0023,2025-09-01,1,125.46,Paid
O000021,C0471,P0017,2025-09-01,1,123.38,Paid
O000022,C0336,P0024,2025-09-01,1,106.97,Paid
O000023,C0008,P0022,2025-09-01,1,130.38,Paid
O000024,C0585,P0030,2025-09-01,3,48.03,Paid
O000025,C0215,P0029,2025-09-01,3,68.67,Organic
O000026,C0502,P0035,2025-09-01,3,289.29,Paid
O000027,C0669,P0036,2025-09-01,1,28.53,Paid
O000028,C0713,P0037,2025-09-01,1,82.31,Organic
O000029,C0078,P0033,2025-09-01,2,167.96,Email
O000030,C0471,P0037,2025-09-01,3,246.93,Paid
O000031,C0149,P0004,2025-09-01,1,117.7,Paid
O000032,C0593,P0015,2025-09-01,2,104.6,Paid
O000033,C0291,P0011,2025-09-01,3,131.46,Paid
O000034,C0185,P0018,2025-09-01,3,260.13,Paid
O000035,C0375,P0020,2025-09-01,3,338.19,Paid
O000036,C0501,P0029,2025-09-01,3,68.67,Email
O000037,C0493,P0030,2025-09-01,2,32.02,Paid
O000038,C0707,P0028,2025-09-01,3,68.16,Organic
O000039,C0441,P0037,2025-09-01,1,82.31,Organic
O000040,C0056,P0037,2025-09-01,3,246.93,Paid
O000041,C0551,P0040,2025-09-01,3,105.9,Paid
O000042,C0743,P0002,2025-09-02,1,224.66,Paid
O000043,C0094,P0016,2025-09-02,2,59.64,Paid
O000044,C0129,P0013,2025-09-02,3,129.78,Paid
O000045,C0797,P0014,2025-09-02,3,184.29,Paid
O000046,C0038,P0010,2025-09-02,2,73.06,Paid
O000047,C0332,P0018,2025-09-02,3,260.13,Paid
O000048,C0589,P0022,2025-09-02,1,130.38,Paid
O000049,C0361,P0017,2025-09-02,1,123.38,Paid
O000050,C0097,P0019,2025-09-02,1,79.59,Paid
O000051,C0788,P0027,2025-09-02,2,89.92,Referral
O000052,C0202,P0035,2025-09-02,1,96.43,Paid
O000053,C0600,P0040,2025-09-02,1,35.3,Paid
O000054,C0041,P0036,2025-09-02,1,28.53,Email
O000055,C0358,P0006,2025-09-02,2,318.4,Paid
O000056,C0774,P0007,2025-09-02,1,61.98,Paid
O000057,C0756,P0001,2025-09-02,2,627.72,Referral
O000058,C0698,P0018,2025-09-02,3,260.13,Paid
O000059,C0644,P0022,2025-09-02,2,260.76,Referral
O000060,C0198,P0022,2025-09-02,3,391.14,Paid
O000061,C0777,P0022,2025-09-02,2,260.76,Email
O000062,C0266,P0025,2025-09-02,2,92.12,Organic
O000063,C0719,P0026,2025-09-02,2,35.72,Organic
O000064,C0728,P0030,2025-09-02,2,32.02,Paid
O000065,C0758,P0031,2025-09-02,1,29.85,Paid
O000066,C0409,P0033,2025-09-02,2,167.96,Paid
O000067,C0106,P0038,2025-09-02,2,206.04,Organic
O000068,C0591,P0033,2025-09-02,1,83.98,Paid
O000069,C0250,P0037,2025-09-02,3,246.93,Organic
O000070,C0695,P0007,2025-09-02,3,185.94,Paid
O000071,C0502,P0012,2025-09-02,1,39.93,Paid
O000072,C0527,P0020,2025-09-02,2,225.46,Email
O000073,C0153,P0020,2025-09-02,3,338.19,Paid
O000074,C0636,P0019,2025-09-02,3,238.77,Organic
O000075,C0577,P0030,2025-09-02,2,32.02,Paid
O000076,C0572,P0032,2025-09-02,1,10.99,Paid
O000077,C0449,P0034,2025-09-02,1,93.55,Paid
O000078,C0636,P0037,2025-09-02,2,164.62,Paid
O000079,C0100,P0004,2025-09-02,3,353.1,Organic
O000080,C0740,P0006,2025-09-02,3,477.6,Paid
O000081,C0039,P0015,2025-09-02,1,52.3,Paid
O000082,C0469,P0021,2025-09-02,2,235.56,Organic
O000083,C0367,P0017,2025-09-02,2,246.76,Paid
O000084,C0603,P0019,2025-09-02,3,238.77,Paid
O000085,C0492,P0023,2025-09-02,3,376.38,Paid
O000086,C0551,P0023,2025-09-02,2,250.92,Email
O000087,C0555,P0024,2025-09-02,2,213.94,Paid
O000088,C0561,P0022,2025-09-02,2,260.76,Paid
O000089,C0555,P0026,2025-09-02,3,53.58,Paid
O000090,C0525,P0030,2025-09-02,1,16.01,Referral
O000091,C0373,P0035,2025-09-02,3,289.29,Paid
O000092,C0441,P0040,2025-09-02,1,35.3,Paid
O000093,C0127,P0002,2025-09-03,3,673.98,Paid
O000094,C0222,P0004,2025-09-03,3,353.1,Email
O000095,C0038,P0011,2025-09-03,3,131.46,Referral
O000096,C0657,P0011,2025-09-03,2,87.64,Paid
O000097,C0454,P0020,2025-09-03,1,112.73,Paid
O000098,C0455,P0019,2025-09-03,1,79.59,Paid
O000099,C0175,P0022,2025-09-03,3,391.14,Paid
O000100,C0038,P0022,2025-09-03,1,130.38,Paid
O000101,C0129,P0029,2025-09-03,2,45.78,Email
O000102,C0673,P0030,2025-09-03,3,48.03,Paid
O000103,C0768,P0035,2025-09-03,3,289.29,Email
O000104,C0348,P0035,2025-09-03,3,289.29,Paid
O000105,C0549,P0039,2025-09-03,1,18.78,Paid
O000106,C0675,P0035,2025-09-03,2,192.86,Paid
O000107,C0370,P0003,2025-09-03,2,195.94,Organic
O000108,C0116,P0009,2025-09-03,2,97.3,Organic
O000109,C0423,P0012,2025-09-03,3,119.79,Paid
O000110,C0261,P0023,2025-09-03,3,376.38,Paid
O000111,C0642,P0022,2025-09-03,1,130.38,Paid
O000112,C0748,P0032,2025-09-03,3,32.97,Paid
O000113,C0267,P0030,2025-09-03,2,32.02,Paid
O000114,C0033,P0032,2025-09-03,3,32.97,Email
O000115,C0481,P0039,2025-09-03,2,37.56,Paid
O000116,C0433,P0034,2025-09-03,3,280.65,Paid
O000117,C0728,P0033,2025-09-03,3,251.94,Paid
O000118,C0272,P0002,2025-09-03,3,673.98,Paid
O000119,C0464,P0013,2025-09-03,2,86.52,Paid
O000120,C0653,P0020,2025-09-03,1,112.73,Email
O000121,C0032,P0024,2025-09-03,1,106.97,Email
O000122,C0478,P0026,2025-09-03,2,35.72,Paid
O000123,C0456,P0028,2025-09-03,3,68.16,Organic
O000124,C0620,P0029,2025-09-03,2,45.78,Paid
O000125,C0075,P0035,2025-09-03,3,289.29,Paid
O000126,C0300,P0034,2025-09-03,3,280.65,Paid
O000127,C0646,P0033,2025-09-03,1,83.98,Email
O000128,C0638,P0038,2025-09-03,2,206.04,Paid
O000129,C0498,P0006,2025-09-03,3,477.6,Paid
O000130,C0233,P0001,2025-09-03,1,313.86,Paid
O000131,C0781,P0007,2025-09-03,3,185.94,Referral
O000132,C0314,P0009,2025-09-03,1,48.65,Paid
O000133,C0349,P0016,2025-09-03,1,29.82,Email
O000134,C0373,P0030,2025-09-03,3,48.03,Paid
O000135,C0730,P0029,2025-09-03,1,22.89,Organic
O000136,C0185,P0026,2025-09-03,1,17.86,Paid
O000137,C0798,P0026,2025-09-03,3,53.58,Paid
O000138,C0665,P0031,2025-09-03,2,59.7,Paid
O000139,C0147,P0040,2025-09-03,3,105.9,Paid
O000140,C0500,P0034,2025-09-03,1,93.55,Paid
O000141,C0344,P0034,2025-09-03,1,93.55,Paid
O000142,C0117,P0034,2025-09-03,3,280.65,Paid
O000143,C0716,P0038,2025-09-03,1,103.02,Paid
O000144,C0473,P0003,2025-09-04,2,195.94,Paid
O000145,C0473,P0005,2025-09-04,2,353.1,Paid
O000146,C0110,P0006,2025-09-04,3,477.6,Paid
O000147,C0455,P0004,2025-09-04,1,117.7,Email
O000148,C0223,P0002,2025-09-04,3,673.98,Paid
O000149,C0065,P0011,2025-09-04,3,131.46,Paid
O000150,C0013,P0009,2025-09-04,2,97.3,Paid
O000151,C0741,P0017,2025-09-04,1,123.38,Paid
O000152,C0731,P0028,2025-09-04,2,45.44,Email
O000153,C0678,P0028,2025-09-04,3,68.16,Paid
O000154,C0503,P0025,2025-09-04,1,46.06,Email
O000155,C0081,P0028,2025-09-04,3,68.16,Email
O000156,C0339,P0030,2025-09-04,1,16.01,Referral
O000157,C0519,P0028,2025-09-04,2,45.44,Paid
O000158,C0448,P0038,2025-09-04,1,103.02,Paid
O000159,C0193,P0037,2025-09-04,2,164.62,Paid
O000160,C0317,P0034,2025-09-04,2,187.1,Paid
O000161,C0764,P0016,2025-09-04,1,29.82,Paid
O000162,C0198,P0013,2025-09-04,1,43.26,Paid
O000163,C0376,P0021,2025-09-04,3,353.34,Organic
O000164,C0671,P0018,2025-09-04,1,86.71,Referral
O000165,C0591,P0035,2025-09-04,2,192.86,Email
O000166,C0116,P0039,2025-09-04,1,18.78,Organic
O000167,C0747,P0033,2025-09-04,2,167.96,Paid
O000168,C0044,P0013,2025-09-04,2,86.52,Paid
O000169,C0162,P0009,2025-09-04,2,97.3,Paid
O000170,C0638,P0012,2025-09-04,1,39.93,Email
O000171,C0162,P0021,2025-09-04,2,235.56,Email
O000172,C0720,P0018,2025-09-04,3,260.13,Email
O000173,C0393,P0019,2025-09-04,3,238.77,Organic
O000174,C0720,P0028,2025-09-04,1,22.72,Organic
O000175,C0464,P0038,2025-09-04,2,206.04,Organic
O000176,C0665,P0002,2025-09-04,3,673.98,Organic
O000177,C0645,P0002,2025-09-04,3,673.98,Paid
O000178,C0009,P0003,2025-09-04,2,195.94,Paid
O000179,C0039,P0004,2025-09-04,1,117.7,Paid
O000180,C0707,P0003,2025-09-04,2,195.94,Paid
O000181,C0664,P0016,2025-09-04,1,29.82,Paid
O000182,C0574,P0010,2025-09-04,3,109.59,Organic
O000183,C0416,P0012,2025-09-04,3,119.79,Organic
O000184,C0053,P0013,2025-09-04,3,129.78,Paid
O000185,C0258,P0016,2025-09-04,2,59.64,Paid
O000186,C0159,P0011,2025-09-04,3,131.46,Paid
O000187,C0310,P0018,2025-09-04,1,86.71,Paid
O000188,C0247,P0019,2025-09-04,3,238.77,Referral
O000189,C0416,P0017,2025-09-04,2,246.76,Organic
O000190,C0396,P0027,2025-09-04,3,134.88,Paid
O000191,C0740,P0038,2025-09-04,1,103.02,Email
O000192,C0222,P0005,2025-09-05,2,353.1,Paid
O000193,C0519,P0003,2025-09-05,1,97.97,Paid
O000194,C0259,P0016,2025-09-05,3,89.46,Paid
O000195,C0421,P0014,2025-09-05,2,122.86,Paid
O000196,C0435,P0009,2025-09-05,3,145.95,Paid
O000197,C0775,P0015,2025-09-05,1,52.3,Paid
O000198,C0559,P0014,2025-09-05,1,61.43,Paid
O000199,C0041,P0017,2025-09-05,3,370.14,Paid
O000200,C0583,P0019,2025-09-05,2,159.18,Paid
O000201,C0099,P0017,2025-09-05,1,123.38,Paid
O000202,C0222,P0025,2025-09-05,1,46.06,Paid
O000203,C0292,P0032,2025-09-05,1,10.99,Paid
O000204,C0074,P0025,2025-09-05,2,92.12,Paid
O000205,C0446,P0027,2025-09-05,2,89.92,Paid
O000206,C0064,P0025,2025-09-05,1,46.06,Paid
O000207,C0099,P0028,2025-09-05,2,45.44,Paid
O000208,C0024,P0033,2025-09-05,3,251.94,Paid
O000209,C0677,P0036,2025-09-05,2,57.06,Organic
O000210,C0549,P0034,2025-09-05,2,187.1,Organic
O000211,C0675,P0034,2025-09-05,2,187.1,Referral
O000212,C0231,P0005,2025-09-05,2,353.1,Paid
O000213,C0405,P0004,2025-09-05,1,117.7,Paid
O000214,C0415,P0010,2025-09-05,2,73.06,Paid
O000215,C0433,P0011,2025-09-05,1,43.82,Organic
O000216,C0635,P0013,2025-09-05,1,43.26,Paid
O000217,C0694,P0009,2025-09-05,3,145.95,Paid
O000218,C0126,P0015,2025-09-05,3,156.9,Paid
O000219,C0796,P0012,2025-09-05,3,119.79,Paid
O000220,C0747,P0016,2025-09-05,1,29.82,Paid
O000221,C0557,P0013,2025-09-05,3,129.78,Paid
O000222,C0699,P0020,2025-09-05,2,225.46,Organic
O000223,C0250,P0019,2025-09-05,1,79.59,Email
O000224,C0616,P0023,2025-09-05,1,125.46,Paid
O000225,C0494,P0031,2025-09-05,2,59.7,Paid
O000226,C0777,P0030,2025-09-05,3,48.03,Paid
O000227,C0672,P0031,2025-09-05,1,29.85,Paid
O000228,C0275,P0033,2025-09-05,2,167.96,Paid
O000229,C0033,P0040,2025-09-05,1,35.3,Paid
O000230,C0370,P0036,2025-09-05,2,57.06,Paid
O000231,C0639,P0033,2025-09-05,1,83.98,Paid
O000232,C0531,P0006,2025-09-05,2,318.4,Organic
O000233,C0523,P0001,2025-09-05,1,313.86,Paid
O000234,C0153,P0001,2025-09-05,1,313.86,Paid
O000235,C0256,P0011,2025-09-05,2,87.64,Organic
O000236,C0230,P0016,2025-09-05,2,59.64,Paid
O000237,C0480,P0013,2025-09-05,3,129.78,Paid
O000238,C0661,P0016,2025-09-05,1,29.82,Email
O000239,C0668,P0014,2025-09-05,2,122.86,Paid
O000240,C0577,P0015,2025-09-05,3,156.9,Organic
O000241,C0778,P0009,2025-09-05,2,97.3,Paid
O000242,C0456,P0024,2025-09-05,3,320.91,Paid
O000243,C0238,P0017,2025-09-05,2,246.76,Paid
O000244,C0136,P0025,2025-09-05,3,138.18,Paid
O000245,C0238,P0026,2025-09-05,3,53.58,Paid
O000246,C0300,P0025,2025-09-05,3,138.18,Paid
O000247,C0740,P0007,2025-09-05,2,123.96,Organic
O000248,C0609,P0007,2025-09-05,2,123.96,Organic
O000249,C0665,P0005,2025-09-05,3,529.65,Email
O000250,C0140,P0016,2025-09-05,1,29.82,Email
O000251,C0634,P0009,2025-09-05,1,48.65,Paid
O000252,C0185,P0010,2025-09-05,2,73.06,Paid
O000253,C0218,P0022,2025-09-05,1,130.38,Paid
O000254,C0062,P0029,2025-09-05,2,45.78,Paid
O000255,C0798,P0038,2025-09-05,2,206.04,Email
O000256,C0515,P0034,2025-09-05,1,93.55,Email
O000257,C0020,P0036,2025-09-05,3,85.59,Referral
O000258,C0741,P0003,2025-09-06,2,195.94,Paid
O000259,C0556,P0004,2025-09-06,3,353.1,Referral
O000260,C0299,P0009,2025-09-06,3,145.95,Organic
O000261,C0795,P0016,2025-09-06,2,59.64,Paid
O000262,C0255,P0011,2025-09-06,2,87.64,Paid
O000263,C0641,P0018,2025-09-06,3,260.13,Organic
O000264,C0587,P0022,2025-09-06,2,260.76,Paid
O000265,C0468,P0023,2025-09-06,3,376.38,Paid
O000266,C0165,P0028,2025-09-06,2,45.44,Paid
O000267,C0337,P0029,2025-09-06,1,22.89,Referral
O000268,C0731,P0025,2025-09-06,3,138.18,Paid
O000269,C0684,P0031,2025-09-06,2,59.7,Organic
O000270,C0587,P0036,2025-09-06,3,85.59,Paid
O000271,C0723,P0034,2025-09-06,1,93.55,Paid
O000272,C0434,P0039,2025-09-06,1,18.78,Paid
O000273,C0544,P0038,2025-09-06,1,103.02,Organic
O000274,C0546,P0006,2025-09-06,1,159.2,Paid
O000275,C0728,P0002,2025-09-06,3,673.98,Paid
O000276,C0198,P0003,2025-09-06,3,293.91,Paid
O000277,C0447,P0004,2025-09-06,1,117.7,Paid
O000278,C0546,P0003,2025-09-06,3,293.91,Paid
O000279,C0266,P0014,2025-09-06,1,61.43,Paid
O000280,C0330,P0011,2025-09-06,1,43.82,Paid
O000281,C0433,P0016,2025-09-06,1,29.82,Organic
O000282,C0739,P0014,2025-09-06,1,61.43,Email
O000283,C0552,P0021,2025-09-06,3,353.34,Organic
O000284,C0616,P0017,2025-09-06,2,246.76,Paid
O000285,C0208,P0019,2025-09-06,1,79.59,Paid
O000286,C0719,P0020,2025-09-06,1,112.73,Paid
O000287,C0672,P0021,2025-09-06,2,235.56,Paid
O000288,C0034,P0025,2025-09-06,1,46.06,Email
O000289,C0073,P0029,2025-09-06,1,22.89,Paid
O000290,C0226,P0028,2025-09-06,3,68.16,Paid
O000291,C0021,P0025,2025-09-06,2,92.12,Paid
O000292,C0672,P0028,2025-09-06,1,22.72,Organic
O000293,C0786,P0030,2025-09-06,1,16.01,Organic
O000294,C0420,P0035,2025-09-06,3,289.29,Paid
O000295,C0231,P0035,2025-09-06,2,192.86,Paid
O000296,C0490,P0040,2025-09-06,2,70.6,Paid
O000297,C0423,P0035,2025-09-06,2,192.86,Email
O000298,C0016,P0033,2025-09-06,1,83.98,Paid
O000299,C0036,P0003,2025-09-06,1,97.97,Paid
O000300,C0450,P0004,2025-09-06,3,353.1,Paid
O000301,C0669,P0002,2025-09-06,3,673.98,Paid
O000302,C0119,P0016,2025-09-06,1,29.82,Organic
O000303,C0767,P0018,2025-09-06,1,86.71,Paid
O000304,C0565,P0022,2025-09-06,1,130.38,Email
O000305,C0462,P0019,2025-09-06,1,79.59,Paid
O000306,C0704,P0026,2025-09-06,3,53.58,Paid
O000307,C0478,P0028,2025-09-06,3,68.16,Paid
O000308,C0497,P0027,2025-09-06,3,134.88,Paid
O000309,C0300,P0026,2025-09-06,3,53.58,Email
O000310,C0324,P0026,2025-09-06,3,53.58,Email
O000311,C0661,P0038,2025-09-06,2,206.04,Referral
O000312,C0572,P0035,2025-09-06,3,289.29,Paid
O000313,C0572,P0039,2025-09-06,2,37.56,Organic
O000314,C0032,P0037,2025-09-06,2,164.62,Paid
O000315,C0716,P0005,2025-09-06,3,529.65,Organic
O000316,C0582,P0007,2025-09-06,2,123.96,Paid
O000317,C0477,P0002,2025-09-06,1,224.66,Referral
O000318,C0430,P0005,2025-09-06,2,353.1,Paid
O000319,C0069,P0015,2025-09-06,2,104.6,Paid
O000320,C0688,P0010,2025-09-06,2,73.06,Paid
O000321,C0367,P0015,2025-09-06,3,156.9,Email
O000322,C0568,P0019,2025-09-06,1,79.59,Paid
O000323,C0407,P0020,2025-09-06,2,225.46,Paid
O000324,C0606,P0020,2025-09-06,1,112.73,Paid
O000325,C0306,P0032,2025-09-06,2,21.98,Paid
O000326,C0593,P0027,2025-09-06,3,134.88,Paid
O000327,C0441,P0033,2025-09-06,1,83.98,Paid
O000328,C0234,P0040,2025-09-06,2,70.6,Paid
O000329,C0428,P0036,2025-09-06,3,85.59,Email
O000330,C0401,P0034,2025-09-06,2,187.1,Paid
O000331,C0520,P0038,2025-09-06,1,103.02,Paid
O000332,C0589,P0004,2025-09-07,3,353.1,Paid
O000333,C0064,P0011,2025-09-07,2,87.64,Paid
O000334,C0223,P0014,2025-09-07,1,61.43,Paid
O000335,C0064,P0020,2025-09-07,1,112.73,Paid
O000336,C0503,P0022,2025-09-07,2,260.76,Referral
O000337,C0675,P0028,2025-09-07,1,22.72,Email
O000338,C0435,P0028,2025-09-07,2,45.44,Paid
O000339,C0337,P0033,2025-09-07,3,251.94,Paid
O000340,C0198,P0004,2025-09-07,1,117.7,Paid
O000341,C0240,P0001,2025-09-07,1,313.86,Paid
O000342,C0773,P0010,2025-09-07,2,73.06,Paid
O000343,C0003,P0010,2025-09-07,1,36.53,Paid
O000344,C0680,P0011,2025-09-07,1,43.82,Organic
O000345,C0302,P0011,2025-09-07,1,43.82,Paid
O000346,C0231,P0009,2025-09-07,3,145.95,Paid
O000347,C0240,P0021,2025-09-07,3,353.34,Paid
O000348,C0756,P0024,2025-09-07,1,106.97,Paid
O000349,C0231,P0019,2025-09-07,2,159.18,Paid
O000350,C0190,P0021,2025-09-07,3,353.34,Email
O000351,C0128,P0030,2025-09-07,1,16.01,Paid
O000352,C0028,P0025,2025-09-07,2,92.12,Paid
O000353,C0642,P0030,2025-09-07,3,48.03,Paid
O000354,C0276,P0033,2025-09-07,3,251.94,Referral
O000355,C0537,P0038,2025-09-07,3,309.06,Organic
O000356,C0283,P0034,2025-09-07,2,187.1,Paid
O000357,C0591,P0040,2025-09-07,3,105.9,Paid
O000358,C0304,P0040,2025-09-07,2,70.6,Organic
O000359,C0671,P0033,2025-09-07,3,251.94,Paid
O000360,C0320,P0038,2025-09-07,3,309.06,Paid
O000361,C0602,P0039,2025-09-07,2,37.56,Paid
O000362,C0208,P0038,2025-09-07,3,309.06,Organic
O000363,C0661,P0006,2025-09-07,3,477.6,Email
O000364,C0172,P0003,2025-09-07,1,97.97,Organic
O000365,C0689,P0007,2025-09-07,1,61.98,Organic
O000366,C0695,P0013,2025-09-07,2,86.52,Paid
O000367,C0334,P0024,2025-09-07,2,213.94,Email
O000368,C0112,P0032,2025-09-07,3,32.97,Paid
O000369,C0450,P0028,2025-09-07,3,68.16,Paid
O000370,C0114,P0037,2025-09-07,1,82.31,Email
O000371,C0611,P0039,2025-09-07,1,18.78,Paid
O000372,C0413,P0039,2025-09-07,1,18.78,Email
O000373,C0119,P0040,2025-09-07,3,105.9,Paid
O000374,C0428,P0011,2025-09-07,3,131.46,Paid
O000375,C0564,P0010,2025-09-07,3,109.59,Paid
O000376,C0560,P0015,2025-09-07,3,156.9,Paid
O000377,C0068,P0009,2025-09-07,3,145.95,Referral
O000378,C0147,P0010,2025-09-07,2,73.06,Paid
O000379,C0187,P0023,2025-09-07,1,125.46,Organic
O000380,C0233,P0020,2025-09-07,2,225.46,Paid
O000381,C0603,P0019,2025-09-07,3,238.77,Organic
O000382,C0492,P0023,2025-09-07,2,250.92,Paid
O000383,C0608,P0025,2025-09-07,2,92.12,Paid
O000384,C0469,P0028,2025-09-07,1,22.72,Referral
O000385,C0407,P0037,2025-09-07,2,164.62,Organic
O000386,C0679,P0003,2025-09-08,3,293.91,Referral
O000387,C0505,P0008,2025-09-08,3,558.9,Paid
O000388,C0679,P0011,2025-09-08,2,87.64,Paid
O000389,C0293,P0010,2025-09-08,2,73.06,Email
O000390,C0325,P0015,2025-09-08,1,52.3,Email
O000391,C0325,P0018,2025-09-08,2,173.42,Organic
O000392,C0175,P0032,2025-09-08,2,21.98,Paid
O000393,C0355,P0028,2025-09-08,2,45.44,Paid
O000394,C0341,P0029,2025-09-08,2,45.78,Paid
O000395,C0621,P0025,2025-09-08,3,138.18,Organic
O000396,C0559,P0035,2025-09-08,2,192.86,Paid
O000397,C0510,P0007,2025-09-08,2,123.96,Paid
O000398,C0266,P0006,2025-09-08,2,318.4,Paid
O000399,C0701,P0011,2025-09-08,3,131.46,Paid
O000400,C0079,P0018,2025-09-08,3,260.13,Paid
O000401,C0552,P0023,2025-09-08,3,376.38,Paid
O000402,C0267,P0018,2025-09-08,1,86.71,Paid
O000403,C0342,P0025,2025-09-08,1,46.06,Email
O000404,C0329,P0035,2025-09-08,3,289.29,Organic
O000405,C0719,P0035,2025-09-08,1,96.43,Email
O000406,C0003,P0034,2025-09-08,3,280.65,Paid
O000407,C0758,P0034,2025-09-08,3,280.65,Paid
O000408,C0644,P0035,2025-09-08,2,192.86,Paid
O000409,C0758,P0033,2025-09-08,2,167.96,Paid
O000410,C0721,P0038,2025-09-08,1,103.02,Paid
O000411,C0432,P0004,2025-09-08,1,117.7,Paid
O000412,C0497,P0003,2025-09-08,1,97.97,Paid
O000413,C0413,P0012,2025-09-08,1,39.93,Paid
O000414,C0567,P0013,2025-09-08,2,86.52,Paid
O000415,C0668,P0016,2025-09-08,2,59.64,Paid
O000416,C0148,P0021,2025-09-08,3,353.34,Paid
O000417,C0400,P0019,2025-09-08,1,79.59,Paid
O000418,C0704,P0021,2025-09-08,3,353.34,Paid
O000419,C0778,P0020,2025-09-08,2,225.46,Referral
O000420,C0031,P0026,2025-09-08,3,53.58,Paid
O000421,C0514,P0032,2025-09-08,1,10.99,Organic
O000422,C0225,P0027,2025-09-08,2,89.92,Paid
O000423,C0565,P0025,2025-09-08,3,138.18,Paid
O000424,C0496,P0026,2025-09-08,3,53.58,Paid
O000425,C0563,P0003,2025-09-08,1,97.97,Paid
O000426,C0068,P0005,2025-09-08,2,353.1,Paid
O000427,C0716,P0006,2025-09-08,2,318.4,Paid
O000428,C0515,P0019,2025-09-08,2,159.18,Paid
O000429,C0487,P0019,2025-09-08,1,79.59,Paid
O000430,C0606,P0025,2025-09-08,2,92.12,Paid
O000431,C0029,P0029,2025-09-08,1,22.89,Paid
O000432,C0397,P0038,2025-09-08,3,309.06,Paid
O000433,C0603,P0036,2025-09-08,1,28.53,Paid
O000434,C0258,P0036,2025-09-08,3,85.59,Email
O000435,C0492,P0033,2025-09-08,2,167.96,Paid
O000436,C0029,P0036,2025-09-08,1,28.53,Paid
O000437,C0098,P0003,2025-09-09,1,97.97,Paid
O000438,C0662,P0007,2025-09-09,2,123.96,Paid
O000439,C0618,P0009,2025-09-09,2,97.3,Paid
O000440,C0503,P0014,2025-09-09,3,184.29,Paid
O000441,C0027,P0017,2025-09-09,3,370.14,Organic
O000442,C0618,P0017,2025-09-09,1,123.38,Paid
O000443,C0795,P0027,2025-09-09,2,89.92,Paid
O000444,C0482,P0028,2025-09-09,1,22.72,Referral
O000445,C0724,P0033,2025-09-09,3,251.94,Email
O000446,C0065,P0037,2025-09-09,2,164.62,Paid
O000447,C0777,P0003,2025-09-09,3,293.91,Paid
O000448,C0652,P0016,2025-09-09,3,89.46,Paid
O000449,C0747,P0022,2025-09-09,2,260.76,Paid
O000450,C0552,P0020,2025-09-09,1,112.73,Paid
O000451,C0261,P0032,2025-09-09,3,32.97,Paid
O000452,C0137,P0028,2025-09-09,1,22.72,Paid
O000453,C0739,P0028,2025-09-09,2,45.44,Paid
O000454,C0758,P0028,2025-09-09,3,68.16,Referral
O000455,C0116,P0026,2025-09-09,2,35.72,Paid
O000456,C0274,P0037,2025-09-09,3,246.93,Email
O000457,C0137,P0040,2025-09-09,1,35.3,Paid
O000458,C0765,P0007,2025-09-09,3,185.94,Paid
O000459,C0360,P0008,2025-09-09,1,186.3,Referral
O000460,C0031,P0003,2025-09-09,1,97.97,Organic
O000461,C0661,P0002,2025-09-09,2,449.32,Paid
O000462,C0480,P0021,2025-09-09,3,353.34,Paid
O000463,C0136,P0024,2025-09-09,2,213.94,Paid
O000464,C0238,P0027,2025-09-09,1,44.96,Paid
O000465,C0192,P0036,2025-09-09,2,57.06,Email
O000466,C0703,P0005,2025-09-09,1,176.55,Paid
O000467,C0140,P0010,2025-09-09,3,109.59,Paid
O000468,C0542,P0017,2025-09-09,1,123.38,Paid
O000469,C0005,P0020,2025-09-09,2,225.46,Paid
O000470,C0104,P0021,2025-09-09,1,117.78,Paid
O000471,C0174,P0030,2025-09-09,3,48.03,Paid
O000472,C0707,P0028,2025-09-09,3,68.16,Paid
O000473,C0776,P0028,2025-09-09,2,45.44,Paid
O000474,C0655,P0026,2025-09-09,1,17.86,Paid
O000475,C0117,P0033,2025-09-09,2,167.96,Email
O000476,C0035,P0040,2025-09-09,1,35.3,Paid
O000477,C0482,P0014,2025-09-10,3,184.29,Paid
O000478,C0788,P0017,2025-09-10,1,123.38,Paid
O000479,C0742,P0036,2025-09-10,2,57.06,Paid
O000480,C0250,P0008,2025-09-10,2,372.6,Organic
O000481,C0719,P0005,2025-09-10,3,529.65,Paid
O000482,C0003,P0002,2025-09-10,1,224.66,Email
O000483,C0323,P0001,2025-09-10,1,313.86,Paid
O000484,C0642,P0009,2025-09-10,1,48.65,Paid
O000485,C0047,P0009,2025-09-10,1,48.65,Organic
O000486,C0370,P0017,2025-09-10,3,370.14,Paid
O000487,C0709,P0029,2025-09-10,3,68.67,Paid
O000488,C0604,P0031,2025-09-10,3,89.55,Paid
O000489,C0719,P0028,2025-09-10,3,68.16,Organic
O000490,C0288,P0005,2025-09-10,1,176.55,Organic
O000491,C0456,P0005,2025-09-10,2,353.1,Paid
O000492,C0229,P0012,2025-09-10,3,119.79,Paid
O000493,C0770,P0020,2025-09-10,2,225.46,Paid
O000494,C0036,P0023,2025-09-10,1,125.46,Paid
O000495,C0215,P0039,2025-09-10,3,56.34,Organic
O000496,C0496,P0037,2025-09-10,1,82.31,Email
O000497,C0289,P0034,2025-09-10,3,280.65,Paid
O000498,C0703,P0001,2025-09-10,1,313.86,Paid
O000499,C0563,P0006,2025-09-10,3,477.6,Organic
O000500,C0787,P0003,2025-09-10,2,195.94,Paid
O000501,C0051,P0024,2025-09-10,3,320.91,Email
O000502,C0428,P0017,2025-09-10,3,370.14,Paid
O000503,C0043,P0018,2025-09-10,2,173.42,Organic
O000504,C0297,P0028,2025-09-10,2,45.44,Paid
O000505,C0051,P0031,2025-09-10,2,59.7,Email
O000506,C0520,P0035,2025-09-10,2,192.86,Paid
O000507,C0027,P0003,2025-09-11,1,97.97,Paid
O000508,C0448,P0004,2025-09-11,2,235.4,Paid
O000509,C0223,P0013,2025-09-11,3,129.78,Paid
O000510,C0731,P0009,2025-09-11,2,97.3,Paid
O000511,C0041,P0011,2025-09-11,2,87.64,Paid
O000512,C0097,P0018,2025-09-11,2,173.42,Paid
O000513,C0503,P0030,2025-09-11,1,16.01,Paid
O000514,C0482,P0032,2025-09-11,1,10.99,Organic
O000515,C0727,P0034,2025-09-11,3,280.65,Paid
O000516,C0146,P0033,2025-09-11,1,83.98,Paid
O000517,C0378,P0039,2025-09-11,1,18.78,Paid
O000518,C0208,P0002,2025-09-11,2,449.32,Paid
O000519,C0047,P0002,2025-09-11,3,673.98,Organic
O000520,C0652,P0003,2025-09-11,3,293.91,Paid
O000521,C0266,P0001,2025-09-11,1,313.86,Paid
O000522,C0719,P0006,2025-09-11,2,318.4,Organic
O000523,C0116,P0013,2025-09-11,1,43.26,Paid
O000524,C0231,P0015,2025-09-11,1,52.3,Organic
O000525,C0388,P0015,2025-09-11,2,104.6,Paid
O000526,C0739,P0010,2025-09-11,2,73.06,Paid
O000527,C0490,P0018,2025-09-11,2,173.42,Paid
O000528,C0265,P0017,2025-09-11,2,246.76,Paid
O000529,C0685,P0029,2025-09-11,1,22.89,Email
O000530,C0330,P0025,2025-09-11,2,92.12,Referral
O000531,C0604,P0036,2025-09-11,2,57.06,Paid
O000532,C0611,P0005,2025-09-11,3,529.65,Paid
O000533,C0022,P0010,2025-09-11,3,109.59,Paid
O000534,C0613,P0014,2025-09-11,1,61.43,Organic
O000535,C0770,P0020,2025-09-11,2,225.46,Organic
O000536,C0502,P0020,2025-09-11,2,225.46,Paid
O000537,C0572,P0030,2025-09-11,2,32.02,Paid
O000538,C0136,P0033,2025-09-11,1,83.98,Organic
O000539,C0794,P0002,2025-09-11,3,673.98,Paid
O000540,C0406,P0016,2025-09-11,3,89.46,Organic
O000541,C0020,P0011,2025-09-11,1,43.82,Paid
O000542,C0525,P0018,2025-09-11,2,173.42,Paid
O000543,C0404,P0023,2025-09-11,2,250.92,Paid
O000544,C0561,P0031,2025-09-11,2,59.7,Paid
O000545,C0375,P0040,2025-09-11,2,70.6,Referral
O000546,C0712,P0036,2025-09-11,2,57.06,Paid
O000547,C0574,P0034,2025-09-11,2,187.1,Paid
O000548,C0583,P0011,2025-09-12,2,87.64,Paid
O000549,C0662,P0016,2025-09-12,2,59.64,Paid
O000550,C0600,P0014,2025-09-12,2,122.86,Paid
O000551,C0202,P0019,2025-09-12,2,159.18,Paid
O000552,C0543,P0020,2025-09-12,1,112.73,Paid
O000553,C0325,P0019,2025-09-12,3,238.77,Paid
O000554,C0749,P0027,2025-09-12,1,44.96,Paid
O000555,C0317,P0026,2025-09-12,3,53.58,Paid
O000556,C0165,P0031,2025-09-12,1,29.85,Paid
O000557,C0065,P0027,2025-09-12,2,89.92,Paid
O000558,C0280,P0035,2025-09-12,2,192.86,Paid
O000559,C0165,P0036,2025-09-12,3,85.59,Paid
O000560,C0490,P0001,2025-09-12,1,313.86,Paid
O000561,C0323,P0003,2025-09-12,2,195.94,Paid
O000562,C0777,P0010,2025-09-12,2,73.06,Paid
O000563,C0170,P0009,2025-09-12,3,145.95,Paid
O000564,C0016,P0024,2025-09-12,2,213.94,Paid
O000565,C0793,P0027,2025-09-12,2,89.92,Paid
O000566,C0144,P0026,2025-09-12,3,53.58,Organic
O000567,C0405,P0033,2025-09-12,1,83.98,Paid
O000568,C0120,P0005,2025-09-12,2,353.1,Email
O000569,C0063,P0001,2025-09-12,2,627.72,Organic
O000570,C0032,P0005,2025-09-12,3,529.65,Paid
O000571,C0517,P0008,2025-09-12,2,372.6,Organic
O000572,C0044,P0011,2025-09-12,2,87.64,Organic
O000573,C0351,P0020,2025-09-12,3,338.19,Organic
O000574,C0439,P0017,2025-09-12,3,370.14,Paid
O000575,C0720,P0028,2025-09-12,1,22.72,Email
O000576,C0697,P0031,2025-09-12,1,29.85,Paid
O000577,C0496,P0039,2025-09-12,3,56.34,Paid
O000578,C0043,P0001,2025-09-12,2,627.72,Paid
O000579,C0564,P0002,2025-09-12,2,449.32,Paid
O000580,C0487,P0004,2025-09-12,1,117.7,Referral
O000581,C0703,P0009,2025-09-12,3,145.95,Paid
O000582,C0562,P0018,2025-09-12,2,173.42,Organic
O000583,C0740,P0024,2025-09-12,1,106.97,Paid
O000584,C0493,P0020,2025-09-12,1,112.73,Paid
O000585,C0574,P0018,2025-09-12,3,260.13,Paid
O000586,C0290,P0028,2025-09-12,3,68.16,Paid
O000587,C0030,P0034,2025-09-12,2,187.1,Paid
O000588,C0293,P0003,2025-09-13,3,293.91,Paid
O000589,C0559,P0006,2025-09-13,2,318.4,Organic
O000590,C0505,P0007,2025-09-13,3,185.94,Paid
O000591,C0684,P0004,2025-09-13,2,235.4,Paid
O000592,C0260,P0013,2025-09-13,2,86.52,Paid
O000593,C0797,P0012,2025-09-13,1,39.93,Paid
O000594,C0749,P0019,2025-09-13,1,79.59,Paid
O000595,C0455,P0020,2025-09-13,3,338.19,Paid
O000596,C0013,P0029,2025-09-13,1,22.89,Email
O000597,C0749,P0031,2025-09-13,1,29.85,Paid
O000598,C0524,P0033,2025-09-13,2,167.96,Paid
O000599,C0685,P0001,2025-09-13,2,627.72,Paid
O000600,C0275,P0001,2025-09-13,1,313.86,Referral
O000601,C0672,P0009,2025-09-13,3,145.95,Paid
O000602,C0242,P0013,2025-09-13,1,43.26,Email
O000603,C0028,P0016,2025-09-13,2,59.64,Paid
O000604,C0622,P0020,2025-09-13,1,112.73,Paid
O000605,C0796,P0023,2025-09-13,1,125.46,Paid
O000606,C0409,P0023,2025-09-13,2,250.92,Email
O000607,C0566,P0030,2025-09-13,2,32.02,Paid
O000608,C0250,P0029,2025-09-13,3,68.67,Paid
O000609,C0639,P0035,2025-09-13,3,289.29,Paid
O000610,C0565,P0015,2025-09-13,1,52.3,Paid
O000611,C0704,P0011,2025-09-13,2,87.64,Organic
O000612,C0449,P0012,2025-09-13,1,39.93,Paid
O000613,C0706,P0014,2025-09-13,1,61.43,Paid
O000614,C0607,P0022,2025-09-13,1,130.38,Paid
O000615,C0112,P0028,2025-09-13,3,68.16,Paid
O000616,C0579,P0025,2025-09-13,3,138.18,Email
O000617,C0163,P0001,2025-09-13,2,627.72,Organic
O000618,C0550,P0003,2025-09-13,1,97.97,Paid
O000619,C0582,P0011,2025-09-13,1,43.82,Referral
O000620,C0039,P0010,2025-09-13,1,36.53,Paid
O000621,C0043,P0017,2025-09-13,2,246.76,Paid
O000622,C0168,P0024,2025-09-13,2,213.94,Email
O000623,C0394,P0029,2025-09-13,1,22.89,Paid
O000624,C0394,P0027,2025-09-13,2,89.92,Paid
O000625,C0227,P0028,2025-09-13,2,45.44,Email
O000626,C0550,P0039,2025-09-13,1,18.78,Paid
O000627,C0305,P0035,2025-09-13,2,192.86,Paid
O000628,C0005,P0035,2025-09-13,1,96.43,Email
O000629,C0621,P0002,2025-09-14,1,224.66,Organic
O000630,C0458,P0003,2025-09-14,1,97.97,Paid
O000631,C0257,P0013,2025-09-14,3,129.78,Paid
O000632,C0443,P0022,2025-09-14,1,130.38,Paid
O000633,C0662,P0017,2025-09-14,1,123.38,Referral
O000634,C0749,P0022,2025-09-14,1,130.38,Paid
O000635,C0355,P0025,2025-09-14,3,138.18,Paid
O000636,C0583,P0026,2025-09-14,1,17.86,Referral
O000637,C0662,P0036,2025-09-14,3,85.59,Organic
O000638,C0556,P0034,2025-09-14,1,93.55,Paid
O000639,C0127,P0033,2025-09-14,1,83.98,Paid
O000640,C0123,P0034,2025-09-14,2,187.1,Organic
O000641,C0339,P0037,2025-09-14,2,164.62,Organic
O000642,C0190,P0005,2025-09-14,3,529.65,Paid
O000643,C0576,P0008,2025-09-14,1,186.3,Paid
O000644,C0274,P0015,2025-09-14,3,156.9,Paid
O000645,C0557,P0015,2025-09-14,2,104.6,Paid
O000646,C0494,P0011,2025-09-14,1,43.82,Paid
O000647,C0231,P0016,2025-09-14,3,89.46,Paid
O000648,C0753,P0015,2025-09-14,3,156.9,Paid
O000649,C0728,P0017,2025-09-14,3,370.14,Paid
O000650,C0376,P0024,2025-09-14,3,320.91,Paid
O000651,C0774,P0028,2025-09-14,3,68.16,Email
O000652,C0047,P0028,2025-09-14,2,45.44,Organic
O000653,C0335,P0031,2025-09-14,1,29.85,Referral
O000654,C0358,P0032,2025-09-14,3,32.97,Paid
O000655,C0242,P0038,2025-09-14,3,309.06,Paid
O000656,C0552,P0036,2025-09-14,2,57.06,Paid
O000657,C0481,P0039,2025-09-14,3,56.34,Email
O000658,C0667,P0035,2025-09-14,3,289.29,Email
O000659,C0578,P0033,2025-09-14,3,251.94,Paid
O000660,C0557,P0039,2025-09-14,1,18.78,Email
O000661,C0602,P0036,2025-09-14,3,85.59,Paid
O000662,C0119,P0004,2025-09-14,2,235.4,Paid
O000663,C0464,P0008,2025-09-14,1,186.3,Paid
O000664,C0288,P0007,2025-09-14,3,185.94,Email
O000665,C0151,P0003,2025-09-14,2,195.94,Paid
O000666,C0497,P0007,2025-09-14,3,185.94,Organic
O000667,C0720,P0013,2025-09-14,2,86.52,Paid
O000668,C0413,P0009,2025-09-14,3,145.95,Paid
O000669,C0767,P0009,2025-09-14,3,145.95,Organic
O000670,C0523,P0012,2025-09-14,1,39.93,Paid
O000671,C0631,P0019,2025-09-14,2,159.18,Paid
O000672,C0478,P0021,2025-09-14,3,353.34,Paid
O000673,C0464,P0019,2025-09-14,3,238.77,Paid
O000674,C0585,P0024,2025-09-14,3,320.91,Paid
O000675,C0031,P0017,2025-09-14,2,246.76,Paid
O000676,C0289,P0024,2025-09-14,1,106.97,Paid
O000677,C0695,P0017,2025-09-14,3,370.14,Paid
O000678,C0471,P0025,2025-09-14,2,92.12,Paid
O000679,C0192,P0035,2025-09-14,3,289.29,Paid
O000680,C0210,P0034,2025-09-14,2,187.1,Paid
O000681,C0307,P0003,2025-09-14,3,293.91,Paid
O000682,C0227,P0002,2025-09-14,2,449.32,Paid
O000683,C0707,P0020,2025-09-14,1,112.73,Paid
O000684,C0763,P0018,2025-09-14,3,260.13,Paid
O000685,C0459,P0026,2025-09-14,3,53.58,Paid
O000686,C0563,P0038,2025-09-14,2,206.04,Paid
O000687,C0062,P0036,2025-09-14,3,85.59,Paid
O000688,C0069,P0034,2025-09-14,1,93.55,Referral
O000689,C0791,P0034,2025-09-14,3,280.65,Organic
O000690,C0259,P0008,2025-09-15,2,372.6,Paid
O000691,C0361,P0005,2025-09-15,3,529.65,Referral
O000692,C0259,P0009,2025-09-15,2,97.3,Paid
O000693,C0768,P0013,2025-09-15,2,86.52,Paid
O000694,C0278,P0035,2025-09-15,1,96.43,Paid
O000695,C0127,P0040,2025-09-15,3,105.9,Paid
O000696,C0552,P0004,2025-09-15,1,117.7,Organic
O000697,C0095,P0013,2025-09-15,1,43.26,Organic
O000698,C0681,P0015,2025-09-15,3,156.9,Organic
O000699,C0738,P0018,2025-09-15,3,260.13,Paid
O000700,C0537,P0021,2025-09-15,3,353.34,Paid
O000701,C0265,P0032,2025-09-15,2,21.98,Paid
O000702,C0335,P0032,2025-09-15,3,32.97,Organic
O000703,C0552,P0038,2025-09-15,1,103.02,Paid
O000704,C0136,P0007,2025-09-15,1,61.98,Paid
O000705,C0669,P0008,2025-09-15,3,558.9,Paid
O000706,C0162,P0016,2025-09-15,3,89.46,Paid
O000707,C0565,P0014,2025-09-15,2,122.86,Email
O000708,C0623,P0009,2025-09-15,1,48.65,Paid
O000709,C0620,P0016,2025-09-15,3,89.46,Email
O000710,C0650,P0021,2025-09-15,1,117.78,Paid
O000711,C0054,P0020,2025-09-15,3,338.19,Paid
O000712,C0631,P0028,2025-09-15,3,68.16,Referral
O000713,C0148,P0026,2025-09-15,3,53.58,Paid
O000714,C0767,P0037,2025-09-15,3,246.93,Paid
O000715,C0233,P0006,2025-09-15,1,159.2,Email
O000716,C0247,P0004,2025-09-15,2,235.4,Paid
O000717,C0149,P0016,2025-09-15,2,59.64,Paid
O000718,C0362,P0010,2025-09-15,2,73.06,Paid
O000719,C0100,P0016,2025-09-15,1,29.82,Paid
O000720,C0606,P0018,2025-09-15,1,86.71,Organic
O000721,C0233,P0022,2025-09-15,2,260.76,Email
O000722,C0487,P0020,2025-09-15,1,112.73,Paid
O000723,C0787,P0023,2025-09-15,2,250.92,Paid
O000724,C0314,P0031,2025-09-15,3,89.55,Paid
O000725,C0062,P0032,2025-09-15,1,10.99,Email
O000726,C0492,P0027,2025-09-15,1,44.96,Paid
O000727,C0101,P0033,2025-09-15,3,251.94,Paid
O000728,C0367,P0036,2025-09-15,2,57.06,Paid
O000729,C0117,P0040,2025-09-15,3,105.9,Email
O000730,C0386,P0035,2025-09-15,1,96.43,Paid
O000731,C0308,P0001,2025-09-16,2,627.72,Paid
O000732,C0587,P0005,2025-09-16,1,176.55,Referral
O000733,C0188,P0001,2025-09-16,1,313.86,Paid
O000734,C0064,P0015,2025-09-16,1,52.3,Paid
O000735,C0421,P0014,2025-09-16,2,122.86,Paid
O000736,C0675,P0021,2025-09-16,1,117.78,Email
O000737,C0011,P0020,2025-09-16,2,225.46,Paid
O000738,C0188,P0030,2025-09-16,3,48.03,Organic
O000739,C0146,P0030,2025-09-16,1,16.01,Paid
O000740,C0097,P0031,2025-09-16,1,29.85,Paid
O000741,C0378,P0030,2025-09-16,1,16.01,Paid
O000742,C0503,P0039,2025-09-16,3,56.34,Email
O000743,C0405,P0016,2025-09-16,1,29.82,Organic
O000744,C0282,P0021,2025-09-16,2,235.56,Paid
O000745,C0276,P0024,2025-09-16,2,213.94,Organic
O000746,C0622,P0022,2025-09-16,2,260.76,Paid
O000747,C0250,P0026,2025-09-16,2,35.72,Paid
O000748,C0226,P0025,2025-09-16,3,138.18,Email
O000749,C0387,P0032,2025-09-16,1,10.99,Paid
O000750,C0746,P0031,2025-09-16,1,29.85,Paid
O000751,C0137,P0032,2025-09-16,2,21.98,Paid
O000752,C0243,P0025,2025-09-16,1,46.06,Paid
O000753,C0491,P0037,2025-09-16,3,246.93,Paid
O000754,C0491,P0039,2025-09-16,2,37.56,Organic
O000755,C0659,P0033,2025-09-16,3,251.94,Paid
O000756,C0084,P0003,2025-09-16,3,293.91,Paid
O000757,C0425,P0001,2025-09-16,1,313.86,Referral
O000758,C0478,P0007,2025-09-16,1,61.98,Referral
O000759,C0391,P0022,2025-09-16,2,260.76,Paid
O000760,C0514,P0017,2025-09-16,3,370.14,Paid
O000761,C0042,P0018,2025-09-16,3,260.13,Paid
O000762,C0620,P0028,2025-09-16,1,22.72,Organic
O000763,C0682,P0029,2025-09-16,1,22.89,Paid
O000764,C0668,P0030,2025-09-16,3,48.03,Organic
O000765,C0211,P0040,2025-09-16,2,70.6,Paid
O000766,C0391,P0038,2025-09-16,2,206.04,Paid
O000767,C0428,P0005,2025-09-16,1,176.55,Paid
O000768,C0043,P0012,2025-09-16,3,119.79,Paid
O000769,C0702,P0014,2025-09-16,2,122.86,Organic
O000770,C0066,P0010,2025-09-16,3,109.59,Paid
O000771,C0340,P0018,2025-09-16,3,260.13,Paid
O000772,C0117,P0017,2025-09-16,2,246.76,Paid
O000773,C0209,P0024,2025-09-16,1,106.97,Organic
O000774,C0030,P0024,2025-09-16,2,213.94,Email
O000775,C0740,P0023,2025-09-16,2,250.92,Paid
O000776,C0716,P0017,2025-09-16,1,123.38,Paid
O000777,C0787,P0024,2025-09-16,3,320.91,Paid
O000778,C0665,P0026,2025-09-16,2,35.72,Email
O000779,C0174,P0027,2025-09-16,2,89.92,Paid
O000780,C0037,P0032,2025-09-16,1,10.99,Paid
O000781,C0787,P0036,2025-09-16,3,85.59,Paid
O000782,C0307,P0036,2025-09-16,3,85.59,Paid
O000783,C0165,P0006,2025-09-17,3,477.6,Email
O000784,C0361,P0011,2025-09-17,3,131.46,Paid
O000785,C0526,P0024,2025-09-17,2,213.94,Email
O000786,C0308,P0036,2025-09-17,3,85.59,Email
O000787,C0177,P0034,2025-09-17,1,93.55,Organic
O000788,C0146,P0039,2025-09-17,1,18.78,Paid
O000789,C0154,P0007,2025-09-17,1,61.98,Paid
O000790,C0537,P0004,2025-09-17,2,235.4,Email
O000791,C0769,P0003,2025-09-17,3,293.91,Paid
O000792,C0651,P0019,2025-09-17,2,159.18,Organic
O000793,C0335,P0020,2025-09-17,2,225.46,Organic
O000794,C0016,P0028,2025-09-17,3,68.16,Paid
O000795,C0760,P0025,2025-09-17,3,138.18,Paid
O000796,C0288,P0002,2025-09-17,1,224.66,Paid
O000797,C0156,P0014,2025-09-17,1,61.43,Organic
O000798,C0650,P0019,2025-09-17,1,79.59,Paid
O000799,C0225,P0031,2025-09-17,1,29.85,Paid
O000800,C0113,P0029,2025-09-17,2,45.78,Paid
O000801,C0102,P0030,2025-09-17,3,48.03,Paid
O000802,C0502,P0028,2025-09-17,1,22.72,Paid
O000803,C0713,P0029,2025-09-17,1,22.89,Organic
O000804,C0523,P0039,2025-09-17,1,18.78,Paid
O000805,C0713,P0033,2025-09-17,2,167.96,Organic
O000806,C0287,P0003,2025-09-17,1,97.97,Email
O000807,C0441,P0011,2025-09-17,3,131.46,Organic
O000808,C0062,P0009,2025-09-17,1,48.65,Email
O000809,C0406,P0011,2025-09-17,3,131.46,Paid
O000810,C0030,P0015,2025-09-17,1,52.3,Paid
O000811,C0187,P0017,2025-09-17,2,246.76,Paid
O000812,C0066,P0025,2025-09-17,3,138.18,Paid
O000813,C0564,P0029,2025-09-17,2,45.78,Paid
O000814,C0645,P0030,2025-09-17,2,32.02,Paid
O000815,C0520,P0032,2025-09-17,1,10.99,Paid
O000816,C0234,P0036,2025-09-17,1,28.53,Email
O000817,C0385,P0033,2025-09-17,1,83.98,Paid
O000818,C0264,P0004,2025-09-18,2,235.4,Organic
O000819,C0303,P0007,2025-09-18,2,123.96,Organic
O000820,C0468,P0004,2025-09-18,3,353.1,Paid
O000821,C0257,P0005,2025-09-18,2,353.1,Referral
O000822,C0049,P0007,2025-09-18,1,61.98,Paid
O000823,C0544,P0009,2025-09-18,1,48.65,Paid
O000824,C0049,P0010,2025-09-18,2,73.06,Email
O000825,C0575,P0018,2025-09-18,3,260.13,Referral
O000826,C0684,P0019,2025-09-18,2,159.18,Paid
O000827,C0714,P0030,2025-09-18,1,16.01,Referral
O000828,C0678,P0029,2025-09-18,2,45.78,Organic
O000829,C0099,P0040,2025-09-18,1,35.3,Paid
O000830,C0604,P0003,2025-09-18,3,293.91,Organic
O000831,C0028,P0001,2025-09-18,3,941.58,Email
O000832,C0016,P0006,2025-09-18,3,477.6,Paid
O000833,C0021,P0005,2025-09-18,1,176.55,Email
O000834,C0602,P0016,2025-09-18,2,59.64,Paid
O000835,C0342,P0015,2025-09-18,3,156.9,Paid
O000836,C0640,P0012,2025-09-18,3,119.79,Paid
O000837,C0409,P0018,2025-09-18,1,86.71,Paid
O000838,C0719,P0023,2025-09-18,2,250.92,Paid
O000839,C0652,P0026,2025-09-18,2,35.72,Paid
O000840,C0032,P0005,2025-09-18,2,353.1,Email
O000841,C0646,P0006,2025-09-18,1,159.2,Paid
O000842,C0580,P0007,2025-09-18,3,185.94,Paid
O000843,C0192,P0012,2025-09-18,1,39.93,Paid
O000844,C0300,P0020,2025-09-18,3,338.19,Paid
O000845,C0668,P0023,2025-09-18,2,250.92,Paid
O000846,C0288,P0020,2025-09-18,2,225.46,Paid
O000847,C0572,P0024,2025-09-18,2,213.94,Paid
O000848,C0666,P0020,2025-09-18,2,225.46,Organic
O000849,C0120,P0024,2025-09-18,3,320.91,Referral
O000850,C0429,P0017,2025-09-18,2,246.76,Paid
O000851,C0400,P0032,2025-09-18,3,32.97,Paid
O000852,C0456,P0031,2025-09-18,2,59.7,Paid
O000853,C0324,P0025,2025-09-18,1,46.06,Organic
O000854,C0036,P0032,2025-09-18,2,21.98,Paid
O000855,C0577,P0037,2025-09-18,2,164.62,Paid
O000856,C0316,P0034,2025-09-18,3,280.65,Organic
O000857,C0695,P0036,2025-09-18,1,28.53,Paid
O000858,C0104,P0007,2025-09-18,2,123.96,Paid
O000859,C0555,P0007,2025-09-18,3,185.94,Paid
O000860,C0109,P0010,2025-09-18,1,36.53,Paid
O000861,C0465,P0010,2025-09-18,2,73.06,Organic
O000862,C0574,P0024,2025-09-18,1,106.97,Referral
O000863,C0159,P0021,2025-09-18,1,117.78,Paid
O000864,C0310,P0031,2025-09-18,1,29.85,Paid
O000865,C0609,P0031,2025-09-18,3,89.55,Organic
O000866,C0645,P0037,2025-09-18,1,82.31,Paid
O000867,C0724,P0004,2025-09-19,2,235.4,Paid
O000868,C0448,P0002,2025-09-19,1,224.66,Organic
O000869,C0468,P0008,2025-09-19,3,558.9,Organic
O000870,C0260,P0015,2025-09-19,2,104.6,Referral
O000871,C0024,P0019,2025-09-19,1,79.59,Organic
O000872,C0269,P0021,2025-09-19,2,235.56,Paid
O000873,C0203,P0024,2025-09-19,2,213.94,Paid
O000874,C0212,P0021,2025-09-19,3,353.34,Paid
O000875,C0458,P0025,2025-09-19,2,92.12,Paid
O000876,C0662,P0033,2025-09-19,1,83.98,Paid
O000877,C0358,P0005,2025-09-19,2,353.1,Paid
O000878,C0323,P0011,2025-09-19,2,87.64,Paid
O000879,C0591,P0015,2025-09-19,2,104.6,Paid
O000880,C0490,P0012,2025-09-19,3,119.79,Organic
O000881,C0694,P0024,2025-09-19,1,106.97,Paid
O000882,C0629,P0028,2025-09-19,1,22.72,Paid
O000883,C0635,P0025,2025-09-19,3,138.18,Organic
O000884,C0048,P0030,2025-09-19,2,32.02,Email
O000885,C0774,P0040,2025-09-19,1,35.3,Paid
O000886,C0748,P0034,2025-09-19,3,280.65,Email
O000887,C0566,P0037,2025-09-19,1,82.31,Paid
O000888,C0580,P0008,2025-09-19,1,186.3,Paid
O000889,C0351,P0021,2025-09-19,3,353.34,Paid
O000890,C0300,P0028,2025-09-19,2,45.44,Email
O000891,C0567,P0031,2025-09-19,2,59.7,Paid
O000892,C0413,P0032,2025-09-19,2,21.98,Organic
O000893,C0695,P0030,2025-09-19,3,48.03,Paid
O000894,C0252,P0002,2025-09-19,3,673.98,Organic
O000895,C0465,P0017,2025-09-19,2,246.76,Organic
O000896,C0729,P0022,2025-09-19,1,130.38,Organic
O000897,C0712,P0026,2025-09-19,2,35.72,Paid
O000898,C0396,P0025,2025-09-19,3,138.18,Paid
O000899,C0187,P0029,2025-09-19,3,68.67,Paid
O000900,C0373,P0025,2025-09-19,3,138.18,Paid
O000901,C0286,P0034,2025-09-19,3,280.65,Referral
O000902,C0477,P0037,2025-09-19,3,246.93,Paid
O000903,C0794,P0033,2025-09-19,2,167.96,Paid
O000904,C0556,P0002,2025-09-20,2,449.32,Paid
O000905,C0049,P0008,2025-09-20,3,558.9,Organic
O000906,C0303,P0015,2025-09-20,2,104.6,Paid
O000907,C0299,P0011,2025-09-20,1,43.82,Referral
O000908,C0118,P0009,2025-09-20,1,48.65,Paid
O000909,C0011,P0018,2025-09-20,3,260.13,Paid
O000910,C0127,P0028,2025-09-20,1,22.72,Paid
O000911,C0800,P0028,2025-09-20,3,68.16,Organic
O000912,C0038,P0032,2025-09-20,2,21.98,Paid
O000913,C0131,P0026,2025-09-20,2,35.72,Paid
O000914,C0524,P0040,2025-09-20,1,35.3,Paid
O000915,C0589,P0040,2025-09-20,2,70.6,Paid
O000916,C0013,P0040,2025-09-20,1,35.3,Paid
O000917,C0768,P0037,2025-09-20,3,246.93,Paid
O000918,C0739,P0005,2025-09-20,3,529.65,Paid
O000919,C0226,P0005,2025-09-20,2,353.1,Paid
O000920,C0681,P0015,2025-09-20,2,104.6,Paid
O000921,C0323,P0015,2025-09-20,1,52.3,Paid
O000922,C0760,P0015,2025-09-20,2,104.6,Paid
O000923,C0410,P0011,2025-09-20,1,43.82,Paid
O000924,C0137,P0021,2025-09-20,1,117.78,Paid
O000925,C0490,P0024,2025-09-20,1,106.97,Paid
O000926,C0144,P0030,2025-09-20,1,16.01,Email
O000927,C0738,P0038,2025-09-20,2,206.04,Paid
O000928,C0283,P0036,2025-09-20,2,57.06,Paid
O000929,C0590,P0040,2025-09-20,1,35.3,Organic
O000930,C0042,P0001,2025-09-20,1,313.86,Paid
O000931,C0565,P0008,2025-09-20,2,372.6,Organic
O000932,C0192,P0011,2025-09-20,3,131.46,Paid
O000933,C0565,P0012,2025-09-20,3,119.79,Referral
O000934,C0497,P0010,2025-09-20,3,109.59,Paid
O000935,C0450,P0012,2025-09-20,2,79.86,Paid
O000936,C0669,P0014,2025-09-20,3,184.29,Paid
O000937,C0324,P0019,2025-09-20,3,238.77,Organic
O000938,C0449,P0018,2025-09-20,3,260.13,Referral
O000939,C0114,P0023,2025-09-20,2,250.92,Paid
O000940,C0682,P0024,2025-09-20,2,213.94,Paid
O000941,C0799,P0018,2025-09-20,1,86.71,Email
O000942,C0531,P0022,2025-09-20,2,260.76,Email
O000943,C0445,P0025,2025-09-20,1,46.06,Paid
O000944,C0585,P0029,2025-09-20,1,22.89,Paid
O000945,C0162,P0026,2025-09-20,2,35.72,Referral
O000946,C0256,P0031,2025-09-20,2,59.7,Organic
O000947,C0585,P0030,2025-09-20,1,16.01,Email
O000948,C0462,P0031,2025-09-20,1,29.85,Paid
O000949,C0669,P0032,2025-09-20,3,32.97,Email
O000950,C0326,P0040,2025-09-20,1,35.3,Organic
O000951,C0497,P0033,2025-09-20,1,83.98,Paid
O000952,C0211,P0038,2025-09-20,2,206.04,Email
O000953,C0112,P0036,2025-09-20,1,28.53,Email
O000954,C0291,P0007,2025-09-20,2,123.96,Paid
O000955,C0542,P0005,2025-09-20,3,529.65,Email
O000956,C0757,P0010,2025-09-20,2,73.06,Paid
O000957,C0500,P0020,2025-09-20,1,112.73,Organic
O000958,C0492,P0017,2025-09-20,3,370.14,Paid
O000959,C0234,P0029,2025-09-20,3,68.67,Email
O000960,C0645,P0028,2025-09-20,1,22.72,Paid
O000961,C0163,P0025,2025-09-20,2,92.12,Paid
O000962,C0297,P0035,2025-09-20,1,96.43,Email
O000963,C0561,P0037,2025-09-20,2,164.62,Paid
O000964,C0563,P0037,2025-09-20,1,82.31,Email
O000965,C0600,P0006,2025-09-21,2,318.4,Paid
O000966,C0074,P0011,2025-09-21,1,43.82,Paid
O000967,C0524,P0009,2025-09-21,2,97.3,Paid
O000968,C0107,P0012,2025-09-21,2,79.86,Paid
O000969,C0223,P0010,2025-09-21,2,73.06,Paid
O000970,C0715,P0024,2025-09-21,1,106.97,Paid
O000971,C0107,P0022,2025-09-21,1,130.38,Paid
O000972,C0723,P0020,2025-09-21,3,338.19,Paid
O000973,C0188,P0021,2025-09-21,1,117.78,Paid
O000974,C0583,P0029,2025-09-21,2,45.78,Paid
O000975,C0556,P0031,2025-09-21,2,59.7,Paid
O000976,C0175,P0029,2025-09-21,1,22.89,Paid
O000977,C0618,P0038,2025-09-21,1,103.02,Paid
O000978,C0600,P0034,2025-09-21,2,187.1,Organic
O000979,C0742,P0034,2025-09-21,3,280.65,Paid
O000980,C0378,P0038,2025-09-21,1,103.02,Organic
O000981,C0777,P0007,2025-09-21,3,185.94,Paid
O000982,C0774,P0002,2025-09-21,2,449.32,Organic
O000983,C0590,P0001,2025-09-21,1,313.86,Paid
O000984,C0171,P0007,2025-09-21,3,185.94,Paid
O000985,C0415,P0003,2025-09-21,3,293.91,Paid
O000986,C0747,P0004,2025-09-21,2,235.4,Email
O000987,C0028,P0012,2025-09-21,2,79.86,Paid
O000988,C0021,P0016,2025-09-21,3,89.46,Paid
O000989,C0320,P0012,2025-09-21,1,39.93,Paid
O000990,C0659,P0022,2025-09-21,1,130.38,Paid
O000991,C0490,P0027,2025-09-21,3,134.88,Paid
O000992,C0116,P0027,2025-09-21,3,134.88,Paid
O000993,C0474,P0025,2025-09-21,2,92.12,Organic
O000994,C0642,P0025,2025-09-21,2,92.12,Paid
O000995,C0405,P0030,2025-09-21,1,16.01,Paid
O000996,C0644,P0035,2025-09-21,2,192.86,Paid
O000997,C0602,P0040,2025-09-21,2,70.6,Organic
O000998,C0546,P0040,2025-09-21,2,70.6,Paid
O000999,C0681,P0034,2025-09-21,2,187.1,Organic
O001000,C0792,P0002,2025-09-21,2,449.32,Paid
O001001,C0042,P0019,2025-09-21,2,159.18,Paid
O001002,C0044,P0019,2025-09-21,2,159.18,Organic
O001003,C0704,P0021,2025-09-21,2,235.56,Email
O001004,C0077,P0032,2025-09-21,2,21.98,Paid
O001005,C0295,P0037,2025-09-21,1,82.31,Paid
O001006,C0009,P0003,2025-09-21,1,97.97,Paid
O001007,C0258,P0003,2025-09-21,1,97.97,Paid
O001008,C0562,P0016,2025-09-21,3,89.46,Referral
O001009,C0574,P0022,2025-09-21,3,391.14,Referral
O001010,C0037,P0024,2025-09-21,2,213.94,Organic
O001011,C0426,P0021,2025-09-21,3,353.34,Organic
O001012,C0787,P0020,2025-09-21,1,112.73,Organic
O001013,C0140,P0031,2025-09-21,2,59.7,Paid
O001014,C0551,P0038,2025-09-21,2,206.04,Paid
O001015,C0798,P0038,2025-09-21,3,309.06,Paid
O001016,C0305,P0033,2025-09-21,2,167.96,Paid
O001017,C0503,P0005,2025-09-22,2,353.1,Paid
O001018,C0325,P0001,2025-09-22,1,313.86,Paid
O001019,C0332,P0006,2025-09-22,1,159.2,Paid
O001020,C0736,P0006,2025-09-22,2,318.4,Organic
O001021,C0677,P0006,2025-09-22,1,159.2,Paid
O001022,C0255,P0012,2025-09-22,1,39.93,Paid
O001023,C0222,P0016,2025-09-22,2,59.64,Email
O001024,C0292,P0012,2025-09-22,2,79.86,Email
O001025,C0041,P0016,2025-09-22,3,89.46,Email
O001026,C0587,P0017,2025-09-22,2,246.76,Paid
O001027,C0222,P0028,2025-09-22,2,45.44,Paid
O001028,C0775,P0030,2025-09-22,2,32.02,Paid
O001029,C0731,P0034,2025-09-22,2,187.1,Paid
O001030,C0284,P0036,2025-09-22,3,85.59,Paid
O001031,C0011,P0037,2025-09-22,2,164.62,Paid
O001032,C0129,P0033,2025-09-22,2,167.96,Paid
O001033,C0223,P0038,2025-09-22,1,103.02,Email
O001034,C0317,P0035,2025-09-22,2,192.86,Paid
O001035,C0128,P0002,2025-09-22,2,449.32,Paid
O001036,C0557,P0005,2025-09-22,3,529.65,Paid
O001037,C0170,P0005,2025-09-22,1,176.55,Paid
O001038,C0048,P0006,2025-09-22,2,318.4,Paid
O001039,C0266,P0002,2025-09-22,3,673.98,Paid
O001040,C0240,P0007,2025-09-22,2,123.96,Paid
O001041,C0302,P0002,2025-09-22,3,673.98,Organic
O001042,C0048,P0005,2025-09-22,3,529.65,Paid
O001043,C0640,P0010,2025-09-22,3,109.59,Paid
O001044,C0683,P0013,2025-09-22,2,86.52,Paid
O001045,C0728,P0014,2025-09-22,2,122.86,Paid
O001046,C0616,P0022,2025-09-22,3,391.14,Organic
O001047,C0652,P0024,2025-09-22,3,320.91,Paid
O001048,C0719,P0030,2025-09-22,2,32.02,Paid
O001049,C0034,P0039,2025-09-22,1,18.78,Paid
O001050,C0409,P0035,2025-09-22,1,96.43,Paid
O001051,C0351,P0003,2025-09-22,2,195.94,Paid
O001052,C0620,P0002,2025-09-22,1,224.66,Email
O001053,C0571,P0015,2025-09-22,3,156.9,Paid
O001054,C0295,P0011,2025-09-22,1,43.82,Paid
O001055,C0400,P0014,2025-09-22,1,61.43,Paid
O001056,C0637,P0022,2025-09-22,2,260.76,Paid
O001057,C0661,P0020,2025-09-22,1,112.73,Paid
O001058,C0324,P0024,2025-09-22,3,320.91,Paid
O001059,C0238,P0017,2025-09-22,2,246.76,Paid
O001060,C0151,P0033,2025-09-22,1,83.98,Paid
O001061,C0456,P0035,2025-09-22,2,192.86,Paid
O001062,C0215,P0038,2025-09-22,2,206.04,Paid
O001063,C0310,P0006,2025-09-22,2,318.4,Paid
O001064,C0039,P0002,2025-09-22,1,224.66,Organic
O001065,C0373,P0008,2025-09-22,3,558.9,Organic
O001066,C0498,P0009,2025-09-22,2,97.3,Paid
O001067,C0227,P0024,2025-09-22,3,320.91,Referral
O001068,C0499,P0032,2025-09-22,3,32.97,Paid
O001069,C0066,P0026,2025-09-22,2,35.72,Organic
O001070,C0174,P0030,2025-09-22,2,32.02,Referral
O001071,C0574,P0028,2025-09-22,3,68.16,Paid
O001072,C0722,P0025,2025-09-22,1,46.06,Organic
O001073,C0693,P0030,2025-09-22,1,16.01,Paid
O001074,C0564,P0040,2025-09-22,1,35.3,Paid
O001075,C0053,P0040,2025-09-22,1,35.3,Paid
O001076,C0139,P0004,2025-09-23,2,235.4,Paid
O001077,C0443,P0002,2025-09-23,2,449.32,Paid
O001078,C0013,P0004,2025-09-23,1,117.7,Email
O001079,C0454,P0013,2025-09-23,1,43.26,Paid
O001080,C0458,P0016,2025-09-23,2,59.64,Paid
O001081,C0222,P0020,2025-09-23,1,112.73,Paid
O001082,C0559,P0022,2025-09-23,1,130.38,Paid
O001083,C0775,P0026,2025-09-23,2,35.72,Referral
O001084,C0435,P0026,2025-09-23,2,35.72,Paid
O001085,C0724,P0032,2025-09-23,1,10.99,Paid
O001086,C0269,P0040,2025-09-23,1,35.3,Paid
O001087,C0549,P0034,2025-09-23,1,93.55,Paid
O001088,C0435,P0037,2025-09-23,1,82.31,Paid
O001089,C0266,P0004,2025-09-23,3,353.1,Paid
O001090,C0242,P0005,2025-09-23,3,529.65,Paid
O001091,C0358,P0009,2025-09-23,2,97.3,Organic
O001092,C0491,P0013,2025-09-23,1,43.26,Email
O001093,C0410,P0031,2025-09-23,3,89.55,Email
O001094,C0510,P0033,2025-09-23,3,251.94,Paid
O001095,C0036,P0008,2025-09-23,1,186.3,Paid
O001096,C0579,P0006,2025-09-23,2,318.4,Referral
O001097,C0571,P0016,2025-09-23,3,89.46,Paid
O001098,C0456,P0017,2025-09-23,3,370.14,Organic
O001099,C0577,P0023,2025-09-23,3,376.38,Paid
O001100,C0036,P0018,2025-09-23,2,173.42,Organic
O001101,C0078,P0023,2025-09-23,3,376.38,Organic
O001102,C0360,P0030,2025-09-23,1,16.01,Email
O001103,C0514,P0026,2025-09-23,1,17.86,Paid
O001104,C0523,P0026,2025-09-23,3,53.58,Paid
O001105,C0450,P0029,2025-09-23,3,68.67,Paid
O001106,C0496,P0033,2025-09-23,3,251.94,Paid
O001107,C0523,P0034,2025-09-23,2,187.1,Paid
O001108,C0702,P0003,2025-09-23,3,293.91,Paid
O001109,C0291,P0001,2025-09-23,2,627.72,Paid
O001110,C0794,P0006,2025-09-23,3,477.6,Paid
O001111,C0626,P0004,2025-09-23,2,235.4,Organic
O001112,C0499,P0014,2025-09-23,1,61.43,Paid
O001113,C0109,P0014,2025-09-23,3,184.29,Paid
O001114,C0712,P0013,2025-09-23,2,86.52,Paid
O001115,C0297,P0015,2025-09-23,3,156.9,Paid
O001116,C0159,P0021,2025-09-23,1,117.78,Paid
O001117,C0564,P0022,2025-09-23,2,260.76,Email
O001118,C0551,P0022,2025-09-23,2,260.76,Organic
O001119,C0020,P0024,2025-09-23,3,320.91,Paid
O001120,C0794,P0025,2025-09-23,1,46.06,Organic
O001121,C0441,P0036,2025-09-23,3,85.59,Paid
O001122,C0740,P0034,2025-09-23,1,93.55,Paid
O001123,C0564,P0038,2025-09-23,3,309.06,Paid
O001124,C0551,P0040,2025-09-23,3,105.9,Paid
O001125,C0043,P0040,2025-09-23,3,105.9,Paid
O001126,C0317,P0001,2025-09-24,1,313.86,Paid
O001127,C0454,P0006,2025-09-24,1,159.2,Paid
O001128,C0723,P0021,2025-09-24,2,235.56,Paid
O001129,C0098,P0019,2025-09-24,1,79.59,Paid
O001130,C0715,P0029,2025-09-24,1,22.89,Paid
O001131,C0503,P0031,2025-09-24,1,29.85,Paid
O001132,C0723,P0033,2025-09-24,2,167.96,Paid
O001133,C0715,P0034,2025-09-24,1,93.55,Paid
O001134,C0785,P0008,2025-09-24,3,558.9,Paid
O001135,C0659,P0002,2025-09-24,1,224.66,Organic
O001136,C0671,P0006,2025-09-24,2,318.4,Paid
O001137,C0320,P0007,2025-09-24,1,61.98,Paid
O001138,C0383,P0002,2025-09-24,2,449.32,Paid
O001139,C0028,P0005,2025-09-24,3,529.65,Paid
O001140,C0774,P0016,2025-09-24,3,89.46,Paid
O001141,C0774,P0009,2025-09-24,2,97.3,Paid
O001142,C0417,P0023,2025-09-24,2,250.92,Paid
O001143,C0231,P0017,2025-09-24,2,246.76,Referral
O001144,C0376,P0022,2025-09-24,1,130.38,Email
O001145,C0423,P0030,2025-09-24,1,16.01,Paid
O001146,C0474,P0025,2025-09-24,1,46.06,Paid
O001147,C0672,P0040,2025-09-24,1,35.3,Referral
O001148,C0496,P0005,2025-09-24,1,176.55,Organic
O001149,C0263,P0012,2025-09-24,2,79.86,Paid
O001150,C0075,P0014,2025-09-24,1,61.43,Paid
O001151,C0767,P0024,2025-09-24,2,213.94,Paid
O001152,C0204,P0024,2025-09-24,1,106.97,Paid
O001153,C0720,P0021,2025-09-24,3,353.34,Paid
O001154,C0792,P0020,2025-09-24,2,225.46,Paid
O001155,C0289,P0022,2025-09-24,2,260.76,Organic
O001156,C0400,P0026,2025-09-24,2,35.72,Paid
O001157,C0300,P0026,2025-09-24,2,35.72,Referral
O001158,C0523,P0029,2025-09-24,3,68.67,Paid
O001159,C0668,P0037,2025-09-24,1,82.31,Paid
O001160,C0497,P0033,2025-09-24,3,251.94,Organic
O001161,C0571,P0040,2025-09-24,3,105.9,Paid
O001162,C0763,P0007,2025-09-24,1,61.98,Paid
O001163,C0787,P0008,2025-09-24,3,558.9,Organic
O001164,C0101,P0012,2025-09-24,3,119.79,Paid
O001165,C0665,P0009,2025-09-24,2,97.3,Paid
O001166,C0174,P0023,2025-09-24,1,125.46,Email
O001167,C0407,P0017,2025-09-24,1,123.38,Paid
O001168,C0362,P0025,2025-09-24,1,46.06,Organic
O001169,C0294,P0027,2025-09-24,3,134.88,Paid
O001170,C0430,P0029,2025-09-24,2,45.78,Paid
O001171,C0515,P0032,2025-09-24,3,32.97,Paid
O001172,C0762,P0033,2025-09-24,2,167.96,Paid
O001173,C0249,P0037,2025-09-24,3,246.93,Paid
O001174,C0056,P0037,2025-09-24,3,246.93,Paid
O001175,C0146,P0005,2025-09-25,3,529.65,Paid
O001176,C0788,P0006,2025-09-25,1,159.2,Paid
O001177,C0098,P0007,2025-09-25,3,185.94,Paid
O001178,C0303,P0006,2025-09-25,1,159.2,Email
O001179,C0641,P0016,2025-09-25,3,89.46,Email
O001180,C0679,P0010,2025-09-25,3,109.59,Organic
O001181,C0175,P0015,2025-09-25,2,104.6,Referral
O001182,C0292,P0011,2025-09-25,1,43.82,Paid
O001183,C0363,P0019,2025-09-25,1,79.59,Paid
O001184,C0260,P0027,2025-09-25,3,134.88,Organic
O001185,C0332,P0031,2025-09-25,3,89.55,Organic
O001186,C0146,P0035,2025-09-25,1,96.43,Paid
O001187,C0058,P0040,2025-09-25,3,105.9,Paid
O001188,C0684,P0036,2025-09-25,2,57.06,Paid
O001189,C0303,P0039,2025-09-25,2,37.56,Paid
O001190,C0137,P0007,2025-09-25,2,123.96,Email
O001191,C0323,P0004,2025-09-25,1,117.7,Paid
O001192,C0370,P0001,2025-09-25,3,941.58,Paid
O001193,C0073,P0007,2025-09-25,1,61.98,Email
O001194,C0750,P0015,2025-09-25,2,104.6,Paid
O001195,C0694,P0010,2025-09-25,1,36.53,Email
O001196,C0276,P0011,2025-09-25,1,43.82,Paid
O001197,C0274,P0015,2025-09-25,3,156.9,Organic
O001198,C0479,P0021,2025-09-25,3,353.34,Paid
O001199,C0709,P0017,2025-09-25,1,123.38,Email
O001200,C0777,P0020,2025-09-25,2,225.46,Referral
O001201,C0685,P0019,2025-09-25,3,238.77,Paid
O001202,C0329,P0019,2025-09-25,1,79.59,Paid
O001203,C0552,P0025,2025-09-25,1,46.06,Paid
O001204,C0047,P0027,2025-09-25,1,44.96,Organic
O001205,C0780,P0028,2025-09-25,3,68.16,Email
O001206,C0756,P0031,2025-09-25,1,29.85,Email
O001207,C0635,P0036,2025-09-25,2,57.06,Organic
O001208,C0275,P0033,2025-09-25,3,251.94,Email
O001209,C0128,P0039,2025-09-25,1,18.78,Paid
O001210,C0171,P0033,2025-09-25,3,251.94,Paid
O001211,C0429,P0004,2025-09-25,3,353.1,Paid
O001212,C0695,P0004,2025-09-25,2,235.4,Paid
O001213,C0650,P0015,2025-09-25,3,156.9,Paid
O001214,C0565,P0015,2025-09-25,2,104.6,Organic
O001215,C0289,P0010,2025-09-25,1,36.53,Email
O001216,C0210,P0016,2025-09-25,2,59.64,Paid
O001217,C0497,P0014,2025-09-25,2,122.86,Paid
O001218,C0360,P0018,2025-09-25,1,86.71,Paid
O001219,C0151,P0018,2025-09-25,3,260.13,Email
O001220,C0668,P0019,2025-09-25,1,79.59,Paid
O001221,C0514,P0018,2025-09-25,2,173.42,Paid
O001222,C0478,P0019,2025-09-25,3,238.77,Paid
O001223,C0084,P0025,2025-09-25,3,138.18,Organic
O001224,C0238,P0032,2025-09-25,3,32.97,Paid
O001225,C0326,P0039,2025-09-25,3,56.34,Paid
O001226,C0256,P0033,2025-09-25,2,167.96,Paid
O001227,C0400,P0040,2025-09-25,1,35.3,Paid
O001228,C0653,P0037,2025-09-25,2,164.62,Email
O001229,C0218,P0007,2025-09-25,2,123.96,Paid
O001230,C0593,P0007,2025-09-25,3,185.94,Paid
O001231,C0140,P0008,2025-09-25,1,186.3,Paid
O001232,C0286,P0008,2025-09-25,2,372.6,Paid
O001233,C0791,P0011,2025-09-25,3,131.46,Paid
O001234,C0179,P0032,2025-09-25,1,10.99,Paid
O001235,C0252,P0029,2025-09-25,3,68.67,Paid
O001236,C0745,P0026,2025-09-25,2,35.72,Organic
O001237,C0798,P0025,2025-09-25,1,46.06,Paid
O001238,C0655,P0032,2025-09-25,3,32.97,Organic
O001239,C0101,P0026,2025-09-25,1,17.86,Paid
O001240,C0062,P0029,2025-09-25,1,22.89,Email
O001241,C0100,P0026,2025-09-25,3,53.58,Paid
O001242,C0290,P0033,2025-09-25,1,83.98,Paid
O001243,C0562,P0037,2025-09-25,3,246.93,Paid
O001244,C0185,P0039,2025-09-25,2,37.56,Paid
O001245,C0094,P0007,2025-09-26,2,123.96,Paid
O001246,C0058,P0009,2025-09-26,2,97.3,Paid
O001247,C0446,P0010,2025-09-26,1,36.53,Paid
O001248,C0175,P0024,2025-09-26,1,106.97,Organic
O001249,C0556,P0029,2025-09-26,2,45.78,Organic
O001250,C0679,P0037,2025-09-26,1,82.31,Paid
O001251,C0651,P0008,2025-09-26,2,372.6,Paid
O001252,C0026,P0020,2025-09-26,3,338.19,Referral
O001253,C0323,P0029,2025-09-26,2,45.78,Paid
O001254,C0265,P0025,2025-09-26,2,92.12,Paid
O001255,C0342,P0035,2025-09-26,2,192.86,Paid
O001256,C0471,P0003,2025-09-26,3,293.91,Paid
O001257,C0669,P0010,2025-09-26,3,109.59,Paid
O001258,C0623,P0017,2025-09-26,2,246.76,Organic
O001259,C0360,P0028,2025-09-26,3,68.16,Paid
O001260,C0745,P0001,2025-09-26,3,941.58,Paid
O001261,C0306,P0003,2025-09-26,3,293.91,Paid
O001262,C0634,P0002,2025-09-26,2,449.32,Paid
O001263,C0403,P0016,2025-09-26,3,89.46,Paid
O001264,C0068,P0016,2025-09-26,2,59.64,Paid
O001265,C0703,P0023,2025-09-26,3,376.38,Paid
O001266,C0364,P0019,2025-09-26,3,238.77,Paid
O001267,C0560,P0024,2025-09-26,2,213.94,Email
O001268,C0781,P0031,2025-09-26,1,29.85,Paid
O001269,C0234,P0032,2025-09-26,2,21.98,Organic
O001270,C0039,P0032,2025-09-26,1,10.99,Paid
O001271,C0029,P0026,2025-09-26,2,35.72,Paid
O001272,C0234,P0028,2025-09-26,1,22.72,Paid
O001273,C0469,P0033,2025-09-26,2,167.96,Paid
O001274,C0800,P0001,2025-09-27,3,941.58,Paid
O001275,C0024,P0003,2025-09-27,3,293.91,Organic
O001276,C0714,P0003,2025-09-27,1,97.97,Paid
O001277,C0454,P0009,2025-09-27,1,48.65,Paid
O001278,C0473,P0015,2025-09-27,3,156.9,Paid
O001279,C0107,P0022,2025-09-27,1,130.38,Paid
O001280,C0098,P0018,2025-09-27,3,260.13,Paid
O001281,C0715,P0021,2025-09-27,1,117.78,Paid
O001282,C0131,P0020,2025-09-27,1,112.73,Paid
O001283,C0177,P0024,2025-09-27,1,106.97,Paid
O001284,C0011,P0021,2025-09-27,2,235.56,Paid
O001285,C0731,P0023,2025-09-27,3,376.38,Paid
O001286,C0519,P0031,2025-09-27,3,89.55,Paid
O001287,C0543,P0030,2025-09-27,3,48.03,Paid
O001288,C0337,P0025,2025-09-27,1,46.06,Organic
O001289,C0325,P0027,2025-09-27,2,89.92,Paid
O001290,C0269,P0034,2025-09-27,2,187.1,Organic
O001291,C0190,P0002,2025-09-27,1,224.66,Paid
O001292,C0760,P0003,2025-09-27,3,293.91,Paid
O001293,C0409,P0001,2025-09-27,3,941.58,Paid
O001294,C0242,P0006,2025-09-27,3,477.6,Paid
O001295,C0629,P0006,2025-09-27,1,159.2,Paid
O001296,C0552,P0012,2025-09-27,1,39.93,Paid
O001297,C0590,P0013,2025-09-27,1,43.26,Paid
O001298,C0494,P0024,2025-09-27,2,213.94,Paid
O001299,C0671,P0024,2025-09-27,3,320.91,Paid
O001300,C0747,P0024,2025-09-27,2,213.94,Paid
O001301,C0656,P0030,2025-09-27,1,16.01,Paid
O001302,C0640,P0026,2025-09-27,3,53.58,Paid
O001303,C0154,P0025,2025-09-27,1,46.06,Paid
O001304,C0651,P0030,2025-09-27,2,32.02,Email
O001305,C0737,P0029,2025-09-27,2,45.78,Paid
O001306,C0405,P0032,2025-09-27,3,32.97,Paid
O001307,C0285,P0033,2025-09-27,3,251.94,Paid
O001308,C0644,P0034,2025-09-27,1,93.55,Paid
O001309,C0153,P0005,2025-09-27,1,176.55,Paid
O001310,C0695,P0008,2025-09-27,2,372.6,Paid
O001311,C0650,P0005,2025-09-27,3,529.65,Paid
O001312,C0636,P0015,2025-09-27,3,156.9,Paid
O001313,C0523,P0011,2025-09-27,3,131.46,Organic
O001314,C0256,P0030,2025-09-27,2,32.02,Referral
O001315,C0054,P0032,2025-09-27,3,32.97,Paid
O001316,C0136,P0028,2025-09-27,2,45.44,Paid
O001317,C0256,P0039,2025-09-27,2,37.56,Paid
O001318,C0567,P0038,2025-09-27,2,206.04,Paid
O001319,C0646,P0036,2025-09-27,2,57.06,Paid
O001320,C0720,P0038,2025-09-27,1,103.02,Paid
O001321,C0199,P0008,2025-09-27,2,372.6,Paid
O001322,C0037,P0010,2025-09-27,3,109.59,Referral
O001323,C0294,P0015,2025-09-27,2,104.6,Paid
O001324,C0757,P0024,2025-09-27,3,320.91,Organic
O001325,C0688,P0030,2025-09-27,3,48.03,Paid
O001326,C0168,P0038,2025-09-27,2,206.04,Organic
O001327,C0574,P0037,2025-09-27,2,164.62,Organic
O001328,C0626,P0039,2025-09-27,2,37.56,Paid
O001329,C0264,P0008,2025-09-28,1,186.3,Paid
O001330,C0355,P0016,2025-09-28,3,89.46,Organic
O001331,C0260,P0015,2025-09-28,2,104.6,Organic
O001332,C0363,P0017,2025-09-28,1,123.38,Email
O001333,C0308,P0022,2025-09-28,2,260.76,Email
O001334,C0741,P0017,2025-09-28,1,123.38,Paid
O001335,C0519,P0030,2025-09-28,1,16.01,Paid
O001336,C0094,P0026,2025-09-28,1,17.86,Paid
O001337,C0482,P0032,2025-09-28,2,21.98,Paid
O001338,C0715,P0025,2025-09-28,2,92.12,Paid
O001339,C0127,P0031,2025-09-28,1,29.85,Paid
O001340,C0293,P0027,2025-09-28,1,44.96,Organic
O001341,C0074,P0027,2025-09-28,1,44.96,Paid
O001342,C0186,P0034,2025-09-28,2,187.1,Organic
O001343,C0027,P0033,2025-09-28,3,251.94,Paid
O001344,C0013,P0037,2025-09-28,3,246.93,Paid
O001345,C0058,P0037,2025-09-28,3,246.93,Organic
O001346,C0673,P0040,2025-09-28,1,35.3,Paid
O001347,C0085,P0006,2025-09-28,3,477.6,Paid
O001348,C0494,P0004,2025-09-28,2,235.4,Email
O001349,C0728,P0004,2025-09-28,2,235.4,Paid
O001350,C0671,P0007,2025-09-28,1,61.98,Paid
O001351,C0739,P0013,2025-09-28,1,43.26,Paid
O001352,C0242,P0014,2025-09-28,3,184.29,Organic
O001353,C0003,P0015,2025-09-28,2,104.6,Paid
O001354,C0604,P0012,2025-09-28,1,39.93,Paid
O001355,C0106,P0024,2025-09-28,1,106.97,Paid
O001356,C0773,P0019,2025-09-28,1,79.59,Paid
O001357,C0494,P0020,2025-09-28,1,112.73,Paid
O001358,C0537,P0025,2025-09-28,1,46.06,Paid
O001359,C0659,P0025,2025-09-28,2,92.12,Paid
O001360,C0656,P0025,2025-09-28,1,46.06,Paid
O001361,C0420,P0025,2025-09-28,1,46.06,Paid
O001362,C0602,P0040,2025-09-28,1,35.3,Paid
O001363,C0750,P0040,2025-09-28,1,35.3,Organic
O001364,C0238,P0014,2025-09-28,2,122.86,Paid
O001365,C0400,P0012,2025-09-28,1,39.93,Organic
O001366,C0391,P0024,2025-09-28,3,320.91,Email
O001367,C0429,P0022,2025-09-28,2,260.76,Paid
O001368,C0166,P0022,2025-09-28,3,391.14,Paid
O001369,C0704,P0020,2025-09-28,2,225.46,Organic
O001370,C0114,P0025,2025-09-28,3,138.18,Paid
O001371,C0471,P0030,2025-09-28,2,32.02,Paid
O001372,C0162,P0032,2025-09-28,1,10.99,Paid
O001373,C0054,P0026,2025-09-28,3,53.58,Paid
O001374,C0360,P0039,2025-09-28,2,37.56,Paid
O001375,C0637,P0034,2025-09-28,3,280.65,Email
O001376,C0066,P0005,2025-09-28,2,353.1,Paid
O001377,C0798,P0001,2025-09-28,3,941.58,Paid
O001378,C0707,P0010,2025-09-28,3,109.59,Paid
O001379,C0762,P0011,2025-09-28,3,131.46,Organic
O001380,C0367,P0023,2025-09-28,1,125.46,Paid
O001381,C0290,P0027,2025-09-28,3,134.88,Paid
O001382,C0125,P0040,2025-09-28,3,105.9,Paid
O001383,C0310,P0035,2025-09-28,1,96.43,Paid
O001384,C0011,P0008,2025-09-29,1,186.3,Paid
O001385,C0521,P0006,2025-09-29,1,159.2,Paid
O001386,C0715,P0011,2025-09-29,1,43.82,Paid
O001387,C0519,P0010,2025-09-29,2,73.06,Paid
O001388,C0468,P0017,2025-09-29,2,246.76,Organic
O001389,C0559,P0030,2025-09-29,3,48.03,Paid
O001390,C0308,P0026,2025-09-29,3,53.58,Email
O001391,C0715,P0028,2025-09-29,1,22.72,Paid
O001392,C0123,P0040,2025-09-29,2,70.6,Email
O001393,C0423,P0008,2025-09-29,2,372.6,Paid
O001394,C0474,P0008,2025-09-29,3,558.9,Paid
O001395,C0026,P0004,2025-09-29,2,235.4,Paid
O001396,C0491,P0022,2025-09-29,3,391.14,Paid
O001397,C0599,P0022,2025-09-29,2,260.76,Paid
O001398,C0243,P0030,2025-09-29,2,32.02,Organic
O001399,C0048,P0032,2025-09-29,3,32.97,Paid
O001400,C0777,P0036,2025-09-29,1,28.53,Email
O001401,C0016,P0040,2025-09-29,1,35.3,Paid
O001402,C0605,P0036,2025-09-29,2,57.06,Paid
O001403,C0425,P0001,2025-09-29,2,627.72,Paid
O001404,C0225,P0008,2025-09-29,2,372.6,Referral
O001405,C0324,P0008,2025-09-29,2,372.6,Paid
O001406,C0119,P0001,2025-09-29,2,627.72,Paid
O001407,C0650,P0015,2025-09-29,3,156.9,Paid
O001408,C0755,P0013,2025-09-29,3,129.78,Paid
O001409,C0102,P0015,2025-09-29,3,156.9,Paid
O001410,C0351,P0017,2025-09-29,1,123.38,Organic
O001411,C0156,P0022,2025-09-29,3,391.14,Paid
O001412,C0631,P0027,2025-09-29,1,44.96,Paid
O001413,C0153,P0028,2025-09-29,1,22.72,Paid
O001414,C0077,P0034,2025-09-29,2,187.1,Paid
O001415,C0669,P0033,2025-09-29,2,167.96,Paid
O001416,C0697,P0035,2025-09-29,3,289.29,Organic
O001417,C0500,P0006,2025-09-29,2,318.4,Referral
O001418,C0564,P0013,2025-09-29,3,129.78,Email
O001419,C0397,P0020,2025-09-29,1,112.73,Paid
O001420,C0373,P0024,2025-09-29,3,320.91,Paid
O001421,C0787,P0020,2025-09-29,1,112.73,Paid
O001422,C0469,P0039,2025-09-29,3,56.34,Paid
O001423,C0185,P0035,2025-09-29,3,289.29,Paid
O001424,C0547,P0039,2025-09-29,3,56.34,Paid
O001425,C0099,P0008,2025-09-30,3,558.9,Paid
O001426,C0677,P0006,2025-09-30,2,318.4,Email
O001427,C0437,P0014,2025-09-30,3,184.29,Paid
O001428,C0363,P0017,2025-09-30,2,246.76,Paid
O001429,C0482,P0037,2025-09-30,3,246.93,Paid
O001430,C0622,P0006,2025-09-30,1,159.2,Paid
O001431,C0085,P0004,2025-09-30,1,117.7,Referral
O001432,C0128,P0009,2025-09-30,2,97.3,Organic
O001433,C0128,P0022,2025-09-30,1,130.38,Paid
O001434,C0285,P0021,2025-09-30,1,117.78,Paid
O001435,C0604,P0027,2025-09-30,2,89.92,Organic
O001436,C0629,P0029,2025-09-30,2,45.78,Paid
O001437,C0267,P0032,2025-09-30,3,32.97,Paid
O001438,C0016,P0029,2025-09-30,1,22.89,Paid
O001439,C0208,P0037,2025-09-30,2,164.62,Paid
O001440,C0231,P0038,2025-09-30,1,103.02,Paid
O001441,C0267,P0035,2025-09-30,3,289.29,Paid
O001442,C0672,P0033,2025-09-30,1,83.98,Paid
O001443,C0210,P0001,2025-09-30,1,313.86,Paid
O001444,C0114,P0003,2025-09-30,2,195.94,Email
O001445,C0689,P0007,2025-09-30,3,185.94,Organic
O001446,C0336,P0006,2025-09-30,3,477.6,Paid
O001447,C0136,P0011,2025-09-30,2,87.64,Paid
O001448,C0288,P0015,2025-09-30,3,156.9,Paid
O001449,C0669,P0022,2025-09-30,2,260.76,Paid
O001450,C0653,P0021,2025-09-30,1,117.78,Paid
O001451,C0156,P0029,2025-09-30,3,68.67,Paid
O001452,C0220,P0028,2025-09-30,1,22.72,Paid
O001453,C0316,P0031,2025-09-30,3,89.55,Email
O001454,C0054,P0031,2025-09-30,1,29.85,Paid
O001455,C0523,P0026,2025-09-30,2,35.72,Paid
O001456,C0792,P0028,2025-09-30,1,22.72,Organic
O001457,C0215,P0035,2025-09-30,2,192.86,Email
O001458,C0054,P0033,2025-09-30,1,83.98,Paid
O001459,C0228,P0037,2025-09-30,1,82.31,Organic
O001460,C0597,P0003,2025-09-30,3,293.91,Paid
O001461,C0305,P0010,2025-09-30,3,109.59,Paid
O001462,C0367,P0023,2025-09-30,3,376.38,Paid
O001463,C0798,P0032,2025-09-30,3,32.97,Paid
O001464,C0693,P0028,2025-09-30,3,68.16,Organic
O001465,C0273,P0031,2025-09-30,1,29.85,Organic
O001466,C0179,P0039,2025-09-30,2,37.56,Paid
O001467,C0291,P0033,2025-09-30,3,251.94,Paid
O001468,C0454,P0008,2025-10-01,1,186.3,Paid
O001469,C0679,P0005,2025-10-01,3,529.65,Paid
O001470,C0292,P0003,2025-10-01,3,293.91,Paid
O001471,C0099,P0003,2025-10-01,2,195.94,Paid
O001472,C0193,P0007,2025-10-01,1,61.98,Organic
O001473,C0259,P0008,2025-10-01,1,186.3,Paid
O001474,C0768,P0021,2025-10-01,1,117.78,Paid
O001475,C0524,P0023,2025-10-01,3,376.38,Organic
O001476,C0775,P0025,2025-10-01,1,46.06,Paid
O001477,C0188,P0025,2025-10-01,2,92.12,Paid
O001478,C0684,P0031,2025-10-01,1,29.85,Paid
O001479,C0594,P0026,2025-10-01,3,53.58,Paid
O001480,C0559,P0034,2025-10-01,3,280.65,Paid
O001481,C0278,P0033,2025-10-01,2,167.96,Paid
O001482,C0198,P0006,2025-10-01,2,318.4,Paid
O001483,C0329,P0003,2025-10-01,1,97.97,Organic
O001484,C0491,P0001,2025-10-01,2,627.72,Paid
O001485,C0410,P0008,2025-10-01,2,372.6,Paid
O001486,C0629,P0013,2025-10-01,1,43.26,Email
O001487,C0640,P0017,2025-10-01,3,370.14,Paid
O001488,C0323,P0017,2025-10-01,1,123.38,Email
O001489,C0433,P0017,2025-10-01,2,246.76,Paid
O001490,C0612,P0023,2025-10-01,1,125.46,Paid
O001491,C0789,P0022,2025-10-01,3,391.14,Paid
O001492,C0651,P0029,2025-10-01,2,45.78,Paid
O001493,C0481,P0025,2025-10-01,1,46.06,Paid
O001494,C0106,P0032,2025-10-01,1,10.99,Organic
O001495,C0205,P0025,2025-10-01,2,92.12,Paid
O001496,C0599,P0031,2025-10-01,2,59.7,Paid
O001497,C0709,P0040,2025-10-01,1,35.3,Paid
O001498,C0047,P0033,2025-10-01,3,251.94,Referral
O001499,C0777,P0038,2025-10-01,2,206.04,Paid
O001500,C0415,P0033,2025-10-01,3,251.94,Paid
O001501,C0028,P0033,2025-10-01,2,167.96,Organic
O001502,C0128,P0037,2025-10-01,2,164.62,Organic
O001503,C0474,P0037,2025-10-01,2,164.62,Referral
O001504,C0351,P0014,2025-10-01,1,61.43,Organic
O001505,C0156,P0011,2025-10-01,3,131.46,Paid
O001506,C0036,P0017,2025-10-01,2,246.76,Referral
O001507,C0087,P0019,2025-10-01,2,159.18,Paid
O001508,C0439,P0019,2025-10-01,1,79.59,Paid
O001509,C0119,P0031,2025-10-01,2,59.7,Paid
O001510,C0636,P0034,2025-10-01,3,280.65,Paid
O001511,C0571,P0035,2025-10-01,2,192.86,Paid
O001512,C0022,P0038,2025-10-01,2,206.04,Paid
O001513,C0565,P0039,2025-10-01,2,37.56,Paid
O001514,C0002,P0001,2025-10-01,3,941.58,Paid
O001515,C0740,P0006,2025-10-01,2,318.4,Paid
O001516,C0037,P0008,2025-10-01,1,186.3,Organic
O001517,C0314,P0012,2025-10-01,2,79.86,Paid
O001518,C0744,P0016,2025-10-01,1,29.82,Organic
O001519,C0199,P0016,2025-10-01,1,29.82,Paid
O001520,C0762,P0010,2025-10-01,3,109.59,Paid
O001521,C0252,P0019,2025-10-01,1,79.59,Paid
O001522,C0291,P0022,2025-10-01,2,260.76,Paid
O001523,C0397,P0027,2025-10-01,2,89.92,Paid
O001524,C0252,P0028,2025-10-01,3,68.16,Paid
O001525,C0174,P0035,2025-10-01,3,289.29,Paid
O001526,C0247,P0038,2025-10-01,2,206.04,Paid
O001527,C0009,P0033,2025-10-01,3,251.94,Organic
O001528,C0795,P0002,2025-10-02,2,449.32,Paid
O001529,C0038,P0010,2025-10-02,1,36.53,Paid
O001530,C0139,P0010,2025-10-02,2,73.06,Paid
O001531,C0041,P0016,2025-10-02,2,59.64,Paid
O001532,C0414,P0023,2025-10-02,3,376.38,Paid
O001533,C0131,P0023,2025-10-02,2,250.92,Paid
O001534,C0177,P0022,2025-10-02,3,391.14,Email
O001535,C0421,P0023,2025-10-02,2,250.92,Paid
O001536,C0013,P0032,2025-10-02,2,21.98,Paid
O001537,C0212,P0027,2025-10-02,1,44.96,Paid
O001538,C0473,P0036,2025-10-02,1,28.53,Paid
O001539,C0760,P0001,2025-10-02,2,627.72,Paid
O001540,C0047,P0005,2025-10-02,3,529.65,Paid
O001541,C0510,P0016,2025-10-02,2,59.64,Email
O001542,C0701,P0015,2025-10-02,2,104.6,Paid
O001543,C0481,P0018,2025-10-02,2,173.42,Email
O001544,C0793,P0022,2025-10-02,3,391.14,Paid
O001545,C0330,P0022,2025-10-02,3,391.14,Paid
O001546,C0388,P0025,2025-10-02,3,138.18,Paid
O001547,C0302,P0029,2025-10-02,1,22.89,Referral
O001548,C0148,P0005,2025-10-02,1,176.55,Paid
O001549,C0008,P0006,2025-10-02,3,477.6,Paid
O001550,C0087,P0003,2025-10-02,3,293.91,Organic
O001551,C0300,P0005,2025-10-02,1,176.55,Paid
O001552,C0579,P0009,2025-10-02,1,48.65,Paid
O001553,C0036,P0011,2025-10-02,2,87.64,Paid
O001554,C0113,P0020,2025-10-02,2,225.46,Paid
O001555,C0151,P0024,2025-10-02,2,213.94,Referral
O001556,C0496,P0033,2025-10-02,3,251.94,Paid
O001557,C0210,P0038,2025-10-02,2,206.04,Paid
O001558,C0653,P0038,2025-10-02,1,103.02,Organic
O001559,C0307,P0002,2025-10-02,3,673.98,Paid
O001560,C0740,P0006,2025-10-02,2,318.4,Email
O001561,C0542,P0014,2025-10-02,1,61.43,Referral
O001562,C0515,P0010,2025-10-02,3,109.59,Paid
O001563,C0385,P0022,2025-10-02,1,130.38,Paid
O001564,C0416,P0017,2025-10-02,1,123.38,Organic
O001565,C0493,P0031,2025-10-02,3,89.55,Paid
O001566,C0307,P0026,2025-10-02,1,17.86,Paid
O001567,C0273,P0027,2025-10-02,1,44.96,Paid
O001568,C0702,P0034,2025-10-02,3,280.65,Paid
O001569,C0187,P0034,2025-10-02,1,93.55,Paid
O001570,C0561,P0033,2025-10-02,1,83.98,Paid
O001571,C0200,P0037,2025-10-02,2,164.62,Email
O001572,C0222,P0002,2025-10-03,3,673.98,Referral
O001573,C0355,P0001,2025-10-03,1,313.86,Paid
O001574,C0308,P0006,2025-10-03,3,477.6,Organic
O001575,C0361,P0007,2025-10-03,3,185.94,Paid
O001576,C0131,P0013,2025-10-03,2,86.52,Organic
O001577,C0339,P0010,2025-10-03,2,73.06,Organic
O001578,C0292,P0019,2025-10-03,1,79.59,Paid
O001579,C0742,P0022,2025-10-03,1,130.38,Paid
O001580,C0024,P0018,2025-10-03,3,260.13,Referral
O001581,C0505,P0031,2025-10-03,1,29.85,Referral
O001582,C0355,P0028,2025-10-03,1,22.72,Paid
O001583,C0589,P0029,2025-10-03,1,22.89,Paid
O001584,C0038,P0037,2025-10-03,3,246.93,Paid
O001585,C0278,P0038,2025-10-03,3,309.06,Paid
O001586,C0526,P0040,2025-10-03,2,70.6,Referral
O001587,C0743,P0036,2025-10-03,3,85.59,Organic
O001588,C0780,P0003,2025-10-03,3,293.91,Paid
O001589,C0047,P0004,2025-10-03,1,117.7,Paid
O001590,C0205,P0005,2025-10-03,3,529.65,Paid
O001591,C0433,P0012,2025-10-03,2,79.86,Paid
O001592,C0126,P0009,2025-10-03,3,145.95,Paid
O001593,C0320,P0011,2025-10-03,3,131.46,Paid
O001594,C0190,P0017,2025-10-03,2,246.76,Paid
O001595,C0116,P0024,2025-10-03,1,106.97,Paid
O001596,C0721,P0024,2025-10-03,3,320.91,Paid
O001597,C0335,P0017,2025-10-03,3,370.14,Organic
O001598,C0599,P0028,2025-10-03,2,45.44,Email
O001599,C0672,P0025,2025-10-03,1,46.06,Paid
O001600,C0692,P0032,2025-10-03,2,21.98,Email
O001601,C0605,P0031,2025-10-03,1,29.85,Referral
O001602,C0653,P0004,2025-10-03,1,117.7,Paid
O001603,C0153,P0001,2025-10-03,3,941.58,Paid
O001604,C0631,P0006,2025-10-03,3,477.6,Organic
O001605,C0336,P0014,2025-10-03,2,122.86,Email
O001606,C0263,P0015,2025-10-03,2,104.6,Email
O001607,C0136,P0028,2025-10-03,1,22.72,Paid
O001608,C0119,P0026,2025-10-03,2,35.72,Paid
O001609,C0579,P0037,2025-10-03,1,82.31,Paid
O001610,C0393,P0034,2025-10-03,1,93.55,Referral
O001611,C0206,P0036,2025-10-03,3,85.59,Paid
O001612,C0669,P0036,2025-10-03,3,85.59,Paid
O001613,C0101,P0004,2025-10-03,2,235.4,Email
O001614,C0344,P0002,2025-10-03,2,449.32,Email
O001615,C0108,P0008,2025-10-03,1,186.3,Paid
O001616,C0515,P0007,2025-10-03,2,123.96,Paid
O001617,C0310,P0015,2025-10-03,1,52.3,Paid
O001618,C0582,P0013,2025-10-03,3,129.78,Organic
O001619,C0247,P0011,2025-10-03,3,131.46,Paid
O001620,C0459,P0016,2025-10-03,3,89.46,Referral
O001621,C0233,P0013,2025-10-03,2,86.52,Referral
O001622,C0150,P0021,2025-10-03,2,235.56,Paid
O001623,C0287,P0027,2025-10-03,1,44.96,Paid
O001624,C0560,P0027,2025-10-03,1,44.96,Paid
O001625,C0163,P0036,2025-10-03,3,85.59,Paid
O001626,C0131,P0005,2025-10-04,3,529.65,Paid
O001627,C0440,P0002,2025-10-04,3,673.98,Paid
O001628,C0519,P0015,2025-10-04,1,52.3,Paid
O001629,C0575,P0009,2025-10-04,2,97.3,Paid
O001630,C0041,P0031,2025-10-04,1,29.85,Paid
O001631,C0188,P0028,2025-10-04,3,68.16,Paid
O001632,C0255,P0030,2025-10-04,3,48.03,Paid
O001633,C0303,P0032,2025-10-04,3,32.97,Email
O001634,C0011,P0029,2025-10-04,1,22.89,Organic
O001635,C0715,P0028,2025-10-04,3,68.16,Paid
O001636,C0202,P0033,2025-10-04,1,83.98,Email
O001637,C0796,P0002,2025-10-04,3,673.98,Organic
O001638,C0698,P0003,2025-10-04,3,293.91,Paid
O001639,C0786,P0006,2025-10-04,2,318.4,Paid
O001640,C0746,P0008,2025-10-04,2,372.6,Paid
O001641,C0405,P0002,2025-10-04,2,449.32,Organic
O001642,C0746,P0011,2025-10-04,3,131.46,Paid
O001643,C0320,P0009,2025-10-04,2,97.3,Email
O001644,C0226,P0014,2025-10-04,1,61.43,Email
O001645,C0330,P0021,2025-10-04,1,117.78,Organic
O001646,C0753,P0018,2025-10-04,3,260.13,Email
O001647,C0796,P0024,2025-10-04,1,106.97,Paid
O001648,C0796,P0032,2025-10-04,2,21.98,Organic
O001649,C0683,P0032,2025-10-04,1,10.99,Paid
O001650,C0672,P0031,2025-10-04,2,59.7,Organic
O001651,C0793,P0027,2025-10-04,1,44.96,Paid
O001652,C0330,P0032,2025-10-04,2,21.98,Organic
O001653,C0208,P0036,2025-10-04,2,57.06,Paid
O001654,C0653,P0004,2025-10-04,1,117.7,Paid
O001655,C0697,P0007,2025-10-04,3,185.94,Paid
O001656,C0042,P0005,2025-10-04,3,529.65,Paid
O001657,C0220,P0002,2025-10-04,2,449.32,Paid
O001658,C0565,P0016,2025-10-04,3,89.46,Paid
O001659,C0445,P0016,2025-10-04,2,59.64,Email
O001660,C0527,P0016,2025-10-04,2,59.64,Paid
O001661,C0295,P0032,2025-10-04,2,21.98,Paid
O001662,C0799,P0032,2025-10-04,1,10.99,Organic
O001663,C0792,P0038,2025-10-04,3,309.06,Paid
O001664,C0765,P0035,2025-10-04,2,192.86,Paid
O001665,C0350,P0037,2025-10-04,3,246.93,Paid
O001666,C0767,P0034,2025-10-04,3,280.65,Paid
O001667,C0200,P0004,2025-10-04,2,235.4,Paid
O001668,C0563,P0005,2025-10-04,3,529.65,Paid
O001669,C0147,P0001,2025-10-04,3,941.58,Organic
O001670,C0493,P0009,2025-10-04,3,145.95,Email
O001671,C0258,P0015,2025-10-04,1,52.3,Email
O001672,C0426,P0024,2025-10-04,1,106.97,Paid
O001673,C0140,P0018,2025-10-04,3,260.13,Email
O001674,C0403,P0024,2025-10-04,1,106.97,Paid
O001675,C0200,P0030,2025-10-04,2,32.02,Organic
O001676,C0109,P0032,2025-10-04,1,10.99,Organic
O001677,C0609,P0025,2025-10-04,1,46.06,Email
O001678,C0729,P0025,2025-10-04,1,46.06,Paid
O001679,C0501,P0027,2025-10-04,3,134.88,Paid
O001680,C0745,P0034,2025-10-04,1,93.55,Paid
O001681,C0273,P0034,2025-10-04,2,187.1,Email
O001682,C0341,P0004,2025-10-05,2,235.4,Paid
O001683,C0543,P0014,2025-10-05,3,184.29,Email
O001684,C0127,P0014,2025-10-05,1,61.43,Paid
O001685,C0280,P0018,2025-10-05,2,173.42,Paid
O001686,C0363,P0026,2025-10-05,2,35.72,Referral
O001687,C0587,P0031,2025-10-05,2,59.7,Paid
O001688,C0175,P0025,2025-10-05,1,46.06,Paid
O001689,C0212,P0033,2025-10-05,3,251.94,Paid
O001690,C0423,P0002,2025-10-05,1,224.66,Paid
O001691,C0692,P0003,2025-10-05,3,293.91,Paid
O001692,C0003,P0003,2025-10-05,3,293.91,Paid
O001693,C0604,P0012,2025-10-05,3,119.79,Paid
O001694,C0652,P0014,2025-10-05,1,61.43,Organic
O001695,C0261,P0016,2025-10-05,3,89.46,Paid
O001696,C0793,P0016,2025-10-05,3,89.46,Paid
O001697,C0590,P0024,2025-10-05,2,213.94,Email
O001698,C0410,P0021,2025-10-05,2,235.56,Email
O001699,C0738,P0017,2025-10-05,2,246.76,Referral
O001700,C0639,P0027,2025-10-05,3,134.88,Organic
O001701,C0282,P0026,2025-10-05,2,35.72,Paid
O001702,C0557,P0030,2025-10-05,2,32.02,Organic
O001703,C0605,P0028,2025-10-05,1,22.72,Organic
O001704,C0786,P0039,2025-10-05,2,37.56,Paid
O001705,C0387,P0033,2025-10-05,2,167.96,Paid
O001706,C0360,P0006,2025-10-05,1,159.2,Paid
O001707,C0413,P0002,2025-10-05,1,224.66,Paid
O001708,C0695,P0001,2025-10-05,3,941.58,Email
O001709,C0238,P0016,2025-10-05,1,29.82,Email
O001710,C0429,P0010,2025-10-05,1,36.53,Paid
O001711,C0377,P0023,2025-10-05,1,125.46,Paid
O001712,C0413,P0032,2025-10-05,1,10.99,Organic
O001713,C0172,P0031,2025-10-05,2,59.7,Paid
O001714,C0432,P0033,2025-10-05,1,83.98,Paid
O001715,C0450,P0040,2025-10-05,3,105.9,Email
O001716,C0039,P0003,2025-10-05,2,195.94,Paid
O001717,C0305,P0007,2025-10-05,2,123.96,Paid
O001718,C0568,P0011,2025-10-05,3,131.46,Paid
O001719,C0009,P0009,2025-10-05,3,145.95,Paid
O001720,C0407,P0011,2025-10-05,1,43.82,Paid
O001721,C0200,P0009,2025-10-05,1,48.65,Paid
O001722,C0525,P0024,2025-10-05,3,320.91,Paid
O001723,C0745,P0018,2025-10-05,2,173.42,Paid
O001724,C0140,P0022,2025-10-05,2,260.76,Paid
O001725,C0035,P0022,2025-10-05,2,260.76,Organic
O001726,C0430,P0026,2025-10-05,2,35.72,Paid
O001727,C0407,P0025,2025-10-05,2,92.12,Organic
O001728,C0035,P0035,2025-10-05,2,192.86,Paid
O001729,C0227,P0034,2025-10-05,3,280.65,Paid
O001730,C0011,P0008,2025-10-06,3,558.9,Paid
O001731,C0341,P0007,2025-10-06,2,123.96,Paid
O001732,C0341,P0007,2025-10-06,1,61.98,Paid
O001733,C0065,P0005,2025-10-06,1,176.55,Paid
O001734,C0325,P0004,2025-10-06,2,235.4,Paid
O001735,C0575,P0014,2025-10-06,3,184.29,Email
O001736,C0277,P0013,2025-10-06,3,129.78,Paid
O001737,C0280,P0022,2025-10-06,1,130.38,Paid
O001738,C0556,P0022,2025-10-06,2,260.76,Paid
O001739,C0742,P0029,2025-10-06,3,68.67,Email
O001740,C0107,P0031,2025-10-06,3,89.55,Paid
O001741,C0788,P0038,2025-10-06,3,309.06,Paid
O001742,C0107,P0035,2025-10-06,2,192.86,Paid
O001743,C0575,P0038,2025-10-06,1,103.02,Paid
O001744,C0559,P0036,2025-10-06,1,28.53,Paid
O001745,C0621,P0033,2025-10-06,1,83.98,Paid
O001746,C0680,P0007,2025-10-06,3,185.94,Paid
O001747,C0758,P0007,2025-10-06,1,61.98,Paid
O001748,C0786,P0001,2025-10-06,2,627.72,Paid
O001749,C0699,P0004,2025-10-06,1,117.7,Paid
O001750,C0635,P0006,2025-10-06,1,159.2,Email
O001751,C0721,P0016,2025-10-06,3,89.46,Paid
O001752,C0387,P0013,2025-10-06,3,129.78,Organic
O001753,C0622,P0013,2025-10-06,1,43.26,Paid
O001754,C0546,P0020,2025-10-06,3,338.19,Paid
O001755,C0358,P0020,2025-10-06,3,338.19,Paid
O001756,C0758,P0021,2025-10-06,3,353.34,Paid
O001757,C0026,P0034,2025-10-06,3,280.65,Paid
O001758,C0620,P0010,2025-10-06,1,36.53,Paid
O001759,C0620,P0033,2025-10-06,3,251.94,Paid
O001760,C0336,P0034,2025-10-06,3,280.65,Paid
O001761,C0228,P0035,2025-10-06,3,289.29,Paid
O001762,C0397,P0016,2025-10-06,3,89.46,Organic
O001763,C0062,P0014,2025-10-06,1,61.43,Paid
O001764,C0707,P0011,2025-10-06,1,43.82,Paid
O001765,C0397,P0022,2025-10-06,2,260.76,Paid
O001766,C0501,P0019,2025-10-06,3,238.77,Organic
O001767,C0740,P0025,2025-10-06,2,92.12,Referral
O001768,C0740,P0025,2025-10-06,2,92.12,Referral
O001769,C0218,P0029,2025-10-06,3,68.67,Paid
O001770,C0730,P0038,2025-10-06,1,103.02,Organic
O001771,C0416,P0038,2025-10-06,1,103.02,Email
O001772,C0493,P0033,2025-10-06,1,83.98,Email
O001773,C0618,P0003,2025-10-07,2,195.94,Paid
O001774,C0064,P0014,2025-10-07,1,61.43,Organic
O001775,C0155,P0023,2025-10-07,1,125.46,Organic
O001776,C0097,P0023,2025-10-07,1,125.46,Email
O001777,C0727,P0026,2025-10-07,2,35.72,Paid
O001778,C0284,P0025,2025-10-07,1,46.06,Paid
O001779,C0800,P0037,2025-10-07,2,164.62,Email
O001780,C0543,P0033,2025-10-07,2,167.96,Organic
O001781,C0800,P0037,2025-10-07,1,82.31,Paid
O001782,C0616,P0006,2025-10-07,1,159.2,Organic
O001783,C0786,P0002,2025-10-07,3,673.98,Paid
O001784,C0342,P0005,2025-10-07,2,353.1,Paid
O001785,C0474,P0007,2025-10-07,2,123.96,Email
O001786,C0243,P0010,2025-10-07,1,36.53,Email
O001787,C0747,P0010,2025-10-07,3,109.59,Paid
O001788,C0028,P0015,2025-10-07,1,52.3,Paid
O001789,C0747,P0020,2025-10-07,3,338.19,Email
O001790,C0777,P0022,2025-10-07,3,391.14,Email
O001791,C0750,P0021,2025-10-07,3,353.34,Paid
O001792,C0774,P0024,2025-10-07,3,320.91,Paid
O001793,C0671,P0017,2025-10-07,1,123.38,Paid
O001794,C0552,P0031,2025-10-07,1,29.85,Referral
O001795,C0692,P0030,2025-10-07,3,48.03,Email
O001796,C0285,P0028,2025-10-07,1,22.72,Paid
O001797,C0777,P0028,2025-10-07,2,45.44,Paid
O001798,C0746,P0027,2025-10-07,1,44.96,Paid
O001799,C0750,P0025,2025-10-07,2,92.12,Paid
O001800,C0190,P0026,2025-10-07,3,53.58,Email
O001801,C0728,P0032,2025-10-07,2,21.98,Paid
O001802,C0622,P0032,2025-10-07,1,10.99,Referral
O001803,C0250,P0036,2025-10-07,1,28.53,Email
O001804,C0644,P0036,2025-10-07,2,57.06,Organic
O001805,C0128,P0040,2025-10-07,1,35.3,Paid
O001806,C0087,P0005,2025-10-07,1,176.55,Paid
O001807,C0326,P0001,2025-10-07,2,627.72,Email
O001808,C0697,P0007,2025-10-07,3,185.94,Paid
O001809,C0449,P0016,2025-10-07,1,29.82,Referral
O001810,C0449,P0015,2025-10-07,3,156.9,Paid
O001811,C0351,P0021,2025-10-07,3,353.34,Paid
O001812,C0225,P0021,2025-10-07,1,117.78,Paid
O001813,C0354,P0024,2025-10-07,3,320.91,Referral
O001814,C0778,P0027,2025-10-07,1,44.96,Organic
O001815,C0215,P0028,2025-10-07,2,45.44,Paid
O001816,C0054,P0031,2025-10-07,1,29.85,Paid
O001817,C0666,P0029,2025-10-07,1,22.89,Paid
O001818,C0206,P0033,2025-10-07,2,167.96,Organic
O001819,C0075,P0040,2025-10-07,2,70.6,Organic
O001820,C0638,P0034,2025-10-07,1,93.55,Paid
O001821,C0375,P0004,2025-10-07,1,117.7,Organic
O001822,C0314,P0002,2025-10-07,2,449.32,Organic
O001823,C0187,P0007,2025-10-07,1,61.98,Paid
O001824,C0307,P0016,2025-10-07,3,89.46,Email
O001825,C0056,P0012,2025-10-07,3,119.79,Paid
O001826,C0493,P0016,2025-10-07,1,29.82,Organic
O001827,C0174,P0019,2025-10-07,2,159.18,Paid
O001828,C0020,P0019,2025-10-07,3,238.77,Paid
O001829,C0757,P0023,2025-10-07,3,376.38,Organic
O001830,C0252,P0023,2025-10-07,3,376.38,Paid
O001831,C0307,P0018,2025-10-07,3,260.13,Paid
O001832,C0703,P0027,2025-10-07,3,134.88,Referral
O001833,C0499,P0033,2025-10-07,1,83.98,Paid
O001834,C0179,P0036,2025-10-07,2,57.06,Paid
O001835,C0525,P0039,2025-10-07,3,56.34,Organic
O001836,C0569,P0004,2025-10-08,1,117.7,Paid
O001837,C0468,P0005,2025-10-08,2,353.1,Email
O001838,C0673,P0007,2025-10-08,1,61.98,Organic
O001839,C0127,P0004,2025-10-08,1,117.7,Paid
O001840,C0257,P0004,2025-10-08,3,353.1,Paid
O001841,C0292,P0009,2025-10-08,3,145.95,Paid
O001842,C0775,P0014,2025-10-08,2,122.86,Paid
O001843,C0099,P0018,2025-10-08,1,86.71,Paid
O001844,C0081,P0017,2025-10-08,2,246.76,Organic
O001845,C0292,P0023,2025-10-08,3,376.38,Paid
O001846,C0657,P0022,2025-10-08,1,130.38,Referral
O001847,C0094,P0024,2025-10-08,3,320.91,Paid
O001848,C0468,P0027,2025-10-08,3,134.88,Paid
O001849,C0519,P0027,2025-10-08,2,89.92,Paid
O001850,C0657,P0033,2025-10-08,2,167.96,Email
O001851,C0576,P0008,2025-10-08,3,558.9,Paid
O001852,C0423,P0006,2025-10-08,2,318.4,Paid
O001853,C0283,P0002,2025-10-08,1,224.66,Paid
O001854,C0591,P0024,2025-10-08,2,213.94,Paid
O001855,C0474,P0022,2025-10-08,3,391.14,Paid
O001856,C0370,P0023,2025-10-08,2,250.92,Email
O001857,C0651,P0030,2025-10-08,1,16.01,Paid
O001858,C0605,P0039,2025-10-08,1,18.78,Paid
O001859,C0231,P0034,2025-10-08,3,280.65,Paid
O001860,C0250,P0036,2025-10-08,1,28.53,Organic
O001861,C0225,P0003,2025-10-08,1,97.97,Email
O001862,C0192,P0006,2025-10-08,3,477.6,Organic
O001863,C0393,P0012,2025-10-08,3,119.79,Paid
O001864,C0666,P0012,2025-10-08,3,119.79,Paid
O001865,C0215,P0016,2025-10-08,1,29.82,Organic
O001866,C0429,P0015,2025-10-08,3,156.9,Paid
O001867,C0646,P0018,2025-10-08,1,86.71,Paid
O001868,C0704,P0026,2025-10-08,2,35.72,Paid
O001869,C0031,P0028,2025-10-08,1,22.72,Organic
O001870,C0351,P0038,2025-10-08,3,309.06,Paid
O001871,C0500,P0001,2025-10-08,3,941.58,Paid
O001872,C0568,P0004,2025-10-08,3,353.1,Paid
O001873,C0404,P0007,2025-10-08,2,123.96,Organic
O001874,C0609,P0006,2025-10-08,1,159.2,Paid
O001875,C0030,P0009,2025-10-08,3,145.95,Paid
O001876,C0564,P0011,2025-10-08,1,43.82,Paid
O001877,C0551,P0015,2025-10-08,1,52.3,Paid
O001878,C0790,P0023,2025-10-08,2,250.92,Email
O001879,C0101,P0019,2025-10-08,1,79.59,Paid
O001880,C0547,P0021,2025-10-08,3,353.34,Paid
O001881,C0515,P0029,2025-10-08,3,68.67,Paid
O001882,C0787,P0032,2025-10-08,1,10.99,Paid
O001883,C0100,P0040,2025-10-08,2,70.6,Organic
O001884,C0597,P0037,2025-10-08,3,246.93,Paid
O001885,C0597,P0036,2025-10-08,2,57.06,Paid
O001886,C0634,P0038,2025-10-08,1,103.02,Paid
O001887,C0168,P0034,2025-10-08,1,93.55,Paid
O001888,C0139,P0006,2025-10-09,3,477.6,Paid
O001889,C0107,P0004,2025-10-09,2,235.4,Paid
O001890,C0118,P0019,2025-10-09,2,159.18,Paid
O001891,C0299,P0022,2025-10-09,1,130.38,Organic
O001892,C0800,P0021,2025-10-09,3,353.34,Organic
O001893,C0165,P0028,2025-10-09,2,45.44,Paid
O001894,C0795,P0027,2025-10-09,1,44.96,Paid
O001895,C0587,P0031,2025-10-09,1,29.85,Paid
O001896,C0621,P0030,2025-10-09,3,48.03,Paid
O001897,C0257,P0036,2025-10-09,3,85.59,Paid
O001898,C0446,P0040,2025-10-09,2,70.6,Organic
O001899,C0222,P0037,2025-10-09,3,246.93,Paid
O001900,C0635,P0005,2025-10-09,3,529.65,Paid
O001901,C0566,P0011,2025-10-09,2,87.64,Paid
O001902,C0750,P0010,2025-10-09,1,36.53,Paid
O001903,C0034,P0021,2025-10-09,1,117.78,Referral
O001904,C0671,P0021,2025-10-09,2,235.56,Organic
O001905,C0699,P0022,2025-10-09,3,391.14,Paid
O001906,C0302,P0038,2025-10-09,1,103.02,Referral
O001907,C0737,P0040,2025-10-09,2,70.6,Paid
O001908,C0204,P0005,2025-10-09,2,353.1,Organic
O001909,C0350,P0004,2025-10-09,3,353.1,Email
O001910,C0075,P0014,2025-10-09,1,61.43,Paid
O001911,C0496,P0039,2025-10-09,2,37.56,Email
O001912,C0294,P0008,2025-10-09,3,558.9,Paid
O001913,C0520,P0005,2025-10-09,1,176.55,Paid
O001914,C0340,P0011,2025-10-09,3,131.46,Paid
O001915,C0477,P0015,2025-10-09,2,104.6,Paid
O001916,C0688,P0011,2025-10-09,2,87.64,Paid
O001917,C0606,P0013,2025-10-09,1,43.26,Organic
O001918,C0465,P0022,2025-10-09,3,391.14,Paid
O001919,C0009,P0022,2025-10-09,2,260.76,Email
O001920,C0147,P0032,2025-10-09,2,21.98,Paid
O001921,C0520,P0034,2025-10-09,3,280.65,Organic
O001922,C0582,P0038,2025-10-09,3,309.06,Organic
O001923,C0776,P0035,2025-10-09,1,96.43,Paid
O001924,C0562,P0037,2025-10-09,2,164.62,Paid
O001925,C0499,P0036,2025-10-09,1,28.53,Organic
O001926,C0005,P0039,2025-10-09,3,56.34,Paid
O001927,C0264,P0003,2025-10-10,2,195.94,Organic
O001928,C0800,P0006,2025-10-10,2,318.4,Email
O001929,C0446,P0008,2025-10-10,2,372.6,Paid
O001930,C0421,P0006,2025-10-10,1,159.2,Paid
O001931,C0641,P0016,2025-10-10,3,89.46,Paid
O001932,C0259,P0015,2025-10-10,1,52.3,Paid
O001933,C0292,P0021,2025-10-10,3,353.34,Paid
O001934,C0339,P0032,2025-10-10,2,21.98,Organic
O001935,C0473,P0036,2025-10-10,1,28.53,Paid
O001936,C0667,P0008,2025-10-10,3,558.9,Paid
O001937,C0335,P0015,2025-10-10,1,52.3,Paid
O001938,C0602,P0014,2025-10-10,1,61.43,Paid
O001939,C0420,P0010,2025-10-10,2,73.06,Paid
O001940,C0447,P0009,2025-10-10,2,97.3,Paid
O001941,C0786,P0023,2025-10-10,1,125.46,Email
O001942,C0137,P0017,2025-10-10,1,123.38,Paid
O001943,C0095,P0017,2025-10-10,3,370.14,Paid
O001944,C0629,P0023,2025-10-10,1,125.46,Email
O001945,C0474,P0025,2025-10-10,3,138.18,Paid
O001946,C0680,P0031,2025-10-10,1,29.85,Email
O001947,C0240,P0025,2025-10-10,3,138.18,Paid
O001948,C0578,P0036,2025-10-10,2,57.06,Paid
O001949,C0276,P0034,2025-10-10,2,187.1,Paid
O001950,C0669,P0003,2025-10-10,1,97.97,Organic
O001951,C0391,P0014,2025-10-10,1,61.43,Paid
O001952,C0708,P0010,2025-10-10,3,109.59,Paid
O001953,C0571,P0012,2025-10-10,2,79.86,Paid
O001954,C0636,P0020,2025-10-10,2,225.46,Organic
O001955,C0334,P0022,2025-10-10,3,391.14,Paid
O001956,C0471,P0027,2025-10-10,3,134.88,Paid
O001957,C0230,P0032,2025-10-10,1,10.99,Paid
O001958,C0206,P0033,2025-10-10,1,83.98,Paid
O001959,C0062,P0006,2025-10-10,2,318.4,Paid
O001960,C0362,P0007,2025-10-10,1,61.98,Paid
O001961,C0645,P0014,2025-10-10,3,184.29,Paid
O001962,C0373,P0009,2025-10-10,1,48.65,Paid
O001963,C0218,P0011,2025-10-10,1,43.82,Organic
O001964,C0305,P0014,2025-10-10,1,61.43,Email
O001965,C0745,P0020,2025-10-10,1,112.73,Organic
O001966,C0645,P0020,2025-10-10,3,338.19,Paid
O001967,C0252,P0029,2025-10-10,1,22.89,Paid
O001968,C0513,P0026,2025-10-10,1,17.86,Paid
O001969,C0249,P0026,2025-10-10,3,53.58,Paid
O001970,C0487,P0032,2025-10-10,1,10.99,Paid
O001971,C0066,P0034,2025-10-10,1,93.55,Email
O001972,C0625,P0004,2025-10-11,1,117.7,Organic
O001973,C0583,P0005,2025-10-11,3,529.65,Paid
O001974,C0455,P0005,2025-10-11,1,176.55,Paid
O001975,C0259,P0010,2025-10-11,2,73.06,Paid
O001976,C0749,P0019,2025-10-11,1,79.59,Paid
O001977,C0800,P0020,2025-10-11,1,112.73,Paid
O001978,C0065,P0028,2025-10-11,1,22.72,Paid
O001979,C0772,P0037,2025-10-11,1,82.31,Paid
O001980,C0746,P0004,2025-10-11,2,235.4,Paid
O001981,C0652,P0002,2025-10-11,2,449.32,Paid
O001982,C0738,P0008,2025-10-11,1,186.3,Organic
O001983,C0016,P0008,2025-10-11,3,558.9,Paid
O001984,C0780,P0007,2025-10-11,2,123.96,Paid
O001985,C0557,P0003,2025-10-11,2,195.94,Paid
O001986,C0335,P0015,2025-10-11,1,52.3,Paid
O001987,C0760,P0015,2025-10-11,1,52.3,Organic
O001988,C0750,P0013,2025-10-11,2,86.52,Email
O001989,C0370,P0016,2025-10-11,2,59.64,Email
O001990,C0692,P0015,2025-10-11,1,52.3,Paid
O001991,C0323,P0014,2025-10-11,1,61.43,Paid
O001992,C0796,P0011,2025-10-11,1,43.82,Email
O001993,C0698,P0022,2025-10-11,2,260.76,Organic
O001994,C0672,P0023,2025-10-11,3,376.38,Email
O001995,C0381,P0019,2025-10-11,3,238.77,Paid
O001996,C0330,P0018,2025-10-11,2,173.42,Paid
O001997,C0642,P0021,2025-10-11,2,235.56,Paid
O001998,C0681,P0032,2025-10-11,1,10.99,Referral
O001999,C0546,P0026,2025-10-11,2,35.72,Paid
O002000,C0510,P0030,2025-10-11,2,32.02,Paid
O002001,C0171,P0037,2025-10-11,1,82.31,Email
O002002,C0612,P0035,2025-10-11,2,192.86,Paid
O002003,C0695,P0004,2025-10-11,2,235.4,Paid
O002004,C0637,P0003,2025-10-11,3,293.91,Paid
O002005,C0077,P0016,2025-10-11,3,89.46,Paid
O002006,C0054,P0014,2025-10-11,2,122.86,Organic
O002007,C0478,P0011,2025-10-11,3,131.46,Paid
O002008,C0334,P0015,2025-10-11,2,104.6,Organic
O002009,C0577,P0024,2025-10-11,1,106.97,Paid
O002010,C0204,P0020,2025-10-11,1,112.73,Organic
O002011,C0523,P0021,2025-10-11,3,353.34,Paid
O002012,C0636,P0022,2025-10-11,3,391.14,Paid
O002013,C0432,P0017,2025-10-11,1,123.38,Organic
O002014,C0770,P0025,2025-10-11,1,46.06,Organic
O002015,C0638,P0025,2025-10-11,1,46.06,Paid
O002016,C0668,P0029,2025-10-11,2,45.78,Organic
O002017,C0580,P0038,2025-10-11,1,103.02,Paid
O002018,C0620,P0036,2025-10-11,2,57.06,Referral
O002019,C0112,P0038,2025-10-11,2,206.04,Paid
O002020,C0791,P0001,2025-10-11,3,941.58,Paid
O002021,C0568,P0002,2025-10-11,2,449.32,Organic
O002022,C0551,P0002,2025-10-11,1,224.66,Paid
O002023,C0520,P0005,2025-10-11,3,529.65,Organic
O002024,C0791,P0003,2025-10-11,1,97.97,Paid
O002025,C0109,P0010,2025-10-11,2,73.06,Email
O002026,C0555,P0017,2025-10-11,3,370.14,Paid
O002027,C0416,P0018,2025-10-11,3,260.13,Email
O002028,C0290,P0022,2025-10-11,3,391.14,Email
O002029,C0525,P0025,2025-10-11,1,46.06,Organic
O002030,C0798,P0031,2025-10-11,1,29.85,Paid
O002031,C0286,P0039,2025-10-11,2,37.56,Email
O002032,C0364,P0038,2025-10-11,1,103.02,Paid
O002033,C0314,P0037,2025-10-11,2,164.62,Email
O002034,C0277,P0004,2025-10-12,2,235.4,Paid
O002035,C0097,P0002,2025-10-12,1,224.66,Paid
O002036,C0414,P0008,2025-10-12,2,372.6,Paid
O002037,C0731,P0009,2025-10-12,3,145.95,Paid
O002038,C0074,P0018,2025-10-12,2,173.42,Paid
O002039,C0097,P0025,2025-10-12,1,46.06,Paid
O002040,C0741,P0026,2025-10-12,3,53.58,Paid
O002041,C0468,P0031,2025-10-12,1,29.85,Paid
O002042,C0177,P0025,2025-10-12,1,46.06,Organic
O002043,C0795,P0030,2025-10-12,3,48.03,Email
O002044,C0259,P0027,2025-10-12,1,44.96,Paid
O002045,C0521,P0031,2025-10-12,3,89.55,Referral
O002046,C0203,P0039,2025-10-12,1,18.78,Email
O002047,C0654,P0036,2025-10-12,3,85.59,Paid
O002048,C0317,P0039,2025-10-12,3,56.34,Paid
O002049,C0748,P0004,2025-10-12,2,235.4,Paid
O002050,C0304,P0005,2025-10-12,3,529.65,Paid
O002051,C0283,P0014,2025-10-12,1,61.43,Paid
O002052,C0415,P0023,2025-10-12,2,250.92,Paid
O002053,C0629,P0017,2025-10-12,3,370.14,Paid
O002054,C0683,P0025,2025-10-12,2,92.12,Paid
O002055,C0721,P0029,2025-10-12,3,68.67,Paid
O002056,C0144,P0028,2025-10-12,2,45.44,Organic
O002057,C0423,P0030,2025-10-12,2,32.02,Email
O002058,C0116,P0027,2025-10-12,3,134.88,Organic
O002059,C0651,P0027,2025-10-12,2,89.92,Paid
O002060,C0388,P0030,2025-10-12,3,48.03,Paid
O002061,C0302,P0034,2025-10-12,1,93.55,Paid
O002062,C0764,P0033,2025-10-12,2,167.96,Email
O002063,C0576,P0039,2025-10-12,1,18.78,Organic
O002064,C0494,P0033,2025-10-12,3,251.94,Paid
O002065,C0737,P0035,2025-10-12,3,289.29,Organic
O002066,C0275,P0038,2025-10-12,1,103.02,Paid
O002067,C0156,P0004,2025-10-12,2,235.4,Paid
O002068,C0523,P0001,2025-10-12,3,941.58,Paid
O002069,C0778,P0002,2025-10-12,1,224.66,Paid
O002070,C0579,P0009,2025-10-12,1,48.65,Referral
O002071,C0689,P0011,2025-10-12,3,131.46,Paid
O002072,C0713,P0014,2025-10-12,3,184.29,Organic
O002073,C0295,P0012,2025-10-12,2,79.86,Organic
O002074,C0462,P0013,2025-10-12,2,86.52,Email
O002075,C0770,P0009,2025-10-12,3,145.95,Paid
O002076,C0695,P0020,2025-10-12,2,225.46,Paid
O002077,C0464,P0020,2025-10-12,2,225.46,Paid
O002078,C0579,P0024,2025-10-12,2,213.94,Organic
O002079,C0565,P0031,2025-10-12,3,89.55,Paid
O002080,C0145,P0030,2025-10-12,1,16.01,Paid
O002081,C0210,P0040,2025-10-12,3,105.9,Organic
O002082,C0703,P0005,2025-10-12,2,353.1,Paid
O002083,C0798,P0008,2025-10-12,3,558.9,Email
O002084,C0125,P0014,2025-10-12,2,122.86,Organic
O002085,C0597,P0010,2025-10-12,3,109.59,Paid
O002086,C0273,P0012,2025-10-12,3,119.79,Paid
O002087,C0029,P0013,2025-10-12,2,86.52,Paid
O002088,C0459,P0012,2025-10-12,2,79.86,Paid
O002089,C0487,P0022,2025-10-12,1,130.38,Paid
O002090,C0200,P0020,2025-10-12,3,338.19,Organic
O002091,C0626,P0028,2025-10-12,3,68.16,Paid
O002092,C0168,P0030,2025-10-12,3,48.03,Paid
O002093,C0344,P0030,2025-10-12,3,48.03,Paid
O002094,C0609,P0025,2025-10-12,2,92.12,Organic
O002095,C0209,P0031,2025-10-12,3,89.55,Paid
O002096,C0465,P0025,2025-10-12,3,138.18,Paid
O002097,C0776,P0027,2025-10-12,1,44.96,Organic
O002098,C0002,P0035,2025-10-12,2,192.86,Paid
O002099,C0174,P0036,2025-10-12,1,28.53,Paid
O002100,C0686,P0039,2025-10-12,3,56.34,Organic
O002101,C0292,P0006,2025-10-13,2,318.4,Paid
O002102,C0127,P0014,2025-10-13,2,122.86,Paid
O002103,C0255,P0017,2025-10-13,2,246.76,Paid
O002104,C0058,P0031,2025-10-13,1,29.85,Paid
O002105,C0065,P0028,2025-10-13,2,45.44,Paid
O002106,C0435,P0035,2025-10-13,1,96.43,Paid
O002107,C0038,P0035,2025-10-13,1,96.43,Organic
O002108,C0788,P0034,2025-10-13,3,280.65,Paid
O002109,C0028,P0009,2025-10-13,1,48.65,Organic
O002110,C0154,P0009,2025-10-13,2,97.3,Referral
O002111,C0537,P0019,2025-10-13,2,159.18,Paid
O002112,C0599,P0019,2025-10-13,2,159.18,Paid
O002113,C0780,P0024,2025-10-13,1,106.97,Paid
O002114,C0048,P0019,2025-10-13,3,238.77,Email
O002115,C0302,P0018,2025-10-13,3,260.13,Referral
O002116,C0266,P0025,2025-10-13,3,138.18,Email
O002117,C0154,P0029,2025-10-13,1,22.89,Paid
O002118,C0420,P0027,2025-10-13,1,44.96,Organic
O002119,C0656,P0032,2025-10-13,2,21.98,Organic
O002120,C0048,P0033,2025-10-13,1,83.98,Paid
O002121,C0605,P0040,2025-10-13,2,70.6,Referral
O002122,C0415,P0037,2025-10-13,1,82.31,Paid
O002123,C0087,P0003,2025-10-13,2,195.94,Paid
O002124,C0393,P0005,2025-10-13,3,529.65,Paid
O002125,C0445,P0016,2025-10-13,3,89.46,Paid
O002126,C0666,P0016,2025-10-13,3,89.46,Paid
O002127,C0197,P0011,2025-10-13,3,131.46,Paid
O002128,C0360,P0012,2025-10-13,1,39.93,Paid
O002129,C0268,P0017,2025-10-13,2,246.76,Paid
O002130,C0084,P0025,2025-10-13,3,138.18,Paid
O002131,C0044,P0028,2025-10-13,3,68.16,Email
O002132,C0044,P0031,2025-10-13,2,59.7,Paid
O002133,C0514,P0036,2025-10-13,1,28.53,Paid
O002134,C0162,P0037,2025-10-13,3,246.93,Paid
O002135,C0136,P0040,2025-10-13,2,70.6,Email
O002136,C0551,P0023,2025-10-13,1,125.46,Paid
O002137,C0286,P0024,2025-10-13,1,106.97,Paid
O002138,C0781,P0018,2025-10-13,3,260.13,Paid
O002139,C0564,P0027,2025-10-13,1,44.96,Paid
O002140,C0634,P0030,2025-10-13,3,48.03,Paid
O002141,C0297,P0029,2025-10-13,1,22.89,Paid
O002142,C0740,P0026,2025-10-13,3,53.58,Paid
O002143,C0159,P0033,2025-10-13,1,83.98,Paid
O002144,C0428,P0033,2025-10-13,1,83.98,Paid
O002145,C0386,P0034,2025-10-13,3,280.65,Paid
O002146,C0498,P0037,2025-10-13,2,164.62,Paid
O002147,C0775,P0007,2025-10-14,1,61.98,Paid
O002148,C0165,P0005,2025-10-14,3,529.65,Referral
O002149,C0203,P0006,2025-10-14,3,477.6,Referral
O002150,C0027,P0005,2025-10-14,1,176.55,Organic
O002151,C0027,P0013,2025-10-14,1,43.26,Paid
O002152,C0257,P0012,2025-10-14,3,119.79,Paid
O002153,C0743,P0009,2025-10-14,3,145.95,Paid
O002154,C0202,P0013,2025-10-14,1,43.26,Organic
O002155,C0064,P0011,2025-10-14,2,87.64,Paid
O002156,C0255,P0024,2025-10-14,1,106.97,Paid
O002157,C0575,P0025,2025-10-14,3,138.18,Paid
O002158,C0260,P0037,2025-10-14,3,246.93,Paid
O002159,C0188,P0040,2025-10-14,3,105.9,Referral
O002160,C0521,P0037,2025-10-14,2,164.62,Paid
O002161,C0222,P0040,2025-10-14,2,70.6,Paid
O002162,C0618,P0035,2025-10-14,1,96.43,Paid
O002163,C0671,P0005,2025-10-14,2,353.1,Organic
O002164,C0701,P0002,2025-10-14,2,449.32,Paid
O002165,C0226,P0008,2025-10-14,3,558.9,Paid
O002166,C0599,P0015,2025-10-14,3,156.9,Paid
O002167,C0383,P0011,2025-10-14,3,131.46,Email
O002168,C0358,P0017,2025-10-14,2,246.76,Paid
O002169,C0266,P0028,2025-10-14,1,22.72,Organic
O002170,C0644,P0029,2025-10-14,1,22.89,Organic
O002171,C0274,P0025,2025-10-14,2,92.12,Organic
O002172,C0552,P0027,2025-10-14,3,134.88,Paid
O002173,C0126,P0025,2025-10-14,1,46.06,Paid
O002174,C0777,P0028,2025-10-14,3,68.16,Paid
O002175,C0793,P0036,2025-10-14,1,28.53,Organic
O002176,C0423,P0035,2025-10-14,2,192.86,Paid
O002177,C0746,P0033,2025-10-14,1,83.98,Email
O002178,C0329,P0033,2025-10-14,2,167.96,Organic
O002179,C0490,P0033,2025-10-14,1,83.98,Organic
O002180,C0126,P0034,2025-10-14,2,187.1,Paid
O002181,C0119,P0003,2025-10-14,1,97.97,Paid
O002182,C0172,P0006,2025-10-14,3,477.6,Paid
O002183,C0478,P0008,2025-10-14,1,186.3,Paid
O002184,C0324,P0008,2025-10-14,3,558.9,Referral
O002185,C0354,P0016,2025-10-14,1,29.82,Referral
O002186,C0502,P0014,2025-10-14,2,122.86,Paid
O002187,C0075,P0010,2025-10-14,2,73.06,Paid
O002188,C0206,P0011,2025-10-14,3,131.46,Paid
O002189,C0462,P0022,2025-10-14,1,130.38,Paid
O002190,C0008,P0018,2025-10-14,3,260.13,Paid
O002191,C0464,P0024,2025-10-14,2,213.94,Organic
O002192,C0044,P0026,2025-10-14,1,17.86,Paid
O002193,C0211,P0025,2025-10-14,3,138.18,Paid
O002194,C0229,P0025,2025-10-14,3,138.18,Paid
O002195,C0113,P0032,2025-10-14,1,10.99,Paid
O002196,C0469,P0002,2025-10-14,2,449.32,Email
O002197,C0125,P0006,2025-10-14,3,477.6,Email
O002198,C0492,P0015,2025-10-14,3,156.9,Paid
O002199,C0159,P0019,2025-10-14,2,159.18,Organic
O002200,C0515,P0023,2025-10-14,3,376.38,Referral
O002201,C0373,P0021,2025-10-14,2,235.56,Paid
O002202,C0520,P0021,2025-10-14,3,353.34,Organic
O002203,C0498,P0026,2025-10-14,1,17.86,Paid
O002204,C0603,P0030,2025-10-14,1,16.01,Paid
O002205,C0053,P0027,2025-10-14,3,134.88,Paid
O002206,C0227,P0032,2025-10-14,1,10.99,Paid
O002207,C0593,P0034,2025-10-14,2,187.1,Paid
O002208,C0403,P0038,2025-10-14,3,309.06,Paid
O002209,C0252,P0037,2025-10-14,3,246.93,Referral
O002210,C0186,P0003,2025-10-15,3,293.91,Paid
O002211,C0165,P0007,2025-10-15,1,61.98,Referral
O002212,C0131,P0011,2025-10-15,3,131.46,Organic
O002213,C0378,P0017,2025-10-15,3,370.14,Paid
O002214,C0325,P0019,2025-10-15,3,238.77,Email
O002215,C0098,P0030,2025-10-15,3,48.03,Paid
O002216,C0260,P0036,2025-10-15,3,85.59,Paid
O002217,C0058,P0038,2025-10-15,1,103.02,Referral
O002218,C0578,P0001,2025-10-15,1,313.86,Paid
O002219,C0557,P0003,2025-10-15,3,293.91,Paid
O002220,C0267,P0012,2025-10-15,1,39.93,Paid
O002221,C0231,P0009,2025-10-15,1,48.65,Email
O002222,C0028,P0009,2025-10-15,3,145.95,Organic
O002223,C0381,P0016,2025-10-15,1,29.82,Paid
O002224,C0250,P0022,2025-10-15,2,260.76,Paid
O002225,C0415,P0017,2025-10-15,2,246.76,Paid
O002226,C0709,P0030,2025-10-15,3,48.03,Paid
O002227,C0166,P0001,2025-10-15,3,941.58,Organic
O002228,C0585,P0004,2025-10-15,3,353.1,Paid
O002229,C0445,P0009,2025-10-15,3,145.95,Paid
O002230,C0075,P0009,2025-10-15,2,97.3,Paid
O002231,C0023,P0013,2025-10-15,2,86.52,Paid
O002232,C0706,P0020,2025-10-15,2,225.46,Referral
O002233,C0449,P0022,2025-10-15,3,391.14,Paid
O002234,C0496,P0029,2025-10-15,3,68.67,Paid
O002235,C0063,P0029,2025-10-15,1,22.89,Email
O002236,C0456,P0030,2025-10-15,1,16.01,Paid
O002237,C0497,P0027,2025-10-15,2,89.92,Paid
O002238,C0023,P0035,2025-10-15,1,96.43,Organic
O002239,C0316,P0034,2025-10-15,2,187.1,Paid
O002240,C0407,P0004,2025-10-15,1,117.7,Organic
O002241,C0428,P0006,2025-10-15,1,159.2,Email
O002242,C0722,P0004,2025-10-15,1,117.7,Email
O002243,C0716,P0010,2025-10-15,1,36.53,Organic
O002244,C0291,P0009,2025-10-15,2,97.3,Paid
O002245,C0030,P0012,2025-10-15,2,79.86,Paid
O002246,C0020,P0017,2025-10-15,2,246.76,Paid
O002247,C0693,P0017,2025-10-15,1,123.38,Paid
O002248,C0703,P0031,2025-10-15,2,59.7,Referral
O002249,C0562,P0027,2025-10-15,2,89.92,Paid
O002250,C0249,P0039,2025-10-15,3,56.34,Paid
O002251,C0140,P0039,2025-10-15,1,18.78,Paid
O002252,C0165,P0008,2025-10-16,3,558.9,Paid
O002253,C0027,P0014,2025-10-16,1,61.43,Email
O002254,C0482,P0010,2025-10-16,1,36.53,Referral
O002255,C0277,P0013,2025-10-16,2,86.52,Paid
O002256,C0013,P0014,2025-10-16,1,61.43,Paid
O002257,C0325,P0018,2025-10-16,3,260.13,Paid
O002258,C0503,P0020,2025-10-16,3,338.19,Paid
O002259,C0363,P0026,2025-10-16,3,53.58,Paid
O002260,C0118,P0030,2025-10-16,3,48.03,Paid
O002261,C0575,P0028,2025-10-16,2,45.44,Paid
O002262,C0027,P0031,2025-10-16,1,29.85,Paid
O002263,C0587,P0028,2025-10-16,1,22.72,Paid
O002264,C0684,P0027,2025-10-16,3,134.88,Organic
O002265,C0341,P0027,2025-10-16,3,134.88,Paid
O002266,C0417,P0001,2025-10-16,1,313.86,Paid
O002267,C0773,P0005,2025-10-16,1,176.55,Paid
O002268,C0016,P0003,2025-10-16,1,97.97,Paid
O002269,C0602,P0011,2025-10-16,3,131.46,Paid
O002270,C0302,P0009,2025-10-16,1,48.65,Paid
O002271,C0028,P0012,2025-10-16,2,79.86,Paid
O002272,C0719,P0010,2025-10-16,3,109.59,Paid
O002273,C0652,P0024,2025-10-16,2,213.94,Paid
O002274,C0016,P0027,2025-10-16,2,89.92,Organic
O002275,C0494,P0025,2025-10-16,3,138.18,Paid
O002276,C0320,P0025,2025-10-16,1,46.06,Paid
O002277,C0106,P0039,2025-10-16,2,37.56,Organic
O002278,C0490,P0038,2025-10-16,3,309.06,Email
O002279,C0774,P0034,2025-10-16,2,187.1,Paid
O002280,C0048,P0040,2025-10-16,1,35.3,Paid
O002281,C0708,P0008,2025-10-16,2,372.6,Paid
O002282,C0145,P0005,2025-10-16,2,353.1,Paid
O002283,C0695,P0011,2025-10-16,1,43.82,Paid
O002284,C0031,P0013,2025-10-16,3,129.78,Paid
O002285,C0770,P0012,2025-10-16,3,119.79,Paid
O002286,C0215,P0021,2025-10-16,1,117.78,Paid
O002287,C0620,P0022,2025-10-16,3,391.14,Paid
O002288,C0718,P0024,2025-10-16,1,106.97,Organic
O002289,C0697,P0026,2025-10-16,3,53.58,Paid
O002290,C0765,P0031,2025-10-16,3,89.55,Paid
O002291,C0751,P0028,2025-10-16,1,22.72,Paid
O002292,C0770,P0036,2025-10-16,2,57.06,Paid
O002293,C0162,P0039,2025-10-16,3,56.34,Email
O002294,C0407,P0002,2025-10-16,2,449.32,Email
O002295,C0441,P0006,2025-10-16,1,159.2,Paid
O002296,C0179,P0005,2025-10-16,1,176.55,Paid
O002297,C0140,P0011,2025-10-16,1,43.82,Email
O002298,C0430,P0013,2025-10-16,1,43.26,Referral
O002299,C0187,P0024,2025-10-16,3,320.91,Paid
O002300,C0062,P0017,2025-10-16,2,246.76,Organic
O002301,C0150,P0025,2025-10-16,1,46.06,Email
O002302,C0386,P0026,2025-10-16,3,53.58,Paid
O002303,C0560,P0026,2025-10-16,1,17.86,Paid
O002304,C0501,P0030,2025-10-16,2,32.02,Paid
O002305,C0150,P0035,2025-10-16,3,289.29,Paid
O002306,C0525,P0039,2025-10-16,3,56.34,Paid
O002307,C0317,P0003,2025-10-17,1,97.97,Paid
O002308,C0600,P0008,2025-10-17,3,558.9,Paid
O002309,C0625,P0003,2025-10-17,3,293.91,Paid
O002310,C0186,P0020,2025-10-17,3,338.19,Paid
O002311,C0361,P0025,2025-10-17,2,92.12,Paid
O002312,C0583,P0029,2025-10-17,2,45.78,Paid
O002313,C0024,P0038,2025-10-17,1,103.02,Paid
O002314,C0797,P0038,2025-10-17,2,206.04,Paid
O002315,C0474,P0001,2025-10-17,3,941.58,Organic
O002316,C0639,P0003,2025-10-17,2,195.94,Paid
O002317,C0604,P0021,2025-10-17,1,117.78,Paid
O002318,C0047,P0018,2025-10-17,1,86.71,Paid
O002319,C0282,P0023,2025-10-17,2,250.92,Paid
O002320,C0420,P0027,2025-10-17,2,89.92,Paid
O002321,C0474,P0026,2025-10-17,1,17.86,Paid
O002322,C0342,P0027,2025-10-17,3,134.88,Paid
O002323,C0283,P0028,2025-10-17,1,22.72,Referral
O002324,C0685,P0030,2025-10-17,1,16.01,Paid
O002325,C0747,P0033,2025-10-17,3,251.94,Paid
O002326,C0267,P0036,2025-10-17,2,57.06,Paid
O002327,C0265,P0039,2025-10-17,3,56.34,Paid
O002328,C0748,P0035,2025-10-17,1,96.43,Paid
O002329,C0413,P0013,2025-10-17,3,129.78,Paid
O002330,C0650,P0014,2025-10-17,1,61.43,Referral
O002331,C0183,P0010,2025-10-17,2,73.06,Paid
O002332,C0429,P0024,2025-10-17,2,213.94,Paid
O002333,C0084,P0024,2025-10-17,1,106.97,Paid
O002334,C0289,P0022,2025-10-17,3,391.14,Paid
O002335,C0517,P0027,2025-10-17,1,44.96,Email
O002336,C0112,P0031,2025-10-17,1,29.85,Paid
O002337,C0377,P0035,2025-10-17,1,96.43,Paid
O002338,C0172,P0034,2025-10-17,1,93.55,Paid
O002339,C0469,P0003,2025-10-17,1,97.97,Organic
O002340,C0645,P0006,2025-10-17,2,318.4,Paid
O002341,C0712,P0011,2025-10-17,1,43.82,Paid
O002342,C0403,P0024,2025-10-17,3,320.91,Referral
O002343,C0051,P0022,2025-10-17,2,260.76,Paid
O002344,C0233,P0020,2025-10-17,3,338.19,Paid
O002345,C0722,P0029,2025-10-17,1,22.89,Paid
O002346,C0066,P0027,2025-10-17,1,44.96,Email
O002347,C0030,P0025,2025-10-17,1,46.06,Paid
O002348,C0200,P0035,2025-10-17,2,192.86,Paid
O002349,C0526,P0006,2025-10-18,3,477.6,Paid
O002350,C0366,P0007,2025-10-18,2,123.96,Paid
O002351,C0339,P0014,2025-10-18,3,184.29,Organic
O002352,C0299,P0018,2025-10-18,3,260.13,Paid
O002353,C0123,P0023,2025-10-18,3,376.38,Paid
O002354,C0303,P0025,2025-10-18,2,92.12,Paid
O002355,C0446,P0029,2025-10-18,2,45.78,Referral
O002356,C0675,P0037,2025-10-18,1,82.31,Paid
O002357,C0339,P0040,2025-10-18,1,35.3,Paid
O002358,C0285,P0005,2025-10-18,1,176.55,Paid
O002359,C0494,P0005,2025-10-18,1,176.55,Email
O002360,C0126,P0003,2025-10-18,2,195.94,Paid
O002361,C0276,P0005,2025-10-18,2,353.1,Paid
O002362,C0635,P0016,2025-10-18,2,59.64,Paid
O002363,C0494,P0020,2025-10-18,2,225.46,Paid
O002364,C0639,P0020,2025-10-18,1,112.73,Paid
O002365,C0106,P0021,2025-10-18,3,353.34,Organic
O002366,C0699,P0020,2025-10-18,1,112.73,Paid
O002367,C0283,P0032,2025-10-18,2,21.98,Organic
O002368,C0644,P0032,2025-10-18,2,21.98,Paid
O002369,C0154,P0032,2025-10-18,1,10.99,Paid
O002370,C0242,P0028,2025-10-18,3,68.16,Paid
O002371,C0748,P0025,2025-10-18,1,46.06,Paid
O002372,C0420,P0028,2025-10-18,1,22.72,Paid
O002373,C0604,P0026,2025-10-18,2,35.72,Paid
O002374,C0387,P0033,2025-10-18,3,251.94,Paid
O002375,C0144,P0033,2025-10-18,3,251.94,Paid
O002376,C0095,P0038,2025-10-18,2,206.04,Paid
O002377,C0238,P0003,2025-10-18,3,293.91,Email
O002378,C0229,P0008,2025-10-18,3,558.9,Organic
O002379,C0075,P0002,2025-10-18,3,673.98,Organic
O002380,C0228,P0007,2025-10-18,3,185.94,Paid
O002381,C0527,P0005,2025-10-18,1,176.55,Paid
O002382,C0008,P0015,2025-10-18,2,104.6,Paid
O002383,C0567,P0013,2025-10-18,2,86.52,Email
O002384,C0585,P0015,2025-10-18,2,104.6,Paid
O002385,C0496,P0010,2025-10-18,3,109.59,Paid
O002386,C0228,P0014,2025-10-18,1,61.43,Paid
O002387,C0172,P0024,2025-10-18,2,213.94,Organic
O002388,C0008,P0017,2025-10-18,2,246.76,Email
O002389,C0078,P0019,2025-10-18,2,159.18,Organic
O002390,C0755,P0028,2025-10-18,1,22.72,Paid
O002391,C0429,P0028,2025-10-18,2,45.44,Organic
O002392,C0607,P0031,2025-10-18,3,89.55,Paid
O002393,C0044,P0029,2025-10-18,3,68.67,Organic
O002394,C0044,P0033,2025-10-18,1,83.98,Paid
O002395,C0497,P0037,2025-10-18,2,164.62,Paid
O002396,C0044,P0040,2025-10-18,2,70.6,Paid
O002397,C0607,P0037,2025-10-18,3,246.93,Organic
O002398,C0163,P0002,2025-10-18,2,449.32,Organic
O002399,C0555,P0005,2025-10-18,1,176.55,Email
O002400,C0794,P0005,2025-10-18,2,353.1,Paid
O002401,C0430,P0002,2025-10-18,3,673.98,Paid
O002402,C0306,P0003,2025-10-18,3,293.91,Referral
O002403,C0233,P0013,2025-10-18,3,129.78,Organic
O002404,C0581,P0010,2025-10-18,3,109.59,Paid
O002405,C0385,P0021,2025-10-18,1,117.78,Paid
O002406,C0002,P0024,2025-10-18,2,213.94,Paid
O002407,C0407,P0017,2025-10-18,3,370.14,Paid
O002408,C0798,P0021,2025-10-18,2,235.56,Paid
O002409,C0615,P0021,2025-10-18,2,235.56,Paid
O002410,C0117,P0019,2025-10-18,3,238.77,Paid
O002411,C0763,P0022,2025-10-18,3,391.14,Referral
O002412,C0703,P0027,2025-10-18,2,89.92,Paid
O002413,C0551,P0032,2025-10-18,2,21.98,Paid
O002414,C0564,P0028,2025-10-18,2,45.44,Paid
O002415,C0125,P0038,2025-10-18,2,206.04,Referral
O002416,C0560,P0040,2025-10-18,2,70.6,Organic
O002417,C0168,P0033,2025-10-18,3,251.94,Paid
O002418,C0186,P0003,2025-10-19,1,97.97,Organic
O002419,C0355,P0006,2025-10-19,3,477.6,Paid
O002420,C0049,P0008,2025-10-19,2,372.6,Paid
O002421,C0303,P0015,2025-10-19,3,156.9,Organic
O002422,C0123,P0020,2025-10-19,1,112.73,Email
O002423,C0743,P0023,2025-10-19,3,376.38,Paid
O002424,C0094,P0024,2025-10-19,2,213.94,Paid
O002425,C0094,P0023,2025-10-19,2,250.92,Organic
O002426,C0736,P0029,2025-10-19,1,22.89,Paid
O002427,C0116,P0001,2025-10-19,1,313.86,Organic
O002428,C0116,P0003,2025-10-19,3,293.91,Email
O002429,C0047,P0001,2025-10-19,1,313.86,Paid
O002430,C0769,P0002,2025-10-19,3,673.98,Paid
O002431,C0709,P0015,2025-10-19,1,52.3,Paid
O002432,C0683,P0014,2025-10-19,2,122.86,Organic
O002433,C0329,P0011,2025-10-19,1,43.82,Paid
O002434,C0680,P0016,2025-10-19,3,89.46,Paid
O002435,C0491,P0010,2025-10-19,1,36.53,Referral
O002436,C0415,P0020,2025-10-19,1,112.73,Email
O002437,C0137,P0024,2025-10-19,3,320.91,Email
O002438,C0750,P0029,2025-10-19,2,45.78,Paid
O002439,C0760,P0026,2025-10-19,3,53.58,Paid
O002440,C0208,P0027,2025-10-19,1,44.96,Paid
O002441,C0323,P0037,2025-10-19,3,246.93,Paid
O002442,C0642,P0035,2025-10-19,2,192.86,Paid
O002443,C0646,P0004,2025-10-19,1,117.7,Referral
O002444,C0136,P0021,2025-10-19,2,235.56,Paid
O002445,C0666,P0022,2025-10-19,1,130.38,Organic
O002446,C0156,P0019,2025-10-19,2,159.18,Email
O002447,C0153,P0018,2025-10-19,3,260.13,Paid
O002448,C0571,P0030,2025-10-19,1,16.01,Paid
O002449,C0531,P0039,2025-10-19,2,37.56,Paid
O002450,C0706,P0034,2025-10-19,3,280.65,Paid
O002451,C0707,P0005,2025-10-19,2,353.1,Paid
O002452,C0626,P0006,2025-10-19,3,477.6,Referral
O002453,C0722,P0001,2025-10-19,2,627.72,Organic
O002454,C0062,P0005,2025-10-19,1,176.55,Paid
O002455,C0597,P0001,2025-10-19,1,313.86,Paid
O002456,C0430,P0001,2025-10-19,2,627.72,Email
O002457,C0367,P0009,2025-10-19,2,97.3,Paid
O002458,C0525,P0009,2025-10-19,2,97.3,Paid
O002459,C0513,P0018,2025-10-19,2,173.42,Paid
O002460,C0597,P0022,2025-10-19,2,260.76,Organic
O002461,C0702,P0036,2025-10-19,2,57.06,Organic
O002462,C0790,P0033,2025-10-19,3,251.94,Paid
O002463,C0744,P0034,2025-10-19,1,93.55,Paid
O002464,C0043,P0039,2025-10-19,3,56.34,Paid
O002465,C0177,P0009,2025-10-20,3,145.95,Paid
O002466,C0641,P0022,2025-10-20,2,260.76,Organic
O002467,C0678,P0017,2025-10-20,1,123.38,Paid
O002468,C0437,P0025,2025-10-20,2,92.12,Paid
O002469,C0284,P0034,2025-10-20,1,93.55,Paid
O002470,C0027,P0040,2025-10-20,1,35.3,Paid
O002471,C0280,P0033,2025-10-20,3,251.94,Paid
O002472,C0123,P0039,2025-10-20,2,37.56,Paid
O002473,C0065,P0035,2025-10-20,2,192.86,Organic
O002474,C0699,P0007,2025-10-20,1,61.98,Paid
O002475,C0616,P0001,2025-10-20,2,627.72,Paid
O002476,C0616,P0013,2025-10-20,1,43.26,Paid
O002477,C0323,P0022,2025-10-20,1,130.38,Paid
O002478,C0417,P0018,2025-10-20,1,86.71,Paid
O002479,C0719,P0019,2025-10-20,2,159.18,Paid
O002480,C0358,P0018,2025-10-20,1,86.71,Paid
O002481,C0590,P0031,2025-10-20,2,59.7,Paid
O002482,C0652,P0031,2025-10-20,3,89.55,Organic
O002483,C0719,P0040,2025-10-20,1,35.3,Paid
O002484,C0692,P0039,2025-10-20,3,56.34,Paid
O002485,C0205,P0037,2025-10-20,1,82.31,Email
O002486,C0578,P0034,2025-10-20,1,93.55,Organic
O002487,C0261,P0039,2025-10-20,2,37.56,Paid
O002488,C0682,P0008,2025-10-20,2,372.6,Paid
O002489,C0078,P0001,2025-10-20,3,941.58,Organic
O002490,C0148,P0004,2025-10-20,2,235.4,Paid
O002491,C0480,P0002,2025-10-20,3,673.98,Organic
O002492,C0351,P0001,2025-10-20,2,627.72,Paid
O002493,C0565,P0011,2025-10-20,3,131.46,Organic
O002494,C0192,P0013,2025-10-20,2,86.52,Paid
O002495,C0119,P0012,2025-10-20,3,119.79,Paid
O002496,C0326,P0019,2025-10-20,2,159.18,Paid
O002497,C0620,P0018,2025-10-20,2,173.42,Paid
O002498,C0637,P0023,2025-10-20,3,376.38,Paid
O002499,C0393,P0032,2025-10-20,1,10.99,Paid
O002500,C0037,P0001,2025-10-20,3,941.58,Paid
O002501,C0125,P0001,2025-10-20,2,627.72,Organic
O002502,C0564,P0003,2025-10-20,1,97.97,Paid
O002503,C0477,P0014,2025-10-20,3,184.29,Paid
O002504,C0655,P0013,2025-10-20,3,129.78,Paid
O002505,C0030,P0023,2025-10-20,3,376.38,Email
O002506,C0062,P0019,2025-10-20,3,238.77,Paid
O002507,C0469,P0017,2025-10-20,2,246.76,Paid
O002508,C0218,P0021,2025-10-20,3,353.34,Paid
O002509,C0581,P0028,2025-10-20,1,22.72,Paid
O002510,C0608,P0025,2025-10-20,1,46.06,Referral
O002511,C0307,P0029,2025-10-20,3,68.67,Paid
O002512,C0386,P0034,2025-10-20,3,280.65,Organic
O002513,C0117,P0038,2025-10-20,3,309.06,Paid
O002514,C0209,P0034,2025-10-20,1,93.55,Referral
O002515,C0744,P0034,2025-10-20,3,280.65,Paid
O002516,C0505,P0005,2025-10-21,3,529.65,Paid
O002517,C0556,P0001,2025-10-21,3,941.58,Paid
O002518,C0041,P0013,2025-10-21,3,129.78,Paid
O002519,C0458,P0016,2025-10-21,1,29.82,Organic
O002520,C0448,P0009,2025-10-21,2,97.3,Paid
O002521,C0775,P0010,2025-10-21,2,73.06,Paid
O002522,C0308,P0017,2025-10-21,3,370.14,Paid
O002523,C0727,P0021,2025-10-21,1,117.78,Paid
O002524,C0800,P0022,2025-10-21,1,130.38,Paid
O002525,C0110,P0027,2025-10-21,1,44.96,Organic
O002526,C0589,P0036,2025-10-21,3,85.59,Organic
O002527,C0621,P0035,2025-10-21,3,289.29,Email
O002528,C0202,P0037,2025-10-21,3,246.93,Paid
O002529,C0257,P0035,2025-10-21,3,289.29,Paid
O002530,C0651,P0002,2025-10-21,2,449.32,Organic
O002531,C0370,P0003,2025-10-21,1,97.97,Paid
O002532,C0481,P0003,2025-10-21,1,97.97,Paid
O002533,C0423,P0007,2025-10-21,3,185.94,Paid
O002534,C0694,P0007,2025-10-21,2,123.96,Paid
O002535,C0116,P0015,2025-10-21,3,156.9,Paid
O002536,C0685,P0017,2025-10-21,1,123.38,Paid
O002537,C0410,P0021,2025-10-21,1,117.78,Referral
O002538,C0639,P0017,2025-10-21,3,370.14,Paid
O002539,C0510,P0031,2025-10-21,2,59.7,Paid
O002540,C0274,P0029,2025-10-21,1,22.89,Paid
O002541,C0433,P0033,2025-10-21,2,167.96,Email
O002542,C0267,P0037,2025-10-21,2,164.62,Email
O002543,C0192,P0005,2025-10-21,3,529.65,Email
O002544,C0324,P0013,2025-10-21,2,86.52,Paid
O002545,C0668,P0024,2025-10-21,1,106.97,Paid
O002546,C0114,P0018,2025-10-21,2,173.42,Email
O002547,C0400,P0025,2025-10-21,3,138.18,Paid
O002548,C0151,P0039,2025-10-21,1,18.78,Paid
O002549,C0664,P0007,2025-10-21,2,123.96,Email
O002550,C0218,P0010,2025-10-21,2,73.06,Email
O002551,C0416,P0013,2025-10-21,1,43.26,Paid
O002552,C0542,P0017,2025-10-21,2,246.76,Organic
O002553,C0002,P0019,2025-10-21,2,159.18,Paid
O002554,C0009,P0028,2025-10-21,1,22.72,Paid
O002555,C0729,P0025,2025-10-21,1,46.06,Paid
O002556,C0499,P0040,2025-10-21,3,105.9,Paid
O002557,C0051,P0036,2025-10-21,1,28.53,Paid
O002558,C0041,P0013,2025-10-22,2,86.52,Paid
O002559,C0348,P0021,2025-10-22,3,353.34,Email
O002560,C0011,P0018,2025-10-22,3,260.13,Paid
O002561,C0625,P0026,2025-10-22,1,17.86,Email
O002562,C0455,P0032,2025-10-22,1,10.99,Paid
O002563,C0203,P0032,2025-10-22,3,32.97,Paid
O002564,C0284,P0032,2025-10-22,1,10.99,Organic
O002565,C0041,P0040,2025-10-22,3,105.9,Paid
O002566,C0073,P0004,2025-10-22,3,353.1,Paid
O002567,C0447,P0008,2025-10-22,2,372.6,Organic
O002568,C0750,P0015,2025-10-22,1,52.3,Paid
O002569,C0474,P0022,2025-10-22,3,391.14,Organic
O002570,C0796,P0019,2025-10-22,3,238.77,Email
O002571,C0692,P0018,2025-10-22,2,173.42,Paid
O002572,C0576,P0021,2025-10-22,2,235.56,Organic
O002573,C0410,P0026,2025-10-22,3,53.58,Paid
O002574,C0590,P0029,2025-10-22,3,68.67,Email
O002575,C0773,P0029,2025-10-22,3,68.67,Organic
O002576,C0387,P0034,2025-10-22,3,280.65,Paid
O002577,C0171,P0037,2025-10-22,1,82.31,Paid
O002578,C0748,P0037,2025-10-22,1,82.31,Paid
O002579,C0639,P0040,2025-10-22,3,105.9,Paid
O002580,C0612,P0033,2025-10-22,3,251.94,Organic
O002581,C0517,P0002,2025-10-22,1,224.66,Paid
O002582,C0713,P0007,2025-10-22,3,185.94,Organic
O002583,C0449,P0013,2025-10-22,3,129.78,Paid
O002584,C0360,P0013,2025-10-22,2,86.52,Paid
O002585,C0166,P0010,2025-10-22,3,109.59,Paid
O002586,C0439,P0013,2025-10-22,1,43.26,Paid
O002587,C0336,P0015,2025-10-22,2,104.6,Paid
O002588,C0192,P0013,2025-10-22,2,86.52,Referral
O002589,C0112,P0018,2025-10-22,2,173.42,Organic
O002590,C0336,P0019,2025-10-22,3,238.77,Paid
O002591,C0439,P0023,2025-10-22,2,250.92,Email
O002592,C0031,P0025,2025-10-22,3,138.18,Email
O002593,C0113,P0039,2025-10-22,2,37.56,Paid
O002594,C0206,P0036,2025-10-22,2,57.06,Paid
O002595,C0713,P0034,2025-10-22,1,93.55,Organic
O002596,C0218,P0007,2025-10-22,3,185.94,Paid
O002597,C0375,P0004,2025-10-22,2,235.4,Paid
O002598,C0089,P0004,2025-10-22,2,235.4,Paid
O002599,C0555,P0016,2025-10-22,3,89.46,Email
O002600,C0574,P0013,2025-10-22,3,129.78,Organic
O002601,C0349,P0021,2025-10-22,1,117.78,Organic
O002602,C0200,P0022,2025-10-22,3,391.14,Paid
O002603,C0513,P0017,2025-10-22,2,246.76,Paid
O002604,C0703,P0018,2025-10-22,3,260.13,Paid
O002605,C0233,P0029,2025-10-22,3,68.67,Email
O002606,C0404,P0027,2025-10-22,2,89.92,Paid
O002607,C0702,P0031,2025-10-22,3,89.55,Paid
O002608,C0002,P0031,2025-10-22,3,89.55,Paid
O002609,C0800,P0003,2025-10-23,2,195.94,Paid
O002610,C0395,P0009,2025-10-23,2,97.3,Paid
O002611,C0013,P0023,2025-10-23,2,250.92,Organic
O002612,C0366,P0026,2025-10-23,3,53.58,Referral
O002613,C0651,P0005,2025-10-23,3,529.65,Paid
O002614,C0605,P0011,2025-10-23,1,43.82,Paid
O002615,C0116,P0009,2025-10-23,3,145.95,Paid
O002616,C0283,P0019,2025-10-23,2,159.18,Paid
O002617,C0073,P0026,2025-10-23,1,17.86,Organic
O002618,C0576,P0038,2025-10-23,3,309.06,Paid
O002619,C0250,P0035,2025-10-23,2,192.86,Paid
O002620,C0295,P0008,2025-10-23,3,558.9,Email
O002621,C0653,P0019,2025-10-23,1,79.59,Paid
O002622,C0580,P0026,2025-10-23,3,53.58,Paid
O002623,C0336,P0032,2025-10-23,3,32.97,Paid
O002624,C0631,P0038,2025-10-23,2,206.04,Paid
O002625,C0450,P0038,2025-10-23,1,103.02,Paid
O002626,C0151,P0035,2025-10-23,1,96.43,Organic
O002627,C0066,P0008,2025-10-23,2,372.6,Paid
O002628,C0159,P0001,2025-10-23,1,313.86,Organic
O002629,C0790,P0005,2025-10-23,2,353.1,Referral
O002630,C0062,P0003,2025-10-23,3,293.91,Paid
O002631,C0781,P0014,2025-10-23,2,122.86,Paid
O002632,C0655,P0009,2025-10-23,1,48.65,Organic
O002633,C0581,P0020,2025-10-23,2,225.46,Email
O002634,C0665,P0024,2025-10-23,1,106.97,Organic
O002635,C0249,P0036,2025-10-23,3,85.59,Email
O002636,C0367,P0037,2025-10-23,3,246.93,Paid
O002637,C0634,P0038,2025-10-23,3,309.06,Paid
O002638,C0583,P0005,2025-10-24,3,529.65,Organic
O002639,C0724,P0005,2025-10-24,1,176.55,Paid
O002640,C0625,P0006,2025-10-24,3,477.6,Email
O002641,C0257,P0009,2025-10-24,2,97.3,Paid
O002642,C0293,P0013,2025-10-24,2,86.52,Paid
O002643,C0455,P0009,2025-10-24,2,97.3,Referral
O002644,C0727,P0016,2025-10-24,2,59.64,Paid
O002645,C0299,P0014,2025-10-24,1,61.43,Paid
O002646,C0203,P0013,2025-10-24,1,43.26,Paid
O002647,C0098,P0009,2025-10-24,1,48.65,Organic
O002648,C0657,P0023,2025-10-24,1,125.46,Paid
O002649,C0446,P0022,2025-10-24,2,260.76,Organic
O002650,C0421,P0018,2025-10-24,1,86.71,Referral
O002651,C0097,P0027,2025-10-24,3,134.88,Organic
O002652,C0519,P0027,2025-10-24,1,44.96,Paid
O002653,C0662,P0031,2025-10-24,2,59.7,Paid
O002654,C0788,P0029,2025-10-24,3,68.67,Organic
O002655,C0749,P0027,2025-10-24,3,134.88,Paid
O002656,C0203,P0025,2025-10-24,3,138.18,Organic
O002657,C0058,P0035,2025-10-24,2,192.86,Paid
O002658,C0079,P0001,2025-10-24,2,627.72,Paid
O002659,C0604,P0004,2025-10-24,2,235.4,Organic
O002660,C0773,P0008,2025-10-24,3,558.9,Organic
O002661,C0048,P0015,2025-10-24,3,156.9,Paid
O002662,C0387,P0014,2025-10-24,2,122.86,Email
O002663,C0719,P0021,2025-10-24,2,235.56,Paid
O002664,C0644,P0019,2025-10-24,3,238.77,Paid
O002665,C0780,P0034,2025-10-24,3,280.65,Paid
O002666,C0719,P0039,2025-10-24,2,37.56,Paid
O002667,C0692,P0037,2025-10-24,2,164.62,Email
O002668,C0078,P0007,2025-10-24,2,123.96,Organic
O002669,C0571,P0005,2025-10-24,3,529.65,Email
O002670,C0720,P0001,2025-10-24,2,627.72,Paid
O002671,C0272,P0009,2025-10-24,1,48.65,Paid
O002672,C0313,P0011,2025-10-24,3,131.46,Paid
O002673,C0765,P0020,2025-10-24,3,338.19,Email
O002674,C0324,P0023,2025-10-24,2,250.92,Paid
O002675,C0580,P0025,2025-10-24,1,46.06,Organic
O002676,C0425,P0027,2025-10-24,2,89.92,Paid
O002677,C0478,P0036,2025-10-24,1,28.53,Paid
O002678,C0581,P0016,2025-10-24,3,89.46,Paid
O002679,C0722,P0024,2025-10-24,2,213.94,Paid
O002680,C0394,P0024,2025-10-24,3,320.91,Paid
O002681,C0035,P0019,2025-10-24,1,79.59,Paid
O002682,C0140,P0031,2025-10-24,1,29.85,Paid
O002683,C0109,P0031,2025-10-24,2,59.7,Paid
O002684,C0396,P0029,2025-10-24,3,68.67,Paid
O002685,C0068,P0040,2025-10-24,2,70.6,Paid
O002686,C0563,P0038,2025-10-24,1,103.02,Referral
O002687,C0367,P0034,2025-10-24,1,93.55,Paid
O002688,C0593,P0040,2025-10-24,3,105.9,Paid
O002689,C0252,P0033,2025-10-24,2,167.96,Organic
O002690,C0428,P0040,2025-10-24,2,70.6,Organic
O002691,C0684,P0005,2025-10-25,2,353.1,Email
O002692,C0421,P0005,2025-10-25,3,529.65,Paid
O002693,C0317,P0006,2025-10-25,1,159.2,Paid
O002694,C0434,P0002,2025-10-25,3,673.98,Paid
O002695,C0257,P0015,2025-10-25,1,52.3,Organic
O002696,C0519,P0013,2025-10-25,2,86.52,Referral
O002697,C0292,P0020,2025-10-25,2,225.46,Paid
O002698,C0193,P0024,2025-10-25,2,213.94,Paid
O002699,C0519,P0023,2025-10-25,3,376.38,Organic
O002700,C0678,P0024,2025-10-25,1,106.97,Organic
O002701,C0177,P0029,2025-10-25,3,68.67,Paid
O002702,C0549,P0032,2025-10-25,3,32.97,Paid
O002703,C0559,P0031,2025-10-25,2,59.7,Paid
O002704,C0074,P0025,2025-10-25,2,92.12,Organic
O002705,C0337,P0027,2025-10-25,2,89.92,Paid
O002706,C0341,P0031,2025-10-25,3,89.55,Paid
O002707,C0027,P0034,2025-10-25,2,187.1,Paid
O002708,C0800,P0039,2025-10-25,3,56.34,Organic
O002709,C0731,P0033,2025-10-25,3,251.94,Referral
O002710,C0546,P0004,2025-10-25,1,117.7,Organic
O002711,C0546,P0003,2025-10-25,3,293.91,Paid
O002712,C0590,P0016,2025-10-25,2,59.64,Paid
O002713,C0190,P0018,2025-10-25,3,260.13,Organic
O002714,C0796,P0019,2025-10-25,2,159.18,Paid
O002715,C0612,P0037,2025-10-25,3,246.93,Paid
O002716,C0243,P0036,2025-10-25,3,85.59,Paid
O002717,C0773,P0035,2025-10-25,3,289.29,Referral
O002718,C0085,P0033,2025-10-25,3,251.94,Organic
O002719,C0756,P0035,2025-10-25,3,289.29,Referral
O002720,C0376,P0036,2025-10-25,2,57.06,Paid
O002721,C0162,P0013,2025-10-25,3,129.78,Paid
O002722,C0637,P0014,2025-10-25,3,184.29,Paid
O002723,C0611,P0024,2025-10-25,1,106.97,Referral
O002724,C0172,P0024,2025-10-25,3,320.91,Organic
O002725,C0166,P0017,2025-10-25,3,370.14,Paid
O002726,C0636,P0028,2025-10-25,3,68.16,Paid
O002727,C0136,P0026,2025-10-25,2,35.72,Email
O002728,C0432,P0027,2025-10-25,3,134.88,Paid
O002729,C0449,P0031,2025-10-25,3,89.55,Paid
O002730,C0391,P0027,2025-10-25,1,44.96,Paid
O002731,C0708,P0026,2025-10-25,3,53.58,Paid
O002732,C0577,P0031,2025-10-25,2,59.7,Organic
O002733,C0432,P0036,2025-10-25,3,85.59,Email
O002734,C0577,P0038,2025-10-25,1,103.02,Paid
O002735,C0238,P0033,2025-10-25,3,251.94,Organic
O002736,C0666,P0035,2025-10-25,2,192.86,Paid
O002737,C0043,P0001,2025-10-25,2,627.72,Paid
O002738,C0258,P0001,2025-10-25,2,627.72,Paid
O002739,C0493,P0006,2025-10-25,3,477.6,Paid
O002740,C0574,P0004,2025-10-25,1,117.7,Organic
O002741,C0563,P0001,2025-10-25,2,627.72,Email
O002742,C0117,P0013,2025-10-25,3,129.78,Referral
O002743,C0407,P0014,2025-10-25,1,61.43,Paid
O002744,C0744,P0024,2025-10-25,1,106.97,Organic
O002745,C0290,P0020,2025-10-25,1,112.73,Paid
O002746,C0634,P0018,2025-10-25,2,173.42,Paid
O002747,C0249,P0021,2025-10-25,1,117.78,Paid
O002748,C0227,P0027,2025-10-25,2,89.92,Paid
O002749,C0056,P0030,2025-10-25,3,48.03,Paid
O002750,C0290,P0027,2025-10-25,3,134.88,Paid
O002751,C0493,P0028,2025-10-25,3,68.16,Paid
O002752,C0562,P0033,2025-10-25,1,83.98,Email
O002753,C0056,P0035,2025-10-25,1,96.43,Paid
O002754,C0499,P0040,2025-10-25,2,70.6,Paid
O002755,C0730,P0037,2025-10-25,3,246.93,Paid
O002756,C0064,P0006,2025-10-26,2,318.4,Paid
O002757,C0662,P0003,2025-10-26,3,293.91,Paid
O002758,C0303,P0007,2025-10-26,2,123.96,Paid
O002759,C0714,P0005,2025-10-26,2,353.1,Organic
O002760,C0800,P0015,2025-10-26,2,104.6,Paid
O002761,C0795,P0018,2025-10-26,3,260.13,Paid
O002762,C0186,P0017,2025-10-26,3,370.14,Paid
O002763,C0212,P0021,2025-10-26,3,353.34,Paid
O002764,C0621,P0019,2025-10-26,3,238.77,Email
O002765,C0212,P0040,2025-10-26,3,105.9,Referral
O002766,C0058,P0036,2025-10-26,3,85.59,Paid
O002767,C0223,P0040,2025-10-26,2,70.6,Organic
O002768,C0293,P0035,2025-10-26,1,96.43,Paid
O002769,C0750,P0006,2025-10-26,2,318.4,Paid
O002770,C0566,P0007,2025-10-26,2,123.96,Paid
O002771,C0510,P0007,2025-10-26,2,123.96,Paid
O002772,C0578,P0004,2025-10-26,2,235.4,Paid
O002773,C0769,P0005,2025-10-26,2,353.1,Paid
O002774,C0590,P0016,2025-10-26,2,59.64,Paid
O002775,C0474,P0012,2025-10-26,3,119.79,Email
O002776,C0756,P0015,2025-10-26,3,156.9,Organic
O002777,C0266,P0015,2025-10-26,3,156.9,Paid
O002778,C0190,P0010,2025-10-26,1,36.53,Organic
O002779,C0481,P0012,2025-10-26,3,119.79,Paid
O002780,C0410,P0023,2025-10-26,1,125.46,Organic
O002781,C0266,P0018,2025-10-26,1,86.71,Paid
O002782,C0490,P0024,2025-10-26,3,320.91,Paid
O002783,C0602,P0030,2025-10-26,1,16.01,Email
O002784,C0261,P0026,2025-10-26,2,35.72,Paid
O002785,C0154,P0034,2025-10-26,2,187.1,Paid
O002786,C0680,P0037,2025-10-26,2,164.62,Organic
O002787,C0646,P0007,2025-10-26,3,185.94,Paid
O002788,C0653,P0007,2025-10-26,3,185.94,Paid
O002789,C0464,P0004,2025-10-26,3,353.1,Organic
O002790,C0054,P0013,2025-10-26,1,43.26,Paid
O002791,C0765,P0020,2025-10-26,3,338.19,Paid
O002792,C0502,P0017,2025-10-26,3,370.14,Paid
O002793,C0706,P0024,2025-10-26,2,213.94,Paid
O002794,C0425,P0022,2025-10-26,3,391.14,Paid
O002795,C0204,P0028,2025-10-26,3,68.16,Paid
O002796,C0228,P0029,2025-10-26,1,22.89,Organic
O002797,C0456,P0030,2025-10-26,3,48.03,Paid
O002798,C0300,P0039,2025-10-26,3,56.34,Paid
O002799,C0706,P0035,2025-10-26,1,96.43,Paid
O002800,C0530,P0034,2025-10-26,1,93.55,Organic
O002801,C0690,P0001,2025-10-26,2,627.72,Paid
O002802,C0730,P0005,2025-10-26,1,176.55,Organic
O002803,C0209,P0005,2025-10-26,3,529.65,Organic
O002804,C0233,P0011,2025-10-26,1,43.82,Paid
O002805,C0690,P0015,2025-10-26,2,104.6,Paid
O002806,C0101,P0022,2025-10-26,2,260.76,Paid
O002807,C0426,P0023,2025-10-26,1,125.46,Paid
O002808,C0252,P0019,2025-10-26,3,238.77,Paid
O002809,C0117,P0017,2025-10-26,1,123.38,Paid
O002810,C0185,P0026,2025-10-26,2,35.72,Email
O002811,C0396,P0028,2025-10-26,2,45.44,Paid
O002812,C0500,P0028,2025-10-26,3,68.16,Paid
O002813,C0397,P0035,2025-10-26,1,96.43,Paid
O002814,C0634,P0034,2025-10-26,2,187.1,Paid
O002815,C0174,P0038,2025-10-26,2,206.04,Organic
O002816,C0101,P0038,2025-10-26,3,309.06,Organic
O002817,C0365,P0006,2025-10-27,2,318.4,Paid
O002818,C0038,P0006,2025-10-27,3,477.6,Paid
O002819,C0325,P0012,2025-10-27,3,119.79,Paid
O002820,C0177,P0009,2025-10-27,3,145.95,Paid
O002821,C0797,P0010,2025-10-27,3,109.59,Paid
O002822,C0723,P0022,2025-10-27,3,391.14,Paid
O002823,C0284,P0017,2025-10-27,3,370.14,Paid
O002824,C0742,P0027,2025-10-27,3,134.88,Paid
O002825,C0203,P0031,2025-10-27,3,89.55,Paid
O002826,C0337,P0038,2025-10-27,1,103.02,Organic
O002827,C0526,P0036,2025-10-27,1,28.53,Referral
O002828,C0079,P0006,2025-10-27,3,477.6,Paid
O002829,C0170,P0001,2025-10-27,1,313.86,Paid
O002830,C0420,P0008,2025-10-27,2,372.6,Paid
O002831,C0128,P0004,2025-10-27,3,353.1,Paid
O002832,C0190,P0016,2025-10-27,3,89.46,Organic
O002833,C0780,P0011,2025-10-27,3,131.46,Paid
O002834,C0546,P0015,2025-10-27,1,52.3,Organic
O002835,C0699,P0016,2025-10-27,3,89.46,Paid
O002836,C0126,P0021,2025-10-27,3,353.34,Paid
O002837,C0699,P0020,2025-10-27,2,225.46,Paid
O002838,C0748,P0022,2025-10-27,3,391.14,Email
O002839,C0304,P0029,2025-10-27,2,45.78,Paid
O002840,C0250,P0026,2025-10-27,2,35.72,Paid
O002841,C0447,P0034,2025-10-27,1,93.55,Paid
O002842,C0095,P0040,2025-10-27,2,70.6,Paid
O002843,C0183,P0001,2025-10-27,2,627.72,Paid
O002844,C0230,P0008,2025-10-27,1,186.3,Paid
O002845,C0713,P0011,2025-10-27,1,43.82,Email
O002846,C0720,P0015,2025-10-27,1,52.3,Paid
O002847,C0682,P0028,2025-10-27,1,22.72,Organic
O002848,C0439,P0031,2025-10-27,1,29.85,Paid
O002849,C0471,P0031,2025-10-27,2,59.7,Paid
O002850,C0228,P0040,2025-10-27,3,105.9,Paid
O002851,C0375,P0007,2025-10-27,2,123.96,Email
O002852,C0005,P0005,2025-10-27,1,176.55,Email
O002853,C0396,P0012,2025-10-27,2,79.86,Organic
O002854,C0745,P0010,2025-10-27,2,73.06,Paid
O002855,C0053,P0012,2025-10-27,3,119.79,Paid
O002856,C0568,P0022,2025-10-27,1,130.38,Paid
O002857,C0776,P0028,2025-10-27,3,68.16,Paid
O002858,C0150,P0032,2025-10-27,1,10.99,Paid
O002859,C0645,P0034,2025-10-27,1,93.55,Paid
O002860,C0043,P0033,2025-10-27,3,251.94,Paid
O002861,C0574,P0037,2025-10-27,3,246.93,Paid
O002862,C0550,P0038,2025-10-27,3,309.06,Paid
O002863,C0762,P0038,2025-10-27,1,103.02,Paid
O002864,C0252,P0033,2025-10-27,1,83.98,Paid
O002865,C0797,P0016,2025-10-28,1,29.82,Paid
O002866,C0446,P0021,2025-10-28,2,235.56,Paid
O002867,C0098,P0019,2025-10-28,3,238.77,Paid
O002868,C0292,P0024,2025-10-28,2,213.94,Referral
O002869,C0299,P0021,2025-10-28,2,235.56,Organic
O002870,C0458,P0036,2025-10-28,2,57.06,Paid
O002871,C0186,P0035,2025-10-28,1,96.43,Organic
O002872,C0594,P0039,2025-10-28,3,56.34,Paid
O002873,C0226,P0003,2025-10-28,1,97.97,Paid
O002874,C0323,P0004,2025-10-28,1,117.7,Paid
O002875,C0116,P0011,2025-10-28,2,87.64,Paid
O002876,C0793,P0009,2025-10-28,1,48.65,Paid
O002877,C0423,P0014,2025-10-28,1,61.43,Paid
O002878,C0576,P0022,2025-10-28,2,260.76,Organic
O002879,C0490,P0020,2025-10-28,2,225.46,Paid
O002880,C0226,P0031,2025-10-28,2,59.7,Paid
O002881,C0240,P0025,2025-10-28,3,138.18,Organic
O002882,C0786,P0026,2025-10-28,1,17.86,Paid
O002883,C0119,P0002,2025-10-28,2,449.32,Paid
O002884,C0572,P0014,2025-10-28,1,61.43,Paid
O002885,C0220,P0009,2025-10-28,3,145.95,Paid
O002886,C0295,P0017,2025-10-28,2,246.76,Paid
O002887,C0204,P0023,2025-10-28,2,250.92,Email
O002888,C0607,P0022,2025-10-28,1,130.38,Paid
O002889,C0391,P0021,2025-10-28,3,353.34,Paid
O002890,C0114,P0025,2025-10-28,2,92.12,Email
O002891,C0313,P0025,2025-10-28,3,138.18,Paid
O002892,C0166,P0029,2025-10-28,2,45.78,Paid
O002893,C0316,P0030,2025-10-28,3,48.03,Paid
O002894,C0230,P0037,2025-10-28,2,164.62,Paid
O002895,C0036,P0037,2025-10-28,3,246.93,Paid
O002896,C0350,P0034,2025-10-28,1,93.55,Paid
O002897,C0791,P0008,2025-10-28,1,186.3,Paid
O002898,C0716,P0005,2025-10-28,2,353.1,Paid
O002899,C0002,P0003,2025-10-28,1,97.97,Paid
O002900,C0562,P0006,2025-10-28,2,318.4,Paid
O002901,C0233,P0014,2025-10-28,3,184.29,Paid
O002902,C0037,P0012,2025-10-28,1,39.93,Organic
O002903,C0029,P0016,2025-10-28,2,59.64,Paid
O002904,C0306,P0028,2025-10-28,2,45.44,Paid
O002905,C0108,P0032,2025-10-28,3,32.97,Email
O002906,C0645,P0038,2025-10-28,2,206.04,Organic
O002907,C0542,P0039,2025-10-28,2,37.56,Paid
O002908,C0543,P0003,2025-10-29,3,293.91,Paid
O002909,C0395,P0003,2025-10-29,3,293.91,Organic
O002910,C0280,P0005,2025-10-29,1,176.55,Paid
O002911,C0421,P0013,2025-10-29,3,129.78,Paid
O002912,C0110,P0016,2025-10-29,1,29.82,Paid
O002913,C0164,P0021,2025-10-29,1,117.78,Paid
O002914,C0741,P0032,2025-10-29,2,21.98,Paid
O002915,C0678,P0028,2025-10-29,2,45.44,Paid
O002916,C0098,P0028,2025-10-29,1,22.72,Paid
O002917,C0503,P0037,2025-10-29,1,82.31,Organic
O002918,C0081,P0033,2025-10-29,3,251.94,Paid
O002919,C0188,P0039,2025-10-29,2,37.56,Paid
O002920,C0325,P0033,2025-10-29,2,167.96,Paid
O002921,C0448,P0037,2025-10-29,2,164.62,Email
O002922,C0139,P0039,2025-10-29,1,18.78,Paid
O002923,C0415,P0007,2025-10-29,2,123.96,Paid
O002924,C0672,P0006,2025-10-29,3,477.6,Paid
O002925,C0777,P0007,2025-10-29,1,61.98,Paid
O002926,C0692,P0005,2025-10-29,3,529.65,Paid
O002927,C0602,P0001,2025-10-29,3,941.58,Paid
O002928,C0590,P0013,2025-10-29,3,129.78,Paid
O002929,C0651,P0013,2025-10-29,2,86.52,Paid
O002930,C0226,P0010,2025-10-29,3,109.59,Paid
O002931,C0267,P0017,2025-10-29,3,370.14,Paid
O002932,C0474,P0017,2025-10-29,3,370.14,Paid
O002933,C0694,P0017,2025-10-29,1,123.38,Organic
O002934,C0381,P0028,2025-10-29,1,22.72,Paid
O002935,C0793,P0039,2025-10-29,1,18.78,Paid
O002936,C0616,P0034,2025-10-29,1,93.55,Paid
O002937,C0751,P0006,2025-10-29,1,159.2,Email
O002938,C0661,P0002,2025-10-29,3,673.98,Paid
O002939,C0765,P0016,2025-10-29,2,59.64,Paid
O002940,C0456,P0010,2025-10-29,3,109.59,Paid
O002941,C0228,P0023,2025-10-29,1,125.46,Organic
O002942,C0119,P0022,2025-10-29,3,391.14,Paid
O002943,C0113,P0031,2025-10-29,1,29.85,Paid
O002944,C0567,P0029,2025-10-29,3,68.67,Organic
O002945,C0778,P0035,2025-10-29,3,289.29,Organic
O002946,C0449,P0033,2025-10-29,2,167.96,Email
O002947,C0313,P0034,2025-10-29,2,187.1,Paid
O002948,C0564,P0004,2025-10-29,2,235.4,Paid
O002949,C0564,P0005,2025-10-29,1,176.55,Paid
O002950,C0305,P0006,2025-10-29,3,477.6,Paid
O002951,C0762,P0007,2025-10-29,1,61.98,Paid
O002952,C0776,P0011,2025-10-29,1,43.82,Paid
O002953,C0513,P0015,2025-10-29,2,104.6,Referral
O002954,C0787,P0012,2025-10-29,2,79.86,Referral
O002955,C0520,P0012,2025-10-29,2,79.86,Email
O002956,C0757,P0019,2025-10-29,3,238.77,Paid
O002957,C0030,P0029,2025-10-29,3,68.67,Paid
O002958,C0385,P0031,2025-10-29,3,89.55,Paid
O002959,C0209,P0030,2025-10-29,1,16.01,Paid
O002960,C0273,P0035,2025-10-29,1,96.43,Email
O002961,C0679,P0008,2025-10-30,2,372.6,Paid
O002962,C0188,P0003,2025-10-30,2,195.94,Paid
O002963,C0260,P0001,2025-10-30,2,627.72,Organic
O002964,C0621,P0004,2025-10-30,2,235.4,Paid
O002965,C0284,P0001,2025-10-30,1,313.86,Organic
O002966,C0280,P0001,2025-10-30,2,627.72,Paid
O002967,C0443,P0009,2025-10-30,3,145.95,Paid
O002968,C0443,P0010,2025-10-30,2,73.06,Organic
O002969,C0339,P0014,2025-10-30,2,122.86,Paid
O002970,C0503,P0030,2025-10-30,3,48.03,Paid
O002971,C0284,P0034,2025-10-30,3,280.65,Paid
O002972,C0302,P0016,2025-10-30,2,59.64,Paid
O002973,C0409,P0011,2025-10-30,1,43.82,Paid
O002974,C0656,P0021,2025-10-30,3,353.34,Paid
O002975,C0226,P0030,2025-10-30,1,16.01,Paid
O002976,C0546,P0027,2025-10-30,3,134.88,Paid
O002977,C0432,P0002,2025-10-30,1,224.66,Paid
O002978,C0704,P0002,2025-10-30,2,449.32,Organic
O002979,C0336,P0011,2025-10-30,3,131.46,Paid
O002980,C0637,P0017,2025-10-30,2,246.76,Paid
O002981,C0206,P0022,2025-10-30,3,391.14,Organic
O002982,C0585,P0018,2025-10-30,2,173.42,Paid
O002983,C0527,P0029,2025-10-30,2,45.78,Paid
O002984,C0689,P0027,2025-10-30,1,44.96,Referral
O002985,C0263,P0026,2025-10-30,1,17.86,Paid
O002986,C0313,P0035,2025-10-30,1,96.43,Paid
O002987,C0646,P0033,2025-10-30,2,167.96,Organic
O002988,C0005,P0006,2025-10-30,3,477.6,Paid
O002989,C0593,P0001,2025-10-30,1,313.86,Referral
O002990,C0344,P0008,2025-10-30,3,558.9,Paid
O002991,C0273,P0009,2025-10-30,2,97.3,Paid
O002992,C0385,P0013,2025-10-30,3,129.78,Referral
O002993,C0200,P0013,2025-10-30,1,43.26,Organic
O002994,C0340,P0021,2025-10-30,3,353.34,Organic
O002995,C0499,P0024,2025-10-30,1,106.97,Paid
O002996,C0037,P0024,2025-10-30,2,213.94,Paid
O002997,C0702,P0028,2025-10-30,2,45.44,Paid
O002998,C0606,P0027,2025-10-30,2,89.92,Paid
O002999,C0551,P0030,2025-10-30,2,32.02,Email
O003000,C0227,P0034,2025-10-30,3,280.65,Organic
O003001,C0294,P0039,2025-10-30,2,37.56,Paid
O003002,C0155,P0005,2025-10-31,3,529.65,Paid
O003003,C0203,P0004,2025-10-31,1,117.7,Organic
O003004,C0421,P0006,2025-10-31,3,477.6,Paid
O003005,C0278,P0011,2025-10-31,2,87.64,Paid
O003006,C0339,P0020,2025-10-31,1,112.73,Paid
O003007,C0223,P0018,2025-10-31,1,86.71,Paid
O003008,C0098,P0018,2025-10-31,1,86.71,Paid
O003009,C0277,P0018,2025-10-31,2,173.42,Paid
O003010,C0714,P0036,2025-10-31,3,85.59,Paid
O003011,C0355,P0034,2025-10-31,3,280.65,Paid
O003012,C0473,P0035,2025-10-31,2,192.86,Email
O003013,C0203,P0040,2025-10-31,2,70.6,Paid
O003014,C0772,P0034,2025-10-31,2,187.1,Paid
O003015,C0383,P0014,2025-10-31,3,184.29,Paid
O003016,C0612,P0014,2025-10-31,3,184.29,Organic
O003017,C0128,P0013,2025-10-31,3,129.78,Email
O003018,C0242,P0022,2025-10-31,2,260.76,Paid
O003019,C0381,P0028,2025-10-31,1,22.72,Paid
O003020,C0789,P0031,2025-10-31,1,29.85,Paid
O003021,C0591,P0026,2025-10-31,1,17.86,Paid
O003022,C0276,P0037,2025-10-31,3,246.93,Paid
O003023,C0413,P0010,2025-10-31,3,109.59,Organic
O003024,C0032,P0020,2025-10-31,3,338.19,Referral
O003025,C0704,P0022,2025-10-31,3,391.14,Paid
O003026,C0263,P0022,2025-10-31,2,260.76,Paid
O003027,C0695,P0027,2025-10-31,1,44.96,Email
O003028,C0718,P0027,2025-10-31,1,44.96,Organic
O003029,C0767,P0036,2025-10-31,2,57.06,Email
O003030,C0571,P0040,2025-10-31,2,70.6,Organic
O003031,C0682,P0033,2025-10-31,2,167.96,Organic
O003032,C0273,P0003,2025-10-31,1,97.97,Paid
O003033,C0037,P0001,2025-10-31,1,313.86,Paid
O003034,C0273,P0008,2025-10-31,2,372.6,Paid
O003035,C0582,P0009,2025-10-31,3,145.95,Paid
O003036,C0501,P0013,2025-10-31,2,86.52,Paid
O003037,C0597,P0016,2025-10-31,1,29.82,Paid
O003038,C0394,P0012,2025-10-31,3,119.79,Paid
O003039,C0056,P0015,2025-10-31,2,104.6,Referral
O003040,C0441,P0018,2025-10-31,2,173.42,Paid
O003041,C0469,P0027,2025-10-31,3,134.88,Paid
O003042,C0781,P0031,2025-10-31,2,59.7,Paid
O003043,C0406,P0031,2025-10-31,1,29.85,Organic
O003044,C0550,P0038,2025-10-31,3,309.06,Referral
O003045,C0561,P0039,2025-10-31,1,18.78,Paid
O003046,C0163,P0036,2025-10-31,1,28.53,Organic
O003047,C0129,P0008,2025-11-01,2,372.6,Paid
O003048,C0308,P0005,2025-11-01,2,353.1,Paid
O003049,C0203,P0006,2025-11-01,1,159.2,Paid
O003050,C0395,P0022,2025-11-01,2,260.76,Paid
O003051,C0569,P0021,2025-11-01,3,353.34,Organic
O003052,C0049,P0037,2025-11-01,3,246.93,Paid
O003053,C0797,P0034,2025-11-01,2,187.1,Paid
O003054,C0317,P0040,2025-11-01,3,105.9,Paid
O003055,C0203,P0033,2025-11-01,1,83.98,Paid
O003056,C0699,P0004,2025-11-01,1,117.7,Email
O003057,C0243,P0004,2025-11-01,1,117.7,Email
O003058,C0656,P0004,2025-11-01,1,117.7,Paid
O003059,C0463,P0004,2025-11-01,1,117.7,Paid
O003060,C0144,P0002,2025-11-01,1,224.66,Paid
O003061,C0566,P0012,2025-11-01,2,79.86,Paid
O003062,C0490,P0010,2025-11-01,1,36.53,Paid
O003063,C0777,P0014,2025-11-01,3,184.29,Organic
O003064,C0796,P0018,2025-11-01,3,260.13,Email
O003065,C0616,P0018,2025-11-01,1,86.71,Paid
O003066,C0335,P0022,2025-11-01,1,130.38,Paid
O003067,C0773,P0024,2025-11-01,2,213.94,Paid
O003068,C0171,P0032,2025-11-01,2,21.98,Email
O003069,C0591,P0027,2025-11-01,3,134.88,Organic
O003070,C0667,P0038,2025-11-01,1,103.02,Paid
O003071,C0694,P0036,2025-11-01,2,57.06,Organic
O003072,C0275,P0035,2025-11-01,1,96.43,Paid
O003073,C0114,P0005,2025-11-01,1,176.55,Paid
O003074,C0400,P0013,2025-11-01,2,86.52,Paid
O003075,C0770,P0013,2025-11-01,2,86.52,Paid
O003076,C0650,P0024,2025-11-01,3,320.91,Paid
O003077,C0197,P0022,2025-11-01,3,391.14,Organic
O003078,C0316,P0028,2025-11-01,2,45.44,Paid
O003079,C0462,P0029,2025-11-01,1,22.89,Paid
O003080,C0166,P0029,2025-11-01,3,68.67,Referral
O003081,C0211,P0025,2025-11-01,3,138.18,Email
O003082,C0708,P0039,2025-11-01,2,37.56,Email
O003083,C0120,P0037,2025-11-01,1,82.31,Email
O003084,C0577,P0036,2025-11-01,2,57.06,Paid
O003085,C0580,P0037,2025-11-01,2,164.62,Paid
O003086,C0607,P0034,2025-11-01,3,280.65,Organic
O003087,C0179,P0006,2025-11-01,3,477.6,Email
O003088,C0314,P0012,2025-11-01,2,79.86,Organic
O003089,C0597,P0013,2025-11-01,1,43.26,Paid
O003090,C0603,P0016,2025-11-01,2,59.64,Paid
O003091,C0547,P0015,2025-11-01,2,104.6,Paid
O003092,C0729,P0013,2025-11-01,3,129.78,Paid
O003093,C0397,P0017,2025-11-01,1,123.38,Paid
O003094,C0634,P0018,2025-11-01,2,173.42,Paid
O003095,C0108,P0024,2025-11-01,3,320.91,Organic
O003096,C0187,P0024,2025-11-01,1,106.97,Paid
O003097,C0375,P0021,2025-11-01,1,117.78,Paid
O003098,C0307,P0031,2025-11-01,1,29.85,Paid
O003099,C0465,P0032,2025-11-01,3,32.97,Paid
O003100,C0310,P0039,2025-11-01,3,56.34,Paid
O003101,C0340,P0038,2025-11-01,3,309.06,Email
O003102,C0179,P0036,2025-11-01,2,57.06,Paid
O003103,C0290,P0033,2025-11-01,1,83.98,Paid
O003104,C0547,P0038,2025-11-01,2,206.04,Paid
O003105,C0416,P0034,2025-11-01,1,93.55,Paid
O003106,C0693,P0033,2025-11-01,2,167.96,Referral
O003107,C0684,P0008,2025-11-02,3,558.9,Paid
O003108,C0473,P0003,2025-11-02,3,293.91,Paid
O003109,C0317,P0024,2025-11-02,2,213.94,Paid
O003110,C0363,P0022,2025-11-02,3,391.14,Paid
O003111,C0618,P0017,2025-11-02,3,370.14,Email
O003112,C0139,P0031,2025-11-02,1,29.85,Paid
O003113,C0097,P0025,2025-11-02,3,138.18,Paid
O003114,C0038,P0030,2025-11-02,3,48.03,Email
O003115,C0743,P0030,2025-11-02,3,48.03,Organic
O003116,C0435,P0037,2025-11-02,1,82.31,Referral
O003117,C0240,P0007,2025-11-02,2,123.96,Paid
O003118,C0079,P0001,2025-11-02,3,941.58,Email
O003119,C0769,P0011,2025-11-02,1,43.82,Paid
O003120,C0267,P0010,2025-11-02,1,36.53,Referral
O003121,C0376,P0012,2025-11-02,1,39.93,Paid
O003122,C0546,P0018,2025-11-02,3,260.13,Paid
O003123,C0721,P0023,2025-11-02,2,250.92,Paid
O003124,C0383,P0030,2025-11-02,1,16.01,Paid
O003125,C0590,P0025,2025-11-02,3,138.18,Referral
O003126,C0376,P0030,2025-11-02,2,32.02,Referral
O003127,C0381,P0031,2025-11-02,1,29.85,Paid
O003128,C0642,P0028,2025-11-02,1,22.72,Referral
O003129,C0612,P0032,2025-11-02,2,21.98,Paid
O003130,C0780,P0026,2025-11-02,3,53.58,Paid
O003131,C0683,P0031,2025-11-02,2,59.7,Organic
O003132,C0758,P0034,2025-11-02,2,187.1,Organic
O003133,C0342,P0037,2025-11-02,1,82.31,Paid
O003134,C0197,P0008,2025-11-02,3,558.9,Paid
O003135,C0631,P0007,2025-11-02,3,185.94,Paid
O003136,C0579,P0004,2025-11-02,3,353.1,Email
O003137,C0300,P0006,2025-11-02,1,159.2,Paid
O003138,C0295,P0012,2025-11-02,2,79.86,Paid
O003139,C0530,P0012,2025-11-02,2,79.86,Email
O003140,C0689,P0011,2025-11-02,2,87.64,Paid
O003141,C0713,P0021,2025-11-02,3,353.34,Paid
O003142,C0204,P0021,2025-11-02,3,353.34,Paid
O003143,C0585,P0023,2025-11-02,3,376.38,Paid
O003144,C0230,P0025,2025-11-02,2,92.12,Paid
O003145,C0653,P0036,2025-11-02,2,57.06,Paid
O003146,C0108,P0001,2025-11-02,2,627.72,Paid
O003147,C0310,P0004,2025-11-02,3,353.1,Organic
O003148,C0757,P0001,2025-11-02,3,941.58,Paid
O003149,C0209,P0002,2025-11-02,3,673.98,Paid
O003150,C0043,P0002,2025-11-02,1,224.66,Paid
O003151,C0002,P0006,2025-11-02,2,318.4,Paid
O003152,C0525,P0013,2025-11-02,2,86.52,Paid
O003153,C0581,P0009,2025-11-02,3,145.95,Paid
O003154,C0066,P0013,2025-11-02,2,86.52,Paid
O003155,C0763,P0014,2025-11-02,1,61.43,Organic
O003156,C0712,P0014,2025-11-02,2,122.86,Paid
O003157,C0690,P0011,2025-11-02,2,87.64,Referral
O003158,C0125,P0023,2025-11-02,1,125.46,Paid
O003159,C0690,P0020,2025-11-02,3,338.19,Paid
O003160,C0722,P0023,2025-11-02,2,250.92,Email
O003161,C0149,P0017,2025-11-02,1,123.38,Paid
O003162,C0542,P0029,2025-11-02,2,45.78,Organic
O003163,C0597,P0029,2025-11-02,2,45.78,Paid
O003164,C0168,P0031,2025-11-02,3,89.55,Organic
O003165,C0441,P0025,2025-11-02,1,46.06,Paid
O003166,C0664,P0027,2025-11-02,1,44.96,Paid
O003167,C0147,P0037,2025-11-02,2,164.62,Paid
O003168,C0634,P0036,2025-11-02,1,28.53,Organic
O003169,C0715,P0002,2025-11-03,1,224.66,Organic
O003170,C0446,P0009,2025-11-03,2,97.3,Email
O003171,C0583,P0015,2025-11-03,1,52.3,Organic
O003172,C0325,P0020,2025-11-03,3,338.19,Paid
O003173,C0203,P0026,2025-11-03,2,35.72,Email
O003174,C0589,P0026,2025-11-03,3,53.58,Paid
O003175,C0041,P0030,2025-11-03,3,48.03,Paid
O003176,C0193,P0035,2025-11-03,2,192.86,Paid
O003177,C0749,P0039,2025-11-03,1,18.78,Paid
O003178,C0589,P0035,2025-11-03,3,289.29,Paid
O003179,C0241,P0002,2025-11-03,1,224.66,Referral
O003180,C0282,P0001,2025-11-03,1,313.86,Paid
O003181,C0034,P0001,2025-11-03,2,627.72,Paid
O003182,C0474,P0016,2025-11-03,2,59.64,Paid
O003183,C0170,P0011,2025-11-03,1,43.82,Email
O003184,C0154,P0013,2025-11-03,1,43.26,Paid
O003185,C0447,P0023,2025-11-03,2,250.92,Paid
O003186,C0471,P0005,2025-11-03,3,529.65,Paid
O003187,C0042,P0007,2025-11-03,1,61.98,Paid
O003188,C0439,P0006,2025-11-03,3,477.6,Paid
O003189,C0496,P0014,2025-11-03,1,61.43,Paid
O003190,C0571,P0017,2025-11-03,3,370.14,Paid
O003191,C0607,P0040,2025-11-03,3,105.9,Organic
O003192,C0120,P0036,2025-11-03,3,85.59,Paid
O003193,C0702,P0008,2025-11-03,1,186.3,Paid
O003194,C0428,P0005,2025-11-03,3,529.65,Paid
O003195,C0301,P0010,2025-11-03,1,36.53,Paid
O003196,C0174,P0017,2025-11-03,1,123.38,Paid
O003197,C0125,P0022,2025-11-03,2,260.76,Paid
O003198,C0513,P0017,2025-11-03,2,246.76,Paid
O003199,C0314,P0030,2025-11-03,2,32.02,Paid
O003200,C0563,P0032,2025-11-03,2,21.98,Organic
O003201,C0043,P0040,2025-11-03,1,35.3,Paid
O003202,C0252,P0034,2025-11-03,3,280.65,Paid
O003203,C0665,P0034,2025-11-03,1,93.55,Referral
O003204,C0498,P0037,2025-11-03,3,246.93,Paid
O003205,C0041,P0002,2025-11-04,1,224.66,Paid
O003206,C0363,P0004,2025-11-04,3,353.1,Paid
O003207,C0038,P0004,2025-11-04,2,235.4,Paid
O003208,C0800,P0008,2025-11-04,3,558.9,Organic
O003209,C0736,P0014,2025-11-04,1,61.43,Paid
O003210,C0142,P0016,2025-11-04,2,59.64,Paid
O003211,C0684,P0015,2025-11-04,2,104.6,Organic
O003212,C0155,P0015,2025-11-04,1,52.3,Email
O003213,C0421,P0023,2025-11-04,1,125.46,Paid
O003214,C0024,P0026,2025-11-04,3,53.58,Paid
O003215,C0435,P0030,2025-11-04,2,32.02,Paid
O003216,C0569,P0032,2025-11-04,3,32.97,Paid
O003217,C0788,P0034,2025-11-04,3,280.65,Paid
O003218,C0073,P0002,2025-11-04,2,449.32,Organic
O003219,C0370,P0002,2025-11-04,3,673.98,Paid
O003220,C0433,P0003,2025-11-04,3,293.91,Paid
O003221,C0302,P0005,2025-11-04,2,353.1,Email
O003222,C0282,P0005,2025-11-04,2,353.1,Paid
O003223,C0494,P0015,2025-11-04,2,104.6,Paid
O003224,C0694,P0018,2025-11-04,3,260.13,Paid
O003225,C0709,P0024,2025-11-04,2,213.94,Paid
O003226,C0021,P0022,2025-11-04,2,260.76,Paid
O003227,C0073,P0028,2025-11-04,3,68.16,Paid
O003228,C0481,P0029,2025-11-04,2,45.78,Organic
O003229,C0685,P0040,2025-11-04,2,70.6,Paid
O003230,C0387,P0033,2025-11-04,1,83.98,Paid
O003231,C0250,P0039,2025-11-04,1,18.78,Paid
O003232,C0622,P0038,2025-11-04,2,206.04,Paid
O003233,C0120,P0002,2025-11-04,2,449.32,Paid
O003234,C0032,P0005,2025-11-04,2,353.1,Paid
O003235,C0156,P0007,2025-11-04,3,185.94,Paid
O003236,C0792,P0004,2025-11-04,3,353.1,Email
O003237,C0767,P0016,2025-11-04,3,89.46,Paid
O003238,C0778,P0012,2025-11-04,2,79.86,Paid
O003239,C0377,P0024,2025-11-04,3,320.91,Organic
O003240,C0334,P0017,2025-11-04,1,123.38,Paid
O003241,C0032,P0031,2025-11-04,3,89.55,Email
O003242,C0577,P0025,2025-11-04,3,138.18,Paid
O003243,C0765,P0032,2025-11-04,1,10.99,Paid
O003244,C0377,P0034,2025-11-04,1,93.55,Organic
O003245,C0740,P0003,2025-11-04,2,195.94,Paid
O003246,C0794,P0010,2025-11-04,1,36.53,Email
O003247,C0562,P0010,2025-11-04,3,109.59,Paid
O003248,C0252,P0028,2025-11-04,2,45.44,Organic
O003249,C0581,P0032,2025-11-04,3,32.97,Paid
O003250,C0722,P0027,2025-11-04,3,134.88,Paid
O003251,C0525,P0029,2025-11-04,1,22.89,Paid
O003252,C0547,P0037,2025-11-04,1,82.31,Organic
O003253,C0609,P0037,2025-11-04,3,246.93,Paid
O003254,C0249,P0038,2025-11-04,2,206.04,Paid
O003255,C0005,P0039,2025-11-04,3,56.34,Paid
O003256,C0673,P0003,2025-11-05,2,195.94,Paid
O003257,C0041,P0006,2025-11-05,3,477.6,Paid
O003258,C0587,P0001,2025-11-05,2,627.72,Email
O003259,C0202,P0016,2025-11-05,1,29.82,Paid
O003260,C0049,P0011,2025-11-05,1,43.82,Paid
O003261,C0011,P0022,2025-11-05,1,130.38,Paid
O003262,C0556,P0026,2025-11-05,1,17.86,Organic
O003263,C0440,P0028,2025-11-05,2,45.44,Paid
O003264,C0341,P0027,2025-11-05,2,89.92,Paid
O003265,C0446,P0034,2025-11-05,2,187.1,Paid
O003266,C0395,P0034,2025-11-05,2,187.1,Paid
O003267,C0652,P0006,2025-11-05,1,159.2,Paid
O003268,C0330,P0003,2025-11-05,3,293.91,Paid
O003269,C0320,P0007,2025-11-05,3,185.94,Paid
O003270,C0320,P0004,2025-11-05,2,235.4,Paid
O003271,C0095,P0001,2025-11-05,1,313.86,Organic
O003272,C0137,P0006,2025-11-05,1,159.2,Paid
O003273,C0786,P0002,2025-11-05,3,673.98,Paid
O003274,C0557,P0013,2025-11-05,3,129.78,Organic
O003275,C0033,P0013,2025-11-05,2,86.52,Paid
O003276,C0410,P0009,2025-11-05,3,145.95,Paid
O003277,C0265,P0011,2025-11-05,1,43.82,Paid
O003278,C0226,P0018,2025-11-05,3,260.13,Organic
O003279,C0789,P0021,2025-11-05,2,235.56,Organic
O003280,C0786,P0024,2025-11-05,3,320.91,Paid
O003281,C0651,P0028,2025-11-05,1,22.72,Email
O003282,C0019,P0040,2025-11-05,2,70.6,Paid
O003283,C0410,P0035,2025-11-05,2,192.86,Organic
O003284,C0694,P0034,2025-11-05,3,280.65,Paid
O003285,C0033,P0040,2025-11-05,2,70.6,Paid
O003286,C0263,P0003,2025-11-05,2,195.94,Paid
O003287,C0425,P0003,2025-11-05,3,293.91,Paid
O003288,C0075,P0001,2025-11-05,3,941.58,Paid
O003289,C0032,P0007,2025-11-05,1,61.98,Paid
O003290,C0432,P0007,2025-11-05,2,123.96,Email
O003291,C0078,P0010,2025-11-05,3,109.59,Paid
O003292,C0148,P0011,2025-11-05,3,131.46,Paid
O003293,C0585,P0017,2025-11-05,2,246.76,Organic
O003294,C0720,P0031,2025-11-05,3,89.55,Organic
O003295,C0631,P0030,2025-11-05,1,16.01,Paid
O003296,C0288,P0028,2025-11-05,1,22.72,Paid
O003297,C0572,P0036,2025-11-05,2,57.06,Paid
O003298,C0497,P0037,2025-11-05,2,164.62,Organic
O003299,C0429,P0040,2025-11-05,3,105.9,Paid
O003300,C0394,P0008,2025-11-05,1,186.3,Paid
O003301,C0310,P0003,2025-11-05,3,293.91,Organic
O003302,C0798,P0007,2025-11-05,1,61.98,Organic
O003303,C0563,P0002,2025-11-05,1,224.66,Paid
O003304,C0314,P0013,2025-11-05,2,86.52,Paid
O003305,C0062,P0023,2025-11-05,3,376.38,Paid
O003306,C0703,P0029,2025-11-05,3,68.67,Paid
O003307,C0459,P0030,2025-11-05,1,16.01,Organic
O003308,C0550,P0033,2025-11-05,3,251.94,Referral
O003309,C0655,P0038,2025-11-05,3,309.06,Paid
O003310,C0645,P0037,2025-11-05,3,246.93,Paid
O003311,C0608,P0038,2025-11-05,1,103.02,Paid
O003312,C0258,P0040,2025-11-05,2,70.6,Organic
O003313,C0562,P0038,2025-11-05,3,309.06,Paid
O003314,C0307,P0038,2025-11-05,1,103.02,Paid
O003315,C0589,P0007,2025-11-06,3,185.94,Paid
O003316,C0583,P0003,2025-11-06,3,293.91,Paid
O003317,C0437,P0003,2025-11-06,3,293.91,Paid
O003318,C0679,P0001,2025-11-06,1,313.86,Paid
O003319,C0081,P0009,2025-11-06,1,48.65,Paid
O003320,C0264,P0021,2025-11-06,2,235.56,Paid
O003321,C0038,P0017,2025-11-06,1,123.38,Organic
O003322,C0727,P0021,2025-11-06,2,235.56,Paid
O003323,C0363,P0020,2025-11-06,2,225.46,Paid
O003324,C0107,P0021,2025-11-06,1,117.78,Paid
O003325,C0505,P0022,2025-11-06,1,130.38,Email
O003326,C0797,P0032,2025-11-06,2,21.98,Paid
O003327,C0724,P0031,2025-11-06,3,89.55,Referral
O003328,C0155,P0026,2025-11-06,2,35.72,Organic
O003329,C0446,P0026,2025-11-06,3,53.58,Paid
O003330,C0621,P0032,2025-11-06,2,21.98,Paid
O003331,C0193,P0034,2025-11-06,3,280.65,Paid
O003332,C0544,P0038,2025-11-06,1,103.02,Paid
O003333,C0473,P0037,2025-11-06,2,164.62,Paid
O003334,C0557,P0007,2025-11-06,1,61.98,Organic
O003335,C0786,P0009,2025-11-06,1,48.65,Paid
O003336,C0599,P0019,2025-11-06,1,79.59,Paid
O003337,C0417,P0024,2025-11-06,1,106.97,Paid
O003338,C0144,P0020,2025-11-06,2,225.46,Organic
O003339,C0642,P0021,2025-11-06,1,117.78,Email
O003340,C0591,P0025,2025-11-06,2,92.12,Paid
O003341,C0629,P0027,2025-11-06,1,44.96,Paid
O003342,C0409,P0034,2025-11-06,1,93.55,Referral
O003343,C0572,P0007,2025-11-06,3,185.94,Paid
O003344,C0119,P0006,2025-11-06,2,318.4,Paid
O003345,C0413,P0010,2025-11-06,3,109.59,Organic
O003346,C0770,P0014,2025-11-06,3,184.29,Referral
O003347,C0650,P0012,2025-11-06,1,39.93,Organic
O003348,C0377,P0021,2025-11-06,3,353.34,Paid
O003349,C0336,P0021,2025-11-06,2,235.56,Paid
O003350,C0044,P0031,2025-11-06,3,89.55,Email
O003351,C0580,P0027,2025-11-06,3,134.88,Organic
O003352,C0063,P0029,2025-11-06,1,22.89,Paid
O003353,C0695,P0039,2025-11-06,2,37.56,Paid
O003354,C0192,P0034,2025-11-06,2,187.1,Paid
O003355,C0547,P0016,2025-11-06,2,59.64,Paid
O003356,C0290,P0023,2025-11-06,3,376.38,Paid
O003357,C0101,P0022,2025-11-06,1,130.38,Email
O003358,C0465,P0020,2025-11-06,1,112.73,Paid
O003359,C0459,P0019,2025-11-06,2,159.18,Organic
O003360,C0499,P0029,2025-11-06,1,22.89,Paid
O003361,C0362,P0025,2025-11-06,1,46.06,Paid
O003362,C0100,P0035,2025-11-06,3,289.29,Paid
O003363,C0149,P0040,2025-11-06,1,35.3,Paid
O003364,C0664,P0035,2025-11-06,1,96.43,Email
O003365,C0458,P0001,2025-11-07,2,627.72,Paid
O003366,C0625,P0005,2025-11-07,1,176.55,Paid
O003367,C0795,P0002,2025-11-07,2,449.32,Paid
O003368,C0549,P0007,2025-11-07,1,61.98,Organic
O003369,C0583,P0007,2025-11-07,3,185.94,Paid
O003370,C0743,P0015,2025-11-07,1,52.3,Email
O003371,C0575,P0015,2025-11-07,2,104.6,Paid
O003372,C0618,P0021,2025-11-07,3,353.34,Paid
O003373,C0058,P0021,2025-11-07,3,353.34,Paid
O003374,C0544,P0018,2025-11-07,3,260.13,Organic
O003375,C0641,P0023,2025-11-07,1,125.46,Paid
O003376,C0284,P0026,2025-11-07,2,35.72,Paid
O003377,C0049,P0027,2025-11-07,3,134.88,Paid
O003378,C0129,P0026,2025-11-07,1,17.86,Paid
O003379,C0205,P0002,2025-11-07,2,449.32,Paid
O003380,C0701,P0007,2025-11-07,3,185.94,Paid
O003381,C0417,P0012,2025-11-07,1,39.93,Paid
O003382,C0330,P0009,2025-11-07,3,145.95,Organic
O003383,C0642,P0015,2025-11-07,2,104.6,Paid
O003384,C0198,P0013,2025-11-07,2,86.52,Paid
O003385,C0128,P0020,2025-11-07,1,112.73,Paid
O003386,C0285,P0023,2025-11-07,1,125.46,Organic
O003387,C0243,P0032,2025-11-07,1,10.99,Paid
O003388,C0490,P0030,2025-11-07,3,48.03,Paid
O003389,C0780,P0026,2025-11-07,2,35.72,Paid
O003390,C0171,P0028,2025-11-07,1,22.72,Paid
O003391,C0116,P0036,2025-11-07,2,57.06,Paid
O003392,C0780,P0035,2025-11-07,1,96.43,Organic
O003393,C0591,P0040,2025-11-07,1,35.3,Email
O003394,C0016,P0034,2025-11-07,3,280.65,Paid
O003395,C0113,P0001,2025-11-07,2,627.72,Paid
O003396,C0211,P0007,2025-11-07,3,185.94,Paid
O003397,C0272,P0014,2025-11-07,3,184.29,Paid
O003398,C0350,P0019,2025-11-07,2,159.18,Paid
O003399,C0704,P0030,2025-11-07,1,16.01,Paid
O003400,C0432,P0032,2025-11-07,2,21.98,Paid
O003401,C0755,P0026,2025-11-07,3,53.58,Paid
O003402,C0445,P0025,2025-11-07,3,138.18,Email
O003403,C0471,P0036,2025-11-07,3,85.59,Paid
O003404,C0407,P0006,2025-11-07,2,318.4,Paid
O003405,C0258,P0015,2025-11-07,3,156.9,Email
O003406,C0757,P0018,2025-11-07,3,260.13,Paid
O003407,C0645,P0029,2025-11-07,1,22.89,Organic
O003408,C0716,P0031,2025-11-07,2,59.7,Paid
O003409,C0125,P0039,2025-11-07,1,18.78,Email
O003410,C0615,P0038,2025-11-07,1,103.02,Paid
O003411,C0521,P0003,2025-11-08,2,195.94,Paid
O003412,C0742,P0012,2025-11-08,3,119.79,Organic
O003413,C0175,P0019,2025-11-08,2,159.18,Paid
O003414,C0470,P0017,2025-11-08,1,123.38,Email
O003415,C0363,P0023,2025-11-08,2,250.92,Paid
O003416,C0800,P0019,2025-11-08,2,159.18,Paid
O003417,C0142,P0031,2025-11-08,3,89.55,Paid
O003418,C0165,P0028,2025-11-08,2,45.44,Paid
O003419,C0165,P0026,2025-11-08,3,53.58,Paid
O003420,C0341,P0036,2025-11-08,2,57.06,Paid
O003421,C0537,P0001,2025-11-08,2,627.72,Paid
O003422,C0494,P0016,2025-11-08,3,89.46,Organic
O003423,C0226,P0015,2025-11-08,3,156.9,Paid
O003424,C0494,P0015,2025-11-08,1,52.3,Paid
O003425,C0190,P0013,2025-11-08,2,86.52,Paid
O003426,C0243,P0009,2025-11-08,3,145.95,Paid
O003427,C0154,P0023,2025-11-08,3,376.38,Referral
O003428,C0481,P0021,2025-11-08,1,117.78,Paid
O003429,C0335,P0024,2025-11-08,2,213.94,Paid
O003430,C0576,P0018,2025-11-08,3,260.13,Paid
O003431,C0423,P0021,2025-11-08,1,117.78,Organic
O003432,C0756,P0031,2025-11-08,2,59.7,Paid
O003433,C0683,P0032,2025-11-08,3,32.97,Paid
O003434,C0552,P0027,2025-11-08,1,44.96,Email
O003435,C0591,P0030,2025-11-08,1,16.01,Email
O003436,C0667,P0027,2025-11-08,3,134.88,Paid
O003437,C0250,P0033,2025-11-08,2,167.96,Paid
O003438,C0085,P0038,2025-11-08,1,103.02,Email
O003439,C0283,P0036,2025-11-08,2,57.06,Email
O003440,C0494,P0036,2025-11-08,3,85.59,Paid
O003441,C0604,P0035,2025-11-08,2,192.86,Paid
O003442,C0075,P0005,2025-11-08,3,529.65,Paid
O003443,C0151,P0006,2025-11-08,1,159.2,Paid
O003444,C0211,P0005,2025-11-08,2,353.1,Organic
O003445,C0295,P0013,2025-11-08,3,129.78,Paid
O003446,C0567,P0019,2025-11-08,1,79.59,Paid
O003447,C0751,P0019,2025-11-08,2,159.18,Organic
O003448,C0425,P0020,2025-11-08,3,338.19,Paid
O003449,C0162,P0019,2025-11-08,3,238.77,Paid
O003450,C0751,P0035,2025-11-08,1,96.43,Paid
O003451,C0211,P0035,2025-11-08,1,96.43,Paid
O003452,C0032,P0034,2025-11-08,2,187.1,Email
O003453,C0078,P0033,2025-11-08,2,167.96,Paid
O003454,C0393,P0036,2025-11-08,2,57.06,Email
O003455,C0500,P0007,2025-11-08,3,185.94,Paid
O003456,C0291,P0012,2025-11-08,3,119.79,Paid
O003457,C0757,P0013,2025-11-08,1,43.26,Paid
O003458,C0702,P0012,2025-11-08,1,39.93,Paid
O003459,C0291,P0024,2025-11-08,1,106.97,Organic
O003460,C0344,P0020,2025-11-08,3,338.19,Organic
O003461,C0258,P0027,2025-11-08,3,134.88,Paid
O003462,C0686,P0028,2025-11-08,3,68.16,Organic
O003463,C0375,P0027,2025-11-08,2,89.92,Organic
O003464,C0712,P0031,2025-11-08,2,59.7,Email
O003465,C0218,P0025,2025-11-08,1,46.06,Paid
O003466,C0020,P0029,2025-11-08,2,45.78,Paid
O003467,C0499,P0031,2025-11-08,2,59.7,Paid
O003468,C0493,P0038,2025-11-08,3,309.06,Paid
O003469,C0199,P0033,2025-11-08,3,251.94,Email
O003470,C0258,P0037,2025-11-08,1,82.31,Paid
O003471,C0740,P0036,2025-11-08,1,28.53,Paid
O003472,C0608,P0036,2025-11-08,1,28.53,Paid
O003473,C0164,P0006,2025-11-09,3,477.6,Paid
O003474,C0173,P0004,2025-11-09,1,117.7,Paid
O003475,C0064,P0003,2025-11-09,2,195.94,Organic
O003476,C0519,P0002,2025-11-09,1,224.66,Paid
O003477,C0049,P0006,2025-11-09,1,159.2,Paid
O003478,C0723,P0012,2025-11-09,3,119.79,Paid
O003479,C0363,P0013,2025-11-09,2,86.52,Referral
O003480,C0173,P0014,2025-11-09,3,184.29,Paid
O003481,C0080,P0017,2025-11-09,1,123.38,Paid
O003482,C0325,P0020,2025-11-09,3,338.19,Paid
O003483,C0348,P0020,2025-11-09,3,338.19,Paid
O003484,C0657,P0028,2025-11-09,3,68.16,Paid
O003485,C0155,P0031,2025-11-09,2,59.7,Paid
O003486,C0064,P0029,2025-11-09,1,22.89,Paid
O003487,C0673,P0030,2025-11-09,3,48.03,Email
O003488,C0505,P0034,2025-11-09,1,93.55,Paid
O003489,C0443,P0036,2025-11-09,2,57.06,Paid
O003490,C0788,P0040,2025-11-09,1,35.3,Paid
O003491,C0222,P0036,2025-11-09,1,28.53,Paid
O003492,C0222,P0039,2025-11-09,2,37.56,Paid
O003493,C0420,P0002,2025-11-09,3,673.98,Paid
O003494,C0250,P0006,2025-11-09,2,318.4,Organic
O003495,C0323,P0007,2025-11-09,3,185.94,Paid
O003496,C0079,P0007,2025-11-09,3,185.94,Paid
O003497,C0383,P0005,2025-11-09,1,176.55,Paid
O003498,C0709,P0002,2025-11-09,1,224.66,Email
O003499,C0226,P0012,2025-11-09,2,79.86,Paid
O003500,C0137,P0015,2025-11-09,1,52.3,Paid
O003501,C0748,P0010,2025-11-09,1,36.53,Organic
O003502,C0171,P0023,2025-11-09,2,250.92,Organic
O003503,C0681,P0020,2025-11-09,1,112.73,Referral
O003504,C0330,P0018,2025-11-09,2,173.42,Paid
O003505,C0652,P0023,2025-11-09,3,376.38,Organic
O003506,C0758,P0031,2025-11-09,2,59.7,Referral
O003507,C0240,P0029,2025-11-09,1,22.89,Paid
O003508,C0241,P0036,2025-11-09,3,85.59,Paid
O003509,C0698,P0034,2025-11-09,1,93.55,Paid
O003510,C0400,P0003,2025-11-09,2,195.94,Paid
O003511,C0663,P0005,2025-11-09,3,529.65,Paid
O003512,C0136,P0002,2025-11-09,2,449.32,Paid
O003513,C0229,P0009,2025-11-09,2,97.3,Paid
O003514,C0206,P0009,2025-11-09,1,48.65,Paid
O003515,C0289,P0014,2025-11-09,1,61.43,Paid
O003516,C0778,P0012,2025-11-09,2,79.86,Paid
O003517,C0400,P0019,2025-11-09,3,238.77,Paid
O003518,C0153,P0023,2025-11-09,1,125.46,Paid
O003519,C0668,P0017,2025-11-09,3,370.14,Paid
O003520,C0689,P0019,2025-11-09,3,238.77,Paid
O003521,C0326,P0025,2025-11-09,2,92.12,Paid
O003522,C0530,P0031,2025-11-09,1,29.85,Paid
O003523,C0631,P0031,2025-11-09,2,59.7,Paid
O003524,C0153,P0038,2025-11-09,3,309.06,Paid
O003525,C0386,P0001,2025-11-09,2,627.72,Paid
O003526,C0373,P0004,2025-11-09,1,117.7,Paid
O003527,C0005,P0004,2025-11-09,2,235.4,Paid
O003528,C0791,P0015,2025-11-09,1,52.3,Paid
O003529,C0416,P0013,2025-11-09,2,86.52,Paid
O003530,C0140,P0022,2025-11-09,1,130.38,Organic
O003531,C0693,P0029,2025-11-09,1,22.89,Organic
O003532,C0608,P0025,2025-11-09,2,92.12,Paid
O003533,C0729,P0040,2025-11-09,3,105.9,Email
O003534,C0626,P0038,2025-11-09,3,309.06,Organic
O003535,C0722,P0040,2025-11-09,2,70.6,Organic
O003536,C0081,P0004,2025-11-10,2,235.4,Paid
O003537,C0524,P0005,2025-11-10,2,353.1,Paid
O003538,C0795,P0003,2025-11-10,1,97.97,Paid
O003539,C0065,P0006,2025-11-10,1,159.2,Organic
O003540,C0202,P0004,2025-11-10,2,235.4,Paid
O003541,C0259,P0010,2025-11-10,3,109.59,Paid
O003542,C0458,P0013,2025-11-10,3,129.78,Organic
O003543,C0458,P0013,2025-11-10,3,129.78,Paid
O003544,C0332,P0031,2025-11-10,2,59.7,Paid
O003545,C0443,P0025,2025-11-10,2,92.12,Paid
O003546,C0339,P0032,2025-11-10,2,21.98,Organic
O003547,C0293,P0025,2025-11-10,1,46.06,Paid
O003548,C0589,P0028,2025-11-10,1,22.72,Paid
O003549,C0414,P0039,2025-11-10,1,18.78,Paid
O003550,C0760,P0008,2025-11-10,1,186.3,Paid
O003551,C0481,P0006,2025-11-10,2,318.4,Paid
O003552,C0756,P0009,2025-11-10,2,97.3,Paid
O003553,C0243,P0016,2025-11-10,2,59.64,Paid
O003554,C0226,P0016,2025-11-10,1,29.82,Referral
O003555,C0644,P0016,2025-11-10,1,29.82,Paid
O003556,C0250,P0017,2025-11-10,1,123.38,Paid
O003557,C0205,P0025,2025-11-10,1,46.06,Paid
O003558,C0334,P0006,2025-11-10,2,318.4,Organic
O003559,C0162,P0006,2025-11-10,3,477.6,Paid
O003560,C0377,P0008,2025-11-10,3,558.9,Paid
O003561,C0316,P0005,2025-11-10,3,529.65,Email
O003562,C0514,P0002,2025-11-10,1,224.66,Paid
O003563,C0230,P0005,2025-11-10,2,353.1,Paid
O003564,C0172,P0005,2025-11-10,2,353.1,Paid
O003565,C0517,P0015,2025-11-10,1,52.3,Paid
O003566,C0268,P0016,2025-11-10,2,59.64,Paid
O003567,C0268,P0024,2025-11-10,2,213.94,Paid
O003568,C0713,P0018,2025-11-10,2,173.42,Referral
O003569,C0517,P0029,2025-11-10,3,68.67,Paid
O003570,C0708,P0037,2025-11-10,1,82.31,Paid
O003571,C0613,P0036,2025-11-10,1,28.53,Paid
O003572,C0249,P0006,2025-11-10,2,318.4,Paid
O003573,C0117,P0009,2025-11-10,3,145.95,Organic
O003574,C0645,P0016,2025-11-10,2,59.64,Organic
O003575,C0037,P0009,2025-11-10,1,48.65,Paid
O003576,C0430,P0019,2025-11-10,2,159.18,Email
O003577,C0707,P0031,2025-11-10,2,59.7,Organic
O003578,C0056,P0029,2025-11-10,1,22.89,Paid
O003579,C0791,P0032,2025-11-10,1,10.99,Organic
O003580,C0310,P0027,2025-11-10,3,134.88,Organic
O003581,C0306,P0036,2025-11-10,1,28.53,Paid
O003582,C0187,P0036,2025-11-10,1,28.53,Paid
O003583,C0787,P0033,2025-11-10,2,167.96,Organic
O003584,C0378,P0002,2025-11-11,3,673.98,Organic
O003585,C0264,P0010,2025-11-11,2,73.06,Organic
O003586,C0303,P0015,2025-11-11,1,52.3,Referral
O003587,C0795,P0019,2025-11-11,1,79.59,Paid
O003588,C0222,P0024,2025-11-11,1,106.97,Organic
O003589,C0284,P0024,2025-11-11,1,106.97,Referral
O003590,C0065,P0031,2025-11-11,2,59.7,Paid
O003591,C0363,P0030,2025-11-11,2,32.02,Paid
O003592,C0052,P0006,2025-11-11,2,318.4,Organic
O003593,C0728,P0007,2025-11-11,1,61.98,Paid
O003594,C0208,P0006,2025-11-11,1,159.2,Paid
O003595,C0208,P0006,2025-11-11,3,477.6,Referral
O003596,C0021,P0010,2025-11-11,3,109.59,Paid
O003597,C0208,P0009,2025-11-11,2,97.3,Paid
O003598,C0320,P0013,2025-11-11,1,43.26,Paid
O003599,C0721,P0020,2025-11-11,3,338.19,Paid
O003600,C0747,P0020,2025-11-11,1,112.73,Paid
O003601,C0266,P0018,2025-11-11,1,86.71,Paid
O003602,C0409,P0024,2025-11-11,2,213.94,Paid
O003603,C0003,P0018,2025-11-11,3,260.13,Organic
O003604,C0719,P0028,2025-11-11,2,45.44,Organic
O003605,C0576,P0032,2025-11-11,2,21.98,Paid
O003606,C0126,P0036,2025-11-11,1,28.53,Referral
O003607,C0694,P0033,2025-11-11,2,167.96,Paid
O003608,C0778,P0006,2025-11-11,3,477.6,Paid
O003609,C0527,P0002,2025-11-11,3,673.98,Paid
O003610,C0326,P0014,2025-11-11,3,184.29,Email
O003611,C0230,P0014,2025-11-11,1,61.43,Paid
O003612,C0183,P0014,2025-11-11,1,61.43,Paid
O003613,C0036,P0018,2025-11-11,1,86.71,Paid
O003614,C0666,P0024,2025-11-11,1,106.97,Paid
O003615,C0229,P0019,2025-11-11,1,79.59,Referral
O003616,C0087,P0018,2025-11-11,1,86.71,Paid
O003617,C0032,P0029,2025-11-11,3,68.67,Email
O003618,C0646,P0040,2025-11-11,1,35.3,Paid
O003619,C0585,P0037,2025-11-11,2,164.62,Organic
O003620,C0551,P0006,2025-11-11,3,477.6,Paid
O003621,C0053,P0007,2025-11-11,3,185.94,Organic
O003622,C0051,P0006,2025-11-11,3,477.6,Email
O003623,C0056,P0002,2025-11-11,3,673.98,Paid
O003624,C0560,P0015,2025-11-11,1,52.3,Paid
O003625,C0703,P0022,2025-11-11,3,391.14,Organic
O003626,C0294,P0018,2025-11-11,2,173.42,Organic
O003627,C0362,P0019,2025-11-11,1,79.59,Organic
O003628,C0273,P0025,2025-11-11,2,92.12,Paid
O003629,C0037,P0026,2025-11-11,3,53.58,Paid
O003630,C0403,P0036,2025-11-11,3,85.59,Paid
O003631,C0723,P0004,2025-11-12,1,117.7,Paid
O003632,C0165,P0005,2025-11-12,1,176.55,Organic
O003633,C0458,P0005,2025-11-12,3,529.65,Email
O003634,C0421,P0016,2025-11-12,1,29.82,Paid
O003635,C0454,P0013,2025-11-12,1,43.26,Email
O003636,C0543,P0021,2025-11-12,1,117.78,Paid
O003637,C0741,P0018,2025-11-12,2,173.42,Organic
O003638,C0775,P0031,2025-11-12,2,59.7,Email
O003639,C0024,P0030,2025-11-12,2,32.02,Organic
O003640,C0094,P0030,2025-11-12,2,32.02,Referral
O003641,C0175,P0033,2025-11-12,2,167.96,Email
O003642,C0165,P0037,2025-11-12,1,82.31,Paid
O003643,C0139,P0038,2025-11-12,2,206.04,Paid
O003644,C0521,P0033,2025-11-12,1,83.98,Email
O003645,C0777,P0007,2025-11-12,2,123.96,Organic
O003646,C0694,P0004,2025-11-12,3,353.1,Referral
O003647,C0681,P0006,2025-11-12,2,318.4,Paid
O003648,C0323,P0007,2025-11-12,2,123.96,Paid
O003649,C0685,P0006,2025-11-12,3,477.6,Paid
O003650,C0747,P0010,2025-11-12,2,73.06,Paid
O003651,C0748,P0014,2025-11-12,1,61.43,Email
O003652,C0019,P0018,2025-11-12,2,173.42,Organic
O003653,C0605,P0024,2025-11-12,1,106.97,Organic
O003654,C0719,P0023,2025-11-12,2,250.92,Paid
O003655,C0642,P0019,2025-11-12,2,159.18,Email
O003656,C0774,P0017,2025-11-12,1,123.38,Paid
O003657,C0116,P0027,2025-11-12,1,44.96,Paid
O003658,C0330,P0029,2025-11-12,2,45.78,Paid
O003659,C0047,P0035,2025-11-12,2,192.86,Organic
O003660,C0283,P0036,2025-11-12,3,85.59,Paid
O003661,C0537,P0037,2025-11-12,1,82.31,Paid
O003662,C0263,P0001,2025-11-12,1,313.86,Email
O003663,C0120,P0012,2025-11-12,2,79.86,Email
O003664,C0706,P0017,2025-11-12,3,370.14,Paid
O003665,C0497,P0026,2025-11-12,1,17.86,Email
O003666,C0763,P0004,2025-11-12,3,353.1,Email
O003667,C0068,P0008,2025-11-12,1,186.3,Paid
O003668,C0744,P0011,2025-11-12,1,43.82,Paid
O003669,C0367,P0009,2025-11-12,3,145.95,Paid
O003670,C0258,P0012,2025-11-12,1,39.93,Email
O003671,C0344,P0013,2025-11-12,1,43.26,Email
O003672,C0294,P0012,2025-11-12,1,39.93,Paid
O003673,C0745,P0021,2025-11-12,1,117.78,Paid
O003674,C0159,P0020,2025-11-12,1,112.73,Paid
O003675,C0609,P0032,2025-11-12,2,21.98,Paid
O003676,C0515,P0028,2025-11-12,3,68.16,Paid
O003677,C0513,P0026,2025-11-12,1,17.86,Organic
O003678,C0430,P0030,2025-11-12,1,16.01,Referral
O003679,C0501,P0034,2025-11-12,1,93.55,Paid
O003680,C0542,P0039,2025-11-12,2,37.56,Paid
O003681,C0609,P0037,2025-11-12,2,164.62,Paid
O003682,C0406,P0037,2025-11-12,3,246.93,Paid
O003683,C0341,P0002,2025-11-13,3,673.98,Organic
O003684,C0257,P0008,2025-11-13,2,372.6,Paid
O003685,C0175,P0008,2025-11-13,1,186.3,Paid
O003686,C0303,P0003,2025-11-13,2,195.94,Organic
O003687,C0731,P0003,2025-11-13,1,97.97,Paid
O003688,C0378,P0015,2025-11-13,2,104.6,Referral
O003689,C0524,P0009,2025-11-13,3,145.95,Paid
O003690,C0110,P0019,2025-11-13,1,79.59,Organic
O003691,C0736,P0024,2025-11-13,1,106.97,Paid
O003692,C0589,P0020,2025-11-13,1,112.73,Email
O003693,C0175,P0025,2025-11-13,2,92.12,Paid
O003694,C0800,P0029,2025-11-13,1,22.89,Paid
O003695,C0164,P0030,2025-11-13,3,48.03,Organic
O003696,C0675,P0028,2025-11-13,3,68.16,Paid
O003697,C0378,P0025,2025-11-13,1,46.06,Email
O003698,C0260,P0026,2025-11-13,2,35.72,Paid
O003699,C0671,P0006,2025-11-13,3,477.6,Referral
O003700,C0774,P0003,2025-11-13,3,293.91,Paid
O003701,C0578,P0006,2025-11-13,1,159.2,Paid
O003702,C0409,P0007,2025-11-13,1,61.98,Paid
O003703,C0410,P0011,2025-11-13,3,131.46,Paid
O003704,C0003,P0019,2025-11-13,2,159.18,Email
O003705,C0635,P0020,2025-11-13,3,338.19,Paid
O003706,C0685,P0029,2025-11-13,3,68.67,Paid
O003707,C0144,P0027,2025-11-13,1,44.96,Paid
O003708,C0079,P0035,2025-11-13,3,289.29,Paid
O003709,C0510,P0036,2025-11-13,2,57.06,Referral
O003710,C0604,P0040,2025-11-13,1,35.3,Paid
O003711,C0075,P0006,2025-11-13,2,318.4,Paid
O003712,C0197,P0017,2025-11-13,1,123.38,Email
O003713,C0336,P0021,2025-11-13,3,353.34,Paid
O003714,C0669,P0027,2025-11-13,3,134.88,Paid
O003715,C0478,P0040,2025-11-13,1,35.3,Organic
O003716,C0452,P0004,2025-11-13,2,235.4,Paid
O003717,C0066,P0005,2025-11-13,1,176.55,Email
O003718,C0147,P0015,2025-11-13,3,156.9,Paid
O003719,C0776,P0015,2025-11-13,2,104.6,Paid
O003720,C0294,P0019,2025-11-13,3,238.77,Paid
O003721,C0568,P0024,2025-11-13,3,320.91,Paid
O003722,C0344,P0030,2025-11-13,2,32.02,Paid
O003723,C0730,P0025,2025-11-13,3,138.18,Paid
O003724,C0009,P0027,2025-11-13,3,134.88,Paid
O003725,C0787,P0037,2025-11-13,2,164.62,Paid
O003726,C0049,P0007,2025-11-14,1,61.98,Paid
O003727,C0259,P0009,2025-11-14,1,48.65,Paid
O003728,C0583,P0015,2025-11-14,3,156.9,Paid
O003729,C0202,P0012,2025-11-14,3,119.79,Paid
O003730,C0421,P0012,2025-11-14,1,39.93,Referral
O003731,C0583,P0026,2025-11-14,3,53.58,Paid
O003732,C0395,P0034,2025-11-14,3,280.65,Paid
O003733,C0323,P0015,2025-11-14,1,52.3,Paid
O003734,C0358,P0024,2025-11-14,1,106.97,Paid
O003735,C0701,P0032,2025-11-14,2,21.98,Paid
O003736,C0629,P0033,2025-11-14,2,167.96,Referral
O003737,C0652,P0037,2025-11-14,3,246.93,Paid
O003738,C0102,P0003,2025-11-14,2,195.94,Paid
O003739,C0792,P0006,2025-11-14,1,159.2,Paid
O003740,C0765,P0010,2025-11-14,2,73.06,Paid
O003741,C0077,P0022,2025-11-14,2,260.76,Paid
O003742,C0112,P0022,2025-11-14,1,130.38,Paid
O003743,C0682,P0030,2025-11-14,1,16.01,Paid
O003744,C0496,P0031,2025-11-14,3,89.55,Organic
O003745,C0051,P0003,2025-11-14,1,97.97,Email
O003746,C0564,P0016,2025-11-14,1,29.82,Paid
O003747,C0233,P0023,2025-11-14,2,250.92,Organic
O003748,C0385,P0029,2025-11-14,3,68.67,Paid
O003749,C0297,P0029,2025-11-14,3,68.67,Paid
O003750,C0606,P0040,2025-11-14,3,105.9,Paid
O003751,C0608,P0034,2025-11-14,2,187.1,Organic
O003752,C0500,P0035,2025-11-14,1,96.43,Paid
O003753,C0291,P0036,2025-11-14,1,28.53,Paid
O003754,C0013,P0003,2025-11-15,1,97.97,Organic
O003755,C0788,P0005,2025-11-15,3,529.65,Paid
O003756,C0164,P0003,2025-11-15,3,293.91,Paid
O003757,C0011,P0007,2025-11-15,2,123.96,Paid
O003758,C0800,P0022,2025-11-15,2,260.76,Paid
O003759,C0223,P0030,2025-11-15,2,32.02,Paid
O003760,C0714,P0031,2025-11-15,2,59.7,Paid
O003761,C0339,P0038,2025-11-15,3,309.06,Paid
O003762,C0283,P0003,2025-11-15,2,195.94,Paid
O003763,C0241,P0007,2025-11-15,2,123.96,Paid
O003764,C0285,P0001,2025-11-15,2,627.72,Paid
O003765,C0447,P0005,2025-11-15,3,529.65,Organic
O003766,C0190,P0008,2025-11-15,2,372.6,Paid
O003767,C0285,P0002,2025-11-15,2,449.32,Paid
O003768,C0330,P0007,2025-11-15,2,123.96,Paid
O003769,C0274,P0002,2025-11-15,3,673.98,Email
O003770,C0739,P0013,2025-11-15,2,86.52,Paid
O003771,C0683,P0015,2025-11-15,1,52.3,Organic
O003772,C0128,P0009,2025-11-15,3,145.95,Paid
O003773,C0681,P0021,2025-11-15,1,117.78,Email
O003774,C0605,P0024,2025-11-15,2,213.94,Paid
O003775,C0557,P0029,2025-11-15,3,68.67,Paid
O003776,C0241,P0026,2025-11-15,3,53.58,Paid
O003777,C0073,P0032,2025-11-15,2,21.98,Paid
O003778,C0463,P0040,2025-11-15,3,105.9,Paid
O003779,C0728,P0035,2025-11-15,1,96.43,Paid
O003780,C0708,P0004,2025-11-15,3,353.1,Paid
O003781,C0706,P0006,2025-11-15,3,477.6,Email
O003782,C0577,P0005,2025-11-15,3,529.65,Organic
O003783,C0631,P0012,2025-11-15,2,79.86,Paid
O003784,C0215,P0014,2025-11-15,3,184.29,Paid
O003785,C0661,P0015,2025-11-15,2,104.6,Paid
O003786,C0502,P0020,2025-11-15,3,338.19,Paid
O003787,C0720,P0022,2025-11-15,3,391.14,Paid
O003788,C0480,P0023,2025-11-15,2,250.92,Email
O003789,C0295,P0031,2025-11-15,1,29.85,Paid
O003790,C0119,P0035,2025-11-15,2,192.86,Paid
O003791,C0211,P0036,2025-11-15,3,85.59,Paid
O003792,C0300,P0038,2025-11-15,1,103.02,Paid
O003793,C0695,P0035,2025-11-15,3,289.29,Paid
O003794,C0406,P0008,2025-11-15,1,186.3,Email
O003795,C0009,P0003,2025-11-15,3,293.91,Organic
O003796,C0790,P0001,2025-11-15,1,313.86,Paid
O003797,C0542,P0011,2025-11-15,3,131.46,Paid
O003798,C0252,P0031,2025-11-15,3,89.55,Paid
O003799,C0452,P0031,2025-11-15,1,29.85,Paid
O003800,C0179,P0032,2025-11-15,2,21.98,Paid
O003801,C0159,P0029,2025-11-15,3,68.67,Referral
O003802,C0582,P0037,2025-11-15,3,246.93,Email
O003803,C0100,P0034,2025-11-15,1,93.55,Paid
O003804,C0290,P0035,2025-11-15,2,192.86,Paid
O003805,C0574,P0036,2025-11-15,1,28.53,Paid
O003806,C0743,P0003,2025-11-16,1,97.97,Paid
O003807,C0378,P0009,2025-11-16,2,97.3,Paid
O003808,C0284,P0015,2025-11-16,2,104.6,Email
O003809,C0524,P0021,2025-11-16,3,353.34,Paid
O003810,C0559,P0021,2025-11-16,2,235.56,Paid
O003811,C0339,P0028,2025-11-16,1,22.72,Organic
O003812,C0673,P0027,2025-11-16,1,44.96,Organic
O003813,C0639,P0002,2025-11-16,2,449.32,Organic
O003814,C0629,P0001,2025-11-16,2,627.72,Organic
O003815,C0052,P0008,2025-11-16,2,372.6,Organic
O003816,C0423,P0016,2025-11-16,2,59.64,Organic
O003817,C0692,P0014,2025-11-16,1,61.43,Paid
O003818,C0578,P0010,2025-11-16,2,73.06,Paid
O003819,C0208,P0014,2025-11-16,2,122.86,Paid
O003820,C0126,P0012,2025-11-16,1,39.93,Paid
O003821,C0427,P0014,2025-11-16,1,61.43,Paid
O003822,C0323,P0024,2025-11-16,1,106.97,Paid
O003823,C0739,P0024,2025-11-16,2,213.94,Organic
O003824,C0282,P0024,2025-11-16,2,213.94,Referral
O003825,C0773,P0028,2025-11-16,2,45.44,Paid
O003826,C0016,P0034,2025-11-16,2,187.1,Email
O003827,C0672,P0034,2025-11-16,3,280.65,Paid
O003828,C0706,P0002,2025-11-16,1,224.66,Paid
O003829,C0669,P0015,2025-11-16,3,156.9,Paid
O003830,C0704,P0014,2025-11-16,2,122.86,Paid
O003831,C0166,P0016,2025-11-16,1,29.82,Paid
O003832,C0334,P0020,2025-11-16,2,225.46,Paid
O003833,C0025,P0018,2025-11-16,3,260.13,Paid
O003834,C0211,P0025,2025-11-16,1,46.06,Paid
O003835,C0668,P0027,2025-11-16,3,134.88,Paid
O003836,C0229,P0028,2025-11-16,2,45.44,Paid
O003837,C0661,P0028,2025-11-16,3,68.16,Paid
O003838,C0204,P0036,2025-11-16,3,85.59,Paid
O003839,C0567,P0035,2025-11-16,2,192.86,Paid
O003840,C0416,P0001,2025-11-16,2,627.72,Paid
O003841,C0101,P0001,2025-11-16,2,627.72,Paid
O003842,C0297,P0004,2025-11-16,2,235.4,Referral
O003843,C0634,P0015,2025-11-16,3,156.9,Paid
O003844,C0403,P0011,2025-11-16,1,43.82,Paid
O003845,C0029,P0010,2025-11-16,2,73.06,Paid
O003846,C0100,P0015,2025-11-16,2,104.6,Organic
O003847,C0290,P0016,2025-11-16,1,29.82,Email
O003848,C0730,P0021,2025-11-16,3,353.34,Paid
O003849,C0037,P0019,2025-11-16,1,79.59,Organic
O003850,C0634,P0020,2025-11-16,1,112.73,Referral
O003851,C0394,P0029,2025-11-16,2,45.78,Organic
O003852,C0037,P0029,2025-11-16,3,68.67,Paid
O003853,C0452,P0028,2025-11-16,2,45.44,Paid
O003854,C0492,P0026,2025-11-16,2,35.72,Paid
O003855,C0498,P0035,2025-11-16,1,96.43,Paid
O003856,C0089,P0035,2025-11-16,3,289.29,Paid
O003857,C0521,P0007,2025-11-17,1,61.98,Paid
O003858,C0723,P0002,2025-11-17,1,224.66,Paid
O003859,C0080,P0012,2025-11-17,1,39.93,Paid
O003860,C0280,P0011,2025-11-17,3,131.46,Paid
O003861,C0046,P0011,2025-11-17,1,43.82,Paid
O003862,C0123,P0014,2025-11-17,2,122.86,Paid
O003863,C0543,P0021,2025-11-17,2,235.56,Paid
O003864,C0118,P0026,2025-11-17,1,17.86,Paid
O003865,C0458,P0030,2025-11-17,2,32.02,Organic
O003866,C0041,P0025,2025-11-17,2,92.12,Paid
O003867,C0679,P0030,2025-11-17,1,16.01,Paid
O003868,C0098,P0036,2025-11-17,2,57.06,Paid
O003869,C0559,P0039,2025-11-17,3,56.34,Paid
O003870,C0503,P0037,2025-11-17,2,164.62,Paid
O003871,C0727,P0035,2025-11-17,2,192.86,Email
O003872,C0641,P0039,2025-11-17,1,18.78,Paid
O003873,C0363,P0033,2025-11-17,2,167.96,Paid
O003874,C0065,P0037,2025-11-17,3,246.93,Paid
O003875,C0777,P0002,2025-11-17,1,224.66,Organic
O003876,C0267,P0006,2025-11-17,1,159.2,Paid
O003877,C0612,P0020,2025-11-17,1,112.73,Organic
O003878,C0329,P0023,2025-11-17,2,250.92,Paid
O003879,C0417,P0030,2025-11-17,3,48.03,Referral
O003880,C0033,P0031,2025-11-17,1,29.85,Paid
O003881,C0241,P0032,2025-11-17,1,10.99,Referral
O003882,C0085,P0025,2025-11-17,3,138.18,Paid
O003883,C0796,P0038,2025-11-17,3,309.06,Organic
O003884,C0739,P0040,2025-11-17,3,105.9,Paid
O003885,C0672,P0037,2025-11-17,2,164.62,Paid
O003886,C0010,P0006,2025-11-17,1,159.2,Paid
O003887,C0565,P0007,2025-11-17,1,61.98,Paid
O003888,C0360,P0001,2025-11-17,3,941.58,Paid
O003889,C0631,P0009,2025-11-17,1,48.65,Paid
O003890,C0450,P0010,2025-11-17,3,109.59,Paid
O003891,C0162,P0022,2025-11-17,3,391.14,Paid
O003892,C0229,P0019,2025-11-17,1,79.59,Organic
O003893,C0579,P0024,2025-11-17,1,106.97,Organic
O003894,C0523,P0020,2025-11-17,1,112.73,Organic
O003895,C0162,P0023,2025-11-17,2,250.92,Paid
O003896,C0204,P0028,2025-11-17,3,68.16,Paid
O003897,C0032,P0030,2025-11-17,2,32.02,Paid
O003898,C0661,P0036,2025-11-17,1,28.53,Paid
O003899,C0209,P0006,2025-11-17,1,159.2,Paid
O003900,C0744,P0003,2025-11-17,2,195.94,Email
O003901,C0039,P0006,2025-11-17,2,318.4,Paid
O003902,C0227,P0001,2025-11-17,2,627.72,Paid
O003903,C0515,P0013,2025-11-17,2,86.52,Paid
O003904,C0645,P0020,2025-11-17,3,338.19,Organic
O003905,C0501,P0020,2025-11-17,3,338.19,Referral
O003906,C0555,P0029,2025-11-17,3,68.67,Email
O003907,C0340,P0029,2025-11-17,3,68.67,Paid
O003908,C0407,P0032,2025-11-17,2,21.98,Email
O003909,C0030,P0034,2025-11-17,3,280.65,Email
O003910,C0555,P0039,2025-11-17,2,37.56,Email
O003911,C0344,P0036,2025-11-17,1,28.53,Paid
O003912,C0800,P0014,2025-11-18,1,61.43,Paid
O003913,C0569,P0011,2025-11-18,1,43.82,Paid
O003914,C0127,P0009,2025-11-18,1,48.65,Paid
O003915,C0468,P0009,2025-11-18,2,97.3,Email
O003916,C0222,P0025,2025-11-18,1,46.06,Organic
O003917,C0094,P0032,2025-11-18,3,32.97,Organic
O003918,C0363,P0037,2025-11-18,2,164.62,Paid
O003919,C0378,P0036,2025-11-18,1,28.53,Organic
O003920,C0724,P0036,2025-11-18,1,28.53,Paid
O003921,C0267,P0001,2025-11-18,3,941.58,Referral
O003922,C0190,P0012,2025-11-18,3,119.79,Paid
O003923,C0576,P0013,2025-11-18,1,43.26,Organic
O003924,C0602,P0020,2025-11-18,1,112.73,Organic
O003925,C0491,P0030,2025-11-18,1,16.01,Paid
O003926,C0746,P0030,2025-11-18,3,48.03,Paid
O003927,C0282,P0030,2025-11-18,3,48.03,Organic
O003928,C0198,P0037,2025-11-18,1,82.31,Paid
O003929,C0230,P0003,2025-11-18,2,195.94,Paid
O003930,C0429,P0004,2025-11-18,1,117.7,Email
O003931,C0268,P0008,2025-11-18,3,558.9,Paid
O003932,C0102,P0013,2025-11-18,2,86.52,Organic
O003933,C0450,P0011,2025-11-18,2,87.64,Email
O003934,C0567,P0012,2025-11-18,1,39.93,Organic
O003935,C0579,P0020,2025-11-18,2,225.46,Paid
O003936,C0755,P0019,2025-11-18,3,238.77,Paid
O003937,C0326,P0027,2025-11-18,1,44.96,Organic
O003938,C0471,P0038,2025-11-18,1,103.02,Paid
O003939,C0294,P0003,2025-11-18,2,195.94,Referral
O003940,C0703,P0005,2025-11-18,3,529.65,Paid
O003941,C0608,P0014,2025-11-18,3,184.29,Organic
O003942,C0515,P0014,2025-11-18,3,184.29,Paid
O003943,C0101,P0016,2025-11-18,1,29.82,Paid
O003944,C0493,P0011,2025-11-18,2,87.64,Paid
O003945,C0722,P0009,2025-11-18,3,145.95,Paid
O003946,C0762,P0010,2025-11-18,2,73.06,Paid
O003947,C0581,P0017,2025-11-18,2,246.76,Paid
O003948,C0790,P0021,2025-11-18,3,353.34,Paid
O003949,C0469,P0023,2025-11-18,2,250.92,Organic
O003950,C0487,P0023,2025-11-18,3,376.38,Paid
O003951,C0581,P0020,2025-11-18,1,112.73,Paid
O003952,C0002,P0018,2025-11-18,3,260.13,Organic
O003953,C0493,P0025,2025-11-18,1,46.06,Paid
O003954,C0002,P0027,2025-11-18,3,134.88,Referral
O003955,C0498,P0029,2025-11-18,1,22.89,Referral
O003956,C0125,P0033,2025-11-18,3,251.94,Paid
O003957,C0551,P0037,2025-11-18,2,164.62,Email
O003958,C0414,P0004,2025-11-19,2,235.4,Email
O003959,C0203,P0003,2025-11-19,2,195.94,Email
O003960,C0440,P0002,2025-11-19,2,449.32,Paid
O003961,C0411,P0015,2025-11-19,1,52.3,Paid
O003962,C0188,P0022,2025-11-19,3,391.14,Referral
O003963,C0058,P0023,2025-11-19,1,125.46,Paid
O003964,C0657,P0029,2025-11-19,1,22.89,Paid
O003965,C0505,P0028,2025-11-19,1,22.72,Paid
O003966,C0123,P0028,2025-11-19,1,22.72,Organic
O003967,C0266,P0002,2025-11-19,2,449.32,Paid
O003968,C0639,P0003,2025-11-19,1,97.97,Paid
O003969,C0304,P0007,2025-11-19,1,61.98,Referral
O003970,C0019,P0015,2025-11-19,1,52.3,Paid
O003971,C0777,P0011,2025-11-19,1,43.82,Referral
O003972,C0494,P0012,2025-11-19,3,119.79,Paid
O003973,C0144,P0022,2025-11-19,2,260.76,Paid
O003974,C0683,P0024,2025-11-19,1,106.97,Referral
O003975,C0447,P0028,2025-11-19,1,22.72,Paid
O003976,C0602,P0025,2025-11-19,1,46.06,Paid
O003977,C0330,P0033,2025-11-19,2,167.96,Email
O003978,C0799,P0014,2025-11-19,3,184.29,Paid
O003979,C0166,P0013,2025-11-19,1,43.26,Paid
O003980,C0735,P0010,2025-11-19,1,36.53,Paid
O003981,C0192,P0010,2025-11-19,3,109.59,Paid
O003982,C0183,P0022,2025-11-19,2,260.76,Paid
O003983,C0119,P0018,2025-11-19,3,260.13,Paid
O003984,C0087,P0019,2025-11-19,1,79.59,Organic
O003985,C0183,P0017,2025-11-19,1,123.38,Paid
O003986,C0432,P0021,2025-11-19,3,353.34,Paid
O003987,C0229,P0035,2025-11-19,1,96.43,Paid
O003988,C0197,P0034,2025-11-19,1,93.55,Paid
O003989,C0375,P0004,2025-11-19,3,353.1,Paid
O003990,C0593,P0005,2025-11-19,3,529.65,Paid
O003991,C0396,P0001,2025-11-19,3,941.58,Organic
O003992,C0757,P0012,2025-11-19,1,39.93,Paid
O003993,C0252,P0013,2025-11-19,2,86.52,Paid
O003994,C0513,P0014,2025-11-19,3,184.29,Paid
O003995,C0693,P0020,2025-11-19,2,225.46,Paid
O003996,C0513,P0019,2025-11-19,2,159.18,Email
O003997,C0089,P0019,2025-11-19,1,79.59,Paid
O003998,C0117,P0020,2025-11-19,3,338.19,Paid
O003999,C0089,P0019,2025-11-19,3,238.77,Paid
O004000,C0053,P0023,2025-11-19,3,376.38,Paid
O004001,C0416,P0017,2025-11-19,3,370.14,Email
O004002,C0286,P0020,2025-11-19,2,225.46,Organic
O004003,C0798,P0028,2025-11-19,1,22.72,Email
O004004,C0108,P0037,2025-11-19,3,246.93,Paid
O004005,C0314,P0040,2025-11-19,1,35.3,Paid
O004006,C0149,P0038,2025-11-19,3,309.06,Referral
O004007,C0094,P0014,2025-11-20,1,61.43,Paid
O004008,C0458,P0030,2025-11-20,3,48.03,Paid
O004009,C0575,P0035,2025-11-20,1,96.43,Paid
O004010,C0033,P0008,2025-11-20,2,372.6,Paid
O004011,C0405,P0002,2025-11-20,3,673.98,Organic
O004012,C0578,P0014,2025-11-20,3,184.29,Paid
O004013,C0382,P0019,2025-11-20,1,79.59,Paid
O004014,C0190,P0023,2025-11-20,1,125.46,Paid
O004015,C0388,P0023,2025-11-20,2,250.92,Paid
O004016,C0274,P0023,2025-11-20,1,125.46,Paid
O004017,C0651,P0032,2025-11-20,3,32.97,Organic
O004018,C0170,P0030,2025-11-20,3,48.03,Paid
O004019,C0198,P0032,2025-11-20,1,10.99,Organic
O004020,C0756,P0035,2025-11-20,3,289.29,Paid
O004021,C0721,P0037,2025-11-20,3,246.93,Email
O004022,C0183,P0007,2025-11-20,2,123.96,Organic
O004023,C0464,P0014,2025-11-20,2,122.86,Organic
O004024,C0136,P0013,2025-11-20,3,129.78,Paid
O004025,C0502,P0028,2025-11-20,1,22.72,Paid
O004026,C0268,P0035,2025-11-20,3,289.29,Email
O004027,C0035,P0017,2025-11-20,3,370.14,Organic
O004028,C0609,P0029,2025-11-20,1,22.89,Paid
O004029,C0249,P0039,2025-11-20,2,37.56,Paid
O004030,C0730,P0033,2025-11-20,1,83.98,Paid
O004031,C0339,P0004,2025-11-21,2,235.4,Paid
O004032,C0454,P0003,2025-11-21,2,195.94,Paid
O004033,C0365,P0006,2025-11-21,1,159.2,Paid
O004034,C0260,P0004,2025-11-21,2,235.4,Paid
O004035,C0339,P0009,2025-11-21,2,97.3,Paid
O004036,C0260,P0020,2025-11-21,3,338.19,Paid
O004037,C0800,P0027,2025-11-21,2,89.92,Paid
O004038,C0673,P0032,2025-11-21,3,32.97,Paid
O004039,C0186,P0033,2025-11-21,3,251.94,Email
O004040,C0678,P0035,2025-11-21,2,192.86,Paid
O004041,C0644,P0007,2025-11-21,2,123.96,Email
O004042,C0095,P0005,2025-11-21,3,529.65,Paid
O004043,C0599,P0005,2025-11-21,1,176.55,Paid
O004044,C0243,P0009,2025-11-21,2,97.3,Organic
O004045,C0126,P0016,2025-11-21,1,29.82,Paid
O004046,C0692,P0009,2025-11-21,3,145.95,Email
O004047,C0016,P0024,2025-11-21,2,213.94,Paid
O004048,C0106,P0028,2025-11-21,1,22.72,Paid
O004049,C0003,P0025,2025-11-21,1,46.06,Email
O004050,C0079,P0030,2025-11-21,3,48.03,Paid
O004051,C0667,P0030,2025-11-21,3,48.03,Paid
O004052,C0671,P0033,2025-11-21,2,167.96,Paid
O004053,C0481,P0034,2025-11-21,2,187.1,Email
O004054,C0698,P0033,2025-11-21,2,167.96,Paid
O004055,C0116,P0040,2025-11-21,3,105.9,Paid
O004056,C0044,P0006,2025-11-21,1,159.2,Paid
O004057,C0120,P0006,2025-11-21,3,477.6,Paid
O004058,C0668,P0016,2025-11-21,1,29.82,Email
O004059,C0497,P0024,2025-11-21,3,320.91,Paid
O004060,C0663,P0019,2025-11-21,1,79.59,Email
O004061,C0425,P0021,2025-11-21,2,235.56,Referral
O004062,C0580,P0031,2025-11-21,2,59.7,Paid
O004063,C0464,P0031,2025-11-21,2,59.7,Paid
O004064,C0706,P0025,2025-11-21,1,46.06,Paid
O004065,C0527,P0025,2025-11-21,1,46.06,Paid
O004066,C0113,P0035,2025-11-21,1,96.43,Paid
O004067,C0112,P0040,2025-11-21,2,70.6,Paid
O004068,C0542,P0008,2025-11-21,2,372.6,Paid
O004069,C0394,P0002,2025-11-21,1,224.66,Paid
O004070,C0547,P0004,2025-11-21,3,353.1,Paid
O004071,C0159,P0016,2025-11-21,2,59.64,Paid
O004072,C0722,P0014,2025-11-21,3,184.29,Paid
O004073,C0287,P0011,2025-11-21,2,87.64,Organic
O004074,C0149,P0015,2025-11-21,3,156.9,Paid
O004075,C0664,P0014,2025-11-21,2,122.86,Email
O004076,C0702,P0019,2025-11-21,3,238.77,Paid
O004077,C0147,P0025,2025-11-21,1,46.06,Paid
O004078,C0394,P0033,2025-11-21,3,251.94,Paid
O004079,C0174,P0036,2025-11-21,1,28.53,Email
O004080,C0202,P0002,2025-11-22,1,224.66,Referral
O004081,C0164,P0004,2025-11-22,1,117.7,Paid
O004082,C0437,P0010,2025-11-22,2,73.06,Email
O004083,C0293,P0019,2025-11-22,2,159.18,Paid
O004084,C0618,P0019,2025-11-22,2,159.18,Paid
O004085,C0257,P0023,2025-11-22,1,125.46,Email
O004086,C0521,P0030,2025-11-22,3,48.03,Paid
O004087,C0365,P0025,2025-11-22,1,46.06,Paid
O004088,C0123,P0034,2025-11-22,3,280.65,Referral
O004089,C0594,P0036,2025-11-22,2,57.06,Paid
O004090,C0796,P0008,2025-11-22,3,558.9,Paid
O004091,C0796,P0007,2025-11-22,3,185.94,Paid
O004092,C0656,P0004,2025-11-22,1,117.7,Organic
O004093,C0746,P0004,2025-11-22,1,117.7,Organic
O004094,C0302,P0003,2025-11-22,2,195.94,Paid
O004095,C0382,P0012,2025-11-22,2,79.86,Paid
O004096,C0671,P0022,2025-11-22,3,391.14,Email
O004097,C0786,P0022,2025-11-22,2,260.76,Organic
O004098,C0552,P0023,2025-11-22,2,250.92,Paid
O004099,C0604,P0026,2025-11-22,2,35.72,Paid
O004100,C0003,P0032,2025-11-22,1,10.99,Paid
O004101,C0591,P0027,2025-11-22,2,89.92,Organic
O004102,C0793,P0036,2025-11-22,3,85.59,Paid
O004103,C0423,P0037,2025-11-22,2,164.62,Paid
O004104,C0478,P0010,2025-11-22,2,73.06,Email
O004105,C0230,P0017,2025-11-22,3,370.14,Referral
O004106,C0119,P0018,2025-11-22,1,86.71,Email
O004107,C0697,P0022,2025-11-22,2,260.76,Paid
O004108,C0650,P0026,2025-11-22,1,17.86,Paid
O004109,C0527,P0027,2025-11-22,1,44.96,Email
O004110,C0650,P0029,2025-11-22,2,45.78,Referral
O004111,C0580,P0026,2025-11-22,3,53.58,Paid
O004112,C0354,P0026,2025-11-22,3,53.58,Organic
O004113,C0471,P0029,2025-11-22,2,45.78,Organic
O004114,C0360,P0032,2025-11-22,2,21.98,Paid
O004115,C0225,P0039,2025-11-22,3,56.34,Email
O004116,C0233,P0007,2025-11-22,3,185.94,Paid
O004117,C0287,P0002,2025-11-22,2,449.32,Paid
O004118,C0790,P0005,2025-11-22,3,529.65,Paid
O004119,C0185,P0010,2025-11-22,3,109.59,Paid
O004120,C0020,P0014,2025-11-22,1,61.43,Paid
O004121,C0426,P0011,2025-11-22,3,131.46,Paid
O004122,C0150,P0010,2025-11-22,2,73.06,Organic
O004123,C0690,P0011,2025-11-22,3,131.46,Organic
O004124,C0290,P0019,2025-11-22,2,159.18,Paid
O004125,C0416,P0027,2025-11-22,2,89.92,Paid
O004126,C0513,P0032,2025-11-22,3,32.97,Organic
O004127,C0469,P0040,2025-11-22,2,70.6,Paid
O004128,C0294,P0039,2025-11-22,3,56.34,Paid
O004129,C0020,P0037,2025-11-22,3,246.93,Organic
O004130,C0029,P0035,2025-11-22,3,289.29,Paid
O004131,C0524,P0008,2025-11-23,2,372.6,Paid
O004132,C0768,P0004,2025-11-23,1,117.7,Paid
O004133,C0280,P0004,2025-11-23,2,235.4,Paid
O004134,C0013,P0014,2025-11-23,2,122.86,Paid
O004135,C0098,P0022,2025-11-23,2,260.76,Referral
O004136,C0723,P0023,2025-11-23,2,250.92,Paid
O004137,C0186,P0037,2025-11-23,3,246.93,Paid
O004138,C0683,P0005,2025-11-23,1,176.55,Paid
O004139,C0423,P0008,2025-11-23,1,186.3,Paid
O004140,C0304,P0012,2025-11-23,3,119.79,Organic
O004141,C0144,P0016,2025-11-23,2,59.64,Organic
O004142,C0510,P0016,2025-11-23,1,29.82,Paid
O004143,C0785,P0013,2025-11-23,1,43.26,Email
O004144,C0003,P0017,2025-11-23,3,370.14,Paid
O004145,C0566,P0017,2025-11-23,1,123.38,Organic
O004146,C0746,P0024,2025-11-23,2,213.94,Email
O004147,C0016,P0019,2025-11-23,2,159.18,Email
O004148,C0283,P0025,2025-11-23,1,46.06,Paid
O004149,C0106,P0040,2025-11-23,3,105.9,Paid
O004150,C0114,P0005,2025-11-23,3,529.65,Paid
O004151,C0400,P0007,2025-11-23,1,61.98,Paid
O004152,C0697,P0006,2025-11-23,1,159.2,Paid
O004153,C0666,P0015,2025-11-23,1,52.3,Paid
O004154,C0517,P0012,2025-11-23,2,79.86,Paid
O004155,C0668,P0011,2025-11-23,1,43.82,Paid
O004156,C0514,P0014,2025-11-23,1,61.43,Email
O004157,C0695,P0020,2025-11-23,1,112.73,Organic
O004158,C0567,P0022,2025-11-23,1,130.38,Referral
O004159,C0765,P0017,2025-11-23,3,370.14,Referral
O004160,C0620,P0032,2025-11-23,3,32.97,Organic
O004161,C0210,P0029,2025-11-23,1,22.89,Paid
O004162,C0023,P0038,2025-11-23,3,309.06,Paid
O004163,C0580,P0038,2025-11-23,1,103.02,Paid
O004164,C0695,P0037,2025-11-23,1,82.31,Paid
O004165,C0289,P0036,2025-11-23,1,28.53,Paid
O004166,C0287,P0006,2025-11-23,2,318.4,Organic
O004167,C0608,P0002,2025-11-23,3,673.98,Paid
O004168,C0069,P0002,2025-11-23,1,224.66,Paid
O004169,C0349,P0013,2025-11-23,1,43.26,Paid
O004170,C0059,P0010,2025-11-23,3,109.59,Paid
O004171,C0053,P0023,2025-11-23,1,125.46,Paid
O004172,C0525,P0021,2025-11-23,3,353.34,Organic
O004173,C0307,P0030,2025-11-23,3,48.03,Paid
O004174,C0730,P0027,2025-11-23,1,44.96,Paid
O004175,C0401,P0037,2025-11-23,1,82.31,Paid
O004176,C0029,P0033,2025-11-23,3,251.94,Paid
O004177,C0564,P0034,2025-11-23,2,187.1,Paid
O004178,C0776,P0039,2025-11-23,3,56.34,Paid
O004179,C0543,P0008,2025-11-24,2,372.6,Paid
O004180,C0741,P0017,2025-11-24,1,123.38,Paid
O004181,C0332,P0029,2025-11-24,2,45.78,Paid
O004182,C0127,P0030,2025-11-24,2,32.02,Email
O004183,C0255,P0038,2025-11-24,2,206.04,Paid
O004184,C0731,P0035,2025-11-24,1,96.43,Paid
O004185,C0446,P0038,2025-11-24,1,103.02,Paid
O004186,C0303,P0035,2025-11-24,1,96.43,Paid
O004187,C0325,P0040,2025-11-24,1,35.3,Referral
O004188,C0672,P0014,2025-11-24,1,61.43,Paid
O004189,C0709,P0009,2025-11-24,2,97.3,Referral
O004190,C0427,P0015,2025-11-24,3,156.9,Organic
O004191,C0494,P0023,2025-11-24,3,376.38,Paid
O004192,C0283,P0017,2025-11-24,3,370.14,Paid
O004193,C0642,P0024,2025-11-24,1,106.97,Paid
O004194,C0537,P0025,2025-11-24,3,138.18,Paid
O004195,C0323,P0026,2025-11-24,1,17.86,Organic
O004196,C0537,P0031,2025-11-24,3,89.55,Organic
O004197,C0728,P0040,2025-11-24,1,35.3,Organic
O004198,C0242,P0034,2025-11-24,2,187.1,Paid
O004199,C0642,P0035,2025-11-24,3,289.29,Paid
O004200,C0106,P0038,2025-11-24,1,103.02,Paid
O004201,C0206,P0004,2025-11-24,3,353.1,Paid
O004202,C0585,P0005,2025-11-24,1,176.55,Paid
O004203,C0075,P0010,2025-11-24,2,73.06,Paid
O004204,C0113,P0013,2025-11-24,2,86.52,Paid
O004205,C0288,P0011,2025-11-24,1,43.82,Paid
O004206,C0751,P0020,2025-11-24,2,225.46,Paid
O004207,C0661,P0023,2025-11-24,2,250.92,Paid
O004208,C0567,P0021,2025-11-24,3,353.34,Paid
O004209,C0229,P0022,2025-11-24,2,260.76,Paid
O004210,C0119,P0026,2025-11-24,3,53.58,Paid
O004211,C0755,P0025,2025-11-24,3,138.18,Paid
O004212,C0172,P0028,2025-11-24,3,68.16,Paid
O004213,C0148,P0030,2025-11-24,2,32.02,Paid
O004214,C0580,P0038,2025-11-24,2,206.04,Paid
O004215,C0289,P0036,2025-11-24,3,85.59,Paid
O004216,C0249,P0008,2025-11-24,2,372.6,Organic
O004217,C0340,P0006,2025-11-24,3,477.6,Email
O004218,C0597,P0001,2025-11-24,3,941.58,Paid
O004219,C0550,P0005,2025-11-24,1,176.55,Paid
O004220,C0686,P0002,2025-11-24,2,449.32,Paid
O004221,C0108,P0008,2025-11-24,2,372.6,Email
O004222,C0089,P0002,2025-11-24,1,224.66,Organic
O004223,C0404,P0014,2025-11-24,1,61.43,Email
O004224,C0626,P0018,2025-11-24,3,260.13,Paid
O004225,C0187,P0017,2025-11-24,3,370.14,Paid
O004226,C0362,P0027,2025-11-24,2,89.92,Paid
O004227,C0149,P0032,2025-11-24,2,21.98,Paid
O004228,C0056,P0033,2025-11-24,2,167.96,Paid
O004229,C0209,P0036,2025-11-24,2,57.06,Paid
O004230,C0305,P0038,2025-11-24,2,206.04,Paid
O004231,C0626,P0034,2025-11-24,1,93.55,Email
O004232,C0549,P0005,2025-11-25,2,353.1,Paid
O004233,C0556,P0004,2025-11-25,2,235.4,Referral
O004234,C0800,P0012,2025-11-25,3,119.79,Paid
O004235,C0795,P0022,2025-11-25,3,391.14,Paid
O004236,C0583,P0024,2025-11-25,3,320.91,Organic
O004237,C0118,P0022,2025-11-25,3,391.14,Paid
O004238,C0142,P0017,2025-11-25,1,123.38,Organic
O004239,C0662,P0029,2025-11-25,2,45.78,Paid
O004240,C0378,P0039,2025-11-25,1,18.78,Paid
O004241,C0731,P0034,2025-11-25,2,187.1,Paid
O004242,C0510,P0004,2025-11-25,3,353.1,Paid
O004243,C0739,P0001,2025-11-25,2,627.72,Paid
O004244,C0738,P0006,2025-11-25,1,159.2,Paid
O004245,C0753,P0007,2025-11-25,1,61.98,Email
O004246,C0016,P0002,2025-11-25,3,673.98,Paid
O004247,C0275,P0010,2025-11-25,2,73.06,Paid
O004248,C0241,P0020,2025-11-25,3,338.19,Email
O004249,C0076,P0020,2025-11-25,1,112.73,Paid
O004250,C0282,P0031,2025-11-25,2,59.7,Organic
O004251,C0128,P0029,2025-11-25,1,22.89,Paid
O004252,C0479,P0029,2025-11-25,1,22.89,Organic
O004253,C0323,P0034,2025-11-25,2,187.1,Email
O004254,C0034,P0033,2025-11-25,1,83.98,Email
O004255,C0316,P0007,2025-11-25,2,123.96,Paid
O004256,C0230,P0013,2025-11-25,2,86.52,Paid
O004257,C0607,P0010,2025-11-25,1,36.53,Paid
O004258,C0391,P0019,2025-11-25,2,159.18,Paid
O004259,C0113,P0021,2025-11-25,2,235.56,Email
O004260,C0354,P0032,2025-11-25,3,32.97,Paid
O004261,C0531,P0025,2025-11-25,2,92.12,Organic
O004262,C0413,P0034,2025-11-25,3,280.65,Paid
O004263,C0063,P0033,2025-11-25,2,167.96,Paid
O004264,C0744,P0001,2025-11-25,2,627.72,Paid
O004265,C0305,P0001,2025-11-25,1,313.86,Email
O004266,C0550,P0006,2025-11-25,1,159.2,Paid
O004267,C0791,P0008,2025-11-25,3,558.9,Paid
O004268,C0051,P0024,2025-11-25,2,213.94,Paid
O004269,C0030,P0023,2025-11-25,2,250.92,Email
O004270,C0550,P0017,2025-11-25,3,370.14,Paid
O004271,C0626,P0028,2025-11-25,1,22.72,Paid
O004272,C0403,P0025,2025-11-25,1,46.06,Paid
O004273,C0290,P0026,2025-11-25,1,17.86,Paid
O004274,C0690,P0027,2025-11-25,3,134.88,Paid
O004275,C0159,P0032,2025-11-25,2,21.98,Organic
O004276,C0209,P0030,2025-11-25,3,48.03,Email
O004277,C0493,P0038,2025-11-25,2,206.04,Paid
O004278,C0104,P0036,2025-11-25,2,57.06,Email
O004279,C0715,P0004,2025-11-26,2,235.4,Paid
O004280,C0724,P0005,2025-11-26,1,176.55,Organic
O004281,C0741,P0015,2025-11-26,1,52.3,Paid
O004282,C0186,P0016,2025-11-26,1,29.82,Organic
O004283,C0573,P0014,2025-11-26,3,184.29,Paid
O004284,C0448,P0019,2025-11-26,1,79.59,Organic
O004285,C0339,P0019,2025-11-26,2,159.18,Email
O004286,C0303,P0024,2025-11-26,1,106.97,Paid
O004287,C0046,P0017,2025-11-26,2,246.76,Email
O004288,C0673,P0029,2025-11-26,3,68.67,Paid
O004289,C0772,P0033,2025-11-26,3,251.94,Organic
O004290,C0046,P0038,2025-11-26,3,309.06,Email
O004291,C0292,P0036,2025-11-26,3,85.59,Paid
O004292,C0285,P0005,2025-11-26,1,176.55,Paid
O004293,C0231,P0010,2025-11-26,3,109.59,Paid
O004294,C0323,P0016,2025-11-26,2,59.64,Organic
O004295,C0052,P0016,2025-11-26,3,89.46,Email
O004296,C0409,P0013,2025-11-26,3,129.78,Paid
O004297,C0760,P0020,2025-11-26,3,338.19,Paid
O004298,C0639,P0018,2025-11-26,3,260.13,Paid
O004299,C0276,P0022,2025-11-26,3,391.14,Referral
O004300,C0695,P0005,2025-11-26,1,176.55,Paid
O004301,C0620,P0007,2025-11-26,1,61.98,Organic
O004302,C0288,P0014,2025-11-26,1,61.43,Paid
O004303,C0778,P0012,2025-11-26,2,79.86,Paid
O004304,C0210,P0023,2025-11-26,1,125.46,Organic
O004305,C0113,P0022,2025-11-26,1,130.38,Paid
O004306,C0580,P0025,2025-11-26,3,138.18,Paid
O004307,C0350,P0035,2025-11-26,3,289.29,Referral
O004308,C0439,P0039,2025-11-26,3,56.34,Paid
O004309,C0708,P0034,2025-11-26,2,187.1,Email
O004310,C0572,P0040,2025-11-26,1,35.3,Paid
O004311,C0562,P0002,2025-11-26,1,224.66,Paid
O004312,C0140,P0008,2025-11-26,2,372.6,Paid
O004313,C0104,P0003,2025-11-26,1,97.97,Paid
O004314,C0233,P0009,2025-11-26,3,145.95,Paid
O004315,C0513,P0010,2025-11-26,3,109.59,Paid
O004316,C0069,P0017,2025-11-26,2,246.76,Paid
O004317,C0582,P0020,2025-11-26,1,112.73,Paid
O004318,C0798,P0023,2025-11-26,1,125.46,Organic
O004319,C0791,P0024,2025-11-26,1,106.97,Paid
O004320,C0542,P0032,2025-11-26,2,21.98,Paid
O004321,C0744,P0034,2025-11-26,2,187.1,Organic
O004322,C0373,P0038,2025-11-26,1,103.02,Email
O004323,C0187,P0033,2025-11-26,2,167.96,Organic
O004324,C0159,P0035,2025-11-26,3,289.29,Organic
O004325,C0088,P0001,2025-11-27,3,941.58,Paid
O004326,C0673,P0002,2025-11-27,2,449.32,Email
O004327,C0734,P0003,2025-11-27,3,293.91,Paid
O004328,C0448,P0012,2025-11-27,3,119.79,Paid
O004329,C0139,P0012,2025-11-27,1,39.93,Paid
O004330,C0741,P0013,2025-11-27,3,129.78,Paid
O004331,C0519,P0016,2025-11-27,3,89.46,Paid
O004332,C0202,P0023,2025-11-27,3,376.38,Paid
O004333,C0600,P0023,2025-11-27,2,250.92,Paid
O004334,C0621,P0026,2025-11-27,3,53.58,Paid
O004335,C0731,P0028,2025-11-27,3,68.16,Paid
O004336,C0046,P0029,2025-11-27,3,68.67,Email
O004337,C0131,P0026,2025-11-27,1,17.86,Paid
O004338,C0131,P0038,2025-11-27,1,103.02,Organic
O004339,C0728,P0001,2025-11-27,3,941.58,Paid
O004340,C0231,P0015,2025-11-27,2,104.6,Paid
O004341,C0484,P0024,2025-11-27,1,106.97,Paid
O004342,C0566,P0017,2025-11-27,2,246.76,Paid
O004343,C0494,P0027,2025-11-27,3,134.88,Paid
O004344,C0383,P0038,2025-11-27,3,309.06,Paid
O004345,C0282,P0039,2025-11-27,3,56.34,Organic
O004346,C0073,P0037,2025-11-27,2,164.62,Organic
O004347,C0263,P0004,2025-11-27,3,353.1,Paid
O004348,C0650,P0017,2025-11-27,2,246.76,Organic
O004349,C0799,P0022,2025-11-27,3,391.14,Paid
O004350,C0496,P0024,2025-11-27,1,106.97,Organic
O004351,C0751,P0022,2025-11-27,2,260.76,Paid
O004352,C0351,P0026,2025-11-27,1,17.86,Paid
O004353,C0228,P0035,2025-11-27,2,192.86,Paid
O004354,C0238,P0033,2025-11-27,3,251.94,Paid
O004355,C0119,P0039,2025-11-27,2,37.56,Paid
O004356,C0168,P0001,2025-11-27,3,941.58,Paid
O004357,C0314,P0005,2025-11-27,1,176.55,Organic
O004358,C0364,P0009,2025-11-27,3,145.95,Paid
O004359,C0367,P0014,2025-11-27,2,122.86,Paid
O004360,C0690,P0013,2025-11-27,1,43.26,Referral
O004361,C0686,P0011,2025-11-27,3,131.46,Paid
O004362,C0563,P0021,2025-11-27,2,235.56,Paid
O004363,C0397,P0020,2025-11-27,2,225.46,Email
O004364,C0125,P0017,2025-11-27,2,246.76,Email
O004365,C0722,P0019,2025-11-27,3,238.77,Organic
O004366,C0593,P0024,2025-11-27,3,320.91,Paid
O004367,C0582,P0024,2025-11-27,1,106.97,Paid
O004368,C0297,P0026,2025-11-27,1,17.86,Paid
O004369,C0310,P0036,2025-11-27,3,85.59,Organic
O004370,C0307,P0040,2025-11-27,1,35.3,Paid
O004371,C0589,P0008,2025-11-28,1,186.3,Referral
O004372,C0575,P0001,2025-11-28,3,941.58,Email
O004373,C0118,P0002,2025-11-28,1,224.66,Paid
O004374,C0202,P0010,2025-11-28,1,36.53,Paid
O004375,C0284,P0022,2025-11-28,3,391.14,Paid
O004376,C0155,P0024,2025-11-28,3,320.91,Paid
O004377,C0299,P0029,2025-11-28,1,22.89,Referral
O004378,C0435,P0032,2025-11-28,3,32.97,Paid
O004379,C0074,P0030,2025-11-28,1,16.01,Paid
O004380,C0175,P0037,2025-11-28,2,164.62,Paid
O004381,C0591,P0007,2025-11-28,1,61.98,Paid
O004382,C0566,P0016,2025-11-28,1,29.82,Referral
O004383,C0226,P0014,2025-11-28,1,61.43,Email
O004384,C0285,P0012,2025-11-28,3,119.79,Paid
O004385,C0205,P0009,2025-11-28,3,145.95,Paid
O004386,C0671,P0018,2025-11-28,3,260.13,Paid
O004387,C0329,P0024,2025-11-28,2,213.94,Organic
O004388,C0604,P0025,2025-11-28,3,138.18,Paid
O004389,C0267,P0030,2025-11-28,2,32.02,Paid
O004390,C0644,P0034,2025-11-28,1,93.55,Paid
O004391,C0685,P0036,2025-11-28,3,85.59,Paid
O004392,C0445,P0002,2025-11-28,1,224.66,Paid
O004393,C0713,P0003,2025-11-28,1,97.97,Paid
O004394,C0197,P0014,2025-11-28,3,184.29,Paid
O004395,C0350,P0010,2025-11-28,3,109.59,Organic
O004396,C0084,P0017,2025-11-28,3,370.14,Paid
O004397,C0042,P0027,2025-11-28,3,134.88,Paid
O004398,C0400,P0027,2025-11-28,1,44.96,Paid
O004399,C0114,P0034,2025-11-28,2,187.1,Paid
O004400,C0113,P0040,2025-11-28,3,105.9,Paid
O004401,C0593,P0001,2025-11-28,3,941.58,Paid
O004402,C0407,P0008,2025-11-28,2,372.6,Organic
O004403,C0608,P0014,2025-11-28,2,122.86,Email
O004404,C0560,P0014,2025-11-28,1,61.43,Organic
O004405,C0159,P0012,2025-11-28,3,119.79,Paid
O004406,C0056,P0013,2025-11-28,3,129.78,Paid
O004407,C0030,P0010,2025-11-28,2,73.06,Referral
O004408,C0606,P0020,2025-11-28,3,338.19,Paid
O004409,C0301,P0017,2025-11-28,1,123.38,Paid
O004410,C0056,P0021,2025-11-28,3,353.34,Referral
O004411,C0117,P0025,2025-11-28,2,92.12,Paid
O004412,C0501,P0039,2025-11-28,2,37.56,Paid
O004413,C0185,P0035,2025-11-28,1,96.43,Email
O004414,C0140,P0036,2025-11-28,1,28.53,Paid
O004415,C0482,P0005,2025-11-29,2,353.1,Email
O004416,C0482,P0008,2025-11-29,2,372.6,Referral
O004417,C0435,P0002,2025-11-29,3,673.98,Paid
O004418,C0027,P0007,2025-11-29,3,185.94,Paid
O004419,C0123,P0004,2025-11-29,1,117.7,Paid
O004420,C0317,P0014,2025-11-29,2,122.86,Paid
O004421,C0064,P0012,2025-11-29,3,119.79,Organic
O004422,C0094,P0020,2025-11-29,3,338.19,Paid
O004423,C0621,P0020,2025-11-29,3,338.19,Paid
O004424,C0099,P0022,2025-11-29,1,130.38,Paid
O004425,C0800,P0020,2025-11-29,1,112.73,Organic
O004426,C0011,P0025,2025-11-29,3,138.18,Paid
O004427,C0724,P0027,2025-11-29,3,134.88,Paid
O004428,C0473,P0031,2025-11-29,3,89.55,Paid
O004429,C0317,P0038,2025-11-29,2,206.04,Paid
O004430,C0505,P0037,2025-11-29,1,82.31,Paid
O004431,C0041,P0034,2025-11-29,3,280.65,Paid
O004432,C0285,P0003,2025-11-29,2,195.94,Paid
O004433,C0651,P0001,2025-11-29,1,313.86,Paid
O004434,C0748,P0008,2025-11-29,1,186.3,Paid
O004435,C0079,P0010,2025-11-29,3,109.59,Paid
O004436,C0709,P0010,2025-11-29,3,109.59,Organic
O004437,C0285,P0016,2025-11-29,1,29.82,Organic
O004438,C0605,P0016,2025-11-29,1,29.82,Organic
O004439,C0605,P0019,2025-11-29,1,79.59,Paid
O004440,C0786,P0017,2025-11-29,1,123.38,Referral
O004441,C0330,P0024,2025-11-29,3,320.91,Paid
O004442,C0079,P0030,2025-11-29,1,16.01,Email
O004443,C0240,P0026,2025-11-29,2,35.72,Paid
O004444,C0758,P0037,2025-11-29,3,246.93,Paid
O004445,C0537,P0034,2025-11-29,2,187.1,Paid
O004446,C0566,P0036,2025-11-29,2,57.06,Paid
O004447,C0263,P0016,2025-11-29,2,59.64,Paid
O004448,C0078,P0022,2025-11-29,2,260.76,Paid
O004449,C0799,P0021,2025-11-29,2,235.56,Email
O004450,C0661,P0023,2025-11-29,3,376.38,Paid
O004451,C0464,P0021,2025-11-29,1,117.78,Paid
O004452,C0148,P0017,2025-11-29,2,246.76,Paid
O004453,C0480,P0031,2025-11-29,1,29.85,Organic
O004454,C0230,P0029,2025-11-29,2,45.78,Paid
O004455,C0650,P0040,2025-11-29,2,70.6,Email
O004456,C0156,P0036,2025-11-29,3,85.59,Paid
O004457,C0792,P0039,2025-11-29,2,37.56,Paid
O004458,C0300,P0036,2025-11-29,2,57.06,Paid
O004459,C0551,P0006,2025-11-29,3,477.6,Paid
O004460,C0403,P0008,2025-11-29,1,186.3,Organic
O004461,C0608,P0004,2025-11-29,1,117.7,Email
O004462,C0499,P0022,2025-11-29,3,391.14,Paid
O004463,C0729,P0018,2025-11-29,2,173.42,Paid
O004464,C0344,P0023,2025-11-29,1,125.46,Paid
O004465,C0367,P0020,2025-11-29,3,338.19,Paid
O004466,C0441,P0024,2025-11-29,1,106.97,Organic
O004467,C0234,P0018,2025-11-29,3,260.13,Paid
O004468,C0563,P0029,2025-11-29,2,45.78,Paid
O004469,C0781,P0025,2025-11-29,3,138.18,Paid
O004470,C0603,P0029,2025-11-29,2,45.78,Paid
O004471,C0247,P0027,2025-11-29,1,44.96,Paid
O004472,C0362,P0028,2025-11-29,3,68.16,Organic
O004473,C0564,P0030,2025-11-29,1,16.01,Paid
O004474,C0550,P0034,2025-11-29,2,187.1,Paid
O004475,C0744,P0038,2025-11-29,1,103.02,Referral
O004476,C0690,P0040,2025-11-29,1,35.3,Organic
O004477,C0781,P0038,2025-11-29,1,103.02,Paid
O004478,C0348,P0001,2025-11-30,2,627.72,Paid
O004479,C0363,P0016,2025-11-30,3,89.46,Paid
O004480,C0583,P0011,2025-11-30,2,87.64,Paid
O004481,C0411,P0024,2025-11-30,1,106.97,Paid
O004482,C0483,P0021,2025-11-30,2,235.56,Paid
O004483,C0099,P0021,2025-11-30,3,353.34,Paid
O004484,C0155,P0026,2025-11-30,3,53.58,Paid
O004485,C0749,P0028,2025-11-30,3,68.16,Paid
O004486,C0421,P0038,2025-11-30,2,206.04,Paid
O004487,C0519,P0039,2025-11-30,3,56.34,Paid
O004488,C0739,P0008,2025-11-30,2,372.6,Paid
O004489,C0667,P0006,2025-11-30,3,477.6,Paid
O004490,C0667,P0006,2025-11-30,3,477.6,Organic
O004491,C0796,P0012,2025-11-30,2,79.86,Organic
O004492,C0748,P0010,2025-11-30,3,109.59,Paid
O004493,C0557,P0011,2025-11-30,2,87.64,Paid
O004494,C0773,P0018,2025-11-30,3,260.13,Paid
O004495,C0760,P0017,2025-11-30,1,123.38,Paid
O004496,C0382,P0021,2025-11-30,3,353.34,Organic
O004497,C0494,P0023,2025-11-30,2,250.92,Organic
O004498,C0796,P0033,2025-11-30,3,251.94,Paid
O004499,C0737,P0033,2025-11-30,1,83.98,Paid
O004500,C0494,P0038,2025-11-30,3,309.06,Organic
O004501,C0370,P0038,2025-11-30,3,309.06,Paid
O004502,C0044,P0001,2025-11-30,2,627.72,Referral
O004503,C0429,P0008,2025-11-30,3,558.9,Paid
O004504,C0456,P0005,2025-11-30,1,176.55,Paid
O004505,C0413,P0001,2025-11-30,2,627.72,Email
O004506,C0077,P0015,2025-11-30,3,156.9,Paid
O004507,C0689,P0015,2025-11-30,1,52.3,Paid
O004508,C0567,P0020,2025-11-30,3,338.19,Paid
O004509,C0032,P0024,2025-11-30,2,213.94,Organic
O004510,C0063,P0021,2025-11-30,3,353.34,Paid
O004511,C0183,P0021,2025-11-30,3,353.34,Paid
O004512,C0669,P0018,2025-11-30,3,260.13,Paid
O004513,C0268,P0017,2025-11-30,2,246.76,Paid
O004514,C0558,P0027,2025-11-30,3,134.88,Paid
O004515,C0289,P0037,2025-11-30,3,246.93,Paid
O004516,C0151,P0037,2025-11-30,3,246.93,Referral
O004517,C0008,P0039,2025-11-30,1,18.78,Paid
O004518,C0174,P0004,2025-11-30,1,117.7,Paid
O004519,C0790,P0003,2025-11-30,2,195.94,Paid
O004520,C0053,P0007,2025-11-30,1,61.98,Email
O004521,C0562,P0016,2025-11-30,2,59.64,Paid
O004522,C0790,P0024,2025-11-30,3,320.91,Referral
O004523,C0373,P0024,2025-11-30,2,213.94,Organic
O004524,C0125,P0024,2025-11-30,1,106.97,Organic
O004525,C0716,P0026,2025-11-30,1,17.86,Paid
O004526,C0396,P0033,2025-11-30,3,251.94,Paid
O004527,C0168,P0035,2025-11-30,3,289.29,Paid
O004528,C0414,P0002,2025-12-01,1,224.66,Paid
O004529,C0505,P0011,2025-12-01,2,87.64,Email
O004530,C0146,P0019,2025-12-01,3,238.77,Paid
O004531,C0064,P0019,2025-12-01,3,238.77,Paid
O004532,C0260,P0020,2025-12-01,1,112.73,Paid
O004533,C0299,P0024,2025-12-01,1,106.97,Paid
O004534,C0742,P0017,2025-12-01,1,123.38,Paid
O004535,C0575,P0019,2025-12-01,1,79.59,Paid
O004536,C0127,P0027,2025-12-01,1,44.96,Email
O004537,C0341,P0029,2025-12-01,1,22.89,Referral
O004538,C0260,P0036,2025-12-01,2,57.06,Paid
O004539,C0544,P0039,2025-12-01,1,18.78,Paid
O004540,C0376,P0007,2025-12-01,1,61.98,Referral
O004541,C0789,P0007,2025-12-01,1,61.98,Organic
O004542,C0537,P0005,2025-12-01,3,529.65,Paid
O004543,C0274,P0015,2025-12-01,2,104.6,Paid
O004544,C0267,P0016,2025-12-01,3,89.46,Paid
O004545,C0728,P0009,2025-12-01,3,145.95,Paid
O004546,C0265,P0015,2025-12-01,3,156.9,Paid
O004547,C0488,P0032,2025-12-01,2,21.98,Email
O004548,C0510,P0039,2025-12-01,3,56.34,Referral
O004549,C0683,P0040,2025-12-01,2,70.6,Email
O004550,C0755,P0002,2025-12-01,2,449.32,Paid
O004551,C0036,P0002,2025-12-01,2,449.32,Paid
O004552,C0032,P0009,2025-12-01,1,48.65,Paid
O004553,C0300,P0011,2025-12-01,3,131.46,Paid
O004554,C0530,P0011,2025-12-01,2,87.64,Email
O004555,C0084,P0013,2025-12-01,2,86.52,Paid
O004556,C0480,P0020,2025-12-01,1,112.73,Paid
O004557,C0054,P0018,2025-12-01,2,173.42,Paid
O004558,C0770,P0019,2025-12-01,1,79.59,Organic
O004559,C0153,P0030,2025-12-01,2,32.02,Paid
O004560,C0263,P0031,2025-12-01,1,29.85,Paid
O004561,C0063,P0028,2025-12-01,2,45.44,Organic
O004562,C0661,P0027,2025-12-01,2,89.92,Paid
O004563,C0478,P0035,2025-12-01,2,192.86,Paid
O004564,C0125,P0008,2025-12-01,3,558.9,Paid
O004565,C0159,P0009,2025-12-01,3,145.95,Paid
O004566,C0290,P0011,2025-12-01,2,87.64,Paid
O004567,C0234,P0022,2025-12-01,2,260.76,Paid
O004568,C0500,P0026,2025-12-01,3,53.58,Paid
O004569,C0662,P0008,2025-12-02,2,372.6,Paid
O004570,C0292,P0001,2025-12-02,3,941.58,Email
O004571,C0139,P0003,2025-12-02,3,293.91,Paid
O004572,C0049,P0015,2025-12-02,1,52.3,Email
O004573,C0363,P0011,2025-12-02,1,43.82,Paid
O004574,C0049,P0018,2025-12-02,2,173.42,Paid
O004575,C0107,P0018,2025-12-02,2,173.42,Paid
O004576,C0332,P0031,2025-12-02,2,59.7,Paid
O004577,C0049,P0030,2025-12-02,1,16.01,Paid
O004578,C0573,P0033,2025-12-02,3,251.94,Paid
O004579,C0127,P0036,2025-12-02,2,57.06,Paid
O004580,C0510,P0009,2025-12-02,2,97.3,Organic
O004581,C0786,P0016,2025-12-02,3,89.46,Paid
O004582,C0405,P0023,2025-12-02,1,125.46,Paid
O004583,C0769,P0020,2025-12-02,1,112.73,Paid
O004584,C0659,P0017,2025-12-02,3,370.14,Paid
O004585,C0685,P0026,2025-12-02,3,53.58,Email
O004586,C0663,P0013,2025-12-02,3,129.78,Paid
O004587,C0377,P0012,2025-12-02,2,79.86,Paid
O004588,C0708,P0020,2025-12-02,2,225.46,Paid
O004589,C0666,P0029,2025-12-02,1,22.89,Paid
O004590,C0112,P0040,2025-12-02,1,35.3,Paid
O004591,C0695,P0035,2025-12-02,2,192.86,Paid
O004592,C0406,P0004,2025-12-02,3,353.1,Paid
O004593,C0452,P0004,2025-12-02,3,353.1,Paid
O004594,C0134,P0001,2025-12-02,2,627.72,Organic
O004595,C0609,P0007,2025-12-02,2,123.96,Paid
O004596,C0386,P0008,2025-12-02,1,186.3,Paid
O004597,C0430,P0002,2025-12-02,2,449.32,Paid
O004598,C0373,P0010,2025-12-02,1,36.53,Paid
O004599,C0287,P0013,2025-12-02,3,129.78,Organic
O004600,C0501,P0009,2025-12-02,2,97.3,Paid
O004601,C0397,P0009,2025-12-02,2,97.3,Paid
O004602,C0301,P0020,2025-12-02,1,112.73,Paid
O004603,C0273,P0022,2025-12-02,1,130.38,Paid
O004604,C0053,P0023,2025-12-02,1,125.46,Email
O004605,C0562,P0030,2025-12-02,2,32.02,Paid
O004606,C0362,P0030,2025-12-02,1,16.01,Organic
O004607,C0561,P0033,2025-12-02,2,167.96,Paid
O004608,C0798,P0038,2025-12-02,1,103.02,Organic
O004609,C0473,P0014,2025-12-03,1,61.43,Paid
O004610,C0099,P0013,2025-12-03,2,86.52,Organic
O004611,C0164,P0009,2025-12-03,3,145.95,Paid
O004612,C0080,P0017,2025-12-03,2,246.76,Paid
O004613,C0164,P0035,2025-12-03,1,96.43,Paid
O004614,C0443,P0035,2025-12-03,2,192.86,Referral
O004615,C0074,P0033,2025-12-03,3,251.94,Paid
O004616,C0427,P0005,2025-12-03,1,176.55,Paid
O004617,C0789,P0002,2025-12-03,1,224.66,Paid
O004618,C0616,P0008,2025-12-03,2,372.6,Paid
O004619,C0494,P0011,2025-12-03,2,87.64,Organic
O004620,C0382,P0010,2025-12-03,3,109.59,Paid
O004621,C0764,P0015,2025-12-03,3,156.9,Paid
O004622,C0028,P0022,2025-12-03,2,260.76,Referral
O004623,C0494,P0019,2025-12-03,2,159.18,Paid
O004624,C0304,P0019,2025-12-03,3,238.77,Paid
O004625,C0423,P0023,2025-12-03,3,376.38,Paid
O004626,C0408,P0028,2025-12-03,3,68.16,Referral
O004627,C0320,P0030,2025-12-03,3,48.03,Paid
O004628,C0283,P0036,2025-12-03,1,28.53,Organic
O004629,C0756,P0039,2025-12-03,3,56.34,Paid
O004630,C0728,P0038,2025-12-03,3,309.06,Paid
O004631,C0792,P0008,2025-12-03,1,186.3,Paid
O004632,C0607,P0008,2025-12-03,1,186.3,Organic
O004633,C0607,P0001,2025-12-03,1,313.86,Referral
O004634,C0502,P0018,2025-12-03,1,86.71,Paid
O004635,C0424,P0032,2025-12-03,1,10.99,Paid
O004636,C0112,P0028,2025-12-03,1,22.72,Paid
O004637,C0697,P0029,2025-12-03,2,45.78,Paid
O004638,C0077,P0038,2025-12-03,1,103.02,Paid
O004639,C0289,P0037,2025-12-03,1,82.31,Email
O004640,C0051,P0003,2025-12-03,2,195.94,Paid
O004641,C0730,P0008,2025-12-03,3,558.9,Paid
O004642,C0349,P0012,2025-12-03,3,119.79,Email
O004643,C0340,P0015,2025-12-03,1,52.3,Organic
O004644,C0349,P0012,2025-12-03,2,79.86,Paid
O004645,C0428,P0018,2025-12-03,2,173.42,Referral
O004646,C0745,P0025,2025-12-03,3,138.18,Paid
O004647,C0209,P0027,2025-12-03,1,44.96,Paid
O004648,C0305,P0026,2025-12-03,3,53.58,Paid
O004649,C0385,P0039,2025-12-03,3,56.34,Organic
O004650,C0544,P0006,2025-12-04,3,477.6,Referral
O004651,C0332,P0008,2025-12-04,2,372.6,Paid
O004652,C0508,P0010,2025-12-04,3,109.59,Email
O004653,C0202,P0028,2025-12-04,1,22.72,Organic
O004654,C0088,P0031,2025-12-04,3,89.55,Email
O004655,C0212,P0031,2025-12-04,2,59.7,Paid
O004656,C0684,P0034,2025-12-04,3,280.65,Organic
O004657,C0724,P0034,2025-12-04,2,187.1,Email
O004658,C0652,P0003,2025-12-04,1,97.97,Organic
O004659,C0048,P0008,2025-12-04,2,372.6,Paid
O004660,C0144,P0001,2025-12-04,1,313.86,Organic
O004661,C0780,P0017,2025-12-04,3,370.14,Organic
O004662,C0126,P0024,2025-12-04,3,320.91,Paid
O004663,C0680,P0019,2025-12-04,1,79.59,Email
O004664,C0590,P0028,2025-12-04,3,68.16,Organic
O004665,C0463,P0031,2025-12-04,1,29.85,Paid
O004666,C0546,P0030,2025-12-04,3,48.03,Paid
O004667,C0417,P0039,2025-12-04,3,56.34,Paid
O004668,C0126,P0040,2025-12-04,1,35.3,Organic
O004669,C0599,P0033,2025-12-04,1,83.98,Paid
O004670,C0706,P0002,2025-12-04,1,224.66,Paid
O004671,C0350,P0005,2025-12-04,3,529.65,Email
O004672,C0450,P0001,2025-12-04,2,627.72,Paid
O004673,C0530,P0011,2025-12-04,2,87.64,Paid
O004674,C0531,P0022,2025-12-04,3,391.14,Paid
O004675,C0661,P0023,2025-12-04,2,250.92,Paid
O004676,C0636,P0022,2025-12-04,1,130.38,Referral
O004677,C0531,P0028,2025-12-04,3,68.16,Email
O004678,C0391,P0029,2025-12-04,3,68.67,Paid
O004679,C0360,P0025,2025-12-04,1,46.06,Paid
O004680,C0607,P0032,2025-12-04,3,32.97,Paid
O004681,C0256,P0034,2025-12-04,3,280.65,Paid
O004682,C0287,P0002,2025-12-04,2,449.32,Paid
O004683,C0247,P0006,2025-12-04,2,318.4,Paid
O004684,C0581,P0008,2025-12-04,3,558.9,Referral
O004685,C0140,P0010,2025-12-04,2,73.06,Paid
O004686,C0059,P0016,2025-12-04,2,59.64,Paid
O004687,C0551,P0020,2025-12-04,1,112.73,Paid
O004688,C0609,P0018,2025-12-04,1,86.71,Paid
O004689,C0089,P0029,2025-12-04,1,22.89,Email
O004690,C0134,P0034,2025-12-04,1,93.55,Paid
O004691,C0339,P0006,2025-12-05,2,318.4,Paid
O004692,C0348,P0011,2025-12-05,3,131.46,Email
O004693,C0468,P0012,2025-12-05,2,79.86,Paid
O004694,C0142,P0025,2025-12-05,1,46.06,Organic
O004695,C0013,P0026,2025-12-05,2,35.72,Paid
O004696,C0361,P0036,2025-12-05,3,85.59,Referral
O004697,C0524,P0037,2025-12-05,1,82.31,Paid
O004698,C0455,P0034,2025-12-05,1,93.55,Paid
O004699,C0797,P0040,2025-12-05,1,35.3,Email
O004700,C0578,P0006,2025-12-05,2,318.4,Referral
O004701,C0427,P0001,2025-12-05,3,941.58,Paid
O004702,C0329,P0004,2025-12-05,3,353.1,Paid
O004703,C0557,P0020,2025-12-05,1,112.73,Paid
O004704,C0420,P0017,2025-12-05,1,123.38,Paid
O004705,C0789,P0020,2025-12-05,3,338.19,Paid
O004706,C0052,P0030,2025-12-05,3,48.03,Email
O004707,C0557,P0028,2025-12-05,2,45.44,Paid
O004708,C0335,P0026,2025-12-05,1,17.86,Paid
O004709,C0342,P0025,2025-12-05,3,138.18,Email
O004710,C0388,P0027,2025-12-05,1,44.96,Organic
O004711,C0323,P0025,2025-12-05,3,138.18,Referral
O004712,C0387,P0025,2025-12-05,3,138.18,Paid
O004713,C0383,P0036,2025-12-05,2,57.06,Referral
O004714,C0642,P0033,2025-12-05,2,167.96,Referral
O004715,C0464,P0005,2025-12-05,1,176.55,Paid
O004716,C0354,P0006,2025-12-05,1,159.2,Organic
O004717,C0478,P0005,2025-12-05,1,176.55,Organic
O004718,C0313,P0013,2025-12-05,1,43.26,Paid
O004719,C0514,P0022,2025-12-05,2,260.76,Paid
O004720,C0767,P0017,2025-12-05,2,246.76,Paid
O004721,C0751,P0019,2025-12-05,2,159.18,Email
O004722,C0042,P0017,2025-12-05,3,370.14,Paid
O004723,C0151,P0022,2025-12-05,2,260.76,Paid
O004724,C0755,P0029,2025-12-05,1,22.89,Paid
O004725,C0025,P0026,2025-12-05,1,17.86,Organic
O004726,C0558,P0034,2025-12-05,1,93.55,Paid
O004727,C0349,P0005,2025-12-05,2,353.1,Referral
O004728,C0009,P0013,2025-12-05,1,43.26,Email
O004729,C0314,P0013,2025-12-05,1,43.26,Email
O004730,C0092,P0011,2025-12-05,1,43.82,Paid
O004731,C0597,P0012,2025-12-05,1,39.93,Organic
O004732,C0149,P0019,2025-12-05,2,159.18,Paid
O004733,C0234,P0038,2025-12-05,3,309.06,Email
O004734,C0551,P0035,2025-12-05,1,96.43,Paid
O004735,C0626,P0036,2025-12-05,2,57.06,Paid
O004736,C0648,P0005,2025-12-06,3,529.65,Paid
O004737,C0549,P0003,2025-12-06,3,293.91,Paid
O004738,C0654,P0014,2025-12-06,3,184.29,Paid
O004739,C0395,P0016,2025-12-06,3,89.46,Paid
O004740,C0255,P0014,2025-12-06,2,122.86,Organic
O004741,C0684,P0018,2025-12-06,3,260.13,Email
O004742,C0673,P0020,2025-12-06,3,338.19,Paid
O004743,C0332,P0018,2025-12-06,3,260.13,Paid
O004744,C0625,P0023,2025-12-06,2,250.92,Paid
O004745,C0361,P0026,2025-12-06,1,17.86,Paid
O004746,C0361,P0025,2025-12-06,2,92.12,Organic
O004747,C0524,P0032,2025-12-06,1,10.99,Paid
O004748,C0648,P0030,2025-12-06,1,16.01,Paid
O004749,C0355,P0040,2025-12-06,1,35.3,Paid
O004750,C0455,P0034,2025-12-06,3,280.65,Organic
O004751,C0625,P0035,2025-12-06,3,289.29,Paid
O004752,C0395,P0033,2025-12-06,1,83.98,Paid
O004753,C0188,P0034,2025-12-06,2,187.1,Paid
O004754,C0260,P0037,2025-12-06,3,246.93,Paid
O004755,C0275,P0006,2025-12-06,2,318.4,Paid
O004756,C0330,P0006,2025-12-06,1,159.2,Paid
O004757,C0721,P0004,2025-12-06,2,235.4,Paid
O004758,C0285,P0006,2025-12-06,1,159.2,Paid
O004759,C0381,P0006,2025-12-06,2,318.4,Paid
O004760,C0552,P0003,2025-12-06,1,97.97,Referral
O004761,C0510,P0014,2025-12-06,2,122.86,Paid
O004762,C0073,P0010,2025-12-06,3,109.59,Paid
O004763,C0639,P0010,2025-12-06,1,36.53,Paid
O004764,C0285,P0011,2025-12-06,2,87.64,Paid
O004765,C0073,P0015,2025-12-06,3,156.9,Paid
O004766,C0250,P0024,2025-12-06,3,320.91,Email
O004767,C0463,P0023,2025-12-06,3,376.38,Referral
O004768,C0680,P0018,2025-12-06,1,86.71,Paid
O004769,C0738,P0025,2025-12-06,2,92.12,Email
O004770,C0640,P0030,2025-12-06,2,32.02,Organic
O004771,C0629,P0025,2025-12-06,1,46.06,Paid
O004772,C0769,P0032,2025-12-06,3,32.97,Paid
O004773,C0785,P0034,2025-12-06,1,93.55,Paid
O004774,C0330,P0039,2025-12-06,3,56.34,Paid
O004775,C0489,P0036,2025-12-06,1,28.53,Paid
O004776,C0576,P0038,2025-12-06,3,309.06,Paid
O004777,C0114,P0006,2025-12-06,1,159.2,Paid
O004778,C0689,P0004,2025-12-06,1,117.7,Organic
O004779,C0432,P0013,2025-12-06,3,129.78,Referral
O004780,C0424,P0015,2025-12-06,2,104.6,Paid
O004781,C0792,P0009,2025-12-06,2,97.3,Paid
O004782,C0456,P0016,2025-12-06,2,59.64,Paid
O004783,C0462,P0016,2025-12-06,2,59.64,Paid
O004784,C0695,P0010,2025-12-06,1,36.53,Paid
O004785,C0326,P0016,2025-12-06,1,29.82,Organic
O004786,C0153,P0018,2025-12-06,2,173.42,Organic
O004787,C0708,P0023,2025-12-06,1,125.46,Paid
O004788,C0114,P0032,2025-12-06,3,32.97,Paid
O004789,C0220,P0025,2025-12-06,2,92.12,Paid
O004790,C0429,P0025,2025-12-06,1,46.06,Referral
O004791,C0647,P0027,2025-12-06,1,44.96,Paid
O004792,C0295,P0031,2025-12-06,2,59.7,Paid
O004793,C0706,P0032,2025-12-06,1,10.99,Paid
O004794,C0655,P0001,2025-12-06,2,627.72,Paid
O004795,C0396,P0003,2025-12-06,1,97.97,Paid
O004796,C0626,P0005,2025-12-06,2,353.1,Paid
O004797,C0249,P0004,2025-12-06,1,117.7,Paid
O004798,C0776,P0006,2025-12-06,2,318.4,Email
O004799,C0159,P0005,2025-12-06,1,176.55,Paid
O004800,C0174,P0014,2025-12-06,2,122.86,Organic
O004801,C0403,P0009,2025-12-06,2,97.3,Organic
O004802,C0404,P0011,2025-12-06,2,87.64,Paid
O004803,C0702,P0014,2025-12-06,2,122.86,Paid
O004804,C0301,P0012,2025-12-06,1,39.93,Paid
O004805,C0367,P0013,2025-12-06,2,86.52,Paid
O004806,C0147,P0020,2025-12-06,2,225.46,Email
O004807,C0404,P0024,2025-12-06,1,106.97,Paid
O004808,C0179,P0022,2025-12-06,1,130.38,Paid
O004809,C0690,P0019,2025-12-06,2,159.18,Paid
O004810,C0712,P0032,2025-12-06,3,32.97,Paid
O004811,C0035,P0031,2025-12-06,1,29.85,Paid
O004812,C0209,P0025,2025-12-06,3,138.18,Email
O004813,C0499,P0036,2025-12-06,2,57.06,Email
O004814,C0314,P0035,2025-12-06,3,289.29,Organic
O004815,C0163,P0033,2025-12-06,3,251.94,Organic
O004816,C0768,P0006,2025-12-07,1,159.2,Paid
O004817,C0473,P0014,2025-12-07,2,122.86,Organic
O004818,C0741,P0014,2025-12-07,3,184.29,Paid
O004819,C0797,P0018,2025-12-07,3,260.13,Email
O004820,C0589,P0023,2025-12-07,3,376.38,Email
O004821,C0772,P0025,2025-12-07,1,46.06,Paid
O004822,C0118,P0029,2025-12-07,1,22.89,Paid
O004823,C0411,P0039,2025-12-07,2,37.56,Paid
O004824,C0479,P0003,2025-12-07,2,195.94,Email
O004825,C0699,P0002,2025-12-07,3,673.98,Organic
O004826,C0685,P0008,2025-12-07,1,186.3,Email
O004827,C0719,P0014,2025-12-07,2,122.86,Paid
O004828,C0021,P0009,2025-12-07,3,145.95,Referral
O004829,C0304,P0019,2025-12-07,1,79.59,Email
O004830,C0622,P0030,2025-12-07,1,16.01,Paid
O004831,C0126,P0025,2025-12-07,1,46.06,Paid
O004832,C0330,P0031,2025-12-07,3,89.55,Paid
O004833,C0405,P0030,2025-12-07,2,32.02,Email
O004834,C0605,P0033,2025-12-07,1,83.98,Paid
O004835,C0599,P0036,2025-12-07,2,57.06,Paid
O004836,C0022,P0006,2025-12-07,3,477.6,Paid
O004837,C0718,P0003,2025-12-07,3,293.91,Referral
O004838,C0113,P0006,2025-12-07,1,159.2,Email
O004839,C0523,P0010,2025-12-07,2,73.06,Paid
O004840,C0585,P0010,2025-12-07,1,36.53,Referral
O004841,C0580,P0012,2025-12-07,1,39.93,Email
O004842,C0432,P0016,2025-12-07,3,89.46,Paid
O004843,C0577,P0019,2025-12-07,1,79.59,Paid
O004844,C0778,P0032,2025-12-07,1,10.99,Organic
O004845,C0637,P0030,2025-12-07,2,32.02,Paid
O004846,C0425,P0040,2025-12-07,3,105.9,Organic
O004847,C0136,P0038,2025-12-07,1,103.02,Email
O004848,C0289,P0034,2025-12-07,2,187.1,Paid
O004849,C0291,P0007,2025-12-07,3,185.94,Paid
O004850,C0551,P0006,2025-12-07,1,159.2,Email
O004851,C0693,P0012,2025-12-07,2,79.86,Paid
O004852,C0059,P0009,2025-12-07,1,48.65,Paid
O004853,C0294,P0019,2025-12-07,3,238.77,Paid
O004854,C0362,P0017,2025-12-07,1,123.38,Paid
O004855,C0294,P0023,2025-12-07,1,125.46,Organic
O004856,C0286,P0017,2025-12-07,1,123.38,Paid
O004857,C0020,P0023,2025-12-07,1,125.46,Organic
O004858,C0051,P0037,2025-12-07,2,164.62,Paid
O004859,C0258,P0034,2025-12-07,1,93.55,Paid
O004860,C0487,P0037,2025-12-07,1,82.31,Email
O004861,C0684,P0004,2025-12-08,2,235.4,Organic
O004862,C0269,P0023,2025-12-08,3,376.38,Organic
O004863,C0348,P0027,2025-12-08,1,44.96,Paid
O004864,C0641,P0031,2025-12-08,3,89.55,Paid
O004865,C0600,P0038,2025-12-08,3,309.06,Paid
O004866,C0177,P0037,2025-12-08,2,164.62,Email
O004867,C0680,P0002,2025-12-08,3,673.98,Paid
O004868,C0642,P0006,2025-12-08,3,477.6,Paid
O004869,C0612,P0032,2025-12-08,3,32.97,Organic
O004870,C0073,P0031,2025-12-08,2,59.7,Referral
O004871,C0409,P0036,2025-12-08,1,28.53,Paid
O004872,C0602,P0035,2025-12-08,3,289.29,Paid
O004873,C0488,P0036,2025-12-08,3,85.59,Paid
O004874,C0342,P0039,2025-12-08,2,37.56,Paid
O004875,C0335,P0037,2025-12-08,3,246.93,Paid
O004876,C0728,P0037,2025-12-08,1,82.31,Paid
O004877,C0204,P0012,2025-12-08,3,119.79,Organic
O004878,C0571,P0016,2025-12-08,3,89.46,Organic
O004879,C0585,P0036,2025-12-08,1,28.53,Paid
O004880,C0646,P0034,2025-12-08,1,93.55,Paid
O004881,C0386,P0002,2025-12-08,3,673.98,Paid
O004882,C0397,P0010,2025-12-08,1,36.53,Paid
O004883,C0218,P0010,2025-12-08,2,73.06,Paid
O004884,C0581,P0021,2025-12-08,2,235.56,Organic
O004885,C0286,P0022,2025-12-08,2,260.76,Organic
O004886,C0626,P0021,2025-12-08,3,353.34,Referral
O004887,C0633,P0022,2025-12-08,2,260.76,Email
O004888,C0287,P0031,2025-12-08,1,29.85,Paid
O004889,C0109,P0028,2025-12-08,1,22.72,Paid
O004890,C0744,P0025,2025-12-08,3,138.18,Email
O004891,C0603,P0033,2025-12-08,2,167.96,Paid
O004892,C0094,P0004,2025-12-09,3,353.1,Paid
O004893,C0212,P0002,2025-12-09,2,449.32,Paid
O004894,C0742,P0013,2025-12-09,1,43.26,Email
O004895,C0768,P0015,2025-12-09,2,104.6,Paid
O004896,C0455,P0017,2025-12-09,3,370.14,Organic
O004897,C0027,P0017,2025-12-09,3,370.14,Paid
O004898,C0278,P0022,2025-12-09,3,391.14,Email
O004899,C0435,P0029,2025-12-09,3,68.67,Referral
O004900,C0544,P0038,2025-12-09,2,206.04,Paid
O004901,C0473,P0039,2025-12-09,2,37.56,Email
O004902,C0625,P0038,2025-12-09,2,206.04,Paid
O004903,C0625,P0039,2025-12-09,2,37.56,Referral
O004904,C0644,P0001,2025-12-09,1,313.86,Paid
O004905,C0719,P0010,2025-12-09,1,36.53,Organic
O004906,C0033,P0015,2025-12-09,3,156.9,Paid
O004907,C0283,P0011,2025-12-09,3,131.46,Paid
O004908,C0276,P0020,2025-12-09,3,338.19,Paid
O004909,C0007,P0018,2025-12-09,2,173.42,Paid
O004910,C0612,P0017,2025-12-09,2,246.76,Paid
O004911,C0016,P0024,2025-12-09,2,213.94,Organic
O004912,C0073,P0032,2025-12-09,1,10.99,Paid
O004913,C0566,P0032,2025-12-09,1,10.99,Organic
O004914,C0329,P0029,2025-12-09,1,22.89,Paid
O004915,C0388,P0026,2025-12-09,2,35.72,Paid
O004916,C0490,P0035,2025-12-09,3,289.29,Paid
O004917,C0488,P0034,2025-12-09,2,187.1,Paid
O004918,C0405,P0039,2025-12-09,3,56.34,Paid
O004919,C0659,P0033,2025-12-09,1,83.98,Paid
O004920,C0462,P0004,2025-12-09,1,117.7,Paid
O004921,C0646,P0021,2025-12-09,1,117.78,Paid
O004922,C0078,P0035,2025-12-09,1,96.43,Paid
O004923,C0735,P0037,2025-12-09,1,82.31,Paid
O004924,C0665,P0007,2025-12-09,1,61.98,Paid
O004925,C0291,P0001,2025-12-09,1,313.86,Paid
O004926,C0247,P0012,2025-12-09,3,119.79,Organic
O004927,C0062,P0013,2025-12-09,3,129.78,Paid
O004928,C0108,P0019,2025-12-09,1,79.59,Paid
O004929,C0428,P0027,2025-12-09,2,89.92,Referral
O004930,C0252,P0027,2025-12-09,2,89.92,Organic
O004931,C0477,P0039,2025-12-09,3,56.34,Paid
O004932,C0305,P0033,2025-12-09,2,167.96,Paid
O004933,C0020,P0035,2025-12-09,1,96.43,Paid
O004934,C0665,P0040,2025-12-09,1,35.3,Paid
O004935,C0074,P0007,2025-12-10,3,185.94,Organic
O004936,C0202,P0006,2025-12-10,3,477.6,Paid
O004937,C0142,P0006,2025-12-10,1,159.2,Paid
O004938,C0175,P0005,2025-12-10,2,353.1,Organic
O004939,C0641,P0015,2025-12-10,3,156.9,Referral
O004940,C0458,P0015,2025-12-10,3,156.9,Referral
O004941,C0684,P0023,2025-12-10,2,250.92,Email
O004942,C0675,P0026,2025-12-10,3,53.58,Organic
O004943,C0446,P0030,2025-12-10,2,32.02,Paid
O004944,C0727,P0028,2025-12-10,1,22.72,Paid
O004945,C0409,P0004,2025-12-10,3,353.1,Email
O004946,C0786,P0008,2025-12-10,3,558.9,Paid
O004947,C0275,P0001,2025-12-10,1,313.86,Email
O004948,C0537,P0004,2025-12-10,3,353.1,Paid
O004949,C0358,P0012,2025-12-10,2,79.86,Paid
O004950,C0651,P0013,2025-12-10,1,43.26,Paid
O004951,C0685,P0023,2025-12-10,2,250.92,Paid
O004952,C0659,P0024,2025-12-10,2,213.94,Paid
O004953,C0265,P0019,2025-12-10,2,159.18,Paid
O004954,C0087,P0006,2025-12-10,2,318.4,Paid
O004955,C0239,P0009,2025-12-10,1,48.65,Paid
O004956,C0792,P0015,2025-12-10,1,52.3,Paid
O004957,C0638,P0011,2025-12-10,1,43.82,Paid
O004958,C0462,P0010,2025-12-10,2,73.06,Organic
O004959,C0324,P0013,2025-12-10,2,86.52,Paid
O004960,C0425,P0023,2025-12-10,2,250.92,Paid
O004961,C0162,P0026,2025-12-10,3,53.58,Paid
O004962,C0313,P0029,2025-12-10,3,68.67,Organic
O004963,C0517,P0026,2025-12-10,1,17.86,Organic
O004964,C0445,P0038,2025-12-10,2,206.04,Paid
O004965,C0078,P0039,2025-12-10,1,18.78,Paid
O004966,C0571,P0033,2025-12-10,2,167.96,Paid
O004967,C0162,P0039,2025-12-10,3,56.34,Paid
O004968,C0385,P0007,2025-12-10,1,61.98,Paid
O004969,C0068,P0008,2025-12-10,1,186.3,Paid
O004970,C0101,P0003,2025-12-10,3,293.91,Referral
O004971,C0150,P0003,2025-12-10,2,195.94,Paid
O004972,C0199,P0007,2025-12-10,3,185.94,Paid
O004973,C0305,P0014,2025-12-10,2,122.86,Organic
O004974,C0318,P0012,2025-12-10,2,79.86,Paid
O004975,C0185,P0019,2025-12-10,1,79.59,Paid
O004976,C0487,P0020,2025-12-10,1,112.73,Paid
O004977,C0312,P0017,2025-12-10,2,246.76,Organic
O004978,C0056,P0019,2025-12-10,2,159.18,Paid
O004979,C0499,P0030,2025-12-10,1,16.01,Paid
O004980,C0278,P0004,2025-12-11,1,117.7,Paid
O004981,C0378,P0006,2025-12-11,1,159.2,Email
O004982,C0470,P0002,2025-12-11,3,673.98,Organic
O004983,C0414,P0013,2025-12-11,3,129.78,Paid
O004984,C0594,P0018,2025-12-11,3,260.13,Paid
O004985,C0355,P0020,2025-12-11,2,225.46,Paid
O004986,C0684,P0023,2025-12-11,2,250.92,Paid
O004987,C0505,P0023,2025-12-11,1,125.46,Paid
O004988,C0741,P0028,2025-12-11,2,45.44,Paid
O004989,C0046,P0027,2025-12-11,1,44.96,Paid
O004990,C0139,P0039,2025-12-11,1,18.78,Paid
O004991,C0447,P0006,2025-12-11,2,318.4,Paid
O004992,C0106,P0007,2025-12-11,1,61.98,Referral
O004993,C0329,P0008,2025-12-11,2,372.6,Paid
O004994,C0409,P0007,2025-12-11,3,185.94,Paid
O004995,C0789,P0016,2025-12-11,2,59.64,Paid
O004996,C0329,P0012,2025-12-11,2,79.86,Paid
O004997,C0079,P0011,2025-12-11,3,131.46,Email
O004998,C0640,P0023,2025-12-11,1,125.46,Email
O004999,C0358,P0022,2025-12-11,3,391.14,Paid
O005000,C0433,P0030,2025-12-11,3,48.03,Paid
O005001,C0423,P0025,2025-12-11,1,46.06,Paid
O005002,C0747,P0025,2025-12-11,1,46.06,Paid
O005003,C0737,P0030,2025-12-11,1,16.01,Email
O005004,C0447,P0037,2025-12-11,2,164.62,Paid
O005005,C0335,P0038,2025-12-11,2,206.04,Paid
O005006,C0639,P0035,2025-12-11,1,96.43,Paid
O005007,C0225,P0014,2025-12-11,3,184.29,Paid
O005008,C0084,P0016,2025-12-11,1,29.82,Organic
O005009,C0530,P0017,2025-12-11,1,123.38,Paid
O005010,C0036,P0022,2025-12-11,3,391.14,Referral
O005011,C0288,P0027,2025-12-11,3,134.88,Paid
O005012,C0210,P0032,2025-12-11,3,32.97,Paid
O005013,C0102,P0025,2025-12-11,2,92.12,Paid
O005014,C0456,P0039,2025-12-11,3,56.34,Paid
O005015,C0148,P0033,2025-12-11,2,167.96,Paid
O005016,C0574,P0015,2025-12-11,2,104.6,Paid
O005017,C0101,P0014,2025-12-11,1,61.43,Paid
O005018,C0310,P0032,2025-12-11,1,10.99,Organic
O005019,C0619,P0034,2025-12-11,1,93.55,Referral
O005020,C0575,P0001,2025-12-12,1,313.86,Paid
O005021,C0024,P0001,2025-12-12,2,627.72,Paid
O005022,C0617,P0014,2025-12-12,1,61.43,Paid
O005023,C0173,P0014,2025-12-12,2,122.86,Paid
O005024,C0098,P0029,2025-12-12,3,68.67,Paid
O005025,C0212,P0039,2025-12-12,1,18.78,Organic
O005026,C0505,P0035,2025-12-12,1,96.43,Paid
O005027,C0739,P0005,2025-12-12,3,529.65,Paid
O005028,C0086,P0008,2025-12-12,3,558.9,Organic
O005029,C0488,P0007,2025-12-12,3,185.94,Paid
O005030,C0198,P0013,2025-12-12,1,43.26,Paid
O005031,C0085,P0013,2025-12-12,1,43.26,Paid
O005032,C0026,P0011,2025-12-12,2,87.64,Paid
O005033,C0302,P0010,2025-12-12,3,109.59,Email
O005034,C0085,P0015,2025-12-12,1,52.3,Paid
O005035,C0242,P0022,2025-12-12,1,130.38,Paid
O005036,C0106,P0017,2025-12-12,1,123.38,Organic
O005037,C0383,P0024,2025-12-12,2,213.94,Organic
O005038,C0484,P0027,2025-12-12,2,89.92,Paid
O005039,C0604,P0029,2025-12-12,3,68.67,Paid
O005040,C0758,P0036,2025-12-12,3,85.59,Paid
O005041,C0599,P0033,2025-12-12,3,251.94,Paid
O005042,C0523,P0001,2025-12-12,3,941.58,Paid
O005043,C0391,P0007,2025-12-12,2,123.96,Paid
O005044,C0778,P0008,2025-12-12,3,558.9,Paid
O005045,C0084,P0012,2025-12-12,2,79.86,Organic
O005046,C0445,P0009,2025-12-12,1,48.65,Paid
O005047,C0008,P0019,2025-12-12,1,79.59,Paid
O005048,C0393,P0021,2025-12-12,2,235.56,Paid
O005049,C0611,P0024,2025-12-12,3,320.91,Paid
O005050,C0770,P0018,2025-12-12,1,86.71,Paid
O005051,C0215,P0027,2025-12-12,2,89.92,Paid
O005052,C0471,P0034,2025-12-12,3,280.65,Paid
O005053,C0153,P0040,2025-12-12,1,35.3,Paid
O005054,C0367,P0004,2025-12-12,2,235.4,Paid
O005055,C0593,P0024,2025-12-12,2,213.94,Email
O005056,C0294,P0018,2025-12-12,1,86.71,Paid
O005057,C0608,P0021,2025-12-12,3,353.34,Paid
O005058,C0550,P0031,2025-12-12,3,89.55,Paid
O005059,C0406,P0028,2025-12-12,2,45.44,Paid
O005060,C0482,P0001,2025-12-13,3,941.58,Paid
O005061,C0038,P0005,2025-12-13,3,529.65,Paid
O005062,C0549,P0007,2025-12-13,3,185.94,Paid
O005063,C0736,P0004,2025-12-13,3,353.1,Paid
O005064,C0110,P0001,2025-12-13,3,941.58,Paid
O005065,C0648,P0007,2025-12-13,1,61.98,Email
O005066,C0269,P0006,2025-12-13,3,477.6,Paid
O005067,C0470,P0016,2025-12-13,1,29.82,Paid
O005068,C0421,P0009,2025-12-13,1,48.65,Paid
O005069,C0339,P0011,2025-12-13,1,43.82,Paid
O005070,C0277,P0017,2025-12-13,2,246.76,Paid
O005071,C0024,P0023,2025-12-13,2,250.92,Paid
O005072,C0165,P0018,2025-12-13,2,173.42,Paid
O005073,C0435,P0024,2025-12-13,1,106.97,Referral
O005074,C0065,P0020,2025-12-13,1,112.73,Paid
O005075,C0749,P0017,2025-12-13,2,246.76,Paid
O005076,C0027,P0032,2025-12-13,2,21.98,Paid
O005077,C0303,P0025,2025-12-13,2,92.12,Paid
O005078,C0677,P0038,2025-12-13,1,103.02,Paid
O005079,C0361,P0037,2025-12-13,2,164.62,Paid
O005080,C0698,P0006,2025-12-13,1,159.2,Paid
O005081,C0612,P0003,2025-12-13,1,97.97,Paid
O005082,C0320,P0003,2025-12-13,2,195.94,Paid
O005083,C0086,P0006,2025-12-13,1,159.2,Email
O005084,C0021,P0009,2025-12-13,3,145.95,Organic
O005085,C0028,P0010,2025-12-13,2,73.06,Email
O005086,C0347,P0023,2025-12-13,1,125.46,Paid
O005087,C0026,P0019,2025-12-13,3,238.77,Paid
O005088,C0721,P0023,2025-12-13,3,376.38,Paid
O005089,C0463,P0029,2025-12-13,1,22.89,Paid
O005090,C0423,P0030,2025-12-13,1,16.01,Organic
O005091,C0760,P0027,2025-12-13,2,89.92,Email
O005092,C0086,P0033,2025-12-13,1,83.98,Organic
O005093,C0698,P0036,2025-12-13,3,85.59,Paid
O005094,C0796,P0034,2025-12-13,3,280.65,Paid
O005095,C0382,P0035,2025-12-13,2,192.86,Paid
O005096,C0706,P0007,2025-12-13,1,61.98,Paid
O005097,C0112,P0006,2025-12-13,1,159.2,Paid
O005098,C0350,P0001,2025-12-13,3,941.58,Email
O005099,C0480,P0003,2025-12-13,2,195.94,Paid
O005100,C0326,P0004,2025-12-13,2,235.4,Referral
O005101,C0580,P0006,2025-12-13,2,318.4,Paid
O005102,C0572,P0013,2025-12-13,3,129.78,Paid
O005103,C0718,P0015,2025-12-13,1,52.3,Paid
O005104,C0713,P0022,2025-12-13,3,391.14,Paid
O005105,C0424,P0019,2025-12-13,2,159.18,Paid
O005106,C0336,P0022,2025-12-13,2,260.76,Paid
O005107,C0577,P0032,2025-12-13,2,21.98,Paid
O005108,C0765,P0033,2025-12-13,1,83.98,Paid
O005109,C0092,P0008,2025-12-13,3,558.9,Paid
O005110,C0314,P0005,2025-12-13,2,353.1,Paid
O005111,C0645,P0012,2025-12-13,3,119.79,Paid
O005112,C0125,P0013,2025-12-13,3,129.78,Paid
O005113,C0367,P0021,2025-12-13,1,117.78,Paid
O005114,C0252,P0018,2025-12-13,2,173.42,Organic
O005115,C0035,P0023,2025-12-13,1,125.46,Email
O005116,C0364,P0017,2025-12-13,1,123.38,Paid
O005117,C0386,P0023,2025-12-13,2,250.92,Paid
O005118,C0655,P0026,2025-12-13,2,35.72,Paid
O005119,C0665,P0029,2025-12-13,1,22.89,Paid
O005120,C0314,P0026,2025-12-13,2,35.72,Paid
O005121,C0305,P0025,2025-12-13,1,46.06,Paid
O005122,C0716,P0031,2025-12-13,3,89.55,Referral
O005123,C0175,P0014,2025-12-14,1,61.43,Email
O005124,C0175,P0010,2025-12-14,2,73.06,Paid
O005125,C0742,P0013,2025-12-14,1,43.26,Paid
O005126,C0332,P0013,2025-12-14,1,43.26,Paid
O005127,C0269,P0021,2025-12-14,3,353.34,Paid
O005128,C0395,P0022,2025-12-14,2,260.76,Paid
O005129,C0155,P0018,2025-12-14,1,86.71,Paid
O005130,C0727,P0030,2025-12-14,2,32.02,Organic
O005131,C0259,P0031,2025-12-14,3,89.55,Paid
O005132,C0097,P0030,2025-12-14,1,16.01,Paid
O005133,C0099,P0026,2025-12-14,2,35.72,Paid
O005134,C0110,P0029,2025-12-14,2,45.78,Organic
O005135,C0013,P0029,2025-12-14,3,68.67,Paid
O005136,C0222,P0027,2025-12-14,3,134.88,Paid
O005137,C0058,P0028,2025-12-14,2,45.44,Paid
O005138,C0378,P0025,2025-12-14,2,92.12,Paid
O005139,C0455,P0040,2025-12-14,3,105.9,Paid
O005140,C0734,P0034,2025-12-14,3,280.65,Paid
O005141,C0677,P0039,2025-12-14,2,37.56,Paid
O005142,C0667,P0006,2025-12-14,2,318.4,Paid
O005143,C0447,P0001,2025-12-14,2,627.72,Paid
O005144,C0433,P0006,2025-12-14,2,318.4,Paid
O005145,C0261,P0008,2025-12-14,1,186.3,Paid
O005146,C0748,P0002,2025-12-14,3,673.98,Organic
O005147,C0659,P0002,2025-12-14,3,673.98,Referral
O005148,C0304,P0023,2025-12-14,1,125.46,Paid
O005149,C0753,P0019,2025-12-14,3,238.77,Paid
O005150,C0552,P0032,2025-12-14,2,21.98,Paid
O005151,C0777,P0032,2025-12-14,1,10.99,Paid
O005152,C0382,P0032,2025-12-14,3,32.97,Paid
O005153,C0171,P0032,2025-12-14,3,32.97,Paid
O005154,C0590,P0034,2025-12-14,2,187.1,Paid
O005155,C0494,P0039,2025-12-14,3,56.34,Paid
O005156,C0491,P0034,2025-12-14,3,280.65,Paid
O005157,C0423,P0035,2025-12-14,3,289.29,Paid
O005158,C0445,P0007,2025-12-14,2,123.96,Paid
O005159,C0316,P0005,2025-12-14,2,353.1,Email
O005160,C0445,P0008,2025-12-14,3,558.9,Paid
O005161,C0119,P0010,2025-12-14,3,109.59,Paid
O005162,C0230,P0011,2025-12-14,2,87.64,Organic
O005163,C0256,P0020,2025-12-14,3,338.19,Paid
O005164,C0516,P0021,2025-12-14,1,117.78,Paid
O005165,C0032,P0023,2025-12-14,3,376.38,Paid
O005166,C0778,P0017,2025-12-14,1,123.38,Paid
O005167,C0032,P0024,2025-12-14,2,213.94,Paid
O005168,C0478,P0028,2025-12-14,2,45.44,Paid
O005169,C0799,P0033,2025-12-14,1,83.98,Paid
O005170,C0498,P0007,2025-12-14,3,185.94,Email
O005171,C0525,P0005,2025-12-14,3,529.65,Paid
O005172,C0059,P0014,2025-12-14,2,122.86,Paid
O005173,C0744,P0014,2025-12-14,3,184.29,Paid
O005174,C0560,P0017,2025-12-14,2,246.76,Paid
O005175,C0233,P0023,2025-12-14,1,125.46,Organic
O005176,C0314,P0018,2025-12-14,1,86.71,Referral
O005177,C0493,P0021,2025-12-14,3,353.34,Paid
O005178,C0149,P0028,2025-12-14,2,45.44,Email
O005179,C0092,P0028,2025-12-14,1,22.72,Paid
O005180,C0574,P0030,2025-12-14,3,48.03,Email
O005181,C0002,P0037,2025-12-14,1,82.31,Paid
O005182,C0781,P0037,2025-12-14,2,164.62,Paid
O005183,C0175,P0005,2025-12-15,3,529.65,Paid
O005184,C0772,P0002,2025-12-15,1,224.66,Paid
O005185,C0621,P0003,2025-12-15,2,195.94,Paid
O005186,C0277,P0007,2025-12-15,2,123.96,Paid
O005187,C0049,P0004,2025-12-15,1,117.7,Email
O005188,C0378,P0011,2025-12-15,2,87.64,Organic
O005189,C0448,P0009,2025-12-15,1,48.65,Referral
O005190,C0435,P0010,2025-12-15,2,73.06,Paid
O005191,C0800,P0013,2025-12-15,2,86.52,Paid
O005192,C0277,P0017,2025-12-15,2,246.76,Organic
O005193,C0458,P0021,2025-12-15,3,353.34,Organic
O005194,C0097,P0019,2025-12-15,3,238.77,Organic
O005195,C0277,P0025,2025-12-15,1,46.06,Paid
O005196,C0257,P0031,2025-12-15,2,59.7,Email
O005197,C0094,P0027,2025-12-15,3,134.88,Organic
O005198,C0177,P0037,2025-12-15,2,164.62,Paid
O005199,C0411,P0037,2025-12-15,1,82.31,Email
O005200,C0188,P0033,2025-12-15,1,83.98,Paid
O005201,C0086,P0003,2025-12-15,2,195.94,Paid
O005202,C0793,P0003,2025-12-15,3,293.91,Organic
O005203,C0591,P0013,2025-12-15,3,129.78,Paid
O005204,C0323,P0014,2025-12-15,1,61.43,Paid
O005205,C0171,P0015,2025-12-15,2,104.6,Paid
O005206,C0719,P0012,2025-12-15,2,79.86,Organic
O005207,C0591,P0018,2025-12-15,3,260.13,Paid
O005208,C0642,P0018,2025-12-15,2,173.42,Email
O005209,C0578,P0017,2025-12-15,3,370.14,Email
O005210,C0616,P0030,2025-12-15,3,48.03,Paid
O005211,C0474,P0029,2025-12-15,1,22.89,Organic
O005212,C0415,P0031,2025-12-15,3,89.55,Paid
O005213,C0010,P0003,2025-12-15,1,97.97,Organic
O005214,C0220,P0004,2025-12-15,3,353.1,Paid
O005215,C0439,P0008,2025-12-15,1,186.3,Paid
O005216,C0023,P0012,2025-12-15,3,119.79,Referral
O005217,C0350,P0013,2025-12-15,2,86.52,Paid
O005218,C0031,P0026,2025-12-15,2,35.72,Email
O005219,C0571,P0029,2025-12-15,3,68.67,Paid
O005220,C0613,P0035,2025-12-15,1,96.43,Organic
O005221,C0682,P0040,2025-12-15,3,105.9,Paid
O005222,C0413,P0036,2025-12-15,2,57.06,Organic
O005223,C0563,P0005,2025-12-15,2,353.1,Paid
O005224,C0416,P0014,2025-12-15,1,61.43,Email
O005225,C0551,P0013,2025-12-15,2,86.52,Email
O005226,C0744,P0021,2025-12-15,1,117.78,Paid
O005227,C0199,P0017,2025-12-15,2,246.76,Paid
O005228,C0364,P0023,2025-12-15,1,125.46,Organic
O005229,C0307,P0032,2025-12-15,1,10.99,Referral
O005230,C0542,P0028,2025-12-15,3,68.16,Paid
O005231,C0524,P0001,2025-12-16,1,313.86,Email
O005232,C0097,P0008,2025-12-16,1,186.3,Paid
O005233,C0662,P0002,2025-12-16,1,224.66,Paid
O005234,C0788,P0012,2025-12-16,3,119.79,Referral
O005235,C0544,P0014,2025-12-16,1,61.43,Paid
O005236,C0583,P0009,2025-12-16,3,145.95,Paid
O005237,C0186,P0012,2025-12-16,1,39.93,Paid
O005238,C0675,P0015,2025-12-16,2,104.6,Paid
O005239,C0734,P0015,2025-12-16,1,52.3,Email
O005240,C0065,P0023,2025-12-16,1,125.46,Organic
O005241,C0543,P0019,2025-12-16,2,159.18,Paid
O005242,C0355,P0028,2025-12-16,1,22.72,Paid
O005243,C0013,P0026,2025-12-16,3,53.58,Paid
O005244,C0343,P0029,2025-12-16,1,22.89,Paid
O005245,C0259,P0025,2025-12-16,1,46.06,Paid
O005246,C0677,P0040,2025-12-16,1,35.3,Email
O005247,C0064,P0035,2025-12-16,1,96.43,Email
O005248,C0435,P0036,2025-12-16,3,85.59,Paid
O005249,C0764,P0002,2025-12-16,3,673.98,Paid
O005250,C0635,P0003,2025-12-16,1,97.97,Organic
O005251,C0622,P0001,2025-12-16,2,627.72,Organic
O005252,C0073,P0006,2025-12-16,2,318.4,Paid
O005253,C0190,P0017,2025-12-16,2,246.76,Email
O005254,C0417,P0026,2025-12-16,2,35.72,Paid
O005255,C0680,P0037,2025-12-16,3,246.93,Organic
O005256,C0335,P0036,2025-12-16,3,85.59,Paid
O005257,C0719,P0037,2025-12-16,1,82.31,Paid
O005258,C0799,P0003,2025-12-16,2,195.94,Paid
O005259,C0295,P0002,2025-12-16,1,224.66,Paid
O005260,C0288,P0001,2025-12-16,1,313.86,Organic
O005261,C0647,P0006,2025-12-16,2,318.4,Organic
O005262,C0351,P0012,2025-12-16,3,119.79,Organic
O005263,C0682,P0013,2025-12-16,3,129.78,Paid
O005264,C0084,P0025,2025-12-16,3,138.18,Paid
O005265,C0063,P0025,2025-12-16,1,46.06,Paid
O005266,C0010,P0029,2025-12-16,2,45.78,Paid
O005267,C0206,P0039,2025-12-16,2,37.56,Paid
O005268,C0148,P0033,2025-12-16,1,83.98,Paid
O005269,C0757,P0004,2025-12-16,1,117.7,Referral
O005270,C0634,P0016,2025-12-16,2,59.64,Paid
O005271,C0403,P0009,2025-12-16,1,48.65,Paid
O005272,C0562,P0022,2025-12-16,1,130.38,Paid
O005273,C0664,P0026,2025-12-16,3,53.58,Paid
O005274,C0367,P0028,2025-12-16,1,22.72,Paid
O005275,C0574,P0028,2025-12-16,2,45.44,Paid
O005276,C0294,P0025,2025-12-16,3,138.18,Paid
O005277,C0643,P0031,2025-12-16,3,89.55,Paid
O005278,C0730,P0030,2025-12-16,3,48.03,Paid
O005279,C0513,P0036,2025-12-16,2,57.06,Paid
O005280,C0690,P0035,2025-12-16,3,289.29,Email
O005281,C0547,P0037,2025-12-16,3,246.93,Paid
O005282,C0498,P0037,2025-12-16,2,164.62,Paid
O005283,C0395,P0023,2025-12-17,3,376.38,Paid
O005284,C0569,P0025,2025-12-17,2,92.12,Email
O005285,C0641,P0026,2025-12-17,1,17.86,Paid
O005286,C0470,P0037,2025-12-17,3,246.93,Paid
O005287,C0222,P0040,2025-12-17,2,70.6,Paid
O005288,C0443,P0038,2025-12-17,1,103.02,Paid
O005289,C0332,P0035,2025-12-17,1,96.43,Referral
O005290,C0573,P0033,2025-12-17,3,251.94,Paid
O005291,C0171,P0001,2025-12-17,3,941.58,Referral
O005292,C0635,P0006,2025-12-17,2,318.4,Paid
O005293,C0028,P0001,2025-12-17,2,627.72,Paid
O005294,C0261,P0015,2025-12-17,2,104.6,Paid
O005295,C0447,P0016,2025-12-17,1,29.82,Email
O005296,C0777,P0009,2025-12-17,3,145.95,Paid
O005297,C0383,P0015,2025-12-17,2,104.6,Paid
O005298,C0274,P0024,2025-12-17,1,106.97,Paid
O005299,C0796,P0022,2025-12-17,3,391.14,Organic
O005300,C0085,P0029,2025-12-17,1,22.89,Email
O005301,C0016,P0038,2025-12-17,2,206.04,Organic
O005302,C0231,P0038,2025-12-17,1,103.02,Paid
O005303,C0085,P0036,2025-12-17,3,85.59,Paid
O005304,C0429,P0001,2025-12-17,3,941.58,Paid
O005305,C0445,P0010,2025-12-17,1,36.53,Paid
O005306,C0351,P0032,2025-12-17,2,21.98,Email
O005307,C0044,P0030,2025-12-17,3,48.03,Paid
O005308,C0238,P0028,2025-12-17,1,22.72,Organic
O005309,C0120,P0039,2025-12-17,1,18.78,Paid
O005310,C0620,P0039,2025-12-17,1,18.78,Paid
O005311,C0430,P0001,2025-12-17,2,627.72,Organic
O005312,C0089,P0001,2025-12-17,1,313.86,Paid
O005313,C0035,P0015,2025-12-17,3,156.9,Paid
O005314,C0416,P0011,2025-12-17,3,131.46,Paid
O005315,C0037,P0016,2025-12-17,2,59.64,Paid
O005316,C0609,P0014,2025-12-17,3,184.29,Paid
O005317,C0716,P0024,2025-12-17,3,320.91,Email
O005318,C0525,P0030,2025-12-17,3,48.03,Paid
O005319,C0068,P0025,2025-12-17,2,92.12,Paid
O005320,C0744,P0034,2025-12-17,1,93.55,Paid
O005321,C0407,P0040,2025-12-17,2,70.6,Paid
O005322,C0293,P0012,2025-12-18,2,79.86,Paid
O005323,C0443,P0010,2025-12-18,2,73.06,Paid
O005324,C0175,P0013,2025-12-18,3,129.78,Paid
O005325,C0203,P0014,2025-12-18,2,122.86,Organic
O005326,C0337,P0024,2025-12-18,2,213.94,Email
O005327,C0361,P0025,2025-12-18,3,138.18,Paid
O005328,C0175,P0032,2025-12-18,2,21.98,Email
O005329,C0549,P0025,2025-12-18,1,46.06,Paid
O005330,C0098,P0028,2025-12-18,3,68.16,Email
O005331,C0421,P0030,2025-12-18,1,16.01,Paid
O005332,C0098,P0025,2025-12-18,2,92.12,Paid
O005333,C0675,P0037,2025-12-18,1,82.31,Referral
O005334,C0618,P0038,2025-12-18,1,103.02,Paid
O005335,C0569,P0034,2025-12-18,1,93.55,Paid
O005336,C0343,P0035,2025-12-18,2,192.86,Email
O005337,C0482,P0038,2025-12-18,2,206.04,Organic
O005338,C0796,P0007,2025-12-18,1,61.98,Paid
O005339,C0370,P0004,2025-12-18,3,353.1,Paid
O005340,C0491,P0001,2025-12-18,2,627.72,Paid
O005341,C0116,P0012,2025-12-18,1,39.93,Referral
O005342,C0709,P0010,2025-12-18,3,109.59,Organic
O005343,C0208,P0019,2025-12-18,2,159.18,Paid
O005344,C0566,P0019,2025-12-18,1,79.59,Organic
O005345,C0616,P0023,2025-12-18,2,250.92,Paid
O005346,C0728,P0024,2025-12-18,1,106.97,Organic
O005347,C0719,P0022,2025-12-18,2,260.76,Email
O005348,C0793,P0030,2025-12-18,1,16.01,Paid
O005349,C0208,P0025,2025-12-18,2,92.12,Email
O005350,C0774,P0039,2025-12-18,3,56.34,Paid
O005351,C0680,P0036,2025-12-18,1,28.53,Organic
O005352,C0272,P0001,2025-12-18,2,627.72,Paid
O005353,C0429,P0004,2025-12-18,2,235.4,Paid
O005354,C0517,P0009,2025-12-18,1,48.65,Email
O005355,C0558,P0012,2025-12-18,2,79.86,Organic
O005356,C0153,P0013,2025-12-18,1,43.26,Paid
O005357,C0044,P0024,2025-12-18,1,106.97,Paid
O005358,C0706,P0021,2025-12-18,1,117.78,Email
O005359,C0767,P0023,2025-12-18,1,125.46,Email
O005360,C0496,P0023,2025-12-18,3,376.38,Paid
O005361,C0336,P0022,2025-12-18,1,130.38,Paid
O005362,C0718,P0031,2025-12-18,3,89.55,Paid
O005363,C0571,P0028,2025-12-18,1,22.72,Organic
O005364,C0063,P0029,2025-12-18,3,68.67,Paid
O005365,C0514,P0038,2025-12-18,2,206.04,Paid
O005366,C0697,P0035,2025-12-18,1,96.43,Email
O005367,C0798,P0004,2025-12-18,1,117.7,Email
O005368,C0053,P0015,2025-12-18,1,52.3,Email
O005369,C0568,P0014,2025-12-18,2,122.86,Paid
O005370,C0163,P0010,2025-12-18,2,73.06,Paid
O005371,C0745,P0011,2025-12-18,1,43.82,Paid
O005372,C0712,P0019,2025-12-18,2,159.18,Paid
O005373,C0643,P0017,2025-12-18,1,123.38,Referral
O005374,C0364,P0032,2025-12-18,1,10.99,Organic
O005375,C0187,P0025,2025-12-18,2,92.12,Organic
O005376,C0781,P0034,2025-12-18,1,93.55,Organic
O005377,C0757,P0038,2025-12-18,2,206.04,Paid
O005378,C0035,P0035,2025-12-18,2,192.86,Paid
O005379,C0365,P0005,2025-12-19,2,353.1,Paid
O005380,C0734,P0002,2025-12-19,2,449.32,Paid
O005381,C0292,P0002,2025-12-19,2,449.32,Paid
O005382,C0526,P0013,2025-12-19,2,86.52,Paid
O005383,C0127,P0009,2025-12-19,2,97.3,Paid
O005384,C0011,P0015,2025-12-19,3,156.9,Paid
O005385,C0094,P0010,2025-12-19,3,109.59,Organic
O005386,C0800,P0017,2025-12-19,3,370.14,Paid
O005387,C0800,P0028,2025-12-19,2,45.44,Paid
O005388,C0473,P0026,2025-12-19,1,17.86,Paid
O005389,C0543,P0038,2025-12-19,1,103.02,Paid
O005390,C0223,P0034,2025-12-19,2,187.1,Paid
O005391,C0097,P0033,2025-12-19,1,83.98,Organic
O005392,C0323,P0007,2025-12-19,3,185.94,Paid
O005393,C0510,P0005,2025-12-19,3,529.65,Paid
O005394,C0126,P0001,2025-12-19,3,941.58,Paid
O005395,C0417,P0002,2025-12-19,3,673.98,Paid
O005396,C0298,P0013,2025-12-19,3,129.78,Paid
O005397,C0241,P0024,2025-12-19,1,106.97,Paid
O005398,C0427,P0022,2025-12-19,1,130.38,Paid
O005399,C0033,P0024,2025-12-19,3,320.91,Paid
O005400,C0680,P0024,2025-12-19,1,106.97,Paid
O005401,C0079,P0025,2025-12-19,3,138.18,Paid
O005402,C0591,P0031,2025-12-19,3,89.55,Paid
O005403,C0116,P0027,2025-12-19,1,44.96,Paid
O005404,C0231,P0037,2025-12-19,1,82.31,Paid
O005405,C0048,P0039,2025-12-19,1,18.78,Paid
O005406,C0031,P0004,2025-12-19,1,117.7,Email
O005407,C0145,P0007,2025-12-19,3,185.94,Paid
O005408,C0523,P0007,2025-12-19,1,61.98,Paid
O005409,C0523,P0004,2025-12-19,2,235.4,Email
O005410,C0352,P0012,2025-12-19,3,119.79,Organic
O005411,C0571,P0009,2025-12-19,3,145.95,Paid
O005412,C0022,P0014,2025-12-19,1,61.43,Email
O005413,C0527,P0015,2025-12-19,3,156.9,Paid
O005414,C0272,P0019,2025-12-19,2,159.18,Paid
O005415,C0031,P0022,2025-12-19,2,260.76,Email
O005416,C0767,P0030,2025-12-19,3,48.03,Paid
O005417,C0631,P0038,2025-12-19,1,103.02,Email
O005418,C0022,P0035,2025-12-19,1,96.43,Organic
O005419,C0527,P0033,2025-12-19,2,167.96,Paid
O005420,C0763,P0002,2025-12-19,3,673.98,Paid
O005421,C0568,P0011,2025-12-19,2,87.64,Paid
O005422,C0416,P0014,2025-12-19,1,61.43,Email
O005423,C0702,P0022,2025-12-19,3,391.14,Referral
O005424,C0375,P0024,2025-12-19,3,320.91,Paid
O005425,C0185,P0020,2025-12-19,3,338.19,Organic
O005426,C0745,P0023,2025-12-19,3,376.38,Paid
O005427,C0290,P0017,2025-12-19,3,370.14,Paid
O005428,C0149,P0030,2025-12-19,3,48.03,Referral
O005429,C0513,P0032,2025-12-19,2,21.98,Paid
O005430,C0477,P0040,2025-12-19,2,70.6,Paid
O005431,C0690,P0040,2025-12-19,2,70.6,Paid
O005432,C0317,P0007,2025-12-20,2,123.96,Paid
O005433,C0264,P0014,2025-12-20,1,61.43,Paid
O005434,C0259,P0011,2025-12-20,3,131.46,Paid
O005435,C0257,P0020,2025-12-20,1,112.73,Paid
O005436,C0543,P0026,2025-12-20,3,53.58,Paid
O005437,C0064,P0039,2025-12-20,2,37.56,Paid
O005438,C0342,P0008,2025-12-20,2,372.6,Organic
O005439,C0347,P0006,2025-12-20,1,159.2,Paid
O005440,C0335,P0001,2025-12-20,1,313.86,Paid
O005441,C0381,P0005,2025-12-20,2,353.1,Email
O005442,C0320,P0012,2025-12-20,3,119.79,Paid
O005443,C0381,P0020,2025-12-20,2,225.46,Organic
O005444,C0330,P0023,2025-12-20,1,125.46,Email
O005445,C0683,P0028,2025-12-20,3,68.16,Paid
O005446,C0546,P0026,2025-12-20,3,53.58,Paid
O005447,C0304,P0028,2025-12-20,1,22.72,Paid
O005448,C0267,P0034,2025-12-20,2,187.1,Paid
O005449,C0116,P0036,2025-12-20,1,28.53,Paid
O005450,C0681,P0036,2025-12-20,2,57.06,Paid
O005451,C0728,P0033,2025-12-20,3,251.94,Referral
O005452,C0370,P0033,2025-12-20,3,251.94,Referral
O005453,C0031,P0001,2025-12-20,3,941.58,Organic
O005454,C0229,P0001,2025-12-20,1,313.86,Paid
O005455,C0572,P0014,2025-12-20,2,122.86,Paid
O005456,C0637,P0016,2025-12-20,2,59.64,Paid
O005457,C0432,P0011,2025-12-20,1,43.82,Paid
O005458,C0720,P0023,2025-12-20,2,250.92,Paid
O005459,C0449,P0021,2025-12-20,2,235.56,Paid
O005460,C0697,P0032,2025-12-20,3,32.97,Paid
O005461,C0432,P0026,2025-12-20,3,53.58,Paid
O005462,C0148,P0030,2025-12-20,2,32.02,Paid
O005463,C0300,P0036,2025-12-20,2,57.06,Referral
O005464,C0767,P0037,2025-12-20,1,82.31,Paid
O005465,C0044,P0039,2025-12-20,1,18.78,Paid
O005466,C0620,P0038,2025-12-20,1,103.02,Paid
O005467,C0289,P0036,2025-12-20,1,28.53,Paid
O005468,C0712,P0008,2025-12-20,2,372.6,Email
O005469,C0068,P0006,2025-12-20,1,159.2,Paid
O005470,C0174,P0007,2025-12-20,1,61.98,Paid
O005471,C0089,P0005,2025-12-20,1,176.55,Paid
O005472,C0053,P0001,2025-12-20,3,941.58,Paid
O005473,C0037,P0009,2025-12-20,1,48.65,Paid
O005474,C0159,P0020,2025-12-20,2,225.46,Paid
O005475,C0349,P0024,2025-12-20,2,213.94,Organic
O005476,C0520,P0024,2025-12-20,2,213.94,Paid
O005477,C0794,P0032,2025-12-20,2,21.98,Paid
O005478,C0499,P0033,2025-12-20,2,167.96,Paid
O005479,C0125,P0035,2025-12-20,2,192.86,Paid
O005480,C0544,P0008,2025-12-21,1,186.3,Organic
O005481,C0127,P0016,2025-12-21,2,59.64,Paid
O005482,C0365,P0010,2025-12-21,1,36.53,Organic
O005483,C0343,P0014,2025-12-21,3,184.29,Paid
O005484,C0549,P0016,2025-12-21,2,59.64,Organic
O005485,C0177,P0024,2025-12-21,2,213.94,Organic
O005486,C0775,P0021,2025-12-21,3,353.34,Paid
O005487,C0361,P0019,2025-12-21,3,238.77,Paid
O005488,C0177,P0030,2025-12-21,3,48.03,Email
O005489,C0675,P0030,2025-12-21,3,48.03,Paid
O005490,C0139,P0039,2025-12-21,1,18.78,Paid
O005491,C0488,P0002,2025-12-21,1,224.66,Paid
O005492,C0137,P0010,2025-12-21,2,73.06,Paid
O005493,C0622,P0011,2025-12-21,1,43.82,Paid
O005494,C0604,P0023,2025-12-21,1,125.46,Organic
O005495,C0137,P0018,2025-12-21,1,86.71,Paid
O005496,C0267,P0019,2025-12-21,2,159.18,Paid
O005497,C0433,P0028,2025-12-21,2,45.44,Paid
O005498,C0433,P0026,2025-12-21,1,17.86,Organic
O005499,C0208,P0031,2025-12-21,2,59.7,Paid
O005500,C0753,P0034,2025-12-21,1,93.55,Email
O005501,C0719,P0036,2025-12-21,3,85.59,Email
O005502,C0021,P0035,2025-12-21,1,96.43,Paid
O005503,C0214,P0036,2025-12-21,1,28.53,Paid
O005504,C0439,P0007,2025-12-21,2,123.96,Paid
O005505,C0607,P0012,2025-12-21,1,39.93,Paid
O005506,C0103,P0012,2025-12-21,2,79.86,Paid
O005507,C0478,P0010,2025-12-21,2,73.06,Paid
O005508,C0661,P0017,2025-12-21,1,123.38,Paid
O005509,C0661,P0019,2025-12-21,2,159.18,Email
O005510,C0054,P0018,2025-12-21,3,260.13,Paid
O005511,C0767,P0019,2025-12-21,1,79.59,Paid
O005512,C0706,P0020,2025-12-21,3,338.19,Email
O005513,C0695,P0035,2025-12-21,2,192.86,Paid
O005514,C0496,P0034,2025-12-21,2,187.1,Organic
O005515,C0291,P0008,2025-12-21,1,186.3,Paid
O005516,C0645,P0007,2025-12-21,2,123.96,Paid
O005517,C0209,P0002,2025-12-21,2,449.32,Paid
O005518,C0568,P0001,2025-12-21,2,627.72,Paid
O005519,C0561,P0012,2025-12-21,2,79.86,Paid
O005520,C0039,P0011,2025-12-21,2,87.64,Email
O005521,C0373,P0016,2025-12-21,1,29.82,Paid
O005522,C0693,P0018,2025-12-21,2,173.42,Paid
O005523,C0247,P0022,2025-12-21,2,260.76,Paid
O005524,C0428,P0019,2025-12-21,3,238.77,Organic
O005525,C0187,P0028,2025-12-21,2,45.44,Paid
O005526,C0562,P0038,2025-12-21,2,206.04,Paid
O005527,C0312,P0035,2025-12-21,3,289.29,Paid
O005528,C0318,P0034,2025-12-21,2,187.1,Paid
O005529,C0626,P0035,2025-12-21,1,96.43,Paid
O005530,C0372,P0037,2025-12-21,1,82.31,Email
O005531,C0712,P0034,2025-12-21,2,187.1,Paid
O005532,C0174,P0034,2025-12-21,1,93.55,Paid
O005533,C0440,P0004,2025-12-22,3,353.1,Paid
O005534,C0734,P0006,2025-12-22,1,159.2,Email
O005535,C0727,P0014,2025-12-22,3,184.29,Paid
O005536,C0339,P0019,2025-12-22,3,238.77,Paid
O005537,C0064,P0030,2025-12-22,3,48.03,Paid
O005538,C0188,P0026,2025-12-22,1,17.86,Paid
O005539,C0013,P0031,2025-12-22,3,89.55,Paid
O005540,C0727,P0032,2025-12-22,3,32.97,Paid
O005541,C0473,P0033,2025-12-22,2,167.96,Paid
O005542,C0423,P0006,2025-12-22,3,477.6,Email
O005543,C0793,P0004,2025-12-22,1,117.7,Paid
O005544,C0760,P0007,2025-12-22,3,185.94,Organic
O005545,C0276,P0015,2025-12-22,3,156.9,Paid
O005546,C0447,P0014,2025-12-22,2,122.86,Paid
O005547,C0793,P0010,2025-12-22,3,109.59,Paid
O005548,C0243,P0021,2025-12-22,3,353.34,Paid
O005549,C0261,P0022,2025-12-22,2,260.76,Organic
O005550,C0240,P0028,2025-12-22,3,68.16,Paid
O005551,C0747,P0037,2025-12-22,2,164.62,Paid
O005552,C0463,P0034,2025-12-22,1,93.55,Paid
O005553,C0265,P0035,2025-12-22,3,289.29,Organic
O005554,C0557,P0036,2025-12-22,2,57.06,Paid
O005555,C0267,P0040,2025-12-22,3,105.9,Paid
O005556,C0383,P0034,2025-12-22,1,93.55,Paid
O005557,C0036,P0001,2025-12-22,1,313.86,Paid
O005558,C0425,P0006,2025-12-22,1,159.2,Organic
O005559,C0689,P0005,2025-12-22,2,353.1,Paid
O005560,C0352,P0015,2025-12-22,1,52.3,Organic
O005561,C0360,P0017,2025-12-22,2,246.76,Paid
O005562,C0480,P0023,2025-12-22,1,125.46,Paid
O005563,C0054,P0018,2025-12-22,2,173.42,Organic
O005564,C0502,P0019,2025-12-22,2,159.18,Organic
O005565,C0631,P0030,2025-12-22,3,48.03,Paid
O005566,C0424,P0025,2025-12-22,3,138.18,Email
O005567,C0324,P0032,2025-12-22,3,32.97,Organic
O005568,C0682,P0030,2025-12-22,1,16.01,Paid
O005569,C0268,P0036,2025-12-22,3,85.59,Paid
O005570,C0077,P0034,2025-12-22,3,280.65,Paid
O005571,C0166,P0037,2025-12-22,1,82.31,Paid
O005572,C0030,P0008,2025-12-22,2,372.6,Paid
O005573,C0633,P0012,2025-12-22,2,79.86,Email
O005574,C0030,P0014,2025-12-22,3,184.29,Organic
O005575,C0703,P0010,2025-12-22,1,36.53,Paid
O005576,C0185,P0015,2025-12-22,1,52.3,Email
O005577,C0664,P0013,2025-12-22,3,129.78,Paid
O005578,C0396,P0016,2025-12-22,2,59.64,Paid
O005579,C0403,P0024,2025-12-22,3,320.91,Paid
O005580,C0307,P0021,2025-12-22,3,353.34,Paid
O005581,C0498,P0026,2025-12-22,1,17.86,Paid
O005582,C0645,P0038,2025-12-22,3,309.06,Organic
O005583,C0123,P0001,2025-12-23,1,313.86,Email
O005584,C0556,P0003,2025-12-23,2,195.94,Paid
O005585,C0264,P0017,2025-12-23,2,246.76,Paid
O005586,C0361,P0020,2025-12-23,3,338.19,Paid
O005587,C0325,P0032,2025-12-23,1,10.99,Paid
O005588,C0041,P0032,2025-12-23,2,21.98,Organic
O005589,C0041,P0035,2025-12-23,3,289.29,Organic
O005590,C0589,P0040,2025-12-23,1,35.3,Paid
O005591,C0435,P0036,2025-12-23,2,57.06,Paid
O005592,C0795,P0037,2025-12-23,3,246.93,Paid
O005593,C0479,P0002,2025-12-23,2,449.32,Paid
O005594,C0738,P0001,2025-12-23,2,627.72,Paid
O005595,C0537,P0008,2025-12-23,3,558.9,Paid
O005596,C0738,P0016,2025-12-23,1,29.82,Paid
O005597,C0680,P0012,2025-12-23,3,119.79,Paid
O005598,C0359,P0024,2025-12-23,2,213.94,Paid
O005599,C0128,P0023,2025-12-23,1,125.46,Paid
O005600,C0773,P0018,2025-12-23,2,173.42,Email
O005601,C0672,P0019,2025-12-23,2,159.18,Paid
O005602,C0642,P0019,2025-12-23,2,159.18,Email
O005603,C0481,P0022,2025-12-23,3,391.14,Paid
O005604,C0463,P0022,2025-12-23,2,260.76,Organic
O005605,C0640,P0028,2025-12-23,3,68.16,Paid
O005606,C0226,P0027,2025-12-23,3,134.88,Paid
O005607,C0241,P0029,2025-12-23,1,22.89,Paid
O005608,C0659,P0026,2025-12-23,1,17.86,Paid
O005609,C0789,P0036,2025-12-23,1,28.53,Paid
O005610,C0623,P0002,2025-12-23,1,224.66,Organic
O005611,C0145,P0007,2025-12-23,2,123.96,Email
O005612,C0424,P0004,2025-12-23,2,235.4,Paid
O005613,C0145,P0015,2025-12-23,2,104.6,Paid
O005614,C0230,P0009,2025-12-23,2,97.3,Paid
O005615,C0393,P0012,2025-12-23,3,119.79,Paid
O005616,C0646,P0014,2025-12-23,2,122.86,Paid
O005617,C0022,P0024,2025-12-23,3,320.91,Organic
O005618,C0650,P0019,2025-12-23,2,159.18,Paid
O005619,C0166,P0022,2025-12-23,3,391.14,Paid
O005620,C0630,P0020,2025-12-23,2,225.46,Paid
O005621,C0572,P0024,2025-12-23,2,213.94,Organic
O005622,C0238,P0022,2025-12-23,1,130.38,Paid
O005623,C0425,P0020,2025-12-23,1,112.73,Paid
O005624,C0239,P0027,2025-12-23,3,134.88,Paid
O005625,C0619,P0007,2025-12-23,3,185.94,Referral
O005626,C0716,P0004,2025-12-23,3,353.1,Paid
O005627,C0722,P0009,2025-12-23,2,97.3,Paid
O005628,C0730,P0018,2025-12-23,1,86.71,Paid
O005629,C0305,P0018,2025-12-23,1,86.71,Email
O005630,C0525,P0021,2025-12-23,2,235.56,Paid
O005631,C0002,P0021,2025-12-23,3,353.34,Organic
O005632,C0062,P0018,2025-12-23,3,260.13,Paid
O005633,C0563,P0031,2025-12-23,1,29.85,Paid
O005634,C0593,P0034,2025-12-23,2,187.1,Paid
O005635,C0252,P0039,2025-12-23,2,37.56,Organic
O005636,C0707,P0036,2025-12-23,2,57.06,Paid
O005637,C0677,P0014,2025-12-24,1,61.43,Paid
O005638,C0524,P0014,2025-12-24,2,122.86,Paid
O005639,C0727,P0015,2025-12-24,1,52.3,Paid
O005640,C0545,P0012,2025-12-24,1,39.93,Paid
O005641,C0731,P0019,2025-12-24,2,159.18,Paid
O005642,C0186,P0026,2025-12-24,1,17.86,Paid
O005643,C0293,P0025,2025-12-24,2,92.12,Paid
O005644,C0074,P0027,2025-12-24,3,134.88,Referral
O005645,C0526,P0036,2025-12-24,1,28.53,Email
O005646,C0578,P0008,2025-12-24,1,186.3,Email
O005647,C0758,P0003,2025-12-24,3,293.91,Paid
O005648,C0019,P0016,2025-12-24,2,59.64,Paid
O005649,C0079,P0013,2025-12-24,2,86.52,Paid
O005650,C0170,P0023,2025-12-24,1,125.46,Paid
O005651,C0137,P0017,2025-12-24,2,246.76,Organic
O005652,C0323,P0019,2025-12-24,3,238.77,Paid
O005653,C0265,P0019,2025-12-24,2,159.18,Paid
O005654,C0651,P0024,2025-12-24,1,106.97,Paid
O005655,C0282,P0022,2025-12-24,1,130.38,Paid
O005656,C0298,P0024,2025-12-24,1,106.97,Email
O005657,C0599,P0022,2025-12-24,2,260.76,Paid
O005658,C0793,P0029,2025-12-24,3,68.67,Referral
O005659,C0651,P0040,2025-12-24,2,70.6,Email
O005660,C0747,P0040,2025-12-24,3,105.9,Paid
O005661,C0585,P0003,2025-12-24,2,195.94,Paid
O005662,C0697,P0003,2025-12-24,1,97.97,Paid
O005663,C0119,P0005,2025-12-24,2,353.1,Organic
O005664,C0183,P0011,2025-12-24,1,43.82,Paid
O005665,C0215,P0014,2025-12-24,3,184.29,Referral
O005666,C0352,P0020,2025-12-24,3,338.19,Paid
O005667,C0669,P0023,2025-12-24,3,376.38,Paid
O005668,C0044,P0028,2025-12-24,2,45.44,Paid
O005669,C0530,P0029,2025-12-24,3,68.67,Paid
O005670,C0516,P0026,2025-12-24,3,53.58,Paid
O005671,C0653,P0032,2025-12-24,3,32.97,Paid
O005672,C0778,P0033,2025-12-24,1,83.98,Email
O005673,C0239,P0033,2025-12-24,1,83.98,Paid
O005674,C0663,P0035,2025-12-24,1,96.43,Paid
O005675,C0397,P0001,2025-12-24,2,627.72,Paid
O005676,C0349,P0004,2025-12-24,1,117.7,Organic
O005677,C0626,P0007,2025-12-24,2,123.96,Organic
O005678,C0310,P0001,2025-12-24,1,313.86,Paid
O005679,C0781,P0012,2025-12-24,1,39.93,Paid
O005680,C0100,P0015,2025-12-24,1,52.3,Email
O005681,C0362,P0009,2025-12-24,3,145.95,Organic
O005682,C0037,P0021,2025-12-24,1,117.78,Paid
O005683,C0633,P0028,2025-12-24,3,68.16,Referral
O005684,C0364,P0027,2025-12-24,2,89.92,Organic
O005685,C0364,P0026,2025-12-24,3,53.58,Paid
O005686,C0364,P0039,2025-12-24,2,37.56,Organic
O005687,C0407,P0038,2025-12-24,3,309.06,Paid
O005688,C0615,P0038,2025-12-24,2,206.04,Paid
O005689,C0693,P0036,2025-12-24,3,85.59,Email
O005690,C0046,P0006,2025-12-25,1,159.2,Paid
O005691,C0303,P0004,2025-12-25,1,117.7,Referral
O005692,C0724,P0006,2025-12-25,2,318.4,Paid
O005693,C0421,P0006,2025-12-25,1,159.2,Paid
O005694,C0625,P0003,2025-12-25,1,97.97,Paid
O005695,C0587,P0014,2025-12-25,2,122.86,Paid
O005696,C0800,P0010,2025-12-25,3,109.59,Paid
O005697,C0081,P0021,2025-12-25,3,353.34,Paid
O005698,C0625,P0023,2025-12-25,3,376.38,Email
O005699,C0482,P0025,2025-12-25,2,92.12,Paid
O005700,C0569,P0038,2025-12-25,3,309.06,Email
O005701,C0673,P0035,2025-12-25,2,192.86,Paid
O005702,C0573,P0035,2025-12-25,2,192.86,Paid
O005703,C0381,P0008,2025-12-25,3,558.9,Paid
O005704,C0358,P0001,2025-12-25,2,627.72,Paid
O005705,C0484,P0012,2025-12-25,2,79.86,Paid
O005706,C0738,P0020,2025-12-25,2,225.46,Paid
O005707,C0671,P0026,2025-12-25,2,35.72,Paid
O005708,C0769,P0030,2025-12-25,1,16.01,Paid
O005709,C0769,P0033,2025-12-25,3,251.94,Paid
O005710,C0689,P0007,2025-12-25,3,185.94,Paid
O005711,C0044,P0010,2025-12-25,2,73.06,Paid
O005712,C0229,P0016,2025-12-25,2,59.64,Organic
O005713,C0646,P0011,2025-12-25,3,131.46,Organic
O005714,C0792,P0017,2025-12-25,3,370.14,Paid
O005715,C0268,P0018,2025-12-25,3,260.13,Paid
O005716,C0523,P0021,2025-12-25,2,235.56,Paid
O005717,C0151,P0025,2025-12-25,3,138.18,Email
O005718,C0192,P0038,2025-12-25,1,103.02,Paid
O005719,C0708,P0040,2025-12-25,3,105.9,Paid
O005720,C0313,P0038,2025-12-25,1,103.02,Paid
O005721,C0745,P0008,2025-12-25,1,186.3,Paid
O005722,C0163,P0008,2025-12-25,3,558.9,Paid
O005723,C0009,P0004,2025-12-25,3,353.1,Organic
O005724,C0037,P0002,2025-12-25,2,449.32,Organic
O005725,C0643,P0011,2025-12-25,1,43.82,Organic
O005726,C0493,P0011,2025-12-25,2,87.64,Paid
O005727,C0294,P0018,2025-12-25,3,260.13,Paid
O005728,C0407,P0027,2025-12-25,3,134.88,Paid
O005729,C0037,P0032,2025-12-25,3,32.97,Paid
O005730,C0555,P0032,2025-12-25,3,32.97,Paid
O005731,C0597,P0025,2025-12-25,2,92.12,Paid
O005732,C0757,P0027,2025-12-25,3,134.88,Paid
O005733,C0722,P0037,2025-12-25,2,164.62,Paid
O005734,C0712,P0035,2025-12-25,3,289.29,Organic
O005735,C0291,P0037,2025-12-25,1,82.31,Organic
O005736,C0426,P0040,2025-12-25,1,35.3,Paid
O005737,C0291,P0035,2025-12-25,1,96.43,Referral
O005738,C0465,P0040,2025-12-25,3,105.9,Paid
O005739,C0340,P0033,2025-12-25,1,83.98,Paid
O005740,C0787,P0034,2025-12-25,1,93.55,Paid
O005741,C0625,P0002,2025-12-26,2,449.32,Organic
O005742,C0259,P0008,2025-12-26,1,186.3,Paid
O005743,C0618,P0008,2025-12-26,2,372.6,Paid
O005744,C0142,P0007,2025-12-26,1,61.98,Paid
O005745,C0223,P0004,2025-12-26,1,117.7,Email
O005746,C0257,P0015,2025-12-26,2,104.6,Paid
O005747,C0741,P0016,2025-12-26,3,89.46,Paid
O005748,C0303,P0015,2025-12-26,2,104.6,Paid
O005749,C0544,P0010,2025-12-26,3,109.59,Organic
O005750,C0139,P0018,2025-12-26,1,86.71,Paid
O005751,C0337,P0024,2025-12-26,3,320.91,Referral
O005752,C0543,P0023,2025-12-26,2,250.92,Paid
O005753,C0011,P0040,2025-12-26,2,70.6,Paid
O005754,C0278,P0037,2025-12-26,3,246.93,Paid
O005755,C0024,P0034,2025-12-26,1,93.55,Paid
O005756,C0587,P0039,2025-12-26,3,56.34,Paid
O005757,C0058,P0036,2025-12-26,3,85.59,Paid
O005758,C0484,P0006,2025-12-26,1,159.2,Paid
O005759,C0408,P0010,2025-12-26,1,36.53,Organic
O005760,C0358,P0024,2025-12-26,2,213.94,Paid
O005761,C0240,P0022,2025-12-26,3,391.14,Paid
O005762,C0128,P0029,2025-12-26,1,22.89,Paid
O005763,C0381,P0027,2025-12-26,2,89.92,Paid
O005764,C0671,P0027,2025-12-26,2,89.92,Paid
O005765,C0656,P0039,2025-12-26,3,56.34,Paid
O005766,C0208,P0034,2025-12-26,3,280.65,Referral
O005767,C0792,P0001,2025-12-26,2,627.72,Paid
O005768,C0432,P0006,2025-12-26,1,159.2,Paid
O005769,C0025,P0013,2025-12-26,1,43.26,Paid
O005770,C0103,P0023,2025-12-26,2,250.92,Paid
O005771,C0272,P0019,2025-12-26,2,159.18,Paid
O005772,C0377,P0024,2025-12-26,2,213.94,Paid
O005773,C0611,P0026,2025-12-26,2,35.72,Paid
O005774,C0156,P0038,2025-12-26,3,309.06,Paid
O005775,C0166,P0033,2025-12-26,2,167.96,Paid
O005776,C0530,P0039,2025-12-26,1,18.78,Paid
O005777,C0150,P0007,2025-12-26,2,123.96,Email
O005778,C0396,P0006,2025-12-26,2,318.4,Organic
O005779,C0597,P0004,2025-12-26,3,353.1,Paid
O005780,C0493,P0013,2025-12-26,1,43.26,Organic
O005781,C0794,P0010,2025-12-26,1,36.53,Paid
O005782,C0209,P0014,2025-12-26,2,122.86,Referral
O005783,C0551,P0017,2025-12-26,1,123.38,Paid
O005784,C0525,P0024,2025-12-26,1,106.97,Organic
O005785,C0501,P0019,2025-12-26,1,79.59,Organic
O005786,C0200,P0028,2025-12-26,3,68.16,Paid
O005787,C0500,P0039,2025-12-26,2,37.56,Referral
O005788,C0129,P0003,2025-12-27,3,293.91,Paid
O005789,C0131,P0011,2025-12-27,1,43.82,Paid
O005790,C0587,P0025,2025-12-27,2,92.12,Organic
O005791,C0118,P0027,2025-12-27,3,134.88,Email
O005792,C0573,P0034,2025-12-27,2,187.1,Paid
O005793,C0797,P0037,2025-12-27,1,82.31,Paid
O005794,C0556,P0034,2025-12-27,3,280.65,Organic
O005795,C0337,P0039,2025-12-27,3,56.34,Referral
O005796,C0376,P0002,2025-12-27,2,449.32,Paid
O005797,C0537,P0007,2025-12-27,1,61.98,Paid
O005798,C0381,P0002,2025-12-27,3,673.98,Email
O005799,C0760,P0006,2025-12-27,3,477.6,Organic
O005800,C0415,P0005,2025-12-27,3,529.65,Referral
O005801,C0205,P0012,2025-12-27,3,119.79,Paid
O005802,C0484,P0015,2025-12-27,1,52.3,Referral
O005803,C0410,P0021,2025-12-27,3,353.34,Paid
O005804,C0267,P0022,2025-12-27,1,130.38,Email
O005805,C0376,P0030,2025-12-27,2,32.02,Paid
O005806,C0358,P0028,2025-12-27,1,22.72,Paid
O005807,C0384,P0031,2025-12-27,2,59.7,Paid
O005808,C0709,P0026,2025-12-27,3,53.58,Paid
O005809,C0032,P0003,2025-12-27,1,97.97,Paid
O005810,C0211,P0005,2025-12-27,2,353.1,Paid
O005811,C0210,P0011,2025-12-27,1,43.82,Paid
O005812,C0706,P0027,2025-12-27,3,134.88,Paid
O005813,C0295,P0037,2025-12-27,2,164.62,Paid
O005814,C0497,P0037,2025-12-27,3,246.93,Referral
O005815,C0791,P0008,2025-12-27,3,558.9,Paid
O005816,C0798,P0012,2025-12-27,1,39.93,Paid
O005817,C0367,P0016,2025-12-27,1,29.82,Referral
O005818,C0209,P0024,2025-12-27,1,106.97,Paid
O005819,C0394,P0019,2025-12-27,1,79.59,Paid
O005820,C0306,P0023,2025-12-27,3,376.38,Paid
O005821,C0134,P0018,2025-12-27,3,260.13,Paid
O005822,C0396,P0032,2025-12-27,1,10.99,Paid
O005823,C0290,P0028,2025-12-27,3,68.16,Paid
O005824,C0234,P0029,2025-12-27,2,45.78,Paid
O005825,C0562,P0034,2025-12-27,3,280.65,Email
O005826,C0168,P0036,2025-12-27,2,57.06,Email
O005827,C0193,P0006,2025-12-28,3,477.6,Paid
O005828,C0123,P0005,2025-12-28,1,176.55,Paid
O005829,C0188,P0001,2025-12-28,3,941.58,Paid
O005830,C0454,P0003,2025-12-28,1,97.97,Organic
O005831,C0583,P0010,2025-12-28,3,109.59,Paid
O005832,C0641,P0024,2025-12-28,3,320.91,Email
O005833,C0556,P0020,2025-12-28,2,225.46,Paid
O005834,C0094,P0020,2025-12-28,1,112.73,Organic
O005835,C0284,P0022,2025-12-28,1,130.38,Paid
O005836,C0736,P0018,2025-12-28,1,86.71,Paid
O005837,C0203,P0020,2025-12-28,1,112.73,Paid
O005838,C0519,P0024,2025-12-28,2,213.94,Paid
O005839,C0129,P0028,2025-12-28,2,45.44,Paid
O005840,C0749,P0029,2025-12-28,1,22.89,Referral
O005841,C0223,P0033,2025-12-28,2,167.96,Paid
O005842,C0118,P0035,2025-12-28,2,192.86,Email
O005843,C0186,P0035,2025-12-28,3,289.29,Paid
O005844,C0484,P0001,2025-12-28,1,313.86,Paid
O005845,C0019,P0008,2025-12-28,1,186.3,Paid
O005846,C0304,P0003,2025-12-28,1,97.97,Paid
O005847,C0699,P0008,2025-12-28,3,558.9,Email
O005848,C0276,P0013,2025-12-28,1,43.26,Organic
O005849,C0793,P0012,2025-12-28,3,119.79,Organic
O005850,C0709,P0010,2025-12-28,1,36.53,Paid
O005851,C0447,P0012,2025-12-28,3,119.79,Email
O005852,C0285,P0024,2025-12-28,3,320.91,Paid
O005853,C0659,P0021,2025-12-28,2,235.56,Paid
O005854,C0190,P0019,2025-12-28,1,79.59,Organic
O005855,C0774,P0021,2025-12-28,3,353.34,Organic
O005856,C0417,P0025,2025-12-28,1,46.06,Organic
O005857,C0786,P0029,2025-12-28,2,45.78,Email
O005858,C0760,P0025,2025-12-28,1,46.06,Paid
O005859,C0214,P0037,2025-12-28,2,164.62,Paid
O005860,C0241,P0033,2025-12-28,3,251.94,Paid
O005861,C0423,P0035,2025-12-28,1,96.43,Referral
O005862,C0777,P0034,2025-12-28,1,93.55,Paid
O005863,C0256,P0007,2025-12-28,3,185.94,Paid
O005864,C0083,P0007,2025-12-28,1,61.98,Paid
O005865,C0022,P0013,2025-12-28,3,129.78,Paid
O005866,C0765,P0015,2025-12-28,2,104.6,Paid
O005867,C0256,P0016,2025-12-28,1,29.82,Paid
O005868,C0607,P0011,2025-12-28,1,43.82,Paid
O005869,C0334,P0012,2025-12-28,2,79.86,Paid
O005870,C0148,P0016,2025-12-28,1,29.82,Paid
O005871,C0354,P0021,2025-12-28,3,353.34,Paid
O005872,C0718,P0023,2025-12-28,1,125.46,Paid
O005873,C0228,P0017,2025-12-28,3,370.14,Organic
O005874,C0197,P0026,2025-12-28,3,53.58,Paid
O005875,C0530,P0025,2025-12-28,2,92.12,Paid
O005876,C0225,P0040,2025-12-28,1,35.3,Paid
O005877,C0689,P0033,2025-12-28,2,167.96,Paid
O005878,C0404,P0003,2025-12-28,3,293.91,Organic
O005879,C0039,P0002,2025-12-28,2,449.32,Organic
O005880,C0665,P0002,2025-12-28,1,224.66,Paid
O005881,C0375,P0011,2025-12-28,2,87.64,Paid
O005882,C0092,P0015,2025-12-28,1,52.3,Paid
O005883,C0426,P0013,2025-12-28,3,129.78,Paid
O005884,C0168,P0015,2025-12-28,3,156.9,Paid
O005885,C0159,P0015,2025-12-28,2,104.6,Paid
O005886,C0258,P0010,2025-12-28,2,73.06,Email
O005887,C0492,P0010,2025-12-28,1,36.53,Paid
O005888,C0020,P0020,2025-12-28,1,112.73,Email
O005889,C0318,P0024,2025-12-28,1,106.97,Paid
O005890,C0287,P0017,2025-12-28,3,370.14,Paid
O005891,C0606,P0020,2025-12-28,1,112.73,Organic
O005892,C0362,P0020,2025-12-28,3,338.19,Paid
O005893,C0744,P0029,2025-12-28,1,22.89,Paid
O005894,C0375,P0029,2025-12-28,2,45.78,Email
O005895,C0561,P0040,2025-12-28,1,35.3,Paid
O005896,C0643,P0035,2025-12-28,2,192.86,Paid
O005897,C0129,P0007,2025-12-29,1,61.98,Paid
O005898,C0559,P0013,2025-12-29,1,43.26,Paid
O005899,C0280,P0023,2025-12-29,2,250.92,Paid
O005900,C0618,P0030,2025-12-29,2,32.02,Email
O005901,C0080,P0026,2025-12-29,1,17.86,Paid
O005902,C0222,P0027,2025-12-29,2,89.92,Referral
O005903,C0139,P0028,2025-12-29,3,68.16,Paid
O005904,C0118,P0031,2025-12-29,3,89.55,Organic
O005905,C0411,P0030,2025-12-29,2,32.02,Paid
O005906,C0177,P0035,2025-12-29,1,96.43,Paid
O005907,C0186,P0036,2025-12-29,1,28.53,Email
O005908,C0796,P0005,2025-12-29,2,353.1,Paid
O005909,C0512,P0005,2025-12-29,1,176.55,Paid
O005910,C0789,P0007,2025-12-29,2,123.96,Paid
O005911,C0709,P0003,2025-12-29,1,97.97,Paid
O005912,C0590,P0010,2025-12-29,2,73.06,Paid
O005913,C0007,P0010,2025-12-29,3,109.59,Paid
O005914,C0021,P0012,2025-12-29,2,79.86,Organic
O005915,C0208,P0023,2025-12-29,1,125.46,Paid
O005916,C0726,P0017,2025-12-29,1,123.38,Paid
O005917,C0753,P0018,2025-12-29,2,173.42,Paid
O005918,C0756,P0025,2025-12-29,2,92.12,Paid
O005919,C0758,P0026,2025-12-29,3,53.58,Paid
O005920,C0604,P0039,2025-12-29,1,18.78,Paid
O005921,C0427,P0035,2025-12-29,2,192.86,Paid
O005922,C0735,P0001,2025-12-29,3,941.58,Organic
O005923,C0429,P0003,2025-12-29,1,97.97,Paid
O005924,C0638,P0002,2025-12-29,2,449.32,Organic
O005925,C0462,P0001,2025-12-29,2,627.72,Paid
O005926,C0351,P0016,2025-12-29,2,59.64,Paid
O005927,C0620,P0020,2025-12-29,2,225.46,Organic
O005928,C0432,P0020,2025-12-29,3,338.19,Paid
O005929,C0767,P0023,2025-12-29,3,376.38,Paid
O005930,C0697,P0030,2025-12-29,3,48.03,Paid
O005931,C0324,P0030,2025-12-29,2,32.02,Paid
O005932,C0162,P0039,2025-12-29,1,18.78,Paid
O005933,C0623,P0034,2025-12-29,1,93.55,Paid
O005934,C0352,P0033,2025-12-29,1,83.98,Paid
O005935,C0083,P0037,2025-12-29,2,164.62,Paid
O005936,C0037,P0005,2025-12-29,2,353.1,Email
O005937,C0159,P0006,2025-12-29,1,159.2,Paid
O005938,C0513,P0016,2025-12-29,2,59.64,Organic
O005939,C0686,P0024,2025-12-29,1,106.97,Organic
O005940,C0499,P0020,2025-12-29,1,112.73,Paid
O005941,C0062,P0020,2025-12-29,2,225.46,Paid
O005942,C0394,P0027,2025-12-29,3,134.88,Paid
O005943,C0690,P0025,2025-12-29,1,46.06,Referral
O005944,C0609,P0038,2025-12-29,1,103.02,Paid
O005945,C0727,P0007,2025-12-30,1,61.98,Paid
O005946,C0414,P0002,2025-12-30,1,224.66,Paid
O005947,C0483,P0006,2025-12-30,3,477.6,Paid
O005948,C0544,P0005,2025-12-30,1,176.55,Organic
O005949,C0260,P0011,2025-12-30,1,43.82,Organic
O005950,C0414,P0014,2025-12-30,1,61.43,Paid
O005951,C0731,P0011,2025-12-30,2,87.64,Paid
O005952,C0123,P0022,2025-12-30,1,130.38,Paid
O005953,C0332,P0024,2025-12-30,2,213.94,Paid
O005954,C0470,P0021,2025-12-30,2,235.56,Email
O005955,C0355,P0032,2025-12-30,3,32.97,Referral
O005956,C0559,P0039,2025-12-30,2,37.56,Paid
O005957,C0370,P0004,2025-12-30,3,353.1,Organic
O005958,C0680,P0008,2025-12-30,2,372.6,Organic
O005959,C0285,P0004,2025-12-30,1,117.7,Paid
O005960,C0566,P0003,2025-12-30,2,195.94,Paid
O005961,C0420,P0002,2025-12-30,1,224.66,Organic
O005962,C0738,P0012,2025-12-30,2,79.86,Email
O005963,C0285,P0015,2025-12-30,1,52.3,Email
O005964,C0205,P0021,2025-12-30,2,235.56,Paid
O005965,C0760,P0019,2025-12-30,2,159.18,Paid
O005966,C0116,P0030,2025-12-30,2,32.02,Email
O005967,C0198,P0036,2025-12-30,1,28.53,Paid
O005968,C0616,P0035,2025-12-30,3,289.29,Paid
O005969,C0007,P0040,2025-12-30,1,35.3,Referral
O005970,C0778,P0008,2025-12-30,2,372.6,Paid
O005971,C0497,P0001,2025-12-30,2,627.72,Paid
O005972,C0514,P0005,2025-12-30,2,353.1,Paid
O005973,C0238,P0024,2025-12-30,3,320.91,Paid
O005974,C0162,P0020,2025-12-30,3,338.19,Organic
O005975,C0153,P0017,2025-12-30,2,246.76,Paid
O005976,C0268,P0019,2025-12-30,3,238.77,Email
O005977,C0478,P0022,2025-12-30,2,260.76,Paid
O005978,C0429,P0029,2025-12-30,1,22.89,Paid
O005979,C0114,P0025,2025-12-30,2,92.12,Paid
O005980,C0314,P0003,2025-12-30,3,293.91,Organic
O005981,C0555,P0017,2025-12-30,3,370.14,Paid
O005982,C0492,P0017,2025-12-30,2,246.76,Paid
O005983,C0397,P0020,2025-12-30,1,112.73,Organic
O005984,C0362,P0026,2025-12-30,3,53.58,Paid
O005985,C0249,P0031,2025-12-30,2,59.7,Paid
O005986,C0125,P0029,2025-12-30,1,22.89,Referral
O005987,C0633,P0026,2025-12-30,3,53.58,Organic
O005988,C0569,P0007,2025-12-31,1,61.98,Organic
O005989,C0736,P0008,2025-12-31,3,558.9,Organic
O005990,C0589,P0002,2025-12-31,2,449.32,Paid
O005991,C0594,P0008,2025-12-31,2,372.6,Paid
O005992,C0673,P0013,2025-12-31,3,129.78,Referral
O005993,C0363,P0011,2025-12-31,1,43.82,Paid
O005994,C0366,P0012,2025-12-31,1,39.93,Paid
O005995,C0049,P0017,2025-12-31,3,370.14,Organic
O005996,C0482,P0020,2025-12-31,1,112.73,Paid
O005997,C0446,P0031,2025-12-31,3,89.55,Paid
O005998,C0473,P0030,2025-12-31,1,16.01,Paid
O005999,C0749,P0028,2025-12-31,3,68.16,Paid
O006000,C0013,P0028,2025-12-31,1,22.72,Email
O006001,C0332,P0028,2025-12-31,1,22.72,Paid
O006002,C0065,P0028,2025-12-31,3,68.16,Organic
O006003,C0365,P0037,2025-12-31,3,246.93,Referral
O006004,C0048,P0006,2025-12-31,3,477.6,Paid
O006005,C0701,P0015,2025-12-31,1,52.3,Organic
O006006,C0510,P0018,2025-12-31,2,173.42,Paid
O006007,C0747,P0024,2025-12-31,2,213.94,Paid
O006008,C0076,P0027,2025-12-31,1,44.96,Paid
O006009,C0171,P0028,2025-12-31,2,45.44,Paid
O006010,C0095,P0025,2025-12-31,2,92.12,Paid
O006011,C0753,P0032,2025-12-31,2,21.98,Email
O006012,C0748,P0031,2025-12-31,3,89.55,Paid
O006013,C0789,P0035,2025-12-31,2,192.86,Paid
O006014,C0642,P0033,2025-12-31,2,167.96,Paid
O006015,C0170,P0038,2025-12-31,3,309.06,Paid
O006016,C0666,P0006,2025-12-31,2,318.4,Paid
O006017,C0682,P0002,2025-12-31,3,673.98,Paid
O006018,C0478,P0014,2025-12-31,3,184.29,Email
O006019,C0112,P0010,2025-12-31,3,109.59,Paid
O006020,C0225,P0009,2025-12-31,2,97.3,Referral
O006021,C0471,P0015,2025-12-31,3,156.9,Referral
O006022,C0770,P0021,2025-12-31,3,353.34,Email
O006023,C0663,P0020,2025-12-31,2,225.46,Paid
O006024,C0130,P0039,2025-12-31,3,56.34,Paid
O006025,C0439,P0039,2025-12-31,2,37.56,Paid
O006026,C0633,P0006,2025-12-31,3,477.6,Referral
O006027,C0271,P0001,2025-12-31,3,941.58,Paid
O006028,C0763,P0012,2025-12-31,3,119.79,Paid
O006029,C0655,P0021,2025-12-31,3,353.34,Paid
O006030,C0035,P0020,2025-12-31,2,225.46,Paid
O006031,C0039,P0019,2025-12-31,1,79.59,Paid
O006032,C0373,P0024,2025-12-31,3,320.91,Email
O006033,C0127,P0002,2026-01-01,2,449.32,Paid
O006034,C0343,P0001,2026-01-01,2,627.72,Paid
O006035,C0470,P0005,2026-01-01,2,353.1,Paid
O006036,C0027,P0007,2026-01-01,2,123.96,Paid
O006037,C0569,P0011,2026-01-01,3,131.46,Organic
O006038,C0775,P0017,2026-01-01,3,370.14,Paid
O006039,C0727,P0021,2026-01-01,2,235.56,Organic
O006040,C0255,P0017,2026-01-01,3,370.14,Paid
O006041,C0175,P0026,2026-01-01,1,17.86,Paid
O006042,C0027,P0028,2026-01-01,1,22.72,Email
O006043,C0526,P0035,2026-01-01,2,192.86,Paid
O006044,C0719,P0008,2026-01-01,3,558.9,Organic
O006045,C0692,P0002,2026-01-01,1,224.66,Paid
O006046,C0639,P0013,2026-01-01,2,86.52,Paid
O006047,C0659,P0015,2026-01-01,3,156.9,Paid
O006048,C0651,P0017,2026-01-01,3,370.14,Paid
O006049,C0285,P0028,2026-01-01,2,45.44,Paid
O006050,C0076,P0034,2026-01-01,2,187.1,Organic
O006051,C0429,P0002,2026-01-01,2,449.32,Paid
O006052,C0393,P0010,2026-01-01,1,36.53,Paid
O006053,C0704,P0024,2026-01-01,2,213.94,Email
O006054,C0324,P0020,2026-01-01,3,338.19,Paid
O006055,C0653,P0017,2026-01-01,2,246.76,Paid
O006056,C0023,P0021,2026-01-01,2,235.56,Paid
O006057,C0228,P0032,2026-01-01,1,10.99,Paid
O006058,C0720,P0029,2026-01-01,1,22.89,Paid
O006059,C0220,P0032,2026-01-01,3,32.97,Paid
O006060,C0192,P0030,2026-01-01,3,48.03,Paid
O006061,C0313,P0028,2026-01-01,2,45.44,Organic
O006062,C0151,P0038,2026-01-01,1,103.02,Paid
O006063,C0416,P0007,2026-01-01,1,61.98,Email
O006064,C0798,P0002,2026-01-01,1,224.66,Paid
O006065,C0401,P0010,2026-01-01,2,73.06,Paid
O006066,C0459,P0011,2026-01-01,2,87.64,Paid
O006067,C0218,P0014,2026-01-01,1,61.43,Paid
O006068,C0069,P0010,2026-01-01,3,109.59,Paid
O006069,C0035,P0024,2026-01-01,3,320.91,Paid
O006070,C0593,P0023,2026-01-01,1,125.46,Paid
O006071,C0703,P0028,2026-01-01,1,22.72,Paid
O006072,C0403,P0029,2026-01-01,1,22.89,Paid
O006073,C0051,P0032,2026-01-01,1,10.99,Paid
O006074,C0199,P0037,2026-01-01,2,164.62,Paid
O006075,C0763,P0037,2026-01-01,2,164.62,Paid
O006076,C0740,P0034,2026-01-01,3,280.65,Paid
O006077,C0569,P0003,2026-01-02,2,195.94,Organic
O006078,C0269,P0006,2026-01-02,3,477.6,Paid
O006079,C0131,P0003,2026-01-02,2,195.94,Paid
O006080,C0587,P0003,2026-01-02,3,293.91,Email
O006081,C0715,P0004,2026-01-02,3,353.1,Organic
O006082,C0080,P0006,2026-01-02,3,477.6,Paid
O006083,C0559,P0008,2026-01-02,3,558.9,Paid
O006084,C0027,P0016,2026-01-02,3,89.46,Email
O006085,C0742,P0016,2026-01-02,3,89.46,Paid
O006086,C0435,P0018,2026-01-02,2,173.42,Referral
O006087,C0455,P0021,2026-01-02,3,353.34,Paid
O006088,C0202,P0021,2026-01-02,1,117.78,Paid
O006089,C0173,P0019,2026-01-02,1,79.59,Referral
O006090,C0742,P0022,2026-01-02,1,130.38,Email
O006091,C0678,P0026,2026-01-02,3,53.58,Paid
O006092,C0303,P0033,2026-01-02,2,167.96,Paid
O006093,C0421,P0035,2026-01-02,3,289.29,Paid
O006094,C0365,P0040,2026-01-02,1,35.3,Paid
O006095,C0618,P0037,2026-01-02,1,82.31,Paid
O006096,C0409,P0006,2026-01-02,3,477.6,Paid
O006097,C0086,P0010,2026-01-02,3,109.59,Paid
O006098,C0028,P0016,2026-01-02,1,29.82,Paid
O006099,C0190,P0024,2026-01-02,1,106.97,Paid
O006100,C0474,P0023,2026-01-02,1,125.46,Paid
O006101,C0073,P0022,2026-01-02,2,260.76,Paid
O006102,C0433,P0021,2026-01-02,3,353.34,Email
O006103,C0533,P0028,2026-01-02,2,45.44,Paid
O006104,C0047,P0029,2026-01-02,3,68.67,Paid
O006105,C0347,P0029,2026-01-02,3,68.67,Paid
O006106,C0656,P0037,2026-01-02,3,246.93,Email
O006107,C0785,P0035,2026-01-02,2,192.86,Email
O006108,C0602,P0036,2026-01-02,2,57.06,Paid
O006109,C0420,P0035,2026-01-02,1,96.43,Email
O006110,C0758,P0033,2026-01-02,1,83.98,Email
O006111,C0770,P0006,2026-01-02,3,477.6,Email
O006112,C0413,P0008,2026-01-02,3,558.9,Paid
O006113,C0565,P0014,2026-01-02,1,61.43,Paid
O006114,C0075,P0011,2026-01-02,2,87.64,Organic
O006115,C0044,P0020,2026-01-02,1,112.73,Paid
O006116,C0661,P0028,2026-01-02,1,22.72,Paid
O006117,C0036,P0026,2026-01-02,1,17.86,Email
O006118,C0516,P0036,2026-01-02,3,85.59,Email
O006119,C0043,P0006,2026-01-02,2,318.4,Paid
O006120,C0020,P0002,2026-01-02,1,224.66,Paid
O006121,C0396,P0006,2026-01-02,3,477.6,Organic
O006122,C0597,P0003,2026-01-02,3,293.91,Paid
O006123,C0287,P0013,2026-01-02,2,86.52,Paid
O006124,C0373,P0017,2026-01-02,1,123.38,Paid
O006125,C0159,P0022,2026-01-02,2,260.76,Paid
O006126,C0688,P0021,2026-01-02,1,117.78,Paid
O006127,C0603,P0030,2026-01-02,2,32.02,Paid
O006128,C0608,P0032,2026-01-02,2,21.98,Organic
O006129,C0603,P0026,2026-01-02,2,35.72,Email
O006130,C0375,P0032,2026-01-02,2,21.98,Paid
O006131,C0790,P0030,2026-01-02,3,48.03,Paid
O006132,C0469,P0026,2026-01-02,1,17.86,Paid
O006133,C0286,P0037,2026-01-02,1,82.31,Email
O006134,C0403,P0035,2026-01-02,3,289.29,Paid
O006135,C0443,P0003,2026-01-03,3,293.91,Paid
O006136,C0299,P0004,2026-01-03,3,353.1,Paid
O006137,C0482,P0001,2026-01-03,2,627.72,Paid
O006138,C0202,P0015,2026-01-03,2,104.6,Referral
O006139,C0361,P0016,2026-01-03,1,29.82,Paid
O006140,C0421,P0015,2026-01-03,3,156.9,Email
O006141,C0202,P0014,2026-01-03,2,122.86,Paid
O006142,C0714,P0012,2026-01-03,1,39.93,Paid
O006143,C0332,P0015,2026-01-03,3,156.9,Email
O006144,C0621,P0019,2026-01-03,3,238.77,Paid
O006145,C0797,P0018,2026-01-03,3,260.13,Paid
O006146,C0723,P0025,2026-01-03,3,138.18,Paid
O006147,C0278,P0036,2026-01-03,3,85.59,Paid
O006148,C0411,P0033,2026-01-03,2,167.96,Paid
O006149,C0715,P0038,2026-01-03,1,103.02,Email
O006150,C0641,P0040,2026-01-03,1,35.3,Paid
O006151,C0769,P0001,2026-01-03,1,313.86,Referral
O006152,C0789,P0003,2026-01-03,2,195.94,Paid
O006153,C0602,P0003,2026-01-03,2,195.94,Paid
O006154,C0330,P0008,2026-01-03,2,372.6,Paid
O006155,C0276,P0011,2026-01-03,2,87.64,Paid
O006156,C0604,P0012,2026-01-03,1,39.93,Email
O006157,C0275,P0024,2026-01-03,2,213.94,Email
O006158,C0267,P0023,2026-01-03,2,250.92,Paid
O006159,C0003,P0024,2026-01-03,1,106.97,Paid
O006160,C0777,P0019,2026-01-03,1,79.59,Email
O006161,C0484,P0018,2026-01-03,1,86.71,Paid
O006162,C0409,P0027,2026-01-03,1,44.96,Paid
O006163,C0599,P0035,2026-01-03,2,192.86,Paid
O006164,C0652,P0036,2026-01-03,1,28.53,Paid
O006165,C0605,P0037,2026-01-03,2,164.62,Paid
O006166,C0494,P0036,2026-01-03,3,85.59,Paid
O006167,C0171,P0040,2026-01-03,1,35.3,Paid
O006168,C0682,P0001,2026-01-03,1,313.86,Email
O006169,C0084,P0002,2026-01-03,3,673.98,Email
O006170,C0647,P0015,2026-01-03,3,156.9,Paid
O006171,C0148,P0016,2026-01-03,1,29.82,Email
O006172,C0514,P0019,2026-01-03,1,79.59,Email
O006173,C0669,P0028,2026-01-03,3,68.16,Paid
O006174,C0663,P0031,2026-01-03,1,29.85,Paid
O006175,C0636,P0033,2026-01-03,1,83.98,Organic
O006176,C0558,P0035,2026-01-03,1,96.43,Paid
O006177,C0334,P0036,2026-01-03,1,28.53,Paid
O006178,C0025,P0038,2026-01-03,2,206.04,Paid
O006179,C0718,P0037,2026-01-03,2,164.62,Organic
O006180,C0492,P0008,2026-01-03,1,186.3,Organic
O006181,C0634,P0001,2026-01-03,1,313.86,Organic
O006182,C0492,P0003,2026-01-03,1,97.97,Paid
O006183,C0287,P0016,2026-01-03,3,89.46,Paid
O006184,C0271,P0009,2026-01-03,2,97.3,Organic
O006185,C0790,P0019,2026-01-03,3,238.77,Paid
O006186,C0362,P0021,2026-01-03,3,353.34,Paid
O006187,C0745,P0023,2026-01-03,2,250.92,Paid
O006188,C0688,P0021,2026-01-03,2,235.56,Organic
O006189,C0716,P0029,2026-01-03,3,68.67,Paid
O006190,C0149,P0031,2026-01-03,1,29.85,Email
O006191,C0562,P0027,2026-01-03,1,44.96,Paid
O006192,C0441,P0029,2026-01-03,1,22.89,Paid
O006193,C0397,P0037,2026-01-03,1,82.31,Organic
O006194,C0441,P0037,2026-01-03,3,246.93,Paid
O006195,C0029,P0035,2026-01-03,3,289.29,Email
O006196,C0600,P0007,2026-01-04,3,185.94,Paid
O006197,C0455,P0004,2026-01-04,1,117.7,Organic
O006198,C0013,P0007,2026-01-04,1,61.98,Paid
O006199,C0549,P0003,2026-01-04,2,195.94,Paid
O006200,C0797,P0001,2026-01-04,3,941.58,Paid
O006201,C0768,P0001,2026-01-04,3,941.58,Paid
O006202,C0155,P0015,2026-01-04,1,52.3,Paid
O006203,C0736,P0014,2026-01-04,1,61.43,Paid
O006204,C0505,P0009,2026-01-04,3,145.95,Paid
O006205,C0110,P0021,2026-01-04,2,235.56,Organic
O006206,C0657,P0024,2026-01-04,3,320.91,Paid
O006207,C0544,P0022,2026-01-04,2,260.76,Paid
O006208,C0435,P0031,2026-01-04,3,89.55,Organic
O006209,C0303,P0026,2026-01-04,2,35.72,Paid
O006210,C0421,P0032,2026-01-04,3,32.97,Organic
O006211,C0142,P0025,2026-01-04,2,92.12,Paid
O006212,C0723,P0039,2026-01-04,2,37.56,Paid
O006213,C0742,P0033,2026-01-04,2,167.96,Paid
O006214,C0142,P0040,2026-01-04,2,70.6,Paid
O006215,C0388,P0001,2026-01-04,2,627.72,Paid
O006216,C0659,P0001,2026-01-04,1,313.86,Paid
O006217,C0552,P0016,2026-01-04,1,29.82,Paid
O006218,C0267,P0010,2026-01-04,1,36.53,Paid
O006219,C0656,P0016,2026-01-04,2,59.64,Paid
O006220,C0086,P0009,2026-01-04,3,145.95,Paid
O006221,C0417,P0017,2026-01-04,3,370.14,Organic
O006222,C0076,P0023,2026-01-04,2,250.92,Paid
O006223,C0604,P0020,2026-01-04,2,225.46,Paid
O006224,C0489,P0032,2026-01-04,2,21.98,Paid
O006225,C0240,P0025,2026-01-04,1,46.06,Referral
O006226,C0786,P0031,2026-01-04,1,29.85,Paid
O006227,C0079,P0030,2026-01-04,2,32.02,Paid
O006228,C0034,P0037,2026-01-04,2,164.62,Email
O006229,C0274,P0037,2026-01-04,1,82.31,Organic
O006230,C0243,P0039,2026-01-04,3,56.34,Paid
O006231,C0103,P0008,2026-01-04,3,558.9,Paid
O006232,C0113,P0002,2026-01-04,3,673.98,Organic
O006233,C0151,P0011,2026-01-04,3,131.46,Paid
O006234,C0102,P0011,2026-01-04,1,43.82,Paid
O006235,C0695,P0016,2026-01-04,3,89.46,Paid
O006236,C0162,P0011,2026-01-04,3,131.46,Paid
O006237,C0197,P0012,2026-01-04,2,79.86,Paid
O006238,C0755,P0023,2026-01-04,1,125.46,Paid
O006239,C0272,P0027,2026-01-04,3,134.88,Paid
O006240,C0755,P0038,2026-01-04,3,309.06,Email
O006241,C0036,P0039,2026-01-04,2,37.56,Referral
O006242,C0316,P0036,2026-01-04,2,57.06,Paid
O006243,C0582,P0006,2026-01-04,2,318.4,Organic
O006244,C0499,P0013,2026-01-04,1,43.26,Paid
O006245,C0314,P0013,2026-01-04,2,86.52,Paid
O006246,C0693,P0014,2026-01-04,2,122.86,Paid
O006247,C0515,P0022,2026-01-04,2,260.76,Email
O006248,C0525,P0021,2026-01-04,2,235.56,Paid
O006249,C0056,P0019,2026-01-04,3,238.77,Organic
O006250,C0790,P0018,2026-01-04,3,260.13,Organic
O006251,C0149,P0028,2026-01-04,1,22.72,Paid
O006252,C0626,P0030,2026-01-04,2,32.02,Paid
O006253,C0763,P0039,2026-01-04,2,37.56,Organic
O006254,C0101,P0035,2026-01-04,1,96.43,Organic
O006255,C0569,P0005,2026-01-05,1,176.55,Organic
O006256,C0657,P0001,2026-01-05,1,313.86,Paid
O006257,C0107,P0030,2026-01-05,1,16.01,Organic
O006258,C0363,P0039,2026-01-05,1,18.78,Paid
O006259,C0011,P0037,2026-01-05,1,82.31,Email
O006260,C0080,P0036,2026-01-05,3,85.59,Paid
O006261,C0800,P0037,2026-01-05,2,164.62,Paid
O006262,C0601,P0036,2026-01-05,2,57.06,Referral
O006263,C0028,P0002,2026-01-05,3,673.98,Organic
O006264,C0052,P0007,2026-01-05,2,123.96,Paid
O006265,C0793,P0013,2026-01-05,1,43.26,Paid
O006266,C0158,P0023,2026-01-05,2,250.92,Paid
O006267,C0158,P0021,2026-01-05,3,353.34,Referral
O006268,C0007,P0032,2026-01-05,3,32.97,Paid
O006269,C0464,P0008,2026-01-05,1,186.3,Email
O006270,C0704,P0014,2026-01-05,3,184.29,Paid
O006271,C0263,P0013,2026-01-05,2,86.52,Email
O006272,C0268,P0015,2026-01-05,3,156.9,Paid
O006273,C0661,P0020,2026-01-05,2,225.46,Paid
O006274,C0148,P0017,2026-01-05,2,246.76,Organic
O006275,C0031,P0025,2026-01-05,2,92.12,Referral
O006276,C0630,P0039,2026-01-05,2,37.56,Organic
O006277,C0697,P0034,2026-01-05,2,187.1,Paid
O006278,C0140,P0008,2026-01-05,1,186.3,Email
O006279,C0101,P0003,2026-01-05,1,97.97,Email
O006280,C0234,P0017,2026-01-05,2,246.76,Email
O006281,C0500,P0018,2026-01-05,2,173.42,Paid
O006282,C0740,P0028,2026-01-05,2,45.44,Paid
O006283,C0426,P0031,2026-01-05,1,29.85,Paid
O006284,C0655,P0026,2026-01-05,1,17.86,Paid
O006285,C0310,P0028,2026-01-05,3,68.16,Referral
O006286,C0134,P0031,2026-01-05,3,89.55,Paid
O006287,C0305,P0038,2026-01-05,3,309.06,Paid
O006288,C0395,P0003,2026-01-06,2,195.94,Paid
O006289,C0308,P0008,2026-01-06,1,186.3,Paid
O006290,C0641,P0014,2026-01-06,3,184.29,Paid
O006291,C0435,P0009,2026-01-06,1,48.65,Organic
O006292,C0186,P0011,2026-01-06,3,131.46,Paid
O006293,C0411,P0024,2026-01-06,1,106.97,Organic
O006294,C0583,P0017,2026-01-06,2,246.76,Paid
O006295,C0625,P0022,2026-01-06,1,130.38,Email
O006296,C0118,P0024,2026-01-06,2,213.94,Organic
O006297,C0414,P0019,2026-01-06,3,238.77,Paid
O006298,C0543,P0032,2026-01-06,1,10.99,Paid
O006299,C0549,P0031,2026-01-06,3,89.55,Paid
O006300,C0543,P0030,2026-01-06,1,16.01,Paid
O006301,C0175,P0025,2026-01-06,3,138.18,Paid
O006302,C0418,P0038,2026-01-06,1,103.02,Paid
O006303,C0278,P0037,2026-01-06,1,82.31,Paid
O006304,C0546,P0015,2026-01-06,3,156.9,Paid
O006305,C0408,P0020,2026-01-06,1,112.73,Paid
O006306,C0250,P0020,2026-01-06,2,225.46,Organic
O006307,C0578,P0020,2026-01-06,2,225.46,Paid
O006308,C0198,P0019,2026-01-06,3,238.77,Paid
O006309,C0591,P0027,2026-01-06,2,89.92,Paid
O006310,C0463,P0026,2026-01-06,1,17.86,Organic
O006311,C0699,P0027,2026-01-06,3,134.88,Paid
O006312,C0034,P0030,2026-01-06,1,16.01,Paid
O006313,C0158,P0040,2026-01-06,1,35.3,Paid
O006314,C0750,P0034,2026-01-06,2,187.1,Paid
O006315,C0652,P0034,2026-01-06,2,187.1,Paid
O006316,C0158,P0035,2026-01-06,3,289.29,Paid
O006317,C0774,P0035,2026-01-06,2,192.86,Paid
O006318,C0156,P0004,2026-01-06,3,353.1,Paid
O006319,C0653,P0013,2026-01-06,2,86.52,Organic
O006320,C0272,P0015,2026-01-06,2,104.6,Email
O006321,C0708,P0015,2026-01-06,3,156.9,Paid
O006322,C0130,P0022,2026-01-06,2,260.76,Paid
O006323,C0008,P0030,2026-01-06,3,48.03,Paid
O006324,C0638,P0031,2026-01-06,2,59.7,Paid
O006325,C0579,P0025,2026-01-06,1,46.06,Paid
O006326,C0153,P0026,2026-01-06,1,17.86,Paid
O006327,C0620,P0030,2026-01-06,2,32.02,Paid
O006328,C0449,P0030,2026-01-06,2,32.02,Paid
O006329,C0449,P0029,2026-01-06,2,45.78,Paid
O006330,C0666,P0035,2026-01-06,1,96.43,Paid
O006331,C0336,P0038,2026-01-06,1,103.02,Paid
O006332,C0172,P0039,2026-01-06,2,37.56,Paid
O006333,C0706,P0039,2026-01-06,3,56.34,Email
O006334,C0150,P0014,2026-01-06,1,61.43,Paid
O006335,C0108,P0015,2026-01-06,3,156.9,Paid
O006336,C0798,P0024,2026-01-06,2,213.94,Email
O006337,C0794,P0018,2026-01-06,3,260.13,Paid
O006338,C0703,P0024,2026-01-06,3,320.91,Paid
O006339,C0428,P0023,2026-01-06,3,376.38,Organic
O006340,C0209,P0029,2026-01-06,3,68.67,Paid
O006341,C0593,P0029,2026-01-06,2,45.78,Referral
O006342,C0618,P0007,2026-01-07,2,123.96,Paid
O006343,C0038,P0003,2026-01-07,1,97.97,Paid
O006344,C0524,P0014,2026-01-07,1,61.43,Paid
O006345,C0202,P0012,2026-01-07,1,39.93,Paid
O006346,C0081,P0016,2026-01-07,1,29.82,Email
O006347,C0788,P0016,2026-01-07,1,29.82,Paid
O006348,C0594,P0009,2026-01-07,3,145.95,Paid
O006349,C0193,P0018,2026-01-07,2,173.42,Paid
O006350,C0284,P0022,2026-01-07,1,130.38,Paid
O006351,C0255,P0026,2026-01-07,1,17.86,Paid
O006352,C0446,P0027,2026-01-07,3,134.88,Paid
O006353,C0361,P0037,2026-01-07,3,246.93,Paid
O006354,C0519,P0036,2026-01-07,2,57.06,Paid
O006355,C0241,P0008,2026-01-07,3,558.9,Paid
O006356,C0387,P0002,2026-01-07,1,224.66,Email
O006357,C0073,P0012,2026-01-07,1,39.93,Referral
O006358,C0796,P0010,2026-01-07,1,36.53,Paid
O006359,C0481,P0013,2026-01-07,3,129.78,Paid
O006360,C0417,P0017,2026-01-07,1,123.38,Organic
O006361,C0728,P0019,2026-01-07,1,79.59,Paid
O006362,C0076,P0027,2026-01-07,2,89.92,Organic
O006363,C0604,P0027,2026-01-07,1,44.96,Paid
O006364,C0721,P0026,2026-01-07,1,17.86,Paid
O006365,C0760,P0030,2026-01-07,1,16.01,Paid
O006366,C0116,P0034,2026-01-07,3,280.65,Paid
O006367,C0681,P0040,2026-01-07,1,35.3,Paid
O006368,C0210,P0005,2026-01-07,2,353.1,Referral
O006369,C0215,P0001,2026-01-07,2,627.72,Paid
O006370,C0077,P0014,2026-01-07,2,122.86,Referral
O006371,C0023,P0023,2026-01-07,2,250.92,Email
O006372,C0611,P0022,2026-01-07,2,260.76,Organic
O006373,C0765,P0024,2026-01-07,2,213.94,Paid
O006374,C0653,P0025,2026-01-07,3,138.18,Referral
O006375,C0239,P0026,2026-01-07,3,53.58,Referral
O006376,C0567,P0031,2026-01-07,2,59.7,Organic
O006377,C0720,P0037,2026-01-07,3,246.93,Paid
O006378,C0120,P0038,2026-01-07,3,309.06,Organic
O006379,C0530,P0037,2026-01-07,1,82.31,Paid
O006380,C0702,P0004,2026-01-07,2,235.4,Organic
O006381,C0745,P0005,2026-01-07,2,353.1,Paid
O006382,C0561,P0015,2026-01-07,3,156.9,Paid
O006383,C0159,P0016,2026-01-07,1,29.82,Paid
O006384,C0581,P0011,2026-01-07,1,43.82,Paid
O006385,C0790,P0015,2026-01-07,3,156.9,Paid
O006386,C0665,P0009,2026-01-07,2,97.3,Paid
O006387,C0757,P0009,2026-01-07,3,145.95,Paid
O006388,C0525,P0009,2026-01-07,2,97.3,Organic
O006389,C0056,P0017,2026-01-07,2,246.76,Paid
O006390,C0459,P0024,2026-01-07,3,320.91,Paid
O006391,C0426,P0022,2026-01-07,1,130.38,Email
O006392,C0163,P0018,2026-01-07,1,86.71,Organic
O006393,C0609,P0022,2026-01-07,1,130.38,Paid
O006394,C0798,P0017,2026-01-07,3,370.14,Paid
O006395,C0059,P0025,2026-01-07,1,46.06,Paid
O006396,C0561,P0026,2026-01-07,3,53.58,Email
O006397,C0396,P0026,2026-01-07,3,53.58,Email
O006398,C0271,P0025,2026-01-07,1,46.06,Paid
O006399,C0394,P0040,2026-01-07,1,35.3,Email
O006400,C0332,P0007,2026-01-08,3,185.94,Paid
O006401,C0521,P0007,2026-01-08,3,185.94,Paid
O006402,C0203,P0004,2026-01-08,1,117.7,Paid
O006403,C0343,P0014,2026-01-08,3,184.29,Email
O006404,C0074,P0014,2026-01-08,1,61.43,Paid
O006405,C0508,P0011,2026-01-08,1,43.82,Email
O006406,C0446,P0014,2026-01-08,1,61.43,Paid
O006407,C0325,P0022,2026-01-08,2,260.76,Paid
O006408,C0280,P0020,2026-01-08,3,338.19,Paid
O006409,C0131,P0021,2026-01-08,2,235.56,Email
O006410,C0123,P0020,2026-01-08,1,112.73,Paid
O006411,C0123,P0030,2026-01-08,3,48.03,Paid
O006412,C0049,P0032,2026-01-08,1,10.99,Email
O006413,C0165,P0025,2026-01-08,3,138.18,Organic
O006414,C0155,P0032,2026-01-08,2,21.98,Paid
O006415,C0203,P0032,2026-01-08,1,10.99,Paid
O006416,C0080,P0028,2026-01-08,2,45.44,Email
O006417,C0097,P0039,2026-01-08,3,56.34,Paid
O006418,C0337,P0035,2026-01-08,1,96.43,Paid
O006419,C0076,P0004,2026-01-08,1,117.7,Paid
O006420,C0154,P0008,2026-01-08,1,186.3,Email
O006421,C0427,P0003,2026-01-08,2,195.94,Paid
O006422,C0231,P0007,2026-01-08,1,61.98,Email
O006423,C0616,P0010,2026-01-08,1,36.53,Paid
O006424,C0347,P0023,2026-01-08,1,125.46,Paid
O006425,C0358,P0017,2026-01-08,2,246.76,Organic
O006426,C0447,P0025,2026-01-08,3,138.18,Paid
O006427,C0330,P0029,2026-01-08,2,45.78,Paid
O006428,C0629,P0033,2026-01-08,3,251.94,Paid
O006429,C0616,P0037,2026-01-08,3,246.93,Paid
O006430,C0672,P0035,2026-01-08,2,192.86,Email
O006431,C0220,P0005,2026-01-08,3,529.65,Paid
O006432,C0646,P0001,2026-01-08,1,313.86,Paid
O006433,C0130,P0009,2026-01-08,1,48.65,Paid
O006434,C0031,P0014,2026-01-08,1,61.43,Paid
O006435,C0413,P0011,2026-01-08,2,87.64,Paid
O006436,C0113,P0019,2026-01-08,1,79.59,Paid
O006437,C0023,P0023,2026-01-08,1,125.46,Paid
O006438,C0351,P0032,2026-01-08,1,10.99,Referral
O006439,C0206,P0028,2026-01-08,2,45.44,Paid
O006440,C0220,P0032,2026-01-08,1,10.99,Organic
O006441,C0023,P0029,2026-01-08,3,68.67,Organic
O006442,C0360,P0035,2026-01-08,2,192.86,Email
O006443,C0010,P0035,2026-01-08,2,192.86,Paid
O006444,C0054,P0040,2026-01-08,2,70.6,Paid
O006445,C0499,P0009,2026-01-08,3,145.95,Paid
O006446,C0291,P0016,2026-01-08,2,59.64,Paid
O006447,C0218,P0018,2026-01-08,3,260.13,Email
O006448,C0375,P0029,2026-01-08,3,68.67,Paid
O006449,C0416,P0033,2026-01-08,1,83.98,Referral
O006450,C0545,P0006,2026-01-09,3,477.6,Paid
O006451,C0677,P0014,2026-01-09,1,61.43,Email
O006452,C0038,P0016,2026-01-09,2,59.64,Paid
O006453,C0678,P0012,2026-01-09,1,39.93,Paid
O006454,C0046,P0022,2026-01-09,3,391.14,Paid
O006455,C0482,P0031,2026-01-09,3,89.55,Paid
O006456,C0280,P0025,2026-01-09,1,46.06,Paid
O006457,C0482,P0037,2026-01-09,1,82.31,Organic
O006458,C0657,P0035,2026-01-09,2,192.86,Paid
O006459,C0435,P0036,2026-01-09,2,57.06,Paid
O006460,C0446,P0035,2026-01-09,3,289.29,Referral
O006461,C0594,P0034,2026-01-09,3,280.65,Referral
O006462,C0662,P0039,2026-01-09,1,18.78,Paid
O006463,C0796,P0003,2026-01-09,1,97.97,Organic
O006464,C0208,P0006,2026-01-09,1,159.2,Paid
O006465,C0490,P0009,2026-01-09,2,97.3,Referral
O006466,C0728,P0015,2026-01-09,1,52.3,Paid
O006467,C0494,P0009,2026-01-09,3,145.95,Paid
O006468,C0243,P0022,2026-01-09,1,130.38,Organic
O006469,C0552,P0020,2026-01-09,2,225.46,Paid
O006470,C0323,P0030,2026-01-09,1,16.01,Paid
O006471,C0095,P0033,2026-01-09,3,251.94,Email
O006472,C0786,P0035,2026-01-09,2,192.86,Paid
O006473,C0644,P0039,2026-01-09,1,18.78,Paid
O006474,C0796,P0035,2026-01-09,3,289.29,Paid
O006475,C0616,P0039,2026-01-09,1,18.78,Paid
O006476,C0786,P0038,2026-01-09,3,309.06,Paid
O006477,C0077,P0002,2026-01-09,1,224.66,Referral
O006478,C0112,P0020,2026-01-09,3,338.19,Paid
O006479,C0799,P0025,2026-01-09,2,92.12,Paid
O006480,C0025,P0028,2026-01-09,2,45.44,Paid
O006481,C0256,P0035,2026-01-09,3,289.29,Paid
O006482,C0030,P0006,2026-01-09,2,318.4,Paid
O006483,C0002,P0006,2026-01-09,2,318.4,Paid
O006484,C0306,P0008,2026-01-09,2,372.6,Paid
O006485,C0318,P0014,2026-01-09,1,61.43,Paid
O006486,C0375,P0012,2026-01-09,3,119.79,Paid
O006487,C0199,P0021,2026-01-09,2,235.56,Paid
O006488,C0234,P0028,2026-01-09,2,45.44,Paid
O006489,C0665,P0028,2026-01-09,1,22.72,Paid
O006490,C0664,P0031,2026-01-09,2,59.7,Email
O006491,C0790,P0032,2026-01-09,3,32.97,Paid
O006492,C0349,P0036,2026-01-09,2,57.06,Paid
O006493,C0421,P0005,2026-01-10,2,353.1,Email
O006494,C0545,P0005,2026-01-10,3,529.65,Paid
O006495,C0543,P0007,2026-01-10,2,123.96,Paid
O006496,C0654,P0009,2026-01-10,2,97.3,Paid
O006497,C0468,P0016,2026-01-10,2,59.64,Paid
O006498,C0483,P0014,2026-01-10,3,184.29,Paid
O006499,C0559,P0013,2026-01-10,1,43.26,Paid
O006500,C0741,P0014,2026-01-10,2,122.86,Paid
O006501,C0293,P0011,2026-01-10,1,43.82,Email
O006502,C0165,P0016,2026-01-10,2,59.64,Paid
O006503,C0011,P0013,2026-01-10,3,129.78,Paid
O006504,C0361,P0024,2026-01-10,1,106.97,Paid
O006505,C0772,P0021,2026-01-10,3,353.34,Paid
O006506,C0473,P0021,2026-01-10,1,117.78,Paid
O006507,C0065,P0018,2026-01-10,3,260.13,Organic
O006508,C0526,P0031,2026-01-10,3,89.55,Paid
O006509,C0095,P0016,2026-01-10,3,89.46,Paid
O006510,C0274,P0023,2026-01-10,2,250.92,Paid
O006511,C0410,P0022,2026-01-10,2,260.76,Organic
O006512,C0128,P0023,2026-01-10,1,125.46,Paid
O006513,C0463,P0020,2026-01-10,1,112.73,Paid
O006514,C0298,P0027,2026-01-10,3,134.88,Paid
O006515,C0698,P0025,2026-01-10,2,92.12,Paid
O006516,C0316,P0001,2026-01-10,2,627.72,Paid
O006517,C0755,P0006,2026-01-10,1,159.2,Organic
O006518,C0429,P0003,2026-01-10,1,97.97,Paid
O006519,C0087,P0004,2026-01-10,2,235.4,Paid
O006520,C0354,P0002,2026-01-10,3,673.98,Paid
O006521,C0516,P0004,2026-01-10,1,117.7,Paid
O006522,C0480,P0004,2026-01-10,3,353.1,Paid
O006523,C0663,P0010,2026-01-10,1,36.53,Paid
O006524,C0571,P0016,2026-01-10,2,59.64,Paid
O006525,C0770,P0013,2026-01-10,1,43.26,Paid
O006526,C0718,P0010,2026-01-10,1,36.53,Paid
O006527,C0637,P0017,2026-01-10,2,246.76,Paid
O006528,C0023,P0022,2026-01-10,1,130.38,Organic
O006529,C0439,P0032,2026-01-10,1,10.99,Paid
O006530,C0638,P0030,2026-01-10,1,16.01,Paid
O006531,C0206,P0040,2026-01-10,3,105.9,Paid
O006532,C0668,P0040,2026-01-10,1,35.3,Paid
O006533,C0650,P0033,2026-01-10,1,83.98,Paid
O006534,C0745,P0007,2026-01-10,3,185.94,Email
O006535,C0633,P0014,2026-01-10,1,61.43,Paid
O006536,C0035,P0014,2026-01-10,1,61.43,Organic
O006537,C0645,P0021,2026-01-10,3,353.34,Paid
O006538,C0059,P0017,2026-01-10,2,246.76,Paid
O006539,C0187,P0021,2026-01-10,1,117.78,Paid
O006540,C0125,P0018,2026-01-10,2,173.42,Paid
O006541,C0403,P0029,2026-01-10,2,45.78,Organic
O006542,C0487,P0028,2026-01-10,2,45.44,Paid
O006543,C0100,P0037,2026-01-10,2,164.62,Paid
O006544,C0404,P0034,2026-01-10,1,93.55,Paid
O006545,C0603,P0038,2026-01-10,3,309.06,Email
O006546,C0277,P0003,2026-01-11,3,293.91,Email
O006547,C0677,P0004,2026-01-11,1,117.7,Organic
O006548,C0549,P0006,2026-01-11,1,159.2,Paid
O006549,C0678,P0006,2026-01-11,2,318.4,Referral
O006550,C0118,P0001,2026-01-11,3,941.58,Paid
O006551,C0673,P0016,2026-01-11,2,59.64,Paid
O006552,C0679,P0014,2026-01-11,3,184.29,Paid
O006553,C0343,P0011,2026-01-11,2,87.64,Organic
O006554,C0292,P0024,2026-01-11,2,213.94,Referral
O006555,C0110,P0017,2026-01-11,3,370.14,Paid
O006556,C0470,P0021,2026-01-11,3,353.34,Paid
O006557,C0341,P0030,2026-01-11,1,16.01,Organic
O006558,C0679,P0025,2026-01-11,2,92.12,Paid
O006559,C0264,P0040,2026-01-11,3,105.9,Paid
O006560,C0644,P0004,2026-01-11,2,235.4,Organic
O006561,C0474,P0008,2026-01-11,2,372.6,Paid
O006562,C0463,P0005,2026-01-11,1,176.55,Paid
O006563,C0302,P0002,2026-01-11,2,449.32,Referral
O006564,C0659,P0004,2026-01-11,2,235.4,Paid
O006565,C0481,P0013,2026-01-11,3,129.78,Organic
O006566,C0739,P0009,2026-01-11,3,145.95,Organic
O006567,C0016,P0016,2026-01-11,1,29.82,Paid
O006568,C0427,P0013,2026-01-11,3,129.78,Paid
O006569,C0777,P0023,2026-01-11,3,376.38,Referral
O006570,C0137,P0026,2026-01-11,3,53.58,Referral
O006571,C0546,P0032,2026-01-11,1,10.99,Paid
O006572,C0415,P0037,2026-01-11,2,164.62,Organic
O006573,C0796,P0036,2026-01-11,3,85.59,Email
O006574,C0276,P0035,2026-01-11,2,192.86,Paid
O006575,C0427,P0036,2026-01-11,1,28.53,Organic
O006576,C0382,P0036,2026-01-11,3,85.59,Paid
O006577,C0786,P0036,2026-01-11,1,28.53,Paid
O006578,C0604,P0037,2026-01-11,1,82.31,Email
O006579,C0153,P0008,2026-01-11,1,186.3,Paid
O006580,C0326,P0008,2026-01-11,3,558.9,Paid
O006581,C0718,P0002,2026-01-11,2,449.32,Paid
O006582,C0324,P0006,2026-01-11,3,477.6,Paid
O006583,C0112,P0010,2026-01-11,2,73.06,Paid
O006584,C0334,P0014,2026-01-11,2,122.86,Email
O006585,C0579,P0011,2026-01-11,3,131.46,Paid
O006586,C0558,P0014,2026-01-11,3,184.29,Email
O006587,C0720,P0017,2026-01-11,1,123.38,Paid
O006588,C0334,P0022,2026-01-11,1,130.38,Paid
O006589,C0324,P0018,2026-01-11,3,260.13,Paid
O006590,C0713,P0017,2026-01-11,3,370.14,Paid
O006591,C0211,P0026,2026-01-11,3,53.58,Paid
O006592,C0022,P0028,2026-01-11,1,22.72,Paid
O006593,C0288,P0030,2026-01-11,1,16.01,Paid
O006594,C0580,P0035,2026-01-11,3,289.29,Email
O006595,C0765,P0036,2026-01-11,2,57.06,Email
O006596,C0159,P0004,2026-01-11,3,353.1,Paid
O006597,C0029,P0004,2026-01-11,2,235.4,Paid
O006598,C0794,P0016,2026-01-11,1,29.82,Paid
O006599,C0134,P0011,2026-01-11,2,87.64,Paid
O006600,C0791,P0012,2026-01-11,3,119.79,Organic
O006601,C0020,P0019,2026-01-11,1,79.59,Paid
O006602,C0149,P0019,2026-01-11,3,238.77,Paid
O006603,C0487,P0024,2026-01-11,2,213.94,Referral
O006604,C0562,P0027,2026-01-11,2,89.92,Email
O006605,C0403,P0030,2026-01-11,1,16.01,Paid
O006606,C0117,P0030,2026-01-11,3,48.03,Paid
O006607,C0062,P0040,2026-01-11,2,70.6,Paid
O006608,C0305,P0038,2026-01-11,1,103.02,Paid
O006609,C0310,P0036,2026-01-11,1,28.53,Paid
O006610,C0037,P0036,2026-01-11,2,57.06,Paid
O006611,C0064,P0001,2026-01-12,1,313.86,Paid
O006612,C0544,P0029,2026-01-12,1,22.89,Referral
O006613,C0618,P0029,2026-01-12,3,68.67,Paid
O006614,C0094,P0030,2026-01-12,1,16.01,Paid
O006615,C0618,P0031,2026-01-12,1,29.85,Paid
O006616,C0559,P0039,2026-01-12,2,37.56,Paid
O006617,C0479,P0001,2026-01-12,3,941.58,Email
O006618,C0382,P0002,2026-01-12,2,449.32,Paid
O006619,C0758,P0008,2026-01-12,2,372.6,Paid
O006620,C0777,P0016,2026-01-12,3,89.46,Organic
O006621,C0774,P0016,2026-01-12,3,89.46,Paid
O006622,C0739,P0009,2026-01-12,1,48.65,Paid
O006623,C0481,P0015,2026-01-12,3,156.9,Organic
O006624,C0276,P0011,2026-01-12,3,131.46,Paid
O006625,C0719,P0009,2026-01-12,3,145.95,Paid
O006626,C0793,P0011,2026-01-12,3,131.46,Paid
O006627,C0285,P0009,2026-01-12,2,97.3,Organic
O006628,C0274,P0022,2026-01-12,1,130.38,Paid
O006629,C0639,P0019,2026-01-12,1,79.59,Paid
O006630,C0033,P0032,2026-01-12,2,21.98,Paid
O006631,C0576,P0031,2026-01-12,3,89.55,Paid
O006632,C0656,P0029,2026-01-12,1,22.89,Email
O006633,C0659,P0032,2026-01-12,2,21.98,Email
O006634,C0003,P0033,2026-01-12,2,167.96,Email
O006635,C0636,P0008,2026-01-12,1,186.3,Email
O006636,C0424,P0015,2026-01-12,2,104.6,Referral
O006637,C0393,P0015,2026-01-12,3,156.9,Organic
O006638,C0496,P0009,2026-01-12,3,145.95,Paid
O006639,C0523,P0021,2026-01-12,1,117.78,Paid
O006640,C0156,P0021,2026-01-12,2,235.56,Paid
O006641,C0211,P0017,2026-01-12,1,123.38,Paid
O006642,C0439,P0032,2026-01-12,3,32.97,Organic
O006643,C0354,P0026,2026-01-12,3,53.58,Paid
O006644,C0530,P0039,2026-01-12,2,37.56,Paid
O006645,C0352,P0035,2026-01-12,3,289.29,Referral
O006646,C0439,P0039,2026-01-12,2,37.56,Paid
O006647,C0770,P0036,2026-01-12,1,28.53,Paid
O006648,C0567,P0039,2026-01-12,1,18.78,Paid
O006649,C0084,P0036,2026-01-12,3,85.59,Paid
O006650,C0664,P0016,2026-01-12,1,29.82,Paid
O006651,C0037,P0015,2026-01-12,3,156.9,Paid
O006652,C0787,P0015,2026-01-12,1,52.3,Paid
O006653,C0574,P0010,2026-01-12,2,73.06,Email
O006654,C0247,P0023,2026-01-12,1,125.46,Paid
O006655,C0291,P0032,2026-01-12,3,32.97,Paid
O006656,C0249,P0027,2026-01-12,3,134.88,Paid
O006657,C0140,P0029,2026-01-12,2,45.78,Paid
O006658,C0603,P0031,2026-01-12,2,59.7,Paid
O006659,C0150,P0027,2026-01-12,2,89.92,Paid
O006660,C0247,P0034,2026-01-12,3,280.65,Paid
O006661,C0561,P0035,2026-01-12,1,96.43,Paid
O006662,C0589,P0001,2026-01-13,1,313.86,Paid
O006663,C0625,P0006,2026-01-13,3,477.6,Paid
O006664,C0011,P0007,2026-01-13,3,185.94,Paid
O006665,C0361,P0020,2026-01-13,2,225.46,Paid
O006666,C0348,P0024,2026-01-13,1,106.97,Paid
O006667,C0325,P0026,2026-01-13,3,53.58,Email
O006668,C0618,P0025,2026-01-13,3,138.18,Referral
O006669,C0673,P0033,2026-01-13,3,251.94,Paid
O006670,C0046,P0035,2026-01-13,2,192.86,Paid
O006671,C0576,P0001,2026-01-13,2,627.72,Paid
O006672,C0463,P0005,2026-01-13,1,176.55,Paid
O006673,C0408,P0022,2026-01-13,1,130.38,Referral
O006674,C0190,P0018,2026-01-13,1,86.71,Paid
O006675,C0433,P0021,2026-01-13,3,353.34,Paid
O006676,C0190,P0022,2026-01-13,3,391.14,Organic
O006677,C0728,P0025,2026-01-13,3,138.18,Paid
O006678,C0116,P0025,2026-01-13,1,46.06,Paid
O006679,C0602,P0033,2026-01-13,3,251.94,Paid
O006680,C0760,P0035,2026-01-13,1,96.43,Paid
O006681,C0289,P0004,2026-01-13,1,117.7,Paid
O006682,C0183,P0010,2026-01-13,3,109.59,Organic
O006683,C0424,P0016,2026-01-13,2,59.64,Paid
O006684,C0735,P0013,2026-01-13,3,129.78,Paid
O006685,C0425,P0012,2026-01-13,3,119.79,Paid
O006686,C0799,P0009,2026-01-13,1,48.65,Paid
O006687,C0010,P0009,2026-01-13,1,48.65,Email
O006688,C0480,P0020,2026-01-13,2,225.46,Organic
O006689,C0220,P0023,2026-01-13,2,250.92,Paid
O006690,C0077,P0029,2026-01-13,3,68.67,Organic
O006691,C0706,P0038,2026-01-13,3,309.06,Email
O006692,C0166,P0040,2026-01-13,3,105.9,Email
O006693,C0499,P0003,2026-01-13,3,293.91,Paid
O006694,C0227,P0001,2026-01-13,3,941.58,Paid
O006695,C0037,P0007,2026-01-13,1,61.98,Organic
O006696,C0634,P0007,2026-01-13,2,123.96,Paid
O006697,C0707,P0016,2026-01-13,3,89.46,Paid
O006698,C0104,P0012,2026-01-13,2,79.86,Paid
O006699,C0730,P0013,2026-01-13,3,129.78,Organic
O006700,C0712,P0016,2026-01-13,1,29.82,Referral
O006701,C0385,P0015,2026-01-13,3,156.9,Paid
O006702,C0273,P0017,2026-01-13,3,370.14,Paid
O006703,C0108,P0021,2026-01-13,3,353.34,Paid
O006704,C0551,P0040,2026-01-13,1,35.3,Paid
O006705,C0487,P0035,2026-01-13,2,192.86,Paid
O006706,C0252,P0033,2026-01-13,3,251.94,Organic
O006707,C0306,P0040,2026-01-13,2,70.6,Paid
O006708,C0174,P0034,2026-01-13,2,187.1,Organic
O006709,C0355,P0001,2026-01-14,2,627.72,Paid
O006710,C0118,P0016,2026-01-14,2,59.64,Paid
O006711,C0724,P0010,2026-01-14,1,36.53,Paid
O006712,C0594,P0016,2026-01-14,3,89.46,Paid
O006713,C0299,P0020,2026-01-14,1,112.73,Paid
O006714,C0483,P0022,2026-01-14,2,260.76,Paid
O006715,C0587,P0019,2026-01-14,3,238.77,Paid
O006716,C0074,P0022,2026-01-14,2,260.76,Organic
O006717,C0081,P0025,2026-01-14,3,138.18,Paid
O006718,C0556,P0032,2026-01-14,1,10.99,Email
O006719,C0662,P0031,2026-01-14,2,59.7,Referral
O006720,C0775,P0037,2026-01-14,3,246.93,Email
O006721,C0065,P0037,2026-01-14,1,82.31,Paid
O006722,C0749,P0033,2026-01-14,1,83.98,Paid
O006723,C0186,P0037,2026-01-14,3,246.93,Paid
O006724,C0785,P0005,2026-01-14,2,353.1,Paid
O006725,C0746,P0001,2026-01-14,2,627.72,Paid
O006726,C0491,P0008,2026-01-14,2,372.6,Paid
O006727,C0285,P0016,2026-01-14,1,29.82,Organic
O006728,C0116,P0018,2026-01-14,2,173.42,Organic
O006729,C0489,P0017,2026-01-14,3,370.14,Referral
O006730,C0250,P0018,2026-01-14,3,260.13,Paid
O006731,C0358,P0021,2026-01-14,1,117.78,Paid
O006732,C0034,P0018,2026-01-14,1,86.71,Paid
O006733,C0405,P0030,2026-01-14,2,32.02,Paid
O006734,C0320,P0027,2026-01-14,1,44.96,Paid
O006735,C0266,P0025,2026-01-14,1,46.06,Paid
O006736,C0405,P0025,2026-01-14,3,138.18,Email
O006737,C0335,P0028,2026-01-14,2,45.44,Paid
O006738,C0047,P0039,2026-01-14,3,56.34,Paid
O006739,C0566,P0035,2026-01-14,3,289.29,Organic
O006740,C0073,P0038,2026-01-14,2,206.04,Organic
O006741,C0681,P0039,2026-01-14,2,37.56,Paid
O006742,C0479,P0040,2026-01-14,1,35.3,Paid
O006743,C0432,P0008,2026-01-14,1,186.3,Organic
O006744,C0706,P0016,2026-01-14,2,59.64,Organic
O006745,C0239,P0013,2026-01-14,2,86.52,Paid
O006746,C0708,P0012,2026-01-14,3,119.79,Paid
O006747,C0456,P0011,2026-01-14,2,87.64,Paid
O006748,C0668,P0020,2026-01-14,1,112.73,Paid
O006749,C0585,P0017,2026-01-14,3,370.14,Paid
O006750,C0215,P0030,2026-01-14,2,32.02,Paid
O006751,C0071,P0025,2026-01-14,1,46.06,Paid
O006752,C0611,P0036,2026-01-14,1,28.53,Organic
O006753,C0579,P0036,2026-01-14,3,85.59,Email
O006754,C0307,P0008,2026-01-14,2,372.6,Paid
O006755,C0035,P0003,2026-01-14,3,293.91,Paid
O006756,C0125,P0002,2026-01-14,1,224.66,Organic
O006757,C0005,P0009,2026-01-14,3,145.95,Referral
O006758,C0394,P0009,2026-01-14,3,145.95,Paid
O006759,C0318,P0016,2026-01-14,1,29.82,Organic
O006760,C0179,P0024,2026-01-14,1,106.97,Paid
O006761,C0029,P0022,2026-01-14,3,391.14,Organic
O006762,C0501,P0021,2026-01-14,1,117.78,Email
O006763,C0745,P0023,2026-01-14,1,125.46,Organic
O006764,C0487,P0022,2026-01-14,2,260.76,Paid
O006765,C0664,P0033,2026-01-14,1,83.98,Paid
O006766,C0233,P0038,2026-01-14,3,309.06,Email
O006767,C0703,P0036,2026-01-14,3,85.59,Paid
O006768,C0255,P0015,2026-01-15,2,104.6,Paid
O006769,C0292,P0020,2026-01-15,3,338.19,Paid
O006770,C0684,P0017,2026-01-15,3,370.14,Paid
O006771,C0797,P0022,2026-01-15,2,260.76,Organic
O006772,C0011,P0028,2026-01-15,1,22.72,Paid
O006773,C0193,P0040,2026-01-15,2,70.6,Paid
O006774,C0158,P0003,2026-01-15,3,293.91,Paid
O006775,C0557,P0005,2026-01-15,1,176.55,Paid
O006776,C0079,P0004,2026-01-15,1,117.7,Paid
O006777,C0137,P0011,2026-01-15,3,131.46,Paid
O006778,C0566,P0009,2026-01-15,2,97.3,Paid
O006779,C0359,P0016,2026-01-15,3,89.46,Email
O006780,C0330,P0012,2026-01-15,3,119.79,Email
O006781,C0370,P0021,2026-01-15,1,117.78,Organic
O006782,C0073,P0022,2026-01-15,2,260.76,Organic
O006783,C0323,P0022,2026-01-15,3,391.14,Paid
O006784,C0640,P0017,2026-01-15,3,370.14,Paid
O006785,C0566,P0019,2026-01-15,3,238.77,Paid
O006786,C0274,P0029,2026-01-15,2,45.78,Organic
O006787,C0616,P0027,2026-01-15,2,89.92,Paid
O006788,C0747,P0035,2026-01-15,1,96.43,Paid
O006789,C0076,P0036,2026-01-15,1,28.53,Paid
O006790,C0671,P0033,2026-01-15,1,83.98,Email
O006791,C0250,P0038,2026-01-15,2,206.04,Email
O006792,C0756,P0035,2026-01-15,2,192.86,Paid
O006793,C0151,P0007,2026-01-15,2,123.96,Paid
O006794,C0336,P0005,2026-01-15,1,176.55,Paid
O006795,C0765,P0005,2026-01-15,3,529.65,Email
O006796,C0478,P0014,2026-01-15,1,61.43,Paid
O006797,C0424,P0010,2026-01-15,1,36.53,Paid
O006798,C0148,P0028,2026-01-15,2,45.44,Paid
O006799,C0044,P0030,2026-01-15,1,16.01,Paid
O006800,C0296,P0027,2026-01-15,1,44.96,Paid
O006801,C0425,P0026,2026-01-15,2,35.72,Paid
O006802,C0572,P0035,2026-01-15,3,289.29,Organic
O006803,C0708,P0038,2026-01-15,2,206.04,Paid
O006804,C0225,P0039,2026-01-15,3,56.34,Paid
O006805,C0134,P0003,2026-01-15,1,97.97,Organic
O006806,C0150,P0004,2026-01-15,2,235.4,Paid
O006807,C0199,P0011,2026-01-15,1,43.82,Organic
O006808,C0597,P0009,2026-01-15,2,97.3,Referral
O006809,C0271,P0010,2026-01-15,1,36.53,Paid
O006810,C0209,P0024,2026-01-15,1,106.97,Organic
O006811,C0690,P0018,2026-01-15,3,260.13,Paid
O006812,C0290,P0019,2026-01-15,1,79.59,Paid
O006813,C0364,P0017,2026-01-15,3,370.14,Paid
O006814,C0686,P0028,2026-01-15,1,22.72,Paid
O006815,C0305,P0037,2026-01-15,2,164.62,Paid
O006816,C0089,P0037,2026-01-15,1,82.31,Paid
O006817,C0563,P0039,2026-01-15,2,37.56,Paid
O006818,C0547,P0038,2026-01-15,2,206.04,Paid
O006819,C0727,P0001,2026-01-16,2,627.72,Paid
O006820,C0641,P0008,2026-01-16,3,558.9,Paid
O006821,C0526,P0010,2026-01-16,1,36.53,Paid
O006822,C0421,P0020,2026-01-16,1,112.73,Paid
O006823,C0549,P0017,2026-01-16,1,123.38,Paid
O006824,C0421,P0032,2026-01-16,1,10.99,Organic
O006825,C0038,P0032,2026-01-16,1,10.99,Organic
O006826,C0600,P0038,2026-01-16,2,206.04,Paid
O006827,C0423,P0002,2026-01-16,1,224.66,Paid
O006828,C0335,P0003,2026-01-16,2,195.94,Paid
O006829,C0683,P0007,2026-01-16,1,61.98,Paid
O006830,C0796,P0015,2026-01-16,3,156.9,Paid
O006831,C0786,P0010,2026-01-16,2,73.06,Paid
O006832,C0612,P0024,2026-01-16,3,320.91,Paid
O006833,C0250,P0024,2026-01-16,2,213.94,Paid
O006834,C0769,P0028,2026-01-16,3,68.16,Email
O006835,C0796,P0033,2026-01-16,1,83.98,Email
O006836,C0003,P0033,2026-01-16,1,83.98,Paid
O006837,C0463,P0039,2026-01-16,2,37.56,Paid
O006838,C0735,P0008,2026-01-16,2,372.6,Referral
O006839,C0238,P0007,2026-01-16,2,123.96,Organic
O006840,C0023,P0002,2026-01-16,2,449.32,Paid
O006841,C0044,P0003,2026-01-16,3,293.91,Paid
O006842,C0516,P0010,2026-01-16,1,36.53,Paid
O006843,C0166,P0011,2026-01-16,3,131.46,Paid
O006844,C0637,P0022,2026-01-16,1,130.38,Paid
O006845,C0151,P0022,2026-01-16,3,391.14,Paid
O006846,C0720,P0017,2026-01-16,1,123.38,Paid
O006847,C0480,P0032,2026-01-16,2,21.98,Organic
O006848,C0682,P0025,2026-01-16,1,46.06,Paid
O006849,C0078,P0029,2026-01-16,2,45.78,Paid
O006850,C0523,P0032,2026-01-16,3,32.97,Email
O006851,C0669,P0027,2026-01-16,1,44.96,Paid
O006852,C0517,P0039,2026-01-16,1,18.78,Organic
O006853,C0256,P0037,2026-01-16,3,246.93,Paid
O006854,C0400,P0034,2026-01-16,3,280.65,Organic
O006855,C0520,P0009,2026-01-16,1,48.65,Paid
O006856,C0762,P0016,2026-01-16,2,59.64,Email
O006857,C0501,P0013,2026-01-16,1,43.26,Paid
O006858,C0542,P0024,2026-01-16,3,320.91,Email
O006859,C0100,P0030,2026-01-16,1,16.01,Paid
O006860,C0002,P0030,2026-01-16,3,48.03,Paid
O006861,C0147,P0025,2026-01-16,2,92.12,Paid
O006862,C0349,P0033,2026-01-16,2,167.96,Organic
O006863,C0367,P0036,2026-01-16,3,85.59,Paid
O006864,C0601,P0006,2026-01-17,2,318.4,Paid
O006865,C0482,P0006,2026-01-17,2,318.4,Paid
O006866,C0308,P0001,2026-01-17,1,313.86,Paid
O006867,C0454,P0016,2026-01-17,3,89.46,Paid
O006868,C0284,P0013,2026-01-17,3,129.78,Email
O006869,C0177,P0010,2026-01-17,3,109.59,Paid
O006870,C0414,P0010,2026-01-17,1,36.53,Paid
O006871,C0519,P0014,2026-01-17,1,61.43,Email
O006872,C0421,P0009,2026-01-17,2,97.3,Paid
O006873,C0678,P0014,2026-01-17,3,184.29,Paid
O006874,C0662,P0022,2026-01-17,3,391.14,Paid
O006875,C0118,P0023,2026-01-17,1,125.46,Paid
O006876,C0559,P0029,2026-01-17,1,22.89,Paid
O006877,C0559,P0035,2026-01-17,1,96.43,Paid
O006878,C0549,P0035,2026-01-17,3,289.29,Paid
O006879,C0311,P0040,2026-01-17,3,105.9,Paid
O006880,C0800,P0037,2026-01-17,3,246.93,Organic
O006881,C0259,P0040,2026-01-17,3,105.9,Paid
O006882,C0378,P0033,2026-01-17,1,83.98,Paid
O006883,C0683,P0002,2026-01-17,1,224.66,Paid
O006884,C0116,P0010,2026-01-17,1,36.53,Paid
O006885,C0774,P0014,2026-01-17,2,122.86,Paid
O006886,C0566,P0010,2026-01-17,3,109.59,Paid
O006887,C0420,P0011,2026-01-17,2,87.64,Paid
O006888,C0388,P0019,2026-01-17,1,79.59,Paid
O006889,C0796,P0023,2026-01-17,1,125.46,Paid
O006890,C0748,P0021,2026-01-17,2,235.56,Organic
O006891,C0170,P0019,2026-01-17,1,79.59,Paid
O006892,C0283,P0030,2026-01-17,1,16.01,Organic
O006893,C0420,P0031,2026-01-17,3,89.55,Paid
O006894,C0304,P0025,2026-01-17,2,92.12,Paid
O006895,C0721,P0028,2026-01-17,2,45.44,Paid
O006896,C0410,P0032,2026-01-17,2,21.98,Paid
O006897,C0417,P0035,2026-01-17,3,289.29,Paid
O006898,C0182,P0039,2026-01-17,2,37.56,Paid
O006899,C0376,P0034,2026-01-17,2,187.1,Paid
O006900,C0747,P0033,2026-01-17,1,83.98,Paid
O006901,C0032,P0004,2026-01-17,3,353.1,Paid
O006902,C0300,P0014,2026-01-17,2,122.86,Paid
O006903,C0239,P0012,2026-01-17,1,39.93,Organic
O006904,C0103,P0016,2026-01-17,1,29.82,Paid
O006905,C0607,P0014,2026-01-17,3,184.29,Paid
O006906,C0075,P0024,2026-01-17,2,213.94,Paid
O006907,C0682,P0023,2026-01-17,1,125.46,Email
O006908,C0211,P0019,2026-01-17,1,79.59,Email
O006909,C0697,P0017,2026-01-17,3,370.14,Paid
O006910,C0580,P0031,2026-01-17,3,89.55,Paid
O006911,C0572,P0030,2026-01-17,1,16.01,Organic
O006912,C0075,P0025,2026-01-17,1,46.06,Email
O006913,C0010,P0029,2026-01-17,1,22.89,Paid
O006914,C0230,P0030,2026-01-17,3,48.03,Paid
O006915,C0682,P0040,2026-01-17,2,70.6,Paid
O006916,C0647,P0037,2026-01-17,3,246.93,Paid
O006917,C0230,P0038,2026-01-17,1,103.02,Paid
O006918,C0530,P0036,2026-01-17,3,85.59,Paid
O006919,C0394,P0003,2026-01-17,3,293.91,Paid
O006920,C0407,P0002,2026-01-17,2,449.32,Paid
O006921,C0218,P0005,2026-01-17,3,529.65,Paid
O006922,C0568,P0012,2026-01-17,1,39.93,Paid
O006923,C0195,P0021,2026-01-17,1,117.78,Paid
O006924,C0608,P0022,2026-01-17,2,260.76,Paid
O006925,C0729,P0024,2026-01-17,1,106.97,Organic
O006926,C0716,P0017,2026-01-17,2,246.76,Paid
O006927,C0568,P0022,2026-01-17,3,391.14,Email
O006928,C0199,P0018,2026-01-17,3,260.13,Paid
O006929,C0615,P0024,2026-01-17,2,213.94,Paid
O006930,C0615,P0029,2026-01-17,2,45.78,Paid
O006931,C0493,P0028,2026-01-17,3,68.16,Paid
O006932,C0655,P0034,2026-01-17,3,280.65,Organic
O006933,C0588,P0035,2026-01-17,3,289.29,Paid
O006934,C0525,P0037,2026-01-17,3,246.93,Paid
O006935,C0688,P0033,2026-01-17,3,251.94,Organic
O006936,C0741,P0008,2026-01-18,3,558.9,Email
O006937,C0348,P0006,2026-01-18,3,477.6,Paid
O006938,C0556,P0008,2026-01-18,3,558.9,Paid
O006939,C0411,P0015,2026-01-18,3,156.9,Paid
O006940,C0455,P0013,2026-01-18,1,43.26,Email
O006941,C0544,P0018,2026-01-18,2,173.42,Paid
O006942,C0142,P0026,2026-01-18,2,35.72,Email
O006943,C0049,P0031,2026-01-18,1,29.85,Paid
O006944,C0601,P0034,2026-01-18,3,280.65,Organic
O006945,C0490,P0015,2026-01-18,2,104.6,Paid
O006946,C0683,P0023,2026-01-18,3,376.38,Organic
O006947,C0267,P0028,2026-01-18,2,45.44,Paid
O006948,C0599,P0031,2026-01-18,2,59.7,Paid
O006949,C0266,P0027,2026-01-18,1,44.96,Paid
O006950,C0076,P0027,2026-01-18,3,134.88,Paid
O006951,C0685,P0038,2026-01-18,1,103.02,Paid
O006952,C0758,P0035,2026-01-18,3,289.29,Paid
O006953,C0044,P0004,2026-01-18,3,353.1,Paid
O006954,C0400,P0007,2026-01-18,1,61.98,Paid
O006955,C0239,P0001,2026-01-18,1,313.86,Referral
O006956,C0558,P0003,2026-01-18,1,97.97,Paid
O006957,C0354,P0014,2026-01-18,1,61.43,Paid
O006958,C0706,P0012,2026-01-18,3,119.79,Paid
O006959,C0023,P0013,2026-01-18,1,43.26,Paid
O006960,C0682,P0011,2026-01-18,1,43.82,Paid
O006961,C0530,P0016,2026-01-18,3,89.46,Paid
O006962,C0183,P0021,2026-01-18,2,235.56,Paid
O006963,C0767,P0021,2026-01-18,3,353.34,Paid
O006964,C0565,P0021,2026-01-18,2,235.56,Email
O006965,C0192,P0028,2026-01-18,1,22.72,Paid
O006966,C0025,P0030,2026-01-18,1,16.01,Paid
O006967,C0063,P0037,2026-01-18,1,82.31,Paid
O006968,C0103,P0040,2026-01-18,1,35.3,Organic
O006969,C0630,P0038,2026-01-18,3,309.06,Paid
O006970,C0663,P0036,2026-01-18,3,85.59,Paid
O006971,C0428,P0001,2026-01-18,2,627.72,Email
O006972,C0416,P0003,2026-01-18,2,195.94,Paid
O006973,C0053,P0005,2026-01-18,2,353.1,Paid
O006974,C0426,P0006,2026-01-18,1,159.2,Paid
O006975,C0703,P0010,2026-01-18,3,109.59,Paid
O006976,C0185,P0014,2026-01-18,3,184.29,Paid
O006977,C0209,P0010,2026-01-18,2,73.06,Paid
O006978,C0550,P0021,2026-01-18,1,117.78,Paid
O006979,C0056,P0022,2026-01-18,3,391.14,Paid
O006980,C0619,P0032,2026-01-18,3,32.97,Paid
O006981,C0500,P0027,2026-01-18,2,89.92,Referral
O006982,C0179,P0032,2026-01-18,3,32.97,Email
O006983,C0555,P0030,2026-01-18,1,16.01,Paid
O006984,C0030,P0038,2026-01-18,1,103.02,Paid
O006985,C0469,P0033,2026-01-18,3,251.94,Organic
O006986,C0062,P0038,2026-01-18,2,206.04,Email
O006987,C0664,P0036,2026-01-18,2,57.06,Paid
O006988,C0203,P0007,2026-01-19,3,185.94,Paid
O006989,C0368,P0006,2026-01-19,3,477.6,Paid
O006990,C0455,P0010,2026-01-19,1,36.53,Paid
O006991,C0293,P0020,2026-01-19,1,112.73,Email
O006992,C0800,P0024,2026-01-19,3,320.91,Paid
O006993,C0361,P0028,2026-01-19,3,68.16,Email
O006994,C0458,P0026,2026-01-19,2,35.72,Paid
O006995,C0503,P0038,2026-01-19,2,206.04,Organic
O006996,C0099,P0034,2026-01-19,1,93.55,Email
O006997,C0176,P0038,2026-01-19,2,206.04,Organic
O006998,C0629,P0007,2026-01-19,3,185.94,Paid
O006999,C0629,P0002,2026-01-19,1,224.66,Organic
O007000,C0047,P0005,2026-01-19,3,529.65,Referral
O007001,C0370,P0015,2026-01-19,3,156.9,Paid
O007002,C0747,P0012,2026-01-19,2,79.86,Paid
O007003,C0474,P0021,2026-01-19,2,235.56,Paid
O007004,C0699,P0025,2026-01-19,3,138.18,Organic
O007005,C0276,P0031,2026-01-19,3,89.55,Paid
O007006,C0243,P0032,2026-01-19,2,21.98,Referral
O007007,C0144,P0036,2026-01-19,2,57.06,Paid
O007008,C0275,P0034,2026-01-19,1,93.55,Organic
O007009,C0490,P0039,2026-01-19,1,18.78,Paid
O007010,C0565,P0014,2026-01-19,2,122.86,Paid
O007011,C0268,P0013,2026-01-19,2,86.52,Paid
O007012,C0351,P0019,2026-01-19,2,159.18,Paid
O007013,C0449,P0021,2026-01-19,3,353.34,Paid
O007014,C0351,P0025,2026-01-19,3,138.18,Paid
O007015,C0288,P0036,2026-01-19,2,57.06,Paid
O007016,C0354,P0035,2026-01-19,2,192.86,Paid
O007017,C0530,P0036,2026-01-19,3,85.59,Paid
O007018,C0770,P0035,2026-01-19,2,192.86,Referral
O007019,C0151,P0035,2026-01-19,1,96.43,Paid
O007020,C0069,P0002,2026-01-19,2,449.32,Paid
O007021,C0117,P0014,2026-01-19,2,122.86,Paid
O007022,C0762,P0009,2026-01-19,3,145.95,Paid
O007023,C0310,P0014,2026-01-19,1,61.43,Paid
O007024,C0364,P0012,2026-01-19,3,119.79,Email
O007025,C0588,P0023,2026-01-19,2,250.92,Organic
O007026,C0619,P0022,2026-01-19,3,391.14,Paid
O007027,C0092,P0019,2026-01-19,1,79.59,Email
O007028,C0068,P0032,2026-01-19,3,32.97,Paid
O007029,C0690,P0030,2026-01-19,3,48.03,Paid
O007030,C0686,P0040,2026-01-19,2,70.6,Paid
O007031,C0041,P0004,2026-01-20,2,235.4,Email
O007032,C0293,P0002,2026-01-20,1,224.66,Organic
O007033,C0303,P0014,2026-01-20,1,61.43,Paid
O007034,C0259,P0013,2026-01-20,3,129.78,Organic
O007035,C0505,P0023,2026-01-20,2,250.92,Paid
O007036,C0434,P0032,2026-01-20,1,10.99,Paid
O007037,C0714,P0028,2026-01-20,1,22.72,Paid
O007038,C0785,P0003,2026-01-20,1,97.97,Paid
O007039,C0171,P0004,2026-01-20,3,353.1,Email
O007040,C0642,P0007,2026-01-20,2,123.96,Email
O007041,C0226,P0010,2026-01-20,1,36.53,Paid
O007042,C0750,P0013,2026-01-20,2,86.52,Organic
O007043,C0198,P0019,2026-01-20,2,159.18,Paid
O007044,C0671,P0020,2026-01-20,3,338.19,Paid
O007045,C0728,P0022,2026-01-20,3,391.14,Email
O007046,C0533,P0017,2026-01-20,2,246.76,Paid
O007047,C0261,P0032,2026-01-20,3,32.97,Organic
O007048,C0415,P0026,2026-01-20,3,53.58,Paid
O007049,C0266,P0030,2026-01-20,2,32.02,Paid
O007050,C0021,P0035,2026-01-20,2,192.86,Paid
O007051,C0276,P0037,2026-01-20,1,82.31,Organic
O007052,C0711,P0033,2026-01-20,2,167.96,Paid
O007053,C0639,P0034,2026-01-20,2,187.1,Organic
O007054,C0153,P0013,2026-01-20,2,86.52,Referral
O007055,C0450,P0013,2026-01-20,3,129.78,Organic
O007056,C0669,P0010,2026-01-20,2,73.06,Paid
O007057,C0480,P0011,2026-01-20,3,131.46,Paid
O007058,C0114,P0017,2026-01-20,3,370.14,Paid
O007059,C0439,P0017,2026-01-20,3,370.14,Organic
O007060,C0256,P0023,2026-01-20,1,125.46,Paid
O007061,C0497,P0032,2026-01-20,1,10.99,Paid
O007062,C0571,P0031,2026-01-20,1,29.85,Paid
O007063,C0565,P0027,2026-01-20,2,89.92,Paid
O007064,C0462,P0039,2026-01-20,3,56.34,Organic
O007065,C0661,P0036,2026-01-20,1,28.53,Paid
O007066,C0577,P0033,2026-01-20,3,251.94,Organic
O007067,C0551,P0001,2026-01-20,2,627.72,Paid
O007068,C0459,P0003,2026-01-20,3,293.91,Paid
O007069,C0615,P0016,2026-01-20,3,89.46,Organic
O007070,C0564,P0013,2026-01-20,3,129.78,Paid
O007071,C0291,P0014,2026-01-20,1,61.43,Paid
O007072,C0459,P0017,2026-01-20,3,370.14,Organic
O007073,C0185,P0032,2026-01-20,1,10.99,Paid
O007074,C0582,P0030,2026-01-20,3,48.03,Paid
O007075,C0227,P0035,2026-01-20,3,289.29,Email
O007076,C0465,P0040,2026-01-20,3,105.9,Paid
O007077,C0390,P0038,2026-01-20,1,103.02,Email
O007078,C0608,P0036,2026-01-20,1,28.53,Paid
O007079,C0407,P0040,2026-01-20,1,35.3,Paid
O007080,C0662,P0001,2026-01-21,1,313.86,Paid
O007081,C0768,P0006,2026-01-21,1,159.2,Paid
O007082,C0618,P0001,2026-01-21,3,941.58,Paid
O007083,C0088,P0010,2026-01-21,3,109.59,Referral
O007084,C0098,P0021,2026-01-21,1,117.78,Paid
O007085,C0575,P0021,2026-01-21,2,235.56,Paid
O007086,C0332,P0017,2026-01-21,1,123.38,Paid
O007087,C0064,P0018,2026-01-21,2,173.42,Paid
O007088,C0601,P0032,2026-01-21,1,10.99,Email
O007089,C0654,P0035,2026-01-21,3,289.29,Paid
O007090,C0672,P0006,2026-01-21,3,477.6,Email
O007091,C0683,P0003,2026-01-21,1,97.97,Paid
O007092,C0671,P0002,2026-01-21,1,224.66,Organic
O007093,C0376,P0008,2026-01-21,3,558.9,Paid
O007094,C0370,P0020,2026-01-21,2,225.46,Paid
O007095,C0719,P0018,2026-01-21,3,260.13,Email
O007096,C0370,P0021,2026-01-21,1,117.78,Paid
O007097,C0384,P0024,2026-01-21,2,213.94,Organic
O007098,C0085,P0026,2026-01-21,1,17.86,Email
O007099,C0652,P0026,2026-01-21,2,35.72,Paid
O007100,C0656,P0027,2026-01-21,3,134.88,Organic
O007101,C0342,P0028,2026-01-21,2,45.44,Paid
O007102,C0760,P0034,2026-01-21,1,93.55,Email
O007103,C0447,P0036,2026-01-21,3,85.59,Organic
O007104,C0695,P0007,2026-01-21,2,123.96,Paid
O007105,C0145,P0007,2026-01-21,1,61.98,Organic
O007106,C0221,P0005,2026-01-21,2,353.1,Paid
O007107,C0708,P0011,2026-01-21,3,131.46,Email
O007108,C0585,P0024,2026-01-21,1,106.97,Paid
O007109,C0391,P0017,2026-01-21,1,123.38,Paid
O007110,C0206,P0018,2026-01-21,2,173.42,Paid
O007111,C0268,P0022,2026-01-21,1,130.38,Paid
O007112,C0114,P0019,2026-01-21,3,238.77,Paid
O007113,C0083,P0029,2026-01-21,1,22.89,Paid
O007114,C0706,P0025,2026-01-21,2,92.12,Organic
O007115,C0558,P0027,2026-01-21,3,134.88,Paid
O007116,C0228,P0038,2026-01-21,2,206.04,Organic
O007117,C0690,P0002,2026-01-21,3,673.98,Paid
O007118,C0501,P0004,2026-01-21,1,117.7,Paid
O007119,C0104,P0008,2026-01-21,1,186.3,Paid
O007120,C0525,P0007,2026-01-21,1,61.98,Referral
O007121,C0271,P0015,2026-01-21,1,52.3,Paid
O007122,C0609,P0024,2026-01-21,3,320.91,Organic
O007123,C0430,P0023,2026-01-21,1,125.46,Paid
O007124,C0174,P0027,2026-01-21,1,44.96,Paid
O007125,C0702,P0026,2026-01-21,3,53.58,Paid
O007126,C0185,P0032,2026-01-21,1,10.99,Paid
O007127,C0459,P0025,2026-01-21,2,92.12,Organic
O007128,C0252,P0034,2026-01-21,1,93.55,Paid
O007129,C0556,P0011,2026-01-22,2,87.64,Paid
O007130,C0260,P0018,2026-01-22,3,260.13,Paid
O007131,C0308,P0024,2026-01-22,1,106.97,Email
O007132,C0675,P0021,2026-01-22,2,235.56,Email
O007133,C0468,P0023,2026-01-22,3,376.38,Organic
O007134,C0772,P0025,2026-01-22,1,46.06,Email
O007135,C0203,P0032,2026-01-22,2,21.98,Paid
O007136,C0280,P0037,2026-01-22,2,164.62,Paid
O007137,C0440,P0034,2026-01-22,2,187.1,Paid
O007138,C0003,P0012,2026-01-22,2,79.86,Organic
O007139,C0405,P0017,2026-01-22,1,123.38,Paid
O007140,C0490,P0024,2026-01-22,3,320.91,Paid
O007141,C0128,P0023,2026-01-22,2,250.92,Paid
O007142,C0746,P0025,2026-01-22,2,92.12,Email
O007143,C0642,P0030,2026-01-22,3,48.03,Paid
O007144,C0387,P0030,2026-01-22,1,16.01,Paid
O007145,C0073,P0040,2026-01-22,3,105.9,Paid
O007146,C0383,P0033,2026-01-22,3,251.94,Email
O007147,C0659,P0038,2026-01-22,1,103.02,Paid
O007148,C0151,P0007,2026-01-22,1,61.98,Organic
O007149,C0113,P0008,2026-01-22,2,372.6,Paid
O007150,C0799,P0004,2026-01-22,2,235.4,Email
O007151,C0682,P0003,2026-01-22,3,293.91,Organic
O007152,C0352,P0015,2026-01-22,1,52.3,Paid
O007153,C0580,P0023,2026-01-22,1,125.46,Paid
O007154,C0527,P0024,2026-01-22,1,106.97,Paid
O007155,C0778,P0022,2026-01-22,2,260.76,Paid
O007156,C0211,P0021,2026-01-22,1,117.78,Organic
O007157,C0708,P0027,2026-01-22,1,44.96,Paid
O007158,C0646,P0028,2026-01-22,1,22.72,Referral
O007159,C0120,P0040,2026-01-22,2,70.6,Paid
O007160,C0445,P0037,2026-01-22,1,82.31,Referral
O007161,C0517,P0035,2026-01-22,2,192.86,Paid
O007162,C0075,P0037,2026-01-22,1,82.31,Organic
O007163,C0703,P0004,2026-01-22,3,353.1,Paid
O007164,C0762,P0012,2026-01-22,2,79.86,Paid
O007165,C0676,P0009,2026-01-22,1,48.65,Paid
O007166,C0030,P0009,2026-01-22,1,48.65,Email
O007167,C0125,P0011,2026-01-22,1,43.82,Paid
O007168,C0140,P0024,2026-01-22,2,213.94,Email
O007169,C0787,P0024,2026-01-22,2,213.94,Email
O007170,C0290,P0020,2026-01-22,3,338.19,Paid
O007171,C0199,P0026,2026-01-22,3,53.58,Organic
O007172,C0693,P0029,2026-01-22,2,45.78,Organic
O007173,C0515,P0036,2026-01-22,3,85.59,Email
O007174,C0100,P0037,2026-01-22,3,246.93,Referral
O007175,C0493,P0033,2026-01-22,2,167.96,Paid
O007176,C0676,P0033,2026-01-22,1,83.98,Paid
O007177,C0390,P0039,2026-01-22,2,37.56,Paid
O007178,C0657,P0001,2026-01-23,1,313.86,Paid
O007179,C0617,P0006,2026-01-23,3,477.6,Paid
O007180,C0772,P0003,2026-01-23,3,293.91,Paid
O007181,C0222,P0003,2026-01-23,1,97.97,Paid
O007182,C0155,P0016,2026-01-23,2,59.64,Paid
O007183,C0202,P0020,2026-01-23,1,112.73,Paid
O007184,C0332,P0018,2026-01-23,2,173.42,Paid
O007185,C0545,P0020,2026-01-23,1,112.73,Email
O007186,C0129,P0019,2026-01-23,2,159.18,Paid
O007187,C0395,P0022,2026-01-23,1,130.38,Paid
O007188,C0521,P0027,2026-01-23,2,89.92,Paid
O007189,C0308,P0037,2026-01-23,3,246.93,Paid
O007190,C0418,P0039,2026-01-23,1,18.78,Organic
O007191,C0243,P0005,2026-01-23,2,353.1,Paid
O007192,C0387,P0008,2026-01-23,2,372.6,Paid
O007193,C0671,P0002,2026-01-23,1,224.66,Referral
O007194,C0576,P0023,2026-01-23,1,125.46,Paid
O007195,C0644,P0019,2026-01-23,3,238.77,Paid
O007196,C0481,P0017,2026-01-23,3,370.14,Organic
O007197,C0785,P0026,2026-01-23,1,17.86,Paid
O007198,C0128,P0036,2026-01-23,3,85.59,Paid
O007199,C0488,P0040,2026-01-23,3,105.9,Paid
O007200,C0576,P0036,2026-01-23,3,85.59,Organic
O007201,C0510,P0039,2026-01-23,2,37.56,Paid
O007202,C0769,P0039,2026-01-23,3,56.34,Organic
O007203,C0031,P0001,2026-01-23,3,941.58,Paid
O007204,C0478,P0001,2026-01-23,3,941.58,Organic
O007205,C0751,P0001,2026-01-23,1,313.86,Email
O007206,C0720,P0009,2026-01-23,2,97.3,Paid
O007207,C0221,P0022,2026-01-23,2,260.76,Paid
O007208,C0735,P0022,2026-01-23,1,130.38,Paid
O007209,C0646,P0023,2026-01-23,1,125.46,Organic
O007210,C0735,P0020,2026-01-23,3,338.19,Paid
O007211,C0268,P0018,2026-01-23,1,86.71,Referral
O007212,C0708,P0018,2026-01-23,1,86.71,Referral
O007213,C0523,P0021,2026-01-23,1,117.78,Paid
O007214,C0751,P0024,2026-01-23,2,213.94,Paid
O007215,C0767,P0025,2026-01-23,2,92.12,Paid
O007216,C0647,P0026,2026-01-23,2,35.72,Paid
O007217,C0008,P0032,2026-01-23,1,10.99,Email
O007218,C0145,P0034,2026-01-23,2,187.1,Email
O007219,C0787,P0003,2026-01-23,3,293.91,Organic
O007220,C0643,P0003,2026-01-23,3,293.91,Paid
O007221,C0297,P0004,2026-01-23,2,235.4,Organic
O007222,C0245,P0015,2026-01-23,3,156.9,Paid
O007223,C0729,P0015,2026-01-23,2,104.6,Paid
O007224,C0340,P0012,2026-01-23,2,79.86,Paid
O007225,C0305,P0023,2026-01-23,3,376.38,Organic
O007226,C0469,P0018,2026-01-23,1,86.71,Referral
O007227,C0394,P0030,2026-01-23,2,32.02,Organic
O007228,C0776,P0026,2026-01-23,1,17.86,Paid
O007229,C0762,P0028,2026-01-23,1,22.72,Paid
O007230,C0498,P0027,2026-01-23,2,89.92,Organic
O007231,C0100,P0031,2026-01-23,1,29.85,Paid
O007232,C0693,P0039,2026-01-23,3,56.34,Paid
O007233,C0058,P0008,2026-01-24,1,186.3,Paid
O007234,C0046,P0015,2026-01-24,3,156.9,Organic
O007235,C0099,P0014,2026-01-24,2,122.86,Paid
O007236,C0544,P0021,2026-01-24,2,235.56,Organic
O007237,C0173,P0024,2026-01-24,3,320.91,Referral
O007238,C0046,P0025,2026-01-24,1,46.06,Organic
O007239,C0118,P0026,2026-01-24,1,17.86,Paid
O007240,C0107,P0028,2026-01-24,2,45.44,Organic
O007241,C0458,P0031,2026-01-24,2,59.7,Paid
O007242,C0583,P0037,2026-01-24,2,164.62,Paid
O007243,C0648,P0034,2026-01-24,1,93.55,Email
O007244,C0378,P0035,2026-01-24,2,192.86,Email
O007245,C0797,P0037,2026-01-24,3,246.93,Paid
O007246,C0041,P0036,2026-01-24,3,85.59,Paid
O007247,C0222,P0037,2026-01-24,2,164.62,Organic
O007248,C0339,P0040,2026-01-24,3,105.9,Paid
O007249,C0368,P0039,2026-01-24,1,18.78,Paid
O007250,C0058,P0033,2026-01-24,2,167.96,Paid
O007251,C0033,P0004,2026-01-24,2,235.4,Paid
O007252,C0079,P0007,2026-01-24,3,185.94,Paid
O007253,C0764,P0006,2026-01-24,2,318.4,Email
O007254,C0739,P0016,2026-01-24,1,29.82,Paid
O007255,C0409,P0009,2026-01-24,3,145.95,Paid
O007256,C0774,P0014,2026-01-24,2,122.86,Email
O007257,C0680,P0010,2026-01-24,2,73.06,Paid
O007258,C0376,P0026,2026-01-24,3,53.58,Paid
O007259,C0719,P0027,2026-01-24,1,44.96,Organic
O007260,C0488,P0039,2026-01-24,1,18.78,Organic
O007261,C0370,P0035,2026-01-24,3,289.29,Paid
O007262,C0433,P0034,2026-01-24,1,93.55,Paid
O007263,C0298,P0040,2026-01-24,3,105.9,Paid
O007264,C0171,P0038,2026-01-24,2,206.04,Paid
O007265,C0695,P0007,2026-01-24,2,123.96,Organic
O007266,C0084,P0005,2026-01-24,3,529.65,Paid
O007267,C0755,P0007,2026-01-24,2,123.96,Paid
O007268,C0326,P0006,2026-01-24,2,318.4,Paid
O007269,C0130,P0001,2026-01-24,2,627.72,Paid
O007270,C0516,P0011,2026-01-24,3,131.46,Paid
O007271,C0393,P0021,2026-01-24,3,353.34,Paid
O007272,C0613,P0018,2026-01-24,2,173.42,Organic
O007273,C0238,P0022,2026-01-24,1,130.38,Email
O007274,C0668,P0028,2026-01-24,1,22.72,Email
O007275,C0706,P0025,2026-01-24,2,92.12,Organic
O007276,C0751,P0027,2026-01-24,3,134.88,Paid
O007277,C0413,P0030,2026-01-24,2,32.02,Organic
O007278,C0326,P0037,2026-01-24,2,164.62,Paid
O007279,C0776,P0005,2026-01-24,2,353.1,Paid
O007280,C0615,P0008,2026-01-24,2,372.6,Email
O007281,C0729,P0001,2026-01-24,3,941.58,Paid
O007282,C0117,P0004,2026-01-24,1,117.7,Organic
O007283,C0730,P0003,2026-01-24,2,195.94,Paid
O007284,C0740,P0001,2026-01-24,1,313.86,Organic
O007285,C0730,P0013,2026-01-24,3,129.78,Organic
O007286,C0626,P0009,2026-01-24,1,48.65,Paid
O007287,C0294,P0011,2026-01-24,1,43.82,Paid
O007288,C0744,P0025,2026-01-24,3,138.18,Paid
O007289,C0318,P0027,2026-01-24,2,89.92,Paid
O007290,C0790,P0026,2026-01-24,1,17.86,Organic
O007291,C0035,P0040,2026-01-24,2,70.6,Organic
O007292,C0690,P0035,2026-01-24,2,192.86,Paid
O007293,C0555,P0033,2026-01-24,2,167.96,Paid
O007294,C0597,P0036,2026-01-24,1,28.53,Paid
O007295,C0483,P0001,2026-01-25,2,627.72,Paid
O007296,C0339,P0024,2026-01-25,2,213.94,Organic
O007297,C0731,P0027,2026-01-25,2,89.92,Paid
O007298,C0269,P0028,2026-01-25,2,45.44,Paid
O007299,C0065,P0038,2026-01-25,1,103.02,Paid
O007300,C0186,P0035,2026-01-25,2,192.86,Email
O007301,C0726,P0008,2026-01-25,2,372.6,Paid
O007302,C0079,P0006,2026-01-25,2,318.4,Paid
O007303,C0170,P0012,2026-01-25,1,39.93,Paid
O007304,C0671,P0019,2026-01-25,3,238.77,Paid
O007305,C0128,P0023,2026-01-25,1,125.46,Paid
O007306,C0144,P0024,2026-01-25,1,106.97,Paid
O007307,C0659,P0018,2026-01-25,3,260.13,Paid
O007308,C0793,P0022,2026-01-25,2,260.76,Email
O007309,C0489,P0021,2026-01-25,3,353.34,Paid
O007310,C0796,P0020,2026-01-25,2,225.46,Organic
O007311,C0333,P0017,2026-01-25,3,370.14,Organic
O007312,C0019,P0021,2026-01-25,1,117.78,Organic
O007313,C0622,P0026,2026-01-25,2,35.72,Paid
O007314,C0728,P0026,2026-01-25,1,17.86,Paid
O007315,C0726,P0036,2026-01-25,2,57.06,Email
O007316,C0095,P0035,2026-01-25,2,192.86,Paid
O007317,C0405,P0037,2026-01-25,2,164.62,Paid
O007318,C0711,P0039,2026-01-25,2,37.56,Organic
O007319,C0433,P0037,2026-01-25,2,164.62,Paid
O007320,C0579,P0002,2026-01-25,3,673.98,Organic
O007321,C0445,P0008,2026-01-25,1,186.3,Referral
O007322,C0478,P0003,2026-01-25,2,195.94,Paid
O007323,C0530,P0015,2026-01-25,2,104.6,Organic
O007324,C0706,P0012,2026-01-25,1,39.93,Paid
O007325,C0022,P0010,2026-01-25,3,109.59,Paid
O007326,C0689,P0025,2026-01-25,2,92.12,Paid
O007327,C0102,P0031,2026-01-25,1,29.85,Organic
O007328,C0682,P0027,2026-01-25,2,89.92,Paid
O007329,C0755,P0029,2026-01-25,3,68.67,Paid
O007330,C0172,P0031,2026-01-25,3,89.55,Paid
O007331,C0597,P0007,2026-01-25,3,185.94,Paid
O007332,C0757,P0001,2026-01-25,2,627.72,Paid
O007333,C0100,P0011,2026-01-25,2,87.64,Paid
O007334,C0043,P0012,2026-01-25,3,119.79,Paid
O007335,C0245,P0009,2026-01-25,3,145.95,Paid
O007336,C0676,P0019,2026-01-25,3,238.77,Paid
O007337,C0068,P0019,2026-01-25,2,159.18,Organic
O007338,C0493,P0024,2026-01-25,3,320.91,Paid
O007339,C0394,P0023,2026-01-25,1,125.46,Paid
O007340,C0550,P0028,2026-01-25,3,68.16,Paid
O007341,C0247,P0032,2026-01-25,3,32.97,Paid
O007342,C0066,P0028,2026-01-25,2,45.44,Paid
O007343,C0218,P0031,2026-01-25,3,89.55,Paid
O007344,C0730,P0040,2026-01-25,1,35.3,Email
O007345,C0626,P0040,2026-01-25,2,70.6,Paid
O007346,C0039,P0033,2026-01-25,3,251.94,Referral
O007347,C0673,P0007,2026-01-26,2,123.96,Paid
O007348,C0118,P0005,2026-01-26,3,529.65,Paid
O007349,C0521,P0006,2026-01-26,2,318.4,Paid
O007350,C0594,P0011,2026-01-26,1,43.82,Paid
O007351,C0203,P0028,2026-01-26,2,45.44,Paid
O007352,C0080,P0027,2026-01-26,3,134.88,Paid
O007353,C0414,P0036,2026-01-26,1,28.53,Paid
O007354,C0292,P0039,2026-01-26,3,56.34,Paid
O007355,C0734,P0040,2026-01-26,1,35.3,Organic
O007356,C0642,P0008,2026-01-26,3,558.9,Paid
O007357,C0635,P0003,2026-01-26,3,293.91,Organic
O007358,C0656,P0005,2026-01-26,3,529.65,Paid
O007359,C0756,P0015,2026-01-26,1,52.3,Paid
O007360,C0387,P0013,2026-01-26,3,129.78,Paid
O007361,C0048,P0024,2026-01-26,1,106.97,Email
O007362,C0285,P0028,2026-01-26,3,68.16,Paid
O007363,C0616,P0025,2026-01-26,1,46.06,Organic
O007364,C0546,P0029,2026-01-26,3,68.67,Paid
O007365,C0576,P0029,2026-01-26,1,22.89,Paid
O007366,C0283,P0033,2026-01-26,2,167.96,Paid
O007367,C0546,P0038,2026-01-26,3,309.06,Paid
O007368,C0789,P0035,2026-01-26,1,96.43,Paid
O007369,C0612,P0035,2026-01-26,1,96.43,Organic
O007370,C0242,P0034,2026-01-26,1,93.55,Organic
O007371,C0295,P0007,2026-01-26,3,185.94,Referral
O007372,C0295,P0021,2026-01-26,2,235.56,Organic
O007373,C0288,P0018,2026-01-26,3,260.13,Organic
O007374,C0620,P0021,2026-01-26,3,353.34,Paid
O007375,C0668,P0021,2026-01-26,1,117.78,Paid
O007376,C0650,P0022,2026-01-26,3,391.14,Paid
O007377,C0636,P0017,2026-01-26,2,246.76,Paid
O007378,C0585,P0030,2026-01-26,2,32.02,Referral
O007379,C0708,P0031,2026-01-26,2,59.7,Paid
O007380,C0197,P0035,2026-01-26,3,289.29,Paid
O007381,C0172,P0033,2026-01-26,3,251.94,Paid
O007382,C0647,P0038,2026-01-26,3,309.06,Paid
O007383,C0020,P0008,2026-01-26,2,372.6,Paid
O007384,C0271,P0014,2026-01-26,2,122.86,Email
O007385,C0062,P0020,2026-01-26,1,112.73,Organic
O007386,C0452,P0032,2026-01-26,1,10.99,Paid
O007387,C0271,P0039,2026-01-26,3,56.34,Email
O007388,C0448,P0002,2026-01-27,3,673.98,Paid
O007389,C0065,P0001,2026-01-27,3,941.58,Paid
O007390,C0348,P0001,2026-01-27,3,941.58,Email
O007391,C0378,P0005,2026-01-27,2,353.1,Paid
O007392,C0601,P0011,2026-01-27,3,131.46,Organic
O007393,C0411,P0011,2026-01-27,1,43.82,Paid
O007394,C0064,P0013,2026-01-27,1,43.26,Paid
O007395,C0131,P0014,2026-01-27,1,61.43,Paid
O007396,C0437,P0024,2026-01-27,3,320.91,Organic
O007397,C0675,P0019,2026-01-27,1,79.59,Paid
O007398,C0299,P0032,2026-01-27,2,21.98,Paid
O007399,C0673,P0026,2026-01-27,2,35.72,Referral
O007400,C0458,P0035,2026-01-27,3,289.29,Paid
O007401,C0734,P0037,2026-01-27,1,82.31,Paid
O007402,C0284,P0035,2026-01-27,1,96.43,Paid
O007403,C0524,P0033,2026-01-27,3,251.94,Organic
O007404,C0348,P0040,2026-01-27,3,105.9,Paid
O007405,C0293,P0033,2026-01-27,2,167.96,Paid
O007406,C0259,P0033,2026-01-27,3,251.94,Paid
O007407,C0680,P0008,2026-01-27,3,558.9,Paid
O007408,C0128,P0003,2026-01-27,2,195.94,Paid
O007409,C0330,P0007,2026-01-27,2,123.96,Referral
O007410,C0728,P0012,2026-01-27,2,79.86,Referral
O007411,C0423,P0015,2026-01-27,1,52.3,Paid
O007412,C0599,P0009,2026-01-27,1,48.65,Paid
O007413,C0793,P0024,2026-01-27,2,213.94,Organic
O007414,C0137,P0019,2026-01-27,3,238.77,Paid
O007415,C0780,P0027,2026-01-27,3,134.88,Email
O007416,C0034,P0037,2026-01-27,2,164.62,Referral
O007417,C0789,P0040,2026-01-27,3,105.9,Email
O007418,C0447,P0039,2026-01-27,1,18.78,Paid
O007419,C0086,P0034,2026-01-27,3,280.65,Paid
O007420,C0119,P0001,2026-01-27,2,627.72,Referral
O007421,C0316,P0007,2026-01-27,3,185.94,Paid
O007422,C0432,P0007,2026-01-27,1,61.98,Paid
O007423,C0008,P0003,2026-01-27,2,195.94,Paid
O007424,C0215,P0007,2026-01-27,2,123.96,Paid
O007425,C0718,P0016,2026-01-27,3,89.46,Organic
O007426,C0792,P0018,2026-01-27,3,260.13,Paid
O007427,C0025,P0039,2026-01-27,3,56.34,Paid
O007428,C0781,P0002,2026-01-27,3,673.98,Paid
O007429,C0452,P0004,2026-01-27,3,353.1,Paid
O007430,C0781,P0010,2026-01-27,1,36.53,Referral
O007431,C0655,P0011,2026-01-27,2,87.64,Paid
O007432,C0069,P0011,2026-01-27,2,87.64,Paid
O007433,C0089,P0012,2026-01-27,3,119.79,Paid
O007434,C0397,P0011,2026-01-27,2,87.64,Referral
O007435,C0092,P0018,2026-01-27,3,260.13,Email
O007436,C0375,P0037,2026-01-27,2,164.62,Paid
O007437,C0712,P0034,2026-01-27,3,280.65,Paid
O007438,C0129,P0003,2026-01-28,3,293.91,Paid
O007439,C0482,P0010,2026-01-28,3,109.59,Organic
O007440,C0723,P0017,2026-01-28,3,370.14,Organic
O007441,C0146,P0022,2026-01-28,2,260.76,Paid
O007442,C0303,P0025,2026-01-28,1,46.06,Paid
O007443,C0303,P0025,2026-01-28,2,92.12,Organic
O007444,C0311,P0030,2026-01-28,1,16.01,Paid
O007445,C0723,P0028,2026-01-28,1,22.72,Paid
O007446,C0193,P0031,2026-01-28,2,59.7,Paid
O007447,C0088,P0037,2026-01-28,2,164.62,Organic
O007448,C0423,P0005,2026-01-28,3,529.65,Paid
O007449,C0298,P0016,2026-01-28,2,59.64,Paid
O007450,C0298,P0009,2026-01-28,3,145.95,Paid
O007451,C0635,P0010,2026-01-28,3,109.59,Paid
O007452,C0756,P0016,2026-01-28,2,59.64,Paid
O007453,C0651,P0012,2026-01-28,1,39.93,Referral
O007454,C0383,P0023,2026-01-28,1,125.46,Paid
O007455,C0198,P0029,2026-01-28,3,68.67,Paid
O007456,C0330,P0028,2026-01-28,3,68.16,Referral
O007457,C0095,P0029,2026-01-28,3,68.67,Paid
O007458,C0644,P0040,2026-01-28,1,35.3,Organic
O007459,C0137,P0036,2026-01-28,1,28.53,Paid
O007460,C0230,P0008,2026-01-28,2,372.6,Paid
O007461,C0567,P0006,2026-01-28,2,318.4,Paid
O007462,C0324,P0002,2026-01-28,3,673.98,Paid
O007463,C0425,P0007,2026-01-28,1,61.98,Organic
O007464,C0078,P0006,2026-01-28,1,159.2,Paid
O007465,C0350,P0013,2026-01-28,3,129.78,Email
O007466,C0502,P0011,2026-01-28,3,131.46,Paid
O007467,C0145,P0024,2026-01-28,2,213.94,Paid
O007468,C0220,P0021,2026-01-28,1,117.78,Paid
O007469,C0044,P0024,2026-01-28,3,320.91,Referral
O007470,C0613,P0019,2026-01-28,3,238.77,Paid
O007471,C0765,P0018,2026-01-28,2,173.42,Paid
O007472,C0735,P0032,2026-01-28,1,10.99,Organic
O007473,C0799,P0030,2026-01-28,2,32.02,Paid
O007474,C0221,P0028,2026-01-28,2,45.44,Organic
O007475,C0565,P0031,2026-01-28,1,29.85,Paid
O007476,C0042,P0026,2026-01-28,1,17.86,Paid
O007477,C0215,P0027,2026-01-28,2,89.92,Paid
O007478,C0530,P0035,2026-01-28,3,289.29,Paid
O007479,C0351,P0038,2026-01-28,3,309.06,Paid
O007480,C0025,P0036,2026-01-28,2,57.06,Email
O007481,C0056,P0002,2026-01-28,3,673.98,Paid
O007482,C0053,P0002,2026-01-28,2,449.32,Paid
O007483,C0513,P0001,2026-01-28,3,941.58,Paid
O007484,C0547,P0015,2026-01-28,1,52.3,Paid
O007485,C0349,P0015,2026-01-28,1,52.3,Paid
O007486,C0493,P0019,2026-01-28,1,79.59,Paid
O007487,C0430,P0030,2026-01-28,1,16.01,Email
O007488,C0606,P0031,2026-01-28,1,29.85,Paid
O007489,C0104,P0035,2026-01-28,2,192.86,Paid
O007490,C0483,P0002,2026-01-29,1,224.66,Paid
O007491,C0081,P0009,2026-01-29,2,97.3,Organic
O007492,C0544,P0010,2026-01-29,2,73.06,Paid
O007493,C0155,P0011,2026-01-29,3,131.46,Paid
O007494,C0024,P0015,2026-01-29,2,104.6,Paid
O007495,C0107,P0031,2026-01-29,3,89.55,Paid
O007496,C0724,P0035,2026-01-29,3,289.29,Paid
O007497,C0127,P0040,2026-01-29,1,35.3,Paid
O007498,C0126,P0006,2026-01-29,2,318.4,Organic
O007499,C0576,P0001,2026-01-29,1,313.86,Email
O007500,C0557,P0013,2026-01-29,3,129.78,Paid
O007501,C0298,P0015,2026-01-29,2,104.6,Paid
O007502,C0769,P0014,2026-01-29,1,61.43,Paid
O007503,C0240,P0016,2026-01-29,3,89.46,Paid
O007504,C0382,P0019,2026-01-29,3,238.77,Paid
O007505,C0753,P0019,2026-01-29,3,238.77,Paid
O007506,C0474,P0021,2026-01-29,2,235.56,Paid
O007507,C0265,P0022,2026-01-29,3,391.14,Paid
O007508,C0635,P0029,2026-01-29,3,68.67,Paid
O007509,C0546,P0037,2026-01-29,1,82.31,Organic
O007510,C0358,P0033,2026-01-29,2,167.96,Paid
O007511,C0095,P0036,2026-01-29,1,28.53,Paid
O007512,C0204,P0007,2026-01-29,2,123.96,Organic
O007513,C0239,P0004,2026-01-29,2,235.4,Paid
O007514,C0429,P0015,2026-01-29,3,156.9,Paid
O007515,C0431,P0017,2026-01-29,1,123.38,Paid
O007516,C0008,P0028,2026-01-29,2,45.44,Paid
O007517,C0360,P0032,2026-01-29,1,10.99,Paid
O007518,C0502,P0034,2026-01-29,2,187.1,Paid
O007519,C0354,P0038,2026-01-29,2,206.04,Paid
O007520,C0054,P0034,2026-01-29,1,93.55,Paid
O007521,C0531,P0035,2026-01-29,3,289.29,Paid
O007522,C0478,P0034,2026-01-29,3,280.65,Paid
O007523,C0465,P0007,2026-01-29,2,123.96,Paid
O007524,C0362,P0001,2026-01-29,3,941.58,Organic
O007525,C0111,P0004,2026-01-29,3,353.1,Paid
O007526,C0593,P0009,2026-01-29,3,145.95,Paid
O007527,C0568,P0013,2026-01-29,2,86.52,Paid
O007528,C0465,P0031,2026-01-29,3,89.55,Paid
O007529,C0089,P0032,2026-01-29,1,10.99,Organic
O007530,C0581,P0028,2026-01-29,1,22.72,Paid
O007531,C0403,P0038,2026-01-29,3,309.06,Paid
O007532,C0249,P0039,2026-01-29,3,56.34,Paid
O007533,C0707,P0033,2026-01-29,3,251.94,Paid
O007534,C0521,P0007,2026-01-30,2,123.96,Paid
O007535,C0678,P0016,2026-01-30,1,29.82,Paid
O007536,C0260,P0014,2026-01-30,1,61.43,Paid
O007537,C0625,P0011,2026-01-30,3,131.46,Paid
O007538,C0715,P0022,2026-01-30,3,391.14,Paid
O007539,C0736,P0021,2026-01-30,2,235.56,Paid
O007540,C0470,P0023,2026-01-30,1,125.46,Paid
O007541,C0110,P0019,2026-01-30,3,238.77,Paid
O007542,C0058,P0025,2026-01-30,1,46.06,Paid
O007543,C0458,P0025,2026-01-30,2,92.12,Referral
O007544,C0421,P0034,2026-01-30,1,93.55,Organic
O007545,C0332,P0036,2026-01-30,1,28.53,Paid
O007546,C0734,P0038,2026-01-30,2,206.04,Paid
O007547,C0317,P0036,2026-01-30,2,57.06,Email
O007548,C0573,P0037,2026-01-30,2,164.62,Paid
O007549,C0458,P0040,2026-01-30,2,70.6,Paid
O007550,C0723,P0036,2026-01-30,1,28.53,Paid
O007551,C0786,P0005,2026-01-30,1,176.55,Paid
O007552,C0746,P0003,2026-01-30,3,293.91,Email
O007553,C0205,P0006,2026-01-30,2,318.4,Paid
O007554,C0182,P0003,2026-01-30,3,293.91,Paid
O007555,C0576,P0001,2026-01-30,1,313.86,Paid
O007556,C0409,P0006,2026-01-30,1,159.2,Paid
O007557,C0635,P0002,2026-01-30,3,673.98,Paid
O007558,C0721,P0012,2026-01-30,3,119.79,Paid
O007559,C0423,P0012,2026-01-30,1,39.93,Email
O007560,C0021,P0017,2026-01-30,2,246.76,Paid
O007561,C0415,P0023,2026-01-30,1,125.46,Paid
O007562,C0484,P0024,2026-01-30,2,213.94,Email
O007563,C0546,P0026,2026-01-30,1,17.86,Organic
O007564,C0003,P0025,2026-01-30,1,46.06,Paid
O007565,C0672,P0031,2026-01-30,2,59.7,Paid
O007566,C0347,P0029,2026-01-30,3,68.67,Email
O007567,C0282,P0037,2026-01-30,1,82.31,Paid
O007568,C0447,P0034,2026-01-30,3,280.65,Paid
O007569,C0116,P0037,2026-01-30,3,246.93,Paid
O007570,C0447,P0037,2026-01-30,3,246.93,Organic
O007571,C0084,P0002,2026-01-30,2,449.32,Referral
O007572,C0272,P0003,2026-01-30,3,293.91,Paid
O007573,C0183,P0004,2026-01-30,3,353.1,Email
O007574,C0130,P0010,2026-01-30,3,109.59,Email
O007575,C0792,P0011,2026-01-30,3,131.46,Paid
O007576,C0313,P0012,2026-01-30,3,119.79,Paid
O007577,C0432,P0030,2026-01-30,1,16.01,Paid
O007578,C0119,P0025,2026-01-30,1,46.06,Referral
O007579,C0042,P0025,2026-01-30,1,46.06,Paid
O007580,C0103,P0026,2026-01-30,1,17.86,Organic
O007581,C0516,P0035,2026-01-30,1,96.43,Paid
O007582,C0661,P0036,2026-01-30,3,85.59,Paid
O007583,C0153,P0036,2026-01-30,3,85.59,Paid
O007584,C0195,P0016,2026-01-30,2,59.64,Email
O007585,C0258,P0014,2026-01-30,1,61.43,Paid
O007586,C0035,P0021,2026-01-30,1,117.78,Paid
O007587,C0426,P0024,2026-01-30,1,106.97,Paid
O007588,C0794,P0035,2026-01-30,3,289.29,Paid
O007589,C0542,P0034,2026-01-30,3,280.65,Paid
O007590,C0588,P0037,2026-01-30,1,82.31,Paid
O007591,C0168,P0036,2026-01-30,2,57.06,Paid
O007592,C0385,P0033,2026-01-30,2,167.96,Email
O007593,C0118,P0004,2026-01-31,2,235.4,Paid
O007594,C0202,P0001,2026-01-31,3,941.58,Paid
O007595,C0454,P0004,2026-01-31,2,235.4,Referral
O007596,C0024,P0013,2026-01-31,3,129.78,Paid
O007597,C0213,P0009,2026-01-31,2,97.3,Paid
O007598,C0545,P0015,2026-01-31,1,52.3,Email
O007599,C0675,P0015,2026-01-31,1,52.3,Paid
O007600,C0065,P0017,2026-01-31,3,370.14,Paid
O007601,C0368,P0018,2026-01-31,2,173.42,Paid
O007602,C0545,P0023,2026-01-31,3,376.38,Paid
O007603,C0677,P0017,2026-01-31,2,246.76,Paid
O007604,C0583,P0020,2026-01-31,3,338.19,Organic
O007605,C0543,P0030,2026-01-31,1,16.01,Organic
O007606,C0302,P0012,2026-01-31,1,39.93,Organic
O007607,C0769,P0015,2026-01-31,1,52.3,Paid
O007608,C0323,P0019,2026-01-31,2,159.18,Referral
O007609,C0685,P0032,2026-01-31,1,10.99,Organic
O007610,C0417,P0026,2026-01-31,1,17.86,Paid
O007611,C0622,P0026,2026-01-31,1,17.86,Paid
O007612,C0415,P0030,2026-01-31,3,48.03,Paid
O007613,C0285,P0025,2026-01-31,3,138.18,Organic
O007614,C0295,P0004,2026-01-31,1,117.7,Email
O007615,C0031,P0006,2026-01-31,1,159.2,Organic
O007616,C0649,P0013,2026-01-31,3,129.78,Organic
O007617,C0288,P0014,2026-01-31,1,61.43,Paid
O007618,C0336,P0009,2026-01-31,2,97.3,Email
O007619,C0497,P0023,2026-01-31,3,376.38,Organic
O007620,C0296,P0019,2026-01-31,1,79.59,Paid
O007621,C0044,P0024,2026-01-31,3,320.91,Paid
O007622,C0751,P0019,2026-01-31,2,159.18,Organic
O007623,C0565,P0024,2026-01-31,2,213.94,Paid
O007624,C0102,P0032,2026-01-31,3,32.97,Paid
O007625,C0666,P0025,2026-01-31,1,46.06,Paid
O007626,C0238,P0029,2026-01-31,2,45.78,Paid
O007627,C0517,P0028,2026-01-31,3,68.16,Paid
O007628,C0077,P0038,2026-01-31,2,206.04,Paid
O007629,C0313,P0039,2026-01-31,2,37.56,Paid
O007630,C0030,P0008,2026-01-31,3,558.9,Email
O007631,C0428,P0004,2026-01-31,2,235.4,Email
O007632,C0037,P0007,2026-01-31,1,61.98,Email
O007633,C0492,P0010,2026-01-31,3,109.59,Paid
O007634,C0550,P0009,2026-01-31,3,145.95,Paid
O007635,C0117,P0023,2026-01-31,2,250.92,Paid
O007636,C0104,P0027,2026-01-31,2,89.92,Paid
O007637,C0563,P0030,2026-01-31,2,32.02,Paid
O007638,C0009,P0025,2026-01-31,3,138.18,Referral
O007639,C0312,P0033,2026-01-31,2,167.96,Paid
O007640,C0200,P0040,2026-01-31,2,70.6,Referral
O007641,C0615,P0039,2026-01-31,3,56.34,Paid
O007642,C0403,P0037,2026-01-31,1,82.31,Paid
O007643,C0487,P0036,2026-01-31,1,28.53,Paid
O007644,C0587,P0003,2026-02-01,1,97.97,Organic
O007645,C0618,P0012,2026-02-01,3,119.79,Paid
O007646,C0742,P0013,2026-02-01,2,86.52,Paid
O007647,C0795,P0016,2026-02-01,3,89.46,Paid
O007648,C0088,P0018,2026-02-01,3,260.13,Paid
O007649,C0549,P0017,2026-02-01,1,123.38,Paid
O007650,C0470,P0019,2026-02-01,1,79.59,Paid
O007651,C0749,P0031,2026-02-01,1,29.85,Paid
O007652,C0600,P0028,2026-02-01,3,68.16,Email
O007653,C0343,P0036,2026-02-01,3,85.59,Paid
O007654,C0505,P0034,2026-02-01,3,280.65,Paid
O007655,C0414,P0035,2026-02-01,1,96.43,Organic
O007656,C0073,P0013,2026-02-01,2,86.52,Paid
O007657,C0304,P0029,2026-02-01,2,45.78,Paid
O007658,C0003,P0029,2026-02-01,3,68.67,Paid
O007659,C0488,P0031,2026-02-01,2,59.7,Paid
O007660,C0462,P0012,2026-02-01,2,79.86,Paid
O007661,C0623,P0013,2026-02-01,1,43.26,Paid
O007662,C0668,P0016,2026-02-01,2,59.64,Paid
O007663,C0638,P0021,2026-02-01,1,117.78,Paid
O007664,C0166,P0023,2026-02-01,2,250.92,Paid
O007665,C0713,P0021,2026-02-01,3,353.34,Paid
O007666,C0531,P0020,2026-02-01,1,112.73,Organic
O007667,C0669,P0030,2026-02-01,2,32.02,Organic
O007668,C0044,P0031,2026-02-01,2,59.7,Paid
O007669,C0658,P0025,2026-02-01,3,138.18,Organic
O007670,C0669,P0032,2026-02-01,1,10.99,Paid
O007671,C0558,P0040,2026-02-01,3,105.9,Organic
O007672,C0695,P0035,2026-02-01,3,289.29,Email
O007673,C0156,P0033,2026-02-01,1,83.98,Paid
O007674,C0351,P0035,2026-02-01,1,96.43,Paid
O007675,C0140,P0001,2026-02-01,2,627.72,Paid
O007676,C0174,P0008,2026-02-01,3,558.9,Paid
O007677,C0344,P0006,2026-02-01,1,159.2,Paid
O007678,C0168,P0014,2026-02-01,2,122.86,Email
O007679,C0209,P0012,2026-02-01,2,79.86,Paid
O007680,C0776,P0023,2026-02-01,3,376.38,Organic
O007681,C0690,P0024,2026-02-01,3,320.91,Paid
O007682,C0109,P0021,2026-02-01,3,353.34,Paid
O007683,C0227,P0017,2026-02-01,3,370.14,Paid
O007684,C0744,P0024,2026-02-01,3,320.91,Paid
O007685,C0609,P0026,2026-02-01,2,35.72,Paid
O007686,C0312,P0025,2026-02-01,3,138.18,Paid
O007687,C0340,P0036,2026-02-01,2,57.06,Paid
O007688,C0678,P0008,2026-02-02,3,558.9,Paid
O007689,C0575,P0013,2026-02-02,3,129.78,Paid
O007690,C0278,P0018,2026-02-02,2,173.42,Paid
O007691,C0164,P0018,2026-02-02,2,173.42,Organic
O007692,C0673,P0018,2026-02-02,3,260.13,Paid
O007693,C0641,P0026,2026-02-02,1,17.86,Paid
O007694,C0164,P0028,2026-02-02,2,45.44,Paid
O007695,C0212,P0025,2026-02-02,1,46.06,Email
O007696,C0443,P0035,2026-02-02,3,289.29,Organic
O007697,C0559,P0036,2026-02-02,1,28.53,Email
O007698,C0388,P0004,2026-02-02,1,117.7,Paid
O007699,C0250,P0006,2026-02-02,3,477.6,Paid
O007700,C0786,P0011,2026-02-02,1,43.82,Organic
O007701,C0329,P0009,2026-02-02,3,145.95,Paid
O007702,C0709,P0018,2026-02-02,1,86.71,Organic
O007703,C0692,P0024,2026-02-02,1,106.97,Paid
O007704,C0479,P0025,2026-02-02,2,92.12,Email
O007705,C0205,P0026,2026-02-02,2,35.72,Paid
O007706,C0208,P0026,2026-02-02,1,17.86,Referral
O007707,C0599,P0034,2026-02-02,3,280.65,Paid
O007708,C0496,P0006,2026-02-02,1,159.2,Paid
O007709,C0210,P0011,2026-02-02,2,87.64,Organic
O007710,C0704,P0036,2026-02-02,2,57.06,Paid
O007711,C0792,P0038,2026-02-02,3,309.06,Paid
O007712,C0125,P0005,2026-02-02,1,176.55,Paid
O007713,C0310,P0006,2026-02-02,1,159.2,Paid
O007714,C0100,P0007,2026-02-02,1,61.98,Paid
O007715,C0100,P0019,2026-02-02,3,238.77,Organic
O007716,C0606,P0017,2026-02-02,2,246.76,Paid
O007717,C0562,P0020,2026-02-02,3,338.19,Paid
O007718,C0676,P0030,2026-02-02,2,32.02,Referral
O007719,C0520,P0029,2026-02-02,2,45.78,Organic
O007720,C0318,P0029,2026-02-02,1,22.89,Paid
O007721,C0776,P0039,2026-02-02,2,37.56,Paid
O007722,C0318,P0033,2026-02-02,2,167.96,Paid
O007723,C0781,P0034,2026-02-02,3,280.65,Email
O007724,C0257,P0008,2026-02-03,1,186.3,Organic
O007725,C0277,P0005,2026-02-03,3,529.65,Paid
O007726,C0332,P0013,2026-02-03,1,43.26,Paid
O007727,C0366,P0010,2026-02-03,1,36.53,Paid
O007728,C0573,P0011,2026-02-03,3,131.46,Paid
O007729,C0259,P0022,2026-02-03,2,260.76,Email
O007730,C0437,P0030,2026-02-03,3,48.03,Paid
O007731,C0724,P0030,2026-02-03,2,32.02,Paid
O007732,C0175,P0028,2026-02-03,1,22.72,Paid
O007733,C0648,P0029,2026-02-03,3,68.67,Paid
O007734,C0411,P0030,2026-02-03,3,48.03,Organic
O007735,C0731,P0031,2026-02-03,1,29.85,Paid
O007736,C0797,P0040,2026-02-03,2,70.6,Paid
O007737,C0368,P0033,2026-02-03,1,83.98,Email
O007738,C0176,P0037,2026-02-03,2,164.62,Paid
O007739,C0455,P0037,2026-02-03,1,82.31,Email
O007740,C0721,P0004,2026-02-03,1,117.7,Paid
O007741,C0128,P0014,2026-02-03,3,184.29,Paid
O007742,C0226,P0012,2026-02-03,1,39.93,Email
O007743,C0698,P0016,2026-02-03,1,29.82,Paid
O007744,C0753,P0023,2026-02-03,1,125.46,Paid
O007745,C0491,P0023,2026-02-03,1,125.46,Paid
O007746,C0789,P0018,2026-02-03,2,173.42,Paid
O007747,C0481,P0024,2026-02-03,1,106.97,Paid
O007748,C0552,P0018,2026-02-03,2,173.42,Paid
O007749,C0760,P0022,2026-02-03,3,391.14,Paid
O007750,C0283,P0022,2026-02-03,2,260.76,Paid
O007751,C0079,P0022,2026-02-03,3,391.14,Organic
O007752,C0590,P0025,2026-02-03,1,46.06,Paid
O007753,C0190,P0026,2026-02-03,2,35.72,Paid
O007754,C0198,P0030,2026-02-03,1,16.01,Referral
O007755,C0427,P0040,2026-02-03,3,105.9,Paid
O007756,C0685,P0037,2026-02-03,3,246.93,Referral
O007757,C0330,P0033,2026-02-03,3,251.94,Email
O007758,C0220,P0008,2026-02-03,1,186.3,Paid
O007759,C0010,P0013,2026-02-03,2,86.52,Paid
O007760,C0649,P0014,2026-02-03,2,122.86,Paid
O007761,C0720,P0014,2026-02-03,2,122.86,Paid
O007762,C0075,P0015,2026-02-03,2,104.6,Paid
O007763,C0295,P0012,2026-02-03,3,119.79,Paid
O007764,C0023,P0017,2026-02-03,1,123.38,Email
O007765,C0391,P0029,2026-02-03,3,68.67,Organic
O007766,C0634,P0007,2026-02-03,1,61.98,Paid
O007767,C0306,P0001,2026-02-03,3,941.58,Referral
O007768,C0035,P0008,2026-02-03,1,186.3,Paid
O007769,C0301,P0009,2026-02-03,3,145.95,Paid
O007770,C0564,P0014,2026-02-03,1,61.43,Paid
O007771,C0515,P0014,2026-02-03,1,61.43,Paid
O007772,C0306,P0009,2026-02-03,1,48.65,Paid
O007773,C0104,P0020,2026-02-03,3,338.19,Paid
O007774,C0340,P0018,2026-02-03,3,260.13,Paid
O007775,C0740,P0018,2026-02-03,1,86.71,Paid
O007776,C0477,P0029,2026-02-03,2,45.78,Paid
O007777,C0542,P0031,2026-02-03,2,59.7,Paid
O007778,C0615,P0040,2026-02-03,2,70.6,Paid
O007779,C0655,P0040,2026-02-03,2,70.6,Paid
O007780,C0401,P0036,2026-02-03,3,85.59,Paid
O007781,C0123,P0003,2026-02-04,2,195.94,Paid
O007782,C0176,P0006,2026-02-04,1,159.2,Paid
O007783,C0299,P0011,2026-02-04,3,131.46,Paid
O007784,C0736,P0009,2026-02-04,1,48.65,Paid
O007785,C0339,P0017,2026-02-04,3,370.14,Paid
O007786,C0741,P0031,2026-02-04,3,89.55,Paid
O007787,C0648,P0026,2026-02-04,2,35.72,Paid
O007788,C0064,P0030,2026-02-04,1,16.01,Paid
O007789,C0573,P0031,2026-02-04,2,59.7,Email
O007790,C0165,P0032,2026-02-04,1,10.99,Paid
O007791,C0667,P0003,2026-02-04,2,195.94,Referral
O007792,C0599,P0007,2026-02-04,2,123.96,Paid
O007793,C0553,P0005,2026-02-04,3,529.65,Paid
O007794,C0274,P0012,2026-02-04,3,119.79,Paid
O007795,C0208,P0017,2026-02-04,1,123.38,Paid
O007796,C0642,P0017,2026-02-04,2,246.76,Paid
O007797,C0616,P0018,2026-02-04,3,260.13,Paid
O007798,C0479,P0019,2026-02-04,2,159.18,Paid
O007799,C0320,P0026,2026-02-04,1,17.86,Email
O007800,C0323,P0026,2026-02-04,2,35.72,Organic
O007801,C0158,P0026,2026-02-04,3,53.58,Paid
O007802,C0408,P0034,2026-02-04,1,93.55,Paid
O007803,C0739,P0037,2026-02-04,2,164.62,Organic
O007804,C0351,P0002,2026-02-04,1,224.66,Paid
O007805,C0708,P0007,2026-02-04,2,123.96,Paid
O007806,C0631,P0003,2026-02-04,2,195.94,Paid
O007807,C0718,P0005,2026-02-04,3,529.65,Paid
O007808,C0653,P0008,2026-02-04,1,186.3,Paid
O007809,C0130,P0005,2026-02-04,1,176.55,Referral
O007810,C0032,P0011,2026-02-04,2,87.64,Paid
O007811,C0120,P0020,2026-02-04,2,225.46,Paid
O007812,C0352,P0023,2026-02-04,3,376.38,Organic
O007813,C0630,P0018,2026-02-04,3,260.13,Referral
O007814,C0620,P0019,2026-02-04,1,79.59,Paid
O007815,C0497,P0027,2026-02-04,3,134.88,Paid
O007816,C0008,P0030,2026-02-04,1,16.01,Organic
O007817,C0351,P0036,2026-02-04,3,85.59,Paid
O007818,C0075,P0035,2026-02-04,1,96.43,Paid
O007819,C0542,P0002,2026-02-04,2,449.32,Paid
O007820,C0487,P0005,2026-02-04,3,529.65,Organic
O007821,C0776,P0003,2026-02-04,3,293.91,Paid
O007822,C0582,P0003,2026-02-04,1,97.97,Paid
O007823,C0582,P0010,2026-02-04,2,73.06,Paid
O007824,C0498,P0012,2026-02-04,3,119.79,Paid
O007825,C0147,P0011,2026-02-04,3,131.46,Paid
O007826,C0452,P0012,2026-02-04,1,39.93,Paid
O007827,C0179,P0016,2026-02-04,2,59.64,Paid
O007828,C0307,P0016,2026-02-04,2,59.64,Organic
O007829,C0307,P0022,2026-02-04,3,391.14,Paid
O007830,C0626,P0021,2026-02-04,1,117.78,Email
O007831,C0294,P0019,2026-02-04,3,238.77,Organic
O007832,C0633,P0017,2026-02-04,2,246.76,Paid
O007833,C0532,P0017,2026-02-04,1,123.38,Paid
O007834,C0401,P0025,2026-02-04,1,46.06,Paid
O007835,C0744,P0037,2026-02-04,1,82.31,Organic
O007836,C0286,P0039,2026-02-04,2,37.56,Email
O007837,C0165,P0005,2026-02-05,1,176.55,Paid
O007838,C0724,P0015,2026-02-05,3,156.9,Paid
O007839,C0470,P0013,2026-02-05,3,129.78,Paid
O007840,C0094,P0013,2026-02-05,1,43.26,Paid
O007841,C0587,P0024,2026-02-05,3,320.91,Paid
O007842,C0011,P0017,2026-02-05,2,246.76,Referral
O007843,C0724,P0018,2026-02-05,3,260.13,Referral
O007844,C0736,P0024,2026-02-05,3,320.91,Paid
O007845,C0065,P0028,2026-02-05,2,45.44,Paid
O007846,C0601,P0030,2026-02-05,3,48.03,Paid
O007847,C0278,P0031,2026-02-05,1,29.85,Paid
O007848,C0038,P0026,2026-02-05,3,53.58,Paid
O007849,C0470,P0031,2026-02-05,2,59.7,Paid
O007850,C0673,P0040,2026-02-05,2,70.6,Paid
O007851,C0144,P0004,2026-02-05,2,235.4,Paid
O007852,C0474,P0005,2026-02-05,2,353.1,Paid
O007853,C0420,P0011,2026-02-05,3,131.46,Email
O007854,C0479,P0015,2026-02-05,3,156.9,Paid
O007855,C0226,P0010,2026-02-05,1,36.53,Paid
O007856,C0651,P0032,2026-02-05,3,32.97,Referral
O007857,C0323,P0026,2026-02-05,1,17.86,Paid
O007858,C0128,P0034,2026-02-05,2,187.1,Paid
O007859,C0052,P0039,2026-02-05,2,37.56,Paid
O007860,C0079,P0037,2026-02-05,2,164.62,Paid
O007861,C0333,P0034,2026-02-05,1,93.55,Organic
O007862,C0639,P0040,2026-02-05,2,70.6,Paid
O007863,C0073,P0036,2026-02-05,3,85.59,Paid
O007864,C0680,P0033,2026-02-05,2,167.96,Paid
O007865,C0226,P0036,2026-02-05,3,85.59,Paid
O007866,C0450,P0006,2026-02-05,3,477.6,Paid
O007867,C0197,P0006,2026-02-05,1,159.2,Paid
O007868,C0153,P0013,2026-02-05,1,43.26,Organic
O007869,C0755,P0015,2026-02-05,3,156.9,Paid
O007870,C0682,P0012,2026-02-05,1,39.93,Paid
O007871,C0044,P0016,2026-02-05,3,89.46,Organic
O007872,C0239,P0014,2026-02-05,3,184.29,Paid
O007873,C0502,P0011,2026-02-05,1,43.82,Paid
O007874,C0054,P0019,2026-02-05,2,159.18,Organic
O007875,C0647,P0022,2026-02-05,3,391.14,Paid
O007876,C0230,P0025,2026-02-05,1,46.06,Referral
O007877,C0637,P0029,2026-02-05,3,68.67,Organic
O007878,C0565,P0030,2026-02-05,2,32.02,Email
O007879,C0520,P0008,2026-02-05,3,558.9,Organic
O007880,C0407,P0004,2026-02-05,2,235.4,Paid
O007881,C0645,P0004,2026-02-05,3,353.1,Email
O007882,C0561,P0014,2026-02-05,3,184.29,Email
O007883,C0005,P0009,2026-02-05,2,97.3,Paid
O007884,C0168,P0009,2026-02-05,3,145.95,Paid
O007885,C0762,P0021,2026-02-05,3,353.34,Paid
O007886,C0134,P0020,2026-02-05,2,225.46,Paid
O007887,C0441,P0025,2026-02-05,1,46.06,Paid
O007888,C0676,P0037,2026-02-05,2,164.62,Paid
O007889,C0273,P0033,2026-02-05,1,83.98,Paid
O007890,C0127,P0001,2026-02-06,1,313.86,Paid
O007891,C0299,P0004,2026-02-06,3,353.1,Paid
O007892,C0107,P0009,2026-02-06,1,48.65,Paid
O007893,C0625,P0011,2026-02-06,2,87.64,Paid
O007894,C0788,P0016,2026-02-06,1,29.82,Paid
O007895,C0657,P0021,2026-02-06,1,117.78,Paid
O007896,C0284,P0023,2026-02-06,1,125.46,Referral
O007897,C0065,P0026,2026-02-06,1,17.86,Paid
O007898,C0736,P0040,2026-02-06,2,70.6,Paid
O007899,C0074,P0034,2026-02-06,1,93.55,Paid
O007900,C0420,P0007,2026-02-06,2,123.96,Paid
O007901,C0427,P0006,2026-02-06,2,318.4,Paid
O007902,C0214,P0008,2026-02-06,3,558.9,Organic
O007903,C0652,P0006,2026-02-06,2,318.4,Paid
O007904,C0137,P0012,2026-02-06,3,119.79,Paid
O007905,C0773,P0011,2026-02-06,1,43.82,Paid
O007906,C0739,P0009,2026-02-06,1,48.65,Paid
O007907,C0283,P0023,2026-02-06,3,376.38,Paid
O007908,C0728,P0026,2026-02-06,3,53.58,Paid
O007909,C0170,P0029,2026-02-06,1,22.89,Paid
O007910,C0777,P0038,2026-02-06,3,309.06,Paid
O007911,C0701,P0033,2026-02-06,2,167.96,Email
O007912,C0758,P0040,2026-02-06,2,70.6,Paid
O007913,C0116,P0038,2026-02-06,1,103.02,Paid
O007914,C0206,P0002,2026-02-06,3,673.98,Paid
O007915,C0172,P0008,2026-02-06,1,186.3,Paid
O007916,C0083,P0016,2026-02-06,3,89.46,Paid
O007917,C0230,P0024,2026-02-06,2,213.94,Email
O007918,C0663,P0023,2026-02-06,3,376.38,Paid
O007919,C0636,P0032,2026-02-06,2,21.98,Paid
O007920,C0708,P0031,2026-02-06,1,29.85,Paid
O007921,C0053,P0008,2026-02-06,1,186.3,Paid
O007922,C0798,P0004,2026-02-06,2,235.4,Paid
O007923,C0790,P0002,2026-02-06,1,224.66,Organic
O007924,C0307,P0003,2026-02-06,2,195.94,Paid
O007925,C0234,P0006,2026-02-06,1,159.2,Paid
O007926,C0513,P0011,2026-02-06,1,43.82,Paid
O007927,C0009,P0009,2026-02-06,1,48.65,Paid
O007928,C0501,P0014,2026-02-06,2,122.86,Referral
O007929,C0664,P0010,2026-02-06,3,109.59,Paid
O007930,C0108,P0020,2026-02-06,2,225.46,Email
O007931,C0163,P0017,2026-02-06,2,246.76,Paid
O007932,C0314,P0025,2026-02-06,2,92.12,Email
O007933,C0555,P0027,2026-02-06,2,89.92,Referral
O007934,C0039,P0035,2026-02-06,3,289.29,Paid
O007935,C0066,P0037,2026-02-06,3,246.93,Email
O007936,C0314,P0033,2026-02-06,3,251.94,Paid
O007937,C0233,P0033,2026-02-06,2,167.96,Paid
O007938,C0160,P0005,2026-02-07,1,176.55,Organic
O007939,C0411,P0005,2026-02-07,1,176.55,Email
O007940,C0129,P0007,2026-02-07,2,123.96,Paid
O007941,C0700,P0002,2026-02-07,3,673.98,Organic
O007942,C0064,P0009,2026-02-07,2,97.3,Paid
O007943,C0175,P0016,2026-02-07,2,59.64,Paid
O007944,C0601,P0010,2026-02-07,1,36.53,Paid
O007945,C0292,P0014,2026-02-07,2,122.86,Email
O007946,C0795,P0023,2026-02-07,2,250.92,Email
O007947,C0011,P0024,2026-02-07,3,320.91,Email
O007948,C0617,P0020,2026-02-07,1,112.73,Email
O007949,C0142,P0023,2026-02-07,3,376.38,Paid
O007950,C0448,P0025,2026-02-07,2,92.12,Email
O007951,C0715,P0031,2026-02-07,1,29.85,Paid
O007952,C0277,P0034,2026-02-07,2,187.1,Paid
O007953,C0383,P0008,2026-02-07,3,558.9,Referral
O007954,C0333,P0015,2026-02-07,2,104.6,Referral
O007955,C0302,P0010,2026-02-07,2,73.06,Paid
O007956,C0420,P0019,2026-02-07,2,159.18,Paid
O007957,C0047,P0019,2026-02-07,3,238.77,Paid
O007958,C0756,P0022,2026-02-07,2,260.76,Paid
O007959,C0323,P0017,2026-02-07,2,246.76,Paid
O007960,C0659,P0020,2026-02-07,1,112.73,Paid
O007961,C0578,P0025,2026-02-07,1,46.06,Paid
O007962,C0683,P0033,2026-02-07,2,167.96,Organic
O007963,C0231,P0039,2026-02-07,2,37.56,Paid
O007964,C0302,P0039,2026-02-07,2,37.56,Email
O007965,C0007,P0037,2026-02-07,1,82.31,Referral
O007966,C0240,P0039,2026-02-07,2,37.56,Paid
O007967,C0514,P0006,2026-02-07,3,477.6,Paid
O007968,C0439,P0005,2026-02-07,2,353.1,Paid
O007969,C0031,P0001,2026-02-07,1,313.86,Organic
O007970,C0630,P0008,2026-02-07,3,558.9,Paid
O007971,C0527,P0011,2026-02-07,1,43.82,Paid
O007972,C0268,P0014,2026-02-07,3,184.29,Paid
O007973,C0439,P0009,2026-02-07,2,97.3,Organic
O007974,C0650,P0016,2026-02-07,1,29.82,Referral
O007975,C0424,P0021,2026-02-07,1,117.78,Paid
O007976,C0496,P0018,2026-02-07,3,260.13,Paid
O007977,C0350,P0032,2026-02-07,2,21.98,Paid
O007978,C0077,P0029,2026-02-07,1,22.89,Email
O007979,C0136,P0028,2026-02-07,3,68.16,Paid
O007980,C0225,P0029,2026-02-07,2,45.78,Paid
O007981,C0792,P0025,2026-02-07,2,92.12,Paid
O007982,C0464,P0033,2026-02-07,3,251.94,Paid
O007983,C0653,P0033,2026-02-07,2,167.96,Paid
O007984,C0638,P0035,2026-02-07,1,96.43,Paid
O007985,C0136,P0040,2026-02-07,2,70.6,Paid
O007986,C0655,P0002,2026-02-07,3,673.98,Paid
O007987,C0407,P0002,2026-02-07,1,224.66,Paid
O007988,C0403,P0003,2026-02-07,1,97.97,Paid
O007989,C0693,P0007,2026-02-07,2,123.96,Referral
O007990,C0634,P0010,2026-02-07,1,36.53,Paid
O007991,C0385,P0016,2026-02-07,1,29.82,Paid
O007992,C0404,P0014,2026-02-07,2,122.86,Organic
O007993,C0791,P0018,2026-02-07,2,173.42,Paid
O007994,C0608,P0023,2026-02-07,2,250.92,Paid
O007995,C0493,P0018,2026-02-07,1,86.71,Referral
O007996,C0066,P0031,2026-02-07,2,59.7,Paid
O007997,C0349,P0028,2026-02-07,1,22.72,Paid
O007998,C0043,P0031,2026-02-07,1,29.85,Email
O007999,C0020,P0033,2026-02-07,3,251.94,Referral
O008000,C0249,P0037,2026-02-07,2,164.62,Paid
O008001,C0520,P0034,2026-02-07,2,187.1,Paid
O008002,C0129,P0006,2026-02-08,3,477.6,Email
O008003,C0617,P0003,2026-02-08,3,293.91,Organic
O008004,C0468,P0004,2026-02-08,1,117.7,Paid
O008005,C0278,P0003,2026-02-08,1,97.97,Organic
O008006,C0468,P0001,2026-02-08,2,627.72,Paid
O008007,C0264,P0013,2026-02-08,3,129.78,Paid
O008008,C0160,P0009,2026-02-08,2,97.3,Paid
O008009,C0175,P0017,2026-02-08,3,370.14,Email
O008010,C0448,P0018,2026-02-08,3,260.13,Paid
O008011,C0038,P0028,2026-02-08,1,22.72,Referral
O008012,C0264,P0032,2026-02-08,2,21.98,Paid
O008013,C0131,P0026,2026-02-08,3,53.58,Referral
O008014,C0662,P0025,2026-02-08,1,46.06,Paid
O008015,C0292,P0036,2026-02-08,2,57.06,Organic
O008016,C0741,P0038,2026-02-08,3,309.06,Paid
O008017,C0602,P0008,2026-02-08,3,558.9,Paid
O008018,C0427,P0009,2026-02-08,3,145.95,Paid
O008019,C0243,P0014,2026-02-08,1,61.43,Paid
O008020,C0512,P0012,2026-02-08,3,119.79,Referral
O008021,C0644,P0019,2026-02-08,3,238.77,Referral
O008022,C0342,P0021,2026-02-08,2,235.56,Organic
O008023,C0384,P0019,2026-02-08,1,79.59,Paid
O008024,C0333,P0025,2026-02-08,3,138.18,Paid
O008025,C0604,P0029,2026-02-08,1,22.89,Paid
O008026,C0753,P0028,2026-02-08,2,45.44,Organic
O008027,C0359,P0026,2026-02-08,3,53.58,Referral
O008028,C0387,P0040,2026-02-08,2,70.6,Paid
O008029,C0376,P0038,2026-02-08,3,309.06,Paid
O008030,C0003,P0033,2026-02-08,1,83.98,Paid
O008031,C0751,P0001,2026-02-08,2,627.72,Organic
O008032,C0263,P0003,2026-02-08,2,195.94,Paid
O008033,C0400,P0012,2026-02-08,2,79.86,Paid
O008034,C0042,P0017,2026-02-08,3,370.14,Referral
O008035,C0571,P0022,2026-02-08,2,260.76,Referral
O008036,C0316,P0017,2026-02-08,2,246.76,Paid
O008037,C0631,P0020,2026-02-08,3,338.19,Paid
O008038,C0755,P0018,2026-02-08,1,86.71,Organic
O008039,C0289,P0026,2026-02-08,2,35.72,Paid
O008040,C0429,P0032,2026-02-08,1,10.99,Paid
O008041,C0360,P0028,2026-02-08,3,68.16,Paid
O008042,C0799,P0027,2026-02-08,1,44.96,Paid
O008043,C0153,P0031,2026-02-08,1,29.85,Paid
O008044,C0354,P0036,2026-02-08,3,85.59,Paid
O008045,C0638,P0038,2026-02-08,2,206.04,Paid
O008046,C0352,P0039,2026-02-08,3,56.34,Paid
O008047,C0646,P0034,2026-02-08,3,280.65,Paid
O008048,C0083,P0034,2026-02-08,3,280.65,Organic
O008049,C0253,P0001,2026-02-08,3,941.58,Paid
O008050,C0401,P0001,2026-02-08,3,941.58,Email
O008051,C0233,P0001,2026-02-08,1,313.86,Paid
O008052,C0367,P0004,2026-02-08,2,235.4,Paid
O008053,C0603,P0001,2026-02-08,1,313.86,Paid
O008054,C0798,P0006,2026-02-08,1,159.2,Paid
O008055,C0043,P0015,2026-02-08,2,104.6,Paid
O008056,C0187,P0023,2026-02-08,3,376.38,Paid
O008057,C0597,P0021,2026-02-08,1,117.78,Paid
O008058,C0582,P0018,2026-02-08,2,173.42,Email
O008059,C0555,P0021,2026-02-08,1,117.78,Paid
O008060,C0020,P0032,2026-02-08,1,10.99,Organic
O008061,C0149,P0025,2026-02-08,3,138.18,Paid
O008062,C0532,P0025,2026-02-08,2,92.12,Organic
O008063,C0693,P0036,2026-02-08,3,85.59,Referral
O008064,C0588,P0038,2026-02-08,1,103.02,Organic
O008065,C0375,P0037,2026-02-08,1,82.31,Paid
O008066,C0519,P0005,2026-02-09,3,529.65,Paid
O008067,C0280,P0001,2026-02-09,3,941.58,Paid
O008068,C0065,P0002,2026-02-09,2,449.32,Email
O008069,C0193,P0004,2026-02-09,3,353.1,Paid
O008070,C0714,P0015,2026-02-09,1,52.3,Paid
O008071,C0468,P0016,2026-02-09,1,29.82,Paid
O008072,C0749,P0014,2026-02-09,2,122.86,Paid
O008073,C0046,P0015,2026-02-09,1,52.3,Paid
O008074,C0081,P0018,2026-02-09,2,173.42,Referral
O008075,C0797,P0018,2026-02-09,3,260.13,Paid
O008076,C0259,P0018,2026-02-09,1,86.71,Paid
O008077,C0503,P0029,2026-02-09,3,68.67,Paid
O008078,C0155,P0027,2026-02-09,2,89.92,Paid
O008079,C0046,P0032,2026-02-09,2,21.98,Paid
O008080,C0600,P0034,2026-02-09,1,93.55,Paid
O008081,C0016,P0001,2026-02-09,1,313.86,Organic
O008082,C0154,P0015,2026-02-09,3,156.9,Paid
O008083,C0250,P0014,2026-02-09,3,184.29,Paid
O008084,C0533,P0009,2026-02-09,2,97.3,Paid
O008085,C0320,P0014,2026-02-09,1,61.43,Email
O008086,C0076,P0022,2026-02-09,2,260.76,Email
O008087,C0510,P0021,2026-02-09,2,235.56,Organic
O008088,C0085,P0017,2026-02-09,3,370.14,Paid
O008089,C0267,P0028,2026-02-09,2,45.44,Referral
O008090,C0198,P0026,2026-02-09,2,35.72,Paid
O008091,C0553,P0027,2026-02-09,2,89.92,Paid
O008092,C0214,P0030,2026-02-09,1,16.01,Paid
O008093,C0267,P0027,2026-02-09,1,44.96,Paid
O008094,C0267,P0037,2026-02-09,3,246.93,Paid
O008095,C0753,P0038,2026-02-09,1,103.02,Paid
O008096,C0384,P0033,2026-02-09,3,251.94,Paid
O008097,C0647,P0001,2026-02-09,2,627.72,Paid
O008098,C0148,P0005,2026-02-09,3,529.65,Paid
O008099,C0708,P0014,2026-02-09,2,122.86,Organic
O008100,C0215,P0014,2026-02-09,2,122.86,Paid
O008101,C0530,P0009,2026-02-09,1,48.65,Organic
O008102,C0119,P0018,2026-02-09,1,86.71,Paid
O008103,C0324,P0021,2026-02-09,1,117.78,Organic
O008104,C0792,P0018,2026-02-09,3,260.13,Paid
O008105,C0572,P0021,2026-02-09,1,117.78,Paid
O008106,C0025,P0027,2026-02-09,1,44.96,Organic
O008107,C0611,P0027,2026-02-09,2,89.92,Paid
O008108,C0023,P0036,2026-02-09,1,28.53,Paid
O008109,C0623,P0040,2026-02-09,2,70.6,Paid
O008110,C0660,P0038,2026-02-09,1,103.02,Paid
O008111,C0082,P0001,2026-02-09,3,941.58,Paid
O008112,C0588,P0006,2026-02-09,2,318.4,Organic
O008113,C0634,P0004,2026-02-09,1,117.7,Paid
O008114,C0740,P0011,2026-02-09,2,87.64,Email
O008115,C0702,P0016,2026-02-09,3,89.46,Paid
O008116,C0218,P0020,2026-02-09,1,112.73,Paid
O008117,C0626,P0024,2026-02-09,2,213.94,Paid
O008118,C0109,P0031,2026-02-09,1,29.85,Paid
O008119,C0092,P0031,2026-02-09,3,89.55,Organic
O008120,C0564,P0040,2026-02-09,2,70.6,Paid
O008121,C0458,P0005,2026-02-10,1,176.55,Paid
O008122,C0058,P0008,2026-02-10,2,372.6,Organic
O008123,C0343,P0011,2026-02-10,3,131.46,Paid
O008124,C0569,P0024,2026-02-10,3,320.91,Paid
O008125,C0677,P0031,2026-02-10,1,29.85,Referral
O008126,C0738,P0001,2026-02-10,2,627.72,Organic
O008127,C0605,P0011,2026-02-10,1,43.82,Paid
O008128,C0612,P0010,2026-02-10,1,36.53,Paid
O008129,C0746,P0016,2026-02-10,3,89.46,Email
O008130,C0021,P0024,2026-02-10,3,320.91,Referral
O008131,C0384,P0024,2026-02-10,1,106.97,Paid
O008132,C0699,P0023,2026-02-10,1,125.46,Paid
O008133,C0302,P0025,2026-02-10,1,46.06,Paid
O008134,C0566,P0028,2026-02-10,3,68.16,Paid
O008135,C0765,P0004,2026-02-10,3,353.1,Paid
O008136,C0649,P0003,2026-02-10,1,97.97,Paid
O008137,C0432,P0008,2026-02-10,1,186.3,Paid
O008138,C0025,P0013,2026-02-10,1,43.26,Paid
O008139,C0695,P0015,2026-02-10,1,52.3,Paid
O008140,C0653,P0016,2026-02-10,3,89.46,Paid
O008141,C0527,P0017,2026-02-10,3,370.14,Organic
O008142,C0350,P0021,2026-02-10,2,235.56,Paid
O008143,C0669,P0022,2026-02-10,2,260.76,Paid
O008144,C0445,P0024,2026-02-10,1,106.97,Email
O008145,C0517,P0026,2026-02-10,1,17.86,Paid
O008146,C0114,P0026,2026-02-10,2,35.72,Referral
O008147,C0439,P0030,2026-02-10,3,48.03,Paid
O008148,C0471,P0032,2026-02-10,2,21.98,Email
O008149,C0166,P0025,2026-02-10,3,138.18,Organic
O008150,C0456,P0028,2026-02-10,2,45.44,Paid
O008151,C0204,P0039,2026-02-10,1,18.78,Paid
O008152,C0272,P0039,2026-02-10,2,37.56,Paid
O008153,C0492,P0008,2026-02-10,2,372.6,Paid
O008154,C0787,P0005,2026-02-10,2,353.1,Paid
O008155,C0373,P0008,2026-02-10,3,558.9,Paid
O008156,C0582,P0009,2026-02-10,2,97.3,Paid
O008157,C0247,P0016,2026-02-10,2,59.64,Paid
O008158,C0722,P0023,2026-02-10,2,250.92,Paid
O008159,C0562,P0019,2026-02-10,2,159.18,Paid
O008160,C0200,P0024,2026-02-10,2,213.94,Paid
O008161,C0218,P0017,2026-02-10,3,370.14,Paid
O008162,C0297,P0030,2026-02-10,2,32.02,Email
O008163,C0059,P0025,2026-02-10,3,138.18,Email
O008164,C0459,P0029,2026-02-10,1,22.89,Paid
O008165,C0195,P0039,2026-02-10,2,37.56,Paid
O008166,C0367,P0040,2026-02-10,1,35.3,Paid
O008167,C0562,P0038,2026-02-10,1,103.02,Paid
O008168,C0675,P0003,2026-02-11,3,293.91,Paid
O008169,C0435,P0013,2026-02-11,2,86.52,Paid
O008170,C0165,P0028,2026-02-11,3,68.16,Paid
O008171,C0341,P0031,2026-02-11,1,29.85,Paid
O008172,C0679,P0032,2026-02-11,1,10.99,Email
O008173,C0678,P0031,2026-02-11,1,29.85,Paid
O008174,C0743,P0038,2026-02-11,2,206.04,Paid
O008175,C0728,P0006,2026-02-11,3,477.6,Paid
O008176,C0484,P0004,2026-02-11,1,117.7,Paid
O008177,C0747,P0008,2026-02-11,3,558.9,Paid
O008178,C0750,P0003,2026-02-11,3,293.91,Paid
O008179,C0007,P0005,2026-02-11,1,176.55,Email
O008180,C0701,P0015,2026-02-11,3,156.9,Paid
O008181,C0283,P0016,2026-02-11,2,59.64,Paid
O008182,C0764,P0009,2026-02-11,2,97.3,Paid
O008183,C0128,P0009,2026-02-11,2,97.3,Paid
O008184,C0756,P0017,2026-02-11,2,246.76,Paid
O008185,C0285,P0030,2026-02-11,1,16.01,Organic
O008186,C0602,P0030,2026-02-11,1,16.01,Paid
O008187,C0774,P0038,2026-02-11,2,206.04,Paid
O008188,C0388,P0040,2026-02-11,3,105.9,Organic
O008189,C0739,P0040,2026-02-11,3,105.9,Paid
O008190,C0746,P0036,2026-02-11,3,85.59,Paid
O008191,C0620,P0008,2026-02-11,1,186.3,Organic
O008192,C0666,P0005,2026-02-11,2,353.1,Paid
O008193,C0400,P0004,2026-02-11,1,117.7,Paid
O008194,C0666,P0011,2026-02-11,2,87.64,Paid
O008195,C0778,P0011,2026-02-11,1,43.82,Paid
O008196,C0572,P0012,2026-02-11,3,119.79,Paid
O008197,C0042,P0024,2026-02-11,3,320.91,Paid
O008198,C0462,P0022,2026-02-11,1,130.38,Paid
O008199,C0300,P0020,2026-02-11,1,112.73,Paid
O008200,C0637,P0030,2026-02-11,2,32.02,Organic
O008201,C0449,P0039,2026-02-11,1,18.78,Paid
O008202,C0778,P0036,2026-02-11,3,85.59,Paid
O008203,C0637,P0035,2026-02-11,3,289.29,Paid
O008204,C0117,P0003,2026-02-11,1,97.97,Paid
O008205,C0249,P0006,2026-02-11,2,318.4,Organic
O008206,C0286,P0008,2026-02-11,2,372.6,Paid
O008207,C0487,P0006,2026-02-11,3,477.6,Paid
O008208,C0452,P0012,2026-02-11,1,39.93,Paid
O008209,C0603,P0010,2026-02-11,2,73.06,Referral
O008210,C0314,P0010,2026-02-11,1,36.53,Paid
O008211,C0195,P0011,2026-02-11,1,43.82,Paid
O008212,C0762,P0016,2026-02-11,1,29.82,Paid
O008213,C0428,P0023,2026-02-11,3,376.38,Paid
O008214,C0117,P0030,2026-02-11,1,16.01,Email
O008215,C0693,P0028,2026-02-11,2,45.44,Paid
O008216,C0404,P0028,2026-02-11,3,68.16,Paid
O008217,C0367,P0038,2026-02-11,1,103.02,Paid
O008218,C0089,P0034,2026-02-11,2,187.1,Paid
O008219,C0355,P0006,2026-02-12,2,318.4,Paid
O008220,C0654,P0009,2026-02-12,1,48.65,Paid
O008221,C0363,P0015,2026-02-12,1,52.3,Paid
O008222,C0280,P0023,2026-02-12,3,376.38,Organic
O008223,C0440,P0019,2026-02-12,2,159.18,Paid
O008224,C0368,P0024,2026-02-12,2,213.94,Paid
O008225,C0648,P0032,2026-02-12,2,21.98,Email
O008226,C0024,P0032,2026-02-12,1,10.99,Paid
O008227,C0458,P0036,2026-02-12,1,28.53,Organic
O008228,C0640,P0001,2026-02-12,1,313.86,Paid
O008229,C0128,P0006,2026-02-12,1,159.2,Email
O008230,C0408,P0001,2026-02-12,1,313.86,Paid
O008231,C0231,P0016,2026-02-12,2,59.64,Paid
O008232,C0384,P0015,2026-02-12,1,52.3,Organic
O008233,C0410,P0010,2026-02-12,1,36.53,Organic
O008234,C0552,P0018,2026-02-12,2,173.42,Paid
O008235,C0629,P0021,2026-02-12,3,353.34,Organic
O008236,C0639,P0030,2026-02-12,2,32.02,Paid
O008237,C0750,P0038,2026-02-12,2,206.04,Paid
O008238,C0777,P0040,2026-02-12,1,35.3,Paid
O008239,C0671,P0038,2026-02-12,3,309.06,Paid
O008240,C0350,P0008,2026-02-12,2,372.6,Paid
O008241,C0478,P0008,2026-02-12,1,186.3,Paid
O008242,C0751,P0001,2026-02-12,2,627.72,Paid
O008243,C0084,P0003,2026-02-12,3,293.91,Email
O008244,C0295,P0009,2026-02-12,1,48.65,Referral
O008245,C0172,P0014,2026-02-12,1,61.43,Paid
O008246,C0263,P0023,2026-02-12,3,376.38,Paid
O008247,C0036,P0023,2026-02-12,3,376.38,Paid
O008248,C0025,P0024,2026-02-12,1,106.97,Organic
O008249,C0022,P0022,2026-02-12,2,260.76,Paid
O008250,C0735,P0025,2026-02-12,2,92.12,Paid
O008251,C0288,P0028,2026-02-12,2,45.44,Paid
O008252,C0112,P0039,2026-02-12,3,56.34,Paid
O008253,C0305,P0008,2026-02-12,2,372.6,Email
O008254,C0372,P0007,2026-02-12,3,185.94,Paid
O008255,C0790,P0023,2026-02-12,2,250.92,Paid
O008256,C0564,P0027,2026-02-12,3,134.88,Paid
O008257,C0271,P0027,2026-02-12,3,134.88,Paid
O008258,C0273,P0032,2026-02-12,1,10.99,Paid
O008259,C0314,P0039,2026-02-12,3,56.34,Paid
O008260,C0234,P0034,2026-02-12,3,280.65,Paid
O008261,C0363,P0006,2026-02-13,1,159.2,Paid
O008262,C0303,P0003,2026-02-13,3,293.91,Paid
O008263,C0788,P0010,2026-02-13,2,73.06,Paid
O008264,C0724,P0012,2026-02-13,3,119.79,Paid
O008265,C0355,P0013,2026-02-13,3,129.78,Email
O008266,C0213,P0026,2026-02-13,3,53.58,Paid
O008267,C0559,P0025,2026-02-13,1,46.06,Paid
O008268,C0024,P0029,2026-02-13,3,68.67,Paid
O008269,C0440,P0037,2026-02-13,3,246.93,Email
O008270,C0521,P0036,2026-02-13,1,28.53,Paid
O008271,C0094,P0036,2026-02-13,1,28.53,Paid
O008272,C0737,P0001,2026-02-13,1,313.86,Paid
O008273,C0533,P0001,2026-02-13,2,627.72,Paid
O008274,C0760,P0015,2026-02-13,2,104.6,Email
O008275,C0283,P0011,2026-02-13,2,87.64,Organic
O008276,C0463,P0013,2026-02-13,2,86.52,Paid
O008277,C0604,P0011,2026-02-13,2,87.64,Organic
O008278,C0694,P0017,2026-02-13,2,246.76,Email
O008279,C0266,P0022,2026-02-13,3,391.14,Organic
O008280,C0750,P0021,2026-02-13,1,117.78,Paid
O008281,C0073,P0023,2026-02-13,3,376.38,Paid
O008282,C0266,P0025,2026-02-13,1,46.06,Email
O008283,C0003,P0032,2026-02-13,3,32.97,Paid
O008284,C0335,P0034,2026-02-13,3,280.65,Organic
O008285,C0683,P0034,2026-02-13,2,187.1,Referral
O008286,C0496,P0006,2026-02-13,1,159.2,Paid
O008287,C0623,P0007,2026-02-13,3,185.94,Paid
O008288,C0425,P0005,2026-02-13,3,529.65,Organic
O008289,C0350,P0015,2026-02-13,1,52.3,Paid
O008290,C0153,P0011,2026-02-13,1,43.82,Paid
O008291,C0071,P0017,2026-02-13,2,246.76,Organic
O008292,C0166,P0021,2026-02-13,2,235.56,Organic
O008293,C0637,P0020,2026-02-13,2,225.46,Paid
O008294,C0087,P0022,2026-02-13,1,130.38,Organic
O008295,C0183,P0019,2026-02-13,1,79.59,Organic
O008296,C0571,P0031,2026-02-13,1,29.85,Referral
O008297,C0263,P0031,2026-02-13,1,29.85,Paid
O008298,C0580,P0031,2026-02-13,1,29.85,Paid
O008299,C0025,P0038,2026-02-13,3,309.06,Paid
O008300,C0471,P0034,2026-02-13,2,187.1,Paid
O008301,C0287,P0007,2026-02-13,1,61.98,Paid
O008302,C0740,P0006,2026-02-13,3,477.6,Paid
O008303,C0306,P0004,2026-02-13,2,235.4,Paid
O008304,C0745,P0014,2026-02-13,3,184.29,Paid
O008305,C0053,P0013,2026-02-13,2,86.52,Paid
O008306,C0707,P0011,2026-02-13,3,131.46,Organic
O008307,C0037,P0012,2026-02-13,1,39.93,Paid
O008308,C0513,P0023,2026-02-13,1,125.46,Paid
O008309,C0560,P0017,2026-02-13,3,370.14,Organic
O008310,C0069,P0019,2026-02-13,1,79.59,Email
O008311,C0218,P0032,2026-02-13,3,32.97,Paid
O008312,C0561,P0030,2026-02-13,2,32.02,Organic
O008313,C0707,P0036,2026-02-13,2,57.06,Referral
O008314,C0477,P0036,2026-02-13,1,28.53,Paid
O008315,C0465,P0035,2026-02-13,2,192.86,Email
O008316,C0294,P0033,2026-02-13,1,83.98,Organic
O008317,C0688,P0034,2026-02-13,1,93.55,Paid
O008318,C0441,P0037,2026-02-13,1,82.31,Paid
O008319,C0212,P0013,2026-02-14,1,43.26,Paid
O008320,C0800,P0016,2026-02-14,1,29.82,Paid
O008321,C0223,P0013,2026-02-14,1,43.26,Paid
O008322,C0099,P0017,2026-02-14,2,246.76,Paid
O008323,C0700,P0023,2026-02-14,2,250.92,Paid
O008324,C0736,P0031,2026-02-14,2,59.7,Organic
O008325,C0264,P0032,2026-02-14,3,32.97,Paid
O008326,C0395,P0025,2026-02-14,2,92.12,Paid
O008327,C0470,P0036,2026-02-14,2,57.06,Paid
O008328,C0176,P0033,2026-02-14,3,251.94,Paid
O008329,C0388,P0004,2026-02-14,2,235.4,Paid
O008330,C0048,P0008,2026-02-14,3,558.9,Email
O008331,C0182,P0005,2026-02-14,1,176.55,Paid
O008332,C0019,P0013,2026-02-14,3,129.78,Paid
O008333,C0474,P0009,2026-02-14,3,145.95,Email
O008334,C0241,P0020,2026-02-14,3,338.19,Paid
O008335,C0358,P0020,2026-02-14,1,112.73,Paid
O008336,C0376,P0021,2026-02-14,3,353.34,Paid
O008337,C0602,P0027,2026-02-14,3,134.88,Organic
O008338,C0640,P0034,2026-02-14,1,93.55,Referral
O008339,C0642,P0039,2026-02-14,2,37.56,Paid
O008340,C0764,P0040,2026-02-14,2,70.6,Paid
O008341,C0431,P0005,2026-02-14,1,176.55,Paid
O008342,C0220,P0007,2026-02-14,3,185.94,Paid
O008343,C0215,P0014,2026-02-14,2,122.86,Paid
O008344,C0647,P0014,2026-02-14,2,122.86,Paid
O008345,C0646,P0015,2026-02-14,3,156.9,Paid
O008346,C0695,P0011,2026-02-14,3,131.46,Paid
O008347,C0669,P0010,2026-02-14,3,109.59,Paid
O008348,C0613,P0023,2026-02-14,3,376.38,Paid
O008349,C0450,P0019,2026-02-14,2,159.18,Paid
O008350,C0075,P0023,2026-02-14,1,125.46,Paid
O008351,C0653,P0017,2026-02-14,2,246.76,Referral
O008352,C0577,P0031,2026-02-14,1,29.85,Paid
O008353,C0663,P0026,2026-02-14,1,17.86,Paid
O008354,C0478,P0030,2026-02-14,2,32.02,Paid
O008355,C0022,P0037,2026-02-14,1,82.31,Organic
O008356,C0425,P0033,2026-02-14,2,167.96,Paid
O008357,C0568,P0002,2026-02-14,2,449.32,Paid
O008358,C0547,P0008,2026-02-14,1,186.3,Paid
O008359,C0441,P0005,2026-02-14,2,353.1,Organic
O008360,C0101,P0007,2026-02-14,1,61.98,Email
O008361,C0056,P0005,2026-02-14,2,353.1,Paid
O008362,C0174,P0009,2026-02-14,2,97.3,Paid
O008363,C0147,P0015,2026-02-14,3,156.9,Paid
O008364,C0688,P0009,2026-02-14,2,97.3,Paid
O008365,C0373,P0019,2026-02-14,3,238.77,Paid
O008366,C0406,P0030,2026-02-14,3,48.03,Email
O008367,C0100,P0027,2026-02-14,2,89.92,Paid
O008368,C0791,P0035,2026-02-14,3,289.29,Organic
O008369,C0104,P0040,2026-02-14,2,70.6,Paid
O008370,C0186,P0001,2026-02-15,3,941.58,Email
O008371,C0589,P0003,2026-02-15,3,293.91,Paid
O008372,C0284,P0003,2026-02-15,1,97.97,Paid
O008373,C0443,P0010,2026-02-15,2,73.06,Email
O008374,C0065,P0016,2026-02-15,2,59.64,Paid
O008375,C0064,P0012,2026-02-15,2,79.86,Paid
O008376,C0308,P0020,2026-02-15,2,225.46,Paid
O008377,C0259,P0031,2026-02-15,3,89.55,Paid
O008378,C0193,P0040,2026-02-15,3,105.9,Email
O008379,C0678,P0035,2026-02-15,2,192.86,Paid
O008380,C0231,P0003,2026-02-15,2,195.94,Paid
O008381,C0405,P0003,2026-02-15,2,195.94,Paid
O008382,C0576,P0004,2026-02-15,3,353.1,Paid
O008383,C0602,P0006,2026-02-15,2,318.4,Organic
O008384,C0780,P0010,2026-02-15,1,36.53,Paid
O008385,C0323,P0009,2026-02-15,3,145.95,Paid
O008386,C0243,P0020,2026-02-15,3,338.19,Paid
O008387,C0302,P0022,2026-02-15,3,391.14,Organic
O008388,C0048,P0023,2026-02-15,2,250.92,Paid
O008389,C0622,P0019,2026-02-15,2,159.18,Paid
O008390,C0086,P0024,2026-02-15,3,320.91,Paid
O008391,C0376,P0027,2026-02-15,2,89.92,Paid
O008392,C0474,P0029,2026-02-15,2,45.78,Paid
O008393,C0784,P0030,2026-02-15,1,16.01,Paid
O008394,C0463,P0032,2026-02-15,3,32.97,Paid
O008395,C0748,P0030,2026-02-15,2,32.02,Paid
O008396,C0106,P0032,2026-02-15,3,32.97,Email
O008397,C0242,P0034,2026-02-15,1,93.55,Paid
O008398,C0007,P0039,2026-02-15,2,37.56,Paid
O008399,C0226,P0036,2026-02-15,1,28.53,Paid
O008400,C0323,P0040,2026-02-15,2,70.6,Paid
O008401,C0579,P0007,2026-02-15,3,185.94,Paid
O008402,C0295,P0005,2026-02-15,2,353.1,Paid
O008403,C0221,P0011,2026-02-15,2,87.64,Paid
O008404,C0767,P0019,2026-02-15,2,159.18,Paid
O008405,C0183,P0032,2026-02-15,3,32.97,Paid
O008406,C0735,P0025,2026-02-15,3,138.18,Email
O008407,C0112,P0030,2026-02-15,1,16.01,Organic
O008408,C0336,P0025,2026-02-15,1,46.06,Organic
O008409,C0036,P0029,2026-02-15,2,45.78,Paid
O008410,C0068,P0008,2026-02-15,1,186.3,Paid
O008411,C0372,P0004,2026-02-15,2,235.4,Email
O008412,C0740,P0003,2026-02-15,2,195.94,Organic
O008413,C0056,P0010,2026-02-15,1,36.53,Paid
O008414,C0487,P0011,2026-02-15,1,43.82,Paid
O008415,C0703,P0010,2026-02-15,1,36.53,Email
O008416,C0109,P0014,2026-02-15,3,184.29,Paid
O008417,C0030,P0017,2026-02-15,2,246.76,Organic
O008418,C0312,P0031,2026-02-15,1,29.85,Paid
O008419,C0626,P0032,2026-02-15,2,21.98,Organic
O008420,C0498,P0032,2026-02-15,2,21.98,Paid
O008421,C0362,P0039,2026-02-15,3,56.34,Organic
O008422,C0615,P0033,2026-02-15,1,83.98,Paid
O008423,C0441,P0036,2026-02-15,2,57.06,Paid
O008424,C0043,P0037,2026-02-15,1,82.31,Email
O008425,C0582,P0035,2026-02-15,2,192.86,Paid
O008426,C0118,P0014,2026-02-16,1,61.43,Paid
O008427,C0050,P0010,2026-02-16,1,36.53,Paid
O008428,C0280,P0014,2026-02-16,2,122.86,Paid
O008429,C0378,P0023,2026-02-16,3,376.38,Paid
O008430,C0519,P0022,2026-02-16,2,260.76,Paid
O008431,C0742,P0030,2026-02-16,1,16.01,Organic
O008432,C0038,P0025,2026-02-16,3,138.18,Email
O008433,C0724,P0027,2026-02-16,2,89.92,Paid
O008434,C0213,P0040,2026-02-16,2,70.6,Paid
O008435,C0282,P0003,2026-02-16,2,195.94,Organic
O008436,C0789,P0002,2026-02-16,3,673.98,Paid
O008437,C0019,P0017,2026-02-16,1,123.38,Paid
O008438,C0330,P0018,2026-02-16,1,86.71,Paid
O008439,C0721,P0019,2026-02-16,1,79.59,Organic
O008440,C0085,P0019,2026-02-16,3,238.77,Paid
O008441,C0639,P0029,2026-02-16,3,68.67,Paid
O008442,C0491,P0033,2026-02-16,2,167.96,Paid
O008443,C0282,P0036,2026-02-16,1,28.53,Paid
O008444,C0431,P0001,2026-02-16,2,627.72,Paid
O008445,C0229,P0007,2026-02-16,2,123.96,Paid
O008446,C0471,P0014,2026-02-16,2,122.86,Email
O008447,C0650,P0024,2026-02-16,1,106.97,Paid
O008448,C0767,P0018,2026-02-16,2,173.42,Paid
O008449,C0256,P0021,2026-02-16,1,117.78,Organic
O008450,C0183,P0018,2026-02-16,1,86.71,Paid
O008451,C0113,P0028,2026-02-16,3,68.16,Paid
O008452,C0767,P0026,2026-02-16,2,35.72,Paid
O008453,C0658,P0027,2026-02-16,3,134.88,Paid
O008454,C0765,P0028,2026-02-16,3,68.16,Referral
O008455,C0755,P0029,2026-02-16,1,22.89,Paid
O008456,C0272,P0029,2026-02-16,3,68.67,Paid
O008457,C0296,P0025,2026-02-16,1,46.06,Paid
O008458,C0120,P0036,2026-02-16,1,28.53,Paid
O008459,C0162,P0033,2026-02-16,3,251.94,Organic
O008460,C0221,P0036,2026-02-16,2,57.06,Paid
O008461,C0704,P0037,2026-02-16,1,82.31,Paid
O008462,C0695,P0039,2026-02-16,1,18.78,Organic
O008463,C0310,P0005,2026-02-16,1,176.55,Email
O008464,C0066,P0012,2026-02-16,2,79.86,Paid
O008465,C0416,P0016,2026-02-16,1,29.82,Paid
O008466,C0029,P0014,2026-02-16,2,122.86,Paid
O008467,C0609,P0020,2026-02-16,1,112.73,Paid
O008468,C0310,P0028,2026-02-16,2,45.44,Organic
O008469,C0247,P0027,2026-02-16,1,44.96,Paid
O008470,C0093,P0038,2026-02-16,2,206.04,Paid
O008471,C0561,P0036,2026-02-16,1,28.53,Referral
O008472,C0473,P0007,2026-02-17,2,123.96,Paid
O008473,C0278,P0008,2026-02-17,2,372.6,Paid
O008474,C0395,P0010,2026-02-17,1,36.53,Paid
O008475,C0519,P0022,2026-02-17,1,130.38,Paid
O008476,C0677,P0023,2026-02-17,3,376.38,Referral
O008477,C0027,P0020,2026-02-17,1,112.73,Paid
O008478,C0741,P0023,2026-02-17,2,250.92,Email
O008479,C0277,P0019,2026-02-17,1,79.59,Email
O008480,C0050,P0022,2026-02-17,2,260.76,Paid
O008481,C0118,P0022,2026-02-17,2,260.76,Paid
O008482,C0074,P0019,2026-02-17,1,79.59,Paid
O008483,C0118,P0026,2026-02-17,3,53.58,Organic
O008484,C0355,P0026,2026-02-17,1,17.86,Paid
O008485,C0259,P0032,2026-02-17,2,21.98,Organic
O008486,C0094,P0029,2026-02-17,1,22.89,Paid
O008487,C0797,P0033,2026-02-17,3,251.94,Paid
O008488,C0447,P0013,2026-02-17,2,86.52,Referral
O008489,C0433,P0012,2026-02-17,3,119.79,Paid
O008490,C0474,P0011,2026-02-17,3,131.46,Paid
O008491,C0347,P0012,2026-02-17,1,39.93,Organic
O008492,C0786,P0021,2026-02-17,2,235.56,Paid
O008493,C0701,P0017,2026-02-17,2,246.76,Paid
O008494,C0205,P0024,2026-02-17,2,213.94,Paid
O008495,C0789,P0019,2026-02-17,2,159.18,Paid
O008496,C0489,P0018,2026-02-17,1,86.71,Paid
O008497,C0484,P0017,2026-02-17,3,370.14,Paid
O008498,C0003,P0018,2026-02-17,3,260.13,Referral
O008499,C0739,P0033,2026-02-17,1,83.98,Paid
O008500,C0003,P0040,2026-02-17,3,105.9,Email
O008501,C0330,P0037,2026-02-17,3,246.93,Paid
O008502,C0204,P0006,2026-02-17,2,318.4,Paid
O008503,C0697,P0002,2026-02-17,3,673.98,Paid
O008504,C0668,P0008,2026-02-17,1,186.3,Email
O008505,C0565,P0018,2026-02-17,3,260.13,Organic
O008506,C0010,P0032,2026-02-17,1,10.99,Paid
O008507,C0087,P0025,2026-02-17,3,138.18,Paid
O008508,C0042,P0029,2026-02-17,1,22.89,Paid
O008509,C0172,P0030,2026-02-17,2,32.02,Organic
O008510,C0042,P0034,2026-02-17,3,280.65,Paid
O008511,C0230,P0034,2026-02-17,3,280.65,Paid
O008512,C0513,P0024,2026-02-17,1,106.97,Email
O008513,C0603,P0023,2026-02-17,1,125.46,Paid
O008514,C0385,P0025,2026-02-17,3,138.18,Paid
O008515,C0744,P0029,2026-02-17,1,22.89,Referral
O008516,C0253,P0025,2026-02-17,1,46.06,Paid
O008517,C0140,P0031,2026-02-17,2,59.7,Organic
O008518,C0207,P0026,2026-02-17,2,35.72,Email
O008519,C0364,P0036,2026-02-17,1,28.53,Referral
O008520,C0441,P0039,2026-02-17,2,37.56,Paid
O008521,C0568,P0037,2026-02-17,3,246.93,Paid
O008522,C0082,P0036,2026-02-17,2,57.06,Paid
O008523,C0030,P0034,2026-02-17,3,280.65,Organic
O008524,C0306,P0035,2026-02-17,2,192.86,Email
O008525,C0626,P0040,2026-02-17,1,35.3,Paid
O008526,C0177,P0007,2026-02-18,2,123.96,Paid
O008527,C0011,P0001,2026-02-18,2,627.72,Paid
O008528,C0743,P0008,2026-02-18,1,186.3,Paid
O008529,C0569,P0002,2026-02-18,3,673.98,Paid
O008530,C0332,P0002,2026-02-18,3,673.98,Paid
O008531,C0543,P0011,2026-02-18,2,87.64,Paid
O008532,C0110,P0009,2026-02-18,1,48.65,Paid
O008533,C0293,P0026,2026-02-18,1,17.86,Paid
O008534,C0158,P0008,2026-02-18,2,372.6,Email
O008535,C0198,P0004,2026-02-18,2,235.4,Paid
O008536,C0694,P0004,2026-02-18,3,353.1,Paid
O008537,C0007,P0014,2026-02-18,3,184.29,Paid
O008538,C0599,P0015,2026-02-18,2,104.6,Email
O008539,C0240,P0014,2026-02-18,1,61.43,Referral
O008540,C0276,P0011,2026-02-18,3,131.46,Paid
O008541,C0692,P0021,2026-02-18,1,117.78,Paid
O008542,C0488,P0025,2026-02-18,2,92.12,Paid
O008543,C0019,P0030,2026-02-18,1,16.01,Paid
O008544,C0750,P0028,2026-02-18,2,45.44,Organic
O008545,C0481,P0032,2026-02-18,3,32.97,Email
O008546,C0529,P0004,2026-02-18,2,235.4,Paid
O008547,C0708,P0002,2026-02-18,3,673.98,Paid
O008548,C0162,P0012,2026-02-18,3,119.79,Paid
O008549,C0036,P0011,2026-02-18,3,131.46,Paid
O008550,C0211,P0010,2026-02-18,2,73.06,Paid
O008551,C0778,P0009,2026-02-18,2,97.3,Paid
O008552,C0496,P0018,2026-02-18,2,173.42,Organic
O008553,C0660,P0024,2026-02-18,3,320.91,Paid
O008554,C0689,P0020,2026-02-18,2,225.46,Email
O008555,C0042,P0030,2026-02-18,2,32.02,Paid
O008556,C0704,P0026,2026-02-18,2,35.72,Paid
O008557,C0638,P0028,2026-02-18,3,68.16,Email
O008558,C0718,P0031,2026-02-18,2,59.7,Paid
O008559,C0078,P0035,2026-02-18,1,96.43,Paid
O008560,C0083,P0037,2026-02-18,3,246.93,Paid
O008561,C0148,P0035,2026-02-18,3,289.29,Paid
O008562,C0778,P0035,2026-02-18,1,96.43,Paid
O008563,C0722,P0006,2026-02-18,1,159.2,Paid
O008564,C0305,P0005,2026-02-18,1,176.55,Organic
O008565,C0403,P0008,2026-02-18,2,372.6,Paid
O008566,C0273,P0005,2026-02-18,1,176.55,Email
O008567,C0249,P0009,2026-02-18,1,48.65,Paid
O008568,C0593,P0021,2026-02-18,2,235.56,Paid
O008569,C0515,P0031,2026-02-18,3,89.55,Organic
O008570,C0406,P0030,2026-02-18,1,16.01,Paid
O008571,C0676,P0029,2026-02-18,3,68.67,Paid
O008572,C0349,P0038,2026-02-18,3,309.06,Paid
O008573,C0418,P0004,2026-02-19,3,353.1,Email
O008574,C0483,P0009,2026-02-19,1,48.65,Email
O008575,C0734,P0021,2026-02-19,3,353.34,Paid
O008576,C0186,P0019,2026-02-19,3,238.77,Referral
O008577,C0280,P0019,2026-02-19,3,238.77,Paid
O008578,C0443,P0022,2026-02-19,3,391.14,Organic
O008579,C0361,P0028,2026-02-19,3,68.16,Paid
O008580,C0503,P0032,2026-02-19,3,32.97,Paid
O008581,C0339,P0025,2026-02-19,3,138.18,Paid
O008582,C0038,P0039,2026-02-19,1,18.78,Paid
O008583,C0049,P0036,2026-02-19,1,28.53,Paid
O008584,C0065,P0039,2026-02-19,2,37.56,Paid
O008585,C0699,P0006,2026-02-19,2,318.4,Email
O008586,C0656,P0008,2026-02-19,3,558.9,Organic
O008587,C0302,P0012,2026-02-19,3,119.79,Referral
O008588,C0170,P0015,2026-02-19,1,52.3,Paid
O008589,C0659,P0023,2026-02-19,2,250.92,Paid
O008590,C0205,P0029,2026-02-19,3,68.67,Paid
O008591,C0622,P0032,2026-02-19,1,10.99,Email
O008592,C0578,P0040,2026-02-19,1,35.3,Paid
O008593,C0238,P0007,2026-02-19,1,61.98,Paid
O008594,C0156,P0016,2026-02-19,2,59.64,Organic
O008595,C0289,P0009,2026-02-19,1,48.65,Paid
O008596,C0075,P0023,2026-02-19,3,376.38,Paid
O008597,C0429,P0021,2026-02-19,3,353.34,Paid
O008598,C0113,P0026,2026-02-19,2,35.72,Paid
O008599,C0663,P0031,2026-02-19,1,29.85,Paid
O008600,C0432,P0026,2026-02-19,2,35.72,Paid
O008601,C0263,P0037,2026-02-19,3,246.93,Paid
O008602,C0031,P0039,2026-02-19,3,56.34,Paid
O008603,C0239,P0036,2026-02-19,2,57.06,Organic
O008604,C0113,P0036,2026-02-19,3,85.59,Paid
O008605,C0022,P0037,2026-02-19,2,164.62,Organic
O008606,C0125,P0002,2026-02-19,2,449.32,Referral
O008607,C0367,P0004,2026-02-19,3,353.1,Organic
O008608,C0092,P0010,2026-02-19,1,36.53,Paid
O008609,C0069,P0012,2026-02-19,3,119.79,Paid
O008610,C0406,P0011,2026-02-19,2,87.64,Paid
O008611,C0385,P0010,2026-02-19,3,109.59,Paid
O008612,C0686,P0009,2026-02-19,1,48.65,Paid
O008613,C0469,P0020,2026-02-19,3,338.19,Organic
O008614,C0740,P0018,2026-02-19,1,86.71,Organic
O008615,C0608,P0025,2026-02-19,3,138.18,Paid
O008616,C0066,P0031,2026-02-19,3,89.55,Paid
O008617,C0562,P0031,2026-02-19,3,89.55,Paid
O008618,C0665,P0031,2026-02-19,3,89.55,Organic
O008619,C0477,P0038,2026-02-19,1,103.02,Paid
O008620,C0100,P0038,2026-02-19,2,206.04,Paid
O008621,C0101,P0037,2026-02-19,1,82.31,Paid
O008622,C0088,P0005,2026-02-20,3,529.65,Email
O008623,C0299,P0015,2026-02-20,3,156.9,Paid
O008624,C0175,P0009,2026-02-20,3,145.95,Organic
O008625,C0741,P0023,2026-02-20,2,250.92,Paid
O008626,C0269,P0020,2026-02-20,2,225.46,Paid
O008627,C0332,P0021,2026-02-20,1,117.78,Paid
O008628,C0734,P0018,2026-02-20,3,260.13,Organic
O008629,C0454,P0018,2026-02-20,1,86.71,Paid
O008630,C0654,P0025,2026-02-20,1,46.06,Referral
O008631,C0118,P0032,2026-02-20,1,10.99,Paid
O008632,C0341,P0028,2026-02-20,1,22.72,Paid
O008633,C0064,P0040,2026-02-20,3,105.9,Paid
O008634,C0446,P0035,2026-02-20,2,192.86,Paid
O008635,C0421,P0037,2026-02-20,1,82.31,Paid
O008636,C0651,P0004,2026-02-20,2,235.4,Paid
O008637,C0240,P0001,2026-02-20,1,313.86,Paid
O008638,C0491,P0005,2026-02-20,3,529.65,Paid
O008639,C0709,P0015,2026-02-20,3,156.9,Organic
O008640,C0737,P0011,2026-02-20,3,131.46,Paid
O008641,C0479,P0014,2026-02-20,1,61.43,Paid
O008642,C0387,P0023,2026-02-20,2,250.92,Paid
O008643,C0484,P0017,2026-02-20,2,246.76,Paid
O008644,C0085,P0019,2026-02-20,3,238.77,Email
O008645,C0275,P0023,2026-02-20,3,376.38,Email
O008646,C0282,P0031,2026-02-20,3,89.55,Organic
O008647,C0622,P0025,2026-02-20,3,138.18,Paid
O008648,C0667,P0032,2026-02-20,1,10.99,Paid
O008649,C0701,P0040,2026-02-20,2,70.6,Paid
O008650,C0359,P0037,2026-02-20,3,246.93,Paid
O008651,C0656,P0036,2026-02-20,1,28.53,Paid
O008652,C0204,P0006,2026-02-20,3,477.6,Paid
O008653,C0032,P0004,2026-02-20,2,235.4,Organic
O008654,C0497,P0004,2026-02-20,3,353.1,Paid
O008655,C0084,P0005,2026-02-20,1,176.55,Paid
O008656,C0425,P0013,2026-02-20,3,129.78,Paid
O008657,C0256,P0016,2026-02-20,2,59.64,Email
O008658,C0529,P0021,2026-02-20,2,235.56,Paid
O008659,C0755,P0019,2026-02-20,2,159.18,Paid
O008660,C0084,P0022,2026-02-20,3,391.14,Paid
O008661,C0336,P0030,2026-02-20,1,16.01,Paid
O008662,C0156,P0034,2026-02-20,1,93.55,Paid
O008663,C0313,P0035,2026-02-20,2,192.86,Paid
O008664,C0324,P0037,2026-02-20,1,82.31,Email
O008665,C0498,P0008,2026-02-20,3,558.9,Paid
O008666,C0459,P0001,2026-02-20,2,627.72,Paid
O008667,C0404,P0006,2026-02-20,2,318.4,Paid
O008668,C0385,P0014,2026-02-20,3,184.29,Paid
O008669,C0703,P0023,2026-02-20,1,125.46,Paid
O008670,C0108,P0018,2026-02-20,1,86.71,Paid
O008671,C0597,P0024,2026-02-20,3,320.91,Referral
O008672,C0655,P0021,2026-02-20,1,117.78,Paid
O008673,C0582,P0019,2026-02-20,3,238.77,Paid
O008674,C0465,P0024,2026-02-20,1,106.97,Paid
O008675,C0459,P0026,2026-02-20,2,35.72,Organic
O008676,C0396,P0030,2026-02-20,1,16.01,Paid
O008677,C0551,P0038,2026-02-20,2,206.04,Email
O008678,C0213,P0004,2026-02-21,3,353.1,Paid
O008679,C0173,P0003,2026-02-21,3,293.91,Paid
O008680,C0088,P0008,2026-02-21,3,558.9,Email
O008681,C0299,P0004,2026-02-21,1,117.7,Organic
O008682,C0175,P0014,2026-02-21,1,61.43,Organic
O008683,C0470,P0023,2026-02-21,3,376.38,Paid
O008684,C0657,P0021,2026-02-21,1,117.78,Referral
O008685,C0173,P0024,2026-02-21,1,106.97,Paid
O008686,C0325,P0026,2026-02-21,1,17.86,Paid
O008687,C0505,P0031,2026-02-21,1,29.85,Paid
O008688,C0269,P0025,2026-02-21,1,46.06,Paid
O008689,C0378,P0030,2026-02-21,1,16.01,Paid
O008690,C0768,P0026,2026-02-21,1,17.86,Paid
O008691,C0731,P0037,2026-02-21,3,246.93,Paid
O008692,C0544,P0035,2026-02-21,1,96.43,Paid
O008693,C0160,P0034,2026-02-21,1,93.55,Paid
O008694,C0470,P0033,2026-02-21,3,251.94,Paid
O008695,C0503,P0038,2026-02-21,2,206.04,Paid
O008696,C0016,P0007,2026-02-21,2,123.96,Organic
O008697,C0274,P0006,2026-02-21,1,159.2,Organic
O008698,C0033,P0006,2026-02-21,2,318.4,Paid
O008699,C0474,P0009,2026-02-21,2,97.3,Referral
O008700,C0447,P0022,2026-02-21,2,260.76,Paid
O008701,C0086,P0017,2026-02-21,2,246.76,Email
O008702,C0753,P0018,2026-02-21,3,260.13,Paid
O008703,C0423,P0024,2026-02-21,2,213.94,Paid
O008704,C0033,P0021,2026-02-21,2,235.56,Email
O008705,C0651,P0029,2026-02-21,1,22.89,Paid
O008706,C0595,P0028,2026-02-21,2,45.44,Email
O008707,C0604,P0032,2026-02-21,3,32.97,Paid
O008708,C0137,P0039,2026-02-21,1,18.78,Paid
O008709,C0228,P0001,2026-02-21,2,627.72,Referral
O008710,C0148,P0002,2026-02-21,2,449.32,Paid
O008711,C0113,P0008,2026-02-21,3,558.9,Paid
O008712,C0496,P0007,2026-02-21,1,61.98,Paid
O008713,C0579,P0005,2026-02-21,3,529.65,Organic
O008714,C0565,P0012,2026-02-21,3,119.79,Referral
O008715,C0112,P0014,2026-02-21,1,61.43,Paid
O008716,C0083,P0010,2026-02-21,3,109.59,Paid
O008717,C0689,P0009,2026-02-21,2,97.3,Paid
O008718,C0413,P0016,2026-02-21,2,59.64,Paid
O008719,C0514,P0015,2026-02-21,2,104.6,Email
O008720,C0649,P0018,2026-02-21,2,173.42,Paid
O008721,C0256,P0018,2026-02-21,2,173.42,Organic
O008722,C0083,P0031,2026-02-21,1,29.85,Paid
O008723,C0735,P0040,2026-02-21,1,35.3,Email
O008724,C0075,P0040,2026-02-21,2,70.6,Paid
O008725,C0253,P0007,2026-02-21,3,185.94,Paid
O008726,C0716,P0007,2026-02-21,2,123.96,Paid
O008727,C0089,P0012,2026-02-21,1,39.93,Organic
O008728,C0200,P0011,2026-02-21,2,87.64,Paid
O008729,C0645,P0014,2026-02-21,2,122.86,Paid
O008730,C0109,P0014,2026-02-21,3,184.29,Email
O008731,C0043,P0010,2026-02-21,1,36.53,Organic
O008732,C0401,P0019,2026-02-21,2,159.18,Organic
O008733,C0168,P0027,2026-02-21,1,44.96,Organic
O008734,C0253,P0029,2026-02-21,3,68.67,Paid
O008735,C0159,P0028,2026-02-21,1,22.72,Paid
O008736,C0271,P0028,2026-02-21,3,68.16,Paid
O008737,C0633,P0031,2026-02-21,3,89.55,Paid
O008738,C0082,P0028,2026-02-21,3,68.16,Paid
O008739,C0441,P0040,2026-02-21,3,105.9,Paid
O008740,C0056,P0038,2026-02-21,2,206.04,Paid
O008741,C0717,P0040,2026-02-21,2,70.6,Paid
O008742,C0643,P0040,2026-02-21,1,35.3,Paid
O008743,C0665,P0034,2026-02-21,2,187.1,Paid
O008744,C0503,P0002,2026-02-22,2,449.32,Paid
O008745,C0734,P0007,2026-02-22,2,123.96,Paid
O008746,C0684,P0007,2026-02-22,3,185.94,Paid
O008747,C0165,P0009,2026-02-22,2,97.3,Organic
O008748,C0269,P0011,2026-02-22,1,43.82,Paid
O008749,C0797,P0012,2026-02-22,1,39.93,Email
O008750,C0455,P0024,2026-02-22,3,320.91,Paid
O008751,C0455,P0022,2026-02-22,3,391.14,Paid
O008752,C0544,P0024,2026-02-22,3,320.91,Organic
O008753,C0601,P0017,2026-02-22,3,370.14,Paid
O008754,C0679,P0020,2026-02-22,2,225.46,Paid
O008755,C0411,P0030,2026-02-22,2,32.02,Referral
O008756,C0714,P0026,2026-02-22,1,17.86,Paid
O008757,C0715,P0028,2026-02-22,2,45.44,Organic
O008758,C0050,P0038,2026-02-22,3,309.06,Paid
O008759,C0347,P0003,2026-02-22,1,97.97,Paid
O008760,C0595,P0008,2026-02-22,1,186.3,Referral
O008761,C0683,P0009,2026-02-22,2,97.3,Email
O008762,C0028,P0012,2026-02-22,3,119.79,Organic
O008763,C0410,P0015,2026-02-22,1,52.3,Email
O008764,C0420,P0020,2026-02-22,1,112.73,Paid
O008765,C0106,P0017,2026-02-22,3,370.14,Paid
O008766,C0764,P0023,2026-02-22,1,125.46,Paid
O008767,C0304,P0018,2026-02-22,1,86.71,Paid
O008768,C0052,P0032,2026-02-22,3,32.97,Paid
O008769,C0748,P0027,2026-02-22,1,44.96,Paid
O008770,C0651,P0029,2026-02-22,3,68.67,Paid
O008771,C0302,P0026,2026-02-22,3,53.58,Referral
O008772,C0602,P0038,2026-02-22,3,309.06,Paid
O008773,C0154,P0039,2026-02-22,1,18.78,Organic
O008774,C0083,P0005,2026-02-22,1,176.55,Paid
O008775,C0204,P0007,2026-02-22,2,123.96,Paid
O008776,C0653,P0002,2026-02-22,2,449.32,Paid
O008777,C0215,P0014,2026-02-22,3,184.29,Paid
O008778,C0413,P0015,2026-02-22,2,104.6,Paid
O008779,C0112,P0014,2026-02-22,2,122.86,Paid
O008780,C0449,P0010,2026-02-22,3,109.59,Email
O008781,C0010,P0017,2026-02-22,3,370.14,Paid
O008782,C0032,P0023,2026-02-22,1,125.46,Paid
O008783,C0523,P0020,2026-02-22,3,338.19,Organic
O008784,C0429,P0019,2026-02-22,2,159.18,Paid
O008785,C0263,P0026,2026-02-22,3,53.58,Paid
O008786,C0008,P0038,2026-02-22,1,103.02,Organic
O008787,C0492,P0007,2026-02-22,1,61.98,Organic
O008788,C0109,P0010,2026-02-22,2,73.06,Paid
O008789,C0428,P0011,2026-02-22,1,43.82,Organic
O008790,C0150,P0009,2026-02-22,1,48.65,Paid
O008791,C0364,P0014,2026-02-22,2,122.86,Paid
O008792,C0349,P0009,2026-02-22,1,48.65,Paid
O008793,C0664,P0012,2026-02-22,1,39.93,Paid
O008794,C0053,P0019,2026-02-22,3,238.77,Organic
O008795,C0005,P0024,2026-02-22,1,106.97,Paid
O008796,C0082,P0018,2026-02-22,2,173.42,Paid
O008797,C0562,P0018,2026-02-22,2,173.42,Paid
O008798,C0690,P0019,2026-02-22,3,238.77,Paid
O008799,C0109,P0018,2026-02-22,3,260.13,Paid
O008800,C0561,P0017,2026-02-22,2,246.76,Paid
O008801,C0199,P0027,2026-02-22,3,134.88,Paid
O008802,C0150,P0031,2026-02-22,3,89.55,Referral
O008803,C0581,P0037,2026-02-22,1,82.31,Paid
O008804,C0693,P0040,2026-02-22,1,35.3,Paid
O008805,C0499,P0040,2026-02-22,1,35.3,Paid
O008806,C0249,P0034,2026-02-22,2,187.1,Email
O008807,C0493,P0034,2026-02-22,1,93.55,Paid
O008808,C0446,P0016,2026-02-23,2,59.64,Email
O008809,C0041,P0012,2026-02-23,3,119.79,Paid
O008810,C0176,P0022,2026-02-23,3,391.14,Paid
O008811,C0440,P0018,2026-02-23,3,260.13,Paid
O008812,C0679,P0028,2026-02-23,3,68.16,Paid
O008813,C0675,P0030,2026-02-23,3,48.03,Paid
O008814,C0191,P0027,2026-02-23,2,89.92,Paid
O008815,C0443,P0026,2026-02-23,3,53.58,Referral
O008816,C0545,P0038,2026-02-23,1,103.02,Paid
O008817,C0058,P0039,2026-02-23,2,37.56,Paid
O008818,C0589,P0040,2026-02-23,3,105.9,Paid
O008819,C0257,P0033,2026-02-23,1,83.98,Paid
O008820,C0303,P0039,2026-02-23,1,18.78,Email
O008821,C0679,P0034,2026-02-23,2,187.1,Paid
O008822,C0474,P0004,2026-02-23,2,235.4,Paid
O008823,C0208,P0010,2026-02-23,1,36.53,Organic
O008824,C0076,P0014,2026-02-23,2,122.86,Paid
O008825,C0171,P0011,2026-02-23,1,43.82,Paid
O008826,C0510,P0010,2026-02-23,1,36.53,Paid
O008827,C0085,P0017,2026-02-23,3,370.14,Paid
O008828,C0079,P0019,2026-02-23,2,159.18,Paid
O008829,C0463,P0028,2026-02-23,1,22.72,Email
O008830,C0629,P0031,2026-02-23,2,59.7,Referral
O008831,C0642,P0026,2026-02-23,1,17.86,Organic
O008832,C0576,P0035,2026-02-23,1,96.43,Organic
O008833,C0649,P0002,2026-02-23,2,449.32,Paid
O008834,C0630,P0004,2026-02-23,3,353.1,Organic
O008835,C0669,P0002,2026-02-23,2,449.32,Organic
O008836,C0077,P0014,2026-02-23,2,122.86,Paid
O008837,C0413,P0016,2026-02-23,3,89.46,Paid
O008838,C0183,P0022,2026-02-23,3,391.14,Paid
O008839,C0172,P0017,2026-02-23,1,123.38,Paid
O008840,C0523,P0028,2026-02-23,3,68.16,Paid
O008841,C0462,P0029,2026-02-23,2,45.78,Organic
O008842,C0620,P0030,2026-02-23,3,48.03,Paid
O008843,C0239,P0028,2026-02-23,3,68.16,Paid
O008844,C0462,P0039,2026-02-23,2,37.56,Email
O008845,C0166,P0038,2026-02-23,1,103.02,Paid
O008846,C0294,P0002,2026-02-23,1,224.66,Paid
O008847,C0396,P0003,2026-02-23,2,195.94,Paid
O008848,C0163,P0013,2026-02-23,3,129.78,Paid
O008849,C0690,P0013,2026-02-23,3,129.78,Organic
O008850,C0373,P0012,2026-02-23,3,119.79,Email
O008851,C0688,P0023,2026-02-23,2,250.92,Paid
O008852,C0459,P0023,2026-02-23,1,125.46,Paid
O008853,C0372,P0023,2026-02-23,3,376.38,Organic
O008854,C0150,P0021,2026-02-23,3,353.34,Email
O008855,C0059,P0021,2026-02-23,1,117.78,Organic
O008856,C0367,P0027,2026-02-23,1,44.96,Email
O008857,C0029,P0026,2026-02-23,1,17.86,Email
O008858,C0588,P0028,2026-02-23,1,22.72,Paid
O008859,C0362,P0025,2026-02-23,1,46.06,Paid
O008860,C0648,P0002,2026-02-24,2,449.32,Paid
O008861,C0727,P0008,2026-02-24,3,558.9,Email
O008862,C0741,P0014,2026-02-24,3,184.29,Paid
O008863,C0064,P0009,2026-02-24,1,48.65,Paid
O008864,C0454,P0017,2026-02-24,3,370.14,Paid
O008865,C0257,P0027,2026-02-24,1,44.96,Email
O008866,C0742,P0028,2026-02-24,1,22.72,Paid
O008867,C0505,P0025,2026-02-24,3,138.18,Organic
O008868,C0146,P0034,2026-02-24,1,93.55,Email
O008869,C0170,P0007,2026-02-24,1,61.98,Paid
O008870,C0274,P0006,2026-02-24,2,318.4,Paid
O008871,C0383,P0006,2026-02-24,2,318.4,Organic
O008872,C0171,P0008,2026-02-24,1,186.3,Paid
O008873,C0388,P0012,2026-02-24,2,79.86,Email
O008874,C0784,P0019,2026-02-24,3,238.77,Paid
O008875,C0659,P0018,2026-02-24,1,86.71,Paid
O008876,C0170,P0022,2026-02-24,3,391.14,Paid
O008877,C0417,P0028,2026-02-24,2,45.44,Organic
O008878,C0034,P0037,2026-02-24,2,164.62,Email
O008879,C0672,P0037,2026-02-24,3,246.93,Paid
O008880,C0488,P0033,2026-02-24,2,167.96,Paid
O008881,C0383,P0040,2026-02-24,1,35.3,Email
O008882,C0720,P0008,2026-02-24,1,186.3,Paid
O008883,C0075,P0016,2026-02-24,1,29.82,Paid
O008884,C0567,P0028,2026-02-24,2,45.44,Paid
O008885,C0718,P0025,2026-02-24,3,138.18,Paid
O008886,C0620,P0035,2026-02-24,2,192.86,Paid
O008887,C0291,P0007,2026-02-24,1,61.98,Paid
O008888,C0790,P0001,2026-02-24,3,941.58,Organic
O008889,C0492,P0013,2026-02-24,3,129.78,Paid
O008890,C0056,P0011,2026-02-24,3,131.46,Paid
O008891,C0111,P0013,2026-02-24,3,129.78,Paid
O008892,C0092,P0011,2026-02-24,1,43.82,Paid
O008893,C0581,P0020,2026-02-24,2,225.46,Organic
O008894,C0407,P0018,2026-02-24,2,173.42,Paid
O008895,C0187,P0019,2026-02-24,3,238.77,Paid
O008896,C0002,P0019,2026-02-24,2,159.18,Organic
O008897,C0344,P0032,2026-02-24,1,10.99,Paid
O008898,C0117,P0028,2026-02-24,2,45.44,Organic
O008899,C0645,P0038,2026-02-24,1,103.02,Paid
O008900,C0772,P0003,2026-02-25,1,97.97,Paid
O008901,C0189,P0004,2026-02-25,3,353.1,Paid
O008902,C0129,P0002,2026-02-25,2,449.32,Paid
O008903,C0278,P0014,2026-02-25,3,184.29,Paid
O008904,C0186,P0010,2026-02-25,1,36.53,Paid
O008905,C0097,P0015,2026-02-25,2,104.6,Referral
O008906,C0299,P0021,2026-02-25,2,235.56,Paid
O008907,C0435,P0017,2026-02-25,1,123.38,Paid
O008908,C0775,P0031,2026-02-25,2,59.7,Paid
O008909,C0260,P0025,2026-02-25,1,46.06,Referral
O008910,C0435,P0025,2026-02-25,3,138.18,Organic
O008911,C0175,P0027,2026-02-25,3,134.88,Organic
O008912,C0323,P0023,2026-02-25,1,125.46,Organic
O008913,C0126,P0018,2026-02-25,2,173.42,Paid
O008914,C0463,P0020,2026-02-25,2,225.46,Paid
O008915,C0789,P0032,2026-02-25,1,10.99,Paid
O008916,C0546,P0027,2026-02-25,2,89.92,Paid
O008917,C0490,P0039,2026-02-25,3,56.34,Paid
O008918,C0479,P0039,2026-02-25,3,56.34,Paid
O008919,C0417,P0038,2026-02-25,1,103.02,Paid
O008920,C0274,P0035,2026-02-25,2,192.86,Paid
O008921,C0502,P0002,2026-02-25,3,673.98,Paid
O008922,C0631,P0006,2026-02-25,1,159.2,Paid
O008923,C0225,P0002,2026-02-25,2,449.32,Paid
O008924,C0044,P0018,2026-02-25,2,173.42,Referral
O008925,C0263,P0020,2026-02-25,3,338.19,Paid
O008926,C0377,P0022,2026-02-25,2,260.76,Paid
O008927,C0015,P0029,2026-02-25,1,22.89,Paid
O008928,C0704,P0027,2026-02-25,1,44.96,Referral
O008929,C0799,P0031,2026-02-25,2,59.7,Paid
O008930,C0650,P0036,2026-02-25,3,85.59,Paid
O008931,C0502,P0034,2026-02-25,3,280.65,Paid
O008932,C0172,P0036,2026-02-25,1,28.53,Paid
O008933,C0195,P0012,2026-02-25,3,119.79,Paid
O008934,C0367,P0015,2026-02-25,3,156.9,Paid
O008935,C0318,P0016,2026-02-25,3,89.46,Paid
O008936,C0426,P0018,2026-02-25,2,173.42,Paid
O008937,C0762,P0022,2026-02-25,2,260.76,Paid
O008938,C0009,P0021,2026-02-25,3,353.34,Organic
O008939,C0245,P0019,2026-02-25,3,238.77,Paid
O008940,C0588,P0023,2026-02-25,1,125.46,Paid
O008941,C0314,P0018,2026-02-25,3,260.13,Organic
O008942,C0716,P0026,2026-02-25,2,35.72,Paid
O008943,C0515,P0029,2026-02-25,1,22.89,Paid
O008944,C0364,P0029,2026-02-25,3,68.67,Paid
O008945,C0581,P0034,2026-02-25,3,280.65,Paid
O008946,C0390,P0033,2026-02-25,1,83.98,Organic
O008947,C0366,P0001,2026-02-26,1,313.86,Paid
O008948,C0110,P0007,2026-02-26,3,185.94,Paid
O008949,C0348,P0015,2026-02-26,1,52.3,Organic
O008950,C0202,P0015,2026-02-26,2,104.6,Organic
O008951,C0797,P0014,2026-02-26,1,61.43,Referral
O008952,C0418,P0012,2026-02-26,3,119.79,Paid
O008953,C0186,P0015,2026-02-26,2,104.6,Paid
O008954,C0443,P0019,2026-02-26,3,238.77,Paid
O008955,C0788,P0017,2026-02-26,2,246.76,Email
O008956,C0094,P0032,2026-02-26,1,10.99,Organic
O008957,C0118,P0031,2026-02-26,1,29.85,Paid
O008958,C0259,P0032,2026-02-26,3,32.97,Paid
O008959,C0455,P0039,2026-02-26,1,18.78,Email
O008960,C0299,P0035,2026-02-26,2,192.86,Paid
O008961,C0019,P0006,2026-02-26,1,159.2,Referral
O008962,C0128,P0002,2026-02-26,2,449.32,Paid
O008963,C0323,P0008,2026-02-26,1,186.3,Organic
O008964,C0479,P0021,2026-02-26,1,117.78,Paid
O008965,C0388,P0020,2026-02-26,3,338.19,Organic
O008966,C0420,P0021,2026-02-26,3,353.34,Paid
O008967,C0578,P0020,2026-02-26,3,338.19,Paid
O008968,C0408,P0032,2026-02-26,2,21.98,Paid
O008969,C0409,P0027,2026-02-26,3,134.88,Paid
O008970,C0282,P0040,2026-02-26,3,105.9,Email
O008971,C0384,P0033,2026-02-26,3,251.94,Paid
O008972,C0638,P0005,2026-02-26,1,176.55,Organic
O008973,C0102,P0002,2026-02-26,2,449.32,Paid
O008974,C0350,P0015,2026-02-26,1,52.3,Paid
O008975,C0517,P0021,2026-02-26,3,353.34,Paid
O008976,C0377,P0023,2026-02-26,2,250.92,Paid
O008977,C0324,P0020,2026-02-26,1,112.73,Paid
O008978,C0075,P0028,2026-02-26,1,22.72,Paid
O008979,C0630,P0026,2026-02-26,2,35.72,Paid
O008980,C0516,P0040,2026-02-26,3,105.9,Organic
O008981,C0530,P0035,2026-02-26,3,289.29,Paid
O008982,C0763,P0001,2026-02-26,1,313.86,Organic
O008983,C0664,P0001,2026-02-26,2,627.72,Organic
O008984,C0174,P0006,2026-02-26,3,477.6,Referral
O008985,C0606,P0009,2026-02-26,1,48.65,Organic
O008986,C0375,P0009,2026-02-26,3,145.95,Email
O008987,C0763,P0016,2026-02-26,1,29.82,Paid
O008988,C0688,P0023,2026-02-26,1,125.46,Paid
O008989,C0140,P0023,2026-02-26,1,125.46,Paid
O008990,C0247,P0024,2026-02-26,3,320.91,Referral
O008991,C0227,P0031,2026-02-26,3,89.55,Organic
O008992,C0562,P0028,2026-02-26,2,45.44,Paid
O008993,C0532,P0025,2026-02-26,2,92.12,Email
O008994,C0542,P0036,2026-02-26,2,57.06,Paid
O008995,C0716,P0033,2026-02-26,2,167.96,Paid
O008996,C0099,P0008,2026-02-27,1,186.3,Paid
O008997,C0332,P0006,2026-02-27,1,159.2,Paid
O008998,C0677,P0015,2026-02-27,2,104.6,Paid
O008999,C0736,P0017,2026-02-27,2,246.76,Paid
O009000,C0260,P0022,2026-02-27,3,391.14,Paid
O009001,C0495,P0023,2026-02-27,3,376.38,Paid
O009002,C0435,P0024,2026-02-27,3,320.91,Paid
O009003,C0280,P0025,2026-02-27,2,92.12,Paid
O009004,C0473,P0034,2026-02-27,1,93.55,Paid
O009005,C0323,P0006,2026-02-27,2,318.4,Email
O009006,C0784,P0005,2026-02-27,2,353.1,Paid
O009007,C0753,P0008,2026-02-27,2,372.6,Paid
O009008,C0170,P0015,2026-02-27,3,156.9,Paid
O009009,C0226,P0012,2026-02-27,1,39.93,Organic
O009010,C0330,P0014,2026-02-27,3,184.29,Paid
O009011,C0629,P0019,2026-02-27,3,238.77,Paid
O009012,C0785,P0021,2026-02-27,1,117.78,Paid
O009013,C0447,P0036,2026-02-27,3,85.59,Paid
O009014,C0028,P0036,2026-02-27,3,85.59,Organic
O009015,C0602,P0037,2026-02-27,2,164.62,Paid
O009016,C0304,P0035,2026-02-27,3,289.29,Paid
O009017,C0283,P0034,2026-02-27,1,93.55,Paid
O009018,C0342,P0037,2026-02-27,3,246.93,Paid
O009019,C0424,P0003,2026-02-27,2,195.94,Paid
O009020,C0630,P0003,2026-02-27,2,195.94,Paid
O009021,C0044,P0007,2026-02-27,2,123.96,Paid
O009022,C0324,P0004,2026-02-27,1,117.7,Paid
O009023,C0256,P0007,2026-02-27,2,123.96,Paid
O009024,C0778,P0009,2026-02-27,3,145.95,Email
O009025,C0755,P0027,2026-02-27,1,44.96,Paid
O009026,C0579,P0033,2026-02-27,2,167.96,Referral
O009027,C0393,P0035,2026-02-27,2,192.86,Paid
O009028,C0550,P0015,2026-02-27,1,52.3,Paid
O009029,C0550,P0012,2026-02-27,1,39.93,Email
O009030,C0725,P0016,2026-02-27,3,89.46,Paid
O009031,C0550,P0019,2026-02-27,1,79.59,Paid
O009032,C0515,P0021,2026-02-27,1,117.78,Paid
O009033,C0209,P0022,2026-02-27,3,391.14,Paid
O009034,C0582,P0029,2026-02-27,3,68.67,Paid
O009035,C0179,P0033,2026-02-27,3,251.94,Paid
O009036,C0050,P0004,2026-02-28,2,235.4,Paid
O009037,C0648,P0008,2026-02-28,3,558.9,Paid
O009038,C0146,P0007,2026-02-28,3,185.94,Paid
O009039,C0617,P0011,2026-02-28,1,43.82,Paid
O009040,C0549,P0013,2026-02-28,1,43.26,Referral
O009041,C0641,P0018,2026-02-28,1,86.71,Paid
O009042,C0723,P0029,2026-02-28,1,22.89,Paid
O009043,C0123,P0033,2026-02-28,1,83.98,Email
O009044,C0123,P0039,2026-02-28,2,37.56,Paid
O009045,C0421,P0033,2026-02-28,1,83.98,Paid
O009046,C0709,P0002,2026-02-28,2,449.32,Paid
O009047,C0671,P0008,2026-02-28,2,372.6,Paid
O009048,C0612,P0014,2026-02-28,3,184.29,Paid
O009049,C0576,P0013,2026-02-28,3,129.78,Paid
O009050,C0333,P0016,2026-02-28,2,59.64,Paid
O009051,C0420,P0018,2026-02-28,3,260.13,Paid
O009052,C0240,P0031,2026-02-28,1,29.85,Email
O009053,C0241,P0037,2026-02-28,1,82.31,Paid
O009054,C0359,P0034,2026-02-28,3,280.65,Paid
O009055,C0148,P0006,2026-02-28,1,159.2,Paid
O009056,C0296,P0015,2026-02-28,1,52.3,Paid
O009057,C0206,P0011,2026-02-28,1,43.82,Paid
O009058,C0031,P0014,2026-02-28,3,184.29,Paid
O009059,C0031,P0025,2026-02-28,2,92.12,Paid
O009060,C0565,P0030,2026-02-28,1,16.01,Organic
O009061,C0751,P0026,2026-02-28,2,35.72,Paid
O009062,C0071,P0037,2026-02-28,2,164.62,Paid
O009063,C0623,P0037,2026-02-28,3,246.93,Email
O009064,C0431,P0038,2026-02-28,1,103.02,Organic
O009065,C0623,P0039,2026-02-28,2,37.56,Organic
O009066,C0798,P0014,2026-02-28,1,61.43,Paid
O009067,C0430,P0015,2026-02-28,3,156.9,Paid
O009068,C0690,P0017,2026-02-28,3,370.14,Paid
O009069,C0227,P0019,2026-02-28,3,238.77,Paid
O009070,C0560,P0026,2026-02-28,3,53.58,Referral
O009071,C0499,P0029,2026-02-28,3,68.67,Paid
O009072,C0745,P0028,2026-02-28,1,22.72,Paid
O009073,C0615,P0033,2026-02-28,2,167.96,Organic
O009074,C0163,P0036,2026-02-28,1,28.53,Paid
O009075,C0601,P0008,2026-03-01,2,372.6,Paid
O009076,C0621,P0014,2026-03-01,2,122.86,Paid
O009077,C0363,P0011,2026-03-01,3,131.46,Paid
O009078,C0118,P0022,2026-03-01,1,130.38,Paid
O009079,C0186,P0024,2026-03-01,1,106.97,Paid
O009080,C0094,P0028,2026-03-01,2,45.44,Paid
O009081,C0714,P0039,2026-03-01,2,37.56,Paid
O009082,C0118,P0035,2026-03-01,3,289.29,Referral
O009083,C0343,P0033,2026-03-01,3,251.94,Paid
O009084,C0537,P0004,2026-03-01,3,353.1,Email
O009085,C0671,P0001,2026-03-01,3,941.58,Paid
O009086,C0692,P0016,2026-03-01,2,59.64,Email
O009087,C0598,P0014,2026-03-01,3,184.29,Paid
O009088,C0405,P0017,2026-03-01,2,246.76,Paid
O009089,C0154,P0021,2026-03-01,3,353.34,Organic
O009090,C0073,P0028,2026-03-01,2,45.44,Paid
O009091,C0333,P0026,2026-03-01,2,35.72,Email
O009092,C0447,P0026,2026-03-01,2,35.72,Paid
O009093,C0680,P0038,2026-03-01,1,103.02,Paid
O009094,C0480,P0008,2026-03-01,1,186.3,Paid
O009095,C0112,P0002,2026-03-01,3,673.98,Paid
O009096,C0206,P0001,2026-03-01,3,941.58,Paid
O009097,C0713,P0002,2026-03-01,1,224.66,Paid
O009098,C0637,P0008,2026-03-01,3,558.9,Paid
O009099,C0579,P0007,2026-03-01,3,185.94,Paid
O009100,C0120,P0013,2026-03-01,2,86.52,Paid
O009101,C0704,P0017,2026-03-01,3,370.14,Paid
O009102,C0324,P0024,2026-03-01,2,213.94,Paid
O009103,C0360,P0026,2026-03-01,1,17.86,Paid
O009104,C0336,P0026,2026-03-01,2,35.72,Paid
O009105,C0151,P0027,2026-03-01,2,89.92,Paid
O009106,C0114,P0035,2026-03-01,3,289.29,Paid
O009107,C0272,P0036,2026-03-01,2,57.06,Paid
O009108,C0646,P0040,2026-03-01,2,70.6,Paid
O009109,C0351,P0038,2026-03-01,3,309.06,Paid
O009110,C0413,P0035,2026-03-01,1,96.43,Paid
O009111,C0286,P0003,2026-03-01,2,195.94,Organic
O009112,C0234,P0004,2026-03-01,1,117.7,Paid
O009113,C0252,P0009,2026-03-01,2,97.3,Paid
O009114,C0307,P0011,2026-03-01,3,131.46,Organic
O009115,C0757,P0022,2026-03-01,3,391.14,Paid
O009116,C0794,P0020,2026-03-01,2,225.46,Paid
O009117,C0702,P0021,2026-03-01,3,353.34,Paid
O009118,C0729,P0018,2026-03-01,3,260.13,Email
O009119,C0412,P0035,2026-03-01,3,289.29,Referral
O009120,C0745,P0033,2026-03-01,3,251.94,Paid
O009121,C0606,P0040,2026-03-01,1,35.3,Organic
O009122,C0763,P0034,2026-03-01,2,187.1,Paid
O009123,C0094,P0004,2026-03-02,3,353.1,Paid
O009124,C0741,P0012,2026-03-02,2,79.86,Paid
O009125,C0549,P0018,2026-03-02,2,173.42,Paid
O009126,C0191,P0023,2026-03-02,2,250.92,Paid
O009127,C0625,P0032,2026-03-02,3,32.97,Paid
O009128,C0046,P0026,2026-03-02,3,53.58,Paid
O009129,C0049,P0039,2026-03-02,3,56.34,Referral
O009130,C0587,P0039,2026-03-02,2,37.56,Paid
O009131,C0639,P0002,2026-03-02,3,673.98,Paid
O009132,C0591,P0004,2026-03-02,2,235.4,Paid
O009133,C0388,P0001,2026-03-02,1,313.86,Paid
O009134,C0433,P0005,2026-03-02,1,176.55,Paid
O009135,C0747,P0010,2026-03-02,3,109.59,Paid
O009136,C0214,P0014,2026-03-02,1,61.43,Email
O009137,C0595,P0013,2026-03-02,2,86.52,Email
O009138,C0276,P0015,2026-03-02,3,156.9,Paid
O009139,C0276,P0014,2026-03-02,3,184.29,Paid
O009140,C0304,P0022,2026-03-02,2,260.76,Paid
O009141,C0205,P0023,2026-03-02,3,376.38,Paid
O009142,C0652,P0018,2026-03-02,2,173.42,Paid
O009143,C0659,P0022,2026-03-02,1,130.38,Paid
O009144,C0034,P0028,2026-03-02,3,68.16,Paid
O009145,C0692,P0026,2026-03-02,1,17.86,Organic
O009146,C0605,P0029,2026-03-02,1,22.89,Paid
O009147,C0263,P0002,2026-03-02,1,224.66,Paid
O009148,C0478,P0001,2026-03-02,1,313.86,Organic
O009149,C0336,P0007,2026-03-02,1,61.98,Paid
O009150,C0706,P0013,2026-03-02,1,43.26,Paid
O009151,C0153,P0012,2026-03-02,1,39.93,Paid
O009152,C0706,P0020,2026-03-02,2,225.46,Paid
O009153,C0352,P0023,2026-03-02,3,376.38,Paid
O009154,C0697,P0018,2026-03-02,1,86.71,Paid
O009155,C0084,P0035,2026-03-02,2,192.86,Paid
O009156,C0221,P0039,2026-03-02,3,56.34,Paid
O009157,C0247,P0002,2026-03-02,1,224.66,Paid
O009158,C0051,P0006,2026-03-02,1,159.2,Paid
O009159,C0568,P0010,2026-03-02,3,109.59,Email
O009160,C0664,P0014,2026-03-02,1,61.43,Email
O009161,C0655,P0009,2026-03-02,1,48.65,Paid
O009162,C0603,P0021,2026-03-02,2,235.56,Paid
O009163,C0062,P0018,2026-03-02,3,260.13,Paid
O009164,C0492,P0028,2026-03-02,2,45.44,Paid
O009165,C0513,P0025,2026-03-02,1,46.06,Email
O009166,C0290,P0033,2026-03-02,1,83.98,Email
O009167,C0492,P0038,2026-03-02,1,103.02,Paid
O009168,C0364,P0038,2026-03-02,2,206.04,Paid
O009169,C0568,P0035,2026-03-02,2,192.86,Paid
O009170,C0160,P0001,2026-03-03,2,627.72,Referral
O009171,C0311,P0009,2026-03-03,3,145.95,Paid
O009172,C0797,P0012,2026-03-03,3,119.79,Paid
O009173,C0526,P0010,2026-03-03,1,36.53,Paid
O009174,C0556,P0020,2026-03-03,3,338.19,Paid
O009175,C0742,P0027,2026-03-03,1,44.96,Paid
O009176,C0433,P0005,2026-03-03,2,353.1,Organic
O009177,C0616,P0007,2026-03-03,2,123.96,Paid
O009178,C0208,P0006,2026-03-03,1,159.2,Organic
O009179,C0243,P0006,2026-03-03,3,477.6,Email
O009180,C0048,P0017,2026-03-03,1,123.38,Paid
O009181,C0048,P0021,2026-03-03,3,353.34,Paid
O009182,C0629,P0021,2026-03-03,2,235.56,Paid
O009183,C0382,P0022,2026-03-03,2,260.76,Paid
O009184,C0381,P0031,2026-03-03,1,29.85,Paid
O009185,C0479,P0026,2026-03-03,1,17.86,Paid
O009186,C0557,P0032,2026-03-03,1,10.99,Paid
O009187,C0537,P0034,2026-03-03,3,280.65,Paid
O009188,C0709,P0039,2026-03-03,2,37.56,Paid
O009189,C0450,P0005,2026-03-03,2,353.1,Organic
O009190,C0357,P0001,2026-03-03,3,941.58,Paid
O009191,C0102,P0013,2026-03-03,3,129.78,Email
O009192,C0015,P0018,2026-03-03,2,173.42,Paid
O009193,C0042,P0017,2026-03-03,2,246.76,Organic
O009194,C0611,P0026,2026-03-03,2,35.72,Paid
O009195,C0425,P0033,2026-03-03,3,251.94,Paid
O009196,C0637,P0037,2026-03-03,3,246.93,Paid
O009197,C0324,P0037,2026-03-03,2,164.62,Paid
O009198,C0249,P0005,2026-03-03,2,353.1,Paid
O009199,C0477,P0011,2026-03-03,2,87.64,Paid
O009200,C0626,P0016,2026-03-03,1,29.82,Paid
O009201,C0626,P0009,2026-03-03,2,97.3,Paid
O009202,C0757,P0013,2026-03-03,3,129.78,Paid
O009203,C0776,P0009,2026-03-03,2,97.3,Paid
O009204,C0547,P0017,2026-03-03,2,246.76,Paid
O009205,C0002,P0020,2026-03-03,3,338.19,Paid
O009206,C0690,P0019,2026-03-03,1,79.59,Paid
O009207,C0763,P0023,2026-03-03,1,125.46,Organic
O009208,C0499,P0033,2026-03-03,2,167.96,Paid
O009209,C0397,P0039,2026-03-03,3,56.34,Organic
O009210,C0542,P0034,2026-03-03,3,280.65,Referral
O009211,C0788,P0003,2026-03-04,1,97.97,Organic
O009212,C0024,P0013,2026-03-04,3,129.78,Paid
O009213,C0434,P0022,2026-03-04,3,391.14,Paid
O009214,C0684,P0023,2026-03-04,1,125.46,Paid
O009215,C0526,P0032,2026-03-04,2,21.98,Paid
O009216,C0543,P0032,2026-03-04,2,21.98,Paid
O009217,C0679,P0029,2026-03-04,1,22.89,Paid
O009218,C0189,P0025,2026-03-04,2,92.12,Paid
O009219,C0361,P0039,2026-03-04,2,37.56,Email
O009220,C0264,P0038,2026-03-04,2,206.04,Paid
O009221,C0447,P0008,2026-03-04,3,558.9,Paid
O009222,C0602,P0009,2026-03-04,1,48.65,Paid
O009223,C0085,P0015,2026-03-04,2,104.6,Paid
O009224,C0335,P0024,2026-03-04,1,106.97,Organic
O009225,C0622,P0022,2026-03-04,2,260.76,Referral
O009226,C0481,P0020,2026-03-04,1,112.73,Organic
O009227,C0420,P0023,2026-03-04,2,250.92,Paid
O009228,C0537,P0032,2026-03-04,3,32.97,Paid
O009229,C0263,P0002,2026-03-04,3,673.98,Referral
O009230,C0400,P0002,2026-03-04,3,673.98,Paid
O009231,C0462,P0005,2026-03-04,2,353.1,Paid
O009232,C0336,P0002,2026-03-04,1,224.66,Email
O009233,C0450,P0001,2026-03-04,2,627.72,Paid
O009234,C0445,P0014,2026-03-04,3,184.29,Paid
O009235,C0585,P0015,2026-03-04,1,52.3,Referral
O009236,C0502,P0022,2026-03-04,3,391.14,Paid
O009237,C0192,P0018,2026-03-04,3,260.13,Paid
O009238,C0044,P0034,2026-03-04,3,280.65,Email
O009239,C0297,P0002,2026-03-04,3,673.98,Paid
O009240,C0703,P0005,2026-03-04,2,353.1,Organic
O009241,C0068,P0014,2026-03-04,1,61.43,Paid
O009242,C0634,P0011,2026-03-04,3,131.46,Referral
O009243,C0525,P0019,2026-03-04,3,238.77,Paid
O009244,C0550,P0038,2026-03-04,2,206.04,Paid
O009245,C0745,P0038,2026-03-04,2,206.04,Paid
O009246,C0526,P0004,2026-03-05,3,353.1,Paid
O009247,C0678,P0005,2026-03-05,2,353.1,Paid
O009248,C0365,P0003,2026-03-05,2,195.94,Paid
O009249,C0743,P0003,2026-03-05,2,195.94,Organic
O009250,C0311,P0011,2026-03-05,3,131.46,Organic
O009251,C0368,P0009,2026-03-05,3,145.95,Paid
O009252,C0303,P0023,2026-03-05,3,376.38,Paid
O009253,C0203,P0022,2026-03-05,2,260.76,Paid
O009254,C0378,P0030,2026-03-05,3,48.03,Paid
O009255,C0524,P0028,2026-03-05,2,45.44,Paid
O009256,C0049,P0038,2026-03-05,1,103.02,Paid
O009257,C0202,P0038,2026-03-05,2,206.04,Paid
O009258,C0095,P0011,2026-03-05,1,43.82,Paid
O009259,C0785,P0031,2026-03-05,2,59.7,Paid
O009260,C0642,P0025,2026-03-05,3,138.18,Organic
O009261,C0629,P0036,2026-03-05,2,57.06,Paid
O009262,C0183,P0008,2026-03-05,3,558.9,Organic
O009263,C0611,P0001,2026-03-05,1,313.86,Email
O009264,C0445,P0003,2026-03-05,2,195.94,Email
O009265,C0682,P0007,2026-03-05,1,61.98,Paid
O009266,C0103,P0013,2026-03-05,1,43.26,Paid
O009267,C0663,P0024,2026-03-05,3,320.91,Referral
O009268,C0496,P0022,2026-03-05,1,130.38,Paid
O009269,C0527,P0022,2026-03-05,1,130.38,Paid
O009270,C0087,P0028,2026-03-05,1,22.72,Paid
O009271,C0136,P0025,2026-03-05,3,138.18,Paid
O009272,C0204,P0040,2026-03-05,2,70.6,Paid
O009273,C0471,P0040,2026-03-05,1,35.3,Organic
O009274,C0134,P0014,2026-03-05,1,61.43,Paid
O009275,C0020,P0010,2026-03-05,3,109.59,Paid
O009276,C0397,P0021,2026-03-05,1,117.78,Paid
O009277,C0053,P0021,2026-03-05,2,235.56,Paid
O009278,C0082,P0034,2026-03-05,1,93.55,Organic
O009279,C0412,P0040,2026-03-05,2,70.6,Paid
O009280,C0452,P0039,2026-03-05,2,37.56,Paid
O009281,C0679,P0006,2026-03-06,2,318.4,Organic
O009282,C0203,P0004,2026-03-06,3,353.1,Paid
O009283,C0165,P0016,2026-03-06,3,89.46,Organic
O009284,C0343,P0015,2026-03-06,2,104.6,Paid
O009285,C0193,P0014,2026-03-06,1,61.43,Paid
O009286,C0583,P0015,2026-03-06,2,104.6,Email
O009287,C0483,P0025,2026-03-06,3,138.18,Paid
O009288,C0556,P0038,2026-03-06,1,103.02,Organic
O009289,C0011,P0036,2026-03-06,1,28.53,Paid
O009290,C0074,P0033,2026-03-06,1,83.98,Paid
O009291,C0711,P0003,2026-03-06,1,97.97,Paid
O009292,C0370,P0005,2026-03-06,2,353.1,Paid
O009293,C0602,P0009,2026-03-06,2,97.3,Organic
O009294,C0488,P0024,2026-03-06,3,320.91,Paid
O009295,C0642,P0023,2026-03-06,1,125.46,Paid
O009296,C0079,P0020,2026-03-06,1,112.73,Organic
O009297,C0780,P0024,2026-03-06,2,213.94,Organic
O009298,C0748,P0028,2026-03-06,2,45.44,Paid
O009299,C0241,P0031,2026-03-06,2,59.7,Paid
O009300,C0021,P0025,2026-03-06,3,138.18,Paid
O009301,C0681,P0027,2026-03-06,1,44.96,Paid
O009302,C0533,P0040,2026-03-06,2,70.6,Referral
O009303,C0685,P0038,2026-03-06,3,309.06,Paid
O009304,C0383,P0034,2026-03-06,2,187.1,Organic
O009305,C0672,P0033,2026-03-06,3,251.94,Paid
O009306,C0268,P0008,2026-03-06,3,558.9,Organic
O009307,C0718,P0002,2026-03-06,2,449.32,Referral
O009308,C0063,P0012,2026-03-06,2,79.86,Paid
O009309,C0183,P0014,2026-03-06,3,184.29,Paid
O009310,C0702,P0002,2026-03-06,2,449.32,Email
O009311,C0349,P0002,2026-03-06,1,224.66,Email
O009312,C0781,P0007,2026-03-06,2,123.96,Paid
O009313,C0002,P0012,2026-03-06,2,79.86,Paid
O009314,C0068,P0024,2026-03-06,1,106.97,Paid
O009315,C0703,P0031,2026-03-06,3,89.55,Paid
O009316,C0690,P0033,2026-03-06,2,167.96,Email
O009317,C0426,P0033,2026-03-06,2,167.96,Paid
O009318,C0582,P0035,2026-03-06,3,289.29,Paid
O009319,C0064,P0007,2026-03-07,1,61.98,Paid
O009320,C0337,P0005,2026-03-07,2,353.1,Organic
O009321,C0013,P0001,2026-03-07,2,627.72,Paid
O009322,C0600,P0004,2026-03-07,3,353.1,Paid
O009323,C0741,P0014,2026-03-07,1,61.43,Paid
O009324,C0710,P0016,2026-03-07,3,89.46,Organic
O009325,C0176,P0019,2026-03-07,3,238.77,Paid
O009326,C0223,P0020,2026-03-07,1,112.73,Paid
O009327,C0081,P0018,2026-03-07,1,86.71,Organic
O009328,C0788,P0019,2026-03-07,3,238.77,Organic
O009329,C0473,P0030,2026-03-07,2,32.02,Paid
O009330,C0482,P0036,2026-03-07,3,85.59,Paid
O009331,C0684,P0036,2026-03-07,2,57.06,Email
O009332,C0602,P0004,2026-03-07,2,235.4,Paid
O009333,C0777,P0006,2026-03-07,1,159.2,Paid
O009334,C0616,P0004,2026-03-07,3,353.1,Organic
O009335,C0302,P0004,2026-03-07,2,235.4,Paid
O009336,C0170,P0021,2026-03-07,2,235.56,Paid
O009337,C0415,P0022,2026-03-07,2,260.76,Paid
O009338,C0021,P0024,2026-03-07,1,106.97,Paid
O009339,C0116,P0023,2026-03-07,1,125.46,Paid
O009340,C0726,P0022,2026-03-07,3,391.14,Organic
O009341,C0254,P0030,2026-03-07,1,16.01,Paid
O009342,C0553,P0033,2026-03-07,3,251.94,Paid
O009343,C0156,P0003,2026-03-07,2,195.94,Paid
O009344,C0767,P0008,2026-03-07,1,186.3,Paid
O009345,C0767,P0004,2026-03-07,3,353.1,Paid
O009346,C0334,P0005,2026-03-07,1,176.55,Paid
O009347,C0636,P0012,2026-03-07,1,39.93,Organic
O009348,C0432,P0015,2026-03-07,3,156.9,Paid
O009349,C0620,P0015,2026-03-07,1,52.3,Organic
O009350,C0393,P0021,2026-03-07,2,235.56,Referral
O009351,C0036,P0020,2026-03-07,1,112.73,Email
O009352,C0661,P0018,2026-03-07,3,260.13,Paid
O009353,C0765,P0021,2026-03-07,3,353.34,Organic
O009354,C0263,P0029,2026-03-07,1,22.89,Organic
O009355,C0611,P0027,2026-03-07,1,44.96,Paid
O009356,C0572,P0034,2026-03-07,2,187.1,Paid
O009357,C0084,P0038,2026-03-07,1,103.02,Paid
O009358,C0334,P0038,2026-03-07,2,206.04,Organic
O009359,C0195,P0008,2026-03-07,3,558.9,Email
O009360,C0104,P0003,2026-03-07,2,195.94,Email
O009361,C0306,P0005,2026-03-07,1,176.55,Organic
O009362,C0294,P0002,2026-03-07,2,449.32,Paid
O009363,C0249,P0009,2026-03-07,1,48.65,Paid
O009364,C0305,P0012,2026-03-07,2,79.86,Paid
O009365,C0547,P0024,2026-03-07,2,213.94,Paid
O009366,C0104,P0017,2026-03-07,3,370.14,Paid
O009367,C0271,P0017,2026-03-07,2,246.76,Paid
O009368,C0712,P0021,2026-03-07,3,353.34,Paid
O009369,C0187,P0018,2026-03-07,2,173.42,Email
O009370,C0634,P0028,2026-03-07,2,45.44,Paid
O009371,C0406,P0030,2026-03-07,3,48.03,Referral
O009372,C0560,P0035,2026-03-07,1,96.43,Paid
O009373,C0574,P0040,2026-03-07,3,105.9,Paid
O009374,C0104,P0039,2026-03-07,2,37.56,Paid
O009375,C0367,P0040,2026-03-07,3,105.9,Referral
O009376,C0714,P0004,2026-03-08,3,353.1,Referral
O009377,C0749,P0018,2026-03-08,3,260.13,Paid
O009378,C0724,P0024,2026-03-08,1,106.97,Referral
O009379,C0223,P0020,2026-03-08,2,225.46,Paid
O009380,C0325,P0023,2026-03-08,3,376.38,Email
O009381,C0549,P0019,2026-03-08,2,159.18,Email
O009382,C0368,P0026,2026-03-08,2,35.72,Paid
O009383,C0259,P0032,2026-03-08,3,32.97,Paid
O009384,C0600,P0026,2026-03-08,2,35.72,Email
O009385,C0064,P0030,2026-03-08,3,48.03,Organic
O009386,C0677,P0026,2026-03-08,1,17.86,Paid
O009387,C0714,P0039,2026-03-08,1,18.78,Paid
O009388,C0292,P0033,2026-03-08,3,251.94,Paid
O009389,C0368,P0036,2026-03-08,2,57.06,Paid
O009390,C0080,P0040,2026-03-08,1,35.3,Paid
O009391,C0339,P0033,2026-03-08,3,251.94,Paid
O009392,C0190,P0001,2026-03-08,1,313.86,Organic
O009393,C0214,P0007,2026-03-08,3,185.94,Email
O009394,C0028,P0008,2026-03-08,3,558.9,Email
O009395,C0026,P0004,2026-03-08,3,353.1,Paid
O009396,C0481,P0007,2026-03-08,1,61.98,Paid
O009397,C0242,P0015,2026-03-08,1,52.3,Paid
O009398,C0304,P0013,2026-03-08,1,43.26,Paid
O009399,C0616,P0014,2026-03-08,2,122.86,Paid
O009400,C0276,P0015,2026-03-08,2,104.6,Paid
O009401,C0616,P0016,2026-03-08,3,89.46,Email
O009402,C0028,P0012,2026-03-08,3,119.79,Referral
O009403,C0283,P0016,2026-03-08,2,59.64,Organic
O009404,C0546,P0022,2026-03-08,2,260.76,Organic
O009405,C0753,P0017,2026-03-08,3,370.14,Organic
O009406,C0642,P0022,2026-03-08,1,130.38,Paid
O009407,C0590,P0023,2026-03-08,1,125.46,Paid
O009408,C0659,P0026,2026-03-08,2,35.72,Organic
O009409,C0644,P0033,2026-03-08,3,251.94,Paid
O009410,C0613,P0005,2026-03-08,1,176.55,Organic
O009411,C0580,P0001,2026-03-08,1,313.86,Referral
O009412,C0478,P0004,2026-03-08,3,353.1,Email
O009413,C0706,P0001,2026-03-08,2,627.72,Organic
O009414,C0450,P0010,2026-03-08,3,109.59,Paid
O009415,C0432,P0011,2026-03-08,1,43.82,Email
O009416,C0215,P0020,2026-03-08,3,338.19,Organic
O009417,C0565,P0022,2026-03-08,3,391.14,Paid
O009418,C0765,P0027,2026-03-08,1,44.96,Paid
O009419,C0689,P0027,2026-03-08,3,134.88,Paid
O009420,C0425,P0031,2026-03-08,1,29.85,Paid
O009421,C0324,P0037,2026-03-08,3,246.93,Organic
O009422,C0059,P0007,2026-03-08,1,61.98,Paid
O009423,C0185,P0006,2026-03-08,3,477.6,Paid
O009424,C0002,P0010,2026-03-08,1,36.53,Paid
O009425,C0532,P0010,2026-03-08,2,73.06,Paid
O009426,C0729,P0009,2026-03-08,1,48.65,Paid
O009427,C0039,P0013,2026-03-08,1,43.26,Organic
O009428,C0068,P0019,2026-03-08,3,238.77,Paid
O009429,C0249,P0030,2026-03-08,1,16.01,Paid
O009430,C0787,P0029,2026-03-08,1,22.89,Paid
O009431,C0581,P0030,2026-03-08,3,48.03,Paid
O009432,C0477,P0025,2026-03-08,3,138.18,Email
O009433,C0401,P0037,2026-03-08,1,82.31,Paid
O009434,C0501,P0038,2026-03-08,2,206.04,Referral
O009435,C0109,P0037,2026-03-08,3,246.93,Organic
O009436,C0508,P0007,2026-03-09,1,61.98,Paid
O009437,C0212,P0004,2026-03-09,2,235.4,Referral
O009438,C0589,P0009,2026-03-09,1,48.65,Paid
O009439,C0088,P0021,2026-03-09,3,353.34,Paid
O009440,C0657,P0017,2026-03-09,2,246.76,Paid
O009441,C0293,P0021,2026-03-09,1,117.78,Paid
O009442,C0223,P0021,2026-03-09,3,353.34,Paid
O009443,C0264,P0029,2026-03-09,1,22.89,Paid
O009444,C0065,P0026,2026-03-09,2,35.72,Email
O009445,C0434,P0028,2026-03-09,1,22.72,Paid
O009446,C0366,P0035,2026-03-09,2,192.86,Organic
O009447,C0097,P0040,2026-03-09,2,70.6,Paid
O009448,C0549,P0033,2026-03-09,3,251.94,Paid
O009449,C0311,P0039,2026-03-09,2,37.56,Paid
O009450,C0094,P0039,2026-03-09,2,37.56,Paid
O009451,C0415,P0002,2026-03-09,3,673.98,Paid
O009452,C0007,P0007,2026-03-09,1,61.98,Paid
O009453,C0537,P0014,2026-03-09,3,184.29,Paid
O009454,C0639,P0019,2026-03-09,1,79.59,Paid
O009455,C0388,P0018,2026-03-09,2,173.42,Organic
O009456,C0079,P0026,2026-03-09,3,53.58,Paid
O009457,C0144,P0031,2026-03-09,1,29.85,Paid
O009458,C0151,P0006,2026-03-09,1,159.2,Organic
O009459,C0431,P0006,2026-03-09,2,318.4,Paid
O009460,C0228,P0015,2026-03-09,2,104.6,Paid
O009461,C0119,P0022,2026-03-09,2,260.76,Paid
O009462,C0350,P0019,2026-03-09,3,238.77,Organic
O009463,C0042,P0025,2026-03-09,2,92.12,Paid
O009464,C0456,P0034,2026-03-09,3,280.65,Paid
O009465,C0288,P0034,2026-03-09,1,93.55,Paid
O009466,C0220,P0040,2026-03-09,2,70.6,Paid
O009467,C0558,P0036,2026-03-09,1,28.53,Organic
O009468,C0597,P0008,2026-03-09,3,558.9,Organic
O009469,C0053,P0003,2026-03-09,1,97.97,Paid
O009470,C0603,P0002,2026-03-09,2,449.32,Referral
O009471,C0729,P0002,2026-03-09,3,673.98,Paid
O009472,C0291,P0003,2026-03-09,3,293.91,Paid
O009473,C0561,P0003,2026-03-09,1,97.97,Email
O009474,C0104,P0009,2026-03-09,1,48.65,Referral
O009475,C0227,P0019,2026-03-09,2,159.18,Paid
O009476,C0676,P0023,2026-03-09,3,376.38,Paid
O009477,C0108,P0027,2026-03-09,3,134.88,Paid
O009478,C0740,P0039,2026-03-09,3,56.34,Paid
O009479,C0562,P0035,2026-03-09,1,96.43,Paid
O009480,C0762,P0040,2026-03-09,1,35.3,Paid
O009481,C0363,P0007,2026-03-10,1,61.98,Organic
O009482,C0189,P0002,2026-03-10,1,224.66,Referral
O009483,C0641,P0004,2026-03-10,2,235.4,Paid
O009484,C0368,P0002,2026-03-10,3,673.98,Paid
O009485,C0675,P0006,2026-03-10,2,318.4,Paid
O009486,C0292,P0008,2026-03-10,1,186.3,Organic
O009487,C0742,P0007,2026-03-10,1,61.98,Paid
O009488,C0123,P0007,2026-03-10,1,61.98,Paid
O009489,C0118,P0013,2026-03-10,2,86.52,Paid
O009490,C0024,P0019,2026-03-10,2,159.18,Referral
O009491,C0395,P0021,2026-03-10,2,235.56,Paid
O009492,C0448,P0030,2026-03-10,3,48.03,Organic
O009493,C0317,P0029,2026-03-10,3,68.67,Referral
O009494,C0677,P0036,2026-03-10,2,57.06,Paid
O009495,C0589,P0034,2026-03-10,3,280.65,Paid
O009496,C0724,P0038,2026-03-10,1,103.02,Paid
O009497,C0526,P0038,2026-03-10,2,206.04,Paid
O009498,C0241,P0001,2026-03-10,1,313.86,Organic
O009499,C0576,P0001,2026-03-10,1,313.86,Paid
O009500,C0254,P0001,2026-03-10,2,627.72,Paid
O009501,C0709,P0012,2026-03-10,2,79.86,Email
O009502,C0267,P0013,2026-03-10,1,43.26,Paid
O009503,C0283,P0014,2026-03-10,2,122.86,Paid
O009504,C0304,P0024,2026-03-10,2,213.94,Paid
O009505,C0694,P0022,2026-03-10,3,391.14,Paid
O009506,C0748,P0018,2026-03-10,3,260.13,Paid
O009507,C0033,P0021,2026-03-10,2,235.56,Paid
O009508,C0405,P0026,2026-03-10,3,53.58,Paid
O009509,C0274,P0027,2026-03-10,3,134.88,Paid
O009510,C0415,P0040,2026-03-10,1,35.3,Paid
O009511,C0085,P0038,2026-03-10,1,103.02,Paid
O009512,C0552,P0038,2026-03-10,3,309.06,Paid
O009513,C0377,P0006,2026-03-10,3,477.6,Paid
O009514,C0357,P0010,2026-03-10,3,109.59,Paid
O009515,C0025,P0009,2026-03-10,2,97.3,Paid
O009516,C0192,P0009,2026-03-10,1,48.65,Paid
O009517,C0523,P0011,2026-03-10,1,43.82,Paid
O009518,C0288,P0024,2026-03-10,1,106.97,Paid
O009519,C0718,P0017,2026-03-10,1,123.38,Paid
O009520,C0296,P0019,2026-03-10,2,159.18,Paid
O009521,C0221,P0020,2026-03-10,1,112.73,Referral
O009522,C0439,P0030,2026-03-10,2,32.02,Paid
O009523,C0010,P0038,2026-03-10,2,206.04,Paid
O009524,C0480,P0036,2026-03-10,2,57.06,Paid
O009525,C0078,P0038,2026-03-10,2,206.04,Paid
O009526,C0125,P0003,2026-03-10,1,97.97,Paid
O009527,C0574,P0001,2026-03-10,1,313.86,Paid
O009528,C0270,P0006,2026-03-10,1,159.2,Paid
O009529,C0547,P0003,2026-03-10,1,97.97,Paid
O009530,C0051,P0005,2026-03-10,3,529.65,Referral
O009531,C0465,P0009,2026-03-10,2,97.3,Organic
O009532,C0712,P0031,2026-03-10,1,29.85,Email
O009533,C0707,P0029,2026-03-10,1,22.89,Email
O009534,C0035,P0025,2026-03-10,2,92.12,Referral
O009535,C0677,P0001,2026-03-11,3,941.58,Paid
O009536,C0308,P0004,2026-03-11,1,117.7,Paid
O009537,C0648,P0008,2026-03-11,2,372.6,Paid
O009538,C0341,P0016,2026-03-11,2,59.64,Paid
O009539,C0203,P0016,2026-03-11,1,29.82,Organic
O009540,C0337,P0021,2026-03-11,1,117.78,Paid
O009541,C0165,P0023,2026-03-11,1,125.46,Paid
O009542,C0260,P0030,2026-03-11,3,48.03,Paid
O009543,C0142,P0030,2026-03-11,2,32.02,Organic
O009544,C0348,P0034,2026-03-11,1,93.55,Email
O009545,C0274,P0004,2026-03-11,1,117.7,Organic
O009546,C0347,P0007,2026-03-11,2,123.96,Organic
O009547,C0786,P0004,2026-03-11,3,353.1,Paid
O009548,C0409,P0003,2026-03-11,2,195.94,Paid
O009549,C0711,P0010,2026-03-11,1,36.53,Paid
O009550,C0198,P0011,2026-03-11,3,131.46,Paid
O009551,C0427,P0013,2026-03-11,3,129.78,Paid
O009552,C0420,P0018,2026-03-11,2,173.42,Paid
O009553,C0405,P0018,2026-03-11,1,86.71,Paid
O009554,C0694,P0017,2026-03-11,3,370.14,Paid
O009555,C0079,P0029,2026-03-11,1,22.89,Paid
O009556,C0566,P0028,2026-03-11,3,68.16,Paid
O009557,C0709,P0031,2026-03-11,1,29.85,Paid
O009558,C0158,P0025,2026-03-11,1,46.06,Organic
O009559,C0006,P0037,2026-03-11,2,164.62,Paid
O009560,C0393,P0002,2026-03-11,2,449.32,Paid
O009561,C0577,P0011,2026-03-11,1,43.82,Organic
O009562,C0424,P0017,2026-03-11,1,123.38,Paid
O009563,C0112,P0022,2026-03-11,1,130.38,Paid
O009564,C0351,P0026,2026-03-11,1,17.86,Organic
O009565,C0562,P0002,2026-03-11,1,224.66,Organic
O009566,C0645,P0001,2026-03-11,3,941.58,Organic
O009567,C0465,P0014,2026-03-11,3,184.29,Paid
O009568,C0582,P0015,2026-03-11,1,52.3,Paid
O009569,C0787,P0011,2026-03-11,3,131.46,Paid
O009570,C0271,P0018,2026-03-11,1,86.71,Paid
O009571,C0582,P0023,2026-03-11,3,376.38,Referral
O009572,C0056,P0023,2026-03-11,2,250.92,Paid
O009573,C0492,P0022,2026-03-11,3,391.14,Paid
O009574,C0168,P0022,2026-03-11,1,130.38,Referral
O009575,C0690,P0023,2026-03-11,2,250.92,Paid
O009576,C0249,P0020,2026-03-11,1,112.73,Paid
O009577,C0562,P0026,2026-03-11,1,17.86,Organic
O009578,C0581,P0038,2026-03-11,2,206.04,Paid
O009579,C0134,P0036,2026-03-11,2,57.06,Paid
O009580,C0664,P0040,2026-03-11,2,70.6,Paid
O009581,C0271,P0040,2026-03-11,1,35.3,Paid
O009582,C0269,P0003,2026-03-12,2,195.94,Paid
O009583,C0139,P0005,2026-03-12,2,353.1,Paid
O009584,C0411,P0008,2026-03-12,1,186.3,Paid
O009585,C0482,P0008,2026-03-12,2,372.6,Organic
O009586,C0587,P0012,2026-03-12,1,39.93,Paid
O009587,C0339,P0012,2026-03-12,2,79.86,Paid
O009588,C0260,P0027,2026-03-12,2,89.92,Paid
O009589,C0348,P0035,2026-03-12,2,192.86,Paid
O009590,C0544,P0035,2026-03-12,3,289.29,Paid
O009591,C0684,P0038,2026-03-12,2,206.04,Email
O009592,C0205,P0011,2026-03-12,1,43.82,Email
O009593,C0692,P0013,2026-03-12,1,43.26,Paid
O009594,C0512,P0014,2026-03-12,3,184.29,Paid
O009595,C0701,P0021,2026-03-12,1,117.78,Paid
O009596,C0739,P0019,2026-03-12,1,79.59,Paid
O009597,C0748,P0019,2026-03-12,3,238.77,Organic
O009598,C0747,P0018,2026-03-12,2,173.42,Email
O009599,C0753,P0021,2026-03-12,3,353.34,Paid
O009600,C0347,P0039,2026-03-12,2,37.56,Paid
O009601,C0683,P0037,2026-03-12,2,164.62,Paid
O009602,C0268,P0001,2026-03-12,1,313.86,Email
O009603,C0424,P0004,2026-03-12,2,235.4,Organic
O009604,C0075,P0007,2026-03-12,2,123.96,Paid
O009605,C0607,P0003,2026-03-12,1,97.97,Paid
O009606,C0713,P0010,2026-03-12,1,36.53,Organic
O009607,C0063,P0022,2026-03-12,3,391.14,Paid
O009608,C0211,P0017,2026-03-12,2,246.76,Paid
O009609,C0516,P0024,2026-03-12,3,320.91,Paid
O009610,C0031,P0026,2026-03-12,1,17.86,Email
O009611,C0571,P0031,2026-03-12,1,29.85,Paid
O009612,C0197,P0032,2026-03-12,2,21.98,Paid
O009613,C0636,P0030,2026-03-12,2,32.02,Paid
O009614,C0695,P0036,2026-03-12,1,28.53,Paid
O009615,C0316,P0036,2026-03-12,2,57.06,Paid
O009616,C0791,P0003,2026-03-12,3,293.91,Paid
O009617,C0428,P0008,2026-03-12,2,372.6,Email
O009618,C0791,P0005,2026-03-12,1,176.55,Paid
O009619,C0227,P0010,2026-03-12,1,36.53,Paid
O009620,C0717,P0009,2026-03-12,3,145.95,Referral
O009621,C0501,P0014,2026-03-12,3,184.29,Paid
O009622,C0626,P0014,2026-03-12,1,61.43,Paid
O009623,C0291,P0019,2026-03-12,3,238.77,Paid
O009624,C0441,P0022,2026-03-12,1,130.38,Paid
O009625,C0542,P0027,2026-03-12,3,134.88,Paid
O009626,C0035,P0031,2026-03-12,1,29.85,Paid
O009627,C0310,P0026,2026-03-12,3,53.58,Paid
O009628,C0069,P0026,2026-03-12,1,17.86,Paid
O009629,C0615,P0039,2026-03-12,2,37.56,Paid
O009630,C0757,P0035,2026-03-12,1,96.43,Paid
O009631,C0586,P0014,2026-03-13,2,122.86,Paid
O009632,C0131,P0011,2026-03-13,1,43.82,Paid
O009633,C0118,P0017,2026-03-13,3,370.14,Paid
O009634,C0264,P0030,2026-03-13,1,16.01,Paid
O009635,C0673,P0026,2026-03-13,3,53.58,Paid
O009636,C0797,P0029,2026-03-13,1,22.89,Paid
O009637,C0041,P0039,2026-03-13,3,56.34,Email
O009638,C0110,P0037,2026-03-13,1,82.31,Organic
O009639,C0484,P0006,2026-03-13,3,477.6,Email
O009640,C0537,P0007,2026-03-13,2,123.96,Email
O009641,C0072,P0003,2026-03-13,3,293.91,Email
O009642,C0721,P0012,2026-03-13,1,39.93,Paid
O009643,C0007,P0017,2026-03-13,3,370.14,Referral
O009644,C0719,P0022,2026-03-13,2,260.76,Paid
O009645,C0250,P0018,2026-03-13,2,173.42,Paid
O009646,C0533,P0019,2026-03-13,2,159.18,Paid
O009647,C0135,P0017,2026-03-13,1,123.38,Paid
O009648,C0085,P0025,2026-03-13,3,138.18,Email
O009649,C0640,P0028,2026-03-13,3,68.16,Paid
O009650,C0003,P0032,2026-03-13,2,21.98,Organic
O009651,C0423,P0039,2026-03-13,2,37.56,Paid
O009652,C0021,P0039,2026-03-13,2,37.56,Paid
O009653,C0737,P0037,2026-03-13,1,82.31,Organic
O009654,C0338,P0035,2026-03-13,3,289.29,Paid
O009655,C0021,P0036,2026-03-13,1,28.53,Paid
O009656,C0130,P0014,2026-03-13,2,122.86,Paid
O009657,C0183,P0012,2026-03-13,1,39.93,Paid
O009658,C0689,P0022,2026-03-13,1,130.38,Paid
O009659,C0130,P0019,2026-03-13,1,79.59,Paid
O009660,C0697,P0019,2026-03-13,1,79.59,Referral
O009661,C0400,P0026,2026-03-13,1,17.86,Paid
O009662,C0792,P0032,2026-03-13,2,21.98,Paid
O009663,C0471,P0036,2026-03-13,1,28.53,Paid
O009664,C0630,P0035,2026-03-13,3,289.29,Paid
O009665,C0706,P0040,2026-03-13,2,70.6,Paid
O009666,C0585,P0034,2026-03-13,3,280.65,Paid
O009667,C0351,P0038,2026-03-13,3,309.06,Paid
O009668,C0256,P0034,2026-03-13,3,280.65,Paid
O009669,C0390,P0003,2026-03-13,2,195.94,Paid
O009670,C0340,P0008,2026-03-13,2,372.6,Paid
O009671,C0551,P0003,2026-03-13,3,293.91,Email
O009672,C0291,P0004,2026-03-13,3,353.1,Paid
O009673,C0059,P0010,2026-03-13,1,36.53,Email
O009674,C0791,P0011,2026-03-13,2,87.64,Paid
O009675,C0394,P0012,2026-03-13,2,79.86,Paid
O009676,C0290,P0021,2026-03-13,1,117.78,Paid
O009677,C0633,P0022,2026-03-13,2,260.76,Paid
O009678,C0009,P0028,2026-03-13,1,22.72,Paid
O009679,C0608,P0029,2026-03-13,2,45.78,Paid
O009680,C0344,P0025,2026-03-13,1,46.06,Paid
O009681,C0645,P0035,2026-03-13,3,289.29,Email
O009682,C0556,P0003,2026-03-14,3,293.91,Paid
O009683,C0213,P0001,2026-03-14,2,627.72,Organic
O009684,C0212,P0008,2026-03-14,1,186.3,Paid
O009685,C0129,P0003,2026-03-14,1,97.97,Paid
O009686,C0625,P0011,2026-03-14,3,131.46,Paid
O009687,C0129,P0011,2026-03-14,1,43.82,Paid
O009688,C0625,P0016,2026-03-14,2,59.64,Email
O009689,C0741,P0023,2026-03-14,2,250.92,Organic
O009690,C0775,P0023,2026-03-14,3,376.38,Organic
O009691,C0674,P0020,2026-03-14,3,338.19,Paid
O009692,C0468,P0031,2026-03-14,2,59.7,Paid
O009693,C0684,P0027,2026-03-14,3,134.88,Email
O009694,C0223,P0030,2026-03-14,3,48.03,Paid
O009695,C0041,P0025,2026-03-14,3,138.18,Organic
O009696,C0165,P0032,2026-03-14,3,32.97,Paid
O009697,C0454,P0031,2026-03-14,3,89.55,Paid
O009698,C0203,P0027,2026-03-14,1,44.96,Paid
O009699,C0123,P0032,2026-03-14,1,10.99,Paid
O009700,C0222,P0034,2026-03-14,1,93.55,Paid
O009701,C0257,P0036,2026-03-14,1,28.53,Paid
O009702,C0521,P0038,2026-03-14,2,206.04,Email
O009703,C0013,P0037,2026-03-14,3,246.93,Paid
O009704,C0330,P0003,2026-03-14,1,97.97,Referral
O009705,C0095,P0008,2026-03-14,2,372.6,Organic
O009706,C0019,P0008,2026-03-14,3,558.9,Paid
O009707,C0347,P0005,2026-03-14,2,353.1,Paid
O009708,C0789,P0008,2026-03-14,3,558.9,Email
O009709,C0640,P0010,2026-03-14,1,36.53,Paid
O009710,C0320,P0009,2026-03-14,2,97.3,Paid
O009711,C0250,P0009,2026-03-14,3,145.95,Paid
O009712,C0785,P0024,2026-03-14,3,320.91,Organic
O009713,C0553,P0023,2026-03-14,2,250.92,Paid
O009714,C0685,P0018,2026-03-14,3,260.13,Paid
O009715,C0384,P0019,2026-03-14,1,79.59,Paid
O009716,C0773,P0031,2026-03-14,3,89.55,Paid
O009717,C0764,P0027,2026-03-14,1,44.96,Paid
O009718,C0447,P0033,2026-03-14,3,251.94,Paid
O009719,C0405,P0040,2026-03-14,2,70.6,Paid
O009720,C0282,P0035,2026-03-14,3,289.29,Paid
O009721,C0044,P0001,2026-03-14,1,313.86,Paid
O009722,C0230,P0006,2026-03-14,3,477.6,Paid
O009723,C0075,P0005,2026-03-14,3,529.65,Paid
O009724,C0360,P0010,2026-03-14,1,36.53,Paid
O009725,C0480,P0011,2026-03-14,2,87.64,Organic
O009726,C0377,P0011,2026-03-14,1,43.82,Paid
O009727,C0425,P0015,2026-03-14,2,104.6,Paid
O009728,C0087,P0014,2026-03-14,3,184.29,Paid
O009729,C0647,P0012,2026-03-14,2,79.86,Paid
O009730,C0377,P0031,2026-03-14,1,29.85,Paid
O009731,C0192,P0040,2026-03-14,3,105.9,Referral
O009732,C0708,P0036,2026-03-14,3,85.59,Referral
O009733,C0611,P0040,2026-03-14,2,70.6,Paid
O009734,C0412,P0005,2026-03-14,1,176.55,Paid
O009735,C0520,P0001,2026-03-14,3,941.58,Paid
O009736,C0140,P0010,2026-03-14,1,36.53,Paid
O009737,C0614,P0013,2026-03-14,2,86.52,Paid
O009738,C0693,P0017,2026-03-14,3,370.14,Paid
O009739,C0104,P0022,2026-03-14,1,130.38,Paid
O009740,C0477,P0020,2026-03-14,2,225.46,Paid
O009741,C0069,P0017,2026-03-14,2,246.76,Paid
O009742,C0550,P0026,2026-03-14,2,35.72,Email
O009743,C0547,P0025,2026-03-14,1,46.06,Paid
O009744,C0603,P0025,2026-03-14,2,92.12,Paid
O009745,C0407,P0027,2026-03-14,2,89.92,Paid
O009746,C0030,P0027,2026-03-14,2,89.92,Paid
O009747,C0394,P0027,2026-03-14,1,44.96,Organic
O009748,C0062,P0029,2026-03-14,3,68.67,Paid
O009749,C0551,P0032,2026-03-14,2,21.98,Paid
O009750,C0093,P0033,2026-03-14,1,83.98,Email
O009751,C0195,P0035,2026-03-14,3,289.29,Paid
O009752,C0412,P0040,2026-03-14,2,70.6,Paid
O009753,C0062,P0037,2026-03-14,3,246.93,Paid
O009754,C0068,P0040,2026-03-14,3,105.9,Paid
O009755,C0253,P0037,2026-03-14,3,246.93,Paid
O009756,C0341,P0005,2026-03-15,2,353.1,Paid
O009757,C0594,P0002,2026-03-15,2,449.32,Paid
O009758,C0317,P0005,2026-03-15,3,529.65,Paid
O009759,C0027,P0002,2026-03-15,3,673.98,Paid
O009760,C0549,P0006,2026-03-15,2,318.4,Referral
O009761,C0600,P0008,2026-03-15,3,558.9,Referral
O009762,C0678,P0011,2026-03-15,2,87.64,Paid
O009763,C0099,P0013,2026-03-15,1,43.26,Paid
O009764,C0131,P0016,2026-03-15,2,59.64,Paid
O009765,C0343,P0024,2026-03-15,2,213.94,Email
O009766,C0325,P0019,2026-03-15,2,159.18,Paid
O009767,C0142,P0030,2026-03-15,3,48.03,Paid
O009768,C0641,P0029,2026-03-15,2,45.78,Paid
O009769,C0648,P0027,2026-03-15,3,134.88,Email
O009770,C0164,P0039,2026-03-15,3,56.34,Paid
O009771,C0160,P0036,2026-03-15,2,57.06,Paid
O009772,C0129,P0038,2026-03-15,3,309.06,Organic
O009773,C0388,P0002,2026-03-15,1,224.66,Referral
O009774,C0095,P0007,2026-03-15,1,61.98,Paid
O009775,C0382,P0008,2026-03-15,1,186.3,Paid
O009776,C0190,P0010,2026-03-15,1,36.53,Paid
O009777,C0699,P0014,2026-03-15,2,122.86,Paid
O009778,C0510,P0017,2026-03-15,3,370.14,Organic
O009779,C0026,P0029,2026-03-15,2,45.78,Paid
O009780,C0683,P0032,2026-03-15,1,10.99,Organic
O009781,C0285,P0029,2026-03-15,2,45.78,Paid
O009782,C0490,P0031,2026-03-15,1,29.85,Paid
O009783,C0491,P0028,2026-03-15,3,68.16,Organic
O009784,C0086,P0039,2026-03-15,2,37.56,Paid
O009785,C0266,P0034,2026-03-15,2,187.1,Paid
O009786,C0667,P0036,2026-03-15,3,85.59,Paid
O009787,C0494,P0037,2026-03-15,2,164.62,Referral
O009788,C0698,P0037,2026-03-15,2,164.62,Paid
O009789,C0130,P0002,2026-03-15,2,449.32,Paid
O009790,C0706,P0007,2026-03-15,2,123.96,Paid
O009791,C0480,P0012,2026-03-15,1,39.93,Paid
O009792,C0289,P0015,2026-03-15,1,52.3,Organic
O009793,C0445,P0014,2026-03-15,1,61.43,Paid
O009794,C0063,P0017,2026-03-15,2,246.76,Paid
O009795,C0360,P0024,2026-03-15,3,320.91,Referral
O009796,C0357,P0022,2026-03-15,1,130.38,Organic
O009797,C0263,P0028,2026-03-15,2,45.44,Paid
O009798,C0151,P0026,2026-03-15,2,35.72,Organic
O009799,C0351,P0031,2026-03-15,3,89.55,Paid
O009800,C0792,P0028,2026-03-15,2,45.44,Email
O009801,C0424,P0028,2026-03-15,1,22.72,Paid
O009802,C0567,P0035,2026-03-15,2,192.86,Paid
O009803,C0579,P0035,2026-03-15,2,192.86,Paid
O009804,C0689,P0040,2026-03-15,1,35.3,Paid
O009805,C0271,P0006,2026-03-15,1,159.2,Paid
O009806,C0294,P0008,2026-03-15,2,372.6,Paid
O009807,C0555,P0006,2026-03-15,1,159.2,Paid
O009808,C0035,P0016,2026-03-15,3,89.46,Paid
O009809,C0037,P0024,2026-03-15,3,320.91,Paid
O009810,C0372,P0018,2026-03-15,3,260.13,Paid
O009811,C0385,P0033,2026-03-15,1,83.98,Paid
O009812,C0797,P0014,2026-03-16,2,122.86,Paid
O009813,C0097,P0010,2026-03-16,2,73.06,Organic
O009814,C0129,P0013,2026-03-16,3,129.78,Paid
O009815,C0280,P0014,2026-03-16,2,122.86,Paid
O009816,C0440,P0031,2026-03-16,3,89.55,Paid
O009817,C0361,P0025,2026-03-16,1,46.06,Organic
O009818,C0355,P0038,2026-03-16,2,206.04,Email
O009819,C0133,P0039,2026-03-16,1,18.78,Paid
O009820,C0721,P0004,2026-03-16,2,235.4,Paid
O009821,C0208,P0003,2026-03-16,1,97.97,Paid
O009822,C0756,P0001,2026-03-16,3,941.58,Paid
O009823,C0491,P0010,2026-03-16,2,73.06,Paid
O009824,C0481,P0013,2026-03-16,1,43.26,Paid
O009825,C0333,P0011,2026-03-16,1,43.82,Email
O009826,C0370,P0013,2026-03-16,2,86.52,Paid
O009827,C0433,P0011,2026-03-16,2,87.64,Paid
O009828,C0423,P0018,2026-03-16,2,173.42,Paid
O009829,C0383,P0023,2026-03-16,1,125.46,Paid
O009830,C0769,P0017,2026-03-16,1,123.38,Organic
O009831,C0231,P0022,2026-03-16,2,260.76,Paid
O009832,C0489,P0032,2026-03-16,1,10.99,Paid
O009833,C0539,P0030,2026-03-16,3,48.03,Organic
O009834,C0698,P0037,2026-03-16,2,164.62,Paid
O009835,C0692,P0033,2026-03-16,3,251.94,Paid
O009836,C0590,P0035,2026-03-16,1,96.43,Email
O009837,C0689,P0003,2026-03-16,1,97.97,Email
O009838,C0718,P0008,2026-03-16,1,186.3,Paid
O009839,C0799,P0010,2026-03-16,3,109.59,Paid
O009840,C0611,P0016,2026-03-16,3,89.46,Organic
O009841,C0565,P0019,2026-03-16,1,79.59,Paid
O009842,C0210,P0022,2026-03-16,1,130.38,Referral
O009843,C0650,P0031,2026-03-16,2,59.7,Email
O009844,C0031,P0028,2026-03-16,1,22.72,Paid
O009845,C0567,P0031,2026-03-16,2,59.7,Paid
O009846,C0295,P0029,2026-03-16,2,45.78,Organic
O009847,C0765,P0026,2026-03-16,2,35.72,Paid
O009848,C0256,P0033,2026-03-16,3,251.94,Paid
O009849,C0377,P0040,2026-03-16,3,105.9,Paid
O009850,C0042,P0040,2026-03-16,1,35.3,Organic
O009851,C0377,P0040,2026-03-16,2,70.6,Paid
O009852,C0207,P0007,2026-03-16,1,61.98,Paid
O009853,C0703,P0003,2026-03-16,1,97.97,Email
O009854,C0271,P0009,2026-03-16,1,48.65,Paid
O009855,C0092,P0012,2026-03-16,2,79.86,Paid
O009856,C0560,P0016,2026-03-16,3,89.46,Paid
O009857,C0493,P0011,2026-03-16,1,43.82,Paid
O009858,C0306,P0023,2026-03-16,1,125.46,Paid
O009859,C0615,P0025,2026-03-16,3,138.18,Paid
O009860,C0386,P0025,2026-03-16,2,92.12,Organic
O009861,C0532,P0032,2026-03-16,2,21.98,Paid
O009862,C0249,P0039,2026-03-16,3,56.34,Email
O009863,C0163,P0039,2026-03-16,2,37.56,Paid
O009864,C0452,P0036,2026-03-16,3,85.59,Paid
O009865,C0619,P0040,2026-03-16,1,35.3,Organic
O009866,C0573,P0003,2026-03-17,1,97.97,Referral
O009867,C0178,P0004,2026-03-17,2,235.4,Paid
O009868,C0260,P0005,2026-03-17,3,529.65,Paid
O009869,C0186,P0010,2026-03-17,3,109.59,Paid
O009870,C0648,P0014,2026-03-17,2,122.86,Paid
O009871,C0741,P0021,2026-03-17,2,235.56,Paid
O009872,C0110,P0024,2026-03-17,1,106.97,Paid
O009873,C0024,P0025,2026-03-17,3,138.18,Paid
O009874,C0600,P0026,2026-03-17,3,53.58,Paid
O009875,C0641,P0028,2026-03-17,1,22.72,Email
O009876,C0521,P0026,2026-03-17,1,17.86,Paid
O009877,C0222,P0029,2026-03-17,2,45.78,Paid
O009878,C0604,P0003,2026-03-17,1,97.97,Organic
O009879,C0436,P0001,2026-03-17,1,313.86,Paid
O009880,C0639,P0005,2026-03-17,2,353.1,Paid
O009881,C0546,P0015,2026-03-17,3,156.9,Paid
O009882,C0076,P0011,2026-03-17,3,131.46,Paid
O009883,C0774,P0009,2026-03-17,2,97.3,Paid
O009884,C0079,P0014,2026-03-17,3,184.29,Organic
O009885,C0479,P0018,2026-03-17,3,260.13,Paid
O009886,C0408,P0023,2026-03-17,2,250.92,Paid
O009887,C0170,P0029,2026-03-17,2,45.78,Referral
O009888,C0106,P0025,2026-03-17,2,92.12,Email
O009889,C0706,P0001,2026-03-17,2,627.72,Paid
O009890,C0585,P0008,2026-03-17,1,186.3,Paid
O009891,C0357,P0007,2026-03-17,2,123.96,Paid
O009892,C0313,P0002,2026-03-17,3,673.98,Organic
O009893,C0425,P0011,2026-03-17,1,43.82,Paid
O009894,C0620,P0018,2026-03-17,3,260.13,Paid
O009895,C0113,P0028,2026-03-17,3,68.16,Paid
O009896,C0022,P0027,2026-03-17,2,89.92,Email
O009897,C0649,P0028,2026-03-17,1,22.72,Paid
O009898,C0316,P0036,2026-03-17,3,85.59,Paid
O009899,C0112,P0036,2026-03-17,1,28.53,Organic
O009900,C0367,P0004,2026-03-17,3,353.1,Organic
O009901,C0597,P0004,2026-03-17,3,353.1,Email
O009902,C0690,P0005,2026-03-17,1,176.55,Paid
O009903,C0403,P0015,2026-03-17,2,104.6,Paid
O009904,C0093,P0023,2026-03-17,2,250.92,Paid
O009905,C0757,P0017,2026-03-17,2,246.76,Paid
O009906,C0109,P0031,2026-03-17,2,59.7,Paid
O009907,C0762,P0026,2026-03-17,3,53.58,Paid
O009908,C0273,P0033,2026-03-17,1,83.98,Paid
O009909,C0066,P0038,2026-03-17,1,103.02,Paid
O009910,C0730,P0037,2026-03-17,2,164.62,Paid
O009911,C0284,P0003,2026-03-18,2,195.94,Email
O009912,C0503,P0007,2026-03-18,1,61.98,Paid
O009913,C0146,P0001,2026-03-18,3,941.58,Organic
O009914,C0176,P0011,2026-03-18,2,87.64,Paid
O009915,C0024,P0016,2026-03-18,2,59.64,Paid
O009916,C0293,P0024,2026-03-18,3,320.91,Paid
O009917,C0657,P0022,2026-03-18,3,391.14,Organic
O009918,C0186,P0017,2026-03-18,1,123.38,Paid
O009919,C0556,P0027,2026-03-18,3,134.88,Paid
O009920,C0177,P0031,2026-03-18,1,29.85,Email
O009921,C0363,P0028,2026-03-18,3,68.16,Paid
O009922,C0508,P0028,2026-03-18,2,45.44,Paid
O009923,C0797,P0031,2026-03-18,1,29.85,Paid
O009924,C0038,P0025,2026-03-18,1,46.06,Organic
O009925,C0011,P0039,2026-03-18,1,18.78,Paid
O009926,C0524,P0033,2026-03-18,3,251.94,Organic
O009927,C0086,P0003,2026-03-18,1,97.97,Paid
O009928,C0415,P0008,2026-03-18,2,372.6,Paid
O009929,C0302,P0003,2026-03-18,1,97.97,Paid
O009930,C0769,P0009,2026-03-18,2,97.3,Paid
O009931,C0671,P0019,2026-03-18,1,79.59,Email
O009932,C0685,P0021,2026-03-18,2,235.56,Paid
O009933,C0409,P0020,2026-03-18,1,112.73,Paid
O009934,C0750,P0022,2026-03-18,2,260.76,Organic
O009935,C0016,P0019,2026-03-18,3,238.77,Organic
O009936,C0358,P0019,2026-03-18,1,79.59,Paid
O009937,C0427,P0032,2026-03-18,3,32.97,Paid
O009938,C0777,P0028,2026-03-18,2,45.44,Referral
O009939,C0789,P0026,2026-03-18,3,53.58,Paid
O009940,C0756,P0039,2026-03-18,2,37.56,Paid
O009941,C0701,P0040,2026-03-18,2,70.6,Email
O009942,C0436,P0034,2026-03-18,3,280.65,Paid
O009943,C0546,P0040,2026-03-18,2,70.6,Paid
O009944,C0535,P0008,2026-03-18,1,186.3,Paid
O009945,C0620,P0005,2026-03-18,2,353.1,Email
O009946,C0765,P0013,2026-03-18,2,86.52,Paid
O009947,C0480,P0009,2026-03-18,1,48.65,Paid
O009948,C0145,P0010,2026-03-18,1,36.53,Paid
O009949,C0663,P0026,2026-03-18,3,53.58,Organic
O009950,C0336,P0028,2026-03-18,1,22.72,Organic
O009951,C0083,P0029,2026-03-18,1,22.89,Paid
O009952,C0238,P0038,2026-03-18,2,206.04,Paid
O009953,C0431,P0035,2026-03-18,2,192.86,Organic
O009954,C0456,P0034,2026-03-18,1,93.55,Paid
O009955,C0517,P0035,2026-03-18,3,289.29,Referral
O009956,C0478,P0039,2026-03-18,2,37.56,Paid
O009957,C0730,P0004,2026-03-18,2,235.4,Paid
O009958,C0574,P0006,2026-03-18,1,159.2,Paid
O009959,C0367,P0022,2026-03-18,2,260.76,Paid
O009960,C0297,P0021,2026-03-18,3,353.34,Paid
O009961,C0117,P0023,2026-03-18,3,376.38,Paid
O009962,C0234,P0023,2026-03-18,3,376.38,Paid
O009963,C0513,P0020,2026-03-18,3,338.19,Paid
O009964,C0550,P0020,2026-03-18,2,225.46,Paid
O009965,C0717,P0031,2026-03-18,3,89.55,Organic
O009966,C0005,P0036,2026-03-18,3,85.59,Referral
O009967,C0734,P0003,2026-03-19,3,293.91,Paid
O009968,C0264,P0007,2026-03-19,3,185.94,Paid
O009969,C0264,P0005,2026-03-19,3,529.65,Paid
O009970,C0797,P0001,2026-03-19,1,313.86,Referral
O009971,C0544,P0009,2026-03-19,3,145.95,Paid
O009972,C0545,P0018,2026-03-19,1,86.71,Paid
O009973,C0586,P0023,2026-03-19,3,376.38,Organic
O009974,C0741,P0030,2026-03-19,2,32.02,Paid
O009975,C0118,P0032,2026-03-19,3,32.97,Paid
O009976,C0176,P0027,2026-03-19,3,134.88,Organic
O009977,C0064,P0025,2026-03-19,2,92.12,Organic
O009978,C0458,P0033,2026-03-19,3,251.94,Referral
O009979,C0409,P0005,2026-03-19,3,529.65,Organic
O009980,C0635,P0006,2026-03-19,1,159.2,Email
O009981,C0758,P0003,2026-03-19,2,195.94,Organic
O009982,C0728,P0014,2026-03-19,3,184.29,Paid
O009983,C0405,P0014,2026-03-19,3,184.29,Organic
O009984,C0358,P0019,2026-03-19,3,238.77,Organic
O009985,C0405,P0030,2026-03-19,1,16.01,Paid
O009986,C0063,P0013,2026-03-19,1,43.26,Paid
O009987,C0151,P0015,2026-03-19,3,156.9,Paid
O009988,C0031,P0019,2026-03-19,1,79.59,Paid
O009989,C0623,P0022,2026-03-19,2,260.76,Paid
O009990,C0799,P0025,2026-03-19,1,46.06,Paid
O009991,C0755,P0028,2026-03-19,1,22.72,Email
O009992,C0523,P0028,2026-03-19,2,45.44,Paid
O009993,C0425,P0037,2026-03-19,1,82.31,Paid
O009994,C0585,P0036,2026-03-19,3,85.59,Paid
O009995,C0646,P0037,2026-03-19,1,82.31,Organic
O009996,C0195,P0005,2026-03-19,1,176.55,Email
O009997,C0615,P0002,2026-03-19,1,224.66,Paid
O009998,C0588,P0023,2026-03-19,2,250.92,Paid
O009999,C0452,P0029,2026-03-19,3,68.67,Paid
O010000,C0609,P0031,2026-03-19,3,89.55,Paid
O010001,C0665,P0030,2026-03-19,2,32.02,Paid
O010002,C0372,P0038,2026-03-19,2,206.04,Paid
O010003,C0199,P0033,2026-03-19,3,251.94,Organic
O010004,C0062,P0037,2026-03-19,1,82.31,Paid
O010005,C0139,P0007,2026-03-20,3,185.94,Paid
O010006,C0299,P0004,2026-03-20,1,117.7,Email
O010007,C0543,P0002,2026-03-20,2,449.32,Paid
O010008,C0139,P0011,2026-03-20,3,131.46,Organic
O010009,C0097,P0016,2026-03-20,3,89.46,Paid
O010010,C0544,P0021,2026-03-20,2,235.56,Paid
O010011,C0741,P0032,2026-03-20,2,21.98,Email
O010012,C0589,P0031,2026-03-20,3,89.55,Paid
O010013,C0311,P0034,2026-03-20,2,187.1,Paid
O010014,C0559,P0038,2026-03-20,3,309.06,Paid
O010015,C0455,P0040,2026-03-20,2,70.6,Organic
O010016,C0736,P0036,2026-03-20,3,85.59,Organic
O010017,C0749,P0036,2026-03-20,3,85.59,Paid
O010018,C0612,P0010,2026-03-20,3,109.59,Email
O010019,C0410,P0011,2026-03-20,2,87.64,Paid
O010020,C0021,P0014,2026-03-20,1,61.43,Paid
O010021,C0335,P0023,2026-03-20,3,376.38,Paid
O010022,C0629,P0023,2026-03-20,3,376.38,Paid
O010023,C0214,P0032,2026-03-20,1,10.99,Paid
O010024,C0381,P0031,2026-03-20,1,29.85,Paid
O010025,C0144,P0030,2026-03-20,2,32.02,Email
O010026,C0738,P0037,2026-03-20,1,82.31,Paid
O010027,C0387,P0034,2026-03-20,1,93.55,Referral
O010028,C0231,P0039,2026-03-20,3,56.34,Paid
O010029,C0272,P0006,2026-03-20,2,318.4,Paid
O010030,C0197,P0005,2026-03-20,3,529.65,Paid
O010031,C0653,P0001,2026-03-20,2,627.72,Paid
O010032,C0334,P0007,2026-03-20,1,61.98,Organic
O010033,C0531,P0013,2026-03-20,2,86.52,Paid
O010034,C0646,P0016,2026-03-20,1,29.82,Paid
O010035,C0211,P0012,2026-03-20,2,79.86,Paid
O010036,C0113,P0016,2026-03-20,1,29.82,Paid
O010037,C0735,P0017,2026-03-20,3,370.14,Paid
O010038,C0708,P0032,2026-03-20,1,10.99,Paid
O010039,C0706,P0029,2026-03-20,3,68.67,Referral
O010040,C0210,P0031,2026-03-20,2,59.7,Paid
O010041,C0291,P0002,2026-03-20,1,224.66,Paid
O010042,C0745,P0003,2026-03-20,3,293.91,Email
O010043,C0009,P0011,2026-03-20,2,87.64,Organic
O010044,C0501,P0010,2026-03-20,1,36.53,Paid
O010045,C0406,P0021,2026-03-20,2,235.56,Paid
O010046,C0375,P0017,2026-03-20,2,246.76,Referral
O010047,C0297,P0031,2026-03-20,1,29.85,Paid
O010048,C0492,P0035,2026-03-20,3,289.29,Paid
O010049,C0664,P0039,2026-03-20,1,18.78,Paid
O010050,C0749,P0002,2026-03-21,2,449.32,Organic
O010051,C0123,P0003,2026-03-21,3,293.91,Organic
O010052,C0788,P0012,2026-03-21,3,119.79,Email
O010053,C0437,P0009,2026-03-21,3,145.95,Paid
O010054,C0470,P0009,2026-03-21,3,145.95,Paid
O010055,C0041,P0016,2026-03-21,1,29.82,Paid
O010056,C0013,P0021,2026-03-21,1,117.78,Paid
O010057,C0731,P0018,2026-03-21,2,173.42,Paid
O010058,C0193,P0023,2026-03-21,3,376.38,Paid
O010059,C0684,P0024,2026-03-21,1,106.97,Paid
O010060,C0257,P0024,2026-03-21,2,213.94,Paid
O010061,C0080,P0026,2026-03-21,1,17.86,Paid
O010062,C0094,P0035,2026-03-21,2,192.86,Organic
O010063,C0470,P0038,2026-03-21,2,206.04,Paid
O010064,C0797,P0034,2026-03-21,1,93.55,Paid
O010065,C0434,P0037,2026-03-21,1,82.31,Paid
O010066,C0274,P0001,2026-03-21,1,313.86,Organic
O010067,C0659,P0013,2026-03-21,2,86.52,Paid
O010068,C0629,P0019,2026-03-21,1,79.59,Paid
O010069,C0086,P0019,2026-03-21,3,238.77,Paid
O010070,C0072,P0021,2026-03-21,1,117.78,Paid
O010071,C0241,P0017,2026-03-21,1,123.38,Email
O010072,C0698,P0030,2026-03-21,2,32.02,Paid
O010073,C0436,P0029,2026-03-21,2,45.78,Email
O010074,C0028,P0032,2026-03-21,2,21.98,Paid
O010075,C0578,P0036,2026-03-21,3,85.59,Paid
O010076,C0463,P0034,2026-03-21,2,187.1,Paid
O010077,C0494,P0040,2026-03-21,2,70.6,Paid
O010078,C0282,P0038,2026-03-21,2,206.04,Paid
O010079,C0577,P0002,2026-03-21,1,224.66,Organic
O010080,C0071,P0007,2026-03-21,3,185.94,Paid
O010081,C0015,P0015,2026-03-21,1,52.3,Organic
O010082,C0148,P0015,2026-03-21,2,104.6,Email
O010083,C0087,P0024,2026-03-21,1,106.97,Organic
O010084,C0456,P0017,2026-03-21,1,123.38,Organic
O010085,C0141,P0017,2026-03-21,1,123.38,Organic
O010086,C0445,P0018,2026-03-21,2,173.42,Paid
O010087,C0354,P0020,2026-03-21,2,225.46,Paid
O010088,C0638,P0021,2026-03-21,2,235.56,Paid
O010089,C0535,P0028,2026-03-21,3,68.16,Paid
O010090,C0354,P0030,2026-03-21,2,32.02,Paid
O010091,C0197,P0032,2026-03-21,1,10.99,Email
O010092,C0502,P0040,2026-03-21,1,35.3,Organic
O010093,C0708,P0033,2026-03-21,2,167.96,Paid
O010094,C0130,P0037,2026-03-21,1,82.31,Email
O010095,C0103,P0037,2026-03-21,1,82.31,Paid
O010096,C0297,P0003,2026-03-21,1,97.97,Paid
O010097,C0532,P0007,2026-03-21,3,185.94,Referral
O010098,C0290,P0006,2026-03-21,1,159.2,Paid
O010099,C0318,P0001,2026-03-21,1,313.86,Paid
O010100,C0035,P0006,2026-03-21,1,159.2,Organic
O010101,C0563,P0004,2026-03-21,2,235.4,Paid
O010102,C0340,P0014,2026-03-21,2,122.86,Email
O010103,C0187,P0013,2026-03-21,2,86.52,Paid
O010104,C0301,P0013,2026-03-21,2,86.52,Paid
O010105,C0390,P0015,2026-03-21,3,156.9,Paid
O010106,C0200,P0015,2026-03-21,3,156.9,Email
O010107,C0499,P0019,2026-03-21,3,238.77,Organic
O010108,C0407,P0024,2026-03-21,2,213.94,Paid
O010109,C0305,P0022,2026-03-21,3,391.14,Organic
O010110,C0550,P0021,2026-03-21,1,117.78,Paid
O010111,C0053,P0029,2026-03-21,3,68.67,Paid
O010112,C0310,P0027,2026-03-21,3,134.88,Paid
O010113,C0702,P0037,2026-03-21,1,82.31,Paid
O010114,C0740,P0037,2026-03-21,2,164.62,Organic
O010115,C0396,P0039,2026-03-21,2,37.56,Paid
O010116,C0035,P0035,2026-03-21,2,192.86,Paid
O010117,C0407,P0034,2026-03-21,3,280.65,Paid
O010118,C0437,P0004,2026-03-22,1,117.7,Paid
O010119,C0600,P0007,2026-03-22,3,185.94,Paid
O010120,C0641,P0021,2026-03-22,3,353.34,Paid
O010121,C0222,P0024,2026-03-22,3,320.91,Paid
O010122,C0264,P0021,2026-03-22,2,235.56,Organic
O010123,C0418,P0021,2026-03-22,3,353.34,Email
O010124,C0065,P0024,2026-03-22,3,320.91,Paid
O010125,C0657,P0030,2026-03-22,2,32.02,Paid
O010126,C0142,P0030,2026-03-22,3,48.03,Paid
O010127,C0325,P0025,2026-03-22,3,138.18,Paid
O010128,C0749,P0027,2026-03-22,2,89.92,Paid
O010129,C0038,P0029,2026-03-22,1,22.89,Referral
O010130,C0339,P0025,2026-03-22,2,92.12,Paid
O010131,C0222,P0035,2026-03-22,3,289.29,Paid
O010132,C0657,P0038,2026-03-22,3,309.06,Paid
O010133,C0094,P0040,2026-03-22,2,70.6,Paid
O010134,C0774,P0003,2026-03-22,3,293.91,Paid
O010135,C0144,P0016,2026-03-22,3,89.46,Organic
O010136,C0599,P0016,2026-03-22,3,89.46,Paid
O010137,C0417,P0011,2026-03-22,1,43.82,Paid
O010138,C0599,P0019,2026-03-22,2,159.18,Paid
O010139,C0642,P0021,2026-03-22,1,117.78,Referral
O010140,C0616,P0024,2026-03-22,2,213.94,Referral
O010141,C0746,P0021,2026-03-22,1,117.78,Organic
O010142,C0746,P0027,2026-03-22,1,44.96,Paid
O010143,C0214,P0025,2026-03-22,2,92.12,Paid
O010144,C0144,P0030,2026-03-22,1,16.01,Paid
O010145,C0566,P0028,2026-03-22,3,68.16,Paid
O010146,C0028,P0029,2026-03-22,2,45.78,Email
O010147,C0512,P0029,2026-03-22,3,68.67,Paid
O010148,C0651,P0025,2026-03-22,3,138.18,Organic
O010149,C0512,P0032,2026-03-22,1,10.99,Paid
O010150,C0347,P0029,2026-03-22,1,22.89,Paid
O010151,C0758,P0026,2026-03-22,3,53.58,Paid
O010152,C0283,P0036,2026-03-22,2,57.06,Paid
O010153,C0599,P0034,2026-03-22,3,280.65,Referral
O010154,C0639,P0035,2026-03-22,1,96.43,Organic
O010155,C0553,P0035,2026-03-22,1,96.43,Paid
O010156,C0770,P0002,2026-03-22,3,673.98,Paid
O010157,C0220,P0003,2026-03-22,1,97.97,Paid
O010158,C0523,P0007,2026-03-22,2,123.96,Organic
O010159,C0008,P0001,2026-03-22,2,627.72,Organic
O010160,C0300,P0006,2026-03-22,1,159.2,Paid
O010161,C0630,P0001,2026-03-22,1,313.86,Organic
O010162,C0637,P0010,2026-03-22,2,73.06,Paid
O010163,C0113,P0016,2026-03-22,3,89.46,Email
O010164,C0162,P0019,2026-03-22,3,238.77,Paid
O010165,C0527,P0022,2026-03-22,2,260.76,Organic
O010166,C0660,P0020,2026-03-22,1,112.73,Organic
O010167,C0288,P0017,2026-03-22,1,123.38,Paid
O010168,C0755,P0026,2026-03-22,3,53.58,Paid
O010169,C0529,P0028,2026-03-22,3,68.16,Paid
O010170,C0631,P0028,2026-03-22,1,22.72,Paid
O010171,C0078,P0036,2026-03-22,1,28.53,Referral
O010172,C0799,P0034,2026-03-22,3,280.65,Paid
O010173,C0112,P0039,2026-03-22,3,56.34,Paid
O010174,C0799,P0040,2026-03-22,1,35.3,Paid
O010175,C0151,P0039,2026-03-22,3,56.34,Paid
O010176,C0218,P0002,2026-03-22,2,449.32,Paid
O010177,C0092,P0008,2026-03-22,1,186.3,Paid
O010178,C0561,P0008,2026-03-22,1,186.3,Paid
O010179,C0781,P0016,2026-03-22,3,89.46,Paid
O010180,C0089,P0011,2026-03-22,3,131.46,Organic
O010181,C0568,P0011,2026-03-22,1,43.82,Paid
O010182,C0740,P0017,2026-03-22,1,123.38,Email
O010183,C0290,P0018,2026-03-22,2,173.42,Organic
O010184,C0297,P0021,2026-03-22,2,235.56,Paid
O010185,C0634,P0026,2026-03-22,1,17.86,Paid
O010186,C0469,P0030,2026-03-22,2,32.02,Paid
O010187,C0551,P0025,2026-03-22,2,92.12,Paid
O010188,C0459,P0027,2026-03-22,2,89.92,Paid
O010189,C0270,P0034,2026-03-22,3,280.65,Organic
O010190,C0763,P0040,2026-03-22,3,105.9,Paid
O010191,C0716,P0035,2026-03-22,1,96.43,Paid
O010192,C0426,P0038,2026-03-22,1,103.02,Paid
O010193,C0581,P0034,2026-03-22,2,187.1,Paid
O010194,C0657,P0014,2026-03-23,2,122.86,Paid
O010195,C0678,P0009,2026-03-23,1,48.65,Paid
O010196,C0177,P0015,2026-03-23,3,156.9,Paid
O010197,C0654,P0011,2026-03-23,2,87.64,Referral
O010198,C0331,P0010,2026-03-23,2,73.06,Paid
O010199,C0556,P0021,2026-03-23,1,117.78,Paid
O010200,C0440,P0021,2026-03-23,2,235.56,Organic
O010201,C0752,P0023,2026-03-23,2,250.92,Paid
O010202,C0097,P0026,2026-03-23,3,53.58,Organic
O010203,C0186,P0027,2026-03-23,3,134.88,Referral
O010204,C0768,P0029,2026-03-23,3,68.67,Organic
O010205,C0024,P0033,2026-03-23,3,251.94,Paid
O010206,C0524,P0039,2026-03-23,2,37.56,Paid
O010207,C0081,P0034,2026-03-23,3,280.65,Paid
O010208,C0446,P0034,2026-03-23,3,280.65,Paid
O010209,C0007,P0004,2026-03-23,2,235.4,Paid
O010210,C0420,P0014,2026-03-23,1,61.43,Organic
O010211,C0254,P0013,2026-03-23,2,86.52,Organic
O010212,C0338,P0024,2026-03-23,3,320.91,Paid
O010213,C0780,P0025,2026-03-23,2,92.12,Organic
O010214,C0060,P0030,2026-03-23,3,48.03,Paid
O010215,C0711,P0037,2026-03-23,3,246.93,Paid
O010216,C0527,P0014,2026-03-23,3,184.29,Paid
O010217,C0023,P0015,2026-03-23,1,52.3,Paid
O010218,C0531,P0013,2026-03-23,1,43.26,Paid
O010219,C0413,P0017,2026-03-23,1,123.38,Paid
O010220,C0579,P0022,2026-03-23,1,130.38,Organic
O010221,C0141,P0018,2026-03-23,1,86.71,Paid
O010222,C0653,P0029,2026-03-23,2,45.78,Paid
O010223,C0412,P0008,2026-03-23,2,372.6,Paid
O010224,C0396,P0003,2026-03-23,1,97.97,Paid
O010225,C0068,P0005,2026-03-23,3,529.65,Paid
O010226,C0159,P0009,2026-03-23,2,97.3,Paid
O010227,C0037,P0010,2026-03-23,3,109.59,Email
O010228,C0690,P0017,2026-03-23,3,370.14,Paid
O010229,C0234,P0023,2026-03-23,2,250.92,Paid
O010230,C0069,P0027,2026-03-23,1,44.96,Email
O010231,C0349,P0025,2026-03-23,1,46.06,Paid
O010232,C0513,P0027,2026-03-23,2,89.92,Paid
O010233,C0233,P0039,2026-03-23,3,56.34,Paid
O010234,C0589,P0008,2026-03-24,2,372.6,Paid
O010235,C0269,P0001,2026-03-24,3,941.58,Paid
O010236,C0165,P0006,2026-03-24,1,159.2,Paid
O010237,C0573,P0015,2026-03-24,3,156.9,Email
O010238,C0177,P0014,2026-03-24,2,122.86,Paid
O010239,C0418,P0012,2026-03-24,1,39.93,Paid
O010240,C0176,P0022,2026-03-24,3,391.14,Referral
O010241,C0470,P0022,2026-03-24,3,391.14,Paid
O010242,C0473,P0031,2026-03-24,2,59.7,Paid
O010243,C0186,P0028,2026-03-24,1,22.72,Organic
O010244,C0129,P0034,2026-03-24,2,187.1,Email
O010245,C0736,P0033,2026-03-24,2,167.96,Paid
O010246,C0304,P0002,2026-03-24,2,449.32,Email
O010247,C0208,P0007,2026-03-24,1,61.98,Organic
O010248,C0591,P0005,2026-03-24,1,176.55,Paid
O010249,C0387,P0011,2026-03-24,3,131.46,Paid
O010250,C0484,P0013,2026-03-24,2,86.52,Paid
O010251,C0793,P0021,2026-03-24,2,235.56,Paid
O010252,C0748,P0021,2026-03-24,2,235.56,Paid
O010253,C0265,P0021,2026-03-24,3,353.34,Paid
O010254,C0622,P0018,2026-03-24,1,86.71,Paid
O010255,C0479,P0019,2026-03-24,3,238.77,Paid
O010256,C0333,P0027,2026-03-24,1,44.96,Email
O010257,C0681,P0029,2026-03-24,2,45.78,Paid
O010258,C0126,P0026,2026-03-24,1,17.86,Paid
O010259,C0384,P0030,2026-03-24,1,16.01,Paid
O010260,C0773,P0035,2026-03-24,1,96.43,Email
O010261,C0382,P0034,2026-03-24,2,187.1,Referral
O010262,C0181,P0039,2026-03-24,1,18.78,Paid
O010263,C0699,P0035,2026-03-24,3,289.29,Paid
O010264,C0424,P0008,2026-03-24,2,372.6,Paid
O010265,C0377,P0006,2026-03-24,2,318.4,Paid
O010266,C0103,P0014,2026-03-24,1,61.43,Paid
O010267,C0585,P0016,2026-03-24,1,29.82,Paid
O010268,C0351,P0024,2026-03-24,2,213.94,Paid
O010269,C0225,P0018,2026-03-24,1,86.71,Organic
O010270,C0523,P0038,2026-03-24,3,309.06,Paid
O010271,C0372,P0001,2026-03-24,3,941.58,Paid
O010272,C0068,P0003,2026-03-24,2,195.94,Organic
O010273,C0676,P0003,2026-03-24,3,293.91,Email
O010274,C0403,P0012,2026-03-24,3,119.79,Paid
O010275,C0730,P0015,2026-03-24,2,104.6,Paid
O010276,C0655,P0013,2026-03-24,2,86.52,Paid
O010277,C0469,P0018,2026-03-24,3,260.13,Paid
O010278,C0306,P0021,2026-03-24,2,235.56,Paid
O010279,C0386,P0025,2026-03-24,2,92.12,Email
O010280,C0404,P0027,2026-03-24,1,44.96,Paid
O010281,C0187,P0030,2026-03-24,3,48.03,Paid
O010282,C0581,P0028,2026-03-24,2,45.44,Paid
O010283,C0794,P0037,2026-03-24,3,246.93,Paid
O010284,C0593,P0034,2026-03-24,2,187.1,Paid
O010285,C0729,P0034,2026-03-24,1,93.55,Paid
O010286,C0092,P0036,2026-03-24,1,28.53,Organic
O010287,C0314,P0035,2026-03-24,2,192.86,Paid
O010288,C0446,P0004,2026-03-25,2,235.4,Paid
O010289,C0583,P0001,2026-03-25,2,627.72,Organic
O010290,C0575,P0012,2026-03-25,1,39.93,Paid
O010291,C0526,P0011,2026-03-25,3,131.46,Paid
O010292,C0414,P0013,2026-03-25,1,43.26,Paid
O010293,C0317,P0021,2026-03-25,2,235.56,Paid
O010294,C0508,P0019,2026-03-25,3,238.77,Paid
O010295,C0123,P0026,2026-03-25,2,35.72,Paid
O010296,C0098,P0030,2026-03-25,3,48.03,Organic
O010297,C0074,P0028,2026-03-25,3,68.16,Paid
O010298,C0193,P0037,2026-03-25,2,164.62,Paid
O010299,C0264,P0035,2026-03-25,3,289.29,Paid
O010300,C0408,P0006,2026-03-25,3,477.6,Paid
O010301,C0085,P0006,2026-03-25,1,159.2,Paid
O010302,C0780,P0003,2026-03-25,3,293.91,Paid
O010303,C0764,P0004,2026-03-25,2,235.4,Referral
O010304,C0578,P0004,2026-03-25,2,235.4,Email
O010305,C0681,P0014,2026-03-25,1,61.43,Paid
O010306,C0546,P0009,2026-03-25,3,145.95,Paid
O010307,C0342,P0012,2026-03-25,3,119.79,Paid
O010308,C0384,P0009,2026-03-25,2,97.3,Referral
O010309,C0254,P0011,2026-03-25,2,87.64,Paid
O010310,C0330,P0019,2026-03-25,3,238.77,Paid
O010311,C0282,P0021,2026-03-25,1,117.78,Email
O010312,C0006,P0027,2026-03-25,2,89.92,Paid
O010313,C0739,P0030,2026-03-25,1,16.01,Organic
O010314,C0774,P0039,2026-03-25,2,37.56,Paid
O010315,C0646,P0005,2026-03-25,1,176.55,Paid
O010316,C0025,P0006,2026-03-25,2,318.4,Paid
O010317,C0649,P0024,2026-03-25,2,213.94,Paid
O010318,C0792,P0023,2026-03-25,2,250.92,Paid
O010319,C0755,P0022,2026-03-25,3,391.14,Organic
O010320,C0136,P0022,2026-03-25,1,130.38,Paid
O010321,C0751,P0020,2026-03-25,2,225.46,Referral
O010322,C0130,P0020,2026-03-25,1,112.73,Organic
O010323,C0695,P0022,2026-03-25,3,391.14,Email
O010324,C0166,P0031,2026-03-25,1,29.85,Paid
O010325,C0268,P0030,2026-03-25,2,32.02,Paid
O010326,C0054,P0028,2026-03-25,2,45.44,Paid
O010327,C0689,P0040,2026-03-25,1,35.3,Paid
O010328,C0471,P0040,2026-03-25,2,70.6,Paid
O010329,C0307,P0008,2026-03-25,2,372.6,Paid
O010330,C0722,P0009,2026-03-25,2,97.3,Email
O010331,C0498,P0010,2026-03-25,2,73.06,Paid
O010332,C0312,P0009,2026-03-25,1,48.65,Paid
O010333,C0252,P0015,2026-03-25,2,104.6,Email
O010334,C0407,P0017,2026-03-25,2,246.76,Paid
O010335,C0407,P0019,2026-03-25,2,159.18,Paid
O010336,C0150,P0032,2026-03-25,3,32.97,Paid
O010337,C0593,P0025,2026-03-25,1,46.06,Paid
O010338,C0430,P0029,2026-03-25,1,22.89,Organic
O010339,C0005,P0036,2026-03-25,2,57.06,Paid
O010340,C0290,P0033,2026-03-25,1,83.98,Paid
O010341,C0742,P0004,2026-03-26,3,353.1,Paid
O010342,C0146,P0006,2026-03-26,1,159.2,Paid
O010343,C0657,P0004,2026-03-26,1,117.7,Paid
O010344,C0589,P0013,2026-03-26,1,43.26,Paid
O010345,C0146,P0024,2026-03-26,2,213.94,Email
O010346,C0260,P0022,2026-03-26,1,130.38,Referral
O010347,C0065,P0018,2026-03-26,3,260.13,Paid
O010348,C0454,P0027,2026-03-26,1,44.96,Paid
O010349,C0368,P0034,2026-03-26,1,93.55,Paid
O010350,C0468,P0035,2026-03-26,1,96.43,Paid
O010351,C0699,P0008,2026-03-26,3,558.9,Paid
O010352,C0384,P0012,2026-03-26,1,39.93,Referral
O010353,C0576,P0014,2026-03-26,1,61.43,Paid
O010354,C0447,P0014,2026-03-26,2,122.86,Paid
O010355,C0085,P0018,2026-03-26,3,260.13,Referral
O010356,C0786,P0023,2026-03-26,2,250.92,Paid
O010357,C0726,P0030,2026-03-26,1,16.01,Paid
O010358,C0479,P0031,2026-03-26,1,29.85,Paid
O010359,C0102,P0006,2026-03-26,3,477.6,Paid
O010360,C0751,P0012,2026-03-26,1,39.93,Paid
O010361,C0695,P0023,2026-03-26,1,125.46,Paid
O010362,C0036,P0024,2026-03-26,3,320.91,Paid
O010363,C0010,P0031,2026-03-26,1,29.85,Paid
O010364,C0666,P0032,2026-03-26,2,21.98,Paid
O010365,C0119,P0031,2026-03-26,1,29.85,Organic
O010366,C0211,P0037,2026-03-26,2,164.62,Referral
O010367,C0103,P0033,2026-03-26,2,167.96,Paid
O010368,C0039,P0002,2026-03-26,1,224.66,Organic
O010369,C0791,P0007,2026-03-26,3,185.94,Paid
O010370,C0053,P0012,2026-03-26,3,119.79,Paid
O010371,C0401,P0011,2026-03-26,3,131.46,Email
O010372,C0430,P0016,2026-03-26,2,59.64,Referral
O010373,C0776,P0013,2026-03-26,1,43.26,Paid
O010374,C0762,P0009,2026-03-26,3,145.95,Paid
O010375,C0597,P0019,2026-03-26,3,238.77,Paid
O010376,C0195,P0029,2026-03-26,3,68.67,Paid
O010377,C0367,P0040,2026-03-26,2,70.6,Paid
O010378,C0505,P0006,2026-03-27,2,318.4,Paid
O010379,C0589,P0008,2026-03-27,3,558.9,Paid
O010380,C0317,P0006,2026-03-27,3,477.6,Paid
O010381,C0223,P0002,2026-03-27,2,449.32,Paid
O010382,C0556,P0006,2026-03-27,3,477.6,Email
O010383,C0361,P0006,2026-03-27,2,318.4,Organic
O010384,C0524,P0015,2026-03-27,3,156.9,Paid
O010385,C0124,P0010,2026-03-27,1,36.53,Organic
O010386,C0768,P0013,2026-03-27,3,129.78,Organic
O010387,C0365,P0014,2026-03-27,1,61.43,Paid
O010388,C0203,P0016,2026-03-27,2,59.64,Paid
O010389,C0348,P0021,2026-03-27,1,117.78,Paid
O010390,C0749,P0020,2026-03-27,2,225.46,Organic
O010391,C0734,P0024,2026-03-27,2,213.94,Organic
O010392,C0482,P0018,2026-03-27,3,260.13,Organic
O010393,C0366,P0022,2026-03-27,3,391.14,Paid
O010394,C0723,P0025,2026-03-27,3,138.18,Paid
O010395,C0543,P0032,2026-03-27,3,32.97,Paid
O010396,C0742,P0032,2026-03-27,3,32.97,Paid
O010397,C0483,P0032,2026-03-27,1,10.99,Paid
O010398,C0795,P0040,2026-03-27,3,105.9,Paid
O010399,C0750,P0004,2026-03-27,1,117.7,Paid
O010400,C0748,P0008,2026-03-27,3,558.9,Paid
O010401,C0605,P0003,2026-03-27,3,293.91,Email
O010402,C0246,P0014,2026-03-27,3,184.29,Paid
O010403,C0158,P0016,2026-03-27,1,29.82,Paid
O010404,C0021,P0012,2026-03-27,3,119.79,Email
O010405,C0387,P0010,2026-03-27,1,36.53,Paid
O010406,C0408,P0023,2026-03-27,2,250.92,Email
O010407,C0298,P0018,2026-03-27,2,173.42,Email
O010408,C0241,P0021,2026-03-27,1,117.78,Organic
O010409,C0283,P0021,2026-03-27,1,117.78,Email
O010410,C0021,P0020,2026-03-27,2,225.46,Paid
O010411,C0622,P0029,2026-03-27,2,45.78,Paid
O010412,C0342,P0029,2026-03-27,2,45.78,Paid
O010413,C0388,P0029,2026-03-27,1,22.89,Paid
O010414,C0764,P0035,2026-03-27,3,289.29,Paid
O010415,C0008,P0006,2026-03-27,1,159.2,Paid
O010416,C0663,P0005,2026-03-27,2,353.1,Paid
O010417,C0523,P0002,2026-03-27,3,673.98,Paid
O010418,C0669,P0006,2026-03-27,1,159.2,Organic
O010419,C0646,P0005,2026-03-27,1,176.55,Paid
O010420,C0755,P0016,2026-03-27,1,29.82,Paid
O010421,C0221,P0009,2026-03-27,1,48.65,Paid
O010422,C0087,P0016,2026-03-27,1,29.82,Paid
O010423,C0661,P0020,2026-03-27,1,112.73,Organic
O010424,C0706,P0017,2026-03-27,1,123.38,Email
O010425,C0166,P0024,2026-03-27,3,320.91,Email
O010426,C0449,P0026,2026-03-27,2,35.72,Paid
O010427,C0221,P0027,2026-03-27,1,44.96,Paid
O010428,C0718,P0030,2026-03-27,1,16.01,Paid
O010429,C0695,P0029,2026-03-27,1,22.89,Paid
O010430,C0112,P0029,2026-03-27,2,45.78,Organic
O010431,C0425,P0040,2026-03-27,3,105.9,Paid
O010432,C0083,P0038,2026-03-27,1,103.02,Paid
O010433,C0196,P0040,2026-03-27,3,105.9,Paid
O010434,C0762,P0011,2026-03-27,3,131.46,Paid
O010435,C0582,P0010,2026-03-27,3,109.59,Paid
O010436,C0428,P0019,2026-03-27,1,79.59,Paid
O010437,C0092,P0022,2026-03-27,1,130.38,Organic
O010438,C0791,P0025,2026-03-27,3,138.18,Email
O010439,C0441,P0029,2026-03-27,1,22.89,Email
O010440,C0035,P0026,2026-03-27,3,53.58,Paid
O010441,C0297,P0027,2026-03-27,1,44.96,Paid
O010442,C0679,P0005,2026-03-28,2,353.1,Email
O010443,C0176,P0006,2026-03-28,3,477.6,Paid
O010444,C0222,P0004,2026-03-28,1,117.7,Paid
O010445,C0736,P0009,2026-03-28,1,48.65,Organic
O010446,C0411,P0015,2026-03-28,2,104.6,Paid
O010447,C0418,P0010,2026-03-28,1,36.53,Email
O010448,C0203,P0011,2026-03-28,3,131.46,Paid
O010449,C0110,P0016,2026-03-28,2,59.64,Paid
O010450,C0594,P0022,2026-03-28,1,130.38,Paid
O010451,C0677,P0021,2026-03-28,1,117.78,Paid
O010452,C0418,P0019,2026-03-28,1,79.59,Organic
O010453,C0212,P0023,2026-03-28,3,376.38,Paid
O010454,C0662,P0018,2026-03-28,3,260.13,Paid
O010455,C0292,P0029,2026-03-28,2,45.78,Organic
O010456,C0505,P0032,2026-03-28,1,10.99,Paid
O010457,C0177,P0040,2026-03-28,3,105.9,Organic
O010458,C0081,P0033,2026-03-28,2,167.96,Paid
O010459,C0110,P0038,2026-03-28,1,103.02,Organic
O010460,C0418,P0036,2026-03-28,1,28.53,Paid
O010461,C0786,P0005,2026-03-28,1,176.55,Paid
O010462,C0329,P0008,2026-03-28,2,372.6,Organic
O010463,C0358,P0005,2026-03-28,1,176.55,Paid
O010464,C0267,P0002,2026-03-28,1,224.66,Paid
O010465,C0135,P0012,2026-03-28,3,119.79,Organic
O010466,C0553,P0016,2026-03-28,2,59.64,Organic
O010467,C0489,P0016,2026-03-28,1,29.82,Paid
O010468,C0789,P0024,2026-03-28,3,320.91,Email
O010469,C0359,P0017,2026-03-28,3,370.14,Paid
O010470,C0320,P0023,2026-03-28,3,376.38,Referral
O010471,C0285,P0024,2026-03-28,2,213.94,Paid
O010472,C0533,P0030,2026-03-28,2,32.02,Paid
O010473,C0685,P0031,2026-03-28,3,89.55,Organic
O010474,C0423,P0031,2026-03-28,2,59.7,Paid
O010475,C0590,P0029,2026-03-28,2,45.78,Paid
O010476,C0758,P0025,2026-03-28,2,92.12,Organic
O010477,C0642,P0032,2026-03-28,3,32.97,Paid
O010478,C0785,P0035,2026-03-28,1,96.43,Paid
O010479,C0144,P0038,2026-03-28,1,103.02,Paid
O010480,C0571,P0001,2026-03-28,2,627.72,Referral
O010481,C0351,P0007,2026-03-28,1,61.98,Organic
O010482,C0015,P0010,2026-03-28,1,36.53,Paid
O010483,C0183,P0010,2026-03-28,3,109.59,Paid
O010484,C0044,P0015,2026-03-28,3,156.9,Paid
O010485,C0354,P0023,2026-03-28,2,250.92,Paid
O010486,C0439,P0021,2026-03-28,2,235.56,Paid
O010487,C0432,P0028,2026-03-28,3,68.16,Referral
O010488,C0166,P0030,2026-03-28,1,16.01,Paid
O010489,C0153,P0028,2026-03-28,3,68.16,Referral
O010490,C0063,P0028,2026-03-28,3,68.16,Organic
O010491,C0516,P0025,2026-03-28,1,46.06,Paid
O010492,C0497,P0025,2026-03-28,1,46.06,Paid
O010493,C0529,P0037,2026-03-28,3,246.93,Email
O010494,C0542,P0005,2026-03-28,1,176.55,Email
O010495,C0762,P0008,2026-03-28,2,372.6,Paid
O010496,C0781,P0004,2026-03-28,2,235.4,Email
O010497,C0500,P0018,2026-03-28,2,173.42,Paid
O010498,C0597,P0020,2026-03-28,3,338.19,Paid
O010499,C0725,P0018,2026-03-28,1,86.71,Paid
O010500,C0372,P0020,2026-03-28,1,112.73,Paid
O010501,C0009,P0026,2026-03-28,2,35.72,Organic
O010502,C0163,P0028,2026-03-28,3,68.16,Email
O010503,C0294,P0025,2026-03-28,1,46.06,Paid
O010504,C0245,P0027,2026-03-28,1,44.96,Organic
O010505,C0690,P0030,2026-03-28,2,32.02,Organic
O010506,C0062,P0035,2026-03-28,1,96.43,Paid
O010507,C0608,P0039,2026-03-28,3,56.34,Paid
O010508,C0740,P0038,2026-03-28,2,206.04,Paid
O010509,C0615,P0037,2026-03-28,1,82.31,Paid
O010510,C0583,P0007,2026-03-29,2,123.96,Paid
O010511,C0621,P0001,2026-03-29,1,313.86,Paid
O010512,C0617,P0007,2026-03-29,1,61.98,Email
O010513,C0011,P0010,2026-03-29,1,36.53,Paid
O010514,C0455,P0010,2026-03-29,3,109.59,Paid
O010515,C0673,P0009,2026-03-29,3,145.95,Referral
O010516,C0292,P0020,2026-03-29,1,112.73,Organic
O010517,C0303,P0029,2026-03-29,1,22.89,Organic
O010518,C0027,P0027,2026-03-29,2,89.92,Email
O010519,C0177,P0032,2026-03-29,3,32.97,Organic
O010520,C0677,P0039,2026-03-29,1,18.78,Email
O010521,C0124,P0033,2026-03-29,2,167.96,Referral
O010522,C0302,P0003,2026-03-29,2,195.94,Paid
O010523,C0489,P0004,2026-03-29,1,117.7,Paid
O010524,C0769,P0006,2026-03-29,2,318.4,Organic
O010525,C0342,P0001,2026-03-29,2,627.72,Paid
O010526,C0760,P0023,2026-03-29,1,125.46,Paid
O010527,C0701,P0019,2026-03-29,2,159.18,Referral
O010528,C0510,P0020,2026-03-29,2,225.46,Paid
O010529,C0047,P0026,2026-03-29,1,17.86,Organic
O010530,C0384,P0032,2026-03-29,1,10.99,Paid
O010531,C0726,P0039,2026-03-29,3,56.34,Organic
O010532,C0296,P0001,2026-03-29,3,941.58,Paid
O010533,C0799,P0008,2026-03-29,2,372.6,Paid
O010534,C0650,P0003,2026-03-29,1,97.97,Paid
O010535,C0682,P0009,2026-03-29,1,48.65,Organic
O010536,C0351,P0011,2026-03-29,1,43.82,Paid
O010537,C0054,P0012,2026-03-29,2,79.86,Email
O010538,C0183,P0022,2026-03-29,3,391.14,Paid
O010539,C0229,P0021,2026-03-29,2,235.56,Paid
O010540,C0114,P0019,2026-03-29,3,238.77,Paid
O010541,C0770,P0019,2026-03-29,1,79.59,Organic
O010542,C0669,P0024,2026-03-29,1,106.97,Paid
O010543,C0669,P0018,2026-03-29,1,86.71,Paid
O010544,C0799,P0018,2026-03-29,3,260.13,Referral
O010545,C0720,P0028,2026-03-29,3,68.16,Paid
O010546,C0113,P0032,2026-03-29,2,21.98,Paid
O010547,C0324,P0028,2026-03-29,2,45.44,Paid
O010548,C0585,P0033,2026-03-29,2,167.96,Paid
O010549,C0196,P0040,2026-03-29,2,70.6,Referral
O010550,C0669,P0035,2026-03-29,3,289.29,Paid
O010551,C0695,P0037,2026-03-29,2,164.62,Paid
O010552,C0525,P0001,2026-03-29,1,313.86,Paid
O010553,C0397,P0004,2026-03-29,1,117.7,Paid
O010554,C0564,P0013,2026-03-29,1,43.26,Email
O010555,C0603,P0014,2026-03-29,3,184.29,Paid
O010556,C0550,P0022,2026-03-29,3,391.14,Paid
O010557,C0101,P0023,2026-03-29,1,125.46,Organic
O010558,C0318,P0021,2026-03-29,1,117.78,Paid
O010559,C0273,P0023,2026-03-29,3,376.38,Paid
O010560,C0373,P0018,2026-03-29,2,173.42,Paid
O010561,C0059,P0018,2026-03-29,2,173.42,Organic
O010562,C0582,P0027,2026-03-29,2,89.92,Paid
O010563,C0249,P0028,2026-03-29,3,68.16,Paid
O010564,C0340,P0039,2026-03-29,3,56.34,Organic
O010565,C0053,P0035,2026-03-29,3,289.29,Paid
O010566,C0159,P0035,2026-03-29,2,192.86,Organic
O010567,C0407,P0034,2026-03-29,2,187.1,Organic
O010568,C0139,P0008,2026-03-30,3,558.9,Paid
O010569,C0081,P0005,2026-03-30,1,176.55,Paid
O010570,C0341,P0005,2026-03-30,2,353.1,Email
O010571,C0011,P0005,2026-03-30,2,353.1,Organic
O010572,C0411,P0013,2026-03-30,1,43.26,Paid
O010573,C0545,P0013,2026-03-30,1,43.26,Organic
O010574,C0074,P0016,2026-03-30,1,29.82,Paid
O010575,C0137,P0006,2026-03-30,2,318.4,Email
O010576,C0557,P0005,2026-03-30,3,529.65,Paid
O010577,C0423,P0003,2026-03-30,3,293.91,Referral
O010578,C0721,P0009,2026-03-30,1,48.65,Organic
O010579,C0672,P0020,2026-03-30,1,112.73,Paid
O010580,C0275,P0024,2026-03-30,3,320.91,Paid
O010581,C0719,P0018,2026-03-30,1,86.71,Paid
O010582,C0338,P0024,2026-03-30,1,106.97,Paid
O010583,C0342,P0017,2026-03-30,2,246.76,Email
O010584,C0016,P0024,2026-03-30,1,106.97,Paid
O010585,C0793,P0029,2026-03-30,2,45.78,Paid
O010586,C0266,P0027,2026-03-30,3,134.88,Paid
O010587,C0006,P0029,2026-03-30,2,45.78,Paid
O010588,C0537,P0032,2026-03-30,1,10.99,Paid
O010589,C0283,P0036,2026-03-30,1,28.53,Email
O010590,C0015,P0005,2026-03-30,2,353.1,Paid
O010591,C0708,P0003,2026-03-30,1,97.97,Email
O010592,C0708,P0002,2026-03-30,3,673.98,Paid
O010593,C0360,P0011,2026-03-30,1,43.82,Paid
O010594,C0313,P0024,2026-03-30,1,106.97,Paid
O010595,C0393,P0022,2026-03-30,2,260.76,Paid
O010596,C0637,P0030,2026-03-30,2,32.02,Paid
O010597,C0015,P0026,2026-03-30,3,53.58,Paid
O010598,C0638,P0025,2026-03-30,1,46.06,Paid
O010599,C0288,P0030,2026-03-30,3,48.03,Organic
O010600,C0585,P0025,2026-03-30,3,138.18,Email
O010601,C0464,P0027,2026-03-30,2,89.92,Paid
O010602,C0120,P0038,2026-03-30,1,103.02,Paid
O010603,C0362,P0002,2026-03-30,1,224.66,Paid
O010604,C0477,P0002,2026-03-30,2,449.32,Paid
O010605,C0385,P0008,2026-03-30,3,558.9,Paid
O010606,C0062,P0005,2026-03-30,1,176.55,Paid
O010607,C0149,P0002,2026-03-30,2,449.32,Paid
O010608,C0134,P0006,2026-03-30,2,318.4,Paid
O010609,C0104,P0015,2026-03-30,2,104.6,Paid
O010610,C0676,P0010,2026-03-30,1,36.53,Paid
O010611,C0633,P0023,2026-03-30,3,376.38,Paid
O010612,C0781,P0018,2026-03-30,1,86.71,Paid
O010613,C0645,P0021,2026-03-30,2,235.56,Paid
O010614,C0068,P0027,2026-03-30,1,44.96,Paid
O010615,C0108,P0040,2026-03-30,3,105.9,Referral
O010616,C0169,P0037,2026-03-30,2,164.62,Paid
O010617,C0227,P0039,2026-03-30,1,18.78,Organic
O010618,C0117,P0033,2026-03-30,2,167.96,Organic
O010619,C0284,P0008,2026-03-31,1,186.3,Paid
O010620,C0556,P0006,2026-03-31,1,159.2,Paid
O010621,C0483,P0023,2026-03-31,1,125.46,Paid
O010622,C0124,P0026,2026-03-31,2,35.72,Paid
O010623,C0524,P0037,2026-03-31,1,82.31,Paid
O010624,C0339,P0036,2026-03-31,3,85.59,Paid
O010625,C0575,P0035,2026-03-31,3,289.29,Paid
O010626,C0710,P0034,2026-03-31,2,187.1,Email
O010627,C0737,P0008,2026-03-31,2,372.6,Paid
O010628,C0488,P0006,2026-03-31,3,477.6,Paid
O010629,C0635,P0011,2026-03-31,2,87.64,Paid
O010630,C0605,P0024,2026-03-31,2,213.94,Paid
O010631,C0644,P0020,2026-03-31,3,338.19,Paid
O010632,C0417,P0028,2026-03-31,3,68.16,Paid
O010633,C0738,P0025,2026-03-31,3,138.18,Email
O010634,C0095,P0034,2026-03-31,3,280.65,Referral
O010635,C0079,P0037,2026-03-31,3,246.93,Organic
O010636,C0181,P0036,2026-03-31,3,85.59,Paid
O010637,C0263,P0005,2026-03-31,1,176.55,Paid
O010638,C0530,P0001,2026-03-31,3,941.58,Paid
O010639,C0256,P0004,2026-03-31,2,235.4,Paid
O010640,C0695,P0014,2026-03-31,3,184.29,Paid
O010641,C0718,P0014,2026-03-31,1,61.43,Email
O010642,C0357,P0032,2026-03-31,3,32.97,Referral
O010643,C0706,P0040,2026-03-31,2,70.6,Paid
O010644,C0708,P0039,2026-03-31,3,56.34,Email
O010645,C0530,P0035,2026-03-31,3,289.29,Email
O010646,C0682,P0035,2026-03-31,3,289.29,Paid
O010647,C0197,P0040,2026-03-31,2,70.6,Paid
O010648,C0459,P0007,2026-03-31,1,61.98,Paid
O010649,C0564,P0010,2026-03-31,2,73.06,Paid
O010650,C0297,P0011,2026-03-31,1,43.82,Paid
O010651,C0233,P0010,2026-03-31,1,36.53,Organic
O010652,C0614,P0018,2026-03-31,2,173.42,Organic
O010653,C0043,P0019,2026-03-31,2,159.18,Paid
O010654,C0249,P0028,2026-03-31,1,22.72,Paid
O010655,C0307,P0029,2026-03-31,2,45.78,Organic
O010656,C0362,P0031,2026-03-31,2,59.7,Paid
O010657,C0665,P0034,2026-03-31,3,280.65,Paid
O010658,C0307,P0039,2026-03-31,1,18.78,Paid
O010659,C0287,P0034,2026-03-31,1,93.55,Referral
O010660,C0305,P0040,2026-03-31,1,35.3,Paid
O010661,C0332,P0004,2026-04-01,1,117.7,Organic
O010662,C0074,P0001,2026-04-01,1,313.86,Paid
O010663,C0569,P0011,2026-04-01,1,43.82,Paid
O010664,C0455,P0012,2026-04-01,1,39.93,Paid
O010665,C0617,P0009,2026-04-01,3,145.95,Email
O010666,C0673,P0009,2026-04-01,3,145.95,Paid
O010667,C0177,P0013,2026-04-01,2,86.52,Paid
O010668,C0589,P0011,2026-04-01,3,131.46,Paid
O010669,C0586,P0017,2026-04-01,1,123.38,Paid
O010670,C0332,P0024,2026-04-01,3,320.91,Paid
O010671,C0414,P0018,2026-04-01,1,86.71,Paid
O010672,C0175,P0020,2026-04-01,1,112.73,Paid
O010673,C0621,P0024,2026-04-01,3,320.91,Paid
O010674,C0341,P0027,2026-04-01,2,89.92,Paid
O010675,C0081,P0038,2026-04-01,3,309.06,Paid
O010676,C0494,P0005,2026-04-01,1,176.55,Paid
O010677,C0616,P0007,2026-04-01,2,123.96,Paid
O010678,C0711,P0002,2026-04-01,2,449.32,Paid
O010679,C0171,P0006,2026-04-01,2,318.4,Email
O010680,C0494,P0011,2026-04-01,2,87.64,Organic
O010681,C0283,P0015,2026-04-01,3,156.9,Paid
O010682,C0537,P0023,2026-04-01,2,250.92,Paid
O010683,C0073,P0027,2026-04-01,1,44.96,Paid
O010684,C0553,P0027,2026-04-01,3,134.88,Email
O010685,C0653,P0007,2026-04-01,2,123.96,Paid
O010686,C0646,P0013,2026-04-01,2,86.52,Paid
O010687,C0445,P0009,2026-04-01,1,48.65,Paid
O010688,C0660,P0014,2026-04-01,1,61.43,Organic
O010689,C0113,P0012,2026-04-01,3,119.79,Paid
O010690,C0706,P0019,2026-04-01,1,79.59,Paid
O010691,C0075,P0024,2026-04-01,2,213.94,Email
O010692,C0638,P0020,2026-04-01,3,338.19,Paid
O010693,C0162,P0031,2026-04-01,2,59.7,Paid
O010694,C0558,P0028,2026-04-01,2,45.44,Paid
O010695,C0032,P0034,2026-04-01,1,93.55,Paid
O010696,C0400,P0034,2026-04-01,1,93.55,Paid
O010697,C0574,P0006,2026-04-01,3,477.6,Paid
O010698,C0791,P0003,2026-04-01,1,97.97,Paid
O010699,C0643,P0007,2026-04-01,3,185.94,Paid
O010700,C0373,P0002,2026-04-01,3,673.98,Paid
O010701,C0634,P0009,2026-04-01,1,48.65,Email
O010702,C0498,P0012,2026-04-01,2,79.86,Paid
O010703,C0306,P0020,2026-04-01,3,338.19,Paid
O010704,C0312,P0018,2026-04-01,1,86.71,Paid
O010705,C0169,P0025,2026-04-01,2,92.12,Paid
O010706,C0645,P0029,2026-04-01,2,45.78,Paid
O010707,C0763,P0032,2026-04-01,1,10.99,Paid
O010708,C0340,P0032,2026-04-01,2,21.98,Paid
O010709,C0551,P0036,2026-04-01,3,85.59,Referral
O010710,C0688,P0035,2026-04-01,2,192.86,Paid
O010711,C0202,P0005,2026-04-02,2,353.1,Paid
O010712,C0303,P0001,2026-04-02,3,941.58,Paid
O010713,C0749,P0016,2026-04-02,1,29.82,Paid
O010714,C0673,P0010,2026-04-02,3,109.59,Paid
O010715,C0123,P0012,2026-04-02,2,79.86,Paid
O010716,C0662,P0016,2026-04-02,3,89.46,Organic
O010717,C0133,P0021,2026-04-02,1,117.78,Paid
O010718,C0343,P0018,2026-04-02,2,173.42,Paid
O010719,C0569,P0021,2026-04-02,1,117.78,Paid
O010720,C0618,P0031,2026-04-02,2,59.7,Paid
O010721,C0714,P0031,2026-04-02,3,89.55,Paid
O010722,C0046,P0035,2026-04-02,2,192.86,Email
O010723,C0786,P0001,2026-04-02,1,313.86,Paid
O010724,C0553,P0006,2026-04-02,2,318.4,Referral
O010725,C0410,P0011,2026-04-02,1,43.82,Paid
O010726,C0095,P0010,2026-04-02,1,36.53,Organic
O010727,C0796,P0012,2026-04-02,2,79.86,Referral
O010728,C0747,P0024,2026-04-02,3,320.91,Paid
O010729,C0019,P0022,2026-04-02,3,391.14,Paid
O010730,C0283,P0027,2026-04-02,3,134.88,Paid
O010731,C0728,P0026,2026-04-02,2,35.72,Paid
O010732,C0026,P0025,2026-04-02,3,138.18,Paid
O010733,C0590,P0032,2026-04-02,1,10.99,Paid
O010734,C0484,P0030,2026-04-02,1,16.01,Paid
O010735,C0304,P0035,2026-04-02,1,96.43,Paid
O010736,C0358,P0037,2026-04-02,2,164.62,Organic
O010737,C0323,P0035,2026-04-02,2,192.86,Paid
O010738,C0672,P0034,2026-04-02,1,93.55,Paid
O010739,C0531,P0005,2026-04-02,3,529.65,Paid
O010740,C0022,P0009,2026-04-02,3,145.95,Paid
O010741,C0032,P0018,2026-04-02,1,86.71,Paid
O010742,C0432,P0018,2026-04-02,3,260.13,Paid
O010743,C0517,P0030,2026-04-02,2,32.02,Paid
O010744,C0350,P0026,2026-04-02,3,53.58,Paid
O010745,C0156,P0026,2026-04-02,2,35.72,Email
O010746,C0558,P0030,2026-04-02,1,16.01,Email
O010747,C0075,P0038,2026-04-02,2,206.04,Organic
O010748,C0350,P0037,2026-04-02,3,246.93,Email
O010749,C0542,P0003,2026-04-02,1,97.97,Paid
O010750,C0218,P0009,2026-04-02,3,145.95,Paid
O010751,C0664,P0014,2026-04-02,1,61.43,Organic
O010752,C0390,P0020,2026-04-02,2,225.46,Paid
O010753,C0053,P0018,2026-04-02,3,260.13,Paid
O010754,C0394,P0021,2026-04-02,2,235.56,Referral
O010755,C0626,P0028,2026-04-02,2,45.44,Paid
O010756,C0247,P0039,2026-04-02,2,37.56,Paid
O010757,C0550,P0039,2026-04-02,1,18.78,Organic
O010758,C0385,P0037,2026-04-02,2,164.62,Paid
O010759,C0797,P0001,2026-04-03,3,941.58,Paid
O010760,C0255,P0004,2026-04-03,3,353.1,Paid
O010761,C0594,P0011,2026-04-03,1,43.82,Email
O010762,C0223,P0010,2026-04-03,2,73.06,Paid
O010763,C0098,P0022,2026-04-03,3,391.14,Paid
O010764,C0027,P0019,2026-04-03,3,238.77,Paid
O010765,C0049,P0039,2026-04-03,1,18.78,Paid
O010766,C0171,P0002,2026-04-03,3,673.98,Paid
O010767,C0694,P0002,2026-04-03,1,224.66,Paid
O010768,C0021,P0015,2026-04-03,2,104.6,Email
O010769,C0639,P0010,2026-04-03,3,109.59,Organic
O010770,C0409,P0024,2026-04-03,1,106.97,Organic
O010771,C0171,P0030,2026-04-03,2,32.02,Paid
O010772,C0491,P0038,2026-04-03,2,206.04,Referral
O010773,C0266,P0038,2026-04-03,1,103.02,Paid
O010774,C0496,P0028,2026-04-03,1,22.72,Paid
O010775,C0580,P0027,2026-04-03,3,134.88,Paid
O010776,C0653,P0028,2026-04-03,3,68.16,Paid
O010777,C0713,P0027,2026-04-03,3,134.88,Paid
O010778,C0141,P0032,2026-04-03,1,10.99,Paid
O010779,C0663,P0034,2026-04-03,2,187.1,Paid
O010780,C0209,P0006,2026-04-03,1,159.2,Paid
O010781,C0688,P0013,2026-04-03,1,43.26,Paid
O010782,C0665,P0011,2026-04-03,2,87.64,Paid
O010783,C0645,P0009,2026-04-03,2,97.3,Paid
O010784,C0499,P0019,2026-04-03,2,159.18,Paid
O010785,C0781,P0031,2026-04-03,3,89.55,Paid
O010786,C0593,P0031,2026-04-03,2,59.7,Email
O010787,C0426,P0038,2026-04-03,1,103.02,Organic
O010788,C0179,P0035,2026-04-03,2,192.86,Paid
O010789,C0339,P0005,2026-04-04,3,529.65,Organic
O010790,C0727,P0006,2026-04-04,3,477.6,Paid
O010791,C0714,P0010,2026-04-04,3,109.59,Paid
O010792,C0434,P0013,2026-04-04,2,86.52,Paid
O010793,C0583,P0015,2026-04-04,2,104.6,Paid
O010794,C0621,P0016,2026-04-04,1,29.82,Organic
O010795,C0142,P0024,2026-04-04,1,106.97,Referral
O010796,C0586,P0020,2026-04-04,3,338.19,Organic
O010797,C0339,P0026,2026-04-04,3,53.58,Paid
O010798,C0788,P0025,2026-04-04,1,46.06,Paid
O010799,C0482,P0030,2026-04-04,3,48.03,Paid
O010800,C0795,P0031,2026-04-04,2,59.7,Organic
O010801,C0392,P0035,2026-04-04,1,96.43,Paid
O010802,C0269,P0037,2026-04-04,1,82.31,Paid
O010803,C0454,P0036,2026-04-04,3,85.59,Paid
O010804,C0311,P0039,2026-04-04,2,37.56,Paid
O010805,C0298,P0001,2026-04-04,2,627.72,Paid
O010806,C0796,P0006,2026-04-04,3,477.6,Paid
O010807,C0383,P0010,2026-04-04,1,36.53,Paid
O010808,C0639,P0010,2026-04-04,1,36.53,Paid
O010809,C0578,P0012,2026-04-04,2,79.86,Organic
O010810,C0417,P0024,2026-04-04,1,106.97,Referral
O010811,C0329,P0023,2026-04-04,2,250.92,Paid
O010812,C0241,P0017,2026-04-04,2,246.76,Paid
O010813,C0595,P0035,2026-04-04,2,192.86,Paid
O010814,C0417,P0037,2026-04-04,2,164.62,Email
O010815,C0578,P0037,2026-04-04,2,164.62,Paid
O010816,C0405,P0034,2026-04-04,3,280.65,Paid
O010817,C0239,P0002,2026-04-04,1,224.66,Paid
O010818,C0647,P0005,2026-04-04,2,353.1,Paid
O010819,C0136,P0002,2026-04-04,1,224.66,Email
O010820,C0197,P0001,2026-04-04,3,941.58,Paid
O010821,C0792,P0002,2026-04-04,3,673.98,Paid
O010822,C0462,P0015,2026-04-04,1,52.3,Organic
O010823,C0156,P0016,2026-04-04,3,89.46,Paid
O010824,C0063,P0009,2026-04-04,2,97.3,Email
O010825,C0119,P0015,2026-04-04,2,104.6,Paid
O010826,C0432,P0015,2026-04-04,3,156.9,Email
O010827,C0661,P0019,2026-04-04,1,79.59,Paid
O010828,C0799,P0022,2026-04-04,3,391.14,Email
O010829,C0087,P0032,2026-04-04,2,21.98,Paid
O010830,C0571,P0037,2026-04-04,2,164.62,Organic
O010831,C0547,P0001,2026-04-04,3,941.58,Paid
O010832,C0002,P0003,2026-04-04,3,293.91,Organic
O010833,C0707,P0011,2026-04-04,1,43.82,Organic
O010834,C0492,P0011,2026-04-04,1,43.82,Referral
O010835,C0560,P0011,2026-04-04,1,43.82,Paid
O010836,C0428,P0020,2026-04-04,3,338.19,Email
O010837,C0200,P0022,2026-04-04,1,130.38,Email
O010838,C0009,P0024,2026-04-04,3,320.91,Paid
O010839,C0407,P0025,2026-04-04,1,46.06,Paid
O010840,C0403,P0029,2026-04-04,2,45.78,Paid
O010841,C0412,P0030,2026-04-04,2,32.02,Organic
O010842,C0125,P0033,2026-04-04,2,167.96,Email
O010843,C0273,P0034,2026-04-04,3,280.65,Organic
O010844,C0331,P0007,2026-04-05,1,61.98,Organic
O010845,C0768,P0005,2026-04-05,2,353.1,Paid
O010846,C0142,P0001,2026-04-05,2,627.72,Paid
O010847,C0556,P0007,2026-04-05,1,61.98,Paid
O010848,C0559,P0011,2026-04-05,2,87.64,Paid
O010849,C0058,P0014,2026-04-05,1,61.43,Email
O010850,C0468,P0012,2026-04-05,2,79.86,Email
O010851,C0337,P0012,2026-04-05,1,39.93,Paid
O010852,C0448,P0013,2026-04-05,1,43.26,Organic
O010853,C0657,P0015,2026-04-05,3,156.9,Paid
O010854,C0097,P0021,2026-04-05,2,235.56,Paid
O010855,C0378,P0020,2026-04-05,1,112.73,Referral
O010856,C0545,P0020,2026-04-05,2,225.46,Paid
O010857,C0434,P0031,2026-04-05,3,89.55,Paid
O010858,C0673,P0028,2026-04-05,2,45.44,Email
O010859,C0155,P0031,2026-04-05,1,29.85,Organic
O010860,C0414,P0034,2026-04-05,3,280.65,Paid
O010861,C0437,P0034,2026-04-05,1,93.55,Organic
O010862,C0198,P0006,2026-04-05,2,318.4,Email
O010863,C0333,P0006,2026-04-05,2,318.4,Organic
O010864,C0479,P0001,2026-04-05,3,941.58,Paid
O010865,C0616,P0007,2026-04-05,2,123.96,Paid
O010866,C0126,P0006,2026-04-05,3,477.6,Paid
O010867,C0254,P0014,2026-04-05,3,184.29,Paid
O010868,C0415,P0015,2026-04-05,2,104.6,Paid
O010869,C0405,P0014,2026-04-05,2,122.86,Paid
O010870,C0747,P0016,2026-04-05,2,59.64,Email
O010871,C0304,P0013,2026-04-05,2,86.52,Paid
O010872,C0578,P0018,2026-04-05,1,86.71,Organic
O010873,C0591,P0024,2026-04-05,2,213.94,Paid
O010874,C0739,P0021,2026-04-05,2,235.56,Paid
O010875,C0137,P0017,2026-04-05,2,246.76,Paid
O010876,C0489,P0018,2026-04-05,2,173.42,Paid
O010877,C0376,P0024,2026-04-05,2,213.94,Email
O010878,C0302,P0026,2026-04-05,1,17.86,Paid
O010879,C0243,P0030,2026-04-05,1,16.01,Email
O010880,C0154,P0026,2026-04-05,1,17.86,Paid
O010881,C0447,P0027,2026-04-05,2,89.92,Email
O010882,C0602,P0026,2026-04-05,3,53.58,Paid
O010883,C0423,P0032,2026-04-05,2,21.98,Paid
O010884,C0436,P0040,2026-04-05,2,70.6,Paid
O010885,C0481,P0039,2026-04-05,2,37.56,Paid
O010886,C0072,P0033,2026-04-05,2,167.96,Paid
O010887,C0445,P0001,2026-04-05,2,627.72,Paid
O010888,C0718,P0015,2026-04-05,1,52.3,Paid
O010889,C0531,P0010,2026-04-05,1,36.53,Paid
O010890,C0295,P0024,2026-04-05,2,213.94,Paid
O010891,C0697,P0024,2026-04-05,1,106.97,Paid
O010892,C0083,P0031,2026-04-05,2,59.7,Referral
O010893,C0015,P0032,2026-04-05,1,10.99,Paid
O010894,C0336,P0031,2026-04-05,1,29.85,Email
O010895,C0256,P0033,2026-04-05,2,167.96,Paid
O010896,C0682,P0038,2026-04-05,1,103.02,Paid
O010897,C0032,P0036,2026-04-05,2,57.06,Paid
O010898,C0500,P0005,2026-04-05,3,529.65,Paid
O010899,C0655,P0008,2026-04-05,1,186.3,Paid
O010900,C0209,P0004,2026-04-05,3,353.1,Organic
O010901,C0093,P0004,2026-04-05,2,235.4,Organic
O010902,C0712,P0001,2026-04-05,1,313.86,Organic
O010903,C0297,P0009,2026-04-05,3,145.95,Paid
O010904,C0195,P0015,2026-04-05,3,156.9,Paid
O010905,C0396,P0009,2026-04-05,2,97.3,Paid
O010906,C0179,P0011,2026-04-05,3,131.46,Paid
O010907,C0515,P0015,2026-04-05,2,104.6,Paid
O010908,C0416,P0015,2026-04-05,1,52.3,Paid
O010909,C0722,P0023,2026-04-05,3,376.38,Email
O010910,C0109,P0021,2026-04-05,3,353.34,Paid
O010911,C0762,P0031,2026-04-05,1,29.85,Paid
O010912,C0394,P0031,2026-04-05,3,89.55,Paid
O010913,C0111,P0028,2026-04-05,3,68.16,Organic
O010914,C0459,P0030,2026-04-05,3,48.03,Paid
O010915,C0306,P0037,2026-04-05,1,82.31,Referral
O010916,C0125,P0034,2026-04-05,1,93.55,Paid
O010917,C0301,P0036,2026-04-05,3,85.59,Paid
O010918,C0501,P0036,2026-04-05,2,57.06,Organic
O010919,C0337,P0003,2026-04-06,3,293.91,Paid
O010920,C0505,P0013,2026-04-06,1,43.26,Email
O010921,C0165,P0019,2026-04-06,2,159.18,Paid
O010922,C0129,P0030,2026-04-06,1,16.01,Email
O010923,C0518,P0025,2026-04-06,2,92.12,Email
O010924,C0293,P0030,2026-04-06,2,32.02,Paid
O010925,C0549,P0025,2026-04-06,2,92.12,Organic
O010926,C0046,P0032,2026-04-06,2,21.98,Email
O010927,C0027,P0032,2026-04-06,2,21.98,Organic
O010928,C0058,P0025,2026-04-06,1,46.06,Email
O010929,C0737,P0006,2026-04-06,1,159.2,Paid
O010930,C0698,P0007,2026-04-06,2,123.96,Paid
O010931,C0214,P0008,2026-04-06,1,186.3,Paid
O010932,C0304,P0006,2026-04-06,1,159.2,Paid
O010933,C0748,P0009,2026-04-06,2,97.3,Paid
O010934,C0266,P0015,2026-04-06,3,156.9,Paid
O010935,C0181,P0012,2026-04-06,3,119.79,Organic
O010936,C0333,P0023,2026-04-06,3,376.38,Paid
O010937,C0408,P0037,2026-04-06,2,164.62,Paid
O010938,C0496,P0001,2026-04-06,3,941.58,Referral
O010939,C0145,P0003,2026-04-06,1,97.97,Paid
O010940,C0263,P0014,2026-04-06,2,122.86,Paid
O010941,C0042,P0009,2026-04-06,3,145.95,Paid
O010942,C0480,P0013,2026-04-06,3,129.78,Paid
O010943,C0326,P0021,2026-04-06,2,235.56,Paid
O010944,C0668,P0023,2026-04-06,1,125.46,Paid
O010945,C0638,P0026,2026-04-06,1,17.86,Paid
O010946,C0336,P0034,2026-04-06,3,280.65,Paid
O010947,C0163,P0003,2026-04-06,3,293.91,Paid
O010948,C0499,P0005,2026-04-06,2,353.1,Paid
O010949,C0069,P0012,2026-04-06,2,79.86,Organic
O010950,C0195,P0021,2026-04-06,2,235.56,Organic
O010951,C0781,P0031,2026-04-06,3,89.55,Paid
O010952,C0757,P0032,2026-04-06,1,10.99,Referral
O010953,C0035,P0026,2026-04-06,3,53.58,Paid
O010954,C0178,P0003,2026-04-07,2,195.94,Email
O010955,C0280,P0016,2026-04-07,3,89.46,Email
O010956,C0795,P0013,2026-04-07,3,129.78,Paid
O010957,C0257,P0015,2026-04-07,1,52.3,Organic
O010958,C0468,P0022,2026-04-07,1,130.38,Paid
O010959,C0046,P0018,2026-04-07,2,173.42,Paid
O010960,C0311,P0027,2026-04-07,2,89.92,Paid
O010961,C0284,P0027,2026-04-07,1,44.96,Paid
O010962,C0454,P0027,2026-04-07,2,89.92,Email
O010963,C0098,P0039,2026-04-07,3,56.34,Paid
O010964,C0621,P0035,2026-04-07,2,192.86,Organic
O010965,C0602,P0002,2026-04-07,2,449.32,Email
O010966,C0274,P0003,2026-04-07,2,195.94,Paid
O010967,C0158,P0008,2026-04-07,3,558.9,Paid
O010968,C0265,P0011,2026-04-07,2,87.64,Paid
O010969,C0182,P0015,2026-04-07,1,52.3,Paid
O010970,C0635,P0009,2026-04-07,3,145.95,Email
O010971,C0265,P0028,2026-04-07,3,68.16,Paid
O010972,C0711,P0034,2026-04-07,1,93.55,Organic
O010973,C0650,P0006,2026-04-07,3,477.6,Organic
O010974,C0765,P0002,2026-04-07,1,224.66,Paid
O010975,C0087,P0016,2026-04-07,1,29.82,Paid
O010976,C0697,P0012,2026-04-07,3,119.79,Paid
O010977,C0708,P0011,2026-04-07,1,43.82,Paid
O010978,C0256,P0011,2026-04-07,1,43.82,Paid
O010979,C0778,P0024,2026-04-07,3,320.91,Paid
O010980,C0647,P0023,2026-04-07,2,250.92,Paid
O010981,C0230,P0020,2026-04-07,3,338.19,Email
O010982,C0296,P0018,2026-04-07,2,173.42,Paid
O010983,C0334,P0026,2026-04-07,1,17.86,Organic
O010984,C0462,P0032,2026-04-07,1,10.99,Paid
O010985,C0638,P0036,2026-04-07,3,85.59,Paid
O010986,C0501,P0007,2026-04-07,1,61.98,Paid
O010987,C0403,P0007,2026-04-07,2,123.96,Organic
O010988,C0722,P0001,2026-04-07,3,941.58,Paid
O010989,C0101,P0015,2026-04-07,3,156.9,Paid
O010990,C0776,P0014,2026-04-07,3,184.29,Paid
O010991,C0207,P0009,2026-04-07,3,145.95,Paid
O010992,C0798,P0023,2026-04-07,2,250.92,Paid
O010993,C0560,P0018,2026-04-07,3,260.13,Paid
O010994,C0428,P0025,2026-04-07,2,92.12,Paid
O010995,C0634,P0025,2026-04-07,2,92.12,Referral
O010996,C0492,P0033,2026-04-07,1,83.98,Paid
O010997,C0615,P0034,2026-04-07,1,93.55,Organic
O010998,C0794,P0033,2026-04-07,1,83.98,Paid
O010999,C0632,P0006,2026-04-08,3,477.6,Referral
O011000,C0223,P0014,2026-04-08,3,184.29,Organic
O011001,C0437,P0015,2026-04-08,2,104.6,Paid
O011002,C0213,P0017,2026-04-08,3,370.14,Paid
O011003,C0173,P0024,2026-04-08,3,320.91,Paid
O011004,C0641,P0029,2026-04-08,3,68.67,Organic
O011005,C0277,P0029,2026-04-08,1,22.89,Paid
O011006,C0027,P0026,2026-04-08,1,17.86,Paid
O011007,C0648,P0028,2026-04-08,2,45.44,Paid
O011008,C0710,P0036,2026-04-08,1,28.53,Paid
O011009,C0673,P0038,2026-04-08,2,206.04,Email
O011010,C0510,P0003,2026-04-08,2,195.94,Paid
O011011,C0026,P0001,2026-04-08,1,313.86,Referral
O011012,C0254,P0013,2026-04-08,1,43.26,Paid
O011013,C0076,P0009,2026-04-08,3,145.95,Paid
O011014,C0384,P0011,2026-04-08,1,43.82,Paid
O011015,C0793,P0015,2026-04-08,3,156.9,Paid
O011016,C0338,P0014,2026-04-08,1,61.43,Paid
O011017,C0006,P0020,2026-04-08,3,338.19,Organic
O011018,C0605,P0030,2026-04-08,2,32.02,Paid
O011019,C0489,P0035,2026-04-08,3,289.29,Paid
O011020,C0748,P0037,2026-04-08,3,246.93,Paid
O011021,C0285,P0035,2026-04-08,2,192.86,Paid
O011022,C0701,P0038,2026-04-08,3,309.06,Organic
O011023,C0631,P0007,2026-04-08,3,185.94,Email
O011024,C0577,P0001,2026-04-08,1,313.86,Paid
O011025,C0630,P0004,2026-04-08,2,235.4,Organic
O011026,C0295,P0010,2026-04-08,2,73.06,Email
O011027,C0221,P0010,2026-04-08,1,36.53,Paid
O011028,C0735,P0014,2026-04-08,1,61.43,Paid
O011029,C0032,P0024,2026-04-08,2,213.94,Paid
O011030,C0010,P0019,2026-04-08,3,238.77,Paid
O011031,C0272,P0021,2026-04-08,1,117.78,Paid
O011032,C0658,P0032,2026-04-08,2,21.98,Email
O011033,C0624,P0027,2026-04-08,2,89.92,Paid
O011034,C0120,P0033,2026-04-08,1,83.98,Paid
O011035,C0077,P0037,2026-04-08,1,82.31,Paid
O011036,C0313,P0034,2026-04-08,2,187.1,Paid
O011037,C0310,P0007,2026-04-08,1,61.98,Paid
O011038,C0312,P0006,2026-04-08,2,318.4,Paid
O011039,C0633,P0009,2026-04-08,1,48.65,Email
O011040,C0247,P0009,2026-04-08,3,145.95,Referral
O011041,C0515,P0010,2026-04-08,2,73.06,Paid
O011042,C0066,P0019,2026-04-08,3,238.77,Paid
O011043,C0603,P0022,2026-04-08,1,130.38,Paid
O011044,C0459,P0023,2026-04-08,2,250.92,Paid
O011045,C0163,P0021,2026-04-08,3,353.34,Paid
O011046,C0740,P0027,2026-04-08,2,89.92,Paid
O011047,C0200,P0027,2026-04-08,1,44.96,Referral
O011048,C0707,P0039,2026-04-08,3,56.34,Paid
O011049,C0736,P0002,2026-04-09,3,673.98,Paid
O011050,C0583,P0006,2026-04-09,2,318.4,Organic
O011051,C0483,P0001,2026-04-09,3,941.58,Paid
O011052,C0173,P0015,2026-04-09,2,104.6,Paid
O011053,C0365,P0009,2026-04-09,3,145.95,Organic
O011054,C0724,P0020,2026-04-09,3,338.19,Paid
O011055,C0378,P0020,2026-04-09,2,225.46,Paid
O011056,C0046,P0018,2026-04-09,3,260.13,Paid
O011057,C0392,P0031,2026-04-09,2,59.7,Paid
O011058,C0131,P0027,2026-04-09,1,44.96,Organic
O011059,C0601,P0036,2026-04-09,3,85.59,Paid
O011060,C0363,P0036,2026-04-09,3,85.59,Paid
O011061,C0231,P0004,2026-04-09,3,353.1,Email
O011062,C0622,P0006,2026-04-09,1,159.2,Email
O011063,C0021,P0003,2026-04-09,1,97.97,Paid
O011064,C0138,P0010,2026-04-09,3,109.59,Paid
O011065,C0427,P0011,2026-04-09,3,131.46,Paid
O011066,C0777,P0010,2026-04-09,2,73.06,Paid
O011067,C0016,P0017,2026-04-09,1,123.38,Email
O011068,C0659,P0018,2026-04-09,3,260.13,Paid
O011069,C0512,P0017,2026-04-09,3,370.14,Paid
O011070,C0381,P0019,2026-04-09,2,159.18,Organic
O011071,C0764,P0029,2026-04-09,3,68.67,Paid
O011072,C0728,P0031,2026-04-09,2,59.7,Paid
O011073,C0409,P0027,2026-04-09,3,134.88,Paid
O011074,C0420,P0025,2026-04-09,3,138.18,Referral
O011075,C0267,P0025,2026-04-09,1,46.06,Paid
O011076,C0758,P0030,2026-04-09,1,16.01,Paid
O011077,C0021,P0038,2026-04-09,1,103.02,Paid
O011078,C0007,P0033,2026-04-09,3,251.94,Email
O011079,C0382,P0039,2026-04-09,2,37.56,Organic
O011080,C0663,P0001,2026-04-09,1,313.86,Email
O011081,C0658,P0016,2026-04-09,2,59.64,Paid
O011082,C0478,P0016,2026-04-09,2,59.64,Paid
O011083,C0751,P0019,2026-04-09,2,159.18,Paid
O011084,C0114,P0024,2026-04-09,2,213.94,Paid
O011085,C0063,P0028,2026-04-09,1,22.72,Organic
O011086,C0084,P0028,2026-04-09,1,22.72,Paid
O011087,C0393,P0031,2026-04-09,2,59.7,Paid
O011088,C0087,P0026,2026-04-09,1,17.86,Paid
O011089,C0087,P0033,2026-04-09,3,251.94,Email
O011090,C0054,P0039,2026-04-09,1,18.78,Paid
O011091,C0611,P0035,2026-04-09,1,96.43,Paid
O011092,C0799,P0039,2026-04-09,3,56.34,Paid
O011093,C0082,P0007,2026-04-09,3,185.94,Paid
O011094,C0053,P0010,2026-04-09,1,36.53,Paid
O011095,C0249,P0014,2026-04-09,2,122.86,Referral
O011096,C0271,P0018,2026-04-09,2,173.42,Organic
O011097,C0725,P0038,2026-04-09,1,103.02,Referral
O011098,C0362,P0040,2026-04-09,1,35.3,Paid
O011099,C0581,P0040,2026-04-09,2,70.6,Email
O011100,C0395,P0004,2026-04-10,3,353.1,Referral
O011101,C0521,P0013,2026-04-10,1,43.26,Paid
O011102,C0212,P0027,2026-04-10,1,44.96,Paid
O011103,C0257,P0034,2026-04-10,3,280.65,Paid
O011104,C0629,P0006,2026-04-10,2,318.4,Organic
O011105,C0016,P0013,2026-04-10,1,43.26,Paid
O011106,C0047,P0015,2026-04-10,2,104.6,Paid
O011107,C0777,P0036,2026-04-10,1,28.53,Paid
O011108,C0651,P0036,2026-04-10,1,28.53,Paid
O011109,C0558,P0016,2026-04-10,2,59.64,Organic
O011110,C0429,P0015,2026-04-10,3,156.9,Email
O011111,C0516,P0018,2026-04-10,1,86.71,Paid
O011112,C0148,P0027,2026-04-10,3,134.88,Paid
O011113,C0087,P0027,2026-04-10,3,134.88,Paid
O011114,C0324,P0031,2026-04-10,1,29.85,Paid
O011115,C0653,P0039,2026-04-10,1,18.78,Paid
O011116,C0220,P0035,2026-04-10,1,96.43,Referral
O011117,C0561,P0002,2026-04-10,2,449.32,Paid
O011118,C0029,P0005,2026-04-10,1,176.55,Paid
O011119,C0492,P0012,2026-04-10,1,39.93,Organic
O011120,C0396,P0012,2026-04-10,2,79.86,Paid
O011121,C0525,P0016,2026-04-10,2,59.64,Organic
O011122,C0762,P0024,2026-04-10,1,106.97,Email
O011123,C0609,P0024,2026-04-10,3,320.91,Paid
O011124,C0547,P0018,2026-04-10,3,260.13,Paid
O011125,C0039,P0031,2026-04-10,2,59.7,Paid
O011126,C0373,P0038,2026-04-10,1,103.02,Paid
O011127,C0362,P0039,2026-04-10,1,18.78,Paid
O011128,C0133,P0001,2026-04-11,2,627.72,Paid
O011129,C0641,P0004,2026-04-11,1,117.7,Paid
O011130,C0483,P0004,2026-04-11,2,235.4,Paid
O011131,C0583,P0001,2026-04-11,2,627.72,Paid
O011132,C0107,P0010,2026-04-11,2,73.06,Organic
O011133,C0797,P0009,2026-04-11,1,48.65,Email
O011134,C0065,P0015,2026-04-11,3,156.9,Paid
O011135,C0601,P0015,2026-04-11,1,52.3,Organic
O011136,C0038,P0013,2026-04-11,3,129.78,Paid
O011137,C0788,P0010,2026-04-11,3,109.59,Paid
O011138,C0118,P0021,2026-04-11,3,353.34,Referral
O011139,C0311,P0021,2026-04-11,2,235.56,Paid
O011140,C0440,P0022,2026-04-11,1,130.38,Email
O011141,C0189,P0032,2026-04-11,3,32.97,Referral
O011142,C0088,P0030,2026-04-11,3,48.03,Paid
O011143,C0587,P0028,2026-04-11,2,45.44,Email
O011144,C0455,P0027,2026-04-11,2,89.92,Paid
O011145,C0049,P0032,2026-04-11,1,10.99,Paid
O011146,C0341,P0026,2026-04-11,1,17.86,Paid
O011147,C0299,P0039,2026-04-11,1,18.78,Organic
O011148,C0202,P0037,2026-04-11,1,82.31,Paid
O011149,C0591,P0006,2026-04-11,2,318.4,Paid
O011150,C0463,P0006,2026-04-11,2,318.4,Paid
O011151,C0796,P0003,2026-04-11,2,195.94,Paid
O011152,C0598,P0008,2026-04-11,3,558.9,Paid
O011153,C0358,P0002,2026-04-11,1,224.66,Paid
O011154,C0553,P0013,2026-04-11,3,129.78,Paid
O011155,C0602,P0011,2026-04-11,3,131.46,Paid
O011156,C0605,P0010,2026-04-11,2,73.06,Paid
O011157,C0410,P0011,2026-04-11,2,87.64,Paid
O011158,C0488,P0012,2026-04-11,3,119.79,Paid
O011159,C0205,P0022,2026-04-11,3,391.14,Organic
O011160,C0335,P0024,2026-04-11,3,320.91,Paid
O011161,C0019,P0018,2026-04-11,3,260.13,Paid
O011162,C0052,P0022,2026-04-11,1,130.38,Paid
O011163,C0409,P0019,2026-04-11,1,79.59,Paid
O011164,C0604,P0020,2026-04-11,3,338.19,Organic
O011165,C0205,P0022,2026-04-11,1,130.38,Paid
O011166,C0214,P0031,2026-04-11,1,29.85,Organic
O011167,C0304,P0031,2026-04-11,1,29.85,Organic
O011168,C0709,P0028,2026-04-11,1,22.72,Paid
O011169,C0576,P0030,2026-04-11,1,16.01,Paid
O011170,C0410,P0040,2026-04-11,1,35.3,Email
O011171,C0667,P0040,2026-04-11,3,105.9,Email
O011172,C0060,P0039,2026-04-11,1,18.78,Paid
O011173,C0214,P0036,2026-04-11,2,57.06,Organic
O011174,C0774,P0033,2026-04-11,2,167.96,Paid
O011175,C0266,P0038,2026-04-11,3,309.06,Email
O011176,C0274,P0033,2026-04-11,3,251.94,Paid
O011177,C0638,P0006,2026-04-11,3,477.6,Paid
O011178,C0063,P0006,2026-04-11,1,159.2,Email
O011179,C0432,P0010,2026-04-11,2,73.06,Paid
O011180,C0531,P0015,2026-04-11,1,52.3,Paid
O011181,C0036,P0022,2026-04-11,2,260.76,Paid
O011182,C0220,P0020,2026-04-11,1,112.73,Organic
O011183,C0336,P0019,2026-04-11,2,159.18,Paid
O011184,C0431,P0019,2026-04-11,1,79.59,Paid
O011185,C0713,P0023,2026-04-11,1,125.46,Paid
O011186,C0204,P0019,2026-04-11,2,159.18,Paid
O011187,C0577,P0032,2026-04-11,1,10.99,Paid
O011188,C0166,P0025,2026-04-11,3,138.18,Paid
O011189,C0658,P0027,2026-04-11,2,89.92,Paid
O011190,C0326,P0027,2026-04-11,3,134.88,Email
O011191,C0148,P0029,2026-04-11,2,45.78,Paid
O011192,C0336,P0028,2026-04-11,1,22.72,Organic
O011193,C0220,P0032,2026-04-11,1,10.99,Paid
O011194,C0650,P0036,2026-04-11,3,85.59,Paid
O011195,C0313,P0034,2026-04-11,3,280.65,Paid
O011196,C0287,P0006,2026-04-11,2,318.4,Paid
O011197,C0655,P0002,2026-04-11,1,224.66,Paid
O011198,C0344,P0006,2026-04-11,1,159.2,Paid
O011199,C0606,P0002,2026-04-11,3,673.98,Paid
O011200,C0390,P0016,2026-04-11,2,59.64,Paid
O011201,C0037,P0010,2026-04-11,1,36.53,Paid
O011202,C0134,P0016,2026-04-11,1,29.82,Paid
O011203,C0655,P0012,2026-04-11,1,39.93,Paid
O011204,C0340,P0018,2026-04-11,3,260.13,Paid
O011205,C0301,P0019,2026-04-11,3,238.77,Paid
O011206,C0179,P0022,2026-04-11,3,391.14,Paid
O011207,C0043,P0018,2026-04-11,1,86.71,Organic
O011208,C0005,P0021,2026-04-11,3,353.34,Email
O011209,C0089,P0028,2026-04-11,1,22.72,Referral
O011210,C0111,P0029,2026-04-11,1,22.89,Paid
O011211,C0287,P0029,2026-04-11,1,22.89,Paid
O011212,C0404,P0030,2026-04-11,1,16.01,Paid
O011213,C0452,P0029,2026-04-11,2,45.78,Paid
O011214,C0279,P0040,2026-04-11,2,70.6,Paid
O011215,C0665,P0039,2026-04-11,2,37.56,Paid
O011216,C0498,P0036,2026-04-11,3,85.59,Paid
O011217,C0763,P0033,2026-04-11,3,251.94,Paid
O011218,C0714,P0001,2026-04-12,2,627.72,Paid
O011219,C0618,P0002,2026-04-12,1,224.66,Paid
O011220,C0454,P0008,2026-04-12,1,186.3,Organic
O011221,C0365,P0014,2026-04-12,1,61.43,Paid
O011222,C0269,P0016,2026-04-12,1,29.82,Paid
O011223,C0768,P0013,2026-04-12,1,43.26,Email
O011224,C0455,P0019,2026-04-12,3,238.77,Paid
O011225,C0046,P0025,2026-04-12,3,138.18,Paid
O011226,C0339,P0028,2026-04-12,1,22.72,Paid
O011227,C0284,P0031,2026-04-12,1,29.85,Referral
O011228,C0657,P0035,2026-04-12,1,96.43,Paid
O011229,C0254,P0008,2026-04-12,2,372.6,Paid
O011230,C0784,P0002,2026-04-12,1,224.66,Paid
O011231,C0320,P0002,2026-04-12,2,449.32,Paid
O011232,C0381,P0006,2026-04-12,2,318.4,Referral
O011233,C0680,P0011,2026-04-12,1,43.82,Paid
O011234,C0590,P0013,2026-04-12,2,86.52,Paid
O011235,C0128,P0020,2026-04-12,1,112.73,Paid
O011236,C0576,P0021,2026-04-12,2,235.56,Paid
O011237,C0671,P0019,2026-04-12,3,238.77,Paid
O011238,C0205,P0031,2026-04-12,2,59.7,Paid
O011239,C0384,P0028,2026-04-12,3,68.16,Organic
O011240,C0408,P0029,2026-04-12,3,68.67,Paid
O011241,C0629,P0025,2026-04-12,1,46.06,Paid
O011242,C0719,P0039,2026-04-12,3,56.34,Paid
O011243,C0436,P0033,2026-04-12,2,167.96,Paid
O011244,C0436,P0039,2026-04-12,3,56.34,Organic
O011245,C0658,P0001,2026-04-12,1,313.86,Paid
O011246,C0324,P0014,2026-04-12,3,184.29,Referral
O011247,C0778,P0015,2026-04-12,2,104.6,Paid
O011248,C0611,P0011,2026-04-12,1,43.82,Paid
O011249,C0084,P0014,2026-04-12,1,61.43,Paid
O011250,C0102,P0023,2026-04-12,1,125.46,Paid
O011251,C0352,P0021,2026-04-12,1,117.78,Paid
O011252,C0636,P0019,2026-04-12,3,238.77,Organic
O011253,C0799,P0020,2026-04-12,1,112.73,Paid
O011254,C0624,P0021,2026-04-12,2,235.56,Organic
O011255,C0456,P0030,2026-04-12,1,16.01,Paid
O011256,C0636,P0026,2026-04-12,1,17.86,Paid
O011257,C0022,P0025,2026-04-12,3,138.18,Paid
O011258,C0501,P0001,2026-04-12,3,941.58,Email
O011259,C0676,P0002,2026-04-12,1,224.66,Paid
O011260,C0493,P0004,2026-04-12,2,235.4,Paid
O011261,C0247,P0016,2026-04-12,3,89.46,Organic
O011262,C0286,P0009,2026-04-12,1,48.65,Email
O011263,C0134,P0012,2026-04-12,3,119.79,Paid
O011264,C0717,P0022,2026-04-12,1,130.38,Organic
O011265,C0515,P0018,2026-04-12,1,86.71,Paid
O011266,C0688,P0021,2026-04-12,2,235.56,Paid
O011267,C0609,P0021,2026-04-12,2,235.56,Paid
O011268,C0555,P0018,2026-04-12,3,260.13,Paid
O011269,C0069,P0029,2026-04-12,3,68.67,Paid
O011270,C0245,P0026,2026-04-12,1,17.86,Organic
O011271,C0520,P0032,2026-04-12,2,21.98,Email
O011272,C0757,P0028,2026-04-12,3,68.16,Paid
O011273,C0147,P0037,2026-04-12,1,82.31,Paid
O011274,C0707,P0038,2026-04-12,2,206.04,Organic
O011275,C0574,P0036,2026-04-12,1,28.53,Email
O011276,C0618,P0019,2026-04-13,3,238.77,Paid
O011277,C0657,P0021,2026-04-13,2,235.56,Paid
O011278,C0618,P0027,2026-04-13,2,89.92,Organic
O011279,C0418,P0028,2026-04-13,3,68.16,Paid
O011280,C0311,P0029,2026-04-13,1,22.89,Paid
O011281,C0213,P0030,2026-04-13,1,16.01,Paid
O011282,C0127,P0033,2026-04-13,1,83.98,Paid
O011283,C0107,P0039,2026-04-13,2,37.56,Paid
O011284,C0651,P0002,2026-04-13,2,449.32,Organic
O011285,C0033,P0007,2026-04-13,2,123.96,Referral
O011286,C0566,P0016,2026-04-13,2,59.64,Organic
O011287,C0214,P0024,2026-04-13,2,213.94,Paid
O011288,C0298,P0019,2026-04-13,2,159.18,Paid
O011289,C0692,P0032,2026-04-13,1,10.99,Paid
O011290,C0681,P0037,2026-04-13,3,246.93,Paid
O011291,C0359,P0035,2026-04-13,3,289.29,Paid
O011292,C0242,P0038,2026-04-13,3,309.06,Paid
O011293,C0613,P0004,2026-04-13,2,235.4,Paid
O011294,C0391,P0005,2026-04-13,2,353.1,Paid
O011295,C0638,P0002,2026-04-13,3,673.98,Referral
O011296,C0119,P0014,2026-04-13,2,122.86,Paid
O011297,C0044,P0016,2026-04-13,3,89.46,Paid
O011298,C0611,P0018,2026-04-13,2,173.42,Paid
O011299,C0713,P0024,2026-04-13,1,106.97,Referral
O011300,C0145,P0018,2026-04-13,2,173.42,Referral
O011301,C0075,P0023,2026-04-13,2,250.92,Organic
O011302,C0517,P0032,2026-04-13,1,10.99,Paid
O011303,C0077,P0030,2026-04-13,1,16.01,Paid
O011304,C0623,P0026,2026-04-13,1,17.86,Paid
O011305,C0686,P0015,2026-04-13,1,52.3,Paid
O011306,C0626,P0022,2026-04-13,3,391.14,Paid
O011307,C0725,P0018,2026-04-13,2,173.42,Organic
O011308,C0117,P0022,2026-04-13,3,391.14,Paid
O011309,C0498,P0032,2026-04-13,1,10.99,Paid
O011310,C0498,P0029,2026-04-13,1,22.89,Referral
O011311,C0312,P0025,2026-04-13,1,46.06,Organic
O011312,C0406,P0033,2026-04-13,2,167.96,Referral
O011313,C0569,P0004,2026-04-14,1,117.7,Paid
O011314,C0361,P0014,2026-04-14,2,122.86,Paid
O011315,C0731,P0016,2026-04-14,3,89.46,Paid
O011316,C0178,P0023,2026-04-14,3,376.38,Paid
O011317,C0099,P0032,2026-04-14,1,10.99,Paid
O011318,C0482,P0032,2026-04-14,3,32.97,Organic
O011319,C0107,P0026,2026-04-14,2,35.72,Paid
O011320,C0173,P0029,2026-04-14,2,45.78,Paid
O011321,C0621,P0032,2026-04-14,3,32.97,Paid
O011322,C0213,P0028,2026-04-14,3,68.16,Paid
O011323,C0460,P0039,2026-04-14,3,56.34,Paid
O011324,C0768,P0035,2026-04-14,1,96.43,Email
O011325,C0553,P0006,2026-04-14,2,318.4,Organic
O011326,C0739,P0022,2026-04-14,1,130.38,Paid
O011327,C0135,P0024,2026-04-14,3,320.91,Organic
O011328,C0590,P0026,2026-04-14,2,35.72,Email
O011329,C0640,P0040,2026-04-14,2,70.6,Paid
O011330,C0523,P0002,2026-04-14,2,449.32,Paid
O011331,C0718,P0006,2026-04-14,2,318.4,Paid
O011332,C0535,P0009,2026-04-14,3,145.95,Paid
O011333,C0663,P0018,2026-04-14,3,260.13,Paid
O011334,C0204,P0029,2026-04-14,1,22.89,Paid
O011335,C0660,P0031,2026-04-14,2,59.7,Paid
O011336,C0497,P0035,2026-04-14,3,289.29,Paid
O011337,C0042,P0033,2026-04-14,3,251.94,Paid
O011338,C0465,P0003,2026-04-14,2,195.94,Paid
O011339,C0245,P0003,2026-04-14,2,195.94,Organic
O011340,C0002,P0005,2026-04-14,2,353.1,Paid
O011341,C0707,P0005,2026-04-14,2,353.1,Paid
O011342,C0487,P0008,2026-04-14,3,558.9,Paid
O011343,C0169,P0011,2026-04-14,1,43.82,Organic
O011344,C0187,P0014,2026-04-14,3,184.29,Organic
O011345,C0169,P0012,2026-04-14,1,39.93,Paid
O011346,C0717,P0020,2026-04-14,3,338.19,Paid
O011347,C0404,P0018,2026-04-14,1,86.71,Paid
O011348,C0396,P0017,2026-04-14,3,370.14,Paid
O011349,C0757,P0019,2026-04-14,2,159.18,Paid
O011350,C0043,P0028,2026-04-14,2,45.44,Email
O011351,C0093,P0028,2026-04-14,1,22.72,Organic
O011352,C0385,P0035,2026-04-14,2,192.86,Organic
O011353,C0688,P0033,2026-04-14,2,167.96,Paid
O011354,C0306,P0033,2026-04-14,3,251.94,Email
O011355,C0797,P0004,2026-04-15,2,235.4,Paid
O011356,C0575,P0009,2026-04-15,1,48.65,Paid
O011357,C0392,P0011,2026-04-15,1,43.82,Email
O011358,C0508,P0013,2026-04-15,3,129.78,Paid
O011359,C0621,P0015,2026-04-15,1,52.3,Paid
O011360,C0473,P0022,2026-04-15,3,391.14,Paid
O011361,C0259,P0017,2026-04-15,3,370.14,Paid
O011362,C0074,P0023,2026-04-15,2,250.92,Paid
O011363,C0264,P0023,2026-04-15,2,250.92,Paid
O011364,C0788,P0028,2026-04-15,2,45.44,Paid
O011365,C0050,P0030,2026-04-15,2,32.02,Organic
O011366,C0398,P0033,2026-04-15,3,251.94,Paid
O011367,C0683,P0008,2026-04-15,3,558.9,Organic
O011368,C0170,P0004,2026-04-15,3,353.1,Paid
O011369,C0382,P0005,2026-04-15,1,176.55,Paid
O011370,C0181,P0004,2026-04-15,1,117.7,Paid
O011371,C0415,P0005,2026-04-15,3,529.65,Paid
O011372,C0780,P0018,2026-04-15,3,260.13,Organic
O011373,C0491,P0021,2026-04-15,3,353.34,Paid
O011374,C0786,P0022,2026-04-15,2,260.76,Organic
O011375,C0298,P0032,2026-04-15,1,10.99,Paid
O011376,C0739,P0034,2026-04-15,2,187.1,Paid
O011377,C0285,P0040,2026-04-15,3,105.9,Paid
O011378,C0537,P0039,2026-04-15,1,18.78,Paid
O011379,C0360,P0004,2026-04-15,3,353.1,Paid
O011380,C0778,P0006,2026-04-15,2,318.4,Paid
O011381,C0646,P0011,2026-04-15,2,87.64,Paid
O011382,C0015,P0018,2026-04-15,2,173.42,Organic
O011383,C0023,P0028,2026-04-15,3,68.16,Referral
O011384,C0071,P0029,2026-04-15,1,22.89,Paid
O011385,C0357,P0032,2026-04-15,2,21.98,Organic
O011386,C0130,P0030,2026-04-15,1,16.01,Organic
O011387,C0577,P0026,2026-04-15,1,17.86,Organic
O011388,C0230,P0031,2026-04-15,3,89.55,Paid
O011389,C0778,P0036,2026-04-15,3,85.59,Email
O011390,C0042,P0033,2026-04-15,2,167.96,Paid
O011391,C0078,P0033,2026-04-15,2,167.96,Organic
O011392,C0493,P0005,2026-04-15,2,353.1,Paid
O011393,C0562,P0002,2026-04-15,2,449.32,Organic
O011394,C0603,P0011,2026-04-15,3,131.46,Email
O011395,C0717,P0009,2026-04-15,1,48.65,Paid
O011396,C0168,P0013,2026-04-15,3,129.78,Paid
O011397,C0717,P0017,2026-04-15,3,370.14,Email
O011398,C0676,P0019,2026-04-15,1,79.59,Organic
O011399,C0645,P0017,2026-04-15,3,370.14,Paid
O011400,C0125,P0017,2026-04-15,1,123.38,Organic
O011401,C0117,P0018,2026-04-15,3,260.13,Paid
O011402,C0030,P0029,2026-04-15,2,45.78,Paid
O011403,C0712,P0037,2026-04-15,2,164.62,Paid
O011404,C0676,P0036,2026-04-15,3,85.59,Paid
O011405,C0593,P0038,2026-04-15,1,103.02,Paid
O011406,C0500,P0038,2026-04-15,1,103.02,Paid
O011407,C0247,P0040,2026-04-15,3,105.9,Paid
O011408,C0027,P0004,2026-04-16,2,235.4,Paid
O011409,C0332,P0008,2026-04-16,1,186.3,Paid
O011410,C0365,P0002,2026-04-16,1,224.66,Email
O011411,C0203,P0032,2026-04-16,3,32.97,Paid
O011412,C0257,P0028,2026-04-16,3,68.16,Paid
O011413,C0173,P0026,2026-04-16,1,17.86,Paid
O011414,C0098,P0038,2026-04-16,1,103.02,Email
O011415,C0503,P0039,2026-04-16,3,56.34,Paid
O011416,C0284,P0036,2026-04-16,3,85.59,Paid
O011417,C0133,P0039,2026-04-16,2,37.56,Email
O011418,C0317,P0034,2026-04-16,2,187.1,Paid
O011419,C0737,P0001,2026-04-16,3,941.58,Paid
O011420,C0408,P0010,2026-04-16,1,36.53,Referral
O011421,C0076,P0009,2026-04-16,1,48.65,Paid
O011422,C0158,P0016,2026-04-16,3,89.46,Paid
O011423,C0028,P0022,2026-04-16,3,391.14,Paid
O011424,C0612,P0023,2026-04-16,1,125.46,Paid
O011425,C0358,P0021,2026-04-16,3,353.34,Organic
O011426,C0533,P0019,2026-04-16,2,159.18,Paid
O011427,C0671,P0032,2026-04-16,1,10.99,Paid
O011428,C0171,P0029,2026-04-16,1,22.89,Paid
O011429,C0671,P0032,2026-04-16,1,10.99,Paid
O011430,C0746,P0035,2026-04-16,3,289.29,Organic
O011431,C0410,P0034,2026-04-16,1,93.55,Paid
O011432,C0488,P0040,2026-04-16,3,105.9,Referral
O011433,C0726,P0037,2026-04-16,1,82.31,Paid
O011434,C0579,P0024,2026-04-16,3,320.91,Organic
O011435,C0755,P0021,2026-04-16,3,353.34,Paid
O011436,C0607,P0029,2026-04-16,2,45.78,Paid
O011437,C0221,P0034,2026-04-16,2,187.1,Paid
O011438,C0102,P0037,2026-04-16,3,246.93,Referral
O011439,C0393,P0035,2026-04-16,1,96.43,Paid
O011440,C0527,P0036,2026-04-16,3,85.59,Paid
O011441,C0716,P0007,2026-04-16,2,123.96,Organic
O011442,C0185,P0005,2026-04-16,1,176.55,Paid
O011443,C0163,P0001,2026-04-16,2,627.72,Paid
O011444,C0426,P0005,2026-04-16,1,176.55,Paid
O011445,C0286,P0010,2026-04-16,3,109.59,Paid
O011446,C0645,P0013,2026-04-16,2,86.52,Email
O011447,C0258,P0010,2026-04-16,3,109.59,Paid
O011448,C0403,P0011,2026-04-16,2,87.64,Organic
O011449,C0312,P0022,2026-04-16,2,260.76,Paid
O011450,C0401,P0020,2026-04-16,2,225.46,Organic
O011451,C0062,P0021,2026-04-16,2,235.56,Paid
O011452,C0218,P0019,2026-04-16,1,79.59,Paid
O011453,C0469,P0019,2026-04-16,2,159.18,Organic
O011454,C0729,P0017,2026-04-16,3,370.14,Paid
O011455,C0633,P0027,2026-04-16,2,89.92,Paid
O011456,C0340,P0030,2026-04-16,2,32.02,Paid
O011457,C0581,P0029,2026-04-16,1,22.89,Paid
O011458,C0634,P0027,2026-04-16,3,134.88,Paid
O011459,C0729,P0028,2026-04-16,3,68.16,Paid
O011460,C0791,P0036,2026-04-16,1,28.53,Paid
O011461,C0125,P0033,2026-04-16,2,167.96,Paid
O011462,C0163,P0036,2026-04-16,2,57.06,Paid
O011463,C0487,P0036,2026-04-16,3,85.59,Referral
O011464,C0168,P0035,2026-04-16,3,289.29,Paid
O011465,C0129,P0003,2026-04-17,1,97.97,Organic
O011466,C0434,P0007,2026-04-17,2,123.96,Paid
O011467,C0573,P0014,2026-04-17,2,122.86,Paid
O011468,C0325,P0018,2026-04-17,2,173.42,Email
O011469,C0024,P0029,2026-04-17,3,68.67,Paid
O011470,C0734,P0032,2026-04-17,3,32.97,Paid
O011471,C0741,P0032,2026-04-17,1,10.99,Organic
O011472,C0361,P0029,2026-04-17,3,68.67,Paid
O011473,C0049,P0027,2026-04-17,2,89.92,Paid
O011474,C0328,P0004,2026-04-17,3,353.1,Paid
O011475,C0629,P0005,2026-04-17,3,529.65,Paid
O011476,C0604,P0013,2026-04-17,3,129.78,Referral
O011477,C0552,P0023,2026-04-17,3,376.38,Email
O011478,C0651,P0024,2026-04-17,3,320.91,Paid
O011479,C0240,P0017,2026-04-17,1,123.38,Organic
O011480,C0026,P0025,2026-04-17,2,92.12,Paid
O011481,C0076,P0026,2026-04-17,3,53.58,Email
O011482,C0447,P0032,2026-04-17,3,32.97,Organic
O011483,C0516,P0020,2026-04-17,1,112.73,Paid
O011484,C0042,P0026,2026-04-17,1,17.86,Paid
O011485,C0580,P0035,2026-04-17,3,289.29,Paid
O011486,C0185,P0004,2026-04-17,2,235.4,Paid
O011487,C0385,P0021,2026-04-17,3,353.34,Paid
O011488,C0452,P0020,2026-04-17,2,225.46,Paid
O011489,C0373,P0018,2026-04-17,3,260.13,Paid
O011490,C0722,P0025,2026-04-17,2,92.12,Paid
O011491,C0603,P0028,2026-04-17,3,68.16,Referral
O011492,C0340,P0035,2026-04-17,1,96.43,Organic
O011493,C0550,P0037,2026-04-17,2,164.62,Paid
O011494,C0253,P0034,2026-04-17,1,93.55,Paid
O011495,C0473,P0003,2026-04-18,3,293.91,Paid
O011496,C0280,P0006,2026-04-18,2,318.4,Organic
O011497,C0173,P0013,2026-04-18,3,129.78,Organic
O011498,C0107,P0016,2026-04-18,3,89.46,Organic
O011499,C0094,P0022,2026-04-18,1,130.38,Paid
O011500,C0797,P0027,2026-04-18,3,134.88,Paid
O011501,C0074,P0026,2026-04-18,2,35.72,Paid
O011502,C0736,P0025,2026-04-18,3,138.18,Referral
O011503,C0177,P0027,2026-04-18,2,89.92,Paid
O011504,C0586,P0038,2026-04-18,2,206.04,Organic
O011505,C0007,P0003,2026-04-18,3,293.91,Organic
O011506,C0358,P0004,2026-04-18,1,117.7,Paid
O011507,C0275,P0001,2026-04-18,3,941.58,Organic
O011508,C0085,P0004,2026-04-18,1,117.7,Paid
O011509,C0060,P0004,2026-04-18,1,117.7,Email
O011510,C0484,P0008,2026-04-18,2,372.6,Referral
O011511,C0766,P0014,2026-04-18,3,184.29,Paid
O011512,C0338,P0011,2026-04-18,3,131.46,Paid
O011513,C0667,P0015,2026-04-18,2,104.6,Paid
O011514,C0748,P0012,2026-04-18,3,119.79,Paid
O011515,C0261,P0016,2026-04-18,3,89.46,Organic
O011516,C0793,P0022,2026-04-18,3,391.14,Paid
O011517,C0181,P0020,2026-04-18,2,225.46,Paid
O011518,C0639,P0018,2026-04-18,1,86.71,Paid
O011519,C0358,P0029,2026-04-18,2,45.78,Paid
O011520,C0328,P0027,2026-04-18,1,44.96,Paid
O011521,C0003,P0035,2026-04-18,1,96.43,Paid
O011522,C0647,P0008,2026-04-18,3,558.9,Email
O011523,C0565,P0001,2026-04-18,2,627.72,Paid
O011524,C0008,P0001,2026-04-18,2,627.72,Paid
O011525,C0206,P0015,2026-04-18,2,104.6,Paid
O011526,C0077,P0016,2026-04-18,2,59.64,Email
O011527,C0391,P0019,2026-04-18,3,238.77,Paid
O011528,C0239,P0018,2026-04-18,2,173.42,Paid
O011529,C0517,P0032,2026-04-18,3,32.97,Paid
O011530,C0571,P0025,2026-04-18,2,92.12,Email
O011531,C0531,P0040,2026-04-18,2,70.6,Organic
O011532,C0515,P0006,2026-04-18,2,318.4,Paid
O011533,C0068,P0005,2026-04-18,1,176.55,Paid
O011534,C0092,P0006,2026-04-18,3,477.6,Paid
O011535,C0373,P0001,2026-04-18,3,941.58,Paid
O011536,C0020,P0002,2026-04-18,3,673.98,Email
O011537,C0791,P0010,2026-04-18,1,36.53,Email
O011538,C0441,P0018,2026-04-18,1,86.71,Paid
O011539,C0224,P0023,2026-04-18,1,125.46,Paid
O011540,C0069,P0021,2026-04-18,2,235.56,Paid
O011541,C0009,P0020,2026-04-18,2,225.46,Paid
O011542,C0716,P0028,2026-04-18,2,45.44,Paid
O011543,C0117,P0031,2026-04-18,1,29.85,Paid
O011544,C0134,P0031,2026-04-18,3,89.55,Paid
O011545,C0069,P0027,2026-04-18,3,134.88,Paid
O011546,C0174,P0028,2026-04-18,1,22.72,Email
O011547,C0676,P0033,2026-04-18,3,251.94,Paid
O011548,C0233,P0034,2026-04-18,2,187.1,Paid
O011549,C0269,P0006,2026-04-19,3,477.6,Paid
O011550,C0418,P0016,2026-04-19,1,29.82,Referral
O011551,C0107,P0012,2026-04-19,3,119.79,Paid
O011552,C0325,P0009,2026-04-19,2,97.3,Paid
O011553,C0395,P0024,2026-04-19,1,106.97,Organic
O011554,C0133,P0019,2026-04-19,2,159.18,Paid
O011555,C0618,P0040,2026-04-19,1,35.3,Paid
O011556,C0013,P0040,2026-04-19,1,35.3,Paid
O011557,C0484,P0007,2026-04-19,2,123.96,Paid
O011558,C0699,P0002,2026-04-19,2,449.32,Paid
O011559,C0347,P0004,2026-04-19,2,235.4,Paid
O011560,C0537,P0016,2026-04-19,2,59.64,Paid
O011561,C0635,P0023,2026-04-19,2,250.92,Organic
O011562,C0552,P0017,2026-04-19,1,123.38,Email
O011563,C0784,P0025,2026-04-19,3,138.18,Paid
O011564,C0595,P0030,2026-04-19,3,48.03,Email
O011565,C0651,P0025,2026-04-19,1,46.06,Email
O011566,C0463,P0030,2026-04-19,2,32.02,Paid
O011567,C0785,P0028,2026-04-19,3,68.16,Paid
O011568,C0231,P0035,2026-04-19,3,289.29,Paid
O011569,C0347,P0037,2026-04-19,1,82.31,Paid
O011570,C0796,P0035,2026-04-19,1,96.43,Paid
O011571,C0048,P0035,2026-04-19,1,96.43,Email
O011572,C0210,P0004,2026-04-19,2,235.4,Paid
O011573,C0084,P0001,2026-04-19,2,627.72,Organic
O011574,C0611,P0008,2026-04-19,3,558.9,Paid
O011575,C0431,P0018,2026-04-19,1,86.71,Paid
O011576,C0153,P0024,2026-04-19,2,213.94,Paid
O011577,C0239,P0026,2026-04-19,3,53.58,Paid
O011578,C0661,P0025,2026-04-19,3,138.18,Organic
O011579,C0799,P0035,2026-04-19,2,192.86,Paid
O011580,C0637,P0039,2026-04-19,1,18.78,Paid
O011581,C0450,P0037,2026-04-19,3,246.93,Referral
O011582,C0755,P0038,2026-04-19,2,206.04,Referral
O011583,C0009,P0004,2026-04-19,1,117.7,Paid
O011584,C0271,P0002,2026-04-19,1,224.66,Paid
O011585,C0499,P0016,2026-04-19,2,59.64,Paid
O011586,C0104,P0012,2026-04-19,1,39.93,Paid
O011587,C0492,P0016,2026-04-19,1,29.82,Paid
O011588,C0318,P0009,2026-04-19,2,97.3,Paid
O011589,C0551,P0018,2026-04-19,2,173.42,Paid
O011590,C0568,P0022,2026-04-19,1,130.38,Paid
O011591,C0252,P0024,2026-04-19,2,213.94,Paid
O011592,C0002,P0023,2026-04-19,1,125.46,Paid
O011593,C0626,P0026,2026-04-19,3,53.58,Organic
O011594,C0606,P0030,2026-04-19,1,16.01,Paid
O011595,C0373,P0027,2026-04-19,2,89.92,Paid
O011596,C0717,P0030,2026-04-19,1,16.01,Paid
O011597,C0686,P0028,2026-04-19,3,68.16,Paid
O011598,C0159,P0034,2026-04-19,3,280.65,Paid
O011599,C0493,P0038,2026-04-19,1,103.02,Paid
O011600,C0544,P0012,2026-04-20,2,79.86,Paid
O011601,C0255,P0012,2026-04-20,2,79.86,Paid
O011602,C0176,P0011,2026-04-20,3,131.46,Paid
O011603,C0600,P0016,2026-04-20,2,59.64,Paid
O011604,C0013,P0026,2026-04-20,2,35.72,Paid
O011605,C0064,P0026,2026-04-20,3,53.58,Organic
O011606,C0292,P0038,2026-04-20,2,206.04,Paid
O011607,C0395,P0037,2026-04-20,3,246.93,Organic
O011608,C0414,P0038,2026-04-20,2,206.04,Paid
O011609,C0437,P0036,2026-04-20,2,57.06,Paid
O011610,C0533,P0004,2026-04-20,3,353.1,Paid
O011611,C0298,P0008,2026-04-20,2,372.6,Paid
O011612,C0780,P0008,2026-04-20,3,558.9,Paid
O011613,C0656,P0003,2026-04-20,1,97.97,Email
O011614,C0612,P0015,2026-04-20,2,104.6,Paid
O011615,C0388,P0018,2026-04-20,1,86.71,Organic
O011616,C0644,P0024,2026-04-20,3,320.91,Paid
O011617,C0128,P0021,2026-04-20,3,353.34,Paid
O011618,C0026,P0023,2026-04-20,3,376.38,Email
O011619,C0076,P0033,2026-04-20,1,83.98,Referral
O011620,C0607,P0008,2026-04-20,3,558.9,Organic
O011621,C0637,P0002,2026-04-20,3,673.98,Paid
O011622,C0450,P0001,2026-04-20,3,941.58,Email
O011623,C0577,P0010,2026-04-20,3,109.59,Paid
O011624,C0630,P0016,2026-04-20,3,89.46,Organic
O011625,C0391,P0024,2026-04-20,1,106.97,Referral
O011626,C0352,P0019,2026-04-20,3,238.77,Organic
O011627,C0478,P0027,2026-04-20,1,44.96,Paid
O011628,C0295,P0031,2026-04-20,3,89.55,Referral
O011629,C0015,P0034,2026-04-20,1,93.55,Paid
O011630,C0400,P0040,2026-04-20,1,35.3,Paid
O011631,C0615,P0003,2026-04-20,3,293.91,Organic
O011632,C0790,P0008,2026-04-20,2,372.6,Paid
O011633,C0009,P0004,2026-04-20,1,117.7,Paid
O011634,C0525,P0006,2026-04-20,1,159.2,Paid
O011635,C0707,P0006,2026-04-20,2,318.4,Paid
O011636,C0301,P0014,2026-04-20,3,184.29,Email
O011637,C0550,P0010,2026-04-20,3,109.59,Paid
O011638,C0525,P0010,2026-04-20,1,36.53,Email
O011639,C0234,P0015,2026-04-20,2,104.6,Paid
O011640,C0247,P0012,2026-04-20,2,79.86,Paid
O011641,C0100,P0022,2026-04-20,3,391.14,Paid
O011642,C0555,P0039,2026-04-20,3,56.34,Paid
O011643,C0069,P0035,2026-04-20,3,289.29,Organic
O011644,C0455,P0002,2026-04-21,3,673.98,Paid
O011645,C0123,P0003,2026-04-21,2,195.94,Paid
O011646,C0175,P0002,2026-04-21,2,449.32,Paid
O011647,C0146,P0015,2026-04-21,2,104.6,Paid
O011648,C0543,P0013,2026-04-21,3,129.78,Paid
O011649,C0589,P0009,2026-04-21,1,48.65,Paid
O011650,C0139,P0017,2026-04-21,1,123.38,Paid
O011651,C0473,P0035,2026-04-21,3,289.29,Paid
O011652,C0594,P0040,2026-04-21,1,35.3,Organic
O011653,C0539,P0004,2026-04-21,2,235.4,Paid
O011654,C0685,P0002,2026-04-21,2,449.32,Paid
O011655,C0250,P0001,2026-04-21,2,627.72,Paid
O011656,C0338,P0009,2026-04-21,3,145.95,Paid
O011657,C0533,P0019,2026-04-21,3,238.77,Paid
O011658,C0612,P0032,2026-04-21,2,21.98,Email
O011659,C0276,P0026,2026-04-21,3,53.58,Organic
O011660,C0371,P0034,2026-04-21,1,93.55,Paid
O011661,C0663,P0006,2026-04-21,1,159.2,Email
O011662,C0704,P0016,2026-04-21,3,89.46,Paid
O011663,C0288,P0013,2026-04-21,1,43.26,Paid
O011664,C0075,P0028,2026-04-21,1,22.72,Paid
O011665,C0023,P0029,2026-04-21,1,22.89,Paid
O011666,C0350,P0039,2026-04-21,1,18.78,Paid
O011667,C0295,P0038,2026-04-21,2,206.04,Organic
O011668,C0649,P0038,2026-04-21,3,309.06,Paid
O011669,C0467,P0008,2026-04-21,1,186.3,Email
O011670,C0174,P0003,2026-04-21,1,97.97,Paid
O011671,C0412,P0008,2026-04-21,1,186.3,Paid
O011672,C0237,P0004,2026-04-21,3,353.1,Referral
O011673,C0702,P0008,2026-04-21,3,558.9,Paid
O011674,C0407,P0006,2026-04-21,2,318.4,Paid
O011675,C0349,P0004,2026-04-21,1,117.7,Paid
O011676,C0740,P0011,2026-04-21,3,131.46,Paid
O011677,C0294,P0015,2026-04-21,2,104.6,Referral
O011678,C0745,P0015,2026-04-21,2,104.6,Email
O011679,C0169,P0016,2026-04-21,3,89.46,Paid
O011680,C0597,P0011,2026-04-21,1,43.82,Paid
O011681,C0725,P0012,2026-04-21,3,119.79,Paid
O011682,C0542,P0012,2026-04-21,2,79.86,Email
O011683,C0603,P0021,2026-04-21,3,353.34,Organic
O011684,C0563,P0022,2026-04-21,1,130.38,Paid
O011685,C0403,P0021,2026-04-21,1,117.78,Paid
O011686,C0194,P0032,2026-04-21,3,32.97,Paid
O011687,C0452,P0028,2026-04-21,1,22.72,Email
O011688,C0581,P0028,2026-04-21,2,45.44,Email
O011689,C0305,P0026,2026-04-21,3,53.58,Organic
O011690,C0273,P0027,2026-04-21,2,89.92,Paid
O011691,C0404,P0034,2026-04-21,3,280.65,Paid
O011692,C0723,P0007,2026-04-22,1,61.98,Paid
O011693,C0518,P0008,2026-04-22,3,558.9,Paid
O011694,C0684,P0018,2026-04-22,3,260.13,Paid
O011695,C0589,P0018,2026-04-22,3,260.13,Paid
O011696,C0723,P0026,2026-04-22,3,53.58,Paid
O011697,C0107,P0025,2026-04-22,3,138.18,Paid
O011698,C0058,P0039,2026-04-22,3,56.34,Organic
O011699,C0050,P0038,2026-04-22,3,309.06,Email
O011700,C0146,P0038,2026-04-22,2,206.04,Paid
O011701,C0190,P0001,2026-04-22,2,627.72,Paid
O011702,C0578,P0015,2026-04-22,3,156.9,Paid
O011703,C0243,P0014,2026-04-22,3,184.29,Email
O011704,C0323,P0023,2026-04-22,2,250.92,Paid
O011705,C0592,P0023,2026-04-22,3,376.38,Paid
O011706,C0095,P0032,2026-04-22,2,21.98,Paid
O011707,C0162,P0003,2026-04-22,3,293.91,Paid
O011708,C0084,P0002,2026-04-22,2,449.32,Organic
O011709,C0607,P0013,2026-04-22,2,86.52,Email
O011710,C0770,P0009,2026-04-22,1,48.65,Paid
O011711,C0695,P0014,2026-04-22,2,122.86,Referral
O011712,C0765,P0018,2026-04-22,3,260.13,Paid
O011713,C0010,P0020,2026-04-22,2,225.46,Paid
O011714,C0431,P0024,2026-04-22,3,320.91,Paid
O011715,C0799,P0026,2026-04-22,3,53.58,Paid
O011716,C0295,P0025,2026-04-22,3,138.18,Paid
O011717,C0351,P0026,2026-04-22,1,17.86,Paid
O011718,C0215,P0029,2026-04-22,2,45.78,Paid
O011719,C0063,P0040,2026-04-22,3,105.9,Paid
O011720,C0295,P0034,2026-04-22,2,187.1,Paid
O011721,C0558,P0033,2026-04-22,1,83.98,Paid
O011722,C0364,P0007,2026-04-22,1,61.98,Organic
O011723,C0686,P0004,2026-04-22,1,117.7,Paid
O011724,C0501,P0016,2026-04-22,1,29.82,Organic
O011725,C0581,P0026,2026-04-22,3,53.58,Email
O011726,C0020,P0032,2026-04-22,3,32.97,Organic
O011727,C0749,P0015,2026-04-23,1,52.3,Paid
O011728,C0714,P0014,2026-04-23,3,184.29,Paid
O011729,C0586,P0011,2026-04-23,1,43.82,Paid
O011730,C0483,P0022,2026-04-23,1,130.38,Paid
O011731,C0186,P0022,2026-04-23,1,130.38,Paid
O011732,C0366,P0020,2026-04-23,2,225.46,Email
O011733,C0363,P0032,2026-04-23,2,21.98,Email
O011734,C0264,P0030,2026-04-23,2,32.02,Organic
O011735,C0127,P0034,2026-04-23,2,187.1,Referral
O011736,C0408,P0008,2026-04-23,3,558.9,Email
O011737,C0408,P0008,2026-04-23,3,558.9,Paid
O011738,C0784,P0001,2026-04-23,2,627.72,Paid
O011739,C0616,P0016,2026-04-23,2,59.64,Paid
O011740,C0371,P0016,2026-04-23,3,89.46,Email
O011741,C0144,P0017,2026-04-23,1,123.38,Paid
O011742,C0358,P0020,2026-04-23,1,112.73,Email
O011743,C0382,P0024,2026-04-23,2,213.94,Paid
O011744,C0388,P0027,2026-04-23,3,134.88,Paid
O011745,C0240,P0030,2026-04-23,2,32.02,Organic
O011746,C0638,P0004,2026-04-23,2,235.4,Email
O011747,C0113,P0013,2026-04-23,1,43.26,Email
O011748,C0767,P0011,2026-04-23,1,43.82,Paid
O011749,C0229,P0016,2026-04-23,2,59.64,Paid
O011750,C0256,P0012,2026-04-23,3,119.79,Paid
O011751,C0439,P0019,2026-04-23,3,238.77,Organic
O011752,C0075,P0023,2026-04-23,3,376.38,Paid
O011753,C0324,P0020,2026-04-23,2,225.46,Organic
O011754,C0215,P0030,2026-04-23,2,32.02,Organic
O011755,C0425,P0029,2026-04-23,3,68.67,Paid
O011756,C0204,P0027,2026-04-23,1,44.96,Paid
O011757,C0682,P0030,2026-04-23,1,16.01,Paid
O011758,C0450,P0036,2026-04-23,2,57.06,Paid
O011759,C0227,P0008,2026-04-23,3,558.9,Referral
O011760,C0563,P0005,2026-04-23,1,176.55,Paid
O011761,C0233,P0002,2026-04-23,1,224.66,Paid
O011762,C0563,P0016,2026-04-23,2,59.64,Paid
O011763,C0615,P0020,2026-04-23,2,225.46,Paid
O011764,C0237,P0022,2026-04-23,2,260.76,Paid
O011765,C0568,P0018,2026-04-23,3,260.13,Organic
O011766,C0364,P0017,2026-04-23,2,246.76,Paid
O011767,C0247,P0019,2026-04-23,2,159.18,Paid
O011768,C0655,P0027,2026-04-23,2,89.92,Organic
O011769,C0542,P0030,2026-04-23,1,16.01,Paid
O011770,C0570,P0026,2026-04-23,1,17.86,Paid
O011771,C0404,P0035,2026-04-23,2,192.86,Paid
O011772,C0092,P0040,2026-04-23,1,35.3,Paid
O011773,C0123,P0005,2026-04-24,1,176.55,Paid
O011774,C0556,P0004,2026-04-24,2,235.4,Organic
O011775,C0657,P0005,2026-04-24,2,353.1,Paid
O011776,C0038,P0011,2026-04-24,1,43.82,Paid
O011777,C0269,P0011,2026-04-24,3,131.46,Paid
O011778,C0421,P0016,2026-04-24,1,29.82,Paid
O011779,C0418,P0017,2026-04-24,3,370.14,Paid
O011780,C0038,P0029,2026-04-24,2,45.78,Paid
O011781,C0365,P0031,2026-04-24,2,59.7,Paid
O011782,C0731,P0028,2026-04-24,2,45.44,Paid
O011783,C0726,P0001,2026-04-24,2,627.72,Paid
O011784,C0474,P0008,2026-04-24,1,186.3,Email
O011785,C0796,P0007,2026-04-24,1,61.98,Paid
O011786,C0605,P0010,2026-04-24,2,73.06,Paid
O011787,C0052,P0020,2026-04-24,2,225.46,Organic
O011788,C0769,P0019,2026-04-24,1,79.59,Paid
O011789,C0746,P0021,2026-04-24,1,117.78,Paid
O011790,C0474,P0029,2026-04-24,3,68.67,Paid
O011791,C0198,P0028,2026-04-24,2,45.44,Paid
O011792,C0126,P0040,2026-04-24,1,35.3,Organic
O011793,C0613,P0005,2026-04-24,1,176.55,Paid
O011794,C0571,P0011,2026-04-24,3,131.46,Paid
O011795,C0400,P0014,2026-04-24,2,122.86,Email
O011796,C0324,P0012,2026-04-24,2,79.86,Paid
O011797,C0032,P0018,2026-04-24,2,173.42,Paid
O011798,C0767,P0020,2026-04-24,1,112.73,Paid
O011799,C0256,P0025,2026-04-24,3,138.18,Paid
O011800,C0650,P0026,2026-04-24,3,53.58,Paid
O011801,C0425,P0025,2026-04-24,2,92.12,Email
O011802,C0183,P0036,2026-04-24,1,28.53,Paid
O011803,C0570,P0001,2026-04-24,3,941.58,Paid
O011804,C0729,P0008,2026-04-24,3,558.9,Email
O011805,C0037,P0003,2026-04-24,2,195.94,Paid
O011806,C0560,P0001,2026-04-24,2,627.72,Paid
O011807,C0374,P0002,2026-04-24,2,449.32,Paid
O011808,C0532,P0004,2026-04-24,1,117.7,Paid
O011809,C0195,P0008,2026-04-24,2,372.6,Paid
O011810,C0053,P0010,2026-04-24,1,36.53,Paid
O011811,C0499,P0013,2026-04-24,3,129.78,Paid
O011812,C0020,P0023,2026-04-24,2,250.92,Paid
O011813,C0428,P0021,2026-04-24,3,353.34,Paid
O011814,C0185,P0023,2026-04-24,1,125.46,Paid
O011815,C0356,P0024,2026-04-24,3,320.91,Email
O011816,C0306,P0019,2026-04-24,2,159.18,Paid
O011817,C0294,P0025,2026-04-24,1,46.06,Email
O011818,C0686,P0027,2026-04-24,2,89.92,Paid
O011819,C0745,P0032,2026-04-24,2,21.98,Email
O011820,C0234,P0037,2026-04-24,2,164.62,Paid
O011821,C0150,P0034,2026-04-24,2,187.1,Paid
O011822,C0794,P0037,2026-04-24,3,246.93,Organic
O011823,C0245,P0036,2026-04-24,3,85.59,Paid
O011824,C0788,P0006,2026-04-25,2,318.4,Email
O011825,C0175,P0004,2026-04-25,3,353.1,Email
O011826,C0621,P0002,2026-04-25,2,449.32,Paid
O011827,C0549,P0006,2026-04-25,3,477.6,Paid
O011828,C0715,P0012,2026-04-25,1,39.93,Paid
O011829,C0081,P0011,2026-04-25,2,87.64,Paid
O011830,C0165,P0023,2026-04-25,2,250.92,Email
O011831,C0366,P0022,2026-04-25,3,391.14,Paid
O011832,C0621,P0026,2026-04-25,1,17.86,Paid
O011833,C0299,P0039,2026-04-25,3,56.34,Paid
O011834,C0098,P0037,2026-04-25,2,164.62,Paid
O011835,C0750,P0008,2026-04-25,1,186.3,Organic
O011836,C0198,P0008,2026-04-25,1,186.3,Paid
O011837,C0591,P0001,2026-04-25,2,627.72,Paid
O011838,C0711,P0001,2026-04-25,3,941.58,Paid
O011839,C0605,P0012,2026-04-25,2,79.86,Paid
O011840,C0681,P0016,2026-04-25,2,59.64,Paid
O011841,C0748,P0021,2026-04-25,2,235.56,Paid
O011842,C0358,P0024,2026-04-25,2,213.94,Paid
O011843,C0427,P0022,2026-04-25,1,130.38,Paid
O011844,C0086,P0021,2026-04-25,1,117.78,Paid
O011845,C0190,P0020,2026-04-25,1,112.73,Paid
O011846,C0747,P0021,2026-04-25,2,235.56,Paid
O011847,C0384,P0017,2026-04-25,3,370.14,Organic
O011848,C0510,P0032,2026-04-25,1,10.99,Paid
O011849,C0347,P0031,2026-04-25,1,29.85,Paid
O011850,C0048,P0031,2026-04-25,1,29.85,Paid
O011851,C0764,P0030,2026-04-25,1,16.01,Paid
O011852,C0612,P0037,2026-04-25,2,164.62,Paid
O011853,C0758,P0040,2026-04-25,2,70.6,Paid
O011854,C0128,P0038,2026-04-25,2,206.04,Paid
O011855,C0210,P0005,2026-04-25,3,529.65,Organic
O011856,C0663,P0007,2026-04-25,2,123.96,Paid
O011857,C0077,P0006,2026-04-25,3,477.6,Organic
O011858,C0232,P0008,2026-04-25,2,372.6,Email
O011859,C0496,P0004,2026-04-25,1,117.7,Paid
O011860,C0624,P0011,2026-04-25,3,131.46,Paid
O011861,C0300,P0016,2026-04-25,2,59.64,Paid
O011862,C0449,P0021,2026-04-25,1,117.78,Paid
O011863,C0431,P0024,2026-04-25,1,106.97,Paid
O011864,C0192,P0019,2026-04-25,3,238.77,Email
O011865,C0023,P0029,2026-04-25,1,22.89,Paid
O011866,C0572,P0028,2026-04-25,2,45.44,Paid
O011867,C0113,P0035,2026-04-25,3,289.29,Organic
O011868,C0238,P0033,2026-04-25,1,83.98,Paid
O011869,C0103,P0036,2026-04-25,3,85.59,Paid
O011870,C0238,P0040,2026-04-25,2,70.6,Paid
O011871,C0394,P0009,2026-04-25,1,48.65,Paid
O011872,C0501,P0015,2026-04-25,1,52.3,Paid
O011873,C0307,P0012,2026-04-25,3,119.79,Paid
O011874,C0168,P0018,2026-04-25,1,86.71,Email
O011875,C0487,P0018,2026-04-25,1,86.71,Paid
O011876,C0286,P0030,2026-04-25,1,16.01,Paid
O011877,C0020,P0037,2026-04-25,3,246.93,Email
O011878,C0798,P0040,2026-04-25,2,70.6,Paid
O011879,C0290,P0033,2026-04-25,1,83.98,Paid
O011880,C0398,P0005,2026-04-26,1,176.55,Paid
O011881,C0099,P0002,2026-04-26,3,673.98,Organic
O011882,C0058,P0013,2026-04-26,2,86.52,Paid
O011883,C0482,P0013,2026-04-26,1,43.26,Paid
O011884,C0024,P0022,2026-04-26,3,391.14,Organic
O011885,C0080,P0023,2026-04-26,1,125.46,Paid
O011886,C0398,P0021,2026-04-26,1,117.78,Referral
O011887,C0434,P0030,2026-04-26,3,48.03,Email
O011888,C0178,P0039,2026-04-26,1,18.78,Organic
O011889,C0761,P0037,2026-04-26,2,164.62,Paid
O011890,C0188,P0039,2026-04-26,2,37.56,Paid
O011891,C0048,P0008,2026-04-26,1,186.3,Paid
O011892,C0474,P0005,2026-04-26,3,529.65,Paid
O011893,C0274,P0015,2026-04-26,1,52.3,Paid
O011894,C0747,P0016,2026-04-26,2,59.64,Paid
O011895,C0447,P0019,2026-04-26,1,79.59,Paid
O011896,C0774,P0017,2026-04-26,2,246.76,Paid
O011897,C0659,P0023,2026-04-26,2,250.92,Paid
O011898,C0382,P0023,2026-04-26,2,250.92,Paid
O011899,C0330,P0019,2026-04-26,2,159.18,Organic
O011900,C0214,P0019,2026-04-26,2,159.18,Paid
O011901,C0694,P0021,2026-04-26,1,117.78,Organic
O011902,C0358,P0021,2026-04-26,1,117.78,Paid
O011903,C0095,P0027,2026-04-26,2,89.92,Paid
O011904,C0748,P0026,2026-04-26,3,53.58,Paid
O011905,C0047,P0026,2026-04-26,2,35.72,Organic
O011906,C0338,P0029,2026-04-26,1,22.89,Paid
O011907,C0198,P0027,2026-04-26,1,44.96,Paid
O011908,C0370,P0033,2026-04-26,1,83.98,Paid
O011909,C0137,P0037,2026-04-26,1,82.31,Email
O011910,C0302,P0040,2026-04-26,1,35.3,Paid
O011911,C0371,P0038,2026-04-26,2,206.04,Paid
O011912,C0232,P0008,2026-04-26,3,558.9,Paid
O011913,C0695,P0005,2026-04-26,2,353.1,Paid
O011914,C0230,P0002,2026-04-26,2,449.32,Paid
O011915,C0083,P0004,2026-04-26,1,117.7,Paid
O011916,C0063,P0012,2026-04-26,1,39.93,Referral
O011917,C0192,P0010,2026-04-26,3,109.59,Paid
O011918,C0517,P0019,2026-04-26,3,238.77,Paid
O011919,C0663,P0024,2026-04-26,2,213.94,Email
O011920,C0289,P0017,2026-04-26,2,246.76,Referral
O011921,C0720,P0017,2026-04-26,3,370.14,Email
O011922,C0145,P0032,2026-04-26,1,10.99,Paid
O011923,C0225,P0030,2026-04-26,1,16.01,Email
O011924,C0502,P0036,2026-04-26,1,28.53,Paid
O011925,C0571,P0037,2026-04-26,3,246.93,Paid
O011926,C0334,P0039,2026-04-26,2,37.56,Email
O011927,C0751,P0037,2026-04-26,2,164.62,Paid
O011928,C0316,P0040,2026-04-26,1,35.3,Paid
O011929,C0272,P0034,2026-04-26,1,93.55,Paid
O011930,C0258,P0008,2026-04-26,1,186.3,Paid
O011931,C0547,P0005,2026-04-26,2,353.1,Paid
O011932,C0787,P0014,2026-04-26,3,184.29,Paid
O011933,C0125,P0024,2026-04-26,1,106.97,Paid
O011934,C0367,P0020,2026-04-26,2,225.46,Paid
O011935,C0688,P0017,2026-04-26,1,123.38,Paid
O011936,C0665,P0019,2026-04-26,2,159.18,Paid
O011937,C0665,P0024,2026-04-26,2,213.94,Paid
O011938,C0467,P0031,2026-04-26,3,89.55,Paid
O011939,C0643,P0029,2026-04-26,2,45.78,Paid
O011940,C0688,P0025,2026-04-26,1,46.06,Organic
O011941,C0606,P0031,2026-04-26,3,89.55,Email
O011942,C0493,P0027,2026-04-26,1,44.96,Paid
O011943,C0707,P0034,2026-04-26,2,187.1,Email
O011944,C0628,P0035,2026-04-26,3,289.29,Paid
O011945,C0186,P0004,2026-04-27,1,117.7,Paid
O011946,C0299,P0002,2026-04-27,3,673.98,Paid
O011947,C0107,P0006,2026-04-27,2,318.4,Paid
O011948,C0155,P0015,2026-04-27,1,52.3,Email
O011949,C0332,P0013,2026-04-27,1,43.26,Referral
O011950,C0165,P0015,2026-04-27,3,156.9,Organic
O011951,C0011,P0010,2026-04-27,3,109.59,Paid
O011952,C0443,P0019,2026-04-27,3,238.77,Paid
O011953,C0714,P0020,2026-04-27,3,338.19,Organic
O011954,C0724,P0021,2026-04-27,3,353.34,Paid
O011955,C0303,P0031,2026-04-27,1,29.85,Email
O011956,C0411,P0026,2026-04-27,2,35.72,Paid
O011957,C0065,P0033,2026-04-27,1,83.98,Paid
O011958,C0188,P0039,2026-04-27,1,18.78,Paid
O011959,C0383,P0001,2026-04-27,2,627.72,Paid
O011960,C0254,P0006,2026-04-27,1,159.2,Paid
O011961,C0576,P0002,2026-04-27,3,673.98,Paid
O011962,C0719,P0006,2026-04-27,3,477.6,Paid
O011963,C0719,P0016,2026-04-27,1,29.82,Paid
O011964,C0330,P0010,2026-04-27,3,109.59,Paid
O011965,C0578,P0012,2026-04-27,3,119.79,Paid
O011966,C0335,P0013,2026-04-27,3,129.78,Email
O011967,C0033,P0017,2026-04-27,3,370.14,Referral
O011968,C0415,P0018,2026-04-27,1,86.71,Paid
O011969,C0158,P0032,2026-04-27,1,10.99,Organic
O011970,C0656,P0025,2026-04-27,1,46.06,Paid
O011971,C0126,P0028,2026-04-27,1,22.72,Paid
O011972,C0335,P0035,2026-04-27,1,96.43,Organic
O011973,C0491,P0034,2026-04-27,2,187.1,Paid
O011974,C0285,P0036,2026-04-27,3,85.59,Paid
O011975,C0031,P0014,2026-04-27,3,184.29,Paid
O011976,C0023,P0015,2026-04-27,2,104.6,Email
O011977,C0572,P0010,2026-04-27,2,73.06,Paid
O011978,C0658,P0023,2026-04-27,3,376.38,Paid
O011979,C0456,P0024,2026-04-27,1,106.97,Organic
O011980,C0228,P0026,2026-04-27,3,53.58,Paid
O011981,C0022,P0040,2026-04-27,2,70.6,Organic
O011982,C0770,P0034,2026-04-27,2,187.1,Referral
O011983,C0535,P0036,2026-04-27,1,28.53,Paid
O011984,C0125,P0001,2026-04-27,2,627.72,Email
O011985,C0686,P0001,2026-04-27,3,941.58,Paid
O011986,C0467,P0004,2026-04-27,3,353.1,Organic
O011987,C0757,P0008,2026-04-27,1,186.3,Referral
O011988,C0469,P0008,2026-04-27,1,186.3,Paid
O011989,C0301,P0014,2026-04-27,2,122.86,Paid
O011990,C0108,P0022,2026-04-27,1,130.38,Paid
O011991,C0069,P0022,2026-04-27,2,260.76,Paid
O011992,C0619,P0018,2026-04-27,1,86.71,Paid
O011993,C0532,P0030,2026-04-27,2,32.02,Referral
O011994,C0542,P0031,2026-04-27,1,29.85,Paid
O011995,C0149,P0028,2026-04-27,3,68.16,Paid
O011996,C0441,P0029,2026-04-27,1,22.89,Paid
O011997,C0301,P0027,2026-04-27,3,134.88,Referral
O011998,C0234,P0033,2026-04-27,3,251.94,Paid
O011999,C0469,P0033,2026-04-27,3,251.94,Paid
O012000,C0030,P0040,2026-04-27,3,105.9,Organic
O012001,C0662,P0006,2026-04-28,2,318.4,Paid
O012002,C0460,P0016,2026-04-28,1,29.82,Paid
O012003,C0749,P0018,2026-04-28,2,173.42,Paid
O012004,C0191,P0025,2026-04-28,3,138.18,Organic
O012005,C0339,P0032,2026-04-28,2,21.98,Paid
O012006,C0589,P0026,2026-04-28,3,53.58,Paid
O012007,C0155,P0027,2026-04-28,1,44.96,Paid
O012008,C0284,P0027,2026-04-28,3,134.88,Paid
O012009,C0594,P0036,2026-04-28,2,57.06,Paid
O012010,C0003,P0004,2026-04-28,3,353.1,Paid
O012011,C0240,P0010,2026-04-28,1,36.53,Paid
O012012,C0333,P0011,2026-04-28,1,43.82,Paid
O012013,C0254,P0009,2026-04-28,2,97.3,Paid
O012014,C0359,P0009,2026-04-28,1,48.65,Paid
O012015,C0359,P0019,2026-04-28,2,159.18,Paid
O012016,C0190,P0020,2026-04-28,2,225.46,Paid
O012017,C0384,P0022,2026-04-28,1,130.38,Paid
O012018,C0208,P0029,2026-04-28,1,22.89,Email
O012019,C0171,P0027,2026-04-28,1,44.96,Organic
O012020,C0347,P0025,2026-04-28,1,46.06,Email
O012021,C0512,P0025,2026-04-28,3,138.18,Organic
O012022,C0694,P0029,2026-04-28,3,68.67,Organic
O012023,C0576,P0034,2026-04-28,3,280.65,Organic
O012024,C0760,P0039,2026-04-28,1,18.78,Paid
O012025,C0479,P0037,2026-04-28,2,164.62,Paid
O012026,C0044,P0002,2026-04-28,1,224.66,Paid
O012027,C0649,P0024,2026-04-28,3,320.91,Organic
O012028,C0449,P0024,2026-04-28,1,106.97,Paid
O012029,C0102,P0028,2026-04-28,1,22.72,Paid
O012030,C0636,P0028,2026-04-28,2,45.44,Paid
O012031,C0558,P0025,2026-04-28,1,46.06,Organic
O012032,C0478,P0036,2026-04-28,2,57.06,Paid
O012033,C0647,P0035,2026-04-28,1,96.43,Paid
O012034,C0206,P0040,2026-04-28,3,105.9,Paid
O012035,C0588,P0008,2026-04-28,3,558.9,Email
O012036,C0009,P0004,2026-04-28,1,117.7,Paid
O012037,C0159,P0014,2026-04-28,2,122.86,Paid
O012038,C0416,P0015,2026-04-28,3,156.9,Organic
O012039,C0665,P0019,2026-04-28,2,159.18,Paid
O012040,C0614,P0018,2026-04-28,3,260.13,Paid
O012041,C0082,P0022,2026-04-28,3,391.14,Paid
O012042,C0385,P0040,2026-04-28,3,105.9,Paid
O012043,C0500,P0038,2026-04-28,2,206.04,Paid
O012044,C0775,P0007,2026-04-29,1,61.98,Paid
O012045,C0099,P0002,2026-04-29,1,224.66,Organic
O012046,C0632,P0003,2026-04-29,3,293.91,Email
O012047,C0343,P0005,2026-04-29,2,353.1,Paid
O012048,C0222,P0010,2026-04-29,2,73.06,Paid
O012049,C0440,P0010,2026-04-29,1,36.53,Email
O012050,C0065,P0010,2026-04-29,2,73.06,Paid
O012051,C0632,P0017,2026-04-29,3,370.14,Organic
O012052,C0259,P0030,2026-04-29,1,16.01,Email
O012053,C0160,P0027,2026-04-29,1,44.96,Paid
O012054,C0378,P0027,2026-04-29,1,44.96,Paid
O012055,C0470,P0039,2026-04-29,1,18.78,Paid
O012056,C0648,P0036,2026-04-29,2,57.06,Paid
O012057,C0678,P0040,2026-04-29,1,35.3,Paid
O012058,C0737,P0003,2026-04-29,3,293.91,Paid
O012059,C0681,P0004,2026-04-29,2,235.4,Referral
O012060,C0261,P0003,2026-04-29,2,195.94,Paid
O012061,C0598,P0007,2026-04-29,2,123.96,Paid
O012062,C0622,P0009,2026-04-29,3,145.95,Paid
O012063,C0026,P0015,2026-04-29,1,52.3,Paid
O012064,C0267,P0018,2026-04-29,3,260.13,Paid
O012065,C0777,P0023,2026-04-29,3,376.38,Paid
O012066,C0182,P0017,2026-04-29,2,246.76,Paid
O012067,C0048,P0022,2026-04-29,2,260.76,Paid
O012068,C0780,P0021,2026-04-29,2,235.56,Paid
O012069,C0381,P0025,2026-04-29,3,138.18,Referral
O012070,C0510,P0030,2026-04-29,1,16.01,Paid
O012071,C0370,P0036,2026-04-29,2,57.06,Paid
O012072,C0602,P0037,2026-04-29,1,82.31,Organic
O012073,C0078,P0004,2026-04-29,2,235.4,Paid
O012074,C0666,P0006,2026-04-29,2,318.4,Paid
O012075,C0661,P0005,2026-04-29,1,176.55,Paid
O012076,C0646,P0004,2026-04-29,1,117.7,Paid
O012077,C0650,P0005,2026-04-29,1,176.55,Paid
O012078,C0350,P0009,2026-04-29,1,48.65,Paid
O012079,C0148,P0018,2026-04-29,2,173.42,Paid
O012080,C0025,P0027,2026-04-29,3,134.88,Paid
O012081,C0300,P0039,2026-04-29,3,56.34,Paid
O012082,C0350,P0038,2026-04-29,3,309.06,Paid
O012083,C0147,P0008,2026-04-29,3,558.9,Paid
O012084,C0247,P0016,2026-04-29,2,59.64,Paid
O012085,C0051,P0012,2026-04-29,2,79.86,Paid
O012086,C0628,P0015,2026-04-29,1,52.3,Organic
O012087,C0002,P0014,2026-04-29,2,122.86,Paid
O012088,C0690,P0016,2026-04-29,3,89.46,Organic
O012089,C0515,P0019,2026-04-29,2,159.18,Paid
O012090,C0224,P0025,2026-04-29,2,92.12,Paid
O012091,C0406,P0028,2026-04-29,1,22.72,Organic
O012092,C0396,P0031,2026-04-29,3,89.55,Paid
O012093,C0798,P0034,2026-04-29,2,187.1,Email
O012094,C0406,P0039,2026-04-29,3,56.34,Email
O012095,C0543,P0005,2026-04-30,1,176.55,Paid
O012096,C0556,P0005,2026-04-30,1,176.55,Paid
O012097,C0343,P0013,2026-04-30,1,43.26,Organic
O012098,C0724,P0026,2026-04-30,1,17.86,Email
O012099,C0677,P0026,2026-04-30,3,53.58,Paid
O012100,C0583,P0026,2026-04-30,1,17.86,Email
O012101,C0325,P0038,2026-04-30,3,309.06,Paid
O012102,C0292,P0039,2026-04-30,1,18.78,Organic
O012103,C0398,P0034,2026-04-30,1,93.55,Paid
O012104,C0366,P0039,2026-04-30,3,56.34,Paid
O012105,C0098,P0038,2026-04-30,1,103.02,Organic
O012106,C0304,P0005,2026-04-30,1,176.55,Paid
O012107,C0490,P0011,2026-04-30,2,87.64,Email
O012108,C0135,P0018,2026-04-30,3,260.13,Paid
O012109,C0599,P0032,2026-04-30,1,10.99,Paid
O012110,C0566,P0040,2026-04-30,1,35.3,Paid
O012111,C0658,P0014,2026-04-30,1,61.43,Organic
O012112,C0585,P0016,2026-04-30,1,29.82,Paid
O012113,C0357,P0019,2026-04-30,3,238.77,Paid
O012114,C0360,P0021,2026-04-30,1,117.78,Organic
O012115,C0130,P0028,2026-04-30,1,22.72,Organic
O012116,C0036,P0029,2026-04-30,3,68.67,Paid
O012117,C0580,P0037,2026-04-30,3,246.93,Paid
O012118,C0166,P0039,2026-04-30,2,37.56,Paid
O012119,C0225,P0040,2026-04-30,2,70.6,Paid
O012120,C0062,P0005,2026-04-30,2,353.1,Paid
O012121,C0089,P0003,2026-04-30,2,195.94,Paid
O012122,C0349,P0016,2026-04-30,1,29.82,Paid
O012123,C0555,P0021,2026-04-30,3,353.34,Paid
O012124,C0459,P0022,2026-04-30,1,130.38,Email
O012125,C0568,P0017,2026-04-30,1,123.38,Paid
O012126,C0005,P0032,2026-04-30,1,10.99,Paid
O012127,C0615,P0029,2026-04-30,1,22.89,Paid
O012128,C0570,P0025,2026-04-30,3,138.18,Referral
O012129,C0593,P0026,2026-04-30,2,35.72,Paid
O012130,C0745,P0040,2026-04-30,2,70.6,Paid
O012131,C0562,P0035,2026-04-30,1,96.43,Paid
O012132,C0273,P0035,2026-04-30,2,192.86,Organic
O012133,C0690,P0040,2026-04-30,2,70.6,Paid
O012134,C0186,P0002,2026-05-01,3,673.98,Paid
O012135,C0521,P0007,2026-05-01,2,123.96,Organic
O012136,C0278,P0007,2026-05-01,1,61.98,Paid
O012137,C0155,P0015,2026-05-01,2,104.6,Paid
O012138,C0743,P0020,2026-05-01,2,225.46,Organic
O012139,C0260,P0024,2026-05-01,2,213.94,Paid
O012140,C0526,P0032,2026-05-01,2,21.98,Paid
O012141,C0625,P0026,2026-05-01,3,53.58,Paid
O012142,C0724,P0039,2026-05-01,2,37.56,Paid
O012143,C0332,P0034,2026-05-01,3,280.65,Paid
O012144,C0285,P0003,2026-05-01,3,293.91,Paid
O012145,C0622,P0001,2026-05-01,3,941.58,Organic
O012146,C0635,P0006,2026-05-01,2,318.4,Email
O012147,C0719,P0014,2026-05-01,2,122.86,Paid
O012148,C0208,P0011,2026-05-01,1,43.82,Paid
O012149,C0158,P0021,2026-05-01,2,235.56,Paid
O012150,C0261,P0017,2026-05-01,2,246.76,Paid
O012151,C0370,P0026,2026-05-01,2,35.72,Paid
O012152,C0436,P0025,2026-05-01,2,92.12,Email
O012153,C0138,P0025,2026-05-01,3,138.18,Paid
O012154,C0576,P0028,2026-05-01,1,22.72,Paid
O012155,C0605,P0036,2026-05-01,2,57.06,Paid
O012156,C0656,P0039,2026-05-01,3,56.34,Paid
O012157,C0283,P0035,2026-05-01,1,96.43,Paid
O012158,C0689,P0003,2026-05-01,2,195.94,Paid
O012159,C0708,P0005,2026-05-01,3,529.65,Paid
O012160,C0523,P0013,2026-05-01,1,43.26,Paid
O012161,C0456,P0012,2026-05-01,1,39.93,Paid
O012162,C0211,P0020,2026-05-01,1,112.73,Paid
O012163,C0431,P0021,2026-05-01,1,117.78,Paid
O012164,C0638,P0023,2026-05-01,1,125.46,Paid
O012165,C0063,P0022,2026-05-01,2,260.76,Organic
O012166,C0263,P0025,2026-05-01,3,138.18,Paid
O012167,C0075,P0028,2026-05-01,2,45.44,Organic
O012168,C0669,P0030,2026-05-01,2,32.02,Paid
O012169,C0196,P0028,2026-05-01,2,45.44,Organic
O012170,C0148,P0025,2026-05-01,1,46.06,Paid
O012171,C0567,P0038,2026-05-01,1,103.02,Paid
O012172,C0056,P0002,2026-05-01,2,449.32,Organic
O012173,C0356,P0003,2026-05-01,2,195.94,Organic
O012174,C0279,P0001,2026-05-01,1,313.86,Paid
O012175,C0597,P0003,2026-05-01,2,195.94,Organic
O012176,C0717,P0012,2026-05-01,2,79.86,Paid
O012177,C0560,P0017,2026-05-01,2,246.76,Paid
O012178,C0043,P0020,2026-05-01,3,338.19,Paid
O012179,C0305,P0027,2026-05-01,1,44.96,Paid
O012180,C0707,P0031,2026-05-01,3,89.55,Paid
O012181,C0149,P0026,2026-05-01,2,35.72,Organic
O012182,C0247,P0033,2026-05-01,1,83.98,Paid
O012183,C0664,P0036,2026-05-01,2,57.06,Paid
O012184,C0117,P0040,2026-05-01,3,105.9,Paid
O012185,C0362,P0040,2026-05-01,2,70.6,Paid
O012186,C0374,P0040,2026-05-01,2,70.6,Paid
O012187,C0258,P0033,2026-05-01,3,251.94,Paid
O012188,C0155,P0003,2026-05-02,1,97.97,Email
O012189,C0325,P0016,2026-05-02,1,29.82,Paid
O012190,C0398,P0012,2026-05-02,3,119.79,Email
O012191,C0795,P0010,2026-05-02,2,73.06,Paid
O012192,C0131,P0010,2026-05-02,2,73.06,Paid
O012193,C0011,P0013,2026-05-02,3,129.78,Referral
O012194,C0505,P0009,2026-05-02,1,48.65,Paid
O012195,C0293,P0021,2026-05-02,3,353.34,Paid
O012196,C0714,P0017,2026-05-02,3,370.14,Paid
O012197,C0583,P0031,2026-05-02,3,89.55,Paid
O012198,C0437,P0031,2026-05-02,3,89.55,Referral
O012199,C0734,P0031,2026-05-02,1,29.85,Organic
O012200,C0800,P0029,2026-05-02,1,22.89,Paid
O012201,C0657,P0027,2026-05-02,1,44.96,Referral
O012202,C0280,P0030,2026-05-02,1,16.01,Paid
O012203,C0675,P0039,2026-05-02,1,18.78,Paid
O012204,C0064,P0035,2026-05-02,1,96.43,Paid
O012205,C0436,P0001,2026-05-02,3,941.58,Paid
O012206,C0405,P0006,2026-05-02,2,318.4,Paid
O012207,C0656,P0002,2026-05-02,1,224.66,Email
O012208,C0016,P0008,2026-05-02,3,558.9,Paid
O012209,C0739,P0007,2026-05-02,1,61.98,Organic
O012210,C0746,P0011,2026-05-02,2,87.64,Email
O012211,C0758,P0013,2026-05-02,2,86.52,Paid
O012212,C0494,P0013,2026-05-02,1,43.26,Paid
O012213,C0226,P0023,2026-05-02,1,125.46,Organic
O012214,C0275,P0024,2026-05-02,3,320.91,Paid
O012215,C0052,P0017,2026-05-02,3,370.14,Organic
O012216,C0026,P0030,2026-05-02,1,16.01,Referral
O012217,C0026,P0038,2026-05-02,1,103.02,Paid
O012218,C0652,P0033,2026-05-02,2,167.96,Paid
O012219,C0376,P0036,2026-05-02,2,57.06,Paid
O012220,C0774,P0039,2026-05-02,1,18.78,Organic
O012221,C0778,P0007,2026-05-02,2,123.96,Paid
O012222,C0558,P0006,2026-05-02,3,477.6,Paid
O012223,C0351,P0008,2026-05-02,2,372.6,Paid
O012224,C0577,P0015,2026-05-02,3,156.9,Paid
O012225,C0778,P0010,2026-05-02,1,36.53,Paid
O012226,C0631,P0021,2026-05-02,3,353.34,Paid
O012227,C0192,P0023,2026-05-02,2,250.92,Email
O012228,C0413,P0019,2026-05-02,2,159.18,Paid
O012229,C0268,P0019,2026-05-02,1,79.59,Paid
O012230,C0658,P0024,2026-05-02,2,213.94,Organic
O012231,C0272,P0030,2026-05-02,2,32.02,Paid
O012232,C0425,P0035,2026-05-02,1,96.43,Paid
O012233,C0509,P0040,2026-05-02,3,105.9,Paid
O012234,C0708,P0035,2026-05-02,3,289.29,Paid
O012235,C0603,P0007,2026-05-02,3,185.94,Paid
O012236,C0513,P0013,2026-05-02,2,86.52,Referral
O012237,C0401,P0011,2026-05-02,3,131.46,Email
O012238,C0134,P0016,2026-05-02,2,59.64,Organic
O012239,C0588,P0010,2026-05-02,1,36.53,Referral
O012240,C0312,P0014,2026-05-02,1,61.43,Paid
O012241,C0606,P0022,2026-05-02,1,130.38,Email
O012242,C0163,P0022,2026-05-02,1,130.38,Paid
O012243,C0498,P0020,2026-05-02,3,338.19,Organic
O012244,C0525,P0018,2026-05-02,2,173.42,Paid
O012245,C0194,P0021,2026-05-02,3,353.34,Organic
O012246,C0294,P0018,2026-05-02,1,86.71,Paid
O012247,C0628,P0027,2026-05-02,2,89.92,Paid
O012248,C0109,P0032,2026-05-02,2,21.98,Email
O012249,C0645,P0026,2026-05-02,1,17.86,Email
O012250,C0218,P0038,2026-05-02,3,309.06,Organic
O012251,C0676,P0035,2026-05-02,1,96.43,Paid
O012252,C0628,P0033,2026-05-02,3,251.94,Organic
O012253,C0500,P0038,2026-05-02,1,103.02,Paid
O012254,C0222,P0003,2026-05-03,1,97.97,Paid
O012255,C0213,P0002,2026-05-03,3,673.98,Organic
O012256,C0278,P0012,2026-05-03,2,79.86,Email
O012257,C0575,P0022,2026-05-03,1,130.38,Paid
O012258,C0710,P0021,2026-05-03,3,353.34,Paid
O012259,C0437,P0023,2026-05-03,2,250.92,Referral
O012260,C0641,P0029,2026-05-03,2,45.78,Referral
O012261,C0648,P0025,2026-05-03,2,92.12,Organic
O012262,C0011,P0034,2026-05-03,3,280.65,Paid
O012263,C0317,P0036,2026-05-03,2,57.06,Paid
O012264,C0259,P0038,2026-05-03,3,309.06,Paid
O012265,C0446,P0036,2026-05-03,2,57.06,Paid
O012266,C0590,P0002,2026-05-03,1,224.66,Paid
O012267,C0592,P0008,2026-05-03,2,372.6,Paid
O012268,C0274,P0006,2026-05-03,3,477.6,Email
O012269,C0566,P0001,2026-05-03,3,941.58,Paid
O012270,C0371,P0015,2026-05-03,3,156.9,Paid
O012271,C0739,P0016,2026-05-03,1,29.82,Paid
O012272,C0126,P0023,2026-05-03,2,250.92,Referral
O012273,C0692,P0020,2026-05-03,3,338.19,Paid
O012274,C0777,P0024,2026-05-03,2,213.94,Paid
O012275,C0753,P0030,2026-05-03,3,48.03,Paid
O012276,C0512,P0040,2026-05-03,1,35.3,Organic
O012277,C0246,P0034,2026-05-03,2,187.1,Paid
O012278,C0698,P0037,2026-05-03,2,164.62,Organic
O012279,C0141,P0016,2026-05-03,3,89.46,Paid
O012280,C0145,P0015,2026-05-03,1,52.3,Paid
O012281,C0658,P0009,2026-05-03,1,48.65,Paid
O012282,C0755,P0009,2026-05-03,1,48.65,Paid
O012283,C0239,P0010,2026-05-03,3,109.59,Paid
O012284,C0585,P0017,2026-05-03,3,370.14,Paid
O012285,C0148,P0029,2026-05-03,1,22.89,Paid
O012286,C0571,P0030,2026-05-03,3,48.03,Paid
O012287,C0493,P0007,2026-05-03,3,185.94,Paid
O012288,C0426,P0006,2026-05-03,2,318.4,Email
O012289,C0385,P0004,2026-05-03,1,117.7,Paid
O012290,C0253,P0004,2026-05-03,1,117.7,Paid
O012291,C0763,P0008,2026-05-03,1,186.3,Paid
O012292,C0562,P0009,2026-05-03,3,145.95,Paid
O012293,C0593,P0012,2026-05-03,1,39.93,Paid
O012294,C0386,P0023,2026-05-03,3,376.38,Email
O012295,C0194,P0021,2026-05-03,1,117.78,Paid
O012296,C0561,P0020,2026-05-03,3,338.19,Paid
O012297,C0101,P0017,2026-05-03,1,123.38,Paid
O012298,C0082,P0030,2026-05-03,3,48.03,Email
O012299,C0722,P0027,2026-05-03,2,89.92,Paid
O012300,C0645,P0027,2026-05-03,1,44.96,Paid
O012301,C0207,P0025,2026-05-03,1,46.06,Paid
O012302,C0493,P0032,2026-05-03,1,10.99,Organic
O012303,C0551,P0035,2026-05-03,3,289.29,Paid
O012304,C0367,P0038,2026-05-03,3,309.06,Organic
O012305,C0499,P0040,2026-05-03,2,70.6,Paid
O012306,C0550,P0033,2026-05-03,2,167.96,Paid
O012307,C0002,P0037,2026-05-03,3,246.93,Paid
O012308,C0373,P0040,2026-05-03,3,105.9,Paid
O012309,C0487,P0036,2026-05-03,3,85.59,Referral
O012310,C0378,P0008,2026-05-04,3,558.9,Paid
O012311,C0657,P0005,2026-05-04,3,529.65,Paid
O012312,C0657,P0001,2026-05-04,2,627.72,Paid
O012313,C0259,P0011,2026-05-04,1,43.82,Organic
O012314,C0341,P0010,2026-05-04,3,109.59,Paid
O012315,C0094,P0019,2026-05-04,1,79.59,Organic
O012316,C0518,P0029,2026-05-04,2,45.78,Referral
O012317,C0684,P0029,2026-05-04,3,68.67,Paid
O012318,C0269,P0038,2026-05-04,3,309.06,Paid
O012319,C0381,P0003,2026-05-04,2,195.94,Organic
O012320,C0302,P0005,2026-05-04,1,176.55,Paid
O012321,C0737,P0010,2026-05-04,3,109.59,Paid
O012322,C0033,P0012,2026-05-04,1,39.93,Paid
O012323,C0048,P0016,2026-05-04,2,59.64,Paid
O012324,C0546,P0027,2026-05-04,2,89.92,Paid
O012325,C0214,P0025,2026-05-04,1,46.06,Paid
O012326,C0683,P0030,2026-05-04,2,32.02,Organic
O012327,C0602,P0039,2026-05-04,3,56.34,Paid
O012328,C0447,P0037,2026-05-04,2,164.62,Organic
O012329,C0760,P0037,2026-05-04,1,82.31,Paid
O012330,C0612,P0037,2026-05-04,2,164.62,Organic
O012331,C0221,P0007,2026-05-04,3,185.94,Paid
O012332,C0350,P0005,2026-05-04,3,529.65,Paid
O012333,C0527,P0014,2026-05-04,1,61.43,Paid
O012334,C0516,P0013,2026-05-04,3,129.78,Paid
O012335,C0646,P0014,2026-05-04,1,61.43,Email
O012336,C0767,P0022,2026-05-04,1,130.38,Referral
O012337,C0646,P0024,2026-05-04,1,106.97,Paid
O012338,C0523,P0027,2026-05-04,1,44.96,Paid
O012339,C0172,P0028,2026-05-04,1,22.72,Paid
O012340,C0649,P0031,2026-05-04,3,89.55,Organic
O012341,C0649,P0027,2026-05-04,3,134.88,Paid
O012342,C0071,P0029,2026-05-04,1,22.89,Paid
O012343,C0272,P0040,2026-05-04,1,35.3,Referral
O012344,C0535,P0035,2026-05-04,1,96.43,Paid
O012345,C0238,P0035,2026-05-04,3,289.29,Paid
O012346,C0456,P0034,2026-05-04,2,187.1,Paid
O012347,C0104,P0002,2026-05-04,3,673.98,Paid
O012348,C0297,P0006,2026-05-04,3,477.6,Organic
O012349,C0294,P0007,2026-05-04,1,61.98,Paid
O012350,C0199,P0005,2026-05-04,3,529.65,Paid
O012351,C0608,P0014,2026-05-04,3,184.29,Paid
O012352,C0608,P0018,2026-05-04,3,260.13,Email
O012353,C0344,P0023,2026-05-04,2,250.92,Paid
O012354,C0693,P0018,2026-05-04,1,86.71,Organic
O012355,C0633,P0020,2026-05-04,2,225.46,Email
O012356,C0477,P0027,2026-05-04,3,134.88,Paid
O012357,C0396,P0038,2026-05-04,1,103.02,Paid
O012358,C0189,P0008,2026-05-05,3,558.9,Paid
O012359,C0365,P0001,2026-05-05,1,313.86,Email
O012360,C0460,P0011,2026-05-05,3,131.46,Paid
O012361,C0094,P0014,2026-05-05,2,122.86,Paid
O012362,C0165,P0017,2026-05-05,3,370.14,Paid
O012363,C0164,P0023,2026-05-05,1,125.46,Email
O012364,C0343,P0024,2026-05-05,1,106.97,Paid
O012365,C0202,P0029,2026-05-05,1,22.89,Paid
O012366,C0800,P0032,2026-05-05,2,21.98,Email
O012367,C0662,P0040,2026-05-05,3,105.9,Organic
O012368,C0255,P0040,2026-05-05,2,70.6,Paid
O012369,C0222,P0035,2026-05-05,3,289.29,Email
O012370,C0537,P0001,2026-05-05,1,313.86,Paid
O012371,C0785,P0013,2026-05-05,3,129.78,Paid
O012372,C0463,P0013,2026-05-05,1,43.26,Paid
O012373,C0738,P0013,2026-05-05,3,129.78,Referral
O012374,C0388,P0013,2026-05-05,2,86.52,Organic
O012375,C0592,P0011,2026-05-05,3,131.46,Paid
O012376,C0622,P0013,2026-05-05,1,43.26,Email
O012377,C0405,P0016,2026-05-05,1,29.82,Email
O012378,C0060,P0012,2026-05-05,1,39.93,Paid
O012379,C0137,P0013,2026-05-05,2,86.52,Organic
O012380,C0384,P0024,2026-05-05,2,213.94,Paid
O012381,C0711,P0030,2026-05-05,2,32.02,Paid
O012382,C0793,P0026,2026-05-05,1,17.86,Paid
O012383,C0205,P0032,2026-05-05,2,21.98,Paid
O012384,C0692,P0028,2026-05-05,3,68.16,Paid
O012385,C0602,P0040,2026-05-05,1,35.3,Email
O012386,C0214,P0034,2026-05-05,1,93.55,Organic
O012387,C0028,P0035,2026-05-05,1,96.43,Paid
O012388,C0417,P0035,2026-05-05,3,289.29,Organic
O012389,C0719,P0039,2026-05-05,1,18.78,Paid
O012390,C0391,P0004,2026-05-05,3,353.1,Email
O012391,C0162,P0002,2026-05-05,1,224.66,Paid
O012392,C0162,P0006,2026-05-05,2,318.4,Paid
O012393,C0778,P0012,2026-05-05,2,79.86,Paid
O012394,C0650,P0011,2026-05-05,1,43.82,Organic
O012395,C0704,P0015,2026-05-05,1,52.3,Organic
O012396,C0324,P0009,2026-05-05,2,97.3,Paid
O012397,C0008,P0011,2026-05-05,3,131.46,Paid
O012398,C0767,P0022,2026-05-05,1,130.38,Paid
O012399,C0031,P0023,2026-05-05,2,250.92,Paid
O012400,C0071,P0032,2026-05-05,2,21.98,Paid
O012401,C0613,P0027,2026-05-05,3,134.88,Paid
O012402,C0042,P0025,2026-05-05,1,46.06,Paid
O012403,C0156,P0034,2026-05-05,2,187.1,Referral
O012404,C0496,P0034,2026-05-05,2,187.1,Paid
O012405,C0117,P0005,2026-05-05,1,176.55,Paid
O012406,C0500,P0004,2026-05-05,1,117.7,Paid
O012407,C0763,P0008,2026-05-05,3,558.9,Paid
O012408,C0740,P0013,2026-05-05,2,86.52,Paid
O012409,C0551,P0016,2026-05-05,1,29.82,Paid
O012410,C0200,P0010,2026-05-05,2,73.06,Organic
O012411,C0287,P0014,2026-05-05,2,122.86,Paid
O012412,C0029,P0011,2026-05-05,3,131.46,Paid
O012413,C0441,P0022,2026-05-05,3,391.14,Organic
O012414,C0441,P0027,2026-05-05,2,89.92,Organic
O012415,C0291,P0031,2026-05-05,1,29.85,Paid
O012416,C0762,P0026,2026-05-05,1,17.86,Paid
O012417,C0362,P0032,2026-05-05,1,10.99,Paid
O012418,C0407,P0036,2026-05-05,1,28.53,Paid
O012419,C0534,P0038,2026-05-05,2,206.04,Paid
O012420,C0099,P0002,2026-05-06,3,673.98,Paid
O012421,C0684,P0005,2026-05-06,1,176.55,Paid
O012422,C0678,P0004,2026-05-06,3,353.1,Referral
O012423,C0223,P0002,2026-05-06,2,449.32,Paid
O012424,C0573,P0016,2026-05-06,3,89.46,Paid
O012425,C0421,P0015,2026-05-06,3,156.9,Paid
O012426,C0175,P0010,2026-05-06,2,73.06,Paid
O012427,C0097,P0010,2026-05-06,3,109.59,Referral
O012428,C0594,P0021,2026-05-06,1,117.78,Paid
O012429,C0366,P0021,2026-05-06,1,117.78,Paid
O012430,C0155,P0025,2026-05-06,2,92.12,Paid
O012431,C0654,P0025,2026-05-06,1,46.06,Paid
O012432,C0269,P0026,2026-05-06,1,17.86,Paid
O012433,C0098,P0032,2026-05-06,3,32.97,Organic
O012434,C0618,P0028,2026-05-06,2,45.44,Organic
O012435,C0482,P0026,2026-05-06,1,17.86,Referral
O012436,C0589,P0036,2026-05-06,2,57.06,Paid
O012437,C0468,P0040,2026-05-06,1,35.3,Organic
O012438,C0058,P0039,2026-05-06,2,37.56,Paid
O012439,C0190,P0008,2026-05-06,2,372.6,Paid
O012440,C0328,P0002,2026-05-06,3,673.98,Paid
O012441,C0298,P0012,2026-05-06,1,39.93,Email
O012442,C0282,P0011,2026-05-06,2,87.64,Paid
O012443,C0274,P0024,2026-05-06,2,213.94,Paid
O012444,C0387,P0018,2026-05-06,1,86.71,Organic
O012445,C0298,P0018,2026-05-06,1,86.71,Paid
O012446,C0261,P0018,2026-05-06,3,260.13,Paid
O012447,C0330,P0025,2026-05-06,3,138.18,Paid
O012448,C0605,P0029,2026-05-06,1,22.89,Paid
O012449,C0591,P0025,2026-05-06,2,92.12,Paid
O012450,C0616,P0033,2026-05-06,1,83.98,Organic
O012451,C0784,P0038,2026-05-06,2,206.04,Organic
O012452,C0393,P0008,2026-05-06,1,186.3,Paid
O012453,C0211,P0016,2026-05-06,2,59.64,Paid
O012454,C0206,P0015,2026-05-06,3,156.9,Email
O012455,C0300,P0018,2026-05-06,1,86.71,Paid
O012456,C0509,P0021,2026-05-06,2,235.56,Paid
O012457,C0571,P0023,2026-05-06,3,376.38,Paid
O012458,C0529,P0032,2026-05-06,3,32.97,Paid
O012459,C0542,P0004,2026-05-06,2,235.4,Organic
O012460,C0306,P0001,2026-05-06,3,941.58,Paid
O012461,C0249,P0001,2026-05-06,2,627.72,Paid
O012462,C0253,P0016,2026-05-06,3,89.46,Paid
O012463,C0069,P0013,2026-05-06,3,129.78,Paid
O012464,C0279,P0014,2026-05-06,3,184.29,Email
O012465,C0104,P0011,2026-05-06,2,87.64,Organic
O012466,C0781,P0024,2026-05-06,3,320.91,Paid
O012467,C0030,P0023,2026-05-06,1,125.46,Paid
O012468,C0035,P0024,2026-05-06,3,320.91,Paid
O012469,C0498,P0023,2026-05-06,2,250.92,Paid
O012470,C0134,P0028,2026-05-06,1,22.72,Referral
O012471,C0307,P0039,2026-05-06,2,37.56,Paid
O012472,C0373,P0039,2026-05-06,3,56.34,Paid
O012473,C0344,P0038,2026-05-06,1,103.02,Paid
O012474,C0212,P0007,2026-05-07,2,123.96,Organic
O012475,C0395,P0013,2026-05-07,3,129.78,Organic
O012476,C0586,P0011,2026-05-07,2,87.64,Email
O012477,C0458,P0014,2026-05-07,2,122.86,Paid
O012478,C0278,P0010,2026-05-07,3,109.59,Paid
O012479,C0775,P0010,2026-05-07,3,109.59,Paid
O012480,C0641,P0024,2026-05-07,2,213.94,Email
O012481,C0341,P0028,2026-05-07,1,22.72,Organic
O012482,C0366,P0032,2026-05-07,1,10.99,Email
O012483,C0343,P0033,2026-05-07,2,167.96,Paid
O012484,C0065,P0039,2026-05-07,1,18.78,Paid
O012485,C0126,P0011,2026-05-07,3,131.46,Paid
O012486,C0328,P0022,2026-05-07,2,260.76,Paid
O012487,C0333,P0020,2026-05-07,3,338.19,Organic
O012488,C0423,P0019,2026-05-07,3,238.77,Paid
O012489,C0283,P0032,2026-05-07,3,32.97,Email
O012490,C0599,P0028,2026-05-07,2,45.44,Paid
O012491,C0777,P0030,2026-05-07,1,16.01,Email
O012492,C0181,P0040,2026-05-07,1,35.3,Email
O012493,C0764,P0039,2026-05-07,2,37.56,Email
O012494,C0283,P0037,2026-05-07,2,164.62,Paid
O012495,C0631,P0003,2026-05-07,2,195.94,Paid
O012496,C0565,P0002,2026-05-07,2,449.32,Paid
O012497,C0663,P0016,2026-05-07,3,89.46,Paid
O012498,C0580,P0015,2026-05-07,2,104.6,Paid
O012499,C0156,P0014,2026-05-07,1,61.43,Paid
O012500,C0718,P0009,2026-05-07,2,97.3,Paid
O012501,C0044,P0020,2026-05-07,3,338.19,Paid
O012502,C0075,P0021,2026-05-07,1,117.78,Paid
O012503,C0517,P0020,2026-05-07,3,338.19,Email
O012504,C0113,P0020,2026-05-07,2,225.46,Paid
O012505,C0580,P0018,2026-05-07,2,173.42,Email
O012506,C0663,P0025,2026-05-07,1,46.06,Paid
O012507,C0224,P0004,2026-05-07,3,353.1,Paid
O012508,C0194,P0007,2026-05-07,2,123.96,Paid
O012509,C0686,P0001,2026-05-07,1,313.86,Organic
O012510,C0109,P0011,2026-05-07,2,87.64,Paid
O012511,C0493,P0023,2026-05-07,1,125.46,Paid
O012512,C0582,P0022,2026-05-07,3,391.14,Paid
O012513,C0147,P0024,2026-05-07,2,213.94,Paid
O012514,C0252,P0027,2026-05-07,3,134.88,Email
O012515,C0312,P0032,2026-05-07,3,32.97,Paid
O012516,C0286,P0026,2026-05-07,1,17.86,Email
O012517,C0367,P0040,2026-05-07,3,105.9,Paid
O012518,C0676,P0038,2026-05-07,3,309.06,Paid
O012519,C0641,P0003,2026-05-08,3,293.91,Paid
O012520,C0544,P0002,2026-05-08,2,449.32,Organic
O012521,C0556,P0007,2026-05-08,1,61.98,Paid
O012522,C0458,P0005,2026-05-08,3,529.65,Paid
O012523,C0677,P0010,2026-05-08,3,109.59,Email
O012524,C0341,P0010,2026-05-08,1,36.53,Paid
O012525,C0788,P0016,2026-05-08,3,89.46,Paid
O012526,C0741,P0018,2026-05-08,3,260.13,Paid
O012527,C0473,P0018,2026-05-08,2,173.42,Paid
O012528,C0191,P0019,2026-05-08,2,159.18,Paid
O012529,C0365,P0019,2026-05-08,1,79.59,Paid
O012530,C0041,P0029,2026-05-08,1,22.89,Organic
O012531,C0088,P0029,2026-05-08,2,45.78,Paid
O012532,C0202,P0030,2026-05-08,1,16.01,Organic
O012533,C0277,P0027,2026-05-08,3,134.88,Paid
O012534,C0331,P0026,2026-05-08,2,35.72,Email
O012535,C0437,P0034,2026-05-08,2,187.1,Organic
O012536,C0434,P0038,2026-05-08,2,206.04,Email
O012537,C0106,P0004,2026-05-08,1,117.7,Organic
O012538,C0685,P0016,2026-05-08,2,59.64,Paid
O012539,C0546,P0009,2026-05-08,2,97.3,Email
O012540,C0182,P0016,2026-05-08,3,89.46,Organic
O012541,C0121,P0018,2026-05-08,2,173.42,Organic
O012542,C0135,P0031,2026-05-08,2,59.7,Paid
O012543,C0116,P0029,2026-05-08,1,22.89,Paid
O012544,C0685,P0034,2026-05-08,3,280.65,Referral
O012545,C0240,P0034,2026-05-08,3,280.65,Paid
O012546,C0183,P0003,2026-05-08,1,97.97,Paid
O012547,C0166,P0016,2026-05-08,1,29.82,Paid
O012548,C0336,P0023,2026-05-08,3,376.38,Paid
O012549,C0400,P0018,2026-05-08,3,260.13,Paid
O012550,C0148,P0024,2026-05-08,2,213.94,Email
O012551,C0478,P0021,2026-05-08,2,235.56,Paid
O012552,C0192,P0032,2026-05-08,3,32.97,Paid
O012553,C0404,P0008,2026-05-08,3,558.9,Paid
O012554,C0690,P0001,2026-05-08,1,313.86,Organic
O012555,C0349,P0015,2026-05-08,3,156.9,Paid
O012556,C0397,P0014,2026-05-08,2,122.86,Paid
O012557,C0374,P0009,2026-05-08,1,48.65,Paid
O012558,C0763,P0022,2026-05-08,1,130.38,Paid
O012559,C0550,P0021,2026-05-08,2,235.56,Email
O012560,C0020,P0017,2026-05-08,1,123.38,Paid
O012561,C0608,P0021,2026-05-08,3,353.34,Organic
O012562,C0104,P0030,2026-05-08,3,48.03,Organic
O012563,C0441,P0026,2026-05-08,2,35.72,Paid
O012564,C0194,P0037,2026-05-08,2,164.62,Paid
O012565,C0089,P0036,2026-05-08,2,57.06,Paid
O012566,C0089,P0040,2026-05-08,2,70.6,Paid
O012567,C0178,P0007,2026-05-09,2,123.96,Paid
O012568,C0142,P0010,2026-05-09,1,36.53,Email
O012569,C0337,P0012,2026-05-09,1,39.93,Paid
O012570,C0601,P0016,2026-05-09,1,29.82,Email
O012571,C0264,P0011,2026-05-09,1,43.82,Email
O012572,C0365,P0016,2026-05-09,3,89.46,Paid
O012573,C0617,P0016,2026-05-09,3,89.46,Organic
O012574,C0041,P0017,2026-05-09,2,246.76,Paid
O012575,C0797,P0018,2026-05-09,3,260.13,Paid
O012576,C0129,P0022,2026-05-09,3,391.14,Email
O012577,C0483,P0023,2026-05-09,3,376.38,Organic
O012578,C0392,P0021,2026-05-09,3,353.34,Paid
O012579,C0361,P0017,2026-05-09,2,246.76,Referral
O012580,C0202,P0026,2026-05-09,2,35.72,Paid
O012581,C0460,P0025,2026-05-09,1,46.06,Email
O012582,C0259,P0028,2026-05-09,3,68.16,Paid
O012583,C0255,P0031,2026-05-09,2,59.7,Organic
O012584,C0259,P0027,2026-05-09,3,134.88,Paid
O012585,C0543,P0039,2026-05-09,1,18.78,Paid
O012586,C0269,P0040,2026-05-09,3,105.9,Referral
O012587,C0604,P0005,2026-05-09,3,529.65,Paid
O012588,C0760,P0001,2026-05-09,2,627.72,Paid
O012589,C0576,P0004,2026-05-09,2,235.4,Paid
O012590,C0578,P0003,2026-05-09,1,97.97,Paid
O012591,C0557,P0003,2026-05-09,3,293.91,Paid
O012592,C0381,P0014,2026-05-09,3,184.29,Paid
O012593,C0552,P0015,2026-05-09,2,104.6,Paid
O012594,C0793,P0015,2026-05-09,2,104.6,Paid
O012595,C0539,P0015,2026-05-09,3,156.9,Paid
O012596,C0387,P0024,2026-05-09,1,106.97,Paid
O012597,C0592,P0017,2026-05-09,2,246.76,Referral
O012598,C0138,P0018,2026-05-09,2,173.42,Paid
O012599,C0760,P0023,2026-05-09,1,125.46,Paid
O012600,C0033,P0028,2026-05-09,1,22.72,Paid
O012601,C0285,P0033,2026-05-09,3,251.94,Email
O012602,C0616,P0038,2026-05-09,1,103.02,Paid
O012603,C0699,P0040,2026-05-09,3,105.9,Paid
O012604,C0640,P0034,2026-05-09,3,280.65,Organic
O012605,C0764,P0035,2026-05-09,2,192.86,Paid
O012606,C0382,P0040,2026-05-09,3,105.9,Paid
O012607,C0427,P0035,2026-05-09,3,289.29,Email
O012608,C0268,P0006,2026-05-09,1,159.2,Organic
O012609,C0668,P0004,2026-05-09,2,235.4,Paid
O012610,C0706,P0006,2026-05-09,2,318.4,Paid
O012611,C0295,P0003,2026-05-09,1,97.97,Paid
O012612,C0377,P0010,2026-05-09,3,109.59,Organic
O012613,C0196,P0012,2026-05-09,2,79.86,Organic
O012614,C0631,P0022,2026-05-09,3,391.14,Paid
O012615,C0145,P0020,2026-05-09,1,112.73,Paid
O012616,C0630,P0020,2026-05-09,1,112.73,Paid
O012617,C0078,P0029,2026-05-09,3,68.67,Paid
O012618,C0197,P0036,2026-05-09,2,57.06,Referral
O012619,C0234,P0006,2026-05-09,1,159.2,Referral
O012620,C0209,P0012,2026-05-09,1,39.93,Paid
O012621,C0416,P0021,2026-05-09,1,117.78,Paid
O012622,C0467,P0022,2026-05-09,2,260.76,Paid
O012623,C0532,P0022,2026-05-09,3,391.14,Email
O012624,C0493,P0025,2026-05-09,3,138.18,Paid
O012625,C0043,P0032,2026-05-09,2,21.98,Email
O012626,C0306,P0030,2026-05-09,2,32.02,Referral
O012627,C0465,P0030,2026-05-09,1,16.01,Paid
O012628,C0626,P0026,2026-05-09,1,17.86,Organic
O012629,C0093,P0032,2026-05-09,2,21.98,Organic
O012630,C0056,P0040,2026-05-09,1,35.3,Paid
O012631,C0035,P0040,2026-05-09,3,105.9,Paid
O012632,C0515,P0037,2026-05-09,3,246.93,Paid
O012633,C0257,P0005,2026-05-10,1,176.55,Organic
O012634,C0524,P0001,2026-05-10,1,313.86,Paid
O012635,C0081,P0013,2026-05-10,3,129.78,Email
O012636,C0775,P0024,2026-05-10,1,106.97,Paid
O012637,C0569,P0019,2026-05-10,3,238.77,Organic
O012638,C0768,P0022,2026-05-10,2,260.76,Organic
O012639,C0734,P0022,2026-05-10,1,130.38,Paid
O012640,C0575,P0022,2026-05-10,1,130.38,Paid
O012641,C0710,P0025,2026-05-10,1,46.06,Paid
O012642,C0175,P0034,2026-05-10,3,280.65,Paid
O012643,C0080,P0037,2026-05-10,1,82.31,Paid
O012644,C0123,P0035,2026-05-10,2,192.86,Organic
O012645,C0482,P0035,2026-05-10,3,289.29,Paid
O012646,C0495,P0033,2026-05-10,2,167.96,Paid
O012647,C0320,P0007,2026-05-10,1,61.98,Paid
O012648,C0701,P0001,2026-05-10,1,313.86,Paid
O012649,C0656,P0002,2026-05-10,3,673.98,Paid
O012650,C0484,P0006,2026-05-10,1,159.2,Paid
O012651,C0494,P0003,2026-05-10,3,293.91,Organic
O012652,C0683,P0014,2026-05-10,3,184.29,Paid
O012653,C0205,P0011,2026-05-10,1,43.82,Paid
O012654,C0780,P0009,2026-05-10,2,97.3,Paid
O012655,C0246,P0011,2026-05-10,1,43.82,Paid
O012656,C0328,P0020,2026-05-10,3,338.19,Paid
O012657,C0329,P0024,2026-05-10,1,106.97,Paid
O012658,C0060,P0021,2026-05-10,2,235.56,Email
O012659,C0231,P0020,2026-05-10,1,112.73,Organic
O012660,C0276,P0021,2026-05-10,2,235.56,Paid
O012661,C0190,P0030,2026-05-10,2,32.02,Paid
O012662,C0685,P0034,2026-05-10,3,280.65,Paid
O012663,C0592,P0033,2026-05-10,3,251.94,Paid
O012664,C0357,P0005,2026-05-10,2,353.1,Paid
O012665,C0638,P0003,2026-05-10,2,195.94,Paid
O012666,C0502,P0008,2026-05-10,2,372.6,Paid
O012667,C0571,P0012,2026-05-10,2,79.86,Paid
O012668,C0579,P0014,2026-05-10,2,122.86,Paid
O012669,C0141,P0012,2026-05-10,3,119.79,Paid
O012670,C0646,P0011,2026-05-10,1,43.82,Organic
O012671,C0350,P0009,2026-05-10,1,48.65,Organic
O012672,C0704,P0016,2026-05-10,2,59.64,Paid
O012673,C0015,P0009,2026-05-10,2,97.3,Paid
O012674,C0529,P0024,2026-05-10,2,213.94,Organic
O012675,C0211,P0023,2026-05-10,1,125.46,Paid
O012676,C0393,P0017,2026-05-10,3,370.14,Paid
O012677,C0623,P0024,2026-05-10,3,320.91,Paid
O012678,C0558,P0020,2026-05-10,3,338.19,Paid
O012679,C0151,P0021,2026-05-10,1,117.78,Paid
O012680,C0567,P0017,2026-05-10,1,123.38,Paid
O012681,C0229,P0023,2026-05-10,2,250.92,Paid
O012682,C0517,P0031,2026-05-10,2,59.7,Paid
O012683,C0268,P0025,2026-05-10,3,138.18,Paid
O012684,C0300,P0028,2026-05-10,2,45.44,Paid
O012685,C0204,P0040,2026-05-10,2,70.6,Paid
O012686,C0291,P0008,2026-05-10,1,186.3,Organic
O012687,C0416,P0005,2026-05-10,1,176.55,Paid
O012688,C0790,P0008,2026-05-10,2,372.6,Paid
O012689,C0412,P0001,2026-05-10,3,941.58,Paid
O012690,C0477,P0001,2026-05-10,3,941.58,Referral
O012691,C0745,P0013,2026-05-10,3,129.78,Paid
O012692,C0790,P0020,2026-05-10,3,338.19,Paid
O012693,C0301,P0022,2026-05-10,3,391.14,Paid
O012694,C0394,P0019,2026-05-10,3,238.77,Paid
O012695,C0593,P0030,2026-05-10,1,16.01,Paid
O012696,C0547,P0026,2026-05-10,1,17.86,Paid
O012697,C0744,P0030,2026-05-10,3,48.03,Paid
O012698,C0603,P0032,2026-05-10,1,10.99,Paid
O012699,C0117,P0036,2026-05-10,2,57.06,Paid
O012700,C0588,P0038,2026-05-10,1,103.02,Email
O012701,C0601,P0006,2026-05-11,2,318.4,Paid
O012702,C0795,P0009,2026-05-11,1,48.65,Organic
O012703,C0679,P0015,2026-05-11,1,52.3,Email
O012704,C0284,P0017,2026-05-11,1,123.38,Paid
O012705,C0723,P0024,2026-05-11,3,320.91,Paid
O012706,C0260,P0039,2026-05-11,2,37.56,Paid
O012707,C0795,P0035,2026-05-11,1,96.43,Paid
O012708,C0460,P0038,2026-05-11,2,206.04,Paid
O012709,C0280,P0039,2026-05-11,3,56.34,Paid
O012710,C0692,P0003,2026-05-11,1,97.97,Paid
O012711,C0182,P0001,2026-05-11,2,627.72,Paid
O012712,C0276,P0014,2026-05-11,1,61.43,Paid
O012713,C0694,P0015,2026-05-11,3,156.9,Organic
O012714,C0214,P0016,2026-05-11,2,59.64,Paid
O012715,C0420,P0014,2026-05-11,1,61.43,Paid
O012716,C0789,P0022,2026-05-11,2,260.76,Paid
O012717,C0758,P0021,2026-05-11,1,117.78,Email
O012718,C0171,P0018,2026-05-11,3,260.13,Paid
O012719,C0671,P0020,2026-05-11,1,112.73,Paid
O012720,C0651,P0026,2026-05-11,2,35.72,Paid
O012721,C0330,P0030,2026-05-11,1,16.01,Paid
O012722,C0370,P0030,2026-05-11,2,32.02,Paid
O012723,C0320,P0036,2026-05-11,2,57.06,Paid
O012724,C0410,P0034,2026-05-11,3,280.65,Paid
O012725,C0793,P0039,2026-05-11,2,37.56,Paid
O012726,C0672,P0037,2026-05-11,3,246.93,Paid
O012727,C0408,P0037,2026-05-11,2,164.62,Paid
O012728,C0516,P0005,2026-05-11,1,176.55,Paid
O012729,C0647,P0016,2026-05-11,1,29.82,Paid
O012730,C0668,P0016,2026-05-11,3,89.46,Paid
O012731,C0084,P0014,2026-05-11,1,61.43,Paid
O012732,C0300,P0015,2026-05-11,2,104.6,Paid
O012733,C0502,P0018,2026-05-11,2,173.42,Organic
O012734,C0145,P0025,2026-05-11,2,92.12,Organic
O012735,C0424,P0032,2026-05-11,1,10.99,Paid
O012736,C0210,P0028,2026-05-11,3,68.16,Email
O012737,C0637,P0032,2026-05-11,1,10.99,Paid
O012738,C0432,P0033,2026-05-11,2,167.96,Paid
O012739,C0162,P0034,2026-05-11,3,280.65,Paid
O012740,C0755,P0036,2026-05-11,3,85.59,Email
O012741,C0364,P0006,2026-05-11,1,159.2,Paid
O012742,C0716,P0003,2026-05-11,1,97.97,Paid
O012743,C0227,P0011,2026-05-11,2,87.64,Email
O012744,C0441,P0017,2026-05-11,3,370.14,Paid
O012745,C0603,P0021,2026-05-11,3,353.34,Organic
O012746,C0776,P0019,2026-05-11,1,79.59,Paid
O012747,C0147,P0022,2026-05-11,2,260.76,Paid
O012748,C0356,P0025,2026-05-11,3,138.18,Paid
O012749,C0550,P0026,2026-05-11,1,17.86,Paid
O012750,C0754,P0039,2026-05-11,1,18.78,Paid
O012751,C0703,P0033,2026-05-11,3,251.94,Paid
O012752,C0500,P0037,2026-05-11,3,246.93,Paid
O012753,C0609,P0035,2026-05-11,2,192.86,Organic
O012754,C0185,P0033,2026-05-11,2,167.96,Paid
O012755,C0049,P0008,2026-05-12,1,186.3,Email
O012756,C0175,P0005,2026-05-12,2,353.1,Paid
O012757,C0280,P0008,2026-05-12,1,186.3,Paid
O012758,C0175,P0001,2026-05-12,2,627.72,Paid
O012759,C0341,P0008,2026-05-12,3,558.9,Email
O012760,C0795,P0016,2026-05-12,2,59.64,Paid
O012761,C0280,P0024,2026-05-12,2,213.94,Organic
O012762,C0414,P0018,2026-05-12,2,173.42,Email
O012763,C0074,P0026,2026-05-12,1,17.86,Paid
O012764,C0662,P0035,2026-05-12,1,96.43,Organic
O012765,C0088,P0034,2026-05-12,1,93.55,Email
O012766,C0656,P0002,2026-05-12,1,224.66,Paid
O012767,C0079,P0015,2026-05-12,2,104.6,Paid
O012768,C0578,P0014,2026-05-12,2,122.86,Paid
O012769,C0126,P0011,2026-05-12,1,43.82,Referral
O012770,C0371,P0014,2026-05-12,2,122.86,Paid
O012771,C0409,P0023,2026-05-12,1,125.46,Paid
O012772,C0275,P0027,2026-05-12,3,134.88,Paid
O012773,C0302,P0032,2026-05-12,2,21.98,Paid
O012774,C0231,P0029,2026-05-12,3,68.67,Paid
O012775,C0003,P0025,2026-05-12,1,46.06,Paid
O012776,C0720,P0007,2026-05-12,2,123.96,Paid
O012777,C0668,P0003,2026-05-12,1,97.97,Paid
O012778,C0008,P0002,2026-05-12,2,449.32,Paid
O012779,C0669,P0001,2026-05-12,2,627.72,Paid
O012780,C0620,P0001,2026-05-12,1,313.86,Paid
O012781,C0162,P0014,2026-05-12,2,122.86,Paid
O012782,C0496,P0016,2026-05-12,2,59.64,Paid
O012783,C0558,P0009,2026-05-12,3,145.95,Paid
O012784,C0735,P0017,2026-05-12,3,370.14,Paid
O012785,C0620,P0019,2026-05-12,2,159.18,Paid
O012786,C0449,P0018,2026-05-12,1,86.71,Organic
O012787,C0192,P0019,2026-05-12,1,79.59,Email
O012788,C0141,P0028,2026-05-12,2,45.44,Paid
O012789,C0456,P0027,2026-05-12,3,134.88,Paid
O012790,C0708,P0037,2026-05-12,3,246.93,Paid
O012791,C0400,P0037,2026-05-12,2,164.62,Organic
O012792,C0294,P0003,2026-05-12,3,293.91,Paid
O012793,C0174,P0016,2026-05-12,3,89.46,Organic
O012794,C0245,P0009,2026-05-12,2,97.3,Organic
O012795,C0092,P0015,2026-05-12,2,104.6,Paid
O012796,C0134,P0024,2026-05-12,3,320.91,Paid
O012797,C0712,P0030,2026-05-12,1,16.01,Paid
O012798,C0100,P0036,2026-05-12,2,57.06,Email
O012799,C0396,P0034,2026-05-12,2,187.1,Paid
O012800,C0292,P0004,2026-05-13,3,353.1,Paid
O012801,C0046,P0003,2026-05-13,3,293.91,Paid
O012802,C0625,P0016,2026-05-13,2,59.64,Paid
O012803,C0654,P0024,2026-05-13,3,320.91,Paid
O012804,C0139,P0024,2026-05-13,3,320.91,Paid
O012805,C0772,P0040,2026-05-13,3,105.9,Paid
O012806,C0303,P0035,2026-05-13,3,289.29,Paid
O012807,C0080,P0039,2026-05-13,1,18.78,Organic
O012808,C0320,P0001,2026-05-13,1,313.86,Paid
O012809,C0409,P0005,2026-05-13,3,529.65,Paid
O012810,C0553,P0003,2026-05-13,1,97.97,Paid
O012811,C0417,P0004,2026-05-13,2,235.4,Paid
O012812,C0699,P0005,2026-05-13,1,176.55,Paid
O012813,C0231,P0012,2026-05-13,1,39.93,Email
O012814,C0756,P0012,2026-05-13,1,39.93,Paid
O012815,C0198,P0016,2026-05-13,1,29.82,Paid
O012816,C0420,P0018,2026-05-13,2,173.42,Paid
O012817,C0796,P0032,2026-05-13,1,10.99,Paid
O012818,C0182,P0031,2026-05-13,2,59.7,Paid
O012819,C0423,P0028,2026-05-13,2,45.44,Paid
O012820,C0463,P0036,2026-05-13,2,57.06,Paid
O012821,C0629,P0040,2026-05-13,3,105.9,Paid
O012822,C0706,P0001,2026-05-13,2,627.72,Paid
O012823,C0078,P0014,2026-05-13,3,184.29,Paid
O012824,C0229,P0014,2026-05-13,2,122.86,Paid
O012825,C0229,P0014,2026-05-13,1,61.43,Paid
O012826,C0669,P0022,2026-05-13,2,260.76,Paid
O012827,C0663,P0024,2026-05-13,3,320.91,Organic
O012828,C0767,P0029,2026-05-13,2,45.78,Paid
O012829,C0230,P0031,2026-05-13,1,29.85,Organic
O012830,C0077,P0034,2026-05-13,1,93.55,Paid
O012831,C0306,P0005,2026-05-13,1,176.55,Paid
O012832,C0619,P0005,2026-05-13,3,529.65,Paid
O012833,C0665,P0011,2026-05-13,2,87.64,Paid
O012834,C0564,P0010,2026-05-13,1,36.53,Email
O012835,C0100,P0016,2026-05-13,3,89.46,Paid
O012836,C0664,P0012,2026-05-13,2,79.86,Paid
O012837,C0588,P0022,2026-05-13,3,391.14,Paid
O012838,C0397,P0018,2026-05-13,3,260.13,Paid
O012839,C0195,P0032,2026-05-13,3,32.97,Organic
O012840,C0396,P0032,2026-05-13,3,32.97,Paid
O012841,C0234,P0029,2026-05-13,2,45.78,Paid
O012842,C0104,P0038,2026-05-13,2,206.04,Paid
O012843,C0189,P0003,2026-05-14,3,293.91,Organic
O012844,C0586,P0005,2026-05-14,2,353.1,Paid
O012845,C0343,P0012,2026-05-14,3,119.79,Paid
O012846,C0587,P0016,2026-05-14,1,29.82,Organic
O012847,C0038,P0017,2026-05-14,1,123.38,Paid
O012848,C0173,P0017,2026-05-14,2,246.76,Paid
O012849,C0752,P0021,2026-05-14,2,235.56,Referral
O012850,C0331,P0020,2026-05-14,3,338.19,Email
O012851,C0311,P0025,2026-05-14,3,138.18,Paid
O012852,C0355,P0034,2026-05-14,3,280.65,Paid
O012853,C0482,P0039,2026-05-14,1,18.78,Paid
O012854,C0320,P0007,2026-05-14,1,61.98,Paid
O012855,C0302,P0024,2026-05-14,1,106.97,Email
O012856,C0793,P0017,2026-05-14,3,370.14,Email
O012857,C0512,P0019,2026-05-14,3,238.77,Email
O012858,C0241,P0017,2026-05-14,1,123.38,Paid
O012859,C0719,P0022,2026-05-14,1,130.38,Paid
O012860,C0241,P0029,2026-05-14,3,68.67,Email
O012861,C0423,P0028,2026-05-14,1,22.72,Paid
O012862,C0285,P0036,2026-05-14,2,57.06,Paid
O012863,C0447,P0040,2026-05-14,1,35.3,Email
O012864,C0612,P0034,2026-05-14,2,187.1,Organic
O012865,C0598,P0034,2026-05-14,2,187.1,Paid
O012866,C0229,P0002,2026-05-14,3,673.98,Paid
O012867,C0535,P0009,2026-05-14,1,48.65,Referral
O012868,C0225,P0011,2026-05-14,3,131.46,Paid
O012869,C0300,P0017,2026-05-14,3,370.14,Paid
O012870,C0735,P0024,2026-05-14,2,213.94,Paid
O012871,C0354,P0028,2026-05-14,2,45.44,Organic
O012872,C0153,P0029,2026-05-14,2,45.78,Paid
O012873,C0646,P0037,2026-05-14,1,82.31,Paid
O012874,C0666,P0036,2026-05-14,1,28.53,Paid
O012875,C0357,P0035,2026-05-14,1,96.43,Email
O012876,C0148,P0034,2026-05-14,1,93.55,Paid
O012877,C0496,P0036,2026-05-14,2,57.06,Paid
O012878,C0288,P0040,2026-05-14,2,70.6,Paid
O012879,C0459,P0008,2026-05-14,2,372.6,Paid
O012880,C0035,P0008,2026-05-14,2,372.6,Organic
O012881,C0532,P0005,2026-05-14,1,176.55,Paid
O012882,C0560,P0008,2026-05-14,3,558.9,Paid
O012883,C0271,P0015,2026-05-14,2,104.6,Paid
O012884,C0247,P0012,2026-05-14,3,119.79,Organic
O012885,C0467,P0024,2026-05-14,3,320.91,Paid
O012886,C0224,P0029,2026-05-14,1,22.89,Paid
O012887,C0690,P0029,2026-05-14,3,68.67,Paid
O012888,C0237,P0027,2026-05-14,2,89.92,Paid
O012889,C0140,P0038,2026-05-14,1,103.02,Paid
O012890,C0043,P0035,2026-05-14,2,192.86,Paid
O012891,C0314,P0033,2026-05-14,3,251.94,Organic
O012892,C0093,P0039,2026-05-14,1,18.78,Paid
O012893,C0164,P0006,2026-05-15,2,318.4,Paid
O012894,C0317,P0011,2026-05-15,2,87.64,Paid
O012895,C0325,P0013,2026-05-15,2,86.52,Organic
O012896,C0795,P0018,2026-05-15,2,173.42,Email
O012897,C0575,P0021,2026-05-15,2,235.56,Paid
O012898,C0124,P0030,2026-05-15,2,32.02,Paid
O012899,C0165,P0030,2026-05-15,3,48.03,Paid
O012900,C0013,P0031,2026-05-15,3,89.55,Paid
O012901,C0573,P0028,2026-05-15,3,68.16,Paid
O012902,C0257,P0027,2026-05-15,2,89.92,Paid
O012903,C0269,P0037,2026-05-15,1,82.31,Referral
O012904,C0455,P0038,2026-05-15,2,206.04,Paid
O012905,C0024,P0033,2026-05-15,3,251.94,Paid
O012906,C0124,P0033,2026-05-15,3,251.94,Email
O012907,C0144,P0005,2026-05-15,3,529.65,Paid
O012908,C0769,P0007,2026-05-15,1,61.98,Email
O012909,C0769,P0004,2026-05-15,1,117.7,Paid
O012910,C0198,P0002,2026-05-15,3,673.98,Paid
O012911,C0785,P0004,2026-05-15,1,117.7,Organic
O012912,C0681,P0005,2026-05-15,3,529.65,Paid
O012913,C0282,P0002,2026-05-15,3,673.98,Organic
O012914,C0381,P0021,2026-05-15,1,117.78,Paid
O012915,C0409,P0020,2026-05-15,3,338.19,Paid
O012916,C0138,P0032,2026-05-15,3,32.97,Paid
O012917,C0333,P0029,2026-05-15,2,45.78,Organic
O012918,C0512,P0034,2026-05-15,3,280.65,Paid
O012919,C0170,P0035,2026-05-15,1,96.43,Paid
O012920,C0612,P0033,2026-05-15,2,167.96,Paid
O012921,C0738,P0035,2026-05-15,1,96.43,Paid
O012922,C0204,P0006,2026-05-15,3,477.6,Paid
O012923,C0770,P0005,2026-05-15,3,529.65,Organic
O012924,C0350,P0006,2026-05-15,3,477.6,Paid
O012925,C0765,P0013,2026-05-15,2,86.52,Email
O012926,C0313,P0017,2026-05-15,2,246.76,Paid
O012927,C0083,P0017,2026-05-15,1,123.38,Organic
O012928,C0183,P0024,2026-05-15,2,213.94,Paid
O012929,C0663,P0020,2026-05-15,3,338.19,Paid
O012930,C0565,P0032,2026-05-15,2,21.98,Paid
O012931,C0580,P0026,2026-05-15,2,35.72,Paid
O012932,C0087,P0034,2026-05-15,3,280.65,Paid
O012933,C0653,P0036,2026-05-15,3,85.59,Organic
O012934,C0717,P0001,2026-05-15,2,627.72,Organic
O012935,C0373,P0007,2026-05-15,3,185.94,Paid
O012936,C0693,P0008,2026-05-15,3,558.9,Paid
O012937,C0367,P0009,2026-05-15,1,48.65,Paid
O012938,C0294,P0011,2026-05-15,2,87.64,Paid
O012939,C0194,P0016,2026-05-15,3,89.46,Paid
O012940,C0597,P0013,2026-05-15,2,86.52,Paid
O012941,C0209,P0014,2026-05-15,3,184.29,Paid
O012942,C0603,P0021,2026-05-15,2,235.56,Organic
O012943,C0020,P0024,2026-05-15,3,320.91,Email
O012944,C0207,P0018,2026-05-15,2,173.42,Paid
O012945,C0744,P0017,2026-05-15,2,246.76,Paid
O012946,C0356,P0028,2026-05-15,1,22.72,Organic
O012947,C0441,P0029,2026-05-15,1,22.89,Paid
O012948,C0207,P0026,2026-05-15,2,35.72,Paid
O012949,C0207,P0031,2026-05-15,3,89.55,Paid
O012950,C0617,P0005,2026-05-16,2,353.1,Paid
O012951,C0575,P0016,2026-05-16,1,29.82,Paid
O012952,C0299,P0011,2026-05-16,3,131.46,Paid
O012953,C0366,P0015,2026-05-16,2,104.6,Organic
O012954,C0473,P0019,2026-05-16,1,79.59,Organic
O012955,C0460,P0024,2026-05-16,2,213.94,Email
O012956,C0545,P0020,2026-05-16,2,225.46,Paid
O012957,C0366,P0025,2026-05-16,2,92.12,Paid
O012958,C0361,P0025,2026-05-16,1,46.06,Organic
O012959,C0421,P0030,2026-05-16,2,32.02,Organic
O012960,C0800,P0028,2026-05-16,2,45.44,Paid
O012961,C0127,P0035,2026-05-16,1,96.43,Paid
O012962,C0752,P0036,2026-05-16,3,85.59,Paid
O012963,C0575,P0040,2026-05-16,2,70.6,Paid
O012964,C0337,P0035,2026-05-16,1,96.43,Paid
O012965,C0774,P0008,2026-05-16,1,186.3,Organic
O012966,C0330,P0005,2026-05-16,3,529.65,Referral
O012967,C0376,P0006,2026-05-16,2,318.4,Paid
O012968,C0387,P0004,2026-05-16,2,235.4,Paid
O012969,C0539,P0007,2026-05-16,1,61.98,Paid
O012970,C0726,P0007,2026-05-16,3,185.94,Organic
O012971,C0566,P0010,2026-05-16,2,73.06,Paid
O012972,C0335,P0016,2026-05-16,2,59.64,Organic
O012973,C0376,P0013,2026-05-16,1,43.26,Paid
O012974,C0381,P0010,2026-05-16,2,73.06,Paid
O012975,C0261,P0018,2026-05-16,3,260.13,Paid
O012976,C0095,P0022,2026-05-16,2,260.76,Paid
O012977,C0785,P0018,2026-05-16,2,173.42,Paid
O012978,C0474,P0020,2026-05-16,1,112.73,Paid
O012979,C0205,P0032,2026-05-16,1,10.99,Organic
O012980,C0447,P0038,2026-05-16,3,309.06,Paid
O012981,C0054,P0007,2026-05-16,1,61.98,Paid
O012982,C0084,P0008,2026-05-16,2,372.6,Paid
O012983,C0102,P0001,2026-05-16,3,941.58,Paid
O012984,C0197,P0013,2026-05-16,3,129.78,Email
O012985,C0480,P0011,2026-05-16,3,131.46,Organic
O012986,C0445,P0009,2026-05-16,2,97.3,Paid
O012987,C0272,P0020,2026-05-16,3,338.19,Paid
O012988,C0206,P0024,2026-05-16,2,213.94,Paid
O012989,C0113,P0020,2026-05-16,3,338.19,Email
O012990,C0225,P0021,2026-05-16,2,235.56,Paid
O012991,C0063,P0024,2026-05-16,2,213.94,Paid
O012992,C0350,P0026,2026-05-16,2,35.72,Email
O012993,C0360,P0031,2026-05-16,1,29.85,Email
O012994,C0624,P0032,2026-05-16,2,21.98,Paid
O012995,C0682,P0027,2026-05-16,1,44.96,Paid
O012996,C0778,P0027,2026-05-16,2,89.92,Paid
O012997,C0496,P0037,2026-05-16,1,82.31,Organic
O012998,C0010,P0037,2026-05-16,2,164.62,Paid
O012999,C0092,P0002,2026-05-16,3,673.98,Paid
O013000,C0273,P0004,2026-05-16,2,235.4,Paid
O013001,C0100,P0002,2026-05-16,3,673.98,Paid
O013002,C0291,P0005,2026-05-16,1,176.55,Paid
O013003,C0340,P0009,2026-05-16,1,48.65,Email
O013004,C0068,P0015,2026-05-16,1,52.3,Organic
O013005,C0092,P0021,2026-05-16,1,117.78,Email
O013006,C0053,P0019,2026-05-16,2,159.18,Paid
O013007,C0286,P0020,2026-05-16,3,338.19,Paid
O013008,C0798,P0023,2026-05-16,2,250.92,Email
O013009,C0568,P0020,2026-05-16,1,112.73,Paid
O013010,C0373,P0018,2026-05-16,2,173.42,Paid
O013011,C0312,P0027,2026-05-16,3,134.88,Paid
O013012,C0020,P0033,2026-05-16,3,251.94,Paid
O013013,C0152,P0034,2026-05-16,3,280.65,Paid
O013014,C0730,P0040,2026-05-16,1,35.3,Organic
O013015,C0245,P0039,2026-05-16,2,37.56,Paid
O013016,C0655,P0039,2026-05-16,3,56.34,Paid
O013017,C0209,P0033,2026-05-16,1,83.98,Paid
O013018,C0308,P0006,2026-05-17,1,159.2,Paid
O013019,C0589,P0005,2026-05-17,3,529.65,Paid
O013020,C0601,P0003,2026-05-17,1,97.97,Paid
O013021,C0175,P0005,2026-05-17,3,529.65,Paid
O013022,C0264,P0017,2026-05-17,2,246.76,Email
O013023,C0188,P0020,2026-05-17,2,225.46,Paid
O013024,C0038,P0020,2026-05-17,1,112.73,Email
O013025,C0734,P0024,2026-05-17,2,213.94,Paid
O013026,C0392,P0022,2026-05-17,3,391.14,Paid
O013027,C0146,P0032,2026-05-17,3,32.97,Organic
O013028,C0519,P0037,2026-05-17,2,164.62,Organic
O013029,C0566,P0007,2026-05-17,3,185.94,Paid
O013030,C0709,P0006,2026-05-17,3,477.6,Paid
O013031,C0323,P0002,2026-05-17,3,673.98,Paid
O013032,C0671,P0013,2026-05-17,2,86.52,Email
O013033,C0285,P0010,2026-05-17,2,73.06,Paid
O013034,C0750,P0011,2026-05-17,2,87.64,Paid
O013035,C0170,P0019,2026-05-17,3,238.77,Organic
O013036,C0330,P0021,2026-05-17,1,117.78,Paid
O013037,C0302,P0024,2026-05-17,3,320.91,Paid
O013038,C0358,P0022,2026-05-17,2,260.76,Paid
O013039,C0698,P0020,2026-05-17,1,112.73,Referral
O013040,C0488,P0028,2026-05-17,2,45.44,Paid
O013041,C0557,P0027,2026-05-17,2,89.92,Paid
O013042,C0144,P0031,2026-05-17,1,29.85,Referral
O013043,C0076,P0040,2026-05-17,3,105.9,Paid
O013044,C0784,P0039,2026-05-17,2,37.56,Paid
O013045,C0215,P0004,2026-05-17,3,353.1,Paid
O013046,C0567,P0001,2026-05-17,2,627.72,Paid
O013047,C0471,P0005,2026-05-17,1,176.55,Paid
O013048,C0083,P0001,2026-05-17,1,313.86,Email
O013049,C0476,P0024,2026-05-17,3,320.91,Email
O013050,C0071,P0019,2026-05-17,1,79.59,Paid
O013051,C0336,P0017,2026-05-17,1,123.38,Paid
O013052,C0668,P0029,2026-05-17,3,68.67,Paid
O013053,C0289,P0029,2026-05-17,1,22.89,Paid
O013054,C0476,P0032,2026-05-17,2,21.98,Paid
O013055,C0579,P0028,2026-05-17,1,22.72,Paid
O013056,C0478,P0032,2026-05-17,1,10.99,Paid
O013057,C0517,P0028,2026-05-17,2,45.44,Paid
O013058,C0661,P0034,2026-05-17,2,187.1,Paid
O013059,C0480,P0037,2026-05-17,3,246.93,Organic
O013060,C0229,P0038,2026-05-17,2,206.04,Paid
O013061,C0668,P0039,2026-05-17,1,18.78,Email
O013062,C0385,P0006,2026-05-17,3,477.6,Paid
O013063,C0506,P0006,2026-05-17,1,159.2,Paid
O013064,C0430,P0005,2026-05-17,2,353.1,Paid
O013065,C0501,P0011,2026-05-17,3,131.46,Organic
O013066,C0364,P0009,2026-05-17,2,97.3,Paid
O013067,C0729,P0011,2026-05-17,2,87.64,Paid
O013068,C0643,P0024,2026-05-17,1,106.97,Referral
O013069,C0245,P0024,2026-05-17,2,213.94,Paid
O013070,C0092,P0023,2026-05-17,1,125.46,Paid
O013071,C0163,P0026,2026-05-17,3,53.58,Paid
O013072,C0763,P0028,2026-05-17,3,68.16,Paid
O013073,C0588,P0036,2026-05-17,3,85.59,Organic
O013074,C0712,P0038,2026-05-17,1,103.02,Paid
O013075,C0582,P0036,2026-05-17,1,28.53,Paid
O013076,C0385,P0040,2026-05-17,3,105.9,Paid
O013077,C0088,P0006,2026-05-18,2,318.4,Paid
O013078,C0503,P0014,2026-05-18,3,184.29,Email
O013079,C0768,P0016,2026-05-18,1,29.82,Email
O013080,C0526,P0022,2026-05-18,3,391.14,Paid
O013081,C0395,P0022,2026-05-18,1,130.38,Paid
O013082,C0741,P0024,2026-05-18,2,213.94,Paid
O013083,C0503,P0025,2026-05-18,1,46.06,Organic
O013084,C0446,P0032,2026-05-18,3,32.97,Paid
O013085,C0366,P0038,2026-05-18,1,103.02,Organic
O013086,C0191,P0037,2026-05-18,3,246.93,Paid
O013087,C0186,P0035,2026-05-18,2,192.86,Paid
O013088,C0284,P0035,2026-05-18,3,289.29,Paid
O013089,C0766,P0014,2026-05-18,1,61.43,Paid
O013090,C0683,P0023,2026-05-18,1,125.46,Organic
O013091,C0243,P0020,2026-05-18,1,112.73,Organic
O013092,C0758,P0033,2026-05-18,2,167.96,Email
O013093,C0769,P0034,2026-05-18,1,93.55,Referral
O013094,C0313,P0001,2026-05-18,3,941.58,Paid
O013095,C0611,P0012,2026-05-18,1,39.93,Organic
O013096,C0211,P0010,2026-05-18,3,109.59,Paid
O013097,C0565,P0018,2026-05-18,1,86.71,Paid
O013098,C0316,P0019,2026-05-18,2,159.18,Paid
O013099,C0232,P0018,2026-05-18,1,86.71,Paid
O013100,C0666,P0031,2026-05-18,1,29.85,Referral
O013101,C0620,P0028,2026-05-18,3,68.16,Paid
O013102,C0082,P0002,2026-05-18,3,673.98,Organic
O013103,C0069,P0006,2026-05-18,3,477.6,Paid
O013104,C0344,P0005,2026-05-18,1,176.55,Email
O013105,C0787,P0015,2026-05-18,2,104.6,Paid
O013106,C0430,P0018,2026-05-18,3,260.13,Paid
O013107,C0729,P0017,2026-05-18,1,123.38,Paid
O013108,C0397,P0028,2026-05-18,3,68.16,Paid
O013109,C0089,P0025,2026-05-18,1,46.06,Paid
O013110,C0053,P0025,2026-05-18,1,46.06,Email
O013111,C0002,P0026,2026-05-18,1,17.86,Organic
O013112,C0245,P0026,2026-05-18,1,17.86,Paid
O013113,C0149,P0031,2026-05-18,3,89.55,Organic
O013114,C0547,P0026,2026-05-18,3,53.58,Paid
O013115,C0362,P0025,2026-05-18,2,92.12,Paid
O013116,C0729,P0033,2026-05-18,3,251.94,Paid
O013117,C0101,P0040,2026-05-18,3,105.9,Paid
O013118,C0081,P0004,2026-05-19,2,235.4,Referral
O013119,C0259,P0005,2026-05-19,2,353.1,Paid
O013120,C0341,P0014,2026-05-19,2,122.86,Paid
O013121,C0264,P0016,2026-05-19,1,29.82,Organic
O013122,C0448,P0020,2026-05-19,2,225.46,Organic
O013123,C0775,P0022,2026-05-19,1,130.38,Paid
O013124,C0700,P0018,2026-05-19,3,260.13,Paid
O013125,C0674,P0017,2026-05-19,2,246.76,Paid
O013126,C0155,P0029,2026-05-19,2,45.78,Organic
O013127,C0366,P0028,2026-05-19,2,45.44,Paid
O013128,C0186,P0032,2026-05-19,1,10.99,Paid
O013129,C0715,P0029,2026-05-19,1,22.89,Paid
O013130,C0236,P0032,2026-05-19,2,21.98,Organic
O013131,C0418,P0034,2026-05-19,3,280.65,Email
O013132,C0308,P0038,2026-05-19,3,309.06,Organic
O013133,C0764,P0006,2026-05-19,1,159.2,Paid
O013134,C0333,P0002,2026-05-19,2,449.32,Paid
O013135,C0170,P0014,2026-05-19,3,184.29,Paid
O013136,C0616,P0015,2026-05-19,3,156.9,Paid
O013137,C0055,P0013,2026-05-19,1,43.26,Referral
O013138,C0578,P0015,2026-05-19,1,52.3,Paid
O013139,C0333,P0009,2026-05-19,3,145.95,Paid
O013140,C0086,P0024,2026-05-19,2,213.94,Organic
O013141,C0415,P0018,2026-05-19,1,86.71,Paid
O013142,C0382,P0026,2026-05-19,2,35.72,Paid
O013143,C0447,P0026,2026-05-19,3,53.58,Paid
O013144,C0381,P0025,2026-05-19,3,138.18,Paid
O013145,C0539,P0027,2026-05-19,3,134.88,Email
O013146,C0786,P0025,2026-05-19,1,46.06,Organic
O013147,C0285,P0036,2026-05-19,3,85.59,Organic
O013148,C0181,P0038,2026-05-19,1,103.02,Organic
O013149,C0793,P0038,2026-05-19,1,103.02,Paid
O013150,C0028,P0034,2026-05-19,1,93.55,Organic
O013151,C0746,P0035,2026-05-19,3,289.29,Organic
O013152,C0031,P0007,2026-05-19,3,185.94,Paid
O013153,C0148,P0005,2026-05-19,2,353.1,Paid
O013154,C0429,P0003,2026-05-19,3,293.91,Paid
O013155,C0400,P0016,2026-05-19,3,89.46,Paid
O013156,C0660,P0009,2026-05-19,3,145.95,Paid
O013157,C0516,P0011,2026-05-19,2,87.64,Paid
O013158,C0647,P0013,2026-05-19,1,43.26,Paid
O013159,C0480,P0009,2026-05-19,1,48.65,Paid
O013160,C0075,P0014,2026-05-19,2,122.86,Paid
O013161,C0015,P0016,2026-05-19,3,89.46,Paid
O013162,C0141,P0024,2026-05-19,2,213.94,Paid
O013163,C0151,P0031,2026-05-19,3,89.55,Paid
O013164,C0077,P0030,2026-05-19,1,16.01,Paid
O013165,C0646,P0038,2026-05-19,3,309.06,Paid
O013166,C0210,P0040,2026-05-19,2,70.6,Email
O013167,C0162,P0037,2026-05-19,2,164.62,Paid
O013168,C0327,P0035,2026-05-19,3,289.29,Paid
O013169,C0770,P0039,2026-05-19,2,37.56,Email
O013170,C0393,P0040,2026-05-19,2,70.6,Paid
O013171,C0449,P0038,2026-05-19,3,309.06,Paid
O013172,C0108,P0006,2026-05-19,1,159.2,Organic
O013173,C0159,P0014,2026-05-19,2,122.86,Paid
O013174,C0412,P0012,2026-05-19,1,39.93,Organic
O013175,C0356,P0011,2026-05-19,1,43.82,Paid
O013176,C0744,P0010,2026-05-19,1,36.53,Paid
O013177,C0582,P0023,2026-05-19,2,250.92,Paid
O013178,C0227,P0018,2026-05-19,1,86.71,Paid
O013179,C0717,P0019,2026-05-19,2,159.18,Paid
O013180,C0676,P0019,2026-05-19,2,159.18,Referral
O013181,C0029,P0024,2026-05-19,1,106.97,Paid
O013182,C0270,P0023,2026-05-19,3,376.38,Paid
O013183,C0532,P0031,2026-05-19,2,59.7,Organic
O013184,C0291,P0032,2026-05-19,3,32.97,Organic
O013185,C0185,P0037,2026-05-19,3,246.93,Email
O013186,C0740,P0033,2026-05-19,1,83.98,Paid
O013187,C0459,P0035,2026-05-19,2,192.86,Paid
O013188,C0455,P0006,2026-05-20,3,477.6,Email
O013189,C0378,P0002,2026-05-20,3,673.98,Paid
O013190,C0098,P0011,2026-05-20,3,131.46,Email
O013191,C0587,P0009,2026-05-20,3,145.95,Paid
O013192,C0470,P0018,2026-05-20,1,86.71,Paid
O013193,C0715,P0020,2026-05-20,2,225.46,Paid
O013194,C0473,P0017,2026-05-20,3,370.14,Organic
O013195,C0545,P0021,2026-05-20,3,353.34,Paid
O013196,C0024,P0025,2026-05-20,3,138.18,Paid
O013197,C0133,P0027,2026-05-20,3,134.88,Paid
O013198,C0414,P0038,2026-05-20,3,309.06,Organic
O013199,C0575,P0037,2026-05-20,1,82.31,Paid
O013200,C0503,P0039,2026-05-20,1,18.78,Paid
O013201,C0698,P0003,2026-05-20,1,97.97,Paid
O013202,C0764,P0014,2026-05-20,3,184.29,Email
O013203,C0328,P0016,2026-05-20,1,29.82,Paid
O013204,C0274,P0019,2026-05-20,1,79.59,Paid
O013205,C0026,P0023,2026-05-20,1,125.46,Organic
O013206,C0021,P0029,2026-05-20,1,22.89,Paid
O013207,C0190,P0032,2026-05-20,2,21.98,Paid
O013208,C0076,P0028,2026-05-20,3,68.16,Organic
O013209,C0381,P0031,2026-05-20,2,59.7,Paid
O013210,C0629,P0037,2026-05-20,3,246.93,Paid
O013211,C0246,P0037,2026-05-20,2,164.62,Paid
O013212,C0048,P0037,2026-05-20,3,246.93,Organic
O013213,C0285,P0039,2026-05-20,2,37.56,Paid
O013214,C0078,P0002,2026-05-20,1,224.66,Paid
O013215,C0658,P0010,2026-05-20,3,109.59,Organic
O013216,C0704,P0015,2026-05-20,1,52.3,Paid
O013217,C0183,P0017,2026-05-20,3,370.14,Paid
O013218,C0464,P0017,2026-05-20,3,370.14,Email
O013219,C0015,P0027,2026-05-20,1,44.96,Organic
O013220,C0649,P0038,2026-05-20,2,206.04,Paid
O013221,C0209,P0002,2026-05-20,1,224.66,Paid
O013222,C0634,P0002,2026-05-20,3,673.98,Paid
O013223,C0703,P0007,2026-05-20,3,185.94,Paid
O013224,C0492,P0005,2026-05-20,1,176.55,Referral
O013225,C0588,P0001,2026-05-20,3,941.58,Organic
O013226,C0615,P0006,2026-05-20,1,159.2,Paid
O013227,C0051,P0006,2026-05-20,1,159.2,Paid
O013228,C0597,P0020,2026-05-20,2,225.46,Paid
O013229,C0593,P0020,2026-05-20,2,225.46,Paid
O013230,C0493,P0020,2026-05-20,1,112.73,Paid
O013231,C0301,P0021,2026-05-20,3,353.34,Paid
O013232,C0271,P0031,2026-05-20,2,59.7,Organic
O013233,C0615,P0033,2026-05-20,3,251.94,Paid
O013234,C0058,P0006,2026-05-21,2,318.4,Organic
O013235,C0331,P0008,2026-05-21,2,372.6,Email
O013236,C0621,P0015,2026-05-21,1,52.3,Paid
O013237,C0621,P0019,2026-05-21,3,238.77,Paid
O013238,C0618,P0017,2026-05-21,2,246.76,Paid
O013239,C0621,P0023,2026-05-21,2,250.92,Organic
O013240,C0024,P0028,2026-05-21,1,22.72,Email
O013241,C0330,P0006,2026-05-21,2,318.4,Paid
O013242,C0672,P0003,2026-05-21,1,97.97,Paid
O013243,C0359,P0007,2026-05-21,1,61.98,Organic
O013244,C0329,P0010,2026-05-21,1,36.53,Paid
O013245,C0254,P0023,2026-05-21,2,250.92,Paid
O013246,C0330,P0022,2026-05-21,1,130.38,Paid
O013247,C0694,P0030,2026-05-21,3,48.03,Organic
O013248,C0699,P0028,2026-05-21,1,22.72,Paid
O013249,C0381,P0029,2026-05-21,3,68.67,Paid
O013250,C0415,P0025,2026-05-21,3,138.18,Paid
O013251,C0463,P0038,2026-05-21,3,309.06,Paid
O013252,C0136,P0007,2026-05-21,1,61.98,Organic
O013253,C0263,P0005,2026-05-21,2,353.1,Paid
O013254,C0232,P0015,2026-05-21,1,52.3,Paid
O013255,C0130,P0021,2026-05-21,2,235.56,Organic
O013256,C0765,P0020,2026-05-21,1,112.73,Paid
O013257,C0517,P0025,2026-05-21,1,46.06,Paid
O013258,C0296,P0028,2026-05-21,2,45.44,Paid
O013259,C0225,P0033,2026-05-21,1,83.98,Organic
O013260,C0432,P0036,2026-05-21,3,85.59,Organic
O013261,C0706,P0038,2026-05-21,2,206.04,Paid
O013262,C0531,P0037,2026-05-21,1,82.31,Paid
O013263,C0059,P0001,2026-05-21,3,941.58,Paid
O013264,C0169,P0009,2026-05-21,1,48.65,Paid
O013265,C0092,P0016,2026-05-21,2,59.64,Email
O013266,C0776,P0020,2026-05-21,1,112.73,Email
O013267,C0002,P0030,2026-05-21,2,32.02,Paid
O013268,C0294,P0032,2026-05-21,3,32.97,Paid
O013269,C0020,P0036,2026-05-21,3,85.59,Paid
O013270,C0290,P0039,2026-05-21,3,56.34,Paid
O013271,C0174,P0035,2026-05-21,2,192.86,Paid
O013272,C0127,P0008,2026-05-22,3,558.9,Paid
O013273,C0600,P0004,2026-05-22,1,117.7,Organic
O013274,C0569,P0007,2026-05-22,1,61.98,Paid
O013275,C0715,P0013,2026-05-22,2,86.52,Paid
O013276,C0761,P0012,2026-05-22,2,79.86,Paid
O013277,C0618,P0023,2026-05-22,3,376.38,Paid
O013278,C0189,P0024,2026-05-22,2,213.94,Paid
O013279,C0280,P0025,2026-05-22,3,138.18,Organic
O013280,C0418,P0026,2026-05-22,2,35.72,Paid
O013281,C0129,P0033,2026-05-22,1,83.98,Organic
O013282,C0678,P0036,2026-05-22,3,85.59,Paid
O013283,C0266,P0011,2026-05-22,1,43.82,Paid
O013284,C0721,P0009,2026-05-22,3,145.95,Organic
O013285,C0283,P0010,2026-05-22,2,73.06,Paid
O013286,C0793,P0020,2026-05-22,2,225.46,Paid
O013287,C0796,P0021,2026-05-22,2,235.56,Organic
O013288,C0639,P0017,2026-05-22,2,246.76,Organic
O013289,C0423,P0024,2026-05-22,2,213.94,Paid
O013290,C0709,P0030,2026-05-22,2,32.02,Paid
O013291,C0243,P0027,2026-05-22,1,44.96,Email
O013292,C0760,P0040,2026-05-22,2,70.6,Paid
O013293,C0036,P0004,2026-05-22,3,353.1,Email
O013294,C0112,P0002,2026-05-22,3,673.98,Paid
O013295,C0120,P0003,2026-05-22,3,293.91,Paid
O013296,C0572,P0007,2026-05-22,3,185.94,Paid
O013297,C0120,P0012,2026-05-22,1,39.93,Referral
O013298,C0102,P0012,2026-05-22,2,79.86,Paid
O013299,C0431,P0019,2026-05-22,2,159.18,Referral
O013300,C0689,P0027,2026-05-22,3,134.88,Paid
O013301,C0063,P0029,2026-05-22,1,22.89,Paid
O013302,C0636,P0035,2026-05-22,3,289.29,Paid
O013303,C0272,P0036,2026-05-22,3,85.59,Paid
O013304,C0529,P0037,2026-05-22,2,164.62,Paid
O013305,C0196,P0035,2026-05-22,3,289.29,Paid
O013306,C0441,P0003,2026-05-22,1,97.97,Paid
O013307,C0134,P0008,2026-05-22,3,558.9,Paid
O013308,C0628,P0013,2026-05-22,1,43.26,Paid
O013309,C0318,P0032,2026-05-22,3,32.97,Paid
O013310,C0791,P0027,2026-05-22,3,134.88,Email
O013311,C0297,P0038,2026-05-22,2,206.04,Paid
O013312,C0301,P0033,2026-05-22,1,83.98,Paid
O013313,C0105,P0039,2026-05-22,3,56.34,Paid
O013314,C0800,P0004,2026-05-23,1,117.7,Paid
O013315,C0131,P0001,2026-05-23,3,941.58,Paid
O013316,C0222,P0011,2026-05-23,2,87.64,Organic
O013317,C0178,P0010,2026-05-23,1,36.53,Paid
O013318,C0074,P0015,2026-05-23,2,104.6,Paid
O013319,C0503,P0016,2026-05-23,3,89.46,Email
O013320,C0731,P0011,2026-05-23,3,131.46,Email
O013321,C0648,P0009,2026-05-23,3,145.95,Paid
O013322,C0455,P0011,2026-05-23,3,131.46,Organic
O013323,C0460,P0019,2026-05-23,3,238.77,Paid
O013324,C0293,P0027,2026-05-23,3,134.88,Paid
O013325,C0741,P0025,2026-05-23,1,46.06,Paid
O013326,C0575,P0027,2026-05-23,2,89.92,Paid
O013327,C0097,P0038,2026-05-23,2,206.04,Paid
O013328,C0325,P0036,2026-05-23,1,28.53,Organic
O013329,C0133,P0034,2026-05-23,3,280.65,Paid
O013330,C0678,P0034,2026-05-23,1,93.55,Organic
O013331,C0240,P0004,2026-05-23,2,235.4,Paid
O013332,C0085,P0020,2026-05-23,2,225.46,Paid
O013333,C0746,P0020,2026-05-23,2,225.46,Paid
O013334,C0599,P0021,2026-05-23,1,117.78,Organic
O013335,C0267,P0022,2026-05-23,1,130.38,Paid
O013336,C0711,P0033,2026-05-23,1,83.98,Paid
O013337,C0304,P0034,2026-05-23,1,93.55,Paid
O013338,C0282,P0036,2026-05-23,1,28.53,Paid
O013339,C0126,P0033,2026-05-23,1,83.98,Paid
O013340,C0228,P0005,2026-05-23,2,353.1,Organic
O013341,C0042,P0001,2026-05-23,3,941.58,Email
O013342,C0735,P0004,2026-05-23,2,235.4,Paid
O013343,C0697,P0007,2026-05-23,2,123.96,Paid
O013344,C0502,P0003,2026-05-23,1,97.97,Paid
O013345,C0649,P0011,2026-05-23,3,131.46,Paid
O013346,C0197,P0014,2026-05-23,2,122.86,Email
O013347,C0296,P0009,2026-05-23,1,48.65,Organic
O013348,C0031,P0015,2026-05-23,3,156.9,Organic
O013349,C0682,P0020,2026-05-23,2,225.46,Paid
O013350,C0476,P0017,2026-05-23,2,246.76,Paid
O013351,C0646,P0025,2026-05-23,2,92.12,Email
O013352,C0413,P0032,2026-05-23,2,21.98,Paid
O013353,C0071,P0029,2026-05-23,2,45.78,Paid
O013354,C0350,P0031,2026-05-23,1,29.85,Paid
O013355,C0449,P0040,2026-05-23,2,70.6,Organic
O013356,C0429,P0034,2026-05-23,2,187.1,Paid
O013357,C0496,P0038,2026-05-23,1,103.02,Paid
O013358,C0718,P0038,2026-05-23,1,103.02,Organic
O013359,C0607,P0038,2026-05-23,3,309.06,Paid
O013360,C0762,P0003,2026-05-23,1,97.97,Paid
O013361,C0430,P0007,2026-05-23,2,123.96,Paid
O013362,C0762,P0016,2026-05-23,2,59.64,Paid
O013363,C0404,P0015,2026-05-23,3,156.9,Organic
O013364,C0394,P0011,2026-05-23,3,131.46,Organic
O013365,C0051,P0015,2026-05-23,2,104.6,Paid
O013366,C0258,P0019,2026-05-23,3,238.77,Paid
O013367,C0593,P0027,2026-05-23,2,89.92,Paid
O013368,C0560,P0026,2026-05-23,1,17.86,Paid
O013369,C0781,P0025,2026-05-23,2,92.12,Paid
O013370,C0632,P0008,2026-05-24,2,372.6,Paid
O013371,C0710,P0004,2026-05-24,2,235.4,Organic
O013372,C0049,P0005,2026-05-24,3,529.65,Paid
O013373,C0124,P0013,2026-05-24,3,129.78,Paid
O013374,C0355,P0013,2026-05-24,1,43.26,Paid
O013375,C0544,P0009,2026-05-24,3,145.95,Paid
O013376,C0470,P0018,2026-05-24,1,86.71,Paid
O013377,C0123,P0017,2026-05-24,2,246.76,Email
O013378,C0099,P0030,2026-05-24,2,32.02,Email
O013379,C0363,P0026,2026-05-24,1,17.86,Paid
O013380,C0038,P0027,2026-05-24,1,44.96,Paid
O013381,C0573,P0038,2026-05-24,2,206.04,Organic
O013382,C0775,P0033,2026-05-24,3,251.94,Paid
O013383,C0046,P0037,2026-05-24,3,246.93,Referral
O013384,C0569,P0040,2026-05-24,3,105.9,Paid
O013385,C0648,P0034,2026-05-24,2,187.1,Paid
O013386,C0106,P0001,2026-05-24,2,627.72,Paid
O013387,C0427,P0007,2026-05-24,3,185.94,Paid
O013388,C0384,P0007,2026-05-24,3,185.94,Paid
O013389,C0275,P0002,2026-05-24,1,224.66,Email
O013390,C0604,P0001,2026-05-24,3,941.58,Email
O013391,C0659,P0007,2026-05-24,3,185.94,Paid
O013392,C0756,P0012,2026-05-24,1,39.93,Organic
O013393,C0747,P0015,2026-05-24,1,52.3,Paid
O013394,C0016,P0009,2026-05-24,3,145.95,Paid
O013395,C0616,P0018,2026-05-24,3,260.13,Paid
O013396,C0370,P0024,2026-05-24,2,213.94,Paid
O013397,C0246,P0023,2026-05-24,2,250.92,Email
O013398,C0651,P0023,2026-05-24,2,250.92,Paid
O013399,C0079,P0027,2026-05-24,2,89.92,Organic
O013400,C0726,P0029,2026-05-24,1,22.89,Paid
O013401,C0659,P0035,2026-05-24,1,96.43,Paid
O013402,C0474,P0037,2026-05-24,2,164.62,Email
O013403,C0410,P0033,2026-05-24,2,167.96,Organic
O013404,C0087,P0004,2026-05-24,2,235.4,Email
O013405,C0565,P0005,2026-05-24,2,353.1,Paid
O013406,C0272,P0005,2026-05-24,3,529.65,Paid
O013407,C0445,P0005,2026-05-24,2,353.1,Paid
O013408,C0650,P0002,2026-05-24,2,449.32,Email
O013409,C0682,P0016,2026-05-24,3,89.46,Paid
O013410,C0354,P0014,2026-05-24,2,122.86,Email
O013411,C0350,P0011,2026-05-24,3,131.46,Email
O013412,C0391,P0030,2026-05-24,2,32.02,Organic
O013413,C0799,P0025,2026-05-24,1,46.06,Paid
O013414,C0220,P0027,2026-05-24,1,44.96,Paid
O013415,C0063,P0029,2026-05-24,1,22.89,Paid
O013416,C0316,P0027,2026-05-24,1,44.96,Paid
O013417,C0327,P0035,2026-05-24,3,289.29,Organic
O013418,C0532,P0005,2026-05-24,1,176.55,Paid
O013419,C0200,P0002,2026-05-24,2,449.32,Paid
O013420,C0247,P0001,2026-05-24,1,313.86,Paid
O013421,C0582,P0005,2026-05-24,3,529.65,Paid
O013422,C0286,P0005,2026-05-24,1,176.55,Paid
O013423,C0542,P0004,2026-05-24,1,117.7,Paid
O013424,C0039,P0002,2026-05-24,1,224.66,Paid
O013425,C0187,P0007,2026-05-24,3,185.94,Paid
O013426,C0253,P0016,2026-05-24,1,29.82,Organic
O013427,C0051,P0015,2026-05-24,1,52.3,Paid
O013428,C0515,P0014,2026-05-24,3,184.29,Paid
O013429,C0009,P0024,2026-05-24,2,213.94,Paid
O013430,C0467,P0017,2026-05-24,3,370.14,Paid
O013431,C0286,P0022,2026-05-24,3,391.14,Organic
O013432,C0626,P0029,2026-05-24,2,45.78,Paid
O013433,C0791,P0030,2026-05-24,3,48.03,Paid
O013434,C0227,P0035,2026-05-24,1,96.43,Paid
O013435,C0722,P0036,2026-05-24,1,28.53,Paid
O013436,C0686,P0040,2026-05-24,1,35.3,Paid
O013437,C0702,P0033,2026-05-24,2,167.96,Referral
O013438,C0412,P0033,2026-05-24,2,167.96,Referral
O013439,C0467,P0033,2026-05-24,3,251.94,Organic
O013440,C0544,P0004,2026-05-25,1,117.7,Paid
O013441,C0222,P0005,2026-05-25,2,353.1,Paid
O013442,C0788,P0006,2026-05-25,2,318.4,Organic
O013443,C0505,P0006,2026-05-25,3,477.6,Paid
O013444,C0734,P0010,2026-05-25,2,73.06,Paid
O013445,C0414,P0014,2026-05-25,1,61.43,Organic
O013446,C0736,P0016,2026-05-25,3,89.46,Email
O013447,C0458,P0014,2026-05-25,3,184.29,Paid
O013448,C0742,P0020,2026-05-25,1,112.73,Paid
O013449,C0788,P0023,2026-05-25,1,125.46,Paid
O013450,C0800,P0017,2026-05-25,3,370.14,Email
O013451,C0027,P0030,2026-05-25,1,16.01,Paid
O013452,C0146,P0029,2026-05-25,1,22.89,Paid
O013453,C0800,P0032,2026-05-25,3,32.97,Email
O013454,C0775,P0033,2026-05-25,1,83.98,Paid
O013455,C0699,P0004,2026-05-25,1,117.7,Paid
O013456,C0266,P0006,2026-05-25,1,159.2,Paid
O013457,C0748,P0007,2026-05-25,1,61.98,Paid
O013458,C0433,P0002,2026-05-25,2,449.32,Email
O013459,C0640,P0013,2026-05-25,2,86.52,Email
O013460,C0003,P0015,2026-05-25,3,156.9,Paid
O013461,C0557,P0014,2026-05-25,1,61.43,Paid
O013462,C0683,P0013,2026-05-25,3,129.78,Organic
O013463,C0007,P0014,2026-05-25,1,61.43,Paid
O013464,C0491,P0022,2026-05-25,2,260.76,Paid
O013465,C0371,P0020,2026-05-25,3,338.19,Organic
O013466,C0489,P0026,2026-05-25,3,53.58,Email
O013467,C0590,P0026,2026-05-25,2,35.72,Paid
O013468,C0095,P0027,2026-05-25,3,134.88,Paid
O013469,C0181,P0036,2026-05-25,2,57.06,Email
O013470,C0302,P0037,2026-05-25,1,82.31,Paid
O013471,C0215,P0008,2026-05-25,2,372.6,Email
O013472,C0476,P0003,2026-05-25,3,293.91,Paid
O013473,C0272,P0015,2026-05-25,2,104.6,Paid
O013474,C0230,P0019,2026-05-25,3,238.77,Email
O013475,C0751,P0032,2026-05-25,1,10.99,Referral
O013476,C0044,P0038,2026-05-25,3,309.06,Organic
O013477,C0778,P0038,2026-05-25,3,309.06,Paid
O013478,C0611,P0036,2026-05-25,1,28.53,Paid
O013479,C0104,P0001,2026-05-25,3,941.58,Paid
O013480,C0676,P0007,2026-05-25,1,61.98,Organic
O013481,C0305,P0013,2026-05-25,3,129.78,Paid
O013482,C0542,P0021,2026-05-25,1,117.78,Paid
O013483,C0270,P0024,2026-05-25,1,106.97,Paid
O013484,C0109,P0030,2026-05-25,2,32.02,Organic
O013485,C0258,P0037,2026-05-25,3,246.93,Paid
O013486,C0412,P0034,2026-05-25,2,187.1,Paid
O013487,C0187,P0035,2026-05-25,1,96.43,Paid
O013488,C0492,P0039,2026-05-25,2,37.56,Paid
O013489,C0098,P0001,2026-05-26,1,313.86,Paid
O013490,C0772,P0007,2026-05-26,2,123.96,Paid
O013491,C0355,P0006,2026-05-26,3,477.6,Paid
O013492,C0131,P0007,2026-05-26,1,61.98,Paid
O013493,C0440,P0010,2026-05-26,3,109.59,Paid
O013494,C0575,P0016,2026-05-26,1,29.82,Paid
O013495,C0269,P0020,2026-05-26,3,338.19,Paid
O013496,C0366,P0021,2026-05-26,1,117.78,Paid
O013497,C0088,P0018,2026-05-26,2,173.42,Paid
O013498,C0366,P0020,2026-05-26,3,338.19,Email
O013499,C0673,P0017,2026-05-26,2,246.76,Email
O013500,C0656,P0008,2026-05-26,3,558.9,Email
O013501,C0598,P0008,2026-05-26,1,186.3,Referral
O013502,C0644,P0003,2026-05-26,3,293.91,Paid
O013503,C0052,P0008,2026-05-26,3,558.9,Organic
O013504,C0338,P0013,2026-05-26,1,43.26,Email
O013505,C0591,P0014,2026-05-26,1,61.43,Paid
O013506,C0182,P0009,2026-05-26,1,48.65,Paid
O013507,C0319,P0024,2026-05-26,1,106.97,Paid
O013508,C0746,P0017,2026-05-26,2,246.76,Paid
O013509,C0359,P0028,2026-05-26,1,22.72,Organic
O013510,C0784,P0037,2026-05-26,3,246.93,Paid
O013511,C0737,P0039,2026-05-26,2,37.56,Paid
O013512,C0599,P0034,2026-05-26,2,187.1,Paid
O013513,C0214,P0033,2026-05-26,3,251.94,Paid
O013514,C0433,P0035,2026-05-26,1,96.43,Organic
O013515,C0226,P0037,2026-05-26,2,164.62,Email
O013516,C0517,P0005,2026-05-26,1,176.55,Paid
O013517,C0649,P0005,2026-05-26,2,353.1,Paid
O013518,C0708,P0015,2026-05-26,1,52.3,Paid
O013519,C0172,P0015,2026-05-26,2,104.6,Paid
O013520,C0445,P0013,2026-05-26,1,43.26,Paid
O013521,C0695,P0012,2026-05-26,1,39.93,Paid
O013522,C0084,P0016,2026-05-26,1,29.82,Paid
O013523,C0268,P0015,2026-05-26,1,52.3,Paid
O013524,C0799,P0018,2026-05-26,1,86.71,Paid
O013525,C0156,P0020,2026-05-26,1,112.73,Organic
O013526,C0172,P0024,2026-05-26,1,106.97,Email
O013527,C0565,P0033,2026-05-26,3,251.94,Paid
O013528,C0456,P0039,2026-05-26,3,56.34,Organic
O013529,C0630,P0038,2026-05-26,3,309.06,Paid
O013530,C0655,P0007,2026-05-26,2,123.96,Paid
O013531,C0798,P0004,2026-05-26,3,353.1,Paid
O013532,C0550,P0001,2026-05-26,3,941.58,Email
O013533,C0550,P0015,2026-05-26,1,52.3,Paid
O013534,C0390,P0012,2026-05-26,2,79.86,Organic
O013535,C0525,P0024,2026-05-26,3,320.91,Paid
O013536,C0757,P0032,2026-05-26,3,32.97,Paid
O013537,C0195,P0029,2026-05-26,3,68.67,Paid
O013538,C0492,P0035,2026-05-26,1,96.43,Paid
O013539,C0404,P0039,2026-05-26,3,56.34,Paid
O013540,C0581,P0039,2026-05-26,2,37.56,Email
O013541,C0503,P0001,2026-05-27,3,941.58,Paid
O013542,C0549,P0007,2026-05-27,2,123.96,Organic
O013543,C0544,P0023,2026-05-27,2,250.92,Paid
O013544,C0189,P0026,2026-05-27,3,53.58,Referral
O013545,C0654,P0033,2026-05-27,2,167.96,Paid
O013546,C0267,P0003,2026-05-27,3,293.91,Email
O013547,C0304,P0002,2026-05-27,2,449.32,Paid
O013548,C0382,P0008,2026-05-27,2,372.6,Email
O013549,C0766,P0005,2026-05-27,3,529.65,Paid
O013550,C0181,P0003,2026-05-27,3,293.91,Email
O013551,C0616,P0001,2026-05-27,3,941.58,Email
O013552,C0777,P0014,2026-05-27,3,184.29,Email
O013553,C0328,P0019,2026-05-27,3,238.77,Paid
O013554,C0433,P0019,2026-05-27,2,159.18,Referral
O013555,C0319,P0024,2026-05-27,2,213.94,Paid
O013556,C0592,P0023,2026-05-27,2,250.92,Paid
O013557,C0384,P0029,2026-05-27,3,68.67,Paid
O013558,C0756,P0029,2026-05-27,2,45.78,Organic
O013559,C0231,P0030,2026-05-27,1,16.01,Paid
O013560,C0086,P0037,2026-05-27,3,246.93,Paid
O013561,C0629,P0035,2026-05-27,2,192.86,Paid
O013562,C0172,P0007,2026-05-27,3,185.94,Paid
O013563,C0638,P0005,2026-05-27,3,529.65,Paid
O013564,C0288,P0015,2026-05-27,1,52.3,Paid
O013565,C0424,P0011,2026-05-27,2,87.64,Paid
O013566,C0300,P0019,2026-05-27,2,159.18,Organic
O013567,C0567,P0020,2026-05-27,2,225.46,Paid
O013568,C0263,P0023,2026-05-27,1,125.46,Paid
O013569,C0230,P0026,2026-05-27,3,53.58,Paid
O013570,C0432,P0034,2026-05-27,1,93.55,Paid
O013571,C0413,P0038,2026-05-27,1,103.02,Paid
O013572,C0572,P0035,2026-05-27,1,96.43,Paid
O013573,C0471,P0036,2026-05-27,3,85.59,Paid
O013574,C0357,P0040,2026-05-27,3,105.9,Paid
O013575,C0499,P0008,2026-05-27,3,558.9,Paid
O013576,C0762,P0005,2026-05-27,3,529.65,Paid
O013577,C0702,P0006,2026-05-27,2,318.4,Paid
O013578,C0125,P0007,2026-05-27,2,123.96,Paid
O013579,C0002,P0016,2026-05-27,1,29.82,Organic
O013580,C0159,P0015,2026-05-27,1,52.3,Email
O013581,C0101,P0015,2026-05-27,2,104.6,Paid
O013582,C0150,P0013,2026-05-27,2,86.52,Paid
O013583,C0375,P0024,2026-05-27,2,213.94,Paid
O013584,C0597,P0018,2026-05-27,1,86.71,Paid
O013585,C0702,P0029,2026-05-27,1,22.89,Paid
O013586,C0104,P0028,2026-05-27,3,68.16,Paid
O013587,C0252,P0028,2026-05-27,1,22.72,Paid
O013588,C0528,P0039,2026-05-27,3,56.34,Organic
O013589,C0159,P0036,2026-05-27,3,85.59,Paid
O013590,C0614,P0040,2026-05-27,1,35.3,Paid
O013591,C0600,P0002,2026-05-28,1,224.66,Paid
O013592,C0677,P0008,2026-05-28,1,186.3,Paid
O013593,C0378,P0002,2026-05-28,1,224.66,Paid
O013594,C0724,P0008,2026-05-28,2,372.6,Paid
O013595,C0264,P0008,2026-05-28,2,372.6,Organic
O013596,C0080,P0003,2026-05-28,2,195.94,Email
O013597,C0569,P0015,2026-05-28,1,52.3,Paid
O013598,C0600,P0013,2026-05-28,2,86.52,Paid
O013599,C0594,P0021,2026-05-28,1,117.78,Paid
O013600,C0468,P0024,2026-05-28,2,213.94,Organic
O013601,C0470,P0023,2026-05-28,3,376.38,Referral
O013602,C0594,P0030,2026-05-28,2,32.02,Paid
O013603,C0024,P0039,2026-05-28,3,56.34,Paid
O013604,C0177,P0040,2026-05-28,1,35.3,Paid
O013605,C0732,P0036,2026-05-28,1,28.53,Paid
O013606,C0138,P0004,2026-05-28,1,117.7,Organic
O013607,C0076,P0001,2026-05-28,3,941.58,Email
O013608,C0512,P0012,2026-05-28,3,119.79,Paid
O013609,C0629,P0015,2026-05-28,3,156.9,Organic
O013610,C0205,P0012,2026-05-28,3,119.79,Referral
O013611,C0387,P0016,2026-05-28,3,89.46,Paid
O013612,C0605,P0023,2026-05-28,1,125.46,Referral
O013613,C0605,P0023,2026-05-28,2,250.92,Paid
O013614,C0388,P0028,2026-05-28,2,45.44,Paid
O013615,C0302,P0026,2026-05-28,2,35.72,Paid
O013616,C0198,P0031,2026-05-28,2,59.7,Paid
O013617,C0447,P0026,2026-05-28,1,17.86,Email
O013618,C0026,P0025,2026-05-28,1,46.06,Paid
O013619,C0382,P0031,2026-05-28,3,89.55,Paid
O013620,C0052,P0040,2026-05-28,1,35.3,Paid
O013621,C0546,P0034,2026-05-28,2,187.1,Paid
O013622,C0032,P0008,2026-05-28,2,372.6,Paid
O013623,C0638,P0003,2026-05-28,1,97.97,Paid
O013624,C0661,P0002,2026-05-28,3,673.98,Paid
O013625,C0509,P0027,2026-05-28,1,44.96,Paid
O013626,C0792,P0027,2026-05-28,3,134.88,Email
O013627,C0221,P0033,2026-05-28,3,251.94,Paid
O013628,C0071,P0037,2026-05-28,1,82.31,Paid
O013629,C0152,P0002,2026-05-28,2,449.32,Paid
O013630,C0693,P0001,2026-05-28,3,941.58,Paid
O013631,C0581,P0007,2026-05-28,1,61.98,Paid
O013632,C0525,P0010,2026-05-28,3,109.59,Paid
O013633,C0477,P0015,2026-05-28,1,52.3,Organic
O013634,C0740,P0024,2026-05-28,3,320.91,Email
O013635,C0593,P0024,2026-05-28,2,213.94,Paid
O013636,C0452,P0022,2026-05-28,1,130.38,Referral
O013637,C0168,P0018,2026-05-28,2,173.42,Paid
O013638,C0051,P0028,2026-05-28,1,22.72,Paid
O013639,C0722,P0030,2026-05-28,2,32.02,Organic
O013640,C0396,P0029,2026-05-28,1,22.89,Paid
O013641,C0056,P0030,2026-05-28,3,48.03,Paid
O013642,C0459,P0032,2026-05-28,1,10.99,Paid
O013643,C0273,P0035,2026-05-28,2,192.86,Email
O013644,C0020,P0038,2026-05-28,2,206.04,Organic
O013645,C0132,P0006,2026-05-29,1,159.2,Email
O013646,C0341,P0006,2026-05-29,3,477.6,Paid
O013647,C0081,P0013,2026-05-29,1,43.26,Organic
O013648,C0339,P0012,2026-05-29,2,79.86,Email
O013649,C0483,P0019,2026-05-29,1,79.59,Paid
O013650,C0293,P0017,2026-05-29,2,246.76,Paid
O013651,C0264,P0031,2026-05-29,1,29.85,Paid
O013652,C0222,P0025,2026-05-29,3,138.18,Referral
O013653,C0202,P0026,2026-05-29,1,17.86,Email
O013654,C0715,P0026,2026-05-29,3,53.58,Paid
O013655,C0723,P0038,2026-05-29,2,206.04,Paid
O013656,C0752,P0033,2026-05-29,1,83.98,Paid
O013657,C0777,P0003,2026-05-29,1,97.97,Paid
O013658,C0265,P0006,2026-05-29,1,159.2,Paid
O013659,C0490,P0002,2026-05-29,3,673.98,Email
O013660,C0784,P0008,2026-05-29,1,186.3,Paid
O013661,C0598,P0003,2026-05-29,1,97.97,Paid
O013662,C0003,P0001,2026-05-29,2,627.72,Paid
O013663,C0789,P0002,2026-05-29,1,224.66,Paid
O013664,C0773,P0005,2026-05-29,2,353.1,Paid
O013665,C0382,P0009,2026-05-29,2,97.3,Organic
O013666,C0756,P0023,2026-05-29,3,376.38,Paid
O013667,C0285,P0025,2026-05-29,3,138.18,Paid
O013668,C0671,P0030,2026-05-29,2,32.02,Paid
O013669,C0490,P0025,2026-05-29,2,92.12,Paid
O013670,C0669,P0003,2026-05-29,3,293.91,Paid
O013671,C0666,P0006,2026-05-29,3,477.6,Organic
O013672,C0666,P0005,2026-05-29,2,353.1,Organic
O013673,C0102,P0009,2026-05-29,2,97.3,Paid
O013674,C0042,P0016,2026-05-29,1,29.82,Paid
O013675,C0377,P0016,2026-05-29,3,89.46,Paid
O013676,C0156,P0010,2026-05-29,1,36.53,Paid
O013677,C0523,P0009,2026-05-29,1,48.65,Organic
O013678,C0706,P0024,2026-05-29,3,320.91,Paid
O013679,C0211,P0019,2026-05-29,1,79.59,Paid
O013680,C0432,P0024,2026-05-29,3,320.91,Paid
O013681,C0036,P0018,2026-05-29,1,86.71,Paid
O013682,C0646,P0031,2026-05-29,3,89.55,Paid
O013683,C0012,P0029,2026-05-29,3,68.67,Email
O013684,C0295,P0035,2026-05-29,2,192.86,Paid
O013685,C0527,P0033,2026-05-29,3,251.94,Referral
O013686,C0112,P0037,2026-05-29,1,82.31,Referral
O013687,C0233,P0001,2026-05-29,3,941.58,Organic
O013688,C0249,P0001,2026-05-29,1,313.86,Paid
O013689,C0245,P0001,2026-05-29,2,627.72,Paid
O013690,C0273,P0007,2026-05-29,3,185.94,Paid
O013691,C0209,P0013,2026-05-29,1,43.26,Paid
O013692,C0664,P0013,2026-05-29,3,129.78,Paid
O013693,C0499,P0011,2026-05-29,1,43.82,Paid
O013694,C0349,P0024,2026-05-29,1,106.97,Paid
O013695,C0562,P0032,2026-05-29,3,32.97,Referral
O013696,C0493,P0029,2026-05-29,1,22.89,Paid
O013697,C0109,P0029,2026-05-29,3,68.67,Paid
O013698,C0227,P0030,2026-05-29,3,48.03,Paid
O013699,C0730,P0040,2026-05-29,2,70.6,Organic
O013700,C0492,P0040,2026-05-29,1,35.3,Paid
O013701,C0561,P0038,2026-05-29,2,206.04,Paid
O013702,C0702,P0035,2026-05-29,2,192.86,Paid
O013703,C0454,P0002,2026-05-30,3,673.98,Paid
O013704,C0440,P0005,2026-05-30,1,176.55,Paid
O013705,C0050,P0004,2026-05-30,2,235.4,Paid
O013706,C0213,P0007,2026-05-30,3,185.94,Paid
O013707,C0355,P0001,2026-05-30,2,627.72,Paid
O013708,C0191,P0005,2026-05-30,2,353.1,Organic
O013709,C0236,P0003,2026-05-30,1,97.97,Organic
O013710,C0678,P0011,2026-05-30,1,43.82,Paid
O013711,C0277,P0012,2026-05-30,2,79.86,Email
O013712,C0176,P0022,2026-05-30,3,391.14,Paid
O013713,C0222,P0027,2026-05-30,1,44.96,Paid
O013714,C0097,P0037,2026-05-30,3,246.93,Paid
O013715,C0583,P0040,2026-05-30,2,70.6,Organic
O013716,C0284,P0036,2026-05-30,1,28.53,Paid
O013717,C0347,P0007,2026-05-30,3,185.94,Paid
O013718,C0590,P0004,2026-05-30,3,353.1,Paid
O013719,C0612,P0006,2026-05-30,2,318.4,Organic
O013720,C0205,P0008,2026-05-30,2,372.6,Email
O013721,C0274,P0002,2026-05-30,2,449.32,Paid
O013722,C0261,P0004,2026-05-30,2,235.4,Organic
O013723,C0219,P0001,2026-05-30,2,627.72,Referral
O013724,C0537,P0011,2026-05-30,1,43.82,Paid
O013725,C0738,P0012,2026-05-30,1,39.93,Paid
O013726,C0557,P0011,2026-05-30,1,43.82,Paid
O013727,C0383,P0022,2026-05-30,2,260.76,Paid
O013728,C0242,P0021,2026-05-30,1,117.78,Organic
O013729,C0415,P0033,2026-05-30,2,167.96,Paid
O013730,C0240,P0040,2026-05-30,1,35.3,Paid
O013731,C0158,P0035,2026-05-30,3,289.29,Paid
O013732,C0047,P0034,2026-05-30,2,187.1,Organic
O013733,C0300,P0006,2026-05-30,1,159.2,Paid
O013734,C0647,P0001,2026-05-30,3,941.58,Paid
O013735,C0708,P0009,2026-05-30,1,48.65,Paid
O013736,C0063,P0011,2026-05-30,2,87.64,Paid
O013737,C0023,P0009,2026-05-30,2,97.3,Email
O013738,C0316,P0010,2026-05-30,3,109.59,Organic
O013739,C0078,P0023,2026-05-30,3,376.38,Paid
O013740,C0531,P0019,2026-05-30,3,238.77,Paid
O013741,C0352,P0023,2026-05-30,3,376.38,Paid
O013742,C0300,P0018,2026-05-30,2,173.42,Organic
O013743,C0211,P0025,2026-05-30,2,92.12,Organic
O013744,C0025,P0027,2026-05-30,2,89.92,Paid
O013745,C0119,P0039,2026-05-30,1,18.78,Organic
O013746,C0211,P0033,2026-05-30,1,83.98,Paid
O013747,C0579,P0037,2026-05-30,1,82.31,Paid
O013748,C0407,P0005,2026-05-30,3,529.65,Paid
O013749,C0762,P0001,2026-05-30,2,627.72,Paid
O013750,C0258,P0005,2026-05-30,3,529.65,Organic
O013751,C0588,P0004,2026-05-30,1,117.7,Email
O013752,C0403,P0002,2026-05-30,1,224.66,Paid
O013753,C0169,P0006,2026-05-30,3,477.6,Paid
O013754,C0279,P0012,2026-05-30,3,119.79,Paid
O013755,C0020,P0014,2026-05-30,2,122.86,Paid
O013756,C0501,P0014,2026-05-30,1,61.43,Paid
O013757,C0385,P0010,2026-05-30,2,73.06,Paid
O013758,C0403,P0015,2026-05-30,1,52.3,Email
O013759,C0614,P0018,2026-05-30,3,260.13,Paid
O013760,C0606,P0026,2026-05-30,1,17.86,Paid
O013761,C0152,P0039,2026-05-30,2,37.56,Paid
O013762,C0169,P0035,2026-05-30,3,289.29,Paid
O013763,C0278,P0008,2026-05-31,2,372.6,Paid
O013764,C0458,P0014,2026-05-31,1,61.43,Paid
O013765,C0160,P0026,2026-05-31,2,35.72,Paid
O013766,C0482,P0025,2026-05-31,2,92.12,Paid
O013767,C0414,P0034,2026-05-31,1,93.55,Email
O013768,C0483,P0038,2026-05-31,3,309.06,Organic
O013769,C0123,P0035,2026-05-31,1,96.43,Paid
O013770,C0414,P0039,2026-05-31,3,56.34,Email
O013771,C0632,P0039,2026-05-31,1,18.78,Email
O013772,C0796,P0009,2026-05-31,1,48.65,Organic
O013773,C0672,P0015,2026-05-31,2,104.6,Paid
O013774,C0463,P0009,2026-05-31,2,97.3,Paid
O013775,C0409,P0012,2026-05-31,3,119.79,Paid
O013776,C0423,P0012,2026-05-31,3,119.79,Paid
O013777,C0333,P0018,2026-05-31,2,173.42,Referral
O013778,C0612,P0017,2026-05-31,3,370.14,Paid
O013779,C0262,P0025,2026-05-31,1,46.06,Paid
O013780,C0359,P0032,2026-05-31,2,21.98,Paid
O013781,C0758,P0029,2026-05-31,1,22.89,Email
O013782,C0512,P0027,2026-05-31,3,134.88,Paid
O013783,C0128,P0033,2026-05-31,3,251.94,Paid
O013784,C0739,P0035,2026-05-31,3,289.29,Paid
O013785,C0439,P0003,2026-05-31,2,195.94,Paid
O013786,C0637,P0001,2026-05-31,3,941.58,Referral
O013787,C0668,P0001,2026-05-31,2,627.72,Paid
O013788,C0708,P0016,2026-05-31,3,89.46,Paid
O013789,C0567,P0018,2026-05-31,2,173.42,Organic
O013790,C0120,P0022,2026-05-31,3,391.14,Paid
O013791,C0704,P0025,2026-05-31,2,92.12,Organic
O013792,C0623,P0038,2026-05-31,1,103.02,Organic
O013793,C0031,P0038,2026-05-31,1,103.02,Email
O013794,C0036,P0040,2026-05-31,3,105.9,Paid
O013795,C0351,P0037,2026-05-31,1,82.31,Referral
O013796,C0716,P0005,2026-05-31,2,353.1,Paid
O013797,C0185,P0003,2026-05-31,1,97.97,Paid
O013798,C0149,P0007,2026-05-31,2,123.96,Paid
O013799,C0541,P0014,2026-05-31,1,61.43,Paid
O013800,C0787,P0011,2026-05-31,2,87.64,Organic
O013801,C0030,P0015,2026-05-31,1,52.3,Organic
O013802,C0703,P0024,2026-05-31,3,320.91,Organic
O013803,C0676,P0021,2026-05-31,2,235.56,Paid
O013804,C0615,P0025,2026-05-31,1,46.06,Organic
O013805,C0745,P0026,2026-05-31,1,17.86,Paid
O013806,C0258,P0032,2026-05-31,1,10.99,Paid
O013807,C0233,P0033,2026-05-31,2,167.96,Paid
O013808,C0768,P0006,2026-06-01,2,318.4,Email
O013809,C0212,P0006,2026-06-01,1,159.2,Paid
O013810,C0768,P0015,2026-06-01,2,104.6,Paid
O013811,C0186,P0011,2026-06-01,1,43.82,Paid
O013812,C0123,P0015,2026-06-01,1,52.3,Paid
O013813,C0775,P0015,2026-06-01,1,52.3,Paid
O013814,C0446,P0012,2026-06-01,1,39.93,Organic
O013815,C0292,P0022,2026-06-01,2,260.76,Email
O013816,C0332,P0020,2026-06-01,2,225.46,Organic
O013817,C0264,P0026,2026-06-01,2,35.72,Paid
O013818,C0544,P0027,2026-06-01,3,134.88,Paid
O013819,C0679,P0029,2026-06-01,3,68.67,Paid
O013820,C0177,P0031,2026-06-01,3,89.55,Paid
O013821,C0074,P0038,2026-06-01,3,309.06,Paid
O013822,C0041,P0037,2026-06-01,2,164.62,Email
O013823,C0522,P0033,2026-06-01,1,83.98,Email
O013824,C0121,P0007,2026-06-01,2,123.96,Paid
O013825,C0699,P0004,2026-06-01,1,117.7,Paid
O013826,C0231,P0007,2026-06-01,2,123.96,Paid
O013827,C0198,P0004,2026-06-01,2,235.4,Email
O013828,C0033,P0002,2026-06-01,2,449.32,Paid
O013829,C0246,P0011,2026-06-01,2,87.64,Paid
O013830,C0616,P0024,2026-06-01,1,106.97,Paid
O013831,C0652,P0018,2026-06-01,2,173.42,Paid
O013832,C0052,P0031,2026-06-01,2,59.7,Paid
O013833,C0347,P0025,2026-06-01,3,138.18,Referral
O013834,C0766,P0030,2026-06-01,1,16.01,Paid
O013835,C0579,P0007,2026-06-01,3,185.94,Paid
O013836,C0377,P0005,2026-06-01,2,353.1,Referral
O013837,C0090,P0002,2026-06-01,3,673.98,Organic
O013838,C0432,P0001,2026-06-01,3,941.58,Paid
O013839,C0577,P0010,2026-06-01,1,36.53,Organic
O013840,C0025,P0031,2026-06-01,1,29.85,Paid
O013841,C0464,P0027,2026-06-01,1,44.96,Organic
O013842,C0637,P0031,2026-06-01,1,29.85,Paid
O013843,C0445,P0030,2026-06-01,1,16.01,Paid
O013844,C0496,P0036,2026-06-01,2,57.06,Paid
O013845,C0357,P0035,2026-06-01,2,192.86,Paid
O013846,C0168,P0006,2026-06-01,3,477.6,Paid
O013847,C0207,P0008,2026-06-01,2,372.6,Email
O013848,C0551,P0015,2026-06-01,3,156.9,Paid
O013849,C0655,P0024,2026-06-01,2,213.94,Organic
O013850,C0066,P0020,2026-06-01,2,225.46,Organic
O013851,C0725,P0020,2026-06-01,1,112.73,Paid
O013852,C0452,P0030,2026-06-01,3,48.03,Email
O013853,C0125,P0032,2026-06-01,1,10.99,Paid
O013854,C0725,P0027,2026-06-01,3,134.88,Organic
O013855,C0686,P0031,2026-06-01,2,59.7,Referral
O013856,C0390,P0032,2026-06-01,3,32.97,Paid
O013857,C0111,P0035,2026-06-01,1,96.43,Paid
O013858,C0513,P0034,2026-06-01,3,280.65,Paid
O013859,C0098,P0003,2026-06-02,2,195.94,Paid
O013860,C0107,P0006,2026-06-02,1,159.2,Referral
O013861,C0654,P0007,2026-06-02,1,61.98,Organic
O013862,C0742,P0001,2026-06-02,1,313.86,Paid
O013863,C0600,P0006,2026-06-02,1,159.2,Referral
O013864,C0178,P0016,2026-06-02,1,29.82,Referral
O013865,C0365,P0015,2026-06-02,1,52.3,Paid
O013866,C0361,P0010,2026-06-02,1,36.53,Paid
O013867,C0411,P0022,2026-06-02,1,130.38,Paid
O013868,C0317,P0024,2026-06-02,1,106.97,Organic
O013869,C0678,P0021,2026-06-02,2,235.56,Paid
O013870,C0366,P0030,2026-06-02,1,16.01,Paid
O013871,C0186,P0035,2026-06-02,1,96.43,Paid
O013872,C0358,P0006,2026-06-02,1,159.2,Email
O013873,C0266,P0009,2026-06-02,3,145.95,Paid
O013874,C0254,P0009,2026-06-02,2,97.3,Paid
O013875,C0539,P0016,2026-06-02,3,89.46,Paid
O013876,C0408,P0009,2026-06-02,3,145.95,Paid
O013877,C0254,P0011,2026-06-02,1,43.82,Referral
O013878,C0651,P0023,2026-06-02,3,376.38,Referral
O013879,C0591,P0035,2026-06-02,3,289.29,Email
O013880,C0302,P0033,2026-06-02,3,251.94,Paid
O013881,C0231,P0034,2026-06-02,1,93.55,Paid
O013882,C0382,P0038,2026-06-02,3,309.06,Paid
O013883,C0154,P0035,2026-06-02,3,289.29,Paid
O013884,C0316,P0007,2026-06-02,2,123.96,Paid
O013885,C0755,P0002,2026-06-02,3,673.98,Organic
O013886,C0012,P0012,2026-06-02,2,79.86,Paid
O013887,C0624,P0022,2026-06-02,1,130.38,Paid
O013888,C0031,P0023,2026-06-02,2,250.92,Paid
O013889,C0706,P0018,2026-06-02,3,260.13,Paid
O013890,C0502,P0027,2026-06-02,3,134.88,Referral
O013891,C0501,P0004,2026-06-02,3,353.1,Paid
O013892,C0562,P0003,2026-06-02,3,293.91,Paid
O013893,C0532,P0006,2026-06-02,2,318.4,Paid
O013894,C0597,P0006,2026-06-02,2,318.4,Paid
O013895,C0412,P0015,2026-06-02,3,156.9,Paid
O013896,C0528,P0012,2026-06-02,1,39.93,Email
O013897,C0603,P0013,2026-06-02,1,43.26,Paid
O013898,C0305,P0009,2026-06-02,1,48.65,Paid
O013899,C0349,P0019,2026-06-02,2,159.18,Paid
O013900,C0105,P0027,2026-06-02,3,134.88,Paid
O013901,C0500,P0029,2026-06-02,2,45.78,Paid
O013902,C0029,P0027,2026-06-02,3,134.88,Organic
O013903,C0104,P0026,2026-06-02,3,53.58,Organic
O013904,C0703,P0027,2026-06-02,1,44.96,Email
O013905,C0702,P0026,2026-06-02,2,35.72,Organic
O013906,C0279,P0038,2026-06-02,2,206.04,Paid
O013907,C0597,P0038,2026-06-02,2,206.04,Paid
O013908,C0277,P0006,2026-06-03,1,159.2,Paid
O013909,C0212,P0007,2026-06-03,1,61.98,Referral
O013910,C0331,P0020,2026-06-03,3,338.19,Paid
O013911,C0255,P0034,2026-06-03,1,93.55,Paid
O013912,C0723,P0034,2026-06-03,2,187.1,Paid
O013913,C0622,P0006,2026-06-03,3,477.6,Organic
O013914,C0760,P0005,2026-06-03,3,529.65,Paid
O013915,C0591,P0002,2026-06-03,2,449.32,Paid
O013916,C0463,P0008,2026-06-03,1,186.3,Email
O013917,C0784,P0011,2026-06-03,3,131.46,Paid
O013918,C0423,P0012,2026-06-03,2,79.86,Paid
O013919,C0138,P0011,2026-06-03,3,131.46,Paid
O013920,C0576,P0021,2026-06-03,3,353.34,Organic
O013921,C0642,P0021,2026-06-03,2,235.56,Email
O013922,C0701,P0025,2026-06-03,2,92.12,Paid
O013923,C0481,P0028,2026-06-03,3,68.16,Paid
O013924,C0034,P0026,2026-06-03,3,53.58,Paid
O013925,C0681,P0029,2026-06-03,3,68.67,Email
O013926,C0514,P0007,2026-06-03,3,185.94,Email
O013927,C0720,P0008,2026-06-03,1,186.3,Paid
O013928,C0571,P0003,2026-06-03,2,195.94,Paid
O013929,C0077,P0001,2026-06-03,1,313.86,Paid
O013930,C0042,P0012,2026-06-03,1,39.93,Email
O013931,C0196,P0009,2026-06-03,3,145.95,Email
O013932,C0350,P0022,2026-06-03,2,260.76,Paid
O013933,C0620,P0032,2026-06-03,3,32.97,Paid
O013934,C0509,P0026,2026-06-03,3,53.58,Paid
O013935,C0136,P0029,2026-06-03,3,68.67,Paid
O013936,C0558,P0030,2026-06-03,3,48.03,Paid
O013937,C0336,P0029,2026-06-03,1,22.89,Paid
O013938,C0162,P0039,2026-06-03,3,56.34,Paid
O013939,C0570,P0008,2026-06-03,1,186.3,Paid
O013940,C0493,P0004,2026-06-03,1,117.7,Paid
O013941,C0237,P0012,2026-06-03,2,79.86,Paid
O013942,C0532,P0010,2026-06-03,2,73.06,Paid
O013943,C0744,P0012,2026-06-03,1,39.93,Paid
O013944,C0634,P0015,2026-06-03,3,156.9,Referral
O013945,C0362,P0024,2026-06-03,1,106.97,Paid
O013946,C0465,P0032,2026-06-03,3,32.97,Email
O013947,C0394,P0025,2026-06-03,3,138.18,Paid
O013948,C0619,P0027,2026-06-03,3,134.88,Paid
O013949,C0258,P0038,2026-06-03,2,206.04,Paid
O013950,C0005,P0040,2026-06-03,2,70.6,Organic
O013951,C0386,P0034,2026-06-03,3,280.65,Paid
O013952,C0317,P0001,2026-06-04,1,313.86,Email
O013953,C0173,P0003,2026-06-04,3,293.91,Paid
O013954,C0731,P0001,2026-06-04,1,313.86,Paid
O013955,C0583,P0012,2026-06-04,1,39.93,Paid
O013956,C0099,P0023,2026-06-04,2,250.92,Email
O013957,C0123,P0023,2026-06-04,3,376.38,Referral
O013958,C0549,P0022,2026-06-04,2,260.76,Organic
O013959,C0264,P0029,2026-06-04,3,68.67,Paid
O013960,C0600,P0026,2026-06-04,2,35.72,Organic
O013961,C0508,P0035,2026-06-04,1,96.43,Organic
O013962,C0223,P0036,2026-06-04,3,85.59,Paid
O013963,C0679,P0034,2026-06-04,2,187.1,Paid
O013964,C0190,P0003,2026-06-04,3,293.91,Paid
O013965,C0481,P0007,2026-06-04,3,185.94,Paid
O013966,C0748,P0001,2026-06-04,1,313.86,Paid
O013967,C0265,P0008,2026-06-04,1,186.3,Paid
O013968,C0760,P0008,2026-06-04,2,372.6,Organic
O013969,C0405,P0013,2026-06-04,3,129.78,Organic
O013970,C0333,P0009,2026-06-04,1,48.65,Referral
O013971,C0433,P0011,2026-06-04,3,131.46,Paid
O013972,C0491,P0009,2026-06-04,2,97.3,Paid
O013973,C0246,P0020,2026-06-04,1,112.73,Paid
O013974,C0576,P0026,2026-06-04,3,53.58,Paid
O013975,C0171,P0026,2026-06-04,3,53.58,Paid
O013976,C0113,P0003,2026-06-04,1,97.97,Paid
O013977,C0166,P0004,2026-06-04,2,235.4,Referral
O013978,C0558,P0005,2026-06-04,1,176.55,Organic
O013979,C0649,P0009,2026-06-04,2,97.3,Paid
O013980,C0523,P0014,2026-06-04,3,184.29,Paid
O013981,C0196,P0010,2026-06-04,3,109.59,Paid
O013982,C0638,P0024,2026-06-04,1,106.97,Paid
O013983,C0478,P0021,2026-06-04,1,117.78,Paid
O013984,C0272,P0025,2026-06-04,2,92.12,Paid
O013985,C0580,P0030,2026-06-04,1,16.01,Email
O013986,C0084,P0031,2026-06-04,3,89.55,Email
O013987,C0751,P0040,2026-06-04,3,105.9,Paid
O013988,C0039,P0002,2026-06-04,2,449.32,Paid
O013989,C0385,P0005,2026-06-04,3,529.65,Paid
O013990,C0009,P0004,2026-06-04,2,235.4,Paid
O013991,C0740,P0005,2026-06-04,1,176.55,Paid
O013992,C0140,P0016,2026-06-04,2,59.64,Paid
O013993,C0665,P0016,2026-06-04,3,89.46,Referral
O013994,C0581,P0022,2026-06-04,1,130.38,Paid
O013995,C0029,P0022,2026-06-04,2,260.76,Organic
O013996,C0258,P0023,2026-06-04,2,250.92,Organic
O013997,C0253,P0025,2026-06-04,1,46.06,Paid
O013998,C0492,P0028,2026-06-04,1,22.72,Paid
O013999,C0688,P0031,2026-06-04,2,59.7,Organic
O014000,C0301,P0033,2026-06-04,1,83.98,Referral
O014001,C0317,P0008,2026-06-05,1,186.3,Organic
O014002,C0277,P0001,2026-06-05,3,941.58,Organic
O014003,C0133,P0010,2026-06-05,2,73.06,Paid
O014004,C0202,P0013,2026-06-05,2,86.52,Paid
O014005,C0454,P0020,2026-06-05,3,338.19,Paid
O014006,C0446,P0022,2026-06-05,2,260.76,Paid
O014007,C0524,P0017,2026-06-05,2,246.76,Paid
O014008,C0325,P0031,2026-06-05,2,59.7,Paid
O014009,C0366,P0028,2026-06-05,3,68.16,Organic
O014010,C0175,P0025,2026-06-05,3,138.18,Paid
O014011,C0343,P0031,2026-06-05,2,59.7,Paid
O014012,C0212,P0036,2026-06-05,2,57.06,Organic
O014013,C0027,P0038,2026-06-05,2,206.04,Paid
O014014,C0060,P0002,2026-06-05,1,224.66,Paid
O014015,C0764,P0002,2026-06-05,1,224.66,Paid
O014016,C0640,P0007,2026-06-05,2,123.96,Organic
O014017,C0481,P0006,2026-06-05,3,477.6,Paid
O014018,C0578,P0007,2026-06-05,2,123.96,Email
O014019,C0605,P0012,2026-06-05,1,39.93,Paid
O014020,C0181,P0009,2026-06-05,1,48.65,Paid
O014021,C0692,P0023,2026-06-05,3,376.38,Paid
O014022,C0750,P0017,2026-06-05,2,246.76,Email
O014023,C0154,P0021,2026-06-05,3,353.34,Paid
O014024,C0242,P0031,2026-06-05,1,29.85,Paid
O014025,C0342,P0032,2026-06-05,1,10.99,Paid
O014026,C0405,P0034,2026-06-05,3,280.65,Paid
O014027,C0516,P0004,2026-06-05,2,235.4,Organic
O014028,C0084,P0012,2026-06-05,3,119.79,Paid
O014029,C0102,P0016,2026-06-05,2,59.64,Paid
O014030,C0704,P0011,2026-06-05,2,87.64,Paid
O014031,C0393,P0014,2026-06-05,3,184.29,Paid
O014032,C0071,P0021,2026-06-05,2,235.56,Organic
O014033,C0450,P0023,2026-06-05,3,376.38,Email
O014034,C0354,P0021,2026-06-05,3,353.34,Paid
O014035,C0114,P0020,2026-06-05,3,338.19,Paid
O014036,C0735,P0026,2026-06-05,3,53.58,Email
O014037,C0431,P0031,2026-06-05,3,89.55,Paid
O014038,C0577,P0039,2026-06-05,3,56.34,Email
O014039,C0375,P0007,2026-06-05,1,61.98,Paid
O014040,C0686,P0007,2026-06-05,2,123.96,Paid
O014041,C0426,P0012,2026-06-05,1,39.93,Paid
O014042,C0207,P0014,2026-06-05,1,61.43,Paid
O014043,C0787,P0012,2026-06-05,2,79.86,Paid
O014044,C0776,P0010,2026-06-05,2,73.06,Paid
O014045,C0729,P0017,2026-06-05,3,370.14,Referral
O014046,C0253,P0020,2026-06-05,2,225.46,Referral
O014047,C0525,P0030,2026-06-05,3,48.03,Paid
O014048,C0574,P0030,2026-06-05,3,48.03,Organic
O014049,C0125,P0025,2026-06-05,2,92.12,Paid
O014050,C0234,P0028,2026-06-05,1,22.72,Paid
O014051,C0574,P0035,2026-06-05,1,96.43,Paid
O014052,C0046,P0008,2026-06-06,2,372.6,Paid
O014053,C0495,P0004,2026-06-06,1,117.7,Paid
O014054,C0188,P0006,2026-06-06,1,159.2,Paid
O014055,C0470,P0004,2026-06-06,3,353.1,Organic
O014056,C0460,P0016,2026-06-06,3,89.46,Organic
O014057,C0027,P0012,2026-06-06,3,119.79,Paid
O014058,C0761,P0011,2026-06-06,2,87.64,Paid
O014059,C0437,P0024,2026-06-06,2,213.94,Paid
O014060,C0618,P0020,2026-06-06,1,112.73,Paid
O014061,C0632,P0019,2026-06-06,1,79.59,Paid
O014062,C0617,P0031,2026-06-06,2,59.7,Email
O014063,C0277,P0031,2026-06-06,3,89.55,Paid
O014064,C0732,P0036,2026-06-06,1,28.53,Paid
O014065,C0146,P0033,2026-06-06,1,83.98,Organic
O014066,C0788,P0038,2026-06-06,1,103.02,Paid
O014067,C0414,P0039,2026-06-06,2,37.56,Paid
O014068,C0756,P0008,2026-06-06,2,372.6,Paid
O014069,C0003,P0014,2026-06-06,1,61.43,Paid
O014070,C0491,P0014,2026-06-06,2,122.86,Paid
O014071,C0170,P0014,2026-06-06,1,61.43,Referral
O014072,C0335,P0010,2026-06-06,1,36.53,Paid
O014073,C0320,P0009,2026-06-06,3,145.95,Organic
O014074,C0116,P0022,2026-06-06,1,130.38,Paid
O014075,C0681,P0027,2026-06-06,2,89.92,Paid
O014076,C0423,P0025,2026-06-06,2,92.12,Paid
O014077,C0738,P0029,2026-06-06,2,45.78,Paid
O014078,C0766,P0026,2026-06-06,1,17.86,Paid
O014079,C0274,P0033,2026-06-06,2,167.96,Paid
O014080,C0566,P0038,2026-06-06,3,309.06,Email
O014081,C0427,P0037,2026-06-06,2,164.62,Paid
O014082,C0695,P0004,2026-06-06,3,353.1,Paid
O014083,C0527,P0018,2026-06-06,1,86.71,Paid
O014084,C0429,P0021,2026-06-06,1,117.78,Paid
O014085,C0456,P0029,2026-06-06,2,45.78,Paid
O014086,C0114,P0032,2026-06-06,3,32.97,Paid
O014087,C0624,P0036,2026-06-06,3,85.59,Paid
O014088,C0239,P0035,2026-06-06,1,96.43,Organic
O014089,C0239,P0040,2026-06-06,3,105.9,Paid
O014090,C0478,P0035,2026-06-06,3,289.29,Paid
O014091,C0492,P0002,2026-06-06,1,224.66,Email
O014092,C0716,P0015,2026-06-06,2,104.6,Paid
O014093,C0404,P0011,2026-06-06,1,43.82,Paid
O014094,C0364,P0011,2026-06-06,1,43.82,Paid
O014095,C0626,P0017,2026-06-06,2,246.76,Paid
O014096,C0029,P0029,2026-06-06,2,45.78,Paid
O014097,C0619,P0032,2026-06-06,1,10.99,Paid
O014098,C0307,P0025,2026-06-06,2,92.12,Paid
O014099,C0301,P0034,2026-06-06,1,93.55,Paid
O014100,C0398,P0006,2026-06-07,2,318.4,Paid
O014101,C0173,P0003,2026-06-07,1,97.97,Email
O014102,C0260,P0008,2026-06-07,1,186.3,Paid
O014103,C0455,P0009,2026-06-07,2,97.3,Organic
O014104,C0213,P0018,2026-06-07,1,86.71,Paid
O014105,C0470,P0018,2026-06-07,1,86.71,Paid
O014106,C0772,P0019,2026-06-07,2,159.18,Organic
O014107,C0448,P0024,2026-06-07,2,213.94,Email
O014108,C0587,P0025,2026-06-07,2,92.12,Paid
O014109,C0482,P0028,2026-06-07,2,45.44,Paid
O014110,C0212,P0026,2026-06-07,3,53.58,Paid
O014111,C0458,P0029,2026-06-07,2,45.78,Paid
O014112,C0392,P0036,2026-06-07,3,85.59,Paid
O014113,C0264,P0035,2026-06-07,1,96.43,Paid
O014114,C0679,P0040,2026-06-07,2,70.6,Paid
O014115,C0654,P0039,2026-06-07,2,37.56,Paid
O014116,C0447,P0004,2026-06-07,1,117.7,Paid
O014117,C0622,P0006,2026-06-07,1,159.2,Paid
O014118,C0683,P0008,2026-06-07,3,558.9,Paid
O014119,C0019,P0012,2026-06-07,2,79.86,Paid
O014120,C0701,P0012,2026-06-07,3,119.79,Paid
O014121,C0019,P0015,2026-06-07,3,156.9,Paid
O014122,C0423,P0022,2026-06-07,3,391.14,Paid
O014123,C0121,P0019,2026-06-07,3,238.77,Paid
O014124,C0383,P0022,2026-06-07,1,130.38,Paid
O014125,C0246,P0021,2026-06-07,2,235.56,Paid
O014126,C0335,P0017,2026-06-07,1,123.38,Paid
O014127,C0622,P0032,2026-06-07,1,10.99,Organic
O014128,C0231,P0026,2026-06-07,1,17.86,Organic
O014129,C0420,P0031,2026-06-07,3,89.55,Email
O014130,C0491,P0031,2026-06-07,3,89.55,Email
O014131,C0409,P0038,2026-06-07,1,103.02,Paid
O014132,C0694,P0036,2026-06-07,3,85.59,Email
O014133,C0739,P0035,2026-06-07,3,289.29,Paid
O014134,C0154,P0037,2026-06-07,2,164.62,Email
O014135,C0711,P0037,2026-06-07,1,82.31,Paid
O014136,C0612,P0036,2026-06-07,1,28.53,Paid
O014137,C0778,P0007,2026-06-07,3,185.94,Paid
O014138,C0531,P0008,2026-06-07,3,558.9,Paid
O014139,C0263,P0007,2026-06-07,1,61.98,Paid
O014140,C0289,P0019,2026-06-07,2,159.18,Paid
O014141,C0631,P0022,2026-06-07,2,260.76,Referral
O014142,C0413,P0017,2026-06-07,3,370.14,Paid
O014143,C0130,P0018,2026-06-07,2,173.42,Paid
O014144,C0114,P0030,2026-06-07,1,16.01,Paid
O014145,C0084,P0027,2026-06-07,3,134.88,Paid
O014146,C0535,P0028,2026-06-07,1,22.72,Paid
O014147,C0475,P0030,2026-06-07,2,32.02,Paid
O014148,C0211,P0032,2026-06-07,3,32.97,Paid
O014149,C0166,P0036,2026-06-07,3,85.59,Referral
O014150,C0497,P0034,2026-06-07,1,93.55,Paid
O014151,C0334,P0034,2026-06-07,1,93.55,Organic
O014152,C0707,P0003,2026-06-07,2,195.94,Paid
O014153,C0597,P0011,2026-06-07,3,131.46,Paid
O014154,C0195,P0013,2026-06-07,1,43.26,Paid
O014155,C0312,P0013,2026-06-07,1,43.26,Referral
O014156,C0563,P0011,2026-06-07,1,43.82,Paid
O014157,C0568,P0016,2026-06-07,2,59.64,Email
O014158,C0562,P0024,2026-06-07,1,106.97,Paid
O014159,C0716,P0023,2026-06-07,3,376.38,Paid
O014160,C0705,P0026,2026-06-07,3,53.58,Referral
O014161,C0245,P0029,2026-06-07,3,68.67,Paid
O014162,C0426,P0026,2026-06-07,1,17.86,Paid
O014163,C0005,P0034,2026-06-07,1,93.55,Paid
O014164,C0372,P0036,2026-06-07,1,28.53,Paid
O014165,C0406,P0039,2026-06-07,2,37.56,Email
O014166,C0227,P0034,2026-06-07,3,280.65,Paid
O014167,C0551,P0034,2026-06-07,1,93.55,Paid
O014168,C0614,P0038,2026-06-07,3,309.06,Paid
O014169,C0768,P0007,2026-06-08,1,61.98,Organic
O014170,C0107,P0002,2026-06-08,2,449.32,Paid
O014171,C0337,P0010,2026-06-08,1,36.53,Paid
O014172,C0772,P0015,2026-06-08,3,156.9,Paid
O014173,C0700,P0015,2026-06-08,2,104.6,Referral
O014174,C0131,P0015,2026-06-08,3,156.9,Paid
O014175,C0260,P0024,2026-06-08,3,320.91,Paid
O014176,C0654,P0020,2026-06-08,2,225.46,Paid
O014177,C0621,P0018,2026-06-08,1,86.71,Paid
O014178,C0110,P0027,2026-06-08,3,134.88,Paid
O014179,C0742,P0030,2026-06-08,1,16.01,Paid
O014180,C0414,P0027,2026-06-08,2,89.92,Paid
O014181,C0418,P0028,2026-06-08,3,68.16,Organic
O014182,C0011,P0029,2026-06-08,2,45.78,Paid
O014183,C0734,P0036,2026-06-08,1,28.53,Paid
O014184,C0677,P0040,2026-06-08,1,35.3,Email
O014185,C0556,P0036,2026-06-08,2,57.06,Paid
O014186,C0679,P0035,2026-06-08,3,289.29,Paid
O014187,C0213,P0037,2026-06-08,2,164.62,Organic
O014188,C0358,P0007,2026-06-08,3,185.94,Paid
O014189,C0576,P0013,2026-06-08,2,86.52,Organic
O014190,C0417,P0016,2026-06-08,1,29.82,Paid
O014191,C0590,P0010,2026-06-08,3,109.59,Paid
O014192,C0481,P0018,2026-06-08,2,173.42,Paid
O014193,C0737,P0021,2026-06-08,3,353.34,Paid
O014194,C0154,P0025,2026-06-08,2,92.12,Paid
O014195,C0591,P0035,2026-06-08,3,289.29,Paid
O014196,C0644,P0034,2026-06-08,3,280.65,Paid
O014197,C0726,P0040,2026-06-08,1,35.3,Paid
O014198,C0047,P0039,2026-06-08,1,18.78,Organic
O014199,C0666,P0005,2026-06-08,3,529.65,Paid
O014200,C0153,P0014,2026-06-08,1,61.43,Organic
O014201,C0225,P0016,2026-06-08,2,59.64,Paid
O014202,C0462,P0012,2026-06-08,3,119.79,Paid
O014203,C0646,P0017,2026-06-08,2,246.76,Paid
O014204,C0008,P0021,2026-06-08,3,353.34,Paid
O014205,C0624,P0028,2026-06-08,3,68.16,Paid
O014206,C0239,P0027,2026-06-08,2,89.92,Paid
O014207,C0567,P0038,2026-06-08,3,309.06,Paid
O014208,C0660,P0039,2026-06-08,1,18.78,Paid
O014209,C0218,P0006,2026-06-08,3,477.6,Paid
O014210,C0091,P0013,2026-06-08,1,43.26,Paid
O014211,C0174,P0016,2026-06-08,1,29.82,Referral
O014212,C0712,P0012,2026-06-08,2,79.86,Paid
O014213,C0397,P0022,2026-06-08,1,130.38,Paid
O014214,C0092,P0024,2026-06-08,3,320.91,Paid
O014215,C0037,P0023,2026-06-08,1,125.46,Organic
O014216,C0108,P0023,2026-06-08,2,250.92,Paid
O014217,C0287,P0017,2026-06-08,1,123.38,Paid
O014218,C0528,P0034,2026-06-08,3,280.65,Paid
O014219,C0588,P0033,2026-06-08,3,251.94,Paid
O014220,C0386,P0034,2026-06-08,1,93.55,Paid
O014221,C0588,P0037,2026-06-08,2,164.62,Organic
O014222,C0024,P0015,2026-06-09,2,104.6,Organic
O014223,C0526,P0010,2026-06-09,1,36.53,Paid
O014224,C0013,P0012,2026-06-09,3,119.79,Paid
O014225,C0727,P0013,2026-06-09,3,129.78,Paid
O014226,C0654,P0029,2026-06-09,3,68.67,Paid
O014227,C0365,P0029,2026-06-09,2,45.78,Organic
O014228,C0088,P0040,2026-06-09,2,70.6,Paid
O014229,C0193,P0039,2026-06-09,3,56.34,Paid
O014230,C0797,P0034,2026-06-09,3,280.65,Paid
O014231,C0016,P0003,2026-06-09,1,97.97,Email
O014232,C0510,P0012,2026-06-09,3,119.79,Paid
O014233,C0144,P0015,2026-06-09,3,156.9,Paid
O014234,C0488,P0015,2026-06-09,2,104.6,Email
O014235,C0685,P0011,2026-06-09,1,43.82,Paid
O014236,C0750,P0013,2026-06-09,2,86.52,Paid
O014237,C0405,P0018,2026-06-09,3,260.13,Paid
O014238,C0604,P0017,2026-06-09,2,246.76,Paid
O014239,C0144,P0021,2026-06-09,2,235.56,Email
O014240,C0371,P0025,2026-06-09,3,138.18,Referral
O014241,C0208,P0026,2026-06-09,3,53.58,Paid
O014242,C0671,P0027,2026-06-09,2,89.92,Paid
O014243,C0651,P0029,2026-06-09,1,22.89,Organic
O014244,C0635,P0028,2026-06-09,1,22.72,Organic
O014245,C0548,P0035,2026-06-09,2,192.86,Paid
O014246,C0728,P0039,2026-06-09,1,18.78,Email
O014247,C0181,P0038,2026-06-09,3,309.06,Paid
O014248,C0439,P0002,2026-06-09,2,449.32,Paid
O014249,C0151,P0007,2026-06-09,3,185.94,Organic
O014250,C0509,P0004,2026-06-09,3,353.1,Paid
O014251,C0221,P0004,2026-06-09,3,353.1,Paid
O014252,C0327,P0006,2026-06-09,1,159.2,Paid
O014253,C0425,P0015,2026-06-09,3,156.9,Email
O014254,C0661,P0026,2026-06-09,1,17.86,Paid
O014255,C0077,P0033,2026-06-09,2,167.96,Organic
O014256,C0008,P0036,2026-06-09,3,85.59,Organic
O014257,C0032,P0033,2026-06-09,2,167.96,Organic
O014258,C0686,P0001,2026-06-09,3,941.58,Paid
O014259,C0406,P0006,2026-06-09,2,318.4,Paid
O014260,C0776,P0006,2026-06-09,2,318.4,Paid
O014261,C0716,P0015,2026-06-09,2,104.6,Paid
O014262,C0150,P0016,2026-06-09,1,29.82,Organic
O014263,C0396,P0019,2026-06-09,1,79.59,Organic
O014264,C0273,P0023,2026-06-09,2,250.92,Paid
O014265,C0528,P0022,2026-06-09,1,130.38,Paid
O014266,C0717,P0019,2026-06-09,2,159.18,Paid
O014267,C0403,P0020,2026-06-09,3,338.19,Paid
O014268,C0665,P0032,2026-06-09,3,32.97,Paid
O014269,C0606,P0029,2026-06-09,2,45.78,Organic
O014270,C0053,P0039,2026-06-09,1,18.78,Paid
O014271,C0609,P0034,2026-06-09,3,280.65,Email
O014272,C0754,P0034,2026-06-09,2,187.1,Paid
O014273,C0513,P0038,2026-06-09,2,206.04,Paid
O014274,C0310,P0037,2026-06-09,1,82.31,Paid
O014275,C0402,P0040,2026-06-09,2,70.6,Paid
O014276,C0617,P0003,2026-06-10,1,97.97,Referral
O014277,C0736,P0016,2026-06-10,2,59.64,Referral
O014278,C0505,P0012,2026-06-10,1,39.93,Email
O014279,C0575,P0021,2026-06-10,2,235.56,Organic
O014280,C0797,P0019,2026-06-10,2,159.18,Email
O014281,C0368,P0037,2026-06-10,3,246.93,Email
O014282,C0259,P0037,2026-06-10,1,82.31,Paid
O014283,C0652,P0008,2026-06-10,2,372.6,Paid
O014284,C0342,P0005,2026-06-10,3,529.65,Organic
O014285,C0384,P0013,2026-06-10,2,86.52,Paid
O014286,C0298,P0015,2026-06-10,2,104.6,Paid
O014287,C0121,P0015,2026-06-10,3,156.9,Paid
O014288,C0786,P0019,2026-06-10,1,79.59,Paid
O014289,C0719,P0032,2026-06-10,2,21.98,Email
O014290,C0766,P0028,2026-06-10,3,68.16,Email
O014291,C0382,P0039,2026-06-10,1,18.78,Paid
O014292,C0558,P0014,2026-06-10,1,61.43,Organic
O014293,C0400,P0010,2026-06-10,2,73.06,Paid
O014294,C0580,P0014,2026-06-10,3,184.29,Organic
O014295,C0649,P0020,2026-06-10,3,338.19,Paid
O014296,C0206,P0017,2026-06-10,1,123.38,Paid
O014297,C0351,P0020,2026-06-10,3,338.19,Paid
O014298,C0263,P0032,2026-06-10,2,21.98,Paid
O014299,C0210,P0031,2026-06-10,3,89.55,Paid
O014300,C0653,P0036,2026-06-10,2,57.06,Paid
O014301,C0412,P0001,2026-06-10,2,627.72,Paid
O014302,C0588,P0007,2026-06-10,1,61.98,Paid
O014303,C0149,P0015,2026-06-10,1,52.3,Paid
O014304,C0091,P0024,2026-06-10,3,320.91,Email
O014305,C0412,P0023,2026-06-10,1,125.46,Paid
O014306,C0224,P0032,2026-06-10,2,21.98,Email
O014307,C0401,P0026,2026-06-10,2,35.72,Organic
O014308,C0597,P0034,2026-06-10,3,280.65,Paid
O014309,C0403,P0039,2026-06-10,3,56.34,Referral
O014310,C0729,P0039,2026-06-10,1,18.78,Paid
O014311,C0269,P0007,2026-06-11,2,123.96,Organic
O014312,C0124,P0005,2026-06-11,2,353.1,Email
O014313,C0434,P0003,2026-06-11,1,97.97,Paid
O014314,C0761,P0011,2026-06-11,3,131.46,Paid
O014315,C0761,P0012,2026-06-11,3,119.79,Paid
O014316,C0269,P0020,2026-06-11,3,338.19,Paid
O014317,C0526,P0027,2026-06-11,3,134.88,Paid
O014318,C0299,P0036,2026-06-11,2,57.06,Paid
O014319,C0575,P0036,2026-06-11,1,28.53,Organic
O014320,C0772,P0033,2026-06-11,3,251.94,Paid
O014321,C0673,P0034,2026-06-11,1,93.55,Paid
O014322,C0205,P0002,2026-06-11,2,449.32,Email
O014323,C0758,P0005,2026-06-11,3,529.65,Organic
O014324,C0590,P0005,2026-06-11,3,529.65,Paid
O014325,C0208,P0016,2026-06-11,1,29.82,Paid
O014326,C0578,P0014,2026-06-11,1,61.43,Paid
O014327,C0699,P0009,2026-06-11,2,97.3,Referral
O014328,C0489,P0009,2026-06-11,1,48.65,Referral
O014329,C0566,P0017,2026-06-11,1,123.38,Paid
O014330,C0629,P0020,2026-06-11,1,112.73,Paid
O014331,C0086,P0018,2026-06-11,3,260.13,Paid
O014332,C0420,P0027,2026-06-11,1,44.96,Paid
O014333,C0576,P0029,2026-06-11,2,45.78,Paid
O014334,C0120,P0007,2026-06-11,2,123.96,Organic
O014335,C0313,P0002,2026-06-11,3,673.98,Paid
O014336,C0668,P0007,2026-06-11,1,61.98,Paid
O014337,C0445,P0010,2026-06-11,3,109.59,Paid
O014338,C0054,P0010,2026-06-11,3,109.59,Paid
O014339,C0529,P0011,2026-06-11,1,43.82,Paid
O014340,C0324,P0016,2026-06-11,1,29.82,Paid
O014341,C0183,P0019,2026-06-11,2,159.18,Paid
O014342,C0166,P0018,2026-06-11,1,86.71,Referral
O014343,C0145,P0017,2026-06-11,1,123.38,Paid
O014344,C0527,P0019,2026-06-11,3,238.77,Organic
O014345,C0350,P0025,2026-06-11,3,138.18,Organic
O014346,C0432,P0039,2026-06-11,1,18.78,Paid
O014347,C0162,P0033,2026-06-11,2,167.96,Organic
O014348,C0628,P0003,2026-06-11,1,97.97,Referral
O014349,C0655,P0002,2026-06-11,3,673.98,Paid
O014350,C0314,P0016,2026-06-11,2,59.64,Paid
O014351,C0716,P0011,2026-06-11,2,87.64,Paid
O014352,C0717,P0009,2026-06-11,2,97.3,Paid
O014353,C0690,P0017,2026-06-11,2,246.76,Organic
O014354,C0152,P0018,2026-06-11,2,173.42,Paid
O014355,C0037,P0030,2026-06-11,2,32.02,Email
O014356,C0563,P0029,2026-06-11,3,68.67,Referral
O014357,C0364,P0025,2026-06-11,3,138.18,Paid
O014358,C0472,P0034,2026-06-11,3,280.65,Email
O014359,C0051,P0035,2026-06-11,3,289.29,Referral
O014360,C0290,P0036,2026-06-11,1,28.53,Paid
O014361,C0024,P0002,2026-06-12,3,673.98,Paid
O014362,C0024,P0014,2026-06-12,2,122.86,Referral
O014363,C0165,P0017,2026-06-12,2,246.76,Paid
O014364,C0339,P0023,2026-06-12,3,376.38,Email
O014365,C0129,P0018,2026-06-12,2,173.42,Organic
O014366,C0486,P0027,2026-06-12,1,44.96,Organic
O014367,C0601,P0034,2026-06-12,3,280.65,Paid
O014368,C0454,P0038,2026-06-12,3,309.06,Email
O014369,C0265,P0013,2026-06-12,3,129.78,Paid
O014370,C0786,P0020,2026-06-12,1,112.73,Paid
O014371,C0135,P0027,2026-06-12,3,134.88,Paid
O014372,C0553,P0032,2026-06-12,2,21.98,Organic
O014373,C0128,P0033,2026-06-12,1,83.98,Paid
O014374,C0048,P0035,2026-06-12,3,289.29,Paid
O014375,C0387,P0035,2026-06-12,3,289.29,Email
O014376,C0162,P0001,2026-06-12,2,627.72,Paid
O014377,C0649,P0008,2026-06-12,1,186.3,Paid
O014378,C0497,P0019,2026-06-12,3,238.77,Paid
O014379,C0682,P0024,2026-06-12,2,213.94,Paid
O014380,C0607,P0028,2026-06-12,2,45.44,Email
O014381,C0130,P0026,2026-06-12,3,53.58,Paid
O014382,C0272,P0031,2026-06-12,3,89.55,Referral
O014383,C0668,P0030,2026-06-12,1,16.01,Paid
O014384,C0593,P0008,2026-06-12,1,186.3,Paid
O014385,C0407,P0001,2026-06-12,2,627.72,Paid
O014386,C0291,P0007,2026-06-12,3,185.94,Paid
O014387,C0002,P0011,2026-06-12,2,87.64,Paid
O014388,C0472,P0016,2026-06-12,1,29.82,Paid
O014389,C0416,P0020,2026-06-12,2,225.46,Organic
O014390,C0258,P0031,2026-06-12,2,59.7,Paid
O014391,C0030,P0029,2026-06-12,3,68.67,Paid
O014392,C0253,P0029,2026-06-12,2,45.78,Paid
O014393,C0469,P0026,2026-06-12,1,17.86,Paid
O014394,C0194,P0029,2026-06-12,1,22.89,Organic
O014395,C0412,P0037,2026-06-12,2,164.62,Paid
O014396,C0498,P0038,2026-06-12,1,103.02,Paid
O014397,C0732,P0011,2026-06-13,1,43.82,Paid
O014398,C0236,P0011,2026-06-13,3,131.46,Paid
O014399,C0186,P0018,2026-06-13,3,260.13,Paid
O014400,C0742,P0019,2026-06-13,1,79.59,Paid
O014401,C0257,P0024,2026-06-13,1,106.97,Paid
O014402,C0366,P0031,2026-06-13,1,29.85,Paid
O014403,C0278,P0033,2026-06-13,3,251.94,Paid
O014404,C0625,P0040,2026-06-13,3,105.9,Paid
O014405,C0700,P0036,2026-06-13,3,85.59,Paid
O014406,C0673,P0039,2026-06-13,1,18.78,Paid
O014407,C0410,P0008,2026-06-13,3,558.9,Organic
O014408,C0494,P0001,2026-06-13,1,313.86,Paid
O014409,C0764,P0009,2026-06-13,3,145.95,Email
O014410,C0683,P0014,2026-06-13,1,61.43,Organic
O014411,C0240,P0015,2026-06-13,3,156.9,Paid
O014412,C0490,P0011,2026-06-13,1,43.82,Referral
O014413,C0274,P0012,2026-06-13,3,119.79,Referral
O014414,C0644,P0017,2026-06-13,1,123.38,Paid
O014415,C0540,P0017,2026-06-13,3,370.14,Paid
O014416,C0137,P0035,2026-06-13,1,96.43,Paid
O014417,C0605,P0034,2026-06-13,3,280.65,Organic
O014418,C0138,P0034,2026-06-13,1,93.55,Paid
O014419,C0576,P0038,2026-06-13,3,309.06,Paid
O014420,C0162,P0003,2026-06-13,2,195.94,Paid
O014421,C0572,P0001,2026-06-13,3,941.58,Paid
O014422,C0449,P0001,2026-06-13,1,313.86,Paid
O014423,C0755,P0024,2026-06-13,2,213.94,Paid
O014424,C0720,P0022,2026-06-13,2,260.76,Paid
O014425,C0289,P0027,2026-06-13,1,44.96,Paid
O014426,C0646,P0028,2026-06-13,3,68.16,Referral
O014427,C0413,P0028,2026-06-13,2,45.44,Paid
O014428,C0668,P0030,2026-06-13,3,48.03,Paid
O014429,C0192,P0039,2026-06-13,1,18.78,Email
O014430,C0360,P0033,2026-06-13,2,167.96,Paid
O014431,C0022,P0033,2026-06-13,3,251.94,Organic
O014432,C0125,P0003,2026-06-13,2,195.94,Email
O014433,C0287,P0001,2026-06-13,1,313.86,Paid
O014434,C0035,P0007,2026-06-13,2,123.96,Paid
O014435,C0194,P0004,2026-06-13,2,235.4,Paid
O014436,C0541,P0005,2026-06-13,2,353.1,Paid
O014437,C0174,P0011,2026-06-13,2,87.64,Paid
O014438,C0149,P0009,2026-06-13,3,145.95,Organic
O014439,C0290,P0009,2026-06-13,3,145.95,Organic
O014440,C0140,P0023,2026-06-13,3,376.38,Paid
O014441,C0541,P0017,2026-06-13,2,246.76,Paid
O014442,C0273,P0021,2026-06-13,1,117.78,Paid
O014443,C0258,P0023,2026-06-13,2,250.92,Email
O014444,C0199,P0031,2026-06-13,1,29.85,Paid
O014445,C0163,P0029,2026-06-13,1,22.89,Paid
O014446,C0541,P0027,2026-06-13,3,134.88,Paid
O014447,C0252,P0040,2026-06-13,2,70.6,Paid
O014448,C0234,P0036,2026-06-13,3,85.59,Paid
O014449,C0043,P0040,2026-06-13,2,70.6,Paid
O014450,C0260,P0007,2026-06-14,1,61.98,Paid
O014451,C0236,P0001,2026-06-14,2,627.72,Paid
O014452,C0526,P0015,2026-06-14,2,104.6,Email
O014453,C0601,P0018,2026-06-14,3,260.13,Paid
O014454,C0160,P0023,2026-06-14,1,125.46,Organic
O014455,C0398,P0019,2026-06-14,3,238.77,Organic
O014456,C0146,P0030,2026-06-14,2,32.02,Paid
O014457,C0123,P0038,2026-06-14,3,309.06,Organic
O014458,C0328,P0002,2026-06-14,1,224.66,Paid
O014459,C0266,P0007,2026-06-14,3,185.94,Organic
O014460,C0780,P0003,2026-06-14,2,195.94,Paid
O014461,C0047,P0001,2026-06-14,3,941.58,Paid
O014462,C0548,P0001,2026-06-14,1,313.86,Paid
O014463,C0371,P0012,2026-06-14,1,39.93,Paid
O014464,C0205,P0016,2026-06-14,1,29.82,Paid
O014465,C0135,P0010,2026-06-14,1,36.53,Organic
O014466,C0154,P0012,2026-06-14,1,39.93,Paid
O014467,C0789,P0012,2026-06-14,1,39.93,Paid
O014468,C0546,P0011,2026-06-14,1,43.82,Paid
O014469,C0479,P0023,2026-06-14,3,376.38,Paid
O014470,C0276,P0017,2026-06-14,1,123.38,Referral
O014471,C0667,P0031,2026-06-14,2,59.7,Paid
O014472,C0576,P0027,2026-06-14,3,134.88,Paid
O014473,C0557,P0029,2026-06-14,2,45.78,Paid
O014474,C0701,P0031,2026-06-14,1,29.85,Paid
O014475,C0048,P0038,2026-06-14,1,103.02,Paid
O014476,C0181,P0034,2026-06-14,3,280.65,Paid
O014477,C0497,P0001,2026-06-14,1,313.86,Organic
O014478,C0210,P0002,2026-06-14,3,673.98,Email
O014479,C0767,P0003,2026-06-14,3,293.91,Organic
O014480,C0015,P0003,2026-06-14,3,293.91,Paid
O014481,C0324,P0003,2026-06-14,2,195.94,Paid
O014482,C0350,P0011,2026-06-14,1,43.82,Paid
O014483,C0032,P0014,2026-06-14,1,61.43,Paid
O014484,C0327,P0009,2026-06-14,1,48.65,Paid
O014485,C0350,P0017,2026-06-14,1,123.38,Paid
O014486,C0393,P0020,2026-06-14,1,112.73,Email
O014487,C0334,P0018,2026-06-14,2,173.42,Paid
O014488,C0350,P0019,2026-06-14,1,79.59,Email
O014489,C0523,P0023,2026-06-14,2,250.92,Paid
O014490,C0113,P0024,2026-06-14,2,213.94,Paid
O014491,C0445,P0018,2026-06-14,3,260.13,Email
O014492,C0792,P0031,2026-06-14,3,89.55,Email
O014493,C0102,P0026,2026-06-14,3,53.58,Paid
O014494,C0075,P0038,2026-06-14,3,309.06,Paid
O014495,C0613,P0040,2026-06-14,3,105.9,Organic
O014496,C0312,P0007,2026-06-14,2,123.96,Paid
O014497,C0608,P0005,2026-06-14,1,176.55,Paid
O014498,C0375,P0012,2026-06-14,2,79.86,Paid
O014499,C0465,P0010,2026-06-14,3,109.59,Paid
O014500,C0534,P0012,2026-06-14,3,119.79,Paid
O014501,C0167,P0017,2026-06-14,3,370.14,Organic
O014502,C0174,P0018,2026-06-14,3,260.13,Paid
O014503,C0626,P0024,2026-06-14,2,213.94,Paid
O014504,C0297,P0027,2026-06-14,1,44.96,Paid
O014505,C0194,P0032,2026-06-14,1,10.99,Organic
O014506,C0781,P0025,2026-06-14,1,46.06,Paid
O014507,C0791,P0035,2026-06-14,3,289.29,Email
O014508,C0633,P0036,2026-06-14,2,57.06,Paid
O014509,C0365,P0005,2026-06-15,2,353.1,Paid
O014510,C0189,P0010,2026-06-15,2,73.06,Organic
O014511,C0191,P0014,2026-06-15,1,61.43,Paid
O014512,C0714,P0015,2026-06-15,2,104.6,Organic
O014513,C0127,P0029,2026-06-15,1,22.89,Email
O014514,C0458,P0025,2026-06-15,2,92.12,Paid
O014515,C0368,P0025,2026-06-15,1,46.06,Organic
O014516,C0378,P0036,2026-06-15,3,85.59,Email
O014517,C0715,P0033,2026-06-15,1,83.98,Paid
O014518,C0003,P0004,2026-06-15,1,117.7,Paid
O014519,C0370,P0002,2026-06-15,2,449.32,Paid
O014520,C0047,P0012,2026-06-15,3,119.79,Paid
O014521,C0537,P0015,2026-06-15,1,52.3,Paid
O014522,C0671,P0024,2026-06-15,1,106.97,Paid
O014523,C0701,P0018,2026-06-15,1,86.71,Paid
O014524,C0330,P0021,2026-06-15,3,353.34,Paid
O014525,C0321,P0029,2026-06-15,3,68.67,Paid
O014526,C0135,P0026,2026-06-15,1,17.86,Paid
O014527,C0121,P0036,2026-06-15,3,85.59,Paid
O014528,C0154,P0036,2026-06-15,2,57.06,Paid
O014529,C0289,P0005,2026-06-15,2,353.1,Paid
O014530,C0620,P0001,2026-06-15,2,627.72,Paid
O014531,C0708,P0008,2026-06-15,1,186.3,Paid
O014532,C0422,P0007,2026-06-15,2,123.96,Paid
O014533,C0220,P0008,2026-06-15,3,558.9,Email
O014534,C0063,P0010,2026-06-15,1,36.53,Paid
O014535,C0450,P0010,2026-06-15,3,109.59,Paid
O014536,C0735,P0022,2026-06-15,3,391.14,Paid
O014537,C0572,P0024,2026-06-15,2,213.94,Paid
O014538,C0327,P0024,2026-06-15,1,106.97,Paid
O014539,C0770,P0022,2026-06-15,3,391.14,Email
O014540,C0130,P0025,2026-06-15,2,92.12,Paid
O014541,C0215,P0025,2026-06-15,1,46.06,Paid
O014542,C0530,P0035,2026-06-15,1,96.43,Referral
O014543,C0520,P0004,2026-06-15,3,353.1,Email
O014544,C0745,P0001,2026-06-15,2,627.72,Paid
O014545,C0467,P0006,2026-06-15,2,318.4,Paid
O014546,C0318,P0015,2026-06-15,2,104.6,Email
O014547,C0655,P0013,2026-06-15,2,86.52,Paid
O014548,C0469,P0017,2026-06-15,2,246.76,Paid
O014549,C0234,P0018,2026-06-15,2,173.42,Paid
O014550,C0469,P0032,2026-06-15,1,10.99,Paid
O014551,C0037,P0039,2026-06-15,3,56.34,Paid
O014552,C0030,P0036,2026-06-15,2,57.06,Paid
O014553,C0013,P0008,2026-06-16,1,186.3,Paid
O014554,C0473,P0005,2026-06-16,3,529.65,Paid
O014555,C0483,P0009,2026-06-16,2,97.3,Paid
O014556,C0677,P0013,2026-06-16,3,129.78,Paid
O014557,C0458,P0011,2026-06-16,3,131.46,Paid
O014558,C0392,P0012,2026-06-16,1,39.93,Paid
O014559,C0460,P0011,2026-06-16,1,43.82,Email
O014560,C0361,P0017,2026-06-16,1,123.38,Paid
O014561,C0395,P0020,2026-06-16,1,112.73,Referral
O014562,C0482,P0030,2026-06-16,1,16.01,Organic
O014563,C0308,P0027,2026-06-16,1,44.96,Paid
O014564,C0308,P0036,2026-06-16,3,85.59,Organic
O014565,C0640,P0008,2026-06-16,3,558.9,Referral
O014566,C0181,P0001,2026-06-16,3,941.58,Paid
O014567,C0640,P0001,2026-06-16,1,313.86,Paid
O014568,C0333,P0005,2026-06-16,2,353.1,Paid
O014569,C0484,P0011,2026-06-16,3,131.46,Organic
O014570,C0304,P0010,2026-06-16,1,36.53,Paid
O014571,C0769,P0010,2026-06-16,1,36.53,Paid
O014572,C0537,P0031,2026-06-16,2,59.7,Paid
O014573,C0028,P0037,2026-06-16,2,164.62,Organic
O014574,C0047,P0034,2026-06-16,1,93.55,Paid
O014575,C0266,P0035,2026-06-16,1,96.43,Paid
O014576,C0531,P0005,2026-06-16,3,529.65,Paid
O014577,C0751,P0011,2026-06-16,1,43.82,Email
O014578,C0263,P0011,2026-06-16,2,87.64,Paid
O014579,C0585,P0010,2026-06-16,1,36.53,Paid
O014580,C0183,P0012,2026-06-16,1,39.93,Paid
O014581,C0638,P0021,2026-06-16,2,235.56,Paid
O014582,C0706,P0022,2026-06-16,1,130.38,Organic
O014583,C0735,P0029,2026-06-16,2,45.78,Paid
O014584,C0151,P0036,2026-06-16,2,57.06,Organic
O014585,C0480,P0040,2026-06-16,1,35.3,Paid
O014586,C0799,P0037,2026-06-16,3,246.93,Email
O014587,C0113,P0035,2026-06-16,1,96.43,Organic
O014588,C0609,P0020,2026-06-16,1,112.73,Paid
O014589,C0628,P0021,2026-06-16,2,235.56,Organic
O014590,C0386,P0024,2026-06-16,2,213.94,Email
O014591,C0655,P0030,2026-06-16,2,32.02,Paid
O014592,C0287,P0028,2026-06-16,2,45.44,Organic
O014593,C0062,P0026,2026-06-16,3,53.58,Paid
O014594,C0492,P0037,2026-06-16,3,246.93,Paid
O014595,C0500,P0038,2026-06-16,3,309.06,Organic
O014596,C0097,P0006,2026-06-17,2,318.4,Email
O014597,C0775,P0004,2026-06-17,1,117.7,Paid
O014598,C0800,P0001,2026-06-17,1,313.86,Paid
O014599,C0446,P0011,2026-06-17,1,43.82,Paid
O014600,C0260,P0013,2026-06-17,1,43.26,Email
O014601,C0165,P0014,2026-06-17,3,184.29,Paid
O014602,C0284,P0021,2026-06-17,2,235.56,Organic
O014603,C0723,P0024,2026-06-17,1,106.97,Paid
O014604,C0743,P0027,2026-06-17,3,134.88,Organic
O014605,C0473,P0025,2026-06-17,3,138.18,Paid
O014606,C0308,P0029,2026-06-17,1,22.89,Paid
O014607,C0482,P0030,2026-06-17,2,32.02,Email
O014608,C0110,P0032,2026-06-17,1,10.99,Paid
O014609,C0202,P0034,2026-06-17,3,280.65,Paid
O014610,C0749,P0035,2026-06-17,3,289.29,Paid
O014611,C0133,P0039,2026-06-17,2,37.56,Organic
O014612,C0127,P0037,2026-06-17,1,82.31,Paid
O014613,C0726,P0007,2026-06-17,2,123.96,Paid
O014614,C0793,P0003,2026-06-17,1,97.97,Referral
O014615,C0629,P0006,2026-06-17,3,477.6,Paid
O014616,C0006,P0014,2026-06-17,3,184.29,Paid
O014617,C0359,P0027,2026-06-17,2,89.92,Paid
O014618,C0484,P0029,2026-06-17,1,22.89,Paid
O014619,C0106,P0027,2026-06-17,2,89.92,Paid
O014620,C0746,P0040,2026-06-17,3,105.9,Paid
O014621,C0659,P0039,2026-06-17,2,37.56,Paid
O014622,C0766,P0040,2026-06-17,3,105.9,Paid
O014623,C0642,P0036,2026-06-17,2,57.06,Paid
O014624,C0558,P0006,2026-06-17,2,318.4,Paid
O014625,C0336,P0001,2026-06-17,1,313.86,Paid
O014626,C0010,P0019,2026-06-17,3,238.77,Email
O014627,C0296,P0023,2026-06-17,2,250.92,Email
O014628,C0509,P0020,2026-06-17,2,225.46,Paid
O014629,C0718,P0019,2026-06-17,2,159.18,Paid
O014630,C0611,P0025,2026-06-17,1,46.06,Paid
O014631,C0271,P0007,2026-06-17,1,61.98,Paid
O014632,C0109,P0004,2026-06-17,3,353.1,Organic
O014633,C0253,P0003,2026-06-17,3,293.91,Paid
O014634,C0252,P0012,2026-06-17,3,119.79,Paid
O014635,C0412,P0021,2026-06-17,3,353.34,Paid
O014636,C0271,P0022,2026-06-17,2,260.76,Organic
O014637,C0362,P0032,2026-06-17,3,32.97,Paid
O014638,C0732,P0006,2026-06-18,3,477.6,Paid
O014639,C0123,P0012,2026-06-18,2,79.86,Organic
O014640,C0434,P0016,2026-06-18,2,59.64,Paid
O014641,C0355,P0022,2026-06-18,3,391.14,Organic
O014642,C0483,P0023,2026-06-18,3,376.38,Paid
O014643,C0223,P0035,2026-06-18,3,289.29,Paid
O014644,C0491,P0008,2026-06-18,1,186.3,Paid
O014645,C0006,P0012,2026-06-18,2,79.86,Email
O014646,C0205,P0011,2026-06-18,1,43.82,Paid
O014647,C0602,P0020,2026-06-18,2,225.46,Paid
O014648,C0721,P0018,2026-06-18,1,86.71,Organic
O014649,C0254,P0026,2026-06-18,2,35.72,Paid
O014650,C0198,P0029,2026-06-18,3,68.67,Paid
O014651,C0144,P0025,2026-06-18,3,138.18,Email
O014652,C0644,P0025,2026-06-18,1,46.06,Email
O014653,C0753,P0035,2026-06-18,1,96.43,Paid
O014654,C0267,P0035,2026-06-18,1,96.43,Paid
O014655,C0760,P0040,2026-06-18,1,35.3,Paid
O014656,C0158,P0040,2026-06-18,1,35.3,Paid
O014657,C0254,P0033,2026-06-18,1,83.98,Organic
O014658,C0230,P0008,2026-06-18,2,372.6,Email
O014659,C0183,P0009,2026-06-18,1,48.65,Paid
O014660,C0478,P0014,2026-06-18,3,184.29,Paid
O014661,C0650,P0014,2026-06-18,1,61.43,Organic
O014662,C0334,P0010,2026-06-18,2,73.06,Paid
O014663,C0400,P0018,2026-06-18,1,86.71,Paid
O014664,C0119,P0019,2026-06-18,2,159.18,Organic
O014665,C0668,P0029,2026-06-18,3,68.67,Paid
O014666,C0713,P0031,2026-06-18,2,59.7,Paid
O014667,C0580,P0035,2026-06-18,1,96.43,Paid
O014668,C0424,P0035,2026-06-18,1,96.43,Paid
O014669,C0394,P0003,2026-06-18,1,97.97,Organic
O014670,C0372,P0007,2026-06-18,2,123.96,Paid
O014671,C0273,P0011,2026-06-18,3,131.46,Paid
O014672,C0560,P0011,2026-06-18,3,131.46,Paid
O014673,C0002,P0011,2026-06-18,3,131.46,Referral
O014674,C0147,P0024,2026-06-18,3,320.91,Paid
O014675,C0279,P0024,2026-06-18,2,213.94,Paid
O014676,C0385,P0018,2026-06-18,3,260.13,Paid
O014677,C0560,P0031,2026-06-18,1,29.85,Paid
O014678,C0707,P0028,2026-06-18,2,45.44,Paid
O014679,C0563,P0030,2026-06-18,1,16.01,Paid
O014680,C0187,P0030,2026-06-18,1,16.01,Email
O014681,C0597,P0032,2026-06-18,3,32.97,Paid
O014682,C0563,P0033,2026-06-18,2,167.96,Paid
O014683,C0094,P0001,2026-06-19,1,313.86,Paid
O014684,C0132,P0022,2026-06-19,3,391.14,Paid
O014685,C0749,P0029,2026-06-19,3,68.67,Paid
O014686,C0418,P0030,2026-06-19,2,32.02,Paid
O014687,C0173,P0026,2026-06-19,1,17.86,Email
O014688,C0276,P0011,2026-06-19,1,43.82,Paid
O014689,C0254,P0012,2026-06-19,3,119.79,Paid
O014690,C0780,P0014,2026-06-19,1,61.43,Paid
O014691,C0748,P0018,2026-06-19,1,86.71,Paid
O014692,C0667,P0022,2026-06-19,3,391.14,Organic
O014693,C0553,P0021,2026-06-19,3,353.34,Organic
O014694,C0320,P0025,2026-06-19,2,92.12,Paid
O014695,C0060,P0025,2026-06-19,3,138.18,Organic
O014696,C0786,P0025,2026-06-19,1,46.06,Paid
O014697,C0003,P0033,2026-06-19,2,167.96,Paid
O014698,C0196,P0005,2026-06-19,3,529.65,Organic
O014699,C0751,P0014,2026-06-19,3,184.29,Paid
O014700,C0431,P0010,2026-06-19,1,36.53,Paid
O014701,C0360,P0014,2026-06-19,1,61.43,Paid
O014702,C0735,P0018,2026-06-19,1,86.71,Referral
O014703,C0624,P0028,2026-06-19,2,45.44,Email
O014704,C0296,P0027,2026-06-19,1,44.96,Paid
O014705,C0090,P0030,2026-06-19,3,48.03,Paid
O014706,C0517,P0026,2026-06-19,1,17.86,Paid
O014707,C0112,P0031,2026-06-19,2,59.7,Paid
O014708,C0649,P0039,2026-06-19,2,37.56,Paid
O014709,C0326,P0039,2026-06-19,3,56.34,Paid
O014710,C0695,P0039,2026-06-19,3,56.34,Paid
O014711,C0305,P0007,2026-06-19,2,123.96,Organic
O014712,C0194,P0008,2026-06-19,3,558.9,Paid
O014713,C0185,P0001,2026-06-19,1,313.86,Paid
O014714,C0790,P0008,2026-06-19,3,558.9,Paid
O014715,C0725,P0006,2026-06-19,3,477.6,Paid
O014716,C0609,P0011,2026-06-19,3,131.46,Organic
O014717,C0528,P0014,2026-06-19,1,61.43,Paid
O014718,C0574,P0015,2026-06-19,2,104.6,Paid
O014719,C0705,P0024,2026-06-19,2,213.94,Paid
O014720,C0745,P0022,2026-06-19,1,130.38,Paid
O014721,C0690,P0017,2026-06-19,1,123.38,Paid
O014722,C0597,P0028,2026-06-19,3,68.16,Paid
O014723,C0407,P0038,2026-06-19,1,103.02,Paid
O014724,C0722,P0034,2026-06-19,2,187.1,Email
O014725,C0082,P0033,2026-06-19,2,167.96,Paid
O014726,C0465,P0034,2026-06-19,2,187.1,Paid
O014727,C0127,P0007,2026-06-20,3,185.94,Organic
O014728,C0339,P0007,2026-06-20,1,61.98,Paid
O014729,C0788,P0006,2026-06-20,3,477.6,Paid
O014730,C0418,P0011,2026-06-20,1,43.82,Paid
O014731,C0280,P0018,2026-06-20,1,86.71,Paid
O014732,C0507,P0019,2026-06-20,2,159.18,Paid
O014733,C0277,P0030,2026-06-20,2,32.02,Paid
O014734,C0223,P0028,2026-06-20,2,45.44,Paid
O014735,C0392,P0037,2026-06-20,2,164.62,Paid
O014736,C0448,P0040,2026-06-20,2,70.6,Paid
O014737,C0760,P0006,2026-06-20,1,159.2,Paid
O014738,C0240,P0003,2026-06-20,3,293.91,Paid
O014739,C0540,P0016,2026-06-20,2,59.64,Paid
O014740,C0376,P0023,2026-06-20,1,125.46,Paid
O014741,C0539,P0019,2026-06-20,2,159.18,Paid
O014742,C0510,P0030,2026-06-20,1,16.01,Paid
O014743,C0635,P0027,2026-06-20,2,89.92,Paid
O014744,C0072,P0037,2026-06-20,1,82.31,Organic
O014745,C0230,P0003,2026-06-20,3,293.91,Paid
O014746,C0289,P0007,2026-06-20,2,123.96,Referral
O014747,C0464,P0007,2026-06-20,3,185.94,Paid
O014748,C0523,P0011,2026-06-20,1,43.82,Email
O014749,C0326,P0014,2026-06-20,1,61.43,Paid
O014750,C0765,P0012,2026-06-20,3,119.79,Email
O014751,C0228,P0020,2026-06-20,3,338.19,Paid
O014752,C0799,P0032,2026-06-20,3,32.97,Paid
O014753,C0432,P0031,2026-06-20,2,59.7,Paid
O014754,C0025,P0032,2026-06-20,2,21.98,Paid
O014755,C0517,P0027,2026-06-20,2,89.92,Paid
O014756,C0535,P0030,2026-06-20,2,32.02,Referral
O014757,C0136,P0025,2026-06-20,2,92.12,Email
O014758,C0023,P0031,2026-06-20,1,29.85,Paid
O014759,C0022,P0032,2026-06-20,1,10.99,Paid
O014760,C0647,P0030,2026-06-20,1,16.01,Organic
O014761,C0509,P0036,2026-06-20,2,57.06,Paid
O014762,C0456,P0034,2026-06-20,2,187.1,Paid
O014763,C0297,P0008,2026-06-20,3,558.9,Email
O014764,C0712,P0008,2026-06-20,2,372.6,Paid
O014765,C0506,P0004,2026-06-20,1,117.7,Paid
O014766,C0367,P0008,2026-06-20,1,186.3,Paid
O014767,C0179,P0014,2026-06-20,1,61.43,Paid
O014768,C0541,P0013,2026-06-20,3,129.78,Paid
O014769,C0115,P0021,2026-06-20,3,353.34,Paid
O014770,C0776,P0030,2026-06-20,2,32.02,Paid
O014771,C0301,P0027,2026-06-20,1,44.96,Paid
O014772,C0690,P0026,2026-06-20,3,53.58,Paid
O014773,C0108,P0029,2026-06-20,1,22.89,Organic
O014774,C0633,P0029,2026-06-20,1,22.89,Paid
O014775,C0477,P0028,2026-06-20,3,68.16,Email
O014776,C0487,P0030,2026-06-20,2,32.02,Paid
O014777,C0581,P0040,2026-06-20,2,70.6,Organic
O014778,C0606,P0035,2026-06-20,2,192.86,Paid
O014779,C0534,P0037,2026-06-20,3,246.93,Paid
O014780,C0167,P0040,2026-06-20,2,70.6,Paid
O014781,C0367,P0034,2026-06-20,1,93.55,Referral
O014782,C0734,P0003,2026-06-21,3,293.91,Paid
O014783,C0654,P0007,2026-06-21,3,185.94,Referral
O014784,C0177,P0008,2026-06-21,3,558.9,Paid
O014785,C0050,P0004,2026-06-21,3,353.1,Organic
O014786,C0098,P0004,2026-06-21,1,117.7,Paid
O014787,C0443,P0014,2026-06-21,2,122.86,Referral
O014788,C0587,P0021,2026-06-21,3,353.34,Paid
O014789,C0236,P0027,2026-06-21,3,134.88,Paid
O014790,C0131,P0028,2026-06-21,3,68.16,Paid
O014791,C0495,P0029,2026-06-21,3,68.67,Organic
O014792,C0503,P0038,2026-06-21,2,206.04,Email
O014793,C0621,P0037,2026-06-21,3,246.93,Paid
O014794,C0495,P0034,2026-06-21,2,187.1,Paid
O014795,C0512,P0004,2026-06-21,1,117.7,Paid
O014796,C0241,P0001,2026-06-21,3,941.58,Paid
O014797,C0019,P0007,2026-06-21,1,61.98,Paid
O014798,C0491,P0003,2026-06-21,3,293.91,Organic
O014799,C0721,P0003,2026-06-21,3,293.91,Paid
O014800,C0261,P0009,2026-06-21,1,48.65,Email
O014801,C0321,P0011,2026-06-21,2,87.64,Paid
O014802,C0342,P0010,2026-06-21,2,73.06,Email
O014803,C0681,P0015,2026-06-21,2,104.6,Organic
O014804,C0721,P0016,2026-06-21,3,89.46,Paid
O014805,C0137,P0017,2026-06-21,3,370.14,Paid
O014806,C0079,P0023,2026-06-21,2,250.92,Email
O014807,C0793,P0021,2026-06-21,2,235.56,Paid
O014808,C0605,P0023,2026-06-21,1,125.46,Paid
O014809,C0546,P0030,2026-06-21,3,48.03,Paid
O014810,C0780,P0032,2026-06-21,1,10.99,Paid
O014811,C0548,P0040,2026-06-21,2,70.6,Email
O014812,C0533,P0034,2026-06-21,1,93.55,Email
O014813,C0077,P0003,2026-06-21,1,97.97,Paid
O014814,C0689,P0008,2026-06-21,1,186.3,Paid
O014815,C0653,P0005,2026-06-21,2,353.1,Paid
O014816,C0751,P0002,2026-06-21,1,224.66,Paid
O014817,C0162,P0005,2026-06-21,3,529.65,Paid
O014818,C0075,P0013,2026-06-21,2,86.52,Paid
O014819,C0429,P0015,2026-06-21,3,156.9,Paid
O014820,C0770,P0023,2026-06-21,2,250.92,Email
O014821,C0263,P0021,2026-06-21,3,353.34,Paid
O014822,C0120,P0022,2026-06-21,3,391.14,Paid
O014823,C0439,P0020,2026-06-21,1,112.73,Paid
O014824,C0424,P0024,2026-06-21,3,320.91,Paid
O014825,C0324,P0024,2026-06-21,3,320.91,Paid
O014826,C0735,P0028,2026-06-21,3,68.16,Paid
O014827,C0025,P0039,2026-06-21,2,37.56,Paid
O014828,C0790,P0002,2026-06-21,1,224.66,Paid
O014829,C0279,P0014,2026-06-21,3,184.29,Email
O014830,C0528,P0013,2026-06-21,2,86.52,Paid
O014831,C0798,P0024,2026-06-21,1,106.97,Email
O014832,C0794,P0023,2026-06-21,1,125.46,Organic
O014833,C0396,P0019,2026-06-21,2,159.18,Paid
O014834,C0513,P0028,2026-06-21,1,22.72,Referral
O014835,C0513,P0027,2026-06-21,2,89.92,Paid
O014836,C0194,P0026,2026-06-21,2,35.72,Email
O014837,C0412,P0026,2026-06-21,2,35.72,Paid
O014838,C0702,P0028,2026-06-21,3,68.16,Organic
O014839,C0159,P0037,2026-06-21,1,82.31,Paid
O014840,C0187,P0039,2026-06-21,1,18.78,Organic
O014841,C0200,P0035,2026-06-21,2,192.86,Organic
O014842,C0341,P0003,2026-06-22,3,293.91,Paid
O014843,C0308,P0004,2026-06-22,1,117.7,Referral
O014844,C0522,P0013,2026-06-22,3,129.78,Organic
O014845,C0191,P0023,2026-06-22,3,376.38,Email
O014846,C0193,P0023,2026-06-22,1,125.46,Paid
O014847,C0742,P0022,2026-06-22,3,391.14,Paid
O014848,C0710,P0018,2026-06-22,2,173.42,Email
O014849,C0049,P0023,2026-06-22,3,376.38,Paid
O014850,C0129,P0020,2026-06-22,2,225.46,Paid
O014851,C0440,P0021,2026-06-22,1,117.78,Paid
O014852,C0440,P0025,2026-06-22,3,138.18,Paid
O014853,C0446,P0033,2026-06-22,1,83.98,Organic
O014854,C0418,P0036,2026-06-22,1,28.53,Organic
O014855,C0154,P0002,2026-06-22,2,449.32,Organic
O014856,C0604,P0001,2026-06-22,2,627.72,Paid
O014857,C0427,P0017,2026-06-22,1,123.38,Paid
O014858,C0748,P0020,2026-06-22,1,112.73,Paid
O014859,C0685,P0024,2026-06-22,1,106.97,Paid
O014860,C0052,P0017,2026-06-22,3,370.14,Paid
O014861,C0746,P0032,2026-06-22,1,10.99,Referral
O014862,C0034,P0029,2026-06-22,1,22.89,Paid
O014863,C0246,P0033,2026-06-22,1,83.98,Organic
O014864,C0602,P0033,2026-06-22,1,83.98,Paid
O014865,C0649,P0008,2026-06-22,1,186.3,Organic
O014866,C0120,P0011,2026-06-22,2,87.64,Paid
O014867,C0713,P0013,2026-06-22,2,86.52,Paid
O014868,C0669,P0021,2026-06-22,2,235.56,Referral
O014869,C0357,P0030,2026-06-22,2,32.02,Paid
O014870,C0565,P0031,2026-06-22,2,59.7,Organic
O014871,C0799,P0032,2026-06-22,3,32.97,Paid
O014872,C0720,P0036,2026-06-22,3,85.59,Referral
O014873,C0452,P0001,2026-06-22,1,313.86,Paid
O014874,C0349,P0007,2026-06-22,2,123.96,Organic
O014875,C0150,P0006,2026-06-22,3,477.6,Paid
O014876,C0693,P0010,2026-06-22,3,109.59,Paid
O014877,C0029,P0021,2026-06-22,3,353.34,Paid
O014878,C0513,P0020,2026-06-22,1,112.73,Paid
O014879,C0029,P0022,2026-06-22,2,260.76,Paid
O014880,C0294,P0024,2026-06-22,2,213.94,Paid
O014881,C0245,P0021,2026-06-22,1,117.78,Paid
O014882,C0725,P0021,2026-06-22,3,353.34,Organic
O014883,C0294,P0018,2026-06-22,1,86.71,Paid
O014884,C0101,P0032,2026-06-22,2,21.98,Referral
O014885,C0588,P0032,2026-06-22,1,10.99,Paid
O014886,C0218,P0027,2026-06-22,1,44.96,Paid
O014887,C0152,P0032,2026-06-22,1,10.99,Paid
O014888,C0581,P0034,2026-06-22,1,93.55,Paid
O014889,C0375,P0033,2026-06-22,2,167.96,Paid
O014890,C0110,P0004,2026-06-23,3,353.1,Organic
O014891,C0772,P0009,2026-06-23,1,48.65,Paid
O014892,C0041,P0012,2026-06-23,1,39.93,Paid
O014893,C0293,P0012,2026-06-23,3,119.79,Paid
O014894,C0573,P0020,2026-06-23,1,112.73,Email
O014895,C0339,P0017,2026-06-23,3,370.14,Paid
O014896,C0601,P0017,2026-06-23,2,246.76,Email
O014897,C0677,P0019,2026-06-23,3,238.77,Paid
O014898,C0355,P0028,2026-06-23,3,68.16,Paid
O014899,C0446,P0029,2026-06-23,2,45.78,Email
O014900,C0368,P0032,2026-06-23,3,32.97,Email
O014901,C0752,P0036,2026-06-23,3,85.59,Paid
O014902,C0074,P0037,2026-06-23,2,164.62,Organic
O014903,C0081,P0034,2026-06-23,1,93.55,Paid
O014904,C0072,P0005,2026-06-23,1,176.55,Paid
O014905,C0629,P0007,2026-06-23,2,123.96,Paid
O014906,C0750,P0002,2026-06-23,1,224.66,Paid
O014907,C0358,P0002,2026-06-23,3,673.98,Paid
O014908,C0758,P0014,2026-06-23,3,184.29,Paid
O014909,C0329,P0013,2026-06-23,2,86.52,Paid
O014910,C0028,P0016,2026-06-23,2,59.64,Paid
O014911,C0319,P0012,2026-06-23,1,39.93,Organic
O014912,C0773,P0019,2026-06-23,3,238.77,Paid
O014913,C0760,P0032,2026-06-23,1,10.99,Paid
O014914,C0319,P0031,2026-06-23,3,89.55,Paid
O014915,C0436,P0036,2026-06-23,1,28.53,Paid
O014916,C0651,P0035,2026-06-23,3,289.29,Organic
O014917,C0474,P0037,2026-06-23,2,164.62,Paid
O014918,C0248,P0001,2026-06-23,1,313.86,Organic
O014919,C0778,P0002,2026-06-23,3,673.98,Paid
O014920,C0228,P0024,2026-06-23,3,320.91,Email
O014921,C0114,P0019,2026-06-23,1,79.59,Paid
O014922,C0660,P0017,2026-06-23,1,123.38,Paid
O014923,C0334,P0026,2026-06-23,2,35.72,Paid
O014924,C0631,P0028,2026-06-23,2,45.44,Paid
O014925,C0156,P0029,2026-06-23,3,68.67,Organic
O014926,C0206,P0034,2026-06-23,2,187.1,Paid
O014927,C0579,P0033,2026-06-23,3,251.94,Paid
O014928,C0063,P0034,2026-06-23,2,187.1,Paid
O014929,C0270,P0007,2026-06-23,1,61.98,Email
O014930,C0542,P0007,2026-06-23,1,61.98,Paid
O014931,C0717,P0007,2026-06-23,1,61.98,Paid
O014932,C0754,P0015,2026-06-23,1,52.3,Paid
O014933,C0563,P0014,2026-06-23,1,61.43,Paid
O014934,C0534,P0020,2026-06-23,3,338.19,Referral
O014935,C0373,P0022,2026-06-23,3,391.14,Paid
O014936,C0314,P0027,2026-06-23,1,44.96,Paid
O014937,C0550,P0025,2026-06-23,2,92.12,Paid
O014938,C0705,P0033,2026-06-23,3,251.94,Paid
O014939,C0492,P0036,2026-06-23,2,57.06,Paid
O014940,C0064,P0003,2026-06-24,3,293.91,Paid
O014941,C0255,P0008,2026-06-24,2,372.6,Paid
O014942,C0107,P0016,2026-06-24,3,89.46,Paid
O014943,C0418,P0015,2026-06-24,2,104.6,Email
O014944,C0788,P0011,2026-06-24,1,43.82,Organic
O014945,C0583,P0022,2026-06-24,1,130.38,Paid
O014946,C0203,P0022,2026-06-24,2,260.76,Paid
O014947,C0583,P0024,2026-06-24,1,106.97,Paid
O014948,C0257,P0025,2026-06-24,3,138.18,Organic
O014949,C0594,P0027,2026-06-24,3,134.88,Paid
O014950,C0795,P0039,2026-06-24,3,56.34,Organic
O014951,C0780,P0006,2026-06-24,2,318.4,Paid
O014952,C0640,P0005,2026-06-24,3,529.65,Paid
O014953,C0154,P0005,2026-06-24,1,176.55,Paid
O014954,C0116,P0002,2026-06-24,1,224.66,Paid
O014955,C0106,P0006,2026-06-24,1,159.2,Paid
O014956,C0408,P0016,2026-06-24,2,59.64,Email
O014957,C0672,P0010,2026-06-24,3,109.59,Email
O014958,C0786,P0011,2026-06-24,1,43.82,Paid
O014959,C0262,P0024,2026-06-24,3,320.91,Paid
O014960,C0433,P0017,2026-06-24,2,246.76,Paid
O014961,C0576,P0024,2026-06-24,1,106.97,Paid
O014962,C0760,P0019,2026-06-24,1,79.59,Paid
O014963,C0240,P0030,2026-06-24,3,48.03,Paid
O014964,C0746,P0029,2026-06-24,2,45.78,Organic
O014965,C0667,P0027,2026-06-24,1,44.96,Paid
O014966,C0764,P0035,2026-06-24,3,289.29,Organic
O014967,C0599,P0035,2026-06-24,2,192.86,Paid
O014968,C0352,P0005,2026-06-24,1,176.55,Paid
O014969,C0102,P0005,2026-06-24,2,353.1,Email
O014970,C0708,P0007,2026-06-24,1,61.98,Organic
O014971,C0509,P0005,2026-06-24,3,529.65,Paid
O014972,C0036,P0015,2026-06-24,2,104.6,Paid
O014973,C0637,P0012,2026-06-24,2,79.86,Paid
O014974,C0197,P0015,2026-06-24,2,104.6,Paid
O014975,C0326,P0019,2026-06-24,2,159.18,Paid
O014976,C0130,P0024,2026-06-24,1,106.97,Paid
O014977,C0475,P0018,2026-06-24,2,173.42,Paid
O014978,C0230,P0017,2026-06-24,2,246.76,Paid
O014979,C0230,P0023,2026-06-24,1,125.46,Paid
O014980,C0391,P0035,2026-06-24,3,289.29,Organic
O014981,C0256,P0040,2026-06-24,1,35.3,Paid
O014982,C0472,P0003,2026-06-24,3,293.91,Organic
O014983,C0111,P0004,2026-06-24,1,117.7,Email
O014984,C0053,P0002,2026-06-24,3,673.98,Email
O014985,C0109,P0019,2026-06-24,2,159.18,Email
O014986,C0053,P0019,2026-06-24,3,238.77,Paid
O014987,C0297,P0020,2026-06-24,3,338.19,Email
O014988,C0237,P0022,2026-06-24,2,260.76,Email
O014989,C0066,P0032,2026-06-24,2,21.98,Paid
O014990,C0798,P0032,2026-06-24,1,10.99,Paid
O014991,C0412,P0035,2026-06-24,1,96.43,Paid
O014992,C0058,P0007,2026-06-25,3,185.94,Referral
O014993,C0173,P0006,2026-06-25,3,477.6,Paid
O014994,C0118,P0012,2026-06-25,1,39.93,Email
O014995,C0398,P0022,2026-06-25,3,391.14,Paid
O014996,C0677,P0018,2026-06-25,1,86.71,Paid
O014997,C0339,P0025,2026-06-25,1,46.06,Paid
O014998,C0341,P0032,2026-06-25,2,21.98,Email
O014999,C0715,P0027,2026-06-25,1,44.96,Paid
O015000,C0594,P0040,2026-06-25,3,105.9,Email
O015001,C0490,P0003,2026-06-25,1,97.97,Organic
O015002,C0604,P0006,2026-06-25,3,477.6,Paid
O015003,C0622,P0008,2026-06-25,2,372.6,Paid
O015004,C0214,P0008,2026-06-25,2,372.6,Paid
O015005,C0538,P0003,2026-06-25,2,195.94,Paid
O015006,C0382,P0010,2026-06-25,3,109.59,Paid
O015007,C0047,P0009,2026-06-25,3,145.95,Paid
O015008,C0231,P0018,2026-06-25,2,173.42,Paid
O015009,C0126,P0017,2026-06-25,3,370.14,Email
O015010,C0205,P0027,2026-06-25,2,89.92,Paid
O015011,C0667,P0031,2026-06-25,2,59.7,Paid
O015012,C0694,P0027,2026-06-25,1,44.96,Organic
O015013,C0784,P0038,2026-06-25,3,309.06,Paid
O015014,C0425,P0001,2026-06-25,2,627.72,Paid
O015015,C0624,P0004,2026-06-25,1,117.7,Paid
O015016,C0706,P0013,2026-06-25,1,43.26,Paid
O015017,C0517,P0015,2026-06-25,3,156.9,Organic
O015018,C0755,P0019,2026-06-25,3,238.77,Referral
O015019,C0141,P0031,2026-06-25,3,89.55,Paid
O015020,C0636,P0027,2026-06-25,2,89.92,Paid
O015021,C0509,P0027,2026-06-25,1,44.96,Organic
O015022,C0324,P0030,2026-06-25,1,16.01,Paid
O015023,C0141,P0032,2026-06-25,2,21.98,Organic
O015024,C0239,P0029,2026-06-25,3,68.67,Paid
O015025,C0697,P0031,2026-06-25,2,59.7,Paid
O015026,C0349,P0017,2026-06-25,3,370.14,Paid
O015027,C0029,P0024,2026-06-25,3,320.91,Paid
O015028,C0039,P0029,2026-06-25,1,22.89,Organic
O015029,C0493,P0036,2026-06-25,3,85.59,Paid
O015030,C0401,P0034,2026-06-25,2,187.1,Paid
O015031,C0693,P0039,2026-06-25,2,37.56,Paid
O015032,C0684,P0003,2026-06-26,2,195.94,Paid
O015033,C0519,P0001,2026-06-26,1,313.86,Paid
O015034,C0440,P0023,2026-06-26,1,125.46,Paid
O015035,C0421,P0030,2026-06-26,3,48.03,Paid
O015036,C0556,P0038,2026-06-26,1,103.02,Paid
O015037,C0376,P0004,2026-06-26,3,353.1,Paid
O015038,C0387,P0010,2026-06-26,3,109.59,Paid
O015039,C0711,P0014,2026-06-26,2,122.86,Paid
O015040,C0267,P0010,2026-06-26,2,73.06,Paid
O015041,C0198,P0024,2026-06-26,1,106.97,Paid
O015042,C0719,P0027,2026-06-26,2,89.92,Paid
O015043,C0275,P0036,2026-06-26,3,85.59,Paid
O015044,C0602,P0036,2026-06-26,1,28.53,Paid
O015045,C0282,P0034,2026-06-26,1,93.55,Paid
O015046,C0449,P0005,2026-06-26,3,529.65,Paid
O015047,C0148,P0007,2026-06-26,1,61.98,Paid
O015048,C0324,P0001,2026-06-26,2,627.72,Paid
O015049,C0720,P0011,2026-06-26,3,131.46,Paid
O015050,C0316,P0012,2026-06-26,1,39.93,Paid
O015051,C0718,P0013,2026-06-26,2,86.52,Organic
O015052,C0572,P0012,2026-06-26,1,39.93,Organic
O015053,C0010,P0014,2026-06-26,1,61.43,Paid
O015054,C0439,P0020,2026-06-26,3,338.19,Paid
O015055,C0653,P0020,2026-06-26,1,112.73,Paid
O015056,C0008,P0026,2026-06-26,1,17.86,Paid
O015057,C0083,P0025,2026-06-26,2,92.12,Organic
O015058,C0313,P0027,2026-06-26,1,44.96,Organic
O015059,C0475,P0040,2026-06-26,3,105.9,Email
O015060,C0707,P0001,2026-06-26,2,627.72,Paid
O015061,C0798,P0001,2026-06-26,2,627.72,Paid
O015062,C0542,P0003,2026-06-26,3,293.91,Organic
O015063,C0568,P0016,2026-06-26,1,29.82,Paid
O015064,C0109,P0018,2026-06-26,1,86.71,Paid
O015065,C0498,P0023,2026-06-26,3,376.38,Organic
O015066,C0373,P0027,2026-06-26,1,44.96,Referral
O015067,C0020,P0025,2026-06-26,2,92.12,Paid
O015068,C0100,P0027,2026-06-26,2,89.92,Referral
O015069,C0305,P0039,2026-06-26,3,56.34,Paid
O015070,C0550,P0037,2026-06-26,2,164.62,Referral
O015071,C0386,P0038,2026-06-26,1,103.02,Paid
O015072,C0520,P0039,2026-06-26,3,56.34,Organic
O015073,C0223,P0007,2026-06-27,3,185.94,Paid
O015074,C0508,P0008,2026-06-27,2,372.6,Paid
O015075,C0734,P0015,2026-06-27,3,156.9,Paid
O015076,C0518,P0010,2026-06-27,1,36.53,Paid
O015077,C0521,P0013,2026-06-27,2,86.52,Paid
O015078,C0173,P0018,2026-06-27,2,173.42,Paid
O015079,C0027,P0023,2026-06-27,2,250.92,Paid
O015080,C0236,P0023,2026-06-27,2,250.92,Organic
O015081,C0741,P0019,2026-06-27,3,238.77,Paid
O015082,C0414,P0023,2026-06-27,2,250.92,Paid
O015083,C0175,P0022,2026-06-27,2,260.76,Paid
O015084,C0679,P0018,2026-06-27,3,260.13,Paid
O015085,C0768,P0028,2026-06-27,2,45.44,Paid
O015086,C0193,P0032,2026-06-27,1,10.99,Paid
O015087,C0041,P0029,2026-06-27,3,68.67,Paid
O015088,C0339,P0028,2026-06-27,2,45.44,Organic
O015089,C0678,P0039,2026-06-27,1,18.78,Organic
O015090,C0507,P0040,2026-06-27,3,105.9,Paid
O015091,C0203,P0040,2026-06-27,2,70.6,Paid
O015092,C0138,P0001,2026-06-27,1,313.86,Paid
O015093,C0208,P0004,2026-06-27,2,235.4,Paid
O015094,C0267,P0004,2026-06-27,2,235.4,Paid
O015095,C0254,P0017,2026-06-27,3,370.14,Organic
O015096,C0282,P0023,2026-06-27,1,125.46,Paid
O015097,C0479,P0017,2026-06-27,3,370.14,Organic
O015098,C0494,P0023,2026-06-27,3,376.38,Paid
O015099,C0329,P0020,2026-06-27,1,112.73,Paid
O015100,C0737,P0020,2026-06-27,2,225.46,Organic
O015101,C0182,P0030,2026-06-27,1,16.01,Email
O015102,C0671,P0030,2026-06-27,2,32.02,Paid
O015103,C0381,P0028,2026-06-27,2,45.44,Paid
O015104,C0786,P0027,2026-06-27,3,134.88,Paid
O015105,C0335,P0028,2026-06-27,2,45.44,Paid
O015106,C0267,P0038,2026-06-27,2,206.04,Paid
O015107,C0512,P0037,2026-06-27,3,246.93,Paid
O015108,C0019,P0039,2026-06-27,2,37.56,Paid
O015109,C0764,P0039,2026-06-27,1,18.78,Organic
O015110,C0019,P0039,2026-06-27,2,37.56,Paid
O015111,C0578,P0034,2026-06-27,3,280.65,Organic
O015112,C0075,P0004,2026-06-27,3,353.1,Email
O015113,C0751,P0008,2026-06-27,1,186.3,Paid
O015114,C0077,P0001,2026-06-27,2,627.72,Organic
O015115,C0572,P0019,2026-06-27,1,79.59,Organic
O015116,C0162,P0024,2026-06-27,3,320.91,Paid
O015117,C0377,P0024,2026-06-27,1,106.97,Paid
O015118,C0083,P0025,2026-06-27,3,138.18,Paid
O015119,C0429,P0028,2026-06-27,3,68.16,Organic
O015120,C0113,P0040,2026-06-27,2,70.6,Paid
O015121,C0162,P0040,2026-06-27,1,35.3,Paid
O015122,C0204,P0039,2026-06-27,3,56.34,Paid
O015123,C0431,P0033,2026-06-27,1,83.98,Email
O015124,C0688,P0010,2026-06-27,2,73.06,Email
O015125,C0498,P0016,2026-06-27,2,59.64,Paid
O015126,C0609,P0009,2026-06-27,1,48.65,Paid
O015127,C0195,P0012,2026-06-27,3,119.79,Paid
O015128,C0707,P0012,2026-06-27,3,119.79,Paid
O015129,C0374,P0011,2026-06-27,3,131.46,Paid
O015130,C0385,P0015,2026-06-27,1,52.3,Paid
O015131,C0561,P0017,2026-06-27,3,370.14,Organic
O015132,C0209,P0029,2026-06-27,2,45.78,Email
O015133,C0051,P0033,2026-06-27,2,167.96,Organic
O015134,C0562,P0039,2026-06-27,2,37.56,Paid
O015135,C0105,P0039,2026-06-27,3,56.34,Paid
O015136,C0581,P0038,2026-06-27,3,309.06,Referral
O015137,C0297,P0034,2026-06-27,2,187.1,Paid
O015138,C0165,P0002,2026-06-28,3,673.98,Paid
O015139,C0139,P0005,2026-06-28,3,529.65,Paid
O015140,C0259,P0006,2026-06-28,2,318.4,Referral
O015141,C0365,P0015,2026-06-28,3,156.9,Paid
O015142,C0107,P0013,2026-06-28,3,129.78,Paid
O015143,C0524,P0012,2026-06-28,1,39.93,Paid
O015144,C0677,P0015,2026-06-28,1,52.3,Paid
O015145,C0414,P0009,2026-06-28,1,48.65,Paid
O015146,C0625,P0012,2026-06-28,3,119.79,Paid
O015147,C0176,P0019,2026-06-28,3,238.77,Email
O015148,C0395,P0032,2026-06-28,1,10.99,Paid
O015149,C0443,P0028,2026-06-28,2,45.44,Paid
O015150,C0507,P0037,2026-06-28,1,82.31,Paid
O015151,C0171,P0008,2026-06-28,3,558.9,Paid
O015152,C0405,P0007,2026-06-28,2,123.96,Paid
O015153,C0539,P0002,2026-06-28,2,449.32,Paid
O015154,C0047,P0016,2026-06-28,3,89.46,Paid
O015155,C0086,P0016,2026-06-28,3,89.46,Paid
O015156,C0021,P0015,2026-06-28,2,104.6,Organic
O015157,C0330,P0014,2026-06-28,2,122.86,Paid
O015158,C0598,P0015,2026-06-28,3,156.9,Organic
O015159,C0512,P0024,2026-06-28,2,213.94,Paid
O015160,C0764,P0022,2026-06-28,1,130.38,Paid
O015161,C0420,P0017,2026-06-28,3,370.14,Organic
O015162,C0276,P0028,2026-06-28,2,45.44,Paid
O015163,C0491,P0032,2026-06-28,1,10.99,Paid
O015164,C0659,P0029,2026-06-28,2,45.78,Organic
O015165,C0494,P0037,2026-06-28,2,164.62,Paid
O015166,C0644,P0039,2026-06-28,3,56.34,Paid
O015167,C0267,P0040,2026-06-28,1,35.3,Paid
O015168,C0585,P0005,2026-06-28,3,529.65,Paid
O015169,C0151,P0004,2026-06-28,2,235.4,Paid
O015170,C0735,P0013,2026-06-28,1,43.26,Paid
O015171,C0720,P0012,2026-06-28,3,119.79,Paid
O015172,C0141,P0013,2026-06-28,2,86.52,Paid
O015173,C0697,P0021,2026-06-28,2,235.56,Paid
O015174,C0192,P0021,2026-06-28,3,353.34,Paid
O015175,C0350,P0026,2026-06-28,1,17.86,Paid
O015176,C0706,P0031,2026-06-28,1,29.85,Email
O015177,C0790,P0008,2026-06-28,1,186.3,Paid
O015178,C0056,P0004,2026-06-28,1,117.7,Paid
O015179,C0664,P0004,2026-06-28,1,117.7,Organic
O015180,C0187,P0018,2026-06-28,1,86.71,Paid
O015181,C0520,P0017,2026-06-28,1,123.38,Paid
O015182,C0745,P0020,2026-06-28,2,225.46,Paid
O015183,C0498,P0030,2026-06-28,2,32.02,Paid
O015184,C0665,P0027,2026-06-28,1,44.96,Paid
O015185,C0459,P0028,2026-06-28,1,22.72,Paid
O015186,C0069,P0028,2026-06-28,2,45.44,Referral
O015187,C0375,P0033,2026-06-28,2,167.96,Paid
O015188,C0597,P0038,2026-06-28,3,309.06,Paid
O015189,C0273,P0033,2026-06-28,3,251.94,Paid
O015190,C0675,P0005,2026-06-29,3,529.65,Organic
O015191,C0482,P0019,2026-06-29,1,79.59,Paid
O015192,C0080,P0023,2026-06-29,3,376.38,Paid
O015193,C0165,P0022,2026-06-29,3,391.14,Paid
O015194,C0545,P0021,2026-06-29,1,117.78,Paid
O015195,C0795,P0036,2026-06-29,3,85.59,Paid
O015196,C0673,P0039,2026-06-29,2,37.56,Paid
O015197,C0592,P0002,2026-06-29,3,673.98,Email
O015198,C0748,P0002,2026-06-29,1,224.66,Organic
O015199,C0106,P0015,2026-06-29,3,156.9,Email
O015200,C0073,P0010,2026-06-29,1,36.53,Organic
O015201,C0651,P0009,2026-06-29,1,48.65,Paid
O015202,C0342,P0010,2026-06-29,1,36.53,Paid
O015203,C0106,P0018,2026-06-29,1,86.71,Referral
O015204,C0578,P0023,2026-06-29,3,376.38,Paid
O015205,C0510,P0023,2026-06-29,1,125.46,Paid
O015206,C0016,P0020,2026-06-29,2,225.46,Paid
O015207,C0622,P0020,2026-06-29,2,225.46,Referral
O015208,C0137,P0036,2026-06-29,1,28.53,Paid
O015209,C0334,P0008,2026-06-29,3,558.9,Paid
O015210,C0571,P0013,2026-06-29,2,86.52,Paid
O015211,C0464,P0012,2026-06-29,3,119.79,Organic
O015212,C0502,P0016,2026-06-29,1,29.82,Paid
O015213,C0432,P0021,2026-06-29,2,235.56,Email
O015214,C0611,P0023,2026-06-29,1,125.46,Paid
O015215,C0230,P0024,2026-06-29,1,106.97,Paid
O015216,C0071,P0025,2026-06-29,3,138.18,Organic
O015217,C0130,P0028,2026-06-29,3,68.16,Organic
O015218,C0322,P0040,2026-06-29,1,35.3,Paid
O015219,C0778,P0036,2026-06-29,1,28.53,Paid
O015220,C0567,P0033,2026-06-29,3,251.94,Paid
O015221,C0767,P0040,2026-06-29,3,105.9,Paid
O015222,C0478,P0036,2026-06-29,2,57.06,Paid
O015223,C0513,P0001,2026-06-29,2,627.72,Paid
O015224,C0109,P0004,2026-06-29,2,235.4,Paid
O015225,C0725,P0010,2026-06-29,2,73.06,Email
O015226,C0555,P0010,2026-06-29,2,73.06,Paid
O015227,C0134,P0017,2026-06-29,1,123.38,Paid
O015228,C0037,P0025,2026-06-29,3,138.18,Email
O015229,C0185,P0034,2026-06-29,1,93.55,Paid
O015230,C0068,P0034,2026-06-29,3,280.65,Paid
O015231,C0237,P0039,2026-06-29,2,37.56,Paid
O015232,C0212,P0007,2026-06-30,3,185.94,Paid
O015233,C0768,P0009,2026-06-30,3,145.95,Organic
O015234,C0458,P0016,2026-06-30,2,59.64,Paid
O015235,C0483,P0018,2026-06-30,2,173.42,Paid
O015236,C0277,P0017,2026-06-30,3,370.14,Email
O015237,C0133,P0020,2026-06-30,1,112.73,Paid
O015238,C0013,P0023,2026-06-30,3,376.38,Paid
O015239,C0421,P0030,2026-06-30,1,16.01,Paid
O015240,C0727,P0027,2026-06-30,3,134.88,Paid
O015241,C0097,P0035,2026-06-30,2,192.86,Paid
O015242,C0341,P0036,2026-06-30,3,85.59,Paid
O015243,C0160,P0033,2026-06-30,2,167.96,Paid
O015244,C0320,P0008,2026-06-30,2,372.6,Paid
O015245,C0479,P0008,2026-06-30,3,558.9,Paid
O015246,C0793,P0007,2026-06-30,1,61.98,Paid
O015247,C0033,P0009,2026-06-30,3,145.95,Organic
O015248,C0007,P0011,2026-06-30,1,43.82,Paid
O015249,C0512,P0021,2026-06-30,1,117.78,Paid
O015250,C0079,P0024,2026-06-30,1,106.97,Paid
O015251,C0376,P0017,2026-06-30,3,370.14,Paid
O015252,C0085,P0028,2026-06-30,1,22.72,Paid
O015253,C0433,P0032,2026-06-30,2,21.98,Paid
O015254,C0489,P0035,2026-06-30,2,192.86,Paid
O015255,C0262,P0037,2026-06-30,1,82.31,Paid
O015256,C0272,P0004,2026-06-30,3,353.1,Paid
O015257,C0497,P0004,2026-06-30,2,235.4,Paid
O015258,C0689,P0001,2026-06-30,3,941.58,Paid
O015259,C0682,P0022,2026-06-30,3,391.14,Email
O015260,C0377,P0020,2026-06-30,3,338.19,Paid
O015261,C0288,P0020,2026-06-30,1,112.73,Paid
O015262,C0354,P0022,2026-06-30,2,260.76,Paid
O015263,C0216,P0031,2026-06-30,2,59.7,Paid
O015264,C0649,P0034,2026-06-30,3,280.65,Organic
O015265,C0166,P0033,2026-06-30,3,251.94,Paid
O015266,C0528,P0003,2026-06-30,1,97.97,Paid
O015267,C0396,P0002,2026-06-30,1,224.66,Paid
O015268,C0037,P0010,2026-06-30,2,73.06,Paid
O015269,C0279,P0015,2026-06-30,2,104.6,Organic
O015270,C0373,P0009,2026-06-30,2,97.3,Paid
O015271,C0730,P0016,2026-06-30,3,89.46,Paid
O015272,C0161,P0014,2026-06-30,1,61.43,Paid
O015273,C0542,P0032,2026-06-30,1,10.99,Paid
O015274,C0279,P0038,2026-06-30,3,309.06,Paid
O015275,C0559,P0003,2026-07-01,3,293.91,Referral
O015276,C0259,P0006,2026-07-01,3,477.6,Paid
O015277,C0222,P0015,2026-07-01,1,52.3,Paid
O015278,C0454,P0032,2026-07-01,2,21.98,Paid
O015279,C0398,P0027,2026-07-01,3,134.88,Paid
O015280,C0255,P0026,2026-07-01,3,53.58,Paid
O015281,C0482,P0036,2026-07-01,3,85.59,Paid
O015282,C0732,P0040,2026-07-01,3,105.9,Organic
O015283,C0193,P0035,2026-07-01,2,192.86,Paid
O015284,C0616,P0002,2026-07-01,1,224.66,Organic
O015285,C0409,P0006,2026-07-01,2,318.4,Referral
O015286,C0481,P0003,2026-07-01,1,97.97,Organic
O015287,C0181,P0014,2026-07-01,1,61.43,Paid
O015288,C0250,P0013,2026-07-01,3,129.78,Paid
O015289,C0320,P0016,2026-07-01,2,59.64,Email
O015290,C0642,P0018,2026-07-01,1,86.71,Referral
O015291,C0371,P0017,2026-07-01,3,370.14,Paid
O015292,C0358,P0023,2026-07-01,2,250.92,Paid
O015293,C0116,P0030,2026-07-01,2,32.02,Paid
O015294,C0436,P0026,2026-07-01,3,53.58,Paid
O015295,C0537,P0037,2026-07-01,2,164.62,Organic
O015296,C0231,P0034,2026-07-01,3,280.65,Organic
O015297,C0445,P0001,2026-07-01,2,627.72,Email
O015298,C0765,P0006,2026-07-01,1,159.2,Paid
O015299,C0090,P0009,2026-07-01,2,97.3,Paid
O015300,C0456,P0016,2026-07-01,1,29.82,Paid
O015301,C0439,P0012,2026-07-01,1,39.93,Paid
O015302,C0689,P0028,2026-07-01,2,45.44,Organic
O015303,C0735,P0033,2026-07-01,3,251.94,Organic
O015304,C0136,P0034,2026-07-01,1,93.55,Paid
O015305,C0008,P0035,2026-07-01,3,289.29,Paid
O015306,C0195,P0002,2026-07-01,1,224.66,Paid
O015307,C0664,P0001,2026-07-01,2,627.72,Organic
O015308,C0412,P0012,2026-07-01,1,39.93,Paid
O015309,C0725,P0011,2026-07-01,3,131.46,Organic
O015310,C0349,P0016,2026-07-01,2,59.64,Paid
O015311,C0271,P0009,2026-07-01,3,145.95,Paid
O015312,C0349,P0017,2026-07-01,1,123.38,Organic
O015313,C0498,P0018,2026-07-01,3,260.13,Paid
O015314,C0690,P0029,2026-07-01,3,68.67,Paid
O015315,C0362,P0035,2026-07-01,2,192.86,Paid
O015316,C0560,P0039,2026-07-01,2,37.56,Paid
O015317,C0005,P0033,2026-07-01,1,83.98,Paid
O015318,C0165,P0005,2026-07-02,1,176.55,Paid
O015319,C0223,P0001,2026-07-02,2,627.72,Paid
O015320,C0129,P0011,2026-07-02,3,131.46,Paid
O015321,C0325,P0013,2026-07-02,3,129.78,Referral
O015322,C0545,P0020,2026-07-02,3,338.19,Paid
O015323,C0454,P0021,2026-07-02,2,235.56,Paid
O015324,C0213,P0029,2026-07-02,3,68.67,Paid
O015325,C0280,P0038,2026-07-02,3,309.06,Email
O015326,C0495,P0035,2026-07-02,1,96.43,Paid
O015327,C0214,P0002,2026-07-02,2,449.32,Paid
O015328,C0226,P0006,2026-07-02,2,318.4,Paid
O015329,C0793,P0002,2026-07-02,3,673.98,Paid
O015330,C0262,P0001,2026-07-02,1,313.86,Organic
O015331,C0672,P0005,2026-07-02,3,529.65,Paid
O015332,C0640,P0002,2026-07-02,1,224.66,Paid
O015333,C0764,P0016,2026-07-02,1,29.82,Paid
O015334,C0490,P0010,2026-07-02,3,109.59,Paid
O015335,C0060,P0015,2026-07-02,3,156.9,Organic
O015336,C0399,P0020,2026-07-02,3,338.19,Paid
O015337,C0490,P0020,2026-07-02,2,225.46,Paid
O015338,C0719,P0021,2026-07-02,1,117.78,Email
O015339,C0016,P0032,2026-07-02,3,32.97,Paid
O015340,C0512,P0027,2026-07-02,1,44.96,Organic
O015341,C0135,P0032,2026-07-02,2,21.98,Paid
O015342,C0283,P0037,2026-07-02,2,164.62,Paid
O015343,C0463,P0037,2026-07-02,1,82.31,Paid
O015344,C0384,P0037,2026-07-02,1,82.31,Paid
O015345,C0777,P0040,2026-07-02,1,35.3,Paid
O015346,C0192,P0007,2026-07-02,2,123.96,Paid
O015347,C0031,P0009,2026-07-02,3,145.95,Paid
O015348,C0153,P0011,2026-07-02,3,131.46,Paid
O015349,C0172,P0009,2026-07-02,3,145.95,Organic
O015350,C0087,P0009,2026-07-02,1,48.65,Referral
O015351,C0090,P0021,2026-07-02,3,353.34,Paid
O015352,C0799,P0021,2026-07-02,2,235.56,Paid
O015353,C0078,P0021,2026-07-02,3,353.34,Referral
O015354,C0322,P0030,2026-07-02,2,32.02,Paid
O015355,C0523,P0028,2026-07-02,3,68.16,Paid
O015356,C0350,P0034,2026-07-02,1,93.55,Email
O015357,C0141,P0039,2026-07-02,2,37.56,Paid
O015358,C0232,P0038,2026-07-02,2,206.04,Paid
O015359,C0562,P0003,2026-07-02,3,293.91,Referral
O015360,C0560,P0001,2026-07-02,1,313.86,Organic
O015361,C0043,P0015,2026-07-02,3,156.9,Paid
O015362,C0561,P0011,2026-07-02,1,43.82,Paid
O015363,C0200,P0016,2026-07-02,2,59.64,Referral
O015364,C0111,P0015,2026-07-02,3,156.9,Paid
O015365,C0762,P0010,2026-07-02,2,73.06,Organic
O015366,C0730,P0024,2026-07-02,2,213.94,Paid
O015367,C0588,P0023,2026-07-02,2,250.92,Organic
O015368,C0089,P0031,2026-07-02,2,59.7,Paid
O015369,C0101,P0025,2026-07-02,1,46.06,Paid
O015370,C0068,P0028,2026-07-02,1,22.72,Paid
O015371,C0291,P0031,2026-07-02,2,59.7,Paid
O015372,C0108,P0025,2026-07-02,3,138.18,Email
O015373,C0628,P0025,2026-07-02,2,92.12,Email
O015374,C0013,P0002,2026-07-03,2,449.32,Paid
O015375,C0049,P0001,2026-07-03,1,313.86,Paid
O015376,C0177,P0016,2026-07-03,1,29.82,Paid
O015377,C0700,P0015,2026-07-03,1,52.3,Organic
O015378,C0392,P0012,2026-07-03,3,119.79,Paid
O015379,C0175,P0018,2026-07-03,1,86.71,Paid
O015380,C0142,P0022,2026-07-03,3,391.14,Paid
O015381,C0775,P0029,2026-07-03,3,68.67,Paid
O015382,C0734,P0030,2026-07-03,2,32.02,Referral
O015383,C0715,P0030,2026-07-03,3,48.03,Paid
O015384,C0470,P0033,2026-07-03,3,251.94,Paid
O015385,C0589,P0036,2026-07-03,2,57.06,Paid
O015386,C0559,P0039,2026-07-03,1,18.78,Paid
O015387,C0617,P0036,2026-07-03,1,28.53,Paid
O015388,C0219,P0008,2026-07-03,3,558.9,Paid
O015389,C0719,P0003,2026-07-03,3,293.91,Email
O015390,C0656,P0002,2026-07-03,2,449.32,Email
O015391,C0784,P0008,2026-07-03,2,372.6,Paid
O015392,C0243,P0002,2026-07-03,1,224.66,Paid
O015393,C0085,P0001,2026-07-03,1,313.86,Paid
O015394,C0746,P0016,2026-07-03,3,89.46,Paid
O015395,C0261,P0020,2026-07-03,2,225.46,Organic
O015396,C0208,P0021,2026-07-03,3,353.34,Paid
O015397,C0539,P0017,2026-07-03,1,123.38,Paid
O015398,C0642,P0028,2026-07-03,2,45.44,Paid
O015399,C0489,P0025,2026-07-03,1,46.06,Paid
O015400,C0553,P0029,2026-07-03,2,45.78,Paid
O015401,C0612,P0025,2026-07-03,3,138.18,Organic
O015402,C0079,P0038,2026-07-03,2,206.04,Paid
O015403,C0399,P0034,2026-07-03,2,187.1,Email
O015404,C0704,P0006,2026-07-03,2,318.4,Paid
O015405,C0529,P0004,2026-07-03,2,235.4,Paid
O015406,C0172,P0006,2026-07-03,1,159.2,Paid
O015407,C0022,P0009,2026-07-03,1,48.65,Organic
O015408,C0611,P0022,2026-07-03,2,260.76,Paid
O015409,C0192,P0021,2026-07-03,1,117.78,Paid
O015410,C0661,P0027,2026-07-03,3,134.88,Paid
O015411,C0449,P0029,2026-07-03,3,68.67,Organic
O015412,C0196,P0030,2026-07-03,1,16.01,Paid
O015413,C0631,P0037,2026-07-03,3,246.93,Organic
O015414,C0268,P0034,2026-07-03,1,93.55,Paid
O015415,C0044,P0033,2026-07-03,1,83.98,Paid
O015416,C0327,P0036,2026-07-03,2,57.06,Referral
O015417,C0318,P0006,2026-07-03,3,477.6,Paid
O015418,C0258,P0008,2026-07-03,2,372.6,Paid
O015419,C0501,P0005,2026-07-03,2,353.1,Organic
O015420,C0104,P0001,2026-07-03,3,941.58,Paid
O015421,C0043,P0005,2026-07-03,1,176.55,Paid
O015422,C0525,P0010,2026-07-03,3,109.59,Paid
O015423,C0757,P0014,2026-07-03,2,122.86,Paid
O015424,C0561,P0011,2026-07-03,1,43.82,Paid
O015425,C0469,P0023,2026-07-03,2,250.92,Paid
O015426,C0279,P0019,2026-07-03,1,79.59,Paid
O015427,C0582,P0023,2026-07-03,2,250.92,Paid
O015428,C0574,P0028,2026-07-03,2,45.44,Paid
O015429,C0441,P0025,2026-07-03,3,138.18,Organic
O015430,C0314,P0030,2026-07-03,1,16.01,Paid
O015431,C0270,P0040,2026-07-03,2,70.6,Paid
O015432,C0744,P0039,2026-07-03,1,18.78,Organic
O015433,C0386,P0036,2026-07-03,2,57.06,Paid
O015434,C0772,P0008,2026-07-04,3,558.9,Paid
O015435,C0505,P0011,2026-07-04,2,87.64,Organic
O015436,C0545,P0016,2026-07-04,2,59.64,Paid
O015437,C0543,P0015,2026-07-04,3,156.9,Paid
O015438,C0795,P0012,2026-07-04,2,79.86,Organic
O015439,C0257,P0011,2026-07-04,3,131.46,Paid
O015440,C0175,P0009,2026-07-04,1,48.65,Paid
O015441,C0325,P0013,2026-07-04,1,43.26,Paid
O015442,C0202,P0022,2026-07-04,1,130.38,Paid
O015443,C0355,P0025,2026-07-04,1,46.06,Paid
O015444,C0648,P0032,2026-07-04,3,32.97,Paid
O015445,C0292,P0031,2026-07-04,2,59.7,Email
O015446,C0526,P0031,2026-07-04,3,89.55,Paid
O015447,C0050,P0034,2026-07-04,2,187.1,Paid
O015448,C0110,P0037,2026-07-04,2,164.62,Paid
O015449,C0553,P0005,2026-07-04,1,176.55,Paid
O015450,C0026,P0006,2026-07-04,2,318.4,Paid
O015451,C0408,P0002,2026-07-04,1,224.66,Paid
O015452,C0447,P0013,2026-07-04,2,86.52,Referral
O015453,C0484,P0014,2026-07-04,1,61.43,Paid
O015454,C0578,P0012,2026-07-04,1,39.93,Paid
O015455,C0494,P0020,2026-07-04,1,112.73,Paid
O015456,C0158,P0024,2026-07-04,3,320.91,Paid
O015457,C0006,P0020,2026-07-04,1,112.73,Organic
O015458,C0491,P0027,2026-07-04,1,44.96,Paid
O015459,C0409,P0030,2026-07-04,3,48.03,Paid
O015460,C0076,P0027,2026-07-04,2,89.92,Email
O015461,C0047,P0029,2026-07-04,3,68.67,Paid
O015462,C0382,P0025,2026-07-04,3,138.18,Paid
O015463,C0323,P0034,2026-07-04,3,280.65,Paid
O015464,C0659,P0034,2026-07-04,2,187.1,Email
O015465,C0371,P0037,2026-07-04,1,82.31,Paid
O015466,C0424,P0008,2026-07-04,3,558.9,Organic
O015467,C0036,P0008,2026-07-04,3,558.9,Paid
O015468,C0083,P0002,2026-07-04,1,224.66,Paid
O015469,C0228,P0012,2026-07-04,2,79.86,Paid
O015470,C0166,P0014,2026-07-04,1,61.43,Paid
O015471,C0162,P0013,2026-07-04,3,129.78,Organic
O015472,C0571,P0012,2026-07-04,3,119.79,Paid
O015473,C0360,P0014,2026-07-04,3,184.29,Paid
O015474,C0706,P0013,2026-07-04,3,129.78,Paid
O015475,C0315,P0015,2026-07-04,3,156.9,Paid
O015476,C0102,P0024,2026-07-04,1,106.97,Paid
O015477,C0429,P0025,2026-07-04,3,138.18,Referral
O015478,C0527,P0038,2026-07-04,1,103.02,Organic
O015479,C0316,P0033,2026-07-04,1,83.98,Organic
O015480,C0658,P0040,2026-07-04,2,70.6,Paid
O015481,C0757,P0004,2026-07-04,1,117.7,Paid
O015482,C0092,P0003,2026-07-04,2,195.94,Paid
O015483,C0396,P0003,2026-07-04,3,293.91,Paid
O015484,C0092,P0014,2026-07-04,3,184.29,Email
O015485,C0140,P0010,2026-07-04,3,109.59,Organic
O015486,C0005,P0017,2026-07-04,2,246.76,Paid
O015487,C0593,P0019,2026-07-04,1,79.59,Referral
O015488,C0092,P0023,2026-07-04,1,125.46,Paid
O015489,C0233,P0027,2026-07-04,3,134.88,Paid
O015490,C0563,P0031,2026-07-04,2,59.7,Referral
O015491,C0082,P0028,2026-07-04,2,45.44,Paid
O015492,C0105,P0033,2026-07-04,2,167.96,Paid
O015493,C0633,P0040,2026-07-04,1,35.3,Paid
O015494,C0258,P0037,2026-07-04,1,82.31,Organic
O015495,C0253,P0040,2026-07-04,1,35.3,Paid
O015496,C0332,P0007,2026-07-05,1,61.98,Paid
O015497,C0743,P0001,2026-07-05,3,941.58,Paid
O015498,C0600,P0002,2026-07-05,1,224.66,Organic
O015499,C0202,P0007,2026-07-05,1,61.98,Paid
O015500,C0191,P0005,2026-07-05,2,353.1,Paid
O015501,C0654,P0009,2026-07-05,1,48.65,Paid
O015502,C0674,P0017,2026-07-05,2,246.76,Email
O015503,C0654,P0017,2026-07-05,2,246.76,Email
O015504,C0309,P0019,2026-07-05,3,238.77,Email
O015505,C0155,P0020,2026-07-05,2,225.46,Paid
O015506,C0337,P0027,2026-07-05,1,44.96,Paid
O015507,C0679,P0034,2026-07-05,3,280.65,Paid
O015508,C0099,P0033,2026-07-05,2,167.96,Paid
O015509,C0155,P0036,2026-07-05,2,57.06,Paid
O015510,C0680,P0003,2026-07-05,1,97.97,Email
O015511,C0747,P0004,2026-07-05,1,117.7,Paid
O015512,C0246,P0016,2026-07-05,3,89.46,Paid
O015513,C0672,P0009,2026-07-05,2,97.3,Paid
O015514,C0262,P0009,2026-07-05,1,48.65,Organic
O015515,C0546,P0013,2026-07-05,2,86.52,Email
O015516,C0190,P0015,2026-07-05,1,52.3,Paid
O015517,C0484,P0014,2026-07-05,3,184.29,Paid
O015518,C0076,P0022,2026-07-05,3,391.14,Paid
O015519,C0494,P0021,2026-07-05,2,235.56,Paid
O015520,C0016,P0019,2026-07-05,3,238.77,Paid
O015521,C0447,P0023,2026-07-05,3,376.38,Paid
O015522,C0359,P0029,2026-07-05,2,45.78,Organic
O015523,C0388,P0034,2026-07-05,1,93.55,Organic
O015524,C0753,P0035,2026-07-05,3,289.29,Paid
O015525,C0746,P0040,2026-07-05,2,70.6,Referral
O015526,C0566,P0035,2026-07-05,3,289.29,Email
O015527,C0192,P0003,2026-07-05,2,195.94,Paid
O015528,C0102,P0001,2026-07-05,2,627.72,Email
O015529,C0023,P0007,2026-07-05,2,123.96,Paid
O015530,C0216,P0004,2026-07-05,1,117.7,Organic
O015531,C0530,P0011,2026-07-05,1,43.82,Paid
O015532,C0120,P0012,2026-07-05,2,79.86,Paid
O015533,C0296,P0022,2026-07-05,2,260.76,Paid
O015534,C0509,P0017,2026-07-05,1,123.38,Paid
O015535,C0431,P0031,2026-07-05,3,89.55,Paid
O015536,C0456,P0031,2026-07-05,2,59.7,Paid
O015537,C0232,P0035,2026-07-05,3,289.29,Paid
O015538,C0288,P0036,2026-07-05,2,57.06,Email
O015539,C0113,P0037,2026-07-05,2,164.62,Email
O015540,C0159,P0005,2026-07-05,2,353.1,Paid
O015541,C0271,P0004,2026-07-05,1,117.7,Paid
O015542,C0776,P0006,2026-07-05,3,477.6,Paid
O015543,C0253,P0007,2026-07-05,1,61.98,Paid
O015544,C0394,P0002,2026-07-05,3,673.98,Paid
O015545,C0195,P0007,2026-07-05,3,185.94,Paid
O015546,C0115,P0009,2026-07-05,2,97.3,Paid
O015547,C0356,P0012,2026-07-05,2,79.86,Referral
O015548,C0059,P0009,2026-07-05,3,145.95,Paid
O015549,C0528,P0014,2026-07-05,2,122.86,Paid
O015550,C0404,P0011,2026-07-05,3,131.46,Paid
O015551,C0534,P0014,2026-07-05,3,184.29,Email
O015552,C0002,P0011,2026-07-05,3,131.46,Paid
O015553,C0790,P0021,2026-07-05,3,353.34,Paid
O015554,C0794,P0020,2026-07-05,1,112.73,Paid
O015555,C0218,P0017,2026-07-05,2,246.76,Paid
O015556,C0273,P0021,2026-07-05,2,235.56,Paid
O015557,C0218,P0032,2026-07-05,1,10.99,Paid
O015558,C0754,P0038,2026-07-05,1,103.02,Paid
O015559,C0104,P0033,2026-07-05,3,251.94,Paid
O015560,C0030,P0040,2026-07-05,2,70.6,Referral
O015561,C0218,P0040,2026-07-05,1,35.3,Paid
O015562,C0361,P0003,2026-07-06,2,195.94,Paid
O015563,C0772,P0003,2026-07-06,2,195.94,Paid
O015564,C0662,P0003,2026-07-06,2,195.94,Paid
O015565,C0678,P0004,2026-07-06,3,353.1,Paid
O015566,C0483,P0012,2026-07-06,1,39.93,Organic
O015567,C0742,P0009,2026-07-06,2,97.3,Paid
O015568,C0146,P0016,2026-07-06,2,59.64,Paid
O015569,C0203,P0015,2026-07-06,1,52.3,Paid
O015570,C0361,P0013,2026-07-06,1,43.26,Paid
O015571,C0133,P0009,2026-07-06,2,97.3,Paid
O015572,C0041,P0018,2026-07-06,1,86.71,Paid
O015573,C0446,P0018,2026-07-06,1,86.71,Paid
O015574,C0460,P0018,2026-07-06,3,260.13,Paid
O015575,C0521,P0025,2026-07-06,3,138.18,Paid
O015576,C0284,P0031,2026-07-06,3,89.55,Referral
O015577,C0299,P0035,2026-07-06,2,192.86,Paid
O015578,C0673,P0033,2026-07-06,3,251.94,Paid
O015579,C0743,P0038,2026-07-06,3,309.06,Paid
O015580,C0418,P0034,2026-07-06,1,93.55,Referral
O015581,C0338,P0003,2026-07-06,2,195.94,Referral
O015582,C0578,P0008,2026-07-06,2,372.6,Referral
O015583,C0683,P0006,2026-07-06,2,318.4,Paid
O015584,C0358,P0005,2026-07-06,3,529.65,Paid
O015585,C0021,P0004,2026-07-06,1,117.7,Paid
O015586,C0640,P0004,2026-07-06,3,353.1,Paid
O015587,C0417,P0008,2026-07-06,1,186.3,Email
O015588,C0330,P0007,2026-07-06,2,123.96,Organic
O015589,C0254,P0011,2026-07-06,1,43.82,Email
O015590,C0616,P0012,2026-07-06,2,79.86,Organic
O015591,C0793,P0015,2026-07-06,2,104.6,Paid
O015592,C0246,P0016,2026-07-06,2,59.64,Paid
O015593,C0246,P0022,2026-07-06,2,260.76,Paid
O015594,C0681,P0038,2026-07-06,1,103.02,Organic
O015595,C0629,P0039,2026-07-06,2,37.56,Paid
O015596,C0422,P0004,2026-07-06,1,117.7,Paid
O015597,C0042,P0008,2026-07-06,1,186.3,Email
O015598,C0585,P0001,2026-07-06,3,941.58,Paid
O015599,C0497,P0011,2026-07-06,1,43.82,Paid
O015600,C0517,P0015,2026-07-06,3,156.9,Paid
O015601,C0023,P0011,2026-07-06,3,131.46,Paid
O015602,C0316,P0020,2026-07-06,1,112.73,Paid
O015603,C0350,P0017,2026-07-06,2,246.76,Paid
O015604,C0565,P0023,2026-07-06,2,250.92,Email
O015605,C0630,P0019,2026-07-06,3,238.77,Email
O015606,C0087,P0026,2026-07-06,3,53.58,Paid
O015607,C0087,P0027,2026-07-06,3,134.88,Paid
O015608,C0211,P0026,2026-07-06,3,53.58,Paid
O015609,C0324,P0031,2026-07-06,2,59.7,Organic
O015610,C0291,P0006,2026-07-06,2,318.4,Organic
O015611,C0555,P0011,2026-07-06,1,43.82,Paid
O015612,C0730,P0015,2026-07-06,3,156.9,Paid
O015613,C0318,P0016,2026-07-06,2,59.64,Referral
O015614,C0020,P0014,2026-07-06,3,184.29,Paid
O015615,C0105,P0013,2026-07-06,2,86.52,Organic
O015616,C0035,P0010,2026-07-06,1,36.53,Paid
O015617,C0185,P0021,2026-07-06,3,353.34,Paid
O015618,C0294,P0027,2026-07-06,1,44.96,Paid
O015619,C0628,P0030,2026-07-06,1,16.01,Paid
O015620,C0199,P0028,2026-07-06,1,22.72,Paid
O015621,C0702,P0030,2026-07-06,3,48.03,Paid
O015622,C0290,P0038,2026-07-06,3,309.06,Paid
O015623,C0414,P0006,2026-07-07,1,159.2,Organic
O015624,C0118,P0009,2026-07-07,2,97.3,Email
O015625,C0440,P0014,2026-07-07,1,61.43,Paid
O015626,C0269,P0011,2026-07-07,2,87.64,Paid
O015627,C0038,P0011,2026-07-07,1,43.82,Paid
O015628,C0011,P0027,2026-07-07,2,89.92,Paid
O015629,C0011,P0029,2026-07-07,3,68.67,Paid
O015630,C0800,P0031,2026-07-07,2,59.7,Organic
O015631,C0601,P0030,2026-07-07,3,48.03,Paid
O015632,C0011,P0030,2026-07-07,2,32.02,Organic
O015633,C0710,P0035,2026-07-07,1,96.43,Email
O015634,C0398,P0036,2026-07-07,1,28.53,Paid
O015635,C0795,P0040,2026-07-07,1,35.3,Paid
O015636,C0024,P0034,2026-07-07,3,280.65,Referral
O015637,C0519,P0033,2026-07-07,1,83.98,Paid
O015638,C0405,P0002,2026-07-07,1,224.66,Organic
O015639,C0699,P0008,2026-07-07,1,186.3,Paid
O015640,C0777,P0007,2026-07-07,1,61.98,Paid
O015641,C0262,P0005,2026-07-07,3,529.65,Organic
O015642,C0382,P0009,2026-07-07,3,145.95,Paid
O015643,C0427,P0014,2026-07-07,2,122.86,Paid
O015644,C0138,P0014,2026-07-07,3,184.29,Paid
O015645,C0758,P0022,2026-07-07,2,260.76,Paid
O015646,C0639,P0023,2026-07-07,2,250.92,Paid
O015647,C0656,P0019,2026-07-07,2,159.18,Email
O015648,C0214,P0018,2026-07-07,1,86.71,Paid
O015649,C0298,P0027,2026-07-07,1,44.96,Paid
O015650,C0182,P0040,2026-07-07,3,105.9,Paid
O015651,C0019,P0040,2026-07-07,3,105.9,Organic
O015652,C0073,P0040,2026-07-07,3,105.9,Paid
O015653,C0647,P0002,2026-07-07,2,449.32,Paid
O015654,C0697,P0003,2026-07-07,3,293.91,Paid
O015655,C0103,P0008,2026-07-07,2,372.6,Paid
O015656,C0669,P0002,2026-07-07,2,449.32,Paid
O015657,C0083,P0008,2026-07-07,3,558.9,Paid
O015658,C0691,P0003,2026-07-07,1,97.97,Paid
O015659,C0351,P0014,2026-07-07,3,184.29,Organic
O015660,C0215,P0018,2026-07-07,1,86.71,Organic
O015661,C0669,P0031,2026-07-07,1,29.85,Paid
O015662,C0327,P0029,2026-07-07,1,22.89,Paid
O015663,C0394,P0007,2026-07-07,3,185.94,Email
O015664,C0372,P0010,2026-07-07,1,36.53,Paid
O015665,C0082,P0012,2026-07-07,2,79.86,Paid
O015666,C0108,P0018,2026-07-07,3,260.13,Paid
O015667,C0195,P0026,2026-07-07,2,35.72,Paid
O015668,C0109,P0028,2026-07-07,2,45.44,Paid
O015669,C0501,P0025,2026-07-07,2,92.12,Paid
O015670,C0717,P0033,2026-07-07,3,251.94,Paid
O015671,C0224,P0038,2026-07-07,3,309.06,Paid
O015672,C0787,P0034,2026-07-07,1,93.55,Paid
O015673,C0684,P0006,2026-07-08,2,318.4,Paid
O015674,C0458,P0001,2026-07-08,1,313.86,Paid
O015675,C0142,P0003,2026-07-08,1,97.97,Referral
O015676,C0165,P0001,2026-07-08,3,941.58,Paid
O015677,C0255,P0003,2026-07-08,2,195.94,Paid
O015678,C0341,P0002,2026-07-08,1,224.66,Paid
O015679,C0223,P0009,2026-07-08,2,97.3,Email
O015680,C0004,P0009,2026-07-08,2,97.3,Paid
O015681,C0522,P0024,2026-07-08,1,106.97,Paid
O015682,C0519,P0023,2026-07-08,2,250.92,Paid
O015683,C0674,P0028,2026-07-08,3,68.16,Paid
O015684,C0675,P0026,2026-07-08,2,35.72,Referral
O015685,C0674,P0028,2026-07-08,2,45.44,Paid
O015686,C0177,P0037,2026-07-08,2,164.62,Paid
O015687,C0028,P0005,2026-07-08,2,353.1,Paid
O015688,C0106,P0007,2026-07-08,1,61.98,Paid
O015689,C0701,P0004,2026-07-08,2,235.4,Paid
O015690,C0329,P0014,2026-07-08,1,61.43,Paid
O015691,C0405,P0024,2026-07-08,1,106.97,Paid
O015692,C0612,P0022,2026-07-08,3,391.14,Organic
O015693,C0491,P0032,2026-07-08,3,32.97,Paid
O015694,C0154,P0030,2026-07-08,1,16.01,Paid
O015695,C0540,P0025,2026-07-08,2,92.12,Organic
O015696,C0737,P0033,2026-07-08,3,251.94,Paid
O015697,C0204,P0003,2026-07-08,2,195.94,Paid
O015698,C0558,P0003,2026-07-08,2,195.94,Paid
O015699,C0706,P0005,2026-07-08,1,176.55,Paid
O015700,C0579,P0022,2026-07-08,3,391.14,Paid
O015701,C0357,P0017,2026-07-08,2,246.76,Organic
O015702,C0296,P0023,2026-07-08,3,376.38,Paid
O015703,C0708,P0037,2026-07-08,3,246.93,Paid
O015704,C0730,P0002,2026-07-08,3,673.98,Paid
O015705,C0249,P0012,2026-07-08,1,39.93,Paid
O015706,C0477,P0015,2026-07-08,2,104.6,Organic
O015707,C0009,P0012,2026-07-08,2,79.86,Paid
O015708,C0499,P0014,2026-07-08,1,61.43,Paid
O015709,C0555,P0020,2026-07-08,1,112.73,Paid
O015710,C0009,P0018,2026-07-08,1,86.71,Paid
O015711,C0730,P0021,2026-07-08,2,235.56,Paid
O015712,C0676,P0026,2026-07-08,1,17.86,Organic
O015713,C0500,P0026,2026-07-08,2,35.72,Paid
O015714,C0626,P0037,2026-07-08,1,82.31,Paid
O015715,C0411,P0008,2026-07-09,1,186.3,Paid
O015716,C0046,P0014,2026-07-09,1,61.43,Paid
O015717,C0269,P0016,2026-07-09,1,29.82,Paid
O015718,C0788,P0015,2026-07-09,1,52.3,Paid
O015719,C0674,P0011,2026-07-09,3,131.46,Paid
O015720,C0064,P0029,2026-07-09,1,22.89,Paid
O015721,C0212,P0025,2026-07-09,2,92.12,Paid
O015722,C0522,P0028,2026-07-09,2,45.44,Paid
O015723,C0601,P0040,2026-07-09,2,70.6,Organic
O015724,C0654,P0038,2026-07-09,2,206.04,Email
O015725,C0076,P0007,2026-07-09,3,185.94,Email
O015726,C0409,P0016,2026-07-09,2,59.64,Paid
O015727,C0427,P0016,2026-07-09,3,89.46,Paid
O015728,C0746,P0014,2026-07-09,3,184.29,Paid
O015729,C0055,P0013,2026-07-09,2,86.52,Paid
O015730,C0726,P0011,2026-07-09,1,43.82,Organic
O015731,C0578,P0013,2026-07-09,2,86.52,Paid
O015732,C0671,P0021,2026-07-09,1,117.78,Organic
O015733,C0060,P0017,2026-07-09,2,246.76,Paid
O015734,C0205,P0019,2026-07-09,1,79.59,Paid
O015735,C0699,P0022,2026-07-09,2,260.76,Organic
O015736,C0447,P0025,2026-07-09,2,92.12,Paid
O015737,C0198,P0029,2026-07-09,1,22.89,Paid
O015738,C0072,P0039,2026-07-09,1,18.78,Organic
O015739,C0244,P0036,2026-07-09,3,85.59,Email
O015740,C0242,P0040,2026-07-09,1,35.3,Organic
O015741,C0289,P0008,2026-07-09,2,372.6,Paid
O015742,C0480,P0008,2026-07-09,1,186.3,Paid
O015743,C0792,P0003,2026-07-09,1,97.97,Paid
O015744,C0256,P0013,2026-07-09,3,129.78,Paid
O015745,C0792,P0011,2026-07-09,2,87.64,Organic
O015746,C0770,P0009,2026-07-09,2,97.3,Paid
O015747,C0141,P0024,2026-07-09,3,320.91,Paid
O015748,C0078,P0028,2026-07-09,1,22.72,Referral
O015749,C0032,P0039,2026-07-09,1,18.78,Paid
O015750,C0136,P0036,2026-07-09,1,28.53,Paid
O015751,C0791,P0007,2026-07-09,3,185.94,Paid
O015752,C0125,P0015,2026-07-09,2,104.6,Paid
O015753,C0218,P0013,2026-07-09,2,86.52,Paid
O015754,C0286,P0031,2026-07-09,1,29.85,Paid
O015755,C0340,P0031,2026-07-09,2,59.7,Paid
O015756,C0147,P0039,2026-07-09,1,18.78,Paid
O015757,C0559,P0011,2026-07-10,3,131.46,Paid
O015758,C0418,P0011,2026-07-10,1,43.82,Email
O015759,C0714,P0023,2026-07-10,3,376.38,Referral
O015760,C0260,P0019,2026-07-10,1,79.59,Paid
O015761,C0411,P0019,2026-07-10,2,159.18,Paid
O015762,C0569,P0025,2026-07-10,3,138.18,Paid
O015763,C0142,P0028,2026-07-10,1,22.72,Paid
O015764,C0131,P0036,2026-07-10,3,85.59,Paid
O015765,C0522,P0035,2026-07-10,2,192.86,Referral
O015766,C0292,P0040,2026-07-10,1,35.3,Paid
O015767,C0700,P0036,2026-07-10,3,85.59,Organic
O015768,C0635,P0015,2026-07-10,2,104.6,Paid
O015769,C0699,P0013,2026-07-10,2,86.52,Paid
O015770,C0158,P0012,2026-07-10,1,39.93,Paid
O015771,C0711,P0011,2026-07-10,2,87.64,Paid
O015772,C0764,P0020,2026-07-10,3,338.19,Referral
O015773,C0427,P0017,2026-07-10,3,370.14,Paid
O015774,C0198,P0020,2026-07-10,3,338.19,Email
O015775,C0784,P0025,2026-07-10,2,92.12,Paid
O015776,C0533,P0028,2026-07-10,3,68.16,Organic
O015777,C0122,P0026,2026-07-10,1,17.86,Organic
O015778,C0750,P0034,2026-07-10,2,187.1,Paid
O015779,C0320,P0040,2026-07-10,2,70.6,Paid
O015780,C0330,P0034,2026-07-10,3,280.65,Paid
O015781,C0738,P0036,2026-07-10,2,57.06,Paid
O015782,C0604,P0033,2026-07-10,1,83.98,Paid
O015783,C0590,P0035,2026-07-10,3,289.29,Organic
O015784,C0431,P0013,2026-07-10,2,86.52,Paid
O015785,C0631,P0010,2026-07-10,2,73.06,Paid
O015786,C0031,P0011,2026-07-10,3,131.46,Email
O015787,C0580,P0015,2026-07-10,2,104.6,Paid
O015788,C0354,P0011,2026-07-10,1,43.82,Organic
O015789,C0480,P0011,2026-07-10,1,43.82,Paid
O015790,C0215,P0021,2026-07-10,2,235.56,Paid
O015791,C0682,P0030,2026-07-10,2,32.02,Paid
O015792,C0668,P0032,2026-07-10,3,32.97,Paid
O015793,C0765,P0028,2026-07-10,2,45.44,Paid
O015794,C0001,P0030,2026-07-10,3,48.03,Email
O015795,C0400,P0035,2026-07-10,1,96.43,Paid
O015796,C0725,P0007,2026-07-10,1,61.98,Paid
O015797,C0150,P0006,2026-07-10,2,318.4,Paid
O015798,C0664,P0008,2026-07-10,3,558.9,Paid
O015799,C0619,P0005,2026-07-10,1,176.55,Paid
O015800,C0312,P0016,2026-07-10,1,29.82,Paid
O015801,C0147,P0015,2026-07-10,3,156.9,Paid
O015802,C0542,P0020,2026-07-10,2,225.46,Organic
O015803,C0776,P0019,2026-07-10,1,79.59,Paid
O015804,C0628,P0034,2026-07-10,1,93.55,Paid
O015805,C0169,P0040,2026-07-10,2,70.6,Paid
O015806,C0039,P0033,2026-07-10,3,251.94,Paid
O015807,C0715,P0004,2026-07-11,3,353.1,Organic
O015808,C0518,P0005,2026-07-11,3,529.65,Organic
O015809,C0049,P0009,2026-07-11,2,97.3,Paid
O015810,C0684,P0009,2026-07-11,1,48.65,Paid
O015811,C0331,P0013,2026-07-11,1,43.26,Paid
O015812,C0255,P0012,2026-07-11,3,119.79,Email
O015813,C0193,P0013,2026-07-11,1,43.26,Paid
O015814,C0292,P0013,2026-07-11,2,86.52,Paid
O015815,C0594,P0018,2026-07-11,3,260.13,Paid
O015816,C0303,P0024,2026-07-11,3,320.91,Referral
O015817,C0724,P0032,2026-07-11,1,10.99,Paid
O015818,C0146,P0026,2026-07-11,3,53.58,Paid
O015819,C0178,P0025,2026-07-11,3,138.18,Referral
O015820,C0110,P0039,2026-07-11,1,18.78,Organic
O015821,C0236,P0039,2026-07-11,2,37.56,Organic
O015822,C0437,P0038,2026-07-11,3,309.06,Organic
O015823,C0578,P0008,2026-07-11,2,372.6,Paid
O015824,C0265,P0002,2026-07-11,1,224.66,Paid
O015825,C0490,P0015,2026-07-11,3,156.9,Organic
O015826,C0622,P0011,2026-07-11,1,43.82,Paid
O015827,C0275,P0012,2026-07-11,2,79.86,Organic
O015828,C0181,P0011,2026-07-11,1,43.82,Paid
O015829,C0685,P0013,2026-07-11,2,86.52,Paid
O015830,C0616,P0023,2026-07-11,2,250.92,Paid
O015831,C0578,P0024,2026-07-11,2,213.94,Paid
O015832,C0420,P0018,2026-07-11,3,260.13,Paid
O015833,C0491,P0019,2026-07-11,3,238.77,Paid
O015834,C0250,P0028,2026-07-11,3,68.16,Paid
O015835,C0072,P0026,2026-07-11,2,35.72,Paid
O015836,C0510,P0030,2026-07-11,2,32.02,Referral
O015837,C0214,P0035,2026-07-11,2,192.86,Paid
O015838,C0410,P0039,2026-07-11,3,56.34,Referral
O015839,C0282,P0037,2026-07-11,3,246.93,Paid
O015840,C0669,P0001,2026-07-11,2,627.72,Paid
O015841,C0166,P0015,2026-07-11,3,156.9,Paid
O015842,C0720,P0010,2026-07-11,2,73.06,Paid
O015843,C0720,P0013,2026-07-11,1,43.26,Paid
O015844,C0230,P0009,2026-07-11,3,145.95,Paid
O015845,C0012,P0019,2026-07-11,1,79.59,Organic
O015846,C0001,P0022,2026-07-11,1,130.38,Email
O015847,C0585,P0027,2026-07-11,3,134.88,Email
O015848,C0571,P0026,2026-07-11,1,17.86,Paid
O015849,C0391,P0029,2026-07-11,1,22.89,Paid
O015850,C0394,P0006,2026-07-11,2,318.4,Paid
O015851,C0776,P0001,2026-07-11,1,313.86,Email
O015852,C0029,P0002,2026-07-11,3,673.98,Organic
O015853,C0542,P0011,2026-07-11,3,131.46,Paid
O015854,C0712,P0022,2026-07-11,2,260.76,Paid
O015855,C0093,P0024,2026-07-11,2,213.94,Paid
O015856,C0140,P0018,2026-07-11,3,260.13,Paid
O015857,C0550,P0022,2026-07-11,2,260.76,Email
O015858,C0688,P0028,2026-07-11,3,68.16,Paid
O015859,C0109,P0028,2026-07-11,2,45.44,Organic
O015860,C0776,P0028,2026-07-11,1,22.72,Organic
O015861,C0628,P0026,2026-07-11,2,35.72,Paid
O015862,C0551,P0025,2026-07-11,2,92.12,Paid
O015863,C0762,P0033,2026-07-11,3,251.94,Paid
O015864,C0561,P0037,2026-07-11,1,82.31,Organic
O015865,C0761,P0003,2026-07-12,3,293.91,Paid
O015866,C0142,P0002,2026-07-12,3,673.98,Paid
O015867,C0131,P0015,2026-07-12,1,52.3,Paid
O015868,C0677,P0016,2026-07-12,1,29.82,Paid
O015869,C0325,P0017,2026-07-12,1,123.38,Paid
O015870,C0259,P0018,2026-07-12,1,86.71,Referral
O015871,C0617,P0020,2026-07-12,3,338.19,Paid
O015872,C0583,P0032,2026-07-12,3,32.97,Paid
O015873,C0460,P0027,2026-07-12,1,44.96,Referral
O015874,C0594,P0034,2026-07-12,2,187.1,Paid
O015875,C0715,P0038,2026-07-12,1,103.02,Organic
O015876,C0328,P0008,2026-07-12,3,558.9,Paid
O015877,C0635,P0002,2026-07-12,1,224.66,Paid
O015878,C0652,P0007,2026-07-12,1,61.98,Paid
O015879,C0181,P0001,2026-07-12,1,313.86,Paid
O015880,C0748,P0010,2026-07-12,3,109.59,Email
O015881,C0557,P0015,2026-07-12,1,52.3,Paid
O015882,C0546,P0017,2026-07-12,1,123.38,Paid
O015883,C0546,P0019,2026-07-12,3,238.77,Paid
O015884,C0021,P0022,2026-07-12,2,260.76,Organic
O015885,C0667,P0024,2026-07-12,2,213.94,Paid
O015886,C0796,P0027,2026-07-12,2,89.92,Paid
O015887,C0681,P0028,2026-07-12,2,45.44,Paid
O015888,C0371,P0037,2026-07-12,3,246.93,Paid
O015889,C0322,P0004,2026-07-12,1,117.7,Paid
O015890,C0697,P0004,2026-07-12,1,117.7,Paid
O015891,C0197,P0008,2026-07-12,1,186.3,Paid
O015892,C0391,P0012,2026-07-12,3,119.79,Organic
O015893,C0496,P0012,2026-07-12,2,79.86,Paid
O015894,C0623,P0021,2026-07-12,3,353.34,Paid
O015895,C0232,P0030,2026-07-12,3,48.03,Paid
O015896,C0516,P0032,2026-07-12,1,10.99,Organic
O015897,C0120,P0031,2026-07-12,2,59.7,Paid
O015898,C0579,P0026,2026-07-12,3,53.58,Paid
O015899,C0210,P0040,2026-07-12,1,35.3,Organic
O015900,C0113,P0034,2026-07-12,3,280.65,Paid
O015901,C0607,P0037,2026-07-12,2,164.62,Paid
O015902,C0162,P0039,2026-07-12,2,37.56,Paid
O015903,C0516,P0037,2026-07-12,3,246.93,Email
O015904,C0745,P0008,2026-07-12,1,186.3,Paid
O015905,C0606,P0006,2026-07-12,1,159.2,Email
O015906,C0705,P0001,2026-07-12,1,313.86,Email
O015907,C0781,P0008,2026-07-12,3,558.9,Paid
O015908,C0582,P0005,2026-07-12,1,176.55,Paid
O015909,C0564,P0012,2026-07-12,3,119.79,Paid
O015910,C0609,P0015,2026-07-12,3,156.9,Paid
O015911,C0053,P0013,2026-07-12,3,129.78,Paid
O015912,C0582,P0010,2026-07-12,2,73.06,Organic
O015913,C0168,P0010,2026-07-12,2,73.06,Paid
O015914,C0185,P0020,2026-07-12,1,112.73,Organic
O015915,C0740,P0019,2026-07-12,1,79.59,Paid
O015916,C0375,P0024,2026-07-12,2,213.94,Paid
O015917,C0115,P0030,2026-07-12,2,32.02,Paid
O015918,C0301,P0025,2026-07-12,2,92.12,Paid
O015919,C0306,P0026,2026-07-12,3,53.58,Paid
O015920,C0615,P0025,2026-07-12,2,92.12,Email
O015921,C0069,P0032,2026-07-12,2,21.98,Paid
O015922,C0104,P0026,2026-07-12,3,53.58,Email
O015923,C0237,P0038,2026-07-12,1,103.02,Paid
O015924,C0317,P0007,2026-07-13,2,123.96,Organic
O015925,C0186,P0007,2026-07-13,3,185.94,Paid
O015926,C0522,P0014,2026-07-13,3,184.29,Email
O015927,C0434,P0012,2026-07-13,3,119.79,Referral
O015928,C0365,P0011,2026-07-13,3,131.46,Organic
O015929,C0146,P0013,2026-07-13,3,129.78,Paid
O015930,C0657,P0015,2026-07-13,3,156.9,Paid
O015931,C0435,P0011,2026-07-13,1,43.82,Organic
O015932,C0096,P0021,2026-07-13,3,353.34,Paid
O015933,C0743,P0018,2026-07-13,2,173.42,Organic
O015934,C0139,P0020,2026-07-13,1,112.73,Paid
O015935,C0343,P0021,2026-07-13,1,117.78,Paid
O015936,C0176,P0028,2026-07-13,3,68.16,Paid
O015937,C0495,P0032,2026-07-13,3,32.97,Referral
O015938,C0139,P0030,2026-07-13,3,48.03,Paid
O015939,C0700,P0029,2026-07-13,2,45.78,Email
O015940,C0761,P0027,2026-07-13,3,134.88,Paid
O015941,C0284,P0026,2026-07-13,1,17.86,Referral
O015942,C0732,P0040,2026-07-13,2,70.6,Paid
O015943,C0632,P0040,2026-07-13,1,35.3,Paid
O015944,C0524,P0036,2026-07-13,1,28.53,Organic
O015945,C0726,P0005,2026-07-13,3,529.65,Paid
O015946,C0298,P0004,2026-07-13,1,117.7,Paid
O015947,C0254,P0002,2026-07-13,1,224.66,Paid
O015948,C0709,P0006,2026-07-13,2,318.4,Paid
O015949,C0756,P0012,2026-07-13,1,39.93,Paid
O015950,C0785,P0011,2026-07-13,2,87.64,Email
O015951,C0028,P0014,2026-07-13,1,61.43,Paid
O015952,C0410,P0017,2026-07-13,3,370.14,Paid
O015953,C0490,P0022,2026-07-13,3,391.14,Paid
O015954,C0681,P0018,2026-07-13,3,260.13,Paid
O015955,C0266,P0021,2026-07-13,2,235.56,Paid
O015956,C0383,P0018,2026-07-13,2,173.42,Referral
O015957,C0408,P0018,2026-07-13,2,173.42,Paid
O015958,C0540,P0026,2026-07-13,2,35.72,Paid
O015959,C0376,P0026,2026-07-13,1,17.86,Email
O015960,C0578,P0038,2026-07-13,3,309.06,Organic
O015961,C0382,P0039,2026-07-13,1,18.78,Organic
O015962,C0612,P0034,2026-07-13,1,93.55,Paid
O015963,C0774,P0036,2026-07-13,1,28.53,Paid
O015964,C0413,P0001,2026-07-13,2,627.72,Paid
O015965,C0119,P0004,2026-07-13,3,353.1,Email
O015966,C0141,P0008,2026-07-13,3,558.9,Paid
O015967,C0166,P0004,2026-07-13,2,235.4,Paid
O015968,C0196,P0006,2026-07-13,1,159.2,Paid
O015969,C0496,P0007,2026-07-13,1,61.98,Paid
O015970,C0735,P0010,2026-07-13,2,73.06,Paid
O015971,C0075,P0013,2026-07-13,2,86.52,Paid
O015972,C0148,P0017,2026-07-13,1,123.38,Paid
O015973,C0647,P0022,2026-07-13,3,391.14,Paid
O015974,C0334,P0024,2026-07-13,3,320.91,Paid
O015975,C0313,P0021,2026-07-13,2,235.56,Paid
O015976,C0514,P0026,2026-07-13,3,53.58,Paid
O015977,C0156,P0025,2026-07-13,1,46.06,Paid
O015978,C0647,P0031,2026-07-13,1,29.85,Paid
O015979,C0400,P0028,2026-07-13,2,45.44,Paid
O015980,C0238,P0025,2026-07-13,2,92.12,Paid
O015981,C0531,P0037,2026-07-13,1,82.31,Referral
O015982,C0525,P0006,2026-07-13,2,318.4,Paid
O015983,C0506,P0003,2026-07-13,1,97.97,Paid
O015984,C0550,P0012,2026-07-13,2,79.86,Paid
O015985,C0729,P0009,2026-07-13,2,97.3,Paid
O015986,C0093,P0023,2026-07-13,1,125.46,Paid
O015987,C0696,P0023,2026-07-13,2,250.92,Paid
O015988,C0655,P0018,2026-07-13,1,86.71,Paid
O015989,C0125,P0019,2026-07-13,1,79.59,Email
O015990,C0291,P0027,2026-07-13,3,134.88,Organic
O015991,C0606,P0030,2026-07-13,1,16.01,Email
O015992,C0643,P0032,2026-07-13,3,32.97,Email
O015993,C0029,P0039,2026-07-13,2,37.56,Email
O015994,C0459,P0034,2026-07-13,3,280.65,Paid
O015995,C0518,P0007,2026-07-14,1,61.98,Paid
O015996,C0468,P0004,2026-07-14,1,117.7,Paid
O015997,C0348,P0002,2026-07-14,2,449.32,Paid
O015998,C0293,P0003,2026-07-14,2,195.94,Paid
O015999,C0309,P0010,2026-07-14,2,73.06,Paid
O016000,C0440,P0010,2026-07-14,2,73.06,Paid
O016001,C0049,P0012,2026-07-14,1,39.93,Paid
O016002,C0618,P0024,2026-07-14,1,106.97,Organic
O016003,C0674,P0024,2026-07-14,1,106.97,Paid
O016004,C0788,P0026,2026-07-14,1,17.86,Paid
O016005,C0586,P0040,2026-07-14,1,35.3,Organic
O016006,C0723,P0040,2026-07-14,2,70.6,Organic
O016007,C0507,P0038,2026-07-14,1,103.02,Paid
O016008,C0417,P0003,2026-07-14,1,97.97,Paid
O016009,C0711,P0008,2026-07-14,1,186.3,Paid
O016010,C0275,P0011,2026-07-14,3,131.46,Email
O016011,C0667,P0030,2026-07-14,1,16.01,Organic
O016012,C0138,P0035,2026-07-14,2,192.86,Paid
O016013,C0128,P0035,2026-07-14,3,289.29,Paid
O016014,C0289,P0038,2026-07-14,1,103.02,Paid
O016015,C0585,P0039,2026-07-14,3,56.34,Paid
O016016,C0141,P0038,2026-07-14,2,206.04,Paid
O016017,C0528,P0007,2026-07-14,2,123.96,Referral
O016018,C0344,P0001,2026-07-14,2,627.72,Organic
O016019,C0791,P0015,2026-07-14,3,156.9,Paid
O016020,C0273,P0020,2026-07-14,3,338.19,Paid
O016021,C0528,P0021,2026-07-14,1,117.78,Paid
O016022,C0634,P0022,2026-07-14,1,130.38,Paid
O016023,C0168,P0018,2026-07-14,1,86.71,Paid
O016024,C0089,P0032,2026-07-14,3,32.97,Paid
O016025,C0200,P0025,2026-07-14,1,46.06,Paid
O016026,C0574,P0026,2026-07-14,1,17.86,Referral
O016027,C0093,P0029,2026-07-14,2,45.78,Paid
O016028,C0412,P0037,2026-07-14,1,82.31,Organic
O016029,C0280,P0007,2026-07-15,2,123.96,Paid
O016030,C0081,P0011,2026-07-15,1,43.82,Paid
O016031,C0175,P0012,2026-07-15,1,39.93,Paid
O016032,C0522,P0012,2026-07-15,3,119.79,Paid
O016033,C0556,P0009,2026-07-15,2,97.3,Paid
O016034,C0742,P0021,2026-07-15,2,235.56,Paid
O016035,C0041,P0024,2026-07-15,2,213.94,Paid
O016036,C0724,P0019,2026-07-15,1,79.59,Paid
O016037,C0732,P0017,2026-07-15,3,370.14,Paid
O016038,C0545,P0020,2026-07-15,2,225.46,Paid
O016039,C0080,P0018,2026-07-15,3,260.13,Email
O016040,C0775,P0024,2026-07-15,1,106.97,Paid
O016041,C0099,P0026,2026-07-15,3,53.58,Paid
O016042,C0684,P0031,2026-07-15,3,89.55,Paid
O016043,C0212,P0026,2026-07-15,2,35.72,Paid
O016044,C0743,P0025,2026-07-15,3,138.18,Paid
O016045,C0414,P0038,2026-07-15,1,103.02,Paid
O016046,C0468,P0033,2026-07-15,3,251.94,Organic
O016047,C0612,P0006,2026-07-15,2,318.4,Organic
O016048,C0748,P0016,2026-07-15,3,89.46,Paid
O016049,C0121,P0014,2026-07-15,1,61.43,Paid
O016050,C0274,P0011,2026-07-15,3,131.46,Paid
O016051,C0719,P0015,2026-07-15,2,104.6,Organic
O016052,C0612,P0009,2026-07-15,2,97.3,Paid
O016053,C0359,P0017,2026-07-15,2,246.76,Paid
O016054,C0033,P0019,2026-07-15,2,159.18,Paid
O016055,C0484,P0023,2026-07-15,1,125.46,Paid
O016056,C0231,P0019,2026-07-15,2,159.18,Paid
O016057,C0610,P0023,2026-07-15,1,125.46,Paid
O016058,C0137,P0025,2026-07-15,3,138.18,Paid
O016059,C0726,P0028,2026-07-15,2,45.44,Paid
O016060,C0383,P0030,2026-07-15,1,16.01,Paid
O016061,C0750,P0033,2026-07-15,3,251.94,Referral
O016062,C0329,P0040,2026-07-15,1,35.3,Paid
O016063,C0612,P0038,2026-07-15,3,309.06,Paid
O016064,C0329,P0036,2026-07-15,3,85.59,Paid
O016065,C0489,P0038,2026-07-15,2,206.04,Paid
O016066,C0083,P0009,2026-07-15,2,97.3,Paid
O016067,C0153,P0023,2026-07-15,2,250.92,Paid
O016068,C0289,P0020,2026-07-15,1,112.73,Paid
O016069,C0393,P0031,2026-07-15,2,59.7,Paid
O016070,C0113,P0033,2026-07-15,3,251.94,Paid
O016071,C0216,P0036,2026-07-15,3,85.59,Paid
O016072,C0763,P0003,2026-07-15,1,97.97,Paid
O016073,C0375,P0014,2026-07-15,2,122.86,Paid
O016074,C0459,P0009,2026-07-15,1,48.65,Paid
O016075,C0091,P0013,2026-07-15,2,86.52,Email
O016076,C0562,P0013,2026-07-15,3,129.78,Paid
O016077,C0406,P0023,2026-07-15,1,125.46,Paid
O016078,C0487,P0024,2026-07-15,3,320.91,Organic
O016079,C0725,P0018,2026-07-15,2,173.42,Email
O016080,C0109,P0027,2026-07-15,2,89.92,Paid
O016081,C0707,P0029,2026-07-15,3,68.67,Paid
O016082,C0645,P0026,2026-07-15,2,35.72,Paid
O016083,C0125,P0035,2026-07-15,3,289.29,Email
O016084,C0051,P0035,2026-07-15,2,192.86,Organic
O016085,C0394,P0037,2026-07-15,3,246.93,Paid
O016086,C0587,P0007,2026-07-16,1,61.98,Paid
O016087,C0742,P0002,2026-07-16,2,449.32,Paid
O016088,C0679,P0008,2026-07-16,2,372.6,Paid
O016089,C0011,P0013,2026-07-16,2,86.52,Paid
O016090,C0524,P0016,2026-07-16,3,89.46,Organic
O016091,C0365,P0023,2026-07-16,3,376.38,Organic
O016092,C0365,P0025,2026-07-16,1,46.06,Organic
O016093,C0226,P0007,2026-07-16,3,185.94,Organic
O016094,C0766,P0001,2026-07-16,2,627.72,Paid
O016095,C0384,P0004,2026-07-16,3,353.1,Paid
O016096,C0753,P0014,2026-07-16,3,184.29,Paid
O016097,C0006,P0012,2026-07-16,2,79.86,Paid
O016098,C0420,P0022,2026-07-16,2,260.76,Paid
O016099,C0048,P0018,2026-07-16,2,173.42,Organic
O016100,C0304,P0024,2026-07-16,3,320.91,Email
O016101,C0250,P0030,2026-07-16,2,32.02,Paid
O016102,C0692,P0034,2026-07-16,3,280.65,Paid
O016103,C0447,P0034,2026-07-16,3,280.65,Organic
O016104,C0211,P0007,2026-07-16,2,123.96,Paid
O016105,C0668,P0013,2026-07-16,3,129.78,Paid
O016106,C0206,P0024,2026-07-16,3,320.91,Email
O016107,C0084,P0017,2026-07-16,1,123.38,Paid
O016108,C0480,P0032,2026-07-16,3,32.97,Organic
O016109,C0661,P0027,2026-07-16,1,44.96,Paid
O016110,C0555,P0006,2026-07-16,3,477.6,Paid
O016111,C0053,P0014,2026-07-16,3,184.29,Organic
O016112,C0234,P0011,2026-07-16,3,131.46,Referral
O016113,C0111,P0010,2026-07-16,3,109.59,Paid
O016114,C0279,P0024,2026-07-16,3,320.91,Paid
O016115,C0271,P0018,2026-07-16,3,260.13,Referral
O016116,C0506,P0031,2026-07-16,1,29.85,Email
O016117,C0340,P0033,2026-07-16,1,83.98,Organic
O016118,C0337,P0004,2026-07-17,1,117.7,Paid
O016119,C0714,P0013,2026-07-17,3,129.78,Paid
O016120,C0632,P0024,2026-07-17,2,213.94,Organic
O016121,C0278,P0018,2026-07-17,3,260.13,Referral
O016122,C0752,P0020,2026-07-17,1,112.73,Paid
O016123,C0600,P0021,2026-07-17,3,353.34,Paid
O016124,C0414,P0025,2026-07-17,3,138.18,Organic
O016125,C0654,P0029,2026-07-17,3,68.67,Paid
O016126,C0308,P0033,2026-07-17,1,83.98,Email
O016127,C0671,P0002,2026-07-17,2,449.32,Paid
O016128,C0267,P0004,2026-07-17,3,353.1,Organic
O016129,C0019,P0003,2026-07-17,2,195.94,Referral
O016130,C0144,P0005,2026-07-17,3,529.65,Paid
O016131,C0481,P0013,2026-07-17,3,129.78,Email
O016132,C0319,P0019,2026-07-17,3,238.77,Paid
O016133,C0656,P0020,2026-07-17,3,338.19,Paid
O016134,C0243,P0023,2026-07-17,3,376.38,Paid
O016135,C0610,P0026,2026-07-17,2,35.72,Paid
O016136,C0504,P0025,2026-07-17,1,46.06,Paid
O016137,C0382,P0031,2026-07-17,2,59.7,Paid
O016138,C0738,P0026,2026-07-17,2,35.72,Paid
O016139,C0144,P0029,2026-07-17,1,22.89,Paid
O016140,C0436,P0035,2026-07-17,1,96.43,Paid
O016141,C0420,P0039,2026-07-17,1,18.78,Paid
O016142,C0033,P0036,2026-07-17,2,57.06,Paid
O016143,C0231,P0040,2026-07-17,1,35.3,Paid
O016144,C0122,P0035,2026-07-17,1,96.43,Paid
O016145,C0352,P0005,2026-07-17,3,529.65,Paid
O016146,C0613,P0003,2026-07-17,2,195.94,Email
O016147,C0650,P0012,2026-07-17,3,119.79,Organic
O016148,C0636,P0019,2026-07-17,2,159.18,Paid
O016149,C0496,P0032,2026-07-17,3,32.97,Email
O016150,C0668,P0027,2026-07-17,2,89.92,Paid
O016151,C0114,P0035,2026-07-17,2,192.86,Organic
O016152,C0162,P0033,2026-07-17,1,83.98,Paid
O016153,C0249,P0005,2026-07-17,3,529.65,Paid
O016154,C0581,P0002,2026-07-17,3,673.98,Paid
O016155,C0428,P0003,2026-07-17,1,97.97,Paid
O016156,C0169,P0005,2026-07-17,2,353.1,Paid
O016157,C0271,P0016,2026-07-17,3,89.46,Paid
O016158,C0390,P0014,2026-07-17,3,184.29,Paid
O016159,C0117,P0029,2026-07-17,3,68.67,Paid
O016160,C0563,P0029,2026-07-17,2,45.78,Paid
O016161,C0245,P0037,2026-07-17,3,246.93,Email
O016162,C0185,P0033,2026-07-17,2,167.96,Paid
O016163,C0124,P0005,2026-07-18,3,529.65,Organic
O016164,C0617,P0002,2026-07-18,1,224.66,Paid
O016165,C0011,P0005,2026-07-18,3,529.65,Paid
O016166,C0180,P0015,2026-07-18,3,156.9,Paid
O016167,C0277,P0021,2026-07-18,2,235.56,Organic
O016168,C0236,P0021,2026-07-18,2,235.56,Paid
O016169,C0507,P0023,2026-07-18,2,250.92,Organic
O016170,C0795,P0029,2026-07-18,2,45.78,Paid
O016171,C0004,P0026,2026-07-18,2,35.72,Paid
O016172,C0468,P0030,2026-07-18,3,48.03,Paid
O016173,C0361,P0028,2026-07-18,1,22.72,Organic
O016174,C0544,P0029,2026-07-18,3,68.67,Email
O016175,C0549,P0039,2026-07-18,2,37.56,Organic
O016176,C0727,P0034,2026-07-18,1,93.55,Paid
O016177,C0569,P0036,2026-07-18,3,85.59,Email
O016178,C0788,P0038,2026-07-18,2,206.04,Email
O016179,C0519,P0034,2026-07-18,1,93.55,Paid
O016180,C0719,P0002,2026-07-18,3,673.98,Organic
O016181,C0408,P0008,2026-07-18,1,186.3,Paid
O016182,C0076,P0010,2026-07-18,3,109.59,Paid
O016183,C0198,P0014,2026-07-18,1,61.43,Paid
O016184,C0433,P0012,2026-07-18,2,79.86,Paid
O016185,C0599,P0023,2026-07-18,3,376.38,Organic
O016186,C0219,P0020,2026-07-18,3,338.19,Paid
O016187,C0358,P0022,2026-07-18,1,130.38,Paid
O016188,C0639,P0020,2026-07-18,1,112.73,Paid
O016189,C0006,P0019,2026-07-18,1,79.59,Paid
O016190,C0576,P0018,2026-07-18,1,86.71,Email
O016191,C0728,P0025,2026-07-18,2,92.12,Paid
O016192,C0704,P0014,2026-07-18,1,61.43,Paid
O016193,C0422,P0010,2026-07-18,1,36.53,Paid
O016194,C0032,P0014,2026-07-18,2,122.86,Paid
O016195,C0211,P0020,2026-07-18,1,112.73,Organic
O016196,C0357,P0019,2026-07-18,3,238.77,Paid
O016197,C0210,P0021,2026-07-18,3,353.34,Paid
O016198,C0183,P0022,2026-07-18,3,391.14,Paid
O016199,C0248,P0032,2026-07-18,3,32.97,Paid
O016200,C0162,P0040,2026-07-18,1,35.3,Paid
O016201,C0475,P0035,2026-07-18,1,96.43,Organic
O016202,C0087,P0039,2026-07-18,1,18.78,Email
O016203,C0790,P0003,2026-07-18,2,195.94,Paid
O016204,C0532,P0004,2026-07-18,3,353.1,Referral
O016205,C0037,P0005,2026-07-18,2,353.1,Paid
O016206,C0528,P0001,2026-07-18,2,627.72,Paid
O016207,C0467,P0005,2026-07-18,1,176.55,Paid
O016208,C0252,P0006,2026-07-18,2,318.4,Email
O016209,C0390,P0014,2026-07-18,2,122.86,Paid
O016210,C0457,P0015,2026-07-18,1,52.3,Paid
O016211,C0218,P0013,2026-07-18,2,86.52,Paid
O016212,C0515,P0017,2026-07-18,1,123.38,Paid
O016213,C0093,P0021,2026-07-18,1,117.78,Paid
O016214,C0068,P0023,2026-07-18,1,125.46,Paid
O016215,C0149,P0018,2026-07-18,2,173.42,Paid
O016216,C0550,P0031,2026-07-18,1,29.85,Referral
O016217,C0375,P0036,2026-07-18,2,57.06,Paid
O016218,C0279,P0037,2026-07-18,1,82.31,Paid
O016219,C0712,P0035,2026-07-18,1,96.43,Paid
O016220,C0712,P0036,2026-07-18,3,85.59,Email
O016221,C0469,P0040,2026-07-18,3,105.9,Paid
O016222,C0058,P0004,2026-07-19,2,235.4,Paid
O016223,C0337,P0005,2026-07-19,3,529.65,Paid
O016224,C0556,P0005,2026-07-19,3,529.65,Paid
O016225,C0742,P0022,2026-07-19,2,260.76,Paid
O016226,C0309,P0021,2026-07-19,1,117.78,Organic
O016227,C0368,P0031,2026-07-19,1,29.85,Paid
O016228,C0723,P0026,2026-07-19,1,17.86,Paid
O016229,C0414,P0031,2026-07-19,3,89.55,Paid
O016230,C0173,P0038,2026-07-19,1,103.02,Paid
O016231,C0178,P0033,2026-07-19,3,251.94,Email
O016232,C0437,P0038,2026-07-19,3,309.06,Paid
O016233,C0651,P0001,2026-07-19,2,627.72,Paid
O016234,C0610,P0002,2026-07-19,1,224.66,Paid
O016235,C0490,P0005,2026-07-19,1,176.55,Paid
O016236,C0026,P0003,2026-07-19,2,195.94,Organic
O016237,C0739,P0001,2026-07-19,2,627.72,Paid
O016238,C0250,P0002,2026-07-19,3,673.98,Email
O016239,C0758,P0007,2026-07-19,3,185.94,Paid
O016240,C0122,P0003,2026-07-19,2,195.94,Paid
O016241,C0599,P0001,2026-07-19,2,627.72,Paid
O016242,C0304,P0009,2026-07-19,3,145.95,Paid
O016243,C0388,P0016,2026-07-19,3,89.46,Paid
O016244,C0410,P0022,2026-07-19,3,391.14,Paid
O016245,C0433,P0018,2026-07-19,1,86.71,Paid
O016246,C0243,P0022,2026-07-19,2,260.76,Email
O016247,C0719,P0017,2026-07-19,3,370.14,Paid
O016248,C0274,P0019,2026-07-19,2,159.18,Paid
O016249,C0122,P0025,2026-07-19,1,46.06,Paid
O016250,C0261,P0030,2026-07-19,3,48.03,Paid
O016251,C0275,P0031,2026-07-19,1,29.85,Email
O016252,C0539,P0029,2026-07-19,1,22.89,Email
O016253,C0281,P0032,2026-07-19,2,21.98,Paid
O016254,C0719,P0026,2026-07-19,2,35.72,Paid
O016255,C0304,P0034,2026-07-19,2,187.1,Referral
O016256,C0449,P0006,2026-07-19,2,318.4,Paid
O016257,C0162,P0012,2026-07-19,2,79.86,Paid
O016258,C0289,P0012,2026-07-19,2,79.86,Paid
O016259,C0718,P0027,2026-07-19,2,89.92,Paid
O016260,C0413,P0031,2026-07-19,1,29.85,Paid
O016261,C0429,P0025,2026-07-19,1,46.06,Paid
O016262,C0230,P0029,2026-07-19,1,22.89,Paid
O016263,C0630,P0025,2026-07-19,2,92.12,Paid
O016264,C0367,P0004,2026-07-19,1,117.7,Paid
O016265,C0426,P0006,2026-07-19,2,318.4,Email
O016266,C0520,P0004,2026-07-19,2,235.4,Email
O016267,C0134,P0002,2026-07-19,2,449.32,Paid
O016268,C0252,P0002,2026-07-19,3,673.98,Paid
O016269,C0314,P0009,2026-07-19,1,48.65,Paid
O016270,C0396,P0013,2026-07-19,2,86.52,Paid
O016271,C0101,P0010,2026-07-19,3,109.59,Organic
O016272,C0730,P0016,2026-07-19,2,59.64,Paid
O016273,C0115,P0014,2026-07-19,1,61.43,Paid
O016274,C0492,P0010,2026-07-19,1,36.53,Paid
O016275,C0593,P0009,2026-07-19,3,145.95,Referral
O016276,C0372,P0021,2026-07-19,2,235.56,Paid
O016277,C0185,P0022,2026-07-19,2,260.76,Paid
O016278,C0754,P0021,2026-07-19,2,235.56,Paid
O016279,C0092,P0019,2026-07-19,2,159.18,Paid
O016280,C0143,P0031,2026-07-19,1,29.85,Paid
O016281,C0626,P0026,2026-07-19,1,17.86,Paid
O016282,C0117,P0028,2026-07-19,1,22.72,Email
O016283,C0169,P0037,2026-07-19,2,164.62,Paid
O016284,C0407,P0035,2026-07-19,2,192.86,Paid
O016285,C0615,P0036,2026-07-19,3,85.59,Organic
O016286,C0080,P0006,2026-07-20,3,477.6,Paid
O016287,C0308,P0005,2026-07-20,3,529.65,Email
O016288,C0146,P0004,2026-07-20,1,117.7,Organic
O016289,C0503,P0009,2026-07-20,1,48.65,Paid
O016290,C0269,P0009,2026-07-20,1,48.65,Paid
O016291,C0684,P0024,2026-07-20,2,213.94,Paid
O016292,C0437,P0020,2026-07-20,2,225.46,Paid
O016293,C0049,P0032,2026-07-20,3,32.97,Email
O016294,C0064,P0028,2026-07-20,2,45.44,Paid
O016295,C0727,P0032,2026-07-20,1,10.99,Email
O016296,C0292,P0030,2026-07-20,2,32.02,Paid
O016297,C0524,P0028,2026-07-20,2,45.44,Email
O016298,C0768,P0025,2026-07-20,3,138.18,Paid
O016299,C0178,P0034,2026-07-20,2,187.1,Paid
O016300,C0333,P0006,2026-07-20,3,477.6,Paid
O016301,C0750,P0001,2026-07-20,1,313.86,Paid
O016302,C0226,P0004,2026-07-20,2,235.4,Paid
O016303,C0484,P0005,2026-07-20,3,529.65,Paid
O016304,C0576,P0008,2026-07-20,2,372.6,Paid
O016305,C0635,P0014,2026-07-20,2,122.86,Organic
O016306,C0484,P0013,2026-07-20,3,129.78,Paid
O016307,C0254,P0013,2026-07-20,2,86.52,Paid
O016308,C0246,P0015,2026-07-20,2,104.6,Paid
O016309,C0190,P0024,2026-07-20,2,213.94,Organic
O016310,C0793,P0020,2026-07-20,1,112.73,Organic
O016311,C0243,P0020,2026-07-20,3,338.19,Paid
O016312,C0320,P0018,2026-07-20,2,173.42,Organic
O016313,C0491,P0029,2026-07-20,1,22.89,Paid
O016314,C0052,P0031,2026-07-20,3,89.55,Paid
O016315,C0241,P0032,2026-07-20,1,10.99,Email
O016316,C0231,P0027,2026-07-20,3,134.88,Organic
O016317,C0512,P0037,2026-07-20,2,164.62,Paid
O016318,C0235,P0037,2026-07-20,1,82.31,Paid
O016319,C0760,P0035,2026-07-20,1,96.43,Organic
O016320,C0511,P0005,2026-07-20,1,176.55,Paid
O016321,C0462,P0002,2026-07-20,2,449.32,Paid
O016322,C0425,P0006,2026-07-20,1,159.2,Organic
O016323,C0352,P0015,2026-07-20,1,52.3,Paid
O016324,C0480,P0010,2026-07-20,2,73.06,Paid
O016325,C0360,P0013,2026-07-20,2,86.52,Paid
O016326,C0391,P0009,2026-07-20,3,145.95,Paid
O016327,C0439,P0015,2026-07-20,3,156.9,Paid
O016328,C0439,P0021,2026-07-20,3,353.34,Paid
O016329,C0032,P0019,2026-07-20,2,159.18,Paid
O016330,C0204,P0027,2026-07-20,3,134.88,Paid
O016331,C0232,P0030,2026-07-20,2,32.02,Paid
O016332,C0211,P0034,2026-07-20,1,93.55,Paid
O016333,C0125,P0007,2026-07-20,1,61.98,Paid
O016334,C0373,P0005,2026-07-20,2,353.1,Paid
O016335,C0147,P0008,2026-07-20,3,558.9,Paid
O016336,C0069,P0005,2026-07-20,3,529.65,Paid
O016337,C0237,P0010,2026-07-20,1,36.53,Referral
O016338,C0740,P0013,2026-07-20,1,43.26,Organic
O016339,C0185,P0013,2026-07-20,1,43.26,Organic
O016340,C0696,P0022,2026-07-20,2,260.76,Paid
O016341,C0224,P0023,2026-07-20,2,250.92,Organic
O016342,C0619,P0019,2026-07-20,3,238.77,Paid
O016343,C0729,P0020,2026-07-20,2,225.46,Paid
O016344,C0082,P0037,2026-07-20,2,164.62,Email
O016345,C0468,P0003,2026-07-21,2,195.94,Paid
O016346,C0741,P0008,2026-07-21,2,372.6,Paid
O016347,C0146,P0003,2026-07-21,3,293.91,Email
O016348,C0600,P0002,2026-07-21,2,449.32,Paid
O016349,C0587,P0009,2026-07-21,2,97.3,Paid
O016350,C0299,P0020,2026-07-21,1,112.73,Paid
O016351,C0277,P0032,2026-07-21,3,32.97,Paid
O016352,C0505,P0032,2026-07-21,3,32.97,Paid
O016353,C0164,P0028,2026-07-21,3,68.16,Paid
O016354,C0734,P0031,2026-07-21,1,29.85,Paid
O016355,C0470,P0035,2026-07-21,3,289.29,Organic
O016356,C0414,P0037,2026-07-21,3,246.93,Email
O016357,C0586,P0040,2026-07-21,2,70.6,Paid
O016358,C0793,P0002,2026-07-21,1,224.66,Paid
O016359,C0281,P0007,2026-07-21,3,185.94,Paid
O016360,C0144,P0011,2026-07-21,2,87.64,Paid
O016361,C0420,P0014,2026-07-21,2,122.86,Paid
O016362,C0685,P0015,2026-07-21,3,156.9,Paid
O016363,C0347,P0013,2026-07-21,2,86.52,Paid
O016364,C0170,P0009,2026-07-21,1,48.65,Organic
O016365,C0250,P0018,2026-07-21,1,86.71,Organic
O016366,C0683,P0018,2026-07-21,3,260.13,Paid
O016367,C0342,P0021,2026-07-21,2,235.56,Organic
O016368,C0616,P0018,2026-07-21,1,86.71,Paid
O016369,C0072,P0030,2026-07-21,1,16.01,Paid
O016370,C0387,P0040,2026-07-21,2,70.6,Paid
O016371,C0685,P0033,2026-07-21,2,167.96,Organic
O016372,C0298,P0039,2026-07-21,2,37.56,Paid
O016373,C0595,P0037,2026-07-21,1,82.31,Paid
O016374,C0072,P0034,2026-07-21,1,93.55,Paid
O016375,C0478,P0004,2026-07-21,2,235.4,Paid
O016376,C0268,P0006,2026-07-21,2,318.4,Referral
O016377,C0256,P0007,2026-07-21,1,61.98,Paid
O016378,C0112,P0014,2026-07-21,2,122.86,Paid
O016379,C0767,P0013,2026-07-21,3,129.78,Paid
O016380,C0166,P0010,2026-07-21,1,36.53,Referral
O016381,C0239,P0014,2026-07-21,3,184.29,Paid
O016382,C0211,P0017,2026-07-21,1,123.38,Email
O016383,C0040,P0021,2026-07-21,1,117.78,Paid
O016384,C0192,P0021,2026-07-21,1,117.78,Paid
O016385,C0324,P0026,2026-07-21,1,17.86,Paid
O016386,C0449,P0029,2026-07-21,1,22.89,Paid
O016387,C0620,P0037,2026-07-21,2,164.62,Paid
O016388,C0204,P0035,2026-07-21,3,289.29,Paid
O016389,C0517,P0040,2026-07-21,3,105.9,Email
O016390,C0424,P0037,2026-07-21,2,164.62,Paid
O016391,C0650,P0035,2026-07-21,3,289.29,Organic
O016392,C0704,P0036,2026-07-21,3,85.59,Paid
O016393,C0354,P0036,2026-07-21,2,57.06,Organic
O016394,C0588,P0003,2026-07-21,2,195.94,Email
O016395,C0056,P0006,2026-07-21,3,477.6,Paid
O016396,C0224,P0009,2026-07-21,2,97.3,Paid
O016397,C0568,P0024,2026-07-21,1,106.97,Paid
O016398,C0562,P0019,2026-07-21,3,238.77,Paid
O016399,C0344,P0020,2026-07-21,3,338.19,Paid
O016400,C0603,P0024,2026-07-21,2,213.94,Paid
O016401,C0374,P0027,2026-07-21,1,44.96,Paid
O016402,C0093,P0028,2026-07-21,2,45.44,Email
O016403,C0609,P0025,2026-07-21,1,46.06,Email
O016404,C0380,P0006,2026-07-22,3,477.6,Organic
O016405,C0505,P0024,2026-07-22,2,213.94,Paid
O016406,C0675,P0024,2026-07-22,1,106.97,Organic
O016407,C0648,P0031,2026-07-22,3,89.55,Paid
O016408,C0339,P0031,2026-07-22,3,89.55,Email
O016409,C0038,P0028,2026-07-22,3,68.16,Paid
O016410,C0522,P0025,2026-07-22,2,92.12,Paid
O016411,C0723,P0028,2026-07-22,2,45.44,Paid
O016412,C0448,P0035,2026-07-22,1,96.43,Paid
O016413,C0133,P0034,2026-07-22,1,93.55,Paid
O016414,C0617,P0037,2026-07-22,3,246.93,Paid
O016415,C0526,P0033,2026-07-22,3,251.94,Paid
O016416,C0269,P0034,2026-07-22,3,280.65,Paid
O016417,C0657,P0040,2026-07-22,1,35.3,Paid
O016418,C0546,P0004,2026-07-22,2,235.4,Referral
O016419,C0135,P0002,2026-07-22,2,449.32,Referral
O016420,C0721,P0005,2026-07-22,3,529.65,Email
O016421,C0086,P0009,2026-07-22,1,48.65,Paid
O016422,C0578,P0012,2026-07-22,1,39.93,Email
O016423,C0323,P0012,2026-07-22,2,79.86,Organic
O016424,C0578,P0018,2026-07-22,2,173.42,Paid
O016425,C0262,P0020,2026-07-22,2,225.46,Paid
O016426,C0784,P0030,2026-07-22,2,32.02,Paid
O016427,C0610,P0026,2026-07-22,3,53.58,Referral
O016428,C0320,P0033,2026-07-22,2,167.96,Paid
O016429,C0352,P0006,2026-07-22,3,477.6,Organic
O016430,C0001,P0006,2026-07-22,3,477.6,Email
O016431,C0558,P0002,2026-07-22,1,224.66,Paid
O016432,C0025,P0003,2026-07-22,3,293.91,Organic
O016433,C0063,P0007,2026-07-22,2,123.96,Paid
O016434,C0523,P0016,2026-07-22,2,59.64,Paid
O016435,C0624,P0032,2026-07-22,1,10.99,Paid
O016436,C0542,P0007,2026-07-22,3,185.94,Paid
O016437,C0109,P0002,2026-07-22,3,673.98,Paid
O016438,C0066,P0004,2026-07-22,1,117.7,Email
O016439,C0109,P0005,2026-07-22,1,176.55,Organic
O016440,C0563,P0011,2026-07-22,1,43.82,Paid
O016441,C0707,P0013,2026-07-22,1,43.26,Paid
O016442,C0340,P0013,2026-07-22,1,43.26,Paid
O016443,C0688,P0009,2026-07-22,3,145.95,Organic
O016444,C0626,P0022,2026-07-22,2,260.76,Paid
O016445,C0722,P0024,2026-07-22,1,106.97,Email
O016446,C0174,P0019,2026-07-22,3,238.77,Paid
O016447,C0551,P0026,2026-07-22,1,17.86,Paid
O016448,C0373,P0027,2026-07-22,2,89.92,Paid
O016449,C0107,P0005,2026-07-23,3,529.65,Paid
O016450,C0545,P0008,2026-07-23,3,558.9,Paid
O016451,C0131,P0013,2026-07-23,2,86.52,Paid
O016452,C0723,P0019,2026-07-23,1,79.59,Paid
O016453,C0495,P0028,2026-07-23,3,68.16,Referral
O016454,C0455,P0030,2026-07-23,3,48.03,Paid
O016455,C0586,P0032,2026-07-23,3,32.97,Organic
O016456,C0173,P0032,2026-07-23,1,10.99,Paid
O016457,C0411,P0035,2026-07-23,2,192.86,Paid
O016458,C0545,P0035,2026-07-23,1,96.43,Paid
O016459,C0050,P0037,2026-07-23,3,246.93,Paid
O016460,C0559,P0034,2026-07-23,2,187.1,Paid
O016461,C0800,P0034,2026-07-23,1,93.55,Paid
O016462,C0474,P0006,2026-07-23,1,159.2,Paid
O016463,C0578,P0008,2026-07-23,2,372.6,Paid
O016464,C0773,P0008,2026-07-23,3,558.9,Referral
O016465,C0384,P0013,2026-07-23,2,86.52,Organic
O016466,C0182,P0011,2026-07-23,1,43.82,Organic
O016467,C0789,P0009,2026-07-23,1,48.65,Email
O016468,C0671,P0019,2026-07-23,1,79.59,Paid
O016469,C0028,P0021,2026-07-23,3,353.34,Paid
O016470,C0384,P0027,2026-07-23,3,134.88,Paid
O016471,C0028,P0025,2026-07-23,3,138.18,Organic
O016472,C0769,P0030,2026-07-23,3,48.03,Organic
O016473,C0076,P0030,2026-07-23,2,32.02,Email
O016474,C0320,P0039,2026-07-23,2,37.56,Email
O016475,C0773,P0036,2026-07-23,2,57.06,Paid
O016476,C0240,P0036,2026-07-23,3,85.59,Paid
O016477,C0182,P0040,2026-07-23,1,35.3,Email
O016478,C0417,P0037,2026-07-23,2,164.62,Paid
O016479,C0281,P0034,2026-07-23,2,187.1,Paid
O016480,C0135,P0036,2026-07-23,1,28.53,Paid
O016481,C0391,P0005,2026-07-23,3,529.65,Organic
O016482,C0708,P0004,2026-07-23,3,353.1,Email
O016483,C0090,P0011,2026-07-23,2,87.64,Paid
O016484,C0637,P0016,2026-07-23,1,29.82,Paid
O016485,C0660,P0021,2026-07-23,2,235.56,Paid
O016486,C0183,P0023,2026-07-23,1,125.46,Paid
O016487,C0351,P0026,2026-07-23,3,53.58,Paid
O016488,C0351,P0026,2026-07-23,2,35.72,Organic
O016489,C0439,P0038,2026-07-23,1,103.02,Organic
O016490,C0476,P0034,2026-07-23,3,280.65,Paid
O016491,C0555,P0004,2026-07-23,1,117.7,Paid
O016492,C0258,P0010,2026-07-23,1,36.53,Paid
O016493,C0174,P0016,2026-07-23,2,59.64,Paid
O016494,C0101,P0022,2026-07-23,3,391.14,Paid
O016495,C0555,P0030,2026-07-23,3,48.03,Paid
O016496,C0227,P0032,2026-07-23,2,21.98,Paid
O016497,C0273,P0025,2026-07-23,3,138.18,Paid
O016498,C0729,P0040,2026-07-23,3,105.9,Paid
O016499,C0696,P0039,2026-07-23,3,56.34,Paid
O016500,C0279,P0033,2026-07-23,2,167.96,Paid
O016501,C0270,P0035,2026-07-23,2,192.86,Paid
O016502,C0532,P0036,2026-07-23,3,85.59,Paid
O016503,C0193,P0004,2026-07-24,1,117.7,Organic
O016504,C0736,P0013,2026-07-24,3,129.78,Paid
O016505,C0724,P0010,2026-07-24,3,109.59,Paid
O016506,C0749,P0028,2026-07-24,3,68.16,Paid
O016507,C0191,P0034,2026-07-24,1,93.55,Paid
O016508,C0177,P0040,2026-07-24,3,105.9,Organic
O016509,C0408,P0005,2026-07-24,2,353.1,Paid
O016510,C0266,P0008,2026-07-24,1,186.3,Paid
O016511,C0698,P0003,2026-07-24,3,293.91,Paid
O016512,C0672,P0010,2026-07-24,3,109.59,Paid
O016513,C0399,P0013,2026-07-24,2,86.52,Organic
O016514,C0504,P0017,2026-07-24,2,246.76,Organic
O016515,C0242,P0020,2026-07-24,1,112.73,Paid
O016516,C0376,P0040,2026-07-24,3,105.9,Organic
O016517,C0006,P0037,2026-07-24,3,246.93,Paid
O016518,C0746,P0038,2026-07-24,1,103.02,Organic
O016519,C0773,P0035,2026-07-24,2,192.86,Email
O016520,C0383,P0038,2026-07-24,1,103.02,Organic
O016521,C0540,P0036,2026-07-24,2,57.06,Organic
O016522,C0799,P0003,2026-07-24,2,195.94,Paid
O016523,C0653,P0015,2026-07-24,2,104.6,Paid
O016524,C0025,P0015,2026-07-24,2,104.6,Paid
O016525,C0022,P0017,2026-07-24,1,123.38,Paid
O016526,C0669,P0024,2026-07-24,3,320.91,Paid
O016527,C0735,P0032,2026-07-24,3,32.97,Paid
O016528,C0516,P0039,2026-07-24,1,18.78,Paid
O016529,C0509,P0038,2026-07-24,2,206.04,Organic
O016530,C0464,P0033,2026-07-24,2,167.96,Paid
O016531,C0271,P0006,2026-07-24,1,159.2,Paid
O016532,C0608,P0012,2026-07-24,3,119.79,Email
O016533,C0426,P0014,2026-07-24,3,184.29,Paid
O016534,C0645,P0009,2026-07-24,3,145.95,Paid
O016535,C0149,P0019,2026-07-24,3,238.77,Email
O016536,C0407,P0032,2026-07-24,1,10.99,Organic
O016537,C0703,P0025,2026-07-24,2,92.12,Organic
O016538,C0273,P0031,2026-07-24,2,59.7,Paid
O016539,C0562,P0036,2026-07-24,2,57.06,Paid
O016540,C0499,P0038,2026-07-24,3,309.06,Paid
O016541,C0460,P0005,2026-07-25,1,176.55,Paid
O016542,C0131,P0001,2026-07-25,2,627.72,Paid
O016543,C0099,P0003,2026-07-25,3,293.91,Paid
O016544,C0600,P0019,2026-07-25,3,238.77,Referral
O016545,C0437,P0020,2026-07-25,1,112.73,Paid
O016546,C0164,P0019,2026-07-25,1,79.59,Paid
O016547,C0524,P0031,2026-07-25,2,59.7,Organic
O016548,C0421,P0029,2026-07-25,2,45.78,Email
O016549,C0284,P0032,2026-07-25,3,32.97,Paid
O016550,C0421,P0025,2026-07-25,1,46.06,Paid
O016551,C0173,P0032,2026-07-25,3,32.97,Paid
O016552,C0761,P0030,2026-07-25,3,48.03,Paid
O016553,C0519,P0040,2026-07-25,1,35.3,Paid
O016554,C0003,P0008,2026-07-25,2,372.6,Email
O016555,C0423,P0002,2026-07-25,3,673.98,Paid
O016556,C0504,P0013,2026-07-25,1,43.26,Paid
O016557,C0622,P0009,2026-07-25,2,97.3,Organic
O016558,C0602,P0017,2026-07-25,2,246.76,Paid
O016559,C0121,P0021,2026-07-25,2,235.56,Paid
O016560,C0116,P0029,2026-07-25,1,22.89,Paid
O016561,C0709,P0029,2026-07-25,2,45.78,Paid
O016562,C0774,P0033,2026-07-25,1,83.98,Paid
O016563,C0738,P0039,2026-07-25,1,18.78,Paid
O016564,C0296,P0008,2026-07-25,3,558.9,Paid
O016565,C0735,P0002,2026-07-25,3,673.98,Referral
O016566,C0585,P0002,2026-07-25,2,449.32,Paid
O016567,C0393,P0006,2026-07-25,2,318.4,Paid
O016568,C0496,P0002,2026-07-25,2,449.32,Email
O016569,C0263,P0004,2026-07-25,2,235.4,Paid
O016570,C0718,P0004,2026-07-25,1,117.7,Organic
O016571,C0036,P0006,2026-07-25,3,477.6,Organic
O016572,C0296,P0016,2026-07-25,3,89.46,Organic
O016573,C0647,P0011,2026-07-25,2,87.64,Paid
O016574,C0706,P0015,2026-07-25,3,156.9,Email
O016575,C0295,P0009,2026-07-25,2,97.3,Paid
O016576,C0529,P0015,2026-07-25,2,104.6,Organic
O016577,C0689,P0020,2026-07-25,1,112.73,Paid
O016578,C0119,P0028,2026-07-25,2,45.44,Paid
O016579,C0272,P0029,2026-07-25,1,22.89,Paid
O016580,C0735,P0032,2026-07-25,1,10.99,Paid
O016581,C0579,P0032,2026-07-25,2,21.98,Referral
O016582,C0531,P0033,2026-07-25,2,167.96,Paid
O016583,C0263,P0038,2026-07-25,1,103.02,Paid
O016584,C0452,P0002,2026-07-25,2,449.32,Paid
O016585,C0626,P0002,2026-07-25,1,224.66,Paid
O016586,C0185,P0005,2026-07-25,3,529.65,Paid
O016587,C0237,P0016,2026-07-25,1,29.82,Organic
O016588,C0676,P0017,2026-07-25,3,370.14,Organic
O016589,C0603,P0022,2026-07-25,2,260.76,Email
O016590,C0037,P0032,2026-07-25,2,21.98,Paid
O016591,C0688,P0035,2026-07-25,1,96.43,Paid
O016592,C0091,P0040,2026-07-25,1,35.3,Paid
O016593,C0035,P0033,2026-07-25,2,167.96,Paid
O016594,C0058,P0006,2026-07-26,1,159.2,Paid
O016595,C0508,P0012,2026-07-26,2,79.86,Paid
O016596,C0418,P0013,2026-07-26,2,86.52,Paid
O016597,C0127,P0017,2026-07-26,1,123.38,Paid
O016598,C0011,P0032,2026-07-26,2,21.98,Paid
O016599,C0734,P0031,2026-07-26,3,89.55,Paid
O016600,C0361,P0028,2026-07-26,1,22.72,Email
O016601,C0317,P0034,2026-07-26,3,280.65,Paid
O016602,C0659,P0002,2026-07-26,2,449.32,Paid
O016603,C0347,P0008,2026-07-26,1,186.3,Email
O016604,C0537,P0015,2026-07-26,2,104.6,Organic
O016605,C0154,P0009,2026-07-26,1,48.65,Organic
O016606,C0121,P0016,2026-07-26,1,29.82,Organic
O016607,C0019,P0021,2026-07-26,2,235.56,Paid
O016608,C0769,P0022,2026-07-26,2,260.76,Paid
O016609,C0003,P0019,2026-07-26,2,159.18,Paid
O016610,C0591,P0024,2026-07-26,2,213.94,Email
O016611,C0667,P0020,2026-07-26,2,225.46,Paid
O016612,C0750,P0021,2026-07-26,2,235.56,Paid
O016613,C0774,P0021,2026-07-26,1,117.78,Paid
O016614,C0320,P0024,2026-07-26,3,320.91,Email
O016615,C0612,P0027,2026-07-26,2,89.92,Paid
O016616,C0758,P0028,2026-07-26,1,22.72,Paid
O016617,C0047,P0025,2026-07-26,3,138.18,Paid
O016618,C0602,P0034,2026-07-26,2,187.1,Paid
O016619,C0181,P0036,2026-07-26,1,28.53,Organic
O016620,C0474,P0037,2026-07-26,2,164.62,Paid
O016621,C0746,P0040,2026-07-26,2,70.6,Paid
O016622,C0145,P0001,2026-07-26,1,313.86,Paid
O016623,C0497,P0007,2026-07-26,3,185.94,Paid
O016624,C0478,P0008,2026-07-26,2,372.6,Paid
O016625,C0377,P0002,2026-07-26,1,224.66,Paid
O016626,C0192,P0006,2026-07-26,3,477.6,Paid
O016627,C0658,P0005,2026-07-26,1,176.55,Paid
O016628,C0300,P0012,2026-07-26,1,39.93,Paid
O016629,C0535,P0009,2026-07-26,1,48.65,Referral
O016630,C0620,P0023,2026-07-26,2,250.92,Email
O016631,C0351,P0020,2026-07-26,2,225.46,Paid
O016632,C0613,P0017,2026-07-26,3,370.14,Paid
O016633,C0585,P0019,2026-07-26,3,238.77,Paid
O016634,C0153,P0019,2026-07-26,2,159.18,Email
O016635,C0511,P0017,2026-07-26,2,246.76,Paid
O016636,C0238,P0030,2026-07-26,2,32.02,Paid
O016637,C0232,P0032,2026-07-26,1,10.99,Organic
O016638,C0647,P0034,2026-07-26,3,280.65,Paid
O016639,C0206,P0033,2026-07-26,3,251.94,Paid
O016640,C0153,P0037,2026-07-26,2,164.62,Paid
O016641,C0001,P0036,2026-07-26,2,57.06,Paid
O016642,C0166,P0034,2026-07-26,1,93.55,Paid
O016643,C0077,P0033,2026-07-26,3,251.94,Paid
O016644,C0100,P0008,2026-07-26,3,558.9,Paid
O016645,C0472,P0004,2026-07-26,2,235.4,Paid
O016646,C0199,P0004,2026-07-26,2,235.4,Paid
O016647,C0279,P0002,2026-07-26,3,673.98,Paid
O016648,C0271,P0012,2026-07-26,1,39.93,Paid
O016649,C0169,P0016,2026-07-26,1,29.82,Paid
O016650,C0143,P0019,2026-07-26,2,159.18,Paid
O016651,C0043,P0017,2026-07-26,3,370.14,Paid
O016652,C0798,P0021,2026-07-26,2,235.56,Organic
O016653,C0068,P0027,2026-07-26,3,134.88,Paid
O016654,C0224,P0032,2026-07-26,1,10.99,Paid
O016655,C0312,P0029,2026-07-26,1,22.89,Paid
O016656,C0754,P0036,2026-07-26,1,28.53,Organic
O016657,C0390,P0035,2026-07-26,3,289.29,Paid
O016658,C0199,P0033,2026-07-26,1,83.98,Referral
O016659,C0772,P0001,2026-07-27,1,313.86,Paid
O016660,C0543,P0001,2026-07-27,1,313.86,Paid
O016661,C0165,P0013,2026-07-27,1,43.26,Email
O016662,C0064,P0017,2026-07-27,2,246.76,Paid
O016663,C0749,P0018,2026-07-27,3,260.13,Email
O016664,C0788,P0023,2026-07-27,1,125.46,Paid
O016665,C0202,P0024,2026-07-27,2,213.94,Email
O016666,C0411,P0032,2026-07-27,1,10.99,Email
O016667,C0223,P0038,2026-07-27,3,309.06,Paid
O016668,C0569,P0040,2026-07-27,2,70.6,Paid
O016669,C0415,P0001,2026-07-27,2,627.72,Paid
O016670,C0719,P0001,2026-07-27,2,627.72,Paid
O016671,C0670,P0010,2026-07-27,2,73.06,Organic
O016672,C0079,P0015,2026-07-27,3,156.9,Paid
O016673,C0538,P0013,2026-07-27,2,86.52,Organic
O016674,C0747,P0023,2026-07-27,1,125.46,Email
O016675,C0244,P0021,2026-07-27,1,117.78,Paid
O016676,C0538,P0018,2026-07-27,2,173.42,Paid
O016677,C0342,P0017,2026-07-27,2,246.76,Paid
O016678,C0786,P0023,2026-07-27,1,125.46,Paid
O016679,C0321,P0031,2026-07-27,2,59.7,Paid
O016680,C0701,P0026,2026-07-27,1,17.86,Referral
O016681,C0793,P0030,2026-07-27,1,16.01,Paid
O016682,C0635,P0034,2026-07-27,3,280.65,Paid
O016683,C0048,P0035,2026-07-27,3,289.29,Paid
O016684,C0604,P0037,2026-07-27,1,82.31,Paid
O016685,C0491,P0037,2026-07-27,2,164.62,Paid
O016686,C0242,P0033,2026-07-27,3,251.94,Paid
O016687,C0158,P0038,2026-07-27,3,309.06,Organic
O016688,C0235,P0039,2026-07-27,3,56.34,Paid
O016689,C0060,P0036,2026-07-27,1,28.53,Paid
O016690,C0567,P0003,2026-07-27,2,195.94,Referral
O016691,C0336,P0014,2026-07-27,2,122.86,Paid
O016692,C0735,P0011,2026-07-27,3,131.46,Paid
O016693,C0206,P0016,2026-07-27,3,89.46,Paid
O016694,C0113,P0017,2026-07-27,2,246.76,Paid
O016695,C0429,P0017,2026-07-27,1,123.38,Paid
O016696,C0799,P0027,2026-07-27,2,89.92,Organic
O016697,C0036,P0027,2026-07-27,2,89.92,Paid
O016698,C0036,P0025,2026-07-27,3,138.18,Organic
O016699,C0763,P0007,2026-07-27,1,61.98,Paid
O016700,C0318,P0004,2026-07-27,2,235.4,Paid
O016701,C0498,P0011,2026-07-27,2,87.64,Paid
O016702,C0459,P0015,2026-07-27,1,52.3,Email
O016703,C0390,P0014,2026-07-27,3,184.29,Paid
O016704,C0305,P0015,2026-07-27,1,52.3,Organic
O016705,C0020,P0019,2026-07-27,3,238.77,Paid
O016706,C0501,P0021,2026-07-27,2,235.56,Paid
O016707,C0068,P0029,2026-07-27,1,22.89,Paid
O016708,C0561,P0030,2026-07-27,2,32.02,Paid
O016709,C0314,P0031,2026-07-27,2,59.7,Paid
O016710,C0550,P0026,2026-07-27,2,35.72,Referral
O016711,C0312,P0031,2026-07-27,3,89.55,Organic
O016712,C0498,P0025,2026-07-27,2,92.12,Email
O016713,C0568,P0033,2026-07-27,3,251.94,Paid
O016714,C0314,P0038,2026-07-27,2,206.04,Paid
O016715,C0472,P0034,2026-07-27,2,187.1,Organic
O016716,C0195,P0033,2026-07-27,3,251.94,Referral
O016717,C0314,P0037,2026-07-27,3,246.93,Paid
O016718,C0193,P0005,2026-07-28,1,176.55,Paid
O016719,C0654,P0002,2026-07-28,2,449.32,Email
O016720,C0186,P0014,2026-07-28,1,61.43,Paid
O016721,C0448,P0038,2026-07-28,2,206.04,Organic
O016722,C0795,P0039,2026-07-28,1,18.78,Paid
O016723,C0470,P0036,2026-07-28,2,57.06,Paid
O016724,C0331,P0040,2026-07-28,2,70.6,Paid
O016725,C0076,P0008,2026-07-28,2,372.6,Paid
O016726,C0566,P0014,2026-07-28,2,122.86,Organic
O016727,C0006,P0010,2026-07-28,3,109.59,Organic
O016728,C0214,P0010,2026-07-28,3,109.59,Paid
O016729,C0246,P0019,2026-07-28,2,159.18,Email
O016730,C0338,P0018,2026-07-28,1,86.71,Paid
O016731,C0128,P0025,2026-07-28,2,92.12,Referral
O016732,C0415,P0036,2026-07-28,2,57.06,Paid
O016733,C0598,P0035,2026-07-28,1,96.43,Paid
O016734,C0266,P0033,2026-07-28,1,83.98,Paid
O016735,C0214,P0034,2026-07-28,1,93.55,Paid
O016736,C0471,P0008,2026-07-28,2,372.6,Paid
O016737,C0103,P0001,2026-07-28,1,313.86,Paid
O016738,C0042,P0007,2026-07-28,1,61.98,Paid
O016739,C0087,P0008,2026-07-28,1,186.3,Paid
O016740,C0613,P0005,2026-07-28,1,176.55,Paid
O016741,C0018,P0011,2026-07-28,1,43.82,Paid
O016742,C0238,P0014,2026-07-28,2,122.86,Referral
O016743,C0478,P0014,2026-07-28,1,61.43,Paid
O016744,C0295,P0010,2026-07-28,2,73.06,Paid
O016745,C0579,P0030,2026-07-28,3,48.03,Paid
O016746,C0613,P0038,2026-07-28,1,103.02,Paid
O016747,C0037,P0004,2026-07-28,2,235.4,Paid
O016748,C0722,P0003,2026-07-28,2,195.94,Referral
O016749,C0356,P0003,2026-07-28,2,195.94,Paid
O016750,C0779,P0010,2026-07-28,2,73.06,Paid
O016751,C0237,P0016,2026-07-28,2,59.64,Organic
O016752,C0199,P0011,2026-07-28,3,131.46,Paid
O016753,C0051,P0024,2026-07-28,1,106.97,Organic
O016754,C0035,P0023,2026-07-28,3,376.38,Paid
O016755,C0582,P0029,2026-07-28,1,22.89,Organic
O016756,C0396,P0036,2026-07-28,3,85.59,Organic
O016757,C0378,P0008,2026-07-29,1,186.3,Paid
O016758,C0061,P0008,2026-07-29,1,186.3,Paid
O016759,C0343,P0007,2026-07-29,1,61.98,Organic
O016760,C0280,P0007,2026-07-29,2,123.96,Email
O016761,C0058,P0012,2026-07-29,2,79.86,Paid
O016762,C0173,P0022,2026-07-29,3,391.14,Paid
O016763,C0586,P0021,2026-07-29,2,235.56,Organic
O016764,C0339,P0020,2026-07-29,1,112.73,Email
O016765,C0280,P0031,2026-07-29,1,29.85,Paid
O016766,C0118,P0030,2026-07-29,2,32.02,Paid
O016767,C0212,P0035,2026-07-29,2,192.86,Paid
O016768,C0107,P0038,2026-07-29,2,206.04,Email
O016769,C0392,P0040,2026-07-29,3,105.9,Organic
O016770,C0382,P0006,2026-07-29,1,159.2,Paid
O016771,C0116,P0006,2026-07-29,1,159.2,Organic
O016772,C0598,P0008,2026-07-29,1,186.3,Email
O016773,C0711,P0015,2026-07-29,3,156.9,Paid
O016774,C0590,P0010,2026-07-29,2,73.06,Paid
O016775,C0347,P0022,2026-07-29,1,130.38,Paid
O016776,C0640,P0024,2026-07-29,2,213.94,Paid
O016777,C0578,P0021,2026-07-29,3,353.34,Paid
O016778,C0026,P0032,2026-07-29,2,21.98,Paid
O016779,C0266,P0028,2026-07-29,2,45.44,Paid
O016780,C0758,P0025,2026-07-29,3,138.18,Paid
O016781,C0128,P0039,2026-07-29,3,56.34,Paid
O016782,C0721,P0038,2026-07-29,2,206.04,Organic
O016783,C0021,P0039,2026-07-29,2,37.56,Paid
O016784,C0214,P0034,2026-07-29,3,280.65,Paid
O016785,C0015,P0001,2026-07-29,2,627.72,Organic
O016786,C0354,P0002,2026-07-29,2,449.32,Paid
O016787,C0770,P0002,2026-07-29,1,224.66,Paid
O016788,C0313,P0010,2026-07-29,3,109.59,Paid
O016789,C0767,P0011,2026-07-29,3,131.46,Paid
O016790,C0478,P0017,2026-07-29,3,370.14,Paid
O016791,C0514,P0032,2026-07-29,3,32.97,Paid
O016792,C0069,P0004,2026-07-29,2,235.4,Paid
O016793,C0111,P0008,2026-07-29,1,186.3,Paid
O016794,C0776,P0004,2026-07-29,3,353.1,Paid
O016795,C0703,P0024,2026-07-29,1,106.97,Paid
O016796,C0233,P0019,2026-07-29,1,79.59,Paid
O016797,C0563,P0021,2026-07-29,2,235.56,Paid
O016798,C0069,P0025,2026-07-29,3,138.18,Organic
O016799,C0362,P0026,2026-07-29,1,17.86,Email
O016800,C0406,P0030,2026-07-29,3,48.03,Organic
O016801,C0147,P0028,2026-07-29,1,22.72,Paid
O016802,C0349,P0034,2026-07-29,2,187.1,Paid
O016803,C0107,P0006,2026-07-30,2,318.4,Paid
O016804,C0118,P0007,2026-07-30,3,185.94,Paid
O016805,C0146,P0006,2026-07-30,2,318.4,Paid
O016806,C0522,P0014,2026-07-30,3,184.29,Organic
O016807,C0325,P0010,2026-07-30,1,36.53,Organic
O016808,C0460,P0012,2026-07-30,1,39.93,Organic
O016809,C0173,P0021,2026-07-30,1,117.78,Paid
O016810,C0662,P0024,2026-07-30,3,320.91,Paid
O016811,C0118,P0018,2026-07-30,1,86.71,Paid
O016812,C0448,P0024,2026-07-30,2,213.94,Paid
O016813,C0186,P0023,2026-07-30,1,125.46,Paid
O016814,C0132,P0020,2026-07-30,2,225.46,Paid
O016815,C0473,P0026,2026-07-30,2,35.72,Paid
O016816,C0589,P0025,2026-07-30,2,92.12,Paid
O016817,C0366,P0028,2026-07-30,1,22.72,Paid
O016818,C0064,P0026,2026-07-30,2,35.72,Paid
O016819,C0621,P0033,2026-07-30,2,167.96,Paid
O016820,C0522,P0039,2026-07-30,1,18.78,Paid
O016821,C0277,P0037,2026-07-30,1,82.31,Email
O016822,C0454,P0033,2026-07-30,1,83.98,Email
O016823,C0543,P0040,2026-07-30,3,105.9,Paid
O016824,C0180,P0034,2026-07-30,1,93.55,Organic
O016825,C0590,P0002,2026-07-30,1,224.66,Paid
O016826,C0405,P0007,2026-07-30,2,123.96,Organic
O016827,C0484,P0010,2026-07-30,1,36.53,Organic
O016828,C0766,P0009,2026-07-30,2,97.3,Paid
O016829,C0126,P0018,2026-07-30,1,86.71,Paid
O016830,C0330,P0021,2026-07-30,1,117.78,Paid
O016831,C0659,P0017,2026-07-30,3,370.14,Paid
O016832,C0427,P0027,2026-07-30,1,44.96,Paid
O016833,C0671,P0031,2026-07-30,2,59.7,Paid
O016834,C0484,P0032,2026-07-30,1,10.99,Paid
O016835,C0694,P0029,2026-07-30,1,22.89,Paid
O016836,C0238,P0015,2026-07-30,2,104.6,Paid
O016837,C0070,P0010,2026-07-30,1,36.53,Organic
O016838,C0535,P0015,2026-07-30,3,156.9,Paid
O016839,C0075,P0019,2026-07-30,1,79.59,Paid
O016840,C0239,P0027,2026-07-30,3,134.88,Paid
O016841,C0697,P0028,2026-07-30,2,45.44,Paid
O016842,C0232,P0035,2026-07-30,1,96.43,Paid
O016843,C0377,P0035,2026-07-30,2,192.86,Paid
O016844,C0044,P0034,2026-07-30,2,187.1,Paid
O016845,C0558,P0035,2026-07-30,2,192.86,Referral
O016846,C0289,P0034,2026-07-30,3,280.65,Paid
O016847,C0307,P0001,2026-07-30,3,941.58,Paid
O016848,C0224,P0004,2026-07-30,3,353.1,Paid
O016849,C0757,P0002,2026-07-30,2,449.32,Paid
O016850,C0404,P0011,2026-07-30,3,131.46,Paid
O016851,C0152,P0009,2026-07-30,2,97.3,Paid
O016852,C0039,P0020,2026-07-30,2,225.46,Paid
O016853,C0301,P0032,2026-07-30,3,32.97,Paid
O016854,C0499,P0031,2026-07-30,2,59.7,Paid
O016855,C0271,P0037,2026-07-30,1,82.31,Paid
O016856,C0129,P0003,2026-07-31,1,97.97,Organic
O016857,C0621,P0006,2026-07-31,1,159.2,Paid
O016858,C0131,P0012,2026-07-31,2,79.86,Paid
O016859,C0094,P0016,2026-07-31,3,89.46,Paid
O016860,C0189,P0011,2026-07-31,3,131.46,Referral
O016861,C0559,P0019,2026-07-31,1,79.59,Organic
O016862,C0278,P0019,2026-07-31,3,238.77,Paid
O016863,C0094,P0017,2026-07-31,2,246.76,Paid
O016864,C0061,P0022,2026-07-31,3,391.14,Paid
O016865,C0188,P0024,2026-07-31,1,106.97,Paid
O016866,C0460,P0029,2026-07-31,3,68.67,Paid
O016867,C0435,P0029,2026-07-31,1,22.89,Paid
O016868,C0160,P0029,2026-07-31,3,68.67,Paid
O016869,C0097,P0039,2026-07-31,2,37.56,Paid
O016870,C0280,P0040,2026-07-31,3,105.9,Paid
O016871,C0308,P0034,2026-07-31,3,280.65,Paid
O016872,C0138,P0002,2026-07-31,1,224.66,Paid
O016873,C0154,P0003,2026-07-31,3,293.91,Paid
O016874,C0670,P0013,2026-07-31,3,129.78,Paid
O016875,C0219,P0022,2026-07-31,2,260.76,Paid
O016876,C0244,P0019,2026-07-31,1,79.59,Paid
O016877,C0347,P0023,2026-07-31,2,250.92,Paid
O016878,C0533,P0024,2026-07-31,2,213.94,Paid
O016879,C0019,P0024,2026-07-31,3,320.91,Paid
O016880,C0321,P0028,2026-07-31,2,45.44,Paid
O016881,C0076,P0027,2026-07-31,3,134.88,Organic
O016882,C0028,P0027,2026-07-31,3,134.88,Paid
O016883,C0764,P0029,2026-07-31,1,22.89,Organic
O016884,C0644,P0025,2026-07-31,2,92.12,Paid
O016885,C0747,P0039,2026-07-31,3,56.34,Organic
O016886,C0701,P0037,2026-07-31,1,82.31,Paid
O016887,C0350,P0005,2026-07-31,2,353.1,Paid
O016888,C0770,P0001,2026-07-31,2,627.72,Paid
O016889,C0400,P0014,2026-07-31,1,61.43,Paid
O016890,C0706,P0012,2026-07-31,1,39.93,Organic
O016891,C0215,P0024,2026-07-31,1,106.97,Paid
O016892,C0377,P0024,2026-07-31,2,213.94,Paid
O016893,C0288,P0019,2026-07-31,3,238.77,Email
O016894,C0613,P0021,2026-07-31,2,235.56,Referral
O016895,C0669,P0026,2026-07-31,2,35.72,Paid
O016896,C0666,P0029,2026-07-31,3,68.67,Paid
O016897,C0649,P0034,2026-07-31,1,93.55,Paid
O016898,C0221,P0035,2026-07-31,2,192.86,Paid
O016899,C0580,P0034,2026-07-31,3,280.65,Organic
O016900,C0580,P0038,2026-07-31,2,206.04,Email
O016901,C0396,P0008,2026-07-31,2,372.6,Paid
O016902,C0035,P0002,2026-07-31,3,673.98,Paid
O016903,C0310,P0002,2026-07-31,2,449.32,Organic
O016904,C0104,P0011,2026-07-31,2,87.64,Paid
O016905,C0542,P0012,2026-07-31,2,79.86,Email
O016906,C0469,P0015,2026-07-31,2,104.6,Email
O016907,C0218,P0014,2026-07-31,3,184.29,Paid
O016908,C0372,P0017,2026-07-31,2,246.76,Paid
O016909,C0082,P0020,2026-07-31,2,225.46,Email
O016910,C0740,P0021,2026-07-31,1,117.78,Paid
O016911,C0707,P0027,2026-07-31,3,134.88,Paid
O016912,C0291,P0025,2026-07-31,2,92.12,Paid
O016913,C0237,P0025,2026-07-31,3,138.18,Paid
O016914,C0722,P0035,2026-07-31,2,192.86,Email
O016915,C0608,P0039,2026-07-31,2,37.56,Paid
O016916,C0118,P0002,2026-08-01,3,673.98,Paid
O016917,C0180,P0002,2026-08-01,1,224.66,Paid
O016918,C0742,P0013,2026-08-01,3,129.78,Paid
O016919,C0118,P0009,2026-08-01,2,97.3,Paid
O016920,C0339,P0023,2026-08-01,2,250.92,Paid
O016921,C0038,P0024,2026-08-01,1,106.97,Paid
O016922,C0097,P0021,2026-08-01,3,353.34,Paid
O016923,C0378,P0021,2026-08-01,3,353.34,Organic
O016924,C0222,P0023,2026-08-01,1,125.46,Paid
O016925,C0280,P0030,2026-08-01,3,48.03,Email
O016926,C0203,P0036,2026-08-01,3,85.59,Paid
O016927,C0510,P0003,2026-08-01,2,195.94,Paid
O016928,C0190,P0008,2026-08-01,2,372.6,Email
O016929,C0769,P0008,2026-08-01,2,372.6,Paid
O016930,C0685,P0014,2026-08-01,1,61.43,Paid
O016931,C0265,P0014,2026-08-01,3,184.29,Paid
O016932,C0599,P0011,2026-08-01,3,131.46,Paid
O016933,C0235,P0019,2026-08-01,2,159.18,Paid
O016934,C0122,P0018,2026-08-01,1,86.71,Email
O016935,C0276,P0024,2026-08-01,3,320.91,Paid
O016936,C0122,P0029,2026-08-01,3,68.67,Organic
O016937,C0540,P0032,2026-08-01,2,21.98,Paid
O016938,C0701,P0032,2026-08-01,1,10.99,Paid
O016939,C0711,P0040,2026-08-01,2,70.6,Paid
O016940,C0128,P0035,2026-08-01,1,96.43,Organic
O016941,C0153,P0002,2026-08-01,1,224.66,Email
O016942,C0478,P0008,2026-08-01,3,558.9,Paid
O016943,C0042,P0005,2026-08-01,3,529.65,Organic
O016944,C0579,P0002,2026-08-01,3,673.98,Email
O016945,C0216,P0024,2026-08-01,2,213.94,Organic
O016946,C0192,P0026,2026-08-01,1,17.86,Paid
O016947,C0153,P0026,2026-08-01,1,17.86,Paid
O016948,C0450,P0033,2026-08-01,3,251.94,Email
O016949,C0781,P0005,2026-08-01,2,353.1,Organic
O016950,C0676,P0003,2026-08-01,1,97.97,Referral
O016951,C0108,P0014,2026-08-01,2,122.86,Paid
O016952,C0520,P0023,2026-08-01,2,250.92,Email
O016953,C0763,P0024,2026-08-01,2,213.94,Organic
O016954,C0745,P0022,2026-08-01,3,391.14,Email
O016955,C0117,P0025,2026-08-01,2,92.12,Organic
O016956,C0125,P0035,2026-08-01,2,192.86,Organic
O016957,C0545,P0006,2026-08-02,3,477.6,Paid
O016958,C0414,P0021,2026-08-02,2,235.56,Paid
O016959,C0440,P0018,2026-08-02,2,173.42,Paid
O016960,C0621,P0030,2026-08-02,1,16.01,Paid
O016961,C0442,P0034,2026-08-02,1,93.55,Paid
O016962,C0736,P0039,2026-08-02,2,37.56,Paid
O016963,C0418,P0035,2026-08-02,2,192.86,Email
O016964,C0182,P0003,2026-08-02,1,97.97,Paid
O016965,C0060,P0007,2026-08-02,1,61.98,Email
O016966,C0760,P0006,2026-08-02,2,318.4,Paid
O016967,C0417,P0004,2026-08-02,2,235.4,Paid
O016968,C0226,P0013,2026-08-02,3,129.78,Email
O016969,C0285,P0010,2026-08-02,1,36.53,Paid
O016970,C0021,P0010,2026-08-02,3,109.59,Paid
O016971,C0250,P0010,2026-08-02,2,73.06,Paid
O016972,C0488,P0024,2026-08-02,2,213.94,Email
O016973,C0417,P0023,2026-08-02,2,250.92,Paid
O016974,C0261,P0020,2026-08-02,3,338.19,Paid
O016975,C0692,P0024,2026-08-02,2,213.94,Paid
O016976,C0267,P0027,2026-08-02,1,44.96,Paid
O016977,C0086,P0031,2026-08-02,1,29.85,Paid
O016978,C0656,P0032,2026-08-02,1,10.99,Paid
O016979,C0566,P0035,2026-08-02,1,96.43,Paid
O016980,C0489,P0039,2026-08-02,2,37.56,Referral
O016981,C0079,P0035,2026-08-02,3,289.29,Email
O016982,C0553,P0036,2026-08-02,3,85.59,Organic
O016983,C0085,P0034,2026-08-02,2,187.1,Referral
O016984,C0148,P0007,2026-08-02,2,123.96,Paid
O016985,C0523,P0007,2026-08-02,3,185.94,Email
O016986,C0136,P0013,2026-08-02,3,129.78,Paid
O016987,C0070,P0014,2026-08-02,3,184.29,Paid
O016988,C0145,P0009,2026-08-02,1,48.65,Paid
O016989,C0071,P0014,2026-08-02,1,61.43,Paid
O016990,C0565,P0016,2026-08-02,2,59.64,Referral
O016991,C0063,P0018,2026-08-02,3,260.13,Paid
O016992,C0649,P0021,2026-08-02,3,353.34,Paid
O016993,C0326,P0025,2026-08-02,3,138.18,Paid
O016994,C0166,P0040,2026-08-02,3,105.9,Paid
O016995,C0718,P0036,2026-08-02,2,57.06,Organic
O016996,C0296,P0036,2026-08-02,3,85.59,Paid
O016997,C0744,P0005,2026-08-02,2,353.1,Paid
O016998,C0396,P0006,2026-08-02,1,159.2,Paid
O016999,C0619,P0016,2026-08-02,2,59.64,Referral
O017000,C0373,P0012,2026-08-02,3,119.79,Paid
O017001,C0059,P0009,2026-08-02,2,97.3,Paid
O017002,C0291,P0026,2026-08-02,3,53.58,Email
O017003,C0105,P0030,2026-08-02,3,48.03,Organic
O017004,C0207,P0035,2026-08-02,1,96.43,Paid
O017005,C0483,P0001,2026-08-03,3,941.58,Email
O017006,C0443,P0004,2026-08-03,3,353.1,Paid
O017007,C0311,P0007,2026-08-03,1,61.98,Organic
O017008,C0715,P0011,2026-08-03,1,43.82,Paid
O017009,C0355,P0010,2026-08-03,1,36.53,Organic
O017010,C0583,P0009,2026-08-03,3,145.95,Organic
O017011,C0524,P0031,2026-08-03,2,59.7,Paid
O017012,C0264,P0027,2026-08-03,2,89.92,Paid
O017013,C0303,P0040,2026-08-03,2,70.6,Paid
O017014,C0522,P0033,2026-08-03,2,167.96,Paid
O017015,C0323,P0003,2026-08-03,3,293.91,Email
O017016,C0405,P0005,2026-08-03,3,529.65,Paid
O017017,C0055,P0010,2026-08-03,1,36.53,Paid
O017018,C0622,P0013,2026-08-03,3,129.78,Paid
O017019,C0073,P0017,2026-08-03,2,246.76,Paid
O017020,C0764,P0017,2026-08-03,2,246.76,Paid
O017021,C0538,P0020,2026-08-03,1,112.73,Paid
O017022,C0201,P0029,2026-08-03,2,45.78,Email
O017023,C0780,P0030,2026-08-03,2,32.02,Paid
O017024,C0328,P0032,2026-08-03,3,32.97,Email
O017025,C0182,P0028,2026-08-03,2,45.44,Organic
O017026,C0463,P0035,2026-08-03,3,289.29,Paid
O017027,C0577,P0006,2026-08-03,1,159.2,Paid
O017028,C0044,P0008,2026-08-03,3,558.9,Paid
O017029,C0456,P0015,2026-08-03,3,156.9,Referral
O017030,C0558,P0014,2026-08-03,2,122.86,Paid
O017031,C0197,P0020,2026-08-03,3,338.19,Organic
O017032,C0296,P0018,2026-08-03,1,86.71,Paid
O017033,C0778,P0025,2026-08-03,2,92.12,Paid
O017034,C0215,P0038,2026-08-03,3,309.06,Paid
O017035,C0374,P0010,2026-08-03,2,73.06,Organic
O017036,C0375,P0009,2026-08-03,1,48.65,Paid
O017037,C0286,P0014,2026-08-03,3,184.29,Email
O017038,C0401,P0018,2026-08-03,2,173.42,Organic
O017039,C0051,P0019,2026-08-03,3,238.77,Email
O017040,C0597,P0023,2026-08-03,1,125.46,Organic
O017041,C0396,P0032,2026-08-03,3,32.97,Organic
O017042,C0745,P0031,2026-08-03,1,29.85,Paid
O017043,C0291,P0027,2026-08-03,1,44.96,Paid
O017044,C0049,P0008,2026-08-04,2,372.6,Organic
O017045,C0521,P0015,2026-08-04,3,156.9,Paid
O017046,C0255,P0024,2026-08-04,2,213.94,Paid
O017047,C0505,P0025,2026-08-04,1,46.06,Organic
O017048,C0448,P0032,2026-08-04,2,21.98,Paid
O017049,C0284,P0025,2026-08-04,1,46.06,Organic
O017050,C0280,P0026,2026-08-04,1,17.86,Organic
O017051,C0710,P0038,2026-08-04,3,309.06,Paid
O017052,C0255,P0035,2026-08-04,3,289.29,Paid
O017053,C0715,P0035,2026-08-04,3,289.29,Paid
O017054,C0576,P0005,2026-08-04,1,176.55,Paid
O017055,C0420,P0010,2026-08-04,3,109.59,Paid
O017056,C0605,P0012,2026-08-04,1,39.93,Paid
O017057,C0243,P0016,2026-08-04,2,59.64,Paid
O017058,C0747,P0019,2026-08-04,1,79.59,Organic
O017059,C0026,P0020,2026-08-04,3,338.19,Email
O017060,C0629,P0032,2026-08-04,3,32.97,Paid
O017061,C0055,P0034,2026-08-04,2,187.1,Organic
O017062,C0602,P0036,2026-08-04,1,28.53,Paid
O017063,C0496,P0001,2026-08-04,2,627.72,Paid
O017064,C0357,P0006,2026-08-04,1,159.2,Paid
O017065,C0334,P0012,2026-08-04,2,79.86,Paid
O017066,C0450,P0011,2026-08-04,3,131.46,Email
O017067,C0509,P0024,2026-08-04,2,213.94,Paid
O017068,C0778,P0021,2026-08-04,1,117.78,Paid
O017069,C0120,P0017,2026-08-04,3,370.14,Email
O017070,C0228,P0032,2026-08-04,3,32.97,Paid
O017071,C0735,P0038,2026-08-04,1,103.02,Paid
O017072,C0289,P0036,2026-08-04,1,28.53,Paid
O017073,C0070,P0039,2026-08-04,3,56.34,Paid
O017074,C0084,P0038,2026-08-04,3,309.06,Paid
O017075,C0776,P0006,2026-08-04,3,477.6,Organic
O017076,C0626,P0014,2026-08-04,2,122.86,Paid
O017077,C0286,P0031,2026-08-04,3,89.55,Paid
O017078,C0800,P0006,2026-08-05,1,159.2,Paid
O017079,C0098,P0009,2026-08-05,1,48.65,Paid
O017080,C0771,P0016,2026-08-05,2,59.64,Paid
O017081,C0191,P0009,2026-08-05,2,97.3,Referral
O017082,C0292,P0027,2026-08-05,3,134.88,Organic
O017083,C0545,P0025,2026-08-05,2,92.12,Paid
O017084,C0299,P0034,2026-08-05,2,187.1,Paid
O017085,C0223,P0040,2026-08-05,2,70.6,Paid
O017086,C0341,P0036,2026-08-05,2,57.06,Referral
O017087,C0495,P0038,2026-08-05,1,103.02,Email
O017088,C0139,P0038,2026-08-05,3,309.06,Paid
O017089,C0711,P0004,2026-08-05,2,235.4,Paid
O017090,C0033,P0003,2026-08-05,3,293.91,Email
O017091,C0773,P0003,2026-08-05,2,195.94,Paid
O017092,C0383,P0002,2026-08-05,1,224.66,Paid
O017093,C0578,P0011,2026-08-05,2,87.64,Paid
O017094,C0320,P0009,2026-08-05,3,145.95,Paid
O017095,C0510,P0019,2026-08-05,2,159.18,Paid
O017096,C0504,P0023,2026-08-05,3,376.38,Paid
O017097,C0376,P0030,2026-08-05,2,32.02,Paid
O017098,C0359,P0025,2026-08-05,2,92.12,Paid
O017099,C0701,P0038,2026-08-05,2,206.04,Email
O017100,C0624,P0007,2026-08-05,3,185.94,Email
O017101,C0689,P0001,2026-08-05,1,313.86,Paid
O017102,C0695,P0002,2026-08-05,1,224.66,Paid
O017103,C0558,P0011,2026-08-05,2,87.64,Paid
O017104,C0040,P0015,2026-08-05,1,52.3,Paid
O017105,C0157,P0027,2026-08-05,1,44.96,Paid
O017106,C0228,P0026,2026-08-05,1,17.86,Paid
O017107,C0637,P0038,2026-08-05,2,206.04,Paid
O017108,C0300,P0034,2026-08-05,3,280.65,Organic
O017109,C0497,P0035,2026-08-05,1,96.43,Paid
O017110,C0620,P0038,2026-08-05,3,309.06,Paid
O017111,C0364,P0030,2026-08-05,1,16.01,Referral
O017112,C0725,P0037,2026-08-05,3,246.93,Paid
O017113,C0160,P0007,2026-08-06,2,123.96,Paid
O017114,C0495,P0011,2026-08-06,1,43.82,Paid
O017115,C0483,P0009,2026-08-06,1,48.65,Paid
O017116,C0299,P0009,2026-08-06,1,48.65,Paid
O017117,C0177,P0015,2026-08-06,3,156.9,Paid
O017118,C0299,P0020,2026-08-06,3,338.19,Paid
O017119,C0594,P0024,2026-08-06,1,106.97,Paid
O017120,C0455,P0019,2026-08-06,1,79.59,Referral
O017121,C0524,P0021,2026-08-06,1,117.78,Paid
O017122,C0583,P0031,2026-08-06,1,29.85,Paid
O017123,C0715,P0026,2026-08-06,2,35.72,Paid
O017124,C0554,P0030,2026-08-06,1,16.01,Paid
O017125,C0277,P0025,2026-08-06,2,92.12,Paid
O017126,C0600,P0039,2026-08-06,3,56.34,Paid
O017127,C0678,P0035,2026-08-06,1,96.43,Paid
O017128,C0392,P0039,2026-08-06,3,56.34,Paid
O017129,C0749,P0039,2026-08-06,3,56.34,Referral
O017130,C0182,P0007,2026-08-06,3,185.94,Organic
O017131,C0463,P0007,2026-08-06,2,123.96,Paid
O017132,C0540,P0006,2026-08-06,1,159.2,Paid
O017133,C0692,P0008,2026-08-06,1,186.3,Organic
O017134,C0235,P0011,2026-08-06,1,43.82,Organic
O017135,C0086,P0013,2026-08-06,3,129.78,Organic
O017136,C0610,P0022,2026-08-06,3,391.14,Organic
O017137,C0408,P0022,2026-08-06,2,260.76,Paid
O017138,C0739,P0031,2026-08-06,2,59.7,Paid
O017139,C0604,P0029,2026-08-06,2,45.78,Paid
O017140,C0415,P0038,2026-08-06,2,206.04,Paid
O017141,C0261,P0033,2026-08-06,3,251.94,Paid
O017142,C0496,P0013,2026-08-06,2,86.52,Referral
O017143,C0751,P0015,2026-08-06,1,52.3,Paid
O017144,C0691,P0011,2026-08-06,1,43.82,Paid
O017145,C0377,P0021,2026-08-06,2,235.56,Paid
O017146,C0475,P0024,2026-08-06,3,320.91,Paid
O017147,C0431,P0032,2026-08-06,1,10.99,Paid
O017148,C0676,P0006,2026-08-06,3,477.6,Referral
O017149,C0501,P0014,2026-08-06,1,61.43,Organic
O017150,C0730,P0024,2026-08-06,2,213.94,Organic
O017151,C0105,P0021,2026-08-06,1,117.78,Organic
O017152,C0372,P0018,2026-08-06,1,86.71,Paid
O017153,C0593,P0029,2026-08-06,3,68.67,Email
O017154,C0430,P0031,2026-08-06,2,59.7,Organic
O017155,C0716,P0030,2026-08-06,1,16.01,Paid
O017156,C0619,P0040,2026-08-06,1,35.3,Organic
O017157,C0633,P0036,2026-08-06,3,85.59,Paid
O017158,C0041,P0005,2026-08-07,2,353.1,Paid
O017159,C0741,P0007,2026-08-07,2,123.96,Organic
O017160,C0675,P0005,2026-08-07,2,353.1,Paid
O017161,C0486,P0009,2026-08-07,2,97.3,Paid
O017162,C0004,P0019,2026-08-07,3,238.77,Paid
O017163,C0618,P0021,2026-08-07,2,235.56,Paid
O017164,C0522,P0021,2026-08-07,3,353.34,Organic
O017165,C0189,P0024,2026-08-07,1,106.97,Paid
O017166,C0038,P0023,2026-08-07,3,376.38,Paid
O017167,C0164,P0025,2026-08-07,2,92.12,Organic
O017168,C0064,P0032,2026-08-07,1,10.99,Paid
O017169,C0679,P0036,2026-08-07,3,85.59,Paid
O017170,C0526,P0039,2026-08-07,3,56.34,Organic
O017171,C0222,P0039,2026-08-07,1,18.78,Paid
O017172,C0016,P0006,2026-08-07,3,477.6,Paid
O017173,C0747,P0006,2026-08-07,3,477.6,Referral
O017174,C0491,P0006,2026-08-07,1,159.2,Email
O017175,C0728,P0001,2026-08-07,1,313.86,Paid
O017176,C0208,P0003,2026-08-07,1,97.97,Paid
O017177,C0085,P0001,2026-08-07,3,941.58,Paid
O017178,C0016,P0009,2026-08-07,3,145.95,Organic
O017179,C0265,P0015,2026-08-07,3,156.9,Paid
O017180,C0079,P0022,2026-08-07,2,260.76,Paid
O017181,C0370,P0017,2026-08-07,3,370.14,Email
O017182,C0158,P0019,2026-08-07,2,159.18,Organic
O017183,C0026,P0021,2026-08-07,1,117.78,Paid
O017184,C0335,P0031,2026-08-07,1,29.85,Paid
O017185,C0774,P0026,2026-08-07,1,17.86,Paid
O017186,C0079,P0032,2026-08-07,3,32.97,Paid
O017187,C0138,P0040,2026-08-07,3,105.9,Paid
O017188,C0490,P0034,2026-08-07,1,93.55,Referral
O017189,C0170,P0036,2026-08-07,2,57.06,Paid
O017190,C0025,P0007,2026-08-07,3,185.94,Paid
O017191,C0220,P0007,2026-08-07,2,123.96,Email
O017192,C0324,P0011,2026-08-07,2,87.64,Paid
O017193,C0083,P0012,2026-08-07,3,119.79,Paid
O017194,C0025,P0014,2026-08-07,3,184.29,Referral
O017195,C0288,P0010,2026-08-07,2,73.06,Paid
O017196,C0211,P0022,2026-08-07,1,130.38,Paid
O017197,C0112,P0031,2026-08-07,1,29.85,Paid
O017198,C0102,P0025,2026-08-07,3,138.18,Organic
O017199,C0324,P0039,2026-08-07,3,56.34,Paid
O017200,C0163,P0005,2026-08-07,2,353.1,Paid
O017201,C0362,P0007,2026-08-07,1,61.98,Paid
O017202,C0037,P0011,2026-08-07,3,131.46,Paid
O017203,C0570,P0028,2026-08-07,1,22.72,Paid
O017204,C0233,P0030,2026-08-07,1,16.01,Paid
O017205,C0310,P0040,2026-08-07,1,35.3,Organic
O017206,C0094,P0002,2026-08-08,1,224.66,Paid
O017207,C0259,P0005,2026-08-08,1,176.55,Paid
O017208,C0440,P0001,2026-08-08,1,313.86,Organic
O017209,C0519,P0013,2026-08-08,3,129.78,Paid
O017210,C0133,P0013,2026-08-08,2,86.52,Paid
O017211,C0700,P0019,2026-08-08,1,79.59,Paid
O017212,C0203,P0023,2026-08-08,2,250.92,Paid
O017213,C0311,P0019,2026-08-08,3,238.77,Paid
O017214,C0392,P0032,2026-08-08,1,10.99,Paid
O017215,C0378,P0025,2026-08-08,3,138.18,Email
O017216,C0482,P0034,2026-08-08,2,187.1,Paid
O017217,C0131,P0035,2026-08-08,1,96.43,Paid
O017218,C0621,P0039,2026-08-08,1,18.78,Paid
O017219,C0339,P0037,2026-08-08,1,82.31,Paid
O017220,C0741,P0040,2026-08-08,1,35.3,Organic
O017221,C0741,P0037,2026-08-08,1,82.31,Referral
O017222,C0683,P0003,2026-08-08,2,195.94,Organic
O017223,C0728,P0022,2026-08-08,1,130.38,Email
O017224,C0602,P0023,2026-08-08,2,250.92,Paid
O017225,C0235,P0029,2026-08-08,1,22.89,Organic
O017226,C0388,P0038,2026-08-08,3,309.06,Email
O017227,C0007,P0039,2026-08-08,3,56.34,Paid
O017228,C0268,P0004,2026-08-08,2,235.4,Email
O017229,C0357,P0013,2026-08-08,3,129.78,Paid
O017230,C0462,P0024,2026-08-08,3,320.91,Paid
O017231,C0071,P0028,2026-08-08,3,68.16,Paid
O017232,C0393,P0029,2026-08-08,1,22.89,Email
O017233,C0130,P0028,2026-08-08,1,22.72,Paid
O017234,C0502,P0028,2026-08-08,3,68.16,Paid
O017235,C0647,P0039,2026-08-08,3,56.34,Email
O017236,C0350,P0034,2026-08-08,3,280.65,Organic
O017237,C0450,P0037,2026-08-08,2,164.62,Email
O017238,C0588,P0006,2026-08-08,3,477.6,Paid
O017239,C0513,P0009,2026-08-08,1,48.65,Paid
O017240,C0091,P0018,2026-08-08,1,86.71,Organic
O017241,C0690,P0030,2026-08-08,1,16.01,Referral
O017242,C0117,P0031,2026-08-08,2,59.7,Paid
O017243,C0492,P0025,2026-08-08,2,92.12,Paid
O017244,C0291,P0037,2026-08-08,1,82.31,Organic
O017245,C0715,P0007,2026-08-09,1,61.98,Referral
O017246,C0435,P0002,2026-08-09,2,449.32,Paid
O017247,C0074,P0007,2026-08-09,3,185.94,Paid
O017248,C0741,P0003,2026-08-09,3,293.91,Paid
O017249,C0202,P0012,2026-08-09,2,79.86,Paid
O017250,C0800,P0012,2026-08-09,1,39.93,Email
O017251,C0046,P0023,2026-08-09,2,250.92,Paid
O017252,C0549,P0027,2026-08-09,3,134.88,Paid
O017253,C0680,P0001,2026-08-09,2,627.72,Paid
O017254,C0329,P0005,2026-08-09,2,353.1,Email
O017255,C0346,P0010,2026-08-09,3,109.59,Paid
O017256,C0640,P0010,2026-08-09,2,73.06,Organic
O017257,C0479,P0019,2026-08-09,2,159.18,Organic
O017258,C0756,P0018,2026-08-09,3,260.13,Paid
O017259,C0121,P0022,2026-08-09,1,130.38,Email
O017260,C0750,P0024,2026-08-09,3,320.91,Paid
O017261,C0240,P0024,2026-08-09,2,213.94,Paid
O017262,C0629,P0023,2026-08-09,1,125.46,Paid
O017263,C0629,P0031,2026-08-09,1,29.85,Paid
O017264,C0321,P0026,2026-08-09,1,17.86,Organic
O017265,C0335,P0027,2026-08-09,2,89.92,Paid
O017266,C0447,P0032,2026-08-09,3,32.97,Paid
O017267,C0052,P0037,2026-08-09,3,246.93,Paid
O017268,C0138,P0038,2026-08-09,3,309.06,Paid
O017269,C0359,P0033,2026-08-09,2,167.96,Paid
O017270,C0048,P0040,2026-08-09,3,105.9,Paid
O017271,C0370,P0038,2026-08-09,2,206.04,Paid
O017272,C0391,P0007,2026-08-09,3,185.94,Referral
O017273,C0735,P0004,2026-08-09,3,353.1,Paid
O017274,C0478,P0007,2026-08-09,2,123.96,Organic
O017275,C0054,P0011,2026-08-09,1,43.82,Organic
O017276,C0322,P0012,2026-08-09,1,39.93,Email
O017277,C0476,P0013,2026-08-09,1,43.26,Paid
O017278,C0001,P0012,2026-08-09,2,79.86,Paid
O017279,C0357,P0009,2026-08-09,2,97.3,Paid
O017280,C0668,P0010,2026-08-09,1,36.53,Paid
O017281,C0215,P0017,2026-08-09,1,123.38,Paid
O017282,C0031,P0021,2026-08-09,2,235.56,Paid
O017283,C0527,P0026,2026-08-09,1,17.86,Paid
O017284,C0216,P0026,2026-08-09,3,53.58,Organic
O017285,C0350,P0026,2026-08-09,2,35.72,Paid
O017286,C0449,P0037,2026-08-09,3,246.93,Organic
O017287,C0790,P0008,2026-08-09,1,186.3,Paid
O017288,C0179,P0009,2026-08-09,1,48.65,Paid
O017289,C0541,P0035,2026-08-09,1,96.43,Referral
O017290,C0224,P0033,2026-08-09,1,83.98,Paid
O017291,C0396,P0038,2026-08-09,3,309.06,Email
O017292,C0223,P0007,2026-08-10,1,61.98,Paid
O017293,C0343,P0002,2026-08-10,3,673.98,Paid
O017294,C0768,P0003,2026-08-10,3,293.91,Paid
O017295,C0556,P0016,2026-08-10,3,89.46,Paid
O017296,C0277,P0009,2026-08-10,3,145.95,Paid
O017297,C0771,P0014,2026-08-10,3,184.29,Organic
O017298,C0164,P0016,2026-08-10,2,59.64,Organic
O017299,C0559,P0022,2026-08-10,1,130.38,Organic
O017300,C0544,P0023,2026-08-10,2,250.92,Paid
O017301,C0687,P0021,2026-08-10,1,117.78,Paid
O017302,C0495,P0019,2026-08-10,2,159.18,Email
O017303,C0339,P0028,2026-08-10,3,68.16,Paid
O017304,C0526,P0032,2026-08-10,3,32.97,Email
O017305,C0175,P0034,2026-08-10,1,93.55,Paid
O017306,C0683,P0007,2026-08-10,3,185.94,Organic
O017307,C0190,P0007,2026-08-10,3,185.94,Paid
O017308,C0698,P0007,2026-08-10,2,123.96,Email
O017309,C0376,P0011,2026-08-10,2,87.64,Referral
O017310,C0490,P0013,2026-08-10,3,129.78,Paid
O017311,C0739,P0017,2026-08-10,3,370.14,Paid
O017312,C0190,P0021,2026-08-10,2,235.56,Paid
O017313,C0777,P0024,2026-08-10,2,213.94,Organic
O017314,C0651,P0028,2026-08-10,2,45.44,Organic
O017315,C0399,P0031,2026-08-10,3,89.55,Paid
O017316,C0672,P0030,2026-08-10,3,48.03,Paid
O017317,C0285,P0025,2026-08-10,2,92.12,Paid
O017318,C0590,P0040,2026-08-10,3,105.9,Paid
O017319,C0226,P0035,2026-08-10,2,192.86,Paid
O017320,C0054,P0007,2026-08-10,2,123.96,Organic
O017321,C0535,P0003,2026-08-10,3,293.91,Paid
O017322,C0429,P0006,2026-08-10,3,477.6,Paid
O017323,C0103,P0021,2026-08-10,3,353.34,Paid
O017324,C0453,P0019,2026-08-10,3,238.77,Organic
O017325,C0220,P0023,2026-08-10,1,125.46,Email
O017326,C0445,P0019,2026-08-10,2,159.18,Paid
O017327,C0611,P0027,2026-08-10,1,44.96,Organic
O017328,C0765,P0032,2026-08-10,1,10.99,Paid
O017329,C0351,P0029,2026-08-10,3,68.67,Email
O017330,C0516,P0035,2026-08-10,2,192.86,Paid
O017331,C0658,P0040,2026-08-10,1,35.3,Paid
O017332,C0702,P0007,2026-08-10,2,123.96,Organic
O017333,C0716,P0011,2026-08-10,1,43.82,Email
O017334,C0109,P0012,2026-08-10,3,119.79,Referral
O017335,C0702,P0021,2026-08-10,3,353.34,Paid
O017336,C0367,P0024,2026-08-10,3,320.91,Paid
O017337,C0633,P0025,2026-08-10,2,92.12,Organic
O017338,C0140,P0031,2026-08-10,1,29.85,Organic
O017339,C0005,P0032,2026-08-10,3,32.97,Paid
O017340,C0030,P0040,2026-08-10,2,70.6,Organic
O017341,C0601,P0005,2026-08-11,2,353.1,Paid
O017342,C0366,P0010,2026-08-11,2,73.06,Paid
O017343,C0096,P0023,2026-08-11,2,250.92,Paid
O017344,C0177,P0023,2026-08-11,1,125.46,Paid
O017345,C0212,P0024,2026-08-11,2,213.94,Paid
O017346,C0146,P0020,2026-08-11,3,338.19,Email
O017347,C0292,P0026,2026-08-11,2,35.72,Paid
O017348,C0559,P0027,2026-08-11,1,44.96,Paid
O017349,C0260,P0030,2026-08-11,1,16.01,Paid
O017350,C0654,P0026,2026-08-11,3,53.58,Organic
O017351,C0418,P0035,2026-08-11,2,192.86,Paid
O017352,C0368,P0034,2026-08-11,3,280.65,Paid
O017353,C0674,P0037,2026-08-11,2,164.62,Paid
O017354,C0736,P0035,2026-08-11,3,289.29,Paid
O017355,C0346,P0001,2026-08-11,2,627.72,Paid
O017356,C0321,P0004,2026-08-11,2,235.4,Paid
O017357,C0553,P0013,2026-08-11,2,86.52,Paid
O017358,C0504,P0019,2026-08-11,2,159.18,Paid
O017359,C0602,P0037,2026-08-11,2,164.62,Paid
O017360,C0753,P0035,2026-08-11,3,289.29,Paid
O017361,C0420,P0033,2026-08-11,2,167.96,Email
O017362,C0671,P0033,2026-08-11,2,167.96,Paid
O017363,C0055,P0033,2026-08-11,1,83.98,Paid
O017364,C0225,P0002,2026-08-11,3,673.98,Referral
O017365,C0653,P0005,2026-08-11,3,529.65,Paid
O017366,C0735,P0007,2026-08-11,3,185.94,Email
O017367,C0229,P0014,2026-08-11,1,61.43,Paid
O017368,C0001,P0020,2026-08-11,3,338.19,Paid
O017369,C0120,P0038,2026-08-11,3,309.06,Email
O017370,C0636,P0039,2026-08-11,2,37.56,Email
O017371,C0273,P0009,2026-08-11,3,145.95,Paid
O017372,C0555,P0017,2026-08-11,1,123.38,Email
O017373,C0648,P0002,2026-08-12,2,449.32,Organic
O017374,C0545,P0008,2026-08-12,2,372.6,Paid
O017375,C0013,P0019,2026-08-12,2,159.18,Email
O017376,C0600,P0017,2026-08-12,3,370.14,Paid
O017377,C0331,P0024,2026-08-12,3,320.91,Organic
O017378,C0687,P0037,2026-08-12,3,246.93,Paid
O017379,C0155,P0033,2026-08-12,2,167.96,Paid
O017380,C0411,P0035,2026-08-12,3,289.29,Organic
O017381,C0405,P0002,2026-08-12,3,673.98,Paid
O017382,C0006,P0007,2026-08-12,2,123.96,Paid
O017383,C0267,P0003,2026-08-12,1,97.97,Referral
O017384,C0780,P0005,2026-08-12,1,176.55,Paid
O017385,C0086,P0003,2026-08-12,2,195.94,Paid
O017386,C0701,P0002,2026-08-12,2,449.32,Email
O017387,C0651,P0007,2026-08-12,3,185.94,Paid
O017388,C0709,P0009,2026-08-12,3,145.95,Paid
O017389,C0399,P0013,2026-08-12,2,86.52,Organic
O017390,C0681,P0022,2026-08-12,3,391.14,Paid
O017391,C0128,P0024,2026-08-12,1,106.97,Paid
O017392,C0789,P0035,2026-08-12,1,96.43,Paid
O017393,C0329,P0038,2026-08-12,2,206.04,Paid
O017394,C0659,P0040,2026-08-12,2,70.6,Organic
O017395,C0183,P0007,2026-08-12,1,61.98,Paid
O017396,C0196,P0003,2026-08-12,2,195.94,Paid
O017397,C0778,P0005,2026-08-12,3,529.65,Referral
O017398,C0232,P0003,2026-08-12,1,97.97,Paid
O017399,C0636,P0014,2026-08-12,2,122.86,Paid
O017400,C0357,P0011,2026-08-12,1,43.82,Paid
O017401,C0432,P0019,2026-08-12,1,79.59,Paid
O017402,C0216,P0021,2026-08-12,2,235.56,Paid
O017403,C0431,P0018,2026-08-12,1,86.71,Organic
O017404,C0090,P0020,2026-08-12,2,225.46,Paid
O017405,C0663,P0020,2026-08-12,3,338.19,Paid
O017406,C0607,P0029,2026-08-12,1,22.89,Paid
O017407,C0217,P0033,2026-08-12,1,83.98,Organic
O017408,C0313,P0036,2026-08-12,3,85.59,Paid
O017409,C0799,P0038,2026-08-12,3,309.06,Paid
O017410,C0676,P0001,2026-08-12,2,627.72,Paid
O017411,C0608,P0021,2026-08-12,3,353.34,Email
O017412,C0247,P0028,2026-08-12,1,22.72,Organic
O017413,C0249,P0028,2026-08-12,1,22.72,Paid
O017414,C0378,P0003,2026-08-13,2,195.94,Referral
O017415,C0191,P0005,2026-08-13,2,353.1,Paid
O017416,C0366,P0002,2026-08-13,1,224.66,Organic
O017417,C0097,P0010,2026-08-13,1,36.53,Referral
O017418,C0731,P0013,2026-08-13,1,43.26,Paid
O017419,C0050,P0018,2026-08-13,2,173.42,Paid
O017420,C0189,P0017,2026-08-13,1,123.38,Organic
O017421,C0448,P0017,2026-08-13,1,123.38,Paid
O017422,C0189,P0022,2026-08-13,3,391.14,Referral
O017423,C0074,P0025,2026-08-13,1,46.06,Paid
O017424,C0178,P0031,2026-08-13,2,59.7,Paid
O017425,C0214,P0004,2026-08-13,2,235.4,Paid
O017426,C0003,P0010,2026-08-13,3,109.59,Referral
O017427,C0320,P0014,2026-08-13,2,122.86,Paid
O017428,C0491,P0023,2026-08-13,3,376.38,Paid
O017429,C0254,P0019,2026-08-13,1,79.59,Paid
O017430,C0438,P0018,2026-08-13,2,173.42,Email
O017431,C0274,P0025,2026-08-13,1,46.06,Paid
O017432,C0330,P0025,2026-08-13,2,92.12,Paid
O017433,C0711,P0027,2026-08-13,1,44.96,Paid
O017434,C0321,P0028,2026-08-13,2,45.44,Organic
O017435,C0638,P0003,2026-08-13,1,97.97,Paid
O017436,C0295,P0011,2026-08-13,3,131.46,Paid
O017437,C0114,P0023,2026-08-13,3,376.38,Paid
O017438,C0172,P0024,2026-08-13,3,320.91,Paid
O017439,C0256,P0028,2026-08-13,3,68.16,Paid
O017440,C0010,P0027,2026-08-13,1,44.96,Email
O017441,C0071,P0039,2026-08-13,3,56.34,Organic
O017442,C0613,P0037,2026-08-13,2,164.62,Paid
O017443,C0192,P0033,2026-08-13,2,167.96,Paid
O017444,C0291,P0012,2026-08-13,2,79.86,Email
O017445,C0643,P0018,2026-08-13,1,86.71,Organic
O017446,C0717,P0018,2026-08-13,1,86.71,Paid
O017447,C0117,P0032,2026-08-13,1,10.99,Paid
O017448,C0109,P0034,2026-08-13,2,187.1,Referral
O017449,C0705,P0040,2026-08-13,3,105.9,Paid
O017450,C0459,P0036,2026-08-13,1,28.53,Organic
O017451,C0046,P0008,2026-08-14,1,186.3,Organic
O017452,C0259,P0013,2026-08-14,1,43.26,Paid
O017453,C0684,P0014,2026-08-14,2,122.86,Paid
O017454,C0064,P0019,2026-08-14,2,159.18,Paid
O017455,C0203,P0017,2026-08-14,2,246.76,Email
O017456,C0684,P0032,2026-08-14,3,32.97,Organic
O017457,C0674,P0033,2026-08-14,2,167.96,Paid
O017458,C0714,P0033,2026-08-14,1,83.98,Organic
O017459,C0264,P0038,2026-08-14,2,206.04,Email
O017460,C0246,P0004,2026-08-14,2,235.4,Paid
O017461,C0417,P0004,2026-08-14,1,117.7,Paid
O017462,C0328,P0005,2026-08-14,3,529.65,Organic
O017463,C0034,P0009,2026-08-14,2,97.3,Paid
O017464,C0785,P0014,2026-08-14,3,184.29,Paid
O017465,C0447,P0019,2026-08-14,3,238.77,Organic
O017466,C0274,P0039,2026-08-14,2,37.56,Paid
O017467,C0737,P0036,2026-08-14,2,57.06,Paid
O017468,C0704,P0002,2026-08-14,1,224.66,Paid
O017469,C0352,P0014,2026-08-14,3,184.29,Paid
O017470,C0015,P0016,2026-08-14,1,29.82,Email
O017471,C0400,P0022,2026-08-14,2,260.76,Paid
O017472,C0476,P0031,2026-08-14,2,59.7,Paid
O017473,C0607,P0025,2026-08-14,3,138.18,Paid
O017474,C0713,P0028,2026-08-14,1,22.72,Organic
O017475,C0136,P0035,2026-08-14,2,192.86,Email
O017476,C0613,P0040,2026-08-14,1,35.3,Referral
O017477,C0456,P0037,2026-08-14,1,82.31,Paid
O017478,C0354,P0035,2026-08-14,2,192.86,Email
O017479,C0022,P0033,2026-08-14,3,251.94,Paid
O017480,C0407,P0006,2026-08-14,2,318.4,Organic
O017481,C0179,P0002,2026-08-14,1,224.66,Referral
O017482,C0093,P0011,2026-08-14,1,43.82,Organic
O017483,C0412,P0022,2026-08-14,3,391.14,Paid
O017484,C0134,P0025,2026-08-14,3,138.18,Paid
O017485,C0555,P0032,2026-08-14,2,21.98,Paid
O017486,C0188,P0005,2026-08-15,1,176.55,Organic
O017487,C0132,P0002,2026-08-15,1,224.66,Paid
O017488,C0193,P0002,2026-08-15,3,673.98,Paid
O017489,C0222,P0001,2026-08-15,2,627.72,Paid
O017490,C0544,P0009,2026-08-15,2,97.3,Paid
O017491,C0379,P0009,2026-08-15,3,145.95,Organic
O017492,C0363,P0013,2026-08-15,1,43.26,Organic
O017493,C0180,P0012,2026-08-15,2,79.86,Paid
O017494,C0255,P0018,2026-08-15,3,260.13,Referral
O017495,C0311,P0019,2026-08-15,3,238.77,Email
O017496,C0189,P0023,2026-08-15,3,376.38,Organic
O017497,C0543,P0022,2026-08-15,3,391.14,Paid
O017498,C0752,P0018,2026-08-15,1,86.71,Referral
O017499,C0434,P0029,2026-08-15,3,68.67,Email
O017500,C0795,P0027,2026-08-15,3,134.88,Paid
O017501,C0742,P0029,2026-08-15,1,22.89,Paid
O017502,C0687,P0040,2026-08-15,3,105.9,Paid
O017503,C0269,P0039,2026-08-15,3,56.34,Email
O017504,C0259,P0035,2026-08-15,1,96.43,Paid
O017505,C0124,P0037,2026-08-15,1,82.31,Organic
O017506,C0370,P0003,2026-08-15,2,195.94,Email
O017507,C0208,P0008,2026-08-15,2,372.6,Organic
O017508,C0721,P0007,2026-08-15,2,123.96,Organic
O017509,C0784,P0006,2026-08-15,3,477.6,Organic
O017510,C0671,P0006,2026-08-15,3,477.6,Organic
O017511,C0122,P0013,2026-08-15,3,129.78,Email
O017512,C0338,P0009,2026-08-15,3,145.95,Paid
O017513,C0553,P0021,2026-08-15,3,353.34,Paid
O017514,C0721,P0022,2026-08-15,1,130.38,Paid
O017515,C0698,P0019,2026-08-15,1,79.59,Paid
O017516,C0748,P0027,2026-08-15,1,44.96,Paid
O017517,C0383,P0031,2026-08-15,1,29.85,Email
O017518,C0461,P0031,2026-08-15,2,59.7,Paid
O017519,C0235,P0026,2026-08-15,3,53.58,Referral
O017520,C0283,P0040,2026-08-15,3,105.9,Referral
O017521,C0461,P0040,2026-08-15,3,105.9,Paid
O017522,C0073,P0040,2026-08-15,3,105.9,Paid
O017523,C0699,P0038,2026-08-15,2,206.04,Organic
O017524,C0012,P0002,2026-08-15,3,673.98,Paid
O017525,C0350,P0007,2026-08-15,1,61.98,Paid
O017526,C0042,P0003,2026-08-15,1,97.97,Paid
O017527,C0211,P0005,2026-08-15,2,353.1,Paid
O017528,C0708,P0004,2026-08-15,3,353.1,Organic
O017529,C0611,P0008,2026-08-15,3,558.9,Paid
O017530,C0351,P0001,2026-08-15,3,941.58,Organic
O017531,C0413,P0015,2026-08-15,1,52.3,Paid
O017532,C0354,P0012,2026-08-15,3,119.79,Paid
O017533,C0530,P0012,2026-08-15,1,39.93,Paid
O017534,C0232,P0011,2026-08-15,3,131.46,Paid
O017535,C0782,P0022,2026-08-15,3,391.14,Paid
O017536,C0120,P0020,2026-08-15,3,338.19,Email
O017537,C0012,P0019,2026-08-15,3,238.77,Email
O017538,C0075,P0023,2026-08-15,2,250.92,Organic
O017539,C0478,P0018,2026-08-15,3,260.13,Paid
O017540,C0517,P0029,2026-08-15,1,22.89,Paid
O017541,C0527,P0032,2026-08-15,1,10.99,Email
O017542,C0514,P0031,2026-08-15,3,89.55,Paid
O017543,C0759,P0028,2026-08-15,3,68.16,Email
O017544,C0183,P0026,2026-08-15,2,35.72,Organic
O017545,C0558,P0029,2026-08-15,3,68.67,Paid
O017546,C0636,P0037,2026-08-15,2,164.62,Referral
O017547,C0220,P0035,2026-08-15,1,96.43,Referral
O017548,C0416,P0003,2026-08-15,3,293.91,Organic
O017549,C0179,P0005,2026-08-15,1,176.55,Paid
O017550,C0062,P0010,2026-08-15,1,36.53,Email
O017551,C0005,P0019,2026-08-15,1,79.59,Email
O017552,C0790,P0021,2026-08-15,1,117.78,Email
O017553,C0117,P0032,2026-08-15,2,21.98,Email
O017554,C0665,P0034,2026-08-15,2,187.1,Organic
O017555,C0412,P0038,2026-08-15,2,206.04,Organic
O017556,C0264,P0002,2026-08-16,1,224.66,Organic
O017557,C0317,P0005,2026-08-16,1,176.55,Paid
O017558,C0795,P0016,2026-08-16,1,29.82,Paid
O017559,C0188,P0009,2026-08-16,2,97.3,Referral
O017560,C0586,P0015,2026-08-16,1,52.3,Organic
O017561,C0503,P0011,2026-08-16,2,87.64,Paid
O017562,C0587,P0016,2026-08-16,3,89.46,Paid
O017563,C0435,P0025,2026-08-16,2,92.12,Paid
O017564,C0505,P0028,2026-08-16,1,22.72,Paid
O017565,C0786,P0006,2026-08-16,2,318.4,Organic
O017566,C0399,P0008,2026-08-16,2,372.6,Paid
O017567,C0095,P0020,2026-08-16,2,225.46,Paid
O017568,C0034,P0021,2026-08-16,1,117.78,Paid
O017569,C0635,P0029,2026-08-16,3,68.67,Paid
O017570,C0144,P0032,2026-08-16,1,10.99,Paid
O017571,C0048,P0027,2026-08-16,2,89.92,Paid
O017572,C0048,P0025,2026-08-16,3,138.18,Paid
O017573,C0701,P0032,2026-08-16,3,32.97,Referral
O017574,C0681,P0030,2026-08-16,2,32.02,Paid
O017575,C0692,P0035,2026-08-16,2,192.86,Paid
O017576,C0240,P0036,2026-08-16,1,28.53,Paid
O017577,C0764,P0039,2026-08-16,2,37.56,Email
O017578,C0449,P0001,2026-08-16,3,941.58,Organic
O017579,C0114,P0014,2026-08-16,3,184.29,Organic
O017580,C0315,P0012,2026-08-16,2,79.86,Paid
O017581,C0077,P0009,2026-08-16,2,97.3,Paid
O017582,C0204,P0012,2026-08-16,1,39.93,Paid
O017583,C0647,P0022,2026-08-16,3,391.14,Organic
O017584,C0509,P0017,2026-08-16,3,370.14,Paid
O017585,C0422,P0025,2026-08-16,1,46.06,Paid
O017586,C0313,P0029,2026-08-16,1,22.89,Paid
O017587,C0627,P0032,2026-08-16,3,32.97,Paid
O017588,C0238,P0036,2026-08-16,1,28.53,Paid
O017589,C0502,P0040,2026-08-16,3,105.9,Paid
O017590,C0653,P0040,2026-08-16,3,105.9,Email
O017591,C0059,P0011,2026-08-16,2,87.64,Referral
O017592,C0111,P0010,2026-08-16,1,36.53,Paid
O017593,C0150,P0010,2026-08-16,2,73.06,Email
O017594,C0109,P0019,2026-08-16,1,79.59,Referral
O017595,C0043,P0018,2026-08-16,3,260.13,Referral
O017596,C0394,P0020,2026-08-16,1,112.73,Email
O017597,C0093,P0019,2026-08-16,1,79.59,Email
O017598,C0416,P0020,2026-08-16,2,225.46,Paid
O017599,C0555,P0020,2026-08-16,3,338.19,Organic
O017600,C0626,P0030,2026-08-16,3,48.03,Paid
O017601,C0665,P0028,2026-08-16,1,22.72,Organic
O017602,C0440,P0006,2026-08-17,2,318.4,Paid
O017603,C0074,P0015,2026-08-17,3,156.9,Organic
O017604,C0519,P0021,2026-08-17,3,353.34,Paid
O017605,C0339,P0028,2026-08-17,1,22.72,Paid
O017606,C0673,P0037,2026-08-17,1,82.31,Organic
O017607,C0543,P0034,2026-08-17,2,187.1,Paid
O017608,C0742,P0035,2026-08-17,3,289.29,Referral
O017609,C0482,P0033,2026-08-17,1,83.98,Paid
O017610,C0202,P0039,2026-08-17,3,56.34,Paid
O017611,C0129,P0033,2026-08-17,1,83.98,Paid
O017612,C0165,P0034,2026-08-17,2,187.1,Organic
O017613,C0548,P0008,2026-08-17,2,372.6,Paid
O017614,C0546,P0004,2026-08-17,2,235.4,Email
O017615,C0546,P0004,2026-08-17,1,117.7,Paid
O017616,C0267,P0014,2026-08-17,2,122.86,Paid
O017617,C0672,P0010,2026-08-17,1,36.53,Paid
O017618,C0602,P0011,2026-08-17,2,87.64,Organic
O017619,C0491,P0016,2026-08-17,3,89.46,Organic
O017620,C0592,P0011,2026-08-17,3,131.46,Paid
O017621,C0491,P0021,2026-08-17,2,235.56,Paid
O017622,C0047,P0024,2026-08-17,3,320.91,Referral
O017623,C0622,P0024,2026-08-17,3,320.91,Paid
O017624,C0208,P0021,2026-08-17,1,117.78,Paid
O017625,C0250,P0039,2026-08-17,1,18.78,Paid
O017626,C0023,P0002,2026-08-17,1,224.66,Paid
O017627,C0324,P0003,2026-08-17,2,195.94,Paid
O017628,C0268,P0006,2026-08-17,1,159.2,Email
O017629,C0083,P0012,2026-08-17,3,119.79,Paid
O017630,C0084,P0022,2026-08-17,3,391.14,Paid
O017631,C0630,P0029,2026-08-17,2,45.78,Paid
O017632,C0272,P0037,2026-08-17,1,82.31,Organic
O017633,C0456,P0040,2026-08-17,1,35.3,Email
O017634,C0152,P0003,2026-08-17,1,97.97,Paid
O017635,C0002,P0034,2026-08-17,3,280.65,Email
O017636,C0167,P0035,2026-08-17,1,96.43,Organic
O017637,C0132,P0002,2026-08-18,3,673.98,Paid
O017638,C0470,P0012,2026-08-18,1,39.93,Email
O017639,C0437,P0016,2026-08-18,1,29.82,Paid
O017640,C0331,P0016,2026-08-18,2,59.64,Paid
O017641,C0124,P0010,2026-08-18,2,73.06,Paid
O017642,C0674,P0009,2026-08-18,2,97.3,Organic
O017643,C0437,P0014,2026-08-18,1,61.43,Paid
O017644,C0752,P0018,2026-08-18,2,173.42,Paid
O017645,C0594,P0018,2026-08-18,1,86.71,Paid
O017646,C0641,P0024,2026-08-18,3,320.91,Referral
O017647,C0189,P0026,2026-08-18,3,53.58,Paid
O017648,C0038,P0031,2026-08-18,2,59.7,Paid
O017649,C0026,P0007,2026-08-18,1,61.98,Organic
O017650,C0651,P0002,2026-08-18,1,224.66,Email
O017651,C0726,P0004,2026-08-18,1,117.7,Paid
O017652,C0235,P0007,2026-08-18,1,61.98,Paid
O017653,C0780,P0010,2026-08-18,3,109.59,Paid
O017654,C0281,P0014,2026-08-18,1,61.43,Paid
O017655,C0590,P0022,2026-08-18,1,130.38,Paid
O017656,C0415,P0019,2026-08-18,2,159.18,Paid
O017657,C0595,P0018,2026-08-18,2,173.42,Paid
O017658,C0389,P0023,2026-08-18,1,125.46,Email
O017659,C0358,P0031,2026-08-18,2,59.7,Organic
O017660,C0067,P0036,2026-08-18,3,85.59,Paid
O017661,C0653,P0004,2026-08-18,1,117.7,Paid
O017662,C0083,P0006,2026-08-18,2,318.4,Email
O017663,C0313,P0001,2026-08-18,3,941.58,Organic
O017664,C0215,P0006,2026-08-18,2,318.4,Paid
O017665,C0697,P0013,2026-08-18,3,129.78,Email
O017666,C0400,P0013,2026-08-18,1,43.26,Paid
O017667,C0230,P0022,2026-08-18,2,260.76,Paid
O017668,C0210,P0023,2026-08-18,2,250.92,Paid
O017669,C0478,P0023,2026-08-18,2,250.92,Organic
O017670,C0649,P0018,2026-08-18,3,260.13,Organic
O017671,C0607,P0031,2026-08-18,2,59.7,Organic
O017672,C0658,P0036,2026-08-18,1,28.53,Organic
O017673,C0114,P0040,2026-08-18,2,70.6,Paid
O017674,C0001,P0036,2026-08-18,1,28.53,Email
O017675,C0744,P0004,2026-08-18,3,353.1,Email
O017676,C0149,P0011,2026-08-18,1,43.82,Paid
O017677,C0791,P0014,2026-08-18,2,122.86,Organic
O017678,C0168,P0022,2026-08-18,2,260.76,Organic
O017679,C0066,P0017,2026-08-18,2,246.76,Paid
O017680,C0634,P0035,2026-08-18,3,289.29,Organic
O017681,C0460,P0007,2026-08-19,2,123.96,Referral
O017682,C0292,P0010,2026-08-19,1,36.53,Email
O017683,C0437,P0012,2026-08-19,2,79.86,Paid
O017684,C0573,P0015,2026-08-19,2,104.6,Email
O017685,C0749,P0021,2026-08-19,3,353.34,Paid
O017686,C0132,P0029,2026-08-19,3,68.67,Paid
O017687,C0110,P0030,2026-08-19,1,16.01,Paid
O017688,C0677,P0027,2026-08-19,1,44.96,Paid
O017689,C0097,P0029,2026-08-19,3,68.67,Paid
O017690,C0132,P0036,2026-08-19,2,57.06,Paid
O017691,C0559,P0038,2026-08-19,2,206.04,Paid
O017692,C0437,P0033,2026-08-19,2,167.96,Paid
O017693,C0335,P0001,2026-08-19,1,313.86,Paid
O017694,C0584,P0001,2026-08-19,2,627.72,Paid
O017695,C0250,P0001,2026-08-19,2,627.72,Paid
O017696,C0388,P0008,2026-08-19,2,372.6,Paid
O017697,C0461,P0013,2026-08-19,1,43.26,Paid
O017698,C0106,P0016,2026-08-19,2,59.64,Paid
O017699,C0346,P0009,2026-08-19,3,145.95,Paid
O017700,C0599,P0012,2026-08-19,3,119.79,Paid
O017701,C0494,P0011,2026-08-19,3,131.46,Paid
O017702,C0548,P0012,2026-08-19,2,79.86,Paid
O017703,C0399,P0010,2026-08-19,3,109.59,Paid
O017704,C0409,P0024,2026-08-19,2,213.94,Paid
O017705,C0785,P0032,2026-08-19,1,10.99,Organic
O017706,C0328,P0026,2026-08-19,2,35.72,Paid
O017707,C0685,P0035,2026-08-19,1,96.43,Paid
O017708,C0275,P0039,2026-08-19,1,18.78,Paid
O017709,C0417,P0034,2026-08-19,1,93.55,Paid
O017710,C0128,P0038,2026-08-19,2,206.04,Paid
O017711,C0642,P0035,2026-08-19,2,192.86,Paid
O017712,C0240,P0033,2026-08-19,1,83.98,Organic
O017713,C0243,P0039,2026-08-19,3,56.34,Paid
O017714,C0691,P0003,2026-08-19,2,195.94,Paid
O017715,C0136,P0013,2026-08-19,1,43.26,Paid
O017716,C0653,P0015,2026-08-19,3,156.9,Email
O017717,C0183,P0020,2026-08-19,3,338.19,Email
O017718,C0514,P0022,2026-08-19,1,130.38,Referral
O017719,C0450,P0019,2026-08-19,2,159.18,Paid
O017720,C0078,P0030,2026-08-19,1,16.01,Referral
O017721,C0270,P0006,2026-08-19,2,318.4,Organic
O017722,C0555,P0011,2026-08-19,1,43.82,Organic
O017723,C0614,P0030,2026-08-19,2,32.02,Organic
O017724,C0062,P0033,2026-08-19,2,167.96,Paid
O017725,C0123,P0006,2026-08-20,1,159.2,Paid
O017726,C0332,P0006,2026-08-20,2,318.4,Organic
O017727,C0505,P0002,2026-08-20,3,673.98,Organic
O017728,C0675,P0014,2026-08-20,2,122.86,Paid
O017729,C0058,P0018,2026-08-20,3,260.13,Paid
O017730,C0554,P0020,2026-08-20,3,338.19,Paid
O017731,C0176,P0033,2026-08-20,3,251.94,Organic
O017732,C0569,P0040,2026-08-20,2,70.6,Organic
O017733,C0775,P0037,2026-08-20,1,82.31,Organic
O017734,C0033,P0005,2026-08-20,2,353.1,Paid
O017735,C0170,P0007,2026-08-20,2,123.96,Paid
O017736,C0417,P0013,2026-08-20,2,86.52,Paid
O017737,C0321,P0023,2026-08-20,1,125.46,Paid
O017738,C0244,P0035,2026-08-20,1,96.43,Organic
O017739,C0281,P0039,2026-08-20,3,56.34,Paid
O017740,C0136,P0002,2026-08-20,1,224.66,Paid
O017741,C0313,P0008,2026-08-20,1,186.3,Organic
O017742,C0001,P0016,2026-08-20,3,89.46,Paid
O017743,C0471,P0009,2026-08-20,2,97.3,Paid
O017744,C0183,P0021,2026-08-20,2,235.56,Paid
O017745,C0572,P0017,2026-08-20,1,123.38,Paid
O017746,C0211,P0022,2026-08-20,3,391.14,Paid
O017747,C0204,P0031,2026-08-20,1,29.85,Paid
O017748,C0350,P0038,2026-08-20,1,103.02,Email
O017749,C0249,P0008,2026-08-20,1,186.3,Referral
O017750,C0150,P0014,2026-08-20,1,61.43,Paid
O017751,C0161,P0017,2026-08-20,3,370.14,Referral
O017752,C0286,P0021,2026-08-20,1,117.78,Email
O017753,C0581,P0027,2026-08-20,2,89.92,Referral
O017754,C0730,P0029,2026-08-20,3,68.67,Paid
O017755,C0111,P0040,2026-08-20,2,70.6,Paid
O017756,C0673,P0002,2026-08-21,2,449.32,Paid
O017757,C0448,P0001,2026-08-21,3,941.58,Paid
O017758,C0050,P0012,2026-08-21,2,79.86,Organic
O017759,C0139,P0010,2026-08-21,1,36.53,Email
O017760,C0038,P0020,2026-08-21,3,338.19,Email
O017761,C0365,P0022,2026-08-21,3,391.14,Paid
O017762,C0213,P0027,2026-08-21,3,134.88,Paid
O017763,C0732,P0039,2026-08-21,2,37.56,Paid
O017764,C0677,P0038,2026-08-21,1,103.02,Paid
O017765,C0674,P0038,2026-08-21,2,206.04,Paid
O017766,C0639,P0003,2026-08-21,3,293.91,Paid
O017767,C0387,P0008,2026-08-21,1,186.3,Paid
O017768,C0298,P0006,2026-08-21,3,477.6,Email
O017769,C0135,P0003,2026-08-21,2,195.94,Paid
O017770,C0591,P0006,2026-08-21,1,159.2,Paid
O017771,C0388,P0018,2026-08-21,1,86.71,Paid
O017772,C0685,P0020,2026-08-21,3,338.19,Paid
O017773,C0034,P0030,2026-08-21,2,32.02,Paid
O017774,C0667,P0031,2026-08-21,3,89.55,Paid
O017775,C0073,P0032,2026-08-21,2,21.98,Paid
O017776,C0595,P0039,2026-08-21,3,56.34,Paid
O017777,C0436,P0040,2026-08-21,1,35.3,Email
O017778,C0151,P0007,2026-08-21,1,61.98,Paid
O017779,C0624,P0005,2026-08-21,1,176.55,Referral
O017780,C0238,P0004,2026-08-21,1,117.7,Organic
O017781,C0475,P0012,2026-08-21,3,119.79,Paid
O017782,C0352,P0020,2026-08-21,3,338.19,Referral
O017783,C0350,P0029,2026-08-21,1,22.89,Organic
O017784,C0649,P0025,2026-08-21,2,92.12,Paid
O017785,C0084,P0025,2026-08-21,2,92.12,Email
O017786,C0078,P0038,2026-08-21,2,206.04,Paid
O017787,C0315,P0033,2026-08-21,1,83.98,Organic
O017788,C0344,P0007,2026-08-21,1,61.98,Paid
O017789,C0111,P0015,2026-08-21,2,104.6,Paid
O017790,C0020,P0018,2026-08-21,1,86.71,Email
O017791,C0574,P0017,2026-08-21,2,246.76,Email
O017792,C0686,P0021,2026-08-21,3,353.34,Paid
O017793,C0167,P0023,2026-08-21,3,376.38,Paid
O017794,C0372,P0025,2026-08-21,3,138.18,Referral
O017795,C0029,P0038,2026-08-21,1,103.02,Organic
O017796,C0734,P0004,2026-08-22,2,235.4,Paid
O017797,C0142,P0002,2026-08-22,1,224.66,Paid
O017798,C0257,P0013,2026-08-22,1,43.26,Paid
O017799,C0094,P0014,2026-08-22,1,61.43,Paid
O017800,C0503,P0020,2026-08-22,1,112.73,Email
O017801,C0203,P0022,2026-08-22,3,391.14,Paid
O017802,C0678,P0018,2026-08-22,3,260.13,Paid
O017803,C0080,P0017,2026-08-22,2,246.76,Organic
O017804,C0508,P0024,2026-08-22,2,213.94,Organic
O017805,C0088,P0019,2026-08-22,1,79.59,Email
O017806,C0213,P0025,2026-08-22,3,138.18,Paid
O017807,C0714,P0025,2026-08-22,3,138.18,Paid
O017808,C0361,P0026,2026-08-22,1,17.86,Paid
O017809,C0589,P0035,2026-08-22,1,96.43,Referral
O017810,C0657,P0033,2026-08-22,3,251.94,Paid
O017811,C0088,P0036,2026-08-22,3,85.59,Email
O017812,C0311,P0034,2026-08-22,3,280.65,Paid
O017813,C0365,P0038,2026-08-22,3,309.06,Organic
O017814,C0578,P0002,2026-08-22,3,673.98,Paid
O017815,C0685,P0008,2026-08-22,3,558.9,Email
O017816,C0701,P0008,2026-08-22,2,372.6,Paid
O017817,C0409,P0004,2026-08-22,1,117.7,Paid
O017818,C0481,P0001,2026-08-22,2,627.72,Paid
O017819,C0719,P0004,2026-08-22,3,353.1,Referral
O017820,C0122,P0003,2026-08-22,2,195.94,Paid
O017821,C0231,P0016,2026-08-22,3,89.46,Paid
O017822,C0553,P0016,2026-08-22,3,89.46,Paid
O017823,C0171,P0009,2026-08-22,2,97.3,Paid
O017824,C0612,P0014,2026-08-22,1,61.43,Organic
O017825,C0719,P0013,2026-08-22,2,86.52,Referral
O017826,C0447,P0009,2026-08-22,1,48.65,Paid
O017827,C0538,P0019,2026-08-22,1,79.59,Organic
O017828,C0537,P0017,2026-08-22,3,370.14,Paid
O017829,C0463,P0023,2026-08-22,3,376.38,Paid
O017830,C0047,P0024,2026-08-22,2,213.94,Paid
O017831,C0481,P0023,2026-08-22,2,250.92,Paid
O017832,C0243,P0030,2026-08-22,2,32.02,Paid
O017833,C0539,P0031,2026-08-22,3,89.55,Organic
O017834,C0006,P0029,2026-08-22,1,22.89,Paid
O017835,C0595,P0025,2026-08-22,3,138.18,Paid
O017836,C0701,P0029,2026-08-22,1,22.89,Paid
O017837,C0026,P0033,2026-08-22,2,167.96,Paid
O017838,C0711,P0040,2026-08-22,2,70.6,Paid
O017839,C0602,P0039,2026-08-22,3,56.34,Paid
O017840,C0577,P0003,2026-08-22,2,195.94,Organic
O017841,C0514,P0003,2026-08-22,1,97.97,Referral
O017842,C0239,P0002,2026-08-22,3,673.98,Paid
O017843,C0391,P0013,2026-08-22,1,43.26,Referral
O017844,C0663,P0016,2026-08-22,3,89.46,Paid
O017845,C0682,P0010,2026-08-22,1,36.53,Paid
O017846,C0196,P0013,2026-08-22,3,129.78,Email
O017847,C0708,P0021,2026-08-22,1,117.78,Email
O017848,C0439,P0034,2026-08-22,3,280.65,Paid
O017849,C0722,P0004,2026-08-22,1,117.7,Paid
O017850,C0227,P0006,2026-08-22,1,159.2,Email
O017851,C0776,P0020,2026-08-22,1,112.73,Paid
O017852,C0286,P0024,2026-08-22,3,320.91,Email
O017853,C0465,P0020,2026-08-22,1,112.73,Organic
O017854,C0626,P0026,2026-08-22,2,35.72,Paid
O017855,C0634,P0034,2026-08-22,3,280.65,Organic
O017856,C0686,P0038,2026-08-22,3,309.06,Paid
O017857,C0418,P0001,2026-08-23,1,313.86,Paid
O017858,C0507,P0006,2026-08-23,3,477.6,Organic
O017859,C0446,P0006,2026-08-23,3,477.6,Email
O017860,C0687,P0009,2026-08-23,1,48.65,Email
O017861,C0772,P0013,2026-08-23,1,43.26,Referral
O017862,C0700,P0013,2026-08-23,1,43.26,Paid
O017863,C0521,P0012,2026-08-23,3,119.79,Paid
O017864,C0503,P0016,2026-08-23,3,89.46,Paid
O017865,C0482,P0024,2026-08-23,3,320.91,Paid
O017866,C0442,P0023,2026-08-23,3,376.38,Paid
O017867,C0255,P0024,2026-08-23,3,320.91,Paid
O017868,C0013,P0028,2026-08-23,3,68.16,Paid
O017869,C0131,P0028,2026-08-23,3,68.16,Paid
O017870,C0027,P0032,2026-08-23,3,32.97,Paid
O017871,C0444,P0031,2026-08-23,1,29.85,Paid
O017872,C0508,P0028,2026-08-23,2,45.44,Paid
O017873,C0521,P0033,2026-08-23,3,251.94,Paid
O017874,C0061,P0038,2026-08-23,2,206.04,Paid
O017875,C0345,P0007,2026-08-23,1,61.98,Email
O017876,C0016,P0005,2026-08-23,3,529.65,Paid
O017877,C0330,P0004,2026-08-23,1,117.7,Paid
O017878,C0481,P0004,2026-08-23,2,235.4,Paid
O017879,C0055,P0002,2026-08-23,3,673.98,Paid
O017880,C0656,P0010,2026-08-23,2,73.06,Referral
O017881,C0171,P0014,2026-08-23,3,184.29,Email
O017882,C0671,P0014,2026-08-23,3,184.29,Paid
O017883,C0489,P0010,2026-08-23,3,109.59,Paid
O017884,C0171,P0014,2026-08-23,2,122.86,Paid
O017885,C0034,P0021,2026-08-23,1,117.78,Paid
O017886,C0275,P0018,2026-08-23,1,86.71,Paid
O017887,C0329,P0029,2026-08-23,3,68.67,Organic
O017888,C0784,P0028,2026-08-23,2,45.44,Referral
O017889,C0796,P0025,2026-08-23,2,92.12,Paid
O017890,C0748,P0027,2026-08-23,2,89.92,Paid
O017891,C0672,P0037,2026-08-23,1,82.31,Paid
O017892,C0420,P0035,2026-08-23,2,192.86,Paid
O017893,C0488,P0037,2026-08-23,2,164.62,Email
O017894,C0116,P0036,2026-08-23,3,85.59,Referral
O017895,C0445,P0004,2026-08-23,2,235.4,Paid
O017896,C0113,P0005,2026-08-23,1,176.55,Paid
O017897,C0113,P0014,2026-08-23,3,184.29,Organic
O017898,C0517,P0014,2026-08-23,3,184.29,Paid
O017899,C0585,P0010,2026-08-23,2,73.06,Paid
O017900,C0580,P0010,2026-08-23,2,73.06,Paid
O017901,C0336,P0013,2026-08-23,3,129.78,Paid
O017902,C0357,P0010,2026-08-23,3,109.59,Paid
O017903,C0272,P0010,2026-08-23,2,73.06,Paid
O017904,C0077,P0014,2026-08-23,3,184.29,Organic
O017905,C0036,P0010,2026-08-23,1,36.53,Paid
O017906,C0054,P0023,2026-08-23,3,376.38,Paid
O017907,C0497,P0024,2026-08-23,3,320.91,Paid
O017908,C0718,P0026,2026-08-23,1,17.86,Paid
O017909,C0036,P0035,2026-08-23,3,289.29,Paid
O017910,C0663,P0033,2026-08-23,1,83.98,Organic
O017911,C0565,P0037,2026-08-23,1,82.31,Email
O017912,C0530,P0040,2026-08-23,2,70.6,Paid
O017913,C0225,P0039,2026-08-23,2,37.56,Paid
O017914,C0767,P0038,2026-08-23,3,309.06,Paid
O017915,C0025,P0040,2026-08-23,1,35.3,Organic
O017916,C0169,P0006,2026-08-23,3,477.6,Email
O017917,C0108,P0006,2026-08-23,2,318.4,Paid
O017918,C0686,P0003,2026-08-23,3,293.91,Organic
O017919,C0093,P0010,2026-08-23,3,109.59,Organic
O017920,C0498,P0014,2026-08-23,3,184.29,Organic
O017921,C0125,P0009,2026-08-23,1,48.65,Email
O017922,C0542,P0014,2026-08-23,2,122.86,Organic
O017923,C0194,P0024,2026-08-23,1,106.97,Paid
O017924,C0467,P0022,2026-08-23,3,391.14,Organic
O017925,C0307,P0025,2026-08-23,2,92.12,Email
O017926,C0140,P0038,2026-08-23,3,309.06,Organic
O017927,C0051,P0040,2026-08-23,2,70.6,Paid
O017928,C0452,P0037,2026-08-23,3,246.93,Referral
O017929,C0559,P0002,2026-08-24,1,224.66,Referral
O017930,C0559,P0007,2026-08-24,1,61.98,Paid
O017931,C0596,P0011,2026-08-24,1,43.82,Paid
O017932,C0176,P0021,2026-08-24,1,117.78,Paid
O017933,C0049,P0022,2026-08-24,2,260.76,Paid
O017934,C0139,P0017,2026-08-24,3,370.14,Organic
O017935,C0596,P0019,2026-08-24,1,79.59,Paid
O017936,C0446,P0029,2026-08-24,3,68.67,Email
O017937,C0543,P0028,2026-08-24,1,22.72,Referral
O017938,C0058,P0036,2026-08-24,2,57.06,Paid
O017939,C0552,P0005,2026-08-24,2,353.1,Paid
O017940,C0489,P0007,2026-08-24,3,185.94,Paid
O017941,C0122,P0002,2026-08-24,3,673.98,Referral
O017942,C0746,P0019,2026-08-24,2,159.18,Paid
O017943,C0267,P0017,2026-08-24,3,370.14,Email
O017944,C0034,P0018,2026-08-24,1,86.71,Paid
O017945,C0738,P0027,2026-08-24,2,89.92,Paid
O017946,C0789,P0028,2026-08-24,3,68.16,Paid
O017947,C0347,P0027,2026-08-24,3,134.88,Organic
O017948,C0028,P0031,2026-08-24,1,29.85,Paid
O017949,C0590,P0030,2026-08-24,3,48.03,Paid
O017950,C0780,P0026,2026-08-24,3,53.58,Email
O017951,C0072,P0034,2026-08-24,2,187.1,Paid
O017952,C0342,P0040,2026-08-24,1,35.3,Organic
O017953,C0708,P0008,2026-08-24,3,558.9,Paid
O017954,C0153,P0008,2026-08-24,3,558.9,Paid
O017955,C0585,P0001,2026-08-24,2,627.72,Paid
O017956,C0220,P0008,2026-08-24,1,186.3,Paid
O017957,C0751,P0002,2026-08-24,1,224.66,Referral
O017958,C0630,P0002,2026-08-24,2,449.32,Paid
O017959,C0112,P0012,2026-08-24,2,79.86,Paid
O017960,C0456,P0020,2026-08-24,1,112.73,Organic
O017961,C0751,P0020,2026-08-24,2,225.46,Paid
O017962,C0352,P0032,2026-08-24,3,32.97,Paid
O017963,C0530,P0025,2026-08-24,1,46.06,Paid
O017964,C0083,P0028,2026-08-24,1,22.72,Paid
O017965,C0799,P0031,2026-08-24,3,89.55,Paid
O017966,C0217,P0033,2026-08-24,2,167.96,Paid
O017967,C0136,P0039,2026-08-24,3,56.34,Paid
O017968,C0196,P0035,2026-08-24,2,192.86,Email
O017969,C0763,P0005,2026-08-24,1,176.55,Paid
O017970,C0407,P0018,2026-08-24,3,260.13,Organic
O017971,C0094,P0001,2026-08-25,3,941.58,Email
O017972,C0411,P0007,2026-08-25,2,123.96,Email
O017973,C0160,P0008,2026-08-25,2,372.6,Paid
O017974,C0454,P0013,2026-08-25,3,129.78,Organic
O017975,C0731,P0015,2026-08-25,3,156.9,Paid
O017976,C0761,P0024,2026-08-25,3,320.91,Paid
O017977,C0632,P0022,2026-08-25,2,260.76,Organic
O017978,C0594,P0028,2026-08-25,3,68.16,Paid
O017979,C0672,P0007,2026-08-25,2,123.96,Paid
O017980,C0463,P0015,2026-08-25,3,156.9,Paid
O017981,C0719,P0009,2026-08-25,2,97.3,Organic
O017982,C0721,P0018,2026-08-25,2,173.42,Paid
O017983,C0738,P0017,2026-08-25,2,246.76,Paid
O017984,C0461,P0024,2026-08-25,2,213.94,Paid
O017985,C0003,P0029,2026-08-25,1,22.89,Email
O017986,C0578,P0035,2026-08-25,1,96.43,Paid
O017987,C0304,P0039,2026-08-25,3,56.34,Paid
O017988,C0769,P0039,2026-08-25,2,37.56,Paid
O017989,C0456,P0007,2026-08-25,3,185.94,Organic
O017990,C0248,P0007,2026-08-25,2,123.96,Email
O017991,C0141,P0006,2026-08-25,3,477.6,Paid
O017992,C0327,P0008,2026-08-25,2,372.6,Paid
O017993,C0516,P0012,2026-08-25,3,119.79,Paid
O017994,C0211,P0015,2026-08-25,1,52.3,Paid
O017995,C0511,P0015,2026-08-25,2,104.6,Referral
O017996,C0216,P0021,2026-08-25,1,117.78,Organic
O017997,C0300,P0023,2026-08-25,3,376.38,Paid
O017998,C0653,P0027,2026-08-25,2,89.92,Paid
O017999,C0113,P0026,2026-08-25,2,35.72,Organic
O018000,C0445,P0033,2026-08-25,2,167.96,Email
O018001,C0582,P0008,2026-08-25,1,186.3,Organic
O018002,C0147,P0015,2026-08-25,2,104.6,Paid
O018003,C0312,P0017,2026-08-25,3,370.14,Email
O018004,C0426,P0028,2026-08-25,1,22.72,Organic
O018005,C0053,P0038,2026-08-25,2,206.04,Paid
O018006,C0395,P0005,2026-08-26,1,176.55,Paid
O018007,C0684,P0001,2026-08-26,3,941.58,Paid
O018008,C0123,P0014,2026-08-26,2,122.86,Paid
O018009,C0594,P0018,2026-08-26,3,260.13,Paid
O018010,C0064,P0030,2026-08-26,1,16.01,Organic
O018011,C0164,P0031,2026-08-26,1,29.85,Email
O018012,C0257,P0028,2026-08-26,2,45.44,Email
O018013,C0508,P0037,2026-08-26,3,246.93,Paid
O018014,C0264,P0037,2026-08-26,1,82.31,Paid
O018015,C0131,P0033,2026-08-26,2,167.96,Paid
O018016,C0625,P0035,2026-08-26,2,192.86,Paid
O018017,C0756,P0014,2026-08-26,2,122.86,Referral
O018018,C0330,P0015,2026-08-26,3,156.9,Paid
O018019,C0548,P0011,2026-08-26,1,43.82,Paid
O018020,C0769,P0019,2026-08-26,3,238.77,Paid
O018021,C0282,P0023,2026-08-26,2,250.92,Paid
O018022,C0436,P0029,2026-08-26,1,22.89,Paid
O018023,C0323,P0025,2026-08-26,1,46.06,Email
O018024,C0346,P0031,2026-08-26,3,89.55,Paid
O018025,C0085,P0026,2026-08-26,1,17.86,Paid
O018026,C0709,P0025,2026-08-26,1,46.06,Organic
O018027,C0447,P0033,2026-08-26,3,251.94,Organic
O018028,C0474,P0035,2026-08-26,2,192.86,Paid
O018029,C0283,P0036,2026-08-26,2,57.06,Paid
O018030,C0646,P0006,2026-08-26,3,477.6,Paid
O018031,C0090,P0015,2026-08-26,1,52.3,Paid
O018032,C0210,P0026,2026-08-26,3,53.58,Paid
O018033,C0624,P0038,2026-08-26,1,103.02,Paid
O018034,C0015,P0034,2026-08-26,1,93.55,Paid
O018035,C0643,P0007,2026-08-26,3,185.94,Organic
O018036,C0402,P0014,2026-08-26,3,184.29,Organic
O018037,C0029,P0028,2026-08-26,2,45.44,Paid
O018038,C0364,P0032,2026-08-26,3,32.97,Paid
O018039,C0664,P0031,2026-08-26,1,29.85,Organic
O018040,C0396,P0037,2026-08-26,2,164.62,Paid
O018041,C0684,P0010,2026-08-27,3,109.59,Paid
O018042,C0586,P0016,2026-08-27,1,29.82,Paid
O018043,C0761,P0013,2026-08-27,2,86.52,Organic
O018044,C0768,P0014,2026-08-27,3,184.29,Organic
O018045,C0038,P0018,2026-08-27,1,86.71,Paid
O018046,C0743,P0024,2026-08-27,1,106.97,Paid
O018047,C0503,P0031,2026-08-27,3,89.55,Organic
O018048,C0752,P0025,2026-08-27,3,138.18,Paid
O018049,C0435,P0030,2026-08-27,1,16.01,Paid
O018050,C0442,P0030,2026-08-27,3,48.03,Paid
O018051,C0741,P0032,2026-08-27,3,32.97,Referral
O018052,C0293,P0036,2026-08-27,1,28.53,Paid
O018053,C0795,P0038,2026-08-27,1,103.02,Paid
O018054,C0142,P0036,2026-08-27,1,28.53,Paid
O018055,C0410,P0001,2026-08-27,1,313.86,Organic
O018056,C0548,P0005,2026-08-27,3,529.65,Paid
O018057,C0246,P0005,2026-08-27,1,176.55,Paid
O018058,C0201,P0003,2026-08-27,1,97.97,Email
O018059,C0244,P0014,2026-08-27,1,61.43,Organic
O018060,C0226,P0020,2026-08-27,2,225.46,Paid
O018061,C0128,P0027,2026-08-27,1,44.96,Organic
O018062,C0135,P0032,2026-08-27,3,32.97,Email
O018063,C0047,P0031,2026-08-27,2,59.7,Email
O018064,C0055,P0032,2026-08-27,2,21.98,Paid
O018065,C0737,P0035,2026-08-27,2,192.86,Paid
O018066,C0130,P0004,2026-08-27,3,353.1,Paid
O018067,C0669,P0004,2026-08-27,1,117.7,Paid
O018068,C0579,P0007,2026-08-27,3,185.94,Paid
O018069,C0536,P0004,2026-08-27,3,353.1,Organic
O018070,C0767,P0014,2026-08-27,3,184.29,Paid
O018071,C0476,P0016,2026-08-27,2,59.64,Paid
O018072,C0001,P0024,2026-08-27,1,106.97,Paid
O018073,C0623,P0020,2026-08-27,3,338.19,Paid
O018074,C0531,P0023,2026-08-27,2,250.92,Email
O018075,C0669,P0017,2026-08-27,1,123.38,Paid
O018076,C0114,P0023,2026-08-27,1,125.46,Referral
O018077,C0077,P0020,2026-08-27,3,338.19,Paid
O018078,C0439,P0029,2026-08-27,2,45.78,Organic
O018079,C0288,P0029,2026-08-27,2,45.78,Organic
O018080,C0449,P0028,2026-08-27,3,68.16,Paid
O018081,C0668,P0032,2026-08-27,3,32.97,Paid
O018082,C0713,P0028,2026-08-27,1,22.72,Paid
O018083,C0353,P0031,2026-08-27,2,59.7,Paid
O018084,C0449,P0039,2026-08-27,3,56.34,Email
O018085,C0216,P0034,2026-08-27,1,93.55,Organic
O018086,C0646,P0035,2026-08-27,3,289.29,Paid
O018087,C0068,P0012,2026-08-27,3,119.79,Email
O018088,C0798,P0020,2026-08-27,3,338.19,Paid
O018089,C0733,P0022,2026-08-27,3,391.14,Organic
O018090,C0375,P0021,2026-08-27,3,353.34,Paid
O018091,C0665,P0037,2026-08-27,2,164.62,Email
O018092,C0396,P0037,2026-08-27,3,246.93,Email
O018093,C0252,P0036,2026-08-27,1,28.53,Email
O018094,C0617,P0002,2026-08-28,1,224.66,Paid
O018095,C0569,P0010,2026-08-28,3,109.59,Organic
O018096,C0176,P0021,2026-08-28,2,235.56,Paid
O018097,C0454,P0027,2026-08-28,3,134.88,Email
O018098,C0121,P0007,2026-08-28,2,123.96,Paid
O018099,C0282,P0016,2026-08-28,2,59.64,Organic
O018100,C0553,P0028,2026-08-28,2,45.44,Paid
O018101,C0756,P0034,2026-08-28,1,93.55,Paid
O018102,C0281,P0033,2026-08-28,3,251.94,Paid
O018103,C0219,P0039,2026-08-28,1,18.78,Paid
O018104,C0527,P0006,2026-08-28,2,318.4,Organic
O018105,C0577,P0021,2026-08-28,2,235.56,Paid
O018106,C0509,P0029,2026-08-28,2,45.78,Paid
O018107,C0268,P0036,2026-08-28,2,57.06,Email
O018108,C0196,P0033,2026-08-28,1,83.98,Paid
O018109,C0572,P0035,2026-08-28,3,289.29,Paid
O018110,C0475,P0034,2026-08-28,3,280.65,Paid
O018111,C0515,P0003,2026-08-28,2,195.94,Organic
O018112,C0401,P0001,2026-08-28,3,941.58,Paid
O018113,C0117,P0013,2026-08-28,3,129.78,Organic
O018114,C0115,P0023,2026-08-28,3,376.38,Email
O018115,C0597,P0023,2026-08-28,2,250.92,Email
O018116,C0005,P0023,2026-08-28,1,125.46,Organic
O018117,C0379,P0005,2026-08-29,3,529.65,Email
O018118,C0601,P0012,2026-08-29,1,39.93,Email
O018119,C0118,P0010,2026-08-29,1,36.53,Paid
O018120,C0569,P0011,2026-08-29,1,43.82,Email
O018121,C0038,P0016,2026-08-29,2,59.64,Paid
O018122,C0332,P0015,2026-08-29,1,52.3,Referral
O018123,C0677,P0020,2026-08-29,3,338.19,Email
O018124,C0797,P0019,2026-08-29,1,79.59,Paid
O018125,C0684,P0018,2026-08-29,2,173.42,Organic
O018126,C0046,P0029,2026-08-29,1,22.89,Paid
O018127,C0621,P0034,2026-08-29,2,187.1,Email
O018128,C0019,P0001,2026-08-29,1,313.86,Paid
O018129,C0387,P0004,2026-08-29,2,235.4,Paid
O018130,C0328,P0007,2026-08-29,2,123.96,Organic
O018131,C0489,P0006,2026-08-29,1,159.2,Organic
O018132,C0387,P0006,2026-08-29,3,477.6,Paid
O018133,C0182,P0008,2026-08-29,1,186.3,Paid
O018134,C0338,P0006,2026-08-29,1,159.2,Paid
O018135,C0769,P0014,2026-08-29,2,122.86,Paid
O018136,C0384,P0012,2026-08-29,1,39.93,Email
O018137,C0780,P0014,2026-08-29,1,61.43,Paid
O018138,C0681,P0023,2026-08-29,3,376.38,Paid
O018139,C0267,P0023,2026-08-29,2,250.92,Paid
O018140,C0598,P0020,2026-08-29,2,225.46,Paid
O018141,C0639,P0030,2026-08-29,2,32.02,Paid
O018142,C0095,P0027,2026-08-29,1,44.96,Paid
O018143,C0333,P0026,2026-08-29,3,53.58,Paid
O018144,C0250,P0028,2026-08-29,1,22.72,Paid
O018145,C0599,P0029,2026-08-29,1,22.89,Paid
O018146,C0007,P0040,2026-08-29,2,70.6,Paid
O018147,C0353,P0004,2026-08-29,2,235.4,Paid
O018148,C0010,P0006,2026-08-29,3,477.6,Paid
O018149,C0627,P0006,2026-08-29,3,477.6,Referral
O018150,C0476,P0003,2026-08-29,3,293.91,Organic
O018151,C0637,P0011,2026-08-29,3,131.46,Paid
O018152,C0708,P0010,2026-08-29,1,36.53,Paid
O018153,C0211,P0011,2026-08-29,1,43.82,Paid
O018154,C0220,P0012,2026-08-29,1,39.93,Organic
O018155,C0238,P0013,2026-08-29,3,129.78,Paid
O018156,C0196,P0024,2026-08-29,3,320.91,Email
O018157,C0755,P0019,2026-08-29,3,238.77,Email
O018158,C0130,P0018,2026-08-29,2,173.42,Paid
O018159,C0077,P0025,2026-08-29,1,46.06,Paid
O018160,C0032,P0031,2026-08-29,1,29.85,Paid
O018161,C0211,P0027,2026-08-29,3,134.88,Paid
O018162,C0475,P0030,2026-08-29,3,48.03,Email
O018163,C0315,P0028,2026-08-29,1,22.72,Paid
O018164,C0012,P0036,2026-08-29,1,28.53,Paid
O018165,C0720,P0034,2026-08-29,3,280.65,Paid
O018166,C0356,P0021,2026-08-29,2,235.56,Organic
O018167,C0628,P0030,2026-08-29,3,48.03,Email
O018168,C0340,P0030,2026-08-29,2,32.02,Email
O018169,C0465,P0033,2026-08-29,3,251.94,Email
O018170,C0362,P0037,2026-08-29,3,246.93,Email
O018171,C0541,P0038,2026-08-29,3,309.06,Organic
O018172,C0074,P0001,2026-08-30,1,313.86,Email
O018173,C0454,P0001,2026-08-30,2,627.72,Paid
O018174,C0269,P0005,2026-08-30,1,176.55,Paid
O018175,C0435,P0006,2026-08-30,2,318.4,Paid
O018176,C0064,P0013,2026-08-30,1,43.26,Organic
O018177,C0508,P0023,2026-08-30,1,125.46,Paid
O018178,C0132,P0021,2026-08-30,1,117.78,Paid
O018179,C0687,P0024,2026-08-30,2,213.94,Paid
O018180,C0641,P0028,2026-08-30,1,22.72,Paid
O018181,C0094,P0026,2026-08-30,1,17.86,Paid
O018182,C0212,P0028,2026-08-30,1,22.72,Paid
O018183,C0203,P0033,2026-08-30,1,83.98,Paid
O018184,C0440,P0039,2026-08-30,2,37.56,Referral
O018185,C0355,P0036,2026-08-30,1,28.53,Email
O018186,C0129,P0036,2026-08-30,3,85.59,Referral
O018187,C0171,P0002,2026-08-30,1,224.66,Paid
O018188,C0484,P0001,2026-08-30,2,627.72,Paid
O018189,C0489,P0011,2026-08-30,1,43.82,Paid
O018190,C0692,P0009,2026-08-30,2,97.3,Paid
O018191,C0267,P0012,2026-08-30,1,39.93,Paid
O018192,C0709,P0009,2026-08-30,2,97.3,Paid
O018193,C0604,P0010,2026-08-30,2,73.06,Paid
O018194,C0014,P0014,2026-08-30,1,61.43,Paid
O018195,C0072,P0017,2026-08-30,2,246.76,Paid
O018196,C0079,P0017,2026-08-30,3,370.14,Paid
O018197,C0144,P0019,2026-08-30,3,238.77,Paid
O018198,C0254,P0030,2026-08-30,3,48.03,Paid
O018199,C0285,P0026,2026-08-30,1,17.86,Paid
O018200,C0683,P0036,2026-08-30,2,57.06,Organic
O018201,C0226,P0038,2026-08-30,3,309.06,Organic
O018202,C0449,P0007,2026-08-30,2,123.96,Organic
O018203,C0413,P0014,2026-08-30,1,61.43,Paid
O018204,C0031,P0015,2026-08-30,1,52.3,Email
O018205,C0713,P0022,2026-08-30,1,130.38,Paid
O018206,C0032,P0020,2026-08-30,1,112.73,Paid
O018207,C0272,P0031,2026-08-30,1,29.85,Paid
O018208,C0572,P0025,2026-08-30,2,92.12,Paid
O018209,C0054,P0032,2026-08-30,3,32.97,Paid
O018210,C0130,P0032,2026-08-30,2,21.98,Organic
O018211,C0620,P0035,2026-08-30,2,192.86,Paid
O018212,C0422,P0034,2026-08-30,2,187.1,Paid
O018213,C0001,P0033,2026-08-30,1,83.98,Paid
O018214,C0009,P0004,2026-08-30,2,235.4,Paid
O018215,C0705,P0006,2026-08-30,1,159.2,Referral
O018216,C0344,P0006,2026-08-30,1,159.2,Organic
O018217,C0520,P0009,2026-08-30,2,97.3,Organic
O018218,C0643,P0010,2026-08-30,1,36.53,Organic
O018219,C0541,P0015,2026-08-30,1,52.3,Paid
O018220,C0069,P0027,2026-08-30,2,89.92,Paid
O018221,C0643,P0026,2026-08-30,2,35.72,Organic
O018222,C0111,P0029,2026-08-30,2,45.78,Paid
O018223,C0207,P0039,2026-08-30,3,56.34,Paid
O018224,C0676,P0039,2026-08-30,2,37.56,Email
O018225,C0176,P0007,2026-08-31,3,185.94,Paid
O018226,C0366,P0003,2026-08-31,1,97.97,Paid
O018227,C0212,P0002,2026-08-31,2,449.32,Paid
O018228,C0679,P0012,2026-08-31,3,119.79,Paid
O018229,C0648,P0011,2026-08-31,3,131.46,Paid
O018230,C0368,P0014,2026-08-31,2,122.86,Paid
O018231,C0343,P0012,2026-08-31,3,119.79,Paid
O018232,C0303,P0023,2026-08-31,3,376.38,Paid
O018233,C0284,P0018,2026-08-31,3,260.13,Paid
O018234,C0203,P0021,2026-08-31,1,117.78,Paid
O018235,C0723,P0026,2026-08-31,2,35.72,Email
O018236,C0074,P0025,2026-08-31,1,46.06,Email
O018237,C0193,P0034,2026-08-31,1,93.55,Referral
O018238,C0074,P0038,2026-08-31,2,206.04,Organic
O018239,C0359,P0001,2026-08-31,1,313.86,Paid
O018240,C0121,P0004,2026-08-31,2,235.4,Paid
O018241,C0683,P0011,2026-08-31,2,87.64,Referral
O018242,C0557,P0015,2026-08-31,2,104.6,Paid
O018243,C0376,P0029,2026-08-31,1,22.89,Paid
O018244,C0246,P0032,2026-08-31,3,32.97,Paid
O018245,C0382,P0028,2026-08-31,1,22.72,Paid
O018246,C0640,P0030,2026-08-31,1,16.01,Paid
O018247,C0244,P0040,2026-08-31,1,35.3,Paid
O018248,C0387,P0040,2026-08-31,3,105.9,Paid
O018249,C0612,P0039,2026-08-31,3,56.34,Paid
O018250,C0144,P0040,2026-08-31,2,70.6,Paid
O018251,C0778,P0001,2026-08-31,1,313.86,Paid
O018252,C0770,P0007,2026-08-31,1,61.98,Paid
O018253,C0720,P0016,2026-08-31,3,89.46,Referral
O018254,C0631,P0016,2026-08-31,2,59.64,Organic
O018255,C0613,P0009,2026-08-31,1,48.65,Email
O018256,C0369,P0011,2026-08-31,1,43.82,Paid
O018257,C0668,P0022,2026-08-31,2,260.76,Email
O018258,C0649,P0029,2026-08-31,3,68.67,Paid
O018259,C0183,P0030,2026-08-31,1,16.01,Paid
O018260,C0646,P0027,2026-08-31,1,44.96,Email
O018261,C0653,P0028,2026-08-31,3,68.16,Email
O018262,C0192,P0037,2026-08-31,3,246.93,Organic
O018263,C0172,P0035,2026-08-31,3,289.29,Paid
O018264,C0396,P0007,2026-08-31,2,123.96,Organic
O018265,C0314,P0011,2026-08-31,3,131.46,Paid
O018266,C0452,P0017,2026-08-31,2,246.76,Paid
O018267,C0745,P0023,2026-08-31,1,125.46,Organic
O018268,C0525,P0036,2026-08-31,2,57.06,Email
